Sample,Learner,Weight
Sample 0,Time-MoE,0.5
Sample 0,Moirai,0.5
Sample 1,Time-MoE,0.5
Sample 1,Moirai,0.5
Sample 2,Time-MoE,0.5
Sample 2,Moirai,0.5
Sample 3,Time-MoE,0.5
Sample 3,Moirai,0.5
Sample 4,Time-MoE,0.5
Sample 4,Moirai,0.5
Sample 5,Time-MoE,0.5
Sample 5,Moirai,0.5
Sample 6,Time-MoE,0.5
Sample 6,Moirai,0.5
Sample 7,Time-MoE,0.5
Sample 7,Moirai,0.5
Sample 8,Time-MoE,0.5
Sample 8,Moirai,0.5
Sample 9,Time-MoE,0.5
Sample 9,Moirai,0.5
Sample 10,Time-MoE,0.5
Sample 10,Moirai,0.5
Sample 11,Time-MoE,0.5
Sample 11,Moirai,0.5
Sample 12,Time-MoE,0.5
Sample 12,Moirai,0.5
Sample 13,Time-MoE,0.5
Sample 13,Moirai,0.5
Sample 14,Time-MoE,0.5
Sample 14,Moirai,0.5
Sample 15,Time-MoE,0.5
Sample 15,Moirai,0.5
Sample 16,Time-MoE,0.5
Sample 16,Moirai,0.5
Sample 17,Time-MoE,0.5
Sample 17,Moirai,0.5
Sample 18,Time-MoE,0.5
Sample 18,Moirai,0.5
Sample 19,Time-MoE,0.5
Sample 19,Moirai,0.5
Sample 20,Time-MoE,0.5
Sample 20,Moirai,0.5
Sample 21,Time-MoE,0.5
Sample 21,Moirai,0.5
Sample 22,Time-MoE,0.5
Sample 22,Moirai,0.5
Sample 23,Time-MoE,0.5
Sample 23,Moirai,0.5
Sample 24,Time-MoE,0.5
Sample 24,Moirai,0.5
Sample 25,Time-MoE,0.5
Sample 25,Moirai,0.5
Sample 26,Time-MoE,0.5
Sample 26,Moirai,0.5
Sample 27,Time-MoE,0.5
Sample 27,Moirai,0.5
Sample 28,Time-MoE,0.5
Sample 28,Moirai,0.5
Sample 29,Time-MoE,0.5
Sample 29,Moirai,0.5
Sample 30,Time-MoE,0.5
Sample 30,Moirai,0.5
Sample 31,Time-MoE,0.5
Sample 31,Moirai,0.5
Sample 0,Timer,0.5
Sample 0,TimesFM,0.5
Sample 1,Timer,0.5
Sample 1,TimesFM,0.5
Sample 2,Timer,0.5
Sample 2,TimesFM,0.5
Sample 3,Timer,0.5
Sample 3,TimesFM,0.5
Sample 4,Timer,0.5
Sample 4,TimesFM,0.5
Sample 5,Timer,0.5
Sample 5,TimesFM,0.5
Sample 6,Timer,0.5
Sample 6,TimesFM,0.5
Sample 7,Timer,0.5
Sample 7,TimesFM,0.5
Sample 8,Timer,0.5
Sample 8,TimesFM,0.5
Sample 9,Timer,0.5
Sample 9,TimesFM,0.5
Sample 10,Timer,0.5
Sample 10,TimesFM,0.5
Sample 11,Timer,0.5
Sample 11,TimesFM,0.5
Sample 12,Timer,0.5
Sample 12,TimesFM,0.5
Sample 13,Timer,0.5
Sample 13,TimesFM,0.5
Sample 14,Timer,0.5
Sample 14,TimesFM,0.5
Sample 15,Timer,0.5
Sample 15,TimesFM,0.5
Sample 16,Timer,0.5
Sample 16,TimesFM,0.5
Sample 17,Timer,0.5
Sample 17,TimesFM,0.5
Sample 18,Timer,0.5
Sample 18,TimesFM,0.5
Sample 19,Timer,0.5
Sample 19,TimesFM,0.5
Sample 20,Timer,0.5
Sample 20,TimesFM,0.5
Sample 21,Timer,0.5
Sample 21,TimesFM,0.5
Sample 22,Timer,0.5
Sample 22,TimesFM,0.5
Sample 23,Timer,0.5
Sample 23,TimesFM,0.5
Sample 24,Timer,0.5
Sample 24,TimesFM,0.5
Sample 25,Timer,0.5
Sample 25,TimesFM,0.5
Sample 26,Timer,0.5
Sample 26,TimesFM,0.5
Sample 27,Timer,0.5
Sample 27,TimesFM,0.5
Sample 28,Timer,0.5
Sample 28,TimesFM,0.5
Sample 29,Timer,0.5
Sample 29,TimesFM,0.5
Sample 30,Timer,0.5
Sample 30,TimesFM,0.5
Sample 31,Timer,0.5
Sample 31,TimesFM,0.5
Sample 0,Chronos,0.5000153183937073
Sample 0,Moirai,0.4999846816062927
Sample 1,Chronos,0.5000318288803101
Sample 1,Timer,0.49996817111968994
Sample 2,Chronos,0.5000239610671997
Sample 2,Timer,0.4999760091304779
Sample 3,Chronos,0.5000277161598206
Sample 3,Timer,0.49997231364250183
Sample 4,Chronos,0.5000281929969788
Sample 4,Timer,0.49997180700302124
Sample 5,Chronos,0.5000271201133728
Sample 5,Timer,0.4999729096889496
Sample 6,Chronos,0.5000227093696594
Sample 6,Timer,0.49997732043266296
Sample 7,Chronos,0.5000232458114624
Sample 7,Timer,0.49997678399086
Sample 8,Chronos,0.500011146068573
Sample 8,Moirai,0.4999888241291046
Sample 9,Chronos,0.5000330209732056
Sample 9,Timer,0.4999670088291168
Sample 10,Chronos,0.5000225305557251
Sample 10,Timer,0.4999774694442749
Sample 11,Chronos,0.5000162720680237
Sample 11,Timer,0.4999837279319763
Sample 12,Chronos,0.5000134706497192
Sample 12,Moirai,0.4999864995479584
Sample 13,Chronos,0.5000368356704712
Sample 13,Timer,0.4999631941318512
Sample 14,Chronos,0.500034749507904
Sample 14,Timer,0.49996528029441833
Sample 15,Chronos,0.5000211596488953
Sample 15,Timer,0.4999788701534271
Sample 16,Chronos,0.5000280737876892
Sample 16,Timer,0.4999719560146332
Sample 17,Chronos,0.5000306367874146
Sample 17,Timer,0.49996939301490784
Sample 18,Chronos,0.5000171661376953
Sample 18,Timer,0.4999828636646271
Sample 19,Chronos,0.5000311732292175
Sample 19,Timer,0.49996885657310486
Sample 20,Chronos,0.5000177025794983
Sample 20,Moirai,0.4999822676181793
Sample 21,Chronos,0.5000339150428772
Sample 21,Timer,0.4999661147594452
Sample 22,Chronos,0.5000200271606445
Sample 22,Timer,0.49997997283935547
Sample 23,Chronos,0.5000360608100891
Sample 23,Timer,0.4999639391899109
Sample 24,Chronos,0.5000126957893372
Sample 24,Moirai,0.49998730421066284
Sample 25,Chronos,0.5000306367874146
Sample 25,Timer,0.49996933341026306
Sample 26,Chronos,0.500022292137146
Sample 26,Timer,0.4999776780605316
Sample 27,Chronos,0.5000224709510803
Sample 27,Timer,0.49997755885124207
Sample 28,Chronos,0.5000214576721191
Sample 28,Moirai,0.49997851252555847
Sample 29,Chronos,0.5000316500663757
Sample 29,Timer,0.49996837973594666
Sample 30,Chronos,0.5000288486480713
Sample 30,Timer,0.4999711811542511
Sample 31,Chronos,0.5000244379043579
Sample 31,Timer,0.4999755918979645
Sample 0,Moirai,0.5000097155570984
Sample 0,Chronos,0.499990314245224
Sample 1,Chronos,0.5000287294387817
Sample 1,Moirai,0.49997127056121826
Sample 2,Chronos,0.5000227093696594
Sample 2,Moirai,0.49997732043266296
Sample 3,Chronos,0.5000209212303162
Sample 3,Moirai,0.4999791085720062
Sample 4,Chronos,0.5000234842300415
Sample 4,Moirai,0.4999764859676361
Sample 5,Chronos,0.5000028014183044
Sample 5,Moirai,0.49999719858169556
Sample 6,Chronos,0.5000036358833313
Sample 6,Moirai,0.4999963939189911
Sample 7,Chronos,0.500007688999176
Sample 7,Moirai,0.4999922811985016
Sample 8,Moirai,0.5000192523002625
Sample 8,Chronos,0.49998077750205994
Sample 9,Chronos,0.5000349283218384
Sample 9,Moirai,0.499965101480484
Sample 10,Chronos,0.5000120401382446
Sample 10,Moirai,0.49998795986175537
Sample 11,Chronos,0.5000330209732056
Sample 11,Timer,0.49996694922447205
Sample 12,Moirai,0.5000077486038208
Sample 12,Chronos,0.4999922215938568
Sample 13,Chronos,0.5000379085540771
Sample 13,Timer,0.49996212124824524
Sample 14,Chronos,0.500028133392334
Sample 14,Timer,0.4999718964099884
Sample 15,Moirai,0.5000131726264954
Sample 15,Chronos,0.49998679757118225
Sample 16,Moirai,0.5000160932540894
Sample 16,Chronos,0.49998393654823303
Sample 17,Chronos,0.500027596950531
Sample 17,Timer,0.4999723732471466
Sample 18,Chronos,0.5000149607658386
Sample 18,Moirai,0.49998506903648376
Sample 19,Chronos,0.5000201463699341
Sample 19,Moirai,0.4999798834323883
Sample 20,Chronos,0.5000035762786865
Sample 20,Moirai,0.49999645352363586
Sample 21,Chronos,0.5000418424606323
Sample 21,Timer,0.4999581277370453
Sample 22,Chronos,0.50002521276474
Sample 22,Moirai,0.4999748170375824
Sample 23,Chronos,0.5000123381614685
Sample 23,Moirai,0.4999876618385315
Sample 24,Moirai,0.5000183582305908
Sample 24,Chronos,0.49998167157173157
Sample 25,Chronos,0.5000381469726562
Sample 25,Timer,0.49996188282966614
Sample 26,Moirai,0.5000048279762268
Sample 26,Chronos,0.4999951720237732
Sample 27,Chronos,0.5000365376472473
Sample 27,Timer,0.4999634921550751
Sample 28,Moirai,0.5000155568122864
Sample 28,Chronos,0.49998441338539124
Sample 29,Chronos,0.5000439882278442
Sample 29,Timer,0.49995601177215576
Sample 30,Chronos,0.5000335574150085
Sample 30,Timer,0.49996647238731384
Sample 31,Moirai,0.500010073184967
Sample 31,Chronos,0.49998995661735535
Sample 0,Moirai,0.5000399351119995
Sample 0,Chronos,0.4999600648880005
Sample 1,Chronos,0.5000147223472595
Sample 1,Moirai,0.49998530745506287
Sample 2,Moirai,0.5000126361846924
Sample 2,Chronos,0.49998733401298523
Sample 3,Chronos,0.5000128746032715
Sample 3,Moirai,0.4999871551990509
Sample 4,Moirai,0.5000293850898743
Sample 4,Chronos,0.4999706447124481
Sample 5,Chronos,0.5000249743461609
Sample 5,Timer,0.4999750554561615
Sample 6,Chronos,0.500018298625946
Sample 6,Moirai,0.49998170137405396
Sample 7,Moirai,0.5000329613685608
Sample 7,Chronos,0.4999670684337616
Sample 8,Moirai,0.5000473856925964
Sample 8,Chronos,0.49995264410972595
Sample 9,Chronos,0.5000126361846924
Sample 9,Moirai,0.4999873638153076
Sample 10,Moirai,0.5000094175338745
Sample 10,Chronos,0.4999906122684479
Sample 11,Moirai,0.5000066161155701
Sample 11,Chronos,0.4999934136867523
Sample 12,Moirai,0.5000256299972534
Sample 12,Chronos,0.49997439980506897
Sample 13,Chronos,0.5000016093254089
Sample 13,Moirai,0.4999983608722687
Sample 14,Moirai,0.5000063180923462
Sample 14,Chronos,0.4999936521053314
Sample 15,Moirai,0.5000061988830566
Sample 15,Chronos,0.49999383091926575
Sample 16,Moirai,0.500028669834137
Sample 16,Chronos,0.4999713599681854
Sample 17,Chronos,0.5000240206718445
Sample 17,Timer,0.4999759793281555
Sample 18,Chronos,0.5000049471855164
Sample 18,Moirai,0.49999505281448364
Sample 19,Chronos,0.5000172853469849
Sample 19,Timer,0.49998268485069275
Sample 20,Moirai,0.5000436902046204
Sample 20,Chronos,0.49995627999305725
Sample 21,Chronos,0.500019371509552
Sample 21,Moirai,0.4999805986881256
Sample 22,Chronos,0.5000181198120117
Sample 22,Moirai,0.49998190999031067
Sample 23,Moirai,0.5000220537185669
Sample 23,Chronos,0.4999779164791107
Sample 24,Moirai,0.500054121017456
Sample 24,Timer,0.49994587898254395
Sample 25,Chronos,0.5000130534172058
Sample 25,Moirai,0.4999869763851166
Sample 26,Moirai,0.5000026226043701
Sample 26,Chronos,0.49999740719795227
Sample 27,Chronos,0.5000138878822327
Sample 27,Moirai,0.4999861419200897
Sample 28,Moirai,0.5000248551368713
Sample 28,Chronos,0.49997517466545105
Sample 29,Chronos,0.5000166296958923
Sample 29,Moirai,0.49998340010643005
Sample 30,Chronos,0.5000266432762146
Sample 30,Timer,0.4999733865261078
Sample 31,Moirai,0.5000244975090027
Sample 31,Chronos,0.4999755024909973
Sample 0,Moirai,0.5000712871551514
Sample 0,Timer,0.49992871284484863
Sample 1,Moirai,0.5000072717666626
Sample 1,Chronos,0.4999927580356598
Sample 2,Moirai,0.5000351667404175
Sample 2,Timer,0.4999648332595825
Sample 3,Moirai,0.5000006556510925
Sample 3,Chronos,0.49999934434890747
Sample 4,Moirai,0.5000455379486084
Sample 4,Timer,0.4999544322490692
Sample 5,Moirai,0.5000021457672119
Sample 5,Chronos,0.4999978840351105
Sample 6,Moirai,0.5000187754631042
Sample 6,Timer,0.49998125433921814
Sample 7,Moirai,0.5000326633453369
Sample 7,TimesFM,0.4999673664569855
Sample 8,Moirai,0.5000864267349243
Sample 8,Timer,0.4999135434627533
Sample 9,Moirai,0.500009298324585
Sample 9,Chronos,0.49999067187309265
Sample 10,Moirai,0.5000303983688354
Sample 10,Timer,0.49996963143348694
Sample 11,Moirai,0.5000177621841431
Sample 11,Chronos,0.49998220801353455
Sample 12,Moirai,0.5000052452087402
Sample 12,Timer,0.49999478459358215
Sample 13,TimesFM,0.5000002980232239
Sample 13,Moirai,0.4999997317790985
Sample 14,Moirai,0.5000479817390442
Sample 14,TimesFM,0.4999520480632782
Sample 15,Moirai,0.5000682473182678
Sample 15,TimesFM,0.49993178248405457
Sample 16,Moirai,0.5000717639923096
Sample 16,Timer,0.49992820620536804
Sample 17,Moirai,0.5000098943710327
Sample 17,Timer,0.4999901354312897
Sample 18,Moirai,0.5000591278076172
Sample 18,TimesFM,0.4999408721923828
Sample 19,Moirai,0.5000056028366089
Sample 19,Chronos,0.4999944269657135
Sample 20,TimesFM,0.5000017881393433
Sample 20,Timer,0.49999818205833435
Sample 21,Moirai,0.5000035762786865
Sample 21,Timer,0.4999963939189911
Sample 22,Moirai,0.5000044703483582
Sample 22,Timer,0.49999552965164185
Sample 23,Moirai,0.5000571608543396
Sample 23,TimesFM,0.4999428689479828
Sample 24,Moirai,0.5000542998313904
Sample 24,Timer,0.49994567036628723
Sample 25,Moirai,0.5000041723251343
Sample 25,Timer,0.4999958574771881
Sample 26,Moirai,0.5000619888305664
Sample 26,TimesFM,0.499938040971756
Sample 27,Moirai,0.5000042915344238
Sample 27,Chronos,0.4999956786632538
Sample 28,Moirai,0.5000643730163574
Sample 28,TimesFM,0.4999356269836426
Sample 29,Moirai,0.5000184178352356
Sample 29,Timer,0.4999815821647644
Sample 30,Moirai,0.5000414252281189
Sample 30,Timer,0.4999585449695587
Sample 31,Moirai,0.500037670135498
Sample 31,TimesFM,0.49996232986450195
Sample 0,Moirai,0.5000454187393188
Sample 0,Timer,0.49995455145835876
Sample 1,TimesFM,0.5000153183937073
Sample 1,Timer,0.4999847114086151
Sample 2,Moirai,0.5000278949737549
Sample 2,TimesFM,0.4999721348285675
Sample 3,TimesFM,0.5000008940696716
Sample 3,Moirai,0.49999910593032837
Sample 4,Moirai,0.5000399947166443
Sample 4,TimesFM,0.4999600052833557
Sample 5,Moirai,0.5000019669532776
Sample 5,TimesFM,0.4999980330467224
Sample 6,Moirai,0.5000041723251343
Sample 6,TimesFM,0.4999958574771881
Sample 7,Moirai,0.5000417828559875
Sample 7,TimesFM,0.49995818734169006
Sample 8,Moirai,0.5001019239425659
Sample 8,Timer,0.4998980760574341
Sample 9,Moirai,0.5000012516975403
Sample 9,TimesFM,0.49999871850013733
Sample 10,Moirai,0.5000078082084656
Sample 10,TimesFM,0.49999216198921204
Sample 11,Moirai,0.5000035166740417
Sample 11,TimesFM,0.49999651312828064
Sample 12,Moirai,0.5000695586204529
Sample 12,TimesFM,0.4999304413795471
Sample 13,TimesFM,0.5000022053718567
Sample 13,Moirai,0.4999977648258209
Sample 14,TimesFM,0.5000135898590088
Sample 14,Timer,0.4999864399433136
Sample 15,Moirai,0.5000630021095276
Sample 15,TimesFM,0.4999370276927948
Sample 0,Moirai,0.5001277923583984
Sample 0,TimesFM,0.49987223744392395
Sample 1,TimesFM,0.500010073184967
Sample 1,Moirai,0.49998992681503296
Sample 2,Moirai,0.5000350475311279
Sample 2,TimesFM,0.49996498227119446
Sample 3,TimesFM,0.5000066757202148
Sample 3,Moirai,0.49999335408210754
Sample 4,Moirai,0.5000690221786499
Sample 4,TimesFM,0.4999309778213501
Sample 5,TimesFM,0.5000079870223999
Sample 5,Moirai,0.4999920427799225
Sample 6,Moirai,0.5000051259994507
Sample 6,TimesFM,0.49999484419822693
Sample 7,Moirai,0.5000676512718201
Sample 7,TimesFM,0.4999323785305023
Sample 8,Moirai,0.5001053810119629
Sample 8,TimesFM,0.4998945891857147
Sample 9,TimesFM,0.5000107884407043
Sample 9,Moirai,0.49998921155929565
Sample 10,Moirai,0.5000101327896118
Sample 10,TimesFM,0.4999898672103882
Sample 11,TimesFM,0.5000072717666626
Sample 11,Moirai,0.499992698431015
Sample 12,Moirai,0.5000967979431152
Sample 12,TimesFM,0.4999031722545624
Sample 13,TimesFM,0.5000084042549133
Sample 13,Moirai,0.4999915659427643
Sample 14,TimesFM,0.5000131130218506
Sample 14,Moirai,0.4999868869781494
Sample 15,Moirai,0.5000705122947693
Sample 15,TimesFM,0.4999294579029083
Sample 16,Moirai,0.500137448310852
Sample 16,TimesFM,0.49986255168914795
Sample 17,Moirai,0.5000024437904358
Sample 17,TimesFM,0.4999975860118866
Sample 18,Moirai,0.5000848770141602
Sample 18,TimesFM,0.49991512298583984
Sample 19,Moirai,0.5000044703483582
Sample 19,TimesFM,0.49999552965164185
Sample 20,Moirai,0.5000775456428528
Sample 20,TimesFM,0.4999224543571472
Sample 21,Moirai,0.5000123381614685
Sample 21,TimesFM,0.4999876916408539
Sample 22,Moirai,0.5000537037849426
Sample 22,TimesFM,0.499946266412735
Sample 23,Moirai,0.5000601410865784
Sample 23,TimesFM,0.49993985891342163
Sample 24,Moirai,0.5001369118690491
Sample 24,TimesFM,0.4998631179332733
Sample 25,TimesFM,0.5000054240226746
Sample 25,Moirai,0.49999454617500305
Sample 26,Moirai,0.500034511089325
Sample 26,TimesFM,0.49996551871299744
Sample 27,Moirai,0.5000488758087158
Sample 27,TimesFM,0.49995115399360657
Sample 28,Moirai,0.5000766515731812
Sample 28,TimesFM,0.49992337822914124
Sample 29,TimesFM,0.5000109672546387
Sample 29,Moirai,0.49998900294303894
Sample 30,TimesFM,0.5000108480453491
Sample 30,Moirai,0.49998918175697327
Sample 31,Moirai,0.5000239610671997
Sample 31,TimesFM,0.4999760091304779
Sample 0,Moirai,0.5001083612442017
Sample 0,Timer,0.49989157915115356
Sample 1,TimesFM,0.5000048875808716
Sample 1,Moirai,0.4999951422214508
Sample 2,Moirai,0.5000897645950317
Sample 2,TimesFM,0.49991023540496826
Sample 3,Moirai,0.5000039935112
Sample 3,TimesFM,0.49999600648880005
Sample 4,Moirai,0.500041127204895
Sample 4,TimesFM,0.4999588429927826
Sample 5,TimesFM,0.5000067353248596
Sample 5,Timer,0.499993234872818
Sample 6,Moirai,0.5000237822532654
Sample 6,TimesFM,0.499976247549057
Sample 7,Moirai,0.500108003616333
Sample 7,TimesFM,0.499891996383667
Sample 8,Moirai,0.5001318454742432
Sample 8,TimesFM,0.4998682141304016
Sample 9,TimesFM,0.5000038146972656
Sample 9,Timer,0.49999621510505676
Sample 10,Moirai,0.5000228881835938
Sample 10,TimesFM,0.49997708201408386
Sample 11,Moirai,0.5000261068344116
Sample 11,TimesFM,0.4999738931655884
Sample 12,Moirai,0.5000857710838318
Sample 12,TimesFM,0.4999142289161682
Sample 13,Moirai,0.500009298324585
Sample 13,TimesFM,0.4999907314777374
Sample 14,TimesFM,0.5000203251838684
Sample 14,Timer,0.499979704618454
Sample 15,Moirai,0.5000611543655396
Sample 15,TimesFM,0.49993884563446045
Sample 16,Moirai,0.5001799464225769
Sample 16,TimesFM,0.4998200535774231
Sample 17,Moirai,0.5000003576278687
Sample 17,TimesFM,0.49999967217445374
Sample 18,Moirai,0.500056803226471
Sample 18,TimesFM,0.49994322657585144
Sample 19,TimesFM,0.5000007152557373
Sample 19,Moirai,0.4999992847442627
Sample 20,Moirai,0.5000298023223877
Sample 20,TimesFM,0.4999701976776123
Sample 21,Moirai,0.5000027418136597
Sample 21,TimesFM,0.49999722838401794
Sample 22,Moirai,0.5000180602073669
Sample 22,TimesFM,0.49998193979263306
Sample 23,Moirai,0.5000803470611572
Sample 23,TimesFM,0.4999196231365204
Sample 24,Moirai,0.5000748634338379
Sample 24,TimesFM,0.4999251067638397
Sample 25,TimesFM,0.500007152557373
Sample 25,Timer,0.49999287724494934
Sample 26,Moirai,0.5000060200691223
Sample 26,TimesFM,0.4999939799308777
Sample 27,TimesFM,0.5000013709068298
Sample 27,Timer,0.49999862909317017
Sample 28,Moirai,0.5001205801963806
Sample 28,TimesFM,0.4998793601989746
Sample 29,Moirai,0.5000021457672119
Sample 29,TimesFM,0.4999978244304657
Sample 30,TimesFM,0.5000250935554504
Sample 30,Timer,0.49997490644454956
Sample 31,Moirai,0.5000991225242615
Sample 31,TimesFM,0.49990084767341614
Sample 0,Moirai,0.500164806842804
Sample 0,TimesFM,0.49983516335487366
Sample 1,Timer,0.5000004172325134
Sample 1,Moirai,0.49999961256980896
Sample 2,Moirai,0.5000622272491455
Sample 2,Timer,0.4999377727508545
Sample 3,TimesFM,0.5000026226043701
Sample 3,Time-MoE,0.49999740719795227
Sample 4,Moirai,0.5000578165054321
Sample 4,TimesFM,0.4999421536922455
Sample 5,TimesFM,0.5000067949295044
Sample 5,Time-MoE,0.4999931752681732
Sample 6,TimesFM,0.5000000596046448
Sample 6,Timer,0.49999991059303284
Sample 7,Moirai,0.5000851154327393
Sample 7,TimesFM,0.49991491436958313
Sample 8,Moirai,0.5001972317695618
Sample 8,TimesFM,0.49980270862579346
Sample 9,Timer,0.5000001788139343
Sample 9,Time-MoE,0.4999997913837433
Sample 10,Moirai,0.5000391006469727
Sample 10,TimesFM,0.49996086955070496
Sample 11,Moirai,0.5000260472297668
Sample 11,TimesFM,0.49997398257255554
Sample 12,Moirai,0.5001144409179688
Sample 12,TimesFM,0.49988555908203125
Sample 13,Time-MoE,0.5000042915344238
Sample 13,Timer,0.49999573826789856
Sample 14,Moirai,0.5000287294387817
Sample 14,TimesFM,0.49997130036354065
Sample 15,Moirai,0.5000795722007751
Sample 15,TimesFM,0.49992039799690247
Sample 16,Moirai,0.5000540018081665
Sample 16,Timer,0.4999459981918335
Sample 17,Time-MoE,0.5000008344650269
Sample 17,Timer,0.49999919533729553
Sample 18,Moirai,0.5000705122947693
Sample 18,TimesFM,0.4999294579029083
Sample 19,Moirai,0.5000457167625427
Sample 19,TimesFM,0.49995431303977966
Sample 20,Moirai,0.5001394748687744
Sample 20,TimesFM,0.4998605251312256
Sample 21,Time-MoE,0.5000001192092896
Sample 21,Timer,0.49999991059303284
Sample 22,Moirai,0.5000244379043579
Sample 22,TimesFM,0.4999755918979645
Sample 23,Moirai,0.5000261664390564
Sample 23,TimesFM,0.499973863363266
Sample 24,Moirai,0.5001789331436157
Sample 24,TimesFM,0.49982109665870667
Sample 25,Time-MoE,0.5000002384185791
Sample 25,Timer,0.4999997615814209
Sample 26,Moirai,0.5000771284103394
Sample 26,TimesFM,0.49992290139198303
Sample 27,Moirai,0.5000099539756775
Sample 27,Time-MoE,0.4999900460243225
Sample 28,Moirai,0.5001201629638672
Sample 28,TimesFM,0.4998798072338104
Sample 29,Moirai,0.5000090003013611
Sample 29,Time-MoE,0.49999096989631653
Sample 30,TimesFM,0.5000051856040955
Sample 30,Time-MoE,0.49999478459358215
Sample 31,Moirai,0.5000971555709839
Sample 31,TimesFM,0.49990278482437134
Sample 0,Moirai,0.5001969933509827
Sample 0,TimesFM,0.49980300664901733
Sample 1,Time-MoE,0.5000040531158447
Sample 1,Timer,0.49999597668647766
Sample 2,Moirai,0.5000359416007996
Sample 2,Timer,0.49996402859687805
Sample 3,Moirai,0.500002384185791
Sample 3,Timer,0.49999764561653137
Sample 4,Moirai,0.5000295042991638
Sample 4,Time-MoE,0.4999704957008362
Sample 5,Moirai,0.5000911951065063
Sample 5,Timer,0.49990880489349365
Sample 6,Moirai,0.50009685754776
Sample 6,Timer,0.4999030828475952
Sample 7,Moirai,0.5001110434532166
Sample 7,Time-MoE,0.49988889694213867
Sample 8,Moirai,0.5002128481864929
Sample 8,TimesFM,0.4997871518135071
Sample 9,Time-MoE,0.5000047087669373
Sample 9,Timer,0.49999529123306274
Sample 10,Moirai,0.5000755190849304
Sample 10,Time-MoE,0.49992451071739197
Sample 11,Time-MoE,0.5000045299530029
Sample 11,Timer,0.49999549984931946
Sample 12,Moirai,0.500144362449646
Sample 12,TimesFM,0.4998556971549988
Sample 13,Time-MoE,0.5000149011611938
Sample 13,Timer,0.49998512864112854
Sample 14,Time-MoE,0.5000011920928955
Sample 14,Timer,0.4999988079071045
Sample 15,Moirai,0.5001513361930847
Sample 15,TimesFM,0.4998486340045929
Sample 16,Moirai,0.5002028346061707
Sample 16,TimesFM,0.49979716539382935
Sample 17,Time-MoE,0.5000056028366089
Sample 17,Timer,0.4999944269657135
Sample 18,Moirai,0.500077486038208
Sample 18,TimesFM,0.4999225437641144
Sample 19,Time-MoE,0.5000011920928955
Sample 19,Timer,0.4999988079071045
Sample 20,Moirai,0.5001014471054077
Sample 20,TimesFM,0.4998985528945923
Sample 21,Time-MoE,0.5000141859054565
Sample 21,Timer,0.49998578429222107
Sample 22,Moirai,0.500036895275116
Sample 22,Time-MoE,0.4999631345272064
Sample 23,Moirai,0.5000984072685242
Sample 23,TimesFM,0.49990156292915344
Sample 24,Moirai,0.5002003908157349
Sample 24,TimesFM,0.49979954957962036
Sample 25,Time-MoE,0.5000050663948059
Sample 25,Timer,0.4999949634075165
Sample 26,Moirai,0.5001142621040344
Sample 26,TimesFM,0.4998856782913208
Sample 27,Time-MoE,0.5000093579292297
Sample 27,Timer,0.49999067187309265
Sample 28,Moirai,0.5001726746559143
Sample 28,TimesFM,0.4998272955417633
Sample 29,Time-MoE,0.5000184178352356
Sample 29,Timer,0.4999815821647644
Sample 30,Time-MoE,0.5000107884407043
Sample 30,Timer,0.49998924136161804
Sample 31,Moirai,0.5001636147499084
Sample 31,TimesFM,0.49983635544776917
Sample 0,Moirai,0.5001516938209534
Sample 0,Time-MoE,0.49984830617904663
Sample 1,Time-MoE,0.5000047087669373
Sample 1,Timer,0.49999532103538513
Sample 2,Moirai,0.5000686049461365
Sample 2,Timer,0.4999313950538635
Sample 3,Time-MoE,0.5000053644180298
Sample 3,Timer,0.4999946653842926
Sample 4,Moirai,0.5001481771469116
Sample 4,Time-MoE,0.49985188245773315
Sample 5,Time-MoE,0.500012993812561
Sample 5,Timer,0.49998703598976135
Sample 6,Time-MoE,0.500011682510376
Sample 6,Timer,0.49998828768730164
Sample 7,Moirai,0.5001401901245117
Sample 7,Time-MoE,0.49985986948013306
Sample 8,Moirai,0.5002087354660034
Sample 8,Time-MoE,0.4997912645339966
Sample 9,Time-MoE,0.5000053644180298
Sample 9,Timer,0.4999946355819702
Sample 10,Moirai,0.5000752806663513
Sample 10,Time-MoE,0.4999247193336487
Sample 11,Moirai,0.5000483393669128
Sample 11,Time-MoE,0.49995166063308716
Sample 12,Moirai,0.5001292824745178
Sample 12,Time-MoE,0.4998707175254822
Sample 13,Time-MoE,0.5000006556510925
Sample 13,Moirai,0.49999934434890747
Sample 14,Moirai,0.500025749206543
Sample 14,Time-MoE,0.49997425079345703
Sample 15,Moirai,0.5000190734863281
Sample 15,Time-MoE,0.49998095631599426
Sample 16,Moirai,0.5000951886177063
Sample 16,Timer,0.4999047815799713
Sample 17,Time-MoE,0.500010073184967
Sample 17,Timer,0.49998995661735535
Sample 18,Moirai,0.500000536441803
Sample 18,Time-MoE,0.4999994933605194
Sample 19,Time-MoE,0.5000041127204895
Sample 19,Timer,0.4999958574771881
Sample 20,Moirai,0.5001614689826965
Sample 20,Time-MoE,0.4998385012149811
Sample 21,Time-MoE,0.500006914138794
Sample 21,Timer,0.49999311566352844
Sample 22,Time-MoE,0.5000154376029968
Sample 22,Timer,0.49998459219932556
Sample 23,Moirai,0.5001040697097778
Sample 23,Time-MoE,0.49989593029022217
Sample 24,Moirai,0.5002492070198059
Sample 24,Time-MoE,0.4997508227825165
Sample 25,Time-MoE,0.500006914138794
Sample 25,Timer,0.49999308586120605
Sample 26,Moirai,0.5000290274620056
Sample 26,Timer,0.4999710023403168
Sample 27,Time-MoE,0.5000045895576477
Sample 27,Timer,0.4999954402446747
Sample 28,Moirai,0.5001189112663269
Sample 28,Time-MoE,0.4998810589313507
Sample 29,Time-MoE,0.5000197291374207
Sample 29,Timer,0.49998030066490173
Sample 30,Time-MoE,0.5000214576721191
Sample 30,Timer,0.49997854232788086
Sample 31,Moirai,0.5001020431518555
Sample 31,Time-MoE,0.49989792704582214
Sample 0,Moirai,0.5002397298812866
Sample 0,Time-MoE,0.499760240316391
Sample 1,Timer,0.500007688999176
Sample 1,Time-MoE,0.49999234080314636
Sample 2,Moirai,0.5000610947608948
Sample 2,Time-MoE,0.4999389052391052
Sample 3,Timer,0.5000045895576477
Sample 3,Time-MoE,0.4999953806400299
Sample 4,Moirai,0.5001237988471985
Sample 4,Time-MoE,0.4998762309551239
Sample 5,Time-MoE,0.5000041127204895
Sample 5,Timer,0.4999959170818329
Sample 6,Timer,0.5000001192092896
Sample 6,Moirai,0.49999991059303284
Sample 7,Moirai,0.5000814199447632
Sample 7,Time-MoE,0.4999186098575592
Sample 8,Moirai,0.5002654790878296
Sample 8,Time-MoE,0.499734491109848
Sample 9,Timer,0.500010073184967
Sample 9,Time-MoE,0.49998992681503296
Sample 10,Moirai,0.5000613927841187
Sample 10,Time-MoE,0.49993863701820374
Sample 11,Timer,0.5000033378601074
Sample 11,Chronos,0.4999966323375702
Sample 12,Time-MoE,0.5000006556510925
Sample 12,Timer,0.4999993145465851
Sample 13,Time-MoE,0.5000213980674744
Sample 13,Timer,0.49997860193252563
Sample 14,Moirai,0.5001481175422668
Sample 14,Time-MoE,0.49985194206237793
Sample 15,Moirai,0.5001819133758545
Sample 15,Time-MoE,0.4998180866241455
Sample 16,Moirai,0.500228762626648
Sample 16,Time-MoE,0.49977120757102966
Sample 17,Timer,0.5000120997428894
Sample 17,Time-MoE,0.499987930059433
Sample 18,Moirai,0.5001514554023743
Sample 18,Time-MoE,0.4998485743999481
Sample 19,Timer,0.5000033378601074
Sample 19,Time-MoE,0.4999966621398926
Sample 20,Timer,0.5000020861625671
Sample 20,Time-MoE,0.4999978840351105
Sample 21,Timer,0.5000145435333252
Sample 21,Time-MoE,0.4999854862689972
Sample 22,Time-MoE,0.5000011324882507
Sample 22,Timer,0.49999886751174927
Sample 23,Moirai,0.5001616477966309
Sample 23,Time-MoE,0.49983835220336914
Sample 24,Moirai,0.5001534223556519
Sample 24,Timer,0.49984660744667053
Sample 25,Timer,0.5000138282775879
Sample 25,Time-MoE,0.4999861717224121
Sample 26,Moirai,0.5001192092895508
Sample 26,Time-MoE,0.4998807907104492
Sample 27,Timer,0.5000038743019104
Sample 27,Time-MoE,0.4999960958957672
Sample 28,Moirai,0.500149130821228
Sample 28,Time-MoE,0.49985089898109436
Sample 29,Time-MoE,0.5000013709068298
Sample 29,Moirai,0.49999862909317017
Sample 30,Moirai,0.5001258254051208
Sample 30,Timer,0.49987417459487915
Sample 31,Moirai,0.5000854730606079
Sample 31,Time-MoE,0.4999145567417145
Sample 0,Moirai,0.5000339150428772
Sample 0,Timer,0.4999661147594452
Sample 1,Timer,0.5000157952308655
Sample 1,Chronos,0.4999842047691345
Sample 2,Moirai,0.5000331997871399
Sample 2,Time-MoE,0.4999668300151825
Sample 3,Timer,0.5000211596488953
Sample 3,Chronos,0.49997884035110474
Sample 4,Moirai,0.5000994205474854
Sample 4,Time-MoE,0.4999005198478699
Sample 5,Timer,0.5000233054161072
Sample 5,Chronos,0.4999767243862152
Sample 6,Timer,0.5000043511390686
Sample 6,Chronos,0.4999956786632538
Sample 7,Moirai,0.5001198053359985
Sample 7,Time-MoE,0.49988019466400146
Sample 8,Moirai,0.5002837777137756
Sample 8,Time-MoE,0.49971625208854675
Sample 9,Timer,0.5000148415565491
Sample 9,Chronos,0.4999851584434509
Sample 10,Time-MoE,0.5000007152557373
Sample 10,Timer,0.4999993145465851
Sample 11,Timer,0.5000054240226746
Sample 11,Chronos,0.49999457597732544
Sample 12,Moirai,0.5001811981201172
Sample 12,Time-MoE,0.4998188018798828
Sample 13,Timer,0.5000118017196655
Sample 13,Chronos,0.4999881982803345
Sample 14,Timer,0.5000138282775879
Sample 14,Chronos,0.4999862015247345
Sample 15,Moirai,0.5001916885375977
Sample 15,Time-MoE,0.49980834126472473
Sample 0,Moirai,0.5002999901771545
Sample 0,Chronos,0.49970000982284546
Sample 1,Timer,0.5000095367431641
Sample 1,Chronos,0.4999904930591583
Sample 2,Moirai,0.5000858306884766
Sample 2,Time-MoE,0.49991416931152344
Sample 3,Timer,0.5000044703483582
Sample 3,Chronos,0.49999555945396423
Sample 4,Moirai,0.5001600384712219
Sample 4,Chronos,0.4998399615287781
Sample 5,Timer,0.5000109672546387
Sample 5,Chronos,0.49998900294303894
Sample 6,Chronos,0.5000026226043701
Sample 6,Timer,0.49999740719795227
Sample 7,Moirai,0.5001955032348633
Sample 7,Time-MoE,0.4998044967651367
Sample 8,Moirai,0.5002252459526062
Sample 8,Timer,0.4997748136520386
Sample 9,Timer,0.5000126361846924
Sample 9,Chronos,0.49998739361763
Sample 10,Moirai,0.5000260472297668
Sample 10,Time-MoE,0.49997398257255554
Sample 11,Timer,0.5000132322311401
Sample 11,Chronos,0.49998679757118225
Sample 12,Moirai,0.5002646446228027
Sample 12,Time-MoE,0.49973535537719727
Sample 13,Timer,0.5000150799751282
Sample 13,Chronos,0.49998489022254944
Sample 14,Timer,0.500011146068573
Sample 14,Chronos,0.4999888837337494
Sample 15,Moirai,0.5001925230026245
Sample 15,Time-MoE,0.4998074769973755
Sample 16,Moirai,0.5003395676612854
Sample 16,Time-MoE,0.499660462141037
Sample 17,Timer,0.5000132322311401
Sample 17,Chronos,0.49998676776885986
Sample 18,Moirai,0.500205397605896
Sample 18,Timer,0.499794602394104
Sample 19,Timer,0.5000000596046448
Sample 19,Chronos,0.4999999403953552
Sample 20,Moirai,0.5001624822616577
Sample 20,Chronos,0.4998375475406647
Sample 21,Timer,0.5000146627426147
Sample 21,Chronos,0.49998533725738525
Sample 22,Moirai,0.5001134872436523
Sample 22,Timer,0.49988651275634766
Sample 23,Moirai,0.5001670122146606
Sample 23,Time-MoE,0.49983298778533936
Sample 24,Moirai,0.5003613233566284
Sample 24,Time-MoE,0.4996386766433716
Sample 25,Timer,0.5000068545341492
Sample 25,Chronos,0.49999314546585083
Sample 26,Moirai,0.5000447630882263
Sample 26,Timer,0.49995526671409607
Sample 27,Moirai,0.5001050233840942
Sample 27,Timer,0.499894917011261
Sample 28,Moirai,0.5001959800720215
Sample 28,Time-MoE,0.4998040199279785
Sample 29,Timer,0.5000224709510803
Sample 29,Chronos,0.4999774992465973
Sample 30,Timer,0.5000089406967163
Sample 30,Chronos,0.4999910593032837
Sample 31,Moirai,0.5000989437103271
Sample 31,Time-MoE,0.49990102648735046
Sample 0,Moirai,0.5001850724220276
Sample 0,Timer,0.4998149573802948
Sample 1,Timer,0.5000073909759521
Sample 1,Chronos,0.49999260902404785
Sample 2,Moirai,0.5001788139343262
Sample 2,Timer,0.4998212158679962
Sample 3,Chronos,0.5000057220458984
Sample 3,Timer,0.49999430775642395
Sample 4,Moirai,0.5000993013381958
Sample 4,Time-MoE,0.4999006986618042
Sample 5,Timer,0.5000166296958923
Sample 5,Chronos,0.49998340010643005
Sample 6,Chronos,0.5000045299530029
Sample 6,Timer,0.49999549984931946
Sample 7,Moirai,0.500260591506958
Sample 7,Time-MoE,0.4997393786907196
Sample 8,Moirai,0.5002604722976685
Sample 8,Timer,0.49973949790000916
Sample 9,Timer,0.500009298324585
Sample 9,Chronos,0.4999907314777374
Sample 10,Timer,0.5000120401382446
Sample 10,Moirai,0.49998795986175537
Sample 11,Moirai,0.500015139579773
Sample 11,Timer,0.49998486042022705
Sample 12,Moirai,0.5001794695854187
Sample 12,Timer,0.4998205602169037
Sample 13,Timer,0.5000181794166565
Sample 13,Chronos,0.4999818503856659
Sample 14,Chronos,0.5000167489051819
Sample 14,Timer,0.4999832510948181
Sample 15,Moirai,0.5001627802848816
Sample 15,Time-MoE,0.499837189912796
Sample 16,Moirai,0.5003876686096191
Sample 16,Timer,0.49961236119270325
Sample 17,Timer,0.5000098347663879
Sample 17,Chronos,0.4999901354312897
Sample 18,Moirai,0.5001105666160583
Sample 18,Time-MoE,0.49988943338394165
Sample 19,Chronos,0.5000019669532776
Sample 19,Timer,0.4999980628490448
Sample 20,Moirai,0.5000205039978027
Sample 20,Timer,0.49997949600219727
Sample 21,Timer,0.5000186562538147
Sample 21,Chronos,0.4999813735485077
Sample 22,Moirai,0.5000283122062683
Sample 22,Chronos,0.4999716877937317
Sample 23,Moirai,0.5001822710037231
Sample 23,Time-MoE,0.49981775879859924
Sample 24,Moirai,0.500119149684906
Sample 24,Chronos,0.499880850315094
Sample 25,Timer,0.5000072717666626
Sample 25,Chronos,0.4999927580356598
Sample 26,Timer,0.5000015497207642
Sample 26,Chronos,0.4999984800815582
Sample 27,Timer,0.5000144839286804
Sample 27,Chronos,0.49998554587364197
Sample 28,Moirai,0.5002666711807251
Sample 28,Time-MoE,0.4997333288192749
Sample 29,Timer,0.5000206232070923
Sample 29,Chronos,0.4999793767929077
Sample 30,Chronos,0.5000078082084656
Sample 30,Timer,0.49999216198921204
Sample 31,Moirai,0.5002402663230896
Sample 31,Time-MoE,0.499759703874588
Sample 0,Moirai,0.5003469586372375
Sample 0,TimesFM,0.49965307116508484
Sample 1,Chronos,0.5000024437904358
Sample 1,Timer,0.4999975562095642
Sample 2,Moirai,0.500085175037384
Sample 2,Timer,0.49991482496261597
Sample 3,Chronos,0.5000179409980774
Sample 3,Timer,0.4999820590019226
Sample 4,Moirai,0.500135600566864
Sample 4,TimesFM,0.49986445903778076
Sample 5,Chronos,0.5000036358833313
Sample 5,TimesFM,0.4999963939189911
Sample 6,Timer,0.5000136494636536
Sample 6,Chronos,0.4999863803386688
Sample 7,Moirai,0.5001654624938965
Sample 7,Chronos,0.4998345375061035
Sample 8,Moirai,0.500409722328186
Sample 8,Chronos,0.49959027767181396
Sample 9,Chronos,0.5000088810920715
Sample 9,Timer,0.49999111890792847
Sample 10,Moirai,0.5000052452087402
Sample 10,Chronos,0.49999478459358215
Sample 11,Moirai,0.5000112056732178
Sample 11,Chronos,0.4999888241291046
Sample 12,Moirai,0.5002332925796509
Sample 12,Time-MoE,0.49976667761802673
Sample 13,Timer,0.500002384185791
Sample 13,Chronos,0.499997615814209
Sample 14,Chronos,0.500026524066925
Sample 14,Moirai,0.49997344613075256
Sample 15,Moirai,0.5001808404922485
Sample 15,TimesFM,0.49981915950775146
Sample 16,Moirai,0.5000293254852295
Sample 16,Chronos,0.4999706447124481
Sample 17,Chronos,0.5000091791152954
Sample 17,Timer,0.499990850687027
Sample 18,Moirai,0.5001158118247986
Sample 18,Time-MoE,0.49988415837287903
Sample 19,Moirai,0.5000438094139099
Sample 19,Chronos,0.4999562203884125
Sample 20,Moirai,0.5002670884132385
Sample 20,Time-MoE,0.4997328519821167
Sample 21,Timer,0.5000128149986267
Sample 21,Chronos,0.4999872148036957
Sample 22,Moirai,0.500006914138794
Sample 22,Chronos,0.49999311566352844
Sample 23,Moirai,0.5000365972518921
Sample 23,Chronos,0.4999633729457855
Sample 24,Moirai,0.5003782510757446
Sample 24,TimesFM,0.49962177872657776
Sample 25,Chronos,0.5000128746032715
Sample 25,Timer,0.4999871253967285
Sample 26,Moirai,0.5001444816589355
Sample 26,TimesFM,0.49985557794570923
Sample 27,Timer,0.5000101923942566
Sample 27,Chronos,0.4999898374080658
Sample 28,Moirai,0.5002402663230896
Sample 28,Time-MoE,0.499759703874588
Sample 29,Chronos,0.5000077486038208
Sample 29,Timer,0.4999922215938568
Sample 30,Chronos,0.5000162720680237
Sample 30,Timer,0.4999837577342987
Sample 31,Moirai,0.5002111196517944
Sample 31,Time-MoE,0.4997888505458832
Sample 0,Moirai,0.5003657341003418
Sample 0,TimesFM,0.4996342062950134
Sample 1,Chronos,0.5000180006027222
Sample 1,Timer,0.49998199939727783
Sample 2,Moirai,0.5000368356704712
Sample 2,Chronos,0.4999631643295288
Sample 3,Chronos,0.5000229477882385
Sample 3,Timer,0.49997708201408386
Sample 4,Moirai,0.5000107884407043
Sample 4,Chronos,0.49998921155929565
Sample 5,Moirai,0.5001157522201538
Sample 5,Chronos,0.4998841881752014
Sample 6,Moirai,0.5001354217529297
Sample 6,Chronos,0.4998646080493927
Sample 7,Moirai,0.5001827478408813
Sample 7,TimesFM,0.49981728196144104
Sample 8,Moirai,0.5003759860992432
Sample 8,Chronos,0.4996240735054016
Sample 9,Chronos,0.5000213384628296
Sample 9,Timer,0.4999786913394928
Sample 10,Moirai,0.5001015067100525
Sample 10,Chronos,0.4998984932899475
Sample 11,Chronos,0.5000202655792236
Sample 11,Timer,0.49997976422309875
Sample 12,Moirai,0.5002611875534058
Sample 12,TimesFM,0.49973878264427185
Sample 13,Chronos,0.5000160336494446
Sample 13,Timer,0.4999839961528778
Sample 14,Chronos,0.500015139579773
Sample 14,Timer,0.49998489022254944
Sample 15,Moirai,0.5002758502960205
Sample 15,TimesFM,0.4997241795063019
Sample 16,Moirai,0.5003683567047119
Sample 16,Chronos,0.4996316432952881
Sample 17,Chronos,0.5000087022781372
Sample 17,TimesFM,0.4999912977218628
Sample 18,Moirai,0.500129759311676
Sample 18,TimesFM,0.499870240688324
Sample 19,Chronos,0.5000088810920715
Sample 19,Timer,0.49999114871025085
Sample 20,Moirai,0.5001801252365112
Sample 20,TimesFM,0.49981990456581116
Sample 21,Chronos,0.5000271201133728
Sample 21,Timer,0.4999729096889496
Sample 22,Moirai,0.5000335574150085
Sample 22,Chronos,0.49996644258499146
Sample 23,Moirai,0.5001844763755798
Sample 23,TimesFM,0.4998154938220978
Sample 24,Moirai,0.5003767013549805
Sample 24,TimesFM,0.49962326884269714
Sample 25,Chronos,0.5000247359275818
Sample 25,Timer,0.4999752640724182
Sample 26,Moirai,0.5001903772354126
Sample 26,Chronos,0.499809592962265
Sample 27,Chronos,0.500030517578125
Sample 27,Timer,0.4999695122241974
Sample 28,Moirai,0.5003088712692261
Sample 28,Chronos,0.4996911287307739
Sample 29,Chronos,0.5000224113464355
Sample 29,Timer,0.49997761845588684
Sample 30,Chronos,0.5000295042991638
Sample 30,TimesFM,0.4999704957008362
Sample 31,Moirai,0.5003001093864441
Sample 31,TimesFM,0.4996999204158783
Sample 0,Moirai,0.5002374649047852
Sample 0,Chronos,0.49976250529289246
Sample 1,Chronos,0.5000261068344116
Sample 1,Timer,0.4999738931655884
Sample 2,Moirai,0.5001042485237122
Sample 2,Chronos,0.49989575147628784
Sample 3,Chronos,0.5000313520431519
Sample 3,Timer,0.49996867775917053
Sample 4,Moirai,0.5002384781837463
Sample 4,TimesFM,0.4997614920139313
Sample 5,Chronos,0.5000208616256714
Sample 5,Timer,0.499979168176651
Sample 6,Chronos,0.5000391602516174
Sample 6,Timer,0.4999608099460602
Sample 7,Moirai,0.5002486705780029
Sample 7,TimesFM,0.49975135922431946
Sample 8,Moirai,0.5003811717033386
Sample 8,TimesFM,0.49961885809898376
Sample 9,Chronos,0.5000296235084534
Sample 9,Timer,0.499970406293869
Sample 10,Moirai,0.5001131296157837
Sample 10,TimesFM,0.4998868405818939
Sample 11,Moirai,0.5000904202461243
Sample 11,Chronos,0.49990954995155334
Sample 12,Moirai,0.500211775302887
Sample 12,TimesFM,0.4997882544994354
Sample 13,Moirai,0.5000133514404297
Sample 13,Timer,0.4999866783618927
Sample 14,Moirai,0.5000275373458862
Sample 14,Chronos,0.4999724328517914
Sample 15,Moirai,0.5000723600387573
Sample 15,TimesFM,0.4999276399612427
Sample 16,Moirai,0.5001496076583862
Sample 16,Chronos,0.49985039234161377
Sample 17,Chronos,0.5000301003456116
Sample 17,Timer,0.4999699294567108
Sample 18,Chronos,0.5000016093254089
Sample 18,Moirai,0.4999983608722687
Sample 19,Chronos,0.5000098943710327
Sample 19,Timer,0.4999901354312897
Sample 20,Moirai,0.5002676844596863
Sample 20,TimesFM,0.49973228573799133
Sample 21,Chronos,0.5000118017196655
Sample 21,Timer,0.49998822808265686
Sample 22,Chronos,0.5000308752059937
Sample 22,TimesFM,0.49996915459632874
Sample 23,Moirai,0.5002070069313049
Sample 23,TimesFM,0.4997929632663727
Sample 24,Moirai,0.5004110932350159
Sample 24,Chronos,0.4995889365673065
Sample 25,Chronos,0.5000276565551758
Sample 25,Timer,0.4999723732471466
Sample 26,Moirai,0.5000511407852173
Sample 26,TimesFM,0.4999488890171051
Sample 27,Chronos,0.5000221133232117
Sample 27,Timer,0.49997788667678833
Sample 28,Moirai,0.5002204179763794
Sample 28,TimesFM,0.4997796416282654
Sample 29,Chronos,0.5000081658363342
Sample 29,TimesFM,0.49999186396598816
Sample 30,Chronos,0.5000368356704712
Sample 30,TimesFM,0.4999631941318512
Sample 31,Moirai,0.5001908540725708
Sample 31,TimesFM,0.4998091161251068
Sample 0,Moirai,0.5003839731216431
Sample 0,Chronos,0.4996160566806793
Sample 1,Chronos,0.5000325441360474
Sample 1,Timer,0.49996745586395264
Sample 2,Moirai,0.5000761151313782
Sample 2,Chronos,0.4999239146709442
Sample 3,Chronos,0.5000384449958801
Sample 3,Timer,0.4999615550041199
Sample 4,Moirai,0.5002001523971558
Sample 4,TimesFM,0.49979984760284424
Sample 5,Chronos,0.5000276565551758
Sample 5,TimesFM,0.4999723732471466
Sample 6,Chronos,0.5000274777412415
Sample 6,Moirai,0.49997252225875854
Sample 7,Moirai,0.500153124332428
Sample 7,TimesFM,0.49984684586524963
Sample 8,Moirai,0.5004449486732483
Sample 8,Chronos,0.4995550513267517
Sample 9,Chronos,0.5000278949737549
Sample 9,Timer,0.4999721050262451
Sample 10,Moirai,0.5000885128974915
Sample 10,Chronos,0.49991142749786377
Sample 11,Chronos,0.50003981590271
Sample 11,TimesFM,0.49996015429496765
Sample 12,Chronos,0.5000183582305908
Sample 12,TimesFM,0.4999816417694092
Sample 13,Chronos,0.5000293850898743
Sample 13,TimesFM,0.49997058510780334
Sample 14,Moirai,0.5002338290214539
Sample 14,TimesFM,0.49976614117622375
Sample 15,Moirai,0.5003128051757812
Sample 15,TimesFM,0.49968719482421875
Sample 16,Moirai,0.5003857612609863
Sample 16,TimesFM,0.49961423873901367
Sample 17,Chronos,0.5000224113464355
Sample 17,Timer,0.49997755885124207
Sample 18,Moirai,0.5002605319023132
Sample 18,Chronos,0.49973946809768677
Sample 19,Chronos,0.5000391006469727
Sample 19,TimesFM,0.49996092915534973
Sample 20,Chronos,0.500015139579773
Sample 20,TimesFM,0.49998486042022705
Sample 21,Chronos,0.5000093579292297
Sample 21,Timer,0.4999906122684479
Sample 22,Chronos,0.5000103116035461
Sample 22,TimesFM,0.49998971819877625
Sample 23,Moirai,0.500284731388092
Sample 23,Time-MoE,0.49971526861190796
Sample 24,Moirai,0.5002473592758179
Sample 24,Chronos,0.4997526705265045
Sample 25,Chronos,0.5000247359275818
Sample 25,Timer,0.4999752938747406
Sample 26,Moirai,0.5002147555351257
Sample 26,Time-MoE,0.49978524446487427
Sample 27,Chronos,0.5000391602516174
Sample 27,TimesFM,0.49996086955070496
Sample 28,Moirai,0.5002471804618835
Sample 28,Chronos,0.49975284934043884
Sample 29,Chronos,0.5000303983688354
Sample 29,Moirai,0.49996957182884216
Sample 30,Moirai,0.5002053380012512
Sample 30,Chronos,0.4997946321964264
Sample 31,Moirai,0.5001510977745056
Sample 31,Time-MoE,0.499848872423172
Sample 0,Moirai,0.5000552535057068
Sample 0,Chronos,0.4999447762966156
Sample 1,Chronos,0.5000297427177429
Sample 1,TimesFM,0.4999702274799347
Sample 2,Moirai,0.5000488758087158
Sample 2,Chronos,0.49995115399360657
Sample 3,Chronos,0.5000208020210266
Sample 3,Timer,0.4999792277812958
Sample 4,Moirai,0.5001371502876282
Sample 4,TimesFM,0.4998629093170166
Sample 5,Chronos,0.5000120401382446
Sample 5,Timer,0.49998795986175537
Sample 6,Chronos,0.5000236630439758
Sample 6,TimesFM,0.49997636675834656
Sample 7,Moirai,0.5002074241638184
Sample 7,Time-MoE,0.49979257583618164
Sample 8,Moirai,0.500442624092102
Sample 8,Chronos,0.49955737590789795
Sample 9,Chronos,0.5000300407409668
Sample 9,Timer,0.4999699890613556
Sample 10,Chronos,0.5000203251838684
Sample 10,Time-MoE,0.4999796450138092
Sample 11,Chronos,0.5000388026237488
Sample 11,TimesFM,0.49996116757392883
Sample 12,Moirai,0.5002763271331787
Sample 12,TimesFM,0.49972373247146606
Sample 13,Chronos,0.5000303387641907
Sample 13,TimesFM,0.49996963143348694
Sample 14,Chronos,0.5000273585319519
Sample 14,TimesFM,0.4999726414680481
Sample 15,Moirai,0.5003114938735962
Sample 15,TimesFM,0.4996884763240814
Sample 0,Moirai,0.5004616379737854
Sample 0,Chronos,0.499538391828537
Sample 1,Chronos,0.5000205636024475
Sample 1,TimesFM,0.4999794065952301
Sample 2,Moirai,0.5001158714294434
Sample 2,TimesFM,0.49988409876823425
Sample 3,Chronos,0.5000225901603699
Sample 3,TimesFM,0.4999774396419525
Sample 4,Moirai,0.5002233982086182
Sample 4,TimesFM,0.4997766315937042
Sample 5,Chronos,0.5000190734863281
Sample 5,TimesFM,0.49998095631599426
Sample 6,Chronos,0.5000163316726685
Sample 6,TimesFM,0.49998363852500916
Sample 7,Moirai,0.5003017783164978
Sample 7,TimesFM,0.4996981918811798
Sample 8,Moirai,0.5003488063812256
Sample 8,Chronos,0.499651163816452
Sample 9,Chronos,0.5000219941139221
Sample 9,Timer,0.4999779760837555
Sample 10,Moirai,0.5000334978103638
Sample 10,TimesFM,0.49996647238731384
Sample 11,Chronos,0.5000215768814087
Sample 11,Timer,0.4999783933162689
Sample 12,Moirai,0.5003931522369385
Sample 12,TimesFM,0.49960681796073914
Sample 13,Chronos,0.5000163912773132
Sample 13,Timer,0.4999835789203644
Sample 14,TimesFM,0.5000012516975403
Sample 14,Chronos,0.4999987483024597
Sample 15,Moirai,0.5002968907356262
Sample 15,Time-MoE,0.49970313906669617
Sample 16,Moirai,0.5005150437355042
Sample 16,Time-MoE,0.49948498606681824
Sample 17,Chronos,0.5000183582305908
Sample 17,Timer,0.49998167157173157
Sample 18,Moirai,0.5003039836883545
Sample 18,Chronos,0.4996960461139679
Sample 19,Chronos,0.5000258684158325
Sample 19,TimesFM,0.49997416138648987
Sample 20,Moirai,0.5002320408821106
Sample 20,Chronos,0.499767929315567
Sample 21,Chronos,0.5000119805335999
Sample 21,Timer,0.49998798966407776
Sample 22,Moirai,0.5001609921455383
Sample 22,TimesFM,0.49983903765678406
Sample 23,Moirai,0.5002294182777405
Sample 23,TimesFM,0.4997706115245819
Sample 24,Moirai,0.5005523562431335
Sample 24,Time-MoE,0.49944761395454407
Sample 25,Chronos,0.5000270009040833
Sample 25,TimesFM,0.49997296929359436
Sample 26,Moirai,0.5000758767127991
Sample 26,TimesFM,0.49992409348487854
Sample 27,Moirai,0.5001643300056458
Sample 27,TimesFM,0.49983564019203186
Sample 28,Moirai,0.5002855658531189
Sample 28,Time-MoE,0.4997144341468811
Sample 29,Chronos,0.5000131726264954
Sample 29,Timer,0.49998682737350464
Sample 30,Chronos,0.5000085234642029
Sample 30,TimesFM,0.4999915063381195
Sample 31,Moirai,0.5001681447029114
Sample 31,Time-MoE,0.4998318552970886
Sample 0,Moirai,0.5003054738044739
Sample 0,Timer,0.4996945559978485
Sample 1,Chronos,0.5000101327896118
Sample 1,Timer,0.4999898374080658
Sample 2,Moirai,0.5002548694610596
Sample 2,Time-MoE,0.4997451603412628
Sample 3,Chronos,0.5000199675559998
Sample 3,TimesFM,0.49998003244400024
Sample 4,Moirai,0.50013267993927
Sample 4,Time-MoE,0.49986732006073
Sample 5,Timer,0.5000033974647522
Sample 5,Chronos,0.4999966025352478
Sample 6,Chronos,0.5000083446502686
Sample 6,TimesFM,0.49999168515205383
Sample 7,Moirai,0.5003794431686401
Sample 7,Time-MoE,0.49962058663368225
Sample 8,Moirai,0.5004106760025024
Sample 8,Chronos,0.49958935379981995
Sample 9,Chronos,0.5000075697898865
Sample 9,Timer,0.4999924600124359
Sample 10,Moirai,0.5000043511390686
Sample 10,Timer,0.4999956488609314
Sample 11,Moirai,0.5000375509262085
Sample 11,Time-MoE,0.4999624490737915
Sample 12,Moirai,0.5002465844154358
Sample 12,Time-MoE,0.4997534453868866
Sample 13,Timer,0.5000078082084656
Sample 13,Chronos,0.4999922215938568
Sample 14,Chronos,0.5000116229057312
Sample 14,TimesFM,0.4999883770942688
Sample 15,Moirai,0.5002357959747314
Sample 15,Time-MoE,0.49976423382759094
Sample 16,Moirai,0.5005826950073242
Sample 16,Time-MoE,0.4994173049926758
Sample 17,Chronos,0.5000062584877014
Sample 17,Timer,0.4999937117099762
Sample 18,Moirai,0.5001491904258728
Sample 18,Time-MoE,0.4998508095741272
Sample 19,Chronos,0.500020444393158
Sample 19,TimesFM,0.49997952580451965
Sample 20,Moirai,0.5000487565994263
Sample 20,TimesFM,0.4999512732028961
Sample 21,Timer,0.5000070333480835
Sample 21,Chronos,0.4999929666519165
Sample 22,Moirai,0.5000178813934326
Sample 22,TimesFM,0.4999821186065674
Sample 23,Moirai,0.5002544522285461
Sample 23,Time-MoE,0.49974557757377625
Sample 24,Moirai,0.5001908540725708
Sample 24,Chronos,0.4998091459274292
Sample 25,Chronos,0.5000156760215759
Sample 25,Timer,0.4999843239784241
Sample 26,TimesFM,0.5000064373016357
Sample 26,Time-MoE,0.49999359250068665
Sample 27,Chronos,0.5000004768371582
Sample 27,Timer,0.4999994933605194
Sample 28,Moirai,0.5003749132156372
Sample 28,Time-MoE,0.4996250867843628
Sample 29,Timer,0.50001060962677
Sample 29,Chronos,0.4999893605709076
Sample 30,TimesFM,0.5000109672546387
Sample 30,Chronos,0.49998903274536133
Sample 31,Moirai,0.50035160779953
Sample 31,Time-MoE,0.49964842200279236
Sample 0,Moirai,0.5004944801330566
Sample 0,Time-MoE,0.49950554966926575
Sample 1,Timer,0.5000115633010864
Sample 1,Chronos,0.4999884068965912
Sample 2,Moirai,0.5001224875450134
Sample 2,Timer,0.4998775124549866
Sample 3,Chronos,0.5000103116035461
Sample 3,TimesFM,0.49998971819877625
Sample 4,Moirai,0.5002050399780273
Sample 4,TimesFM,0.49979496002197266
Sample 5,TimesFM,0.5000064969062805
Sample 5,Time-MoE,0.4999935030937195
Sample 6,Timer,0.5000123977661133
Sample 6,Time-MoE,0.4999876320362091
Sample 7,Moirai,0.5002332925796509
Sample 7,Time-MoE,0.4997667074203491
Sample 8,Moirai,0.5005748271942139
Sample 8,Time-MoE,0.4994252026081085
Sample 9,Timer,0.5000005960464478
Sample 9,Chronos,0.49999943375587463
Sample 10,Moirai,0.5000301003456116
Sample 10,Chronos,0.49996986985206604
Sample 11,Moirai,0.5000293850898743
Sample 11,Chronos,0.49997061491012573
Sample 12,Moirai,0.5003144145011902
Sample 12,Time-MoE,0.4996855854988098
Sample 13,Timer,0.500018298625946
Sample 13,Chronos,0.49998170137405396
Sample 14,Chronos,0.5000064373016357
Sample 14,TimesFM,0.49999359250068665
Sample 15,Moirai,0.5002506971359253
Sample 15,Time-MoE,0.4997493326663971
Sample 16,Moirai,0.50007563829422
Sample 16,Timer,0.4999243915081024
Sample 17,Chronos,0.5000012516975403
Sample 17,Timer,0.4999987781047821
Sample 18,Moirai,0.500139057636261
Sample 18,Time-MoE,0.499860942363739
Sample 19,Moirai,0.5000916719436646
Sample 19,TimesFM,0.49990832805633545
Sample 20,Moirai,0.5003554224967957
Sample 20,Time-MoE,0.49964457750320435
Sample 21,Timer,0.5000336170196533
Sample 21,Chronos,0.49996641278266907
Sample 22,Moirai,0.5000134110450745
Sample 22,Chronos,0.4999866187572479
Sample 23,Moirai,0.5000350475311279
Sample 23,Time-MoE,0.49996495246887207
Sample 24,Moirai,0.500540018081665
Sample 24,Time-MoE,0.4994599521160126
Sample 25,Chronos,0.500008761882782
Sample 25,Timer,0.4999912679195404
Sample 26,Moirai,0.5002018213272095
Sample 26,TimesFM,0.4997981786727905
Sample 27,Timer,0.500015377998352
Sample 27,Chronos,0.49998465180397034
Sample 28,Moirai,0.5003238916397095
Sample 28,Time-MoE,0.4996761083602905
Sample 29,Timer,0.500004231929779
Sample 29,Chronos,0.49999573826789856
Sample 30,Chronos,0.5000026226043701
Sample 30,TimesFM,0.4999973475933075
Sample 31,Moirai,0.5002890825271606
Sample 31,Time-MoE,0.49971088767051697
Sample 0,Moirai,0.5005289912223816
Sample 0,Time-MoE,0.4994710087776184
Sample 1,Timer,0.500019907951355
Sample 1,Chronos,0.4999801218509674
Sample 2,Moirai,0.5000688433647156
Sample 2,Timer,0.4999311864376068
Sample 3,Timer,0.5000104904174805
Sample 3,Chronos,0.4999895393848419
Sample 4,Moirai,0.5000463128089905
Sample 4,Chronos,0.49995365738868713
Sample 5,Moirai,0.5002080798149109
Sample 5,Timer,0.4997919201850891
Sample 6,Moirai,0.5002167820930481
Sample 6,TimesFM,0.4997832775115967
Sample 7,Moirai,0.5002458691596985
Sample 7,Time-MoE,0.4997541308403015
Sample 8,Moirai,0.5005692839622498
Sample 8,TimesFM,0.49943068623542786
Sample 9,Timer,0.5000093579292297
Sample 9,Chronos,0.49999067187309265
Sample 10,Moirai,0.5001452565193176
Sample 10,Time-MoE,0.49985477328300476
Sample 11,Timer,0.5000004172325134
Sample 11,Chronos,0.4999995529651642
Sample 12,Moirai,0.5003722310066223
Sample 12,Time-MoE,0.4996277987957001
Sample 13,Timer,0.5000150799751282
Sample 13,Chronos,0.4999849498271942
Sample 14,TimesFM,0.5000051259994507
Sample 14,Chronos,0.4999949038028717
Sample 15,Moirai,0.5003854036331177
Sample 15,Time-MoE,0.49961456656455994
Sample 16,Moirai,0.50054931640625
Sample 16,Time-MoE,0.4994506537914276
Sample 17,TimesFM,0.5000045299530029
Sample 17,Time-MoE,0.49999549984931946
Sample 18,Moirai,0.5001773238182068
Sample 18,Time-MoE,0.4998226463794708
Sample 19,Timer,0.5000154376029968
Sample 19,Chronos,0.49998459219932556
Sample 20,Moirai,0.5002342462539673
Sample 20,Time-MoE,0.4997657835483551
Sample 21,Chronos,0.5000067353248596
Sample 21,TimesFM,0.49999329447746277
Sample 22,Moirai,0.5000713467597961
Sample 22,Time-MoE,0.49992868304252625
Sample 23,Moirai,0.5002623796463013
Sample 23,Time-MoE,0.49973759055137634
Sample 24,Moirai,0.5005342960357666
Sample 24,Time-MoE,0.4994657635688782
Sample 25,Timer,0.5000046491622925
Sample 25,Chronos,0.4999953806400299
Sample 26,Moirai,0.5002672076225281
Sample 26,Time-MoE,0.4997327923774719
Sample 27,Chronos,0.5000081062316895
Sample 27,TimesFM,0.49999189376831055
Sample 28,Moirai,0.5004315972328186
Sample 28,Time-MoE,0.4995684027671814
Sample 29,Timer,0.5000060200691223
Sample 29,Chronos,0.4999940097332001
Sample 30,Chronos,0.5000026226043701
Sample 30,TimesFM,0.49999740719795227
Sample 31,Moirai,0.5004258751869202
Sample 31,Time-MoE,0.4995741546154022
Sample 0,Moirai,0.5003771185874939
Sample 0,TimesFM,0.4996229112148285
Sample 1,Timer,0.5000237226486206
Sample 1,Chronos,0.4999763071537018
Sample 2,Moirai,0.5001513361930847
Sample 2,Timer,0.49984869360923767
Sample 3,Timer,0.5000097155570984
Sample 3,Chronos,0.499990314245224
Sample 4,Moirai,0.5003462433815002
Sample 4,TimesFM,0.49965378642082214
Sample 5,Timer,0.5000317096710205
Sample 5,Chronos,0.4999683201313019
Sample 6,Timer,0.5000031590461731
Sample 6,Chronos,0.4999968111515045
Sample 7,Moirai,0.500341534614563
Sample 7,Time-MoE,0.4996584355831146
Sample 8,Moirai,0.5005367398262024
Sample 8,Timer,0.4994633197784424
Sample 9,Timer,0.5000207424163818
Sample 9,Chronos,0.49997928738594055
Sample 10,Moirai,0.5001799464225769
Sample 10,Time-MoE,0.4998200535774231
Sample 11,Moirai,0.5001521110534668
Sample 11,Timer,0.4998478591442108
Sample 12,Moirai,0.5003058314323425
Sample 12,Time-MoE,0.49969416856765747
Sample 13,Moirai,0.5000102519989014
Sample 13,Timer,0.49998974800109863
Sample 14,Moirai,0.5000618696212769
Sample 14,TimesFM,0.49993813037872314
Sample 15,Moirai,0.5000845193862915
Sample 15,Time-MoE,0.4999154806137085
Sample 16,Moirai,0.500231921672821
Sample 16,Timer,0.49976810812950134
Sample 17,Timer,0.500012993812561
Sample 17,Chronos,0.49998703598976135
Sample 18,Moirai,0.5000043511390686
Sample 18,Timer,0.499995619058609
Sample 19,Timer,0.5000270009040833
Sample 19,Chronos,0.49997302889823914
Sample 20,Moirai,0.500360906124115
Sample 20,Time-MoE,0.499639093875885
Sample 21,Timer,0.5000432133674622
Sample 21,Chronos,0.49995681643486023
Sample 22,Chronos,0.5000052452087402
Sample 22,TimesFM,0.49999478459358215
Sample 23,Moirai,0.5002814531326294
Sample 23,Time-MoE,0.4997185468673706
Sample 24,Moirai,0.5006144046783447
Sample 24,TimesFM,0.4993855953216553
Sample 25,Timer,0.5000239014625549
Sample 25,Chronos,0.49997612833976746
Sample 26,Moirai,0.5000861287117004
Sample 26,Timer,0.4999138414859772
Sample 27,Timer,0.5000133514404297
Sample 27,Chronos,0.4999866783618927
Sample 28,Moirai,0.5003134608268738
Sample 28,Time-MoE,0.4996865391731262
Sample 29,Timer,0.5000107288360596
Sample 29,TimesFM,0.49998927116394043
Sample 30,Chronos,0.5000040531158447
Sample 30,Timer,0.4999959170818329
Sample 31,Moirai,0.5002695322036743
Sample 31,Time-MoE,0.4997304677963257
Sample 0,Moirai,0.5005648136138916
Sample 0,TimesFM,0.4994351863861084
Sample 1,Timer,0.5000271201133728
Sample 1,Chronos,0.4999728798866272
Sample 2,Moirai,0.500153124332428
Sample 2,Time-MoE,0.49984684586524963
Sample 3,Timer,0.5000123381614685
Sample 3,Chronos,0.4999876618385315
Sample 4,Moirai,0.5002707242965698
Sample 4,Time-MoE,0.4997292757034302
Sample 5,Timer,0.5000282526016235
Sample 5,TimesFM,0.49997177720069885
Sample 6,Moirai,0.5000135898590088
Sample 6,Timer,0.4999863803386688
Sample 7,Moirai,0.5002210736274719
Sample 7,Time-MoE,0.49977895617485046
Sample 8,Moirai,0.5006434321403503
Sample 8,Time-MoE,0.49935653805732727
Sample 9,Timer,0.5000340938568115
Sample 9,Chronos,0.4999659061431885
Sample 10,Moirai,0.5001446604728699
Sample 10,Time-MoE,0.4998553395271301
Sample 11,Timer,0.5000126361846924
Sample 11,Chronos,0.49998733401298523
Sample 12,Time-MoE,0.5000221729278564
Sample 12,Timer,0.49997785687446594
Sample 13,Time-MoE,0.5000112652778625
Sample 13,Timer,0.49998876452445984
Sample 14,Moirai,0.5003300309181213
Sample 14,TimesFM,0.49966999888420105
Sample 15,Moirai,0.5004346370697021
Sample 15,Time-MoE,0.49956536293029785
Sample 16,Moirai,0.5005566477775574
Sample 16,Time-MoE,0.49944332242012024
Sample 17,Timer,0.500043511390686
Sample 17,Chronos,0.49995648860931396
Sample 18,Moirai,0.5003526210784912
Sample 18,Time-MoE,0.4996474087238312
Sample 19,Timer,0.5000147223472595
Sample 19,Chronos,0.4999852776527405
Sample 20,Timer,0.5000016689300537
Sample 20,TimesFM,0.4999983310699463
Sample 21,Timer,0.5000624060630798
Sample 21,TimesFM,0.49993759393692017
Sample 22,Time-MoE,0.5000077486038208
Sample 22,Timer,0.4999922215938568
Sample 23,Moirai,0.5003870129585266
Sample 23,Time-MoE,0.499612957239151
Sample 24,Moirai,0.5003718733787537
Sample 24,Timer,0.49962812662124634
Sample 25,Timer,0.5000373125076294
Sample 25,Chronos,0.4999626874923706
Sample 26,Moirai,0.5002837777137756
Sample 26,Time-MoE,0.49971628189086914
Sample 27,Timer,0.5000050067901611
Sample 27,Chronos,0.49999502301216125
Sample 28,Moirai,0.500333845615387
Sample 28,Time-MoE,0.4996661841869354
Sample 29,Timer,0.5000002384185791
Sample 29,Moirai,0.4999997913837433
Sample 30,Moirai,0.500282347202301
Sample 30,Timer,0.49971771240234375
Sample 31,Moirai,0.5001950263977051
Sample 31,Time-MoE,0.4998049736022949
Sample 0,Moirai,0.5001095533370972
Sample 0,Timer,0.49989041686058044
Sample 1,Timer,0.500022828578949
Sample 1,Chronos,0.4999772012233734
Sample 2,Moirai,0.5000621676445007
Sample 2,Time-MoE,0.49993783235549927
Sample 3,Timer,0.5000379085540771
Sample 3,Chronos,0.49996212124824524
Sample 4,Moirai,0.5001850724220276
Sample 4,Time-MoE,0.4998149275779724
Sample 5,Timer,0.5000492930412292
Sample 5,TimesFM,0.49995070695877075
Sample 6,Chronos,0.500006914138794
Sample 6,Timer,0.49999311566352844
Sample 7,Moirai,0.5002837181091309
Sample 7,Time-MoE,0.4997163414955139
Sample 8,Moirai,0.5006406903266907
Sample 8,TimesFM,0.49935927987098694
Sample 9,Timer,0.5000286102294922
Sample 9,Chronos,0.4999714195728302
Sample 10,Time-MoE,0.5000145435333252
Sample 10,Moirai,0.4999854266643524
Sample 11,Timer,0.5000072121620178
Sample 11,Chronos,0.49999281764030457
Sample 12,Moirai,0.5003868341445923
Sample 12,Time-MoE,0.4996131956577301
Sample 13,Timer,0.5000240802764893
Sample 13,Chronos,0.49997594952583313
Sample 14,Chronos,0.5000010132789612
Sample 14,Timer,0.4999990165233612
Sample 15,Moirai,0.5004397630691528
Sample 15,Time-MoE,0.4995601773262024
Sample 0,Moirai,0.5006781816482544
Sample 0,Chronos,0.49932175874710083
Sample 1,Timer,0.5000166296958923
Sample 1,Chronos,0.49998340010643005
Sample 2,Moirai,0.5001592040061951
Sample 2,Time-MoE,0.49984076619148254
Sample 3,Timer,0.5000019669532776
Sample 3,Chronos,0.4999980628490448
Sample 4,Moirai,0.5003149509429932
Sample 4,Time-MoE,0.49968504905700684
Sample 5,Timer,0.5000271797180176
Sample 5,Chronos,0.4999728500843048
Sample 6,Chronos,0.5000025033950806
Sample 6,Time-MoE,0.4999975264072418
Sample 7,Moirai,0.5004211664199829
Sample 7,Time-MoE,0.4995788633823395
Sample 8,Moirai,0.500514566898346
Sample 8,Timer,0.49948546290397644
Sample 9,Timer,0.5000256896018982
Sample 9,Chronos,0.4999743402004242
Sample 10,Moirai,0.5000525116920471
Sample 10,Time-MoE,0.49994751811027527
Sample 11,Timer,0.5000245571136475
Sample 11,Chronos,0.4999754726886749
Sample 12,Moirai,0.5005437731742859
Sample 12,Time-MoE,0.4994562566280365
Sample 13,Timer,0.5000360608100891
Sample 13,Chronos,0.4999639093875885
Sample 14,Time-MoE,0.500004768371582
Sample 14,TimesFM,0.49999523162841797
Sample 15,Moirai,0.5004096031188965
Sample 15,Time-MoE,0.4995904266834259
Sample 16,Moirai,0.5007045865058899
Sample 16,Time-MoE,0.4992954134941101
Sample 17,Timer,0.5000322461128235
Sample 17,Chronos,0.4999677240848541
Sample 18,Moirai,0.50040602684021
Sample 18,Timer,0.49959397315979004
Sample 19,Timer,0.5000026226043701
Sample 19,Chronos,0.49999740719795227
Sample 20,Moirai,0.5003407597541809
Sample 20,Time-MoE,0.4996592700481415
Sample 21,Timer,0.5000396370887756
Sample 21,Chronos,0.49996039271354675
Sample 22,Moirai,0.5002210140228271
Sample 22,Time-MoE,0.49977898597717285
Sample 23,Moirai,0.5003392696380615
Sample 23,Time-MoE,0.49966076016426086
Sample 24,Moirai,0.5007622838020325
Sample 24,Timer,0.49923765659332275
Sample 25,Timer,0.5000163316726685
Sample 25,Chronos,0.49998366832733154
Sample 26,Moirai,0.5001184344291687
Sample 26,Timer,0.4998815655708313
Sample 27,Moirai,0.5002471208572388
Sample 27,Timer,0.49975284934043884
Sample 28,Moirai,0.5003821849822998
Sample 28,Time-MoE,0.4996177852153778
Sample 29,Timer,0.500042200088501
Sample 29,Chronos,0.4999578297138214
Sample 30,Time-MoE,0.5000035762786865
Sample 30,Chronos,0.49999645352363586
Sample 31,Moirai,0.5002372860908508
Sample 31,Time-MoE,0.49976271390914917
Sample 0,Moirai,0.5004248023033142
Sample 0,Timer,0.4995752274990082
Sample 1,Timer,0.5000258684158325
Sample 1,Chronos,0.4999741315841675
Sample 2,Moirai,0.5003395676612854
Sample 2,Time-MoE,0.499660462141037
Sample 3,Chronos,0.500001072883606
Sample 3,Timer,0.49999892711639404
Sample 4,Moirai,0.5001853108406067
Sample 4,Time-MoE,0.4998146593570709
Sample 5,Timer,0.500041127204895
Sample 5,TimesFM,0.49995890259742737
Sample 6,Moirai,0.5000028014183044
Sample 6,Chronos,0.49999722838401794
Sample 7,Moirai,0.5005243420600891
Sample 7,Time-MoE,0.4994756579399109
Sample 8,Moirai,0.5005723834037781
Sample 8,Time-MoE,0.4994276165962219
Sample 9,Timer,0.5000297427177429
Sample 9,Chronos,0.4999702274799347
Sample 10,Timer,0.500004768371582
Sample 10,Moirai,0.49999526143074036
Sample 11,Moirai,0.5000495910644531
Sample 11,Timer,0.49995043873786926
Sample 12,Moirai,0.5003265142440796
Sample 12,Time-MoE,0.4996735453605652
Sample 13,Timer,0.5000472664833069
Sample 13,TimesFM,0.4999527633190155
Sample 14,Chronos,0.5000259280204773
Sample 14,TimesFM,0.4999740719795227
Sample 15,Moirai,0.5003323554992676
Sample 15,Time-MoE,0.4996677041053772
Sample 16,Moirai,0.5008014440536499
Sample 16,Time-MoE,0.4991985857486725
Sample 17,Timer,0.5000298023223877
Sample 17,Chronos,0.4999702274799347
Sample 18,Moirai,0.5002013444900513
Sample 18,Time-MoE,0.49979862570762634
Sample 19,Timer,0.5000057816505432
Sample 19,Chronos,0.4999942183494568
Sample 20,Moirai,0.5000654458999634
Sample 20,Timer,0.49993452429771423
Sample 21,Timer,0.5000483393669128
Sample 21,TimesFM,0.49995166063308716
Sample 22,Moirai,0.5000279545783997
Sample 22,Time-MoE,0.49997207522392273
Sample 23,Moirai,0.5003536939620972
Sample 23,Time-MoE,0.49964630603790283
Sample 24,Moirai,0.5002741813659668
Sample 24,Time-MoE,0.4997258484363556
Sample 25,Timer,0.5000149607658386
Sample 25,Chronos,0.49998506903648376
Sample 26,Time-MoE,0.5000179409980774
Sample 26,TimesFM,0.4999820291996002
Sample 27,Timer,0.5000309944152832
Sample 27,Chronos,0.4999690055847168
Sample 28,Moirai,0.5005095601081848
Sample 28,Time-MoE,0.4994904398918152
Sample 29,Timer,0.500049889087677
Sample 29,Chronos,0.499950110912323
Sample 30,Time-MoE,0.5000007748603821
Sample 30,TimesFM,0.4999992251396179
Sample 31,Moirai,0.5004857182502747
Sample 31,Time-MoE,0.49951428174972534
Sample 0,Moirai,0.5006853938102722
Sample 0,Time-MoE,0.4993146061897278
Sample 1,Timer,0.5000302791595459
Sample 1,Chronos,0.4999697208404541
Sample 2,Moirai,0.5001544952392578
Sample 2,Timer,0.4998454749584198
Sample 3,Chronos,0.5000088214874268
Sample 3,Timer,0.49999120831489563
Sample 4,Moirai,0.5003126859664917
Sample 4,Time-MoE,0.4996872842311859
Sample 5,Time-MoE,0.5000102519989014
Sample 5,TimesFM,0.499989777803421
Sample 6,Timer,0.5000262260437012
Sample 6,Time-MoE,0.49997374415397644
Sample 7,Moirai,0.5003242492675781
Sample 7,Time-MoE,0.4996757507324219
Sample 8,Moirai,0.5007969737052917
Sample 8,Time-MoE,0.49920302629470825
Sample 9,Timer,0.5000162124633789
Sample 9,Chronos,0.4999837875366211
Sample 10,Moirai,0.5000545978546143
Sample 10,Chronos,0.49994543194770813
Sample 11,Moirai,0.5000430345535278
Sample 11,Chronos,0.49995696544647217
Sample 12,Moirai,0.500432550907135
Sample 12,Time-MoE,0.499567449092865
Sample 13,Timer,0.5000385642051697
Sample 13,TimesFM,0.4999614655971527
Sample 14,Chronos,0.5000012516975403
Sample 14,Moirai,0.4999987483024597
Sample 15,Moirai,0.5003553628921509
Sample 15,Time-MoE,0.4996446371078491
Sample 16,Moirai,0.5001166462898254
Sample 16,Timer,0.49988335371017456
Sample 17,Timer,0.5000139474868774
Sample 17,Chronos,0.49998608231544495
Sample 18,Moirai,0.5001863837242126
Sample 18,Time-MoE,0.49981364607810974
Sample 19,Moirai,0.5001393556594849
Sample 19,Timer,0.49986064434051514
Sample 20,Moirai,0.5004831552505493
Sample 20,Time-MoE,0.4995168149471283
Sample 21,Timer,0.500055730342865
Sample 21,TimesFM,0.4999442994594574
Sample 22,Moirai,0.5000109076499939
Sample 22,Chronos,0.4999891221523285
Sample 23,Moirai,0.500052273273468
Sample 23,Time-MoE,0.4999476969242096
Sample 24,Moirai,0.5007483959197998
Sample 24,Time-MoE,0.4992516338825226
Sample 25,Timer,0.5000011324882507
Sample 25,Chronos,0.49999889731407166
Sample 26,Moirai,0.5002745985984802
Sample 26,Time-MoE,0.4997254014015198
Sample 27,Timer,0.5000259876251221
Sample 27,Chronos,0.49997398257255554
Sample 28,Moirai,0.500447154045105
Sample 28,Time-MoE,0.4995528757572174
Sample 29,Timer,0.5000153183937073
Sample 29,TimesFM,0.4999846816062927
Sample 30,Chronos,0.500005304813385
Sample 30,Time-MoE,0.4999946653842926
Sample 31,Moirai,0.5004048347473145
Sample 31,Time-MoE,0.49959516525268555
Sample 0,Moirai,0.5007312297821045
Sample 0,Time-MoE,0.4992687404155731
Sample 1,Timer,0.5000185966491699
Sample 1,Chronos,0.49998143315315247
Sample 2,Moirai,0.5001111626625061
Sample 2,Timer,0.4998888075351715
Sample 3,Timer,0.5000083446502686
Sample 3,Chronos,0.49999162554740906
Sample 4,Moirai,0.5000580549240112
Sample 4,Chronos,0.49994194507598877
Sample 5,Moirai,0.5002939701080322
Sample 5,Timer,0.4997060000896454
Sample 6,Moirai,0.5002865195274353
Sample 6,Time-MoE,0.4997135102748871
Sample 7,Moirai,0.5003403425216675
Sample 7,Time-MoE,0.49965962767601013
Sample 8,Moirai,0.5007947087287903
Sample 8,Time-MoE,0.4992052912712097
Sample 9,Timer,0.5000050663948059
Sample 9,Chronos,0.4999949634075165
Sample 10,Moirai,0.5001975297927856
Sample 10,Time-MoE,0.49980247020721436
Sample 11,Chronos,0.5000070929527283
Sample 11,Timer,0.49999290704727173
Sample 12,Moirai,0.5005136728286743
Sample 12,Time-MoE,0.4994862973690033
Sample 13,Timer,0.5000145435333252
Sample 13,TimesFM,0.4999854266643524
Sample 14,Chronos,0.5000113844871521
Sample 14,Time-MoE,0.4999885857105255
Sample 15,Moirai,0.5005333423614502
Sample 15,Time-MoE,0.4994666576385498
Sample 16,Moirai,0.5007603764533997
Sample 16,Time-MoE,0.49923962354660034
Sample 17,Chronos,0.5000094771385193
Sample 17,Time-MoE,0.4999905228614807
Sample 18,Moirai,0.5002472996711731
Sample 18,Time-MoE,0.4997527301311493
Sample 19,Timer,0.5000098943710327
Sample 19,Chronos,0.4999900758266449
Sample 20,Moirai,0.5003289580345154
Sample 20,Time-MoE,0.499671071767807
Sample 21,Chronos,0.500019371509552
Sample 21,TimesFM,0.4999805986881256
Sample 22,Moirai,0.5001004934310913
Sample 22,Time-MoE,0.4998995065689087
Sample 23,Moirai,0.5003737807273865
Sample 23,Time-MoE,0.4996262490749359
Sample 24,Moirai,0.5007491111755371
Sample 24,Time-MoE,0.4992508590221405
Sample 25,Chronos,0.5000002384185791
Sample 25,Timer,0.4999997615814209
Sample 26,Moirai,0.500371515750885
Sample 26,Time-MoE,0.499628484249115
Sample 27,Chronos,0.500014066696167
Sample 27,TimesFM,0.4999859631061554
Sample 28,Moirai,0.5005934834480286
Sample 28,Time-MoE,0.49940648674964905
Sample 29,Timer,0.5000036954879761
Sample 29,Chronos,0.4999963045120239
Sample 30,Chronos,0.5000131130218506
Sample 30,TimesFM,0.499986857175827
Sample 31,Moirai,0.5005865693092346
Sample 31,Time-MoE,0.4994134306907654
Sample 0,Moirai,0.5005229711532593
Sample 0,Chronos,0.4994770288467407
Sample 1,Timer,0.5000033974647522
Sample 1,Chronos,0.4999966323375702
Sample 2,Moirai,0.5001981854438782
Sample 2,Timer,0.4998018145561218
Sample 3,Chronos,0.5000098943710327
Sample 3,Timer,0.4999900758266449
Sample 4,Moirai,0.5004634261131287
Sample 4,Time-MoE,0.49953657388687134
Sample 5,Timer,0.5000099539756775
Sample 5,Chronos,0.4999900758266449
Sample 6,Chronos,0.5000289082527161
Sample 6,Timer,0.49997106194496155
Sample 7,Moirai,0.5004681348800659
Sample 7,Time-MoE,0.4995318651199341
Sample 8,Moirai,0.5007462501525879
Sample 8,Timer,0.4992538094520569
Sample 9,Chronos,0.5000026226043701
Sample 9,Timer,0.49999740719795227
Sample 10,Moirai,0.5002416372299194
Sample 10,Time-MoE,0.4997583329677582
Sample 11,Moirai,0.500206708908081
Sample 11,TimesFM,0.49979323148727417
Sample 12,Moirai,0.5004101991653442
Sample 12,Time-MoE,0.49958980083465576
Sample 13,Moirai,0.5000368356704712
Sample 13,Timer,0.4999631941318512
Sample 14,Moirai,0.500062108039856
Sample 14,Chronos,0.49993792176246643
Sample 15,Moirai,0.5001218914985657
Sample 15,Time-MoE,0.49987804889678955
Sample 16,Moirai,0.5003374218940735
Sample 16,Timer,0.4996625483036041
Sample 17,Chronos,0.5000110268592834
Sample 17,Timer,0.49998894333839417
Sample 18,Moirai,0.5000057816505432
Sample 18,Time-MoE,0.4999942183494568
Sample 19,Timer,0.5000088214874268
Sample 19,Chronos,0.49999114871025085
Sample 20,Moirai,0.5004849433898926
Sample 20,TimesFM,0.49951502680778503
Sample 21,Timer,0.5000281929969788
Sample 21,Chronos,0.49997177720069885
Sample 22,Chronos,0.5000220537185669
Sample 22,TimesFM,0.4999779462814331
Sample 23,Moirai,0.500397801399231
Sample 23,Time-MoE,0.49960219860076904
Sample 24,Moirai,0.5008386969566345
Sample 24,Chronos,0.4991613030433655
Sample 25,Timer,0.5000025629997253
Sample 25,Chronos,0.49999740719795227
Sample 26,Moirai,0.5001181960105896
Sample 26,TimesFM,0.4998818039894104
Sample 27,Chronos,0.5000080466270447
Sample 27,Timer,0.4999919533729553
Sample 28,Moirai,0.5004370808601379
Sample 28,Time-MoE,0.4995628595352173
Sample 29,Chronos,0.5000050067901611
Sample 29,TimesFM,0.49999502301216125
Sample 30,Chronos,0.5000197291374207
Sample 30,TimesFM,0.49998024106025696
Sample 31,Moirai,0.5003769397735596
Sample 31,Time-MoE,0.49962303042411804
Sample 0,Moirai,0.5007684230804443
Sample 0,Chronos,0.4992315471172333
Sample 1,Chronos,0.5000043511390686
Sample 1,Timer,0.4999956488609314
Sample 2,Moirai,0.5002041459083557
Sample 2,TimesFM,0.4997958540916443
Sample 3,Chronos,0.5000205636024475
Sample 3,Timer,0.4999794661998749
Sample 4,Moirai,0.5003631114959717
Sample 4,TimesFM,0.49963682889938354
Sample 5,Chronos,0.5000090003013611
Sample 5,Timer,0.4999909996986389
Sample 6,Moirai,0.5000019669532776
Sample 6,Chronos,0.4999980628490448
Sample 7,Moirai,0.5003055334091187
Sample 7,Time-MoE,0.49969449639320374
Sample 8,Moirai,0.5008593797683716
Sample 8,Chronos,0.4991406202316284
Sample 9,Timer,0.5000038146972656
Sample 9,Chronos,0.49999621510505676
Sample 10,Moirai,0.5001842379570007
Sample 10,Chronos,0.4998157322406769
Sample 11,Chronos,0.5000175833702087
Sample 11,Timer,0.49998241662979126
Sample 12,Chronos,0.5000173449516296
Sample 12,Time-MoE,0.499982625246048
Sample 13,Chronos,0.5000038743019104
Sample 13,TimesFM,0.4999960958957672
Sample 14,Moirai,0.5004278421401978
Sample 14,TimesFM,0.49957215785980225
Sample 15,Moirai,0.5005829930305481
Sample 15,TimesFM,0.4994170069694519
Sample 16,Moirai,0.5007532238960266
Sample 16,TimesFM,0.4992468059062958
Sample 17,Timer,0.5000144243240356
Sample 17,Chronos,0.49998560547828674
Sample 18,Moirai,0.5004755258560181
Sample 18,TimesFM,0.4995245039463043
Sample 19,Chronos,0.5000159740447998
Sample 19,Timer,0.4999840557575226
Sample 20,TimesFM,0.5000055432319641
Sample 20,Chronos,0.4999944567680359
Sample 21,Timer,0.5000367164611816
Sample 21,TimesFM,0.49996328353881836
Sample 22,Chronos,0.5000076293945312
Sample 22,TimesFM,0.49999240040779114
Sample 23,Moirai,0.5005275011062622
Sample 23,TimesFM,0.4994724988937378
Sample 24,Moirai,0.5005277395248413
Sample 24,Chronos,0.4994722604751587
Sample 25,Timer,0.5000080466270447
Sample 25,Chronos,0.4999919533729553
Sample 26,Moirai,0.500392735004425
Sample 26,Time-MoE,0.49960729479789734
Sample 27,Chronos,0.5000278949737549
Sample 27,TimesFM,0.4999721348285675
Sample 28,Moirai,0.5004411935806274
Sample 28,TimesFM,0.49955880641937256
Sample 29,Chronos,0.5000070929527283
Sample 29,Moirai,0.49999290704727173
Sample 30,Moirai,0.5003640651702881
Sample 30,Timer,0.4996359050273895
Sample 31,Moirai,0.5002691149711609
Sample 31,TimesFM,0.49973082542419434
Sample 0,Moirai,0.5001697540283203
Sample 0,Chronos,0.4998302161693573
Sample 1,Chronos,0.5000138878822327
Sample 1,Timer,0.4999861419200897
Sample 2,Moirai,0.5000829696655273
Sample 2,Time-MoE,0.49991706013679504
Sample 3,Timer,0.5000026822090149
Sample 3,Chronos,0.4999972879886627
Sample 4,Moirai,0.5002180933952332
Sample 4,TimesFM,0.49978193640708923
Sample 5,Timer,0.5000220537185669
Sample 5,Chronos,0.4999779164791107
Sample 6,Chronos,0.5000268220901489
Sample 6,TimesFM,0.49997320771217346
Sample 7,Moirai,0.5003864169120789
Sample 7,TimesFM,0.49961361289024353
Sample 8,Moirai,0.5008667707443237
Sample 8,Chronos,0.49913322925567627
Sample 9,Chronos,0.5000078082084656
Sample 9,Timer,0.49999216198921204
Sample 10,Moirai,0.5000037550926208
Sample 10,Time-MoE,0.49999627470970154
Sample 11,Chronos,0.5000284910202026
Sample 11,Timer,0.49997153878211975
Sample 12,Moirai,0.5005035996437073
Sample 12,TimesFM,0.4994964599609375
Sample 13,Chronos,0.5000091791152954
Sample 13,Timer,0.499990850687027
Sample 14,Chronos,0.500036358833313
Sample 14,TimesFM,0.4999636709690094
Sample 15,Moirai,0.500580370426178
Sample 15,TimesFM,0.49941959977149963
Sample 0,Moirai,0.5008795261383057
Sample 0,Chronos,0.49912044405937195
Sample 1,Chronos,0.5000173449516296
Sample 1,Timer,0.49998265504837036
Sample 2,Moirai,0.5001916289329529
Sample 2,TimesFM,0.4998084008693695
Sample 3,Chronos,0.5000253915786743
Sample 3,TimesFM,0.4999746084213257
Sample 4,Moirai,0.5003931522369385
Sample 4,TimesFM,0.4996068775653839
Sample 5,Chronos,0.5000054240226746
Sample 5,Timer,0.49999457597732544
Sample 6,Chronos,0.5000405311584473
Sample 6,TimesFM,0.4999594986438751
Sample 7,Moirai,0.5005425214767456
Sample 7,TimesFM,0.499457448720932
Sample 8,Moirai,0.5006745457649231
Sample 8,Chronos,0.4993254840373993
Sample 9,Chronos,0.5000086426734924
Sample 9,Timer,0.49999138712882996
Sample 10,Moirai,0.5000747442245483
Sample 10,Time-MoE,0.49992525577545166
Sample 11,Chronos,0.5000073909759521
Sample 11,Timer,0.49999263882637024
Sample 12,Moirai,0.5006969571113586
Sample 12,TimesFM,0.49930301308631897
Sample 13,Timer,0.5000060200691223
Sample 13,Chronos,0.4999939799308777
Sample 14,Chronos,0.5000090599060059
Sample 14,TimesFM,0.49999096989631653
Sample 15,Moirai,0.5005359053611755
Sample 15,TimesFM,0.49946409463882446
Sample 16,Moirai,0.5009199976921082
Sample 16,TimesFM,0.49908000230789185
Sample 17,Chronos,0.5000005960464478
Sample 17,Timer,0.49999937415122986
Sample 18,Moirai,0.500512421131134
Sample 18,TimesFM,0.49948760867118835
Sample 19,Chronos,0.5000230669975281
Sample 19,TimesFM,0.49997690320014954
Sample 20,Moirai,0.5004275441169739
Sample 20,Chronos,0.4995724558830261
Sample 21,Timer,0.5000140070915222
Sample 21,Chronos,0.49998602271080017
Sample 22,Moirai,0.5002716779708862
Sample 22,Chronos,0.49972832202911377
Sample 23,Moirai,0.5004444718360901
Sample 23,TimesFM,0.4995555579662323
Sample 24,Moirai,0.5009861588478088
Sample 24,TimesFM,0.49901390075683594
Sample 25,Chronos,0.500021755695343
Sample 25,Timer,0.49997827410697937
Sample 26,Moirai,0.5001572370529175
Sample 26,TimesFM,0.49984273314476013
Sample 27,Moirai,0.5003063678741455
Sample 27,TimesFM,0.4996936321258545
Sample 28,Moirai,0.5004833340644836
Sample 28,TimesFM,0.49951669573783875
Sample 29,Timer,0.5000041127204895
Sample 29,Chronos,0.4999959170818329
Sample 30,Chronos,0.5000136494636536
Sample 30,TimesFM,0.4999863803386688
Sample 31,Moirai,0.500314474105835
Sample 31,TimesFM,0.49968552589416504
Sample 0,Moirai,0.500572144985199
Sample 0,Timer,0.49942782521247864
Sample 1,Chronos,0.5000014901161194
Sample 1,Timer,0.499998539686203
Sample 2,Moirai,0.500423014163971
Sample 2,TimesFM,0.49957698583602905
Sample 3,Chronos,0.5000261664390564
Sample 3,TimesFM,0.499973863363266
Sample 4,Moirai,0.5002490282058716
Sample 4,TimesFM,0.4997509717941284
Sample 5,Timer,0.5000138878822327
Sample 5,TimesFM,0.49998611211776733
Sample 6,Chronos,0.500034511089325
Sample 6,Moirai,0.49996545910835266
Sample 7,Moirai,0.5006718039512634
Sample 7,TimesFM,0.49932822585105896
Sample 8,Moirai,0.500740110874176
Sample 8,Chronos,0.4992598295211792
Sample 9,Timer,0.5000032186508179
Sample 9,Chronos,0.49999675154685974
Sample 10,Timer,0.5000004768371582
Sample 10,Moirai,0.4999995529651642
Sample 11,Moirai,0.5000712871551514
Sample 11,TimesFM,0.49992871284484863
Sample 12,Moirai,0.5004081130027771
Sample 12,TimesFM,0.4995919466018677
Sample 13,Timer,0.500020444393158
Sample 13,TimesFM,0.49997958540916443
Sample 14,Chronos,0.5000542402267456
Sample 14,TimesFM,0.499945729970932
Sample 15,Moirai,0.5004370808601379
Sample 15,TimesFM,0.4995628893375397
Sample 16,Moirai,0.5010482668876648
Sample 16,Chronos,0.4989517033100128
Sample 17,Timer,0.5000019669532776
Sample 17,Chronos,0.4999980628490448
Sample 18,Moirai,0.5002627372741699
Sample 18,TimesFM,0.4997372031211853
Sample 19,Chronos,0.5000228881835938
Sample 19,Timer,0.49997708201408386
Sample 20,Moirai,0.5000877976417542
Sample 20,TimesFM,0.4999121427536011
Sample 21,Timer,0.5000219941139221
Sample 21,TimesFM,0.4999780058860779
Sample 22,Moirai,0.5000292062759399
Sample 22,Chronos,0.49997076392173767
Sample 23,Moirai,0.5004554390907288
Sample 23,TimesFM,0.49954453110694885
Sample 24,Moirai,0.5003488063812256
Sample 24,Time-MoE,0.4996512234210968
Sample 25,Chronos,0.5000148415565491
Sample 25,Timer,0.49998512864112854
Sample 26,Time-MoE,0.5000091791152954
Sample 26,TimesFM,0.499990850687027
Sample 27,Timer,0.500010073184967
Sample 27,Chronos,0.49998992681503296
Sample 28,Moirai,0.5006436705589294
Sample 28,TimesFM,0.49935635924339294
Sample 29,Timer,0.50002521276474
Sample 29,Chronos,0.49997478723526
Sample 30,Chronos,0.5000070333480835
Sample 30,TimesFM,0.4999929666519165
Sample 31,Moirai,0.5006194114685059
Sample 31,TimesFM,0.49938055872917175
Sample 0,Moirai,0.5008741021156311
Sample 0,TimesFM,0.4991258978843689
Sample 1,Timer,0.5000119209289551
Sample 1,Chronos,0.4999881088733673
Sample 2,Moirai,0.5001928806304932
Sample 2,Timer,0.4998071491718292
Sample 3,Chronos,0.5000213384628296
Sample 3,TimesFM,0.4999786913394928
Sample 4,Moirai,0.5004124045372009
Sample 4,TimesFM,0.4995875954627991
Sample 5,Time-MoE,0.5000061988830566
Sample 5,TimesFM,0.49999377131462097
Sample 6,Timer,0.5000324249267578
Sample 6,TimesFM,0.4999676048755646
Sample 7,Moirai,0.5004099607467651
Sample 7,TimesFM,0.49959006905555725
Sample 8,Moirai,0.5010131597518921
Sample 8,TimesFM,0.4989868104457855
Sample 9,Chronos,0.5000039935112
Sample 9,Timer,0.49999603629112244
Sample 10,Moirai,0.5000464916229248
Sample 10,Chronos,0.4999534785747528
Sample 11,Moirai,0.500034511089325
Sample 11,Chronos,0.49996548891067505
Sample 12,Moirai,0.50053471326828
Sample 12,TimesFM,0.49946534633636475
Sample 13,Timer,0.5000221133232117
Sample 13,TimesFM,0.4999779164791107
Sample 14,Chronos,0.5000175833702087
Sample 14,Time-MoE,0.49998241662979126
Sample 15,Moirai,0.5004521608352661
Sample 15,TimesFM,0.4995478093624115
Sample 16,Moirai,0.500158965587616
Sample 16,Timer,0.49984100461006165
Sample 17,Chronos,0.5000029802322388
Sample 17,Timer,0.49999698996543884
Sample 18,Moirai,0.5002362132072449
Sample 18,Time-MoE,0.4997637867927551
Sample 19,Moirai,0.5001603364944458
Sample 19,TimesFM,0.4998396635055542
Sample 20,Moirai,0.5006061792373657
Sample 20,TimesFM,0.4993938207626343
Sample 21,Timer,0.50003981590271
Sample 21,TimesFM,0.4999602138996124
Sample 22,Chronos,0.5000174045562744
Sample 22,Moirai,0.499982625246048
Sample 23,Moirai,0.5000531673431396
Sample 23,TimesFM,0.49994686245918274
Sample 24,Moirai,0.5009408593177795
Sample 24,TimesFM,0.49905914068222046
Sample 25,Chronos,0.500021755695343
Sample 25,Timer,0.49997827410697937
Sample 26,Moirai,0.5003458857536316
Sample 26,Time-MoE,0.499654084444046
Sample 27,Timer,0.5000147819519043
Sample 27,Chronos,0.4999852478504181
Sample 28,Moirai,0.500557541847229
Sample 28,TimesFM,0.4994423985481262
Sample 29,TimesFM,0.5000040531158447
Sample 29,Chronos,0.49999597668647766
Sample 30,Chronos,0.5000165700912476
Sample 30,Time-MoE,0.49998345971107483
Sample 31,Moirai,0.500506579875946
Sample 31,TimesFM,0.49949344992637634
Sample 0,Moirai,0.5009217858314514
Sample 0,TimesFM,0.4990781545639038
Sample 1,Timer,0.5000051259994507
Sample 1,Chronos,0.4999949038028717
Sample 2,Moirai,0.5001546740531921
Sample 2,Timer,0.4998452961444855
Sample 3,Chronos,0.5000050067901611
Sample 3,Timer,0.49999502301216125
Sample 4,Moirai,0.5000529885292053
Sample 4,Chronos,0.49994704127311707
Sample 5,Moirai,0.5003671050071716
Sample 5,Chronos,0.49963289499282837
Sample 6,Moirai,0.5003443956375122
Sample 6,Time-MoE,0.4996556043624878
Sample 7,Moirai,0.5004315376281738
Sample 7,Time-MoE,0.49956846237182617
Sample 8,Moirai,0.5010184049606323
Sample 8,TimesFM,0.4989815950393677
Sample 9,Chronos,0.5000087022781372
Sample 9,Timer,0.4999913275241852
Sample 10,Moirai,0.5002453327178955
Sample 10,Time-MoE,0.4997546970844269
Sample 11,Chronos,0.5000224113464355
Sample 11,Timer,0.49997761845588684
Sample 12,Moirai,0.5006436705589294
Sample 12,TimesFM,0.49935629963874817
Sample 13,Time-MoE,0.5000050663948059
Sample 13,Timer,0.4999949634075165
Sample 14,Chronos,0.500017523765564
Sample 14,Time-MoE,0.4999825060367584
Sample 15,Moirai,0.500671923160553
Sample 15,TimesFM,0.4993281066417694
Sample 16,Moirai,0.5009706616401672
Sample 16,TimesFM,0.49902939796447754
Sample 17,Chronos,0.5000191926956177
Sample 17,Time-MoE,0.4999808371067047
Sample 18,Moirai,0.5003082156181335
Sample 18,Time-MoE,0.49969178438186646
Sample 19,Chronos,0.5000011920928955
Sample 19,Timer,0.4999988079071045
Sample 20,Moirai,0.5004045367240906
Sample 20,TimesFM,0.49959540367126465
Sample 21,Chronos,0.500022828578949
Sample 21,Time-MoE,0.49997714161872864
Sample 22,Moirai,0.5001136660575867
Sample 22,Time-MoE,0.49988627433776855
Sample 23,Moirai,0.5004743337631226
Sample 23,TimesFM,0.49952566623687744
Sample 24,Moirai,0.5009515881538391
Sample 24,TimesFM,0.4990483522415161
Sample 25,Chronos,0.5000126957893372
Sample 25,Timer,0.49998727440834045
Sample 26,Moirai,0.5004669427871704
Sample 26,TimesFM,0.4995329976081848
Sample 27,Chronos,0.5000298023223877
Sample 27,TimesFM,0.4999702274799347
Sample 28,Moirai,0.5007398724555969
Sample 28,TimesFM,0.4992601275444031
Sample 29,Chronos,0.5000078082084656
Sample 29,Timer,0.49999216198921204
Sample 30,Chronos,0.5000142455101013
Sample 30,Time-MoE,0.4999857246875763
Sample 31,Moirai,0.500731348991394
Sample 31,TimesFM,0.49926865100860596
Sample 0,Moirai,0.500655472278595
Sample 0,Time-MoE,0.49934449791908264
Sample 1,Chronos,0.5000033378601074
Sample 1,Timer,0.49999669194221497
Sample 2,Moirai,0.5002373456954956
Sample 2,Timer,0.4997626841068268
Sample 3,Chronos,0.5000178217887878
Sample 3,Timer,0.49998214840888977
Sample 4,Moirai,0.5005362629890442
Sample 4,Time-MoE,0.4994637370109558
Sample 5,Time-MoE,0.5000006556510925
Sample 5,Timer,0.49999934434890747
Sample 6,Chronos,0.5000194311141968
Sample 6,Time-MoE,0.49998053908348083
Sample 7,Moirai,0.5005741119384766
Sample 7,Time-MoE,0.49942585825920105
Sample 8,Moirai,0.5009233951568604
Sample 8,Time-MoE,0.49907660484313965
Sample 9,Chronos,0.5000109672546387
Sample 9,Timer,0.49998900294303894
Sample 10,Moirai,0.5002738237380981
Sample 10,Time-MoE,0.49972617626190186
Sample 11,Moirai,0.500241219997406
Sample 11,Time-MoE,0.4997588098049164
Sample 12,Moirai,0.5004832148551941
Sample 12,Time-MoE,0.4995167553424835
Sample 13,Moirai,0.5000513195991516
Sample 13,Timer,0.4999487102031708
Sample 14,Moirai,0.5000614523887634
Sample 14,Chronos,0.4999385476112366
Sample 15,Moirai,0.5001351237297058
Sample 15,Time-MoE,0.4998648762702942
Sample 16,Moirai,0.5004332065582275
Sample 16,Timer,0.4995667338371277
Sample 17,Chronos,0.5000178813934326
Sample 17,Time-MoE,0.4999821186065674
Sample 18,Time-MoE,0.5000346302986145
Sample 18,Moirai,0.4999653398990631
Sample 19,Timer,0.5000026822090149
Sample 19,Chronos,0.4999973475933075
Sample 20,Moirai,0.5005953907966614
Sample 20,TimesFM,0.49940457940101624
Sample 21,Timer,0.5000231266021729
Sample 21,Time-MoE,0.49997687339782715
Sample 22,Chronos,0.500002384185791
Sample 22,Time-MoE,0.49999764561653137
Sample 23,Moirai,0.500491201877594
Sample 23,TimesFM,0.4995087683200836
Sample 24,Moirai,0.5010742545127869
Sample 24,Time-MoE,0.4989258050918579
Sample 25,Chronos,0.5000054240226746
Sample 25,Timer,0.4999946057796478
Sample 26,Moirai,0.5001469254493713
Sample 26,Time-MoE,0.49985307455062866
Sample 27,Chronos,0.5000194907188416
Sample 27,Timer,0.49998047947883606
Sample 28,Moirai,0.5005363821983337
Sample 28,Time-MoE,0.49946361780166626
Sample 29,Time-MoE,0.500006914138794
Sample 29,Chronos,0.49999311566352844
Sample 30,Chronos,0.5000116229057312
Sample 30,Time-MoE,0.4999883472919464
Sample 31,Moirai,0.5004716515541077
Sample 31,Time-MoE,0.49952831864356995
Sample 0,Moirai,0.5009727478027344
Sample 0,Time-MoE,0.4990272521972656
Sample 1,Chronos,0.5000002980232239
Sample 1,Timer,0.4999997019767761
Sample 2,Moirai,0.5002414584159851
Sample 2,Time-MoE,0.4997585415840149
Sample 3,Chronos,0.5000208020210266
Sample 3,Timer,0.4999792277812958
Sample 4,Moirai,0.5004376173019409
Sample 4,Time-MoE,0.4995623230934143
Sample 5,Time-MoE,0.5000110864639282
Sample 5,Chronos,0.4999889135360718
Sample 6,Chronos,0.5000157952308655
Sample 6,Moirai,0.4999842047691345
Sample 7,Moirai,0.5003617405891418
Sample 7,Time-MoE,0.4996381998062134
Sample 8,Moirai,0.5010802149772644
Sample 8,Chronos,0.498919814825058
Sample 9,Timer,0.5000087022781372
Sample 9,Chronos,0.4999912977218628
Sample 10,Moirai,0.5002087354660034
Sample 10,Time-MoE,0.4997912049293518
Sample 11,Chronos,0.5000134110450745
Sample 11,Timer,0.4999866187572479
Sample 12,Chronos,0.5000048875808716
Sample 12,Time-MoE,0.4999951422214508
Sample 13,Time-MoE,0.5000064373016357
Sample 13,Chronos,0.49999359250068665
Sample 14,Moirai,0.5005314946174622
Sample 14,TimesFM,0.49946847558021545
Sample 15,Moirai,0.5007006525993347
Sample 15,Time-MoE,0.4992992877960205
Sample 16,Moirai,0.5009506344795227
Sample 16,TimesFM,0.4990493059158325
Sample 17,Timer,0.5000205039978027
Sample 17,Chronos,0.49997949600219727
Sample 18,Moirai,0.500584602355957
Sample 18,Time-MoE,0.49941539764404297
Sample 19,Chronos,0.5000136494636536
Sample 19,Timer,0.49998635053634644
Sample 20,Chronos,0.5000014901161194
Sample 20,Time-MoE,0.4999984800815582
Sample 21,Timer,0.5000408291816711
Sample 21,Time-MoE,0.49995914101600647
Sample 22,Time-MoE,0.500003457069397
Sample 22,Chronos,0.4999965727329254
Sample 23,Moirai,0.5006585121154785
Sample 23,TimesFM,0.4993414878845215
Sample 24,Moirai,0.5006601214408875
Sample 24,Chronos,0.49933987855911255
Sample 25,Timer,0.500015139579773
Sample 25,Chronos,0.49998483061790466
Sample 26,Moirai,0.5004627704620361
Sample 26,Time-MoE,0.49953725934028625
Sample 27,Chronos,0.5000272393226624
Sample 27,Time-MoE,0.49997276067733765
Sample 28,Moirai,0.5005559325218201
Sample 28,Time-MoE,0.49944400787353516
Sample 29,Time-MoE,0.5000160336494446
Sample 29,Chronos,0.49998393654823303
Sample 30,Moirai,0.500429630279541
Sample 30,Timer,0.49957039952278137
Sample 31,Moirai,0.5003416538238525
Sample 31,Time-MoE,0.49965834617614746
Sample 0,Moirai,0.5001932382583618
Sample 0,Timer,0.4998067021369934
Sample 1,Chronos,0.5000017285346985
Sample 1,Timer,0.4999983012676239
Sample 2,Moirai,0.5000516176223755
Sample 2,Time-MoE,0.4999484121799469
Sample 3,Timer,0.5000138878822327
Sample 3,Chronos,0.49998611211776733
Sample 4,Moirai,0.5002711415290833
Sample 4,TimesFM,0.499728798866272
Sample 5,Timer,0.5000365972518921
Sample 5,Time-MoE,0.4999634027481079
Sample 6,Chronos,0.5000115633010864
Sample 6,Time-MoE,0.4999884366989136
Sample 7,Moirai,0.5004710555076599
Sample 7,Time-MoE,0.4995288848876953
Sample 8,Moirai,0.5010807514190674
Sample 8,Timer,0.498919278383255
Sample 9,Timer,0.500004231929779
Sample 9,Chronos,0.49999579787254333
Sample 10,Time-MoE,0.5000267624855042
Sample 10,Timer,0.49997323751449585
Sample 11,Chronos,0.5000197291374207
Sample 11,Timer,0.49998030066490173
Sample 12,Moirai,0.5005772113800049
Sample 12,Time-MoE,0.49942275881767273
Sample 13,Timer,0.500002920627594
Sample 13,Chronos,0.499997079372406
Sample 14,Chronos,0.500029981136322
Sample 14,Time-MoE,0.499970018863678
Sample 15,Moirai,0.5007225275039673
Sample 15,TimesFM,0.4992774724960327
Sample 0,Moirai,0.5011019706726074
Sample 0,Chronos,0.4988980293273926
Sample 1,Chronos,0.5000069737434387
Sample 1,Timer,0.49999305605888367
Sample 2,Moirai,0.5002431273460388
Sample 2,TimesFM,0.4997568428516388
Sample 3,Chronos,0.5000227093696594
Sample 3,Timer,0.4999772906303406
Sample 4,Moirai,0.5004470944404602
Sample 4,Time-MoE,0.49955296516418457
Sample 5,Timer,0.5000086426734924
Sample 5,Chronos,0.49999138712882996
Sample 6,Chronos,0.5000320672988892
Sample 6,Time-MoE,0.49996793270111084
Sample 7,Moirai,0.5006741881370544
Sample 7,TimesFM,0.49932584166526794
Sample 8,Moirai,0.5008423328399658
Sample 8,Chronos,0.4991576373577118
Sample 9,Timer,0.5000048279762268
Sample 9,Chronos,0.4999951720237732
Sample 10,Moirai,0.5000520348548889
Sample 10,Time-MoE,0.49994799494743347
Sample 11,Timer,0.5000078678131104
Sample 11,Chronos,0.49999210238456726
Sample 12,Moirai,0.5008538365364075
Sample 12,TimesFM,0.49914613366127014
Sample 13,Timer,0.500024139881134
Sample 13,Chronos,0.49997588992118835
Sample 14,Chronos,0.5000122785568237
Sample 14,Time-MoE,0.49998775124549866
Sample 15,Moirai,0.5006654262542725
Sample 15,TimesFM,0.49933454394340515
Sample 16,Moirai,0.5011395215988159
Sample 16,Time-MoE,0.4988604784011841
Sample 17,Timer,0.5000154972076416
Sample 17,Chronos,0.4999845325946808
Sample 18,Moirai,0.5006053447723389
Sample 18,Timer,0.49939465522766113
Sample 19,Chronos,0.5000228881835938
Sample 19,Timer,0.49997714161872864
Sample 20,Moirai,0.5005195140838623
Sample 20,Chronos,0.4994804561138153
Sample 21,Timer,0.5000324845314026
Sample 21,Chronos,0.4999675452709198
Sample 22,Moirai,0.5003013610839844
Sample 22,Time-MoE,0.49969860911369324
Sample 23,Moirai,0.5005334615707397
Sample 23,Time-MoE,0.49946656823158264
Sample 24,Moirai,0.5011995434761047
Sample 24,Timer,0.4988004267215729
Sample 25,Chronos,0.5000091195106506
Sample 25,Timer,0.49999091029167175
Sample 26,Moirai,0.5001665949821472
Sample 26,Time-MoE,0.49983343482017517
Sample 27,Moirai,0.5003697872161865
Sample 27,Time-MoE,0.4996302127838135
Sample 28,Moirai,0.5005645751953125
Sample 28,Timer,0.4994354844093323
Sample 29,Timer,0.5000209808349609
Sample 29,Chronos,0.49997901916503906
Sample 30,Chronos,0.5000049471855164
Sample 30,Time-MoE,0.49999505281448364
Sample 31,Moirai,0.5003973841667175
Sample 31,TimesFM,0.4996025860309601
Sample 0,Moirai,0.5006901621818542
Sample 0,Timer,0.49930983781814575
Sample 1,Timer,0.500014066696167
Sample 1,Chronos,0.4999859035015106
Sample 2,Moirai,0.500482439994812
Sample 2,Timer,0.4995175302028656
Sample 3,Chronos,0.5000223517417908
Sample 3,Timer,0.4999776780605316
Sample 4,Moirai,0.5002949237823486
Sample 4,Time-MoE,0.499705046415329
Sample 5,Timer,0.5000327825546265
Sample 5,Time-MoE,0.4999672472476959
Sample 6,Chronos,0.5000404715538025
Sample 6,Time-MoE,0.4999595582485199
Sample 7,Moirai,0.5008227229118347
Sample 7,TimesFM,0.4991772770881653
Sample 8,Moirai,0.5009077191352844
Sample 8,Time-MoE,0.49909231066703796
Sample 9,Timer,0.5000205039978027
Sample 9,Chronos,0.4999794661998749
Sample 10,Timer,0.5000085830688477
Sample 10,Time-MoE,0.49999141693115234
Sample 11,Moirai,0.5000588297843933
Sample 11,Time-MoE,0.4999412000179291
Sample 12,Moirai,0.5004751086235046
Sample 12,Time-MoE,0.49952495098114014
Sample 13,Timer,0.5000423192977905
Sample 13,Chronos,0.49995771050453186
Sample 14,Chronos,0.5000783205032349
Sample 14,Time-MoE,0.4999217092990875
Sample 15,Moirai,0.5005354881286621
Sample 15,Time-MoE,0.4994645118713379
Sample 16,Moirai,0.501285970211029
Sample 16,Timer,0.49871399998664856
Sample 17,Timer,0.5000174641609192
Sample 17,Chronos,0.4999825656414032
Sample 18,Moirai,0.5002912282943726
Sample 18,Time-MoE,0.49970877170562744
Sample 19,Chronos,0.5000140070915222
Sample 19,Timer,0.49998602271080017
Sample 20,Moirai,0.50007563829422
Sample 20,Timer,0.4999243915081024
Sample 21,Timer,0.5000415444374084
Sample 21,Chronos,0.49995848536491394
Sample 22,Moirai,0.5000074505805969
Sample 22,Chronos,0.4999925494194031
Sample 23,Moirai,0.5005557537078857
Sample 23,TimesFM,0.49944421648979187
Sample 24,Moirai,0.5004105567932129
Sample 24,Time-MoE,0.4995895028114319
Sample 25,Chronos,0.5000022649765015
Sample 25,Timer,0.49999770522117615
Sample 26,Time-MoE,0.5000476837158203
Sample 26,TimesFM,0.4999523162841797
Sample 27,Timer,0.5000259280204773
Sample 27,Chronos,0.4999741017818451
Sample 28,Moirai,0.5007712841033936
Sample 28,Timer,0.49922871589660645
Sample 29,Timer,0.5000430941581726
Sample 29,Chronos,0.4999569356441498
Sample 30,Chronos,0.5000109672546387
Sample 30,Time-MoE,0.49998900294303894
Sample 31,Moirai,0.5007584095001221
Sample 31,TimesFM,0.49924156069755554
Sample 0,Moirai,0.5010685920715332
Sample 0,TimesFM,0.4989314079284668
Sample 1,Timer,0.5000321865081787
Sample 1,Chronos,0.4999678432941437
Sample 2,Moirai,0.5001997351646423
Sample 2,Timer,0.49980026483535767
Sample 3,Chronos,0.5000162720680237
Sample 3,Timer,0.4999837577342987
Sample 4,Moirai,0.5005049109458923
Sample 4,Time-MoE,0.49949511885643005
Sample 5,Time-MoE,0.500020444393158
Sample 5,Chronos,0.49997958540916443
Sample 6,Timer,0.5000532865524292
Sample 6,Chronos,0.4999467432498932
Sample 7,Moirai,0.5004947185516357
Sample 7,Time-MoE,0.49950528144836426
Sample 8,Moirai,0.5012430548667908
Sample 8,TimesFM,0.49875694513320923
Sample 9,Timer,0.50001460313797
Sample 9,Chronos,0.49998536705970764
Sample 10,Moirai,0.5000265836715698
Sample 10,Chronos,0.49997344613075256
Sample 11,Moirai,0.5000168085098267
Sample 11,Chronos,0.4999832212924957
Sample 12,Moirai,0.5006455183029175
Sample 12,TimesFM,0.4993544816970825
Sample 13,Timer,0.5000478625297546
Sample 13,Chronos,0.499952107667923
Sample 14,Chronos,0.5000326633453369
Sample 14,Time-MoE,0.4999673366546631
Sample 15,Moirai,0.5005552172660828
Sample 15,TimesFM,0.49944475293159485
Sample 16,Moirai,0.5001577138900757
Sample 16,Timer,0.4998422861099243
Sample 17,Timer,0.5000149011611938
Sample 17,Chronos,0.49998509883880615
Sample 18,Moirai,0.500256359577179
Sample 18,Time-MoE,0.49974364042282104
Sample 19,Moirai,0.5001856088638306
Sample 19,Time-MoE,0.49981439113616943
Sample 20,Moirai,0.5007247924804688
Sample 20,TimesFM,0.49927520751953125
Sample 21,Timer,0.5000656843185425
Sample 21,Chronos,0.49993428587913513
Sample 22,Chronos,0.5000391006469727
Sample 22,Time-MoE,0.49996092915534973
Sample 23,Moirai,0.5000691413879395
Sample 23,TimesFM,0.49993088841438293
Sample 24,Moirai,0.5011494755744934
Sample 24,TimesFM,0.4988505244255066
Sample 25,Chronos,0.5000092387199402
Sample 25,Timer,0.4999907910823822
Sample 26,Moirai,0.5004030466079712
Sample 26,Time-MoE,0.4995969533920288
Sample 27,Timer,0.5000297427177429
Sample 27,Chronos,0.49997028708457947
Sample 28,Moirai,0.5006712079048157
Sample 28,TimesFM,0.4993288218975067
Sample 29,Timer,0.5000147223472595
Sample 29,Chronos,0.49998530745506287
Sample 30,Chronos,0.5000245571136475
Sample 30,Time-MoE,0.49997541308403015
Sample 31,Moirai,0.5006155371665955
Sample 31,TimesFM,0.49938446283340454
Sample 0,Moirai,0.501113772392273
Sample 0,TimesFM,0.49888622760772705
Sample 1,Timer,0.5000297427177429
Sample 1,Chronos,0.49997028708457947
Sample 2,Moirai,0.5001563429832458
Sample 2,Timer,0.49984365701675415
Sample 3,Timer,0.5000171661376953
Sample 3,Chronos,0.4999828636646271
Sample 4,Moirai,0.5000417232513428
Sample 4,Chronos,0.4999583065509796
Sample 5,Moirai,0.5004321336746216
Sample 5,Timer,0.49956783652305603
Sample 6,Moirai,0.5004067420959473
Sample 6,Time-MoE,0.4995933175086975
Sample 7,Moirai,0.5005161166191101
Sample 7,Time-MoE,0.4994838833808899
Sample 8,Moirai,0.5012454986572266
Sample 8,TimesFM,0.49875450134277344
Sample 9,Timer,0.5000133514404297
Sample 9,Chronos,0.4999866485595703
Sample 10,Moirai,0.5002851486206055
Sample 10,Time-MoE,0.49971485137939453
Sample 11,Chronos,0.5000035166740417
Sample 11,Timer,0.49999651312828064
Sample 12,Moirai,0.5007724761962891
Sample 12,TimesFM,0.4992275536060333
Sample 13,Timer,0.5000284910202026
Sample 13,Chronos,0.49997150897979736
Sample 14,Chronos,0.5000172257423401
Sample 14,Timer,0.4999828040599823
Sample 15,Moirai,0.5008096694946289
Sample 15,TimesFM,0.4991903007030487
Sample 16,Moirai,0.5011849999427795
Sample 16,TimesFM,0.49881502985954285
Sample 17,Chronos,0.5000380873680115
Sample 17,Timer,0.49996188282966614
Sample 18,Moirai,0.5003648400306702
Sample 18,Time-MoE,0.49963510036468506
Sample 19,Timer,0.500018298625946
Sample 19,Chronos,0.49998167157173157
Sample 20,Moirai,0.5004827976226807
Sample 20,TimesFM,0.49951717257499695
Sample 21,Chronos,0.5000199675559998
Sample 21,Timer,0.49998003244400024
Sample 22,Moirai,0.5001286268234253
Sample 22,Time-MoE,0.4998714029788971
Sample 23,Moirai,0.5005707144737244
Sample 23,TimesFM,0.499429315328598
Sample 24,Moirai,0.5011619925498962
Sample 24,TimesFM,0.49883803725242615
Sample 25,Timer,0.500012218952179
Sample 25,Chronos,0.49998781085014343
Sample 26,Moirai,0.5005574226379395
Sample 26,Time-MoE,0.49944257736206055
Sample 27,Chronos,0.500019371509552
Sample 27,Timer,0.4999806582927704
Sample 28,Moirai,0.5008864998817444
Sample 28,TimesFM,0.4991135001182556
Sample 29,Timer,0.5000227093696594
Sample 29,Chronos,0.49997732043266296
Sample 30,Chronos,0.5000314116477966
Sample 30,Timer,0.49996861815452576
Sample 31,Moirai,0.5008774995803833
Sample 31,TimesFM,0.4991224706172943
Sample 0,Moirai,0.5008264780044556
Sample 0,Chronos,0.49917349219322205
Sample 1,Timer,0.5000241994857788
Sample 1,Chronos,0.4999758303165436
Sample 2,Moirai,0.50026535987854
Sample 2,Timer,0.4997345805168152
Sample 3,Timer,0.5000062584877014
Sample 3,Chronos,0.49999377131462097
Sample 4,Moirai,0.5006380081176758
Sample 4,TimesFM,0.4993619918823242
Sample 5,Timer,0.5000348687171936
Sample 5,Chronos,0.4999651610851288
Sample 6,Chronos,0.5000266432762146
Sample 6,Timer,0.4999733865261078
Sample 7,Moirai,0.5006846785545349
Sample 7,Time-MoE,0.49931538105010986
Sample 8,Moirai,0.5011293292045593
Sample 8,TimesFM,0.49887073040008545
Sample 9,Timer,0.5000156164169312
Sample 9,Chronos,0.49998441338539124
Sample 10,Moirai,0.5003270506858826
Sample 10,Time-MoE,0.4996730089187622
Sample 11,Moirai,0.5002904534339905
Sample 11,TimesFM,0.49970951676368713
Sample 12,Moirai,0.5005761981010437
Sample 12,TimesFM,0.4994238018989563
Sample 13,Moirai,0.5000218749046326
Sample 13,Timer,0.49997812509536743
Sample 14,Moirai,0.500059962272644
Sample 14,Chronos,0.49994000792503357
Sample 15,Moirai,0.5001739859580994
Sample 15,TimesFM,0.49982601404190063
Sample 16,Moirai,0.5005168318748474
Sample 16,Timer,0.4994831383228302
Sample 17,Timer,0.500005304813385
Sample 17,Chronos,0.499994695186615
Sample 18,Time-MoE,0.5000227689743042
Sample 18,Timer,0.4999772310256958
Sample 19,Timer,0.5000278949737549
Sample 19,Chronos,0.4999721348285675
Sample 20,Moirai,0.5006987452507019
Sample 20,TimesFM,0.4993012249469757
Sample 21,Timer,0.5000588893890381
Sample 21,Chronos,0.4999411404132843
Sample 22,Chronos,0.5000299215316772
Sample 22,Time-MoE,0.49997004866600037
Sample 23,Moirai,0.5005761384963989
Sample 23,TimesFM,0.49942389130592346
Sample 24,Moirai,0.5013058185577393
Sample 24,TimesFM,0.49869421124458313
Sample 25,Timer,0.5000200271606445
Sample 25,Chronos,0.4999799430370331
Sample 26,Moirai,0.5001721382141113
Sample 26,TimesFM,0.49982789158821106
Sample 27,Chronos,0.5000017881393433
Sample 27,Timer,0.49999821186065674
Sample 28,Moirai,0.500639796257019
Sample 28,TimesFM,0.49936020374298096
Sample 29,Chronos,0.5000216960906982
Sample 29,TimesFM,0.49997833371162415
Sample 30,Chronos,0.5000210404396057
Sample 30,Timer,0.4999789297580719
Sample 31,Moirai,0.5005746483802795
Sample 31,Time-MoE,0.49942538142204285
Sample 0,Moirai,0.5011882781982422
Sample 0,TimesFM,0.4988117218017578
Sample 1,Timer,0.5000270009040833
Sample 1,Chronos,0.49997296929359436
Sample 2,Moirai,0.5002861022949219
Sample 2,Time-MoE,0.4997138977050781
Sample 3,Timer,0.500002920627594
Sample 3,Chronos,0.499997079372406
Sample 4,Moirai,0.5005099773406982
Sample 4,Time-MoE,0.49949002265930176
Sample 5,Timer,0.5000211596488953
Sample 5,Chronos,0.4999788701534271
Sample 6,Chronos,0.5000145435333252
Sample 6,Timer,0.4999854862689972
Sample 7,Moirai,0.5004415512084961
Sample 7,Time-MoE,0.4995584487915039
Sample 8,Moirai,0.5012964010238647
Sample 8,TimesFM,0.4987035393714905
Sample 9,Timer,0.5000383257865906
Sample 9,Chronos,0.4999616742134094
Sample 10,Moirai,0.5002516508102417
Sample 10,Time-MoE,0.4997483193874359
Sample 11,Timer,0.5000097751617432
Sample 11,Chronos,0.49999019503593445
Sample 12,Chronos,0.5000255703926086
Sample 12,Timer,0.49997445940971375
Sample 13,Chronos,0.5000086426734924
Sample 13,TimesFM,0.49999135732650757
Sample 14,Moirai,0.5006224513053894
Sample 14,TimesFM,0.4993775188922882
Sample 15,Moirai,0.5008336901664734
Sample 15,Time-MoE,0.49916625022888184
Sample 16,Moirai,0.5011447072029114
Sample 16,TimesFM,0.49885526299476624
Sample 17,Timer,0.5000532865524292
Sample 17,Chronos,0.4999467134475708
Sample 18,Moirai,0.5006916522979736
Sample 18,Time-MoE,0.49930837750434875
Sample 19,Timer,0.5000118613243103
Sample 19,Chronos,0.4999881684780121
Sample 20,Timer,0.5000145435333252
Sample 20,Chronos,0.4999854862689972
Sample 21,Timer,0.5000821352005005
Sample 21,TimesFM,0.4999178349971771
Sample 22,Chronos,0.5000103712081909
Sample 22,Timer,0.49998965859413147
Sample 23,Moirai,0.500779926776886
Sample 23,TimesFM,0.4992200434207916
Sample 24,Moirai,0.5007984638214111
Sample 24,Chronos,0.49920153617858887
Sample 25,Timer,0.5000477433204651
Sample 25,Chronos,0.4999522864818573
Sample 26,Moirai,0.5005484819412231
Sample 26,Time-MoE,0.49945148825645447
Sample 27,Chronos,0.5000090003013611
Sample 27,Timer,0.4999910295009613
Sample 28,Moirai,0.5006493330001831
Sample 28,TimesFM,0.4993506371974945
Sample 29,Time-MoE,0.5000001788139343
Sample 29,Timer,0.49999985098838806
Sample 30,Moirai,0.5005080699920654
Sample 30,Timer,0.49949198961257935
Sample 31,Moirai,0.5003949403762817
Sample 31,TimesFM,0.49960508942604065
Sample 0,Moirai,0.5002228617668152
Sample 0,Timer,0.4997771382331848
Sample 1,Timer,0.5000268816947937
Sample 1,Chronos,0.4999731183052063
Sample 2,Moirai,0.5000560879707336
Sample 2,Time-MoE,0.49994394183158875
Sample 3,Timer,0.5000461339950562
Sample 3,Chronos,0.49995383620262146
Sample 4,Moirai,0.5003089308738708
Sample 4,TimesFM,0.49969106912612915
Sample 5,Timer,0.5000691413879395
Sample 5,TimesFM,0.49993085861206055
Sample 6,Chronos,0.500029981136322
Sample 6,Timer,0.49997004866600037
Sample 7,Moirai,0.500563383102417
Sample 7,Time-MoE,0.4994366466999054
Sample 8,Moirai,0.5013144612312317
Sample 8,Time-MoE,0.4986855089664459
Sample 9,Timer,0.5000308752059937
Sample 9,Chronos,0.49996909499168396
Sample 10,Time-MoE,0.500008761882782
Sample 10,Timer,0.49999120831489563
Sample 11,Timer,0.500001072883606
Sample 11,Chronos,0.49999889731407166
Sample 12,Moirai,0.5006760358810425
Sample 12,Time-MoE,0.49932390451431274
Sample 13,Timer,0.5000289082527161
Sample 13,Chronos,0.49997109174728394
Sample 14,Chronos,0.500022828578949
Sample 14,Timer,0.4999772012233734
Sample 15,Moirai,0.5008642673492432
Sample 15,TimesFM,0.4991357624530792
Sample 0,Moirai,0.5013469457626343
Sample 0,Chronos,0.4986530542373657
Sample 1,Timer,0.5000157952308655
Sample 1,Chronos,0.4999842345714569
Sample 2,Moirai,0.5002821087837219
Sample 2,TimesFM,0.4997178912162781
Sample 3,Chronos,0.5000060200691223
Sample 3,Timer,0.4999940097332001
Sample 4,Moirai,0.5005290508270264
Sample 4,Time-MoE,0.49947091937065125
Sample 5,Timer,0.5000355243682861
Sample 5,Chronos,0.4999644458293915
Sample 6,Chronos,0.5000589489936829
Sample 6,Time-MoE,0.4999410808086395
Sample 7,Moirai,0.5008127093315125
Sample 7,TimesFM,0.49918726086616516
Sample 8,Moirai,0.5010340809822083
Sample 8,Chronos,0.49896588921546936
Sample 9,Timer,0.5000318288803101
Sample 9,Chronos,0.49996814131736755
Sample 10,Moirai,0.5000788569450378
Sample 10,Time-MoE,0.49992111325263977
Sample 11,Timer,0.5000368356704712
Sample 11,Chronos,0.4999631643295288
Sample 12,Moirai,0.5010088682174683
Sample 12,Time-MoE,0.4989911615848541
Sample 13,Timer,0.5000563859939575
Sample 13,Chronos,0.4999435842037201
Sample 14,Chronos,0.5000284910202026
Sample 14,Timer,0.49997150897979736
Sample 15,Moirai,0.5007939338684082
Sample 15,Time-MoE,0.4992060363292694
Sample 16,Moirai,0.5013546347618103
Sample 16,Time-MoE,0.4986453652381897
Sample 17,Timer,0.5000452399253845
Sample 17,Chronos,0.4999547302722931
Sample 18,Moirai,0.5007207989692688
Sample 18,Timer,0.4992792010307312
Sample 19,Chronos,0.5000014901161194
Sample 19,Timer,0.499998539686203
Sample 20,Moirai,0.5006268620491028
Sample 20,Chronos,0.4993731677532196
Sample 21,Timer,0.5000655651092529
Sample 21,Chronos,0.49993446469306946
Sample 22,Moirai,0.5003502368927002
Sample 22,Time-MoE,0.4996497929096222
Sample 23,Moirai,0.5006352663040161
Sample 23,Chronos,0.49936479330062866
Sample 24,Moirai,0.5014605522155762
Sample 24,Timer,0.49853944778442383
Sample 25,Timer,0.5000172257423401
Sample 25,Chronos,0.4999827444553375
Sample 26,Moirai,0.5002108812332153
Sample 26,Timer,0.49978911876678467
Sample 27,Moirai,0.5004376769065857
Sample 27,TimesFM,0.4995622932910919
Sample 28,Moirai,0.5006713271141052
Sample 28,Timer,0.49932870268821716
Sample 29,Timer,0.500055730342865
Sample 29,Chronos,0.4999442994594574
Sample 30,Chronos,0.5000162124633789
Sample 30,Timer,0.4999837875366211
Sample 31,Moirai,0.5004859566688538
Sample 31,TimesFM,0.49951404333114624
Sample 0,Moirai,0.500840961933136
Sample 0,Timer,0.4991590976715088
Sample 1,Timer,0.5000391602516174
Sample 1,Chronos,0.4999608099460602
Sample 2,Moirai,0.5005655288696289
Sample 2,Timer,0.4994344711303711
Sample 3,Chronos,0.5000070333480835
Sample 3,Timer,0.4999929964542389
Sample 4,Moirai,0.5003523826599121
Sample 4,Time-MoE,0.4996476173400879
Sample 5,Timer,0.5000625252723694
Sample 5,TimesFM,0.499937504529953
Sample 6,Chronos,0.5000604391098022
Sample 6,Time-MoE,0.49993959069252014
Sample 7,Moirai,0.5009821653366089
Sample 7,Time-MoE,0.4990178346633911
Sample 8,Moirai,0.5011095404624939
Sample 8,Chronos,0.4988904297351837
Sample 9,Timer,0.5000486373901367
Sample 9,Chronos,0.4999513328075409
Sample 10,Timer,0.5000308156013489
Sample 10,Time-MoE,0.4999691843986511
Sample 11,Moirai,0.5000733137130737
Sample 11,Timer,0.49992671608924866
Sample 12,Moirai,0.5005611777305603
Sample 12,Time-MoE,0.4994388222694397
Sample 13,Timer,0.500070333480835
Sample 13,TimesFM,0.4999296963214874
Sample 14,Chronos,0.5000984072685242
Sample 14,Timer,0.49990153312683105
Sample 15,Moirai,0.5006527900695801
Sample 15,Time-MoE,0.49934715032577515
Sample 16,Moirai,0.5015438795089722
Sample 16,Time-MoE,0.4984561800956726
Sample 17,Timer,0.5000438094139099
Sample 17,Chronos,0.4999561905860901
Sample 18,Moirai,0.500339686870575
Sample 18,Time-MoE,0.49966034293174744
Sample 19,Timer,0.5000054836273193
Sample 19,Chronos,0.49999454617500305
Sample 20,Moirai,0.5000820159912109
Sample 20,Timer,0.4999179542064667
Sample 21,Timer,0.5000715851783752
Sample 21,TimesFM,0.49992844462394714
Sample 22,Moirai,0.5000136494636536
Sample 22,Chronos,0.4999863803386688
Sample 23,Moirai,0.5006462931632996
Sample 23,Time-MoE,0.49935367703437805
Sample 24,Moirai,0.5005241632461548
Sample 24,Time-MoE,0.4994758665561676
Sample 25,Timer,0.5000224113464355
Sample 25,Chronos,0.49997761845588684
Sample 26,Time-MoE,0.5000283122062683
Sample 26,TimesFM,0.4999717175960541
Sample 27,Timer,0.5000532269477844
Sample 27,Chronos,0.4999467432498932
Sample 28,Moirai,0.5009056329727173
Sample 28,Time-MoE,0.49909430742263794
Sample 29,Timer,0.5000759363174438
Sample 29,Chronos,0.49992406368255615
Sample 30,Chronos,0.5000266432762146
Sample 30,TimesFM,0.4999733567237854
Sample 31,Moirai,0.5009117126464844
Sample 31,Time-MoE,0.499088317155838
Sample 0,Moirai,0.5012867450714111
Sample 0,Time-MoE,0.4987131953239441
Sample 1,Timer,0.5000484585762024
Sample 1,Chronos,0.49995157122612
Sample 2,Moirai,0.5002330541610718
Sample 2,Timer,0.4997669458389282
Sample 3,Chronos,0.5000105500221252
Sample 3,Timer,0.49998942017555237
Sample 4,Moirai,0.5006316900253296
Sample 4,Time-MoE,0.4993683099746704
Sample 5,TimesFM,0.5000008344650269
Sample 5,Time-MoE,0.49999916553497314
Sample 6,Timer,0.5000640153884888
Sample 6,Chronos,0.4999360144138336
Sample 7,Moirai,0.5005931854248047
Sample 7,Time-MoE,0.4994067847728729
Sample 8,Moirai,0.5014894604682922
Sample 8,Time-MoE,0.49851053953170776
Sample 9,Timer,0.5000274777412415
Sample 9,Chronos,0.49997255206108093
Sample 10,Moirai,0.5000401735305786
Sample 10,Chronos,0.4999598562717438
Sample 11,Moirai,0.5000184178352356
Sample 11,Chronos,0.4999815821647644
Sample 12,Moirai,0.5007609128952026
Sample 12,Time-MoE,0.49923908710479736
Sample 13,Timer,0.5000609755516052
Sample 13,TimesFM,0.49993905425071716
Sample 14,Chronos,0.500050961971283
Sample 14,TimesFM,0.49994906783103943
Sample 15,Moirai,0.5006700158119202
Sample 15,Time-MoE,0.49932995438575745
Sample 16,Moirai,0.5002016425132751
Sample 16,Timer,0.49979835748672485
Sample 17,Timer,0.5000271797180176
Sample 17,Chronos,0.4999728202819824
Sample 18,Moirai,0.5002915263175964
Sample 18,Time-MoE,0.4997084438800812
Sample 19,Moirai,0.5002323389053345
Sample 19,TimesFM,0.49976763129234314
Sample 20,Moirai,0.5008435249328613
Sample 20,Time-MoE,0.49915650486946106
Sample 21,Timer,0.5000800490379333
Sample 21,TimesFM,0.49991995096206665
Sample 22,Chronos,0.500053346157074
Sample 22,Time-MoE,0.499946653842926
Sample 23,Moirai,0.5000796318054199
Sample 23,TimesFM,0.4999203681945801
Sample 24,Moirai,0.5013818144798279
Sample 24,Time-MoE,0.49861815571784973
Sample 25,Chronos,0.5000033974647522
Sample 25,Timer,0.4999966323375702
Sample 26,Moirai,0.5004901885986328
Sample 26,Chronos,0.4995098114013672
Sample 27,Timer,0.5000382661819458
Sample 27,TimesFM,0.4999617040157318
Sample 28,Moirai,0.5007849335670471
Sample 28,Time-MoE,0.4992150664329529
Sample 29,Timer,0.5000265836715698
Sample 29,TimesFM,0.4999734163284302
Sample 30,Chronos,0.5000243782997131
Sample 30,Timer,0.4999755918979645
Sample 31,Moirai,0.5007442831993103
Sample 31,TimesFM,0.4992557466030121
Sample 0,Moirai,0.5013464093208313
Sample 0,Time-MoE,0.4986536502838135
Sample 1,Timer,0.5000330209732056
Sample 1,Chronos,0.4999670088291168
Sample 2,Moirai,0.5002031326293945
Sample 2,Timer,0.4997968077659607
Sample 3,Timer,0.5000185966491699
Sample 3,Chronos,0.49998143315315247
Sample 4,Moirai,0.5000606775283813
Sample 4,Chronos,0.49993935227394104
Sample 5,Moirai,0.5005303621292114
Sample 5,Timer,0.4994696378707886
Sample 6,Moirai,0.5004898309707642
Sample 6,Time-MoE,0.4995101988315582
Sample 7,Moirai,0.5006067156791687
Sample 7,Time-MoE,0.4993932843208313
Sample 8,Moirai,0.5015135407447815
Sample 8,Time-MoE,0.4984865188598633
Sample 9,Timer,0.5000106692314148
Sample 9,Chronos,0.4999893307685852
Sample 10,Moirai,0.5003397464752197
Sample 10,Time-MoE,0.4996602237224579
Sample 11,Chronos,0.5000079274177551
Sample 11,Timer,0.4999920725822449
Sample 12,Moirai,0.5009133815765381
Sample 12,Time-MoE,0.4990865886211395
Sample 13,Timer,0.5000181794166565
Sample 13,TimesFM,0.4999818503856659
Sample 14,Chronos,0.5000227689743042
Sample 14,Timer,0.4999772608280182
Sample 15,Moirai,0.5009477138519287
Sample 15,Time-MoE,0.4990522563457489
Sample 16,Moirai,0.5014437437057495
Sample 16,Time-MoE,0.49855631589889526
Sample 17,Chronos,0.500045657157898
Sample 17,TimesFM,0.49995434284210205
Sample 18,Moirai,0.5004372596740723
Sample 18,Time-MoE,0.49956271052360535
Sample 19,Timer,0.5000206232070923
Sample 19,TimesFM,0.4999794065952301
Sample 20,Moirai,0.5005744695663452
Sample 20,Time-MoE,0.4994255006313324
Sample 21,Chronos,0.5000258684158325
Sample 21,Timer,0.4999741315841675
Sample 22,Moirai,0.5001691579818726
Sample 22,Time-MoE,0.49983081221580505
Sample 23,Moirai,0.5006911754608154
Sample 23,Time-MoE,0.49930885434150696
Sample 24,Moirai,0.5014078617095947
Sample 24,Time-MoE,0.4985921084880829
Sample 25,Timer,0.500009298324585
Sample 25,Chronos,0.49999067187309265
Sample 26,Moirai,0.5006483197212219
Sample 26,Time-MoE,0.4993516504764557
Sample 27,Chronos,0.5000180602073669
Sample 27,TimesFM,0.49998193979263306
Sample 28,Moirai,0.5010493397712708
Sample 28,Time-MoE,0.49895066022872925
Sample 29,Timer,0.5000260472297668
Sample 29,Chronos,0.49997392296791077
Sample 30,Chronos,0.5000250935554504
Sample 30,TimesFM,0.49997493624687195
Sample 31,Moirai,0.5010507702827454
Sample 31,Time-MoE,0.49894922971725464
Sample 0,Moirai,0.5010162591934204
Sample 0,Chronos,0.49898380041122437
Sample 1,Timer,0.5000115633010864
Sample 1,Chronos,0.4999884366989136
Sample 2,Moirai,0.5003160238265991
Sample 2,TimesFM,0.4996839463710785
Sample 3,Chronos,0.5000061392784119
Sample 3,Timer,0.49999383091926575
Sample 4,Moirai,0.5007624626159668
Sample 4,TimesFM,0.4992375373840332
Sample 5,Timer,0.5000181794166565
Sample 5,TimesFM,0.4999817907810211
Sample 6,Chronos,0.5000368356704712
Sample 6,TimesFM,0.4999631643295288
Sample 7,Moirai,0.5008119940757751
Sample 7,Time-MoE,0.49918800592422485
Sample 8,Moirai,0.5013806223869324
Sample 8,Chronos,0.49861934781074524
Sample 9,Timer,0.500000536441803
Sample 9,Chronos,0.499999463558197
Sample 10,Moirai,0.5003947019577026
Sample 10,Time-MoE,0.49960532784461975
Sample 11,Moirai,0.5003612041473389
Sample 11,TimesFM,0.49963876605033875
Sample 12,Moirai,0.5006921887397766
Sample 12,Time-MoE,0.4993078410625458
Sample 13,Moirai,0.5000472068786621
Sample 13,Timer,0.4999527931213379
Sample 14,Moirai,0.5000900626182556
Sample 14,Chronos,0.4999099373817444
Sample 15,Moirai,0.5002057552337646
Sample 15,TimesFM,0.49979424476623535
Sample 16,Moirai,0.5006404519081116
Sample 16,Timer,0.4993595778942108
Sample 17,Chronos,0.5000116229057312
Sample 17,Timer,0.4999884068965912
Sample 18,Time-MoE,0.5000389814376831
Sample 18,Timer,0.4999610483646393
Sample 19,Timer,0.5000198483467102
Sample 19,TimesFM,0.4999801516532898
Sample 20,Moirai,0.5008283853530884
Sample 20,TimesFM,0.49917158484458923
Sample 21,Timer,0.5000384449958801
Sample 21,TimesFM,0.49996158480644226
Sample 22,Chronos,0.5000225305557251
Sample 22,TimesFM,0.4999774396419525
Sample 23,Moirai,0.5007012486457825
Sample 23,Time-MoE,0.49929869174957275
Sample 24,Moirai,0.5015900731086731
Sample 24,Chronos,0.4984099268913269
Sample 25,Timer,0.5000057220458984
Sample 25,Chronos,0.49999430775642395
Sample 26,Moirai,0.5002139806747437
Sample 26,TimesFM,0.49978601932525635
Sample 27,Chronos,0.5000154376029968
Sample 27,Timer,0.49998459219932556
Sample 28,Moirai,0.5007796287536621
Sample 28,Time-MoE,0.4992203414440155
Sample 29,Chronos,0.5000172853469849
Sample 29,TimesFM,0.49998271465301514
Sample 30,Chronos,0.5000298619270325
Sample 30,TimesFM,0.49997013807296753
Sample 31,Moirai,0.5006930232048035
Sample 31,Time-MoE,0.49930697679519653
Sample 0,Moirai,0.5014563798904419
Sample 0,Chronos,0.4985435903072357
Sample 1,Timer,0.5000141263008118
Sample 1,Chronos,0.49998584389686584
Sample 2,Moirai,0.5003448128700256
Sample 2,Time-MoE,0.499655157327652
Sample 3,Chronos,0.5000133514404297
Sample 3,Timer,0.4999866783618927
Sample 4,Moirai,0.5006076693534851
Sample 4,Time-MoE,0.4993923008441925
Sample 5,Timer,0.5000008940696716
Sample 5,TimesFM,0.49999913573265076
Sample 6,Moirai,0.5000139474868774
Sample 6,Chronos,0.49998602271080017
Sample 7,Moirai,0.5005404949188232
Sample 7,Time-MoE,0.49945947527885437
Sample 8,Moirai,0.5015819072723389
Sample 8,Time-MoE,0.4984181225299835
Sample 9,Timer,0.5000256896018982
Sample 9,TimesFM,0.4999742805957794
Sample 10,Moirai,0.5003122091293335
Sample 10,Time-MoE,0.4996877610683441
Sample 11,Chronos,0.500003457069397
Sample 11,TimesFM,0.4999965727329254
Sample 12,Chronos,0.5000301599502563
Sample 12,Time-MoE,0.49996981024742126
Sample 13,TimesFM,0.5000172257423401
Sample 13,Chronos,0.4999827444553375
Sample 14,Moirai,0.5007373094558716
Sample 14,TimesFM,0.4992626905441284
Sample 15,Moirai,0.5009991526603699
Sample 15,Time-MoE,0.4990008473396301
Sample 16,Moirai,0.5014036297798157
Sample 16,TimesFM,0.49859634041786194
Sample 17,Timer,0.5000342726707458
Sample 17,TimesFM,0.49996575713157654
Sample 18,Moirai,0.5008286833763123
Sample 18,Time-MoE,0.49917128682136536
Sample 19,Chronos,0.5000033974647522
Sample 19,Timer,0.4999966323375702
Sample 20,TimesFM,0.5000067949295044
Sample 20,Chronos,0.4999932050704956
Sample 21,Timer,0.5000520944595337
Sample 21,TimesFM,0.4999479353427887
Sample 22,Chronos,0.5000006556510925
Sample 22,TimesFM,0.49999937415122986
Sample 23,Moirai,0.5009387135505676
Sample 23,Time-MoE,0.49906131625175476
Sample 24,Moirai,0.5009841322898865
Sample 24,Timer,0.4990158677101135
Sample 25,Timer,0.5000321269035339
Sample 25,TimesFM,0.49996787309646606
Sample 26,Moirai,0.5006583333015442
Sample 26,Time-MoE,0.4993416666984558
Sample 27,Chronos,0.5000203251838684
Sample 27,TimesFM,0.4999796450138092
Sample 28,Moirai,0.5007709860801697
Sample 28,TimesFM,0.49922898411750793
Sample 29,TimesFM,0.5000073313713074
Sample 29,Time-MoE,0.49999263882637024
Sample 30,Moirai,0.5006136298179626
Sample 30,Timer,0.49938637018203735
Sample 31,Moirai,0.5004565119743347
Sample 31,Time-MoE,0.4995434582233429
Sample 0,Moirai,0.500312089920044
Sample 0,Timer,0.4996878504753113
Sample 1,Timer,0.5000056028366089
Sample 1,Chronos,0.4999944269657135
Sample 2,Moirai,0.5000956058502197
Sample 2,Time-MoE,0.4999043941497803
Sample 3,Timer,0.5000342130661011
Sample 3,Chronos,0.4999658167362213
Sample 4,Moirai,0.5003534555435181
Sample 4,TimesFM,0.49964651465415955
Sample 5,Timer,0.5000379681587219
Sample 5,TimesFM,0.49996206164360046
Sample 6,Chronos,0.500015139579773
Sample 6,TimesFM,0.49998483061790466
Sample 7,Moirai,0.5006876587867737
Sample 7,Time-MoE,0.49931231141090393
Sample 8,Moirai,0.5016187429428101
Sample 8,TimesFM,0.49838125705718994
Sample 9,Timer,0.5000155568122864
Sample 9,Chronos,0.49998441338539124
Sample 10,Moirai,0.5000050067901611
Sample 10,Time-MoE,0.49999502301216125
Sample 11,Chronos,0.5000200271606445
Sample 11,Timer,0.4999799430370331
Sample 12,Moirai,0.5008257627487183
Sample 12,Time-MoE,0.49917423725128174
Sample 13,Timer,0.5000166893005371
Sample 13,Chronos,0.4999833405017853
Sample 14,Chronos,0.5000458359718323
Sample 14,TimesFM,0.4999541938304901
Sample 15,Moirai,0.5010360479354858
Sample 15,TimesFM,0.49896395206451416
Sample 0,Moirai,0.5016741752624512
Sample 0,TimesFM,0.49832582473754883
Sample 1,Chronos,0.5000008940696716
Sample 1,Timer,0.49999913573265076
Sample 2,Moirai,0.5003277063369751
Sample 2,TimesFM,0.4996722936630249
Sample 3,Chronos,0.5000229477882385
Sample 3,TimesFM,0.49997708201408386
Sample 4,Moirai,0.5006434917449951
Sample 4,TimesFM,0.49935653805732727
Sample 5,Timer,0.5000184774398804
Sample 5,TimesFM,0.49998149275779724
Sample 6,Chronos,0.5000535845756531
Sample 6,TimesFM,0.4999464452266693
Sample 7,Moirai,0.5009803771972656
Sample 7,TimesFM,0.49901965260505676
Sample 8,Moirai,0.5012968182563782
Sample 8,TimesFM,0.49870312213897705
Sample 9,Timer,0.5000160336494446
Sample 9,Chronos,0.4999839961528778
Sample 10,Moirai,0.5001296401023865
Sample 10,Time-MoE,0.4998704195022583
Sample 11,Timer,0.500015914440155
Sample 11,TimesFM,0.49998411536216736
Sample 12,Moirai,0.5012191534042358
Sample 12,TimesFM,0.49878090620040894
Sample 13,Timer,0.5000330209732056
Sample 13,TimesFM,0.4999670088291168
Sample 14,Chronos,0.5000069737434387
Sample 14,TimesFM,0.49999305605888367
Sample 15,Moirai,0.5009667873382568
Sample 15,TimesFM,0.4990331530570984
Sample 16,Moirai,0.5016536116600037
Sample 16,Time-MoE,0.49834632873535156
Sample 17,Timer,0.500031590461731
Sample 17,TimesFM,0.49996840953826904
Sample 18,Moirai,0.5008350014686584
Sample 18,Timer,0.49916496872901917
Sample 19,Chronos,0.5000091791152954
Sample 19,TimesFM,0.499990850687027
Sample 20,Moirai,0.5007907748222351
Sample 20,TimesFM,0.4992092251777649
Sample 21,Timer,0.5000471472740173
Sample 21,TimesFM,0.49995285272598267
Sample 22,Moirai,0.5004353523254395
Sample 22,TimesFM,0.49956458806991577
Sample 23,Moirai,0.5007866621017456
Sample 23,Chronos,0.4992133378982544
Sample 24,Moirai,0.5017309784889221
Sample 24,Timer,0.49826905131340027
Sample 25,Timer,0.5000014305114746
Sample 25,Chronos,0.4999985992908478
Sample 26,Moirai,0.5002740621566772
Sample 26,TimesFM,0.49972593784332275
Sample 27,Moirai,0.500534176826477
Sample 27,TimesFM,0.49946585297584534
Sample 28,Moirai,0.5007811784744263
Sample 28,Timer,0.49921882152557373
Sample 29,Timer,0.5000297427177429
Sample 29,TimesFM,0.49997028708457947
Sample 30,Chronos,0.5000003576278687
Sample 30,TimesFM,0.49999967217445374
Sample 31,Moirai,0.5006082653999329
Sample 31,TimesFM,0.49939170479774475
Sample 0,Moirai,0.5010358691215515
Sample 0,Timer,0.4989641010761261
Sample 1,Timer,0.5000283122062683
Sample 1,Chronos,0.4999716877937317
Sample 2,Moirai,0.5006580948829651
Sample 2,Timer,0.4993419647216797
Sample 3,Chronos,0.5000256299972534
Sample 3,Timer,0.4999743700027466
Sample 4,Moirai,0.5004335641860962
Sample 4,Time-MoE,0.4995664060115814
Sample 5,Timer,0.5000409483909607
Sample 5,TimesFM,0.4999590814113617
Sample 6,Chronos,0.5000585317611694
Sample 6,Moirai,0.49994146823883057
Sample 7,Moirai,0.5011939406394958
Sample 7,Time-MoE,0.49880605936050415
Sample 8,Moirai,0.5013719201087952
Sample 8,Timer,0.49862805008888245
Sample 9,Timer,0.5000371336936951
Sample 9,TimesFM,0.4999628961086273
Sample 10,Timer,0.5000044107437134
Sample 10,Moirai,0.499995619058609
Sample 11,Moirai,0.5001256465911865
Sample 11,Timer,0.4998743534088135
Sample 12,Moirai,0.5006839632987976
Sample 12,TimesFM,0.4993160367012024
Sample 13,Timer,0.5000548958778381
Sample 13,TimesFM,0.49994510412216187
Sample 14,Chronos,0.5001097321510315
Sample 14,TimesFM,0.49989020824432373
Sample 15,Moirai,0.5008224248886108
Sample 15,Time-MoE,0.49917763471603394
Sample 16,Moirai,0.5018591284751892
Sample 16,Timer,0.4981408715248108
Sample 17,Timer,0.500034749507904
Sample 17,TimesFM,0.49996528029441833
Sample 18,Moirai,0.5004116892814636
Sample 18,Time-MoE,0.4995883107185364
Sample 19,Chronos,0.5000123381614685
Sample 19,Timer,0.4999876916408539
Sample 20,Moirai,0.5001251101493835
Sample 20,Timer,0.49987488985061646
Sample 21,Timer,0.5000530481338501
Sample 21,TimesFM,0.4999469816684723
Sample 22,Moirai,0.5000484585762024
Sample 22,Chronos,0.49995157122612
Sample 23,Moirai,0.5007763504981995
Sample 23,Time-MoE,0.49922364950180054
Sample 24,Moirai,0.5006759762763977
Sample 24,Time-MoE,0.4993239641189575
Sample 25,Timer,0.5
Sample 25,Chronos,0.5
Sample 26,Time-MoE,0.5000295042991638
Sample 26,TimesFM,0.4999704957008362
Sample 27,Timer,0.5000434517860413
Sample 27,TimesFM,0.49995654821395874
Sample 28,Moirai,0.5010654330253601
Sample 28,Timer,0.4989345669746399
Sample 29,Timer,0.5000668168067932
Sample 29,TimesFM,0.4999332129955292
Sample 30,Chronos,0.5000161528587341
Sample 30,TimesFM,0.49998387694358826
Sample 31,Moirai,0.5011006593704224
Sample 31,TimesFM,0.49889934062957764
Sample 0,Moirai,0.5015702247619629
Sample 0,Time-MoE,0.49842971563339233
Sample 1,Timer,0.5000467896461487
Sample 1,Chronos,0.4999532401561737
Sample 2,Moirai,0.5002837777137756
Sample 2,Timer,0.49971622228622437
Sample 3,Chronos,0.5000295639038086
Sample 3,Timer,0.4999704360961914
Sample 4,Moirai,0.5008004903793335
Sample 4,Time-MoE,0.49919945001602173
Sample 5,Time-MoE,0.5000077486038208
Sample 5,TimesFM,0.4999922811985016
Sample 6,Timer,0.5000724196434021
Sample 6,Time-MoE,0.4999276101589203
Sample 7,Moirai,0.5007326602935791
Sample 7,Time-MoE,0.4992673099040985
Sample 8,Moirai,0.5017563104629517
Sample 8,Timer,0.4982437193393707
Sample 9,Timer,0.5000157952308655
Sample 9,Chronos,0.4999842047691345
Sample 10,Moirai,0.5000758171081543
Sample 10,Chronos,0.4999242126941681
Sample 11,Moirai,0.5000249743461609
Sample 11,Chronos,0.4999750554561615
Sample 12,Moirai,0.5008781552314758
Sample 12,Timer,0.4991218149662018
Sample 13,Timer,0.5000625848770142
Sample 13,TimesFM,0.49993738532066345
Sample 14,Chronos,0.5000556111335754
Sample 14,Time-MoE,0.49994441866874695
Sample 15,Moirai,0.5008194446563721
Sample 15,Time-MoE,0.49918049573898315
Sample 16,Moirai,0.5002844929695129
Sample 16,Timer,0.49971550703048706
Sample 17,Timer,0.5000115633010864
Sample 17,Chronos,0.4999884068965912
Sample 18,Moirai,0.50035560131073
Sample 18,Time-MoE,0.49964436888694763
Sample 19,Moirai,0.500330924987793
Sample 19,TimesFM,0.49966907501220703
Sample 20,Moirai,0.5010056495666504
Sample 20,Time-MoE,0.4989943206310272
Sample 21,Timer,0.500089704990387
Sample 21,TimesFM,0.49991026520729065
Sample 22,Chronos,0.50002521276474
Sample 22,Moirai,0.4999747574329376
Sample 23,Moirai,0.5001279711723328
Sample 23,TimesFM,0.4998720586299896
Sample 24,Moirai,0.5016263127326965
Sample 24,Timer,0.49837368726730347
Sample 25,Chronos,0.5000201463699341
Sample 25,Timer,0.4999798834323883
Sample 26,Moirai,0.5006147027015686
Sample 26,Time-MoE,0.49938535690307617
Sample 27,Timer,0.5000411868095398
Sample 27,TimesFM,0.4999588429927826
Sample 28,Moirai,0.5009220838546753
Sample 28,Timer,0.4990779161453247
Sample 29,Timer,0.5000327229499817
Sample 29,Chronos,0.4999673068523407
Sample 30,Chronos,0.5000358819961548
Sample 30,TimesFM,0.4999640882015228
Sample 31,Moirai,0.5008973479270935
Sample 31,Time-MoE,0.4991026818752289
Sample 0,Moirai,0.5016474723815918
Sample 0,Time-MoE,0.4983525574207306
Sample 1,Timer,0.5000298023223877
Sample 1,Chronos,0.4999701976776123
Sample 2,Moirai,0.5002642273902893
Sample 2,Timer,0.4997357130050659
Sample 3,Timer,0.5000095963478088
Sample 3,Chronos,0.4999903738498688
Sample 4,Moirai,0.5000982880592346
Sample 4,Chronos,0.4999017119407654
Sample 5,Moirai,0.5006480813026428
Sample 5,Timer,0.4993518888950348
Sample 6,Moirai,0.5005960464477539
Sample 6,Time-MoE,0.4994039237499237
Sample 7,Moirai,0.5007364749908447
Sample 7,Time-MoE,0.4992635250091553
Sample 8,Moirai,0.5018616914749146
Sample 8,Timer,0.49813827872276306
Sample 9,Chronos,0.5000042915344238
Sample 9,Timer,0.4999956786632538
Sample 10,Moirai,0.5004122853279114
Sample 10,Time-MoE,0.4995877146720886
Sample 11,Chronos,0.5000311732292175
Sample 11,Timer,0.49996885657310486
Sample 12,Moirai,0.5011021494865417
Sample 12,Time-MoE,0.49889785051345825
Sample 13,Timer,0.5000199675559998
Sample 13,Time-MoE,0.49998006224632263
Sample 14,Chronos,0.5000350475311279
Sample 14,Timer,0.4999649226665497
Sample 15,Moirai,0.5011389851570129
Sample 15,Time-MoE,0.49886101484298706
Sample 16,Moirai,0.5017673969268799
Sample 16,Timer,0.49823254346847534
Sample 17,Chronos,0.5000690221786499
Sample 17,Time-MoE,0.4999309778213501
Sample 18,Moirai,0.5005419850349426
Sample 18,Time-MoE,0.49945804476737976
Sample 19,Timer,0.5000184178352356
Sample 19,Chronos,0.499981552362442
Sample 20,Moirai,0.5006917119026184
Sample 20,Time-MoE,0.499308317899704
Sample 21,Chronos,0.5000460147857666
Sample 21,Timer,0.4999539852142334
Sample 22,Moirai,0.500228762626648
Sample 22,Time-MoE,0.49977120757102966
Sample 23,Moirai,0.5008463263511658
Sample 23,Time-MoE,0.49915367364883423
Sample 24,Moirai,0.5016884803771973
Sample 24,Timer,0.49831151962280273
Sample 25,Chronos,0.5000120997428894
Sample 25,Timer,0.499987930059433
Sample 26,Moirai,0.5007809400558472
Sample 26,Time-MoE,0.49921905994415283
Sample 27,Chronos,0.5000469088554382
Sample 27,TimesFM,0.49995312094688416
Sample 28,Moirai,0.5012412667274475
Sample 28,Timer,0.4987587332725525
Sample 29,Timer,0.500012218952179
Sample 29,Chronos,0.49998781085014343
Sample 30,Chronos,0.5000402927398682
Sample 30,Time-MoE,0.4999597370624542
Sample 31,Moirai,0.5012651681900024
Sample 31,Time-MoE,0.49873483180999756
Sample 0,Moirai,0.5012622475624084
Sample 0,Time-MoE,0.49873775243759155
Sample 1,Chronos,0.5000090599060059
Sample 1,Timer,0.49999091029167175
Sample 2,Moirai,0.5003747344017029
Sample 2,Timer,0.4996252954006195
Sample 3,Chronos,0.5000305771827698
Sample 3,Timer,0.4999694228172302
Sample 4,Moirai,0.5009190440177917
Sample 4,Time-MoE,0.49908092617988586
Sample 5,Timer,0.5000088214874268
Sample 5,Chronos,0.49999120831489563
Sample 6,Chronos,0.5000768899917603
Sample 6,Timer,0.49992311000823975
Sample 7,Moirai,0.5009792447090149
Sample 7,Time-MoE,0.4990207850933075
Sample 8,Moirai,0.501697301864624
Sample 8,Time-MoE,0.4983026683330536
Sample 9,Chronos,0.500023365020752
Sample 9,Timer,0.49997666478157043
Sample 10,Moirai,0.5004794001579285
Sample 10,Time-MoE,0.4995206594467163
Sample 11,Moirai,0.5004746913909912
Sample 11,Time-MoE,0.4995253086090088
Sample 12,Moirai,0.5008307695388794
Sample 12,Time-MoE,0.4991692304611206
Sample 13,Moirai,0.500083863735199
Sample 13,Timer,0.4999161660671234
Sample 14,Moirai,0.5001237988471985
Sample 14,Chronos,0.4998762309551239
Sample 15,Moirai,0.5002443790435791
Sample 15,Time-MoE,0.4997556507587433
Sample 16,Moirai,0.5007867813110352
Sample 16,Timer,0.49921324849128723
Sample 17,Chronos,0.5000401139259338
Sample 17,Timer,0.49995991587638855
Sample 18,Time-MoE,0.5000280141830444
Sample 18,Moirai,0.49997201561927795
Sample 19,Timer,0.5000088214874268
Sample 19,Chronos,0.49999120831489563
Sample 20,Moirai,0.5009831190109253
Sample 20,Timer,0.4990168809890747
Sample 21,Timer,0.5000470280647278
Sample 21,Chronos,0.4999529719352722
Sample 22,Chronos,0.5000415444374084
Sample 22,Time-MoE,0.49995848536491394
Sample 23,Moirai,0.500843346118927
Sample 23,Time-MoE,0.4991566240787506
Sample 24,Moirai,0.5019508600234985
Sample 24,Timer,0.49804916977882385
Sample 25,Chronos,0.5000141263008118
Sample 25,Timer,0.49998587369918823
Sample 26,Moirai,0.5002840161323547
Sample 26,Timer,0.49971604347229004
Sample 27,Chronos,0.5000359416007996
Sample 27,Timer,0.4999640882015228
Sample 28,Moirai,0.5009461045265198
Sample 28,Time-MoE,0.49905386567115784
Sample 29,Chronos,0.5000277161598206
Sample 29,Time-MoE,0.49997225403785706
Sample 30,Chronos,0.5000659823417664
Sample 30,Timer,0.49993404746055603
Sample 31,Moirai,0.5008498430252075
Sample 31,Time-MoE,0.49915018677711487
Sample 0,Moirai,0.5017752051353455
Sample 0,Timer,0.49822476506233215
Sample 1,Chronos,0.5000195503234863
Sample 1,Timer,0.49998047947883606
Sample 2,Moirai,0.5004099011421204
Sample 2,Time-MoE,0.499590128660202
Sample 3,Chronos,0.5000534057617188
Sample 3,Timer,0.49994659423828125
Sample 4,Moirai,0.500720202922821
Sample 4,Time-MoE,0.49927979707717896
Sample 5,Chronos,0.5000099539756775
Sample 5,Time-MoE,0.4999900460243225
Sample 6,Moirai,0.5000262260437012
Sample 6,Chronos,0.49997374415397644
Sample 7,Moirai,0.5006585717201233
Sample 7,Time-MoE,0.4993414282798767
Sample 8,Moirai,0.5019170641899109
Sample 8,Time-MoE,0.4980829656124115
Sample 9,Timer,0.5000001788139343
Sample 9,Chronos,0.49999985098838806
Sample 10,Moirai,0.5003707408905029
Sample 10,Time-MoE,0.49962925910949707
Sample 11,Chronos,0.5000413656234741
Sample 11,Timer,0.4999586343765259
Sample 12,Chronos,0.5000404119491577
Sample 12,Time-MoE,0.4999595880508423
Sample 13,Chronos,0.5000231266021729
Sample 13,TimesFM,0.49997687339782715
Sample 14,Moirai,0.5008804202079773
Sample 14,TimesFM,0.4991195499897003
Sample 15,Moirai,0.5011922717094421
Sample 15,Time-MoE,0.49880772829055786
Sample 16,Moirai,0.5017048716545105
Sample 16,Time-MoE,0.4982951283454895
Sample 17,Timer,0.5000205636024475
Sample 17,Chronos,0.4999794065952301
Sample 18,Moirai,0.5009945034980774
Sample 18,Time-MoE,0.499005526304245
Sample 19,Chronos,0.5000389218330383
Sample 19,Timer,0.49996110796928406
Sample 20,Chronos,0.5000354647636414
Sample 20,Timer,0.49996453523635864
Sample 21,Timer,0.5000721216201782
Sample 21,Chronos,0.4999278783798218
Sample 22,Chronos,0.5000121593475342
Sample 22,Time-MoE,0.49998781085014343
Sample 23,Moirai,0.5011271238327026
Sample 23,Time-MoE,0.49887287616729736
Sample 24,Moirai,0.5012071132659912
Sample 24,Timer,0.4987928569316864
Sample 25,Timer,0.5000066757202148
Sample 25,Chronos,0.49999335408210754
Sample 26,Moirai,0.5007917284965515
Sample 26,Time-MoE,0.4992083013057709
Sample 27,Chronos,0.5000700950622559
Sample 27,Timer,0.49992990493774414
Sample 28,Moirai,0.5009084343910217
Sample 28,Time-MoE,0.49909162521362305
Sample 29,Time-MoE,0.5000172853469849
Sample 29,Chronos,0.49998268485069275
Sample 30,Moirai,0.5007326006889343
Sample 30,Timer,0.4992673993110657
Sample 31,Moirai,0.5005341172218323
Sample 31,Time-MoE,0.4994658827781677
Sample 0,Moirai,0.5004051327705383
Sample 0,Timer,0.49959492683410645
Sample 1,Chronos,0.5000513195991516
Sample 1,Timer,0.4999486804008484
Sample 2,Moirai,0.5001137256622314
Sample 2,Time-MoE,0.49988627433776855
Sample 3,Chronos,0.5000146627426147
Sample 3,Timer,0.49998536705970764
Sample 4,Moirai,0.5004125833511353
Sample 4,TimesFM,0.49958744645118713
Sample 5,Timer,0.5000380277633667
Sample 5,Chronos,0.4999619424343109
Sample 6,Chronos,0.5000550150871277
Sample 6,Time-MoE,0.4999449551105499
Sample 7,Moirai,0.5008255243301392
Sample 7,Time-MoE,0.49917444586753845
Sample 8,Moirai,0.5019792318344116
Sample 8,Time-MoE,0.498020738363266
Sample 9,Chronos,0.5000343322753906
Sample 9,Timer,0.49996569752693176
Sample 10,Moirai,0.5000109076499939
Sample 10,Time-MoE,0.4999891221523285
Sample 11,Chronos,0.5000743865966797
Sample 11,Timer,0.4999256432056427
Sample 12,Moirai,0.5009709000587463
Sample 12,Time-MoE,0.49902912974357605
Sample 13,Chronos,0.5000266432762146
Sample 13,Timer,0.4999733567237854
Sample 14,Chronos,0.5001071691513062
Sample 14,Time-MoE,0.49989283084869385
Sample 15,Moirai,0.5012502670288086
Sample 15,Time-MoE,0.49874967336654663
Sample 0,Moirai,0.5020312666893005
Sample 0,Chronos,0.49796876311302185
Sample 1,Chronos,0.5000611543655396
Sample 1,Timer,0.49993884563446045
Sample 2,Moirai,0.5003814101219177
Sample 2,TimesFM,0.4996185600757599
Sample 3,Chronos,0.5000773668289185
Sample 3,TimesFM,0.49992260336875916
Sample 4,Moirai,0.5007563233375549
Sample 4,Time-MoE,0.4992436468601227
Sample 5,Chronos,0.5000216364860535
Sample 5,Timer,0.4999783933162689
Sample 6,Chronos,0.5001133680343628
Sample 6,Time-MoE,0.4998866319656372
Sample 7,Moirai,0.5011753439903259
Sample 7,TimesFM,0.4988246560096741
Sample 8,Moirai,0.5015838146209717
Sample 8,Chronos,0.4984162151813507
Sample 9,Chronos,0.5000468492507935
Sample 9,Timer,0.49995312094688416
Sample 10,Moirai,0.5001521110534668
Sample 10,Time-MoE,0.4998478889465332
Sample 11,Chronos,0.500032365322113
Sample 11,Timer,0.4999676048755646
Sample 12,Moirai,0.5014491081237793
Sample 12,Time-MoE,0.4985508918762207
Sample 13,Chronos,0.5000033378601074
Sample 13,Timer,0.4999966621398926
Sample 14,Chronos,0.5000622272491455
Sample 14,TimesFM,0.4999377429485321
Sample 15,Moirai,0.5011605620384216
Sample 15,TimesFM,0.498839408159256
Sample 16,Moirai,0.5019828081130981
Sample 16,Time-MoE,0.49801716208457947
Sample 17,Chronos,0.5000197291374207
Sample 17,Timer,0.49998030066490173
Sample 18,Moirai,0.5009875297546387
Sample 18,Timer,0.49901247024536133
Sample 19,Chronos,0.5000691413879395
Sample 19,TimesFM,0.49993085861206055
Sample 20,Moirai,0.5009275674819946
Sample 20,Chronos,0.49907243251800537
Sample 21,Timer,0.5000165104866028
Sample 21,Chronos,0.4999835193157196
Sample 22,Moirai,0.5004934072494507
Sample 22,Chronos,0.49950656294822693
Sample 23,Moirai,0.5009045004844666
Sample 23,Chronos,0.49909546971321106
Sample 24,Moirai,0.5020912885665894
Sample 24,Timer,0.49790871143341064
Sample 25,Chronos,0.5000642538070679
Sample 25,Timer,0.4999357759952545
Sample 26,Moirai,0.5003345012664795
Sample 26,Time-MoE,0.4996655285358429
Sample 27,Moirai,0.5006520748138428
Sample 27,TimesFM,0.49934786558151245
Sample 28,Moirai,0.50092613697052
Sample 28,Timer,0.49907386302948
Sample 29,Chronos,0.5000097751617432
Sample 29,Timer,0.4999902546405792
Sample 30,Chronos,0.5000399351119995
Sample 30,Time-MoE,0.4999600946903229
Sample 31,Moirai,0.5007517337799072
Sample 31,TimesFM,0.4992482662200928
Sample 0,Moirai,0.5012762546539307
Sample 0,Timer,0.4987237751483917
Sample 1,Chronos,0.500035285949707
Sample 1,Timer,0.49996474385261536
Sample 2,Moirai,0.500787079334259
Sample 2,Timer,0.4992128908634186
Sample 3,Chronos,0.5000879168510437
Sample 3,TimesFM,0.4999120831489563
Sample 4,Moirai,0.5005099773406982
Sample 4,Time-MoE,0.49949005246162415
Sample 5,Timer,0.5000191330909729
Sample 5,Chronos,0.4999808967113495
Sample 6,Chronos,0.5001123547554016
Sample 6,Time-MoE,0.4998876452445984
Sample 7,Moirai,0.5014094710350037
Sample 7,TimesFM,0.49859046936035156
Sample 8,Moirai,0.5016605854034424
Sample 8,TimesFM,0.49833938479423523
Sample 9,Chronos,0.5000262260437012
Sample 9,Timer,0.49997374415397644
Sample 10,Moirai,0.5000159740447998
Sample 10,Time-MoE,0.4999840259552002
Sample 11,Moirai,0.50017249584198
Sample 11,Time-MoE,0.49982747435569763
Sample 12,Moirai,0.5007831454277039
Sample 12,TimesFM,0.49921688437461853
Sample 13,Timer,0.5000267028808594
Sample 13,Chronos,0.49997326731681824
Sample 14,Chronos,0.5001858472824097
Sample 14,TimesFM,0.49981412291526794
Sample 15,Moirai,0.5010011196136475
Sample 15,TimesFM,0.49899888038635254
Sample 16,Moirai,0.5022603273391724
Sample 16,Timer,0.49773967266082764
Sample 17,Chronos,0.5000278353691101
Sample 17,Timer,0.4999721348285675
Sample 18,Moirai,0.5004720091819763
Sample 18,Time-MoE,0.4995279312133789
Sample 19,Chronos,0.5000767707824707
Sample 19,Timer,0.4999232590198517
Sample 20,Moirai,0.5001550912857056
Sample 20,Timer,0.4998449385166168
Sample 21,Timer,0.5000193119049072
Sample 21,Chronos,0.4999806582927704
Sample 22,Moirai,0.5000234246253967
Sample 22,Chronos,0.49997660517692566
Sample 23,Moirai,0.5009059309959412
Sample 23,TimesFM,0.49909406900405884
Sample 24,Moirai,0.5008187294006348
Sample 24,Time-MoE,0.49918121099472046
Sample 25,Chronos,0.500072717666626
Sample 25,Timer,0.4999273121356964
Sample 26,Time-MoE,0.5000430345535278
Sample 26,TimesFM,0.49995699524879456
Sample 27,Chronos,0.5000085830688477
Sample 27,Timer,0.49999144673347473
Sample 28,Moirai,0.5012593865394592
Sample 28,TimesFM,0.49874064326286316
Sample 29,Timer,0.500022292137146
Sample 29,Chronos,0.4999776780605316
Sample 30,Chronos,0.5000637769699097
Sample 30,TimesFM,0.49993622303009033
Sample 31,Moirai,0.5012903213500977
Sample 31,TimesFM,0.4987097382545471
Sample 0,Moirai,0.5018691420555115
Sample 0,TimesFM,0.49813082814216614
Sample 1,Chronos,0.50001060962677
Sample 1,Timer,0.49998939037323
Sample 2,Moirai,0.5003604888916016
Sample 2,Timer,0.49963948130607605
Sample 3,Chronos,0.5000753998756409
Sample 3,TimesFM,0.49992457032203674
Sample 4,Moirai,0.5009782910346985
Sample 4,Time-MoE,0.4990216791629791
Sample 5,Time-MoE,0.5000043511390686
Sample 5,TimesFM,0.4999956488609314
Sample 6,Timer,0.5000556111335754
Sample 6,Chronos,0.49994441866874695
Sample 7,Moirai,0.5008739829063416
Sample 7,TimesFM,0.49912601709365845
Sample 8,Moirai,0.5021355152130127
Sample 8,TimesFM,0.49786442518234253
Sample 9,Chronos,0.5000498294830322
Sample 9,Timer,0.49995020031929016
Sample 10,Moirai,0.5000499486923218
Sample 10,Chronos,0.4999500811100006
Sample 11,Chronos,0.500008225440979
Sample 11,Moirai,0.4999918043613434
Sample 12,Moirai,0.5010287165641785
Sample 12,TimesFM,0.49897128343582153
Sample 13,Timer,0.5000106692314148
Sample 13,Chronos,0.4999893605709076
Sample 14,Chronos,0.5001097321510315
Sample 14,TimesFM,0.4998902678489685
Sample 15,Moirai,0.5009721517562866
Sample 15,TimesFM,0.49902787804603577
Sample 16,Moirai,0.5003519058227539
Sample 16,Chronos,0.4996481239795685
Sample 17,Chronos,0.5000516772270203
Sample 17,Timer,0.49994829297065735
Sample 18,Moirai,0.5004093050956726
Sample 18,Time-MoE,0.4995906949043274
Sample 19,Moirai,0.5003936886787415
Sample 19,TimesFM,0.49960628151893616
Sample 20,Moirai,0.5011528730392456
Sample 20,TimesFM,0.498847097158432
Sample 21,Timer,0.5000518560409546
Sample 21,Chronos,0.499948114156723
Sample 22,Chronos,0.5000690221786499
Sample 22,Moirai,0.4999309480190277
Sample 23,Moirai,0.500142514705658
Sample 23,TimesFM,0.49985748529434204
Sample 24,Moirai,0.5019664168357849
Sample 24,TimesFM,0.4980336129665375
Sample 25,Chronos,0.5000852346420288
Sample 25,TimesFM,0.4999147951602936
Sample 26,Moirai,0.5007136464118958
Sample 26,Chronos,0.49928635358810425
Sample 27,Timer,0.5000174045562744
Sample 27,Chronos,0.499982625246048
Sample 28,Moirai,0.5010796189308167
Sample 28,TimesFM,0.49892035126686096
Sample 29,Chronos,0.5000156760215759
Sample 29,Timer,0.4999842941761017
Sample 30,Chronos,0.5000755190849304
Sample 30,TimesFM,0.4999244809150696
Sample 31,Moirai,0.5010370016098022
Sample 31,TimesFM,0.49896296858787537
Sample 0,Moirai,0.5019668936729431
Sample 0,TimesFM,0.4980331063270569
Sample 1,Chronos,0.5000262260437012
Sample 1,Timer,0.49997377395629883
Sample 2,Moirai,0.5003495216369629
Sample 2,Timer,0.4996505081653595
Sample 3,Chronos,0.5000484585762024
Sample 3,Timer,0.4999515116214752
Sample 4,Moirai,0.5000858306884766
Sample 4,Chronos,0.49991416931152344
Sample 5,Moirai,0.5007668137550354
Sample 5,Chronos,0.4992331862449646
Sample 6,Moirai,0.5007003545761108
Sample 6,Time-MoE,0.4992995858192444
Sample 7,Moirai,0.5008727312088013
Sample 7,Time-MoE,0.4991272985935211
Sample 8,Moirai,0.5022507905960083
Sample 8,TimesFM,0.4977492392063141
Sample 9,Chronos,0.5000638365745544
Sample 9,Timer,0.49993613362312317
Sample 10,Moirai,0.5004661083221436
Sample 10,TimesFM,0.49953383207321167
Sample 11,Chronos,0.5000842213630676
Sample 11,TimesFM,0.49991574883461
Sample 12,Moirai,0.5012931823730469
Sample 12,TimesFM,0.4987068176269531
Sample 13,Chronos,0.5000182390213013
Sample 13,Time-MoE,0.49998173117637634
Sample 14,Chronos,0.5000710487365723
Sample 14,TimesFM,0.4999289810657501
Sample 15,Moirai,0.5013473033905029
Sample 15,TimesFM,0.49865272641181946
Sample 16,Moirai,0.5021327137947083
Sample 16,Chronos,0.49786731600761414
Sample 17,Chronos,0.5000967979431152
Sample 17,TimesFM,0.49990314245224
Sample 18,Moirai,0.500649094581604
Sample 18,Time-MoE,0.499350905418396
Sample 19,Chronos,0.500021755695343
Sample 19,TimesFM,0.49997827410697937
Sample 20,Moirai,0.5007928013801575
Sample 20,TimesFM,0.49920716881752014
Sample 21,Chronos,0.5000922679901123
Sample 21,TimesFM,0.4999077320098877
Sample 22,Moirai,0.5002749562263489
Sample 22,Time-MoE,0.4997251033782959
Sample 23,Moirai,0.50100177526474
Sample 23,TimesFM,0.49899822473526
Sample 24,Moirai,0.5020384788513184
Sample 24,TimesFM,0.49796155095100403
Sample 25,Chronos,0.5000761151313782
Sample 25,Timer,0.4999239146709442
Sample 26,Moirai,0.5009220838546753
Sample 26,Chronos,0.4990779161453247
Sample 27,Chronos,0.5000777244567871
Sample 27,TimesFM,0.4999223053455353
Sample 28,Moirai,0.5014742612838745
Sample 28,TimesFM,0.4985257387161255
Sample 29,Chronos,0.5000403523445129
Sample 29,Timer,0.49995967745780945
Sample 30,Chronos,0.5000739693641663
Sample 30,Time-MoE,0.49992606043815613
Sample 31,Moirai,0.5014743208885193
Sample 31,TimesFM,0.4985257387161255
Sample 0,Moirai,0.5015147924423218
Sample 0,Chronos,0.49848517775535583
Sample 1,Chronos,0.500059187412262
Sample 1,Timer,0.4999408423900604
Sample 2,Moirai,0.5004245638847351
Sample 2,TimesFM,0.4995754659175873
Sample 3,Chronos,0.5000784993171692
Sample 3,Timer,0.4999214708805084
Sample 4,Moirai,0.5010578632354736
Sample 4,TimesFM,0.49894213676452637
Sample 5,Chronos,0.5000377297401428
Sample 5,Timer,0.4999622404575348
Sample 6,Chronos,0.5001185536384583
Sample 6,TimesFM,0.49988144636154175
Sample 7,Moirai,0.5011626482009888
Sample 7,Time-MoE,0.49883735179901123
Sample 8,Moirai,0.5020318627357483
Sample 8,TimesFM,0.4979681074619293
Sample 9,Chronos,0.5000794529914856
Sample 9,Timer,0.4999205470085144
Sample 10,Moirai,0.500560998916626
Sample 10,Time-MoE,0.499439001083374
Sample 11,Moirai,0.5005527138710022
Sample 11,TimesFM,0.4994473159313202
Sample 12,Moirai,0.5009627342224121
Sample 12,TimesFM,0.4990372657775879
Sample 13,Moirai,0.500117838382721
Sample 13,Timer,0.49988213181495667
Sample 14,Moirai,0.500113844871521
Sample 14,Chronos,0.499886155128479
Sample 15,Moirai,0.5002877116203308
Sample 15,TimesFM,0.4997122585773468
Sample 16,Moirai,0.5009565353393555
Sample 16,Timer,0.49904346466064453
Sample 17,Chronos,0.5000942945480347
Sample 17,Timer,0.49990564584732056
Sample 18,Time-MoE,0.5000371336936951
Sample 18,Moirai,0.4999628961086273
Sample 19,Chronos,0.5000281929969788
Sample 19,Timer,0.49997177720069885
Sample 20,Moirai,0.5011208653450012
Sample 20,TimesFM,0.49887916445732117
Sample 21,Timer,0.500006914138794
Sample 21,Chronos,0.49999308586120605
Sample 22,Chronos,0.5000706315040588
Sample 22,Time-MoE,0.4999293386936188
Sample 23,Moirai,0.5009860396385193
Sample 23,TimesFM,0.4990139603614807
Sample 24,Moirai,0.5023402571678162
Sample 24,Chronos,0.4976597726345062
Sample 25,Chronos,0.5000671744346619
Sample 25,Timer,0.4999328553676605
Sample 26,Moirai,0.5003263354301453
Sample 26,TimesFM,0.49967366456985474
Sample 27,Chronos,0.5000807642936707
Sample 27,Timer,0.49991926550865173
Sample 28,Moirai,0.5011162757873535
Sample 28,TimesFM,0.4988837242126465
Sample 29,Chronos,0.5000575184822083
Sample 29,Time-MoE,0.49994245171546936
Sample 30,Chronos,0.5001034140586853
Sample 30,Time-MoE,0.4998965561389923
Sample 31,Moirai,0.5010288953781128
Sample 31,Time-MoE,0.49897104501724243
Sample 0,Moirai,0.5021154880523682
Sample 0,Chronos,0.49788451194763184
Sample 1,Chronos,0.5000565648078918
Sample 1,Timer,0.49994343519210815
Sample 2,Moirai,0.5004763007164001
Sample 2,Time-MoE,0.49952369928359985
Sample 3,Chronos,0.5000936388969421
Sample 3,Time-MoE,0.49990636110305786
Sample 4,Moirai,0.5008426308631897
Sample 4,TimesFM,0.4991573393344879
Sample 5,Chronos,0.5000221133232117
Sample 5,Time-MoE,0.4999779164791107
Sample 6,Chronos,0.500002384185791
Sample 6,Moirai,0.49999764561653137
Sample 7,Moirai,0.5007871389389038
Sample 7,Time-MoE,0.4992128312587738
Sample 8,Moirai,0.5022820830345154
Sample 8,Chronos,0.4977179169654846
Sample 9,Chronos,0.5000343918800354
Sample 9,Timer,0.499965637922287
Sample 10,Moirai,0.500425398349762
Sample 10,Time-MoE,0.4995746314525604
Sample 11,Chronos,0.5000816583633423
Sample 11,Timer,0.4999183118343353
Sample 12,Chronos,0.5000593066215515
Sample 12,Time-MoE,0.4999407231807709
Sample 13,Chronos,0.5000371932983398
Sample 13,TimesFM,0.49996280670166016
Sample 14,Moirai,0.5009928941726685
Sample 14,TimesFM,0.49900713562965393
Sample 15,Moirai,0.5013988614082336
Sample 15,Time-MoE,0.49860110878944397
Sample 16,Moirai,0.5020275712013245
Sample 16,TimesFM,0.49797242879867554
Sample 17,Chronos,0.5000112652778625
Sample 17,Timer,0.49998876452445984
Sample 18,Moirai,0.5011798739433289
Sample 18,Time-MoE,0.4988201856613159
Sample 19,Chronos,0.5000749826431274
Sample 19,Timer,0.49992501735687256
Sample 20,Chronos,0.5000505447387695
Sample 20,Time-MoE,0.49994948506355286
Sample 21,Timer,0.5000476837158203
Sample 21,Chronos,0.4999523162841797
Sample 22,Chronos,0.5000261664390564
Sample 22,Time-MoE,0.499973863363266
Sample 23,Moirai,0.5013259649276733
Sample 23,TimesFM,0.49867403507232666
Sample 24,Moirai,0.5014360547065735
Sample 24,Chronos,0.4985639154911041
Sample 25,Chronos,0.500028133392334
Sample 25,Timer,0.4999718964099884
Sample 26,Moirai,0.5009320378303528
Sample 26,Time-MoE,0.49906793236732483
Sample 27,Chronos,0.500097393989563
Sample 27,Time-MoE,0.49990254640579224
Sample 28,Moirai,0.5010493397712708
Sample 28,Time-MoE,0.49895063042640686
Sample 29,Time-MoE,0.5000075101852417
Sample 29,Chronos,0.4999925196170807
Sample 30,Moirai,0.5008680820465088
Sample 30,Timer,0.4991319477558136
Sample 31,Moirai,0.5006145238876343
Sample 31,TimesFM,0.4993855357170105
Sample 0,Moirai,0.5004600882530212
Sample 0,Chronos,0.49953988194465637
Sample 1,Chronos,0.5000794529914856
Sample 1,Timer,0.4999205470085144
Sample 2,Moirai,0.5001071095466614
Sample 2,Time-MoE,0.4998928904533386
Sample 3,Chronos,0.5000353455543518
Sample 3,Timer,0.4999646246433258
Sample 4,Moirai,0.500450849533081
Sample 4,TimesFM,0.49954912066459656
Sample 5,Timer,0.500028133392334
Sample 5,Chronos,0.49997183680534363
Sample 6,Chronos,0.5000684261322021
Sample 6,Time-MoE,0.49993157386779785
Sample 7,Moirai,0.500968873500824
Sample 7,Time-MoE,0.499031126499176
Sample 8,Moirai,0.5023521780967712
Sample 8,Timer,0.49764785170555115
Sample 9,Chronos,0.5000585913658142
Sample 9,Timer,0.4999414384365082
Sample 10,Moirai,0.5000032186508179
Sample 10,Time-MoE,0.49999678134918213
Sample 11,Chronos,0.500101625919342
Sample 11,Timer,0.4998983144760132
Sample 12,Moirai,0.5011129975318909
Sample 12,Time-MoE,0.49888694286346436
Sample 13,Chronos,0.5000461339950562
Sample 13,Timer,0.49995383620262146
Sample 14,Chronos,0.5001274943351746
Sample 14,Time-MoE,0.49987250566482544
Sample 15,Moirai,0.5014427900314331
Sample 15,TimesFM,0.49855726957321167
Sample 0,Moirai,0.5023868083953857
Sample 0,Chronos,0.49761322140693665
Sample 1,Chronos,0.5000749230384827
Sample 1,Timer,0.49992504715919495
Sample 2,Moirai,0.500424325466156
Sample 2,TimesFM,0.4995756447315216
Sample 3,Chronos,0.500094473361969
Sample 3,Timer,0.499905526638031
Sample 4,Moirai,0.5008499622344971
Sample 4,Time-MoE,0.4991500675678253
Sample 5,Chronos,0.5000265836715698
Sample 5,Timer,0.4999733865261078
Sample 6,Chronos,0.5001314878463745
Sample 6,Time-MoE,0.4998685121536255
Sample 7,Moirai,0.5013560056686401
Sample 7,TimesFM,0.49864405393600464
Sample 8,Moirai,0.5018588304519653
Sample 8,Chronos,0.49814119935035706
Sample 9,Chronos,0.5000588297843933
Sample 9,Timer,0.4999412000179291
Sample 10,Moirai,0.5001457929611206
Sample 10,Time-MoE,0.4998542070388794
Sample 11,Chronos,0.5000392198562622
Sample 11,Timer,0.4999607503414154
Sample 12,Moirai,0.5016598701477051
Sample 12,TimesFM,0.4983401298522949
Sample 13,Chronos,0.5000064969062805
Sample 13,Timer,0.49999353289604187
Sample 14,Chronos,0.5000612735748291
Sample 14,Time-MoE,0.4999386966228485
Sample 15,Moirai,0.5013407468795776
Sample 15,TimesFM,0.49865925312042236
Sample 16,Moirai,0.5023101568222046
Sample 16,Time-MoE,0.4976898431777954
Sample 17,Chronos,0.5000262260437012
Sample 17,Timer,0.49997374415397644
Sample 18,Moirai,0.5011379718780518
Sample 18,Timer,0.49886199831962585
Sample 19,Chronos,0.5000934600830078
Sample 19,Time-MoE,0.4999065399169922
Sample 20,Moirai,0.5010630488395691
Sample 20,Chronos,0.4989369511604309
Sample 21,Timer,0.5000167489051819
Sample 21,Chronos,0.4999832212924957
Sample 22,Moirai,0.5005362629890442
Sample 22,Chronos,0.4994637668132782
Sample 23,Moirai,0.5010191202163696
Sample 23,Chronos,0.498980849981308
Sample 24,Moirai,0.502461850643158
Sample 24,Timer,0.49753814935684204
Sample 25,Chronos,0.5000770092010498
Sample 25,Timer,0.4999229609966278
Sample 26,Moirai,0.5003743171691895
Sample 26,Time-MoE,0.49962571263313293
Sample 27,Moirai,0.5007520914077759
Sample 27,TimesFM,0.4992479085922241
Sample 28,Moirai,0.5010627508163452
Sample 28,Time-MoE,0.4989372193813324
Sample 29,Chronos,0.5000145435333252
Sample 29,Timer,0.4999854862689972
Sample 30,Chronos,0.5000324845314026
Sample 30,Time-MoE,0.4999675452709198
Sample 31,Moirai,0.50087970495224
Sample 31,TimesFM,0.4991202652454376
Sample 0,Moirai,0.5014913082122803
Sample 0,Timer,0.49850863218307495
Sample 1,Chronos,0.5000330805778503
Sample 1,Timer,0.49996694922447205
Sample 2,Moirai,0.5008871555328369
Sample 2,Time-MoE,0.4991128444671631
Sample 3,Chronos,0.5000929236412048
Sample 3,Timer,0.4999070167541504
Sample 4,Moirai,0.5005605220794678
Sample 4,Time-MoE,0.4994395077228546
Sample 5,Timer,0.5000221729278564
Sample 5,Time-MoE,0.49997782707214355
Sample 6,Chronos,0.5001172423362732
Sample 6,Time-MoE,0.49988269805908203
Sample 7,Moirai,0.5016202330589294
Sample 7,TimesFM,0.49837973713874817
Sample 8,Moirai,0.5019279718399048
Sample 8,Time-MoE,0.4980720281600952
Sample 9,Chronos,0.5000236630439758
Sample 9,Timer,0.4999763071537018
Sample 10,Time-MoE,0.5000186562538147
Sample 10,Timer,0.4999813735485077
Sample 11,Moirai,0.500175952911377
Sample 11,Time-MoE,0.49982401728630066
Sample 12,Moirai,0.5008642077445984
Sample 12,Time-MoE,0.4991357922554016
Sample 13,Timer,0.5000399351119995
Sample 13,Chronos,0.4999600946903229
Sample 14,Chronos,0.5001968145370483
Sample 14,Time-MoE,0.49980318546295166
Sample 15,Moirai,0.501157820224762
Sample 15,Time-MoE,0.4988422095775604
Sample 16,Moirai,0.5026405453681946
Sample 16,Timer,0.4973595142364502
Sample 17,Chronos,0.5000242590904236
Sample 17,Timer,0.4999757409095764
Sample 18,Moirai,0.5005099773406982
Sample 18,Time-MoE,0.49949002265930176
Sample 19,Chronos,0.5000795125961304
Sample 19,Timer,0.49992048740386963
Sample 20,Moirai,0.5001482963562012
Sample 20,Timer,0.49985170364379883
Sample 21,Timer,0.5000306963920593
Sample 21,Chronos,0.4999692738056183
Sample 22,Moirai,0.5000011920928955
Sample 22,Chronos,0.4999988377094269
Sample 23,Moirai,0.5010272264480591
Sample 23,Time-MoE,0.4989727735519409
Sample 24,Moirai,0.5009427070617676
Sample 24,Time-MoE,0.49905726313591003
Sample 25,Chronos,0.5000772476196289
Sample 25,Timer,0.4999227821826935
Sample 26,Time-MoE,0.5000876188278198
Sample 26,TimesFM,0.4999123811721802
Sample 27,Chronos,0.5000032186508179
Sample 27,Timer,0.4999968111515045
Sample 28,Moirai,0.5014252066612244
Sample 28,TimesFM,0.498574823141098
Sample 29,Timer,0.5000336766242981
Sample 29,Chronos,0.4999663233757019
Sample 30,Chronos,0.5000612735748291
Sample 30,Time-MoE,0.4999387562274933
Sample 31,Moirai,0.5014820098876953
Sample 31,TimesFM,0.4985179901123047
Sample 0,Moirai,0.502162754535675
Sample 0,TimesFM,0.49783721566200256
Sample 1,Timer,0.5000072717666626
Sample 1,Chronos,0.499992698431015
Sample 2,Moirai,0.5003952383995056
Sample 2,Timer,0.499604731798172
Sample 3,Chronos,0.5000869631767273
Sample 3,Timer,0.49991297721862793
Sample 4,Moirai,0.5011072158813477
Sample 4,Time-MoE,0.49889281392097473
Sample 5,Time-MoE,0.500026524066925
Sample 5,Chronos,0.49997350573539734
Sample 6,Timer,0.5000649094581604
Sample 6,Chronos,0.499935120344162
Sample 7,Moirai,0.5009965896606445
Sample 7,Time-MoE,0.4990033805370331
Sample 8,Moirai,0.5024623870849609
Sample 8,TimesFM,0.49753761291503906
Sample 9,Chronos,0.5000380277633667
Sample 9,Timer,0.4999619424343109
Sample 10,Moirai,0.5000287294387817
Sample 10,Chronos,0.49997127056121826
Sample 11,Chronos,0.500034749507904
Sample 11,Moirai,0.49996528029441833
Sample 12,Moirai,0.5011601448059082
Sample 12,TimesFM,0.4988398849964142
Sample 13,Timer,0.5000327229499817
Sample 13,Chronos,0.4999673068523407
Sample 14,Chronos,0.5001093149185181
Sample 14,Time-MoE,0.49989068508148193
Sample 15,Moirai,0.5011201500892639
Sample 15,TimesFM,0.49887987971305847
Sample 16,Moirai,0.5003945231437683
Sample 16,Timer,0.4996055066585541
Sample 17,Chronos,0.5000427961349487
Sample 17,Timer,0.49995723366737366
Sample 18,Moirai,0.5004313588142395
Sample 18,Time-MoE,0.4995686411857605
Sample 19,Moirai,0.5004414916038513
Sample 19,Time-MoE,0.4995585083961487
Sample 20,Moirai,0.5012990236282349
Sample 20,TimesFM,0.49870094656944275
Sample 21,Timer,0.500079333782196
Sample 21,Chronos,0.49992063641548157
Sample 22,Chronos,0.5000886917114258
Sample 22,Time-MoE,0.4999113082885742
Sample 23,Moirai,0.5001693964004517
Sample 23,Time-MoE,0.4998306334018707
Sample 24,Moirai,0.5022602677345276
Sample 24,TimesFM,0.4977397322654724
Sample 25,Chronos,0.5000825524330139
Sample 25,Timer,0.4999174177646637
Sample 26,Moirai,0.5007993578910828
Sample 26,Chronos,0.49920064210891724
Sample 27,Timer,0.5000287294387817
Sample 27,Chronos,0.49997127056121826
Sample 28,Moirai,0.5012187957763672
Sample 28,TimesFM,0.4987812340259552
Sample 29,Timer,0.5000013113021851
Sample 29,Chronos,0.49999871850013733
Sample 30,Chronos,0.5000750422477722
Sample 30,Time-MoE,0.49992498755455017
Sample 31,Moirai,0.501186728477478
Sample 31,TimesFM,0.498813271522522
Sample 0,Moirai,0.5022609829902649
Sample 0,Time-MoE,0.4977390170097351
Sample 1,Timer,0.5000033378601074
Sample 1,Chronos,0.4999966323375702
Sample 2,Moirai,0.5003756284713745
Sample 2,Timer,0.4996243715286255
Sample 3,Chronos,0.5000231862068176
Sample 3,Timer,0.49997684359550476
Sample 4,Moirai,0.5000823736190796
Sample 4,Chronos,0.4999176263809204
Sample 5,Moirai,0.5008828639984131
Sample 5,Chronos,0.4991171658039093
Sample 6,Moirai,0.5007699131965637
Sample 6,Time-MoE,0.49923011660575867
Sample 7,Moirai,0.5009596943855286
Sample 7,Time-MoE,0.49904027581214905
Sample 8,Moirai,0.502619743347168
Sample 8,TimesFM,0.4973802864551544
Sample 9,Chronos,0.5000432729721069
Sample 9,Timer,0.49995675683021545
Sample 10,Moirai,0.5005097985267639
Sample 10,Time-MoE,0.49949023127555847
Sample 11,Chronos,0.5000714063644409
Sample 11,Timer,0.4999285638332367
Sample 12,Moirai,0.5014694929122925
Sample 12,TimesFM,0.49853047728538513
Sample 13,Timer,0.5000054240226746
Sample 13,Chronos,0.49999457597732544
Sample 14,Chronos,0.5000829696655273
Sample 14,Time-MoE,0.49991706013679504
Sample 15,Moirai,0.501517653465271
Sample 15,Time-MoE,0.4984823763370514
Sample 16,Moirai,0.5024787783622742
Sample 16,Time-MoE,0.4975212514400482
Sample 17,Chronos,0.5001122355461121
Sample 17,Time-MoE,0.49988776445388794
Sample 18,Moirai,0.5007190108299255
Sample 18,Time-MoE,0.49928098917007446
Sample 19,Chronos,0.5000202059745789
Sample 19,Timer,0.49997976422309875
Sample 20,Moirai,0.5008960366249084
Sample 20,TimesFM,0.49910396337509155
Sample 21,Chronos,0.5000873804092407
Sample 21,Time-MoE,0.4999125599861145
Sample 22,Moirai,0.5002862811088562
Sample 22,Time-MoE,0.4997137486934662
Sample 23,Moirai,0.5011482834815979
Sample 23,Time-MoE,0.4988517165184021
Sample 24,Moirai,0.5023562908172607
Sample 24,TimesFM,0.49764370918273926
Sample 25,Chronos,0.5000565648078918
Sample 25,Timer,0.49994343519210815
Sample 26,Moirai,0.5010323524475098
Sample 26,Time-MoE,0.49896764755249023
Sample 27,Chronos,0.5000990629196167
Sample 27,Time-MoE,0.4999008774757385
Sample 28,Moirai,0.501674473285675
Sample 28,TimesFM,0.49832552671432495
Sample 29,Chronos,0.5000109076499939
Sample 29,Timer,0.4999891221523285
Sample 30,Chronos,0.5000730156898499
Sample 30,Time-MoE,0.49992695450782776
Sample 31,Moirai,0.5016819834709167
Sample 31,TimesFM,0.49831804633140564
Sample 0,Moirai,0.5017696022987366
Sample 0,TimesFM,0.4982304275035858
Sample 1,Chronos,0.5000280141830444
Sample 1,Timer,0.49997201561927795
Sample 2,Moirai,0.5004590153694153
Sample 2,Timer,0.4995410144329071
Sample 3,Chronos,0.500050961971283
Sample 3,Timer,0.49994903802871704
Sample 4,Moirai,0.5011819005012512
Sample 4,TimesFM,0.4988180696964264
Sample 5,Timer,0.500000536441803
Sample 5,Chronos,0.49999943375587463
Sample 6,Chronos,0.5001188516616821
Sample 6,Timer,0.4998810887336731
Sample 7,Moirai,0.501297652721405
Sample 7,Time-MoE,0.4987022876739502
Sample 8,Moirai,0.502320408821106
Sample 8,Timer,0.49767956137657166
Sample 9,Chronos,0.5000496506690979
Sample 9,Timer,0.4999503493309021
Sample 10,Moirai,0.5006047487258911
Sample 10,Time-MoE,0.4993951916694641
Sample 11,Moirai,0.5006331205368042
Sample 11,TimesFM,0.499366819858551
Sample 12,Moirai,0.5010814666748047
Sample 12,TimesFM,0.4989185035228729
Sample 13,Moirai,0.5000848770141602
Sample 13,Timer,0.49991515278816223
Sample 14,Moirai,0.500109851360321
Sample 14,Chronos,0.49989014863967896
Sample 15,Moirai,0.5003036856651306
Sample 15,Time-MoE,0.4996963143348694
Sample 16,Moirai,0.5010873079299927
Sample 16,Timer,0.4989127516746521
Sample 17,Chronos,0.5000684857368469
Sample 17,Timer,0.49993154406547546
Sample 18,Time-MoE,0.5000731945037842
Sample 18,Moirai,0.4999268054962158
Sample 19,Chronos,0.500001072883606
Sample 19,Timer,0.49999889731407166
Sample 20,Moirai,0.5012515187263489
Sample 20,TimesFM,0.4987484812736511
Sample 21,Timer,0.5000473260879517
Sample 21,Chronos,0.4999527037143707
Sample 22,Chronos,0.5000717639923096
Sample 22,Time-MoE,0.49992820620536804
Sample 23,Moirai,0.5011208653450012
Sample 23,TimesFM,0.4988791346549988
Sample 24,Moirai,0.5027158260345459
Sample 24,Time-MoE,0.4972841739654541
Sample 25,Chronos,0.5000372529029846
Sample 25,Timer,0.49996277689933777
Sample 26,Moirai,0.5003730654716492
Sample 26,TimesFM,0.49962693452835083
Sample 27,Chronos,0.500058114528656
Sample 27,Timer,0.4999418556690216
Sample 28,Moirai,0.5012705326080322
Sample 28,TimesFM,0.49872949719429016
Sample 29,Chronos,0.5000500679016113
Sample 29,Time-MoE,0.4999499022960663
Sample 30,Chronos,0.5001036524772644
Sample 30,Timer,0.4998963475227356
Sample 31,Moirai,0.5011688470840454
Sample 31,Time-MoE,0.4988311529159546
Sample 0,Moirai,0.5024512410163879
Sample 0,TimesFM,0.49754881858825684
Sample 1,Chronos,0.5000244379043579
Sample 1,Timer,0.4999755918979645
Sample 2,Moirai,0.500511109828949
Sample 2,Time-MoE,0.49948886036872864
Sample 3,Chronos,0.500066876411438
Sample 3,Timer,0.499933123588562
Sample 4,Moirai,0.5009340047836304
Sample 4,Time-MoE,0.49906596541404724
Sample 5,Chronos,0.5000088810920715
Sample 5,Time-MoE,0.49999114871025085
Sample 6,Chronos,0.500002384185791
Sample 6,Moirai,0.499997615814209
Sample 7,Moirai,0.5008801221847534
Sample 7,Time-MoE,0.4991198480129242
Sample 8,Moirai,0.5026072859764099
Sample 8,Time-MoE,0.4973926842212677
Sample 9,Timer,0.5000007152557373
Sample 9,Chronos,0.4999992847442627
Sample 10,Moirai,0.5004605054855347
Sample 10,Time-MoE,0.49953949451446533
Sample 11,Chronos,0.5000535845756531
Sample 11,Timer,0.4999464154243469
Sample 12,Chronos,0.5000486373901367
Sample 12,Time-MoE,0.4999513328075409
Sample 13,Chronos,0.5000246167182922
Sample 13,TimesFM,0.4999753534793854
Sample 14,Moirai,0.5010955333709717
Sample 14,TimesFM,0.4989044666290283
Sample 15,Moirai,0.5015541315078735
Sample 15,Time-MoE,0.4984458386898041
Sample 16,Moirai,0.502326488494873
Sample 16,TimesFM,0.49767354130744934
Sample 17,Timer,0.5000280737876892
Sample 17,Chronos,0.4999719560146332
Sample 18,Moirai,0.5013203620910645
Sample 18,Time-MoE,0.49867957830429077
Sample 19,Chronos,0.5000442266464233
Sample 19,Timer,0.49995580315589905
Sample 20,Chronos,0.5000445246696472
Sample 20,Timer,0.4999554753303528
Sample 21,Timer,0.5000971555709839
Sample 21,Chronos,0.4999028444290161
Sample 22,Chronos,0.5000213980674744
Sample 22,Time-MoE,0.49997857213020325
Sample 23,Moirai,0.501493513584137
Sample 23,Time-MoE,0.49850648641586304
Sample 24,Moirai,0.5016475915908813
Sample 24,Timer,0.49835240840911865
Sample 25,Timer,0.5000084638595581
Sample 25,Chronos,0.4999915063381195
Sample 26,Moirai,0.5010258555412292
Sample 26,Time-MoE,0.49897417426109314
Sample 27,Chronos,0.5000869631767273
Sample 27,Timer,0.4999130070209503
Sample 28,Moirai,0.5011420845985413
Sample 28,Time-MoE,0.49885791540145874
Sample 29,Time-MoE,0.5000252723693848
Sample 29,Chronos,0.49997472763061523
Sample 30,Moirai,0.5009763240814209
Sample 30,Timer,0.4990236759185791
Sample 31,Moirai,0.500657856464386
Sample 31,Time-MoE,0.4993422031402588
Sample 0,Moirai,0.5005378127098083
Sample 0,Timer,0.49946218729019165
Sample 1,Chronos,0.5000484585762024
Sample 1,Timer,0.49995157122612
Sample 2,Moirai,0.5000893473625183
Sample 2,Time-MoE,0.4999106526374817
Sample 3,Timer,0.5000013113021851
Sample 3,Chronos,0.49999871850013733
Sample 4,Moirai,0.5004705190658569
Sample 4,TimesFM,0.4995294213294983
Sample 5,Timer,0.5000673532485962
Sample 5,Chronos,0.4999326169490814
Sample 6,Chronos,0.5000697374343872
Sample 6,Time-MoE,0.4999302625656128
Sample 7,Moirai,0.5010784268379211
Sample 7,Time-MoE,0.49892160296440125
Sample 8,Moirai,0.5027050971984863
Sample 8,TimesFM,0.4972948729991913
Sample 9,Chronos,0.5000282526016235
Sample 9,Timer,0.4999717175960541
Sample 10,Time-MoE,0.5000181794166565
Sample 10,Moirai,0.4999817907810211
Sample 11,Chronos,0.5000780820846558
Sample 11,Timer,0.4999219477176666
Sample 12,Moirai,0.5012223124504089
Sample 12,Time-MoE,0.49877771735191345
Sample 13,Chronos,0.5000153183937073
Sample 13,Timer,0.49998465180397034
Sample 14,Chronos,0.5001351237297058
Sample 14,Time-MoE,0.4998648762702942
Sample 15,Moirai,0.5016211271286011
Sample 15,TimesFM,0.4983789026737213
Sample 0,Moirai,0.5027618408203125
Sample 0,Time-MoE,0.4972381591796875
Sample 1,Chronos,0.5000510811805725
Sample 1,Timer,0.4999488890171051
Sample 2,Moirai,0.5004516839981079
Sample 2,TimesFM,0.4995482861995697
Sample 3,Chronos,0.500076413154602
Sample 3,Timer,0.49992358684539795
Sample 4,Moirai,0.5009351968765259
Sample 4,Time-MoE,0.4990648031234741
Sample 5,Timer,0.5000044703483582
Sample 5,Chronos,0.49999555945396423
Sample 6,Chronos,0.500143826007843
Sample 6,Time-MoE,0.49985620379447937
Sample 7,Moirai,0.501530110836029
Sample 7,TimesFM,0.49846985936164856
Sample 8,Moirai,0.5021570324897766
Sample 8,Chronos,0.4978429675102234
Sample 9,Chronos,0.5000303983688354
Sample 9,Timer,0.49996963143348694
Sample 10,Moirai,0.5001428723335266
Sample 10,Time-MoE,0.49985718727111816
Sample 11,Chronos,0.5000090003013611
Sample 11,Timer,0.4999910295009613
Sample 12,Moirai,0.5018526315689087
Sample 12,Time-MoE,0.4981474280357361
Sample 13,Timer,0.5000286102294922
Sample 13,Chronos,0.4999714195728302
Sample 14,Chronos,0.5000609755516052
Sample 14,Time-MoE,0.4999389946460724
Sample 15,Moirai,0.5015149712562561
Sample 15,TimesFM,0.4984850585460663
Sample 16,Moirai,0.5026002526283264
Sample 16,Time-MoE,0.49739980697631836
Sample 17,Timer,0.5000045299530029
Sample 17,Chronos,0.49999549984931946
Sample 18,Moirai,0.5012801885604858
Sample 18,Timer,0.4987197816371918
Sample 19,Chronos,0.5000711679458618
Sample 19,TimesFM,0.4999288320541382
Sample 20,Moirai,0.5012078881263733
Sample 20,Chronos,0.4987920820713043
Sample 21,Timer,0.5000510215759277
Sample 21,Chronos,0.4999489486217499
Sample 22,Moirai,0.5005742907524109
Sample 22,Time-MoE,0.4994256794452667
Sample 23,Moirai,0.5011453032493591
Sample 23,Chronos,0.49885469675064087
Sample 24,Moirai,0.5028163194656372
Sample 24,Time-MoE,0.4971836805343628
Sample 25,Chronos,0.5000492930412292
Sample 25,Timer,0.49995070695877075
Sample 26,Moirai,0.5004261136054993
Sample 26,Time-MoE,0.49957385659217834
Sample 27,Moirai,0.5008404850959778
Sample 27,TimesFM,0.4991595149040222
Sample 28,Moirai,0.5011552572250366
Sample 28,Time-MoE,0.49884480237960815
Sample 29,Timer,0.500022292137146
Sample 29,Chronos,0.4999777376651764
Sample 30,Chronos,0.5000262260437012
Sample 30,Time-MoE,0.49997374415397644
Sample 31,Moirai,0.5009976029396057
Sample 31,TimesFM,0.4990023374557495
Sample 0,Moirai,0.5017418265342712
Sample 0,Timer,0.49825817346572876
Sample 1,Chronos,0.5000061988830566
Sample 1,Timer,0.49999383091926575
Sample 2,Moirai,0.5009686946868896
Sample 2,Time-MoE,0.4990312457084656
Sample 3,Chronos,0.5000759363174438
Sample 3,Timer,0.49992403388023376
Sample 4,Moirai,0.5006171464920044
Sample 4,Time-MoE,0.4993828535079956
Sample 5,Timer,0.5000478625297546
Sample 5,Time-MoE,0.49995216727256775
Sample 6,Chronos,0.5001258850097656
Sample 6,Time-MoE,0.4998741149902344
Sample 7,Moirai,0.5018284320831299
Sample 7,Time-MoE,0.4981715679168701
Sample 8,Moirai,0.5022059679031372
Sample 8,Time-MoE,0.4977940320968628
Sample 9,Timer,0.5000049471855164
Sample 9,Chronos,0.49999508261680603
Sample 10,Time-MoE,0.5000145435333252
Sample 10,Timer,0.4999854862689972
Sample 11,Moirai,0.5002056360244751
Sample 11,Timer,0.4997943043708801
Sample 12,Moirai,0.5009489059448242
Sample 12,Time-MoE,0.49905112385749817
Sample 13,Timer,0.5000709891319275
Sample 13,TimesFM,0.4999289810657501
Sample 14,Chronos,0.5002208352088928
Sample 14,Time-MoE,0.4997791647911072
Sample 15,Moirai,0.5013153553009033
Sample 15,Time-MoE,0.4986846148967743
Sample 16,Moirai,0.5030051469802856
Sample 16,Time-MoE,0.49699485301971436
Sample 17,Timer,0.5000028014183044
Sample 17,Chronos,0.49999719858169556
Sample 18,Moirai,0.5005519390106201
Sample 18,Time-MoE,0.4994480609893799
Sample 19,Chronos,0.5000585913658142
Sample 19,Timer,0.4999414086341858
Sample 20,Moirai,0.5001551508903503
Sample 20,Timer,0.49984481930732727
Sample 21,Timer,0.5000640749931335
Sample 21,Chronos,0.49993595480918884
Sample 22,Chronos,0.5000014305114746
Sample 22,Moirai,0.4999985992908478
Sample 23,Moirai,0.5011304616928101
Sample 23,Time-MoE,0.49886956810951233
Sample 24,Moirai,0.5010948181152344
Sample 24,Time-MoE,0.498905211687088
Sample 25,Chronos,0.5000504851341248
Sample 25,Timer,0.49994948506355286
Sample 26,Time-MoE,0.5000734925270081
Sample 26,TimesFM,0.49992653727531433
Sample 27,Timer,0.5000264048576355
Sample 27,Chronos,0.4999735951423645
Sample 28,Moirai,0.5015873908996582
Sample 28,Time-MoE,0.4984125792980194
Sample 29,Timer,0.5000672936439514
Sample 29,Chronos,0.49993273615837097
Sample 30,Chronos,0.5000682473182678
Sample 30,Time-MoE,0.49993178248405457
Sample 31,Moirai,0.501670777797699
Sample 31,TimesFM,0.49832919239997864
Sample 0,Moirai,0.5024548172950745
Sample 0,Time-MoE,0.4975452125072479
Sample 1,Timer,0.5000340938568115
Sample 1,Chronos,0.4999658763408661
Sample 2,Moirai,0.5004457831382751
Sample 2,Timer,0.49955421686172485
Sample 3,Chronos,0.5000659227371216
Sample 3,TimesFM,0.4999340772628784
Sample 4,Moirai,0.5012727975845337
Sample 4,Time-MoE,0.4987271726131439
Sample 5,Time-MoE,0.5000148415565491
Sample 5,TimesFM,0.4999851584434509
Sample 6,Timer,0.5000824332237244
Sample 6,Chronos,0.499917596578598
Sample 7,Moirai,0.5011314749717712
Sample 7,Time-MoE,0.49886852502822876
Sample 8,Moirai,0.5027948021888733
Sample 8,Time-MoE,0.4972052276134491
Sample 9,Chronos,0.5000122785568237
Sample 9,Timer,0.49998775124549866
Sample 10,Moirai,0.5000420212745667
Sample 10,Chronos,0.49995800852775574
Sample 11,Chronos,0.50003582239151
Sample 11,TimesFM,0.4999642074108124
Sample 12,Moirai,0.5012919902801514
Sample 12,TimesFM,0.49870797991752625
Sample 13,Timer,0.5000671148300171
Sample 13,Chronos,0.4999329149723053
Sample 14,Chronos,0.500123918056488
Sample 14,TimesFM,0.49987614154815674
Sample 15,Moirai,0.501264214515686
Sample 15,Time-MoE,0.4987357556819916
Sample 16,Moirai,0.500466525554657
Sample 16,Timer,0.499533474445343
Sample 17,Chronos,0.5000151991844177
Sample 17,Timer,0.4999847710132599
Sample 18,Moirai,0.5004648566246033
Sample 18,Time-MoE,0.49953514337539673
Sample 19,Moirai,0.5005127787590027
Sample 19,TimesFM,0.4994872510433197
Sample 20,Moirai,0.5014476180076599
Sample 20,TimesFM,0.4985523819923401
Sample 21,Timer,0.5001065731048584
Sample 21,TimesFM,0.4998933672904968
Sample 22,Chronos,0.5001004338264465
Sample 22,Time-MoE,0.4998995065689087
Sample 23,Moirai,0.5001578330993652
Sample 23,TimesFM,0.4998421370983124
Sample 24,Moirai,0.5025737881660461
Sample 24,Time-MoE,0.49742621183395386
Sample 25,Chronos,0.5000627040863037
Sample 25,Timer,0.4999372959136963
Sample 26,Moirai,0.500901460647583
Sample 26,Chronos,0.4990985691547394
Sample 27,Timer,0.500033974647522
Sample 27,TimesFM,0.49996599555015564
Sample 28,Moirai,0.5013525485992432
Sample 28,TimesFM,0.4986474812030792
Sample 29,Timer,0.5000240802764893
Sample 29,Chronos,0.49997591972351074
Sample 30,Chronos,0.5000739693641663
Sample 30,TimesFM,0.49992606043815613
Sample 31,Moirai,0.5013346672058105
Sample 31,TimesFM,0.49866536259651184
Sample 0,Moirai,0.5025820136070251
Sample 0,Time-MoE,0.49741798639297485
Sample 1,Timer,0.5000250339508057
Sample 1,Chronos,0.49997493624687195
Sample 2,Moirai,0.5004519820213318
Sample 2,Timer,0.4995479881763458
Sample 3,Chronos,0.5000039935112
Sample 3,Timer,0.49999600648880005
Sample 4,Moirai,0.5001006126403809
Sample 4,Chronos,0.49989935755729675
Sample 5,Moirai,0.5010252594947815
Sample 5,Chronos,0.4989747107028961
Sample 6,Moirai,0.5008674263954163
Sample 6,Time-MoE,0.49913260340690613
Sample 7,Moirai,0.5010795593261719
Sample 7,Time-MoE,0.4989204704761505
Sample 8,Moirai,0.5030291080474854
Sample 8,Time-MoE,0.49697089195251465
Sample 9,Chronos,0.5000218152999878
Sample 9,Timer,0.4999782145023346
Sample 10,Moirai,0.5005637407302856
Sample 10,TimesFM,0.49943631887435913
Sample 11,Chronos,0.5000507831573486
Sample 11,Timer,0.49994921684265137
Sample 12,Moirai,0.5016689896583557
Sample 12,Time-MoE,0.4983310401439667
Sample 13,Timer,0.5000209808349609
Sample 13,TimesFM,0.49997901916503906
Sample 14,Chronos,0.5000547170639038
Sample 14,TimesFM,0.4999453127384186
Sample 15,Moirai,0.5017101764678955
Sample 15,Time-MoE,0.4982897937297821
Sample 16,Moirai,0.5028553605079651
Sample 16,Chronos,0.4971446692943573
Sample 17,Chronos,0.5000951886177063
Sample 17,TimesFM,0.4999047517776489
Sample 18,Moirai,0.5008120536804199
Sample 18,Time-MoE,0.4991879165172577
Sample 19,TimesFM,0.5000055432319641
Sample 19,Chronos,0.4999944865703583
Sample 20,Moirai,0.5010009407997131
Sample 20,TimesFM,0.49899905920028687
Sample 21,Chronos,0.5000673532485962
Sample 21,TimesFM,0.4999326765537262
Sample 22,Moirai,0.5003270506858826
Sample 22,Time-MoE,0.49967294931411743
Sample 23,Moirai,0.5012999176979065
Sample 23,Time-MoE,0.4987000823020935
Sample 24,Moirai,0.5027150511741638
Sample 24,Time-MoE,0.4972849190235138
Sample 25,Chronos,0.5000317096710205
Sample 25,Timer,0.4999682605266571
Sample 26,Moirai,0.5011601448059082
Sample 26,Time-MoE,0.4988398849964142
Sample 27,Chronos,0.5000526905059814
Sample 27,TimesFM,0.49994733929634094
Sample 28,Moirai,0.5018997192382812
Sample 28,Time-MoE,0.49810028076171875
Sample 29,Timer,0.5000243782997131
Sample 29,Chronos,0.4999755918979645
Sample 30,Chronos,0.5000643730163574
Sample 30,TimesFM,0.49993565678596497
Sample 31,Moirai,0.5019168853759766
Sample 31,TimesFM,0.49808311462402344
Sample 0,Moirai,0.5020610690116882
Sample 0,Chronos,0.4979389011859894
Sample 1,Chronos,0.5000060200691223
Sample 1,Timer,0.4999940097332001
Sample 2,Moirai,0.5004987716674805
Sample 2,TimesFM,0.49950122833251953
Sample 3,Chronos,0.5000301003456116
Sample 3,Timer,0.4999699294567108
Sample 4,Moirai,0.5013291835784912
Sample 4,TimesFM,0.4986707866191864
Sample 5,Timer,0.5000292658805847
Sample 5,Chronos,0.4999707341194153
Sample 6,Chronos,0.5000970363616943
Sample 6,TimesFM,0.49990296363830566
Sample 7,Moirai,0.5014693140983582
Sample 7,Time-MoE,0.49853068590164185
Sample 8,Moirai,0.5026792287826538
Sample 8,Time-MoE,0.4973207712173462
Sample 9,Chronos,0.5000296831130981
Sample 9,Timer,0.49997028708457947
Sample 10,Moirai,0.5006822347640991
Sample 10,Time-MoE,0.49931779503822327
Sample 11,Moirai,0.5007210373878479
Sample 11,TimesFM,0.4992789328098297
Sample 12,Moirai,0.5012192130088806
Sample 12,TimesFM,0.498780757188797
Sample 13,Moirai,0.5001046061515808
Sample 13,Timer,0.4998953342437744
Sample 14,Moirai,0.5001224875450134
Sample 14,Chronos,0.4998775124549866
Sample 15,Moirai,0.5003383159637451
Sample 15,TimesFM,0.4996616542339325
Sample 16,Moirai,0.5012782216072083
Sample 16,Timer,0.4987218379974365
Sample 17,Chronos,0.5000455379486084
Sample 17,Timer,0.4999544322490692
Sample 18,Time-MoE,0.5000718832015991
Sample 18,TimesFM,0.49992814660072327
Sample 19,Timer,0.5000197291374207
Sample 19,Chronos,0.49998030066490173
Sample 20,Moirai,0.5014054775238037
Sample 20,TimesFM,0.4985944926738739
Sample 21,Timer,0.5000550150871277
Sample 21,TimesFM,0.4999450147151947
Sample 22,Chronos,0.5000650882720947
Sample 22,TimesFM,0.4999349117279053
Sample 23,Moirai,0.5012611150741577
Sample 23,TimesFM,0.4987388849258423
Sample 24,Moirai,0.5031388401985168
Sample 24,Chronos,0.49686115980148315
Sample 25,Chronos,0.5000181198120117
Sample 25,Timer,0.49998190999031067
Sample 26,Moirai,0.5004167556762695
Sample 26,TimesFM,0.4995832145214081
Sample 27,Chronos,0.5000433921813965
Sample 27,Timer,0.4999566078186035
Sample 28,Moirai,0.5014480352401733
Sample 28,TimesFM,0.49855199456214905
Sample 29,Chronos,0.5000444650650024
Sample 29,TimesFM,0.49995556473731995
Sample 30,Chronos,0.5000783205032349
Sample 30,TimesFM,0.4999217092990875
Sample 31,Moirai,0.5013418197631836
Sample 31,Time-MoE,0.498658150434494
Sample 0,Moirai,0.5028369426727295
Sample 0,Chronos,0.4971630871295929
Sample 1,Timer,0.5000040531158447
Sample 1,Chronos,0.4999959170818329
Sample 2,Moirai,0.5005890130996704
Sample 2,Time-MoE,0.49941104650497437
Sample 3,Chronos,0.5000421404838562
Sample 3,Timer,0.4999578297138214
Sample 4,Moirai,0.501063883304596
Sample 4,Time-MoE,0.49893611669540405
Sample 5,Timer,0.5000160932540894
Sample 5,TimesFM,0.49998387694358826
Sample 6,Moirai,0.5000296235084534
Sample 6,Chronos,0.49997034668922424
Sample 7,Moirai,0.5010116100311279
Sample 7,Time-MoE,0.4989883303642273
Sample 8,Moirai,0.5030100345611572
Sample 8,Chronos,0.49698999524116516
Sample 9,Timer,0.5000298619270325
Sample 9,Chronos,0.49997010827064514
Sample 10,Moirai,0.5005240440368652
Sample 10,Time-MoE,0.49947598576545715
Sample 11,Chronos,0.500029981136322
Sample 11,Timer,0.499970018863678
Sample 12,Chronos,0.5000683665275574
Sample 12,Time-MoE,0.499931663274765
Sample 13,TimesFM,0.5000277757644653
Sample 13,Chronos,0.49997222423553467
Sample 14,Moirai,0.5012269616127014
Sample 14,TimesFM,0.4987730383872986
Sample 15,Moirai,0.5017622113227844
Sample 15,Time-MoE,0.4982377588748932
Sample 16,Moirai,0.5026984214782715
Sample 16,Chronos,0.4973016083240509
Sample 17,Timer,0.5000588893890381
Sample 17,Chronos,0.4999410808086395
Sample 18,Moirai,0.5015116930007935
Sample 18,Time-MoE,0.49848827719688416
Sample 19,Chronos,0.5000175833702087
Sample 19,Timer,0.49998244643211365
Sample 20,Chronos,0.5000160336494446
Sample 20,Timer,0.4999839961528778
Sample 21,Timer,0.5000849962234497
Sample 21,TimesFM,0.4999150335788727
Sample 22,Chronos,0.5000137090682983
Sample 22,TimesFM,0.4999862611293793
Sample 23,Moirai,0.5017058849334717
Sample 23,TimesFM,0.49829405546188354
Sample 24,Moirai,0.5019251704216003
Sample 24,Timer,0.49807479977607727
Sample 25,Timer,0.5000410079956055
Sample 25,Chronos,0.49995899200439453
Sample 26,Moirai,0.5011669993400574
Sample 26,Time-MoE,0.498833030462265
Sample 27,Chronos,0.5000585317611694
Sample 27,TimesFM,0.49994146823883057
Sample 28,Moirai,0.5012860298156738
Sample 28,TimesFM,0.49871397018432617
Sample 29,TimesFM,0.5000029802322388
Sample 29,Time-MoE,0.4999970495700836
Sample 30,Moirai,0.5010984539985657
Sample 30,Timer,0.4989015460014343
Sample 31,Moirai,0.5007181763648987
Sample 31,TimesFM,0.49928176403045654
Sample 0,Moirai,0.5006288886070251
Sample 0,Timer,0.49937108159065247
Sample 1,Chronos,0.5000091791152954
Sample 1,Timer,0.4999908208847046
Sample 2,Moirai,0.5001120567321777
Sample 2,Time-MoE,0.49988794326782227
Sample 3,Timer,0.5000390410423279
Sample 3,Chronos,0.4999609887599945
Sample 4,Moirai,0.500500500202179
Sample 4,TimesFM,0.49949944019317627
Sample 5,Timer,0.5000742077827454
Sample 5,TimesFM,0.49992579221725464
Sample 6,Chronos,0.5000544190406799
Sample 6,TimesFM,0.49994561076164246
Sample 7,Moirai,0.5012401342391968
Sample 7,Time-MoE,0.49875983595848083
Sample 8,Moirai,0.5031499862670898
Sample 8,Chronos,0.49685004353523254
Sample 9,Timer,0.5000070333480835
Sample 9,Chronos,0.4999929666519165
Sample 10,Moirai,0.5000041127204895
Sample 10,Time-MoE,0.4999958574771881
Sample 11,Chronos,0.5000486969947815
Sample 11,Timer,0.4999513328075409
Sample 12,Moirai,0.5013863444328308
Sample 12,Time-MoE,0.4986136555671692
Sample 13,Timer,0.5000200867652893
Sample 13,Chronos,0.4999799430370331
Sample 14,Chronos,0.5001081228256226
Sample 14,Timer,0.49989187717437744
Sample 15,Moirai,0.5018512010574341
Sample 15,TimesFM,0.4981488287448883
Sample 0,Moirai,0.5032017230987549
Sample 0,Chronos,0.4967982769012451
Sample 1,Chronos,0.5000116229057312
Sample 1,Timer,0.4999883770942688
Sample 2,Moirai,0.5004927515983582
Sample 2,TimesFM,0.49950724840164185
Sample 3,Chronos,0.5000447630882263
Sample 3,Timer,0.49995526671409607
Sample 4,Moirai,0.5010553598403931
Sample 4,TimesFM,0.49894458055496216
Sample 5,Timer,0.500048816204071
Sample 5,TimesFM,0.49995118379592896
Sample 6,Chronos,0.5001238584518433
Sample 6,TimesFM,0.49987614154815674
Sample 7,Moirai,0.5017415881156921
Sample 7,TimesFM,0.4982583820819855
Sample 8,Moirai,0.5025065541267395
Sample 8,Chronos,0.4974934458732605
Sample 9,Timer,0.5000139474868774
Sample 9,Chronos,0.49998608231544495
Sample 10,Moirai,0.5001885890960693
Sample 10,Time-MoE,0.49981144070625305
Sample 11,Timer,0.5000343322753906
Sample 11,Chronos,0.49996569752693176
Sample 12,Moirai,0.5021058320999146
Sample 12,TimesFM,0.49789419770240784
Sample 13,Timer,0.5000658631324768
Sample 13,TimesFM,0.4999341070652008
Sample 14,Chronos,0.5000461339950562
Sample 14,TimesFM,0.49995383620262146
Sample 15,Moirai,0.5017279982566833
Sample 15,TimesFM,0.49827197194099426
Sample 16,Moirai,0.5030085444450378
Sample 16,TimesFM,0.49699145555496216
Sample 17,Timer,0.500049889087677
Sample 17,Chronos,0.499950110912323
Sample 18,Moirai,0.5014219880104065
Sample 18,Timer,0.4985780119895935
Sample 19,Chronos,0.5000355839729309
Sample 19,Timer,0.4999643862247467
Sample 20,Moirai,0.5013866424560547
Sample 20,Chronos,0.4986133277416229
Sample 21,Timer,0.5000746250152588
Sample 21,TimesFM,0.4999254047870636
Sample 22,Moirai,0.5006518959999084
Sample 22,TimesFM,0.49934813380241394
Sample 23,Moirai,0.5012988448143005
Sample 23,Chronos,0.49870115518569946
Sample 24,Moirai,0.5032019019126892
Sample 24,Timer,0.4967980980873108
Sample 25,Chronos,0.5000056624412537
Sample 25,Timer,0.4999943673610687
Sample 26,Moirai,0.5005038976669312
Sample 26,TimesFM,0.49949610233306885
Sample 27,Moirai,0.5009480118751526
Sample 27,TimesFM,0.4990520179271698
Sample 28,Moirai,0.5012900233268738
Sample 28,TimesFM,0.498710036277771
Sample 29,Timer,0.5000593662261963
Sample 29,TimesFM,0.4999406635761261
Sample 30,Chronos,0.5000340938568115
Sample 30,TimesFM,0.4999659061431885
Sample 31,Moirai,0.5011396408081055
Sample 31,TimesFM,0.49886035919189453
Sample 0,Moirai,0.5019914507865906
Sample 0,Timer,0.4980085790157318
Sample 1,Timer,0.5000429153442383
Sample 1,Chronos,0.4999570846557617
Sample 2,Moirai,0.5010700225830078
Sample 2,Timer,0.4989299774169922
Sample 3,Chronos,0.5000402331352234
Sample 3,Timer,0.499959796667099
Sample 4,Moirai,0.5006923079490662
Sample 4,TimesFM,0.4993077218532562
Sample 5,Timer,0.5000708103179932
Sample 5,TimesFM,0.4999292194843292
Sample 6,Chronos,0.5001216530799866
Sample 6,TimesFM,0.4998783469200134
Sample 7,Moirai,0.5020683407783508
Sample 7,TimesFM,0.4979316294193268
Sample 8,Moirai,0.5025495290756226
Sample 8,Timer,0.49745044112205505
Sample 9,Timer,0.5000549554824829
Sample 9,Chronos,0.4999450147151947
Sample 10,Timer,0.5000330209732056
Sample 10,Time-MoE,0.4999670088291168
Sample 11,Moirai,0.5002219676971436
Sample 11,Timer,0.4997780919075012
Sample 12,Moirai,0.5010650753974915
Sample 12,TimesFM,0.49893489480018616
Sample 13,Timer,0.5000876784324646
Sample 13,TimesFM,0.4999122619628906
Sample 14,Chronos,0.5002024173736572
Sample 14,TimesFM,0.4997975826263428
Sample 15,Moirai,0.501508891582489
Sample 15,TimesFM,0.4984911382198334
Sample 16,Moirai,0.5034641623497009
Sample 16,Timer,0.4965358078479767
Sample 17,Timer,0.5000512599945068
Sample 17,Chronos,0.49994876980781555
Sample 18,Moirai,0.5006277561187744
Sample 18,Time-MoE,0.4993722140789032
Sample 19,Chronos,0.500018835067749
Sample 19,Timer,0.499981164932251
Sample 20,Moirai,0.5001553297042847
Sample 20,Timer,0.49984464049339294
Sample 21,Timer,0.5000878572463989
Sample 21,TimesFM,0.4999121427536011
Sample 22,Moirai,0.500016987323761
Sample 22,Chronos,0.499983012676239
Sample 23,Moirai,0.5012610554695129
Sample 23,TimesFM,0.49873897433280945
Sample 24,Moirai,0.5012995004653931
Sample 24,Time-MoE,0.4987005293369293
Sample 25,Chronos,0.5000027418136597
Sample 25,Timer,0.49999722838401794
Sample 26,Time-MoE,0.5000484585762024
Sample 26,TimesFM,0.49995157122612
Sample 27,Timer,0.5000684857368469
Sample 27,TimesFM,0.4999315142631531
Sample 28,Moirai,0.5017747282981873
Sample 28,TimesFM,0.49822524189949036
Sample 29,Timer,0.5001086592674255
Sample 29,TimesFM,0.49989134073257446
Sample 30,Chronos,0.5000568628311157
Sample 30,TimesFM,0.49994316697120667
Sample 31,Moirai,0.5018766522407532
Sample 31,TimesFM,0.4981233477592468
Sample 0,Moirai,0.5027972459793091
Sample 0,TimesFM,0.4972027540206909
Sample 1,Timer,0.5000768899917603
Sample 1,Chronos,0.49992308020591736
Sample 2,Moirai,0.5004881620407104
Sample 2,Timer,0.49951183795928955
Sample 3,Chronos,0.5000356435775757
Sample 3,Timer,0.49996432662010193
Sample 4,Moirai,0.5014850497245789
Sample 4,Time-MoE,0.49851492047309875
Sample 5,TimesFM,0.5000014305114746
Sample 5,Time-MoE,0.4999985992908478
Sample 6,Timer,0.5001065135002136
Sample 6,TimesFM,0.4998934864997864
Sample 7,Moirai,0.5012863874435425
Sample 7,TimesFM,0.49871355295181274
Sample 8,Moirai,0.5031761527061462
Sample 8,TimesFM,0.49682381749153137
Sample 9,Timer,0.5000298619270325
Sample 9,Chronos,0.4999701678752899
Sample 10,Moirai,0.5000653266906738
Sample 10,Chronos,0.49993467330932617
Sample 11,Chronos,0.5000301599502563
Sample 11,TimesFM,0.49996986985206604
Sample 12,Moirai,0.5014318823814392
Sample 12,TimesFM,0.49856817722320557
Sample 13,Timer,0.5001019239425659
Sample 13,TimesFM,0.4998980760574341
Sample 14,Chronos,0.5001254081726074
Sample 14,TimesFM,0.4998745918273926
Sample 15,Moirai,0.501426637172699
Sample 15,TimesFM,0.4985733926296234
Sample 16,Moirai,0.500524640083313
Sample 16,Timer,0.499475359916687
Sample 17,Timer,0.5000265836715698
Sample 17,Chronos,0.4999734163284302
Sample 18,Moirai,0.5005234479904175
Sample 18,Time-MoE,0.4994765818119049
Sample 19,Moirai,0.5005975365638733
Sample 19,TimesFM,0.4994024634361267
Sample 20,Moirai,0.5016075372695923
Sample 20,TimesFM,0.4983924627304077
Sample 21,Timer,0.5001403093338013
Sample 21,TimesFM,0.49985969066619873
Sample 22,Chronos,0.5001154541969299
Sample 22,Time-MoE,0.49988454580307007
Sample 23,Moirai,0.5001776814460754
Sample 23,TimesFM,0.49982231855392456
Sample 24,Moirai,0.5029089450836182
Sample 24,TimesFM,0.49709105491638184
Sample 25,Chronos,0.5000253319740295
Sample 25,Timer,0.49997466802597046
Sample 26,Moirai,0.5010305643081665
Sample 26,Chronos,0.4989694356918335
Sample 27,Timer,0.5000514984130859
Sample 27,TimesFM,0.49994850158691406
Sample 28,Moirai,0.5014947652816772
Sample 28,TimesFM,0.49850529432296753
Sample 29,Timer,0.5000572800636292
Sample 29,TimesFM,0.49994274973869324
Sample 30,Chronos,0.5000625848770142
Sample 30,Timer,0.49993738532066345
Sample 31,Moirai,0.5014932155609131
Sample 31,TimesFM,0.4985068440437317
Sample 0,Moirai,0.5029526948928833
Sample 0,TimesFM,0.4970473349094391
Sample 1,Timer,0.5000622272491455
Sample 1,Chronos,0.4999377429485321
Sample 2,Moirai,0.500510573387146
Sample 2,Timer,0.4994894862174988
Sample 3,Timer,0.5000292062759399
Sample 3,Chronos,0.49997079372406006
Sample 4,Moirai,0.5001241564750671
Sample 4,Chronos,0.49987584352493286
Sample 5,Moirai,0.5011627078056335
Sample 5,Timer,0.49883729219436646
Sample 6,Moirai,0.5009817481040955
Sample 6,Time-MoE,0.49901819229125977
Sample 7,Moirai,0.5012346506118774
Sample 7,Time-MoE,0.49876537919044495
Sample 8,Moirai,0.503498911857605
Sample 8,Time-MoE,0.49650105834007263
Sample 9,Timer,0.500011682510376
Sample 9,Chronos,0.4999883472919464
Sample 10,Moirai,0.5006276965141296
Sample 10,TimesFM,0.49937233328819275
Sample 11,Chronos,0.5000244379043579
Sample 11,Timer,0.4999755918979645
Sample 12,Moirai,0.5018774271011353
Sample 12,TimesFM,0.49812254309654236
Sample 13,Timer,0.5000656247138977
Sample 13,Time-MoE,0.4999343752861023
Sample 14,Chronos,0.5000532865524292
Sample 14,Timer,0.4999467432498932
Sample 15,Moirai,0.5019384026527405
Sample 15,Time-MoE,0.4980615973472595
Sample 16,Moirai,0.5032919645309448
Sample 16,Chronos,0.49670806527137756
Sample 17,Chronos,0.5001023411750793
Sample 17,Timer,0.49989765882492065
Sample 18,Moirai,0.5009232759475708
Sample 18,Time-MoE,0.4990767240524292
Sample 19,Timer,0.5000237226486206
Sample 19,Chronos,0.4999763071537018
Sample 20,Moirai,0.5011143684387207
Sample 20,TimesFM,0.4988856315612793
Sample 21,Chronos,0.5000338554382324
Sample 21,Timer,0.49996617436408997
Sample 22,Moirai,0.5003820061683655
Sample 22,Time-MoE,0.49961796402931213
Sample 23,Moirai,0.5014664530754089
Sample 23,TimesFM,0.4985335171222687
Sample 24,Moirai,0.5030918717384338
Sample 24,TimesFM,0.4969080984592438
Sample 25,Timer,0.5000032782554626
Sample 25,Chronos,0.49999675154685974
Sample 26,Moirai,0.5013126730918884
Sample 26,Time-MoE,0.4986873269081116
Sample 27,Chronos,0.5000532269477844
Sample 27,Timer,0.4999467730522156
Sample 28,Moirai,0.50213623046875
Sample 28,TimesFM,0.49786376953125
Sample 29,Timer,0.5000656843185425
Sample 29,Chronos,0.4999343454837799
Sample 30,Chronos,0.5000669360160828
Sample 30,Timer,0.49993303418159485
Sample 31,Moirai,0.502152144908905
Sample 31,TimesFM,0.49784791469573975
Sample 0,Moirai,0.5023839473724365
Sample 0,Chronos,0.49761608242988586
Sample 1,Timer,0.5000214576721191
Sample 1,Chronos,0.49997854232788086
Sample 2,Moirai,0.5005413889884949
Sample 2,Timer,0.4994586110115051
Sample 3,Chronos,0.5000078678131104
Sample 3,Timer,0.49999216198921204
Sample 4,Moirai,0.5014792680740356
Sample 4,Time-MoE,0.49852070212364197
Sample 5,Timer,0.5000602006912231
Sample 5,Chronos,0.49993982911109924
Sample 6,Chronos,0.5000885725021362
Sample 6,Timer,0.4999113976955414
Sample 7,Moirai,0.5016566514968872
Sample 7,Time-MoE,0.4983433187007904
Sample 8,Moirai,0.5030453205108643
Sample 8,Timer,0.49695467948913574
Sample 9,Chronos,0.5000024437904358
Sample 9,Timer,0.4999975860118866
Sample 10,Moirai,0.5007635951042175
Sample 10,Time-MoE,0.49923646450042725
Sample 11,Moirai,0.5008348226547241
Sample 11,TimesFM,0.4991651177406311
Sample 12,Moirai,0.50136399269104
Sample 12,TimesFM,0.49863600730895996
Sample 13,Moirai,0.5000993013381958
Sample 13,Timer,0.4999006986618042
Sample 14,Moirai,0.50014328956604
Sample 14,Chronos,0.49985674023628235
Sample 15,Moirai,0.5003756284713745
Sample 15,Time-MoE,0.49962443113327026
Sample 16,Moirai,0.5014421343803406
Sample 16,Timer,0.4985578656196594
Sample 17,Chronos,0.5000210404396057
Sample 17,Timer,0.4999789297580719
Sample 18,Time-MoE,0.5000860095024109
Sample 18,Timer,0.4999139904975891
Sample 19,Timer,0.5000393390655518
Sample 19,Chronos,0.49996069073677063
Sample 20,Moirai,0.5015613436698914
Sample 20,TimesFM,0.49843865633010864
Sample 21,Timer,0.5001064538955688
Sample 21,Chronos,0.49989354610443115
Sample 22,Chronos,0.5000783801078796
Sample 22,Time-MoE,0.499921590089798
Sample 23,Moirai,0.5014121532440186
Sample 23,TimesFM,0.49858787655830383
Sample 24,Moirai,0.5036126971244812
Sample 24,Time-MoE,0.4963872730731964
Sample 25,Timer,0.5000096559524536
Sample 25,Chronos,0.4999903440475464
Sample 26,Moirai,0.5004910826683044
Sample 26,TimesFM,0.49950888752937317
Sample 27,Chronos,0.5000255703926086
Sample 27,Timer,0.49997442960739136
Sample 28,Moirai,0.5016279816627502
Sample 28,TimesFM,0.49837204813957214
Sample 29,Chronos,0.5000350475311279
Sample 29,Timer,0.49996495246887207
Sample 30,Chronos,0.5000618100166321
Sample 30,Timer,0.49993816018104553
Sample 31,Moirai,0.5015309453010559
Sample 31,Time-MoE,0.4984690546989441
Sample 0,Moirai,0.5032579302787781
Sample 0,Time-MoE,0.49674203991889954
Sample 1,Timer,0.5000191330909729
Sample 1,Chronos,0.4999808669090271
Sample 2,Moirai,0.5006394982337952
Sample 2,Time-MoE,0.4993605613708496
Sample 3,Chronos,0.500034749507904
Sample 3,Timer,0.49996525049209595
Sample 4,Moirai,0.5011773705482483
Sample 4,Time-MoE,0.49882256984710693
Sample 5,Timer,0.5000280141830444
Sample 5,Time-MoE,0.49997201561927795
Sample 6,Moirai,0.5000622272491455
Sample 6,Chronos,0.4999377727508545
Sample 7,Moirai,0.5011290311813354
Sample 7,Time-MoE,0.49887096881866455
Sample 8,Moirai,0.5034171342849731
Sample 8,TimesFM,0.49658286571502686
Sample 9,Timer,0.5000460147857666
Sample 9,Chronos,0.4999540150165558
Sample 10,Moirai,0.5005723237991333
Sample 10,Time-MoE,0.4994276463985443
Sample 11,Chronos,0.5000126957893372
Sample 11,Timer,0.49998727440834045
Sample 12,Chronos,0.5000559091567993
Sample 12,Time-MoE,0.4999440908432007
Sample 13,Chronos,0.5000166296958923
Sample 13,TimesFM,0.4999833405017853
Sample 14,Moirai,0.5013512372970581
Sample 14,TimesFM,0.4986487329006195
Sample 15,Moirai,0.5019518733024597
Sample 15,Time-MoE,0.4980481266975403
Sample 16,Moirai,0.503062903881073
Sample 16,TimesFM,0.4969370663166046
Sample 17,Timer,0.5000768303871155
Sample 17,Chronos,0.4999231696128845
Sample 18,Moirai,0.5016905069351196
Sample 18,Time-MoE,0.49830949306488037
Sample 19,Chronos,0.5000033378601074
Sample 19,Timer,0.4999966323375702
Sample 20,Chronos,0.5000038146972656
Sample 20,Timer,0.499996155500412
Sample 21,Timer,0.5001481175422668
Sample 21,TimesFM,0.49985188245773315
Sample 22,Chronos,0.5000205039978027
Sample 22,Time-MoE,0.4999794661998749
Sample 23,Moirai,0.5019114017486572
Sample 23,Time-MoE,0.49808862805366516
Sample 24,Moirai,0.5021816492080688
Sample 24,Timer,0.49781838059425354
Sample 25,Timer,0.5000571012496948
Sample 25,Chronos,0.4999428987503052
Sample 26,Moirai,0.5012929439544678
Sample 26,Time-MoE,0.4987070858478546
Sample 27,Chronos,0.5000499486923218
Sample 27,Timer,0.49995002150535583
Sample 28,Moirai,0.5014227628707886
Sample 28,Time-MoE,0.4985772967338562
Sample 29,Time-MoE,0.5000295639038086
Sample 29,Timer,0.4999704360961914
Sample 30,Moirai,0.5012163519859314
Sample 30,Timer,0.4987836480140686
Sample 31,Moirai,0.5007835030555725
Sample 31,Time-MoE,0.4992164969444275
Sample 0,Moirai,0.5007196664810181
Sample 0,Timer,0.49928033351898193
Sample 1,Chronos,0.5000144839286804
Sample 1,Timer,0.49998554587364197
Sample 2,Moirai,0.5000974535942078
Sample 2,Time-MoE,0.49990251660346985
Sample 3,Timer,0.5000355243682861
Sample 3,Chronos,0.4999644458293915
Sample 4,Moirai,0.5005468726158142
Sample 4,TimesFM,0.4994530975818634
Sample 5,Timer,0.5001115798950195
Sample 5,Chronos,0.4998883605003357
Sample 6,Chronos,0.5000757575035095
Sample 6,Time-MoE,0.4999242126941681
Sample 7,Moirai,0.501369297504425
Sample 7,Time-MoE,0.49863073229789734
Sample 8,Moirai,0.503574550151825
Sample 8,Time-MoE,0.49642547965049744
Sample 9,Timer,0.5000050067901611
Sample 9,Chronos,0.49999502301216125
Sample 10,Time-MoE,0.5000142455101013
Sample 10,Moirai,0.4999857246875763
Sample 11,Chronos,0.5000532269477844
Sample 11,Timer,0.49994680285453796
Sample 12,Moirai,0.5015089511871338
Sample 12,Time-MoE,0.4984910786151886
Sample 13,Timer,0.5000191926956177
Sample 13,Chronos,0.4999808371067047
Sample 14,Chronos,0.5001184940338135
Sample 14,Timer,0.49988144636154175
Sample 15,Moirai,0.5020654201507568
Sample 15,TimesFM,0.49793457984924316
Sample 0,Moirai,0.5036546587944031
Sample 0,Time-MoE,0.4963453412055969
Sample 1,Chronos,0.5000308752059937
Sample 1,Timer,0.49996915459632874
Sample 2,Moirai,0.5005538463592529
Sample 2,TimesFM,0.49944615364074707
Sample 3,Chronos,0.5000652074813843
Sample 3,Timer,0.4999348223209381
Sample 4,Moirai,0.5011475682258606
Sample 4,Time-MoE,0.4988524615764618
Sample 5,Timer,0.5000333786010742
Sample 5,Chronos,0.49996665120124817
Sample 6,Chronos,0.5001624822616577
Sample 6,Time-MoE,0.4998375475406647
Sample 7,Moirai,0.5019500851631165
Sample 7,TimesFM,0.49804991483688354
Sample 8,Moirai,0.5028694868087769
Sample 8,Chronos,0.4971305727958679
Sample 9,Chronos,0.5000051259994507
Sample 9,Timer,0.4999949038028717
Sample 10,Moirai,0.5001845955848694
Sample 10,Time-MoE,0.499815434217453
Sample 11,Timer,0.5000149607658386
Sample 11,Chronos,0.49998506903648376
Sample 12,Moirai,0.5023365020751953
Sample 12,Time-MoE,0.4976634979248047
Sample 13,Timer,0.5000623464584351
Sample 13,Chronos,0.49993768334388733
Sample 14,Chronos,0.500070333480835
Sample 14,Time-MoE,0.49992966651916504
Sample 15,Moirai,0.5019429326057434
Sample 15,TimesFM,0.4980570673942566
Sample 16,Moirai,0.503380298614502
Sample 16,Time-MoE,0.49661967158317566
Sample 17,Timer,0.5000335574150085
Sample 17,Chronos,0.49996641278266907
Sample 18,Moirai,0.5015701055526733
Sample 18,Timer,0.49842989444732666
Sample 19,Chronos,0.5000543594360352
Sample 19,Timer,0.49994564056396484
Sample 20,Moirai,0.5015648007392883
Sample 20,Chronos,0.4984351694583893
Sample 21,Timer,0.5000867247581482
Sample 21,Chronos,0.49991321563720703
Sample 22,Moirai,0.5006929636001587
Sample 22,Time-MoE,0.4993070065975189
Sample 23,Moirai,0.501434862613678
Sample 23,Time-MoE,0.4985651671886444
Sample 24,Moirai,0.5036101341247559
Sample 24,Timer,0.49638989567756653
Sample 25,Chronos,0.500026524066925
Sample 25,Timer,0.49997350573539734
Sample 26,Moirai,0.5005610585212708
Sample 26,Time-MoE,0.49943894147872925
Sample 27,Moirai,0.5010690093040466
Sample 27,TimesFM,0.49893099069595337
Sample 28,Moirai,0.5014016628265381
Sample 28,Time-MoE,0.4985983371734619
Sample 29,Timer,0.5000524520874023
Sample 29,Chronos,0.49994754791259766
Sample 30,Chronos,0.5000278949737549
Sample 30,Time-MoE,0.4999721348285675
Sample 31,Moirai,0.5013020038604736
Sample 31,TimesFM,0.49869805574417114
Sample 0,Moirai,0.5022755265235901
Sample 0,Timer,0.4977245032787323
Sample 1,Timer,0.5000136494636536
Sample 1,Chronos,0.49998632073402405
Sample 2,Moirai,0.5011828541755676
Sample 2,Timer,0.49881711602211
Sample 3,Chronos,0.5000694394111633
Sample 3,Timer,0.49993059039115906
Sample 4,Moirai,0.500756025314331
Sample 4,Time-MoE,0.49924394488334656
Sample 5,Timer,0.5000575184822083
Sample 5,Time-MoE,0.49994245171546936
Sample 6,Chronos,0.5001394152641296
Sample 6,Time-MoE,0.49986064434051514
Sample 7,Moirai,0.502305805683136
Sample 7,TimesFM,0.497694194316864
Sample 8,Moirai,0.5028966069221497
Sample 8,TimesFM,0.49710339307785034
Sample 9,Timer,0.5000249743461609
Sample 9,Chronos,0.4999750554561615
Sample 10,Time-MoE,0.5000151991844177
Sample 10,Timer,0.49998483061790466
Sample 11,Moirai,0.5002756714820862
Sample 11,Time-MoE,0.4997243285179138
Sample 12,Moirai,0.5011695623397827
Sample 12,Time-MoE,0.4988304376602173
Sample 13,Timer,0.5000959038734436
Sample 13,Chronos,0.4999040961265564
Sample 14,Chronos,0.5002577900886536
Sample 14,Time-MoE,0.4997422397136688
Sample 15,Moirai,0.5016945004463196
Sample 15,Time-MoE,0.4983055293560028
Sample 16,Moirai,0.5039276480674744
Sample 16,Time-MoE,0.4960724115371704
Sample 17,Timer,0.5000218749046326
Sample 17,Chronos,0.49997809529304504
Sample 18,Moirai,0.5006577372550964
Sample 18,Time-MoE,0.4993422329425812
Sample 19,Chronos,0.500049352645874
Sample 19,Timer,0.49995067715644836
Sample 20,Moirai,0.5001823306083679
Sample 20,Timer,0.49981769919395447
Sample 21,Timer,0.5000866651535034
Sample 21,Chronos,0.4999133348464966
Sample 22,Moirai,0.5000202655792236
Sample 22,Chronos,0.499979704618454
Sample 23,Moirai,0.5013881325721741
Sample 23,Time-MoE,0.49861180782318115
Sample 24,Moirai,0.501464307308197
Sample 24,Time-MoE,0.49853575229644775
Sample 25,Chronos,0.5000372529029846
Sample 25,Timer,0.49996277689933777
Sample 26,Time-MoE,0.5001175403594971
Sample 26,TimesFM,0.49988242983818054
Sample 27,Timer,0.5000432729721069
Sample 27,Chronos,0.49995675683021545
Sample 28,Moirai,0.5019609332084656
Sample 28,TimesFM,0.4980390667915344
Sample 29,Timer,0.500092089176178
Sample 29,Chronos,0.499907910823822
Sample 30,Chronos,0.5000755786895752
Sample 30,Time-MoE,0.4999244511127472
Sample 31,Moirai,0.5020865201950073
Sample 31,TimesFM,0.4979134500026703
Sample 0,Moirai,0.5031335353851318
Sample 0,TimesFM,0.4968664050102234
Sample 1,Timer,0.5000457167625427
Sample 1,Chronos,0.4999542832374573
Sample 2,Moirai,0.5005525946617126
Sample 2,Timer,0.49944743514060974
Sample 3,Chronos,0.5000655055046082
Sample 3,Timer,0.49993452429771423
Sample 4,Moirai,0.5016578435897827
Sample 4,Time-MoE,0.4983421266078949
Sample 5,Time-MoE,0.5000314712524414
Sample 5,Chronos,0.499968558549881
Sample 6,Timer,0.5001034140586853
Sample 6,Chronos,0.4998965859413147
Sample 7,Moirai,0.5014442801475525
Sample 7,Time-MoE,0.4985557496547699
Sample 8,Moirai,0.5035580992698669
Sample 8,TimesFM,0.49644193053245544
Sample 9,Chronos,0.5000044107437134
Sample 9,Timer,0.499995619058609
Sample 10,Moirai,0.5000658631324768
Sample 10,Chronos,0.4999341666698456
Sample 11,Chronos,0.500058114528656
Sample 11,Timer,0.499941885471344
Sample 12,Moirai,0.5015789866447449
Sample 12,TimesFM,0.4984210133552551
Sample 13,Timer,0.5000811219215393
Sample 13,Chronos,0.4999188482761383
Sample 14,Chronos,0.5001505613327026
Sample 14,Time-MoE,0.499849408864975
Sample 15,Moirai,0.5015958547592163
Sample 15,Time-MoE,0.4984041154384613
Sample 16,Moirai,0.5006304383277893
Sample 16,Timer,0.4993695616722107
Sample 17,Chronos,0.5000044703483582
Sample 17,Timer,0.49999552965164185
Sample 18,Moirai,0.5005549192428589
Sample 18,Time-MoE,0.4994450807571411
Sample 19,Moirai,0.500691831111908
Sample 19,Time-MoE,0.49930816888809204
Sample 20,Moirai,0.5017783641815186
Sample 20,TimesFM,0.49822166562080383
Sample 21,Timer,0.5001349449157715
Sample 21,Chronos,0.4998650848865509
Sample 22,Chronos,0.5001159310340881
Sample 22,Time-MoE,0.4998840391635895
Sample 23,Moirai,0.5002416968345642
Sample 23,TimesFM,0.4997582733631134
Sample 24,Moirai,0.5032511353492737
Sample 24,TimesFM,0.4967488646507263
Sample 25,Chronos,0.5000593066215515
Sample 25,Timer,0.4999407231807709
Sample 26,Moirai,0.5011452436447144
Sample 26,Chronos,0.49885475635528564
Sample 27,Timer,0.5000540018081665
Sample 27,Chronos,0.4999460279941559
Sample 28,Moirai,0.5016488432884216
Sample 28,TimesFM,0.498351126909256
Sample 29,Timer,0.5000327825546265
Sample 29,Chronos,0.4999672472476959
Sample 30,Chronos,0.5000924468040466
Sample 30,Time-MoE,0.49990755319595337
Sample 31,Moirai,0.5016638040542603
Sample 31,TimesFM,0.4983362555503845
Sample 0,Moirai,0.5033069849014282
Sample 0,TimesFM,0.49669307470321655
Sample 1,Timer,0.5000300407409668
Sample 1,Chronos,0.4999699890613556
Sample 2,Moirai,0.5006251931190491
Sample 2,Timer,0.49937477707862854
Sample 3,Chronos,0.5000036358833313
Sample 3,Timer,0.4999963343143463
Sample 4,Moirai,0.5001364350318909
Sample 4,Chronos,0.4998635947704315
Sample 5,Moirai,0.5013303756713867
Sample 5,Timer,0.49866965413093567
Sample 6,Moirai,0.5010896921157837
Sample 6,Time-MoE,0.4989102780818939
Sample 7,Moirai,0.5013664960861206
Sample 7,Time-MoE,0.498633474111557
Sample 8,Moirai,0.5039507150650024
Sample 8,TimesFM,0.49604928493499756
Sample 9,Chronos,0.5000216960906982
Sample 9,Timer,0.49997830390930176
Sample 10,Moirai,0.5006964206695557
Sample 10,Time-MoE,0.49930357933044434
Sample 11,Chronos,0.5000595450401306
Sample 11,Timer,0.4999404549598694
Sample 12,Moirai,0.502083957195282
Sample 12,TimesFM,0.497916042804718
Sample 13,Timer,0.5000283122062683
Sample 13,Time-MoE,0.4999716877937317
Sample 14,Chronos,0.5000770092010498
Sample 14,Timer,0.4999230206012726
Sample 15,Moirai,0.5021519064903259
Sample 15,Time-MoE,0.4978480935096741
Sample 16,Moirai,0.503711998462677
Sample 16,TimesFM,0.4962880313396454
Sample 17,Chronos,0.5001326203346252
Sample 17,Timer,0.49986740946769714
Sample 18,Moirai,0.5010221004486084
Sample 18,Time-MoE,0.4989778995513916
Sample 19,Chronos,0.5000049471855164
Sample 19,Timer,0.49999508261680603
Sample 20,Moirai,0.5012378096580505
Sample 20,TimesFM,0.4987621307373047
Sample 21,Chronos,0.5000703930854797
Sample 21,Timer,0.49992963671684265
Sample 22,Moirai,0.5004280805587769
Sample 22,Time-MoE,0.49957191944122314
Sample 23,Moirai,0.501637876033783
Sample 23,TimesFM,0.49836215376853943
Sample 24,Moirai,0.5034777522087097
Sample 24,TimesFM,0.4965222477912903
Sample 25,Chronos,0.5000320076942444
Sample 25,Timer,0.4999679923057556
Sample 26,Moirai,0.5014504194259644
Sample 26,Time-MoE,0.49854958057403564
Sample 27,Chronos,0.5000904202461243
Sample 27,Timer,0.49990952014923096
Sample 28,Moirai,0.5023730993270874
Sample 28,TimesFM,0.497626930475235
Sample 29,Timer,0.5000318288803101
Sample 29,Chronos,0.49996817111968994
Sample 30,Chronos,0.5000881552696228
Sample 30,Time-MoE,0.4999118447303772
Sample 31,Moirai,0.5023882985115051
Sample 31,TimesFM,0.4976116716861725
Sample 0,Moirai,0.502712607383728
Sample 0,TimesFM,0.497287392616272
Sample 1,Chronos,0.500010073184967
Sample 1,Timer,0.49998989701271057
Sample 2,Moirai,0.5006146430969238
Sample 2,Timer,0.49938535690307617
Sample 3,Chronos,0.5000396370887756
Sample 3,Timer,0.499960333108902
Sample 4,Moirai,0.5016233921051025
Sample 4,TimesFM,0.49837660789489746
Sample 5,Timer,0.5000271797180176
Sample 5,Chronos,0.49997279047966003
Sample 6,Chronos,0.5001316666603088
Sample 6,Timer,0.49986836314201355
Sample 7,Moirai,0.5018435716629028
Sample 7,Time-MoE,0.49815642833709717
Sample 8,Moirai,0.5034459233283997
Sample 8,Chronos,0.49655410647392273
Sample 9,Chronos,0.500036358833313
Sample 9,Timer,0.4999636113643646
Sample 10,Moirai,0.5008499622344971
Sample 10,Time-MoE,0.4991500675678253
Sample 11,Moirai,0.5009437799453735
Sample 11,TimesFM,0.49905622005462646
Sample 12,Moirai,0.5015034079551697
Sample 12,TimesFM,0.4984965920448303
Sample 13,Moirai,0.500159502029419
Sample 13,Timer,0.49984049797058105
Sample 14,Moirai,0.5001620054244995
Sample 14,Chronos,0.4998379647731781
Sample 15,Moirai,0.500397264957428
Sample 15,Time-MoE,0.49960267543792725
Sample 16,Moirai,0.5016619563102722
Sample 16,Timer,0.4983380138874054
Sample 17,Chronos,0.5000556707382202
Sample 17,Timer,0.4999443590641022
Sample 18,Time-MoE,0.5001057982444763
Sample 18,Moirai,0.4998941421508789
Sample 19,Timer,0.5000097155570984
Sample 19,Chronos,0.499990314245224
Sample 20,Moirai,0.5017199516296387
Sample 20,TimesFM,0.49828004837036133
Sample 21,Timer,0.5000763535499573
Sample 21,Chronos,0.49992361664772034
Sample 22,Chronos,0.5000835061073303
Sample 22,Time-MoE,0.4999164640903473
Sample 23,Moirai,0.5015637278556824
Sample 23,TimesFM,0.49843624234199524
Sample 24,Moirai,0.5040846467018127
Sample 24,TimesFM,0.49591535329818726
Sample 25,Chronos,0.5000235438346863
Sample 25,Timer,0.49997642636299133
Sample 26,Moirai,0.5005559921264648
Sample 26,TimesFM,0.49944400787353516
Sample 27,Chronos,0.500058650970459
Sample 27,Timer,0.4999413788318634
Sample 28,Moirai,0.5018077492713928
Sample 28,TimesFM,0.4981922209262848
Sample 29,Chronos,0.5000669360160828
Sample 29,Time-MoE,0.4999330937862396
Sample 30,Chronos,0.5001006126403809
Sample 30,Timer,0.49989935755729675
Sample 31,Moirai,0.501722514629364
Sample 31,Time-MoE,0.4982775151729584
Sample 0,Moirai,0.5036941766738892
Sample 0,TimesFM,0.49630582332611084
Sample 1,Chronos,0.500002920627594
Sample 1,Timer,0.4999971091747284
Sample 2,Moirai,0.5007241368293762
Sample 2,Time-MoE,0.49927592277526855
Sample 3,Chronos,0.5000633597373962
Sample 3,Timer,0.49993667006492615
Sample 4,Moirai,0.5013067722320557
Sample 4,Time-MoE,0.4986932575702667
Sample 5,Time-MoE,0.5000031590461731
Sample 5,Timer,0.4999968409538269
Sample 6,Moirai,0.5001078248023987
Sample 6,Chronos,0.49989214539527893
Sample 7,Moirai,0.5012668371200562
Sample 7,Time-MoE,0.4987332224845886
Sample 8,Moirai,0.503869354724884
Sample 8,TimesFM,0.49613070487976074
Sample 9,Timer,0.5000250935554504
Sample 9,Chronos,0.49997493624687195
Sample 10,Moirai,0.5006434321403503
Sample 10,Time-MoE,0.49935656785964966
Sample 11,Chronos,0.5000323057174683
Sample 11,Timer,0.4999677240848541
Sample 12,Chronos,0.5000611543655396
Sample 12,Time-MoE,0.49993887543678284
Sample 13,Chronos,0.5000317692756653
Sample 13,TimesFM,0.49996820092201233
Sample 14,Moirai,0.5014834403991699
Sample 14,TimesFM,0.49851658940315247
Sample 15,Moirai,0.5021701455116272
Sample 15,Time-MoE,0.4978298544883728
Sample 16,Moirai,0.5034545660018921
Sample 16,TimesFM,0.4965454936027527
Sample 17,Timer,0.5000572800636292
Sample 17,Chronos,0.49994274973869324
Sample 18,Moirai,0.5018959641456604
Sample 18,Time-MoE,0.498104065656662
Sample 19,Chronos,0.5000247955322266
Sample 19,Timer,0.49997520446777344
Sample 20,Chronos,0.5000290274620056
Sample 20,Timer,0.4999709725379944
Sample 21,Timer,0.5001294016838074
Sample 21,TimesFM,0.4998705983161926
Sample 22,Chronos,0.5000221729278564
Sample 22,Time-MoE,0.49997785687446594
Sample 23,Moirai,0.5021340847015381
Sample 23,Time-MoE,0.4978659451007843
Sample 24,Moirai,0.5025269389152527
Sample 24,Timer,0.4974730610847473
Sample 25,Timer,0.500036358833313
Sample 25,Chronos,0.4999636113643646
Sample 26,Moirai,0.5014435052871704
Sample 26,Time-MoE,0.49855655431747437
Sample 27,Chronos,0.5000771880149841
Sample 27,Timer,0.49992284178733826
Sample 28,Moirai,0.5015748143196106
Sample 28,Time-MoE,0.498425155878067
Sample 29,Time-MoE,0.5000503659248352
Sample 29,Chronos,0.4999496638774872
Sample 30,Moirai,0.5013639330863953
Sample 30,Timer,0.49863606691360474
Sample 31,Moirai,0.5008419752120972
Sample 31,Time-MoE,0.4991580843925476
Sample 0,Moirai,0.5008575320243835
Sample 0,Timer,0.49914252758026123
Sample 1,Chronos,0.5000317096710205
Sample 1,Timer,0.4999683201313019
Sample 2,Moirai,0.5001205205917358
Sample 2,Time-MoE,0.4998794198036194
Sample 3,Timer,0.5000231266021729
Sample 3,Chronos,0.49997690320014954
Sample 4,Moirai,0.5005878210067749
Sample 4,TimesFM,0.4994122385978699
Sample 5,Timer,0.5001000165939331
Sample 5,Time-MoE,0.4998999536037445
Sample 6,Chronos,0.5000799894332886
Sample 6,Time-MoE,0.4999200105667114
Sample 7,Moirai,0.5015292763710022
Sample 7,Time-MoE,0.4984707534313202
Sample 8,Moirai,0.5040754079818726
Sample 8,TimesFM,0.49592456221580505
Sample 9,Chronos,0.500007152557373
Sample 9,Timer,0.49999287724494934
Sample 10,Moirai,0.5000028014183044
Sample 10,Time-MoE,0.49999716877937317
Sample 11,Chronos,0.5000677704811096
Sample 11,Timer,0.499932199716568
Sample 12,Moirai,0.501675546169281
Sample 12,Time-MoE,0.498324453830719
Sample 13,Timer,0.5000085234642029
Sample 13,Chronos,0.49999144673347473
Sample 14,Chronos,0.5001415014266968
Sample 14,Timer,0.499858558177948
Sample 15,Moirai,0.5022997856140137
Sample 15,TimesFM,0.49770021438598633
Sample 0,Moirai,0.5041809678077698
Sample 0,Timer,0.4958190321922302
Sample 1,Chronos,0.5000359416007996
Sample 1,Timer,0.4999640882015228
Sample 2,Moirai,0.5006122589111328
Sample 2,TimesFM,0.4993877708911896
Sample 3,Chronos,0.5000745058059692
Sample 3,Timer,0.49992552399635315
Sample 4,Moirai,0.5012750625610352
Sample 4,Time-MoE,0.49872493743896484
Sample 5,Timer,0.5000339150428772
Sample 5,Chronos,0.4999660849571228
Sample 6,Chronos,0.5001766681671143
Sample 6,Time-MoE,0.49982336163520813
Sample 7,Moirai,0.502189576625824
Sample 7,Time-MoE,0.497810423374176
Sample 8,Moirai,0.503314733505249
Sample 8,Timer,0.49668529629707336
Sample 9,Chronos,0.5000088214874268
Sample 9,Timer,0.49999114871025085
Sample 10,Moirai,0.5002263784408569
Sample 10,Time-MoE,0.49977365136146545
Sample 11,Timer,0.5000112652778625
Sample 11,Chronos,0.49998876452445984
Sample 12,Moirai,0.5026059746742249
Sample 12,Time-MoE,0.49739402532577515
Sample 13,Timer,0.500063955783844
Sample 13,Chronos,0.499936044216156
Sample 14,Chronos,0.5000755786895752
Sample 14,Time-MoE,0.4999244511127472
Sample 15,Moirai,0.5021821856498718
Sample 15,Time-MoE,0.4978177845478058
Sample 16,Moirai,0.503825306892395
Sample 16,Time-MoE,0.496174693107605
Sample 17,Timer,0.5000350475311279
Sample 17,Chronos,0.49996495246887207
Sample 18,Moirai,0.5017337203025818
Sample 18,Timer,0.498266339302063
Sample 19,Chronos,0.5000597238540649
Sample 19,Timer,0.49994027614593506
Sample 20,Moirai,0.501785159111023
Sample 20,Chronos,0.49821484088897705
Sample 21,Timer,0.5000926852226257
Sample 21,Chronos,0.4999072849750519
Sample 22,Moirai,0.5007686614990234
Sample 22,Time-MoE,0.4992313086986542
Sample 23,Moirai,0.5016053915023804
Sample 23,Time-MoE,0.49839460849761963
Sample 24,Moirai,0.5040631294250488
Sample 24,Timer,0.49593687057495117
Sample 25,Chronos,0.5000308752059937
Sample 25,Timer,0.49996909499168396
Sample 26,Moirai,0.5006566643714905
Sample 26,Time-MoE,0.49934330582618713
Sample 27,Moirai,0.5012013912200928
Sample 27,TimesFM,0.49879854917526245
Sample 28,Moirai,0.5015324950218201
Sample 28,Time-MoE,0.49846750497817993
Sample 29,Timer,0.5000524520874023
Sample 29,Chronos,0.49994754791259766
Sample 30,Chronos,0.500025749206543
Sample 30,Time-MoE,0.49997425079345703
Sample 31,Moirai,0.5014669299125671
Sample 31,Time-MoE,0.49853307008743286
Sample 0,Moirai,0.5025971531867981
Sample 0,Timer,0.4974028766155243
Sample 1,Timer,0.5000200867652893
Sample 1,Chronos,0.4999799132347107
Sample 2,Moirai,0.5012984275817871
Sample 2,Timer,0.4987015724182129
Sample 3,Chronos,0.5000689625740051
Sample 3,Timer,0.4999310374259949
Sample 4,Moirai,0.5008339881896973
Sample 4,Time-MoE,0.49916595220565796
Sample 5,Timer,0.5000526309013367
Sample 5,Time-MoE,0.49994733929634094
Sample 6,Chronos,0.5001462697982788
Sample 6,Time-MoE,0.4998537302017212
Sample 7,Moirai,0.5025853514671326
Sample 7,Time-MoE,0.49741461873054504
Sample 8,Moirai,0.5033172965049744
Sample 8,Time-MoE,0.49668267369270325
Sample 9,Timer,0.5000322461128235
Sample 9,Chronos,0.4999677240848541
Sample 10,Time-MoE,0.500004231929779
Sample 10,Moirai,0.49999573826789856
Sample 11,Moirai,0.5003381967544556
Sample 11,Time-MoE,0.4996618330478668
Sample 12,Moirai,0.5012957453727722
Sample 12,Time-MoE,0.49870428442955017
Sample 13,Timer,0.5000978112220764
Sample 13,TimesFM,0.4999021589756012
Sample 14,Chronos,0.5002808570861816
Sample 14,Time-MoE,0.49971920251846313
Sample 15,Moirai,0.5019163489341736
Sample 15,Time-MoE,0.4980836510658264
Sample 16,Moirai,0.5044573545455933
Sample 16,Timer,0.49554261565208435
Sample 17,Timer,0.5000305771827698
Sample 17,Chronos,0.4999694526195526
Sample 18,Moirai,0.5007127523422241
Sample 18,Time-MoE,0.4992872178554535
Sample 19,Chronos,0.5000472068786621
Sample 19,Timer,0.4999527931213379
Sample 20,Moirai,0.5002223253250122
Sample 20,Timer,0.4997776746749878
Sample 21,Timer,0.5000994205474854
Sample 21,Chronos,0.49990057945251465
Sample 22,Moirai,0.5000500679016113
Sample 22,Chronos,0.4999499022960663
Sample 23,Moirai,0.5015189051628113
Sample 23,Time-MoE,0.4984810948371887
Sample 24,Moirai,0.5016983151435852
Sample 24,Time-MoE,0.4983016848564148
Sample 25,Chronos,0.5000378489494324
Sample 25,Timer,0.49996218085289
Sample 26,Time-MoE,0.5001182556152344
Sample 26,TimesFM,0.4998817443847656
Sample 27,Timer,0.5000474452972412
Sample 27,Chronos,0.4999525249004364
Sample 28,Moirai,0.5021647810935974
Sample 28,Time-MoE,0.4978352189064026
Sample 29,Timer,0.50010746717453
Sample 29,Chronos,0.4998925030231476
Sample 30,Chronos,0.500080406665802
Sample 30,Time-MoE,0.4999196231365204
Sample 31,Moirai,0.5023439526557922
Sample 31,Time-MoE,0.497655987739563
Sample 0,Moirai,0.5035465955734253
Sample 0,Time-MoE,0.4964534342288971
Sample 1,Timer,0.5000633001327515
Sample 1,Chronos,0.49993667006492615
Sample 2,Moirai,0.5006161332130432
Sample 2,Timer,0.4993838667869568
Sample 3,Chronos,0.5000627040863037
Sample 3,Timer,0.4999372661113739
Sample 4,Moirai,0.5018895268440247
Sample 4,Time-MoE,0.49811044335365295
Sample 5,Time-MoE,0.5000380873680115
Sample 5,TimesFM,0.4999619424343109
Sample 6,Timer,0.5001029968261719
Sample 6,Time-MoE,0.4998970031738281
Sample 7,Moirai,0.5016266107559204
Sample 7,Time-MoE,0.4983733892440796
Sample 8,Moirai,0.5040022134780884
Sample 8,Timer,0.49599775671958923
Sample 9,Timer,0.5000057220458984
Sample 9,Chronos,0.49999430775642395
Sample 10,Moirai,0.5001065135002136
Sample 10,Chronos,0.499893456697464
Sample 11,Chronos,0.5000544190406799
Sample 11,TimesFM,0.49994558095932007
Sample 12,Moirai,0.5017456412315369
Sample 12,Time-MoE,0.4982543885707855
Sample 13,Timer,0.5001000761985779
Sample 13,Chronos,0.49989989399909973
Sample 14,Chronos,0.5001538991928101
Sample 14,Time-MoE,0.49984613060951233
Sample 15,Moirai,0.5017768144607544
Sample 15,Time-MoE,0.498223215341568
Sample 16,Moirai,0.5007531642913818
Sample 16,Timer,0.4992468059062958
Sample 17,Timer,0.5000033974647522
Sample 17,Chronos,0.4999966323375702
Sample 18,Moirai,0.5006033182144165
Sample 18,Time-MoE,0.4993967115879059
Sample 19,Moirai,0.5008196830749512
Sample 19,Time-MoE,0.49918031692504883
Sample 20,Moirai,0.5019691586494446
Sample 20,Time-MoE,0.4980309009552002
Sample 21,Timer,0.5001443028450012
Sample 21,TimesFM,0.49985572695732117
Sample 22,Chronos,0.5001125931739807
Sample 22,Moirai,0.4998874068260193
Sample 23,Moirai,0.5002846717834473
Sample 23,TimesFM,0.49971532821655273
Sample 24,Moirai,0.5036658644676208
Sample 24,Timer,0.49633413553237915
Sample 25,Chronos,0.5000532269477844
Sample 25,Timer,0.49994680285453796
Sample 26,Moirai,0.5013018846511841
Sample 26,Time-MoE,0.4986981153488159
Sample 27,Timer,0.5000585913658142
Sample 27,TimesFM,0.4999413788318634
Sample 28,Moirai,0.5018041729927063
Sample 28,Time-MoE,0.4981958270072937
Sample 29,Timer,0.5000516772270203
Sample 29,Chronos,0.4999483525753021
Sample 30,Chronos,0.5000967383384705
Sample 30,Timer,0.49990320205688477
Sample 31,Moirai,0.5018624067306519
Sample 31,Time-MoE,0.49813756346702576
Sample 0,Moirai,0.5037400722503662
Sample 0,Time-MoE,0.4962599277496338
Sample 1,Timer,0.5000478029251099
Sample 1,Chronos,0.4999522268772125
Sample 2,Moirai,0.5007444024085999
Sample 2,Timer,0.49925559759140015
Sample 3,Timer,0.5000086426734924
Sample 3,Chronos,0.49999138712882996
Sample 4,Moirai,0.5001866221427917
Sample 4,Chronos,0.49981340765953064
Sample 5,Moirai,0.5015112161636353
Sample 5,Timer,0.49848878383636475
Sample 6,Moirai,0.5012214183807373
Sample 6,Time-MoE,0.4987785518169403
Sample 7,Moirai,0.5015303492546082
Sample 7,Time-MoE,0.49846965074539185
Sample 8,Moirai,0.5045207142829895
Sample 8,Time-MoE,0.4954792857170105
Sample 9,Chronos,0.5000137090682983
Sample 9,Timer,0.49998629093170166
Sample 10,Moirai,0.5007711052894592
Sample 10,Time-MoE,0.4992288649082184
Sample 11,Chronos,0.5000599026679993
Sample 11,Timer,0.4999401271343231
Sample 12,Moirai,0.5023242235183716
Sample 12,Time-MoE,0.49767571687698364
Sample 13,Timer,0.5000377893447876
Sample 13,Time-MoE,0.4999622106552124
Sample 14,Chronos,0.5000775456428528
Sample 14,Timer,0.4999224543571472
Sample 15,Moirai,0.5023894906044006
Sample 15,Time-MoE,0.49761050939559937
Sample 16,Moirai,0.504231870174408
Sample 16,Time-MoE,0.49576815962791443
Sample 17,Chronos,0.500134289264679
Sample 17,Timer,0.4998657703399658
Sample 18,Moirai,0.5011475086212158
Sample 18,Time-MoE,0.4988524913787842
Sample 19,Timer,0.500000536441803
Sample 19,Chronos,0.49999943375587463
Sample 20,Moirai,0.5013791918754578
Sample 20,Time-MoE,0.49862080812454224
Sample 21,Chronos,0.5000671744346619
Sample 21,Timer,0.49993282556533813
Sample 22,Moirai,0.5004967451095581
Sample 22,Time-MoE,0.4995032250881195
Sample 23,Moirai,0.5018287301063538
Sample 23,Time-MoE,0.49817124009132385
Sample 24,Moirai,0.5039660334587097
Sample 24,Time-MoE,0.49603399634361267
Sample 25,Chronos,0.5000290274620056
Sample 25,Timer,0.4999710023403168
Sample 26,Moirai,0.5016051530838013
Sample 26,Time-MoE,0.4983948767185211
Sample 27,Chronos,0.5000860095024109
Sample 27,TimesFM,0.4999139904975891
Sample 28,Moirai,0.5026519894599915
Sample 28,Time-MoE,0.49734801054000854
Sample 29,Timer,0.5000401139259338
Sample 29,Chronos,0.49995991587638855
Sample 30,Chronos,0.5000978708267212
Sample 30,Time-MoE,0.4999021291732788
Sample 31,Moirai,0.5026917457580566
Sample 31,Time-MoE,0.49730828404426575
Sample 0,Moirai,0.5031344890594482
Sample 0,Timer,0.49686551094055176
Sample 1,Chronos,0.5000022053718567
Sample 1,Timer,0.4999977946281433
Sample 2,Moirai,0.5006795525550842
Sample 2,Timer,0.49932044744491577
Sample 3,Chronos,0.5000369548797607
Sample 3,Timer,0.49996301531791687
Sample 4,Moirai,0.5018144845962524
Sample 4,Time-MoE,0.49818554520606995
Sample 5,Timer,0.500037670135498
Sample 5,Chronos,0.49996230006217957
Sample 6,Chronos,0.5001326203346252
Sample 6,Timer,0.49986737966537476
Sample 7,Moirai,0.5020603537559509
Sample 7,Time-MoE,0.4979396164417267
Sample 8,Moirai,0.5039574503898621
Sample 8,Time-MoE,0.49604254961013794
Sample 9,Chronos,0.5000308752059937
Sample 9,Timer,0.49996915459632874
Sample 10,Moirai,0.5009656548500061
Sample 10,Time-MoE,0.4990343451499939
Sample 11,Moirai,0.5010805130004883
Sample 11,TimesFM,0.4989195168018341
Sample 12,Moirai,0.5016785264015198
Sample 12,Time-MoE,0.4983215034008026
Sample 13,Moirai,0.500206708908081
Sample 13,Timer,0.49979323148727417
Sample 14,Moirai,0.5001937747001648
Sample 14,Chronos,0.4998062252998352
Sample 15,Moirai,0.5004480481147766
Sample 15,Time-MoE,0.4995519518852234
Sample 16,Moirai,0.5019038915634155
Sample 16,Timer,0.4980961084365845
Sample 17,Chronos,0.5000550746917725
Sample 17,Timer,0.4999449551105499
Sample 18,Time-MoE,0.5000937581062317
Sample 18,Moirai,0.4999062418937683
Sample 19,Timer,0.5000131726264954
Sample 19,Chronos,0.49998679757118225
Sample 20,Moirai,0.5019188523292542
Sample 20,Time-MoE,0.49808111786842346
Sample 21,Timer,0.5000746846199036
Sample 21,TimesFM,0.49992528557777405
Sample 22,Chronos,0.5001059770584106
Sample 22,Time-MoE,0.49989402294158936
Sample 23,Moirai,0.5017397403717041
Sample 23,Time-MoE,0.4982602894306183
Sample 24,Moirai,0.5046756267547607
Sample 24,Time-MoE,0.49532434344291687
Sample 25,Chronos,0.5000158548355103
Sample 25,Timer,0.49998414516448975
Sample 26,Moirai,0.5006322860717773
Sample 26,TimesFM,0.49936771392822266
Sample 27,Chronos,0.500055193901062
Sample 27,Timer,0.4999448359012604
Sample 28,Moirai,0.5020251870155334
Sample 28,Time-MoE,0.49797481298446655
Sample 29,Chronos,0.5000641345977783
Sample 29,Timer,0.49993589520454407
Sample 30,Chronos,0.5000999569892883
Sample 30,Timer,0.4998999834060669
Sample 31,Moirai,0.5019475221633911
Sample 31,Time-MoE,0.4980524480342865
Sample 0,Moirai,0.5042083263397217
Sample 0,Timer,0.49579164385795593
Sample 1,Chronos,0.5000017285346985
Sample 1,Timer,0.4999982416629791
Sample 2,Moirai,0.5008203387260437
Sample 2,Time-MoE,0.4991797208786011
Sample 3,Chronos,0.5000693798065186
Sample 3,Timer,0.49993064999580383
Sample 4,Moirai,0.5014538764953613
Sample 4,Time-MoE,0.49854615330696106
Sample 5,Timer,0.5000129342079163
Sample 5,TimesFM,0.49998703598976135
Sample 6,Moirai,0.500156581401825
Sample 6,Chronos,0.49984341859817505
Sample 7,Moirai,0.5014370679855347
Sample 7,Time-MoE,0.4985629618167877
Sample 8,Moirai,0.5043959617614746
Sample 8,Timer,0.495604008436203
Sample 9,Timer,0.5000303387641907
Sample 9,Chronos,0.4999696910381317
Sample 10,Moirai,0.5007343888282776
Sample 10,Time-MoE,0.4992656409740448
Sample 11,Chronos,0.5000316500663757
Sample 11,TimesFM,0.49996837973594666
Sample 12,Chronos,0.5000962615013123
Sample 12,Time-MoE,0.49990367889404297
Sample 13,TimesFM,0.5000185966491699
Sample 13,Chronos,0.49998143315315247
Sample 14,Moirai,0.5016459822654724
Sample 14,TimesFM,0.4983540177345276
Sample 15,Moirai,0.5024192929267883
Sample 15,Time-MoE,0.49758070707321167
Sample 16,Moirai,0.503948986530304
Sample 16,Time-MoE,0.49605104327201843
Sample 17,Timer,0.5000589489936829
Sample 17,TimesFM,0.4999410808086395
Sample 18,Moirai,0.5021310448646545
Sample 18,Time-MoE,0.49786895513534546
Sample 19,Chronos,0.5000244379043579
Sample 19,Timer,0.4999755918979645
Sample 20,Chronos,0.5000304579734802
Sample 20,Timer,0.49996957182884216
Sample 21,Timer,0.5000811815261841
Sample 21,TimesFM,0.4999188482761383
Sample 22,Chronos,0.5000346302986145
Sample 22,TimesFM,0.4999653995037079
Sample 23,Moirai,0.502392053604126
Sample 23,Time-MoE,0.497607946395874
Sample 24,Moirai,0.5028836727142334
Sample 24,Timer,0.4971162676811218
Sample 25,Timer,0.5000382661819458
Sample 25,Chronos,0.4999617636203766
Sample 26,Moirai,0.5016238689422607
Sample 26,Time-MoE,0.49837610125541687
Sample 27,Chronos,0.5000765919685364
Sample 27,TimesFM,0.4999234080314636
Sample 28,Moirai,0.5017473101615906
Sample 28,Time-MoE,0.4982526898384094
Sample 29,Time-MoE,0.5000026822090149
Sample 29,TimesFM,0.4999972879886627
Sample 30,Moirai,0.5015119314193726
Sample 30,Timer,0.49848806858062744
Sample 31,Moirai,0.5009196996688843
Sample 31,Time-MoE,0.4990803003311157
Sample 0,Moirai,0.5009891986846924
Sample 0,Timer,0.49901077151298523
Sample 1,Chronos,0.5000454187393188
Sample 1,Timer,0.49995461106300354
Sample 2,Moirai,0.5001610517501831
Sample 2,Time-MoE,0.4998389184474945
Sample 3,Timer,0.5000154972076416
Sample 3,Chronos,0.4999845027923584
Sample 4,Moirai,0.5006096363067627
Sample 4,TimesFM,0.4993903636932373
Sample 5,Timer,0.5000516772270203
Sample 5,TimesFM,0.49994829297065735
Sample 6,Chronos,0.5000780820846558
Sample 6,TimesFM,0.49992191791534424
Sample 7,Moirai,0.5017273426055908
Sample 7,Time-MoE,0.4982726275920868
Sample 8,Moirai,0.5046246647834778
Sample 8,Timer,0.49537530541419983
Sample 9,Chronos,0.5000154972076416
Sample 9,Timer,0.4999845325946808
Sample 10,Moirai,0.500048041343689
Sample 10,Time-MoE,0.4999519884586334
Sample 11,Chronos,0.5000825524330139
Sample 11,Timer,0.4999174177646637
Sample 12,Moirai,0.501865565776825
Sample 12,Time-MoE,0.49813443422317505
Sample 13,Timer,0.5000044107437134
Sample 13,Chronos,0.49999555945396423
Sample 14,Chronos,0.50016188621521
Sample 14,Timer,0.49983811378479004
Sample 15,Moirai,0.5025821328163147
Sample 15,TimesFM,0.4974178969860077
Sample 0,Moirai,0.5047559142112732
Sample 0,Timer,0.4952441155910492
Sample 1,Chronos,0.5000547170639038
Sample 1,Timer,0.4999453127384186
Sample 2,Moirai,0.5006453394889832
Sample 2,TimesFM,0.49935463070869446
Sample 3,Chronos,0.500070333480835
Sample 3,TimesFM,0.49992966651916504
Sample 4,Moirai,0.50139981508255
Sample 4,TimesFM,0.49860018491744995
Sample 5,Timer,0.5000020861625671
Sample 5,TimesFM,0.49999794363975525
Sample 6,Chronos,0.500178337097168
Sample 6,TimesFM,0.4998216927051544
Sample 7,Moirai,0.5024561285972595
Sample 7,TimesFM,0.4975438416004181
Sample 8,Moirai,0.5037773847579956
Sample 8,TimesFM,0.496222585439682
Sample 9,Chronos,0.5000276565551758
Sample 9,Timer,0.49997231364250183
Sample 10,Moirai,0.5003026127815247
Sample 10,Time-MoE,0.49969738721847534
Sample 11,TimesFM,0.5000056028366089
Sample 11,Chronos,0.4999943673610687
Sample 12,Moirai,0.5029116868972778
Sample 12,TimesFM,0.4970882833003998
Sample 13,Timer,0.5000203847885132
Sample 13,TimesFM,0.4999796152114868
Sample 14,Chronos,0.5000787973403931
Sample 14,TimesFM,0.4999212324619293
Sample 15,Moirai,0.5024502277374268
Sample 15,TimesFM,0.49754977226257324
Sample 16,Moirai,0.504330575466156
Sample 16,TimesFM,0.4956693947315216
Sample 17,Timer,0.500019907951355
Sample 17,TimesFM,0.4999801218509674
Sample 18,Moirai,0.5019074082374573
Sample 18,Timer,0.4980926513671875
Sample 19,Chronos,0.5000362992286682
Sample 19,TimesFM,0.4999637305736542
Sample 20,Moirai,0.5019806623458862
Sample 20,Chronos,0.49801936745643616
Sample 21,Timer,0.5000356435775757
Sample 21,TimesFM,0.4999643564224243
Sample 22,Moirai,0.5008546710014343
Sample 22,TimesFM,0.4991452693939209
Sample 23,Moirai,0.501793622970581
Sample 23,Chronos,0.49820640683174133
Sample 24,Moirai,0.5045714974403381
Sample 24,Timer,0.49542850255966187
Sample 25,Chronos,0.5000507831573486
Sample 25,TimesFM,0.49994924664497375
Sample 26,Moirai,0.5007426738739014
Sample 26,TimesFM,0.49925732612609863
Sample 27,Moirai,0.5013085007667542
Sample 27,TimesFM,0.4986914396286011
Sample 28,Moirai,0.5016850233078003
Sample 28,Timer,0.4983149766921997
Sample 29,Timer,0.5000011324882507
Sample 29,TimesFM,0.4999988377094269
Sample 30,Chronos,0.500049889087677
Sample 30,TimesFM,0.4999501407146454
Sample 31,Moirai,0.5016508102416992
Sample 31,TimesFM,0.49834921956062317
Sample 0,Moirai,0.5029605627059937
Sample 0,TimesFM,0.49703943729400635
Sample 1,Chronos,0.5000088214874268
Sample 1,Timer,0.49999120831489563
Sample 2,Moirai,0.5014187693595886
Sample 2,Timer,0.498581200838089
Sample 3,Chronos,0.5000738501548767
Sample 3,TimesFM,0.4999261498451233
Sample 4,Moirai,0.5009205937385559
Sample 4,TimesFM,0.4990794062614441
Sample 5,Timer,0.5000028610229492
Sample 5,TimesFM,0.49999716877937317
Sample 6,Chronos,0.5001686811447144
Sample 6,TimesFM,0.49983134865760803
Sample 7,Moirai,0.5028848648071289
Sample 7,TimesFM,0.49711519479751587
Sample 8,Moirai,0.5037383437156677
Sample 8,TimesFM,0.4962616562843323
Sample 9,TimesFM,0.5000007152557373
Sample 9,Timer,0.4999993145465851
Sample 10,Moirai,0.5000354051589966
Sample 10,Timer,0.49996456503868103
Sample 11,Moirai,0.5003862977027893
Sample 11,TimesFM,0.4996137320995331
Sample 12,Moirai,0.5014148354530334
Sample 12,TimesFM,0.49858513474464417
Sample 13,Timer,0.5000197887420654
Sample 13,TimesFM,0.49998024106025696
Sample 14,Chronos,0.500251829624176
Sample 14,TimesFM,0.4997481405735016
Sample 15,Moirai,0.5021792054176331
Sample 15,TimesFM,0.49782079458236694
Sample 16,Moirai,0.5050416588783264
Sample 16,Timer,0.4949582815170288
Sample 17,Timer,0.5000028610229492
Sample 17,TimesFM,0.4999971389770508
Sample 18,Moirai,0.5007986426353455
Sample 18,Time-MoE,0.49920132756233215
Sample 19,Chronos,0.5000618100166321
Sample 19,TimesFM,0.4999381899833679
Sample 20,Moirai,0.5002362728118896
Sample 20,TimesFM,0.49976372718811035
Sample 21,Timer,0.500020444393158
Sample 21,TimesFM,0.49997958540916443
Sample 22,Moirai,0.5000332593917847
Sample 22,Chronos,0.4999667704105377
Sample 23,Moirai,0.5016883611679077
Sample 23,TimesFM,0.4983116388320923
Sample 24,Moirai,0.5019317269325256
Sample 24,TimesFM,0.49806827306747437
Sample 25,Chronos,0.5000684261322021
Sample 25,Timer,0.49993160367012024
Sample 26,Time-MoE,0.5000314712524414
Sample 26,TimesFM,0.499968558549881
Sample 27,Timer,0.5000187158584595
Sample 27,TimesFM,0.49998125433921814
Sample 28,Moirai,0.5023952126502991
Sample 28,TimesFM,0.4976047873497009
Sample 29,Timer,0.5000523328781128
Sample 29,TimesFM,0.4999476969242096
Sample 30,Chronos,0.500083863735199
Sample 30,TimesFM,0.4999161660671234
Sample 31,Moirai,0.5025978088378906
Sample 31,TimesFM,0.4974021315574646
Sample 0,Moirai,0.5039876103401184
Sample 0,TimesFM,0.4960123896598816
Sample 1,Timer,0.5000162720680237
Sample 1,TimesFM,0.4999837577342987
Sample 2,Moirai,0.5006952881813049
Sample 2,Timer,0.49930471181869507
Sample 3,Chronos,0.5000742077827454
Sample 3,TimesFM,0.499925822019577
Sample 4,Moirai,0.5021589398384094
Sample 4,TimesFM,0.49784108996391296
Sample 5,TimesFM,0.5000304579734802
Sample 5,Chronos,0.49996957182884216
Sample 6,Timer,0.5000908374786377
Sample 6,TimesFM,0.49990910291671753
Sample 7,Moirai,0.5018296837806702
Sample 7,TimesFM,0.49817031621932983
Sample 8,Moirai,0.5045062899589539
Sample 8,Timer,0.49549371004104614
Sample 9,Chronos,0.5000438094139099
Sample 9,Timer,0.4999561905860901
Sample 10,Moirai,0.5000763535499573
Sample 10,Chronos,0.49992361664772034
Sample 11,Chronos,0.5000510215759277
Sample 11,TimesFM,0.49994900822639465
Sample 12,Moirai,0.5019199848175049
Sample 12,TimesFM,0.49807998538017273
Sample 13,Timer,0.5000255703926086
Sample 13,TimesFM,0.49997442960739136
Sample 14,Chronos,0.5001607537269592
Sample 14,TimesFM,0.49983927607536316
Sample 15,Moirai,0.5019896626472473
Sample 15,TimesFM,0.4980103075504303
Sample 16,Moirai,0.500873327255249
Sample 16,TimesFM,0.49912670254707336
Sample 17,Chronos,0.5000404119491577
Sample 17,Timer,0.4999595880508423
Sample 18,Moirai,0.5006685256958008
Sample 18,Time-MoE,0.4993315041065216
Sample 19,Moirai,0.5008870363235474
Sample 19,TimesFM,0.49911296367645264
Sample 20,Moirai,0.5021619200706482
Sample 20,TimesFM,0.4978380501270294
Sample 21,Timer,0.5000829696655273
Sample 21,TimesFM,0.49991700053215027
Sample 22,Chronos,0.5001511573791504
Sample 22,TimesFM,0.4998488426208496
Sample 23,Moirai,0.5002684593200684
Sample 23,TimesFM,0.49973154067993164
Sample 24,Moirai,0.5041131377220154
Sample 24,TimesFM,0.495886892080307
Sample 25,Chronos,0.5000873804092407
Sample 25,TimesFM,0.4999125599861145
Sample 26,Moirai,0.5014370083808899
Sample 26,Chronos,0.4985629618167877
Sample 27,Timer,0.5000231266021729
Sample 27,TimesFM,0.49997687339782715
Sample 28,Moirai,0.5019977688789368
Sample 28,TimesFM,0.49800217151641846
Sample 29,TimesFM,0.5000085234642029
Sample 29,Timer,0.49999144673347473
Sample 30,Chronos,0.5001036524772644
Sample 30,TimesFM,0.4998963177204132
Sample 31,Moirai,0.502058744430542
Sample 31,TimesFM,0.4979413151741028
Sample 0,Moirai,0.5042308568954468
Sample 0,Time-MoE,0.4957691431045532
Sample 1,Chronos,0.5000132322311401
Sample 1,Timer,0.4999867379665375
Sample 2,Moirai,0.50086909532547
Sample 2,Timer,0.49913087487220764
Sample 3,Chronos,0.5000553131103516
Sample 3,Timer,0.4999447166919708
Sample 4,Moirai,0.5001617074012756
Sample 4,Chronos,0.49983829259872437
Sample 5,Moirai,0.5016857981681824
Sample 5,Chronos,0.49831423163414
Sample 6,Moirai,0.5013617873191833
Sample 6,Time-MoE,0.49863821268081665
Sample 7,Moirai,0.5017280578613281
Sample 7,Time-MoE,0.4982719123363495
Sample 8,Moirai,0.5051252245903015
Sample 8,Chronos,0.4948747158050537
Sample 9,Chronos,0.5000721216201782
Sample 9,Timer,0.4999278485774994
Sample 10,Moirai,0.5008294582366943
Sample 10,TimesFM,0.4991705119609833
Sample 11,Chronos,0.5001038312911987
Sample 11,TimesFM,0.4998961389064789
Sample 12,Moirai,0.5025981068611145
Sample 12,Time-MoE,0.4974018931388855
Sample 13,Timer,0.5000102519989014
Sample 13,TimesFM,0.49998974800109863
Sample 14,Chronos,0.5001232028007507
Sample 14,TimesFM,0.49987682700157166
Sample 15,Moirai,0.5026761889457703
Sample 15,Time-MoE,0.49732381105422974
Sample 16,Moirai,0.5047776699066162
Sample 16,Chronos,0.4952223300933838
Sample 17,Chronos,0.5001621842384338
Sample 17,TimesFM,0.4998377859592438
Sample 18,Moirai,0.501292884349823
Sample 18,Time-MoE,0.498707115650177
Sample 19,Chronos,0.5000324845314026
Sample 19,TimesFM,0.4999675154685974
Sample 20,Moirai,0.5015174150466919
Sample 20,TimesFM,0.4984826147556305
Sample 21,Chronos,0.5001187920570374
Sample 21,TimesFM,0.49988120794296265
Sample 22,Moirai,0.5005658864974976
Sample 22,Time-MoE,0.4994341731071472
Sample 23,Moirai,0.5020491480827332
Sample 23,TimesFM,0.49795085191726685
Sample 24,Moirai,0.5044917464256287
Sample 24,TimesFM,0.49550825357437134
Sample 25,Chronos,0.5000907778739929
Sample 25,Timer,0.4999092221260071
Sample 26,Moirai,0.5017902851104736
Sample 26,Time-MoE,0.49820974469184875
Sample 27,Chronos,0.5001005530357361
Sample 27,TimesFM,0.49989938735961914
Sample 28,Moirai,0.502963125705719
Sample 28,Time-MoE,0.4970368444919586
Sample 29,Chronos,0.5000056028366089
Sample 29,Timer,0.4999944269657135
Sample 30,Chronos,0.5001204013824463
Sample 30,TimesFM,0.4998795688152313
Sample 31,Moirai,0.5029963850975037
Sample 31,TimesFM,0.49700358510017395
Sample 0,Moirai,0.5034920573234558
Sample 0,Chronos,0.4965078830718994
Sample 1,Chronos,0.5000691413879395
Sample 1,Timer,0.49993088841438293
Sample 2,Moirai,0.5007198452949524
Sample 2,TimesFM,0.4992801547050476
Sample 3,Chronos,0.5000997185707092
Sample 3,Timer,0.49990028142929077
Sample 4,Moirai,0.5019625425338745
Sample 4,TimesFM,0.4980374872684479
Sample 5,Chronos,0.5000209808349609
Sample 5,Timer,0.49997901916503906
Sample 6,Chronos,0.5002024173736572
Sample 6,TimesFM,0.4997975528240204
Sample 7,Moirai,0.5022961497306824
Sample 7,Time-MoE,0.49770388007164
Sample 8,Moirai,0.5044476985931396
Sample 8,Chronos,0.49555230140686035
Sample 9,Chronos,0.5001049041748047
Sample 9,Timer,0.4998950958251953
Sample 10,Moirai,0.5010690093040466
Sample 10,Time-MoE,0.49893099069595337
Sample 11,Moirai,0.501198947429657
Sample 11,TimesFM,0.49880102276802063
Sample 12,Moirai,0.5018346309661865
Sample 12,TimesFM,0.4981653690338135
Sample 13,Moirai,0.5002408027648926
Sample 13,Timer,0.4997591972351074
Sample 14,Moirai,0.5001550316810608
Sample 14,Chronos,0.4998449683189392
Sample 15,Moirai,0.5004988312721252
Sample 15,Time-MoE,0.49950116872787476
Sample 16,Moirai,0.5021753907203674
Sample 16,TimesFM,0.4978245794773102
Sample 17,Chronos,0.5001193881034851
Sample 17,Timer,0.4998806118965149
Sample 18,Time-MoE,0.5001111030578613
Sample 18,Moirai,0.4998888373374939
Sample 19,Chronos,0.5000308156013489
Sample 19,Timer,0.49996915459632874
Sample 20,Moirai,0.5021072030067444
Sample 20,Time-MoE,0.4978927671909332
Sample 21,Timer,0.5000404119491577
Sample 21,Chronos,0.4999596178531647
Sample 22,Chronos,0.5001614689826965
Sample 22,TimesFM,0.49983856081962585
Sample 23,Moirai,0.5019403100013733
Sample 23,TimesFM,0.4980596601963043
Sample 24,Moirai,0.5052646994590759
Sample 24,Chronos,0.4947352409362793
Sample 25,Chronos,0.5000866055488586
Sample 25,Timer,0.49991339445114136
Sample 26,Moirai,0.5006906390190125
Sample 26,TimesFM,0.49930933117866516
Sample 27,Chronos,0.5001102685928345
Sample 27,Timer,0.49988967180252075
Sample 28,Moirai,0.5022593140602112
Sample 28,Time-MoE,0.4977406859397888
Sample 29,Chronos,0.5001058578491211
Sample 29,TimesFM,0.4998941123485565
Sample 30,Chronos,0.5001674890518188
Sample 30,TimesFM,0.49983248114585876
Sample 31,Moirai,0.5021944046020508
Sample 31,Time-MoE,0.49780556559562683
Sample 0,Moirai,0.5047741532325745
Sample 0,Chronos,0.4952258765697479
Sample 1,Chronos,0.500067412853241
Sample 1,Timer,0.4999326169490814
Sample 2,Moirai,0.5008715391159058
Sample 2,Time-MoE,0.49912846088409424
Sample 3,Chronos,0.5001343488693237
Sample 3,Timer,0.49986571073532104
Sample 4,Moirai,0.501592218875885
Sample 4,Time-MoE,0.4984077513217926
Sample 5,Chronos,0.500042200088501
Sample 5,Timer,0.49995777010917664
Sample 6,Moirai,0.500114381313324
Sample 6,Chronos,0.49988558888435364
Sample 7,Moirai,0.5015949010848999
Sample 7,Time-MoE,0.4984051287174225
Sample 8,Moirai,0.5049467086791992
Sample 8,Time-MoE,0.49505332112312317
Sample 9,Chronos,0.5000321865081787
Sample 9,Timer,0.4999678432941437
Sample 10,Moirai,0.5007976293563843
Sample 10,Time-MoE,0.4992023706436157
Sample 11,Chronos,0.5001047849655151
Sample 11,Timer,0.4998951554298401
Sample 12,Chronos,0.5001441836357117
Sample 12,Time-MoE,0.49985581636428833
Sample 13,Chronos,0.5000509023666382
Sample 13,TimesFM,0.4999490976333618
Sample 14,Moirai,0.5017917156219482
Sample 14,TimesFM,0.498208224773407
Sample 15,Moirai,0.5026571154594421
Sample 15,Time-MoE,0.49734288454055786
Sample 16,Moirai,0.5044373273849487
Sample 16,Time-MoE,0.4955626428127289
Sample 17,Timer,0.5000048279762268
Sample 17,Chronos,0.4999952018260956
Sample 18,Moirai,0.5023659467697144
Sample 18,Time-MoE,0.49763402342796326
Sample 19,Chronos,0.5000879168510437
Sample 19,Timer,0.4999120533466339
Sample 20,Chronos,0.5000892281532288
Sample 20,Timer,0.49991071224212646
Sample 21,Timer,0.5001006722450256
Sample 21,TimesFM,0.499899297952652
Sample 22,Chronos,0.5000860691070557
Sample 22,Time-MoE,0.4999139606952667
Sample 23,Moirai,0.5026556849479675
Sample 23,Time-MoE,0.49734431505203247
Sample 24,Moirai,0.5032560229301453
Sample 24,Chronos,0.49674397706985474
Sample 25,Chronos,0.5000259280204773
Sample 25,Timer,0.4999741017818451
Sample 26,Moirai,0.5017861723899841
Sample 26,Time-MoE,0.49821382761001587
Sample 27,Chronos,0.5001531839370728
Sample 27,Timer,0.49984681606292725
Sample 28,Moirai,0.5018957257270813
Sample 28,Time-MoE,0.4981043040752411
Sample 29,Chronos,0.5000064969062805
Sample 29,Time-MoE,0.4999934732913971
Sample 30,Moirai,0.501697301864624
Sample 30,Timer,0.498302698135376
Sample 31,Moirai,0.500983476638794
Sample 31,Time-MoE,0.49901652336120605
Sample 0,Moirai,0.5011155605316162
Sample 0,Chronos,0.4988844394683838
Sample 1,Chronos,0.5001077055931091
Sample 1,Timer,0.49989229440689087
Sample 2,Moirai,0.5001453161239624
Sample 2,Time-MoE,0.49985471367836
Sample 3,Chronos,0.5000413656234741
Sample 3,Timer,0.49995866417884827
Sample 4,Moirai,0.5006512999534607
Sample 4,TimesFM,0.4993487000465393
Sample 5,Timer,0.5000771880149841
Sample 5,Chronos,0.49992284178733826
Sample 6,Chronos,0.5001718401908875
Sample 6,Time-MoE,0.49982813000679016
Sample 7,Moirai,0.5019084215164185
Sample 7,Time-MoE,0.49809160828590393
Sample 8,Moirai,0.505246639251709
Sample 8,Time-MoE,0.4947533905506134
Sample 9,Chronos,0.5000764727592468
Sample 9,Timer,0.4999235272407532
Sample 10,Moirai,0.5000323057174683
Sample 10,Time-MoE,0.4999677240848541
Sample 11,Chronos,0.5001466274261475
Sample 11,Timer,0.49985337257385254
Sample 12,Moirai,0.5020155310630798
Sample 12,Time-MoE,0.4979844391345978
Sample 13,Chronos,0.5000472664833069
Sample 13,Timer,0.4999527633190155
Sample 14,Chronos,0.5002326369285583
Sample 14,Timer,0.49976739287376404
Sample 15,Moirai,0.5028654932975769
Sample 15,Time-MoE,0.4971345365047455
Sample 0,Moirai,0.5053707957267761
Sample 0,Chronos,0.4946292042732239
Sample 1,Chronos,0.5001019239425659
Sample 1,Timer,0.4998980164527893
Sample 2,Moirai,0.5007154941558838
Sample 2,TimesFM,0.4992845356464386
Sample 3,Chronos,0.5001397132873535
Sample 3,Timer,0.49986031651496887
Sample 4,Moirai,0.5015144944190979
Sample 4,Time-MoE,0.4984855055809021
Sample 5,Chronos,0.5000108480453491
Sample 5,Timer,0.49998918175697327
Sample 6,Chronos,0.5003042817115784
Sample 6,Time-MoE,0.49969571828842163
Sample 7,Moirai,0.5027443766593933
Sample 7,Time-MoE,0.4972556233406067
Sample 8,Moirai,0.5042834281921387
Sample 8,Chronos,0.49571657180786133
Sample 9,Chronos,0.5000767111778259
Sample 9,Timer,0.4999232590198517
Sample 10,Moirai,0.500311553478241
Sample 10,Time-MoE,0.49968844652175903
Sample 11,Chronos,0.5000490546226501
Sample 11,Timer,0.49995094537734985
Sample 12,Moirai,0.5032007098197937
Sample 12,Time-MoE,0.4967992901802063
Sample 13,Timer,0.5000184178352356
Sample 13,Chronos,0.499981552362442
Sample 14,Chronos,0.5001736283302307
Sample 14,Time-MoE,0.4998264014720917
Sample 15,Moirai,0.5027387738227844
Sample 15,Time-MoE,0.4972612261772156
Sample 16,Moirai,0.5048221349716187
Sample 16,Time-MoE,0.49517783522605896
Sample 17,Chronos,0.500023603439331
Sample 17,Timer,0.49997636675834656
Sample 18,Moirai,0.5021084547042847
Sample 18,Timer,0.4978915750980377
Sample 19,Chronos,0.50013267993927
Sample 19,Timer,0.49986734986305237
Sample 20,Moirai,0.5021766424179077
Sample 20,Chronos,0.4978232979774475
Sample 21,Timer,0.5000484585762024
Sample 21,Chronos,0.49995157122612
Sample 22,Moirai,0.5008836388587952
Sample 22,Time-MoE,0.4991163909435272
Sample 23,Moirai,0.5019427537918091
Sample 23,Chronos,0.4980572760105133
Sample 24,Moirai,0.5051650404930115
Sample 24,Timer,0.4948349893093109
Sample 25,Chronos,0.500104546546936
Sample 25,Timer,0.49989545345306396
Sample 26,Moirai,0.5008408427238464
Sample 26,Time-MoE,0.49915915727615356
Sample 27,Moirai,0.5014789700508118
Sample 27,TimesFM,0.4985210597515106
Sample 28,Moirai,0.5018068552017212
Sample 28,Time-MoE,0.4981931746006012
Sample 29,Timer,0.500000536441803
Sample 29,Chronos,0.4999994933605194
Sample 30,Chronos,0.5001128911972046
Sample 30,Time-MoE,0.4998871088027954
Sample 31,Moirai,0.5018823742866516
Sample 31,TimesFM,0.4981175661087036
Sample 0,Moirai,0.5033813714981079
Sample 0,Timer,0.4966185986995697
Sample 1,Chronos,0.5000404715538025
Sample 1,Timer,0.4999595582485199
Sample 2,Moirai,0.5015441179275513
Sample 2,Timer,0.49845585227012634
Sample 3,Chronos,0.5001329183578491
Sample 3,Timer,0.49986714124679565
Sample 4,Moirai,0.5009997487068176
Sample 4,Time-MoE,0.4990002512931824
Sample 5,Timer,0.5000706315040588
Sample 5,Chronos,0.4999293386936188
Sample 6,Chronos,0.5002530813217163
Sample 6,Time-MoE,0.4997469186782837
Sample 7,Moirai,0.5032185316085815
Sample 7,Time-MoE,0.49678146839141846
Sample 8,Moirai,0.5042309165000916
Sample 8,Time-MoE,0.49576908349990845
Sample 9,Chronos,0.5000267624855042
Sample 9,Timer,0.49997326731681824
Sample 10,Moirai,0.5000214576721191
Sample 10,Time-MoE,0.49997857213020325
Sample 11,Moirai,0.5004662275314331
Sample 11,Timer,0.4995337426662445
Sample 12,Moirai,0.5015460848808289
Sample 12,Time-MoE,0.49845388531684875
Sample 13,Timer,0.5000795125961304
Sample 13,Chronos,0.499920517206192
Sample 14,Chronos,0.5003933310508728
Sample 14,Timer,0.4996066391468048
Sample 15,Moirai,0.5024407505989075
Sample 15,Time-MoE,0.4975592792034149
Sample 16,Moirai,0.5056538581848145
Sample 16,Time-MoE,0.49434614181518555
Sample 17,Chronos,0.5000233054161072
Sample 17,Timer,0.49997666478157043
Sample 18,Moirai,0.5008293986320496
Sample 18,Time-MoE,0.4991706311702728
Sample 19,Chronos,0.5001078844070435
Sample 19,Timer,0.49989208579063416
Sample 20,Moirai,0.5002481937408447
Sample 20,Timer,0.4997517764568329
Sample 21,Timer,0.5000603795051575
Sample 21,Chronos,0.49993962049484253
Sample 22,Moirai,0.5000043511390686
Sample 22,Chronos,0.4999956488609314
Sample 23,Moirai,0.5018380880355835
Sample 23,Time-MoE,0.4981619119644165
Sample 24,Moirai,0.5021827220916748
Sample 24,Time-MoE,0.4978172779083252
Sample 25,Chronos,0.5001065731048584
Sample 25,Timer,0.4998934268951416
Sample 26,Time-MoE,0.5001247525215149
Sample 26,TimesFM,0.4998752772808075
Sample 27,Timer,0.5000097155570984
Sample 27,Chronos,0.499990314245224
Sample 28,Moirai,0.502612829208374
Sample 28,Time-MoE,0.497387170791626
Sample 29,Timer,0.5000740885734558
Sample 29,Chronos,0.4999259412288666
Sample 30,Chronos,0.5001822710037231
Sample 30,Time-MoE,0.49981769919395447
Sample 31,Moirai,0.5028933882713318
Sample 31,TimesFM,0.4971066117286682
Sample 0,Moirai,0.5044617056846619
Sample 0,TimesFM,0.4955383241176605
Sample 1,Timer,0.5000073909759521
Sample 1,Chronos,0.49999263882637024
Sample 2,Moirai,0.5007672309875488
Sample 2,Timer,0.49923276901245117
Sample 3,Chronos,0.5001401901245117
Sample 3,Timer,0.49985983967781067
Sample 4,Moirai,0.5024086833000183
Sample 4,Time-MoE,0.4975913465023041
Sample 5,Chronos,0.5000123381614685
Sample 5,Time-MoE,0.4999876916408539
Sample 6,Timer,0.5000986456871033
Sample 6,Chronos,0.49990132451057434
Sample 7,Moirai,0.5020536780357361
Sample 7,Time-MoE,0.49794629216194153
Sample 8,Moirai,0.505035400390625
Sample 8,Timer,0.494964599609375
Sample 9,Chronos,0.5000712275505066
Sample 9,Timer,0.4999288022518158
Sample 10,Moirai,0.5000556111335754
Sample 10,Chronos,0.49994441866874695
Sample 11,Chronos,0.5001057982444763
Sample 11,Timer,0.4998942017555237
Sample 12,Moirai,0.5021034479141235
Sample 12,Time-MoE,0.4978965222835541
Sample 13,Timer,0.500045895576477
Sample 13,Chronos,0.49995413422584534
Sample 14,Chronos,0.5002719163894653
Sample 14,Time-MoE,0.4997280538082123
Sample 15,Moirai,0.5022226572036743
Sample 15,Time-MoE,0.4977773427963257
Sample 16,Moirai,0.50099116563797
Sample 16,Chronos,0.49900880455970764
Sample 17,Chronos,0.5000704526901245
Sample 17,Timer,0.4999295771121979
Sample 18,Moirai,0.5006982684135437
Sample 18,Time-MoE,0.4993017315864563
Sample 19,Moirai,0.501067578792572
Sample 19,TimesFM,0.4989323914051056
Sample 20,Moirai,0.502368688583374
Sample 20,Time-MoE,0.4976312518119812
Sample 21,Timer,0.5001345276832581
Sample 21,Chronos,0.49986550211906433
Sample 22,Chronos,0.5001956224441528
Sample 22,Time-MoE,0.4998043179512024
Sample 23,Moirai,0.5003657937049866
Sample 23,TimesFM,0.4996342062950134
Sample 24,Moirai,0.5045874714851379
Sample 24,TimesFM,0.49541252851486206
Sample 25,Chronos,0.5001327991485596
Sample 25,Timer,0.4998672306537628
Sample 26,Moirai,0.50159752368927
Sample 26,Chronos,0.49840247631073
Sample 27,Timer,0.5000410079956055
Sample 27,Chronos,0.49995899200439453
Sample 28,Moirai,0.5021767616271973
Sample 28,Time-MoE,0.49782323837280273
Sample 29,Timer,0.5000131726264954
Sample 29,Chronos,0.49998682737350464
Sample 30,Chronos,0.5001785755157471
Sample 30,Timer,0.49982139468193054
Sample 31,Moirai,0.5022937059402466
Sample 31,TimesFM,0.4977062940597534
Sample 0,Moirai,0.5047327280044556
Sample 0,TimesFM,0.49526727199554443
Sample 1,Chronos,0.5000157356262207
Sample 1,Timer,0.4999842643737793
Sample 2,Moirai,0.500986635684967
Sample 2,Timer,0.49901336431503296
Sample 3,Chronos,0.5000644326210022
Sample 3,Timer,0.4999355971813202
Sample 4,Moirai,0.5001713633537292
Sample 4,Chronos,0.49982860684394836
Sample 5,Moirai,0.5019034147262573
Sample 5,Chronos,0.49809661507606506
Sample 6,Moirai,0.5014823079109192
Sample 6,Time-MoE,0.4985176920890808
Sample 7,Moirai,0.5018998980522156
Sample 7,Time-MoE,0.4981001019477844
Sample 8,Moirai,0.5057865381240845
Sample 8,Time-MoE,0.4942134618759155
Sample 9,Chronos,0.5000877976417542
Sample 9,Timer,0.49991220235824585
Sample 10,Moirai,0.500903308391571
Sample 10,Time-MoE,0.4990966320037842
Sample 11,Chronos,0.5001341700553894
Sample 11,Timer,0.4998658299446106
Sample 12,Moirai,0.502866804599762
Sample 12,Time-MoE,0.4971332252025604
Sample 13,Timer,0.5000113248825073
Sample 13,Chronos,0.49998870491981506
Sample 14,Chronos,0.5001587867736816
Sample 14,Timer,0.49984124302864075
Sample 15,Moirai,0.5029588341712952
Sample 15,Time-MoE,0.4970411956310272
Sample 16,Moirai,0.5053972005844116
Sample 16,TimesFM,0.494602769613266
Sample 17,Chronos,0.5002057552337646
Sample 17,Timer,0.49979421496391296
Sample 18,Moirai,0.5014211535453796
Sample 18,Time-MoE,0.49857884645462036
Sample 19,Chronos,0.5000594854354858
Sample 19,Timer,0.49994054436683655
Sample 20,Moirai,0.5016781687736511
Sample 20,TimesFM,0.4983218312263489
Sample 21,Chronos,0.5001404285430908
Sample 21,Timer,0.4998595714569092
Sample 22,Moirai,0.5006038546562195
Sample 22,Time-MoE,0.4993961453437805
Sample 23,Moirai,0.5022862553596497
Sample 23,TimesFM,0.4977138042449951
Sample 24,Moirai,0.505031406879425
Sample 24,TimesFM,0.49496862292289734
Sample 25,Chronos,0.5001166462898254
Sample 25,Timer,0.4998832941055298
Sample 26,Moirai,0.5019651055335999
Sample 26,Time-MoE,0.49803486466407776
Sample 27,Chronos,0.5001792311668396
Sample 27,Timer,0.4998207688331604
Sample 28,Moirai,0.5032720565795898
Sample 28,Time-MoE,0.49672797322273254
Sample 29,Chronos,0.5000210404396057
Sample 29,Timer,0.4999789297580719
Sample 30,Chronos,0.5001729130744934
Sample 30,Timer,0.499827116727829
Sample 31,Moirai,0.5033192038536072
Sample 31,TimesFM,0.49668076634407043
Sample 0,Moirai,0.50399249792099
Sample 0,Chronos,0.4960075318813324
Sample 1,Chronos,0.5000770092010498
Sample 1,Timer,0.4999230206012726
Sample 2,Moirai,0.5007743239402771
Sample 2,Timer,0.4992257058620453
Sample 3,Chronos,0.5001123547554016
Sample 3,Timer,0.4998876452445984
Sample 4,Moirai,0.5021399259567261
Sample 4,TimesFM,0.4978601038455963
Sample 5,Chronos,0.5000247359275818
Sample 5,Timer,0.4999752342700958
Sample 6,Chronos,0.5002280473709106
Sample 6,Timer,0.49977195262908936
Sample 7,Moirai,0.5025481581687927
Sample 7,Time-MoE,0.4974518120288849
Sample 8,Moirai,0.5050045251846313
Sample 8,TimesFM,0.49499550461769104
Sample 9,Chronos,0.5001150965690613
Sample 9,Timer,0.49988484382629395
Sample 10,Moirai,0.5011708736419678
Sample 10,Time-MoE,0.49882909655570984
Sample 11,Moirai,0.50135737657547
Sample 11,TimesFM,0.4986426532268524
Sample 12,Moirai,0.5020080208778381
Sample 12,TimesFM,0.49799197912216187
Sample 13,Moirai,0.5002614855766296
Sample 13,Timer,0.49973851442337036
Sample 14,Moirai,0.500153660774231
Sample 14,Chronos,0.49984636902809143
Sample 15,Moirai,0.5005246996879578
Sample 15,Time-MoE,0.49947527050971985
Sample 16,Moirai,0.5024552345275879
Sample 16,Timer,0.49754470586776733
Sample 17,Chronos,0.5001379251480103
Sample 17,Timer,0.49986210465431213
Sample 18,Time-MoE,0.5001491904258728
Sample 18,Moirai,0.4998508393764496
Sample 19,Chronos,0.5000396370887756
Sample 19,Timer,0.49996039271354675
Sample 20,Moirai,0.5022984743118286
Sample 20,TimesFM,0.4977015256881714
Sample 21,Timer,0.5000486969947815
Sample 21,Chronos,0.4999513030052185
Sample 22,Chronos,0.500180184841156
Sample 22,Time-MoE,0.499819815158844
Sample 23,Moirai,0.5021421909332275
Sample 23,TimesFM,0.49785780906677246
Sample 24,Moirai,0.5059624314308167
Sample 24,Time-MoE,0.49403759837150574
Sample 25,Chronos,0.5000931024551392
Sample 25,Timer,0.49990689754486084
Sample 26,Moirai,0.5007818937301636
Sample 26,TimesFM,0.4992181062698364
Sample 27,Chronos,0.5001199245452881
Sample 27,Timer,0.4998800456523895
Sample 28,Moirai,0.5025048851966858
Sample 28,Time-MoE,0.4974950850009918
Sample 29,Chronos,0.5001131892204285
Sample 29,Timer,0.49988678097724915
Sample 30,Chronos,0.5001897811889648
Sample 30,Timer,0.49981021881103516
Sample 31,Moirai,0.5024582147598267
Sample 31,Time-MoE,0.4975418150424957
Sample 0,Moirai,0.5053776502609253
Sample 0,TimesFM,0.4946223497390747
Sample 1,Chronos,0.5000778436660767
Sample 1,Timer,0.49992212653160095
Sample 2,Moirai,0.5009265542030334
Sample 2,Time-MoE,0.49907344579696655
Sample 3,Chronos,0.5001517534255981
Sample 3,Timer,0.49984827637672424
Sample 4,Moirai,0.5017514228820801
Sample 4,Time-MoE,0.4982485771179199
Sample 5,Chronos,0.5000399947166443
Sample 5,Timer,0.4999600350856781
Sample 6,Moirai,0.5001394152641296
Sample 6,Chronos,0.49986058473587036
Sample 7,Moirai,0.501769483089447
Sample 7,Time-MoE,0.49823054671287537
Sample 8,Moirai,0.5055476427078247
Sample 8,Time-MoE,0.4944523274898529
Sample 9,Chronos,0.5000332593917847
Sample 9,Timer,0.4999667704105377
Sample 10,Moirai,0.5008702874183655
Sample 10,Time-MoE,0.4991297125816345
Sample 11,Chronos,0.500114381313324
Sample 11,Timer,0.499885618686676
Sample 12,Chronos,0.500142514705658
Sample 12,Time-MoE,0.49985748529434204
Sample 13,Chronos,0.5000883340835571
Sample 13,TimesFM,0.4999116361141205
Sample 14,Moirai,0.5019295811653137
Sample 14,TimesFM,0.4980704188346863
Sample 15,Moirai,0.5029180645942688
Sample 15,Time-MoE,0.4970819056034088
Sample 16,Moirai,0.5049689412117004
Sample 16,TimesFM,0.4950309991836548
Sample 17,Timer,0.5000079274177551
Sample 17,Chronos,0.4999920725822449
Sample 18,Moirai,0.502631664276123
Sample 18,Time-MoE,0.49736833572387695
Sample 19,Chronos,0.5000986456871033
Sample 19,Timer,0.49990135431289673
Sample 20,Chronos,0.5001114010810852
Sample 20,Timer,0.4998885989189148
Sample 21,Timer,0.5001230239868164
Sample 21,Chronos,0.49987703561782837
Sample 22,Chronos,0.50008624792099
Sample 22,Time-MoE,0.4999137222766876
Sample 23,Moirai,0.5029518604278564
Sample 23,Time-MoE,0.49704813957214355
Sample 24,Moirai,0.5036837458610535
Sample 24,Timer,0.49631625413894653
Sample 25,Chronos,0.5000336766242981
Sample 25,Timer,0.4999663233757019
Sample 26,Moirai,0.5019569396972656
Sample 26,Time-MoE,0.49804309010505676
Sample 27,Chronos,0.5001727342605591
Sample 27,Timer,0.4998272955417633
Sample 28,Moirai,0.502055823802948
Sample 28,Time-MoE,0.4979441463947296
Sample 29,Time-MoE,0.5000081062316895
Sample 29,Chronos,0.49999189376831055
Sample 30,Moirai,0.5018599033355713
Sample 30,Timer,0.4981401264667511
Sample 31,Moirai,0.5010454058647156
Sample 31,Time-MoE,0.4989545941352844
Sample 0,Moirai,0.5012715458869934
Sample 0,Chronos,0.4987284541130066
Sample 1,Chronos,0.5001388192176819
Sample 1,Timer,0.4998611807823181
Sample 2,Moirai,0.500140905380249
Sample 2,Time-MoE,0.499859094619751
Sample 3,Chronos,0.5000545978546143
Sample 3,Timer,0.49994543194770813
Sample 4,Moirai,0.5006714463233948
Sample 4,TimesFM,0.4993285834789276
Sample 5,Timer,0.5000882148742676
Sample 5,Chronos,0.49991172552108765
Sample 6,Chronos,0.5001751780509949
Sample 6,Time-MoE,0.4998248517513275
Sample 7,Moirai,0.5021113753318787
Sample 7,Time-MoE,0.4978886544704437
Sample 8,Moirai,0.5058826208114624
Sample 8,TimesFM,0.4941174387931824
Sample 9,Chronos,0.5000902414321899
Sample 9,Timer,0.49990975856781006
Sample 10,Moirai,0.5000205039978027
Sample 10,Time-MoE,0.4999794661998749
Sample 11,Chronos,0.5001709461212158
Sample 11,Timer,0.49982908368110657
Sample 12,Moirai,0.502199113368988
Sample 12,Time-MoE,0.49780091643333435
Sample 13,Chronos,0.5000563263893127
Sample 13,Timer,0.49994370341300964
Sample 14,Chronos,0.5002762079238892
Sample 14,Timer,0.49972379207611084
Sample 15,Moirai,0.5031450986862183
Sample 15,TimesFM,0.49685490131378174
Sample 0,Moirai,0.5060333013534546
Sample 0,Time-MoE,0.493966668844223
Sample 1,Chronos,0.5001260042190552
Sample 1,Timer,0.4998739957809448
Sample 2,Moirai,0.5007584095001221
Sample 2,TimesFM,0.49924156069755554
Sample 3,Chronos,0.5001686811447144
Sample 3,Timer,0.49983134865760803
Sample 4,Moirai,0.5016371011734009
Sample 4,Time-MoE,0.4983628988265991
Sample 5,Chronos,0.5000184774398804
Sample 5,Timer,0.499981552362442
Sample 6,Chronos,0.5003194808959961
Sample 6,Time-MoE,0.49968045949935913
Sample 7,Moirai,0.5030370950698853
Sample 7,TimesFM,0.49696290493011475
Sample 8,Moirai,0.5048340559005737
Sample 8,Timer,0.49516597390174866
Sample 9,Chronos,0.5000994801521301
Sample 9,Timer,0.4999004602432251
Sample 10,Moirai,0.5003268718719482
Sample 10,Time-MoE,0.49967318773269653
Sample 11,Chronos,0.5000696778297424
Sample 11,Timer,0.4999302923679352
Sample 12,Moirai,0.5035250186920166
Sample 12,Time-MoE,0.4964749813079834
Sample 13,Timer,0.5000090003013611
Sample 13,Chronos,0.4999910295009613
Sample 14,Chronos,0.5001790523529053
Sample 14,Time-MoE,0.49982091784477234
Sample 15,Moirai,0.5030352473258972
Sample 15,TimesFM,0.4969647526741028
Sample 16,Moirai,0.5053723454475403
Sample 16,Time-MoE,0.4946276545524597
Sample 17,Chronos,0.5000329613685608
Sample 17,Timer,0.4999670684337616
Sample 18,Moirai,0.5022850632667542
Sample 18,Timer,0.49771490693092346
Sample 19,Chronos,0.5001561641693115
Sample 19,Timer,0.4998438358306885
Sample 20,Moirai,0.5024175047874451
Sample 20,Chronos,0.49758246541023254
Sample 21,Timer,0.5000467896461487
Sample 21,Chronos,0.4999532401561737
Sample 22,Moirai,0.500939130783081
Sample 22,Time-MoE,0.49906089901924133
Sample 23,Moirai,0.5021277070045471
Sample 23,Time-MoE,0.4978722631931305
Sample 24,Moirai,0.5057026147842407
Sample 24,Timer,0.49429741501808167
Sample 25,Chronos,0.5001285672187805
Sample 25,Timer,0.4998714327812195
Sample 26,Moirai,0.5009289383888245
Sample 26,Time-MoE,0.49907106161117554
Sample 27,Moirai,0.5016131401062012
Sample 27,TimesFM,0.49838685989379883
Sample 28,Moirai,0.5019479393959045
Sample 28,Time-MoE,0.49805209040641785
Sample 29,Chronos,0.5000088810920715
Sample 29,Timer,0.49999114871025085
Sample 30,Chronos,0.5001059770584106
Sample 30,Time-MoE,0.49989402294158936
Sample 31,Moirai,0.5020889043807983
Sample 31,TimesFM,0.49791112542152405
Sample 0,Moirai,0.5037821531295776
Sample 0,Timer,0.4962178170681
Sample 1,Chronos,0.5000622272491455
Sample 1,Timer,0.4999378025531769
Sample 2,Moirai,0.5016520023345947
Sample 2,Timer,0.4983479976654053
Sample 3,Chronos,0.5001592636108398
Sample 3,Timer,0.49984076619148254
Sample 4,Moirai,0.5010693669319153
Sample 4,Time-MoE,0.4989306330680847
Sample 5,Timer,0.5000592470169067
Sample 5,Time-MoE,0.49994075298309326
Sample 6,Chronos,0.5002635717391968
Sample 6,Time-MoE,0.49973636865615845
Sample 7,Moirai,0.5035510063171387
Sample 7,TimesFM,0.4964490234851837
Sample 8,Moirai,0.5046965479850769
Sample 8,Timer,0.4953034818172455
Sample 9,Chronos,0.5000483989715576
Sample 9,Timer,0.49995157122612
Sample 10,Moirai,0.5000007152557373
Sample 10,Time-MoE,0.4999993145465851
Sample 11,Moirai,0.5005024075508118
Sample 11,Time-MoE,0.49949759244918823
Sample 12,Moirai,0.5016669631004333
Sample 12,Time-MoE,0.49833306670188904
Sample 13,Timer,0.5000799298286438
Sample 13,Chronos,0.4999200999736786
Sample 14,Chronos,0.5004404783248901
Sample 14,TimesFM,0.49955952167510986
Sample 15,Moirai,0.5027045607566833
Sample 15,Time-MoE,0.49729543924331665
Sample 16,Moirai,0.5062813758850098
Sample 16,Timer,0.49371862411499023
Sample 17,Chronos,0.5000394582748413
Sample 17,Timer,0.4999605715274811
Sample 18,Moirai,0.5008704662322998
Sample 18,Time-MoE,0.4991295337677002
Sample 19,Chronos,0.5001320838928223
Sample 19,Timer,0.4998679459095001
Sample 20,Moirai,0.5002655982971191
Sample 20,Timer,0.49973440170288086
Sample 21,Timer,0.5000532865524292
Sample 21,Chronos,0.4999467432498932
Sample 22,Chronos,0.500004231929779
Sample 22,Moirai,0.49999579787254333
Sample 23,Moirai,0.5019987225532532
Sample 23,Time-MoE,0.4980013072490692
Sample 24,Moirai,0.5024361610412598
Sample 24,Time-MoE,0.49756383895874023
Sample 25,Chronos,0.5001429915428162
Sample 25,Timer,0.4998570680618286
Sample 26,Time-MoE,0.500141441822052
Sample 26,TimesFM,0.499858558177948
Sample 27,Chronos,0.5000078082084656
Sample 27,Timer,0.49999216198921204
Sample 28,Moirai,0.5028525590896606
Sample 28,Time-MoE,0.49714741110801697
Sample 29,Timer,0.5000697374343872
Sample 29,Chronos,0.4999302625656128
Sample 30,Chronos,0.5001858472824097
Sample 30,Time-MoE,0.49981412291526794
Sample 31,Moirai,0.5031837821006775
Sample 31,TimesFM,0.4968162477016449
Sample 0,Moirai,0.5049507021903992
Sample 0,Time-MoE,0.49504923820495605
Sample 1,Timer,0.5000013113021851
Sample 1,Chronos,0.49999868869781494
Sample 2,Moirai,0.5008113384246826
Sample 2,Timer,0.49918869137763977
Sample 3,Chronos,0.5001696348190308
Sample 3,Timer,0.49983033537864685
Sample 4,Moirai,0.502666175365448
Sample 4,Time-MoE,0.4973337948322296
Sample 5,Time-MoE,0.5000020861625671
Sample 5,Chronos,0.4999978840351105
Sample 6,Timer,0.5000905394554138
Sample 6,Chronos,0.4999094009399414
Sample 7,Moirai,0.5022680759429932
Sample 7,Time-MoE,0.49773189425468445
Sample 8,Moirai,0.5055230855941772
Sample 8,Timer,0.494476854801178
Sample 9,Chronos,0.5000931024551392
Sample 9,Timer,0.49990686774253845
Sample 10,Moirai,0.5000600814819336
Sample 10,Chronos,0.4999399483203888
Sample 11,Chronos,0.5001134872436523
Sample 11,TimesFM,0.49988651275634766
Sample 12,Moirai,0.5022863149642944
Sample 12,Time-MoE,0.49771368503570557
Sample 13,Timer,0.500035285949707
Sample 13,Chronos,0.49996474385261536
Sample 14,Chronos,0.5002727508544922
Sample 14,Time-MoE,0.4997272491455078
Sample 15,Moirai,0.5024430155754089
Sample 15,Time-MoE,0.4975569248199463
Sample 16,Moirai,0.5011201500892639
Sample 16,Timer,0.49887987971305847
Sample 17,Chronos,0.5000947117805481
Sample 17,Timer,0.4999052882194519
Sample 18,Moirai,0.5007387399673462
Sample 18,Time-MoE,0.4992612600326538
Sample 19,Moirai,0.5011848211288452
Sample 19,Time-MoE,0.4988151788711548
Sample 20,Moirai,0.5025750398635864
Sample 20,Time-MoE,0.4974249303340912
Sample 21,Timer,0.5001420974731445
Sample 21,Chronos,0.49985790252685547
Sample 22,Chronos,0.5001985430717468
Sample 22,Time-MoE,0.4998014569282532
Sample 23,Moirai,0.5003842711448669
Sample 23,TimesFM,0.49961569905281067
Sample 24,Moirai,0.505046546459198
Sample 24,Timer,0.494953453540802
Sample 25,Chronos,0.5001582503318787
Sample 25,Timer,0.49984174966812134
Sample 26,Moirai,0.5017569661140442
Sample 26,Time-MoE,0.4982430636882782
Sample 27,Timer,0.5000346899032593
Sample 27,Chronos,0.4999653398990631
Sample 28,Moirai,0.5023596286773682
Sample 28,Time-MoE,0.49764037132263184
Sample 29,Timer,0.5000115036964417
Sample 29,Chronos,0.49998849630355835
Sample 30,Chronos,0.5002006888389587
Sample 30,Time-MoE,0.4997992515563965
Sample 31,Moirai,0.5025219917297363
Sample 31,TimesFM,0.4974779784679413
Sample 0,Moirai,0.5052571296691895
Sample 0,Time-MoE,0.49474290013313293
Sample 1,Chronos,0.500022828578949
Sample 1,Timer,0.4999772012233734
Sample 2,Moirai,0.5011177062988281
Sample 2,Timer,0.4988822937011719
Sample 3,Chronos,0.5000787973403931
Sample 3,Timer,0.49992117285728455
Sample 4,Moirai,0.5001876354217529
Sample 4,Chronos,0.4998123347759247
Sample 5,Moirai,0.5021266341209412
Sample 5,Chronos,0.4978733956813812
Sample 6,Moirai,0.5016093254089355
Sample 6,Time-MoE,0.49839073419570923
Sample 7,Moirai,0.5020738840103149
Sample 7,Time-MoE,0.49792614579200745
Sample 8,Moirai,0.5064688324928284
Sample 8,Time-MoE,0.493531197309494
Sample 9,Chronos,0.5001065135002136
Sample 9,Timer,0.499893456697464
Sample 10,Moirai,0.5009586811065674
Sample 10,Time-MoE,0.49904128909111023
Sample 11,Chronos,0.5001658797264099
Sample 11,Timer,0.4998340904712677
Sample 12,Moirai,0.5031510591506958
Sample 12,Time-MoE,0.4968489110469818
Sample 13,Timer,0.500000536441803
Sample 13,Chronos,0.499999463558197
Sample 14,Chronos,0.5001899003982544
Sample 14,Timer,0.4998100697994232
Sample 15,Moirai,0.5032533407211304
Sample 15,Time-MoE,0.496746689081192
Sample 16,Moirai,0.5060238242149353
Sample 16,Time-MoE,0.4939762055873871
Sample 17,Chronos,0.5002322793006897
Sample 17,Timer,0.4997676908969879
Sample 18,Moirai,0.5015513896942139
Sample 18,Time-MoE,0.49844861030578613
Sample 19,Chronos,0.5000746846199036
Sample 19,Timer,0.4999253451824188
Sample 20,Moirai,0.5018293261528015
Sample 20,Time-MoE,0.4981706440448761
Sample 21,Chronos,0.5001707077026367
Sample 21,Timer,0.4998292922973633
Sample 22,Moirai,0.5006487369537354
Sample 22,Time-MoE,0.49935129284858704
Sample 23,Moirai,0.5025191307067871
Sample 23,Time-MoE,0.4974808394908905
Sample 24,Moirai,0.5055768489837646
Sample 24,Timer,0.49442312121391296
Sample 25,Chronos,0.5001475214958191
Sample 25,Timer,0.4998525083065033
Sample 26,Moirai,0.502147912979126
Sample 26,Time-MoE,0.49785205721855164
Sample 27,Chronos,0.5001899600028992
Sample 27,TimesFM,0.49981003999710083
Sample 28,Moirai,0.5035983920097351
Sample 28,Time-MoE,0.4964016079902649
Sample 29,Chronos,0.5000489950180054
Sample 29,Timer,0.499951034784317
Sample 30,Chronos,0.5001785755157471
Sample 30,Time-MoE,0.4998214542865753
Sample 31,Moirai,0.5036721229553223
Sample 31,TimesFM,0.4963279068470001
Sample 0,Moirai,0.5044782757759094
Sample 0,Chronos,0.49552175402641296
Sample 1,Chronos,0.5000944137573242
Sample 1,Timer,0.4999055862426758
Sample 2,Moirai,0.5008319020271301
Sample 2,Timer,0.4991680979728699
Sample 3,Chronos,0.5001340508460999
Sample 3,Timer,0.49986594915390015
Sample 4,Moirai,0.5023346543312073
Sample 4,Time-MoE,0.4976653754711151
Sample 5,Chronos,0.5000402927398682
Sample 5,Timer,0.49995970726013184
Sample 6,Chronos,0.5002581477165222
Sample 6,Timer,0.49974188208580017
Sample 7,Moirai,0.5027992725372314
Sample 7,Time-MoE,0.49720072746276855
Sample 8,Moirai,0.5055632591247559
Sample 8,Timer,0.49443677067756653
Sample 9,Chronos,0.5001340508460999
Sample 9,Timer,0.4998660087585449
Sample 10,Moirai,0.501274585723877
Sample 10,Time-MoE,0.49872535467147827
Sample 11,Moirai,0.5015168190002441
Sample 11,TimesFM,0.49848318099975586
Sample 12,Moirai,0.5021984577178955
Sample 12,Time-MoE,0.4978015422821045
Sample 13,Moirai,0.5002999305725098
Sample 13,Timer,0.49970006942749023
Sample 14,Moirai,0.5001503825187683
Sample 14,Chronos,0.4998495876789093
Sample 15,Moirai,0.5005522966384888
Sample 15,Time-MoE,0.49944767355918884
Sample 16,Moirai,0.5027415156364441
Sample 16,Timer,0.4972585141658783
Sample 17,Chronos,0.5001648664474487
Sample 17,Timer,0.4998351037502289
Sample 18,Time-MoE,0.5001800656318665
Sample 18,TimesFM,0.49981996417045593
Sample 19,Chronos,0.5000622868537903
Sample 19,Timer,0.4999377429485321
Sample 20,Moirai,0.5025038123130798
Sample 20,Time-MoE,0.49749618768692017
Sample 21,Timer,0.5000428557395935
Sample 21,Chronos,0.4999571144580841
Sample 22,Chronos,0.5001789927482605
Sample 22,Time-MoE,0.4998210370540619
Sample 23,Moirai,0.5023478269577026
Sample 23,Time-MoE,0.49765220284461975
Sample 24,Moirai,0.5066601634025574
Sample 24,Time-MoE,0.4933398365974426
Sample 25,Chronos,0.5001089572906494
Sample 25,Timer,0.4998909831047058
Sample 26,Moirai,0.5008662343025208
Sample 26,TimesFM,0.49913376569747925
Sample 27,Chronos,0.5001409649848938
Sample 27,Timer,0.4998590350151062
Sample 28,Moirai,0.5027551054954529
Sample 28,Time-MoE,0.4972448945045471
Sample 29,Chronos,0.5001097917556763
Sample 29,Time-MoE,0.49989020824432373
Sample 30,Chronos,0.5002113580703735
Sample 30,Time-MoE,0.49978864192962646
Sample 31,Moirai,0.5027235150337219
Sample 31,Time-MoE,0.4972764849662781
Sample 0,Moirai,0.5060306787490845
Sample 0,Timer,0.49396929144859314
Sample 1,Chronos,0.5000975131988525
Sample 1,Timer,0.49990248680114746
Sample 2,Moirai,0.5009902715682983
Sample 2,Time-MoE,0.49900975823402405
Sample 3,Chronos,0.500174880027771
Sample 3,TimesFM,0.499825119972229
Sample 4,Moirai,0.5019206404685974
Sample 4,Time-MoE,0.4980792999267578
Sample 5,Chronos,0.500037431716919
Sample 5,Time-MoE,0.49996253848075867
Sample 6,Moirai,0.5001776814460754
Sample 6,Chronos,0.49982234835624695
Sample 7,Moirai,0.5019487738609314
Sample 7,Time-MoE,0.4980512261390686
Sample 8,Moirai,0.506179690361023
Sample 8,Timer,0.49382027983665466
Sample 9,Chronos,0.5000461339950562
Sample 9,Timer,0.49995386600494385
Sample 10,Moirai,0.5009586811065674
Sample 10,Time-MoE,0.4990413188934326
Sample 11,Chronos,0.5001099705696106
Sample 11,TimesFM,0.4998900294303894
Sample 12,Chronos,0.5001535415649414
Sample 12,Time-MoE,0.4998464286327362
Sample 13,Chronos,0.5000523328781128
Sample 13,TimesFM,0.4999476373195648
Sample 14,Moirai,0.5020886063575745
Sample 14,TimesFM,0.4979114234447479
Sample 15,Moirai,0.503183126449585
Sample 15,Time-MoE,0.49681687355041504
Sample 16,Moirai,0.5055796504020691
Sample 16,Time-MoE,0.4944203495979309
Sample 17,Chronos,0.5000035166740417
Sample 17,Timer,0.49999651312828064
Sample 18,Moirai,0.5029073357582092
Sample 18,Time-MoE,0.4970926344394684
Sample 19,Chronos,0.5001193284988403
Sample 19,Timer,0.4998806118965149
Sample 20,Chronos,0.5001358985900879
Sample 20,TimesFM,0.4998641610145569
Sample 21,Timer,0.5000905394554138
Sample 21,TimesFM,0.4999094307422638
Sample 22,Chronos,0.500090479850769
Sample 22,Time-MoE,0.4999094605445862
Sample 23,Moirai,0.5032542943954468
Sample 23,Time-MoE,0.49674567580223083
Sample 24,Moirai,0.5041245818138123
Sample 24,Timer,0.49587544798851013
Sample 25,Chronos,0.5000502467155457
Sample 25,Timer,0.49994975328445435
Sample 26,Moirai,0.5021305084228516
Sample 26,Time-MoE,0.4978695213794708
Sample 27,Chronos,0.5001811981201172
Sample 27,TimesFM,0.4998188316822052
Sample 28,Moirai,0.5022214651107788
Sample 28,Time-MoE,0.4977785348892212
Sample 29,Time-MoE,0.5000125765800476
Sample 29,Chronos,0.4999874532222748
Sample 30,Moirai,0.5020403861999512
Sample 30,Timer,0.4979596436023712
Sample 31,Moirai,0.5011070370674133
Sample 31,Time-MoE,0.49889296293258667
Sample 0,Moirai,0.5014386177062988
Sample 0,Chronos,0.49856138229370117
Sample 1,Chronos,0.5001684427261353
Sample 1,Timer,0.49983152747154236
Sample 2,Moirai,0.5001548528671265
Sample 2,Time-MoE,0.49984514713287354
Sample 3,Chronos,0.5000786185264587
Sample 3,Timer,0.49992138147354126
Sample 4,Moirai,0.5006850361824036
Sample 4,TimesFM,0.49931496381759644
Sample 5,Timer,0.5000539422035217
Sample 5,TimesFM,0.4999460279941559
Sample 6,Chronos,0.5001803040504456
Sample 6,TimesFM,0.49981972575187683
Sample 7,Moirai,0.5023199319839478
Sample 7,Time-MoE,0.49768003821372986
Sample 8,Moirai,0.5066107511520386
Sample 8,Timer,0.49338921904563904
Sample 9,Chronos,0.500112771987915
Sample 9,Timer,0.49988722801208496
Sample 10,Moirai,0.5000243186950684
Sample 10,Time-MoE,0.49997571110725403
Sample 11,Chronos,0.5002002120018005
Sample 11,Timer,0.49979978799819946
Sample 12,Moirai,0.5023942589759827
Sample 12,Time-MoE,0.49760568141937256
Sample 13,Chronos,0.5000741481781006
Sample 13,Timer,0.4999258816242218
Sample 14,Chronos,0.5003064274787903
Sample 14,TimesFM,0.4996936023235321
Sample 15,Moirai,0.503472626209259
Sample 15,TimesFM,0.4965273439884186
Sample 0,Moirai,0.5067474842071533
Sample 0,Chronos,0.4932525157928467
Sample 1,Chronos,0.5001505017280579
Sample 1,Timer,0.49984949827194214
Sample 2,Moirai,0.5007963180541992
Sample 2,TimesFM,0.4992036819458008
Sample 3,Chronos,0.5001628994941711
Sample 3,TimesFM,0.49983707070350647
Sample 4,Moirai,0.5017825365066528
Sample 4,Time-MoE,0.4982174336910248
Sample 5,Chronos,0.5000381469726562
Sample 5,Timer,0.49996188282966614
Sample 6,Chronos,0.5003273487091064
Sample 6,TimesFM,0.49967265129089355
Sample 7,Moirai,0.5033467411994934
Sample 7,TimesFM,0.4966532588005066
Sample 8,Moirai,0.5054289698600769
Sample 8,TimesFM,0.4945709705352783
Sample 9,Chronos,0.5001257658004761
Sample 9,Timer,0.4998742640018463
Sample 10,Moirai,0.5003647804260254
Sample 10,Time-MoE,0.4996352195739746
Sample 11,Chronos,0.500072181224823
Sample 11,TimesFM,0.4999278485774994
Sample 12,Moirai,0.5038665533065796
Sample 12,TimesFM,0.4961334764957428
Sample 13,Chronos,0.5000088810920715
Sample 13,Timer,0.49999114871025085
Sample 14,Chronos,0.5001945495605469
Sample 14,TimesFM,0.49980539083480835
Sample 15,Moirai,0.5033432245254517
Sample 15,TimesFM,0.4966568052768707
Sample 16,Moirai,0.5059635043144226
Sample 16,Time-MoE,0.494036465883255
Sample 17,Chronos,0.5000543594360352
Sample 17,Timer,0.49994561076164246
Sample 18,Moirai,0.5025109052658081
Sample 18,Timer,0.4974890649318695
Sample 19,Chronos,0.5001236796379089
Sample 19,TimesFM,0.49987635016441345
Sample 20,Moirai,0.5026537775993347
Sample 20,Chronos,0.49734625220298767
Sample 21,Timer,0.5000315308570862
Sample 21,Chronos,0.4999684989452362
Sample 22,Moirai,0.5010125041007996
Sample 22,Chronos,0.49898743629455566
Sample 23,Moirai,0.5023109316825867
Sample 23,Chronos,0.49768906831741333
Sample 24,Moirai,0.5063962340354919
Sample 24,Timer,0.49360376596450806
Sample 25,Chronos,0.5001522898674011
Sample 25,TimesFM,0.49984773993492126
Sample 26,Moirai,0.5010526180267334
Sample 26,Time-MoE,0.4989473521709442
Sample 27,Moirai,0.5017547011375427
Sample 27,TimesFM,0.4982452988624573
Sample 28,Moirai,0.5020986795425415
Sample 28,Time-MoE,0.4979013204574585
Sample 29,Chronos,0.5000339150428772
Sample 29,TimesFM,0.4999661147594452
Sample 30,Chronos,0.5001161098480225
Sample 30,Time-MoE,0.49988383054733276
Sample 31,Moirai,0.5022982358932495
Sample 31,TimesFM,0.4977017045021057
Sample 0,Moirai,0.5042348504066467
Sample 0,TimesFM,0.49576514959335327
Sample 1,Chronos,0.5000840425491333
Sample 1,TimesFM,0.4999159872531891
Sample 2,Moirai,0.5017988085746765
Sample 2,Time-MoE,0.4982011616230011
Sample 3,Chronos,0.5001519918441772
Sample 3,TimesFM,0.49984803795814514
Sample 4,Moirai,0.5011578798294067
Sample 4,Time-MoE,0.49884214997291565
Sample 5,Timer,0.5000050663948059
Sample 5,TimesFM,0.4999949634075165
Sample 6,Chronos,0.5002857446670532
Sample 6,TimesFM,0.4997142553329468
Sample 7,Moirai,0.5038841962814331
Sample 7,TimesFM,0.4961157441139221
Sample 8,Moirai,0.5052711367607117
Sample 8,TimesFM,0.4947289228439331
Sample 9,Chronos,0.5000677704811096
Sample 9,TimesFM,0.49993225932121277
Sample 10,Moirai,0.5000234842300415
Sample 10,Time-MoE,0.4999765157699585
Sample 11,Moirai,0.5005815029144287
Sample 11,Time-MoE,0.4994184672832489
Sample 12,Moirai,0.5018060803413391
Sample 12,Time-MoE,0.4981939196586609
Sample 13,Timer,0.5000244379043579
Sample 13,TimesFM,0.4999755918979645
Sample 14,Chronos,0.5004147291183472
Sample 14,TimesFM,0.49958524107933044
Sample 15,Moirai,0.5030089616775513
Sample 15,TimesFM,0.49699100852012634
Sample 16,Moirai,0.5070045590400696
Sample 16,Time-MoE,0.4929954409599304
Sample 17,Chronos,0.5000634789466858
Sample 17,Timer,0.4999365210533142
Sample 18,Moirai,0.5009385943412781
Sample 18,Time-MoE,0.4990614354610443
Sample 19,Chronos,0.5001380443572998
Sample 19,TimesFM,0.49986201524734497
Sample 20,Moirai,0.5003066062927246
Sample 20,Time-MoE,0.499693363904953
Sample 21,Timer,0.500022828578949
Sample 21,TimesFM,0.4999772012233734
Sample 22,Moirai,0.5000040531158447
Sample 22,Chronos,0.49999597668647766
Sample 23,Moirai,0.5021705031394958
Sample 23,TimesFM,0.49782949686050415
Sample 24,Moirai,0.5027318000793457
Sample 24,Time-MoE,0.4972682297229767
Sample 25,Chronos,0.5001648664474487
Sample 25,Timer,0.49983513355255127
Sample 26,Time-MoE,0.5001173615455627
Sample 26,TimesFM,0.4998825788497925
Sample 27,Chronos,0.5000235438346863
Sample 27,Timer,0.4999764859676361
Sample 28,Moirai,0.503096342086792
Sample 28,TimesFM,0.496903657913208
Sample 29,Timer,0.5000535845756531
Sample 29,Chronos,0.4999464154243469
Sample 30,Chronos,0.5002005696296692
Sample 30,TimesFM,0.4997994303703308
Sample 31,Moirai,0.5034711956977844
Sample 31,TimesFM,0.49652886390686035
Sample 0,Moirai,0.5054510235786438
Sample 0,TimesFM,0.4945489466190338
Sample 1,Chronos,0.500024676322937
Sample 1,Timer,0.499975323677063
Sample 2,Moirai,0.5009390711784363
Sample 2,Timer,0.4990609586238861
Sample 3,Chronos,0.5001507997512817
Sample 3,TimesFM,0.4998491704463959
Sample 4,Moirai,0.5029637217521667
Sample 4,Time-MoE,0.49703624844551086
Sample 5,Chronos,0.5000010132789612
Sample 5,Time-MoE,0.49999895691871643
Sample 6,Timer,0.5000751614570618
Sample 6,Chronos,0.4999248683452606
Sample 7,Moirai,0.5025142431259155
Sample 7,TimesFM,0.49748578667640686
Sample 8,Moirai,0.5061442255973816
Sample 8,TimesFM,0.4938557744026184
Sample 9,Chronos,0.5001206994056702
Sample 9,Timer,0.49987930059432983
Sample 10,Moirai,0.5000806450843811
Sample 10,Chronos,0.4999193847179413
Sample 11,Chronos,0.5000989437103271
Sample 11,TimesFM,0.4999009966850281
Sample 12,Moirai,0.5024564862251282
Sample 12,TimesFM,0.4975435137748718
Sample 13,Timer,0.5000112056732178
Sample 13,Chronos,0.4999888241291046
Sample 14,Chronos,0.5002735257148743
Sample 14,TimesFM,0.4997265040874481
Sample 15,Moirai,0.5026712417602539
Sample 15,TimesFM,0.4973287880420685
Sample 16,Moirai,0.5012858510017395
Sample 16,Chronos,0.4987141489982605
Sample 17,Chronos,0.5001106858253479
Sample 17,Timer,0.4998893141746521
Sample 18,Moirai,0.500796377658844
Sample 18,Time-MoE,0.499203622341156
Sample 19,Moirai,0.5013137459754944
Sample 19,TimesFM,0.498686283826828
Sample 20,Moirai,0.5027693510055542
Sample 20,TimesFM,0.4972306191921234
Sample 21,Timer,0.5000952482223511
Sample 21,TimesFM,0.49990469217300415
Sample 22,Chronos,0.5002214312553406
Sample 22,Time-MoE,0.4997785985469818
Sample 23,Moirai,0.5003911256790161
Sample 23,TimesFM,0.4996088743209839
Sample 24,Moirai,0.5055684447288513
Sample 24,TimesFM,0.4944315552711487
Sample 25,Chronos,0.500169038772583
Sample 25,TimesFM,0.4998309314250946
Sample 26,Moirai,0.5019142627716064
Sample 26,Chronos,0.49808570742607117
Sample 27,Timer,0.5000140070915222
Sample 27,Chronos,0.49998602271080017
Sample 28,Moirai,0.5025487542152405
Sample 28,TimesFM,0.4974512457847595
Sample 29,Chronos,0.5000059008598328
Sample 29,TimesFM,0.4999941289424896
Sample 30,Chronos,0.5002047419548035
Sample 30,TimesFM,0.49979522824287415
Sample 31,Moirai,0.502726674079895
Sample 31,TimesFM,0.4972732961177826
Sample 0,Moirai,0.5058268308639526
Sample 0,Time-MoE,0.49417316913604736
Sample 1,Chronos,0.5000566244125366
Sample 1,Timer,0.4999433755874634
Sample 2,Moirai,0.5013357996940613
Sample 2,Timer,0.4986642003059387
Sample 3,Chronos,0.5001112818717957
Sample 3,TimesFM,0.49988871812820435
Sample 4,Moirai,0.5002144575119019
Sample 4,Chronos,0.49978554248809814
Sample 5,Moirai,0.5023534297943115
Sample 5,Chronos,0.4976465404033661
Sample 6,Moirai,0.5017620921134949
Sample 6,Time-MoE,0.4982379078865051
Sample 7,Moirai,0.5022798776626587
Sample 7,Time-MoE,0.4977201819419861
Sample 8,Moirai,0.5072004199028015
Sample 8,Time-MoE,0.4927996098995209
Sample 9,Chronos,0.5001311302185059
Sample 9,Timer,0.4998689293861389
Sample 10,Moirai,0.5010308027267456
Sample 10,Time-MoE,0.4989692270755768
Sample 11,Chronos,0.5001685619354248
Sample 11,TimesFM,0.4998314082622528
Sample 12,Moirai,0.5034506916999817
Sample 12,TimesFM,0.4965492784976959
Sample 13,Chronos,0.5000109672546387
Sample 13,Timer,0.49998903274536133
Sample 14,Chronos,0.5002079010009766
Sample 14,TimesFM,0.49979209899902344
Sample 15,Moirai,0.5035674571990967
Sample 15,Time-MoE,0.4964325726032257
Sample 16,Moirai,0.5066996812820435
Sample 16,Chronos,0.49330031871795654
Sample 17,Chronos,0.5002363324165344
Sample 17,TimesFM,0.4997636377811432
Sample 18,Moirai,0.501715898513794
Sample 18,Time-MoE,0.4982840418815613
Sample 19,Chronos,0.5000730752944946
Sample 19,TimesFM,0.49992695450782776
Sample 20,Moirai,0.501962423324585
Sample 20,TimesFM,0.49803757667541504
Sample 21,Chronos,0.500190019607544
Sample 21,Timer,0.49981001019477844
Sample 22,Moirai,0.5007323622703552
Sample 22,Time-MoE,0.4992676377296448
Sample 23,Moirai,0.5027557015419006
Sample 23,TimesFM,0.49724429845809937
Sample 24,Moirai,0.5061981678009033
Sample 24,TimesFM,0.4938017725944519
Sample 25,Chronos,0.5001712441444397
Sample 25,Timer,0.4998287260532379
Sample 26,Moirai,0.5023525953292847
Sample 26,Time-MoE,0.4976474344730377
Sample 27,Chronos,0.5001720786094666
Sample 27,TimesFM,0.49982789158821106
Sample 28,Moirai,0.5039429664611816
Sample 28,Time-MoE,0.49605706334114075
Sample 29,Chronos,0.5000665187835693
Sample 29,Timer,0.49993351101875305
Sample 30,Chronos,0.5001893639564514
Sample 30,Time-MoE,0.4998106360435486
Sample 31,Moirai,0.5039988160133362
Sample 31,TimesFM,0.49600115418434143
Sample 0,Moirai,0.5049791932106018
Sample 0,Chronos,0.49502086639404297
Sample 1,Chronos,0.500119149684906
Sample 1,Timer,0.499880850315094
Sample 2,Moirai,0.5008984804153442
Sample 2,TimesFM,0.49910151958465576
Sample 3,Chronos,0.5001592040061951
Sample 3,Timer,0.4998408257961273
Sample 4,Moirai,0.5025275349617004
Sample 4,TimesFM,0.4974724054336548
Sample 5,Chronos,0.5000582933425903
Sample 5,Timer,0.49994173645973206
Sample 6,Chronos,0.5002662539482117
Sample 6,TimesFM,0.49973374605178833
Sample 7,Moirai,0.5030705332756042
Sample 7,Time-MoE,0.49692943692207336
Sample 8,Moirai,0.5061946511268616
Sample 8,Time-MoE,0.49380531907081604
Sample 9,Chronos,0.5001611113548279
Sample 9,Timer,0.49983885884284973
Sample 10,Moirai,0.5013952255249023
Sample 10,Time-MoE,0.49860477447509766
Sample 11,Moirai,0.5016885995864868
Sample 11,TimesFM,0.4983114004135132
Sample 12,Moirai,0.50238436460495
Sample 12,TimesFM,0.49761566519737244
Sample 13,Moirai,0.5004124641418457
Sample 13,Timer,0.4995875358581543
Sample 14,Moirai,0.5001606941223145
Sample 14,Chronos,0.49983933568000793
Sample 15,Moirai,0.5005927085876465
Sample 15,Time-MoE,0.49940726161003113
Sample 16,Moirai,0.5030730366706848
Sample 16,TimesFM,0.4969269931316376
Sample 17,Chronos,0.5001843571662903
Sample 17,Timer,0.4998156726360321
Sample 18,Time-MoE,0.5001830458641052
Sample 18,Moirai,0.49981698393821716
Sample 19,Chronos,0.5000817775726318
Sample 19,Timer,0.49991822242736816
Sample 20,Moirai,0.5026843547821045
Sample 20,TimesFM,0.4973156452178955
Sample 21,Timer,0.5000244379043579
Sample 21,Chronos,0.4999755918979645
Sample 22,Chronos,0.5001910924911499
Sample 22,Time-MoE,0.4998089373111725
Sample 23,Moirai,0.5025479197502136
Sample 23,TimesFM,0.49745211005210876
Sample 24,Moirai,0.5073926448822021
Sample 24,Time-MoE,0.49260732531547546
Sample 25,Chronos,0.5001358985900879
Sample 25,Timer,0.4998641014099121
Sample 26,Moirai,0.5009530782699585
Sample 26,TimesFM,0.49904686212539673
Sample 27,Chronos,0.5001643896102905
Sample 27,TimesFM,0.4998356103897095
Sample 28,Moirai,0.5030112862586975
Sample 28,TimesFM,0.4969886839389801
Sample 29,Chronos,0.5001208186149597
Sample 29,Time-MoE,0.4998791217803955
Sample 30,Chronos,0.5002166032791138
Sample 30,TimesFM,0.499783456325531
Sample 31,Moirai,0.5030125379562378
Sample 31,Time-MoE,0.496987521648407
Sample 0,Moirai,0.5066952109336853
Sample 0,TimesFM,0.4933048188686371
Sample 1,Chronos,0.5001137256622314
Sample 1,Timer,0.49988624453544617
Sample 2,Moirai,0.5010583996772766
Sample 2,Time-MoE,0.4989416003227234
Sample 3,Chronos,0.5001948475837708
Sample 3,TimesFM,0.49980515241622925
Sample 4,Moirai,0.5020857453346252
Sample 4,Time-MoE,0.49791425466537476
Sample 5,Chronos,0.5000296831130981
Sample 5,Time-MoE,0.49997028708457947
Sample 6,Moirai,0.500225841999054
Sample 6,Chronos,0.49977415800094604
Sample 7,Moirai,0.5021390318870544
Sample 7,Time-MoE,0.49786099791526794
Sample 8,Moirai,0.5068215727806091
Sample 8,Time-MoE,0.4931783676147461
Sample 9,Chronos,0.5000608563423157
Sample 9,Timer,0.4999391436576843
Sample 10,Moirai,0.5010529160499573
Sample 10,Time-MoE,0.49894705414772034
Sample 11,Chronos,0.5001256465911865
Sample 11,TimesFM,0.49987441301345825
Sample 12,Chronos,0.5001614093780518
Sample 12,Time-MoE,0.49983862042427063
Sample 13,Chronos,0.5000600218772888
Sample 13,TimesFM,0.49994000792503357
Sample 14,Moirai,0.5022280216217041
Sample 14,TimesFM,0.4977719485759735
Sample 15,Moirai,0.5034566521644592
Sample 15,Time-MoE,0.49654334783554077
Sample 16,Moirai,0.5061638951301575
Sample 16,TimesFM,0.49383607506752014
Sample 17,Chronos,0.500020444393158
Sample 17,Timer,0.49997952580451965
Sample 18,Moirai,0.5031890273094177
Sample 18,Time-MoE,0.4968109726905823
Sample 19,Chronos,0.5001361966133118
Sample 19,Timer,0.49986380338668823
Sample 20,Chronos,0.5001463890075684
Sample 20,Time-MoE,0.49985361099243164
Sample 21,Timer,0.5000838041305542
Sample 21,TimesFM,0.4999161660671234
Sample 22,Chronos,0.5000907182693481
Sample 22,Time-MoE,0.49990928173065186
Sample 23,Moirai,0.5035596489906311
Sample 23,TimesFM,0.4964403212070465
Sample 24,Moirai,0.5045948028564453
Sample 24,Chronos,0.4954051971435547
Sample 25,Chronos,0.5000619292259216
Sample 25,Timer,0.49993810057640076
Sample 26,Moirai,0.5023184418678284
Sample 26,Time-MoE,0.4976816177368164
Sample 27,Chronos,0.5002017617225647
Sample 27,TimesFM,0.4997981786727905
Sample 28,Moirai,0.5023804903030396
Sample 28,Time-MoE,0.49761953949928284
Sample 29,Time-MoE,0.5000150799751282
Sample 29,Chronos,0.4999849498271942
Sample 30,Moirai,0.5022821426391602
Sample 30,Timer,0.49771785736083984
Sample 31,Moirai,0.5011638402938843
Sample 31,Time-MoE,0.4988361597061157
Sample 0,Moirai,0.5016047954559326
Sample 0,Chronos,0.4983952045440674
Sample 1,Chronos,0.500163733959198
Sample 1,Timer,0.4998362362384796
Sample 2,Moirai,0.500173032283783
Sample 2,Time-MoE,0.49982699751853943
Sample 3,Chronos,0.5000824332237244
Sample 3,Timer,0.499917596578598
Sample 4,Moirai,0.5007027983665466
Sample 4,TimesFM,0.49929723143577576
Sample 5,Timer,0.5000789165496826
Sample 5,TimesFM,0.49992111325263977
Sample 6,Chronos,0.500191330909729
Sample 6,Time-MoE,0.4998086988925934
Sample 7,Moirai,0.5025269985198975
Sample 7,Time-MoE,0.4974730312824249
Sample 8,Moirai,0.5073152780532837
Sample 8,TimesFM,0.4926847219467163
Sample 9,Chronos,0.5001157522201538
Sample 9,Timer,0.4998842179775238
Sample 10,Moirai,0.5000267028808594
Sample 10,Time-MoE,0.499973326921463
Sample 11,Chronos,0.5002083778381348
Sample 11,Timer,0.49979162216186523
Sample 12,Moirai,0.5025860667228699
Sample 12,Time-MoE,0.4974139630794525
Sample 13,Chronos,0.5000738501548767
Sample 13,Timer,0.4999261200428009
Sample 14,Chronos,0.5003233551979065
Sample 14,Time-MoE,0.4996766448020935
Sample 15,Moirai,0.5037740468978882
Sample 15,TimesFM,0.4962259531021118
Sample 0,Moirai,0.5074284076690674
Sample 0,Chronos,0.4925715923309326
Sample 1,Chronos,0.5001391768455505
Sample 1,Timer,0.49986082315444946
Sample 2,Moirai,0.5008534789085388
Sample 2,TimesFM,0.4991464614868164
Sample 3,Chronos,0.5001966953277588
Sample 3,Timer,0.4998032748699188
Sample 4,Moirai,0.5019218921661377
Sample 4,Time-MoE,0.4980781078338623
Sample 5,Chronos,0.5000253915786743
Sample 5,Timer,0.49997463822364807
Sample 6,Chronos,0.5003771185874939
Sample 6,Time-MoE,0.4996228516101837
Sample 7,Moirai,0.5036629438400269
Sample 7,TimesFM,0.49633705615997314
Sample 8,Moirai,0.5060012936592102
Sample 8,Chronos,0.4939986765384674
Sample 9,Chronos,0.5001145005226135
Sample 9,Timer,0.4998854994773865
Sample 10,Moirai,0.5004003047943115
Sample 10,Time-MoE,0.4995996952056885
Sample 11,Chronos,0.5000942945480347
Sample 11,Timer,0.49990564584732056
Sample 12,Moirai,0.5042064785957336
Sample 12,Time-MoE,0.49579352140426636
Sample 13,Timer,0.5000092387199402
Sample 13,Chronos,0.4999907612800598
Sample 14,Chronos,0.5001963376998901
Sample 14,Time-MoE,0.49980366230010986
Sample 15,Moirai,0.5036628842353821
Sample 15,TimesFM,0.49633708596229553
Sample 16,Moirai,0.5065629482269287
Sample 16,Time-MoE,0.4934370517730713
Sample 17,Chronos,0.5000436305999756
Sample 17,Timer,0.499956339597702
Sample 18,Moirai,0.5027310848236084
Sample 18,Time-MoE,0.4972688853740692
Sample 19,Chronos,0.5001794099807739
Sample 19,TimesFM,0.49982061982154846
Sample 20,Moirai,0.5028876662254333
Sample 20,Chronos,0.49711236357688904
Sample 21,Timer,0.5000430941581726
Sample 21,Chronos,0.4999569356441498
Sample 22,Moirai,0.5010663866996765
Sample 22,Chronos,0.4989336431026459
Sample 23,Moirai,0.5024752020835876
Sample 23,Chronos,0.49752479791641235
Sample 24,Moirai,0.5070599317550659
Sample 24,Time-MoE,0.4929400384426117
Sample 25,Chronos,0.5001522898674011
Sample 25,Timer,0.49984773993492126
Sample 26,Moirai,0.5011710524559021
Sample 26,Time-MoE,0.4988289177417755
Sample 27,Moirai,0.5019345283508301
Sample 27,TimesFM,0.49806544184684753
Sample 28,Moirai,0.5022343993186951
Sample 28,Time-MoE,0.4977656304836273
Sample 29,Chronos,0.5000234246253967
Sample 29,Timer,0.4999765455722809
Sample 30,Chronos,0.5001091957092285
Sample 30,Time-MoE,0.4998908042907715
Sample 31,Moirai,0.5025327801704407
Sample 31,TimesFM,0.4974672496318817
Sample 0,Moirai,0.5047319531440735
Sample 0,TimesFM,0.4952680468559265
Sample 1,Chronos,0.5000700950622559
Sample 1,Timer,0.49992987513542175
Sample 2,Moirai,0.5019158124923706
Sample 2,Time-MoE,0.4980841875076294
Sample 3,Chronos,0.5001751184463501
Sample 3,Timer,0.4998249113559723
Sample 4,Moirai,0.5012215375900269
Sample 4,Time-MoE,0.49877843260765076
Sample 5,Timer,0.5000514388084412
Sample 5,Time-MoE,0.4999485909938812
Sample 6,Chronos,0.5003085732460022
Sample 6,Time-MoE,0.4996914565563202
Sample 7,Moirai,0.5042440891265869
Sample 7,TimesFM,0.4957558512687683
Sample 8,Moirai,0.5057876110076904
Sample 8,Chronos,0.49421241879463196
Sample 9,Chronos,0.5000521540641785
Sample 9,Timer,0.4999478757381439
Sample 10,Moirai,0.5000198483467102
Sample 10,Time-MoE,0.4999801516532898
Sample 11,Moirai,0.5006420016288757
Sample 11,Time-MoE,0.4993579685688019
Sample 12,Moirai,0.5019252896308899
Sample 12,Time-MoE,0.4980747103691101
Sample 13,Timer,0.5000779628753662
Sample 13,Chronos,0.4999220073223114
Sample 14,Chronos,0.5004979968070984
Sample 14,Time-MoE,0.4995020031929016
Sample 15,Moirai,0.5032941699028015
Sample 15,Time-MoE,0.4967058598995209
Sample 16,Moirai,0.5077098608016968
Sample 16,Time-MoE,0.4922901690006256
Sample 17,Chronos,0.5000461935997009
Sample 17,Timer,0.49995383620262146
Sample 18,Moirai,0.500985324382782
Sample 18,Time-MoE,0.499014675617218
Sample 19,Chronos,0.5001413822174072
Sample 19,Timer,0.49985867738723755
Sample 20,Moirai,0.5003146529197693
Sample 20,Time-MoE,0.49968528747558594
Sample 21,Timer,0.5000496506690979
Sample 21,Chronos,0.4999503493309021
Sample 22,Chronos,0.5000070929527283
Sample 22,Moirai,0.4999929368495941
Sample 23,Moirai,0.502329409122467
Sample 23,Time-MoE,0.49767056107521057
Sample 24,Moirai,0.5030104517936707
Sample 24,Time-MoE,0.49698954820632935
Sample 25,Chronos,0.5001401901245117
Sample 25,Timer,0.49985986948013306
Sample 26,Time-MoE,0.500183641910553
Sample 26,TimesFM,0.4998163878917694
Sample 27,Chronos,0.5000020265579224
Sample 27,Timer,0.4999980032444
Sample 28,Moirai,0.5033305883407593
Sample 28,Time-MoE,0.49666938185691833
Sample 29,Timer,0.5000745058059692
Sample 29,Chronos,0.49992552399635315
Sample 30,Chronos,0.5002009868621826
Sample 30,Time-MoE,0.499798983335495
Sample 31,Moirai,0.5037823915481567
Sample 31,TimesFM,0.4962175488471985
Sample 0,Moirai,0.5059866905212402
Sample 0,Time-MoE,0.49401330947875977
Sample 1,Timer,0.5000120997428894
Sample 1,Chronos,0.4999878704547882
Sample 2,Moirai,0.5010101199150085
Sample 2,Timer,0.49898990988731384
Sample 3,Chronos,0.5001667737960815
Sample 3,Timer,0.49983325600624084
Sample 4,Moirai,0.503227174282074
Sample 4,Time-MoE,0.496772825717926
Sample 5,Time-MoE,0.5000105500221252
Sample 5,Chronos,0.49998942017555237
Sample 6,Timer,0.5001007914543152
Sample 6,Chronos,0.4998992085456848
Sample 7,Moirai,0.5027387142181396
Sample 7,Time-MoE,0.4972612261772156
Sample 8,Moirai,0.5067166090011597
Sample 8,Time-MoE,0.49328339099884033
Sample 9,Chronos,0.5000823140144348
Sample 9,Timer,0.4999177157878876
Sample 10,Moirai,0.5000739097595215
Sample 10,Chronos,0.4999260902404785
Sample 11,Chronos,0.5001382231712341
Sample 11,TimesFM,0.49986177682876587
Sample 12,Moirai,0.5026512145996094
Sample 12,TimesFM,0.4973488450050354
Sample 13,Timer,0.500056266784668
Sample 13,Chronos,0.4999437630176544
Sample 14,Chronos,0.5003150105476379
Sample 14,Time-MoE,0.49968498945236206
Sample 15,Moirai,0.5029127597808838
Sample 15,Time-MoE,0.4970872104167938
Sample 16,Moirai,0.501415491104126
Sample 16,Chronos,0.4985845386981964
Sample 17,Chronos,0.5000656247138977
Sample 17,Timer,0.4999344050884247
Sample 18,Moirai,0.5008247494697571
Sample 18,Time-MoE,0.4991752505302429
Sample 19,Moirai,0.5014756321907043
Sample 19,Time-MoE,0.49852433800697327
Sample 20,Moirai,0.5029858350753784
Sample 20,Time-MoE,0.4970141649246216
Sample 21,Timer,0.500167727470398
Sample 21,Chronos,0.49983227252960205
Sample 22,Chronos,0.5002259612083435
Sample 22,Time-MoE,0.4997740387916565
Sample 23,Moirai,0.5004624128341675
Sample 23,TimesFM,0.4995375871658325
Sample 24,Moirai,0.5061017870903015
Sample 24,Time-MoE,0.4938982427120209
Sample 25,Chronos,0.5001480579376221
Sample 25,Timer,0.49985194206237793
Sample 26,Moirai,0.5020403265953064
Sample 26,Chronos,0.497959703207016
Sample 27,Timer,0.5000346302986145
Sample 27,Chronos,0.4999653697013855
Sample 28,Moirai,0.5027342438697815
Sample 28,Time-MoE,0.4972657561302185
Sample 29,Timer,0.5000182390213013
Sample 29,Chronos,0.4999817907810211
Sample 30,Chronos,0.5002115368843079
Sample 30,Time-MoE,0.49978846311569214
Sample 31,Moirai,0.5029653310775757
Sample 31,TimesFM,0.4970346689224243
Sample 0,Moirai,0.5063812732696533
Sample 0,Time-MoE,0.4936187267303467
Sample 1,Timer,0.5000007152557373
Sample 1,Chronos,0.4999992549419403
Sample 2,Moirai,0.5014404654502869
Sample 2,Timer,0.49855953454971313
Sample 3,Chronos,0.500067949295044
Sample 3,Timer,0.49993208050727844
Sample 4,Moirai,0.5002129673957825
Sample 4,Chronos,0.4997870922088623
Sample 5,Moirai,0.5025649070739746
Sample 5,Chronos,0.49743515253067017
Sample 6,Moirai,0.5018859505653381
Sample 6,Time-MoE,0.49811404943466187
Sample 7,Moirai,0.5024595856666565
Sample 7,Time-MoE,0.4975404143333435
Sample 8,Moirai,0.5079132914543152
Sample 8,Time-MoE,0.4920867085456848
Sample 9,Chronos,0.5000712275505066
Sample 9,Timer,0.4999287724494934
Sample 10,Moirai,0.5010725259780884
Sample 10,Time-MoE,0.4989274740219116
Sample 11,Chronos,0.5001431703567505
Sample 11,Timer,0.4998568594455719
Sample 12,Moirai,0.5037161707878113
Sample 12,Time-MoE,0.4962838292121887
Sample 13,Timer,0.5000482201576233
Sample 13,Time-MoE,0.4999518096446991
Sample 14,Chronos,0.5001739263534546
Sample 14,Timer,0.499826043844223
Sample 15,Moirai,0.5038637518882751
Sample 15,Time-MoE,0.49613627791404724
Sample 16,Moirai,0.5073395371437073
Sample 16,Chronos,0.4926604628562927
Sample 17,Chronos,0.5002242922782898
Sample 17,Timer,0.4997757077217102
Sample 18,Moirai,0.5018374919891357
Sample 18,Time-MoE,0.49816247820854187
Sample 19,Chronos,0.5000708699226379
Sample 19,Timer,0.49992913007736206
Sample 20,Moirai,0.5021194815635681
Sample 20,TimesFM,0.4978805482387543
Sample 21,Chronos,0.5001233220100403
Sample 21,Timer,0.4998766779899597
Sample 22,Moirai,0.5007642507553101
Sample 22,Time-MoE,0.49923574924468994
Sample 23,Moirai,0.5029962062835693
Sample 23,Time-MoE,0.4970037639141083
Sample 24,Moirai,0.5068256258964539
Sample 24,Time-MoE,0.49317440390586853
Sample 25,Chronos,0.5001047849655151
Sample 25,Timer,0.4998951554298401
Sample 26,Moirai,0.5025339126586914
Sample 26,Time-MoE,0.4974660277366638
Sample 27,Chronos,0.5001914501190186
Sample 27,Timer,0.49980852007865906
Sample 28,Moirai,0.5042647123336792
Sample 28,Time-MoE,0.4957352876663208
Sample 29,Timer,0.5000069737434387
Sample 29,Chronos,0.4999930262565613
Sample 30,Chronos,0.5001791715621948
Sample 30,Time-MoE,0.4998207986354828
Sample 31,Moirai,0.5043632388114929
Sample 31,TimesFM,0.4956367015838623
Sample 0,Moirai,0.5054800510406494
Sample 0,Chronos,0.4945199191570282
Sample 1,Chronos,0.5000404119491577
Sample 1,Timer,0.4999596178531647
Sample 2,Moirai,0.5009419322013855
Sample 2,Timer,0.4990580677986145
Sample 3,Chronos,0.5000916719436646
Sample 3,Timer,0.49990832805633545
Sample 4,Moirai,0.5026249289512634
Sample 4,Time-MoE,0.4973750710487366
Sample 5,Timer,0.5000290870666504
Sample 5,Chronos,0.499970942735672
Sample 6,Chronos,0.5002321600914001
Sample 6,Timer,0.49976781010627747
Sample 7,Moirai,0.5033276081085205
Sample 7,Time-MoE,0.4966723620891571
Sample 8,Moirai,0.5067886710166931
Sample 8,Time-MoE,0.4932113587856293
Sample 9,Chronos,0.5000805258750916
Sample 9,Timer,0.49991944432258606
Sample 10,Moirai,0.501466691493988
Sample 10,Time-MoE,0.49853333830833435
Sample 11,Moirai,0.5018657445907593
Sample 11,TimesFM,0.49813419580459595
Sample 12,Moirai,0.5024991631507874
Sample 12,Time-MoE,0.49750083684921265
Sample 13,Moirai,0.500381350517273
Sample 13,Timer,0.49961861968040466
Sample 14,Moirai,0.5001526474952698
Sample 14,Chronos,0.49984732270240784
Sample 15,Moirai,0.5006279349327087
Sample 15,Time-MoE,0.49937209486961365
Sample 16,Moirai,0.5034106969833374
Sample 16,Timer,0.4965893030166626
Sample 17,Chronos,0.5001022815704346
Sample 17,Timer,0.49989768862724304
Sample 18,Time-MoE,0.5002309083938599
Sample 18,Timer,0.49976909160614014
Sample 19,Chronos,0.5000203847885132
Sample 19,Timer,0.4999796152114868
Sample 20,Moirai,0.502892255783081
Sample 20,Time-MoE,0.49710777401924133
Sample 21,Timer,0.5001087784767151
Sample 21,Chronos,0.4998912215232849
Sample 22,Chronos,0.5001784563064575
Sample 22,Time-MoE,0.49982157349586487
Sample 23,Moirai,0.5027583241462708
Sample 23,TimesFM,0.49724170565605164
Sample 24,Moirai,0.5081344842910767
Sample 24,Time-MoE,0.49186548590660095
Sample 25,Chronos,0.5000566840171814
Sample 25,Timer,0.4999433159828186
Sample 26,Moirai,0.5010491609573364
Sample 26,Time-MoE,0.4989508092403412
Sample 27,Chronos,0.5001110434532166
Sample 27,Timer,0.49988892674446106
Sample 28,Moirai,0.5032557249069214
Sample 28,Time-MoE,0.4967442750930786
Sample 29,Chronos,0.500121533870697
Sample 29,Timer,0.4998784363269806
Sample 30,Chronos,0.5001813173294067
Sample 30,Timer,0.4998186528682709
Sample 31,Moirai,0.5032965540885925
Sample 31,Time-MoE,0.49670344591140747
Sample 0,Moirai,0.5073459148406982
Sample 0,Chronos,0.492654025554657
Sample 1,Chronos,0.5000247359275818
Sample 1,Timer,0.4999752342700958
Sample 2,Moirai,0.5010961890220642
Sample 2,Time-MoE,0.4989037811756134
Sample 3,Chronos,0.5001212954521179
Sample 3,Timer,0.4998787045478821
Sample 4,Moirai,0.5022239685058594
Sample 4,Time-MoE,0.497776061296463
Sample 5,Timer,0.5000267624855042
Sample 5,Chronos,0.49997326731681824
Sample 6,Moirai,0.500244140625
Sample 6,Chronos,0.4997558891773224
Sample 7,Moirai,0.5022901296615601
Sample 7,Time-MoE,0.49770990014076233
Sample 8,Moirai,0.5074809193611145
Sample 8,Chronos,0.4925190508365631
Sample 9,Timer,0.5000291466712952
Sample 9,Chronos,0.4999708831310272
Sample 10,Moirai,0.5011265277862549
Sample 10,Time-MoE,0.4988734722137451
Sample 11,Chronos,0.5000832080841064
Sample 11,Timer,0.49991682171821594
Sample 12,Chronos,0.5001834630966187
Sample 12,Time-MoE,0.49981656670570374
Sample 13,Chronos,0.5000665187835693
Sample 13,TimesFM,0.49993348121643066
Sample 14,Moirai,0.5023871064186096
Sample 14,TimesFM,0.497612863779068
Sample 15,Moirai,0.503696084022522
Sample 15,Time-MoE,0.4963039457798004
Sample 16,Moirai,0.5067757964134216
Sample 16,Time-MoE,0.493224173784256
Sample 17,Timer,0.5000718235969543
Sample 17,Chronos,0.49992820620536804
Sample 18,Moirai,0.5034510493278503
Sample 18,Time-MoE,0.49654892086982727
Sample 19,Chronos,0.5000523328781128
Sample 19,Timer,0.4999476969242096
Sample 20,Chronos,0.5000757575035095
Sample 20,Timer,0.4999242126941681
Sample 21,Timer,0.5001959204673767
Sample 21,TimesFM,0.4998040795326233
Sample 22,Chronos,0.5000851154327393
Sample 22,Time-MoE,0.49991485476493835
Sample 23,Moirai,0.5038530826568604
Sample 23,Time-MoE,0.49614688754081726
Sample 24,Moirai,0.5050312876701355
Sample 24,Chronos,0.4949687123298645
Sample 25,Timer,0.5000309944152832
Sample 25,Chronos,0.4999690353870392
Sample 26,Moirai,0.5024881958961487
Sample 26,Time-MoE,0.4975118339061737
Sample 27,Chronos,0.5001345276832581
Sample 27,Timer,0.49986550211906433
Sample 28,Moirai,0.5025655031204224
Sample 28,Time-MoE,0.49743449687957764
Sample 29,Time-MoE,0.5000292658805847
Sample 29,Chronos,0.4999707043170929
Sample 30,Moirai,0.5024285316467285
Sample 30,Timer,0.4975714385509491
Sample 31,Moirai,0.5012127757072449
Sample 31,Time-MoE,0.49878719449043274
Sample 0,Moirai,0.5017520189285278
Sample 0,Timer,0.49824804067611694
Sample 1,Chronos,0.500059187412262
Sample 1,Timer,0.49994081258773804
Sample 2,Moirai,0.5001454949378967
Sample 2,Time-MoE,0.49985456466674805
Sample 3,Timer,0.5000151991844177
Sample 3,Chronos,0.4999847710132599
Sample 4,Moirai,0.5007114410400391
Sample 4,TimesFM,0.49928852915763855
Sample 5,Timer,0.5001673102378845
Sample 5,TimesFM,0.4998326599597931
Sample 6,Chronos,0.5001838207244873
Sample 6,Time-MoE,0.4998161792755127
Sample 7,Moirai,0.5027104020118713
Sample 7,Time-MoE,0.49728959798812866
Sample 8,Moirai,0.5080245137214661
Sample 8,Time-MoE,0.49197548627853394
Sample 9,Chronos,0.5000152587890625
Sample 9,Timer,0.4999847114086151
Sample 10,Moirai,0.5000399351119995
Sample 10,Time-MoE,0.4999600648880005
Sample 11,Chronos,0.500122606754303
Sample 11,Timer,0.4998774230480194
Sample 12,Moirai,0.5026705861091614
Sample 12,Time-MoE,0.497329443693161
Sample 13,Timer,0.5000223517417908
Sample 13,Chronos,0.49997761845588684
Sample 14,Chronos,0.5002422332763672
Sample 14,Timer,0.4997577369213104
Sample 15,Moirai,0.5040892958641052
Sample 15,TimesFM,0.4959107041358948
Sample 0,Moirai,0.5081449747085571
Sample 0,Chronos,0.4918549656867981
Sample 1,Chronos,0.500041663646698
Sample 1,Timer,0.4999583661556244
Sample 2,Moirai,0.5008763670921326
Sample 2,TimesFM,0.49912363290786743
Sample 3,Chronos,0.5001198053359985
Sample 3,Timer,0.49988019466400146
Sample 4,Moirai,0.5019042491912842
Sample 4,Time-MoE,0.4980957806110382
Sample 5,Timer,0.5000783801078796
Sample 5,Chronos,0.499921590089798
Sample 6,Chronos,0.5003607273101807
Sample 6,Timer,0.49963927268981934
Sample 7,Moirai,0.5039509534835815
Sample 7,TimesFM,0.49604904651641846
Sample 8,Moirai,0.5065930485725403
Sample 8,Chronos,0.4934069812297821
Sample 9,Chronos,0.5000095367431641
Sample 9,Timer,0.4999904930591583
Sample 10,Moirai,0.5004183053970337
Sample 10,Time-MoE,0.4995816648006439
Sample 11,Timer,0.500001072883606
Sample 11,Chronos,0.49999889731407166
Sample 12,Moirai,0.5044951438903809
Sample 12,Time-MoE,0.49550488591194153
Sample 13,Timer,0.500120222568512
Sample 13,Chronos,0.49987977743148804
Sample 14,Chronos,0.5001987814903259
Sample 14,Time-MoE,0.4998012185096741
Sample 15,Moirai,0.5039514303207397
Sample 15,TimesFM,0.49604856967926025
Sample 16,Moirai,0.5071758031845093
Sample 16,TimesFM,0.49282416701316833
Sample 17,Timer,0.5000633597373962
Sample 17,Chronos,0.49993661046028137
Sample 18,Moirai,0.502896249294281
Sample 18,Timer,0.4971037209033966
Sample 19,Chronos,0.5000942945480347
Sample 19,Timer,0.49990564584732056
Sample 20,Moirai,0.5031381845474243
Sample 20,Chronos,0.4968617856502533
Sample 21,Timer,0.5001444816589355
Sample 21,Chronos,0.49985551834106445
Sample 22,Moirai,0.5011036992073059
Sample 22,Time-MoE,0.4988962709903717
Sample 23,Moirai,0.502640962600708
Sample 23,Chronos,0.4973590075969696
Sample 24,Moirai,0.5077117681503296
Sample 24,TimesFM,0.492288202047348
Sample 25,Chronos,0.5000460147857666
Sample 25,Timer,0.4999540150165558
Sample 26,Moirai,0.5012409687042236
Sample 26,Time-MoE,0.49875909090042114
Sample 27,Moirai,0.5020569562911987
Sample 27,TimesFM,0.4979429841041565
Sample 28,Moirai,0.5023327469825745
Sample 28,Time-MoE,0.4976672828197479
Sample 29,Timer,0.5000948905944824
Sample 29,Chronos,0.4999051094055176
Sample 30,Chronos,0.5001132488250732
Sample 30,Time-MoE,0.49988675117492676
Sample 31,Moirai,0.5027003288269043
Sample 31,TimesFM,0.4972996115684509
Sample 0,Moirai,0.5051611065864563
Sample 0,Timer,0.4948388934135437
Sample 1,Timer,0.5000382661819458
Sample 1,Chronos,0.4999617636203766
Sample 2,Moirai,0.5020443797111511
Sample 2,Timer,0.49795565009117126
Sample 3,Chronos,0.5000897645950317
Sample 3,Timer,0.4999101758003235
Sample 4,Moirai,0.5012903809547424
Sample 4,Time-MoE,0.49870961904525757
Sample 5,Timer,0.5001592636108398
Sample 5,TimesFM,0.49984073638916016
Sample 6,Chronos,0.5002900958061218
Sample 6,Timer,0.4997098743915558
Sample 7,Moirai,0.5045568346977234
Sample 7,TimesFM,0.4954431653022766
Sample 8,Moirai,0.5063361525535583
Sample 8,Chronos,0.4936637878417969
Sample 9,Timer,0.500058114528656
Sample 9,Chronos,0.4999419152736664
Sample 10,Moirai,0.5000178813934326
Sample 10,Time-MoE,0.499982088804245
Sample 11,Moirai,0.5006949305534363
Sample 11,Timer,0.4993050992488861
Sample 12,Moirai,0.5020461082458496
Sample 12,Time-MoE,0.497953861951828
Sample 13,Timer,0.5001709461212158
Sample 13,TimesFM,0.4998290538787842
Sample 14,Chronos,0.5004354119300842
Sample 14,Timer,0.4995645582675934
Sample 15,Moirai,0.5035435557365417
Sample 15,TimesFM,0.49645644426345825
Sample 16,Moirai,0.5084497928619385
Sample 16,Chronos,0.49155017733573914
Sample 17,Timer,0.5000619888305664
Sample 17,Chronos,0.499938040971756
Sample 18,Moirai,0.5010452270507812
Sample 18,Time-MoE,0.49895477294921875
Sample 19,Chronos,0.5000473260879517
Sample 19,Timer,0.4999527037143707
Sample 20,Moirai,0.5002694725990295
Sample 20,Timer,0.4997304677963257
Sample 21,Timer,0.5001633763313293
Sample 21,Chronos,0.49983662366867065
Sample 22,Chronos,0.5000192523002625
Sample 22,Moirai,0.49998077750205994
Sample 23,Moirai,0.5024632811546326
Sample 23,TimesFM,0.49753671884536743
Sample 24,Moirai,0.5032786130905151
Sample 24,Time-MoE,0.4967213273048401
Sample 25,Chronos,0.5000312924385071
Sample 25,Timer,0.49996867775917053
Sample 26,Time-MoE,0.5001553893089294
Sample 26,Timer,0.49984458088874817
Sample 27,Timer,0.5000893473625183
Sample 27,Chronos,0.4999106526374817
Sample 28,Moirai,0.5035569071769714
Sample 28,TimesFM,0.49644312262535095
Sample 29,Timer,0.5001825094223022
Sample 29,Chronos,0.49981752038002014
Sample 30,Chronos,0.5002069473266602
Sample 30,Time-MoE,0.49979305267333984
Sample 31,Moirai,0.5040466785430908
Sample 31,TimesFM,0.49595335125923157
Sample 0,Moirai,0.5064724087715149
Sample 0,TimesFM,0.4935275912284851
Sample 1,Timer,0.5001063942909241
Sample 1,Chronos,0.4998936057090759
Sample 2,Moirai,0.5010249018669128
Sample 2,Timer,0.49897512793540955
Sample 3,Chronos,0.5000943541526794
Sample 3,Timer,0.49990561604499817
Sample 4,Moirai,0.5035350322723389
Sample 4,Time-MoE,0.49646496772766113
Sample 5,Time-MoE,0.5000053644180298
Sample 5,Chronos,0.4999946355819702
Sample 6,Timer,0.5001667737960815
Sample 6,Chronos,0.49983319640159607
Sample 7,Moirai,0.5029622316360474
Sample 7,TimesFM,0.497037798166275
Sample 8,Moirai,0.5072792768478394
Sample 8,TimesFM,0.49272072315216064
Sample 9,Timer,0.5000094771385193
Sample 9,Chronos,0.4999905526638031
Sample 10,Moirai,0.5000786781311035
Sample 10,Chronos,0.49992135167121887
Sample 11,Chronos,0.5001060366630554
Sample 11,Timer,0.4998939633369446
Sample 12,Moirai,0.5028051137924194
Sample 12,TimesFM,0.49719494581222534
Sample 13,Timer,0.5001586675643921
Sample 13,Chronos,0.4998413622379303
Sample 14,Chronos,0.5003229379653931
Sample 14,Time-MoE,0.49967700242996216
Sample 15,Moirai,0.50311279296875
Sample 15,TimesFM,0.49688720703125
Sample 16,Moirai,0.5015010237693787
Sample 16,Timer,0.49849897623062134
Sample 17,Timer,0.5000243186950684
Sample 17,Chronos,0.49997571110725403
Sample 18,Moirai,0.5008702874183655
Sample 18,Time-MoE,0.49912965297698975
Sample 19,Moirai,0.5015798807144165
Sample 19,TimesFM,0.4984201192855835
Sample 20,Moirai,0.5031488537788391
Sample 20,TimesFM,0.4968511462211609
Sample 21,Timer,0.5002277493476868
Sample 21,TimesFM,0.499772310256958
Sample 22,Chronos,0.5002316832542419
Sample 22,Time-MoE,0.49976834654808044
Sample 23,Moirai,0.5004401206970215
Sample 23,TimesFM,0.4995598793029785
Sample 24,Moirai,0.5065895915031433
Sample 24,TimesFM,0.4934104084968567
Sample 25,Chronos,0.5000638961791992
Sample 25,Timer,0.4999360740184784
Sample 26,Moirai,0.5021670460700989
Sample 26,Chronos,0.49783292412757874
Sample 27,Timer,0.5000900030136108
Sample 27,Chronos,0.4999099671840668
Sample 28,Moirai,0.5028895139694214
Sample 28,TimesFM,0.4971104860305786
Sample 29,Timer,0.5001005530357361
Sample 29,Chronos,0.49989938735961914
Sample 30,Chronos,0.5001512169837952
Sample 30,Timer,0.49984875321388245
Sample 31,Moirai,0.5031428933143616
Sample 31,TimesFM,0.4968571066856384
Sample 0,Moirai,0.5069335699081421
Sample 0,TimesFM,0.4930664598941803
Sample 1,Timer,0.5000715851783752
Sample 1,Chronos,0.49992838501930237
Sample 2,Moirai,0.5015224814414978
Sample 2,Timer,0.4984775185585022
Sample 3,Chronos,0.5000061988830566
Sample 3,Timer,0.49999377131462097
Sample 4,Moirai,0.5002206563949585
Sample 4,Chronos,0.4997793436050415
Sample 5,Moirai,0.5027878284454346
Sample 5,Timer,0.49721217155456543
Sample 6,Moirai,0.5020306706428528
Sample 6,Time-MoE,0.49796929955482483
Sample 7,Moirai,0.5026777982711792
Sample 7,Time-MoE,0.4973221719264984
Sample 8,Moirai,0.5086654424667358
Sample 8,TimesFM,0.49133458733558655
Sample 9,Chronos,0.5000114440917969
Sample 9,Timer,0.4999885857105255
Sample 10,Moirai,0.5011274218559265
Sample 10,TimesFM,0.4988725781440735
Sample 11,Chronos,0.5000985860824585
Sample 11,Timer,0.4999013841152191
Sample 12,Moirai,0.5040060877799988
Sample 12,TimesFM,0.4959939122200012
Sample 13,Timer,0.5001000165939331
Sample 13,Time-MoE,0.4998999536037445
Sample 14,Chronos,0.5001326203346252
Sample 14,Timer,0.49986740946769714
Sample 15,Moirai,0.504200279712677
Sample 15,TimesFM,0.4957996904850006
Sample 16,Moirai,0.5080362558364868
Sample 16,Chronos,0.49196377396583557
Sample 17,Chronos,0.5001907348632812
Sample 17,Timer,0.49980929493904114
Sample 18,Moirai,0.5019866228103638
Sample 18,Time-MoE,0.49801334738731384
Sample 19,Chronos,0.5000202655792236
Sample 19,Timer,0.49997976422309875
Sample 20,Moirai,0.5022183060646057
Sample 20,TimesFM,0.4977816343307495
Sample 21,Chronos,0.5000685453414917
Sample 21,Timer,0.4999314248561859
Sample 22,Moirai,0.5008249878883362
Sample 22,Time-MoE,0.49917498230934143
Sample 23,Moirai,0.5031837224960327
Sample 23,TimesFM,0.4968162477016449
Sample 24,Moirai,0.5074092745780945
Sample 24,TimesFM,0.4925907254219055
Sample 25,Chronos,0.5000450015068054
Sample 25,Timer,0.49995502829551697
Sample 26,Moirai,0.5027555227279663
Sample 26,Time-MoE,0.4972444474697113
Sample 27,Chronos,0.5001460313796997
Sample 27,Timer,0.4998539686203003
Sample 28,Moirai,0.5046163201332092
Sample 28,TimesFM,0.49538367986679077
Sample 29,Timer,0.5000712275505066
Sample 29,Chronos,0.499928742647171
Sample 30,Chronos,0.5001384019851685
Sample 30,Timer,0.49986159801483154
Sample 31,Moirai,0.5046617388725281
Sample 31,TimesFM,0.4953382611274719
Sample 0,Moirai,0.5060260891914368
Sample 0,Chronos,0.49397391080856323
Sample 1,Chronos,0.5000028014183044
Sample 1,Timer,0.49999722838401794
Sample 2,Moirai,0.5009474158287048
Sample 2,TimesFM,0.49905261397361755
Sample 3,Chronos,0.5000629425048828
Sample 3,Timer,0.4999370872974396
Sample 4,Moirai,0.5027350783348083
Sample 4,Time-MoE,0.49726492166519165
Sample 5,Timer,0.5000669360160828
Sample 5,Chronos,0.49993306398391724
Sample 6,Chronos,0.5002058148384094
Sample 6,Timer,0.4997941255569458
Sample 7,Moirai,0.5036196708679199
Sample 7,Time-MoE,0.4963803291320801
Sample 8,Moirai,0.5073484778404236
Sample 8,TimesFM,0.4926515519618988
Sample 9,Chronos,0.5000413656234741
Sample 9,Timer,0.4999586343765259
Sample 10,Moirai,0.5015614032745361
Sample 10,Time-MoE,0.49843865633010864
Sample 11,Moirai,0.50196373462677
Sample 11,TimesFM,0.4980362355709076
Sample 12,Moirai,0.5026313662528992
Sample 12,Time-MoE,0.4973686635494232
Sample 13,Moirai,0.5003605484962463
Sample 13,Timer,0.4996394217014313
Sample 14,Moirai,0.5001581311225891
Sample 14,Chronos,0.4998418390750885
Sample 15,Moirai,0.5006443858146667
Sample 15,TimesFM,0.49935561418533325
Sample 16,Moirai,0.503670334815979
Sample 16,Timer,0.4963296949863434
Sample 17,Chronos,0.500074028968811
Sample 17,Timer,0.49992600083351135
Sample 18,Time-MoE,0.5002145171165466
Sample 18,TimesFM,0.49978554248809814
Sample 19,Timer,0.5000032186508179
Sample 19,Chronos,0.49999678134918213
Sample 20,Moirai,0.5030497908592224
Sample 20,TimesFM,0.4969502389431
Sample 21,Timer,0.5001399517059326
Sample 21,TimesFM,0.4998600482940674
Sample 22,Chronos,0.5001818537712097
Sample 22,Time-MoE,0.4998181164264679
Sample 23,Moirai,0.5029011368751526
Sample 23,TimesFM,0.497098833322525
Sample 24,Moirai,0.5088934302330017
Sample 24,TimesFM,0.4911065697669983
Sample 25,Chronos,0.5000166296958923
Sample 25,Timer,0.4999833405017853
Sample 26,Moirai,0.5011022686958313
Sample 26,TimesFM,0.4988977313041687
Sample 27,Chronos,0.5000874400138855
Sample 27,Timer,0.4999125599861145
Sample 28,Moirai,0.5034688711166382
Sample 28,TimesFM,0.49653109908103943
Sample 29,Chronos,0.5000866055488586
Sample 29,Timer,0.4999133348464966
Sample 30,Chronos,0.5001518726348877
Sample 30,Timer,0.4998481571674347
Sample 31,Moirai,0.503595769405365
Sample 31,TimesFM,0.4964042901992798
Sample 0,Moirai,0.5080215930938721
Sample 0,TimesFM,0.4919784367084503
Sample 1,Chronos,0.5000026822090149
Sample 1,Timer,0.4999972879886627
Sample 2,Moirai,0.5011595487594604
Sample 2,Time-MoE,0.49884045124053955
Sample 3,Chronos,0.5001083016395569
Sample 3,Timer,0.4998916983604431
Sample 4,Moirai,0.5023903250694275
Sample 4,Time-MoE,0.4976096749305725
Sample 5,Timer,0.5000539422035217
Sample 5,Chronos,0.4999460279941559
Sample 6,Moirai,0.5002824664115906
Sample 6,Chronos,0.4997175335884094
Sample 7,Moirai,0.5024704337120056
Sample 7,Time-MoE,0.497529536485672
Sample 8,Moirai,0.5081167817115784
Sample 8,TimesFM,0.49188321828842163
Sample 9,Timer,0.5000585913658142
Sample 9,Chronos,0.4999414086341858
Sample 10,Moirai,0.5012189745903015
Sample 10,Time-MoE,0.4987810254096985
Sample 11,Chronos,0.5000587701797485
Sample 11,Timer,0.49994125962257385
Sample 12,Chronos,0.5002074837684631
Sample 12,Time-MoE,0.4997924864292145
Sample 13,Chronos,0.5000051259994507
Sample 13,TimesFM,0.4999949038028717
Sample 14,Moirai,0.5025070309638977
Sample 14,TimesFM,0.4974929392337799
Sample 15,Moirai,0.5039660930633545
Sample 15,Time-MoE,0.4960339367389679
Sample 16,Moirai,0.5073572993278503
Sample 16,TimesFM,0.49264270067214966
Sample 17,Timer,0.5001052021980286
Sample 17,Chronos,0.49989476799964905
Sample 18,Moirai,0.5037338733673096
Sample 18,TimesFM,0.49626612663269043
Sample 19,Chronos,0.5000312328338623
Sample 19,Timer,0.4999687969684601
Sample 20,Chronos,0.5000646114349365
Sample 20,Timer,0.49993541836738586
Sample 21,Timer,0.5001659989356995
Sample 21,TimesFM,0.49983397126197815
Sample 22,Chronos,0.5000894069671631
Sample 22,Time-MoE,0.4999105632305145
Sample 23,Moirai,0.5041280388832092
Sample 23,TimesFM,0.4958719313144684
Sample 24,Moirai,0.5054522752761841
Sample 24,Timer,0.4945477247238159
Sample 25,Timer,0.5000577569007874
Sample 25,Chronos,0.49994224309921265
Sample 26,Moirai,0.5026851892471313
Sample 26,Time-MoE,0.4973148703575134
Sample 27,Chronos,0.5001192092895508
Sample 27,Timer,0.4998807907104492
Sample 28,Moirai,0.50273197889328
Sample 28,TimesFM,0.49726805090904236
Sample 29,Time-MoE,0.5000195503234863
Sample 29,Timer,0.49998044967651367
Sample 30,Moirai,0.5025721192359924
Sample 30,Timer,0.4974278509616852
Sample 31,Moirai,0.5012326836585999
Sample 31,TimesFM,0.49876728653907776
Sample 0,Moirai,0.5018699765205383
Sample 0,Timer,0.4981299936771393
Sample 1,Chronos,0.5000708103179932
Sample 1,Timer,0.4999292194843292
Sample 2,Moirai,0.5001454949378967
Sample 2,Time-MoE,0.49985450506210327
Sample 3,Timer,0.5000156760215759
Sample 3,Chronos,0.4999843239784241
Sample 4,Moirai,0.5006994605064392
Sample 4,TimesFM,0.4993005394935608
Sample 5,Timer,0.5001322627067566
Sample 5,TimesFM,0.4998677670955658
Sample 6,Chronos,0.5001841187477112
Sample 6,Time-MoE,0.4998159110546112
Sample 7,Moirai,0.5029090046882629
Sample 7,TimesFM,0.49709099531173706
Sample 8,Moirai,0.5087553858757019
Sample 8,Timer,0.4912445843219757
Sample 9,Chronos,0.5000125169754028
Sample 9,Timer,0.49998751282691956
Sample 10,Moirai,0.5000588297843933
Sample 10,Time-MoE,0.4999412000179291
Sample 11,Chronos,0.5001271367073059
Sample 11,Timer,0.4998728632926941
Sample 12,Moirai,0.5028111934661865
Sample 12,Time-MoE,0.4971888065338135
Sample 13,Timer,0.5000301003456116
Sample 13,Chronos,0.4999699294567108
Sample 14,Chronos,0.5002664923667908
Sample 14,Timer,0.49973344802856445
Sample 15,Moirai,0.5043794512748718
Sample 15,TimesFM,0.49562057852745056
Sample 0,Moirai,0.5089366436004639
Sample 0,Chronos,0.4910634160041809
Sample 1,Chronos,0.5000632405281067
Sample 1,Timer,0.4999367594718933
Sample 2,Moirai,0.5008982419967651
Sample 2,TimesFM,0.49910178780555725
Sample 3,Chronos,0.5001469254493713
Sample 3,Timer,0.49985310435295105
Sample 4,Moirai,0.501956582069397
Sample 4,Time-MoE,0.498043417930603
Sample 5,Timer,0.5000693202018738
Sample 5,Chronos,0.4999307096004486
Sample 6,Chronos,0.5003619194030762
Sample 6,TimesFM,0.49963808059692383
Sample 7,Moirai,0.5042550563812256
Sample 7,TimesFM,0.49574488401412964
Sample 8,Moirai,0.507239818572998
Sample 8,Chronos,0.49276018142700195
Sample 9,Chronos,0.5000322461128235
Sample 9,Timer,0.4999677240848541
Sample 10,Moirai,0.5004315972328186
Sample 10,Time-MoE,0.4995684027671814
Sample 11,Chronos,0.500016987323761
Sample 11,Timer,0.499983012676239
Sample 12,Moirai,0.5048203468322754
Sample 12,Time-MoE,0.4951796531677246
Sample 13,Timer,0.5001076459884644
Sample 13,TimesFM,0.49989235401153564
Sample 14,Chronos,0.5001921057701111
Sample 14,Time-MoE,0.4998079240322113
Sample 15,Moirai,0.5042576193809509
Sample 15,TimesFM,0.4957423806190491
Sample 16,Moirai,0.5077826380729675
Sample 16,TimesFM,0.49221739172935486
Sample 17,Timer,0.5000532269477844
Sample 17,Chronos,0.4999467730522156
Sample 18,Moirai,0.5030573606491089
Sample 18,Timer,0.4969426989555359
Sample 19,Chronos,0.5001121163368225
Sample 19,Timer,0.4998878538608551
Sample 20,Moirai,0.5034149289131165
Sample 20,Chronos,0.4965851306915283
Sample 21,Timer,0.5001211762428284
Sample 21,TimesFM,0.49987879395484924
Sample 22,Moirai,0.5011443495750427
Sample 22,Time-MoE,0.49885568022727966
Sample 23,Moirai,0.5028219819068909
Sample 23,Time-MoE,0.49717801809310913
Sample 24,Moirai,0.5083361864089966
Sample 24,Timer,0.4916638135910034
Sample 25,Chronos,0.5000684857368469
Sample 25,Timer,0.49993154406547546
Sample 26,Moirai,0.5013248920440674
Sample 26,Time-MoE,0.4986751675605774
Sample 27,Moirai,0.502162516117096
Sample 27,TimesFM,0.49783751368522644
Sample 28,Moirai,0.5024486780166626
Sample 28,Time-MoE,0.497551292181015
Sample 29,Timer,0.5000832676887512
Sample 29,Chronos,0.4999167323112488
Sample 30,Chronos,0.5001020431518555
Sample 30,Time-MoE,0.49989789724349976
Sample 31,Moirai,0.5028853416442871
Sample 31,TimesFM,0.4971146583557129
Sample 0,Moirai,0.5055987238883972
Sample 0,Timer,0.4944012463092804
Sample 1,Timer,0.5000035762786865
Sample 1,Chronos,0.49999645352363586
Sample 2,Moirai,0.5021582245826721
Sample 2,Timer,0.49784180521965027
Sample 3,Chronos,0.5001252293586731
Sample 3,Timer,0.4998747706413269
Sample 4,Moirai,0.5013422966003418
Sample 4,Time-MoE,0.4986577033996582
Sample 5,Timer,0.5000976920127869
Sample 5,TimesFM,0.49990224838256836
Sample 6,Chronos,0.5003102421760559
Sample 6,Time-MoE,0.4996897280216217
Sample 7,Moirai,0.5049089789390564
Sample 7,TimesFM,0.4950910210609436
Sample 8,Moirai,0.5069300532341003
Sample 8,Chronos,0.4930698871612549
Sample 9,Timer,0.5000238418579102
Sample 9,Chronos,0.49997618794441223
Sample 10,Time-MoE,0.5000208616256714
Sample 10,Moirai,0.499979168176651
Sample 11,Moirai,0.5007289052009583
Sample 11,Time-MoE,0.49927106499671936
Sample 12,Moirai,0.5021495819091797
Sample 12,Time-MoE,0.49785035848617554
Sample 13,Timer,0.5001208186149597
Sample 13,TimesFM,0.4998791813850403
Sample 14,Chronos,0.5004729628562927
Sample 14,TimesFM,0.4995270371437073
Sample 15,Moirai,0.5038146376609802
Sample 15,TimesFM,0.4961853623390198
Sample 16,Moirai,0.5091879963874817
Sample 16,Timer,0.4908120036125183
Sample 17,Timer,0.5000308156013489
Sample 17,Chronos,0.4999691843986511
Sample 18,Moirai,0.5010778307914734
Sample 18,Time-MoE,0.498922199010849
Sample 19,Chronos,0.5000813603401184
Sample 19,Timer,0.499918669462204
Sample 20,Moirai,0.5002627968788147
Sample 20,Time-MoE,0.4997372031211853
Sample 21,Timer,0.5001181364059448
Sample 21,TimesFM,0.4998818635940552
Sample 22,Chronos,0.5000284910202026
Sample 22,Moirai,0.49997150897979736
Sample 23,Moirai,0.5026174187660217
Sample 23,TimesFM,0.49738264083862305
Sample 24,Moirai,0.503540575504303
Sample 24,Time-MoE,0.4964594542980194
Sample 25,Chronos,0.5000802278518677
Sample 25,Timer,0.4999198019504547
Sample 26,Time-MoE,0.5001623630523682
Sample 26,TimesFM,0.49983760714530945
Sample 27,Timer,0.5000633597373962
Sample 27,Chronos,0.49993661046028137
Sample 28,Moirai,0.5037913918495178
Sample 28,TimesFM,0.49620866775512695
Sample 29,Timer,0.5001591444015503
Sample 29,TimesFM,0.4998408555984497
Sample 30,Chronos,0.5001989006996155
Sample 30,Time-MoE,0.4998010993003845
Sample 31,Moirai,0.504349410533905
Sample 31,TimesFM,0.49565058946609497
Sample 0,Moirai,0.507036030292511
Sample 0,TimesFM,0.492963969707489
Sample 1,Timer,0.5000754594802856
Sample 1,Chronos,0.49992454051971436
Sample 2,Moirai,0.5010748505592346
Sample 2,Timer,0.49892517924308777
Sample 3,Chronos,0.5001419186592102
Sample 3,Timer,0.4998580813407898
Sample 4,Moirai,0.5037959218025208
Sample 4,Time-MoE,0.49620404839515686
Sample 5,Time-MoE,0.5000198483467102
Sample 5,TimesFM,0.4999801218509674
Sample 6,Timer,0.5001249313354492
Sample 6,Time-MoE,0.49987509846687317
Sample 7,Moirai,0.503200352191925
Sample 7,Time-MoE,0.49679964780807495
Sample 8,Moirai,0.5078959465026855
Sample 8,Timer,0.49210402369499207
Sample 9,Chronos,0.500037670135498
Sample 9,Timer,0.49996230006217957
Sample 10,Moirai,0.500063419342041
Sample 10,Chronos,0.4999365508556366
Sample 11,Chronos,0.5001096725463867
Sample 11,TimesFM,0.4998902976512909
Sample 12,Moirai,0.5029956698417664
Sample 12,TimesFM,0.49700433015823364
Sample 13,Timer,0.5001158118247986
Sample 13,TimesFM,0.49988412857055664
Sample 14,Chronos,0.5003036260604858
Sample 14,Time-MoE,0.49969637393951416
Sample 15,Moirai,0.5033570528030396
Sample 15,TimesFM,0.49664294719696045
Sample 16,Moirai,0.5016400218009949
Sample 16,Timer,0.4983599781990051
Sample 17,Chronos,0.5000221729278564
Sample 17,Timer,0.49997782707214355
Sample 18,Moirai,0.5008893609046936
Sample 18,Time-MoE,0.499110609292984
Sample 19,Moirai,0.5016884803771973
Sample 19,TimesFM,0.49831151962280273
Sample 20,Moirai,0.5033500790596008
Sample 20,TimesFM,0.49664992094039917
Sample 21,Timer,0.5001896023750305
Sample 21,TimesFM,0.4998103678226471
Sample 22,Chronos,0.5002188682556152
Sample 22,Time-MoE,0.49978119134902954
Sample 23,Moirai,0.5004503726959229
Sample 23,TimesFM,0.49954962730407715
Sample 24,Moirai,0.5071499943733215
Sample 24,TimesFM,0.4928499758243561
Sample 25,Chronos,0.5001126527786255
Sample 25,Timer,0.4998873472213745
Sample 26,Moirai,0.5023017525672913
Sample 26,Time-MoE,0.49769827723503113
Sample 27,Timer,0.5000720620155334
Sample 27,TimesFM,0.49992796778678894
Sample 28,Moirai,0.5030778050422668
Sample 28,TimesFM,0.49692216515541077
Sample 29,Timer,0.5000635385513306
Sample 29,TimesFM,0.49993643164634705
Sample 30,Chronos,0.5001999735832214
Sample 30,Time-MoE,0.4997999966144562
Sample 31,Moirai,0.5033771395683289
Sample 31,TimesFM,0.49662289023399353
Sample 0,Moirai,0.5075531005859375
Sample 0,Time-MoE,0.4924468696117401
Sample 1,Timer,0.5000370144844055
Sample 1,Chronos,0.4999629557132721
Sample 2,Moirai,0.5016731023788452
Sample 2,Timer,0.4983268976211548
Sample 3,Chronos,0.5000457167625427
Sample 3,Timer,0.4999542832374573
Sample 4,Moirai,0.5002158880233765
Sample 4,Chronos,0.4997841417789459
Sample 5,Moirai,0.503017246723175
Sample 5,Timer,0.49698278307914734
Sample 6,Moirai,0.5021389126777649
Sample 6,Time-MoE,0.4978610575199127
Sample 7,Moirai,0.502839982509613
Sample 7,Time-MoE,0.4971599876880646
Sample 8,Moirai,0.5094409584999084
Sample 8,Time-MoE,0.4905589818954468
Sample 9,Chronos,0.5000597238540649
Sample 9,Timer,0.49994030594825745
Sample 10,Moirai,0.5011744499206543
Sample 10,Time-MoE,0.4988255798816681
Sample 11,Chronos,0.5001531839370728
Sample 11,Timer,0.49984678626060486
Sample 12,Moirai,0.5042961835861206
Sample 12,Time-MoE,0.4957038462162018
Sample 13,Timer,0.5000362992286682
Sample 13,Time-MoE,0.4999637305736542
Sample 14,Chronos,0.5001779794692993
Sample 14,Timer,0.49982205033302307
Sample 15,Moirai,0.5045064687728882
Sample 15,Time-MoE,0.4954935312271118
Sample 16,Moirai,0.5087499618530273
Sample 16,Time-MoE,0.49125000834465027
Sample 17,Chronos,0.500239908695221
Sample 17,Timer,0.49976012110710144
Sample 18,Moirai,0.5021118521690369
Sample 18,Time-MoE,0.49788814783096313
Sample 19,Chronos,0.5000479817390442
Sample 19,Timer,0.4999520182609558
Sample 20,Moirai,0.50237637758255
Sample 20,TimesFM,0.49762362241744995
Sample 21,Chronos,0.5001266002655029
Sample 21,Timer,0.49987342953681946
Sample 22,Moirai,0.5008620619773865
Sample 22,Time-MoE,0.49913790822029114
Sample 23,Moirai,0.5034443140029907
Sample 23,TimesFM,0.4965556263923645
Sample 24,Moirai,0.5081117153167725
Sample 24,TimesFM,0.49188828468322754
Sample 25,Chronos,0.5001031756401062
Sample 25,Timer,0.4998968243598938
Sample 26,Moirai,0.5029381513595581
Sample 26,Time-MoE,0.4970618188381195
Sample 27,Chronos,0.5001745223999023
Sample 27,TimesFM,0.49982550740242004
Sample 28,Moirai,0.5049684047698975
Sample 28,Time-MoE,0.49503156542778015
Sample 29,Timer,0.5000183582305908
Sample 29,Chronos,0.4999816417694092
Sample 30,Chronos,0.500166118144989
Sample 30,Time-MoE,0.4998339116573334
Sample 31,Moirai,0.505042552947998
Sample 31,TimesFM,0.49495744705200195
Sample 0,Moirai,0.5065926909446716
Sample 0,Time-MoE,0.49340730905532837
Sample 1,Chronos,0.5000510811805725
Sample 1,Timer,0.4999489486217499
Sample 2,Moirai,0.5009899139404297
Sample 2,TimesFM,0.4990100562572479
Sample 3,Chronos,0.5001112818717957
Sample 3,Timer,0.49988868832588196
Sample 4,Moirai,0.5028463006019592
Sample 4,Time-MoE,0.49715369939804077
Sample 5,Timer,0.5000199675559998
Sample 5,Chronos,0.49998006224632263
Sample 6,Chronos,0.5002661347389221
Sample 6,Timer,0.4997338652610779
Sample 7,Moirai,0.5038707256317139
Sample 7,Time-MoE,0.4961293041706085
Sample 8,Moirai,0.508013129234314
Sample 8,Time-MoE,0.49198687076568604
Sample 9,Chronos,0.500090479850769
Sample 9,Timer,0.49990952014923096
Sample 10,Moirai,0.5016279816627502
Sample 10,Time-MoE,0.49837204813957214
Sample 11,Moirai,0.5021329522132874
Sample 11,TimesFM,0.49786701798439026
Sample 12,Moirai,0.5027551651000977
Sample 12,Time-MoE,0.49724483489990234
Sample 13,Moirai,0.5003893375396729
Sample 13,Timer,0.49961063265800476
Sample 14,Moirai,0.5001513957977295
Sample 14,Chronos,0.4998485743999481
Sample 15,Moirai,0.5006718635559082
Sample 15,TimesFM,0.4993281364440918
Sample 16,Moirai,0.5040199160575867
Sample 16,Timer,0.4959801137447357
Sample 17,Chronos,0.5001311898231506
Sample 17,Timer,0.49986883997917175
Sample 18,Time-MoE,0.5002617239952087
Sample 18,TimesFM,0.49973827600479126
Sample 19,Chronos,0.5000360608100891
Sample 19,Timer,0.4999639093875885
Sample 20,Moirai,0.5032700300216675
Sample 20,TimesFM,0.4967299699783325
Sample 21,Timer,0.5001152753829956
Sample 21,TimesFM,0.4998847246170044
Sample 22,Chronos,0.5001687407493591
Sample 22,Time-MoE,0.49983128905296326
Sample 23,Moirai,0.5031331777572632
Sample 23,TimesFM,0.4968668222427368
Sample 24,Moirai,0.5097001791000366
Sample 24,Time-MoE,0.490299791097641
Sample 25,Chronos,0.5000628232955933
Sample 25,Timer,0.4999372065067291
Sample 26,Moirai,0.5011902451515198
Sample 26,TimesFM,0.4988097548484802
Sample 27,Chronos,0.5001334547996521
Sample 27,Timer,0.4998665750026703
Sample 28,Moirai,0.5037536025047302
Sample 28,TimesFM,0.49624642729759216
Sample 29,Chronos,0.5001236796379089
Sample 29,Time-MoE,0.49987635016441345
Sample 30,Chronos,0.500194251537323
Sample 30,Time-MoE,0.499805748462677
Sample 31,Moirai,0.5038986206054688
Sample 31,Time-MoE,0.49610140919685364
Sample 0,Moirai,0.5087645053863525
Sample 0,Time-MoE,0.49123552441596985
Sample 1,Chronos,0.5000537633895874
Sample 1,Timer,0.499946266412735
Sample 2,Moirai,0.5012026429176331
Sample 2,Time-MoE,0.49879735708236694
Sample 3,Chronos,0.5001619458198547
Sample 3,Timer,0.4998380243778229
Sample 4,Moirai,0.5025418996810913
Sample 4,Time-MoE,0.4974581301212311
Sample 5,Timer,0.5000066161155701
Sample 5,Time-MoE,0.49999335408210754
Sample 6,Moirai,0.5003061890602112
Sample 6,Chronos,0.4996938407421112
Sample 7,Moirai,0.5026376247406006
Sample 7,Time-MoE,0.4973624050617218
Sample 8,Moirai,0.508877694606781
Sample 8,Time-MoE,0.4911222457885742
Sample 9,Timer,0.5000147223472595
Sample 9,Chronos,0.4999852478504181
Sample 10,Moirai,0.501279890537262
Sample 10,Time-MoE,0.4987201392650604
Sample 11,Chronos,0.5001090168952942
Sample 11,TimesFM,0.4998909533023834
Sample 12,Chronos,0.5002084970474243
Sample 12,Time-MoE,0.4997914731502533
Sample 13,Chronos,0.5000280141830444
Sample 13,TimesFM,0.49997201561927795
Sample 14,Moirai,0.5026729702949524
Sample 14,TimesFM,0.4973270297050476
Sample 15,Moirai,0.5042092800140381
Sample 15,Time-MoE,0.4957907199859619
Sample 16,Moirai,0.5080574750900269
Sample 16,TimesFM,0.49194249510765076
Sample 17,Timer,0.5000618100166321
Sample 17,Chronos,0.49993816018104553
Sample 18,Moirai,0.5040202736854553
Sample 18,Time-MoE,0.4959797263145447
Sample 19,Chronos,0.5000802874565125
Sample 19,Timer,0.49991974234580994
Sample 20,Chronos,0.5001221299171448
Sample 20,Timer,0.4998778998851776
Sample 21,Timer,0.5001536011695862
Sample 21,TimesFM,0.49984636902809143
Sample 22,Chronos,0.5000881552696228
Sample 22,Time-MoE,0.4999118447303772
Sample 23,Moirai,0.5044804811477661
Sample 23,Time-MoE,0.49551957845687866
Sample 24,Moirai,0.5059443712234497
Sample 24,Timer,0.4940556287765503
Sample 25,Timer,0.5000113844871521
Sample 25,Chronos,0.4999886453151703
Sample 26,Moirai,0.5028533339500427
Sample 26,Time-MoE,0.49714669585227966
Sample 27,Chronos,0.5001764297485352
Sample 27,Timer,0.49982354044914246
Sample 28,Moirai,0.5029165148735046
Sample 28,Time-MoE,0.497083455324173
Sample 29,Time-MoE,0.5000501275062561
Sample 29,Chronos,0.4999499022960663
Sample 30,Moirai,0.5027832984924316
Sample 30,Timer,0.49721670150756836
Sample 31,Moirai,0.5012950897216797
Sample 31,TimesFM,0.4987049400806427
Sample 0,Moirai,0.5020472407341003
Sample 0,Timer,0.49795272946357727
Sample 1,Chronos,0.5001344084739685
Sample 1,Timer,0.49986565113067627
Sample 2,Moirai,0.5001340508460999
Sample 2,Time-MoE,0.49986594915390015
Sample 3,Chronos,0.500039279460907
Sample 3,Timer,0.499960720539093
Sample 4,Moirai,0.5007117986679077
Sample 4,TimesFM,0.4992882311344147
Sample 5,Timer,0.5001267790794373
Sample 5,TimesFM,0.4998732805252075
Sample 6,Chronos,0.5002006888389587
Sample 6,Time-MoE,0.4997992515563965
Sample 7,Moirai,0.5031083822250366
Sample 7,Time-MoE,0.49689164757728577
Sample 8,Moirai,0.509562611579895
Sample 8,Time-MoE,0.49043744802474976
Sample 9,Chronos,0.5000682473182678
Sample 9,Timer,0.49993178248405457
Sample 10,Moirai,0.5000553727149963
Sample 10,Time-MoE,0.49994465708732605
Sample 11,Chronos,0.5001848340034485
Sample 11,Timer,0.4998151957988739
Sample 12,Moirai,0.5029566287994385
Sample 12,Time-MoE,0.4970433712005615
Sample 13,Chronos,0.5000146627426147
Sample 13,Timer,0.49998536705970764
Sample 14,Chronos,0.5003401637077332
Sample 14,Timer,0.49965983629226685
Sample 15,Moirai,0.5047269463539124
Sample 15,TimesFM,0.49527305364608765
