Sample,Learner,Weight
Sample 0,Timer,0.5360187888145447
Sample 0,Chronos,0.4639812707901001
Sample 1,Timer,0.5116464495658875
Sample 1,TimesFM,0.48835355043411255
Sample 2,Time-MoE,0.6118768453598022
Sample 2,Chronos,0.388123095035553
Sample 3,Chronos,0.5557963252067566
Sample 3,TimesFM,0.4442036747932434
Sample 4,Chronos,0.5913944244384766
Sample 4,Timer,0.40860554575920105
Sample 5,Time-MoE,0.7939656972885132
Sample 5,TimesFM,0.20603425800800323
Sample 6,Moirai,0.7877881526947021
Sample 6,Timer,0.21221181750297546
Sample 7,Chronos,0.5086690187454224
Sample 7,Timer,0.49133098125457764
Sample 8,TimesFM,0.5207039713859558
Sample 8,Timer,0.4792960286140442
Sample 9,Moirai,0.5755247473716736
Sample 9,Chronos,0.4244752526283264
Sample 10,TimesFM,0.6514156460762024
Sample 10,Moirai,0.34858438372612
Sample 11,Chronos,0.6572974324226379
Sample 11,Moirai,0.34270256757736206
Sample 12,TimesFM,0.5172613859176636
Sample 12,Moirai,0.4827386438846588
Sample 13,Time-MoE,0.6936141848564148
Sample 13,Chronos,0.3063858151435852
Sample 14,Chronos,0.5815107226371765
Sample 14,Moirai,0.4184892773628235
Sample 15,Timer,0.550132155418396
Sample 15,Time-MoE,0.449867844581604
Sample 16,Timer,0.5039768815040588
Sample 16,Time-MoE,0.49602311849594116
Sample 17,Moirai,0.6779118776321411
Sample 17,TimesFM,0.3220881223678589
Sample 18,Time-MoE,0.8507565855979919
Sample 18,Chronos,0.14924336969852448
Sample 19,Time-MoE,0.5392640829086304
Sample 19,Timer,0.46073588728904724
Sample 20,Timer,0.6618582010269165
Sample 20,TimesFM,0.3381417989730835
Sample 21,Time-MoE,0.6641513705253601
Sample 21,Moirai,0.3358485996723175
Sample 22,TimesFM,0.5893175601959229
Sample 22,Chronos,0.41068246960639954
Sample 23,Timer,0.8667845129966736
Sample 23,Chronos,0.13321544229984283
Sample 24,Moirai,0.6771135926246643
Sample 24,TimesFM,0.3228863775730133
Sample 25,Moirai,0.5000321865081787
Sample 25,TimesFM,0.4999678432941437
Sample 26,Time-MoE,0.6496260762214661
Sample 26,Timer,0.35037392377853394
Sample 27,Time-MoE,0.5717047452926636
Sample 27,Timer,0.4282952845096588
Sample 28,TimesFM,0.5094895958900452
Sample 28,Moirai,0.49051034450531006
Sample 29,TimesFM,0.6490108370780945
Sample 29,Moirai,0.3509891629219055
Sample 30,Time-MoE,0.5180607438087463
Sample 30,TimesFM,0.48193925619125366
Sample 31,Timer,0.5872617363929749
Sample 31,Time-MoE,0.41273826360702515
Sample 0,TimesFM,0.5375815629959106
Sample 0,Moirai,0.46241840720176697
Sample 1,Chronos,0.5762187242507935
Sample 1,Moirai,0.4237813353538513
Sample 2,Time-MoE,0.7349810600280762
Sample 2,TimesFM,0.26501893997192383
Sample 3,Moirai,0.5914047360420227
Sample 3,TimesFM,0.4085952341556549
Sample 4,Chronos,0.7141760587692261
Sample 4,Timer,0.2858239412307739
Sample 5,Time-MoE,0.5669586062431335
Sample 5,Timer,0.43304139375686646
Sample 6,TimesFM,0.50220787525177
Sample 6,Timer,0.49779215455055237
Sample 7,Moirai,0.7225854992866516
Sample 7,Time-MoE,0.2774145305156708
Sample 8,TimesFM,0.5199915170669556
Sample 8,Time-MoE,0.4800085127353668
Sample 9,TimesFM,0.5716179013252258
Sample 9,Timer,0.4283820688724518
Sample 10,Time-MoE,0.6250277757644653
Sample 10,Moirai,0.3749721944332123
Sample 11,TimesFM,0.5162766575813293
Sample 11,Timer,0.48372331261634827
Sample 12,TimesFM,0.8294765949249268
Sample 12,Chronos,0.17052339017391205
Sample 13,Time-MoE,0.5113177299499512
Sample 13,TimesFM,0.48868224024772644
Sample 14,Chronos,0.63352370262146
Sample 14,Timer,0.36647623777389526
Sample 15,TimesFM,0.6960437893867493
Sample 15,Chronos,0.30395615100860596
Sample 16,Time-MoE,0.5701113939285278
Sample 16,Moirai,0.4298885464668274
Sample 17,TimesFM,0.6691169142723083
Sample 17,Time-MoE,0.3308831453323364
Sample 18,Chronos,0.568309485912323
Sample 18,Timer,0.4316904842853546
Sample 19,TimesFM,0.7368477582931519
Sample 19,Timer,0.26315218210220337
Sample 20,TimesFM,0.5288439393043518
Sample 20,Timer,0.47115612030029297
Sample 21,Time-MoE,0.6400260329246521
Sample 21,Timer,0.3599739670753479
Sample 22,Chronos,0.5514191389083862
Sample 22,Time-MoE,0.44858089089393616
Sample 23,Moirai,0.6705963611602783
Sample 23,Time-MoE,0.32940366864204407
Sample 24,Time-MoE,0.684789776802063
Sample 24,Timer,0.31521016359329224
Sample 25,Time-MoE,0.6340691447257996
Sample 25,Timer,0.3659308850765228
Sample 26,Time-MoE,0.5642889738082886
Sample 26,TimesFM,0.4357110559940338
Sample 27,Time-MoE,0.6249842047691345
Sample 27,Timer,0.3750157654285431
Sample 28,Moirai,0.711260199546814
Sample 28,Time-MoE,0.28873977065086365
Sample 29,Time-MoE,0.5389838814735413
Sample 29,TimesFM,0.4610161781311035
Sample 30,Time-MoE,0.5971819758415222
Sample 30,Moirai,0.4028180241584778
Sample 31,Timer,0.8157106637954712
Sample 31,Time-MoE,0.18428927659988403
Sample 0,Timer,0.6739984154701233
Sample 0,Moirai,0.3260015845298767
Sample 1,Chronos,0.5492669343948364
Sample 1,Moirai,0.4507330656051636
Sample 2,Time-MoE,0.6067423820495605
Sample 2,Timer,0.39325764775276184
Sample 3,TimesFM,0.5662035346031189
Sample 3,Timer,0.4337964355945587
Sample 4,Time-MoE,0.5423716306686401
Sample 4,Chronos,0.4576283395290375
Sample 5,Timer,0.5787726640701294
Sample 5,Chronos,0.4212273955345154
Sample 6,Chronos,0.6510293483734131
Sample 6,Timer,0.3489706218242645
Sample 7,Chronos,0.7107282876968384
Sample 7,Moirai,0.2892717123031616
Sample 8,Time-MoE,0.5347768068313599
Sample 8,Chronos,0.4652232229709625
Sample 9,Moirai,0.5367830991744995
Sample 9,TimesFM,0.4632169306278229
Sample 10,Chronos,0.7137916684150696
Sample 10,Timer,0.2862083315849304
Sample 11,Moirai,0.581395149230957
Sample 11,Timer,0.4186048209667206
Sample 12,TimesFM,0.6548665761947632
Sample 12,Time-MoE,0.3451334536075592
Sample 13,Time-MoE,0.6393184661865234
Sample 13,TimesFM,0.36068156361579895
Sample 14,Time-MoE,0.5163339972496033
Sample 14,Timer,0.48366600275039673
Sample 15,TimesFM,0.5656763315200806
Sample 15,Time-MoE,0.4343236982822418
Sample 16,TimesFM,0.5755830407142639
Sample 16,Chronos,0.4244169294834137
Sample 17,Chronos,0.7669716477394104
Sample 17,TimesFM,0.2330283522605896
Sample 18,Time-MoE,0.5142926573753357
Sample 18,TimesFM,0.4857073426246643
Sample 19,Moirai,0.667984127998352
Sample 19,Time-MoE,0.33201587200164795
Sample 20,Chronos,0.5342462658882141
Sample 20,Time-MoE,0.4657537043094635
Sample 21,Moirai,0.6930915713310242
Sample 21,Timer,0.30690842866897583
Sample 22,TimesFM,0.7553490400314331
Sample 22,Timer,0.2446509599685669
Sample 23,TimesFM,0.6197609901428223
Sample 23,Chronos,0.38023900985717773
Sample 24,Chronos,0.5792120099067688
Sample 24,Time-MoE,0.4207879602909088
Sample 25,Moirai,0.6016558408737183
Sample 25,TimesFM,0.39834412932395935
Sample 26,Chronos,0.5455905199050903
Sample 26,Timer,0.45440948009490967
Sample 27,TimesFM,0.6385236978530884
Sample 27,Timer,0.36147624254226685
Sample 28,Timer,0.8382008075714111
Sample 28,Time-MoE,0.16179917752742767
Sample 29,Time-MoE,0.9629870653152466
Sample 29,Chronos,0.03701291233301163
Sample 30,Chronos,0.6018604636192322
Sample 30,Timer,0.3981395959854126
Sample 31,Moirai,0.7126922011375427
Sample 31,Time-MoE,0.2873077988624573
Sample 0,TimesFM,0.5670773983001709
Sample 0,Moirai,0.4329225718975067
Sample 1,Moirai,0.5618366003036499
Sample 1,TimesFM,0.4381633996963501
Sample 2,Moirai,0.8758381605148315
Sample 2,Chronos,0.12416187673807144
Sample 3,Chronos,0.701967179775238
Sample 3,TimesFM,0.29803285002708435
Sample 4,Time-MoE,0.5925295352935791
Sample 4,TimesFM,0.4074704945087433
Sample 5,Time-MoE,0.5811681747436523
Sample 5,Timer,0.41883179545402527
Sample 6,Timer,0.6691941022872925
Sample 6,TimesFM,0.33080583810806274
Sample 7,Time-MoE,0.6783795356750488
Sample 7,Chronos,0.32162046432495117
Sample 8,Time-MoE,0.5705971717834473
Sample 8,Chronos,0.4294028580188751
Sample 9,Time-MoE,0.6558833718299866
Sample 9,Chronos,0.34411659836769104
Sample 10,TimesFM,0.567140519618988
Sample 10,Moirai,0.43285953998565674
Sample 11,Moirai,0.5021676421165466
Sample 11,TimesFM,0.49783235788345337
Sample 12,Time-MoE,0.6188478469848633
Sample 12,TimesFM,0.3811521530151367
Sample 13,Moirai,0.5433885455131531
Sample 13,Timer,0.4566114544868469
Sample 14,Moirai,0.6200289130210876
Sample 14,TimesFM,0.37997108697891235
Sample 15,Timer,0.7048596143722534
Sample 15,Moirai,0.2951403856277466
Sample 16,Moirai,0.5614028573036194
Sample 16,Timer,0.4385971426963806
Sample 17,Timer,0.6316370964050293
Sample 17,Moirai,0.3683629333972931
Sample 18,Chronos,0.6751176714897156
Sample 18,Moirai,0.32488229870796204
Sample 19,TimesFM,0.6144571900367737
Sample 19,Moirai,0.38554278016090393
Sample 20,Time-MoE,0.8178731799125671
Sample 20,TimesFM,0.18212679028511047
Sample 21,Time-MoE,0.7612219452857971
Sample 21,Timer,0.2387780249118805
Sample 22,Chronos,0.5717527866363525
Sample 22,Time-MoE,0.4282471835613251
Sample 23,Moirai,0.5612633228302002
Sample 23,Chronos,0.4387367069721222
Sample 24,Time-MoE,0.5395747423171997
Sample 24,TimesFM,0.4604251980781555
Sample 25,Chronos,0.5659205317497253
Sample 25,Time-MoE,0.43407946825027466
Sample 26,Time-MoE,0.5057976245880127
Sample 26,TimesFM,0.4942024052143097
Sample 27,Chronos,0.5133716464042664
Sample 27,Time-MoE,0.48662829399108887
Sample 28,TimesFM,0.6804150342941284
Sample 28,Moirai,0.31958502531051636
Sample 29,Chronos,0.7392491102218628
Sample 29,Timer,0.2607508599758148
Sample 30,Timer,0.5323399901390076
Sample 30,TimesFM,0.46765998005867004
Sample 31,Time-MoE,0.65047687292099
Sample 31,TimesFM,0.3495230972766876
Sample 0,Moirai,0.6706492304801941
Sample 0,Chronos,0.3293507993221283
Sample 1,Time-MoE,0.6107826232910156
Sample 1,Timer,0.389217346906662
Sample 2,Chronos,0.6124964356422424
Sample 2,Moirai,0.38750356435775757
Sample 3,TimesFM,0.6695884466171265
Sample 3,Timer,0.3304115831851959
Sample 4,Time-MoE,0.519521176815033
Sample 4,Moirai,0.48047882318496704
Sample 5,Chronos,0.7041435241699219
Sample 5,Timer,0.2958565056324005
Sample 6,TimesFM,0.609319269657135
Sample 6,Moirai,0.390680730342865
Sample 7,Time-MoE,0.593474268913269
Sample 7,Moirai,0.40652576088905334
Sample 8,Timer,0.5175285339355469
Sample 8,Moirai,0.48247140645980835
Sample 9,Moirai,0.5850448608398438
Sample 9,TimesFM,0.414955198764801
Sample 10,Time-MoE,0.6844428181648254
Sample 10,Moirai,0.31555718183517456
Sample 11,TimesFM,0.5002295970916748
Sample 11,Chronos,0.4997703731060028
Sample 12,TimesFM,0.5952195525169373
Sample 12,Time-MoE,0.40478047728538513
Sample 13,Moirai,0.5037775039672852
Sample 13,Chronos,0.49622252583503723
Sample 14,Chronos,0.6893270015716553
Sample 14,TimesFM,0.31067296862602234
Sample 15,Chronos,0.5740379095077515
Sample 15,Timer,0.42596203088760376
Sample 16,Time-MoE,0.5676107406616211
Sample 16,Moirai,0.4323892295360565
Sample 17,TimesFM,0.6264407634735107
Sample 17,Chronos,0.37355923652648926
Sample 18,Chronos,0.5494017601013184
Sample 18,Time-MoE,0.45059826970100403
Sample 19,Chronos,0.6687643527984619
Sample 19,Moirai,0.3312356770038605
Sample 20,Moirai,0.5356541275978088
Sample 20,TimesFM,0.4643458425998688
Sample 21,Chronos,0.7642502784729004
Sample 21,Time-MoE,0.23574978113174438
Sample 22,Chronos,0.8487803936004639
Sample 22,Moirai,0.15121960639953613
Sample 23,Timer,0.8274384140968323
Sample 23,TimesFM,0.17256154119968414
Sample 24,Timer,0.5561462640762329
Sample 24,TimesFM,0.4438537359237671
Sample 25,Chronos,0.6708189845085144
Sample 25,Time-MoE,0.3291810154914856
Sample 26,Time-MoE,0.5003892183303833
Sample 26,TimesFM,0.4996107816696167
Sample 27,TimesFM,0.6299329400062561
Sample 27,Timer,0.3700670599937439
Sample 28,TimesFM,0.6423481106758118
Sample 28,Chronos,0.35765182971954346
Sample 29,Chronos,0.5502052307128906
Sample 29,Moirai,0.44979479908943176
Sample 30,Time-MoE,0.6971809267997742
Sample 30,Timer,0.30281901359558105
Sample 31,Moirai,0.6093156933784485
Sample 31,Chronos,0.3906843066215515
Sample 0,Timer,0.6488716006278992
Sample 0,TimesFM,0.35112836956977844
Sample 1,Moirai,0.5461657643318176
Sample 1,Chronos,0.45383420586586
Sample 2,Moirai,0.5371113419532776
Sample 2,Chronos,0.4628886878490448
Sample 3,Chronos,0.6607431173324585
Sample 3,Time-MoE,0.3392568528652191
Sample 4,Time-MoE,0.5420161485671997
Sample 4,Timer,0.45798391103744507
Sample 5,TimesFM,0.8515756726264954
Sample 5,Time-MoE,0.14842435717582703
Sample 6,Chronos,0.5529468655586243
Sample 6,Time-MoE,0.44705313444137573
Sample 7,Timer,0.5304577946662903
Sample 7,TimesFM,0.4695422053337097
Sample 8,Chronos,0.5062884092330933
Sample 8,Moirai,0.49371159076690674
Sample 9,Time-MoE,0.5931246280670166
Sample 9,Timer,0.406875342130661
Sample 10,Chronos,0.616814374923706
Sample 10,Moirai,0.38318559527397156
Sample 11,TimesFM,0.5266405940055847
Sample 11,Chronos,0.4733594059944153
Sample 12,Moirai,0.6346297860145569
Sample 12,TimesFM,0.3653702437877655
Sample 13,Moirai,0.5092235207557678
Sample 13,TimesFM,0.49077650904655457
Sample 14,TimesFM,0.5627092123031616
Sample 14,Time-MoE,0.437290757894516
Sample 15,Time-MoE,0.8552393317222595
Sample 15,TimesFM,0.1447606384754181
Sample 16,Moirai,0.6773056983947754
Sample 16,Time-MoE,0.3226943016052246
Sample 17,TimesFM,0.6498072743415833
Sample 17,Timer,0.350192666053772
Sample 18,Time-MoE,0.566940426826477
Sample 18,Timer,0.43305954337120056
Sample 19,Timer,0.5827063322067261
Sample 19,Chronos,0.4172936975955963
Sample 20,Time-MoE,0.6839365363121033
Sample 20,Timer,0.31606346368789673
Sample 21,Time-MoE,0.6440870761871338
Sample 21,Moirai,0.355912983417511
Sample 22,Moirai,0.5436310172080994
Sample 22,Chronos,0.45636895298957825
Sample 23,Moirai,0.7455446124076843
Sample 23,Timer,0.2544553577899933
Sample 24,Timer,0.6227602362632751
Sample 24,Moirai,0.37723973393440247
Sample 25,Chronos,0.7578173279762268
Sample 25,Time-MoE,0.24218270182609558
Sample 26,Time-MoE,0.5640300512313843
Sample 26,Timer,0.4359699487686157
Sample 27,Time-MoE,0.6799106001853943
Sample 27,Timer,0.32008934020996094
Sample 28,Timer,0.7735319137573242
Sample 28,Chronos,0.2264680713415146
Sample 29,Time-MoE,0.8508296608924866
Sample 29,Timer,0.14917030930519104
Sample 30,TimesFM,0.7089321613311768
Sample 30,Chronos,0.29106780886650085
Sample 31,Timer,0.7613396644592285
Sample 31,TimesFM,0.23866035044193268
Sample 0,Moirai,0.5547971725463867
Sample 0,Time-MoE,0.4452028274536133
Sample 1,Moirai,0.5405731201171875
Sample 1,Time-MoE,0.4594268500804901
Sample 2,Moirai,0.5886650681495667
Sample 2,Time-MoE,0.41133493185043335
Sample 3,Chronos,0.7114024758338928
Sample 3,TimesFM,0.28859758377075195
Sample 4,Timer,0.5718993544578552
Sample 4,TimesFM,0.42810070514678955
Sample 5,Chronos,0.6985971331596375
Sample 5,Timer,0.30140283703804016
Sample 6,Chronos,0.5042626261711121
Sample 6,Moirai,0.4957374334335327
Sample 7,Moirai,0.7513445019721985
Sample 7,Chronos,0.24865546822547913
Sample 8,Time-MoE,0.5557851195335388
Sample 8,Moirai,0.4442148506641388
Sample 9,Moirai,0.5395517945289612
Sample 9,TimesFM,0.4604482352733612
Sample 10,Chronos,0.7755566239356995
Sample 10,Timer,0.2244434356689453
Sample 11,TimesFM,0.8960863947868347
Sample 11,Timer,0.1039135679602623
Sample 12,TimesFM,0.6996744275093079
Sample 12,Time-MoE,0.30032554268836975
Sample 13,Chronos,0.5867874026298523
Sample 13,Time-MoE,0.4132125675678253
Sample 14,TimesFM,0.7641189694404602
Sample 14,Chronos,0.2358809858560562
Sample 15,Timer,0.9135190844535828
Sample 15,Moirai,0.08648096024990082
Sample 0,Chronos,0.5181177258491516
Sample 0,Time-MoE,0.4818823039531708
Sample 1,Chronos,0.68608558177948
Sample 1,TimesFM,0.31391438841819763
Sample 2,Moirai,0.6862577795982361
Sample 2,Time-MoE,0.3137422502040863
Sample 3,Time-MoE,0.6107860803604126
Sample 3,Moirai,0.389213889837265
Sample 4,Chronos,0.5816176533699036
Sample 4,TimesFM,0.41838234663009644
Sample 5,Moirai,0.6486413478851318
Sample 5,Time-MoE,0.35135865211486816
Sample 6,Moirai,0.5169974565505981
Sample 6,Chronos,0.48300260305404663
Sample 7,Moirai,0.6498570442199707
Sample 7,Time-MoE,0.3501429259777069
Sample 8,Chronos,0.5502322912216187
Sample 8,TimesFM,0.44976767897605896
Sample 9,Moirai,0.5614545941352844
Sample 9,TimesFM,0.43854543566703796
Sample 10,Moirai,0.7613075375556946
Sample 10,Chronos,0.2386924773454666
Sample 11,Timer,0.5004620552062988
Sample 11,Chronos,0.4995379149913788
Sample 12,Timer,0.7094821929931641
Sample 12,Moirai,0.29051780700683594
Sample 13,Moirai,0.5207878351211548
Sample 13,Timer,0.4792121946811676
Sample 14,Chronos,0.5658739805221558
Sample 14,Time-MoE,0.43412601947784424
Sample 15,Moirai,0.6769199967384338
Sample 15,TimesFM,0.3230799734592438
Sample 16,Chronos,0.6056206822395325
Sample 16,Time-MoE,0.3943793773651123
Sample 17,TimesFM,0.5292143225669861
Sample 17,Time-MoE,0.47078564763069153
Sample 18,Time-MoE,0.8852967619895935
Sample 18,Moirai,0.1147032231092453
Sample 19,Time-MoE,0.6552544236183167
Sample 19,Timer,0.34474554657936096
Sample 20,TimesFM,0.5637799501419067
Sample 20,Chronos,0.4362200200557709
Sample 21,Time-MoE,0.867829442024231
Sample 21,TimesFM,0.13217052817344666
Sample 22,Chronos,0.5366806387901306
Sample 22,Moirai,0.4633193910121918
Sample 23,Moirai,0.5384392142295837
Sample 23,Chronos,0.46156084537506104
Sample 24,TimesFM,0.573675811290741
Sample 24,Chronos,0.42632412910461426
Sample 25,Chronos,0.5297824740409851
Sample 25,Time-MoE,0.4702175259590149
Sample 26,Time-MoE,0.5974448919296265
Sample 26,Chronos,0.4025551378726959
Sample 27,TimesFM,0.650230884552002
Sample 27,Timer,0.34976911544799805
Sample 28,Chronos,0.584657609462738
Sample 28,Time-MoE,0.4153423309326172
Sample 29,Chronos,0.5583095550537109
Sample 29,Moirai,0.4416903853416443
Sample 30,Moirai,0.5348325371742249
Sample 30,Time-MoE,0.46516743302345276
Sample 31,Timer,0.5007234215736389
Sample 31,TimesFM,0.4992765784263611
Sample 0,Time-MoE,0.5055351257324219
Sample 0,Timer,0.49446484446525574
Sample 1,Moirai,0.5752411484718323
Sample 1,Timer,0.4247589111328125
Sample 2,Moirai,0.6233267784118652
Sample 2,Timer,0.37667322158813477
Sample 3,Chronos,0.6325241327285767
Sample 3,Moirai,0.36747583746910095
Sample 4,Chronos,0.744472861289978
Sample 4,Moirai,0.2555271089076996
Sample 5,Time-MoE,0.739871621131897
Sample 5,TimesFM,0.26012834906578064
Sample 6,Chronos,0.7710478901863098
Sample 6,Timer,0.22895213961601257
Sample 7,Timer,0.7895194888114929
Sample 7,TimesFM,0.21048051118850708
Sample 8,Moirai,0.5691912770271301
Sample 8,Timer,0.4308086931705475
Sample 9,Moirai,0.8121975660324097
Sample 9,Timer,0.18780246376991272
Sample 10,Time-MoE,0.5605257749557495
Sample 10,Timer,0.4394742250442505
Sample 11,Chronos,0.9284640550613403
Sample 11,Timer,0.07153590768575668
Sample 12,Timer,0.5118784308433533
Sample 12,Time-MoE,0.4881215989589691
Sample 13,Moirai,0.5503307580947876
Sample 13,TimesFM,0.44966921210289
Sample 14,Chronos,0.6427222490310669
Sample 14,TimesFM,0.3572777211666107
Sample 15,Time-MoE,0.7685546278953552
Sample 15,Moirai,0.2314453423023224
Sample 16,Moirai,0.5186907052993774
Sample 16,TimesFM,0.48130932450294495
Sample 17,Timer,0.5228754281997681
Sample 17,TimesFM,0.47712457180023193
Sample 18,TimesFM,0.6307118535041809
Sample 18,Timer,0.3692881166934967
Sample 19,Time-MoE,0.5456691384315491
Sample 19,Timer,0.4543308615684509
Sample 20,Time-MoE,0.6248630285263062
Sample 20,Chronos,0.37513697147369385
Sample 21,Time-MoE,0.554989218711853
Sample 21,Chronos,0.4450107514858246
Sample 22,TimesFM,0.5867848992347717
Sample 22,Timer,0.41321513056755066
Sample 23,Timer,0.6024200916290283
Sample 23,TimesFM,0.39757996797561646
Sample 24,Time-MoE,0.5594844818115234
Sample 24,TimesFM,0.44051557779312134
Sample 25,TimesFM,0.5836926102638245
Sample 25,Moirai,0.41630738973617554
Sample 26,TimesFM,0.5712789297103882
Sample 26,Timer,0.4287211000919342
Sample 27,Chronos,0.851051926612854
Sample 27,Moirai,0.1489480435848236
Sample 28,Moirai,0.7334858775138855
Sample 28,Chronos,0.2665141224861145
Sample 29,Chronos,0.5896991491317749
Sample 29,TimesFM,0.4103009104728699
Sample 30,Timer,0.5165508985519409
Sample 30,Moirai,0.48344913125038147
Sample 31,Moirai,0.7616228461265564
Sample 31,Time-MoE,0.2383771538734436
Sample 0,Moirai,0.5251328945159912
Sample 0,TimesFM,0.4748671054840088
Sample 1,Chronos,0.6277581453323364
Sample 1,TimesFM,0.37224188446998596
Sample 2,Time-MoE,0.601188600063324
Sample 2,Timer,0.3988114595413208
Sample 3,Chronos,0.7769193649291992
Sample 3,Moirai,0.22308069467544556
Sample 4,Timer,0.5187101364135742
Sample 4,Chronos,0.4812898635864258
Sample 5,Moirai,0.6598219275474548
Sample 5,Chronos,0.3401780128479004
Sample 6,Moirai,0.8337375521659851
Sample 6,TimesFM,0.1662624329328537
Sample 7,Timer,0.6767094731330872
Sample 7,TimesFM,0.32329052686691284
Sample 8,Chronos,0.5322588682174683
Sample 8,Time-MoE,0.4677411615848541
Sample 9,Time-MoE,0.8984231352806091
Sample 9,TimesFM,0.10157689452171326
Sample 10,Moirai,0.5971202254295349
Sample 10,Chronos,0.4028797149658203
Sample 11,Chronos,0.5162604451179504
Sample 11,Timer,0.48373955488204956
Sample 12,Chronos,0.805056095123291
Sample 12,Time-MoE,0.19494391977787018
Sample 13,Time-MoE,0.701474130153656
Sample 13,TimesFM,0.298525869846344
Sample 14,Moirai,0.5967133641242981
Sample 14,Time-MoE,0.4032866358757019
Sample 15,Timer,0.8808804750442505
Sample 15,Moirai,0.11911948770284653
Sample 16,TimesFM,0.6048429608345032
Sample 16,Timer,0.3951570391654968
Sample 17,TimesFM,0.5351949334144592
Sample 17,Chronos,0.46480509638786316
Sample 18,Moirai,0.5433143377304077
Sample 18,Time-MoE,0.4566856622695923
Sample 19,Chronos,0.6017162799835205
Sample 19,Moirai,0.3982837200164795
Sample 20,Time-MoE,0.514090895652771
Sample 20,Moirai,0.4859091639518738
Sample 21,Chronos,0.554794192314148
Sample 21,TimesFM,0.44520583748817444
Sample 22,TimesFM,0.710944414138794
Sample 22,Moirai,0.28905561566352844
Sample 23,TimesFM,0.7302758097648621
Sample 23,Time-MoE,0.26972416043281555
Sample 24,Timer,0.5545467138290405
Sample 24,TimesFM,0.44545334577560425
Sample 25,TimesFM,0.5377234220504761
Sample 25,Timer,0.46227654814720154
Sample 26,TimesFM,0.6409100890159607
Sample 26,Timer,0.3590899109840393
Sample 27,Chronos,0.7376313209533691
Sample 27,Timer,0.26236870884895325
Sample 28,TimesFM,0.5594983696937561
Sample 28,Moirai,0.44050168991088867
Sample 29,Time-MoE,0.794745147228241
Sample 29,Timer,0.20525489747524261
Sample 30,Chronos,0.5400532484054565
Sample 30,Moirai,0.45994672179222107
Sample 31,TimesFM,0.5561060309410095
Sample 31,Chronos,0.44389399886131287
Sample 0,Timer,0.8992595672607422
Sample 0,Moirai,0.10074044018983841
Sample 1,Time-MoE,0.5650138258934021
Sample 1,Timer,0.4349862039089203
Sample 2,TimesFM,0.5018345713615417
Sample 2,Moirai,0.49816542863845825
Sample 3,Chronos,0.5749191641807556
Sample 3,Time-MoE,0.4250807762145996
Sample 4,Time-MoE,0.5071365237236023
Sample 4,Chronos,0.4928634464740753
Sample 5,Timer,0.6097908616065979
Sample 5,Chronos,0.3902091383934021
Sample 6,Timer,0.5183566212654114
Sample 6,Chronos,0.4816433787345886
Sample 7,Moirai,0.5826317071914673
Sample 7,Time-MoE,0.41736823320388794
Sample 8,Timer,0.5593162775039673
Sample 8,Chronos,0.44068366289138794
Sample 9,Timer,0.5568458437919617
Sample 9,Moirai,0.44315415620803833
Sample 10,TimesFM,0.9768916964530945
Sample 10,Chronos,0.023108258843421936
Sample 11,Time-MoE,0.7384746670722961
Sample 11,Chronos,0.26152533292770386
Sample 12,Timer,0.8607637882232666
Sample 12,Chronos,0.1392362415790558
Sample 13,Time-MoE,0.6078668832778931
Sample 13,Timer,0.3921331465244293
Sample 14,Chronos,0.6199192404747009
Sample 14,Moirai,0.3800807595252991
Sample 15,Moirai,0.6023451089859009
Sample 15,Chronos,0.3976548910140991
Sample 16,Moirai,0.6457774639129639
Sample 16,Time-MoE,0.35422250628471375
Sample 17,Moirai,0.5240528583526611
Sample 17,Chronos,0.47594720125198364
Sample 18,Time-MoE,0.692058801651001
Sample 18,Moirai,0.3079412579536438
Sample 19,Moirai,0.7194395065307617
Sample 19,Time-MoE,0.2805604636669159
Sample 20,Timer,0.6362663507461548
Sample 20,Chronos,0.3637336194515228
Sample 21,TimesFM,0.5288037061691284
Sample 21,Timer,0.47119632363319397
Sample 22,Moirai,0.86103355884552
Sample 22,TimesFM,0.13896645605564117
Sample 23,TimesFM,0.6180437803268433
Sample 23,Chronos,0.3819562792778015
Sample 24,Timer,0.5623477697372437
Sample 24,TimesFM,0.43765223026275635
Sample 25,TimesFM,0.6096141934394836
Sample 25,Time-MoE,0.39038577675819397
Sample 26,Timer,0.553672730922699
Sample 26,Time-MoE,0.446327269077301
Sample 27,TimesFM,0.6138229966163635
Sample 27,Timer,0.3861769735813141
Sample 28,Chronos,0.5566087961196899
Sample 28,Timer,0.44339123368263245
Sample 29,Time-MoE,0.9052281379699707
Sample 29,Chronos,0.09477180242538452
Sample 30,TimesFM,0.5161430239677429
Sample 30,Chronos,0.48385703563690186
Sample 31,Moirai,0.5232445001602173
Sample 31,TimesFM,0.4767554998397827
Sample 0,Time-MoE,0.7592470645904541
Sample 0,Chronos,0.24075289070606232
Sample 1,Moirai,0.6175996661186218
Sample 1,TimesFM,0.3824003040790558
Sample 2,Time-MoE,0.6919925808906555
Sample 2,Timer,0.30800747871398926
Sample 3,Time-MoE,0.5659169554710388
Sample 3,TimesFM,0.4340830445289612
Sample 4,Chronos,0.6509310007095337
Sample 4,TimesFM,0.3490689694881439
Sample 5,Time-MoE,0.5685673356056213
Sample 5,Timer,0.43143269419670105
Sample 6,Moirai,0.6153809428215027
Sample 6,TimesFM,0.3846191167831421
Sample 7,Moirai,0.671861469745636
Sample 7,TimesFM,0.3281385898590088
Sample 8,Time-MoE,0.5267269015312195
Sample 8,Chronos,0.4732731282711029
Sample 9,Chronos,0.6630420684814453
Sample 9,TimesFM,0.3369579613208771
Sample 10,Chronos,0.5973111391067505
Sample 10,Timer,0.4026888906955719
Sample 11,Time-MoE,0.642436146736145
Sample 11,Timer,0.357563853263855
Sample 12,Time-MoE,0.5094667077064514
Sample 12,Moirai,0.49053332209587097
Sample 13,Chronos,0.564505934715271
Sample 13,Time-MoE,0.4354940354824066
Sample 14,Chronos,0.5424668788909912
Sample 14,TimesFM,0.4575330913066864
Sample 15,Moirai,0.74721360206604
Sample 15,Timer,0.25278639793395996
Sample 16,Moirai,0.5776215195655823
Sample 16,Chronos,0.42237845063209534
Sample 17,Time-MoE,0.7175011038780212
Sample 17,Timer,0.28249889612197876
Sample 18,Moirai,0.7301651239395142
Sample 18,Timer,0.26983484625816345
Sample 19,Time-MoE,0.576580286026001
Sample 19,Moirai,0.4234197437763214
Sample 20,Chronos,0.6785995364189148
Sample 20,Timer,0.3214004337787628
Sample 21,Timer,0.5737805962562561
Sample 21,Moirai,0.4262194037437439
Sample 22,TimesFM,0.5207380652427673
Sample 22,Time-MoE,0.4792619049549103
Sample 23,Timer,0.5448030829429626
Sample 23,Time-MoE,0.45519691705703735
Sample 24,Chronos,0.5287876725196838
Sample 24,Timer,0.47121232748031616
Sample 25,TimesFM,0.5302315354347229
Sample 25,Time-MoE,0.4697684645652771
Sample 26,Chronos,0.5481122732162476
Sample 26,Timer,0.4518877863883972
Sample 27,Chronos,0.787697434425354
Sample 27,Timer,0.212302565574646
Sample 28,Moirai,0.5553353428840637
Sample 28,Time-MoE,0.4446646571159363
Sample 29,TimesFM,0.677465558052063
Sample 29,Moirai,0.3225344717502594
Sample 30,TimesFM,0.5881340503692627
Sample 30,Time-MoE,0.41186589002609253
Sample 31,Time-MoE,0.6292464137077332
Sample 31,Timer,0.37075358629226685
Sample 0,Timer,0.6328869462013245
Sample 0,Moirai,0.36711305379867554
Sample 1,Timer,0.5269033908843994
Sample 1,Chronos,0.4730965793132782
Sample 2,Time-MoE,0.6944712996482849
Sample 2,Chronos,0.3055287301540375
Sample 3,Moirai,0.5378435254096985
Sample 3,TimesFM,0.4621565043926239
Sample 4,TimesFM,0.5674740672111511
Sample 4,Timer,0.4325259029865265
Sample 5,TimesFM,0.6922679543495178
Sample 5,Timer,0.3077320158481598
Sample 6,Chronos,0.7048632502555847
Sample 6,Timer,0.2951367497444153
Sample 7,Time-MoE,0.6243237257003784
Sample 7,Moirai,0.37567633390426636
Sample 8,Timer,0.7009922862052917
Sample 8,TimesFM,0.29900774359703064
Sample 9,TimesFM,0.6632258296012878
Sample 9,Chronos,0.33677417039871216
Sample 10,Timer,0.5472275614738464
Sample 10,Chronos,0.45277243852615356
Sample 11,TimesFM,0.596260666847229
Sample 11,Timer,0.4037393629550934
Sample 12,Chronos,0.7552253603935242
Sample 12,Timer,0.2447746843099594
Sample 13,TimesFM,0.6518071293830872
Sample 13,Moirai,0.34819281101226807
Sample 14,Timer,0.5872431993484497
Sample 14,Moirai,0.41275686025619507
Sample 15,Timer,0.6140460968017578
Sample 15,TimesFM,0.3859539330005646
Sample 16,Moirai,0.570905327796936
Sample 16,Timer,0.4290946424007416
Sample 17,Time-MoE,0.5548561811447144
Sample 17,Chronos,0.44514381885528564
Sample 18,Moirai,0.6153746843338013
Sample 18,TimesFM,0.38462531566619873
Sample 19,Chronos,0.6598008871078491
Sample 19,TimesFM,0.3401990830898285
Sample 20,TimesFM,0.5073027610778809
Sample 20,Chronos,0.49269723892211914
Sample 21,Time-MoE,0.5560057163238525
Sample 21,Chronos,0.44399434328079224
Sample 22,Time-MoE,0.8724032044410706
Sample 22,Chronos,0.12759673595428467
Sample 23,Timer,0.6033419370651245
Sample 23,Chronos,0.3966580927371979
Sample 24,Moirai,0.5025513172149658
Sample 24,Timer,0.4974486231803894
Sample 25,Moirai,0.6411300897598267
Sample 25,Timer,0.3588699400424957
Sample 26,Moirai,0.6221745014190674
Sample 26,Timer,0.3778255581855774
Sample 27,TimesFM,0.5393612384796143
Sample 27,Moirai,0.46063873171806335
Sample 28,Time-MoE,0.5744624137878418
Sample 28,TimesFM,0.4255376160144806
Sample 29,Time-MoE,0.872017502784729
Sample 29,TimesFM,0.1279824674129486
Sample 30,TimesFM,0.6073620915412903
Sample 30,Chronos,0.3926379382610321
Sample 31,Timer,0.6791127920150757
Sample 31,Time-MoE,0.3208872079849243
Sample 0,Timer,0.6415106654167175
Sample 0,Moirai,0.35848936438560486
Sample 1,Chronos,0.8572227954864502
Sample 1,TimesFM,0.1427772492170334
Sample 2,Chronos,0.5133645534515381
Sample 2,Moirai,0.4866354465484619
Sample 3,Moirai,0.577064573764801
Sample 3,Time-MoE,0.4229353964328766
Sample 4,Chronos,0.8325919508934021
Sample 4,Moirai,0.16740800440311432
Sample 5,TimesFM,0.7692598700523376
Sample 5,Moirai,0.23074015974998474
Sample 6,Time-MoE,0.7118908762931824
Sample 6,TimesFM,0.2881091237068176
Sample 7,Timer,0.7439897060394287
Sample 7,Time-MoE,0.2560102939605713
Sample 8,Timer,0.515811026096344
Sample 8,Time-MoE,0.4841890037059784
Sample 9,Time-MoE,0.5185563564300537
Sample 9,TimesFM,0.4814436435699463
Sample 10,Chronos,0.6941602230072021
Sample 10,Timer,0.30583974719047546
Sample 11,Chronos,0.7245749235153198
Sample 11,Moirai,0.27542513608932495
Sample 12,Moirai,0.5979283452033997
Sample 12,Chronos,0.40207168459892273
Sample 13,TimesFM,0.5692981481552124
Sample 13,Time-MoE,0.4307018220424652
Sample 14,Time-MoE,0.8481444120407104
Sample 14,Moirai,0.15185554325580597
Sample 15,TimesFM,0.500250518321991
Sample 15,Chronos,0.49974945187568665
Sample 0,Time-MoE,0.5572593808174133
Sample 0,Timer,0.4427405893802643
Sample 1,Moirai,0.5495795607566833
Sample 1,TimesFM,0.45042043924331665
Sample 2,TimesFM,0.5369487404823303
Sample 2,Moirai,0.46305128931999207
Sample 3,Time-MoE,0.6955728530883789
Sample 3,Chronos,0.3044271469116211
Sample 4,TimesFM,0.5262088179588318
Sample 4,Timer,0.4737911820411682
Sample 5,Time-MoE,0.6788448691368103
Sample 5,Moirai,0.3211551308631897
Sample 6,TimesFM,0.5633528828620911
Sample 6,Chronos,0.4366471767425537
Sample 7,TimesFM,0.615739643573761
Sample 7,Chronos,0.3842603862285614
Sample 8,TimesFM,0.5609432458877563
Sample 8,Chronos,0.43905678391456604
Sample 9,TimesFM,0.592630922794342
Sample 9,Time-MoE,0.4073690176010132
Sample 10,Time-MoE,0.6157290935516357
Sample 10,Moirai,0.38427096605300903
Sample 11,Chronos,0.5326955914497375
Sample 11,Moirai,0.46730443835258484
Sample 12,Timer,0.593586802482605
Sample 12,TimesFM,0.40641316771507263
Sample 13,Time-MoE,0.5278316140174866
Sample 13,Chronos,0.4721684157848358
Sample 14,Chronos,0.92300945520401
Sample 14,Timer,0.07699058204889297
Sample 15,TimesFM,0.5681518316268921
Sample 15,Time-MoE,0.4318481683731079
Sample 16,Timer,0.9467800855636597
Sample 16,TimesFM,0.05321987345814705
Sample 17,Chronos,0.7116318941116333
Sample 17,Moirai,0.2883681058883667
Sample 18,Moirai,0.6101542711257935
Sample 18,TimesFM,0.3898457884788513
Sample 19,Chronos,0.6704994440078735
Sample 19,Moirai,0.32950055599212646
Sample 20,Moirai,0.8043932914733887
Sample 20,TimesFM,0.19560672342777252
Sample 21,TimesFM,0.6256319284439087
Sample 21,Timer,0.3743680715560913
Sample 22,Time-MoE,0.7155467867851257
Sample 22,TimesFM,0.28445327281951904
Sample 23,Chronos,0.5871409177780151
Sample 23,Time-MoE,0.41285911202430725
Sample 24,Moirai,0.5572270750999451
Sample 24,TimesFM,0.44277289509773254
Sample 25,Chronos,0.8054441809654236
Sample 25,Timer,0.19455577433109283
Sample 26,Chronos,0.5693135261535645
Sample 26,TimesFM,0.4306865334510803
Sample 27,Time-MoE,0.5159523487091064
Sample 27,TimesFM,0.48404765129089355
Sample 28,Timer,0.8166274428367615
Sample 28,Time-MoE,0.18337252736091614
Sample 29,Chronos,0.7981296181678772
Sample 29,Moirai,0.2018704116344452
Sample 30,TimesFM,0.6111668348312378
Sample 30,Timer,0.388833224773407
Sample 31,Chronos,0.8220866322517395
Sample 31,Moirai,0.17791342735290527
Sample 0,Time-MoE,0.6328732967376709
Sample 0,Chronos,0.3671266436576843
Sample 1,Time-MoE,0.6402834057807922
Sample 1,Chronos,0.3597165644168854
Sample 2,TimesFM,0.6086287498474121
Sample 2,Timer,0.39137130975723267
Sample 3,Moirai,0.7133023142814636
Sample 3,Timer,0.2866976857185364
Sample 4,TimesFM,0.5394067764282227
Sample 4,Moirai,0.46059319376945496
Sample 5,Moirai,0.582251250743866
Sample 5,Time-MoE,0.4177487790584564
Sample 6,TimesFM,0.6370406746864319
Sample 6,Chronos,0.3629592955112457
Sample 7,Timer,0.5384807586669922
Sample 7,Time-MoE,0.4615192711353302
Sample 8,TimesFM,0.5230982303619385
Sample 8,Moirai,0.4769017696380615
Sample 9,Time-MoE,0.6132656335830688
Sample 9,Chronos,0.38673439621925354
Sample 10,Chronos,0.596176028251648
Sample 10,TimesFM,0.40382397174835205
Sample 11,Chronos,0.6808251142501831
Sample 11,Timer,0.31917494535446167
Sample 12,Moirai,0.6081112027168274
Sample 12,Time-MoE,0.3918888568878174
Sample 13,Time-MoE,0.6664483547210693
Sample 13,TimesFM,0.33355170488357544
Sample 14,TimesFM,0.6672112941741943
Sample 14,Chronos,0.33278870582580566
Sample 15,Moirai,0.730378270149231
Sample 15,TimesFM,0.26962167024612427
Sample 16,Moirai,0.5062817335128784
Sample 16,Chronos,0.4937182664871216
Sample 17,TimesFM,0.5638939142227173
Sample 17,Moirai,0.43610602617263794
Sample 18,Timer,0.7740209102630615
Sample 18,Moirai,0.22597908973693848
Sample 19,Time-MoE,0.7742806673049927
Sample 19,Timer,0.2257193624973297
Sample 20,Chronos,0.5366225838661194
Sample 20,TimesFM,0.46337735652923584
Sample 21,Time-MoE,0.73210608959198
Sample 21,TimesFM,0.26789385080337524
Sample 22,TimesFM,0.7021170258522034
Sample 22,Time-MoE,0.29788291454315186
Sample 23,Moirai,0.5021717548370361
Sample 23,Time-MoE,0.49782830476760864
Sample 24,Chronos,0.6491418480873108
Sample 24,Timer,0.3508581221103668
Sample 25,Moirai,0.5063841938972473
Sample 25,TimesFM,0.4936157464981079
Sample 26,TimesFM,0.5797213315963745
Sample 26,Moirai,0.4202786386013031
Sample 27,Time-MoE,0.5247144103050232
Sample 27,Timer,0.4752855896949768
Sample 28,Chronos,0.5017702579498291
Sample 28,Moirai,0.4982297420501709
Sample 29,Moirai,0.6043370366096497
Sample 29,Time-MoE,0.39566296339035034
Sample 30,TimesFM,0.5433629155158997
Sample 30,Time-MoE,0.4566371440887451
Sample 31,Timer,0.8036912083625793
Sample 31,Time-MoE,0.19630882143974304
Sample 0,Time-MoE,0.5055413246154785
Sample 0,Moirai,0.49445870518684387
Sample 1,Time-MoE,0.5394545793533325
Sample 1,Chronos,0.4605453908443451
Sample 2,Chronos,0.504256010055542
Sample 2,Moirai,0.4957440495491028
Sample 3,Time-MoE,0.7764412760734558
Sample 3,Moirai,0.2235586941242218
Sample 4,Time-MoE,0.5736687779426575
Sample 4,Moirai,0.4263312518596649
Sample 5,TimesFM,0.6424463987350464
Sample 5,Timer,0.3575535714626312
Sample 6,Time-MoE,0.6651203632354736
Sample 6,Chronos,0.334879606962204
Sample 7,Chronos,0.6532541513442993
Sample 7,Moirai,0.34674587845802307
Sample 8,TimesFM,0.6182540059089661
Sample 8,Time-MoE,0.38174593448638916
Sample 9,Chronos,0.5864149332046509
Sample 9,Moirai,0.4135851263999939
Sample 10,Timer,0.6143189668655396
Sample 10,TimesFM,0.38568106293678284
Sample 11,Moirai,0.5568816661834717
Sample 11,TimesFM,0.44311830401420593
Sample 12,TimesFM,0.6213999390602112
Sample 12,Time-MoE,0.3786000907421112
Sample 13,Time-MoE,0.5922620296478271
Sample 13,Moirai,0.40773797035217285
Sample 14,Moirai,0.574307382106781
Sample 14,Time-MoE,0.4256926476955414
Sample 15,Timer,0.6536514163017273
Sample 15,Moirai,0.3463486135005951
Sample 16,TimesFM,0.5299490690231323
Sample 16,Moirai,0.4700509309768677
Sample 17,Chronos,0.5186248421669006
Sample 17,Time-MoE,0.48137515783309937
Sample 18,TimesFM,0.675006628036499
Sample 18,Time-MoE,0.3249933421611786
Sample 19,Moirai,0.6660072803497314
Sample 19,Timer,0.33399268984794617
Sample 20,Timer,0.8637146353721619
Sample 20,Chronos,0.13628533482551575
Sample 21,Time-MoE,0.7642120122909546
Sample 21,Moirai,0.23578794300556183
Sample 22,Moirai,0.6167056560516357
Sample 22,Time-MoE,0.38329437375068665
Sample 23,Chronos,0.6017338633537292
Sample 23,Moirai,0.39826616644859314
Sample 24,Time-MoE,0.5901809930801392
Sample 24,Chronos,0.4098190665245056
Sample 25,TimesFM,0.5881606340408325
Sample 25,Time-MoE,0.41183939576148987
Sample 26,Moirai,0.7479888796806335
Sample 26,Time-MoE,0.25201109051704407
Sample 27,TimesFM,0.5017899870872498
Sample 27,Time-MoE,0.49821004271507263
Sample 28,Timer,0.593161404132843
Sample 28,Moirai,0.40683865547180176
Sample 29,Time-MoE,0.6259757876396179
Sample 29,Chronos,0.37402424216270447
Sample 30,Chronos,0.9166319966316223
Sample 30,Timer,0.08336805552244186
Sample 31,Timer,0.7202684283256531
Sample 31,Time-MoE,0.27973154187202454
Sample 0,Chronos,0.5579342842102051
Sample 0,Time-MoE,0.4420657455921173
Sample 1,Moirai,0.5367820858955383
Sample 1,Chronos,0.46321791410446167
Sample 2,TimesFM,0.5580763220787048
Sample 2,Chronos,0.4419236481189728
Sample 3,Moirai,0.5288041234016418
Sample 3,Timer,0.47119584679603577
Sample 4,TimesFM,0.5089922547340393
Sample 4,Chronos,0.4910077452659607
Sample 5,Chronos,0.6306575536727905
Sample 5,Moirai,0.3693424165248871
Sample 6,Time-MoE,0.5235947966575623
Sample 6,Chronos,0.47640514373779297
Sample 7,Time-MoE,0.5293380618095398
Sample 7,TimesFM,0.4706619381904602
Sample 8,Time-MoE,0.646229088306427
Sample 8,TimesFM,0.353770911693573
Sample 9,Chronos,0.6857438087463379
Sample 9,Moirai,0.3142562210559845
Sample 10,Timer,0.5165637135505676
Sample 10,TimesFM,0.4834362864494324
Sample 11,Timer,0.5442231893539429
Sample 11,TimesFM,0.4557768404483795
Sample 12,Time-MoE,0.5322011113166809
Sample 12,Chronos,0.4677988588809967
Sample 13,Time-MoE,0.5595291256904602
Sample 13,Chronos,0.4404709041118622
Sample 14,TimesFM,0.586573600769043
Sample 14,Moirai,0.41342639923095703
Sample 15,Moirai,0.5209947824478149
Sample 15,TimesFM,0.47900518774986267
Sample 16,Time-MoE,0.5333814024925232
Sample 16,Moirai,0.4666185975074768
Sample 17,Time-MoE,0.5220619440078735
Sample 17,TimesFM,0.47793808579444885
Sample 18,Time-MoE,0.8405654430389404
Sample 18,Timer,0.1594344824552536
Sample 19,Moirai,0.5928831696510315
Sample 19,Timer,0.4071168601512909
Sample 20,TimesFM,0.5310617685317993
Sample 20,Time-MoE,0.46893826127052307
Sample 21,Moirai,0.5062723755836487
Sample 21,Chronos,0.4937276244163513
Sample 22,Time-MoE,0.7786198854446411
Sample 22,Chronos,0.2213800698518753
Sample 23,TimesFM,0.6414180994033813
Sample 23,Time-MoE,0.3585819602012634
Sample 24,Chronos,0.635019063949585
Sample 24,Moirai,0.36498090624809265
Sample 25,Time-MoE,0.5484375953674316
Sample 25,Timer,0.45156240463256836
Sample 26,Chronos,0.5901418328285217
Sample 26,TimesFM,0.40985816717147827
Sample 27,Moirai,0.5343367457389832
Sample 27,Time-MoE,0.46566328406333923
Sample 28,Timer,0.6594589352607727
Sample 28,TimesFM,0.3405410051345825
Sample 29,Chronos,0.6969287395477295
Sample 29,Moirai,0.3030712902545929
Sample 30,Time-MoE,0.5879729390144348
Sample 30,Moirai,0.4120270609855652
Sample 31,Timer,0.6302506327629089
Sample 31,TimesFM,0.36974942684173584
Sample 0,Timer,0.603569507598877
Sample 0,Moirai,0.39643046259880066
Sample 1,Moirai,0.5470721125602722
Sample 1,TimesFM,0.4529278576374054
Sample 2,Moirai,0.5165482759475708
Sample 2,Chronos,0.4834516942501068
Sample 3,Chronos,0.5239648818969727
Sample 3,Timer,0.47603508830070496
Sample 4,TimesFM,0.5745872259140015
Sample 4,Chronos,0.42541277408599854
Sample 5,TimesFM,0.6260490417480469
Sample 5,Timer,0.3739509880542755
Sample 6,Chronos,0.8115589022636414
Sample 6,Timer,0.18844112753868103
Sample 7,Chronos,0.5790674686431885
Sample 7,Time-MoE,0.42093250155448914
Sample 8,Chronos,0.60060715675354
Sample 8,Timer,0.39939284324645996
Sample 9,Time-MoE,0.862956166267395
Sample 9,Chronos,0.1370438039302826
Sample 10,Chronos,0.5080881714820862
Sample 10,Time-MoE,0.4919118285179138
Sample 11,Timer,0.5157839059829712
Sample 11,Chronos,0.4842161536216736
Sample 12,Time-MoE,0.5328426361083984
Sample 12,TimesFM,0.46715736389160156
Sample 13,Chronos,0.5100920796394348
Sample 13,Timer,0.4899078905582428
Sample 14,Chronos,0.6842859387397766
Sample 14,Time-MoE,0.3157140910625458
Sample 15,Moirai,0.5456202626228333
Sample 15,Timer,0.45437970757484436
Sample 16,Chronos,0.5284976363182068
Sample 16,Timer,0.471502423286438
Sample 17,Time-MoE,0.6189433336257935
Sample 17,TimesFM,0.38105666637420654
Sample 18,Timer,0.5961929559707642
Sample 18,TimesFM,0.4038070738315582
Sample 19,Chronos,0.8267526030540466
Sample 19,Moirai,0.17324741184711456
Sample 20,Time-MoE,0.5442075133323669
Sample 20,Timer,0.45579254627227783
Sample 21,TimesFM,0.6638880372047424
Sample 21,Time-MoE,0.33611199259757996
Sample 22,Time-MoE,0.6460139155387878
Sample 22,TimesFM,0.35398605465888977
Sample 23,Time-MoE,0.5087917447090149
Sample 23,Timer,0.4912083148956299
Sample 24,Timer,0.6790227293968201
Sample 24,TimesFM,0.3209773004055023
Sample 25,Moirai,0.561820387840271
Sample 25,Chronos,0.438179612159729
Sample 26,Moirai,0.5369386672973633
Sample 26,TimesFM,0.4630613625049591
Sample 27,Time-MoE,0.5623616576194763
Sample 27,Timer,0.4376383125782013
Sample 28,Timer,0.6095420718193054
Sample 28,Moirai,0.39045798778533936
Sample 29,Moirai,0.6030855774879456
Sample 29,Timer,0.39691445231437683
Sample 30,Moirai,0.6727951765060425
Sample 30,Timer,0.3272048532962799
Sample 31,Chronos,0.5015926361083984
Sample 31,Timer,0.49840739369392395
Sample 0,Timer,0.5407747626304626
Sample 0,Moirai,0.45922529697418213
Sample 1,Time-MoE,0.6284023523330688
Sample 1,TimesFM,0.37159764766693115
Sample 2,Time-MoE,0.6205785274505615
Sample 2,Chronos,0.3794214725494385
Sample 3,Time-MoE,0.6531206965446472
Sample 3,Moirai,0.346879243850708
Sample 4,Timer,0.7509942054748535
Sample 4,TimesFM,0.24900583922863007
Sample 5,Chronos,0.6691513061523438
Sample 5,TimesFM,0.33084869384765625
Sample 6,Time-MoE,0.6427423357963562
Sample 6,Moirai,0.3572576344013214
Sample 7,Moirai,0.5894006490707397
Sample 7,Timer,0.41059935092926025
Sample 8,Timer,0.5985097289085388
Sample 8,TimesFM,0.40149033069610596
Sample 9,Time-MoE,0.6708693504333496
Sample 9,Moirai,0.3291306495666504
Sample 10,Moirai,0.5150604248046875
Sample 10,Chronos,0.4849395453929901
Sample 11,Chronos,0.6133884787559509
Sample 11,Time-MoE,0.38661155104637146
Sample 12,Timer,0.567714512348175
Sample 12,Moirai,0.43228548765182495
Sample 13,Chronos,0.5021405220031738
Sample 13,Moirai,0.49785950779914856
Sample 14,TimesFM,0.6522212624549866
Sample 14,Moirai,0.3477787375450134
Sample 15,Chronos,0.5057396292686462
Sample 15,Moirai,0.49426034092903137
Sample 16,Moirai,0.733859658241272
Sample 16,Chronos,0.266140341758728
Sample 17,Moirai,0.5056983232498169
Sample 17,Time-MoE,0.4943016469478607
Sample 18,Timer,0.6677674055099487
Sample 18,Moirai,0.33223259449005127
Sample 19,Chronos,0.5348034501075745
Sample 19,TimesFM,0.46519652009010315
Sample 20,Timer,0.5506753325462341
Sample 20,TimesFM,0.44932466745376587
Sample 21,Moirai,0.5038584470748901
Sample 21,Chronos,0.49614155292510986
Sample 22,Moirai,0.5939956307411194
Sample 22,Chronos,0.4060043394565582
Sample 23,Time-MoE,0.5073128938674927
Sample 23,Timer,0.4926871061325073
Sample 24,Timer,0.6691793203353882
Sample 24,Chronos,0.3308206796646118
Sample 25,Chronos,0.5094707012176514
Sample 25,TimesFM,0.49052929878234863
Sample 26,Time-MoE,0.6589280962944031
Sample 26,TimesFM,0.34107187390327454
Sample 27,Moirai,0.5055452585220337
Sample 27,Chronos,0.49445468187332153
Sample 28,Timer,0.6967974901199341
Sample 28,TimesFM,0.30320248007774353
Sample 29,Timer,0.5410335063934326
Sample 29,TimesFM,0.4589664936065674
Sample 30,Chronos,0.6361913681030273
Sample 30,Timer,0.36380863189697266
Sample 31,Chronos,0.569616436958313
Sample 31,Timer,0.4303835332393646
Sample 0,Time-MoE,0.5395340323448181
Sample 0,Moirai,0.46046602725982666
Sample 1,Chronos,0.5214619636535645
Sample 1,TimesFM,0.4785380959510803
Sample 2,TimesFM,0.7069236636161804
Sample 2,Time-MoE,0.2930763363838196
Sample 3,Moirai,0.521415650844574
Sample 3,TimesFM,0.478584349155426
Sample 4,TimesFM,0.5225693583488464
Sample 4,Timer,0.47743064165115356
Sample 5,Moirai,0.5504432916641235
Sample 5,Timer,0.44955673813819885
Sample 6,Chronos,0.5682130455970764
Sample 6,Time-MoE,0.4317869246006012
Sample 7,Chronos,0.5456923246383667
Sample 7,Time-MoE,0.4543077349662781
Sample 8,Time-MoE,0.5791047811508179
Sample 8,Chronos,0.42089521884918213
Sample 9,Time-MoE,0.5043740272521973
Sample 9,Chronos,0.49562597274780273
Sample 10,Timer,0.6078193783760071
Sample 10,Chronos,0.39218059182167053
Sample 11,Chronos,0.6579651832580566
Sample 11,Moirai,0.34203481674194336
Sample 12,TimesFM,0.6250576972961426
Sample 12,Moirai,0.3749423027038574
Sample 13,Timer,0.5754804611206055
Sample 13,TimesFM,0.42451950907707214
Sample 14,Time-MoE,0.5849214196205139
Sample 14,Moirai,0.4150785803794861
Sample 15,TimesFM,0.5339337587356567
Sample 15,Moirai,0.46606624126434326
Sample 0,Timer,0.7165868878364563
Sample 0,TimesFM,0.2834131121635437
Sample 1,Moirai,0.5914773344993591
Sample 1,Timer,0.4085226356983185
Sample 2,Timer,0.6003138422966003
Sample 2,Chronos,0.39968615770339966
Sample 3,Chronos,0.5927795171737671
Sample 3,TimesFM,0.4072204828262329
Sample 4,Moirai,0.564604640007019
Sample 4,Time-MoE,0.43539538979530334
Sample 5,TimesFM,0.7695997357368469
Sample 5,Timer,0.2304002046585083
Sample 6,Moirai,0.5033506751060486
Sample 6,Timer,0.49664929509162903
Sample 7,Timer,0.7017632126808167
Sample 7,Time-MoE,0.29823678731918335
Sample 8,TimesFM,0.5125903487205505
Sample 8,Time-MoE,0.48740965127944946
Sample 9,Moirai,0.5426306128501892
Sample 9,TimesFM,0.4573693871498108
Sample 10,Time-MoE,0.5493351221084595
Sample 10,Chronos,0.45066481828689575
Sample 11,Timer,0.5654371976852417
Sample 11,TimesFM,0.4345628321170807
Sample 12,Moirai,0.5537041425704956
Sample 12,Timer,0.4462958872318268
Sample 13,Time-MoE,0.5445346236228943
Sample 13,Timer,0.4554653465747833
Sample 14,Chronos,0.5053249001502991
Sample 14,Timer,0.49467504024505615
Sample 15,TimesFM,0.5127312541007996
Sample 15,Chronos,0.48726874589920044
Sample 16,Timer,0.5507842302322388
Sample 16,Time-MoE,0.44921573996543884
Sample 17,Chronos,0.5333683490753174
Sample 17,TimesFM,0.4666316509246826
Sample 18,Moirai,0.5294362902641296
Sample 18,Chronos,0.47056373953819275
Sample 19,Chronos,0.716338574886322
Sample 19,TimesFM,0.2836613655090332
Sample 20,Time-MoE,0.6952746510505676
Sample 20,Moirai,0.30472531914711
Sample 21,Moirai,0.5288382768630981
Sample 21,Timer,0.47116172313690186
Sample 22,Timer,0.5018535852432251
Sample 22,Moirai,0.4981464147567749
Sample 23,Timer,0.8382230997085571
Sample 23,Chronos,0.16177693009376526
Sample 24,Timer,0.7243875861167908
Sample 24,Chronos,0.2756124436855316
Sample 25,Timer,0.5282278656959534
Sample 25,Moirai,0.47177210450172424
Sample 26,TimesFM,0.8085045218467712
Sample 26,Chronos,0.19149541854858398
Sample 27,Chronos,0.6960704326629639
Sample 27,Time-MoE,0.30392956733703613
Sample 28,Time-MoE,0.6104406118392944
Sample 28,Timer,0.38955941796302795
Sample 29,Time-MoE,0.6833692193031311
Sample 29,TimesFM,0.3166308104991913
Sample 30,TimesFM,0.6309329271316528
Sample 30,Time-MoE,0.36906707286834717
Sample 31,Time-MoE,0.7256404161453247
Sample 31,Moirai,0.2743596136569977
Sample 0,TimesFM,0.5034693479537964
Sample 0,Chronos,0.4965306520462036
Sample 1,Chronos,0.6358222961425781
Sample 1,TimesFM,0.3641776740550995
Sample 2,Time-MoE,0.5887197852134705
Sample 2,Chronos,0.4112802743911743
Sample 3,Chronos,0.5605013370513916
Sample 3,Timer,0.439498633146286
Sample 4,TimesFM,0.7436636090278625
Sample 4,Moirai,0.25633636116981506
Sample 5,Time-MoE,0.5595697164535522
Sample 5,Timer,0.44043025374412537
Sample 6,TimesFM,0.6257856488227844
Sample 6,Chronos,0.3742142915725708
Sample 7,Chronos,0.545394241809845
Sample 7,Moirai,0.45460575819015503
Sample 8,Moirai,0.6103652715682983
Sample 8,Timer,0.38963475823402405
Sample 9,TimesFM,0.5924757122993469
Sample 9,Chronos,0.4075242280960083
Sample 10,Time-MoE,0.5506818890571594
Sample 10,TimesFM,0.4493180811405182
Sample 11,TimesFM,0.5598939657211304
Sample 11,Moirai,0.44010603427886963
Sample 12,Time-MoE,0.6025522947311401
Sample 12,Timer,0.39744773507118225
Sample 13,Chronos,0.6459471583366394
Sample 13,TimesFM,0.354052871465683
Sample 14,Chronos,0.6286095380783081
Sample 14,Moirai,0.3713904917240143
Sample 15,Timer,0.7038432359695435
Sample 15,TimesFM,0.29615670442581177
Sample 16,TimesFM,0.669642448425293
Sample 16,Time-MoE,0.33035752177238464
Sample 17,TimesFM,0.7963408827781677
Sample 17,Chronos,0.20365910232067108
Sample 18,Timer,0.5708813071250916
Sample 18,Moirai,0.42911869287490845
Sample 19,Chronos,0.5897467732429504
Sample 19,Time-MoE,0.41025322675704956
Sample 20,Moirai,0.6648610234260559
Sample 20,TimesFM,0.3351389765739441
Sample 21,Time-MoE,0.6728435158729553
Sample 21,Chronos,0.3271564841270447
Sample 22,Time-MoE,0.7326130867004395
Sample 22,Chronos,0.26738694310188293
Sample 23,Moirai,0.5275332927703857
Sample 23,Chronos,0.47246670722961426
Sample 24,Chronos,0.5281864404678345
Sample 24,Time-MoE,0.4718135595321655
Sample 25,Moirai,0.7162283658981323
Sample 25,Chronos,0.2837716042995453
Sample 26,Time-MoE,0.5163108706474304
Sample 26,TimesFM,0.4836890995502472
Sample 27,Moirai,0.6675288677215576
Sample 27,Time-MoE,0.3324711322784424
Sample 28,TimesFM,0.536128044128418
Sample 28,Timer,0.4638719856739044
Sample 29,Moirai,0.5651751160621643
Sample 29,Time-MoE,0.4348248541355133
Sample 30,Moirai,0.7379472255706787
Sample 30,Time-MoE,0.2620527148246765
Sample 31,Timer,0.6395664811134338
Sample 31,TimesFM,0.3604334592819214
Sample 0,Time-MoE,0.5620062947273254
Sample 0,Chronos,0.43799376487731934
Sample 1,Chronos,0.6252720952033997
Sample 1,Timer,0.37472790479660034
Sample 2,TimesFM,0.6104945540428162
Sample 2,Moirai,0.3895054757595062
Sample 3,TimesFM,0.5453197360038757
Sample 3,Timer,0.45468029379844666
Sample 4,Chronos,0.7325451970100403
Sample 4,Time-MoE,0.2674548327922821
Sample 5,Timer,0.6131028532981873
Sample 5,Moirai,0.3868972063064575
Sample 6,Timer,0.5723874568939209
Sample 6,Chronos,0.4276125431060791
Sample 7,Timer,0.5265147089958191
Sample 7,Moirai,0.4734852612018585
Sample 8,Time-MoE,0.51445072889328
Sample 8,Moirai,0.48554930090904236
Sample 9,Time-MoE,0.5546822547912598
Sample 9,Moirai,0.4453177750110626
Sample 10,Moirai,0.5048407316207886
Sample 10,Timer,0.4951592981815338
Sample 11,TimesFM,0.5816784501075745
Sample 11,Chronos,0.4183215796947479
Sample 12,Timer,0.5733744502067566
Sample 12,Time-MoE,0.4266255795955658
Sample 13,Moirai,0.5621678829193115
Sample 13,Timer,0.4378321170806885
Sample 14,TimesFM,0.8839357495307922
Sample 14,Timer,0.11606418341398239
Sample 15,Time-MoE,0.6315076351165771
Sample 15,Moirai,0.36849239468574524
Sample 16,Chronos,0.5746142864227295
Sample 16,Time-MoE,0.4253857135772705
Sample 17,Timer,0.5417182445526123
Sample 17,Moirai,0.4582816958427429
Sample 18,Chronos,0.6028813719749451
Sample 18,Timer,0.3971186876296997
Sample 19,Time-MoE,0.6274780631065369
Sample 19,Moirai,0.37252193689346313
Sample 20,Chronos,0.5969176292419434
Sample 20,TimesFM,0.40308237075805664
Sample 21,Moirai,0.5505746603012085
Sample 21,Timer,0.4494253993034363
Sample 22,Time-MoE,0.551416277885437
Sample 22,TimesFM,0.4485836923122406
Sample 23,Time-MoE,0.6133809089660645
Sample 23,Chronos,0.38661912083625793
Sample 24,Moirai,0.522783637046814
Sample 24,Timer,0.47721633315086365
Sample 25,Chronos,0.5589447021484375
Sample 25,TimesFM,0.4410552978515625
Sample 26,Moirai,0.5054957270622253
Sample 26,TimesFM,0.49450427293777466
Sample 27,Timer,0.5210227370262146
Sample 27,TimesFM,0.4789772927761078
Sample 28,Chronos,0.615479588508606
Sample 28,Time-MoE,0.38452038168907166
Sample 29,TimesFM,0.5022904872894287
Sample 29,Moirai,0.4977095425128937
Sample 30,Chronos,0.7450457811355591
Sample 30,TimesFM,0.2549542784690857
Sample 31,Chronos,0.6241961121559143
Sample 31,TimesFM,0.3758039176464081
Sample 0,Timer,0.5617018938064575
Sample 0,TimesFM,0.4382980763912201
Sample 1,Chronos,0.5514029860496521
Sample 1,Moirai,0.4485969841480255
Sample 2,Time-MoE,0.5012699961662292
Sample 2,TimesFM,0.49872997403144836
Sample 3,Timer,0.5109714269638062
Sample 3,Moirai,0.48902857303619385
Sample 4,Moirai,0.601763904094696
Sample 4,TimesFM,0.39823609590530396
Sample 5,Time-MoE,0.5236400365829468
Sample 5,Timer,0.4763599634170532
Sample 6,Time-MoE,0.6126876473426819
Sample 6,Chronos,0.3873123228549957
Sample 7,Moirai,0.6042588949203491
Sample 7,TimesFM,0.39574116468429565
Sample 8,Moirai,0.6007773280143738
Sample 8,TimesFM,0.3992226719856262
Sample 9,Moirai,0.5442918539047241
Sample 9,Time-MoE,0.4557081460952759
Sample 10,Moirai,0.6909430623054504
Sample 10,Chronos,0.3090569078922272
Sample 11,Chronos,0.7009848952293396
Sample 11,Moirai,0.2990150451660156
Sample 12,Timer,0.7057425379753113
Sample 12,Chronos,0.2942575216293335
Sample 13,Time-MoE,0.6769236326217651
Sample 13,Chronos,0.3230763375759125
Sample 14,Chronos,0.5433704257011414
Sample 14,Timer,0.45662954449653625
Sample 15,TimesFM,0.5052621960639954
Sample 15,Moirai,0.49473780393600464
Sample 16,Timer,0.6437738537788391
Sample 16,Chronos,0.3562261164188385
Sample 17,TimesFM,0.5383754968643188
Sample 17,Moirai,0.46162450313568115
Sample 18,TimesFM,0.5265620946884155
Sample 18,Chronos,0.4734378755092621
Sample 19,Moirai,0.7109272480010986
Sample 19,TimesFM,0.28907275199890137
Sample 20,Chronos,0.5157859921455383
Sample 20,Timer,0.48421406745910645
Sample 21,TimesFM,0.8475498557090759
Sample 21,Timer,0.1524500995874405
Sample 22,Chronos,0.6337965726852417
Sample 22,TimesFM,0.3662033975124359
Sample 23,Time-MoE,0.5184258818626404
Sample 23,Chronos,0.48157405853271484
Sample 24,Moirai,0.5916527509689331
Sample 24,TimesFM,0.4083472788333893
Sample 25,Chronos,0.7186540961265564
Sample 25,Moirai,0.2813459038734436
Sample 26,Moirai,0.5406491756439209
Sample 26,TimesFM,0.4593508541584015
Sample 27,TimesFM,0.5193278193473816
Sample 27,Moirai,0.4806722104549408
Sample 28,Timer,0.5228610038757324
Sample 28,Time-MoE,0.47713905572891235
Sample 29,Timer,0.5115459561347961
Sample 29,Time-MoE,0.48845407366752625
Sample 30,Chronos,0.6509565114974976
Sample 30,TimesFM,0.34904351830482483
Sample 31,TimesFM,0.5886887311935425
Sample 31,Time-MoE,0.4113112986087799
Sample 0,Time-MoE,0.5790214538574219
Sample 0,Chronos,0.42097851634025574
Sample 1,Moirai,0.5650601387023926
Sample 1,TimesFM,0.4349399209022522
Sample 2,Chronos,0.6723270416259766
Sample 2,TimesFM,0.32767295837402344
Sample 3,Chronos,0.5767879486083984
Sample 3,TimesFM,0.42321208119392395
Sample 4,Chronos,0.6044159531593323
Sample 4,Moirai,0.39558401703834534
Sample 5,Time-MoE,0.541223406791687
Sample 5,Chronos,0.4587766230106354
Sample 6,Moirai,0.600902795791626
Sample 6,TimesFM,0.399097204208374
Sample 7,Timer,0.5614433884620667
Sample 7,TimesFM,0.43855658173561096
Sample 8,TimesFM,0.5113401412963867
Sample 8,Moirai,0.4886598587036133
Sample 9,Time-MoE,0.6033248901367188
Sample 9,Chronos,0.39667510986328125
Sample 10,Timer,0.578131914138794
Sample 10,Time-MoE,0.42186808586120605
Sample 11,Chronos,0.7181268334388733
Sample 11,Timer,0.2818732261657715
Sample 12,Time-MoE,0.8750711679458618
Sample 12,TimesFM,0.1249288022518158
Sample 13,Timer,0.5177279710769653
Sample 13,Time-MoE,0.48227202892303467
Sample 14,Chronos,0.7094501256942749
Sample 14,Time-MoE,0.2905498445034027
Sample 15,Time-MoE,0.8221783638000488
Sample 15,TimesFM,0.1778215914964676
Sample 16,Chronos,0.5682302117347717
Sample 16,TimesFM,0.4317697286605835
Sample 17,Moirai,0.8171911835670471
Sample 17,Timer,0.18280886113643646
Sample 18,Time-MoE,0.5165417194366455
Sample 18,TimesFM,0.4834582805633545
Sample 19,Timer,0.5098574757575989
Sample 19,Time-MoE,0.4901425242424011
Sample 20,Time-MoE,0.5682564973831177
Sample 20,Timer,0.43174347281455994
Sample 21,Moirai,0.5898477435112
Sample 21,Timer,0.41015225648880005
Sample 22,Moirai,0.563896119594574
Sample 22,Timer,0.43610385060310364
Sample 23,Timer,0.8360622525215149
Sample 23,TimesFM,0.1639377623796463
Sample 24,Time-MoE,0.5178521275520325
Sample 24,TimesFM,0.48214787244796753
Sample 25,TimesFM,0.5069876313209534
Sample 25,Time-MoE,0.493012398481369
Sample 26,Time-MoE,0.6027590036392212
Sample 26,TimesFM,0.3972409665584564
Sample 27,Time-MoE,0.5526448488235474
Sample 27,TimesFM,0.4473552107810974
Sample 28,Time-MoE,0.6903559565544128
Sample 28,Chronos,0.30964404344558716
Sample 29,Chronos,0.7125653028488159
Sample 29,Time-MoE,0.2874346673488617
Sample 30,Moirai,0.753529965877533
Sample 30,Chronos,0.24647003412246704
Sample 31,Timer,0.7312573194503784
Sample 31,Chronos,0.26874274015426636
Sample 0,Time-MoE,0.5121782422065735
Sample 0,Chronos,0.4878217875957489
Sample 1,Time-MoE,0.6629812717437744
Sample 1,Moirai,0.337018758058548
Sample 2,Time-MoE,0.5413726568222046
Sample 2,Chronos,0.4586274027824402
Sample 3,Time-MoE,0.532822847366333
Sample 3,TimesFM,0.46717721223831177
Sample 4,Timer,0.5299920439720154
Sample 4,Moirai,0.4700079560279846
Sample 5,Chronos,0.5853184461593628
Sample 5,TimesFM,0.4146815836429596
Sample 6,Moirai,0.7996844053268433
Sample 6,Timer,0.20031553506851196
Sample 7,Chronos,0.7554258704185486
Sample 7,Time-MoE,0.24457409977912903
Sample 8,Moirai,0.6469910740852356
Sample 8,Timer,0.3530089259147644
Sample 9,Chronos,0.5803300738334656
Sample 9,Moirai,0.4196699261665344
Sample 10,Moirai,0.6117883324623108
Sample 10,Chronos,0.3882116973400116
Sample 11,TimesFM,0.6926177144050598
Sample 11,Timer,0.3073822855949402
Sample 12,Moirai,0.551497220993042
Sample 12,Timer,0.448502779006958
Sample 13,Moirai,0.6269384026527405
Sample 13,TimesFM,0.37306153774261475
Sample 14,Time-MoE,0.5059648752212524
Sample 14,Timer,0.49403515458106995
Sample 15,Chronos,0.6994878053665161
Sample 15,Time-MoE,0.3005122244358063
Sample 16,TimesFM,0.5382342338562012
Sample 16,Chronos,0.46176573634147644
Sample 17,TimesFM,0.5109764933586121
Sample 17,Chronos,0.48902347683906555
Sample 18,Timer,0.6610309481620789
Sample 18,Moirai,0.3389691114425659
Sample 19,Time-MoE,0.5278244614601135
Sample 19,TimesFM,0.4721755087375641
Sample 20,Moirai,0.5573543906211853
Sample 20,TimesFM,0.4426456093788147
Sample 21,Moirai,0.5771976113319397
Sample 21,Time-MoE,0.4228023588657379
Sample 22,Chronos,0.8696868419647217
Sample 22,Timer,0.1303132027387619
Sample 23,Time-MoE,0.5707959532737732
Sample 23,Moirai,0.4292040467262268
Sample 24,Time-MoE,0.7669912576675415
Sample 24,Timer,0.2330087125301361
Sample 25,Timer,0.5134847164154053
Sample 25,TimesFM,0.4865153133869171
Sample 26,Chronos,0.5303822159767151
Sample 26,TimesFM,0.4696177840232849
Sample 27,Time-MoE,0.7705212831497192
Sample 27,TimesFM,0.22947876155376434
Sample 28,Timer,0.6726737022399902
Sample 28,Moirai,0.32732629776000977
Sample 29,TimesFM,0.6965771317481995
Sample 29,Moirai,0.30342286825180054
Sample 30,TimesFM,0.6455193161964417
Sample 30,Timer,0.35448068380355835
Sample 31,Timer,0.8726847767829895
Sample 31,Time-MoE,0.1273152381181717
Sample 0,Timer,0.5266578793525696
Sample 0,Chronos,0.47334209084510803
Sample 1,Time-MoE,0.7671725153923035
Sample 1,Timer,0.23282745480537415
Sample 2,TimesFM,0.8116600513458252
Sample 2,Timer,0.18833991885185242
Sample 3,TimesFM,0.655105710029602
Sample 3,Timer,0.3448942303657532
Sample 4,Chronos,0.5153459310531616
Sample 4,Timer,0.48465409874916077
Sample 5,Time-MoE,0.7656465172767639
Sample 5,Moirai,0.23435348272323608
Sample 6,Chronos,0.6094613671302795
Sample 6,Time-MoE,0.39053866267204285
Sample 7,Time-MoE,0.596634566783905
Sample 7,Moirai,0.4033654034137726
Sample 8,Time-MoE,0.5393472909927368
Sample 8,Timer,0.4606526792049408
Sample 9,TimesFM,0.5357048511505127
Sample 9,Timer,0.4642951190471649
Sample 10,TimesFM,0.6619893312454224
Sample 10,Time-MoE,0.3380106985569
Sample 11,Chronos,0.7854611277580261
Sample 11,Timer,0.21453887224197388
Sample 12,Chronos,0.559441328048706
Sample 12,Timer,0.44055864214897156
Sample 13,Time-MoE,0.5767191052436829
Sample 13,Timer,0.4232809245586395
Sample 14,Time-MoE,0.6552449464797974
Sample 14,Moirai,0.34475502371788025
Sample 15,TimesFM,0.5780123472213745
Sample 15,Chronos,0.4219875931739807
Sample 0,Timer,0.5159046649932861
Sample 0,Moirai,0.48409533500671387
Sample 1,TimesFM,0.5690101981163025
Sample 1,Moirai,0.43098974227905273
Sample 2,Timer,0.6569926142692566
Sample 2,TimesFM,0.3430074155330658
Sample 3,TimesFM,0.7603632807731628
Sample 3,Timer,0.23963671922683716
Sample 4,TimesFM,0.7186029553413391
Sample 4,Timer,0.2813970148563385
Sample 5,Chronos,0.5278182625770569
Sample 5,TimesFM,0.4721817970275879
Sample 6,Chronos,0.7673065662384033
Sample 6,Time-MoE,0.23269344866275787
Sample 7,Timer,0.6594482064247131
Sample 7,Moirai,0.34055179357528687
Sample 8,Timer,0.588598906993866
Sample 8,Chronos,0.41140109300613403
Sample 9,TimesFM,0.5832471251487732
Sample 9,Moirai,0.4167529046535492
Sample 10,Moirai,0.5492933392524719
Sample 10,Timer,0.45070669054985046
Sample 11,Moirai,0.5131548643112183
Sample 11,TimesFM,0.4868451654911041
Sample 12,Timer,0.6873205900192261
Sample 12,Moirai,0.3126794397830963
Sample 13,Moirai,0.5000526905059814
Sample 13,Timer,0.49994733929634094
Sample 14,TimesFM,0.6890515089035034
Sample 14,Moirai,0.3109484612941742
Sample 15,Time-MoE,0.5231367349624634
Sample 15,TimesFM,0.4768632650375366
Sample 16,Time-MoE,0.5285118222236633
Sample 16,TimesFM,0.47148820757865906
Sample 17,Chronos,0.516578197479248
Sample 17,Moirai,0.48342177271842957
Sample 18,Chronos,0.7452894449234009
Sample 18,TimesFM,0.2547106146812439
Sample 19,Moirai,0.5808142423629761
Sample 19,Timer,0.4191858172416687
Sample 20,Timer,0.5488256216049194
Sample 20,Time-MoE,0.45117437839508057
Sample 21,Time-MoE,0.5688633322715759
Sample 21,Chronos,0.4311366379261017
Sample 22,Timer,0.5756945013999939
Sample 22,TimesFM,0.4243055284023285
Sample 23,Timer,0.5725189447402954
Sample 23,Chronos,0.4274810254573822
Sample 24,Timer,0.712988018989563
Sample 24,Moirai,0.2870119512081146
Sample 25,Chronos,0.633534848690033
Sample 25,Moirai,0.36646518111228943
Sample 26,TimesFM,0.5400996804237366
Sample 26,Time-MoE,0.45990028977394104
Sample 27,Moirai,0.6218159198760986
Sample 27,Time-MoE,0.3781840205192566
Sample 28,Time-MoE,0.580477237701416
Sample 28,TimesFM,0.41952279210090637
Sample 29,Time-MoE,0.6403758525848389
Sample 29,Chronos,0.35962414741516113
Sample 30,TimesFM,0.5137856602668762
Sample 30,Time-MoE,0.48621439933776855
Sample 31,Moirai,0.8481201529502869
Sample 31,Chronos,0.15187983214855194
Sample 0,Timer,0.6452124118804932
Sample 0,TimesFM,0.35478752851486206
Sample 1,Moirai,0.760246992111206
Sample 1,Chronos,0.23975299298763275
Sample 2,Moirai,0.6321862936019897
Sample 2,Timer,0.36781367659568787
Sample 3,TimesFM,0.6146976351737976
Sample 3,Timer,0.3853023946285248
Sample 4,TimesFM,0.5980868339538574
Sample 4,Moirai,0.4019131362438202
Sample 5,Time-MoE,0.6786442995071411
Sample 5,Moirai,0.32135576009750366
Sample 6,Chronos,0.6312345862388611
Sample 6,TimesFM,0.36876535415649414
Sample 7,Moirai,0.8669062852859497
Sample 7,Time-MoE,0.1330937147140503
Sample 8,TimesFM,0.5472410917282104
Sample 8,Moirai,0.45275890827178955
Sample 9,TimesFM,0.5814496874809265
Sample 9,Chronos,0.4185503125190735
Sample 10,Chronos,0.5634865760803223
Sample 10,Moirai,0.43651339411735535
Sample 11,TimesFM,0.5073718428611755
Sample 11,Moirai,0.49262818694114685
Sample 12,TimesFM,0.898463249206543
Sample 12,Time-MoE,0.10153680294752121
Sample 13,Moirai,0.5455403923988342
Sample 13,TimesFM,0.454459547996521
Sample 14,Time-MoE,0.6463494896888733
Sample 14,Chronos,0.3536505401134491
Sample 15,TimesFM,0.5292536616325378
Sample 15,Moirai,0.47074630856513977
Sample 16,Time-MoE,0.5266854166984558
Sample 16,TimesFM,0.4733146131038666
Sample 17,Time-MoE,0.5748637318611145
Sample 17,TimesFM,0.4251362383365631
Sample 18,Timer,0.6743292212486267
Sample 18,Moirai,0.3256707489490509
Sample 19,Time-MoE,0.528356671333313
Sample 19,TimesFM,0.471643328666687
Sample 20,Timer,0.6032456159591675
Sample 20,TimesFM,0.39675435423851013
Sample 21,Moirai,0.6269614696502686
Sample 21,Timer,0.37303847074508667
Sample 22,TimesFM,0.6308465600013733
Sample 22,Timer,0.3691534101963043
Sample 23,Timer,0.6832861304283142
Sample 23,Chronos,0.3167138397693634
Sample 24,Chronos,0.6417055726051331
Sample 24,Timer,0.35829442739486694
Sample 25,Chronos,0.5378648042678833
Sample 25,Timer,0.4621352255344391
Sample 26,Timer,0.6731968522071838
Sample 26,Chronos,0.32680317759513855
Sample 27,Moirai,0.5759919285774231
Sample 27,Timer,0.4240080714225769
Sample 28,Chronos,0.62107253074646
Sample 28,Timer,0.37892743945121765
Sample 29,Moirai,0.5926814079284668
Sample 29,Timer,0.4073185622692108
Sample 30,Moirai,0.6905698776245117
Sample 30,TimesFM,0.3094301223754883
Sample 31,Time-MoE,0.5891603827476501
Sample 31,Timer,0.41083958745002747
Sample 0,Time-MoE,0.6658039689064026
Sample 0,TimesFM,0.3341960608959198
Sample 1,Moirai,0.691551148891449
Sample 1,TimesFM,0.308448851108551
Sample 2,Time-MoE,0.6288301944732666
Sample 2,Timer,0.3711698055267334
Sample 3,Chronos,0.5462034344673157
Sample 3,Moirai,0.4537965655326843
Sample 4,Time-MoE,0.5047349333763123
Sample 4,TimesFM,0.49526503682136536
Sample 5,Chronos,0.715919017791748
Sample 5,TimesFM,0.28408098220825195
Sample 6,Moirai,0.570728600025177
Sample 6,Timer,0.4292714297771454
Sample 7,Chronos,0.5081923007965088
Sample 7,Time-MoE,0.4918076992034912
Sample 8,Timer,0.5580143928527832
Sample 8,TimesFM,0.4419855773448944
Sample 9,Chronos,0.685441255569458
Sample 9,Timer,0.31455880403518677
Sample 10,Time-MoE,0.6663031578063965
Sample 10,Chronos,0.3336968421936035
Sample 11,Time-MoE,0.511049211025238
Sample 11,TimesFM,0.4889507591724396
Sample 12,Time-MoE,0.525733470916748
Sample 12,TimesFM,0.47426652908325195
Sample 13,Time-MoE,0.7258881330490112
Sample 13,Chronos,0.27411186695098877
Sample 14,TimesFM,0.6576839089393616
Sample 14,Timer,0.3423161506652832
Sample 15,Time-MoE,0.7874972224235535
Sample 15,TimesFM,0.21250280737876892
Sample 16,Time-MoE,0.6456331610679626
Sample 16,Timer,0.35436680912971497
Sample 17,Time-MoE,0.7958216667175293
Sample 17,Chronos,0.2041783183813095
Sample 18,Moirai,0.6101326942443848
Sample 18,Chronos,0.38986736536026
Sample 19,Timer,0.5311400294303894
Sample 19,Time-MoE,0.4688599705696106
Sample 20,Moirai,0.5452399849891663
Sample 20,Timer,0.45475998520851135
Sample 21,Time-MoE,0.7243248820304871
Sample 21,TimesFM,0.27567511796951294
Sample 22,Time-MoE,0.520709753036499
Sample 22,TimesFM,0.4792902171611786
Sample 23,TimesFM,0.7128685116767883
Sample 23,Chronos,0.28713151812553406
Sample 24,Timer,0.5547172427177429
Sample 24,Time-MoE,0.4452827572822571
Sample 25,Time-MoE,0.9028545022010803
Sample 25,Timer,0.0971454605460167
Sample 26,Chronos,0.6458154320716858
Sample 26,Timer,0.35418450832366943
Sample 27,Chronos,0.5094627141952515
Sample 27,Moirai,0.49053725600242615
Sample 28,Time-MoE,0.5594421029090881
Sample 28,TimesFM,0.44055789709091187
Sample 29,Time-MoE,0.615186870098114
Sample 29,Chronos,0.38481318950653076
Sample 30,Chronos,0.6518898606300354
Sample 30,Timer,0.3481101393699646
Sample 31,Timer,0.6877431869506836
Sample 31,Chronos,0.3122568130493164
Sample 0,Timer,0.8141711354255676
Sample 0,Time-MoE,0.18582883477210999
Sample 1,Time-MoE,0.5265405178070068
Sample 1,Moirai,0.4734594225883484
Sample 2,Moirai,0.701080858707428
Sample 2,Timer,0.29891908168792725
Sample 3,Moirai,0.5390287637710571
Sample 3,Chronos,0.4609712064266205
Sample 4,Chronos,0.5066927671432495
Sample 4,Timer,0.4933072626590729
Sample 5,TimesFM,0.5597672462463379
Sample 5,Chronos,0.4402327239513397
Sample 6,Time-MoE,0.8312355279922485
Sample 6,Chronos,0.1687644124031067
Sample 7,Timer,0.6884856224060059
Sample 7,Moirai,0.31151440739631653
Sample 8,Time-MoE,0.7423240542411804
Sample 8,Timer,0.2576759457588196
Sample 9,Chronos,0.7004266381263733
Sample 9,TimesFM,0.2995733320713043
Sample 10,TimesFM,0.5573260188102722
Sample 10,Moirai,0.44267404079437256
Sample 11,Time-MoE,0.5562470555305481
Sample 11,Moirai,0.4437529742717743
Sample 12,Moirai,0.8417975902557373
Sample 12,Chronos,0.1582023948431015
Sample 13,Chronos,0.585914134979248
Sample 13,Time-MoE,0.41408583521842957
Sample 14,Chronos,0.712676465511322
Sample 14,Moirai,0.287323534488678
Sample 15,Time-MoE,0.6125395894050598
Sample 15,TimesFM,0.3874603807926178
Sample 16,TimesFM,0.5781939625740051
Sample 16,Time-MoE,0.42180606722831726
Sample 17,Moirai,0.5272761583328247
Sample 17,Timer,0.47272390127182007
Sample 18,Time-MoE,0.5281837582588196
Sample 18,Timer,0.47181621193885803
Sample 19,Time-MoE,0.6331626772880554
Sample 19,Moirai,0.36683735251426697
Sample 20,Timer,0.5916417837142944
Sample 20,Chronos,0.40835824608802795
Sample 21,TimesFM,0.5232440233230591
Sample 21,Timer,0.4767560362815857
Sample 22,Moirai,0.6679248809814453
Sample 22,TimesFM,0.3320751190185547
Sample 23,Timer,0.6608336567878723
Sample 23,Moirai,0.3391662836074829
Sample 24,Time-MoE,0.5808661580085754
Sample 24,Timer,0.4191338121891022
Sample 25,TimesFM,0.598280668258667
Sample 25,Chronos,0.4017193615436554
Sample 26,Time-MoE,0.6592733263969421
Sample 26,Chronos,0.34072673320770264
Sample 27,TimesFM,0.5800599455833435
Sample 27,Time-MoE,0.4199400544166565
Sample 28,Time-MoE,0.5510310530662537
Sample 28,TimesFM,0.44896894693374634
Sample 29,Timer,0.5444588661193848
Sample 29,Moirai,0.45554113388061523
Sample 30,Chronos,0.8978861570358276
Sample 30,Timer,0.10211386531591415
Sample 31,Time-MoE,0.5039530396461487
Sample 31,Timer,0.4960469901561737
Sample 0,Moirai,0.5150651931762695
Sample 0,Time-MoE,0.48493486642837524
Sample 1,Timer,0.512554407119751
Sample 1,TimesFM,0.48744556307792664
Sample 2,TimesFM,0.8063655495643616
Sample 2,Chronos,0.19363440573215485
Sample 3,TimesFM,0.6658295392990112
Sample 3,Moirai,0.33417046070098877
Sample 4,Time-MoE,0.7285667061805725
Sample 4,Timer,0.2714332640171051
Sample 5,TimesFM,0.5688516497612
Sample 5,Moirai,0.43114835023880005
Sample 6,Chronos,0.5557395815849304
Sample 6,Timer,0.44426044821739197
Sample 7,Moirai,0.5946732759475708
Sample 7,Time-MoE,0.4053267240524292
Sample 8,Moirai,0.5945602655410767
Sample 8,Timer,0.4054397642612457
Sample 9,TimesFM,0.5324804782867432
Sample 9,Moirai,0.46751952171325684
Sample 10,Moirai,0.7087198495864868
Sample 10,Chronos,0.29128018021583557
Sample 11,Chronos,0.663532555103302
Sample 11,TimesFM,0.336467444896698
Sample 12,Time-MoE,0.7011758089065552
Sample 12,TimesFM,0.2988242208957672
Sample 13,Time-MoE,0.7021885514259338
Sample 13,Timer,0.2978114187717438
Sample 14,Chronos,0.6121618151664734
Sample 14,Moirai,0.3878381848335266
Sample 15,Time-MoE,0.7285078167915344
Sample 15,Timer,0.27149221301078796
Sample 16,Time-MoE,0.5625938773155212
Sample 16,Chronos,0.437406063079834
Sample 17,Chronos,0.5768821835517883
Sample 17,Time-MoE,0.4231177866458893
Sample 18,Timer,0.6656506657600403
Sample 18,TimesFM,0.3343493938446045
Sample 19,Timer,0.5865085124969482
Sample 19,Chronos,0.41349151730537415
Sample 20,Timer,0.6296405792236328
Sample 20,Chronos,0.3703594505786896
Sample 21,Time-MoE,0.6758276224136353
Sample 21,Timer,0.32417231798171997
Sample 22,Chronos,0.5997021794319153
Sample 22,TimesFM,0.40029779076576233
Sample 23,Moirai,0.5482702255249023
Sample 23,Timer,0.45172977447509766
Sample 24,Time-MoE,0.5783418416976929
Sample 24,Timer,0.4216581881046295
Sample 25,Time-MoE,0.7165777683258057
Sample 25,TimesFM,0.2834222614765167
Sample 26,Moirai,0.7074234485626221
Sample 26,Time-MoE,0.2925765812397003
Sample 27,TimesFM,0.5119243264198303
Sample 27,Moirai,0.4880756735801697
Sample 28,TimesFM,0.5232223868370056
Sample 28,Chronos,0.4767776131629944
Sample 29,TimesFM,0.678918719291687
Sample 29,Chronos,0.321081280708313
Sample 30,Moirai,0.6151955127716064
Sample 30,TimesFM,0.38480445742607117
Sample 31,Timer,0.6730256676673889
Sample 31,Chronos,0.3269743323326111
Sample 0,Time-MoE,0.6217347383499146
Sample 0,Chronos,0.37826529145240784
Sample 1,TimesFM,0.5328130125999451
Sample 1,Moirai,0.46718695759773254
Sample 2,Chronos,0.5082083344459534
Sample 2,TimesFM,0.49179166555404663
Sample 3,Moirai,0.5172346234321594
Sample 3,Time-MoE,0.4827653765678406
Sample 4,Timer,0.6566309332847595
Sample 4,TimesFM,0.3433690667152405
Sample 5,Chronos,0.6392658948898315
Sample 5,Timer,0.36073416471481323
Sample 6,Moirai,0.6468299627304077
Sample 6,Time-MoE,0.3531700074672699
Sample 7,Moirai,0.6790395975112915
Sample 7,TimesFM,0.3209604024887085
Sample 8,TimesFM,0.5780894160270691
Sample 8,Chronos,0.4219106137752533
Sample 9,Chronos,0.6344999074935913
Sample 9,TimesFM,0.3655000329017639
Sample 10,Time-MoE,0.8482670783996582
Sample 10,Moirai,0.1517328917980194
Sample 11,Chronos,0.8060301542282104
Sample 11,TimesFM,0.19396981596946716
Sample 12,Moirai,0.5839326977729797
Sample 12,Time-MoE,0.41606733202934265
Sample 13,Chronos,0.6206480264663696
Sample 13,TimesFM,0.379351943731308
Sample 14,Timer,0.5925804972648621
Sample 14,TimesFM,0.40741950273513794
Sample 15,TimesFM,0.699924111366272
Sample 15,Chronos,0.30007585883140564
Sample 16,Time-MoE,0.7274054288864136
Sample 16,Chronos,0.2725945711135864
Sample 17,TimesFM,0.7051888704299927
Sample 17,Timer,0.29481109976768494
Sample 18,Moirai,0.5357018709182739
Sample 18,TimesFM,0.46429815888404846
Sample 19,Moirai,0.564404308795929
Sample 19,Timer,0.43559569120407104
Sample 20,Timer,0.612617015838623
Sample 20,TimesFM,0.38738295435905457
Sample 21,Time-MoE,0.6226516366004944
Sample 21,Chronos,0.3773484230041504
Sample 22,Time-MoE,0.6684854030609131
Sample 22,Timer,0.3315145671367645
Sample 23,TimesFM,0.6709836721420288
Sample 23,Timer,0.3290163278579712
Sample 24,Timer,0.564186692237854
Sample 24,Chronos,0.435813307762146
Sample 25,Moirai,0.5187256336212158
Sample 25,Time-MoE,0.4812743365764618
Sample 26,Time-MoE,0.5512518882751465
Sample 26,Chronos,0.4487481713294983
Sample 27,Chronos,0.6636428833007812
Sample 27,Timer,0.33635711669921875
Sample 28,Timer,0.6525429487228394
Sample 28,Moirai,0.34745708107948303
Sample 29,Time-MoE,0.8646944165229797
Sample 29,Moirai,0.13530553877353668
Sample 30,TimesFM,0.5349037051200867
Sample 30,Time-MoE,0.46509626507759094
Sample 31,TimesFM,0.5814287662506104
Sample 31,Moirai,0.41857126355171204
Sample 0,Time-MoE,0.5074272751808167
Sample 0,Moirai,0.49257272481918335
Sample 1,Chronos,0.5003823041915894
Sample 1,Time-MoE,0.49961769580841064
Sample 2,Timer,0.567023515701294
Sample 2,TimesFM,0.43297645449638367
Sample 3,TimesFM,0.6320388317108154
Sample 3,Chronos,0.36796119809150696
Sample 4,Timer,0.6587480306625366
Sample 4,TimesFM,0.3412519693374634
Sample 5,Chronos,0.8543720841407776
Sample 5,Moirai,0.1456279307603836
Sample 6,Time-MoE,0.6901999115943909
Sample 6,Moirai,0.30980008840560913
Sample 7,Chronos,0.5746431946754456
Sample 7,TimesFM,0.42535680532455444
Sample 8,TimesFM,0.56634920835495
Sample 8,Moirai,0.43365082144737244
Sample 9,Chronos,0.5555499196052551
Sample 9,Moirai,0.4444500505924225
Sample 10,Chronos,0.7559590935707092
Sample 10,Timer,0.24404095113277435
Sample 11,Moirai,0.6340047121047974
Sample 11,Timer,0.365995317697525
Sample 12,Time-MoE,0.5850721597671509
Sample 12,Moirai,0.4149278402328491
Sample 13,Time-MoE,0.5113324522972107
Sample 13,Chronos,0.4886676073074341
Sample 14,Time-MoE,0.7088650465011597
Sample 14,Moirai,0.29113492369651794
Sample 15,Timer,0.9136279225349426
Sample 15,Moirai,0.08637207746505737
Sample 0,Timer,0.8573930859565735
Sample 0,TimesFM,0.14260688424110413
Sample 1,Chronos,0.5797122716903687
Sample 1,Time-MoE,0.4202877879142761
Sample 2,Chronos,0.5201683044433594
Sample 2,TimesFM,0.4798316955566406
Sample 3,TimesFM,0.6696781516075134
Sample 3,Chronos,0.3303218483924866
Sample 4,TimesFM,0.5341503620147705
Sample 4,Chronos,0.4658496081829071
Sample 5,Time-MoE,0.5908538699150085
Sample 5,TimesFM,0.40914610028266907
Sample 6,Timer,0.5531572103500366
Sample 6,Chronos,0.446842759847641
Sample 7,Moirai,0.5743889212608337
Sample 7,Chronos,0.42561110854148865
Sample 8,Moirai,0.520406186580658
Sample 8,Time-MoE,0.47959381341934204
Sample 9,Chronos,0.5948495864868164
Sample 9,Time-MoE,0.4051503837108612
Sample 10,Moirai,0.7317517995834351
Sample 10,Timer,0.26824817061424255
Sample 11,TimesFM,0.6227256655693054
Sample 11,Timer,0.37727436423301697
Sample 12,Moirai,0.5419175624847412
Sample 12,TimesFM,0.4580824375152588
Sample 13,TimesFM,0.654524028301239
Sample 13,Time-MoE,0.3454759120941162
Sample 14,Timer,0.5126546621322632
Sample 14,Moirai,0.48734530806541443
Sample 15,Time-MoE,0.5413855910301208
Sample 15,TimesFM,0.45861440896987915
Sample 16,Time-MoE,0.6029484868049622
Sample 16,Moirai,0.39705148339271545
Sample 17,Time-MoE,0.9064838886260986
Sample 17,TimesFM,0.09351613372564316
Sample 18,TimesFM,0.5092647075653076
Sample 18,Timer,0.49073526263237
Sample 19,Timer,0.5059607625007629
Sample 19,TimesFM,0.49403926730155945
Sample 20,Timer,0.7353718876838684
Sample 20,TimesFM,0.2646280527114868
Sample 21,Time-MoE,0.630027174949646
Sample 21,Moirai,0.3699728548526764
Sample 22,Chronos,0.5706961750984192
Sample 22,Moirai,0.4293038249015808
Sample 23,Chronos,0.7128701210021973
Sample 23,TimesFM,0.28712987899780273
Sample 24,TimesFM,0.6533977389335632
Sample 24,Moirai,0.3466022312641144
Sample 25,Timer,0.5435124635696411
Sample 25,Time-MoE,0.45648759603500366
Sample 26,TimesFM,0.6750739812850952
Sample 26,Timer,0.32492607831954956
Sample 27,Chronos,0.6100916266441345
Sample 27,TimesFM,0.3899083733558655
Sample 28,Chronos,0.5559260249137878
Sample 28,TimesFM,0.44407397508621216
Sample 29,Chronos,0.5544489622116089
Sample 29,Moirai,0.4455510377883911
Sample 30,Chronos,0.6962087154388428
Sample 30,Timer,0.3037912845611572
Sample 31,Time-MoE,0.5096843838691711
Sample 31,TimesFM,0.49031564593315125
Sample 0,Chronos,0.5265679955482483
Sample 0,Timer,0.4734320342540741
Sample 1,Chronos,0.5052360892295837
Sample 1,Time-MoE,0.49476391077041626
Sample 2,TimesFM,0.6823428273200989
Sample 2,Moirai,0.3176572024822235
Sample 3,Chronos,0.59698486328125
Sample 3,Time-MoE,0.40301513671875
Sample 4,Timer,0.7674359679222107
Sample 4,Chronos,0.23256400227546692
Sample 5,Chronos,0.5766740441322327
Sample 5,Time-MoE,0.42332595586776733
Sample 6,Time-MoE,0.7456672787666321
Sample 6,Chronos,0.2543327212333679
Sample 7,Time-MoE,0.8230428099632263
Sample 7,Moirai,0.1769571751356125
Sample 8,TimesFM,0.5275813937187195
Sample 8,Time-MoE,0.4724186062812805
Sample 9,Timer,0.5131506323814392
Sample 9,Time-MoE,0.4868493676185608
Sample 10,TimesFM,0.5317965745925903
Sample 10,Timer,0.46820342540740967
Sample 11,Time-MoE,0.7792181968688965
Sample 11,TimesFM,0.22078178822994232
Sample 12,Moirai,0.6408253312110901
Sample 12,TimesFM,0.3591746687889099
Sample 13,Time-MoE,0.6847162842750549
Sample 13,Chronos,0.3152836859226227
Sample 14,Chronos,0.8627169132232666
Sample 14,Timer,0.137283056974411
Sample 15,Chronos,0.6907797455787659
Sample 15,Moirai,0.3092202842235565
Sample 16,Timer,0.9320068955421448
Sample 16,Time-MoE,0.06799308210611343
Sample 17,Timer,0.5041236281394958
Sample 17,Moirai,0.49587637186050415
Sample 18,TimesFM,0.6302633285522461
Sample 18,Time-MoE,0.3697367310523987
Sample 19,Moirai,0.5650456547737122
Sample 19,Timer,0.43495437502861023
Sample 20,TimesFM,0.7951109409332275
Sample 20,Moirai,0.20488901436328888
Sample 21,Chronos,0.5779663324356079
Sample 21,Moirai,0.4220336675643921
Sample 22,Time-MoE,0.6354759335517883
Sample 22,Chronos,0.3645240366458893
Sample 23,Chronos,0.5053229928016663
Sample 23,Time-MoE,0.4946770668029785
Sample 24,Chronos,0.7350077629089355
Sample 24,Timer,0.26499226689338684
Sample 25,Time-MoE,0.6391003131866455
Sample 25,Chronos,0.36089974641799927
Sample 26,TimesFM,0.9213347434997559
Sample 26,Chronos,0.07866529375314713
Sample 27,Chronos,0.5228457450866699
Sample 27,Moirai,0.4771542251110077
Sample 28,Timer,0.7965015769004822
Sample 28,Moirai,0.2034984827041626
Sample 29,Time-MoE,0.8893463015556335
Sample 29,TimesFM,0.11065362393856049
Sample 30,Moirai,0.7134947180747986
Sample 30,Time-MoE,0.28650525212287903
Sample 31,Time-MoE,0.500605046749115
Sample 31,Moirai,0.4993949234485626
Sample 0,TimesFM,0.5561332702636719
Sample 0,Time-MoE,0.4438667297363281
Sample 1,Time-MoE,0.5387353301048279
Sample 1,Moirai,0.4612646996974945
Sample 2,Timer,0.7400380373001099
Sample 2,Time-MoE,0.2599619925022125
Sample 3,Timer,0.58278888463974
Sample 3,TimesFM,0.41721111536026
Sample 4,Timer,0.6034640073776245
Sample 4,Time-MoE,0.3965359628200531
Sample 5,Time-MoE,0.7789158821105957
Sample 5,Moirai,0.22108407318592072
Sample 6,Chronos,0.5980915427207947
Sample 6,Moirai,0.4019084572792053
Sample 7,Moirai,0.5397706031799316
Sample 7,TimesFM,0.46022942662239075
Sample 8,Timer,0.6499810218811035
Sample 8,Chronos,0.3500189483165741
Sample 9,Moirai,0.5155933499336243
Sample 9,Time-MoE,0.4844066798686981
Sample 10,Timer,0.5652222633361816
Sample 10,Time-MoE,0.43477776646614075
Sample 11,Time-MoE,0.6318333148956299
Sample 11,Timer,0.36816665530204773
Sample 12,Chronos,0.5603953003883362
Sample 12,Time-MoE,0.43960464000701904
Sample 13,Moirai,0.568324089050293
Sample 13,Time-MoE,0.4316759407520294
Sample 14,Moirai,0.6357219815254211
Sample 14,Timer,0.36427798867225647
Sample 15,Moirai,0.7313230633735657
Sample 15,Timer,0.2686769962310791
Sample 16,Chronos,0.6008287668228149
Sample 16,Timer,0.39917126297950745
Sample 17,Chronos,0.5447619557380676
Sample 17,Time-MoE,0.4552380442619324
Sample 18,Chronos,0.5793179273605347
Sample 18,Timer,0.42068207263946533
Sample 19,Timer,0.5614966154098511
Sample 19,Time-MoE,0.4385033845901489
Sample 20,Timer,0.7518191337585449
Sample 20,Chronos,0.2481808364391327
Sample 21,TimesFM,0.5516928434371948
Sample 21,Timer,0.4483071267604828
Sample 22,Chronos,0.5552648305892944
Sample 22,Timer,0.44473516941070557
Sample 23,TimesFM,0.6811703443527222
Sample 23,Chronos,0.31882962584495544
Sample 24,Timer,0.7210716009140015
Sample 24,Time-MoE,0.27892839908599854
Sample 25,TimesFM,0.699201226234436
Sample 25,Timer,0.3007987439632416
Sample 26,TimesFM,0.5332112312316895
Sample 26,Moirai,0.46678873896598816
Sample 27,Time-MoE,0.5597530007362366
Sample 27,Chronos,0.4402469992637634
Sample 28,TimesFM,0.6905204057693481
Sample 28,Moirai,0.30947965383529663
Sample 29,TimesFM,0.6898236274719238
Sample 29,Moirai,0.3101763427257538
Sample 30,Time-MoE,0.5163300037384033
Sample 30,TimesFM,0.4836699962615967
Sample 31,Timer,0.5070629715919495
Sample 31,Moirai,0.49293702840805054
Sample 0,Timer,0.7415913343429565
Sample 0,Moirai,0.25840872526168823
Sample 1,TimesFM,0.5708198547363281
Sample 1,Moirai,0.4291801452636719
Sample 2,TimesFM,0.5958730578422546
Sample 2,Time-MoE,0.40412694215774536
Sample 3,Chronos,0.5015350580215454
Sample 3,Moirai,0.4984649419784546
Sample 4,Chronos,0.6448535323143005
Sample 4,Timer,0.35514646768569946
Sample 5,Chronos,0.6028889417648315
Sample 5,Moirai,0.39711105823516846
Sample 6,Timer,0.6284476518630981
Sample 6,Moirai,0.37155234813690186
Sample 7,Moirai,0.6108353137969971
Sample 7,TimesFM,0.38916468620300293
Sample 8,Chronos,0.539871335029602
Sample 8,Timer,0.46012863516807556
Sample 9,Time-MoE,0.5441272854804993
Sample 9,Timer,0.4558727443218231
Sample 10,Timer,0.7256535887718201
Sample 10,TimesFM,0.27434638142585754
Sample 11,Moirai,0.6430094838142395
Sample 11,Chronos,0.3569905161857605
Sample 12,TimesFM,0.6073964834213257
Sample 12,Timer,0.39260348677635193
Sample 13,Time-MoE,0.7046784162521362
Sample 13,Timer,0.29532158374786377
Sample 14,Moirai,0.6098291277885437
Sample 14,Chronos,0.3901708424091339
Sample 15,TimesFM,0.5476138591766357
Sample 15,Chronos,0.45238614082336426
Sample 16,Time-MoE,0.5210859775543213
Sample 16,Moirai,0.4789140522480011
Sample 17,Chronos,0.719387412071228
Sample 17,Timer,0.2806125581264496
Sample 18,TimesFM,0.5455610752105713
Sample 18,Timer,0.4544389843940735
Sample 19,TimesFM,0.6408867835998535
Sample 19,Time-MoE,0.35911327600479126
Sample 20,Time-MoE,0.5130904912948608
Sample 20,TimesFM,0.48690950870513916
Sample 21,TimesFM,0.6010268330574036
Sample 21,Moirai,0.39897316694259644
Sample 22,Time-MoE,0.747550368309021
Sample 22,Timer,0.2524496018886566
Sample 23,Timer,0.5161422491073608
Sample 23,Chronos,0.48385778069496155
Sample 24,TimesFM,0.5071845650672913
Sample 24,Timer,0.49281543493270874
Sample 25,TimesFM,0.552249550819397
Sample 25,Moirai,0.4477504789829254
Sample 26,Timer,0.767716109752655
Sample 26,Moirai,0.23228394985198975
Sample 27,Chronos,0.504133939743042
Sample 27,Time-MoE,0.495866060256958
Sample 28,Timer,0.5047580003738403
Sample 28,TimesFM,0.49524199962615967
Sample 29,Time-MoE,0.638909101486206
Sample 29,Moirai,0.3610909581184387
Sample 30,Timer,0.5169281363487244
Sample 30,Moirai,0.4830719232559204
Sample 31,Moirai,0.6751372218132019
Sample 31,TimesFM,0.3248628079891205
Sample 0,Timer,0.5824252367019653
Sample 0,Moirai,0.4175747036933899
Sample 1,Time-MoE,0.6431891322135925
Sample 1,Timer,0.3568108379840851
Sample 2,Time-MoE,0.6257996559143066
Sample 2,Timer,0.3742002844810486
Sample 3,Time-MoE,0.7017918229103088
Sample 3,Timer,0.29820817708969116
Sample 4,Timer,0.5663678646087646
Sample 4,Time-MoE,0.43363210558891296
Sample 5,Chronos,0.5173187851905823
Sample 5,Timer,0.4826812148094177
Sample 6,TimesFM,0.6387026906013489
Sample 6,Time-MoE,0.3612973093986511
Sample 7,Time-MoE,0.5362029075622559
Sample 7,Timer,0.46379706263542175
Sample 8,TimesFM,0.5210668444633484
Sample 8,Timer,0.4789331257343292
Sample 9,Chronos,0.5913476943969727
Sample 9,Moirai,0.40865227580070496
Sample 10,TimesFM,0.6701892614364624
Sample 10,Timer,0.32981076836586
Sample 11,Time-MoE,0.601631760597229
Sample 11,TimesFM,0.39836829900741577
Sample 12,Chronos,0.7318319082260132
Sample 12,TimesFM,0.2681680917739868
Sample 13,Time-MoE,0.7369520664215088
Sample 13,TimesFM,0.2630479335784912
Sample 14,TimesFM,0.5591939091682434
Sample 14,Chronos,0.4408060312271118
Sample 15,Chronos,0.5931267142295837
Sample 15,Moirai,0.4068732261657715
Sample 16,TimesFM,0.570414125919342
Sample 16,Chronos,0.42958584427833557
Sample 17,Chronos,0.5450035333633423
Sample 17,TimesFM,0.4549965262413025
Sample 18,Moirai,0.5950980186462402
Sample 18,Time-MoE,0.40490198135375977
Sample 19,Time-MoE,0.6033549308776855
Sample 19,Moirai,0.3966450095176697
Sample 20,Timer,0.9476982355117798
Sample 20,Chronos,0.052301790565252304
Sample 21,Time-MoE,0.7453113794326782
Sample 21,Chronos,0.2546885907649994
Sample 22,TimesFM,0.720381498336792
Sample 22,Chronos,0.2796185314655304
Sample 23,Time-MoE,0.5149616003036499
Sample 23,Moirai,0.4850383996963501
Sample 24,TimesFM,0.5727881193161011
Sample 24,Moirai,0.4272119104862213
Sample 25,Chronos,0.617350161075592
Sample 25,Time-MoE,0.38264989852905273
Sample 26,Chronos,0.9192858934402466
Sample 26,TimesFM,0.08071405440568924
Sample 27,Chronos,0.7706712484359741
Sample 27,Moirai,0.22932873666286469
Sample 28,Moirai,0.5773628354072571
Sample 28,Time-MoE,0.4226371645927429
Sample 29,Timer,0.5511991381645203
Sample 29,Chronos,0.44880083203315735
Sample 30,TimesFM,0.7131232023239136
Sample 30,Timer,0.28687676787376404
Sample 31,Timer,0.6307525634765625
Sample 31,Chronos,0.3692474365234375
Sample 0,Timer,0.7536768913269043
Sample 0,Chronos,0.24632306396961212
Sample 1,Time-MoE,0.59575355052948
Sample 1,Chronos,0.40424641966819763
Sample 2,Moirai,0.7428701519966125
Sample 2,TimesFM,0.25712984800338745
Sample 3,Moirai,0.5152209997177124
Sample 3,Time-MoE,0.48477903008461
Sample 4,Timer,0.5978056192398071
Sample 4,Moirai,0.4021943509578705
Sample 5,Time-MoE,0.5577638149261475
Sample 5,TimesFM,0.44223615527153015
Sample 6,TimesFM,0.5652881264686584
Sample 6,Moirai,0.43471184372901917
Sample 7,Timer,0.5094057321548462
Sample 7,Time-MoE,0.4905942678451538
Sample 8,Time-MoE,0.5291126370429993
Sample 8,Moirai,0.47088736295700073
Sample 9,Time-MoE,0.6366125345230103
Sample 9,Chronos,0.36338749527931213
Sample 10,Time-MoE,0.6042396426200867
Sample 10,Timer,0.39576032757759094
Sample 11,TimesFM,0.547334611415863
Sample 11,Timer,0.45266538858413696
Sample 12,Chronos,0.5139684081077576
Sample 12,Timer,0.4860316216945648
Sample 13,Chronos,0.550042986869812
Sample 13,Moirai,0.449957013130188
Sample 14,TimesFM,0.5385305285453796
Sample 14,Timer,0.461469441652298
Sample 15,Timer,0.6136924624443054
Sample 15,TimesFM,0.3863075077533722
Sample 16,Moirai,0.6059266328811646
Sample 16,TimesFM,0.39407333731651306
Sample 17,Time-MoE,0.5780773758888245
Sample 17,Chronos,0.42192262411117554
Sample 18,Time-MoE,0.8654446005821228
Sample 18,Chronos,0.1345553994178772
Sample 19,Moirai,0.5138579607009888
Sample 19,TimesFM,0.48614200949668884
Sample 20,Moirai,0.558122992515564
Sample 20,Timer,0.44187700748443604
Sample 21,Chronos,0.7142555713653564
Sample 21,Moirai,0.28574445843696594
Sample 22,Time-MoE,0.517235517501831
Sample 22,Chronos,0.48276451230049133
Sample 23,Timer,0.7082223892211914
Sample 23,Chronos,0.2917776107788086
Sample 24,TimesFM,0.5843353271484375
Sample 24,Time-MoE,0.4156646430492401
Sample 25,Moirai,0.5540990233421326
Sample 25,Chronos,0.44590094685554504
Sample 26,Chronos,0.6067718267440796
Sample 26,Timer,0.3932281732559204
Sample 27,TimesFM,0.8130326867103577
Sample 27,Moirai,0.18696725368499756
Sample 28,Chronos,0.5614957213401794
Sample 28,Moirai,0.43850430846214294
Sample 29,TimesFM,0.8883656859397888
Sample 29,Chronos,0.11163433641195297
Sample 30,Chronos,0.5362822413444519
Sample 30,Timer,0.4637177884578705
Sample 31,Timer,0.6893336176872253
Sample 31,Chronos,0.31066638231277466
Sample 0,Time-MoE,0.5556774139404297
Sample 0,Chronos,0.4443225860595703
Sample 1,Time-MoE,0.7494906187057495
Sample 1,Timer,0.2505093514919281
Sample 2,Chronos,0.6701615452766418
Sample 2,TimesFM,0.3298383951187134
Sample 3,Moirai,0.5372084975242615
Sample 3,Time-MoE,0.4627915024757385
Sample 4,Time-MoE,0.7704715728759766
Sample 4,Timer,0.22952836751937866
Sample 5,TimesFM,0.611979067325592
Sample 5,Timer,0.38802090287208557
Sample 6,Chronos,0.5499494075775146
Sample 6,Timer,0.4500506520271301
Sample 7,Time-MoE,0.6968666911125183
Sample 7,Timer,0.3031332790851593
Sample 8,Moirai,0.5551204085350037
Sample 8,Chronos,0.44487953186035156
Sample 9,TimesFM,0.577826201915741
Sample 9,Moirai,0.4221738278865814
Sample 10,Chronos,0.6045556664466858
Sample 10,Moirai,0.3954443037509918
Sample 11,Time-MoE,0.6164164543151855
Sample 11,Chronos,0.38358354568481445
Sample 12,TimesFM,0.7071093320846558
Sample 12,Moirai,0.29289060831069946
Sample 13,Chronos,0.7246506214141846
Sample 13,Moirai,0.27534934878349304
Sample 14,Moirai,0.6297447085380554
Sample 14,Timer,0.37025532126426697
Sample 15,Time-MoE,0.744240403175354
Sample 15,Chronos,0.2557596266269684
Sample 0,Moirai,0.760390043258667
Sample 0,Chronos,0.23960991203784943
Sample 1,TimesFM,0.5875665545463562
Sample 1,Chronos,0.4124334454536438
Sample 2,TimesFM,0.5261960625648499
Sample 2,Chronos,0.47380390763282776
Sample 3,TimesFM,0.8712111115455627
Sample 3,Timer,0.12878884375095367
Sample 4,TimesFM,0.8225996494293213
Sample 4,Chronos,0.1774003803730011
Sample 5,Moirai,0.564907968044281
Sample 5,TimesFM,0.4350920021533966
Sample 6,Time-MoE,0.565437376499176
Sample 6,Chronos,0.434562623500824
Sample 7,Timer,0.8582566380500793
Sample 7,Chronos,0.14174334704875946
Sample 8,Moirai,0.5224152207374573
Sample 8,Time-MoE,0.47758474946022034
Sample 9,TimesFM,0.5648413300514221
Sample 9,Timer,0.4351586699485779
Sample 10,Time-MoE,0.6785876750946045
Sample 10,TimesFM,0.3214123249053955
Sample 11,Chronos,0.8242020606994629
Sample 11,Timer,0.1757979691028595
Sample 12,Chronos,0.5325889587402344
Sample 12,Timer,0.4674110412597656
Sample 13,Time-MoE,0.5387314558029175
Sample 13,Moirai,0.4612685441970825
Sample 14,Chronos,0.5136799216270447
Sample 14,TimesFM,0.4863200783729553
Sample 15,Time-MoE,0.5713118314743042
Sample 15,Moirai,0.4286881685256958
Sample 16,Time-MoE,0.747357964515686
Sample 16,Moirai,0.25264203548431396
Sample 17,Time-MoE,0.6259352564811707
Sample 17,TimesFM,0.37406477332115173
Sample 18,Moirai,0.5050252676010132
Sample 18,TimesFM,0.49497470259666443
Sample 19,Chronos,0.5526790022850037
Sample 19,Moirai,0.44732099771499634
Sample 20,Timer,0.6197439432144165
Sample 20,Time-MoE,0.3802560567855835
Sample 21,Moirai,0.5034384727478027
Sample 21,TimesFM,0.49656152725219727
Sample 22,TimesFM,0.6314247250556946
Sample 22,Moirai,0.3685752749443054
Sample 23,Chronos,0.5054784417152405
Sample 23,Moirai,0.4945215880870819
Sample 24,Time-MoE,0.7253931164741516
Sample 24,TimesFM,0.274606853723526
Sample 25,Moirai,0.5676698684692383
Sample 25,Chronos,0.4323301315307617
Sample 26,TimesFM,0.6228117346763611
Sample 26,Chronos,0.37718823552131653
Sample 27,Moirai,0.5765476226806641
Sample 27,TimesFM,0.42345234751701355
Sample 28,Chronos,0.5014789700508118
Sample 28,TimesFM,0.49852102994918823
Sample 29,TimesFM,0.5986905097961426
Sample 29,Timer,0.4013095200061798
Sample 30,TimesFM,0.8153212666511536
Sample 30,Time-MoE,0.18467873334884644
Sample 31,Moirai,0.5536098480224609
Sample 31,TimesFM,0.44639015197753906
Sample 0,Time-MoE,0.5578927397727966
Sample 0,Moirai,0.442107230424881
Sample 1,Time-MoE,0.5006456971168518
Sample 1,Moirai,0.4993542730808258
Sample 2,Moirai,0.5243489146232605
Sample 2,TimesFM,0.4756511449813843
Sample 3,TimesFM,0.5108644962310791
Sample 3,Chronos,0.4891354739665985
Sample 4,Moirai,0.7958471775054932
Sample 4,Time-MoE,0.20415282249450684
Sample 5,Time-MoE,0.6280941963195801
Sample 5,Chronos,0.3719058036804199
Sample 6,Time-MoE,0.8860962986946106
Sample 6,Moirai,0.11390368640422821
Sample 7,Timer,0.8243280053138733
Sample 7,Moirai,0.1756719946861267
Sample 8,Timer,0.6316105723381042
Sample 8,Chronos,0.36838939785957336
Sample 9,Time-MoE,0.8187359571456909
Sample 9,Moirai,0.18126404285430908
Sample 10,Timer,0.6962368488311768
Sample 10,Chronos,0.30376318097114563
Sample 11,TimesFM,0.5339430570602417
Sample 11,Moirai,0.4660569429397583
Sample 12,TimesFM,0.5121785998344421
Sample 12,Timer,0.4878213703632355
Sample 13,Timer,0.5318008065223694
Sample 13,Moirai,0.4681991934776306
Sample 14,Time-MoE,0.7680350542068481
Sample 14,Moirai,0.23196493089199066
Sample 15,TimesFM,0.5045079588890076
Sample 15,Time-MoE,0.49549204111099243
Sample 16,Timer,0.7875887751579285
Sample 16,Time-MoE,0.21241126954555511
Sample 17,Time-MoE,0.5865746140480042
Sample 17,Timer,0.41342541575431824
Sample 18,Chronos,0.5159518122673035
Sample 18,Time-MoE,0.48404815793037415
Sample 19,TimesFM,0.6323336958885193
Sample 19,Timer,0.3676662743091583
Sample 20,TimesFM,0.5120827555656433
Sample 20,Timer,0.4879172444343567
Sample 21,Chronos,0.5643948316574097
Sample 21,Moirai,0.43560513854026794
Sample 22,Timer,0.5426244735717773
Sample 22,TimesFM,0.45737549662590027
Sample 23,TimesFM,0.5116940140724182
Sample 23,Timer,0.4883059859275818
Sample 24,Time-MoE,0.6045076847076416
Sample 24,Moirai,0.3954923450946808
Sample 25,Chronos,0.6124491095542908
Sample 25,TimesFM,0.38755086064338684
Sample 26,Moirai,0.5907214879989624
Sample 26,TimesFM,0.4092784523963928
Sample 27,TimesFM,0.5932653546333313
Sample 27,Timer,0.4067346453666687
Sample 28,Moirai,0.5139639377593994
Sample 28,Timer,0.486036092042923
Sample 29,TimesFM,0.5169390439987183
Sample 29,Timer,0.48306089639663696
Sample 30,Moirai,0.5051153302192688
Sample 30,TimesFM,0.4948846697807312
Sample 31,Moirai,0.7194167375564575
Sample 31,Timer,0.2805832624435425
Sample 0,Timer,0.7008925080299377
Sample 0,Moirai,0.29910755157470703
Sample 1,Chronos,0.5759932398796082
Sample 1,Moirai,0.42400670051574707
Sample 2,Chronos,0.5703667998313904
Sample 2,Timer,0.4296332001686096
Sample 3,Moirai,0.5423510670661926
Sample 3,TimesFM,0.4576489329338074
Sample 4,Chronos,0.5492749214172363
Sample 4,Timer,0.45072510838508606
Sample 5,Time-MoE,0.8400367498397827
Sample 5,Moirai,0.15996325016021729
Sample 6,Moirai,0.5946217179298401
Sample 6,Timer,0.4053782820701599
Sample 7,Timer,0.5941459536552429
Sample 7,TimesFM,0.4058539867401123
Sample 8,Time-MoE,0.5503705143928528
Sample 8,TimesFM,0.4496294856071472
Sample 9,Time-MoE,0.6625086665153503
Sample 9,Moirai,0.33749136328697205
Sample 10,TimesFM,0.5148760080337524
Sample 10,Timer,0.48512396216392517
Sample 11,Moirai,0.5150550603866577
Sample 11,TimesFM,0.4849449694156647
Sample 12,Moirai,0.6237953901290894
Sample 12,TimesFM,0.37620458006858826
Sample 13,Time-MoE,0.7410011291503906
Sample 13,TimesFM,0.2589988708496094
Sample 14,Moirai,0.5458738803863525
Sample 14,Timer,0.45412611961364746
Sample 15,Timer,0.8437131643295288
Sample 15,Time-MoE,0.15628686547279358
Sample 16,Moirai,0.5728062391281128
Sample 16,TimesFM,0.4271937310695648
Sample 17,Timer,0.593980073928833
Sample 17,Time-MoE,0.4060199558734894
Sample 18,Chronos,0.8062840104103088
Sample 18,Time-MoE,0.19371594488620758
Sample 19,Timer,0.7900551557540894
Sample 19,Moirai,0.20994490385055542
Sample 20,Time-MoE,0.5444879531860352
Sample 20,TimesFM,0.45551201701164246
Sample 21,Moirai,0.7049965858459473
Sample 21,Timer,0.29500335454940796
Sample 22,TimesFM,0.6336892247200012
Sample 22,Timer,0.3663107454776764
Sample 23,Timer,0.7152484655380249
Sample 23,Moirai,0.2847515344619751
Sample 24,Chronos,0.5065608024597168
Sample 24,Time-MoE,0.493439257144928
Sample 25,Chronos,0.5383400917053223
Sample 25,TimesFM,0.4616599380970001
Sample 26,Time-MoE,0.5384407043457031
Sample 26,Chronos,0.46155932545661926
Sample 27,Moirai,0.5451818704605103
Sample 27,TimesFM,0.45481812953948975
Sample 28,Timer,0.7700580954551697
Sample 28,Moirai,0.2299419343471527
Sample 29,TimesFM,0.5256781578063965
Sample 29,Timer,0.47432181239128113
Sample 30,Chronos,0.5514009594917297
Sample 30,Timer,0.44859907031059265
Sample 31,Timer,0.9182649850845337
Sample 31,TimesFM,0.08173494040966034
Sample 0,Moirai,0.578538715839386
Sample 0,Chronos,0.42146122455596924
Sample 1,TimesFM,0.5264163017272949
Sample 1,Moirai,0.47358372807502747
Sample 2,Time-MoE,0.7029941082000732
Sample 2,TimesFM,0.29700586199760437
Sample 3,Time-MoE,0.515818178653717
Sample 3,Moirai,0.48418179154396057
Sample 4,Timer,0.586197555065155
Sample 4,TimesFM,0.4138024151325226
Sample 5,TimesFM,0.662247896194458
Sample 5,Moirai,0.337752103805542
Sample 6,Moirai,0.5847862362861633
Sample 6,Time-MoE,0.41521376371383667
Sample 7,Time-MoE,0.6197310090065002
Sample 7,Timer,0.38026896119117737
Sample 8,Time-MoE,0.5932469367980957
Sample 8,TimesFM,0.4067530632019043
Sample 9,Time-MoE,0.503939688205719
Sample 9,Chronos,0.4960603713989258
Sample 10,Timer,0.8119449615478516
Sample 10,Time-MoE,0.18805503845214844
Sample 11,Chronos,0.7470883727073669
Sample 11,Timer,0.25291162729263306
Sample 12,Moirai,0.739073634147644
Sample 12,Chronos,0.26092636585235596
Sample 13,Moirai,0.6152476072311401
Sample 13,Timer,0.38475245237350464
Sample 14,Chronos,0.8384295105934143
Sample 14,Moirai,0.1615704745054245
Sample 15,Timer,0.8347152471542358
Sample 15,Time-MoE,0.1652846783399582
Sample 16,Time-MoE,0.5131575465202332
Sample 16,Timer,0.48684242367744446
Sample 17,Moirai,0.5040905475616455
Sample 17,Timer,0.4959094226360321
Sample 18,Moirai,0.5965132117271423
Sample 18,Timer,0.4034867286682129
Sample 19,TimesFM,0.5333840250968933
Sample 19,Moirai,0.46661603450775146
Sample 20,TimesFM,0.5372706055641174
Sample 20,Time-MoE,0.4627293646335602
Sample 21,Timer,0.5104400515556335
Sample 21,Moirai,0.48955994844436646
Sample 22,Time-MoE,0.7028098106384277
Sample 22,Moirai,0.29719018936157227
Sample 23,Time-MoE,0.5882263779640198
Sample 23,TimesFM,0.411773681640625
Sample 24,Moirai,0.5571202039718628
Sample 24,Time-MoE,0.4428797662258148
Sample 25,Chronos,0.6093423962593079
Sample 25,TimesFM,0.39065757393836975
Sample 26,Time-MoE,0.5962773561477661
Sample 26,Chronos,0.4037226438522339
Sample 27,Time-MoE,0.5254647731781006
Sample 27,Timer,0.474535197019577
Sample 28,Time-MoE,0.6636585593223572
Sample 28,Chronos,0.33634141087532043
Sample 29,TimesFM,0.72990483045578
Sample 29,Timer,0.27009516954421997
Sample 30,Timer,0.5228576064109802
Sample 30,Moirai,0.4771423637866974
Sample 31,Time-MoE,0.5497867465019226
Sample 31,Moirai,0.4502132534980774
Sample 0,Moirai,0.5293331146240234
Sample 0,Timer,0.4706668257713318
Sample 1,Time-MoE,0.602303683757782
Sample 1,Moirai,0.397696316242218
Sample 2,TimesFM,0.6797139048576355
Sample 2,Timer,0.3202861249446869
Sample 3,TimesFM,0.6327404975891113
Sample 3,Time-MoE,0.3672594428062439
Sample 4,Chronos,0.5048781633377075
Sample 4,Time-MoE,0.49512186646461487
Sample 5,TimesFM,0.6373348832130432
Sample 5,Chronos,0.36266517639160156
Sample 6,Chronos,0.5567225813865662
Sample 6,TimesFM,0.44327741861343384
Sample 7,Time-MoE,0.5557688474655151
Sample 7,TimesFM,0.44423121213912964
Sample 8,Time-MoE,0.5211278200149536
Sample 8,Timer,0.4788722097873688
Sample 9,Time-MoE,0.5825482606887817
Sample 9,TimesFM,0.4174517095088959
Sample 10,TimesFM,0.8601783514022827
Sample 10,Moirai,0.13982167840003967
Sample 11,Moirai,0.8604578375816345
Sample 11,TimesFM,0.13954217731952667
Sample 12,TimesFM,0.6047577857971191
Sample 12,Time-MoE,0.39524221420288086
Sample 13,Time-MoE,0.559521496295929
Sample 13,Timer,0.44047853350639343
Sample 14,Time-MoE,0.7005839943885803
Sample 14,Moirai,0.2994159758090973
Sample 15,Time-MoE,0.5586472749710083
Sample 15,Moirai,0.4413527548313141
Sample 16,Moirai,0.5427350401878357
Sample 16,Chronos,0.4572649300098419
Sample 17,Time-MoE,0.6489719152450562
Sample 17,TimesFM,0.35102805495262146
Sample 18,Timer,0.5454936623573303
Sample 18,Time-MoE,0.4545063376426697
Sample 19,Chronos,0.7219204306602478
Sample 19,TimesFM,0.2780795395374298
Sample 20,Moirai,0.5522192716598511
Sample 20,Time-MoE,0.4477807283401489
Sample 21,Time-MoE,0.6284273862838745
Sample 21,Chronos,0.3715726435184479
Sample 22,Timer,0.5697954297065735
Sample 22,TimesFM,0.4302046000957489
Sample 23,Time-MoE,0.5003247857093811
Sample 23,Moirai,0.4996752142906189
Sample 24,Timer,0.7733102440834045
Sample 24,Moirai,0.22668972611427307
Sample 25,TimesFM,0.5052828788757324
Sample 25,Timer,0.4947171211242676
Sample 26,TimesFM,0.5830703973770142
Sample 26,Chronos,0.41692957282066345
Sample 27,TimesFM,0.5022198557853699
Sample 27,Timer,0.4977801442146301
Sample 28,Moirai,0.7086184620857239
Sample 28,Time-MoE,0.2913815975189209
Sample 29,Chronos,0.571523904800415
Sample 29,TimesFM,0.42847609519958496
Sample 30,Time-MoE,0.5700640082359314
Sample 30,TimesFM,0.4299359917640686
Sample 31,Moirai,0.5144914984703064
Sample 31,Time-MoE,0.485508531332016
Sample 0,Chronos,0.5890512466430664
Sample 0,Moirai,0.410948783159256
Sample 1,Moirai,0.5678912401199341
Sample 1,TimesFM,0.43210870027542114
Sample 2,Time-MoE,0.5097784399986267
Sample 2,Timer,0.4902215898036957
Sample 3,TimesFM,0.6963476538658142
Sample 3,Chronos,0.3036523163318634
Sample 4,Moirai,0.5281469225883484
Sample 4,Timer,0.471853107213974
Sample 5,Moirai,0.5918711423873901
Sample 5,TimesFM,0.40812885761260986
Sample 6,Time-MoE,0.5712780356407166
Sample 6,TimesFM,0.42872190475463867
Sample 7,Moirai,0.6378412842750549
Sample 7,Time-MoE,0.36215871572494507
Sample 8,Moirai,0.7177916169166565
Sample 8,TimesFM,0.2822084426879883
Sample 9,TimesFM,0.7153265476226807
Sample 9,Timer,0.2846734821796417
Sample 10,Time-MoE,0.6249839067459106
Sample 10,Moirai,0.37501612305641174
Sample 11,Time-MoE,0.8220245242118835
Sample 11,Chronos,0.17797553539276123
Sample 12,Chronos,0.5361191630363464
Sample 12,Timer,0.46388089656829834
Sample 13,Timer,0.5287461876869202
Sample 13,Time-MoE,0.4712538421154022
Sample 14,Chronos,0.7572486400604248
Sample 14,Timer,0.242751345038414
Sample 15,Moirai,0.5480758547782898
Sample 15,Chronos,0.4519241154193878
Sample 16,Timer,0.6168829202651978
Sample 16,Chronos,0.383117139339447
Sample 17,Timer,0.5497714281082153
Sample 17,TimesFM,0.45022857189178467
Sample 18,Time-MoE,0.6617259979248047
Sample 18,Chronos,0.3382740020751953
Sample 19,Chronos,0.5738177299499512
Sample 19,TimesFM,0.42618227005004883
Sample 20,Chronos,0.572943389415741
Sample 20,Time-MoE,0.42705661058425903
Sample 21,TimesFM,0.5535119771957397
Sample 21,Timer,0.44648802280426025
Sample 22,Time-MoE,0.5345475673675537
Sample 22,Moirai,0.4654524028301239
Sample 23,Timer,0.6128203868865967
Sample 23,Time-MoE,0.38717955350875854
Sample 24,Time-MoE,0.5996279716491699
Sample 24,Timer,0.40037205815315247
Sample 25,Timer,0.520882785320282
Sample 25,Moirai,0.479117214679718
Sample 26,Chronos,0.5029282569885254
Sample 26,Time-MoE,0.497071772813797
Sample 27,Time-MoE,0.6941885352134705
Sample 27,TimesFM,0.30581149458885193
Sample 28,Chronos,0.7215501070022583
Sample 28,Moirai,0.2784498929977417
Sample 29,Chronos,0.6270596981048584
Sample 29,Time-MoE,0.3729402720928192
Sample 30,TimesFM,0.7011072635650635
Sample 30,Time-MoE,0.2988927662372589
Sample 31,Moirai,0.5272018313407898
Sample 31,TimesFM,0.4727981686592102
Sample 0,Moirai,0.6910887956619263
Sample 0,Timer,0.30891117453575134
Sample 1,Timer,0.5580107569694519
Sample 1,Chronos,0.4419892132282257
Sample 2,Chronos,0.6596704125404358
Sample 2,Timer,0.34032952785491943
Sample 3,TimesFM,0.5325825810432434
Sample 3,Chronos,0.4674173891544342
Sample 4,Time-MoE,0.5776505470275879
Sample 4,Chronos,0.4223494827747345
Sample 5,Chronos,0.5341668725013733
Sample 5,TimesFM,0.4658331573009491
Sample 6,Moirai,0.500069797039032
Sample 6,Chronos,0.499930202960968
Sample 7,Time-MoE,0.500426709651947
Sample 7,TimesFM,0.499573290348053
Sample 8,Time-MoE,0.5764852166175842
Sample 8,Moirai,0.4235147535800934
Sample 9,Time-MoE,0.5131053924560547
Sample 9,Moirai,0.4868945777416229
Sample 10,Chronos,0.5379726886749268
Sample 10,Timer,0.46202731132507324
Sample 11,Timer,0.5436708927154541
Sample 11,TimesFM,0.4563290774822235
Sample 12,TimesFM,0.7912182211875916
Sample 12,Moirai,0.20878177881240845
Sample 13,Chronos,0.7483360767364502
Sample 13,Timer,0.2516639530658722
Sample 14,Time-MoE,0.5610803961753845
Sample 14,Chronos,0.4389196038246155
Sample 15,Time-MoE,0.652004063129425
Sample 15,TimesFM,0.34799593687057495
Sample 0,TimesFM,0.5089393258094788
Sample 0,Moirai,0.49106067419052124
Sample 1,Timer,0.5052497982978821
Sample 1,TimesFM,0.4947502315044403
Sample 2,Timer,0.8345425724983215
Sample 2,Time-MoE,0.16545744240283966
Sample 3,Chronos,0.6182081699371338
Sample 3,Time-MoE,0.3817918002605438
Sample 4,Timer,0.5426326394081116
Sample 4,Moirai,0.45736733078956604
Sample 5,Chronos,0.5250831246376038
Sample 5,Time-MoE,0.474916934967041
Sample 6,Time-MoE,0.5926701426506042
Sample 6,Timer,0.40732985734939575
Sample 7,Timer,0.6819677948951721
Sample 7,Moirai,0.31803223490715027
Sample 8,Timer,0.524175763130188
Sample 8,Time-MoE,0.475824236869812
Sample 9,Time-MoE,0.5768899917602539
Sample 9,Chronos,0.4231100380420685
Sample 10,Timer,0.6708776354789734
Sample 10,Moirai,0.3291224241256714
Sample 11,Chronos,0.5575432777404785
Sample 11,Moirai,0.4424566924571991
Sample 12,TimesFM,0.5498163104057312
Sample 12,Timer,0.4501836597919464
Sample 13,Chronos,0.5035536885261536
Sample 13,Time-MoE,0.49644631147384644
Sample 14,TimesFM,0.6451948285102844
Sample 14,Timer,0.3548051416873932
Sample 15,Chronos,0.5328466892242432
Sample 15,Time-MoE,0.46715331077575684
Sample 16,Time-MoE,0.5041986703872681
Sample 16,Chronos,0.4958013892173767
Sample 17,TimesFM,0.6011142134666443
Sample 17,Timer,0.3988858163356781
Sample 18,Timer,0.7023462057113647
Sample 18,Chronos,0.29765382409095764
Sample 19,Moirai,0.5805025100708008
Sample 19,Timer,0.419497549533844
Sample 20,Timer,0.7500478029251099
Sample 20,TimesFM,0.24995221197605133
Sample 21,Time-MoE,0.8152891397476196
Sample 21,TimesFM,0.18471084535121918
Sample 22,TimesFM,0.5133165717124939
Sample 22,Timer,0.4866833984851837
Sample 23,Chronos,0.6311832070350647
Sample 23,Timer,0.3688167929649353
Sample 24,Timer,0.746552050113678
Sample 24,Chronos,0.2534479796886444
Sample 25,Time-MoE,0.6475136280059814
Sample 25,Timer,0.35248634219169617
Sample 26,TimesFM,0.5733750462532043
Sample 26,Chronos,0.42662498354911804
Sample 27,TimesFM,0.6117004752159119
Sample 27,Timer,0.3882995843887329
Sample 28,Timer,0.8594872951507568
Sample 28,Moirai,0.14051273465156555
Sample 29,TimesFM,0.6251906752586365
Sample 29,Time-MoE,0.37480929493904114
Sample 30,Timer,0.7617562413215637
Sample 30,Chronos,0.23824375867843628
Sample 31,Chronos,0.5085355639457703
Sample 31,Moirai,0.4914644956588745
Sample 0,TimesFM,0.57331383228302
Sample 0,Chronos,0.42668616771698
Sample 1,Moirai,0.6426538228988647
Sample 1,TimesFM,0.3573461174964905
Sample 2,TimesFM,0.583217203617096
Sample 2,Timer,0.4167827367782593
Sample 3,Chronos,0.5987467765808105
Sample 3,Moirai,0.40125322341918945
Sample 4,Time-MoE,0.5108832120895386
Sample 4,Timer,0.4891168475151062
Sample 5,Moirai,0.5066406726837158
Sample 5,Timer,0.4933592677116394
Sample 6,TimesFM,0.52471923828125
Sample 6,Chronos,0.4752807021141052
Sample 7,Time-MoE,0.5604034662246704
Sample 7,Chronos,0.439596563577652
Sample 8,Timer,0.5089031457901001
Sample 8,Time-MoE,0.4910968840122223
Sample 9,Time-MoE,0.5341001749038696
Sample 9,Chronos,0.46589988470077515
Sample 10,Timer,0.5606601238250732
Sample 10,Moirai,0.43933987617492676
Sample 11,TimesFM,0.6580212712287903
Sample 11,Chronos,0.3419787585735321
Sample 12,Chronos,0.5893605947494507
Sample 12,TimesFM,0.4106394052505493
Sample 13,TimesFM,0.6277742385864258
Sample 13,Time-MoE,0.37222573161125183
Sample 14,TimesFM,0.6196138262748718
Sample 14,Chronos,0.38038623332977295
Sample 15,TimesFM,0.5939908027648926
Sample 15,Chronos,0.40600916743278503
Sample 16,Time-MoE,0.6140974760055542
Sample 16,TimesFM,0.3859024941921234
Sample 17,TimesFM,0.5179885625839233
Sample 17,Moirai,0.4820114076137543
Sample 18,Chronos,0.6614971160888672
Sample 18,Timer,0.3385029137134552
Sample 19,Chronos,0.5980602502822876
Sample 19,TimesFM,0.4019397497177124
Sample 20,Moirai,0.6573548913002014
Sample 20,TimesFM,0.3426451086997986
Sample 21,Time-MoE,0.6878160238265991
Sample 21,Moirai,0.3121839463710785
Sample 22,Timer,0.5849882960319519
Sample 22,TimesFM,0.41501176357269287
Sample 23,Chronos,0.7133364081382751
Sample 23,TimesFM,0.2866635322570801
Sample 24,Chronos,0.6136938333511353
Sample 24,Timer,0.38630619645118713
Sample 25,Time-MoE,0.7430247664451599
Sample 25,TimesFM,0.2569752037525177
Sample 26,Moirai,0.8743526339530945
Sample 26,Timer,0.1256473809480667
Sample 27,Chronos,0.8350648283958435
Sample 27,TimesFM,0.1649351865053177
Sample 28,Timer,0.7173998951911926
Sample 28,Time-MoE,0.2826001048088074
Sample 29,Time-MoE,0.7816849946975708
Sample 29,Moirai,0.2183150202035904
Sample 30,Chronos,0.6008444428443909
Sample 30,TimesFM,0.39915552735328674
Sample 31,Timer,0.8701525926589966
Sample 31,TimesFM,0.12984734773635864
Sample 0,Moirai,0.6542669534683228
Sample 0,TimesFM,0.34573304653167725
Sample 1,Timer,0.5798258781433105
Sample 1,Chronos,0.4201740622520447
Sample 2,Timer,0.5527082681655884
Sample 2,TimesFM,0.44729170203208923
Sample 3,Chronos,0.6334136128425598
Sample 3,Timer,0.36658644676208496
Sample 4,Moirai,0.513948917388916
Sample 4,TimesFM,0.48605111241340637
Sample 5,Chronos,0.5153931975364685
Sample 5,TimesFM,0.4846068024635315
Sample 6,Timer,0.5195736289024353
Sample 6,TimesFM,0.4804263114929199
Sample 7,Moirai,0.7903985977172852
Sample 7,Chronos,0.20960135757923126
Sample 8,Timer,0.5571852922439575
Sample 8,Moirai,0.44281473755836487
Sample 9,Chronos,0.7170670032501221
Sample 9,Timer,0.28293299674987793
Sample 10,TimesFM,0.5338683724403381
Sample 10,Moirai,0.4661315977573395
Sample 11,Chronos,0.9116142988204956
Sample 11,TimesFM,0.08838573843240738
Sample 12,Moirai,0.5744699835777283
Sample 12,Time-MoE,0.42552998661994934
Sample 13,Time-MoE,0.8290255665779114
Sample 13,Timer,0.170974463224411
Sample 14,Time-MoE,0.520070493221283
Sample 14,Moirai,0.47992953658103943
Sample 15,TimesFM,0.6508293747901917
Sample 15,Chronos,0.34917062520980835
Sample 16,Time-MoE,0.5538797378540039
Sample 16,Timer,0.4461202323436737
Sample 17,TimesFM,0.5677738189697266
Sample 17,Chronos,0.4322262406349182
Sample 18,Timer,0.8170570731163025
Sample 18,Time-MoE,0.1829429715871811
Sample 19,Time-MoE,0.6413044333457947
Sample 19,Timer,0.3586956262588501
Sample 20,TimesFM,0.5011768341064453
Sample 20,Moirai,0.4988231658935547
Sample 21,Chronos,0.5068541765213013
Sample 21,Timer,0.4931458532810211
Sample 22,Chronos,0.5939667820930481
Sample 22,Moirai,0.4060332179069519
Sample 23,Timer,0.5468329787254333
Sample 23,Time-MoE,0.45316702127456665
Sample 24,TimesFM,0.5874848961830139
Sample 24,Timer,0.4125151038169861
Sample 25,Chronos,0.6672108769416809
Sample 25,Timer,0.3327891528606415
Sample 26,TimesFM,0.6182964444160461
Sample 26,Chronos,0.38170361518859863
Sample 27,Time-MoE,0.6738098859786987
Sample 27,Timer,0.3261900842189789
Sample 28,Chronos,0.6277625560760498
Sample 28,TimesFM,0.3722374737262726
Sample 29,Time-MoE,0.6735962629318237
Sample 29,Timer,0.32640379667282104
Sample 30,Timer,0.51200270652771
Sample 30,Time-MoE,0.4879973530769348
Sample 31,TimesFM,0.5264289379119873
Sample 31,Chronos,0.4735710322856903
Sample 0,Timer,0.735849142074585
Sample 0,Moirai,0.2641508877277374
Sample 1,Moirai,0.5313549637794495
Sample 1,Timer,0.46864500641822815
Sample 2,Time-MoE,0.8691672682762146
Sample 2,Timer,0.13083267211914062
Sample 3,Chronos,0.5660386085510254
Sample 3,Time-MoE,0.4339613914489746
Sample 4,TimesFM,0.5247156620025635
Sample 4,Timer,0.4752843379974365
Sample 5,Time-MoE,0.7168230414390564
Sample 5,Moirai,0.2831769287586212
Sample 6,Timer,0.5466526746749878
Sample 6,TimesFM,0.4533473253250122
Sample 7,Moirai,0.7872214913368225
Sample 7,Chronos,0.2127784937620163
Sample 8,Chronos,0.5474717617034912
Sample 8,TimesFM,0.4525282084941864
Sample 9,TimesFM,0.6365296244621277
Sample 9,Moirai,0.3634703755378723
Sample 10,Time-MoE,0.5450584292411804
Sample 10,Chronos,0.45494163036346436
Sample 11,Moirai,0.5679746270179749
Sample 11,Timer,0.43202534317970276
Sample 12,TimesFM,0.5355671048164368
Sample 12,Chronos,0.4644329249858856
Sample 13,Chronos,0.626660943031311
Sample 13,Time-MoE,0.37333905696868896
Sample 14,TimesFM,0.6483414769172668
Sample 14,Timer,0.35165855288505554
Sample 15,TimesFM,0.5478254556655884
Sample 15,Chronos,0.452174574136734
Sample 16,Timer,0.587690532207489
Sample 16,Moirai,0.412309467792511
Sample 17,Time-MoE,0.5360362529754639
Sample 17,Timer,0.46396374702453613
Sample 18,Timer,0.5001993775367737
Sample 18,Moirai,0.49980056285858154
Sample 19,Chronos,0.5442675352096558
Sample 19,TimesFM,0.45573246479034424
Sample 20,Chronos,0.5497456192970276
Sample 20,Timer,0.45025435090065
Sample 21,Moirai,0.531849205493927
Sample 21,Timer,0.468150794506073
Sample 22,Chronos,0.8651299476623535
Sample 22,TimesFM,0.13487006723880768
Sample 23,Moirai,0.6460691690444946
Sample 23,Time-MoE,0.35393083095550537
Sample 24,Chronos,0.5799843072891235
Sample 24,Timer,0.42001572251319885
Sample 25,TimesFM,0.7594901323318481
Sample 25,Chronos,0.24050991237163544
Sample 26,TimesFM,0.6554504036903381
Sample 26,Chronos,0.3445495367050171
Sample 27,TimesFM,0.6791741847991943
Sample 27,Chronos,0.32082581520080566
Sample 28,Timer,0.5430731773376465
Sample 28,Chronos,0.4569268226623535
Sample 29,Time-MoE,0.5211772322654724
Sample 29,TimesFM,0.4788227379322052
Sample 30,Chronos,0.5204362273216248
Sample 30,Moirai,0.47956374287605286
Sample 31,Time-MoE,0.6355192065238953
Sample 31,TimesFM,0.3644808530807495
Sample 0,Time-MoE,0.5258581042289734
Sample 0,TimesFM,0.4741419553756714
Sample 1,TimesFM,0.6739969253540039
Sample 1,Timer,0.3260031044483185
Sample 2,TimesFM,0.6505096554756165
Sample 2,Time-MoE,0.34949037432670593
Sample 3,Moirai,0.5090896487236023
Sample 3,Chronos,0.4909103810787201
Sample 4,Moirai,0.670932948589325
Sample 4,Timer,0.32906705141067505
Sample 5,Moirai,0.5422164797782898
Sample 5,Chronos,0.457783579826355
Sample 6,Time-MoE,0.6631303429603577
Sample 6,Chronos,0.3368697166442871
Sample 7,Time-MoE,0.7501876950263977
Sample 7,Timer,0.24981233477592468
Sample 8,Timer,0.5320995450019836
Sample 8,TimesFM,0.46790048480033875
Sample 9,Chronos,0.6267575025558472
Sample 9,Moirai,0.37324249744415283
Sample 10,TimesFM,0.5438376665115356
Sample 10,Chronos,0.45616236329078674
Sample 11,Moirai,0.6179942488670349
Sample 11,Timer,0.3820057213306427
Sample 12,TimesFM,0.8268857598304749
Sample 12,Moirai,0.17311421036720276
Sample 13,TimesFM,0.59490966796875
Sample 13,Chronos,0.4050903022289276
Sample 14,Moirai,0.684689998626709
Sample 14,Timer,0.3153100311756134
Sample 15,TimesFM,0.5135930776596069
Sample 15,Timer,0.4864068925380707
Sample 16,Chronos,0.5136505961418152
Sample 16,TimesFM,0.4863494038581848
Sample 17,Moirai,0.5209715366363525
Sample 17,TimesFM,0.4790284037590027
Sample 18,TimesFM,0.6089604496955872
Sample 18,Chronos,0.39103955030441284
Sample 19,TimesFM,0.7807745933532715
Sample 19,Timer,0.21922534704208374
Sample 20,Time-MoE,0.6033567190170288
Sample 20,Chronos,0.3966432809829712
Sample 21,Moirai,0.5604241490364075
Sample 21,Timer,0.43957582116127014
Sample 22,Chronos,0.7416792511940002
Sample 22,TimesFM,0.25832074880599976
Sample 23,Timer,0.8228694200515747
Sample 23,Moirai,0.1771305799484253
Sample 24,Timer,0.7213351130485535
Sample 24,Moirai,0.27866485714912415
Sample 25,Time-MoE,0.7591962218284607
Sample 25,TimesFM,0.2408037632703781
Sample 26,Chronos,0.7040081024169922
Sample 26,Moirai,0.2959918975830078
Sample 27,TimesFM,0.6945133805274963
Sample 27,Time-MoE,0.30548661947250366
Sample 28,Time-MoE,0.7440779209136963
Sample 28,Timer,0.2559221088886261
Sample 29,Chronos,0.5104287266731262
Sample 29,Moirai,0.4895712435245514
Sample 30,Chronos,0.7081267237663269
Sample 30,Time-MoE,0.2918733060359955
Sample 31,Moirai,0.5769719481468201
Sample 31,Timer,0.42302805185317993
Sample 0,Time-MoE,0.7250872254371643
Sample 0,Timer,0.27491283416748047
Sample 1,Chronos,0.6574508547782898
Sample 1,Moirai,0.3425491452217102
Sample 2,Timer,0.5290857553482056
Sample 2,Moirai,0.47091421484947205
Sample 3,Timer,0.5562276840209961
Sample 3,TimesFM,0.4437723159790039
Sample 4,Time-MoE,0.7219086289405823
Sample 4,TimesFM,0.2780913710594177
Sample 5,Chronos,0.5897109508514404
Sample 5,Moirai,0.4102890193462372
Sample 6,Chronos,0.8933104872703552
Sample 6,Moirai,0.10668955743312836
Sample 7,TimesFM,0.5181827545166016
Sample 7,Chronos,0.4818172752857208
Sample 8,Timer,0.8620133399963379
Sample 8,TimesFM,0.1379866749048233
Sample 9,TimesFM,0.5220316648483276
Sample 9,Time-MoE,0.47796830534935
Sample 10,Time-MoE,0.6049960851669312
Sample 10,TimesFM,0.39500394463539124
Sample 11,Chronos,0.6330147981643677
Sample 11,Time-MoE,0.36698517203330994
Sample 12,Timer,0.6151960492134094
Sample 12,Time-MoE,0.38480398058891296
Sample 13,Chronos,0.7178547978401184
Sample 13,TimesFM,0.2821452021598816
Sample 14,Timer,0.7051196098327637
Sample 14,Moirai,0.29488039016723633
Sample 15,Moirai,0.5476760268211365
Sample 15,Time-MoE,0.4523240029811859
Sample 16,Timer,0.5139235258102417
Sample 16,Time-MoE,0.4860764443874359
Sample 17,TimesFM,0.5731596946716309
Sample 17,Timer,0.42684027552604675
Sample 18,Timer,0.9215818047523499
Sample 18,Chronos,0.07841819524765015
Sample 19,Moirai,0.7335458993911743
Sample 19,Chronos,0.2664541006088257
Sample 20,TimesFM,0.5941578149795532
Sample 20,Timer,0.4058421552181244
Sample 21,Time-MoE,0.6427979469299316
Sample 21,Timer,0.35720208287239075
Sample 22,TimesFM,0.7286579012870789
Sample 22,Chronos,0.27134209871292114
Sample 23,Moirai,0.6811503171920776
Sample 23,Timer,0.31884968280792236
Sample 24,Time-MoE,0.5133596658706665
Sample 24,Chronos,0.4866403639316559
Sample 25,Moirai,0.5442591905593872
Sample 25,TimesFM,0.4557408094406128
Sample 26,Timer,0.5412185788154602
Sample 26,TimesFM,0.4587814211845398
Sample 27,Time-MoE,0.5254970192909241
Sample 27,TimesFM,0.4745030105113983
Sample 28,Timer,0.6020914316177368
Sample 28,TimesFM,0.3979085683822632
Sample 29,TimesFM,0.6355199813842773
Sample 29,Moirai,0.36447998881340027
Sample 30,Time-MoE,0.6830257773399353
Sample 30,TimesFM,0.3169741928577423
Sample 31,Time-MoE,0.5657828450202942
Sample 31,Chronos,0.4342171549797058
Sample 0,Timer,0.6042608022689819
Sample 0,Moirai,0.39573925733566284
Sample 1,Time-MoE,0.7334729433059692
Sample 1,Moirai,0.2665270268917084
Sample 2,Time-MoE,0.8812557458877563
Sample 2,Timer,0.11874426901340485
Sample 3,Time-MoE,0.6055974960327148
Sample 3,TimesFM,0.39440256357192993
Sample 4,Time-MoE,0.7553701400756836
Sample 4,Chronos,0.2446298599243164
Sample 5,TimesFM,0.507797360420227
Sample 5,Chronos,0.49220263957977295
Sample 6,Timer,0.5489100217819214
Sample 6,Moirai,0.4510899484157562
Sample 7,Timer,0.8902188539505005
Sample 7,Moirai,0.10978110134601593
Sample 8,Time-MoE,0.7139085531234741
Sample 8,TimesFM,0.2860914170742035
Sample 9,Time-MoE,0.7015811800956726
Sample 9,Timer,0.2984188199043274
Sample 10,TimesFM,0.6145429015159607
Sample 10,Timer,0.3854570686817169
Sample 11,Time-MoE,0.6885273456573486
Sample 11,TimesFM,0.31147265434265137
Sample 12,Moirai,0.6189558506011963
Sample 12,Timer,0.3810441493988037
Sample 13,Moirai,0.6672218441963196
Sample 13,TimesFM,0.33277812600135803
Sample 14,TimesFM,0.5808870792388916
Sample 14,Moirai,0.4191128611564636
Sample 15,Time-MoE,0.7133533954620361
Sample 15,TimesFM,0.2866465449333191
Sample 0,TimesFM,0.5332392454147339
Sample 0,Time-MoE,0.4667607545852661
Sample 1,Chronos,0.6699798703193665
Sample 1,Timer,0.33002015948295593
Sample 2,Chronos,0.81116783618927
Sample 2,Time-MoE,0.1888321340084076
Sample 3,TimesFM,0.5173357725143433
Sample 3,Moirai,0.48266419768333435
Sample 4,Timer,0.5128308534622192
Sample 4,Time-MoE,0.4871691167354584
Sample 5,Time-MoE,0.7349188327789307
Sample 5,Timer,0.2650811970233917
Sample 6,Time-MoE,0.5980512499809265
Sample 6,TimesFM,0.4019487798213959
Sample 7,TimesFM,0.6795519590377808
Sample 7,Timer,0.320448100566864
Sample 8,Time-MoE,0.5704917907714844
Sample 8,Chronos,0.42950817942619324
Sample 9,Chronos,0.6088002920150757
Sample 9,Timer,0.3911997377872467
Sample 10,Time-MoE,0.6217094659805298
Sample 10,Chronos,0.3782905340194702
Sample 11,Chronos,0.5456509590148926
Sample 11,Time-MoE,0.45434901118278503
Sample 12,Time-MoE,0.6049829721450806
Sample 12,Moirai,0.39501699805259705
Sample 13,Chronos,0.7558680176734924
Sample 13,TimesFM,0.24413199722766876
Sample 14,Timer,0.6607661843299866
Sample 14,Chronos,0.3392338454723358
Sample 15,Moirai,0.5500547885894775
Sample 15,Timer,0.44994524121284485
Sample 16,Chronos,0.5630205273628235
Sample 16,Time-MoE,0.4369795024394989
Sample 17,Time-MoE,0.5211260318756104
Sample 17,Timer,0.4788740277290344
Sample 18,TimesFM,0.6837766766548157
Sample 18,Moirai,0.3162233233451843
Sample 19,Time-MoE,0.5557396411895752
Sample 19,Timer,0.44426029920578003
Sample 20,TimesFM,0.5655571222305298
Sample 20,Time-MoE,0.4344428479671478
Sample 21,TimesFM,0.5499163269996643
Sample 21,Time-MoE,0.4500836730003357
Sample 22,TimesFM,0.7250075340270996
Sample 22,Chronos,0.274992436170578
Sample 23,Moirai,0.5996641516685486
Sample 23,TimesFM,0.4003358781337738
Sample 24,TimesFM,0.5913491249084473
Sample 24,Time-MoE,0.4086509048938751
Sample 25,Moirai,0.6918095946311951
Sample 25,Chronos,0.30819037556648254
Sample 26,Time-MoE,0.5612227916717529
Sample 26,Chronos,0.4387771785259247
Sample 27,Moirai,0.5235843658447266
Sample 27,TimesFM,0.4764156639575958
Sample 28,Chronos,0.6895804405212402
Sample 28,Time-MoE,0.3104195296764374
Sample 29,Moirai,0.6208851933479309
Sample 29,TimesFM,0.3791148066520691
Sample 30,Moirai,0.5574759244918823
Sample 30,TimesFM,0.44252410531044006
Sample 31,Timer,0.7112196087837219
Sample 31,Moirai,0.28878042101860046
Sample 0,Moirai,0.607922375202179
Sample 0,TimesFM,0.39207765460014343
Sample 1,TimesFM,0.5000047087669373
Sample 1,Timer,0.49999526143074036
Sample 2,TimesFM,0.8384119272232056
Sample 2,Chronos,0.1615881323814392
Sample 3,TimesFM,0.5055084228515625
Sample 3,Timer,0.4944916069507599
Sample 4,TimesFM,0.6645197868347168
Sample 4,Chronos,0.3354802131652832
Sample 5,Moirai,0.5967251658439636
Sample 5,Time-MoE,0.4032748341560364
Sample 6,TimesFM,0.6789036393165588
Sample 6,Moirai,0.3210963308811188
Sample 7,Time-MoE,0.7126640677452087
Sample 7,TimesFM,0.2873358726501465
Sample 8,Timer,0.6450453996658325
Sample 8,Time-MoE,0.3549545407295227
Sample 9,TimesFM,0.5652874708175659
Sample 9,Chronos,0.43471258878707886
Sample 10,Moirai,0.6082017421722412
Sample 10,Timer,0.3917982876300812
Sample 11,Moirai,0.92270427942276
Sample 11,Chronos,0.07729575037956238
Sample 12,TimesFM,0.6887901425361633
Sample 12,Time-MoE,0.3112098276615143
Sample 13,Moirai,0.5717625617980957
Sample 13,TimesFM,0.4282374382019043
Sample 14,Chronos,0.7210835218429565
Sample 14,TimesFM,0.27891653776168823
Sample 15,TimesFM,0.6226550340652466
Sample 15,Chronos,0.3773449659347534
Sample 16,TimesFM,0.5782114863395691
Sample 16,Time-MoE,0.4217885434627533
Sample 17,Timer,0.5017896294593811
Sample 17,Chronos,0.4982103407382965
Sample 18,Moirai,0.5376117825508118
Sample 18,Timer,0.46238818764686584
Sample 19,TimesFM,0.5449281930923462
Sample 19,Moirai,0.4550717771053314
Sample 20,Moirai,0.5627977848052979
Sample 20,Time-MoE,0.43720218539237976
Sample 21,TimesFM,0.5102071762084961
Sample 21,Timer,0.4897928237915039
Sample 22,TimesFM,0.6161494255065918
Sample 22,Time-MoE,0.383850634098053
Sample 23,Moirai,0.6617878079414368
Sample 23,Chronos,0.33821213245391846
Sample 24,Time-MoE,0.6501718163490295
Sample 24,Chronos,0.34982815384864807
Sample 25,Timer,0.5945513844490051
Sample 25,Time-MoE,0.4054486155509949
Sample 26,TimesFM,0.7568886280059814
Sample 26,Moirai,0.24311140179634094
Sample 27,Timer,0.8367885947227478
Sample 27,Moirai,0.1632114052772522
Sample 28,Moirai,0.7095591425895691
Sample 28,Timer,0.2904408872127533
Sample 29,Moirai,0.5419667363166809
Sample 29,Timer,0.4580332040786743
Sample 30,Chronos,0.5145001411437988
Sample 30,TimesFM,0.4854998290538788
Sample 31,Timer,0.5963211059570312
Sample 31,Moirai,0.40367886424064636
Sample 0,Timer,0.7953101992607117
Sample 0,Moirai,0.2046898454427719
Sample 1,Timer,0.5602336525917053
Sample 1,TimesFM,0.43976640701293945
Sample 2,Time-MoE,0.5499224066734314
Sample 2,Moirai,0.45007753372192383
Sample 3,TimesFM,0.5681552886962891
Sample 3,Moirai,0.4318447709083557
Sample 4,Moirai,0.5709415078163147
Sample 4,TimesFM,0.4290585517883301
Sample 5,Chronos,0.6172155141830444
Sample 5,TimesFM,0.3827844560146332
Sample 6,Moirai,0.5038751363754272
Sample 6,Time-MoE,0.49612486362457275
Sample 7,Timer,0.7963374853134155
Sample 7,Chronos,0.20366255939006805
Sample 8,Timer,0.684171199798584
Sample 8,Time-MoE,0.3158288300037384
Sample 9,Chronos,0.6405412554740906
Sample 9,Timer,0.35945868492126465
Sample 10,Chronos,0.5641899108886719
Sample 10,Time-MoE,0.4358100891113281
Sample 11,Chronos,0.8000090718269348
Sample 11,Moirai,0.19999092817306519
Sample 12,Time-MoE,0.766083836555481
Sample 12,Moirai,0.23391614854335785
Sample 13,Moirai,0.5256310105323792
Sample 13,Time-MoE,0.47436898946762085
Sample 14,TimesFM,0.5360193252563477
Sample 14,Timer,0.46398067474365234
Sample 15,Timer,0.8027859330177307
Sample 15,TimesFM,0.19721409678459167
Sample 16,Chronos,0.6004598736763
Sample 16,Time-MoE,0.3995401859283447
Sample 17,Chronos,0.7104035019874573
Sample 17,Time-MoE,0.2895965278148651
Sample 18,Timer,0.6151937246322632
Sample 18,TimesFM,0.3848063349723816
Sample 19,Moirai,0.5104213953018188
Sample 19,Timer,0.48957860469818115
Sample 20,TimesFM,0.575950562953949
Sample 20,Chronos,0.42404940724372864
Sample 21,Time-MoE,0.5091608762741089
Sample 21,Timer,0.4908390939235687
Sample 22,Moirai,0.7617214918136597
Sample 22,Time-MoE,0.23827852308750153
Sample 23,TimesFM,0.502506673336029
Sample 23,Moirai,0.49749329686164856
Sample 24,Chronos,0.5190222859382629
Sample 24,Time-MoE,0.48097777366638184
Sample 25,Moirai,0.5839537978172302
Sample 25,Timer,0.41604626178741455
Sample 26,Moirai,0.6197111010551453
Sample 26,Time-MoE,0.3802889287471771
Sample 27,Timer,0.6255437135696411
Sample 27,TimesFM,0.3744562864303589
Sample 28,Moirai,0.5335339307785034
Sample 28,Chronos,0.46646609902381897
Sample 29,TimesFM,0.7104011178016663
Sample 29,Moirai,0.28959891200065613
Sample 30,Chronos,0.7940245270729065
Sample 30,Moirai,0.2059754580259323
Sample 31,Timer,0.5359423756599426
Sample 31,Time-MoE,0.4640576243400574
Sample 0,Time-MoE,0.731401264667511
Sample 0,TimesFM,0.2685987055301666
Sample 1,Chronos,0.5638711452484131
Sample 1,Time-MoE,0.4361288547515869
Sample 2,TimesFM,0.5709978938102722
Sample 2,Moirai,0.4290020763874054
Sample 3,Moirai,0.5035455226898193
Sample 3,Time-MoE,0.4964544475078583
Sample 4,Chronos,0.7263579368591309
Sample 4,TimesFM,0.27364209294319153
Sample 5,Chronos,0.5314603447914124
Sample 5,Timer,0.46853965520858765
Sample 6,Time-MoE,0.5731988549232483
Sample 6,Timer,0.4268011450767517
Sample 7,TimesFM,0.5523621439933777
Sample 7,Chronos,0.4476378858089447
Sample 8,Timer,0.7198423147201538
Sample 8,Moirai,0.2801577150821686
Sample 9,TimesFM,0.5891022682189941
Sample 9,Timer,0.4108976721763611
Sample 10,Timer,0.7494204640388489
Sample 10,Chronos,0.2505795657634735
Sample 11,TimesFM,0.5968405604362488
Sample 11,Time-MoE,0.4031594395637512
Sample 12,Moirai,0.5071613192558289
Sample 12,Chronos,0.49283871054649353
Sample 13,Moirai,0.542366087436676
Sample 13,Chronos,0.457633912563324
Sample 14,Timer,0.6065518260002136
Sample 14,Time-MoE,0.39344820380210876
Sample 15,Time-MoE,0.8280471563339233
Sample 15,Chronos,0.17195287346839905
Sample 16,Time-MoE,0.6784574389457703
Sample 16,TimesFM,0.32154256105422974
Sample 17,TimesFM,0.700329065322876
Sample 17,Chronos,0.2996709644794464
Sample 18,Timer,0.5736543536186218
Sample 18,TimesFM,0.4263456463813782
Sample 19,Chronos,0.5474825501441956
Sample 19,Moirai,0.45251742005348206
Sample 20,Moirai,0.5217061042785645
Sample 20,Timer,0.47829389572143555
Sample 21,Moirai,0.556894063949585
Sample 21,Chronos,0.44310587644577026
Sample 22,Time-MoE,0.5221011638641357
Sample 22,TimesFM,0.47789886593818665
Sample 23,Chronos,0.5158059000968933
Sample 23,Timer,0.4841940999031067
Sample 24,Time-MoE,0.5723873376846313
Sample 24,TimesFM,0.42761263251304626
Sample 25,Chronos,0.6728664040565491
Sample 25,TimesFM,0.32713356614112854
Sample 26,TimesFM,0.5392317771911621
Sample 26,Chronos,0.4607682228088379
Sample 27,Time-MoE,0.6065331101417542
Sample 27,Moirai,0.3934668302536011
Sample 28,Timer,0.589611291885376
Sample 28,Time-MoE,0.410388708114624
Sample 29,TimesFM,0.6021337509155273
Sample 29,Moirai,0.39786621928215027
Sample 30,Timer,0.5128629803657532
Sample 30,Moirai,0.4871370196342468
Sample 31,Chronos,0.5478068590164185
Sample 31,TimesFM,0.45219311118125916
Sample 0,Time-MoE,0.5179150700569153
Sample 0,Timer,0.4820849895477295
Sample 1,Chronos,0.7307642102241516
Sample 1,Timer,0.2692357897758484
Sample 2,Chronos,0.6620182991027832
Sample 2,Time-MoE,0.3379817008972168
Sample 3,Time-MoE,0.5217654705047607
Sample 3,Moirai,0.47823449969291687
Sample 4,Chronos,0.6394895911216736
Sample 4,Time-MoE,0.3605104386806488
Sample 5,Chronos,0.6088421940803528
Sample 5,Moirai,0.39115777611732483
Sample 6,Moirai,0.8182560205459595
Sample 6,Chronos,0.18174391984939575
Sample 7,TimesFM,0.7327319979667664
Sample 7,Timer,0.26726800203323364
Sample 8,Moirai,0.6094552874565125
Sample 8,Timer,0.39054474234580994
Sample 9,Time-MoE,0.5500105023384094
Sample 9,TimesFM,0.44998955726623535
Sample 10,TimesFM,0.5800154209136963
Sample 10,Time-MoE,0.4199845790863037
Sample 11,Chronos,0.6259598731994629
Sample 11,Time-MoE,0.3740401268005371
Sample 12,Timer,0.5955762267112732
Sample 12,Chronos,0.4044238030910492
Sample 13,Chronos,0.5109363198280334
Sample 13,Timer,0.48906365036964417
Sample 14,Chronos,0.7182843089103699
Sample 14,Timer,0.2817157208919525
Sample 15,TimesFM,0.6615524291992188
Sample 15,Timer,0.33844760060310364
Sample 16,Moirai,0.7331227660179138
Sample 16,Time-MoE,0.26687726378440857
Sample 17,Chronos,0.6736589670181274
Sample 17,Timer,0.32634106278419495
Sample 18,Time-MoE,0.5344251990318298
Sample 18,Moirai,0.46557483077049255
Sample 19,Moirai,0.5315455794334412
Sample 19,Chronos,0.4684544503688812
Sample 20,Timer,0.8578788638114929
Sample 20,TimesFM,0.14212116599082947
Sample 21,Time-MoE,0.5898098945617676
Sample 21,Chronos,0.4101901054382324
Sample 22,Time-MoE,0.5400686860084534
Sample 22,Moirai,0.45993131399154663
Sample 23,Moirai,0.5040452480316162
Sample 23,Time-MoE,0.4959547519683838
Sample 24,Time-MoE,0.5246915817260742
Sample 24,Timer,0.4753084182739258
Sample 25,TimesFM,0.8769659996032715
Sample 25,Moirai,0.12303401529788971
Sample 26,Time-MoE,0.5773180723190308
Sample 26,Chronos,0.4226819574832916
Sample 27,Time-MoE,0.8241111040115356
Sample 27,Timer,0.17588886618614197
Sample 28,Timer,0.676771342754364
Sample 28,Time-MoE,0.3232286274433136
Sample 29,Time-MoE,0.5704044103622437
Sample 29,Timer,0.42959555983543396
Sample 30,Chronos,0.5589771270751953
Sample 30,Time-MoE,0.4410228431224823
Sample 31,Timer,0.5754555463790894
Sample 31,Moirai,0.42454448342323303
Sample 0,Timer,0.6013554334640503
Sample 0,TimesFM,0.3986445367336273
Sample 1,Chronos,0.540890097618103
Sample 1,TimesFM,0.459109902381897
Sample 2,Timer,0.8653347492218018
Sample 2,Time-MoE,0.13466520607471466
Sample 3,Chronos,0.5581867694854736
Sample 3,Timer,0.441813200712204
Sample 4,TimesFM,0.5508126020431519
Sample 4,Timer,0.44918742775917053
Sample 5,Time-MoE,0.5214413404464722
Sample 5,Timer,0.47855865955352783
Sample 6,TimesFM,0.62790447473526
Sample 6,Timer,0.3720955550670624
Sample 7,Timer,0.8451486229896545
Sample 7,TimesFM,0.15485142171382904
Sample 8,Timer,0.6689469814300537
Sample 8,Time-MoE,0.3310530185699463
Sample 9,Chronos,0.6459805369377136
Sample 9,TimesFM,0.35401949286460876
Sample 10,Moirai,0.5873597860336304
Sample 10,Chronos,0.412640243768692
Sample 11,Moirai,0.5402108430862427
Sample 11,TimesFM,0.4597891867160797
Sample 12,Time-MoE,0.5827382206916809
Sample 12,Timer,0.4172617495059967
Sample 13,Chronos,0.7013265490531921
Sample 13,Timer,0.29867348074913025
Sample 14,Chronos,0.5738492608070374
Sample 14,TimesFM,0.42615067958831787
Sample 15,TimesFM,0.5002984404563904
Sample 15,Chronos,0.499701589345932
Sample 16,TimesFM,0.5070534348487854
Sample 16,Moirai,0.492946594953537
Sample 17,Timer,0.5041466355323792
Sample 17,Moirai,0.49585339426994324
Sample 18,Time-MoE,0.6649309396743774
Sample 18,Moirai,0.33506906032562256
Sample 19,Chronos,0.6949297189712524
Sample 19,TimesFM,0.30507028102874756
Sample 20,Chronos,0.5616742372512817
Sample 20,Timer,0.4383257329463959
Sample 21,Time-MoE,0.8239913582801819
Sample 21,Timer,0.17600862681865692
Sample 22,Timer,0.7176926732063293
Sample 22,Moirai,0.28230729699134827
Sample 23,TimesFM,0.526189386844635
Sample 23,Time-MoE,0.473810613155365
Sample 24,Moirai,0.5918341875076294
Sample 24,Chronos,0.4081658124923706
Sample 25,Chronos,0.7177414298057556
Sample 25,Timer,0.282258540391922
Sample 26,Timer,0.5699257850646973
Sample 26,TimesFM,0.43007418513298035
Sample 27,TimesFM,0.5495136380195618
Sample 27,Time-MoE,0.4504863917827606
Sample 28,Timer,0.76212078332901
Sample 28,Chronos,0.23787921667099
Sample 29,Time-MoE,0.6386856436729431
Sample 29,Timer,0.3613143265247345
Sample 30,Time-MoE,0.551068127155304
Sample 30,Timer,0.44893190264701843
Sample 31,TimesFM,0.5861554741859436
Sample 31,Time-MoE,0.41384458541870117
Sample 0,Time-MoE,0.5691118836402893
Sample 0,TimesFM,0.4308881461620331
Sample 1,Chronos,0.7844292521476746
Sample 1,Moirai,0.21557079255580902
Sample 2,TimesFM,0.5671312212944031
Sample 2,Chronos,0.43286874890327454
Sample 3,Time-MoE,0.5281285643577576
Sample 3,Timer,0.47187140583992004
Sample 4,Time-MoE,0.6202331781387329
Sample 4,Moirai,0.3797667622566223
Sample 5,Chronos,0.5922563076019287
Sample 5,TimesFM,0.4077436625957489
Sample 6,TimesFM,0.5148704051971436
Sample 6,Time-MoE,0.48512959480285645
Sample 7,Timer,0.5240439772605896
Sample 7,Chronos,0.4759559631347656
Sample 8,Moirai,0.5360835790634155
Sample 8,TimesFM,0.4639164209365845
Sample 9,Moirai,0.587216317653656
Sample 9,Chronos,0.41278374195098877
Sample 10,Time-MoE,0.6497547626495361
Sample 10,Moirai,0.35024529695510864
Sample 11,TimesFM,0.5202973484992981
Sample 11,Timer,0.4797027111053467
Sample 12,Moirai,0.6233799457550049
Sample 12,Timer,0.3766201138496399
Sample 13,TimesFM,0.6675048470497131
Sample 13,Chronos,0.3324951231479645
Sample 14,Chronos,0.5367458462715149
Sample 14,Time-MoE,0.4632541537284851
Sample 15,Moirai,0.8130925893783569
Sample 15,TimesFM,0.18690741062164307
Sample 0,TimesFM,0.559973418712616
Sample 0,Timer,0.44002655148506165
Sample 1,Chronos,0.6070943474769592
Sample 1,Timer,0.39290565252304077
Sample 2,Time-MoE,0.6730595827102661
Sample 2,TimesFM,0.3269404470920563
Sample 3,TimesFM,0.6469688415527344
Sample 3,Moirai,0.3530311584472656
Sample 4,TimesFM,0.6079449653625488
Sample 4,Time-MoE,0.39205509424209595
Sample 5,Chronos,0.7545356750488281
Sample 5,Timer,0.2454642951488495
Sample 6,Time-MoE,0.7799245715141296
Sample 6,Timer,0.22007547318935394
Sample 7,Timer,0.6305602788925171
Sample 7,Moirai,0.3694396913051605
Sample 8,Moirai,0.6199997067451477
Sample 8,Time-MoE,0.3800002932548523
Sample 9,Timer,0.6816094517707825
Sample 9,Moirai,0.31839051842689514
Sample 10,Timer,0.6751834154129028
Sample 10,Time-MoE,0.3248165547847748
Sample 11,Timer,0.5387374758720398
Sample 11,TimesFM,0.4612625241279602
Sample 12,Time-MoE,0.5275733470916748
Sample 12,Timer,0.4724266231060028
Sample 13,Chronos,0.723236620426178
Sample 13,TimesFM,0.2767634093761444
Sample 14,Chronos,0.6827198266983032
Sample 14,TimesFM,0.3172801733016968
Sample 15,Chronos,0.5709969997406006
Sample 15,Time-MoE,0.429002970457077
Sample 16,Timer,0.5610961318016052
Sample 16,TimesFM,0.4389038383960724
Sample 17,Chronos,0.7750661969184875
Sample 17,TimesFM,0.22493377327919006
Sample 18,Chronos,0.589364230632782
Sample 18,Time-MoE,0.410635769367218
Sample 19,Chronos,0.50565105676651
Sample 19,Timer,0.49434894323349
Sample 20,Timer,0.6787735819816589
Sample 20,Chronos,0.3212263882160187
Sample 21,Moirai,0.669421374797821
Sample 21,TimesFM,0.33057865500450134
Sample 22,Time-MoE,0.8091182708740234
Sample 22,Moirai,0.19088171422481537
Sample 23,Chronos,0.545562207698822
Sample 23,Timer,0.45443782210350037
Sample 24,Chronos,0.6195665001869202
Sample 24,TimesFM,0.38043347001075745
Sample 25,TimesFM,0.6384242177009583
Sample 25,Chronos,0.3615758419036865
Sample 26,Time-MoE,0.6463343501091003
Sample 26,Moirai,0.35366564989089966
Sample 27,Chronos,0.6865063309669495
Sample 27,Timer,0.31349366903305054
Sample 28,Time-MoE,0.564336359500885
Sample 28,Timer,0.4356636106967926
Sample 29,Chronos,0.5097766518592834
Sample 29,TimesFM,0.49022340774536133
Sample 30,Chronos,0.6436072587966919
Sample 30,TimesFM,0.3563927114009857
Sample 31,TimesFM,0.5763640999794006
Sample 31,Time-MoE,0.423635870218277
Sample 0,Moirai,0.5987573862075806
Sample 0,Chronos,0.40124255418777466
Sample 1,Chronos,0.6048043370246887
Sample 1,TimesFM,0.39519572257995605
Sample 2,TimesFM,0.7522737383842468
Sample 2,Moirai,0.24772630631923676
Sample 3,Timer,0.5225105881690979
Sample 3,TimesFM,0.4774894118309021
Sample 4,Time-MoE,0.5031788945198059
Sample 4,Timer,0.4968210756778717
Sample 5,Timer,0.5015672445297241
Sample 5,Time-MoE,0.4984327256679535
Sample 6,Time-MoE,0.6490099430084229
Sample 6,Moirai,0.35099005699157715
Sample 7,Time-MoE,0.5862545967102051
Sample 7,Chronos,0.41374537348747253
Sample 8,Time-MoE,0.5829657912254333
Sample 8,Moirai,0.4170342683792114
Sample 9,Moirai,0.6964806914329529
Sample 9,Timer,0.30351927876472473
Sample 10,Moirai,0.6853729486465454
Sample 10,Timer,0.3146270513534546
Sample 11,Timer,0.8282769322395325
Sample 11,TimesFM,0.1717231273651123
Sample 12,TimesFM,0.5209154486656189
Sample 12,Chronos,0.4790845513343811
Sample 13,Timer,0.5246965885162354
Sample 13,TimesFM,0.47530338168144226
Sample 14,Timer,0.506662905216217
Sample 14,Time-MoE,0.49333712458610535
Sample 15,Time-MoE,0.6687511205673218
Sample 15,Moirai,0.331248939037323
Sample 16,Timer,0.5443347096443176
Sample 16,Moirai,0.4556652903556824
Sample 17,Chronos,0.5587774515151978
Sample 17,Moirai,0.44122254848480225
Sample 18,TimesFM,0.6557069420814514
Sample 18,Timer,0.3442930281162262
Sample 19,Moirai,0.5605452060699463
Sample 19,TimesFM,0.4394548237323761
Sample 20,Time-MoE,0.601020336151123
Sample 20,Moirai,0.39897963404655457
Sample 21,Time-MoE,0.6342049241065979
Sample 21,Moirai,0.3657950460910797
Sample 22,Timer,0.5532016754150391
Sample 22,Moirai,0.44679832458496094
Sample 23,TimesFM,0.5094582438468933
Sample 23,Time-MoE,0.4905417263507843
Sample 24,Chronos,0.5714688897132874
Sample 24,Time-MoE,0.42853105068206787
Sample 25,TimesFM,0.725013792514801
Sample 25,Time-MoE,0.274986207485199
Sample 26,Moirai,0.6182834506034851
Sample 26,TimesFM,0.3817164897918701
Sample 27,Chronos,0.7269574999809265
Sample 27,Moirai,0.2730425298213959
Sample 28,Time-MoE,0.661232590675354
Sample 28,TimesFM,0.33876746892929077
Sample 29,TimesFM,0.5984054803848267
Sample 29,Timer,0.4015945792198181
Sample 30,Timer,0.6070190668106079
Sample 30,Time-MoE,0.3929808735847473
Sample 31,TimesFM,0.5033953785896301
Sample 31,Chronos,0.4966046214103699
Sample 0,Time-MoE,0.7382459044456482
Sample 0,Moirai,0.2617540657520294
Sample 1,Chronos,0.5310118198394775
Sample 1,Time-MoE,0.46898820996284485
Sample 2,Timer,0.7186436057090759
Sample 2,Moirai,0.2813563942909241
Sample 3,Chronos,0.5245962738990784
Sample 3,Time-MoE,0.475403755903244
Sample 4,Timer,0.5237100720405579
Sample 4,Chronos,0.4762899577617645
Sample 5,Chronos,0.5912091135978699
Sample 5,Timer,0.4087908864021301
Sample 6,Time-MoE,0.6649404168128967
Sample 6,Moirai,0.3350595235824585
Sample 7,Chronos,0.7261980175971985
Sample 7,TimesFM,0.2738020420074463
Sample 8,Moirai,0.5002424120903015
Sample 8,Time-MoE,0.4997575879096985
Sample 9,Moirai,0.6142303943634033
Sample 9,Chronos,0.3857695758342743
Sample 10,Chronos,0.5100163221359253
Sample 10,Time-MoE,0.4899836778640747
Sample 11,Timer,0.6042288541793823
Sample 11,Chronos,0.3957711160182953
Sample 12,Moirai,0.587453305721283
Sample 12,Chronos,0.41254666447639465
Sample 13,Chronos,0.7274379730224609
Sample 13,TimesFM,0.2725619971752167
Sample 14,Timer,0.5597600340843201
Sample 14,Moirai,0.44023996591567993
Sample 15,Time-MoE,0.5317241549491882
Sample 15,Moirai,0.46827587485313416
Sample 16,Chronos,0.5863036513328552
Sample 16,Timer,0.4136963486671448
Sample 17,Chronos,0.5597324967384338
Sample 17,Time-MoE,0.44026753306388855
Sample 18,Timer,0.6241145133972168
Sample 18,TimesFM,0.3758854866027832
Sample 19,Moirai,0.5156950354576111
Sample 19,Chronos,0.48430493474006653
Sample 20,Timer,0.5406582355499268
Sample 20,TimesFM,0.45934179425239563
Sample 21,Chronos,0.6609882116317749
Sample 21,Moirai,0.3390117883682251
Sample 22,Moirai,0.5945914387702942
Sample 22,TimesFM,0.4054085612297058
Sample 23,Time-MoE,0.6784317493438721
Sample 23,Moirai,0.32156819105148315
Sample 24,Time-MoE,0.5339956283569336
Sample 24,Moirai,0.4660043716430664
Sample 25,Timer,0.6003354787826538
Sample 25,Moirai,0.3996644914150238
Sample 26,Timer,0.6108513474464417
Sample 26,Moirai,0.38914868235588074
Sample 27,Time-MoE,0.5748231410980225
Sample 27,Timer,0.4251768887042999
Sample 28,Moirai,0.7418962717056274
Sample 28,Chronos,0.25810372829437256
Sample 29,Time-MoE,0.5015982985496521
Sample 29,Chronos,0.4984017014503479
Sample 30,TimesFM,0.8024526238441467
Sample 30,Timer,0.19754737615585327
Sample 31,TimesFM,0.5721352696418762
Sample 31,Time-MoE,0.42786478996276855
Sample 0,Timer,0.5420781373977661
Sample 0,TimesFM,0.45792192220687866
Sample 1,Chronos,0.5228502154350281
Sample 1,Timer,0.47714975476264954
Sample 2,Moirai,0.69314044713974
Sample 2,Timer,0.3068595826625824
Sample 3,Chronos,0.5224435925483704
Sample 3,Timer,0.47755637764930725
Sample 4,TimesFM,0.5601274967193604
Sample 4,Time-MoE,0.4398725628852844
Sample 5,Time-MoE,0.5859732031822205
Sample 5,Moirai,0.41402679681777954
Sample 6,Time-MoE,0.57741779088974
Sample 6,TimesFM,0.4225821793079376
Sample 7,Moirai,0.8005355596542358
Sample 7,Time-MoE,0.19946447014808655
Sample 8,Moirai,0.5520973801612854
Sample 8,Chronos,0.447902649641037
Sample 9,TimesFM,0.615886926651001
Sample 9,Timer,0.3841131031513214
Sample 10,Chronos,0.5126784443855286
Sample 10,Time-MoE,0.48732152581214905
Sample 11,Timer,0.6596538424491882
Sample 11,TimesFM,0.34034621715545654
Sample 12,Moirai,0.5183064937591553
Sample 12,Chronos,0.48169347643852234
Sample 13,TimesFM,0.6895670890808105
Sample 13,Timer,0.31043288111686707
Sample 14,Time-MoE,0.6462531089782715
Sample 14,TimesFM,0.35374686121940613
Sample 15,Moirai,0.5159004330635071
Sample 15,TimesFM,0.4840995967388153
Sample 16,Timer,0.5381761193275452
Sample 16,Time-MoE,0.4618239402770996
Sample 17,Chronos,0.5571349263191223
Sample 17,Timer,0.4428651034832001
Sample 18,Time-MoE,0.5360671281814575
Sample 18,TimesFM,0.4639328718185425
Sample 19,TimesFM,0.8662828207015991
Sample 19,Moirai,0.13371722400188446
Sample 20,Timer,0.546305239200592
Sample 20,TimesFM,0.45369476079940796
Sample 21,Time-MoE,0.5614815950393677
Sample 21,Moirai,0.4385184049606323
Sample 22,Moirai,0.6283050775527954
Sample 22,Chronos,0.371694952249527
Sample 23,Timer,0.5871294140815735
Sample 23,Chronos,0.4128705859184265
Sample 24,Moirai,0.6355753540992737
Sample 24,Timer,0.3644247055053711
Sample 25,Time-MoE,0.6548058986663818
Sample 25,Timer,0.3451940715312958
Sample 26,Chronos,0.5401321053504944
Sample 26,Moirai,0.4598678648471832
Sample 27,Chronos,0.6609165072441101
Sample 27,Timer,0.3390834927558899
Sample 28,Chronos,0.5043015480041504
Sample 28,Time-MoE,0.495698481798172
Sample 29,TimesFM,0.5372025370597839
Sample 29,Timer,0.46279749274253845
Sample 30,TimesFM,0.5627971887588501
Sample 30,Moirai,0.4372027814388275
Sample 31,TimesFM,0.7432756423950195
Sample 31,Moirai,0.25672438740730286
Sample 0,Moirai,0.6074914932250977
Sample 0,TimesFM,0.39250847697257996
Sample 1,TimesFM,0.6438707113265991
Sample 1,Moirai,0.3561292588710785
Sample 2,TimesFM,0.7876173853874207
Sample 2,Timer,0.21238258481025696
Sample 3,Chronos,0.7057331204414368
Sample 3,Time-MoE,0.29426684975624084
Sample 4,Chronos,0.525596559047699
Sample 4,Timer,0.474403440952301
Sample 5,Timer,0.582230806350708
Sample 5,TimesFM,0.417769193649292
Sample 6,Chronos,0.7675272226333618
Sample 6,Timer,0.23247282207012177
Sample 7,Moirai,0.6953964233398438
Sample 7,Time-MoE,0.30460360646247864
Sample 8,Moirai,0.7050435543060303
Sample 8,Time-MoE,0.29495641589164734
Sample 9,Chronos,0.5035855174064636
Sample 9,Moirai,0.4964144825935364
Sample 10,Chronos,0.6509866118431091
Sample 10,Timer,0.34901341795921326
Sample 11,Moirai,0.5539678335189819
Sample 11,TimesFM,0.44603216648101807
Sample 12,Chronos,0.5223140716552734
Sample 12,Time-MoE,0.47768595814704895
Sample 13,Chronos,0.5401431322097778
Sample 13,Timer,0.45985686779022217
Sample 14,Time-MoE,0.7471596598625183
Sample 14,Chronos,0.25284039974212646
Sample 15,Chronos,0.5439664721488953
Sample 15,Moirai,0.4560335576534271
Sample 16,Timer,0.5322960019111633
Sample 16,Chronos,0.46770402789115906
Sample 17,Moirai,0.7536830306053162
Sample 17,Chronos,0.24631693959236145
Sample 18,TimesFM,0.6121804714202881
Sample 18,Time-MoE,0.3878195285797119
Sample 19,TimesFM,0.5555092096328735
Sample 19,Time-MoE,0.4444907605648041
Sample 20,Timer,0.6745079755783081
Sample 20,Time-MoE,0.3254920244216919
Sample 21,Chronos,0.7484163045883179
Sample 21,Moirai,0.2515837252140045
Sample 22,TimesFM,0.6026440858840942
Sample 22,Timer,0.3973558843135834
Sample 23,Chronos,0.7305144667625427
Sample 23,Time-MoE,0.2694855034351349
Sample 24,Time-MoE,0.6512047648429871
Sample 24,TimesFM,0.34879523515701294
Sample 25,Time-MoE,0.7299596667289734
Sample 25,Moirai,0.2700403332710266
Sample 26,Chronos,0.7406904101371765
Sample 26,Time-MoE,0.2593095898628235
Sample 27,Time-MoE,0.556598424911499
Sample 27,TimesFM,0.44340163469314575
Sample 28,Chronos,0.5621591806411743
Sample 28,Moirai,0.4378407895565033
Sample 29,Moirai,0.5063715577125549
Sample 29,Time-MoE,0.49362847208976746
Sample 30,Moirai,0.7200883626937866
Sample 30,Time-MoE,0.27991166710853577
Sample 31,Moirai,0.7805876135826111
Sample 31,TimesFM,0.2194124311208725
Sample 0,Timer,0.6499849557876587
Sample 0,Time-MoE,0.3500150442123413
Sample 1,Chronos,0.6022220849990845
Sample 1,Moirai,0.39777788519859314
Sample 2,Moirai,0.6245288848876953
Sample 2,Chronos,0.37547117471694946
Sample 3,Time-MoE,0.5625815391540527
Sample 3,Moirai,0.43741846084594727
Sample 4,TimesFM,0.529999852180481
Sample 4,Time-MoE,0.47000014781951904
Sample 5,TimesFM,0.5675517320632935
Sample 5,Time-MoE,0.43244823813438416
Sample 6,Chronos,0.7032210230827332
Sample 6,Moirai,0.29677897691726685
Sample 7,Moirai,0.7138809561729431
Sample 7,Time-MoE,0.2861190140247345
Sample 8,Timer,0.8169528841972351
Sample 8,Chronos,0.18304714560508728
Sample 9,Moirai,0.593251645565033
Sample 9,TimesFM,0.40674835443496704
Sample 10,Time-MoE,0.5430269837379456
Sample 10,Timer,0.45697301626205444
Sample 11,Moirai,0.5852805972099304
Sample 11,TimesFM,0.41471943259239197
Sample 12,Moirai,0.5173291563987732
Sample 12,TimesFM,0.4826708734035492
Sample 13,TimesFM,0.6131716370582581
Sample 13,Timer,0.38682836294174194
Sample 14,TimesFM,0.5640802383422852
Sample 14,Time-MoE,0.43591970205307007
Sample 15,Chronos,0.5351119637489319
Sample 15,Timer,0.46488797664642334
Sample 16,Chronos,0.553973376750946
Sample 16,Moirai,0.44602668285369873
Sample 17,Timer,0.5203299522399902
Sample 17,Chronos,0.4796700179576874
Sample 18,Moirai,0.6540207266807556
Sample 18,Chronos,0.3459792733192444
Sample 19,TimesFM,0.5931752324104309
Sample 19,Chronos,0.4068247377872467
Sample 20,Chronos,0.5014557242393494
Sample 20,Time-MoE,0.498544305562973
Sample 21,Timer,0.5571197867393494
Sample 21,Moirai,0.44288021326065063
Sample 22,Chronos,0.722892701625824
Sample 22,Moirai,0.2771073281764984
Sample 23,Chronos,0.5701611042022705
Sample 23,Timer,0.4298388957977295
Sample 24,TimesFM,0.5336648225784302
Sample 24,Timer,0.46633514761924744
Sample 25,Moirai,0.5432361364364624
Sample 25,TimesFM,0.45676389336586
Sample 26,Timer,0.5645447373390198
Sample 26,Time-MoE,0.4354552626609802
Sample 27,Time-MoE,0.7674784064292908
Sample 27,Chronos,0.23252157866954803
Sample 28,Timer,0.9123818874359131
Sample 28,Chronos,0.0876181423664093
Sample 29,Time-MoE,0.7760141491889954
Sample 29,Timer,0.22398585081100464
Sample 30,Time-MoE,0.8227166533470154
Sample 30,Timer,0.17728334665298462
Sample 31,Chronos,0.5452048778533936
Sample 31,Moirai,0.45479515194892883
Sample 0,Chronos,0.5043234825134277
Sample 0,TimesFM,0.4956764876842499
Sample 1,Chronos,0.8353108763694763
Sample 1,Moirai,0.16468915343284607
Sample 2,Timer,0.5650764107704163
Sample 2,TimesFM,0.43492358922958374
Sample 3,Timer,0.5610764026641846
Sample 3,Time-MoE,0.43892359733581543
Sample 4,TimesFM,0.8307328820228577
Sample 4,Moirai,0.16926707327365875
Sample 5,Chronos,0.5025661587715149
Sample 5,Timer,0.4974338114261627
Sample 6,Time-MoE,0.6012702584266663
Sample 6,Timer,0.39872974157333374
Sample 7,TimesFM,0.5013599991798401
Sample 7,Time-MoE,0.4986400008201599
Sample 8,Timer,0.5454253554344177
Sample 8,Moirai,0.4545746445655823
Sample 9,TimesFM,0.7711629271507263
Sample 9,Moirai,0.22883707284927368
Sample 10,TimesFM,0.8304556608200073
Sample 10,Timer,0.16954435408115387
Sample 11,Time-MoE,0.6924119591712952
Sample 11,Chronos,0.3075881004333496
Sample 12,Moirai,0.7229293584823608
Sample 12,TimesFM,0.27707067131996155
Sample 13,TimesFM,0.5421884059906006
Sample 13,Time-MoE,0.4578115940093994
Sample 14,Moirai,0.5263412594795227
Sample 14,TimesFM,0.4736587107181549
Sample 15,Moirai,0.7620096206665039
Sample 15,Chronos,0.23799040913581848
Sample 0,Chronos,0.5789750218391418
Sample 0,Timer,0.42102500796318054
Sample 1,TimesFM,0.6383160352706909
Sample 1,Time-MoE,0.36168399453163147
Sample 2,Time-MoE,0.6088960766792297
Sample 2,TimesFM,0.39110395312309265
Sample 3,Timer,0.5465636253356934
Sample 3,Chronos,0.45343640446662903
Sample 4,Chronos,0.5579223036766052
Sample 4,TimesFM,0.44207775592803955
Sample 5,Timer,0.5400689244270325
Sample 5,Chronos,0.45993104577064514
Sample 6,Moirai,0.51790851354599
Sample 6,Timer,0.4820914566516876
Sample 7,Timer,0.6336077451705933
Sample 7,Chronos,0.36639225482940674
Sample 8,Time-MoE,0.692986011505127
Sample 8,TimesFM,0.30701401829719543
Sample 9,TimesFM,0.606512725353241
Sample 9,Moirai,0.39348724484443665
Sample 10,Moirai,0.5803502202033997
Sample 10,Time-MoE,0.41964980959892273
Sample 11,Chronos,0.7455042600631714
Sample 11,Moirai,0.254495769739151
Sample 12,Timer,0.537381649017334
Sample 12,Time-MoE,0.46261832118034363
Sample 13,TimesFM,0.663168728351593
Sample 13,Chronos,0.33683133125305176
Sample 14,TimesFM,0.5726708769798279
Sample 14,Timer,0.4273291528224945
Sample 15,Timer,0.532744288444519
Sample 15,Chronos,0.46725571155548096
Sample 16,Moirai,0.5586794018745422
Sample 16,Timer,0.4413205683231354
Sample 17,Chronos,0.5740578770637512
Sample 17,Moirai,0.4259420931339264
Sample 18,Timer,0.7176370620727539
Sample 18,Chronos,0.2823629379272461
Sample 19,TimesFM,0.6250264644622803
Sample 19,Timer,0.37497350573539734
Sample 20,Chronos,0.5543493628501892
Sample 20,Timer,0.4456506371498108
Sample 21,TimesFM,0.5315678715705872
Sample 21,Timer,0.46843215823173523
Sample 22,Moirai,0.5411253571510315
Sample 22,Chronos,0.4588746428489685
Sample 23,Chronos,0.6653497219085693
Sample 23,TimesFM,0.3346502482891083
Sample 24,Moirai,0.540013313293457
Sample 24,Time-MoE,0.4599866569042206
Sample 25,TimesFM,0.5537858009338379
Sample 25,Time-MoE,0.4462142288684845
Sample 26,Time-MoE,0.5471281409263611
Sample 26,Moirai,0.4528718590736389
Sample 27,Timer,0.6899369359016418
Sample 27,Moirai,0.31006309390068054
Sample 28,Timer,0.9424254298210144
Sample 28,Chronos,0.05757461115717888
Sample 29,Time-MoE,0.5014220476150513
Sample 29,Timer,0.4985779821872711
Sample 30,Timer,0.5296513438224792
Sample 30,Moirai,0.4703487157821655
Sample 31,Timer,0.8639920949935913
Sample 31,Time-MoE,0.13600791990756989
Sample 0,Time-MoE,0.7260353565216064
Sample 0,Chronos,0.27396461367607117
Sample 1,Time-MoE,0.6391982436180115
Sample 1,TimesFM,0.3608017563819885
Sample 2,TimesFM,0.5359271168708801
Sample 2,Moirai,0.46407291293144226
Sample 3,Moirai,0.6674474477767944
Sample 3,Chronos,0.33255255222320557
Sample 4,Timer,0.7831434607505798
Sample 4,Moirai,0.21685661375522614
Sample 5,Time-MoE,0.643029510974884
Sample 5,Chronos,0.3569704592227936
Sample 6,Moirai,0.7341225147247314
Sample 6,Timer,0.26587748527526855
Sample 7,Timer,0.6319037079811096
Sample 7,Moirai,0.36809632182121277
Sample 8,Timer,0.5801475048065186
Sample 8,Moirai,0.41985249519348145
Sample 9,Chronos,0.6099886894226074
Sample 9,Moirai,0.3900113105773926
Sample 10,TimesFM,0.5446338653564453
Sample 10,Time-MoE,0.4553661346435547
Sample 11,Time-MoE,0.7913057804107666
Sample 11,TimesFM,0.2086942493915558
Sample 12,Time-MoE,0.8133012652397156
Sample 12,Timer,0.18669870495796204
Sample 13,Moirai,0.6905330419540405
Sample 13,Timer,0.3094668984413147
Sample 14,Chronos,0.7508677244186401
Sample 14,Time-MoE,0.24913224577903748
Sample 15,Timer,0.5646970272064209
Sample 15,TimesFM,0.4353029429912567
Sample 16,Moirai,0.5731741189956665
Sample 16,Timer,0.4268258810043335
Sample 17,TimesFM,0.823113739490509
Sample 17,Timer,0.17688624560832977
Sample 18,Timer,0.5034497380256653
Sample 18,Moirai,0.4965503215789795
Sample 19,Moirai,0.535611093044281
Sample 19,TimesFM,0.4643889367580414
Sample 20,Chronos,0.5005389451980591
Sample 20,TimesFM,0.4994610548019409
Sample 21,Moirai,0.5435187220573425
Sample 21,Time-MoE,0.4564812481403351
Sample 22,Time-MoE,0.6154154539108276
Sample 22,TimesFM,0.38458454608917236
Sample 23,Time-MoE,0.6667554974555969
Sample 23,Chronos,0.3332445025444031
Sample 24,Moirai,0.7493331432342529
Sample 24,TimesFM,0.25066688656806946
Sample 25,Moirai,0.504193902015686
Sample 25,Time-MoE,0.49580609798431396
Sample 26,Moirai,0.7618718147277832
Sample 26,Chronos,0.23812812566757202
Sample 27,Moirai,0.5168431401252747
Sample 27,Chronos,0.48315685987472534
Sample 28,Moirai,0.5128297209739685
Sample 28,Chronos,0.4871702790260315
Sample 29,Time-MoE,0.7181269526481628
Sample 29,Timer,0.28187307715415955
Sample 30,TimesFM,0.8092581629753113
Sample 30,Chronos,0.1907418966293335
Sample 31,Moirai,0.5906681418418884
Sample 31,Timer,0.4093318581581116
Sample 0,Moirai,0.7261766195297241
Sample 0,Chronos,0.2738233804702759
Sample 1,Time-MoE,0.5414515137672424
Sample 1,Moirai,0.45854848623275757
Sample 2,TimesFM,0.6182911396026611
Sample 2,Chronos,0.38170892000198364
Sample 3,Moirai,0.6503638625144958
Sample 3,TimesFM,0.34963616728782654
Sample 4,TimesFM,0.5890222787857056
Sample 4,Moirai,0.41097772121429443
Sample 5,Timer,0.5706295967102051
Sample 5,TimesFM,0.4293704330921173
Sample 6,TimesFM,0.6539292335510254
Sample 6,Chronos,0.3460708260536194
Sample 7,Chronos,0.684173583984375
Sample 7,Moirai,0.3158263862133026
Sample 8,TimesFM,0.5793952941894531
Sample 8,Time-MoE,0.42060473561286926
Sample 9,Time-MoE,0.5455493330955505
Sample 9,TimesFM,0.45445066690444946
Sample 10,Chronos,0.5863254070281982
Sample 10,Timer,0.41367462277412415
Sample 11,Timer,0.6051177382469177
Sample 11,Time-MoE,0.3948822319507599
Sample 12,Moirai,0.5264599323272705
Sample 12,TimesFM,0.4735400676727295
Sample 13,Chronos,0.6452576518058777
Sample 13,Time-MoE,0.3547423779964447
Sample 14,Time-MoE,0.774949312210083
Sample 14,Timer,0.225050687789917
Sample 15,Timer,0.8063190579414368
Sample 15,Moirai,0.19368097186088562
Sample 16,Chronos,0.5088390111923218
Sample 16,Time-MoE,0.49116095900535583
Sample 17,Time-MoE,0.8003230094909668
Sample 17,TimesFM,0.19967703521251678
Sample 18,Time-MoE,0.582436740398407
Sample 18,TimesFM,0.41756322979927063
Sample 19,Chronos,0.5310714244842529
Sample 19,TimesFM,0.46892860531806946
Sample 20,Time-MoE,0.5011980533599854
Sample 20,Moirai,0.49880194664001465
Sample 21,Chronos,0.6159288287162781
Sample 21,TimesFM,0.38407114148139954
Sample 22,TimesFM,0.574225902557373
Sample 22,Moirai,0.42577412724494934
Sample 23,TimesFM,0.5571945905685425
Sample 23,Moirai,0.4428054094314575
Sample 24,Moirai,0.7607121467590332
Sample 24,Time-MoE,0.2392878234386444
Sample 25,Chronos,0.5142483711242676
Sample 25,Time-MoE,0.48575159907341003
Sample 26,TimesFM,0.6042684316635132
Sample 26,Timer,0.3957315683364868
Sample 27,Time-MoE,0.6901770234107971
Sample 27,TimesFM,0.3098229765892029
Sample 28,Moirai,0.5155165791511536
Sample 28,Time-MoE,0.48448342084884644
Sample 29,Moirai,0.5610046982765198
Sample 29,Timer,0.4389953315258026
Sample 30,Time-MoE,0.5809683799743652
Sample 30,TimesFM,0.41903167963027954
Sample 31,Time-MoE,0.6636876463890076
Sample 31,Chronos,0.3363124132156372
Sample 0,Moirai,0.541987419128418
Sample 0,Timer,0.45801255106925964
Sample 1,Chronos,0.5611244440078735
Sample 1,Moirai,0.43887561559677124
Sample 2,Time-MoE,0.7835732698440552
Sample 2,TimesFM,0.2164267599582672
Sample 3,Chronos,0.8045547604560852
Sample 3,Time-MoE,0.1954452395439148
Sample 4,TimesFM,0.7771192193031311
Sample 4,Moirai,0.2228807508945465
Sample 5,Timer,0.6093880534172058
Sample 5,TimesFM,0.3906119465827942
Sample 6,Chronos,0.5410113334655762
Sample 6,Timer,0.4589886963367462
Sample 7,Time-MoE,0.5435056090354919
Sample 7,Moirai,0.45649436116218567
Sample 8,Timer,0.6176279783248901
Sample 8,Time-MoE,0.38237208127975464
Sample 9,Time-MoE,0.517767608165741
Sample 9,Timer,0.48223239183425903
Sample 10,TimesFM,0.7164353728294373
Sample 10,Chronos,0.28356459736824036
Sample 11,Time-MoE,0.5351871848106384
Sample 11,TimesFM,0.4648128151893616
Sample 12,Moirai,0.7729172110557556
Sample 12,Time-MoE,0.2270827740430832
Sample 13,Moirai,0.6693792939186096
Sample 13,Chronos,0.3306206464767456
Sample 14,Timer,0.5304597020149231
Sample 14,Moirai,0.4695403277873993
Sample 15,Chronos,0.5851552486419678
Sample 15,Time-MoE,0.4148447811603546
Sample 16,Timer,0.5951332449913025
Sample 16,TimesFM,0.4048667848110199
Sample 17,TimesFM,0.554883599281311
Sample 17,Time-MoE,0.44511646032333374
Sample 18,Time-MoE,0.5870411396026611
Sample 18,Chronos,0.4129588305950165
Sample 19,Time-MoE,0.527624249458313
Sample 19,TimesFM,0.4723757207393646
Sample 20,Timer,0.6393670439720154
Sample 20,Chronos,0.3606330156326294
Sample 21,Time-MoE,0.9183289408683777
Sample 21,Timer,0.08167111128568649
Sample 22,TimesFM,0.6373531818389893
Sample 22,Time-MoE,0.36264684796333313
Sample 23,Timer,0.8725114464759827
Sample 23,TimesFM,0.12748858332633972
Sample 24,Time-MoE,0.5700637698173523
Sample 24,Moirai,0.4299362599849701
Sample 25,Chronos,0.8108112812042236
Sample 25,Moirai,0.18918871879577637
Sample 26,Time-MoE,0.6931363940238953
Sample 26,Moirai,0.30686360597610474
Sample 27,TimesFM,0.6819720268249512
Sample 27,Timer,0.31802797317504883
Sample 28,TimesFM,0.5920311808586121
Sample 28,Chronos,0.40796878933906555
Sample 29,TimesFM,0.6480100750923157
Sample 29,Moirai,0.35198989510536194
Sample 30,Timer,0.5223397016525269
Sample 30,Moirai,0.4776603579521179
Sample 31,TimesFM,0.5476078987121582
Sample 31,Moirai,0.4523921310901642
Sample 0,Moirai,0.529961884021759
Sample 0,Time-MoE,0.47003811597824097
Sample 1,TimesFM,0.5438735485076904
Sample 1,Timer,0.4561263918876648
Sample 2,TimesFM,0.5365837216377258
Sample 2,Chronos,0.4634162187576294
Sample 3,Time-MoE,0.667759358882904
Sample 3,TimesFM,0.3322407007217407
Sample 4,Chronos,0.503077507019043
Sample 4,TimesFM,0.49692246317863464
Sample 5,TimesFM,0.5137967467308044
Sample 5,Time-MoE,0.48620331287384033
Sample 6,Chronos,0.6332229971885681
Sample 6,Time-MoE,0.3667769432067871
Sample 7,Timer,0.5368058681488037
Sample 7,Moirai,0.4631941616535187
Sample 8,Time-MoE,0.5959458351135254
Sample 8,Moirai,0.4040541648864746
Sample 9,Time-MoE,0.5123951435089111
Sample 9,Timer,0.48760485649108887
Sample 10,Chronos,0.6808304190635681
Sample 10,Moirai,0.3191695511341095
Sample 11,Time-MoE,0.6468804478645325
Sample 11,Timer,0.35311955213546753
Sample 12,TimesFM,0.5226222276687622
Sample 12,Moirai,0.4773777723312378
Sample 13,TimesFM,0.59734046459198
Sample 13,Moirai,0.40265953540802
Sample 14,Moirai,0.6202353239059448
Sample 14,Chronos,0.37976473569869995
Sample 15,TimesFM,0.5992488861083984
Sample 15,Time-MoE,0.40075114369392395
Sample 16,Chronos,0.5817154049873352
Sample 16,TimesFM,0.41828465461730957
Sample 17,TimesFM,0.6176045536994934
Sample 17,Moirai,0.3823954164981842
Sample 18,Time-MoE,0.5134641528129578
Sample 18,Chronos,0.48653578758239746
Sample 19,Time-MoE,0.5964691042900085
Sample 19,Timer,0.40353092551231384
Sample 20,Moirai,0.6439638733863831
Sample 20,Chronos,0.35603609681129456
Sample 21,Moirai,0.518844485282898
Sample 21,TimesFM,0.48115548491477966
Sample 22,Chronos,0.6612231731414795
Sample 22,Timer,0.33877676725387573
Sample 23,Timer,0.5659770369529724
Sample 23,Moirai,0.4340229332447052
Sample 24,TimesFM,0.5837464928627014
Sample 24,Chronos,0.4162535071372986
Sample 25,TimesFM,0.6227142810821533
Sample 25,Moirai,0.37728574872016907
Sample 26,Chronos,0.7205864191055298
Sample 26,Timer,0.2794135808944702
Sample 27,Time-MoE,0.5676714777946472
Sample 27,TimesFM,0.4323285222053528
Sample 28,Timer,0.7753565907478333
Sample 28,TimesFM,0.22464333474636078
Sample 29,Time-MoE,0.8823341131210327
Sample 29,Moirai,0.1176658645272255
Sample 30,Moirai,0.8244175910949707
Sample 30,TimesFM,0.1755823940038681
Sample 31,Timer,0.5962201356887817
Sample 31,Time-MoE,0.40377986431121826
Sample 0,Chronos,0.5282113552093506
Sample 0,Time-MoE,0.471788614988327
Sample 1,Time-MoE,0.537777841091156
Sample 1,Moirai,0.462222158908844
Sample 2,Moirai,0.5484477877616882
Sample 2,Timer,0.45155221223831177
Sample 3,Time-MoE,0.5865840911865234
Sample 3,Moirai,0.4134158790111542
Sample 4,Timer,0.7273697257041931
Sample 4,TimesFM,0.2726303040981293
Sample 5,TimesFM,0.6083998680114746
Sample 5,Time-MoE,0.391600102186203
Sample 6,TimesFM,0.6731569766998291
Sample 6,Time-MoE,0.3268430233001709
Sample 7,Timer,0.751116156578064
Sample 7,Time-MoE,0.24888379871845245
Sample 8,TimesFM,0.5169122815132141
Sample 8,Moirai,0.4830877184867859
Sample 9,Time-MoE,0.6253312230110168
Sample 9,Chronos,0.37466874718666077
Sample 10,Timer,0.570828914642334
Sample 10,TimesFM,0.4291711151599884
Sample 11,Chronos,0.6361539363861084
Sample 11,Timer,0.3638460338115692
Sample 12,Chronos,0.6350590586662292
Sample 12,Moirai,0.36494091153144836
Sample 13,Chronos,0.5719488263130188
Sample 13,Timer,0.4280511736869812
Sample 14,Time-MoE,0.7223100662231445
Sample 14,Moirai,0.27768993377685547
Sample 15,Moirai,0.5712245106697083
Sample 15,Time-MoE,0.42877551913261414
Sample 16,Moirai,0.8751335740089417
Sample 16,Timer,0.12486641108989716
Sample 17,Moirai,0.5160006284713745
Sample 17,Chronos,0.4839994013309479
Sample 18,Timer,0.7290372848510742
Sample 18,Moirai,0.2709627151489258
Sample 19,Moirai,0.8390414714813232
Sample 19,Time-MoE,0.16095852851867676
Sample 20,Chronos,0.5944687724113464
Sample 20,Timer,0.40553122758865356
Sample 21,Chronos,0.5540651679039001
Sample 21,Moirai,0.4459347724914551
Sample 22,Timer,0.5222259759902954
Sample 22,Moirai,0.4777740240097046
Sample 23,Timer,0.581171452999115
Sample 23,Time-MoE,0.4188285768032074
Sample 24,TimesFM,0.5271360278129578
Sample 24,Moirai,0.47286394238471985
Sample 25,Chronos,0.6849342584609985
Sample 25,TimesFM,0.31506580114364624
Sample 26,Time-MoE,0.6156424283981323
Sample 26,TimesFM,0.38435760140419006
Sample 27,Timer,0.5721028447151184
Sample 27,Moirai,0.427897185087204
Sample 28,Timer,0.505306601524353
Sample 28,Time-MoE,0.4946933686733246
Sample 29,Time-MoE,0.5565082430839539
Sample 29,TimesFM,0.44349178671836853
Sample 30,TimesFM,0.5019089579582214
Sample 30,Moirai,0.49809107184410095
Sample 31,Chronos,0.5191775560379028
Sample 31,TimesFM,0.48082250356674194
Sample 0,Moirai,0.503511905670166
Sample 0,Timer,0.496488094329834
Sample 1,Moirai,0.5324047207832336
Sample 1,TimesFM,0.46759524941444397
Sample 2,Chronos,0.7578398585319519
Sample 2,TimesFM,0.2421601563692093
Sample 3,Moirai,0.5207757353782654
Sample 3,Time-MoE,0.47922423481941223
Sample 4,Chronos,0.7848775386810303
Sample 4,Time-MoE,0.21512244641780853
Sample 5,Time-MoE,0.6208710670471191
Sample 5,Timer,0.37912896275520325
Sample 6,Moirai,0.5596001744270325
Sample 6,Time-MoE,0.4403998553752899
Sample 7,Moirai,0.6544619798660278
Sample 7,Time-MoE,0.34553802013397217
Sample 8,Moirai,0.7920626401901245
Sample 8,Chronos,0.2079373449087143
Sample 9,Chronos,0.5900387167930603
Sample 9,Time-MoE,0.4099612236022949
Sample 10,Time-MoE,0.8983395099639893
Sample 10,Moirai,0.10166044533252716
Sample 11,Time-MoE,0.5375819206237793
Sample 11,Timer,0.4624181091785431
Sample 12,Chronos,0.5546366572380066
Sample 12,TimesFM,0.44536328315734863
Sample 13,Chronos,0.5523037314414978
Sample 13,Moirai,0.4476962983608246
Sample 14,Chronos,0.660544216632843
Sample 14,Timer,0.33945581316947937
Sample 15,Chronos,0.6222496032714844
Sample 15,TimesFM,0.377750426530838
Sample 0,Time-MoE,0.6259858012199402
Sample 0,Chronos,0.37401413917541504
Sample 1,TimesFM,0.5725893974304199
Sample 1,Chronos,0.4274105727672577
Sample 2,TimesFM,0.5134385824203491
Sample 2,Time-MoE,0.48656144738197327
Sample 3,Time-MoE,0.8223181366920471
Sample 3,Timer,0.17768189311027527
Sample 4,Chronos,0.6272937655448914
Sample 4,Timer,0.37270626425743103
Sample 5,Timer,0.5491917133331299
Sample 5,TimesFM,0.45080825686454773
Sample 6,Timer,0.5042377710342407
Sample 6,TimesFM,0.49576228857040405
Sample 7,Moirai,0.8733353018760681
Sample 7,TimesFM,0.12666471302509308
Sample 8,Timer,0.723160445690155
Sample 8,Time-MoE,0.27683955430984497
Sample 9,Time-MoE,0.5875202417373657
Sample 9,Moirai,0.4124797582626343
Sample 10,Time-MoE,0.5775129795074463
Sample 10,Chronos,0.4224870204925537
Sample 11,Chronos,0.581666111946106
Sample 11,Moirai,0.41833391785621643
Sample 12,TimesFM,0.6780654191970825
Sample 12,Chronos,0.3219345211982727
Sample 13,TimesFM,0.5512188673019409
Sample 13,Chronos,0.4487811326980591
Sample 14,TimesFM,0.7408558130264282
Sample 14,Moirai,0.2591441869735718
Sample 15,TimesFM,0.701429009437561
Sample 15,Chronos,0.2985709607601166
Sample 16,TimesFM,0.5801470875740051
Sample 16,Moirai,0.41985294222831726
Sample 17,Moirai,0.5662009716033936
Sample 17,Chronos,0.43379899859428406
Sample 18,Time-MoE,0.6019874215126038
Sample 18,TimesFM,0.39801257848739624
Sample 19,Chronos,0.6015338897705078
Sample 19,Time-MoE,0.3984661400318146
Sample 20,Chronos,0.5102875232696533
Sample 20,Moirai,0.4897124767303467
Sample 21,TimesFM,0.5175674557685852
Sample 21,Chronos,0.4824325740337372
Sample 22,TimesFM,0.5746814012527466
Sample 22,Moirai,0.42531856894493103
Sample 23,Moirai,0.5293117761611938
Sample 23,Time-MoE,0.47068825364112854
Sample 24,Chronos,0.522256076335907
Sample 24,Moirai,0.47774386405944824
Sample 25,Moirai,0.5088982582092285
Sample 25,Timer,0.4911017119884491
Sample 26,Timer,0.5301908254623413
Sample 26,Chronos,0.4698091447353363
Sample 27,Chronos,0.5138136148452759
Sample 27,TimesFM,0.4861864149570465
Sample 28,TimesFM,0.5399003624916077
Sample 28,Chronos,0.46009963750839233
Sample 29,Moirai,0.6567373275756836
Sample 29,TimesFM,0.3432626724243164
Sample 30,Moirai,0.5016943216323853
Sample 30,Chronos,0.49830570816993713
Sample 31,Timer,0.6294933557510376
Sample 31,Time-MoE,0.3705066740512848
Sample 0,TimesFM,0.5433604121208191
Sample 0,Chronos,0.4566396176815033
Sample 1,Chronos,0.6368234753608704
Sample 1,TimesFM,0.36317652463912964
Sample 2,Time-MoE,0.7777342796325684
Sample 2,Chronos,0.22226569056510925
Sample 3,Chronos,0.6480752229690552
Sample 3,TimesFM,0.3519247770309448
Sample 4,Time-MoE,0.54897540807724
Sample 4,TimesFM,0.4510246217250824
Sample 5,Moirai,0.6227703094482422
Sample 5,Timer,0.3772297203540802
Sample 6,TimesFM,0.6322296857833862
Sample 6,Chronos,0.36777034401893616
Sample 7,Time-MoE,0.5627338290214539
Sample 7,Chronos,0.43726617097854614
Sample 8,Chronos,0.5237208604812622
Sample 8,Time-MoE,0.4762791693210602
Sample 9,Moirai,0.505571722984314
Sample 9,Timer,0.4944283068180084
Sample 10,TimesFM,0.6383536458015442
Sample 10,Time-MoE,0.3616463840007782
Sample 11,Moirai,0.6975551247596741
Sample 11,Chronos,0.3024449050426483
Sample 12,Time-MoE,0.6800492405891418
Sample 12,Timer,0.31995075941085815
Sample 13,Moirai,0.7274933457374573
Sample 13,TimesFM,0.27250662446022034
Sample 14,TimesFM,0.665534496307373
Sample 14,Time-MoE,0.33446547389030457
Sample 15,Timer,0.5143815279006958
Sample 15,TimesFM,0.4856184422969818
Sample 16,Time-MoE,0.596817672252655
Sample 16,Timer,0.40318235754966736
Sample 17,TimesFM,0.5920129418373108
Sample 17,Timer,0.4079870879650116
Sample 18,Time-MoE,0.5687437653541565
Sample 18,Moirai,0.4312562346458435
Sample 19,Chronos,0.5813534259796143
Sample 19,TimesFM,0.41864654421806335
Sample 20,Moirai,0.6080443263053894
Sample 20,TimesFM,0.3919556736946106
Sample 21,Chronos,0.5751006603240967
Sample 21,Time-MoE,0.4248993694782257
Sample 22,TimesFM,0.6623698472976685
Sample 22,Timer,0.33763012290000916
Sample 23,TimesFM,0.5229895710945129
Sample 23,Timer,0.47701042890548706
Sample 24,Timer,0.551422655582428
Sample 24,Time-MoE,0.448577344417572
Sample 25,TimesFM,0.5570389628410339
Sample 25,Chronos,0.4429610073566437
Sample 26,Chronos,0.6525061130523682
Sample 26,Time-MoE,0.34749385714530945
Sample 27,Chronos,0.6832727789878845
Sample 27,Time-MoE,0.31672728061676025
Sample 28,Moirai,0.6727391481399536
Sample 28,TimesFM,0.3272608518600464
Sample 29,Time-MoE,0.799360454082489
Sample 29,TimesFM,0.200639545917511
Sample 30,Chronos,0.5442463159561157
Sample 30,Time-MoE,0.4557536244392395
Sample 31,Moirai,0.5332124829292297
Sample 31,Time-MoE,0.46678751707077026
Sample 0,Time-MoE,0.7997099757194519
Sample 0,Chronos,0.2002900242805481
Sample 1,Chronos,0.6350330114364624
Sample 1,Moirai,0.3649670481681824
Sample 2,Chronos,0.5468912124633789
Sample 2,Time-MoE,0.4531087577342987
Sample 3,Moirai,0.5369389057159424
Sample 3,TimesFM,0.46306112408638
Sample 4,Chronos,0.6765599250793457
Sample 4,TimesFM,0.3234401047229767
Sample 5,Chronos,0.53401118516922
Sample 5,Timer,0.46598875522613525
Sample 6,TimesFM,0.8073227405548096
Sample 6,Chronos,0.19267728924751282
Sample 7,Timer,0.8010574579238892
Sample 7,Chronos,0.19894257187843323
Sample 8,Moirai,0.5527545213699341
Sample 8,TimesFM,0.4472455084323883
Sample 9,Moirai,0.5557769536972046
Sample 9,Chronos,0.4442230463027954
Sample 10,TimesFM,0.5782957077026367
Sample 10,Time-MoE,0.42170435190200806
Sample 11,Timer,0.5685681104660034
Sample 11,Moirai,0.43143191933631897
Sample 12,Chronos,0.5348976850509644
Sample 12,Moirai,0.46510234475135803
Sample 13,Time-MoE,0.5379330515861511
Sample 13,Chronos,0.4620669484138489
Sample 14,Time-MoE,0.504896342754364
Sample 14,TimesFM,0.4951036870479584
Sample 15,Timer,0.5127346515655518
Sample 15,TimesFM,0.48726534843444824
Sample 16,Timer,0.5599666833877563
Sample 16,Time-MoE,0.44003334641456604
Sample 17,Chronos,0.5495226979255676
Sample 17,Timer,0.45047727227211
Sample 18,Timer,0.6594183444976807
Sample 18,Chronos,0.34058165550231934
Sample 19,Time-MoE,0.5420740842819214
Sample 19,TimesFM,0.4579259157180786
Sample 20,Time-MoE,0.6967939734458923
Sample 20,Timer,0.30320605635643005
Sample 21,TimesFM,0.7323614954948425
Sample 21,Timer,0.2676384449005127
Sample 22,Time-MoE,0.876329779624939
Sample 22,Chronos,0.12367022037506104
Sample 23,Timer,0.5629006028175354
Sample 23,Chronos,0.4370993673801422
Sample 24,Timer,0.6148925423622131
Sample 24,Time-MoE,0.38510745763778687
Sample 25,Chronos,0.5546059608459473
Sample 25,TimesFM,0.44539400935173035
Sample 26,Time-MoE,0.6056549549102783
Sample 26,Timer,0.39434510469436646
Sample 27,Time-MoE,0.6847370266914368
Sample 27,Chronos,0.31526297330856323
Sample 28,Timer,0.8154990077018738
Sample 28,Chronos,0.18450100719928741
Sample 29,Timer,0.5501295924186707
Sample 29,Moirai,0.44987037777900696
Sample 30,Chronos,0.5126448273658752
Sample 30,Moirai,0.48735523223876953
Sample 31,Chronos,0.6210970282554626
Sample 31,Time-MoE,0.37890297174453735
Sample 0,Timer,0.9164929986000061
Sample 0,Chronos,0.08350706100463867
Sample 1,Chronos,0.5188668966293335
Sample 1,Moirai,0.4811331629753113
Sample 2,TimesFM,0.5374486446380615
Sample 2,Chronos,0.4625513553619385
Sample 3,Timer,0.5269440412521362
Sample 3,Chronos,0.473055899143219
Sample 4,Time-MoE,0.5382534861564636
Sample 4,TimesFM,0.4617465138435364
Sample 5,Chronos,0.5329800844192505
Sample 5,TimesFM,0.4670199155807495
Sample 6,Timer,0.5867630839347839
Sample 6,Chronos,0.4132368862628937
Sample 7,Time-MoE,0.5966320037841797
Sample 7,Timer,0.4033679664134979
Sample 8,Moirai,0.538772463798523
Sample 8,Timer,0.46122753620147705
Sample 9,Chronos,0.5825028419494629
Sample 9,Time-MoE,0.4174972176551819
Sample 10,Timer,0.9636866450309753
Sample 10,Chronos,0.03631335124373436
Sample 11,Chronos,0.6881240606307983
Sample 11,Moirai,0.3118759095668793
Sample 12,Timer,0.5170800685882568
Sample 12,TimesFM,0.48291993141174316
Sample 13,Chronos,0.5990308523178101
Sample 13,Timer,0.40096914768218994
Sample 14,TimesFM,0.5914736390113831
Sample 14,Moirai,0.40852639079093933
Sample 15,Timer,0.5851184725761414
Sample 15,Time-MoE,0.41488155722618103
Sample 16,Moirai,0.595982551574707
Sample 16,Chronos,0.40401750802993774
Sample 17,Moirai,0.5006892681121826
Sample 17,Timer,0.499310702085495
Sample 18,Moirai,0.5858637094497681
Sample 18,Timer,0.41413629055023193
Sample 19,Time-MoE,0.7366559505462646
Sample 19,Moirai,0.26334407925605774
Sample 20,Timer,0.6474870443344116
Sample 20,Time-MoE,0.3525128960609436
Sample 21,Time-MoE,0.6360780000686646
Sample 21,Chronos,0.36392197012901306
Sample 22,Timer,0.5119412541389465
Sample 22,TimesFM,0.48805877566337585
Sample 23,Moirai,0.5636928081512451
Sample 23,Time-MoE,0.4363071918487549
Sample 24,Timer,0.6169385313987732
Sample 24,Chronos,0.3830614387989044
Sample 25,Chronos,0.5282925963401794
Sample 25,Time-MoE,0.47170737385749817
Sample 26,Time-MoE,0.7364715337753296
Sample 26,Chronos,0.2635284662246704
Sample 27,TimesFM,0.6156378984451294
Sample 27,Timer,0.3843620717525482
Sample 28,TimesFM,0.5548062324523926
Sample 28,Time-MoE,0.4451937675476074
Sample 29,Chronos,0.63949054479599
Sample 29,TimesFM,0.3605094254016876
Sample 30,Chronos,0.8523394465446472
Sample 30,Moirai,0.14766058325767517
Sample 31,Timer,0.5339680314064026
Sample 31,Chronos,0.4660319685935974
Sample 0,Moirai,0.5197708606719971
Sample 0,Chronos,0.4802291691303253
Sample 1,Chronos,0.6139252185821533
Sample 1,Moirai,0.3860747814178467
Sample 2,Timer,0.5734739303588867
Sample 2,Chronos,0.4265260398387909
Sample 3,Time-MoE,0.5409954786300659
Sample 3,Timer,0.4590044617652893
Sample 4,Chronos,0.5536423921585083
Sample 4,Timer,0.4463576078414917
Sample 5,Time-MoE,0.6459790468215942
Sample 5,TimesFM,0.354020893573761
Sample 6,Moirai,0.5183463096618652
Sample 6,TimesFM,0.48165372014045715
Sample 7,Timer,0.7470412254333496
Sample 7,Moirai,0.25295883417129517
Sample 8,Timer,0.5693713426589966
Sample 8,TimesFM,0.4306287169456482
Sample 9,Moirai,0.6073325276374817
Sample 9,Timer,0.3926675021648407
Sample 10,Chronos,0.6661731600761414
Sample 10,Moirai,0.3338268995285034
Sample 11,Timer,0.7263345122337341
Sample 11,TimesFM,0.27366548776626587
Sample 12,TimesFM,0.7278733849525452
Sample 12,Time-MoE,0.27212658524513245
Sample 13,Timer,0.5374274253845215
Sample 13,Moirai,0.4625726044178009
Sample 14,Timer,0.6647531986236572
Sample 14,TimesFM,0.33524683117866516
Sample 15,Moirai,0.7787691354751587
Sample 15,Time-MoE,0.22123093903064728
Sample 16,Time-MoE,0.5357929468154907
Sample 16,Chronos,0.46420708298683167
Sample 17,TimesFM,0.7519221901893616
Sample 17,Timer,0.24807783961296082
Sample 18,Timer,0.6223087906837463
Sample 18,Chronos,0.37769120931625366
Sample 19,Chronos,0.7543120980262756
Sample 19,TimesFM,0.24568797647953033
Sample 20,Timer,0.8611335158348083
Sample 20,Time-MoE,0.13886645436286926
Sample 21,Moirai,0.6628187894821167
Sample 21,Timer,0.3371812701225281
Sample 22,Chronos,0.6150398254394531
Sample 22,Timer,0.38496023416519165
Sample 23,Chronos,0.5045982599258423
Sample 23,Timer,0.4954017698764801
Sample 24,Time-MoE,0.7393908500671387
Sample 24,Timer,0.26060912013053894
Sample 25,Chronos,0.5861811637878418
Sample 25,Moirai,0.4138188064098358
Sample 26,Chronos,0.5377488732337952
Sample 26,Timer,0.4622511565685272
Sample 27,TimesFM,0.5016462802886963
Sample 27,Chronos,0.4983537197113037
Sample 28,Moirai,0.718743622303009
Sample 28,TimesFM,0.28125640749931335
Sample 29,TimesFM,0.5866261124610901
Sample 29,Time-MoE,0.4133738875389099
Sample 30,Chronos,0.5670809745788574
Sample 30,TimesFM,0.4329189658164978
Sample 31,Moirai,0.711564838886261
Sample 31,TimesFM,0.2884351313114166
Sample 0,Timer,0.7556054592132568
Sample 0,Moirai,0.2443944811820984
Sample 1,TimesFM,0.6650102734565735
Sample 1,Timer,0.3349897265434265
Sample 2,Moirai,0.6070480346679688
Sample 2,Timer,0.39295196533203125
Sample 3,TimesFM,0.6596024036407471
Sample 3,Moirai,0.34039756655693054
Sample 4,Timer,0.8428575396537781
Sample 4,Time-MoE,0.15714246034622192
Sample 5,TimesFM,0.649295449256897
Sample 5,Moirai,0.3507045805454254
Sample 6,Time-MoE,0.530958354473114
Sample 6,Chronos,0.4690416753292084
Sample 7,Timer,0.7514433860778809
Sample 7,Time-MoE,0.24855662882328033
Sample 8,Time-MoE,0.6458151340484619
Sample 8,Timer,0.3541848957538605
Sample 9,Chronos,0.7694371342658997
Sample 9,Timer,0.2305629402399063
Sample 10,Chronos,0.5008232593536377
Sample 10,Moirai,0.4991767406463623
Sample 11,Timer,0.522473931312561
Sample 11,TimesFM,0.47752606868743896
Sample 12,Time-MoE,0.5173799395561218
Sample 12,TimesFM,0.4826200604438782
Sample 13,Chronos,0.6555363535881042
Sample 13,TimesFM,0.34446361660957336
Sample 14,TimesFM,0.7031158804893494
Sample 14,Time-MoE,0.29688408970832825
Sample 15,Moirai,0.6041581034660339
Sample 15,Timer,0.39584195613861084
Sample 16,Timer,0.6507977247238159
Sample 16,Moirai,0.34920230507850647
Sample 17,TimesFM,0.6022689342498779
Sample 17,Moirai,0.39773109555244446
Sample 18,TimesFM,0.5286882519721985
Sample 18,Time-MoE,0.4713117480278015
Sample 19,Timer,0.6098814010620117
Sample 19,Time-MoE,0.3901185691356659
Sample 20,Chronos,0.6134070754051208
Sample 20,TimesFM,0.38659289479255676
Sample 21,TimesFM,0.5713884234428406
Sample 21,Chronos,0.4286115765571594
Sample 22,Moirai,0.5091932415962219
Sample 22,Time-MoE,0.4908067584037781
Sample 23,Time-MoE,0.5019345283508301
Sample 23,Timer,0.49806544184684753
Sample 24,Time-MoE,0.6833552718162537
Sample 24,Timer,0.3166447579860687
Sample 25,Chronos,0.6786038279533386
Sample 25,Moirai,0.321396142244339
Sample 26,TimesFM,0.6451284885406494
Sample 26,Chronos,0.354871541261673
Sample 27,Chronos,0.5694262981414795
Sample 27,Moirai,0.4305736720561981
Sample 28,Timer,0.6478342413902283
Sample 28,Moirai,0.35216575860977173
Sample 29,Moirai,0.5661940574645996
Sample 29,Time-MoE,0.4338059723377228
Sample 30,Time-MoE,0.7055932879447937
Sample 30,Moirai,0.2944067120552063
Sample 31,Timer,0.6271573305130005
Sample 31,TimesFM,0.3728426396846771
Sample 0,Timer,0.5256901979446411
Sample 0,Chronos,0.4743098318576813
Sample 1,Chronos,0.5176264643669128
Sample 1,Time-MoE,0.48237356543540955
Sample 2,Time-MoE,0.6629713177680969
Sample 2,TimesFM,0.33702871203422546
Sample 3,Chronos,0.5942705869674683
Sample 3,Moirai,0.4057294428348541
Sample 4,TimesFM,0.6099247932434082
Sample 4,Timer,0.3900751769542694
Sample 5,Moirai,0.5036405920982361
Sample 5,TimesFM,0.4963594377040863
Sample 6,Time-MoE,0.5585784316062927
Sample 6,TimesFM,0.4414215683937073
Sample 7,Moirai,0.6691546440124512
Sample 7,TimesFM,0.3308453857898712
Sample 8,Time-MoE,0.6777640581130981
Sample 8,Timer,0.32223591208457947
Sample 9,Moirai,0.536842942237854
Sample 9,TimesFM,0.4631570875644684
Sample 10,TimesFM,0.5077189803123474
Sample 10,Time-MoE,0.4922809898853302
Sample 11,Chronos,0.5700899362564087
Sample 11,TimesFM,0.4299100935459137
Sample 12,Chronos,0.5133503079414368
Sample 12,Time-MoE,0.48664969205856323
Sample 13,Chronos,0.514129638671875
Sample 13,TimesFM,0.485870361328125
Sample 14,Chronos,0.6360601186752319
Sample 14,Moirai,0.3639398217201233
Sample 15,Timer,0.5441147685050964
Sample 15,Time-MoE,0.4558852016925812
Sample 0,Time-MoE,0.5210267901420593
Sample 0,Moirai,0.4789732098579407
Sample 1,Time-MoE,0.5621605515480042
Sample 1,Timer,0.43783944845199585
Sample 2,TimesFM,0.5399601459503174
Sample 2,Moirai,0.460039883852005
Sample 3,Chronos,0.5795985460281372
Sample 3,Moirai,0.4204014539718628
Sample 4,TimesFM,0.6462195515632629
Sample 4,Time-MoE,0.3537804186344147
Sample 5,Timer,0.5993186235427856
Sample 5,TimesFM,0.40068137645721436
Sample 6,TimesFM,0.7353324890136719
Sample 6,Timer,0.2646675407886505
Sample 7,Moirai,0.8738992810249329
Sample 7,Time-MoE,0.12610068917274475
Sample 8,Time-MoE,0.570673406124115
Sample 8,TimesFM,0.4293265640735626
Sample 9,TimesFM,0.5496276021003723
Sample 9,Chronos,0.4503723680973053
Sample 10,Time-MoE,0.9227298498153687
Sample 10,Timer,0.07727017998695374
Sample 11,Chronos,0.6317979097366333
Sample 11,Timer,0.3682020604610443
Sample 12,Time-MoE,0.5062798857688904
Sample 12,Timer,0.49372008442878723
Sample 13,Time-MoE,0.7069754600524902
Sample 13,Chronos,0.29302453994750977
Sample 14,TimesFM,0.8382512331008911
Sample 14,Time-MoE,0.16174881160259247
Sample 15,Timer,0.7643792033195496
Sample 15,Moirai,0.23562076687812805
Sample 16,Time-MoE,0.5112626552581787
Sample 16,Moirai,0.4887373447418213
Sample 17,Chronos,0.7252493500709534
Sample 17,Timer,0.274750679731369
Sample 18,Timer,0.5854285359382629
Sample 18,Chronos,0.4145714044570923
Sample 19,Moirai,0.5665618181228638
Sample 19,Timer,0.433438241481781
Sample 20,Moirai,0.6132860779762268
Sample 20,TimesFM,0.3867139518260956
Sample 21,Chronos,0.6396194696426392
Sample 21,Moirai,0.3603805601596832
Sample 22,Time-MoE,0.5252527594566345
Sample 22,Timer,0.47474727034568787
Sample 23,Chronos,0.6800098419189453
Sample 23,Time-MoE,0.3199901878833771
Sample 24,Timer,0.5164798498153687
Sample 24,TimesFM,0.48352017998695374
Sample 25,TimesFM,0.6336073279380798
Sample 25,Moirai,0.36639267206192017
Sample 26,TimesFM,0.6505422592163086
Sample 26,Moirai,0.349457710981369
Sample 27,Time-MoE,0.5240141153335571
Sample 27,Timer,0.4759858548641205
Sample 28,Timer,0.5543349981307983
Sample 28,Chronos,0.44566500186920166
Sample 29,Chronos,0.6565791964530945
Sample 29,Time-MoE,0.34342077374458313
Sample 30,TimesFM,0.5483269095420837
Sample 30,Chronos,0.45167312026023865
Sample 31,Timer,0.5305110812187195
Sample 31,Moirai,0.46948888897895813
Sample 0,Timer,0.520684540271759
Sample 0,Chronos,0.47931548953056335
Sample 1,Chronos,0.5691226720809937
Sample 1,TimesFM,0.43087732791900635
Sample 2,Timer,0.6123648881912231
Sample 2,TimesFM,0.38763508200645447
Sample 3,Chronos,0.5932632684707642
Sample 3,Timer,0.40673673152923584
Sample 4,Chronos,0.5505809783935547
Sample 4,TimesFM,0.4494189918041229
Sample 5,Chronos,0.6591609716415405
Sample 5,Time-MoE,0.3408389985561371
Sample 6,Moirai,0.5798028111457825
Sample 6,Time-MoE,0.42019718885421753
Sample 7,TimesFM,0.5486668944358826
Sample 7,Time-MoE,0.45133310556411743
Sample 8,Timer,0.5600091814994812
Sample 8,Moirai,0.4399908483028412
Sample 9,Chronos,0.5051187872886658
Sample 9,Moirai,0.49488115310668945
Sample 10,TimesFM,0.7902470827102661
Sample 10,Chronos,0.20975293219089508
Sample 11,Timer,0.6146689057350159
Sample 11,Moirai,0.38533109426498413
Sample 12,Moirai,0.543745756149292
Sample 12,Time-MoE,0.4562542736530304
Sample 13,Moirai,0.5237087607383728
Sample 13,Timer,0.4762911796569824
Sample 14,Timer,0.6680972576141357
Sample 14,TimesFM,0.3319026827812195
Sample 15,Time-MoE,0.7684173583984375
Sample 15,Timer,0.2315826565027237
Sample 16,Timer,0.6051498055458069
Sample 16,Chronos,0.3948502540588379
Sample 17,Moirai,0.6360629200935364
Sample 17,Time-MoE,0.36393702030181885
Sample 18,Chronos,0.6437037587165833
Sample 18,Moirai,0.35629627108573914
Sample 19,Chronos,0.6789965033531189
Sample 19,Timer,0.3210035264492035
Sample 20,Time-MoE,0.629063069820404
Sample 20,Timer,0.37093687057495117
Sample 21,Timer,0.6274418830871582
Sample 21,TimesFM,0.3725581169128418
Sample 22,TimesFM,0.6199917197227478
Sample 22,Time-MoE,0.3800083100795746
Sample 23,Timer,0.820597767829895
Sample 23,TimesFM,0.17940229177474976
Sample 24,TimesFM,0.5021932125091553
Sample 24,Moirai,0.4978068470954895
Sample 25,Moirai,0.5040041208267212
Sample 25,TimesFM,0.4959958791732788
Sample 26,Time-MoE,0.6290417909622192
Sample 26,Timer,0.37095820903778076
Sample 27,Moirai,0.5460619926452637
Sample 27,Timer,0.45393797755241394
Sample 28,Timer,0.5684097409248352
Sample 28,Moirai,0.4315902590751648
Sample 29,Timer,0.5883525013923645
Sample 29,Moirai,0.4116474986076355
Sample 30,Chronos,0.8715118169784546
Sample 30,Time-MoE,0.1284881979227066
Sample 31,TimesFM,0.6093305349349976
Sample 31,Time-MoE,0.39066943526268005
Sample 0,Moirai,0.7472702860832214
Sample 0,TimesFM,0.2527296841144562
Sample 1,Time-MoE,0.7438871264457703
Sample 1,TimesFM,0.25611284375190735
Sample 2,Chronos,0.5149924755096436
Sample 2,Moirai,0.48500755429267883
Sample 3,Timer,0.5024839043617249
Sample 3,TimesFM,0.49751606583595276
Sample 4,Moirai,0.5743829607963562
Sample 4,TimesFM,0.4256170094013214
Sample 5,TimesFM,0.6946974992752075
Sample 5,Timer,0.3053024709224701
Sample 6,Time-MoE,0.5391119718551636
Sample 6,TimesFM,0.4608880579471588
Sample 7,Timer,0.6761022806167603
Sample 7,Moirai,0.32389771938323975
Sample 8,Time-MoE,0.5078596472740173
Sample 8,TimesFM,0.49214038252830505
Sample 9,TimesFM,0.6272357106208801
Sample 9,Moirai,0.37276431918144226
Sample 10,Moirai,0.6662037372589111
Sample 10,TimesFM,0.33379629254341125
Sample 11,Timer,0.5586978793144226
Sample 11,Time-MoE,0.4413021504878998
Sample 12,Time-MoE,0.736495316028595
Sample 12,Moirai,0.26350465416908264
Sample 13,Chronos,0.6311962008476257
Sample 13,Timer,0.3688037395477295
Sample 14,Chronos,0.5921026468276978
Sample 14,Timer,0.407897412776947
Sample 15,Time-MoE,0.5745676159858704
Sample 15,Moirai,0.42543235421180725
Sample 16,TimesFM,0.5671335458755493
Sample 16,Time-MoE,0.43286648392677307
Sample 17,TimesFM,0.698276162147522
Sample 17,Timer,0.3017238676548004
Sample 18,TimesFM,0.5166242122650146
Sample 18,Chronos,0.48337575793266296
Sample 19,Chronos,0.5835344195365906
Sample 19,TimesFM,0.4164656102657318
Sample 20,Chronos,0.5513345003128052
Sample 20,Moirai,0.4486654996871948
Sample 21,Timer,0.5201331973075867
Sample 21,TimesFM,0.4798668622970581
Sample 22,TimesFM,0.5264825224876404
Sample 22,Chronos,0.473517507314682
Sample 23,Timer,0.5106091499328613
Sample 23,TimesFM,0.48939087986946106
Sample 24,Timer,0.8234899640083313
Sample 24,Moirai,0.1765100508928299
Sample 25,TimesFM,0.6381812691688538
Sample 25,Moirai,0.36181873083114624
Sample 26,Moirai,0.5912664532661438
Sample 26,TimesFM,0.4087335169315338
Sample 27,Timer,0.5157799124717712
Sample 27,TimesFM,0.48422011733055115
Sample 28,Chronos,0.6349719166755676
Sample 28,Moirai,0.36502805352211
Sample 29,Chronos,0.6423510909080505
Sample 29,TimesFM,0.35764890909194946
Sample 30,TimesFM,0.7648849487304688
Sample 30,Chronos,0.23511502146720886
Sample 31,Time-MoE,0.5139307379722595
Sample 31,Chronos,0.4860692024230957
Sample 0,Moirai,0.800029456615448
Sample 0,Chronos,0.19997051358222961
Sample 1,Time-MoE,0.6194625496864319
Sample 1,TimesFM,0.3805374801158905
Sample 2,Chronos,0.5965736508369446
Sample 2,Timer,0.40342631936073303
Sample 3,TimesFM,0.7546281218528748
Sample 3,Timer,0.24537183344364166
Sample 4,Timer,0.5004798173904419
Sample 4,TimesFM,0.4995202422142029
Sample 5,TimesFM,0.6339408159255981
Sample 5,Moirai,0.36605918407440186
Sample 6,Chronos,0.5532671213150024
Sample 6,Moirai,0.44673293828964233
Sample 7,Timer,0.6429226398468018
Sample 7,Chronos,0.35707730054855347
Sample 8,Time-MoE,0.6101857423782349
Sample 8,Timer,0.38981425762176514
Sample 9,Timer,0.6118127703666687
Sample 9,Chronos,0.3881872594356537
Sample 10,Moirai,0.5156525373458862
Sample 10,Timer,0.48434746265411377
Sample 11,TimesFM,0.616885781288147
Sample 11,Chronos,0.38311415910720825
Sample 12,Time-MoE,0.6106687188148499
Sample 12,TimesFM,0.38933128118515015
Sample 13,TimesFM,0.5065242648124695
Sample 13,Chronos,0.49347570538520813
Sample 14,Chronos,0.5477182269096375
Sample 14,Timer,0.45228177309036255
Sample 15,Timer,0.7380150556564331
Sample 15,Chronos,0.26198500394821167
Sample 16,TimesFM,0.5274707078933716
Sample 16,Moirai,0.47252926230430603
Sample 17,Chronos,0.5529497861862183
Sample 17,Timer,0.44705018401145935
Sample 18,TimesFM,0.6596101522445679
Sample 18,Timer,0.3403898775577545
Sample 19,Chronos,0.8351355195045471
Sample 19,Moirai,0.16486449539661407
Sample 20,Timer,0.5185962915420532
Sample 20,Moirai,0.48140373826026917
Sample 21,Chronos,0.6618269681930542
Sample 21,Timer,0.3381730616092682
Sample 22,Chronos,0.53130704164505
Sample 22,Timer,0.46869292855262756
Sample 23,Chronos,0.6675074696540833
Sample 23,TimesFM,0.33249256014823914
Sample 24,Timer,0.5519721508026123
Sample 24,Moirai,0.4480278789997101
Sample 25,Chronos,0.5374162793159485
Sample 25,Moirai,0.4625837206840515
Sample 26,Timer,0.6732047200202942
Sample 26,TimesFM,0.3267952799797058
Sample 27,Chronos,0.6239575743675232
Sample 27,Time-MoE,0.3760424256324768
Sample 28,Time-MoE,0.7595745325088501
Sample 28,TimesFM,0.2404254823923111
Sample 29,Timer,0.6510345935821533
Sample 29,Moirai,0.34896546602249146
Sample 30,TimesFM,0.7817956805229187
Sample 30,Timer,0.21820436418056488
Sample 31,TimesFM,0.6506608724594116
Sample 31,Time-MoE,0.34933915734291077
Sample 0,Timer,0.6969083547592163
Sample 0,TimesFM,0.3030916452407837
Sample 1,Chronos,0.5536361336708069
Sample 1,Timer,0.4463638663291931
Sample 2,Moirai,0.5449263453483582
Sample 2,Time-MoE,0.45507362484931946
Sample 3,Moirai,0.6345135569572449
Sample 3,Time-MoE,0.3654864430427551
Sample 4,Chronos,0.5377308130264282
Sample 4,TimesFM,0.4622691869735718
Sample 5,Moirai,0.7521873116493225
Sample 5,Timer,0.2478126436471939
Sample 6,TimesFM,0.5428199172019958
Sample 6,Timer,0.4571800231933594
Sample 7,TimesFM,0.6607776284217834
Sample 7,Time-MoE,0.33922237157821655
Sample 8,Timer,0.5375472903251648
Sample 8,Chronos,0.4624526798725128
Sample 9,Chronos,0.7517703175544739
Sample 9,Moirai,0.24822966754436493
Sample 10,Chronos,0.5822187066078186
Sample 10,Timer,0.4177812933921814
Sample 11,Time-MoE,0.5319759845733643
Sample 11,Moirai,0.46802398562431335
Sample 12,Moirai,0.575568675994873
Sample 12,TimesFM,0.42443138360977173
Sample 13,Timer,0.508136510848999
Sample 13,Time-MoE,0.4918634593486786
Sample 14,Chronos,0.9732548594474792
Sample 14,Timer,0.02674511820077896
Sample 15,Chronos,0.8047775030136108
Sample 15,Timer,0.19522249698638916
Sample 16,Moirai,0.7325500845909119
Sample 16,TimesFM,0.2674499750137329
Sample 17,TimesFM,0.6739268898963928
Sample 17,Moirai,0.3260731101036072
Sample 18,Moirai,0.6960408091545105
Sample 18,TimesFM,0.3039592206478119
Sample 19,Moirai,0.6379091739654541
Sample 19,Time-MoE,0.3620908558368683
Sample 20,Moirai,0.5030876994132996
Sample 20,Timer,0.49691230058670044
Sample 21,Time-MoE,0.6175081133842468
Sample 21,Moirai,0.38249194622039795
Sample 22,Moirai,0.5352805852890015
Sample 22,Time-MoE,0.46471941471099854
Sample 23,TimesFM,0.6534557938575745
Sample 23,Moirai,0.3465442359447479
Sample 24,Time-MoE,0.5253903865814209
Sample 24,TimesFM,0.4746096134185791
Sample 25,Timer,0.5278001427650452
Sample 25,Chronos,0.4721999168395996
Sample 26,Chronos,0.6904293894767761
Sample 26,Moirai,0.3095706105232239
Sample 27,TimesFM,0.5220836997032166
Sample 27,Timer,0.47791633009910583
Sample 28,Moirai,0.7685068249702454
Sample 28,TimesFM,0.23149316012859344
Sample 29,Timer,0.5371074080467224
Sample 29,Chronos,0.4628925621509552
Sample 30,TimesFM,0.6167823076248169
Sample 30,Time-MoE,0.3832176625728607
Sample 31,Moirai,0.6500639915466309
Sample 31,Time-MoE,0.34993603825569153
Sample 0,Chronos,0.5852373242378235
Sample 0,TimesFM,0.4147626757621765
Sample 1,Chronos,0.6096305847167969
Sample 1,TimesFM,0.3903694748878479
Sample 2,Moirai,0.7803107500076294
Sample 2,Chronos,0.2196892648935318
Sample 3,Chronos,0.5409154891967773
Sample 3,Timer,0.45908454060554504
Sample 4,Timer,0.5538337230682373
Sample 4,Chronos,0.4461663067340851
Sample 5,Timer,0.5996617078781128
Sample 5,Moirai,0.40033823251724243
Sample 6,Moirai,0.6940476894378662
Sample 6,Time-MoE,0.3059523403644562
Sample 7,Moirai,0.5232885479927063
Sample 7,Chronos,0.4767114520072937
Sample 8,Timer,0.9211001992225647
Sample 8,Time-MoE,0.0788998082280159
Sample 9,Time-MoE,0.506737470626831
Sample 9,TimesFM,0.49326249957084656
Sample 10,Timer,0.5792996883392334
Sample 10,TimesFM,0.420700341463089
Sample 11,Chronos,0.6146900653839111
Sample 11,Time-MoE,0.38530996441841125
Sample 12,Chronos,0.8716356754302979
Sample 12,Timer,0.12836427986621857
Sample 13,Timer,0.6926658749580383
Sample 13,TimesFM,0.3073340654373169
Sample 14,Time-MoE,0.6781416535377502
Sample 14,TimesFM,0.32185837626457214
Sample 15,TimesFM,0.543626606464386
Sample 15,Moirai,0.456373393535614
Sample 16,Time-MoE,0.5590289831161499
Sample 16,Timer,0.4409709572792053
Sample 17,TimesFM,0.7094956040382385
Sample 17,Moirai,0.2905043363571167
Sample 18,TimesFM,0.7347018718719482
Sample 18,Moirai,0.26529809832572937
Sample 19,Chronos,0.5728542804718018
Sample 19,TimesFM,0.42714565992355347
Sample 20,Moirai,0.5381659269332886
Sample 20,Timer,0.46183401346206665
Sample 21,Timer,0.5204578042030334
Sample 21,Moirai,0.47954216599464417
Sample 22,TimesFM,0.7440627813339233
Sample 22,Moirai,0.25593721866607666
Sample 23,Time-MoE,0.6531513333320618
Sample 23,TimesFM,0.34684863686561584
Sample 24,Time-MoE,0.6404661536216736
Sample 24,Chronos,0.3595338761806488
Sample 25,Chronos,0.6936901211738586
Sample 25,TimesFM,0.30630990862846375
Sample 26,Moirai,0.5594525337219238
Sample 26,Time-MoE,0.4405474364757538
Sample 27,Chronos,0.5847857594490051
Sample 27,Timer,0.41521427035331726
Sample 28,TimesFM,0.8303608894348145
Sample 28,Timer,0.16963908076286316
Sample 29,Time-MoE,0.7669253349304199
Sample 29,TimesFM,0.23307465016841888
Sample 30,Timer,0.5483126044273376
Sample 30,Time-MoE,0.45168739557266235
Sample 31,Timer,0.8446103930473328
Sample 31,TimesFM,0.15538965165615082
Sample 0,Moirai,0.5851881504058838
Sample 0,Timer,0.4148118793964386
Sample 1,Time-MoE,0.5467605590820312
Sample 1,TimesFM,0.45323941111564636
Sample 2,Time-MoE,0.8847392201423645
Sample 2,Chronos,0.11526080965995789
Sample 3,Chronos,0.6842814683914185
Sample 3,Time-MoE,0.31571856141090393
Sample 4,TimesFM,0.7334793210029602
Sample 4,Moirai,0.2665206491947174
Sample 5,Moirai,0.5759867429733276
Sample 5,Time-MoE,0.4240131974220276
Sample 6,TimesFM,0.7634042501449585
Sample 6,Time-MoE,0.2365957349538803
Sample 7,Moirai,0.7239059805870056
Sample 7,Chronos,0.2760940492153168
Sample 8,Time-MoE,0.5242072939872742
Sample 8,Timer,0.47579270601272583
Sample 9,Chronos,0.8414697051048279
Sample 9,Timer,0.1585303097963333
Sample 10,Time-MoE,0.5237840414047241
Sample 10,Moirai,0.4762159585952759
Sample 11,TimesFM,0.5512186288833618
Sample 11,Moirai,0.4487813413143158
Sample 12,Time-MoE,0.8632470965385437
Sample 12,Moirai,0.1367529183626175
Sample 13,Chronos,0.634471595287323
Sample 13,Moirai,0.3655283451080322
Sample 14,Timer,0.5879992842674255
Sample 14,Chronos,0.41200077533721924
Sample 15,Moirai,0.5865355134010315
Sample 15,Time-MoE,0.4134644865989685
Sample 0,Timer,0.6630544662475586
Sample 0,Time-MoE,0.336945503950119
Sample 1,TimesFM,0.5873475670814514
Sample 1,Moirai,0.41265249252319336
Sample 2,Chronos,0.5232473015785217
Sample 2,Moirai,0.4767526388168335
Sample 3,Timer,0.5230913758277893
Sample 3,Chronos,0.4769086539745331
Sample 4,TimesFM,0.9260488748550415
Sample 4,Timer,0.07395116239786148
Sample 5,TimesFM,0.6796973943710327
Sample 5,Chronos,0.3203025758266449
Sample 6,Chronos,0.5043129920959473
Sample 6,Timer,0.49568697810173035
Sample 7,Time-MoE,0.5140249729156494
Sample 7,Chronos,0.4859750270843506
Sample 8,Timer,0.5273698568344116
Sample 8,Chronos,0.4726301431655884
Sample 9,Chronos,0.6377931237220764
Sample 9,Timer,0.3622068762779236
Sample 10,Chronos,0.5735493898391724
Sample 10,Time-MoE,0.4264506697654724
Sample 11,TimesFM,0.595341145992279
Sample 11,Chronos,0.40465888381004333
Sample 12,Chronos,0.5354960560798645
Sample 12,Time-MoE,0.4645039439201355
Sample 13,TimesFM,0.7590702772140503
Sample 13,Timer,0.2409297078847885
Sample 14,TimesFM,0.7863945960998535
Sample 14,Moirai,0.21360540390014648
Sample 15,Time-MoE,0.5703930854797363
Sample 15,Chronos,0.42960694432258606
Sample 16,Chronos,0.535991907119751
Sample 16,Time-MoE,0.4640081226825714
Sample 17,Timer,0.5307395458221436
Sample 17,Time-MoE,0.46926045417785645
Sample 18,Timer,0.6800404191017151
Sample 18,Moirai,0.3199596107006073
Sample 19,Moirai,0.7407553791999817
Sample 19,Chronos,0.2592445909976959
Sample 20,Time-MoE,0.5817030072212219
Sample 20,Timer,0.4182969629764557
Sample 21,TimesFM,0.7131222486495972
Sample 21,Timer,0.28687772154808044
Sample 22,Timer,0.5098200440406799
Sample 22,Moirai,0.49017995595932007
Sample 23,Time-MoE,0.6565955281257629
Sample 23,TimesFM,0.3434044420719147
Sample 24,TimesFM,0.5983203053474426
Sample 24,Moirai,0.4016796946525574
Sample 25,Time-MoE,0.6056798696517944
Sample 25,Moirai,0.39432016015052795
Sample 26,Moirai,0.5088903307914734
Sample 26,Timer,0.4911096692085266
Sample 27,Chronos,0.6730073690414429
Sample 27,Moirai,0.32699263095855713
Sample 28,Time-MoE,0.5051814913749695
Sample 28,Moirai,0.4948185682296753
Sample 29,Timer,0.5443676710128784
Sample 29,TimesFM,0.4556323289871216
Sample 30,Chronos,0.6604340672492981
Sample 30,TimesFM,0.3395659327507019
Sample 31,Time-MoE,0.6274576187133789
Sample 31,TimesFM,0.3725423216819763
Sample 0,Time-MoE,0.5597420334815979
Sample 0,Moirai,0.4402579665184021
Sample 1,Moirai,0.5055263638496399
Sample 1,Chronos,0.4944736361503601
Sample 2,Timer,0.5164186358451843
Sample 2,TimesFM,0.4835813343524933
Sample 3,Chronos,0.5558566451072693
Sample 3,Timer,0.4441434144973755
Sample 4,TimesFM,0.5012173056602478
Sample 4,Time-MoE,0.4987826943397522
Sample 5,TimesFM,0.6552924513816833
Sample 5,Timer,0.3447076082229614
Sample 6,TimesFM,0.887675940990448
Sample 6,Timer,0.1123240739107132
Sample 7,Moirai,0.554362416267395
Sample 7,TimesFM,0.4456375241279602
Sample 8,Timer,0.5451877117156982
Sample 8,TimesFM,0.45481225848197937
Sample 9,Time-MoE,0.5563932657241821
Sample 9,Moirai,0.4436066746711731
Sample 10,TimesFM,0.7438166737556458
Sample 10,Timer,0.256183385848999
Sample 11,Time-MoE,0.5196453332901001
Sample 11,Chronos,0.4803546667098999
Sample 12,Time-MoE,0.5188992023468018
Sample 12,Chronos,0.48110079765319824
Sample 13,Moirai,0.5134409666061401
Sample 13,Chronos,0.48655906319618225
Sample 14,Moirai,0.5173853039741516
Sample 14,TimesFM,0.4826147258281708
Sample 15,Timer,0.7576481103897095
Sample 15,Chronos,0.24235190451145172
Sample 16,Time-MoE,0.5041443109512329
Sample 16,TimesFM,0.4958556890487671
Sample 17,Chronos,0.5746532678604126
Sample 17,Time-MoE,0.4253467619419098
Sample 18,Time-MoE,0.8971973061561584
Sample 18,TimesFM,0.10280267894268036
Sample 19,Timer,0.5352523326873779
Sample 19,TimesFM,0.46474772691726685
Sample 20,Chronos,0.5017935037612915
Sample 20,TimesFM,0.49820655584335327
Sample 21,Chronos,0.7927417159080505
Sample 21,Timer,0.20725831389427185
Sample 22,TimesFM,0.7572034597396851
Sample 22,Timer,0.24279652535915375
Sample 23,Time-MoE,0.568776547908783
Sample 23,Chronos,0.43122348189353943
Sample 24,Time-MoE,0.5522018671035767
Sample 24,Moirai,0.4477981626987457
Sample 25,TimesFM,0.5466071367263794
Sample 25,Moirai,0.4533928334712982
Sample 26,Moirai,0.5362828969955444
Sample 26,TimesFM,0.46371713280677795
Sample 27,TimesFM,0.5279482007026672
Sample 27,Moirai,0.4720517694950104
Sample 28,Chronos,0.7476275563240051
Sample 28,Time-MoE,0.2523723840713501
Sample 29,Time-MoE,0.5003161430358887
Sample 29,Moirai,0.49968379735946655
Sample 30,TimesFM,0.8101241588592529
Sample 30,Time-MoE,0.18987585604190826
Sample 31,Time-MoE,0.540908694267273
Sample 31,Timer,0.45909130573272705
Sample 0,Timer,0.9085292816162109
Sample 0,Moirai,0.09147075563669205
Sample 1,TimesFM,0.5027880668640137
Sample 1,Chronos,0.49721193313598633
Sample 2,Timer,0.7369043231010437
Sample 2,Moirai,0.2630957067012787
Sample 3,Chronos,0.623521089553833
Sample 3,Moirai,0.376478910446167
Sample 4,Moirai,0.5444093942642212
Sample 4,Timer,0.4555906355381012
Sample 5,TimesFM,0.6437386274337769
Sample 5,Timer,0.3562614321708679
Sample 6,Moirai,0.5777626633644104
Sample 6,TimesFM,0.4222372770309448
Sample 7,Time-MoE,0.567668080329895
Sample 7,Chronos,0.4323318898677826
Sample 8,Time-MoE,0.5598083138465881
Sample 8,Moirai,0.44019171595573425
Sample 9,Moirai,0.565723717212677
Sample 9,Timer,0.4342763125896454
Sample 10,TimesFM,0.6622194647789001
Sample 10,Chronos,0.33778059482574463
Sample 11,TimesFM,0.6433466076850891
Sample 11,Moirai,0.3566533625125885
Sample 12,Moirai,0.5069340467453003
Sample 12,Time-MoE,0.4930659532546997
Sample 13,Time-MoE,0.7105454802513123
Sample 13,Moirai,0.2894545793533325
Sample 14,Timer,0.6091405749320984
Sample 14,Moirai,0.3908593952655792
Sample 15,Chronos,0.5451919436454773
Sample 15,Moirai,0.4548080861568451
Sample 16,Moirai,0.6961448192596436
Sample 16,TimesFM,0.30385521054267883
Sample 17,Time-MoE,0.5006272792816162
Sample 17,Chronos,0.4993727505207062
Sample 18,TimesFM,0.8739603757858276
Sample 18,Chronos,0.12603968381881714
Sample 19,Moirai,0.5260159969329834
Sample 19,TimesFM,0.4739840030670166
Sample 20,Moirai,0.6137641668319702
Sample 20,Chronos,0.38623589277267456
Sample 21,Time-MoE,0.6171908378601074
Sample 21,Moirai,0.3828091621398926
Sample 22,TimesFM,0.6684914827346802
Sample 22,Chronos,0.33150848746299744
Sample 23,TimesFM,0.7437137961387634
Sample 23,Chronos,0.25628623366355896
Sample 24,Moirai,0.5934323668479919
Sample 24,TimesFM,0.40656766295433044
Sample 25,Timer,0.5176346898078918
Sample 25,Moirai,0.4823652505874634
Sample 26,Time-MoE,0.5778860449790955
Sample 26,Chronos,0.42211392521858215
Sample 27,Chronos,0.8602814674377441
Sample 27,Moirai,0.13971857726573944
Sample 28,Time-MoE,0.69944828748703
Sample 28,Chronos,0.3005516827106476
Sample 29,Chronos,0.6461626887321472
Sample 29,Time-MoE,0.3538372814655304
Sample 30,Chronos,0.6008208394050598
Sample 30,TimesFM,0.3991791605949402
Sample 31,Time-MoE,0.5795203447341919
Sample 31,TimesFM,0.4204796254634857
Sample 0,Moirai,0.5213646292686462
Sample 0,Timer,0.47863540053367615
Sample 1,TimesFM,0.6589282751083374
Sample 1,Chronos,0.3410716950893402
Sample 2,Time-MoE,0.8660625219345093
Sample 2,TimesFM,0.1339375078678131
Sample 3,TimesFM,0.529940664768219
Sample 3,Moirai,0.4700593650341034
Sample 4,TimesFM,0.5691732168197632
Sample 4,Chronos,0.43082675337791443
Sample 5,Time-MoE,0.7622477412223816
Sample 5,Chronos,0.2377522587776184
Sample 6,TimesFM,0.6198491454124451
Sample 6,Chronos,0.38015082478523254
Sample 7,Moirai,0.6420432329177856
Sample 7,Chronos,0.35795673727989197
Sample 8,Time-MoE,0.6678152084350586
Sample 8,Timer,0.3321847915649414
Sample 9,Chronos,0.8747549653053284
Sample 9,Timer,0.12524504959583282
Sample 10,Moirai,0.5496319532394409
Sample 10,Chronos,0.4503680169582367
Sample 11,Time-MoE,0.52513188123703
Sample 11,Timer,0.47486811876296997
Sample 12,TimesFM,0.6063584685325623
Sample 12,Timer,0.39364150166511536
Sample 13,TimesFM,0.6381632685661316
Sample 13,Chronos,0.361836701631546
Sample 14,Moirai,0.6354556679725647
Sample 14,Timer,0.3645443022251129
Sample 15,Chronos,0.6358333826065063
Sample 15,Timer,0.36416661739349365
Sample 16,Chronos,0.5110199451446533
Sample 16,Time-MoE,0.4889800548553467
Sample 17,Chronos,0.5888435244560242
Sample 17,Timer,0.41115647554397583
Sample 18,Chronos,0.8028433918952942
Sample 18,Time-MoE,0.197156623005867
Sample 19,TimesFM,0.6568040251731873
Sample 19,Timer,0.34319594502449036
Sample 20,Time-MoE,0.5116426348686218
Sample 20,Chronos,0.48835739493370056
Sample 21,TimesFM,0.6443909406661987
Sample 21,Chronos,0.3556090295314789
Sample 22,Moirai,0.6263300776481628
Sample 22,TimesFM,0.3736698627471924
Sample 23,Moirai,0.6067133545875549
Sample 23,TimesFM,0.39328670501708984
Sample 24,Timer,0.6203912496566772
Sample 24,Chronos,0.37960878014564514
Sample 25,Chronos,0.5139607787132263
Sample 25,Moirai,0.48603925108909607
Sample 26,TimesFM,0.7022990584373474
Sample 26,Chronos,0.2977009117603302
Sample 27,Chronos,0.5894454717636108
Sample 27,TimesFM,0.41055455803871155
Sample 28,Time-MoE,0.6832413673400879
Sample 28,Chronos,0.3167586624622345
Sample 29,Time-MoE,0.5591366291046143
Sample 29,Timer,0.44086340069770813
Sample 30,Chronos,0.8382523059844971
Sample 30,TimesFM,0.16174769401550293
Sample 31,Time-MoE,0.5886804461479187
Sample 31,Moirai,0.4113195836544037
Sample 0,Moirai,0.7975971102714539
Sample 0,Chronos,0.20240293443202972
Sample 1,TimesFM,0.5090277791023254
Sample 1,Chronos,0.49097225069999695
Sample 2,Time-MoE,0.8351412415504456
Sample 2,TimesFM,0.16485872864723206
Sample 3,Chronos,0.636387288570404
Sample 3,TimesFM,0.36361268162727356
Sample 4,Chronos,0.5440633893013
Sample 4,Timer,0.45593661069869995
Sample 5,TimesFM,0.5082829594612122
Sample 5,Timer,0.4917171001434326
Sample 6,Chronos,0.5619803071022034
Sample 6,Timer,0.43801966309547424
Sample 7,TimesFM,0.5535558462142944
Sample 7,Time-MoE,0.44644415378570557
Sample 8,Timer,0.6810479760169983
Sample 8,Chronos,0.3189520835876465
Sample 9,Moirai,0.6965323090553284
Sample 9,TimesFM,0.303467720746994
Sample 10,TimesFM,0.5717458128929138
Sample 10,Timer,0.4282541275024414
Sample 11,Time-MoE,0.5386682152748108
Sample 11,Timer,0.4613317549228668
Sample 12,Chronos,0.5452972650527954
Sample 12,Timer,0.4547026753425598
Sample 13,Moirai,0.6486731171607971
Sample 13,Chronos,0.35132691264152527
Sample 14,TimesFM,0.6596402525901794
Sample 14,Moirai,0.34035974740982056
Sample 15,TimesFM,0.6265345215797424
Sample 15,Chronos,0.37346547842025757
Sample 16,TimesFM,0.5401026010513306
Sample 16,Timer,0.4598974287509918
Sample 17,Timer,0.5811377167701721
Sample 17,Moirai,0.4188622534275055
Sample 18,Moirai,0.5733210444450378
Sample 18,Chronos,0.4266788959503174
Sample 19,Timer,0.5186454057693481
Sample 19,Moirai,0.48135456442832947
Sample 20,Time-MoE,0.6491603255271912
Sample 20,Chronos,0.35083967447280884
Sample 21,TimesFM,0.5309736132621765
Sample 21,Moirai,0.4690263867378235
Sample 22,Chronos,0.7557501196861267
Sample 22,Time-MoE,0.2442498654127121
Sample 23,TimesFM,0.5251138806343079
Sample 23,Timer,0.47488608956336975
Sample 24,Timer,0.7637904286384583
Sample 24,Chronos,0.23620952665805817
Sample 25,Chronos,0.6226892471313477
Sample 25,TimesFM,0.37731078267097473
Sample 26,Timer,0.5111883878707886
Sample 26,Moirai,0.4888116121292114
Sample 27,TimesFM,0.7322729229927063
Sample 27,Timer,0.2677271068096161
Sample 28,Timer,0.6582593321800232
Sample 28,Time-MoE,0.3417406678199768
Sample 29,TimesFM,0.5769602060317993
Sample 29,Moirai,0.4230397939682007
Sample 30,Chronos,0.7829469442367554
Sample 30,TimesFM,0.21705304086208344
Sample 31,Timer,0.6550158858299255
Sample 31,Time-MoE,0.3449840545654297
Sample 0,Time-MoE,0.6236950755119324
Sample 0,Moirai,0.37630495429039
Sample 1,TimesFM,0.55119788646698
Sample 1,Chronos,0.44880208373069763
Sample 2,Chronos,0.5612496137619019
Sample 2,Time-MoE,0.43875038623809814
Sample 3,Chronos,0.68611079454422
Sample 3,Timer,0.31388920545578003
Sample 4,Time-MoE,0.5707074403762817
Sample 4,Moirai,0.42929255962371826
Sample 5,TimesFM,0.6386083960533142
Sample 5,Time-MoE,0.361391544342041
Sample 6,Time-MoE,0.726674497127533
Sample 6,TimesFM,0.2733255624771118
Sample 7,Chronos,0.5294063091278076
Sample 7,Time-MoE,0.47059366106987
Sample 8,Chronos,0.5034045577049255
Sample 8,Time-MoE,0.4965953826904297
Sample 9,Chronos,0.6629610657691956
Sample 9,TimesFM,0.33703890442848206
Sample 10,TimesFM,0.5578153729438782
Sample 10,Timer,0.4421846270561218
Sample 11,Chronos,0.8412672281265259
Sample 11,Moirai,0.15873278677463531
Sample 12,Time-MoE,0.5906819105148315
Sample 12,Moirai,0.40931814908981323
Sample 13,Moirai,0.5681090950965881
Sample 13,Timer,0.4318908751010895
Sample 14,Time-MoE,0.5714520812034607
Sample 14,TimesFM,0.4285478889942169
Sample 15,Chronos,0.5835378170013428
Sample 15,Time-MoE,0.41646215319633484
Sample 16,Moirai,0.6264144778251648
Sample 16,Chronos,0.3735855221748352
Sample 17,Chronos,0.5822271704673767
Sample 17,Timer,0.4177728295326233
Sample 18,Time-MoE,0.5419809222221375
Sample 18,Moirai,0.45801907777786255
Sample 19,Moirai,0.6093451380729675
Sample 19,Timer,0.39065489172935486
Sample 20,Chronos,0.7839436531066895
Sample 20,Timer,0.21605631709098816
Sample 21,Moirai,0.579476535320282
Sample 21,Chronos,0.4205234944820404
Sample 22,Moirai,0.6294711828231812
Sample 22,Timer,0.37052881717681885
Sample 23,Chronos,0.7005927562713623
Sample 23,Timer,0.2994072735309601
Sample 24,TimesFM,0.5073515176773071
Sample 24,Chronos,0.4926484525203705
Sample 25,Chronos,0.8159647583961487
Sample 25,TimesFM,0.18403522670269012
Sample 26,Moirai,0.6249961256980896
Sample 26,Chronos,0.3750038743019104
Sample 27,Timer,0.518531858921051
Sample 27,Moirai,0.481468141078949
Sample 28,TimesFM,0.5252258777618408
Sample 28,Time-MoE,0.4747741222381592
Sample 29,Chronos,0.585688054561615
Sample 29,Timer,0.414311945438385
Sample 30,TimesFM,0.6799971461296082
Sample 30,Chronos,0.32000285387039185
Sample 31,TimesFM,0.5761211514472961
Sample 31,Moirai,0.42387884855270386
Sample 0,Time-MoE,0.7168237566947937
Sample 0,TimesFM,0.2831762135028839
Sample 1,TimesFM,0.7302502393722534
Sample 1,Chronos,0.26974979043006897
Sample 2,Time-MoE,0.5436314344406128
Sample 2,Timer,0.4563685655593872
Sample 3,Time-MoE,0.5776792168617249
Sample 3,TimesFM,0.42232075333595276
Sample 4,Time-MoE,0.5947818160057068
Sample 4,Timer,0.40521812438964844
Sample 5,Time-MoE,0.7161329984664917
Sample 5,Moirai,0.2838669717311859
Sample 6,Timer,0.5749021172523499
Sample 6,TimesFM,0.42509785294532776
Sample 7,Timer,0.8403037786483765
Sample 7,Time-MoE,0.15969619154930115
Sample 8,Timer,0.5212547779083252
Sample 8,Moirai,0.4787452220916748
Sample 9,Timer,0.5047032237052917
Sample 9,Chronos,0.4952967166900635
Sample 10,TimesFM,0.5648788213729858
Sample 10,Moirai,0.43512117862701416
Sample 11,Time-MoE,0.5870609879493713
Sample 11,Timer,0.41293904185295105
Sample 12,Chronos,0.7687376141548157
Sample 12,Timer,0.2312624156475067
Sample 13,Chronos,0.6409321427345276
Sample 13,Time-MoE,0.35906782746315
Sample 14,TimesFM,0.5737960934638977
Sample 14,Timer,0.4262039065361023
Sample 15,Chronos,0.5562683343887329
Sample 15,Time-MoE,0.4437316954135895
Sample 0,Time-MoE,0.6321460008621216
Sample 0,TimesFM,0.36785396933555603
Sample 1,Chronos,0.5588247179985046
Sample 1,Timer,0.44117534160614014
Sample 2,Timer,0.8780418634414673
Sample 2,TimesFM,0.12195821851491928
Sample 3,TimesFM,0.6677968502044678
Sample 3,Timer,0.3322031497955322
Sample 4,Chronos,0.6180731654167175
Sample 4,Timer,0.3819268047809601
Sample 5,Chronos,0.693379819393158
Sample 5,Moirai,0.30662018060684204
Sample 6,Time-MoE,0.5740973353385925
Sample 6,TimesFM,0.42590269446372986
Sample 7,Chronos,0.5379654169082642
Sample 7,Timer,0.4620346128940582
Sample 8,Time-MoE,0.5307703018188477
Sample 8,TimesFM,0.46922972798347473
Sample 9,Time-MoE,0.5263903737068176
Sample 9,Chronos,0.47360959649086
Sample 10,TimesFM,0.5389319062232971
Sample 10,Chronos,0.4610680341720581
Sample 11,Chronos,0.5784677267074585
Sample 11,Timer,0.4215323030948639
Sample 12,Timer,0.5478013753890991
Sample 12,Moirai,0.4521986246109009
Sample 13,TimesFM,0.6371124982833862
Sample 13,Timer,0.36288750171661377
Sample 14,Moirai,0.6349895596504211
Sample 14,Time-MoE,0.36501047015190125
Sample 15,Timer,0.5438914895057678
Sample 15,Moirai,0.4561085104942322
Sample 16,Time-MoE,0.6940079927444458
Sample 16,TimesFM,0.3059920072555542
Sample 17,Chronos,0.5448019504547119
Sample 17,Moirai,0.4551980495452881
Sample 18,TimesFM,0.5811236500740051
Sample 18,Moirai,0.4188763201236725
Sample 19,Timer,0.5078963041305542
Sample 19,Chronos,0.4921036958694458
Sample 20,Timer,0.5551779866218567
Sample 20,Chronos,0.4448220431804657
Sample 21,Chronos,0.7356583476066589
Sample 21,Moirai,0.2643415927886963
Sample 22,Chronos,0.9293195605278015
Sample 22,TimesFM,0.0706804171204567
Sample 23,Timer,0.7169978618621826
Sample 23,Chronos,0.28300216794013977
Sample 24,Timer,0.5094670057296753
Sample 24,Time-MoE,0.4905329644680023
Sample 25,Time-MoE,0.5056666731834412
Sample 25,Moirai,0.49433332681655884
Sample 26,Chronos,0.7297989130020142
Sample 26,TimesFM,0.27020108699798584
Sample 27,Timer,0.5206500291824341
Sample 27,TimesFM,0.47934994101524353
Sample 28,Time-MoE,0.5552608966827393
Sample 28,Timer,0.44473913311958313
Sample 29,Chronos,0.7060390710830688
Sample 29,Timer,0.2939608693122864
Sample 30,TimesFM,0.7677883505821228
Sample 30,Timer,0.232211634516716
Sample 31,Timer,0.6238164305686951
Sample 31,TimesFM,0.37618353962898254
Sample 0,Moirai,0.502590000629425
Sample 0,Time-MoE,0.49740996956825256
Sample 1,Time-MoE,0.7592337727546692
Sample 1,Timer,0.24076619744300842
Sample 2,Chronos,0.7000404000282288
Sample 2,Moirai,0.29995957016944885
Sample 3,Chronos,0.5151190757751465
Sample 3,Moirai,0.4848809242248535
Sample 4,TimesFM,0.5287507772445679
Sample 4,Chronos,0.4712492525577545
Sample 5,TimesFM,0.5302984714508057
Sample 5,Chronos,0.46970152854919434
Sample 6,TimesFM,0.8759405016899109
Sample 6,Timer,0.1240595281124115
Sample 7,Timer,0.7288450598716736
Sample 7,Chronos,0.27115491032600403
Sample 8,Moirai,0.501991331577301
Sample 8,Chronos,0.498008668422699
Sample 9,TimesFM,0.5086361765861511
Sample 9,Chronos,0.49136385321617126
Sample 10,Time-MoE,0.5405687689781189
Sample 10,Timer,0.45943117141723633
Sample 11,Moirai,0.8612041473388672
Sample 11,TimesFM,0.138795867562294
Sample 12,Moirai,0.6150705814361572
Sample 12,TimesFM,0.3849294185638428
Sample 13,Chronos,0.5478672981262207
Sample 13,Time-MoE,0.4521326422691345
Sample 14,Chronos,0.5311506986618042
Sample 14,TimesFM,0.4688493013381958
Sample 15,Timer,0.7627328634262085
Sample 15,Time-MoE,0.23726710677146912
Sample 16,Timer,0.8008379936218262
Sample 16,Moirai,0.19916202127933502
Sample 17,Moirai,0.5872243642807007
Sample 17,Chronos,0.4127756357192993
Sample 18,TimesFM,0.6685753464698792
Sample 18,Chronos,0.33142465353012085
Sample 19,Moirai,0.5984624624252319
Sample 19,Time-MoE,0.40153753757476807
Sample 20,Chronos,0.5874789953231812
Sample 20,TimesFM,0.41252097487449646
Sample 21,TimesFM,0.6324122548103333
Sample 21,Time-MoE,0.36758771538734436
Sample 22,Time-MoE,0.6395683884620667
Sample 22,Moirai,0.36043158173561096
Sample 23,TimesFM,0.6551223397254944
Sample 23,Moirai,0.3448776304721832
Sample 24,Chronos,0.6176387667655945
Sample 24,Timer,0.3823612332344055
Sample 25,Chronos,0.5418481230735779
Sample 25,Time-MoE,0.4581518769264221
Sample 26,Time-MoE,0.543479323387146
Sample 26,Moirai,0.4565207064151764
Sample 27,TimesFM,0.6961945295333862
Sample 27,Timer,0.30380550026893616
Sample 28,Time-MoE,0.5061259269714355
Sample 28,Moirai,0.49387404322624207
Sample 29,Time-MoE,0.5283806920051575
Sample 29,TimesFM,0.4716193377971649
Sample 30,TimesFM,0.5251684188842773
Sample 30,Moirai,0.47483158111572266
Sample 31,Chronos,0.5832064151763916
Sample 31,TimesFM,0.4167936146259308
Sample 0,Time-MoE,0.5077932476997375
Sample 0,TimesFM,0.49220675230026245
Sample 1,TimesFM,0.6241063475608826
Sample 1,Timer,0.37589365243911743
Sample 2,TimesFM,0.594092607498169
Sample 2,Time-MoE,0.4059073328971863
Sample 3,Moirai,0.5820126533508301
Sample 3,Chronos,0.41798731684684753
Sample 4,Moirai,0.5410758852958679
Sample 4,Time-MoE,0.4589240849018097
Sample 5,Timer,0.5611489415168762
Sample 5,Moirai,0.43885108828544617
Sample 6,TimesFM,0.6532931327819824
Sample 6,Timer,0.3467068076133728
Sample 7,Time-MoE,0.5520690083503723
Sample 7,TimesFM,0.4479309916496277
Sample 8,Timer,0.5401924252510071
Sample 8,Time-MoE,0.4598075747489929
Sample 9,TimesFM,0.6664481163024902
Sample 9,Time-MoE,0.3335518538951874
Sample 10,Chronos,0.7286338806152344
Sample 10,Timer,0.271366149187088
Sample 11,Moirai,0.5415248274803162
Sample 11,Chronos,0.4584752321243286
Sample 12,Time-MoE,0.7170743346214294
Sample 12,Chronos,0.28292572498321533
Sample 13,Chronos,0.6711919903755188
Sample 13,Timer,0.3288079798221588
Sample 14,Chronos,0.6782315969467163
Sample 14,TimesFM,0.3217683732509613
Sample 15,Timer,0.5013073086738586
Sample 15,Chronos,0.49869272112846375
Sample 16,Time-MoE,0.5095876455307007
Sample 16,Chronos,0.49041232466697693
Sample 17,Moirai,0.5387431979179382
Sample 17,Timer,0.4612567722797394
Sample 18,TimesFM,0.5527149438858032
Sample 18,Time-MoE,0.4472850263118744
Sample 19,Moirai,0.5464707016944885
Sample 19,Chronos,0.4535292983055115
Sample 20,Moirai,0.5096895694732666
Sample 20,Time-MoE,0.490310400724411
Sample 21,Moirai,0.569057285785675
Sample 21,TimesFM,0.43094268441200256
Sample 22,Moirai,0.501285195350647
Sample 22,Time-MoE,0.49871477484703064
Sample 23,Timer,0.7157184481620789
Sample 23,Chronos,0.28428152203559875
Sample 24,Moirai,0.617573082447052
Sample 24,TimesFM,0.382426917552948
Sample 25,Timer,0.5162093043327332
Sample 25,Time-MoE,0.48379063606262207
Sample 26,Moirai,0.5223923325538635
Sample 26,TimesFM,0.4776076674461365
Sample 27,Timer,0.8300417065620422
Sample 27,Moirai,0.16995827853679657
Sample 28,Timer,0.7467202544212341
Sample 28,Time-MoE,0.25327977538108826
Sample 29,Time-MoE,0.764279305934906
Sample 29,TimesFM,0.2357207089662552
Sample 30,TimesFM,0.72359299659729
Sample 30,Moirai,0.2764069437980652
Sample 31,Timer,0.6218820214271545
Sample 31,Moirai,0.37811794877052307
Sample 0,Time-MoE,0.7178080081939697
Sample 0,TimesFM,0.2821919620037079
Sample 1,TimesFM,0.5742941498756409
Sample 1,Moirai,0.42570585012435913
Sample 2,Time-MoE,0.6836683750152588
Sample 2,Moirai,0.3163315951824188
Sample 3,TimesFM,0.5442659854888916
Sample 3,Time-MoE,0.4557340145111084
Sample 4,Moirai,0.6697940826416016
Sample 4,TimesFM,0.3302059769630432
Sample 5,Chronos,0.5551404356956482
Sample 5,Moirai,0.4448595643043518
Sample 6,Time-MoE,0.599387526512146
Sample 6,Timer,0.4006125032901764
Sample 7,Time-MoE,0.5852932333946228
Sample 7,Moirai,0.4147067070007324
Sample 8,TimesFM,0.5055497288703918
Sample 8,Moirai,0.49445024132728577
Sample 9,Time-MoE,0.5588201284408569
Sample 9,Moirai,0.4411798417568207
Sample 10,Timer,0.9108412265777588
Sample 10,Time-MoE,0.089158795773983
Sample 11,Chronos,0.5158166885375977
Sample 11,Timer,0.48418328166007996
Sample 12,Chronos,0.634547233581543
Sample 12,Timer,0.3654527962207794
Sample 13,Chronos,0.9568623304367065
Sample 13,Timer,0.04313768818974495
Sample 14,Time-MoE,0.5362412929534912
Sample 14,Chronos,0.4637586772441864
Sample 15,TimesFM,0.6565338373184204
Sample 15,Timer,0.3434661328792572
Sample 16,Timer,0.7086693644523621
Sample 16,Time-MoE,0.29133063554763794
Sample 17,TimesFM,0.5093097686767578
Sample 17,Time-MoE,0.4906902611255646
Sample 18,Chronos,0.5540454387664795
Sample 18,TimesFM,0.4459545314311981
Sample 19,Time-MoE,0.6776505708694458
Sample 19,Timer,0.3223493993282318
Sample 20,TimesFM,0.5385010838508606
Sample 20,Timer,0.4614989161491394
Sample 21,Chronos,0.5656468868255615
Sample 21,Timer,0.4343531131744385
Sample 22,Time-MoE,0.7220690846443176
Sample 22,Timer,0.2779309153556824
Sample 23,Moirai,0.5402575135231018
Sample 23,Timer,0.4597424268722534
Sample 24,Moirai,0.7324696183204651
Sample 24,TimesFM,0.2675304412841797
Sample 25,Timer,0.5459426045417786
Sample 25,Chronos,0.4540574252605438
Sample 26,Timer,0.5447720289230347
Sample 26,Time-MoE,0.4552280008792877
Sample 27,TimesFM,0.6658321619033813
Sample 27,Time-MoE,0.33416780829429626
Sample 28,Timer,0.5075072050094604
Sample 28,Chronos,0.49249282479286194
Sample 29,Time-MoE,0.7323082089424133
Sample 29,Timer,0.26769179105758667
Sample 30,Moirai,0.5963156819343567
Sample 30,Timer,0.40368425846099854
Sample 31,Timer,0.8541440963745117
Sample 31,Moirai,0.14585594832897186
Sample 0,TimesFM,0.5435978770256042
Sample 0,Chronos,0.45640215277671814
Sample 1,TimesFM,0.5340068340301514
Sample 1,Time-MoE,0.46599313616752625
Sample 2,TimesFM,0.5448810458183289
Sample 2,Timer,0.45511898398399353
Sample 3,Chronos,0.848196804523468
Sample 3,Moirai,0.15180319547653198
Sample 4,TimesFM,0.6888977885246277
Sample 4,Moirai,0.31110215187072754
Sample 5,Chronos,0.6863234043121338
Sample 5,Time-MoE,0.3136765658855438
Sample 6,Chronos,0.6396426558494568
Sample 6,Time-MoE,0.3603573739528656
Sample 7,Timer,0.5138948559761047
Sample 7,Chronos,0.48610514402389526
Sample 8,Moirai,0.5590398907661438
Sample 8,TimesFM,0.440960168838501
Sample 9,Chronos,0.8596145510673523
Sample 9,Time-MoE,0.1403854787349701
Sample 10,TimesFM,0.5552269816398621
Sample 10,Chronos,0.44477301836013794
Sample 11,Moirai,0.7471120357513428
Sample 11,Chronos,0.2528879940509796
Sample 12,Time-MoE,0.7043635845184326
Sample 12,TimesFM,0.29563644528388977
Sample 13,Chronos,0.6469831466674805
Sample 13,Moirai,0.35301685333251953
Sample 14,Chronos,0.6868680715560913
Sample 14,Time-MoE,0.3131319284439087
Sample 15,Timer,0.569047212600708
Sample 15,Chronos,0.4309527575969696
Sample 16,Chronos,0.582991361618042
Sample 16,TimesFM,0.4170086681842804
Sample 17,Timer,0.7208913564682007
Sample 17,Time-MoE,0.2791086733341217
Sample 18,Timer,0.5344188213348389
Sample 18,Moirai,0.46558117866516113
Sample 19,Moirai,0.6420724391937256
Sample 19,TimesFM,0.3579276204109192
Sample 20,Timer,0.8974670171737671
Sample 20,Time-MoE,0.1025330051779747
Sample 21,Chronos,0.7461866736412048
Sample 21,TimesFM,0.25381338596343994
Sample 22,Moirai,0.5831046104431152
Sample 22,TimesFM,0.4168953597545624
Sample 23,Timer,0.6004838943481445
Sample 23,TimesFM,0.39951610565185547
Sample 24,TimesFM,0.6950734257698059
Sample 24,Timer,0.30492663383483887
Sample 25,Timer,0.5277073979377747
Sample 25,Moirai,0.47229254245758057
Sample 26,Chronos,0.9078542590141296
Sample 26,Time-MoE,0.09214568883180618
Sample 27,Moirai,0.5819737315177917
Sample 27,Chronos,0.41802629828453064
Sample 28,Moirai,0.8418160676956177
Sample 28,Chronos,0.15818393230438232
Sample 29,Time-MoE,0.5893542766571045
Sample 29,Moirai,0.4106457531452179
Sample 30,Timer,0.6661238074302673
Sample 30,Chronos,0.3338761329650879
Sample 31,Timer,0.5948177576065063
Sample 31,Chronos,0.40518227219581604
Sample 0,TimesFM,0.6370334625244141
Sample 0,Chronos,0.3629665672779083
Sample 1,Moirai,0.5369353294372559
Sample 1,TimesFM,0.4630647301673889
Sample 2,Moirai,0.5930759906768799
Sample 2,Timer,0.40692397952079773
Sample 3,Time-MoE,0.6079485416412354
Sample 3,TimesFM,0.3920513987541199
Sample 4,TimesFM,0.5032119154930115
Sample 4,Timer,0.4967880845069885
Sample 5,Moirai,0.5999354124069214
Sample 5,Chronos,0.4000645577907562
Sample 6,TimesFM,0.7559714317321777
Sample 6,Moirai,0.24402859807014465
Sample 7,Timer,0.7547496557235718
Sample 7,Time-MoE,0.24525029957294464
Sample 8,Chronos,0.6955934762954712
Sample 8,Moirai,0.3044064939022064
Sample 9,Chronos,0.930240273475647
Sample 9,Moirai,0.0697597861289978
Sample 10,Time-MoE,0.6424362659454346
Sample 10,Moirai,0.3575637638568878
Sample 11,TimesFM,0.5748090744018555
Sample 11,Chronos,0.42519092559814453
Sample 12,Time-MoE,0.6795695424079895
Sample 12,TimesFM,0.3204303979873657
Sample 13,TimesFM,0.7480633854866028
Sample 13,Timer,0.25193658471107483
Sample 14,TimesFM,0.5333252549171448
Sample 14,Time-MoE,0.4666747748851776
Sample 15,TimesFM,0.5340160131454468
Sample 15,Chronos,0.46598392724990845
Sample 16,Moirai,0.5271100997924805
Sample 16,Chronos,0.47288990020751953
Sample 17,Time-MoE,0.5588418841362
Sample 17,Moirai,0.44115808606147766
Sample 18,Chronos,0.713823676109314
Sample 18,Time-MoE,0.2861763536930084
Sample 19,TimesFM,0.6018654108047485
Sample 19,Chronos,0.39813458919525146
Sample 20,TimesFM,0.5508205890655518
Sample 20,Time-MoE,0.44917941093444824
Sample 21,Time-MoE,0.636950671672821
Sample 21,Timer,0.36304932832717896
Sample 22,Moirai,0.5329940319061279
Sample 22,TimesFM,0.46700596809387207
Sample 23,Timer,0.654646635055542
Sample 23,Chronos,0.3453533351421356
Sample 24,TimesFM,0.6381871104240417
Sample 24,Chronos,0.36181288957595825
Sample 25,Time-MoE,0.5237417817115784
Sample 25,TimesFM,0.47625821828842163
Sample 26,Time-MoE,0.8615335822105408
Sample 26,TimesFM,0.13846637308597565
Sample 27,Chronos,0.5425004959106445
Sample 27,TimesFM,0.4574994742870331
Sample 28,Moirai,0.7652766704559326
Sample 28,Chronos,0.2347232848405838
Sample 29,Time-MoE,0.9575481414794922
Sample 29,TimesFM,0.042451873421669006
Sample 30,Chronos,0.5536762475967407
Sample 30,Time-MoE,0.4463237226009369
Sample 31,Timer,0.5372493267059326
Sample 31,Time-MoE,0.46275070309638977
Sample 0,Moirai,0.5399581789970398
Sample 0,Time-MoE,0.4600418508052826
Sample 1,Moirai,0.6321874856948853
Sample 1,Timer,0.36781248450279236
Sample 2,Time-MoE,0.629925012588501
Sample 2,Chronos,0.37007495760917664
Sample 3,Time-MoE,0.666642427444458
Sample 3,Timer,0.333357572555542
Sample 4,TimesFM,0.512346625328064
Sample 4,Time-MoE,0.4876534342765808
Sample 5,Chronos,0.7384684085845947
Sample 5,TimesFM,0.26153165102005005
Sample 6,Chronos,0.5238584280014038
Sample 6,Moirai,0.4761416018009186
Sample 7,Moirai,0.6267238259315491
Sample 7,Time-MoE,0.37327614426612854
Sample 8,Moirai,0.6301330924034119
Sample 8,Timer,0.3698669373989105
Sample 9,Moirai,0.6321806907653809
Sample 9,Time-MoE,0.36781924962997437
Sample 10,Chronos,0.5980324745178223
Sample 10,Timer,0.40196752548217773
Sample 11,Moirai,0.5019460916519165
Sample 11,Chronos,0.4980539083480835
Sample 12,Timer,0.5051788091659546
Sample 12,Moirai,0.4948211908340454
Sample 13,Chronos,0.5349515080451965
Sample 13,TimesFM,0.4650484621524811
Sample 14,Chronos,0.5409855842590332
Sample 14,Timer,0.4590144157409668
Sample 15,TimesFM,0.5047621130943298
Sample 15,Time-MoE,0.49523794651031494
Sample 0,Moirai,0.5258103013038635
Sample 0,Timer,0.4741896688938141
Sample 1,Time-MoE,0.6077905893325806
Sample 1,Moirai,0.3922094404697418
Sample 2,Moirai,0.6554755568504333
Sample 2,Chronos,0.3445245027542114
Sample 3,Chronos,0.8442027568817139
Sample 3,Timer,0.15579724311828613
Sample 4,Chronos,0.7279674410820007
Sample 4,Moirai,0.27203258872032166
Sample 5,Chronos,0.591317892074585
Sample 5,Moirai,0.40868207812309265
Sample 6,Moirai,0.5530710220336914
Sample 6,TimesFM,0.4469289779663086
Sample 7,Timer,0.7436744570732117
Sample 7,TimesFM,0.2563255727291107
Sample 8,Timer,0.519204318523407
Sample 8,Moirai,0.48079565167427063
Sample 9,Moirai,0.7316361665725708
Sample 9,TimesFM,0.2683638334274292
Sample 10,Moirai,0.8656434416770935
Sample 10,TimesFM,0.1343565434217453
Sample 11,Time-MoE,0.5780231952667236
Sample 11,Timer,0.421976774930954
Sample 12,Moirai,0.6990459561347961
Sample 12,TimesFM,0.30095404386520386
Sample 13,Moirai,0.6018988490104675
Sample 13,Chronos,0.3981010913848877
Sample 14,Chronos,0.8341681957244873
Sample 14,Time-MoE,0.1658318191766739
Sample 15,TimesFM,0.6384431719779968
Sample 15,Chronos,0.36155685782432556
Sample 16,Timer,0.6170939803123474
Sample 16,Time-MoE,0.3829059898853302
Sample 17,Chronos,0.6749269962310791
Sample 17,TimesFM,0.3250730335712433
Sample 18,Timer,0.5209330320358276
Sample 18,Moirai,0.4790669083595276
Sample 19,Chronos,0.6592035889625549
Sample 19,Time-MoE,0.34079644083976746
Sample 20,Moirai,0.5370193123817444
Sample 20,Chronos,0.462980717420578
Sample 21,Chronos,0.8171460628509521
Sample 21,Timer,0.18285399675369263
Sample 22,Chronos,0.6941025853157043
Sample 22,Moirai,0.30589741468429565
Sample 23,Chronos,0.662097692489624
Sample 23,TimesFM,0.33790236711502075
Sample 24,Timer,0.6334865689277649
Sample 24,Time-MoE,0.3665134310722351
Sample 25,Timer,0.6208429932594299
Sample 25,Chronos,0.37915703654289246
Sample 26,Moirai,0.6030411720275879
Sample 26,Chronos,0.3969588279724121
Sample 27,Moirai,0.613388180732727
Sample 27,Timer,0.38661181926727295
Sample 28,Timer,0.7368001937866211
Sample 28,Time-MoE,0.2631998062133789
Sample 29,Time-MoE,0.6035670042037964
Sample 29,TimesFM,0.396433025598526
Sample 30,TimesFM,0.9610766768455505
Sample 30,Time-MoE,0.038923319429159164
Sample 31,Time-MoE,0.5411853194236755
Sample 31,Moirai,0.45881474018096924
Sample 0,TimesFM,0.5831406116485596
Sample 0,Chronos,0.41685935854911804
Sample 1,Timer,0.5391477942466736
Sample 1,TimesFM,0.4608522355556488
Sample 2,Timer,0.5698886513710022
Sample 2,Time-MoE,0.4301113486289978
Sample 3,Moirai,0.5241626501083374
Sample 3,Time-MoE,0.475837379693985
Sample 4,Timer,0.5904864072799683
Sample 4,Time-MoE,0.40951359272003174
Sample 5,Moirai,0.6543745398521423
Sample 5,Time-MoE,0.34562546014785767
Sample 6,TimesFM,0.5436395406723022
Sample 6,Timer,0.45636048913002014
Sample 7,Time-MoE,0.6219141483306885
Sample 7,Moirai,0.3780858516693115
Sample 8,TimesFM,0.5203844308853149
Sample 8,Moirai,0.47961562871932983
Sample 9,Moirai,0.5753435492515564
Sample 9,Time-MoE,0.4246564209461212
Sample 10,Chronos,0.6966963410377502
Sample 10,Moirai,0.30330365896224976
Sample 11,Moirai,0.5773022770881653
Sample 11,TimesFM,0.4226977229118347
Sample 12,Chronos,0.6762759685516357
Sample 12,Time-MoE,0.32372403144836426
Sample 13,Time-MoE,0.5781242251396179
Sample 13,Moirai,0.42187580466270447
Sample 14,TimesFM,0.5608283281326294
Sample 14,Timer,0.43917161226272583
Sample 15,Moirai,0.9204802513122559
Sample 15,Timer,0.07951971143484116
Sample 16,TimesFM,0.606910228729248
Sample 16,Moirai,0.39308977127075195
Sample 17,Moirai,0.5202944874763489
Sample 17,Chronos,0.4797055125236511
Sample 18,Moirai,0.7097716331481934
Sample 18,Timer,0.29022830724716187
Sample 19,Chronos,0.8918379545211792
Sample 19,Timer,0.1081620380282402
Sample 20,Chronos,0.643066942691803
Sample 20,TimesFM,0.3569330871105194
Sample 21,Chronos,0.7909256219863892
Sample 21,Moirai,0.20907436311244965
Sample 22,Chronos,0.6655476689338684
Sample 22,Time-MoE,0.33445239067077637
Sample 23,TimesFM,0.5877730846405029
Sample 23,Chronos,0.41222694516181946
Sample 24,Moirai,0.6003329157829285
Sample 24,Timer,0.3996671140193939
Sample 25,TimesFM,0.6916007399559021
Sample 25,Moirai,0.3083992898464203
Sample 26,Moirai,0.6180879473686218
Sample 26,TimesFM,0.3819120526313782
Sample 27,Chronos,0.6448821425437927
Sample 27,Timer,0.35511788725852966
Sample 28,Time-MoE,0.5485320687294006
Sample 28,TimesFM,0.451467901468277
Sample 29,Time-MoE,0.737930417060852
Sample 29,Moirai,0.26206955313682556
Sample 30,Time-MoE,0.5599056482315063
Sample 30,Timer,0.44009438157081604
Sample 31,Timer,0.752076268196106
Sample 31,Time-MoE,0.24792376160621643
Sample 0,Moirai,0.5385857820510864
Sample 0,Chronos,0.4614141881465912
Sample 1,Moirai,0.6030907034873962
Sample 1,Chronos,0.39690932631492615
Sample 2,TimesFM,0.6055324077606201
Sample 2,Moirai,0.3944675922393799
Sample 3,Time-MoE,0.6915917992591858
Sample 3,Timer,0.3084082305431366
Sample 4,Moirai,0.5263271331787109
Sample 4,Timer,0.4736728370189667
Sample 5,Timer,0.6549564003944397
Sample 5,TimesFM,0.3450435698032379
Sample 6,Time-MoE,0.697439968585968
Sample 6,Timer,0.302560031414032
Sample 7,Timer,0.955271303653717
Sample 7,TimesFM,0.04472872614860535
Sample 8,Timer,0.7649552822113037
Sample 8,Chronos,0.2350446879863739
Sample 9,Time-MoE,0.5956708788871765
Sample 9,Chronos,0.4043290615081787
Sample 10,Moirai,0.6577965021133423
Sample 10,Timer,0.3422035276889801
Sample 11,Chronos,0.5899685025215149
Sample 11,Timer,0.4100314974784851
Sample 12,Timer,0.7257446646690369
Sample 12,TimesFM,0.2742553949356079
Sample 13,Chronos,0.5942918658256531
Sample 13,Moirai,0.4057081341743469
Sample 14,Time-MoE,0.5933454036712646
Sample 14,TimesFM,0.40665456652641296
Sample 15,Time-MoE,0.7550250887870789
Sample 15,Timer,0.24497497081756592
Sample 16,Moirai,0.6280949115753174
Sample 16,TimesFM,0.371905118227005
Sample 17,Time-MoE,0.5140604376792908
Sample 17,Moirai,0.48593953251838684
Sample 18,Time-MoE,0.559245228767395
Sample 18,Moirai,0.44075480103492737
Sample 19,Timer,0.5028109550476074
Sample 19,Moirai,0.4971890449523926
Sample 20,Chronos,0.5249019265174866
Sample 20,Time-MoE,0.4750981032848358
Sample 21,Moirai,0.5709260106086731
Sample 21,Timer,0.4290739893913269
Sample 22,TimesFM,0.5344060659408569
Sample 22,Moirai,0.46559399366378784
Sample 23,Time-MoE,0.6974014043807983
Sample 23,Chronos,0.30259862542152405
Sample 24,Time-MoE,0.5881681442260742
Sample 24,TimesFM,0.4118318259716034
Sample 25,TimesFM,0.6537972092628479
Sample 25,Moirai,0.3462027311325073
Sample 26,Moirai,0.8391466736793518
Sample 26,TimesFM,0.1608533263206482
Sample 27,TimesFM,0.6657757759094238
Sample 27,Moirai,0.33422422409057617
Sample 28,Chronos,0.6443750262260437
Sample 28,Timer,0.3556249439716339
Sample 29,Timer,0.5245722532272339
Sample 29,Chronos,0.4754277467727661
Sample 30,Chronos,0.515469491481781
Sample 30,TimesFM,0.48453056812286377
Sample 31,Time-MoE,0.6247285008430481
Sample 31,Timer,0.3752715587615967
Sample 0,Chronos,0.51983243227005
Sample 0,Timer,0.4801675081253052
Sample 1,Moirai,0.5847328305244446
Sample 1,TimesFM,0.4152671694755554
Sample 2,TimesFM,0.5700637698173523
Sample 2,Timer,0.4299362599849701
Sample 3,Moirai,0.530689001083374
Sample 3,Time-MoE,0.46931105852127075
Sample 4,TimesFM,0.7446684241294861
Sample 4,Chronos,0.2553315758705139
Sample 5,Timer,0.5248345136642456
Sample 5,Time-MoE,0.4751654863357544
Sample 6,Timer,0.6069663763046265
Sample 6,TimesFM,0.39303359389305115
Sample 7,Moirai,0.7471511363983154
Sample 7,Chronos,0.25284886360168457
Sample 8,Moirai,0.5527308583259583
Sample 8,Time-MoE,0.44726911187171936
Sample 9,Timer,0.5087652206420898
Sample 9,Time-MoE,0.49123477935791016
Sample 10,Timer,0.620880126953125
Sample 10,TimesFM,0.3791199326515198
Sample 11,Time-MoE,0.6004138588905334
Sample 11,TimesFM,0.39958611130714417
Sample 12,Moirai,0.6321273446083069
Sample 12,Time-MoE,0.3678726553916931
Sample 13,Timer,0.5984888076782227
Sample 13,Moirai,0.4015112519264221
Sample 14,Time-MoE,0.6154367327690125
Sample 14,Timer,0.38456329703330994
Sample 15,TimesFM,0.5817197561264038
Sample 15,Chronos,0.4182802140712738
Sample 16,Moirai,0.5511630177497864
Sample 16,Timer,0.4488369822502136
Sample 17,TimesFM,0.5540227293968201
Sample 17,Chronos,0.44597724080085754
Sample 18,Chronos,0.5117220282554626
Sample 18,Timer,0.48827794194221497
Sample 19,TimesFM,0.6685650944709778
Sample 19,Time-MoE,0.3314349353313446
Sample 20,Moirai,0.5228087902069092
Sample 20,Time-MoE,0.47719117999076843
Sample 21,TimesFM,0.6912570595741272
Sample 21,Chronos,0.308742880821228
Sample 22,Time-MoE,0.5027452111244202
Sample 22,Moirai,0.49725472927093506
Sample 23,Chronos,0.5936221480369568
Sample 23,Moirai,0.4063778519630432
Sample 24,Time-MoE,0.5313665866851807
Sample 24,TimesFM,0.4686334431171417
Sample 25,Time-MoE,0.5727308392524719
Sample 25,Chronos,0.4272691607475281
Sample 26,TimesFM,0.7627501487731934
Sample 26,Chronos,0.23724986612796783
Sample 27,Moirai,0.5419507026672363
Sample 27,Chronos,0.4580492377281189
Sample 28,Chronos,0.5387786626815796
Sample 28,TimesFM,0.461221307516098
Sample 29,Timer,0.6166194677352905
Sample 29,TimesFM,0.3833805322647095
Sample 30,Chronos,0.5452222228050232
Sample 30,Time-MoE,0.4547778069972992
Sample 31,Chronos,0.5195889472961426
Sample 31,Moirai,0.48041099309921265
Sample 0,Chronos,0.5016267895698547
Sample 0,Moirai,0.49837324023246765
Sample 1,Moirai,0.5936489701271057
Sample 1,Chronos,0.4063510298728943
Sample 2,Chronos,0.5426523089408875
Sample 2,Moirai,0.45734766125679016
Sample 3,Chronos,0.5366641879081726
Sample 3,Timer,0.4633358120918274
Sample 4,TimesFM,0.5445171594619751
Sample 4,Timer,0.4554828107357025
Sample 5,Time-MoE,0.6225900053977966
Sample 5,TimesFM,0.37740999460220337
Sample 6,TimesFM,0.6157657504081726
Sample 6,Timer,0.3842341899871826
Sample 7,Moirai,0.5522605776786804
Sample 7,Timer,0.44773945212364197
Sample 8,TimesFM,0.524010181427002
Sample 8,Chronos,0.47598981857299805
Sample 9,Time-MoE,0.5003079175949097
Sample 9,Timer,0.49969208240509033
Sample 10,Moirai,0.57459956407547
Sample 10,Timer,0.42540037631988525
Sample 11,Time-MoE,0.5058204531669617
Sample 11,Moirai,0.49417954683303833
Sample 12,Timer,0.5290756225585938
Sample 12,TimesFM,0.47092434763908386
Sample 13,Chronos,0.648847758769989
Sample 13,Moirai,0.351152241230011
Sample 14,Moirai,0.5750367045402527
Sample 14,Time-MoE,0.4249633252620697
Sample 15,Timer,0.5587162971496582
Sample 15,Moirai,0.4412837028503418
Sample 16,Chronos,0.6142310500144958
Sample 16,Moirai,0.38576894998550415
Sample 17,TimesFM,0.6297329068183899
Sample 17,Moirai,0.3702671229839325
Sample 18,Timer,0.5498462915420532
Sample 18,Chronos,0.45015373826026917
Sample 19,TimesFM,0.6124480962753296
Sample 19,Timer,0.3875519037246704
Sample 20,Moirai,0.6357384920120239
Sample 20,Time-MoE,0.3642615079879761
Sample 21,Moirai,0.5108052492141724
Sample 21,Timer,0.48919475078582764
Sample 22,Timer,0.5176143050193787
Sample 22,Moirai,0.48238569498062134
Sample 23,TimesFM,0.5142697095870972
Sample 23,Moirai,0.4857303202152252
Sample 24,Time-MoE,0.6395493149757385
Sample 24,TimesFM,0.36045071482658386
Sample 25,Timer,0.5629779696464539
Sample 25,Chronos,0.43702200055122375
Sample 26,Chronos,0.6782610416412354
Sample 26,Timer,0.32173892855644226
Sample 27,Chronos,0.5287803411483765
Sample 27,Timer,0.4712196886539459
Sample 28,Timer,0.7786272168159485
Sample 28,Moirai,0.2213727831840515
Sample 29,Moirai,0.6366372108459473
Sample 29,Timer,0.36336278915405273
Sample 30,Moirai,0.6039711236953735
Sample 30,TimesFM,0.39602887630462646
Sample 31,TimesFM,0.5002936124801636
Sample 31,Time-MoE,0.4997064173221588
Sample 0,TimesFM,0.5989057421684265
Sample 0,Time-MoE,0.4010942280292511
Sample 1,Moirai,0.5976249575614929
Sample 1,Timer,0.4023750424385071
Sample 2,Chronos,0.5129488706588745
Sample 2,Timer,0.4870510995388031
Sample 3,Moirai,0.6285867691040039
Sample 3,Chronos,0.3714132308959961
Sample 4,Timer,0.5546669960021973
Sample 4,Moirai,0.4453330338001251
Sample 5,Moirai,0.5372589230537415
Sample 5,TimesFM,0.46274104714393616
Sample 6,Moirai,0.5777161717414856
Sample 6,TimesFM,0.4222838282585144
Sample 7,Timer,0.8899090886116028
Sample 7,Chronos,0.1100909486413002
Sample 8,TimesFM,0.5241620540618896
Sample 8,Time-MoE,0.47583791613578796
Sample 9,Chronos,0.7194566130638123
Sample 9,TimesFM,0.28054335713386536
Sample 10,Time-MoE,0.6386627554893494
Sample 10,TimesFM,0.36133721470832825
Sample 11,Chronos,0.5185955166816711
Sample 11,Time-MoE,0.48140448331832886
Sample 12,Time-MoE,0.5199443697929382
Sample 12,Chronos,0.48005563020706177
Sample 13,Moirai,0.5530089735984802
Sample 13,TimesFM,0.4469910264015198
Sample 14,Timer,0.5371155142784119
Sample 14,TimesFM,0.46288442611694336
Sample 15,Timer,0.7989345192909241
Sample 15,Chronos,0.20106548070907593
Sample 16,Timer,0.5514715313911438
Sample 16,TimesFM,0.4485284090042114
Sample 17,Moirai,0.6494959592819214
Sample 17,TimesFM,0.3505040109157562
Sample 18,Timer,0.7377898097038269
Sample 18,Chronos,0.2622101902961731
Sample 19,Time-MoE,0.6068786382675171
Sample 19,Chronos,0.3931213915348053
Sample 20,TimesFM,0.6041585803031921
Sample 20,Timer,0.3958413600921631
Sample 21,Timer,0.5500558018684387
Sample 21,Moirai,0.4499441981315613
Sample 22,Timer,0.712192714214325
Sample 22,Moirai,0.28780731558799744
Sample 23,Moirai,0.5618808269500732
Sample 23,Time-MoE,0.438119113445282
Sample 24,Moirai,0.6208444237709045
Sample 24,TimesFM,0.37915554642677307
Sample 25,TimesFM,0.6669760942459106
Sample 25,Chronos,0.33302393555641174
Sample 26,Time-MoE,0.6785722970962524
Sample 26,TimesFM,0.32142767310142517
Sample 27,Timer,0.5266739130020142
Sample 27,Chronos,0.47332605719566345
Sample 28,Time-MoE,0.7141847014427185
Sample 28,Timer,0.2858152389526367
Sample 29,Moirai,0.5737267136573792
Sample 29,Timer,0.42627328634262085
Sample 30,Chronos,0.7243201732635498
Sample 30,Timer,0.2756798267364502
Sample 31,Time-MoE,0.6073117852210999
Sample 31,Chronos,0.3926882743835449
Sample 0,Timer,0.5352029800415039
Sample 0,Chronos,0.4647970497608185
Sample 1,Time-MoE,0.5559517741203308
Sample 1,Timer,0.4440482258796692
Sample 2,Chronos,0.530751645565033
Sample 2,Timer,0.46924835443496704
Sample 3,TimesFM,0.6017188429832458
Sample 3,Chronos,0.39828112721443176
Sample 4,Time-MoE,0.5993735790252686
Sample 4,Moirai,0.40062642097473145
Sample 5,Moirai,0.6011797785758972
Sample 5,Chronos,0.39882025122642517
Sample 6,Timer,0.5662603974342346
Sample 6,Chronos,0.4337395429611206
Sample 7,TimesFM,0.6109969615936279
Sample 7,Time-MoE,0.38900309801101685
Sample 8,Timer,0.6786777377128601
Sample 8,TimesFM,0.3213222622871399
Sample 9,TimesFM,0.6665292382240295
Sample 9,Chronos,0.33347079157829285
Sample 10,Time-MoE,0.5105926990509033
Sample 10,Moirai,0.4894072711467743
Sample 11,Timer,0.5872347950935364
Sample 11,Moirai,0.41276517510414124
Sample 12,Chronos,0.6787214875221252
Sample 12,Moirai,0.32127851247787476
Sample 13,Chronos,0.5120649933815002
Sample 13,Moirai,0.48793500661849976
Sample 14,Timer,0.604927122592926
Sample 14,Chronos,0.39507290720939636
Sample 15,Moirai,0.5234851241111755
Sample 15,Timer,0.47651490569114685
Sample 0,TimesFM,0.6117178201675415
Sample 0,Moirai,0.3882821798324585
Sample 1,TimesFM,0.8128693103790283
Sample 1,Timer,0.18713070452213287
Sample 2,TimesFM,0.547873854637146
Sample 2,Time-MoE,0.452126145362854
Sample 3,Chronos,0.7739880681037903
Sample 3,TimesFM,0.22601191699504852
Sample 4,Chronos,0.5732280611991882
Sample 4,Moirai,0.42677196860313416
Sample 5,Moirai,0.5112826824188232
Sample 5,Timer,0.48871728777885437
Sample 6,TimesFM,0.6708317995071411
Sample 6,Moirai,0.3291682004928589
Sample 7,Chronos,0.5222747325897217
Sample 7,Time-MoE,0.47772523760795593
Sample 8,TimesFM,0.5486428141593933
Sample 8,Time-MoE,0.4513571560382843
Sample 9,Time-MoE,0.5332087278366089
Sample 9,Timer,0.4667913019657135
Sample 10,Chronos,0.5040897727012634
Sample 10,Moirai,0.49591028690338135
Sample 11,Time-MoE,0.5322484970092773
Sample 11,Chronos,0.46775153279304504
Sample 12,Timer,0.5276534557342529
Sample 12,Time-MoE,0.47234657406806946
Sample 13,Chronos,0.6509963274002075
Sample 13,Moirai,0.3490036725997925
Sample 14,Moirai,0.5812053084373474
Sample 14,Time-MoE,0.418794721364975
Sample 15,Moirai,0.5183845162391663
Sample 15,Time-MoE,0.48161551356315613
Sample 16,Chronos,0.5633948445320129
Sample 16,Moirai,0.43660518527030945
Sample 17,Chronos,0.7203850150108337
Sample 17,Moirai,0.27961504459381104
Sample 18,Chronos,0.590814471244812
Sample 18,Time-MoE,0.409185528755188
Sample 19,Moirai,0.6830431222915649
Sample 19,Chronos,0.31695687770843506
Sample 20,Timer,0.5790683031082153
Sample 20,Time-MoE,0.42093169689178467
Sample 21,Moirai,0.5029452443122864
Sample 21,Time-MoE,0.4970547556877136
Sample 22,Timer,0.577308177947998
Sample 22,TimesFM,0.42269179224967957
Sample 23,Timer,0.7423603534698486
Sample 23,Chronos,0.25763964653015137
Sample 24,Timer,0.6478189826011658
Sample 24,Time-MoE,0.35218098759651184
Sample 25,Moirai,0.5342724323272705
Sample 25,Chronos,0.4657275378704071
Sample 26,Moirai,0.7810528874397278
Sample 26,TimesFM,0.2189471274614334
Sample 27,Time-MoE,0.5901530385017395
Sample 27,Chronos,0.4098469316959381
Sample 28,Timer,0.7269486784934998
Sample 28,Time-MoE,0.273051381111145
Sample 29,Timer,0.5064817070960999
Sample 29,Chronos,0.4935183525085449
Sample 30,Chronos,0.5629084706306458
Sample 30,Moirai,0.437091588973999
Sample 31,Moirai,0.6584720015525818
Sample 31,Time-MoE,0.3415280282497406
Sample 0,Moirai,0.5512672662734985
Sample 0,Chronos,0.44873273372650146
Sample 1,Time-MoE,0.6576769948005676
Sample 1,Moirai,0.34232297539711
Sample 2,TimesFM,0.7490426301956177
Sample 2,Time-MoE,0.25095734000205994
Sample 3,Chronos,0.5308859944343567
Sample 3,TimesFM,0.4691140055656433
Sample 4,Chronos,0.6203421950340271
Sample 4,Time-MoE,0.3796578049659729
Sample 5,TimesFM,0.6115186810493469
Sample 5,Moirai,0.3884812593460083
Sample 6,Moirai,0.6177992820739746
Sample 6,Timer,0.3822007179260254
Sample 7,Timer,0.6231264472007751
Sample 7,Moirai,0.37687355279922485
Sample 8,TimesFM,0.5703914761543274
Sample 8,Timer,0.4296085834503174
Sample 9,TimesFM,0.6463514566421509
Sample 9,Timer,0.35364851355552673
Sample 10,TimesFM,0.5747156143188477
Sample 10,Moirai,0.42528435587882996
Sample 11,Time-MoE,0.5656121373176575
Sample 11,Moirai,0.4343879222869873
Sample 12,TimesFM,0.5871414542198181
Sample 12,Timer,0.4128585457801819
Sample 13,Chronos,0.6745705604553223
Sample 13,Timer,0.32542943954467773
Sample 14,Moirai,0.5574899911880493
Sample 14,Timer,0.4425099492073059
Sample 15,Timer,0.7698710560798645
Sample 15,Moirai,0.23012898862361908
Sample 16,Moirai,0.5692120790481567
Sample 16,Chronos,0.4307878911495209
Sample 17,Timer,0.5901158452033997
Sample 17,Time-MoE,0.40988409519195557
Sample 18,Chronos,0.5198553800582886
Sample 18,Moirai,0.4801446497440338
Sample 19,TimesFM,0.5369007587432861
Sample 19,Chronos,0.46309924125671387
Sample 20,Moirai,0.5354433655738831
Sample 20,Time-MoE,0.46455660462379456
Sample 21,Time-MoE,0.5326354503631592
Sample 21,Timer,0.4673645794391632
Sample 22,TimesFM,0.8890727162361145
Sample 22,Moirai,0.11092726141214371
Sample 23,Timer,0.7303502559661865
Sample 23,Moirai,0.2696497142314911
Sample 24,TimesFM,0.5062610507011414
Sample 24,Time-MoE,0.49373894929885864
Sample 25,Timer,0.5269771218299866
Sample 25,TimesFM,0.4730228781700134
Sample 26,Chronos,0.6917315125465393
Sample 26,Moirai,0.3082685172557831
Sample 27,Timer,0.6433798670768738
Sample 27,Moirai,0.35662010312080383
Sample 28,TimesFM,0.5775611996650696
Sample 28,Timer,0.4224388003349304
Sample 29,Moirai,0.5325868725776672
Sample 29,TimesFM,0.467413067817688
Sample 30,Timer,0.5886809229850769
Sample 30,Chronos,0.4113190472126007
Sample 31,Timer,0.9153051376342773
Sample 31,Time-MoE,0.08469480276107788
Sample 0,Timer,0.620539128780365
Sample 0,Moirai,0.3794609010219574
Sample 1,Timer,0.6354117393493652
Sample 1,Moirai,0.36458826065063477
Sample 2,Chronos,0.5502214431762695
Sample 2,Time-MoE,0.44977858662605286
Sample 3,Time-MoE,0.6496875286102295
Sample 3,Chronos,0.3503124713897705
Sample 4,Time-MoE,0.5198208093643188
Sample 4,Timer,0.48017919063568115
Sample 5,Chronos,0.7700117230415344
Sample 5,TimesFM,0.22998827695846558
Sample 6,Moirai,0.5113939642906189
Sample 6,Time-MoE,0.4886060655117035
Sample 7,Moirai,0.7746924161911011
Sample 7,TimesFM,0.22530753910541534
Sample 8,Timer,0.6876155734062195
Sample 8,Time-MoE,0.3123844265937805
Sample 9,Chronos,0.5129386782646179
Sample 9,TimesFM,0.48706135153770447
Sample 10,Time-MoE,0.6034961938858032
Sample 10,Moirai,0.39650383591651917
Sample 11,TimesFM,0.5862406492233276
Sample 11,Time-MoE,0.4137592911720276
Sample 12,TimesFM,0.6739945411682129
Sample 12,Moirai,0.3260054886341095
Sample 13,Time-MoE,0.861832320690155
Sample 13,TimesFM,0.1381676197052002
Sample 14,Moirai,0.7213261723518372
Sample 14,Time-MoE,0.27867382764816284
Sample 15,Time-MoE,0.5723512172698975
Sample 15,Chronos,0.4276488125324249
Sample 16,Chronos,0.6143057346343994
Sample 16,TimesFM,0.385694295167923
Sample 17,TimesFM,0.6521321535110474
Sample 17,Timer,0.34786781668663025
Sample 18,Time-MoE,0.5956559181213379
Sample 18,Moirai,0.4043440520763397
Sample 19,Moirai,0.7461452484130859
Sample 19,TimesFM,0.25385475158691406
Sample 20,Chronos,0.5060849189758301
Sample 20,Time-MoE,0.4939150810241699
Sample 21,TimesFM,0.5707692503929138
Sample 21,Moirai,0.42923080921173096
Sample 22,Time-MoE,0.516775906085968
Sample 22,Timer,0.48322412371635437
Sample 23,Timer,0.6474546790122986
Sample 23,Time-MoE,0.3525453507900238
Sample 24,Time-MoE,0.536817193031311
Sample 24,Timer,0.4631827771663666
Sample 25,TimesFM,0.5212553143501282
Sample 25,Chronos,0.47874465584754944
Sample 26,TimesFM,0.5396686792373657
Sample 26,Timer,0.4603312611579895
Sample 27,TimesFM,0.5340535640716553
Sample 27,Chronos,0.4659464657306671
Sample 28,Chronos,0.6866866946220398
Sample 28,Time-MoE,0.3133133053779602
Sample 29,Chronos,0.9076240062713623
Sample 29,Time-MoE,0.0923759937286377
Sample 30,Timer,0.6166713237762451
Sample 30,Chronos,0.38332870602607727
Sample 31,Timer,0.7906448841094971
Sample 31,Time-MoE,0.20935510098934174
Sample 0,Time-MoE,0.6277129054069519
Sample 0,Chronos,0.3722870945930481
Sample 1,Time-MoE,0.5710813999176025
Sample 1,TimesFM,0.42891860008239746
Sample 2,Moirai,0.6110501885414124
Sample 2,TimesFM,0.3889498710632324
Sample 3,Chronos,0.7389341592788696
Sample 3,Timer,0.261065810918808
Sample 4,TimesFM,0.7517710328102112
Sample 4,Moirai,0.24822896718978882
Sample 5,Time-MoE,0.7392013669013977
Sample 5,Timer,0.2607986330986023
Sample 6,Time-MoE,0.6120973229408264
Sample 6,Timer,0.3879026472568512
Sample 7,Moirai,0.5139715075492859
Sample 7,Time-MoE,0.4860284626483917
Sample 8,TimesFM,0.5384937524795532
Sample 8,Moirai,0.46150627732276917
Sample 9,TimesFM,0.5018936991691589
Sample 9,Chronos,0.49810630083084106
Sample 10,TimesFM,0.9719781875610352
Sample 10,Time-MoE,0.028021816164255142
Sample 11,Moirai,0.5319508910179138
Sample 11,Time-MoE,0.4680490791797638
Sample 12,TimesFM,0.638568103313446
Sample 12,Moirai,0.36143189668655396
Sample 13,TimesFM,0.6763956546783447
Sample 13,Moirai,0.32360437512397766
Sample 14,TimesFM,0.6255316138267517
Sample 14,Moirai,0.3744683861732483
Sample 15,Time-MoE,0.8865119814872742
Sample 15,Chronos,0.11348798871040344
Sample 16,Timer,0.5538829565048218
Sample 16,Time-MoE,0.4461170732975006
Sample 17,Time-MoE,0.852246105670929
Sample 17,Timer,0.14775390923023224
Sample 18,Timer,0.5739668607711792
Sample 18,Time-MoE,0.4260331392288208
Sample 19,Chronos,0.5918048620223999
Sample 19,Timer,0.4081951379776001
Sample 20,Timer,0.732907235622406
Sample 20,TimesFM,0.2670927345752716
Sample 21,Moirai,0.6058206558227539
Sample 21,Time-MoE,0.3941793143749237
Sample 22,Time-MoE,0.6881847381591797
Sample 22,Chronos,0.3118152320384979
Sample 23,Moirai,0.6503331065177917
Sample 23,Chronos,0.34966692328453064
Sample 24,Chronos,0.76284259557724
Sample 24,Moirai,0.23715732991695404
Sample 25,Timer,0.6516343951225281
Sample 25,Moirai,0.3483656644821167
Sample 26,Moirai,0.8771702647209167
Sample 26,TimesFM,0.12282971292734146
Sample 27,TimesFM,0.5364392995834351
Sample 27,Moirai,0.46356070041656494
Sample 28,Moirai,0.5070629715919495
Sample 28,Chronos,0.49293702840805054
Sample 29,Chronos,0.6033567190170288
Sample 29,TimesFM,0.3966432809829712
Sample 30,Chronos,0.6699982285499573
Sample 30,Timer,0.3300017714500427
Sample 31,Chronos,0.5028895139694214
Sample 31,Timer,0.4971104860305786
Sample 0,Moirai,0.5914376378059387
Sample 0,Timer,0.40856242179870605
Sample 1,Time-MoE,0.508611261844635
Sample 1,TimesFM,0.4913887679576874
Sample 2,Chronos,0.6156358122825623
Sample 2,Time-MoE,0.38436415791511536
Sample 3,Moirai,0.5137568116188049
Sample 3,TimesFM,0.4862431585788727
Sample 4,Chronos,0.7608553767204285
Sample 4,Timer,0.23914462327957153
Sample 5,Chronos,0.7271618247032166
Sample 5,Timer,0.27283817529678345
Sample 6,Moirai,0.5788139700889587
Sample 6,TimesFM,0.42118602991104126
Sample 7,TimesFM,0.5977344512939453
Sample 7,Timer,0.4022655189037323
Sample 8,Time-MoE,0.7886960506439209
Sample 8,Moirai,0.2113039493560791
Sample 9,Timer,0.5380030870437622
Sample 9,Time-MoE,0.461996853351593
Sample 10,TimesFM,0.6904687285423279
Sample 10,Moirai,0.3095312714576721
Sample 11,Chronos,0.6840196251869202
Sample 11,Moirai,0.31598034501075745
Sample 12,Time-MoE,0.5442265272140503
Sample 12,Chronos,0.45577341318130493
Sample 13,Timer,0.5444501638412476
Sample 13,TimesFM,0.45554986596107483
Sample 14,Time-MoE,0.7037825584411621
Sample 14,Timer,0.2962174415588379
Sample 15,Moirai,0.6238046288490295
Sample 15,TimesFM,0.37619540095329285
Sample 16,Time-MoE,0.5692983865737915
Sample 16,TimesFM,0.43070167303085327
Sample 17,Time-MoE,0.8024464249610901
Sample 17,TimesFM,0.1975536197423935
Sample 18,TimesFM,0.7255134582519531
Sample 18,Time-MoE,0.2744865417480469
Sample 19,TimesFM,0.6981338858604431
Sample 19,Chronos,0.3018660545349121
Sample 20,Timer,0.7574107646942139
Sample 20,Time-MoE,0.24258926510810852
Sample 21,Moirai,0.5295928120613098
Sample 21,Time-MoE,0.4704071581363678
Sample 22,Moirai,0.5168716311454773
Sample 22,TimesFM,0.4831283688545227
Sample 23,Timer,0.5050703287124634
Sample 23,Chronos,0.49492964148521423
Sample 24,TimesFM,0.6760779023170471
Sample 24,Chronos,0.3239220678806305
Sample 25,Timer,0.5055867433547974
Sample 25,Chronos,0.49441325664520264
Sample 26,Time-MoE,0.5561956167221069
Sample 26,TimesFM,0.44380438327789307
Sample 27,TimesFM,0.6137067675590515
Sample 27,Chronos,0.3862932026386261
Sample 28,Timer,0.90957111120224
Sample 28,TimesFM,0.0904289111495018
Sample 29,Time-MoE,0.6157528758049011
Sample 29,Moirai,0.38424718379974365
Sample 30,Timer,0.6094841361045837
Sample 30,Moirai,0.39051583409309387
Sample 31,Moirai,0.6411347985267639
Sample 31,Time-MoE,0.35886523127555847
Sample 0,Timer,0.5033537149429321
Sample 0,Moirai,0.49664628505706787
Sample 1,Chronos,0.5002524852752686
Sample 1,Moirai,0.49974754452705383
Sample 2,Timer,0.5610884428024292
Sample 2,Time-MoE,0.4389115869998932
Sample 3,Moirai,0.5509018898010254
Sample 3,Time-MoE,0.4490981101989746
Sample 4,Timer,0.6631905436515808
Sample 4,TimesFM,0.33680951595306396
Sample 5,Chronos,0.5107238292694092
Sample 5,TimesFM,0.4892762005329132
Sample 6,TimesFM,0.5755262970924377
Sample 6,Chronos,0.4244736433029175
Sample 7,Moirai,0.5678210854530334
Sample 7,Timer,0.43217888474464417
Sample 8,Moirai,0.530834436416626
Sample 8,Timer,0.4691655933856964
Sample 9,TimesFM,0.6003230214118958
Sample 9,Timer,0.3996769189834595
Sample 10,Moirai,0.5855764746665955
Sample 10,Chronos,0.41442355513572693
Sample 11,TimesFM,0.7727827429771423
Sample 11,Moirai,0.2272171974182129
Sample 12,Time-MoE,0.6397228240966797
Sample 12,Moirai,0.3602771759033203
Sample 13,Timer,0.5017305016517639
Sample 13,Moirai,0.49826952815055847
Sample 14,TimesFM,0.6385751366615295
Sample 14,Chronos,0.36142489314079285
Sample 15,Time-MoE,0.701832115650177
Sample 15,Moirai,0.2981678247451782
Sample 16,Moirai,0.8327362537384033
Sample 16,Time-MoE,0.1672636866569519
Sample 17,TimesFM,0.5686531066894531
Sample 17,Time-MoE,0.4313468635082245
Sample 18,Moirai,0.6328603625297546
Sample 18,TimesFM,0.367139607667923
Sample 19,Chronos,0.5136124491691589
Sample 19,Moirai,0.48638758063316345
Sample 20,Chronos,0.6607481837272644
Sample 20,TimesFM,0.3392518162727356
Sample 21,Chronos,0.6431331038475037
Sample 21,TimesFM,0.3568669259548187
Sample 22,Time-MoE,0.6979610323905945
Sample 22,Moirai,0.3020389974117279
Sample 23,Moirai,0.7029682993888855
Sample 23,Chronos,0.2970317006111145
Sample 24,Chronos,0.5060457587242126
Sample 24,TimesFM,0.49395424127578735
Sample 25,Timer,0.526653528213501
Sample 25,Time-MoE,0.47334644198417664
Sample 26,Timer,0.54461270570755
Sample 26,Time-MoE,0.45538729429244995
Sample 27,Time-MoE,0.6751870512962341
Sample 27,Chronos,0.32481294870376587
Sample 28,Chronos,0.6017687916755676
Sample 28,Timer,0.3982311487197876
Sample 29,Moirai,0.5129373669624329
Sample 29,Timer,0.4870626926422119
Sample 30,Moirai,0.7028277516365051
Sample 30,Chronos,0.2971722483634949
Sample 31,Moirai,0.5084396004676819
Sample 31,Chronos,0.4915603995323181
Sample 0,Chronos,0.5518836379051208
Sample 0,TimesFM,0.44811633229255676
Sample 1,TimesFM,0.6447004675865173
Sample 1,Chronos,0.35529953241348267
Sample 2,TimesFM,0.8331621289253235
Sample 2,Time-MoE,0.1668378859758377
Sample 3,TimesFM,0.5810624361038208
Sample 3,Time-MoE,0.4189375936985016
Sample 4,Chronos,0.7156263589859009
Sample 4,TimesFM,0.2843736410140991
Sample 5,TimesFM,0.7666882872581482
Sample 5,Timer,0.23331168293952942
Sample 6,Chronos,0.5447582602500916
Sample 6,Time-MoE,0.45524170994758606
Sample 7,Moirai,0.5715339183807373
Sample 7,Time-MoE,0.4284660518169403
Sample 8,TimesFM,0.5466635227203369
Sample 8,Timer,0.4533364772796631
Sample 9,Chronos,0.6291683316230774
Sample 9,Timer,0.3708316385746002
Sample 10,Chronos,0.5039836764335632
Sample 10,TimesFM,0.496016263961792
Sample 11,Chronos,0.7290691137313843
Sample 11,TimesFM,0.27093082666397095
Sample 12,Chronos,0.9604719281196594
Sample 12,Timer,0.039528124034404755
Sample 13,TimesFM,0.5389392971992493
Sample 13,Timer,0.46106070280075073
Sample 14,Moirai,0.5012943148612976
Sample 14,Chronos,0.4987057149410248
Sample 15,Timer,0.6315339803695679
Sample 15,Moirai,0.36846596002578735
Sample 0,Moirai,0.6229913234710693
Sample 0,Time-MoE,0.3770086467266083
Sample 1,Timer,0.5534433126449585
Sample 1,Moirai,0.4465567171573639
Sample 2,Time-MoE,0.5592381954193115
Sample 2,TimesFM,0.4407618045806885
Sample 3,Chronos,0.7021947503089905
Sample 3,Timer,0.2978052794933319
Sample 4,Moirai,0.533169150352478
Sample 4,TimesFM,0.46683090925216675
Sample 5,Time-MoE,0.5025808811187744
Sample 5,Chronos,0.4974190890789032
Sample 6,Moirai,0.6866372227668762
Sample 6,TimesFM,0.3133627772331238
Sample 7,Timer,0.769389808177948
Sample 7,Chronos,0.23061013221740723
Sample 8,Timer,0.5227925777435303
Sample 8,Moirai,0.4772074520587921
Sample 9,Moirai,0.6121371984481812
Sample 9,TimesFM,0.3878628611564636
Sample 10,Chronos,0.543342113494873
Sample 10,Moirai,0.45665791630744934
Sample 11,Time-MoE,0.511665940284729
Sample 11,Chronos,0.4883340001106262
Sample 12,Moirai,0.6985490918159485
Sample 12,Time-MoE,0.30145084857940674
Sample 13,Moirai,0.6335023641586304
Sample 13,TimesFM,0.36649760603904724
Sample 14,Time-MoE,0.5743923187255859
Sample 14,Chronos,0.42560768127441406
Sample 15,Timer,0.5883157253265381
Sample 15,Chronos,0.4116843044757843
Sample 16,Chronos,0.6127463579177856
Sample 16,Moirai,0.38725364208221436
Sample 17,Moirai,0.5605634450912476
Sample 17,TimesFM,0.43943658471107483
Sample 18,Time-MoE,0.5966041684150696
Sample 18,Timer,0.4033958613872528
Sample 19,Time-MoE,0.6378030776977539
Sample 19,Timer,0.3621968924999237
Sample 20,TimesFM,0.5356067419052124
Sample 20,Moirai,0.4643932580947876
Sample 21,Chronos,0.7602236270904541
Sample 21,Time-MoE,0.2397763729095459
Sample 22,Moirai,0.5337358117103577
Sample 22,Timer,0.46626418828964233
Sample 23,Timer,0.5908082723617554
Sample 23,TimesFM,0.40919166803359985
Sample 24,Timer,0.7564432621002197
Sample 24,Chronos,0.24355672299861908
Sample 25,Chronos,0.5862379670143127
Sample 25,Time-MoE,0.41376203298568726
Sample 26,Time-MoE,0.5309670567512512
Sample 26,Chronos,0.46903300285339355
Sample 27,TimesFM,0.6245507001876831
Sample 27,Timer,0.3754493296146393
Sample 28,Timer,0.6135902404785156
Sample 28,TimesFM,0.3864097595214844
Sample 29,Moirai,0.6348504424095154
Sample 29,Timer,0.365149587392807
Sample 30,Timer,0.5820609331130981
Sample 30,Chronos,0.41793906688690186
Sample 31,Moirai,0.8887791037559509
Sample 31,Time-MoE,0.11122093349695206
Sample 0,Chronos,0.7318122982978821
Sample 0,Moirai,0.2681877315044403
Sample 1,Moirai,0.5738387107849121
Sample 1,TimesFM,0.4261612892150879
Sample 2,Timer,0.5822346210479736
Sample 2,Moirai,0.417765349149704
Sample 3,TimesFM,0.51751309633255
Sample 3,Timer,0.48248693346977234
Sample 4,Timer,0.6602850556373596
Sample 4,Chronos,0.3397149443626404
Sample 5,Moirai,0.5423298478126526
Sample 5,TimesFM,0.4576701521873474
Sample 6,Moirai,0.5557831525802612
Sample 6,TimesFM,0.44421684741973877
Sample 7,Timer,0.5377210974693298
Sample 7,Moirai,0.46227890253067017
Sample 8,Chronos,0.612152099609375
Sample 8,Moirai,0.387847900390625
Sample 9,Chronos,0.6293164491653442
Sample 9,Timer,0.37068361043930054
Sample 10,Chronos,0.6131941080093384
Sample 10,Moirai,0.38680586218833923
Sample 11,Timer,0.8900335431098938
Sample 11,Moirai,0.10996642708778381
Sample 12,TimesFM,0.756064236164093
Sample 12,Timer,0.24393579363822937
Sample 13,Time-MoE,0.5140472650527954
Sample 13,Moirai,0.485952764749527
Sample 14,Chronos,0.8688130378723145
Sample 14,TimesFM,0.13118697702884674
Sample 15,Moirai,0.681831419467926
Sample 15,Timer,0.318168580532074
Sample 16,Timer,0.5134475231170654
Sample 16,Moirai,0.48655247688293457
Sample 17,TimesFM,0.5319218635559082
Sample 17,Time-MoE,0.4680781364440918
Sample 18,Time-MoE,0.782439112663269
Sample 18,Moirai,0.21756085753440857
Sample 19,Time-MoE,0.7374619245529175
Sample 19,TimesFM,0.26253804564476013
Sample 20,TimesFM,0.7762258648872375
Sample 20,Moirai,0.22377410531044006
Sample 21,Moirai,0.5383180379867554
Sample 21,Chronos,0.461681991815567
Sample 22,Chronos,0.5240312218666077
Sample 22,Timer,0.47596874833106995
Sample 23,Moirai,0.5631405711174011
Sample 23,Chronos,0.43685945868492126
Sample 24,Chronos,0.657220184803009
Sample 24,Timer,0.34277981519699097
Sample 25,Chronos,0.555148720741272
Sample 25,TimesFM,0.444851279258728
Sample 26,TimesFM,0.7078413963317871
Sample 26,Moirai,0.2921586036682129
Sample 27,Chronos,0.6771737337112427
Sample 27,Timer,0.3228262662887573
Sample 28,TimesFM,0.6308754086494446
Sample 28,Time-MoE,0.36912456154823303
Sample 29,Time-MoE,0.6683274507522583
Sample 29,Timer,0.3316726088523865
Sample 30,Time-MoE,0.5964065790176392
Sample 30,Timer,0.40359342098236084
Sample 31,Time-MoE,0.5473915338516235
Sample 31,Chronos,0.45260849595069885
Sample 0,Moirai,0.690643846988678
Sample 0,Timer,0.30935612320899963
Sample 1,TimesFM,0.5776246190071106
Sample 1,Chronos,0.4223753809928894
Sample 2,Time-MoE,0.541250467300415
Sample 2,Timer,0.45874959230422974
Sample 3,Timer,0.6485563516616821
Sample 3,TimesFM,0.35144364833831787
Sample 4,Timer,0.5052844882011414
Sample 4,Moirai,0.49471554160118103
Sample 5,Chronos,0.7296789288520813
Sample 5,Timer,0.2703210711479187
Sample 6,TimesFM,0.5988457202911377
Sample 6,Timer,0.4011543095111847
Sample 7,Time-MoE,0.6059945225715637
Sample 7,Chronos,0.3940054476261139
Sample 8,Time-MoE,0.539307177066803
Sample 8,Moirai,0.460692822933197
Sample 9,Moirai,0.5070344805717468
Sample 9,TimesFM,0.4929654598236084
Sample 10,Moirai,0.5003177523612976
Sample 10,TimesFM,0.4996821880340576
Sample 11,TimesFM,0.5067936182022095
Sample 11,Time-MoE,0.4932063817977905
Sample 12,Time-MoE,0.5596399307250977
Sample 12,Moirai,0.44036006927490234
Sample 13,TimesFM,0.6380273699760437
Sample 13,Time-MoE,0.3619726598262787
Sample 14,Timer,0.5337494611740112
Sample 14,Chronos,0.4662505090236664
Sample 15,Timer,0.8451725244522095
Sample 15,Time-MoE,0.15482740104198456
Sample 16,Time-MoE,0.5998877882957458
Sample 16,Moirai,0.40011221170425415
Sample 17,Chronos,0.8137391805648804
Sample 17,Moirai,0.18626083433628082
Sample 18,Timer,0.553290069103241
Sample 18,TimesFM,0.4467099606990814
Sample 19,Moirai,0.5230426788330078
Sample 19,Chronos,0.4769572615623474
Sample 20,Timer,0.6640458106994629
Sample 20,Time-MoE,0.33595412969589233
Sample 21,TimesFM,0.6142963767051697
Sample 21,Timer,0.3857036530971527
Sample 22,Time-MoE,0.7685285210609436
Sample 22,TimesFM,0.2314714938402176
Sample 23,Timer,0.5016691088676453
Sample 23,TimesFM,0.49833086133003235
Sample 24,Moirai,0.5965579152107239
Sample 24,Time-MoE,0.4034420847892761
Sample 25,TimesFM,0.6969701647758484
Sample 25,Timer,0.3030298352241516
Sample 26,Moirai,0.6529543399810791
Sample 26,Chronos,0.3470456898212433
Sample 27,Moirai,0.5315183997154236
Sample 27,Time-MoE,0.4684816002845764
Sample 28,TimesFM,0.522272527217865
Sample 28,Time-MoE,0.477727472782135
Sample 29,Chronos,0.8080337643623352
Sample 29,Time-MoE,0.19196629524230957
Sample 30,Chronos,0.7882815003395081
Sample 30,Moirai,0.21171846985816956
Sample 31,Timer,0.6491247415542603
Sample 31,Chronos,0.35087525844573975
Sample 0,Timer,0.7352152466773987
Sample 0,Time-MoE,0.2647847831249237
Sample 1,TimesFM,0.6158064603805542
Sample 1,Timer,0.3841935694217682
Sample 2,Chronos,0.5539658665657043
Sample 2,Moirai,0.4460340738296509
Sample 3,Chronos,0.7171933650970459
Sample 3,Time-MoE,0.2828066647052765
Sample 4,TimesFM,0.6074968576431274
Sample 4,Chronos,0.39250320196151733
Sample 5,Time-MoE,0.6912168860435486
Sample 5,Timer,0.3087831139564514
Sample 6,Timer,0.5105928778648376
Sample 6,Moirai,0.48940715193748474
Sample 7,Timer,0.574148416519165
Sample 7,Time-MoE,0.42585161328315735
Sample 8,Moirai,0.7531094551086426
Sample 8,Chronos,0.24689054489135742
Sample 9,Moirai,0.507724404335022
Sample 9,Timer,0.4922756552696228
Sample 10,TimesFM,0.5385594964027405
Sample 10,Chronos,0.4614405333995819
Sample 11,Chronos,0.5682491660118103
Sample 11,TimesFM,0.4317508339881897
Sample 12,TimesFM,0.502856433391571
Sample 12,Time-MoE,0.49714353680610657
Sample 13,TimesFM,0.758793294429779
Sample 13,Chronos,0.24120672047138214
Sample 14,Time-MoE,0.5743034482002258
Sample 14,Chronos,0.42569655179977417
Sample 15,Timer,0.5113609433174133
Sample 15,TimesFM,0.48863911628723145
Sample 16,Moirai,0.7205919623374939
Sample 16,Time-MoE,0.2794080376625061
Sample 17,Chronos,0.5891885757446289
Sample 17,Moirai,0.4108113646507263
Sample 18,Moirai,0.5428788661956787
Sample 18,Time-MoE,0.4571211040019989
Sample 19,Chronos,0.591526448726654
Sample 19,Moirai,0.40847355127334595
Sample 20,TimesFM,0.5395305752754211
Sample 20,Chronos,0.46046942472457886
Sample 21,Chronos,0.6109279990196228
Sample 21,TimesFM,0.3890719711780548
Sample 22,TimesFM,0.6366273164749146
Sample 22,Moirai,0.36337268352508545
Sample 23,Chronos,0.591504693031311
Sample 23,Timer,0.4084952771663666
Sample 24,Chronos,0.539076030254364
Sample 24,Time-MoE,0.460923969745636
Sample 25,TimesFM,0.5025899410247803
Sample 25,Chronos,0.4974100589752197
Sample 26,Moirai,0.831400454044342
Sample 26,TimesFM,0.16859951615333557
Sample 27,Chronos,0.8424063324928284
Sample 27,Timer,0.1575937122106552
Sample 28,Timer,0.6643311977386475
Sample 28,Time-MoE,0.33566880226135254
Sample 29,Chronos,0.6721858382225037
Sample 29,Timer,0.32781413197517395
Sample 30,Time-MoE,0.5375191569328308
Sample 30,Chronos,0.4624808132648468
Sample 31,Chronos,0.5261548757553101
Sample 31,Time-MoE,0.47384515404701233
Sample 0,Timer,0.5883391499519348
Sample 0,Chronos,0.4116607904434204
Sample 1,Moirai,0.5251953601837158
Sample 1,Chronos,0.47480466961860657
Sample 2,Moirai,0.5416224002838135
Sample 2,Timer,0.4583775997161865
Sample 3,Moirai,0.6575166583061218
Sample 3,Chronos,0.3424833118915558
Sample 4,Chronos,0.7698617577552795
Sample 4,Timer,0.2301381677389145
Sample 5,Moirai,0.5471563935279846
Sample 5,TimesFM,0.45284363627433777
Sample 6,Time-MoE,0.5654555559158325
Sample 6,Moirai,0.43454447388648987
Sample 7,Timer,0.6169121265411377
Sample 7,Moirai,0.3830879330635071
Sample 8,Moirai,0.5000244975090027
Sample 8,TimesFM,0.4999755322933197
Sample 9,Chronos,0.7407591938972473
Sample 9,Moirai,0.2592408061027527
Sample 10,TimesFM,0.5969854593276978
Sample 10,Chronos,0.40301454067230225
Sample 11,Timer,0.6178116202354431
Sample 11,Moirai,0.3821883201599121
Sample 12,Moirai,0.5157422423362732
Sample 12,Timer,0.4842577576637268
Sample 13,Timer,0.5721728801727295
Sample 13,TimesFM,0.4278270900249481
Sample 14,Moirai,0.5376364588737488
Sample 14,Timer,0.4623635411262512
Sample 15,Chronos,0.5522587895393372
Sample 15,Moirai,0.44774115085601807
Sample 16,Moirai,0.5562359094619751
Sample 16,Time-MoE,0.4437641501426697
Sample 17,Chronos,0.5480546355247498
Sample 17,Time-MoE,0.45194530487060547
Sample 18,Timer,0.5310797691345215
Sample 18,TimesFM,0.4689202606678009
Sample 19,Chronos,0.6088931560516357
Sample 19,TimesFM,0.39110681414604187
Sample 20,TimesFM,0.5277325510978699
Sample 20,Moirai,0.47226738929748535
Sample 21,Chronos,0.6803107261657715
Sample 21,TimesFM,0.3196893334388733
Sample 22,Moirai,0.6041625738143921
Sample 22,TimesFM,0.3958373963832855
Sample 23,Timer,0.5084490776062012
Sample 23,Moirai,0.4915509521961212
Sample 24,Chronos,0.5892319679260254
Sample 24,Moirai,0.410768061876297
Sample 25,Time-MoE,0.5112506747245789
Sample 25,Chronos,0.48874929547309875
Sample 26,Moirai,0.5261818170547485
Sample 26,Time-MoE,0.47381821274757385
Sample 27,Chronos,0.6648504734039307
Sample 27,TimesFM,0.33514952659606934
Sample 28,TimesFM,0.5724596381187439
Sample 28,Timer,0.4275403618812561
Sample 29,TimesFM,0.5884047746658325
Sample 29,Moirai,0.4115951955318451
Sample 30,TimesFM,0.5681802034378052
Sample 30,Timer,0.43181976675987244
Sample 31,TimesFM,0.6690220236778259
Sample 31,Timer,0.33097800612449646
Sample 0,Timer,0.7037191390991211
Sample 0,Chronos,0.2962808907032013
Sample 1,Timer,0.5330113172531128
Sample 1,TimesFM,0.4669886529445648
Sample 2,Time-MoE,0.5218459367752075
Sample 2,Timer,0.4781540632247925
Sample 3,TimesFM,0.7505814433097839
Sample 3,Moirai,0.24941854178905487
Sample 4,Chronos,0.5191137194633484
Sample 4,TimesFM,0.480886310338974
Sample 5,Time-MoE,0.6039814949035645
Sample 5,Moirai,0.39601850509643555
Sample 6,Moirai,0.5696759223937988
Sample 6,Chronos,0.4303240478038788
Sample 7,Time-MoE,0.5320139527320862
Sample 7,Chronos,0.4679860472679138
Sample 8,Moirai,0.5963189005851746
Sample 8,Time-MoE,0.40368109941482544
Sample 9,Chronos,0.7465460300445557
Sample 9,Time-MoE,0.25345391035079956
Sample 10,Chronos,0.6303796768188477
Sample 10,TimesFM,0.36962032318115234
Sample 11,TimesFM,0.5004276633262634
Sample 11,Timer,0.49957236647605896
Sample 12,Time-MoE,0.5331578850746155
Sample 12,Moirai,0.46684208512306213
Sample 13,TimesFM,0.7106807231903076
Sample 13,Timer,0.28931924700737
Sample 14,Time-MoE,0.5174488425254822
Sample 14,Timer,0.4825511574745178
Sample 15,Moirai,0.5582279562950134
Sample 15,TimesFM,0.4417719841003418
Sample 16,Moirai,0.6705226898193359
Sample 16,Timer,0.32947733998298645
Sample 17,Timer,0.509941577911377
Sample 17,Chronos,0.49005842208862305
Sample 18,TimesFM,0.649708092212677
Sample 18,Chronos,0.350291907787323
Sample 19,TimesFM,0.5243883728981018
Sample 19,Moirai,0.4756116271018982
Sample 20,Time-MoE,0.5237610936164856
Sample 20,TimesFM,0.4762389361858368
Sample 21,TimesFM,0.5824578404426575
Sample 21,Chronos,0.41754212975502014
Sample 22,Chronos,0.6630785465240479
Sample 22,Timer,0.33692148327827454
Sample 23,Time-MoE,0.6657596826553345
Sample 23,Chronos,0.3342403173446655
Sample 24,Timer,0.596530556678772
Sample 24,Moirai,0.40346941351890564
Sample 25,Moirai,0.5514021515846252
Sample 25,Timer,0.44859781861305237
Sample 26,Moirai,0.6523062586784363
Sample 26,Timer,0.3476937711238861
Sample 27,Moirai,0.5451335310935974
Sample 27,TimesFM,0.4548664689064026
Sample 28,Timer,0.564402163028717
Sample 28,Moirai,0.4355977773666382
Sample 29,TimesFM,0.6164618134498596
Sample 29,Moirai,0.3835381269454956
Sample 30,Chronos,0.6169505715370178
Sample 30,Timer,0.3830494284629822
Sample 31,Time-MoE,0.5274814963340759
Sample 31,Moirai,0.47251853346824646
Sample 0,TimesFM,0.6793810725212097
Sample 0,Time-MoE,0.32061895728111267
Sample 1,Moirai,0.5141658782958984
Sample 1,TimesFM,0.4858340919017792
Sample 2,Chronos,0.7513418793678284
Sample 2,TimesFM,0.24865813553333282
Sample 3,TimesFM,0.5190549492835999
Sample 3,Chronos,0.48094505071640015
Sample 4,TimesFM,0.6637804508209229
Sample 4,Moirai,0.33621957898139954
Sample 5,Moirai,0.6412838697433472
Sample 5,Timer,0.35871613025665283
Sample 6,Chronos,0.7065888047218323
Sample 6,Timer,0.2934111952781677
Sample 7,Time-MoE,0.5965043902397156
Sample 7,Chronos,0.40349555015563965
Sample 8,Chronos,0.5198423862457275
Sample 8,Moirai,0.48015761375427246
Sample 9,TimesFM,0.6378129124641418
Sample 9,Moirai,0.36218708753585815
Sample 10,Moirai,0.5446416735649109
Sample 10,Chronos,0.4553582966327667
Sample 11,Time-MoE,0.5635682344436646
Sample 11,Timer,0.43643176555633545
Sample 12,TimesFM,0.5758916139602661
Sample 12,Moirai,0.4241083264350891
Sample 13,Chronos,0.5093018412590027
Sample 13,TimesFM,0.4906981885433197
Sample 14,TimesFM,0.7799567580223083
Sample 14,Timer,0.22004325687885284
Sample 15,TimesFM,0.5996237397193909
Sample 15,Timer,0.40037626028060913
Sample 0,Time-MoE,0.5241159796714783
Sample 0,Timer,0.4758840501308441
Sample 1,Timer,0.5142415165901184
Sample 1,Moirai,0.485758513212204
Sample 2,Chronos,0.5459200143814087
Sample 2,Timer,0.4540800154209137
Sample 3,Chronos,0.5737374424934387
Sample 3,TimesFM,0.42626261711120605
Sample 4,Moirai,0.5619764924049377
Sample 4,Chronos,0.43802350759506226
Sample 5,Timer,0.6526861190795898
Sample 5,Moirai,0.34731391072273254
Sample 6,TimesFM,0.5909948348999023
Sample 6,Time-MoE,0.40900513529777527
Sample 7,Moirai,0.6076996326446533
Sample 7,Chronos,0.39230039715766907
Sample 8,Timer,0.526984691619873
Sample 8,Time-MoE,0.47301530838012695
Sample 9,Moirai,0.5322733521461487
Sample 9,Timer,0.4677266776561737
Sample 10,Time-MoE,0.5906479954719543
Sample 10,Timer,0.40935200452804565
Sample 11,Timer,0.5464252233505249
Sample 11,Moirai,0.4535747766494751
Sample 12,Time-MoE,0.5067729949951172
Sample 12,Timer,0.4932270348072052
Sample 13,TimesFM,0.5169444680213928
Sample 13,Timer,0.48305556178092957
Sample 14,Timer,0.5664970874786377
Sample 14,Chronos,0.4335029125213623
Sample 15,Chronos,0.5703397989273071
Sample 15,Moirai,0.42966020107269287
Sample 16,Timer,0.8215259313583374
Sample 16,Chronos,0.17847409844398499
Sample 17,Chronos,0.5504351258277893
Sample 17,TimesFM,0.4495648443698883
Sample 18,Chronos,0.6457698345184326
Sample 18,Moirai,0.354230135679245
Sample 19,Moirai,0.5670546889305115
Sample 19,Chronos,0.4329453110694885
Sample 20,Moirai,0.5622754693031311
Sample 20,TimesFM,0.4377245306968689
Sample 21,TimesFM,0.5538356304168701
Sample 21,Timer,0.44616439938545227
Sample 22,Chronos,0.7660263776779175
Sample 22,Moirai,0.23397357761859894
Sample 23,Timer,0.6012027859687805
Sample 23,Time-MoE,0.3987971842288971
Sample 24,Moirai,0.6669803261756897
Sample 24,Time-MoE,0.3330197036266327
Sample 25,Chronos,0.5280971527099609
Sample 25,Time-MoE,0.47190287709236145
Sample 26,Moirai,0.5500326156616211
Sample 26,Time-MoE,0.4499674141407013
Sample 27,TimesFM,0.6111042499542236
Sample 27,Moirai,0.38889575004577637
Sample 28,Moirai,0.6139697432518005
Sample 28,TimesFM,0.38603025674819946
Sample 29,TimesFM,0.529471755027771
Sample 29,Timer,0.4705283045768738
Sample 30,TimesFM,0.7085122466087341
Sample 30,Chronos,0.29148775339126587
Sample 31,Time-MoE,0.6003237366676331
Sample 31,Chronos,0.39967623353004456
Sample 0,Time-MoE,0.6983994841575623
Sample 0,Chronos,0.30160051584243774
Sample 1,Chronos,0.5190430879592896
Sample 1,Moirai,0.48095694184303284
Sample 2,TimesFM,0.6971886157989502
Sample 2,Moirai,0.3028114140033722
Sample 3,Chronos,0.506205677986145
Sample 3,Moirai,0.4937942922115326
Sample 4,Chronos,0.741534948348999
Sample 4,Time-MoE,0.25846508145332336
Sample 5,Timer,0.510633111000061
Sample 5,TimesFM,0.4893668591976166
Sample 6,TimesFM,0.7946438193321228
Sample 6,Chronos,0.2053561955690384
Sample 7,Timer,0.5253177285194397
Sample 7,Time-MoE,0.4746822714805603
Sample 8,Timer,0.6854780912399292
Sample 8,Moirai,0.3145218789577484
Sample 9,TimesFM,0.7389324307441711
Sample 9,Timer,0.2610675096511841
Sample 10,Moirai,0.6069374680519104
Sample 10,Timer,0.393062561750412
Sample 11,Moirai,0.7298353910446167
Sample 11,Chronos,0.2701646685600281
Sample 12,Time-MoE,0.5741205811500549
Sample 12,TimesFM,0.42587944865226746
Sample 13,Moirai,0.5479459166526794
Sample 13,Timer,0.45205405354499817
Sample 14,TimesFM,0.6772149801254272
Sample 14,Time-MoE,0.32278499007225037
Sample 15,Time-MoE,0.5699662566184998
Sample 15,Timer,0.43003374338150024
Sample 16,Timer,0.7658273577690125
Sample 16,TimesFM,0.23417267203330994
Sample 17,Chronos,0.7141308784484863
Sample 17,TimesFM,0.28586918115615845
Sample 18,Moirai,0.5528131127357483
Sample 18,Chronos,0.4471868872642517
Sample 19,Chronos,0.8590540885925293
Sample 19,Moirai,0.1409458965063095
Sample 20,Chronos,0.5261526107788086
Sample 20,Moirai,0.4738474190235138
Sample 21,Time-MoE,0.5332586765289307
Sample 21,Timer,0.46674129366874695
Sample 22,Chronos,0.710045337677002
Sample 22,Moirai,0.28995460271835327
Sample 23,Timer,0.7519700527191162
Sample 23,TimesFM,0.2480299174785614
Sample 24,TimesFM,0.5413066148757935
Sample 24,Timer,0.45869341492652893
Sample 25,Chronos,0.5646841526031494
Sample 25,TimesFM,0.4353157877922058
Sample 26,Chronos,0.7788000702857971
Sample 26,Timer,0.22119992971420288
Sample 27,Moirai,0.6305906176567078
Sample 27,TimesFM,0.3694094121456146
Sample 28,TimesFM,0.627336323261261
Sample 28,Moirai,0.3726636469364166
Sample 29,TimesFM,0.7337021827697754
Sample 29,Timer,0.266297847032547
Sample 30,Chronos,0.5997828841209412
Sample 30,Moirai,0.4002171456813812
Sample 31,Time-MoE,0.6404314041137695
Sample 31,Timer,0.35956859588623047
Sample 0,Time-MoE,0.6663721799850464
Sample 0,Timer,0.333627849817276
Sample 1,Chronos,0.7059797644615173
Sample 1,Timer,0.29402026534080505
Sample 2,Time-MoE,0.5705002546310425
Sample 2,Moirai,0.4294997453689575
Sample 3,Moirai,0.666770339012146
Sample 3,Timer,0.3332296907901764
Sample 4,Time-MoE,0.7679553031921387
Sample 4,Moirai,0.23204462230205536
Sample 5,Chronos,0.6209287047386169
Sample 5,Timer,0.37907132506370544
Sample 6,TimesFM,0.5376016497612
Sample 6,Moirai,0.46239835023880005
Sample 7,Moirai,0.5130159258842468
Sample 7,Chronos,0.4869840443134308
Sample 8,Timer,0.5619283318519592
Sample 8,Moirai,0.438071608543396
Sample 9,Chronos,0.6902858018875122
Sample 9,TimesFM,0.3097141683101654
Sample 10,Time-MoE,0.5504869222640991
Sample 10,Chronos,0.4495130479335785
Sample 11,Timer,0.5211256742477417
Sample 11,Moirai,0.4788742959499359
Sample 12,TimesFM,0.5314117074012756
Sample 12,Chronos,0.468588262796402
Sample 13,Moirai,0.6960421800613403
Sample 13,Chronos,0.3039577901363373
Sample 14,Time-MoE,0.661713719367981
Sample 14,Timer,0.33828628063201904
Sample 15,Chronos,0.5261498093605042
Sample 15,Moirai,0.47385019063949585
Sample 16,Chronos,0.6359230279922485
Sample 16,Time-MoE,0.36407697200775146
Sample 17,Moirai,0.5998920798301697
Sample 17,Timer,0.40010789036750793
Sample 18,Moirai,0.5850335955619812
Sample 18,TimesFM,0.4149663746356964
Sample 19,Moirai,0.5002972483634949
Sample 19,Chronos,0.49970272183418274
Sample 20,Timer,0.7645415663719177
Sample 20,TimesFM,0.23545843362808228
Sample 21,Moirai,0.527270495891571
Sample 21,TimesFM,0.47272947430610657
Sample 22,Moirai,0.6420947313308716
Sample 22,TimesFM,0.3579053282737732
Sample 23,Timer,0.5701256394386292
Sample 23,Time-MoE,0.42987436056137085
Sample 24,Time-MoE,0.650183916091919
Sample 24,Moirai,0.34981611371040344
Sample 25,TimesFM,0.7007394433021545
Sample 25,Moirai,0.2992604970932007
Sample 26,TimesFM,0.8640610575675964
Sample 26,Chronos,0.13593895733356476
Sample 27,TimesFM,0.7456666231155396
Sample 27,Moirai,0.25433337688446045
Sample 28,Time-MoE,0.5670098066329956
Sample 28,Chronos,0.4329901933670044
Sample 29,Chronos,0.7949044704437256
Sample 29,Time-MoE,0.20509548485279083
Sample 30,Chronos,0.6136730909347534
Sample 30,Timer,0.38632693886756897
Sample 31,Time-MoE,0.6234521269798279
Sample 31,Timer,0.3765479326248169
Sample 0,Timer,0.6284322738647461
Sample 0,Chronos,0.3715676963329315
Sample 1,TimesFM,0.5277197360992432
Sample 1,Moirai,0.47228026390075684
Sample 2,Moirai,0.6785880923271179
Sample 2,Chronos,0.32141193747520447
Sample 3,Timer,0.5789767503738403
Sample 3,TimesFM,0.42102327942848206
Sample 4,TimesFM,0.641502320766449
Sample 4,Moirai,0.35849761962890625
Sample 5,TimesFM,0.5177181959152222
Sample 5,Moirai,0.48228180408477783
Sample 6,Chronos,0.6373080015182495
Sample 6,TimesFM,0.3626919984817505
Sample 7,Time-MoE,0.5433202981948853
Sample 7,Chronos,0.45667967200279236
Sample 8,Chronos,0.6102415919303894
Sample 8,Time-MoE,0.3897583782672882
Sample 9,Chronos,0.643947422504425
Sample 9,Moirai,0.35605260729789734
Sample 10,TimesFM,0.8037108182907104
Sample 10,Chronos,0.19628916680812836
Sample 11,Chronos,0.6866614818572998
Sample 11,Time-MoE,0.3133385479450226
Sample 12,Chronos,0.5710290670394897
Sample 12,Time-MoE,0.42897093296051025
Sample 13,Chronos,0.5242695212364197
Sample 13,TimesFM,0.47573044896125793
Sample 14,Timer,0.500885009765625
Sample 14,Time-MoE,0.4991149604320526
Sample 15,Timer,0.5058050155639648
Sample 15,Time-MoE,0.49419498443603516
Sample 16,Moirai,0.7848825454711914
Sample 16,Timer,0.2151174545288086
Sample 17,Moirai,0.5152245759963989
Sample 17,Timer,0.4847754240036011
Sample 18,Time-MoE,0.8591623902320862
Sample 18,Chronos,0.14083759486675262
Sample 19,Chronos,0.7544647455215454
Sample 19,Timer,0.24553528428077698
Sample 20,Timer,0.9035373330116272
Sample 20,TimesFM,0.0964626893401146
Sample 21,TimesFM,0.8138881921768188
Sample 21,Moirai,0.18611177802085876
Sample 22,Chronos,0.5550023913383484
Sample 22,Time-MoE,0.444997638463974
Sample 23,Time-MoE,0.5552363991737366
Sample 23,Moirai,0.4447636306285858
Sample 24,Time-MoE,0.5481258034706116
Sample 24,Chronos,0.45187416672706604
Sample 25,Chronos,0.6310213804244995
Sample 25,TimesFM,0.3689785599708557
Sample 26,Chronos,0.5184940695762634
Sample 26,Time-MoE,0.4815059304237366
Sample 27,Time-MoE,0.54769366979599
Sample 27,Moirai,0.45230633020401
Sample 28,Time-MoE,0.6440629959106445
Sample 28,Chronos,0.35593700408935547
Sample 29,Chronos,0.718989908695221
Sample 29,Moirai,0.2810100317001343
Sample 30,TimesFM,0.5435073971748352
Sample 30,Moirai,0.4564926326274872
Sample 31,Time-MoE,0.5786523818969727
Sample 31,Timer,0.42134764790534973
Sample 0,Moirai,0.5698010325431824
Sample 0,Chronos,0.4301989674568176
Sample 1,Time-MoE,0.5049746632575989
Sample 1,Moirai,0.4950253665447235
Sample 2,Chronos,0.6406919360160828
Sample 2,Time-MoE,0.3593080937862396
Sample 3,Moirai,0.5158460140228271
Sample 3,TimesFM,0.48415401577949524
Sample 4,Timer,0.5088910460472107
Sample 4,TimesFM,0.4911089837551117
Sample 5,Chronos,0.6827092170715332
Sample 5,Moirai,0.3172907531261444
Sample 6,Moirai,0.6204781532287598
Sample 6,Timer,0.37952178716659546
Sample 7,TimesFM,0.5460245013237
Sample 7,Moirai,0.45397546887397766
Sample 8,Chronos,0.5435686111450195
Sample 8,Moirai,0.45643138885498047
Sample 9,Moirai,0.5399236083030701
Sample 9,Timer,0.4600764214992523
Sample 10,Timer,0.6452310681343079
Sample 10,TimesFM,0.35476893186569214
Sample 11,Timer,0.5463268756866455
Sample 11,TimesFM,0.4536731243133545
Sample 12,Chronos,0.6879144310951233
Sample 12,Timer,0.3120855689048767
Sample 13,Chronos,0.5329435467720032
Sample 13,Timer,0.46705642342567444
Sample 14,Timer,0.6306155323982239
Sample 14,Time-MoE,0.3693844974040985
Sample 15,Chronos,0.5408943891525269
Sample 15,Timer,0.45910564064979553
Sample 16,Time-MoE,0.6048247814178467
Sample 16,Chronos,0.39517518877983093
Sample 17,TimesFM,0.5649895071983337
Sample 17,Chronos,0.43501046299934387
Sample 18,Time-MoE,0.5003561973571777
Sample 18,TimesFM,0.4996437430381775
Sample 19,Timer,0.6270816922187805
Sample 19,Moirai,0.3729183077812195
Sample 20,Moirai,0.6504244208335876
Sample 20,Time-MoE,0.34957554936408997
Sample 21,Time-MoE,0.705839991569519
Sample 21,Chronos,0.29416000843048096
Sample 22,TimesFM,0.6298680305480957
Sample 22,Time-MoE,0.3701319694519043
Sample 23,Timer,0.8010175228118896
Sample 23,Time-MoE,0.19898252189159393
Sample 24,Time-MoE,0.7613803148269653
Sample 24,TimesFM,0.23861971497535706
Sample 25,Moirai,0.6624295115470886
Sample 25,TimesFM,0.3375704884529114
Sample 26,Timer,0.5140581130981445
Sample 26,TimesFM,0.4859418570995331
Sample 27,Moirai,0.6834909319877625
Sample 27,Chronos,0.31650906801223755
Sample 28,Chronos,0.5878291726112366
Sample 28,TimesFM,0.4121708273887634
Sample 29,TimesFM,0.5059990882873535
Sample 29,Timer,0.4940009117126465
Sample 30,Moirai,0.7890385389328003
Sample 30,Time-MoE,0.2109614908695221
Sample 31,Time-MoE,0.6418870091438293
Sample 31,Timer,0.35811296105384827
Sample 0,Timer,0.520845353603363
Sample 0,Chronos,0.4791546165943146
Sample 1,Moirai,0.635096549987793
Sample 1,Time-MoE,0.3649034798145294
Sample 2,Time-MoE,0.5316272377967834
Sample 2,TimesFM,0.46837279200553894
Sample 3,TimesFM,0.5316177010536194
Sample 3,Timer,0.4683822989463806
Sample 4,Time-MoE,0.6388900876045227
Sample 4,Timer,0.3611099421977997
Sample 5,Chronos,0.6407007575035095
Sample 5,Moirai,0.3592991828918457
Sample 6,TimesFM,0.7899736166000366
Sample 6,Moirai,0.210026353597641
Sample 7,Timer,0.5617930889129639
Sample 7,Moirai,0.43820691108703613
Sample 8,Timer,0.5580099821090698
Sample 8,Moirai,0.4419900178909302
Sample 9,TimesFM,0.6777433156967163
Sample 9,Chronos,0.3222567141056061
Sample 10,TimesFM,0.598225474357605
Sample 10,Time-MoE,0.4017745852470398
Sample 11,Moirai,0.6421672105789185
Sample 11,Timer,0.35783275961875916
Sample 12,Time-MoE,0.7079930901527405
Sample 12,TimesFM,0.2920069098472595
Sample 13,Moirai,0.5443412065505981
Sample 13,Chronos,0.45565885305404663
Sample 14,Moirai,0.5479469895362854
Sample 14,Timer,0.4520530104637146
Sample 15,Moirai,0.6708692312240601
Sample 15,TimesFM,0.32913076877593994
Sample 16,TimesFM,0.5026176571846008
Sample 16,Chronos,0.49738234281539917
Sample 17,TimesFM,0.5710386633872986
Sample 17,Time-MoE,0.4289613962173462
Sample 18,Timer,0.581599235534668
Sample 18,Time-MoE,0.41840073466300964
Sample 19,Time-MoE,0.5093468427658081
Sample 19,Chronos,0.4906531870365143
Sample 20,Chronos,0.6120386719703674
Sample 20,Moirai,0.38796132802963257
Sample 21,TimesFM,0.5769835710525513
Sample 21,Moirai,0.4230164587497711
Sample 22,Moirai,0.5167800188064575
Sample 22,Chronos,0.4832199513912201
Sample 23,Chronos,0.5202189087867737
Sample 23,Moirai,0.4797810912132263
Sample 24,Moirai,0.6905979514122009
Sample 24,TimesFM,0.3094019889831543
Sample 25,Chronos,0.5116905570030212
Sample 25,TimesFM,0.48830947279930115
Sample 26,Moirai,0.5490049123764038
Sample 26,TimesFM,0.45099514722824097
Sample 27,Moirai,0.5494139790534973
Sample 27,Time-MoE,0.4505860209465027
Sample 28,Timer,0.6905957460403442
Sample 28,Time-MoE,0.30940425395965576
Sample 29,TimesFM,0.5303059220314026
Sample 29,Moirai,0.469694048166275
Sample 30,Time-MoE,0.6837560534477234
Sample 30,Moirai,0.3162439465522766
Sample 31,TimesFM,0.6951147317886353
Sample 31,Timer,0.30488523840904236
Sample 0,Time-MoE,0.7121462225914001
Sample 0,Timer,0.28785383701324463
Sample 1,Moirai,0.6504438519477844
Sample 1,Timer,0.34955617785453796
Sample 2,TimesFM,0.5709450244903564
Sample 2,Timer,0.42905497550964355
Sample 3,Chronos,0.7198421359062195
Sample 3,Timer,0.2801578938961029
Sample 4,TimesFM,0.8718128800392151
Sample 4,Timer,0.12818706035614014
Sample 5,Moirai,0.7053553462028503
Sample 5,Timer,0.29464468359947205
Sample 6,Chronos,0.5628998875617981
Sample 6,TimesFM,0.4371001124382019
Sample 7,Time-MoE,0.687404215335846
Sample 7,Timer,0.31259581446647644
Sample 8,Time-MoE,0.536160409450531
Sample 8,TimesFM,0.4638395607471466
Sample 9,TimesFM,0.7775483727455139
Sample 9,Chronos,0.2224516123533249
Sample 10,TimesFM,0.530132532119751
Sample 10,Chronos,0.469867467880249
Sample 11,TimesFM,0.6587948799133301
Sample 11,Time-MoE,0.3412051498889923
Sample 12,Time-MoE,0.569118320941925
Sample 12,TimesFM,0.43088164925575256
Sample 13,Time-MoE,0.697084903717041
Sample 13,Moirai,0.30291512608528137
Sample 14,Timer,0.5916434526443481
Sample 14,Chronos,0.40835660696029663
Sample 15,Timer,0.7363210320472717
Sample 15,Moirai,0.26367896795272827
Sample 0,Moirai,0.5345515012741089
Sample 0,Time-MoE,0.4654484689235687
Sample 1,Moirai,0.6060390472412109
Sample 1,TimesFM,0.3939609229564667
Sample 2,Moirai,0.5646231770515442
Sample 2,Time-MoE,0.4353768229484558
Sample 3,Timer,0.5083634853363037
Sample 3,TimesFM,0.4916364848613739
Sample 4,Time-MoE,0.5244206786155701
Sample 4,TimesFM,0.47557929158210754
Sample 5,Moirai,0.6695869565010071
Sample 5,TimesFM,0.33041301369667053
Sample 6,Moirai,0.5723111033439636
Sample 6,Time-MoE,0.4276888966560364
Sample 7,Timer,0.5929412841796875
Sample 7,Time-MoE,0.4070587158203125
Sample 8,Timer,0.5314189791679382
Sample 8,Chronos,0.46858102083206177
Sample 9,Chronos,0.5321596264839172
Sample 9,TimesFM,0.46784040331840515
Sample 10,TimesFM,0.6445331573486328
Sample 10,Chronos,0.3554668724536896
Sample 11,TimesFM,0.6604198813438416
Sample 11,Chronos,0.33958008885383606
Sample 12,Time-MoE,0.5398784279823303
Sample 12,Moirai,0.4601215720176697
Sample 13,TimesFM,0.5684096813201904
Sample 13,Time-MoE,0.43159037828445435
Sample 14,TimesFM,0.5455449223518372
Sample 14,Time-MoE,0.45445507764816284
Sample 15,Timer,0.7690264582633972
Sample 15,TimesFM,0.23097357153892517
Sample 16,Timer,0.7603594660758972
Sample 16,Moirai,0.23964057862758636
Sample 17,Chronos,0.8571129441261292
Sample 17,Moirai,0.14288710057735443
Sample 18,TimesFM,0.6113558411598206
Sample 18,Chronos,0.38864412903785706
Sample 19,TimesFM,0.5673170685768127
Sample 19,Chronos,0.43268290162086487
Sample 20,TimesFM,0.7295749187469482
Sample 20,Timer,0.27042508125305176
Sample 21,Chronos,0.5836656093597412
Sample 21,Moirai,0.4163344204425812
Sample 22,Chronos,0.8561246991157532
Sample 22,TimesFM,0.1438753306865692
Sample 23,Time-MoE,0.6705350279808044
Sample 23,Moirai,0.32946494221687317
Sample 24,Moirai,0.7081856727600098
Sample 24,TimesFM,0.2918143570423126
Sample 25,TimesFM,0.5300886034965515
Sample 25,Moirai,0.4699113667011261
Sample 26,Time-MoE,0.5691537857055664
Sample 26,Chronos,0.4308462142944336
Sample 27,Moirai,0.695410430431366
Sample 27,Chronos,0.30458953976631165
Sample 28,TimesFM,0.5814232230186462
Sample 28,Chronos,0.41857674717903137
Sample 29,Moirai,0.6221473217010498
Sample 29,Time-MoE,0.3778527081012726
Sample 30,Chronos,0.5339993834495544
Sample 30,Moirai,0.46600058674812317
Sample 31,Time-MoE,0.6800635457038879
Sample 31,Chronos,0.31993645429611206
Sample 0,Timer,0.5278429388999939
Sample 0,TimesFM,0.4721570312976837
Sample 1,Moirai,0.5137596726417542
Sample 1,Chronos,0.48624035716056824
Sample 2,TimesFM,0.5398218035697937
Sample 2,Chronos,0.4601781964302063
Sample 3,Chronos,0.6018538475036621
Sample 3,Time-MoE,0.3981461524963379
Sample 4,Chronos,0.5622890591621399
Sample 4,Timer,0.4377109408378601
Sample 5,TimesFM,0.5289212465286255
Sample 5,Chronos,0.4710787832736969
Sample 6,Chronos,0.5819704532623291
Sample 6,Timer,0.4180295169353485
Sample 7,Time-MoE,0.7309589385986328
Sample 7,Chronos,0.2690410614013672
Sample 8,Moirai,0.5026012063026428
Sample 8,Time-MoE,0.49739882349967957
Sample 9,Time-MoE,0.5514870882034302
Sample 9,Chronos,0.4485129415988922
Sample 10,TimesFM,0.6734803318977356
Sample 10,Moirai,0.3265197277069092
Sample 11,Chronos,0.6046028137207031
Sample 11,Time-MoE,0.3953971564769745
Sample 12,TimesFM,0.5124766230583191
Sample 12,Time-MoE,0.4875234067440033
Sample 13,Timer,0.5166960954666138
Sample 13,Chronos,0.48330390453338623
Sample 14,Chronos,0.550093948841095
Sample 14,Time-MoE,0.44990602135658264
Sample 15,Timer,0.5987025499343872
Sample 15,Chronos,0.4012974202632904
Sample 16,Moirai,0.5294206738471985
Sample 16,TimesFM,0.4705792963504791
Sample 17,TimesFM,0.600233256816864
Sample 17,Chronos,0.3997667729854584
Sample 18,TimesFM,0.6071187853813171
Sample 18,Chronos,0.3928811550140381
Sample 19,Moirai,0.5450659394264221
Sample 19,Time-MoE,0.4549340605735779
Sample 20,TimesFM,0.5175368785858154
Sample 20,Chronos,0.48246315121650696
Sample 21,Chronos,0.7616994380950928
Sample 21,Time-MoE,0.23830057680606842
Sample 22,Time-MoE,0.9512896537780762
Sample 22,Timer,0.04871034249663353
Sample 23,TimesFM,0.5126875638961792
Sample 23,Time-MoE,0.4873124957084656
Sample 24,TimesFM,0.5240671634674072
Sample 24,Chronos,0.47593286633491516
Sample 25,Chronos,0.5064146518707275
Sample 25,TimesFM,0.49358537793159485
Sample 26,Timer,0.6567630767822266
Sample 26,Moirai,0.3432369530200958
Sample 27,TimesFM,0.6681779623031616
Sample 27,Chronos,0.331822007894516
Sample 28,Chronos,0.7786948680877686
Sample 28,Moirai,0.22130513191223145
Sample 29,Moirai,0.6919963359832764
Sample 29,TimesFM,0.30800366401672363
Sample 30,Timer,0.5096177458763123
Sample 30,Moirai,0.49038222432136536
Sample 31,Chronos,0.6005046367645264
Sample 31,Time-MoE,0.399495393037796
Sample 0,Timer,0.7125862240791321
Sample 0,Moirai,0.28741371631622314
Sample 1,Moirai,0.5766822695732117
Sample 1,Timer,0.4233177602291107
Sample 2,Time-MoE,0.5076220035552979
Sample 2,TimesFM,0.49237802624702454
Sample 3,Chronos,0.6528508067131042
Sample 3,Time-MoE,0.34714919328689575
Sample 4,Chronos,0.5009922385215759
Sample 4,Time-MoE,0.4990077614784241
Sample 5,Time-MoE,0.9443264007568359
Sample 5,Moirai,0.05567362904548645
Sample 6,Timer,0.7825983762741089
Sample 6,Time-MoE,0.21740160882472992
Sample 7,Timer,0.8616587519645691
Sample 7,Chronos,0.1383412629365921
Sample 8,TimesFM,0.5410420298576355
Sample 8,Time-MoE,0.4589579999446869
Sample 9,Timer,0.6255536675453186
Sample 9,TimesFM,0.3744463324546814
Sample 10,Moirai,0.6080911755561829
Sample 10,Chronos,0.3919088542461395
Sample 11,Chronos,0.640953540802002
Sample 11,TimesFM,0.35904648900032043
Sample 12,Moirai,0.789191484451294
Sample 12,Time-MoE,0.21080856025218964
Sample 13,Chronos,0.5071001052856445
Sample 13,Moirai,0.49289992451667786
Sample 14,Moirai,0.506991982460022
Sample 14,TimesFM,0.49300798773765564
Sample 15,Moirai,0.5926700234413147
Sample 15,Timer,0.4073299169540405
Sample 16,Time-MoE,0.5259780287742615
Sample 16,Moirai,0.4740220010280609
Sample 17,Time-MoE,0.5484470725059509
Sample 17,Moirai,0.4515528678894043
Sample 18,Chronos,0.8040770888328552
Sample 18,Moirai,0.1959228813648224
Sample 19,Timer,0.5100814700126648
Sample 19,TimesFM,0.4899185001850128
Sample 20,Chronos,0.501747727394104
Sample 20,Moirai,0.498252272605896
Sample 21,TimesFM,0.6767843961715698
Sample 21,Timer,0.3232156038284302
Sample 22,TimesFM,0.7172617316246033
Sample 22,Timer,0.2827383279800415
Sample 23,Timer,0.6024513840675354
Sample 23,TimesFM,0.3975485861301422
Sample 24,Moirai,0.6821844577789307
Sample 24,Chronos,0.31781554222106934
Sample 25,Time-MoE,0.514123260974884
Sample 25,Moirai,0.4858767092227936
Sample 26,Time-MoE,0.696774959564209
Sample 26,Moirai,0.3032250702381134
Sample 27,Chronos,0.7258057594299316
Sample 27,TimesFM,0.27419424057006836
Sample 28,Time-MoE,0.5556466579437256
Sample 28,Timer,0.4443533420562744
Sample 29,Chronos,0.8474699258804321
Sample 29,Timer,0.15253004431724548
Sample 30,Chronos,0.5293518900871277
Sample 30,TimesFM,0.4706481099128723
Sample 31,Moirai,0.5111809372901917
Sample 31,Chronos,0.48881903290748596
Sample 0,Moirai,0.7541118860244751
Sample 0,Time-MoE,0.24588805437088013
Sample 1,Chronos,0.5991044044494629
Sample 1,Time-MoE,0.4008955955505371
Sample 2,Moirai,0.5600990056991577
Sample 2,Time-MoE,0.4399009943008423
Sample 3,Time-MoE,0.6466968655586243
Sample 3,Chronos,0.35330307483673096
Sample 4,TimesFM,0.5292222499847412
Sample 4,Chronos,0.4707777202129364
Sample 5,Moirai,0.5904815793037415
Sample 5,Timer,0.40951842069625854
Sample 6,Moirai,0.5596585869789124
Sample 6,Time-MoE,0.4403414726257324
Sample 7,Chronos,0.5442630648612976
Sample 7,TimesFM,0.4557369649410248
Sample 8,Moirai,0.52879399061203
Sample 8,TimesFM,0.4712059795856476
Sample 9,TimesFM,0.6310112476348877
Sample 9,Timer,0.3689887225627899
Sample 10,TimesFM,0.6392897367477417
Sample 10,Chronos,0.3607102334499359
Sample 11,Chronos,0.6725609302520752
Sample 11,Time-MoE,0.3274390697479248
Sample 12,Moirai,0.5394816398620605
Sample 12,TimesFM,0.46051841974258423
Sample 13,TimesFM,0.5831192135810852
Sample 13,Moirai,0.4168807864189148
Sample 14,Chronos,0.655384361743927
Sample 14,Timer,0.344615638256073
Sample 15,Timer,0.6202262043952942
Sample 15,Moirai,0.3797738254070282
Sample 16,Time-MoE,0.6085662841796875
Sample 16,TimesFM,0.3914336860179901
Sample 17,Chronos,0.6508710980415344
Sample 17,TimesFM,0.3491289019584656
Sample 18,Chronos,0.783453643321991
Sample 18,Time-MoE,0.21654640138149261
Sample 19,Time-MoE,0.7000750303268433
Sample 19,TimesFM,0.29992493987083435
Sample 20,Time-MoE,0.6046316623687744
Sample 20,TimesFM,0.395368367433548
Sample 21,Chronos,0.6183727383613586
Sample 21,Timer,0.38162732124328613
Sample 22,Chronos,0.5128878951072693
Sample 22,Moirai,0.4871121048927307
Sample 23,Chronos,0.5789034962654114
Sample 23,TimesFM,0.4210965037345886
Sample 24,Moirai,0.5130434632301331
Sample 24,Time-MoE,0.48695653676986694
Sample 25,TimesFM,0.821467399597168
Sample 25,Chronos,0.17853263020515442
Sample 26,Moirai,0.5606351494789124
Sample 26,Time-MoE,0.43936479091644287
Sample 27,TimesFM,0.5879082083702087
Sample 27,Chronos,0.41209176182746887
Sample 28,Time-MoE,0.7954497933387756
Sample 28,TimesFM,0.20455025136470795
Sample 29,Chronos,0.7777179479598999
Sample 29,TimesFM,0.22228208184242249
Sample 30,Chronos,0.5177615880966187
Sample 30,TimesFM,0.48223838210105896
Sample 31,Timer,0.7183805108070374
Sample 31,Moirai,0.28161951899528503
Sample 0,TimesFM,0.5696911811828613
Sample 0,Moirai,0.43030881881713867
Sample 1,TimesFM,0.6150435209274292
Sample 1,Timer,0.3849565088748932
Sample 2,Moirai,0.5556821823120117
Sample 2,Time-MoE,0.44431784749031067
Sample 3,Chronos,0.7170878648757935
Sample 3,TimesFM,0.28291213512420654
Sample 4,Chronos,0.5405565500259399
Sample 4,Moirai,0.45944344997406006
Sample 5,Timer,0.5029980540275574
Sample 5,Time-MoE,0.4970019459724426
Sample 6,Moirai,0.6310706734657288
Sample 6,Chronos,0.36892935633659363
Sample 7,Chronos,0.5220158100128174
Sample 7,Timer,0.47798416018486023
Sample 8,Timer,0.6682270169258118
Sample 8,TimesFM,0.33177298307418823
Sample 9,Time-MoE,0.5157158970832825
Sample 9,Timer,0.48428410291671753
Sample 10,TimesFM,0.636233925819397
Sample 10,Time-MoE,0.3637661337852478
Sample 11,Timer,0.5821528434753418
Sample 11,Moirai,0.4178471267223358
Sample 12,Time-MoE,0.5655374526977539
Sample 12,TimesFM,0.4344625771045685
Sample 13,Time-MoE,0.6519766449928284
Sample 13,Moirai,0.34802332520484924
Sample 14,Chronos,0.7645328640937805
Sample 14,TimesFM,0.23546713590621948
Sample 15,Timer,0.5481627583503723
Sample 15,TimesFM,0.4518372118473053
Sample 16,Timer,0.5110289454460144
Sample 16,Moirai,0.4889710247516632
Sample 17,Chronos,0.7012366652488708
Sample 17,TimesFM,0.29876333475112915
Sample 18,Chronos,0.6062270998954773
Sample 18,Moirai,0.3937729299068451
Sample 19,TimesFM,0.6403357982635498
Sample 19,Chronos,0.3596642315387726
Sample 20,Time-MoE,0.6774239540100098
Sample 20,Moirai,0.32257604598999023
Sample 21,Time-MoE,0.7063704133033752
Sample 21,TimesFM,0.29362955689430237
Sample 22,TimesFM,0.5957732796669006
Sample 22,Chronos,0.404226690530777
Sample 23,Chronos,0.5176478028297424
Sample 23,Timer,0.48235222697257996
Sample 24,Time-MoE,0.6469007134437561
Sample 24,Timer,0.3530992865562439
Sample 25,TimesFM,0.6656031012535095
Sample 25,Time-MoE,0.3343968391418457
Sample 26,Timer,0.5870870351791382
Sample 26,TimesFM,0.4129129648208618
Sample 27,Chronos,0.7921882271766663
Sample 27,Moirai,0.20781178772449493
Sample 28,Timer,0.6359566450119019
Sample 28,Time-MoE,0.36404332518577576
Sample 29,TimesFM,0.560702919960022
Sample 29,Timer,0.4392971098423004
Sample 30,Time-MoE,0.5435946583747864
Sample 30,TimesFM,0.45640531182289124
Sample 31,Time-MoE,0.6853586435317993
Sample 31,TimesFM,0.3146413564682007
Sample 0,Time-MoE,0.5666959881782532
Sample 0,Timer,0.43330398201942444
Sample 1,Chronos,0.5519734025001526
Sample 1,Timer,0.448026567697525
Sample 2,Timer,0.5338512659072876
Sample 2,Time-MoE,0.46614870429039
Sample 3,Moirai,0.5507622361183167
Sample 3,Chronos,0.44923773407936096
Sample 4,Timer,0.6553864479064941
Sample 4,TimesFM,0.34461361169815063
Sample 5,Timer,0.535668134689331
Sample 5,Moirai,0.46433183550834656
Sample 6,Moirai,0.6236197352409363
Sample 6,Chronos,0.3763803243637085
Sample 7,Time-MoE,0.8052396178245544
Sample 7,Moirai,0.19476038217544556
Sample 8,Timer,0.5279185175895691
Sample 8,Chronos,0.4720814824104309
Sample 9,Moirai,0.5950090885162354
Sample 9,TimesFM,0.40499091148376465
Sample 10,Time-MoE,0.7208856344223022
Sample 10,TimesFM,0.27911436557769775
Sample 11,Time-MoE,0.5191505551338196
Sample 11,Chronos,0.48084941506385803
Sample 12,Chronos,0.5667597651481628
Sample 12,Time-MoE,0.43324026465415955
Sample 13,Chronos,0.517509937286377
Sample 13,TimesFM,0.48249006271362305
Sample 14,Chronos,0.593826174736023
Sample 14,Moirai,0.4061738848686218
Sample 15,Chronos,0.5044735670089722
Sample 15,Moirai,0.4955264627933502
Sample 16,Time-MoE,0.513017475605011
Sample 16,Moirai,0.486982524394989
Sample 17,TimesFM,0.7273341417312622
Sample 17,Moirai,0.2726658284664154
Sample 18,Chronos,0.5813286900520325
Sample 18,Timer,0.41867130994796753
Sample 19,Time-MoE,0.5234501361846924
Sample 19,Moirai,0.4765498638153076
Sample 20,Moirai,0.5572042465209961
Sample 20,Chronos,0.4427957534790039
Sample 21,Chronos,0.6631644368171692
Sample 21,TimesFM,0.3368355929851532
Sample 22,Time-MoE,0.8640493154525757
Sample 22,TimesFM,0.1359507143497467
Sample 23,Timer,0.7971423268318176
Sample 23,TimesFM,0.20285767316818237
Sample 24,Timer,0.6203931570053101
Sample 24,Moirai,0.37960687279701233
Sample 25,Chronos,0.6042011380195618
Sample 25,Moirai,0.3957988917827606
Sample 26,Moirai,0.5145334005355835
Sample 26,Timer,0.4854666292667389
Sample 27,Time-MoE,0.6622827053070068
Sample 27,Timer,0.33771732449531555
Sample 28,Moirai,0.5311976671218872
Sample 28,Time-MoE,0.468802273273468
Sample 29,Chronos,0.8835117816925049
Sample 29,TimesFM,0.11648818105459213
Sample 30,Time-MoE,0.5339457392692566
Sample 30,Chronos,0.4660542905330658
Sample 31,Moirai,0.5110111832618713
Sample 31,Chronos,0.48898884654045105
Sample 0,Chronos,0.5550243258476257
Sample 0,Moirai,0.44497570395469666
Sample 1,Timer,0.6302814483642578
Sample 1,Moirai,0.3697185516357422
Sample 2,Time-MoE,0.6231073141098022
Sample 2,TimesFM,0.37689265608787537
Sample 3,Chronos,0.5182455778121948
Sample 3,Moirai,0.4817543923854828
Sample 4,TimesFM,0.840273916721344
Sample 4,Chronos,0.159726083278656
Sample 5,Chronos,0.5090861916542053
Sample 5,Time-MoE,0.49091383814811707
Sample 6,Chronos,0.8679074645042419
Sample 6,TimesFM,0.13209255039691925
Sample 7,Moirai,0.6811264753341675
Sample 7,Time-MoE,0.31887346506118774
Sample 8,Time-MoE,0.5072207450866699
Sample 8,Timer,0.49277931451797485
Sample 9,Timer,0.5031743049621582
Sample 9,Time-MoE,0.4968256652355194
Sample 10,Time-MoE,0.8010556101799011
Sample 10,Timer,0.1989443600177765
Sample 11,Timer,0.6608219146728516
Sample 11,TimesFM,0.33917805552482605
Sample 12,Time-MoE,0.7011767029762268
Sample 12,Moirai,0.2988232970237732
Sample 13,Chronos,0.5560768246650696
Sample 13,Time-MoE,0.44392314553260803
Sample 14,Moirai,0.5606775283813477
Sample 14,Chronos,0.43932250142097473
Sample 15,Moirai,0.5481830835342407
Sample 15,Time-MoE,0.4518169164657593
Sample 0,Timer,0.5844635367393494
Sample 0,Moirai,0.41553646326065063
Sample 1,Moirai,0.5135633945465088
Sample 1,Time-MoE,0.4864366352558136
Sample 2,Chronos,0.517287015914917
Sample 2,Timer,0.482712984085083
Sample 3,Chronos,0.7443395853042603
Sample 3,TimesFM,0.25566044449806213
Sample 4,Timer,0.6585760712623596
Sample 4,TimesFM,0.3414239287376404
Sample 5,Chronos,0.8148790597915649
Sample 5,Timer,0.18512089550495148
Sample 6,Timer,0.5043014883995056
Sample 6,Moirai,0.4956985414028168
Sample 7,Timer,0.5461726188659668
Sample 7,TimesFM,0.4538273811340332
Sample 8,Moirai,0.5674757361412048
Sample 8,TimesFM,0.43252429366111755
Sample 9,Moirai,0.6581929326057434
Sample 9,Time-MoE,0.341807097196579
Sample 10,TimesFM,0.7708988785743713
Sample 10,Moirai,0.22910107672214508
Sample 11,Moirai,0.6696585416793823
Sample 11,TimesFM,0.3303414583206177
Sample 12,Time-MoE,0.7776316404342651
Sample 12,Chronos,0.22236832976341248
Sample 13,Moirai,0.7273485064506531
Sample 13,Timer,0.27265143394470215
Sample 14,Time-MoE,0.5594927668571472
Sample 14,Moirai,0.4405072033405304
Sample 15,Moirai,0.5423672795295715
Sample 15,Timer,0.4576326906681061
Sample 16,Chronos,0.6772209405899048
Sample 16,Moirai,0.3227790296077728
Sample 17,Moirai,0.6211259365081787
Sample 17,TimesFM,0.3788740932941437
Sample 18,Time-MoE,0.5914750695228577
Sample 18,TimesFM,0.40852490067481995
Sample 19,Chronos,0.8686161041259766
Sample 19,TimesFM,0.13138391077518463
Sample 20,Moirai,0.5973276495933533
Sample 20,Chronos,0.40267235040664673
Sample 21,Time-MoE,0.5648620128631592
Sample 21,Chronos,0.43513795733451843
Sample 22,TimesFM,0.8046247363090515
Sample 22,Time-MoE,0.1953752636909485
Sample 23,Time-MoE,0.5355747938156128
Sample 23,Chronos,0.464425265789032
Sample 24,Moirai,0.5565150380134583
Sample 24,Time-MoE,0.44348493218421936
Sample 25,Time-MoE,0.8094478249549866
Sample 25,Timer,0.19055216014385223
Sample 26,Moirai,0.5778871774673462
Sample 26,TimesFM,0.4221127927303314
Sample 27,Chronos,0.8307996392250061
Sample 27,Timer,0.1692003607749939
Sample 28,TimesFM,0.5413755178451538
Sample 28,Moirai,0.4586244523525238
Sample 29,Chronos,0.552432656288147
Sample 29,TimesFM,0.447567343711853
Sample 30,TimesFM,0.6776326298713684
Sample 30,Moirai,0.3223673701286316
Sample 31,Time-MoE,0.5516379475593567
Sample 31,Chronos,0.4483621120452881
Sample 0,Moirai,0.601206362247467
Sample 0,Chronos,0.39879369735717773
Sample 1,TimesFM,0.5231937170028687
Sample 1,Timer,0.47680628299713135
Sample 2,Moirai,0.5129814147949219
Sample 2,Timer,0.4870185852050781
Sample 3,Timer,0.5053540468215942
Sample 3,TimesFM,0.49464598298072815
Sample 4,Timer,0.6597323417663574
Sample 4,Chronos,0.34026768803596497
Sample 5,Chronos,0.6161248087882996
Sample 5,TimesFM,0.3838752508163452
Sample 6,Chronos,0.724753201007843
Sample 6,Timer,0.275246798992157
Sample 7,Time-MoE,0.5234700441360474
Sample 7,Chronos,0.47652995586395264
Sample 8,Chronos,0.5307580828666687
Sample 8,Time-MoE,0.4692419469356537
Sample 9,Chronos,0.7482176423072815
Sample 9,Timer,0.2517823874950409
Sample 10,Time-MoE,0.60283362865448
Sample 10,Moirai,0.3971664011478424
Sample 11,Time-MoE,0.5876325964927673
Sample 11,Moirai,0.41236743330955505
Sample 12,TimesFM,0.7710798978805542
Sample 12,Time-MoE,0.22892014682292938
Sample 13,Chronos,0.552115797996521
Sample 13,TimesFM,0.4478842318058014
Sample 14,Time-MoE,0.6598659753799438
Sample 14,Timer,0.3401340842247009
Sample 15,Chronos,0.5398811101913452
Sample 15,TimesFM,0.4601188600063324
Sample 16,Time-MoE,0.6808084845542908
Sample 16,TimesFM,0.3191915452480316
Sample 17,Chronos,0.7577200531959534
Sample 17,Timer,0.2422800064086914
Sample 18,Chronos,0.5780395269393921
Sample 18,Time-MoE,0.4219604432582855
Sample 19,TimesFM,0.5734745264053345
Sample 19,Moirai,0.4265254735946655
Sample 20,Time-MoE,0.766922116279602
Sample 20,Timer,0.23307789862155914
Sample 21,Chronos,0.6633867621421814
Sample 21,TimesFM,0.3366132378578186
Sample 22,Chronos,0.6502121686935425
Sample 22,Moirai,0.34978780150413513
Sample 23,TimesFM,0.5787131786346436
Sample 23,Moirai,0.42128682136535645
Sample 24,TimesFM,0.6706809401512146
Sample 24,Chronos,0.3293190598487854
Sample 25,Chronos,0.5643245577812195
Sample 25,Timer,0.43567538261413574
Sample 26,Chronos,0.81495600938797
Sample 26,TimesFM,0.18504397571086884
Sample 27,Time-MoE,0.5206108689308167
Sample 27,TimesFM,0.47938916087150574
Sample 28,Chronos,0.5388368964195251
Sample 28,Moirai,0.46116310358047485
Sample 29,Chronos,0.7627733945846558
Sample 29,Moirai,0.23722659051418304
Sample 30,Time-MoE,0.5565255880355835
Sample 30,Timer,0.4434743821620941
Sample 31,Time-MoE,0.751182496547699
Sample 31,Timer,0.24881750345230103
Sample 0,Timer,0.7960140705108643
Sample 0,Time-MoE,0.20398592948913574
Sample 1,Chronos,0.7169889211654663
Sample 1,Timer,0.28301113843917847
Sample 2,Time-MoE,0.531406581401825
Sample 2,TimesFM,0.46859344840049744
Sample 3,Time-MoE,0.551292896270752
Sample 3,Moirai,0.44870710372924805
Sample 4,Time-MoE,0.5441306829452515
Sample 4,Moirai,0.45586928725242615
Sample 5,Time-MoE,0.6761326789855957
Sample 5,Moirai,0.3238673508167267
Sample 6,Moirai,0.5467609167098999
Sample 6,Timer,0.4532390534877777
Sample 7,Timer,0.616142213344574
Sample 7,Chronos,0.383857786655426
Sample 8,Timer,0.5389045476913452
Sample 8,Chronos,0.46109539270401
Sample 9,Moirai,0.5516414642333984
Sample 9,Chronos,0.4483585059642792
Sample 10,Moirai,0.8109167814254761
Sample 10,Chronos,0.1890832632780075
Sample 11,Chronos,0.6470934748649597
Sample 11,TimesFM,0.3529065251350403
Sample 12,Moirai,0.51023268699646
Sample 12,Chronos,0.4897673428058624
Sample 13,TimesFM,0.5172175765037537
Sample 13,Time-MoE,0.48278239369392395
Sample 14,Moirai,0.6359714865684509
Sample 14,TimesFM,0.3640285134315491
Sample 15,TimesFM,0.6262783408164978
Sample 15,Time-MoE,0.3737216889858246
Sample 16,Moirai,0.5915689468383789
Sample 16,Timer,0.4084310531616211
Sample 17,Chronos,0.6806113123893738
Sample 17,Timer,0.3193887174129486
Sample 18,Timer,0.6604516506195068
Sample 18,Moirai,0.3395482897758484
Sample 19,Time-MoE,0.5436450839042664
Sample 19,Moirai,0.45635494589805603
Sample 20,TimesFM,0.6145837903022766
Sample 20,Chronos,0.3854161500930786
Sample 21,Time-MoE,0.5637990236282349
Sample 21,Timer,0.4362010061740875
Sample 22,TimesFM,0.5338431000709534
Sample 22,Timer,0.46615689992904663
Sample 23,Timer,0.8876148462295532
Sample 23,Chronos,0.11238520592451096
Sample 24,Timer,0.6744998693466187
Sample 24,Time-MoE,0.32550013065338135
Sample 25,TimesFM,0.6610472202301025
Sample 25,Moirai,0.33895277976989746
Sample 26,TimesFM,0.5821248888969421
Sample 26,Timer,0.41787517070770264
Sample 27,Timer,0.6174029111862183
Sample 27,Time-MoE,0.38259702920913696
Sample 28,Timer,0.6255594491958618
Sample 28,Moirai,0.3744405508041382
Sample 29,Chronos,0.8516342639923096
Sample 29,Moirai,0.14836566150188446
Sample 30,Timer,0.5849502086639404
Sample 30,TimesFM,0.4150497615337372
Sample 31,TimesFM,0.6339600682258606
Sample 31,Moirai,0.3660399615764618
Sample 0,Chronos,0.5795243382453918
Sample 0,Moirai,0.4204756021499634
Sample 1,Time-MoE,0.6924424767494202
Sample 1,Moirai,0.30755752325057983
Sample 2,Chronos,0.5920659303665161
Sample 2,Timer,0.4079340398311615
Sample 3,Timer,0.5134292244911194
Sample 3,Moirai,0.486570805311203
Sample 4,Moirai,0.7105290293693542
Sample 4,Chronos,0.28947094082832336
Sample 5,Moirai,0.5191615223884583
Sample 5,Timer,0.480838418006897
Sample 6,Moirai,0.6870668530464172
Sample 6,Chronos,0.31293314695358276
Sample 7,Time-MoE,0.5946217179298401
Sample 7,TimesFM,0.4053782522678375
Sample 8,Time-MoE,0.5027616620063782
Sample 8,Moirai,0.4972383379936218
Sample 9,TimesFM,0.5110257267951965
Sample 9,Time-MoE,0.4889742434024811
Sample 10,Moirai,0.5405056476593018
Sample 10,Time-MoE,0.45949432253837585
Sample 11,Time-MoE,0.5765917301177979
Sample 11,Chronos,0.42340824007987976
Sample 12,Timer,0.5729748010635376
Sample 12,Moirai,0.4270252287387848
Sample 13,TimesFM,0.6356536149978638
Sample 13,Moirai,0.36434632539749146
Sample 14,TimesFM,0.6305513978004456
Sample 14,Time-MoE,0.36944860219955444
Sample 15,Time-MoE,0.53513103723526
Sample 15,Chronos,0.4648689925670624
Sample 16,Chronos,0.5187804698944092
Sample 16,TimesFM,0.4812195301055908
Sample 17,Moirai,0.5418612360954285
Sample 17,Timer,0.4581387937068939
Sample 18,Time-MoE,0.7834973335266113
Sample 18,Moirai,0.21650266647338867
Sample 19,Timer,0.5204227566719055
Sample 19,TimesFM,0.4795772433280945
Sample 20,Time-MoE,0.6562005281448364
Sample 20,TimesFM,0.34379950165748596
Sample 21,TimesFM,0.6274910569190979
Sample 21,Chronos,0.3725089430809021
Sample 22,Moirai,0.581642210483551
Sample 22,Chronos,0.41835781931877136
Sample 23,Chronos,0.5081074237823486
Sample 23,Time-MoE,0.49189257621765137
Sample 24,Timer,0.575323224067688
Sample 24,Time-MoE,0.4246768355369568
Sample 25,Time-MoE,0.6411373019218445
Sample 25,Moirai,0.35886266827583313
Sample 26,Time-MoE,0.6133121848106384
Sample 26,Timer,0.38668784499168396
Sample 27,Chronos,0.5922757983207703
Sample 27,Moirai,0.40772417187690735
Sample 28,Chronos,0.6024821400642395
Sample 28,Timer,0.3975178301334381
Sample 29,Time-MoE,0.7633708715438843
Sample 29,Chronos,0.23662905395030975
Sample 30,TimesFM,0.6094843149185181
Sample 30,Moirai,0.39051565527915955
Sample 31,Moirai,0.7531133890151978
Sample 31,Chronos,0.24688656628131866
Sample 0,Moirai,0.5839173793792725
Sample 0,Time-MoE,0.41608262062072754
Sample 1,Time-MoE,0.612197756767273
Sample 1,TimesFM,0.38780221343040466
Sample 2,TimesFM,0.5866588354110718
Sample 2,Moirai,0.41334110498428345
Sample 3,TimesFM,0.5771867036819458
Sample 3,Time-MoE,0.4228132963180542
Sample 4,Chronos,0.6979230046272278
Sample 4,TimesFM,0.3020769953727722
Sample 5,Time-MoE,0.6211068034172058
Sample 5,Chronos,0.3788931369781494
Sample 6,Moirai,0.6813812851905823
Sample 6,Timer,0.3186187446117401
Sample 7,Time-MoE,0.6265221834182739
Sample 7,TimesFM,0.3734777867794037
Sample 8,Time-MoE,0.5401976704597473
Sample 8,Moirai,0.4598023295402527
Sample 9,Chronos,0.7173731327056885
Sample 9,Time-MoE,0.28262683749198914
Sample 10,Chronos,0.7454843521118164
Sample 10,Timer,0.2545156478881836
Sample 11,Time-MoE,0.6767613887786865
Sample 11,Chronos,0.3232385516166687
Sample 12,Moirai,0.5424758791923523
Sample 12,Chronos,0.4575241506099701
Sample 13,Time-MoE,0.6654135584831238
Sample 13,Moirai,0.33458638191223145
Sample 14,Time-MoE,0.5862479209899902
Sample 14,Chronos,0.41375207901000977
Sample 15,Time-MoE,0.7916824817657471
Sample 15,Timer,0.20831751823425293
Sample 16,Chronos,0.6188704371452332
Sample 16,Timer,0.38112956285476685
Sample 17,Time-MoE,0.6338706016540527
Sample 17,Moirai,0.36612939834594727
Sample 18,Chronos,0.7662570476531982
Sample 18,Moirai,0.23374295234680176
Sample 19,Timer,0.5192381739616394
Sample 19,TimesFM,0.4807618260383606
Sample 20,Chronos,0.5601639151573181
Sample 20,Moirai,0.4398360550403595
Sample 21,Time-MoE,0.9384938478469849
Sample 21,Timer,0.061506133526563644
Sample 22,Moirai,0.5417854189872742
Sample 22,Chronos,0.4582146108150482
Sample 23,Moirai,0.5577624440193176
Sample 23,Timer,0.4422375559806824
Sample 24,Time-MoE,0.5038129687309265
Sample 24,Moirai,0.4961870610713959
Sample 25,Moirai,0.5101232528686523
Sample 25,TimesFM,0.48987671732902527
Sample 26,Moirai,0.5127217173576355
Sample 26,Timer,0.4872783124446869
Sample 27,Chronos,0.5498046875
Sample 27,Moirai,0.4501952528953552
Sample 28,Chronos,0.6026073694229126
Sample 28,TimesFM,0.3973926603794098
Sample 29,TimesFM,0.7152871489524841
Sample 29,Moirai,0.28471285104751587
Sample 30,Moirai,0.5922629237174988
Sample 30,Chronos,0.4077370762825012
Sample 31,Moirai,0.5211541056632996
Sample 31,TimesFM,0.47884586453437805
Sample 0,Time-MoE,0.6928642988204956
Sample 0,Moirai,0.3071356415748596
Sample 1,Time-MoE,0.6416550874710083
Sample 1,TimesFM,0.3583449125289917
Sample 2,Time-MoE,0.5237059593200684
Sample 2,TimesFM,0.47629404067993164
Sample 3,TimesFM,0.6736429929733276
Sample 3,Chronos,0.32635703682899475
Sample 4,Chronos,0.6914703845977783
Sample 4,Timer,0.30852964520454407
Sample 5,TimesFM,0.7497860193252563
Sample 5,Moirai,0.25021401047706604
Sample 6,Chronos,0.6627799868583679
Sample 6,TimesFM,0.3372200131416321
Sample 7,Timer,0.9577358365058899
Sample 7,Moirai,0.04226415604352951
Sample 8,Timer,0.5214697122573853
Sample 8,Chronos,0.47853031754493713
Sample 9,Moirai,0.6769365668296814
Sample 9,Timer,0.3230634331703186
Sample 10,Chronos,0.6730710864067078
Sample 10,Moirai,0.3269289433956146
Sample 11,Moirai,0.503612220287323
Sample 11,TimesFM,0.4963878393173218
Sample 12,Chronos,0.5802028179168701
Sample 12,Timer,0.4197971820831299
Sample 13,Timer,0.5428118109703064
Sample 13,TimesFM,0.4571881890296936
Sample 14,Time-MoE,0.5112939476966858
Sample 14,Timer,0.4887060523033142
Sample 15,TimesFM,0.5868692994117737
Sample 15,Moirai,0.41313064098358154
Sample 16,Time-MoE,0.7215225100517273
Sample 16,Timer,0.2784775495529175
Sample 17,Moirai,0.5379583239555359
Sample 17,Time-MoE,0.4620416462421417
Sample 18,Timer,0.7886518836021423
Sample 18,Time-MoE,0.2113480418920517
Sample 19,Timer,0.583708643913269
Sample 19,Moirai,0.41629138588905334
Sample 20,Chronos,0.5636782646179199
Sample 20,Timer,0.4363217055797577
Sample 21,Moirai,0.5154441595077515
Sample 21,Timer,0.48455584049224854
Sample 22,Time-MoE,0.9232397675514221
Sample 22,Timer,0.07676024734973907
Sample 23,Time-MoE,0.8913329243659973
Sample 23,TimesFM,0.10866706818342209
Sample 24,Chronos,0.5757929086685181
Sample 24,TimesFM,0.4242071509361267
Sample 25,TimesFM,0.6619523167610168
Sample 25,Timer,0.33804765343666077
Sample 26,Moirai,0.7438197135925293
Sample 26,Chronos,0.2561803162097931
Sample 27,Chronos,0.640582263469696
Sample 27,TimesFM,0.35941770672798157
Sample 28,Chronos,0.5110481381416321
Sample 28,Moirai,0.4889518916606903
Sample 29,TimesFM,0.6488530039787292
Sample 29,Timer,0.35114699602127075
Sample 30,Time-MoE,0.7499563694000244
Sample 30,Moirai,0.2500436305999756
Sample 31,Chronos,0.7390094995498657
Sample 31,Timer,0.2609905004501343
Sample 0,Timer,0.5533490777015686
Sample 0,TimesFM,0.44665098190307617
Sample 1,Chronos,0.7223199605941772
Sample 1,Timer,0.27768006920814514
Sample 2,TimesFM,0.7030616402626038
Sample 2,Chronos,0.29693835973739624
Sample 3,TimesFM,0.5046326518058777
Sample 3,Moirai,0.4953673481941223
Sample 4,Chronos,0.5475090146064758
Sample 4,Moirai,0.45249101519584656
Sample 5,TimesFM,0.6339046359062195
Sample 5,Chronos,0.3660953640937805
Sample 6,Timer,0.7781177163124084
Sample 6,Chronos,0.22188225388526917
Sample 7,Chronos,0.7612789869308472
Sample 7,Time-MoE,0.23872095346450806
Sample 8,Moirai,0.6746644973754883
Sample 8,Chronos,0.32533544301986694
Sample 9,Time-MoE,0.5573931932449341
Sample 9,Chronos,0.4426068067550659
Sample 10,TimesFM,0.6690075993537903
Sample 10,Moirai,0.3309924006462097
Sample 11,Moirai,0.609527587890625
Sample 11,Chronos,0.390472412109375
Sample 12,Chronos,0.84275221824646
Sample 12,Time-MoE,0.15724778175354004
Sample 13,TimesFM,0.7398359179496765
Sample 13,Chronos,0.2601640820503235
Sample 14,Moirai,0.5590450167655945
Sample 14,Chronos,0.4409550130367279
Sample 15,Timer,0.5379183292388916
Sample 15,TimesFM,0.4620817303657532
Sample 0,Time-MoE,0.760627031326294
Sample 0,Timer,0.23937296867370605
Sample 1,TimesFM,0.5276330709457397
Sample 1,Chronos,0.47236695885658264
Sample 2,Time-MoE,0.6636140942573547
Sample 2,Chronos,0.33638593554496765
Sample 3,TimesFM,0.5617663264274597
Sample 3,Timer,0.4382336437702179
Sample 4,Chronos,0.5728797912597656
Sample 4,Timer,0.42712023854255676
Sample 5,Chronos,0.775049090385437
Sample 5,Timer,0.22495095431804657
Sample 6,Time-MoE,0.6820482015609741
Sample 6,Moirai,0.31795185804367065
Sample 7,Timer,0.519239604473114
Sample 7,TimesFM,0.4807603359222412
Sample 8,TimesFM,0.5547618865966797
Sample 8,Chronos,0.4452380836009979
Sample 9,Timer,0.5334828495979309
Sample 9,Moirai,0.4665171205997467
Sample 10,TimesFM,0.597281277179718
Sample 10,Time-MoE,0.4027186632156372
Sample 11,Time-MoE,0.7383801341056824
Sample 11,Moirai,0.2616198658943176
Sample 12,Chronos,0.5722662210464478
Sample 12,Time-MoE,0.42773377895355225
Sample 13,Timer,0.5097333192825317
Sample 13,TimesFM,0.49026668071746826
Sample 14,TimesFM,0.7267477512359619
Sample 14,Timer,0.2732522785663605
Sample 15,TimesFM,0.6742525100708008
Sample 15,Timer,0.3257474899291992
Sample 16,Timer,0.7194299101829529
Sample 16,Time-MoE,0.2805701196193695
Sample 17,Moirai,0.6040558815002441
Sample 17,Chronos,0.39594411849975586
Sample 18,Chronos,0.5796157717704773
Sample 18,TimesFM,0.4203842282295227
Sample 19,Moirai,0.5662941932678223
Sample 19,Timer,0.43370574712753296
Sample 20,TimesFM,0.584078848361969
Sample 20,Moirai,0.4159211218357086
Sample 21,Moirai,0.623968243598938
Sample 21,Timer,0.37603169679641724
Sample 22,Chronos,0.7144782543182373
Sample 22,Moirai,0.2855216860771179
Sample 23,Timer,0.7811586856842041
Sample 23,TimesFM,0.2188412845134735
Sample 24,Timer,0.5196596384048462
Sample 24,Time-MoE,0.4803403317928314
Sample 25,Moirai,0.5592882633209229
Sample 25,Chronos,0.44071173667907715
Sample 26,Moirai,0.7287623286247253
Sample 26,Timer,0.27123770117759705
Sample 27,Chronos,0.586091160774231
Sample 27,Timer,0.41390883922576904
Sample 28,Chronos,0.6656696796417236
Sample 28,Time-MoE,0.33433035016059875
Sample 29,Moirai,0.5258857011795044
Sample 29,Chronos,0.4741142690181732
Sample 30,Chronos,0.5906490087509155
Sample 30,Moirai,0.4093509912490845
Sample 31,Timer,0.5719247460365295
Sample 31,TimesFM,0.4280751943588257
Sample 0,Moirai,0.6672900915145874
Sample 0,Chronos,0.3327098488807678
Sample 1,TimesFM,0.560175359249115
Sample 1,Timer,0.4398246705532074
Sample 2,TimesFM,0.644324541091919
Sample 2,Time-MoE,0.35567542910575867
Sample 3,TimesFM,0.550234854221344
Sample 3,Chronos,0.4497651159763336
Sample 4,TimesFM,0.5654411315917969
Sample 4,Moirai,0.43455880880355835
Sample 5,Chronos,0.6569546461105347
Sample 5,Moirai,0.34304535388946533
Sample 6,Timer,0.5034530162811279
Sample 6,Moirai,0.4965469539165497
Sample 7,Timer,0.7117096781730652
Sample 7,Moirai,0.2882903218269348
Sample 8,Moirai,0.5910918116569519
Sample 8,TimesFM,0.4089081883430481
Sample 9,Time-MoE,0.5997443199157715
Sample 9,Timer,0.4002557396888733
Sample 10,Moirai,0.5202603936195374
Sample 10,Chronos,0.47973957657814026
Sample 11,Time-MoE,0.5523614287376404
Sample 11,TimesFM,0.447638601064682
Sample 12,Time-MoE,0.7519638538360596
Sample 12,Timer,0.24803616106510162
Sample 13,TimesFM,0.5119729042053223
Sample 13,Timer,0.48802709579467773
Sample 14,TimesFM,0.8032445311546326
Sample 14,Timer,0.19675542414188385
Sample 15,Time-MoE,0.7920264601707458
Sample 15,TimesFM,0.20797353982925415
Sample 16,Timer,0.7423514127731323
Sample 16,Time-MoE,0.25764864683151245
Sample 17,Moirai,0.6777639389038086
Sample 17,Time-MoE,0.3222360610961914
Sample 18,Chronos,0.7317574620246887
Sample 18,TimesFM,0.2682425081729889
Sample 19,TimesFM,0.5912372469902039
Sample 19,Timer,0.40876275300979614
Sample 20,Moirai,0.6308856010437012
Sample 20,Timer,0.3691144585609436
Sample 21,Moirai,0.5390082001686096
Sample 21,Timer,0.46099182963371277
Sample 22,Chronos,0.6203595399856567
Sample 22,Moirai,0.37964051961898804
Sample 23,Timer,0.9047168493270874
Sample 23,Chronos,0.09528318792581558
Sample 24,Chronos,0.5773093700408936
Sample 24,Moirai,0.42269062995910645
Sample 25,Chronos,0.5965871214866638
Sample 25,TimesFM,0.4034128785133362
Sample 26,Timer,0.5933209657669067
Sample 26,Time-MoE,0.40667903423309326
Sample 27,TimesFM,0.5882118344306946
Sample 27,Time-MoE,0.4117881953716278
Sample 28,Chronos,0.5182551741600037
Sample 28,TimesFM,0.4817448556423187
Sample 29,Chronos,0.6999915242195129
Sample 29,Time-MoE,0.30000847578048706
Sample 30,TimesFM,0.9545484185218811
Sample 30,Timer,0.04545160382986069
Sample 31,Moirai,0.6738367676734924
Sample 31,Time-MoE,0.32616326212882996
Sample 0,Timer,0.7607065439224243
Sample 0,TimesFM,0.23929345607757568
Sample 1,Chronos,0.5655691623687744
Sample 1,TimesFM,0.434430867433548
Sample 2,TimesFM,0.5534271001815796
Sample 2,Moirai,0.4465729296207428
Sample 3,Chronos,0.7387967705726624
Sample 3,Moirai,0.26120325922966003
Sample 4,Chronos,0.5439162850379944
Sample 4,Moirai,0.4560837149620056
Sample 5,TimesFM,0.6912712454795837
Sample 5,Timer,0.30872875452041626
Sample 6,TimesFM,0.5517458319664001
Sample 6,Chronos,0.44825416803359985
Sample 7,Moirai,0.5916965007781982
Sample 7,Chronos,0.40830346941947937
Sample 8,Timer,0.5658543705940247
Sample 8,Chronos,0.43414556980133057
Sample 9,Moirai,0.6961484551429749
Sample 9,Time-MoE,0.30385151505470276
Sample 10,TimesFM,0.7225596904754639
Sample 10,Chronos,0.27744030952453613
Sample 11,TimesFM,0.6535601019859314
Sample 11,Timer,0.3464398980140686
Sample 12,TimesFM,0.6454897522926331
Sample 12,Moirai,0.35451027750968933
Sample 13,Moirai,0.5966295599937439
Sample 13,TimesFM,0.4033704698085785
Sample 14,TimesFM,0.504427433013916
Sample 14,Timer,0.49557259678840637
Sample 15,Time-MoE,0.9017283916473389
Sample 15,Chronos,0.09827156364917755
Sample 16,Moirai,0.6250507235527039
Sample 16,TimesFM,0.3749493360519409
Sample 17,TimesFM,0.6852777004241943
Sample 17,Chronos,0.3147222399711609
Sample 18,TimesFM,0.6050038933753967
Sample 18,Chronos,0.3949960470199585
Sample 19,Timer,0.7064733505249023
Sample 19,Chronos,0.29352670907974243
Sample 20,Time-MoE,0.5871328115463257
Sample 20,Moirai,0.4128671884536743
Sample 21,Chronos,0.6348447203636169
Sample 21,Moirai,0.36515530943870544
Sample 22,TimesFM,0.5671921968460083
Sample 22,Timer,0.4328078031539917
Sample 23,Time-MoE,0.7900459170341492
Sample 23,TimesFM,0.2099541276693344
Sample 24,Chronos,0.623246967792511
Sample 24,Moirai,0.376753032207489
Sample 25,Time-MoE,0.623781144618988
Sample 25,Chronos,0.37621888518333435
Sample 26,Moirai,0.5741082429885864
Sample 26,Time-MoE,0.4258917272090912
Sample 27,Time-MoE,0.6862627267837524
Sample 27,Timer,0.31373730301856995
Sample 28,Moirai,0.5257396101951599
Sample 28,Timer,0.4742603898048401
Sample 29,TimesFM,0.633338212966919
Sample 29,Moirai,0.3666617274284363
Sample 30,Chronos,0.7620012164115906
Sample 30,Timer,0.23799879848957062
Sample 31,Time-MoE,0.7327147722244263
Sample 31,TimesFM,0.26728522777557373
Sample 0,Time-MoE,0.5726059675216675
Sample 0,Timer,0.4273940324783325
Sample 1,TimesFM,0.5391877293586731
Sample 1,Timer,0.4608123004436493
Sample 2,Time-MoE,0.7812948226928711
Sample 2,TimesFM,0.2187051624059677
Sample 3,Timer,0.5645173192024231
Sample 3,TimesFM,0.43548262119293213
Sample 4,Moirai,0.7191284894943237
Sample 4,Time-MoE,0.28087154030799866
Sample 5,Moirai,0.6384145021438599
Sample 5,Time-MoE,0.3615855276584625
Sample 6,Time-MoE,0.5382025837898254
Sample 6,TimesFM,0.46179741621017456
Sample 7,TimesFM,0.6251990795135498
Sample 7,Timer,0.3748009204864502
Sample 8,Timer,0.6848639249801636
Sample 8,TimesFM,0.31513604521751404
Sample 9,Time-MoE,0.5091086030006409
Sample 9,Timer,0.49089136719703674
Sample 10,TimesFM,0.8595365881919861
Sample 10,Time-MoE,0.14046336710453033
Sample 11,TimesFM,0.7579151391983032
Sample 11,Moirai,0.24208484590053558
Sample 12,Timer,0.7038285136222839
Sample 12,Time-MoE,0.29617154598236084
Sample 13,Time-MoE,0.6758871078491211
Sample 13,Moirai,0.32411283254623413
Sample 14,TimesFM,0.6358863711357117
Sample 14,Moirai,0.36411362886428833
Sample 15,Timer,0.5460987687110901
Sample 15,Chronos,0.4539012610912323
Sample 16,Moirai,0.8850444555282593
Sample 16,TimesFM,0.11495554447174072
Sample 17,Time-MoE,0.6775258183479309
Sample 17,Chronos,0.3224741816520691
Sample 18,Time-MoE,0.5711048245429993
Sample 18,Timer,0.42889514565467834
Sample 19,Chronos,0.6365054845809937
Sample 19,Timer,0.36349451541900635
Sample 20,Time-MoE,0.5073989629745483
Sample 20,Moirai,0.49260103702545166
Sample 21,TimesFM,0.5724870562553406
Sample 21,Chronos,0.42751291394233704
Sample 22,Moirai,0.5068877339363098
Sample 22,Chronos,0.4931122958660126
Sample 23,Chronos,0.7417338490486145
Sample 23,TimesFM,0.2582661211490631
Sample 24,Time-MoE,0.5518091917037964
Sample 24,Moirai,0.4481907784938812
Sample 25,TimesFM,0.5445646643638611
Sample 25,Chronos,0.4554353654384613
Sample 26,Chronos,0.5065072178840637
Sample 26,TimesFM,0.4934927821159363
Sample 27,Chronos,0.9123290181159973
Sample 27,TimesFM,0.08767103403806686
Sample 28,Timer,0.5495828986167908
Sample 28,Chronos,0.4504171311855316
Sample 29,Timer,0.5569350719451904
Sample 29,Time-MoE,0.44306492805480957
Sample 30,Chronos,0.7380781769752502
Sample 30,TimesFM,0.26192182302474976
Sample 31,Moirai,0.5098432302474976
Sample 31,TimesFM,0.49015673995018005
Sample 0,Moirai,0.6199065446853638
Sample 0,TimesFM,0.38009345531463623
Sample 1,TimesFM,0.5753200650215149
Sample 1,Chronos,0.4246799945831299
Sample 2,TimesFM,0.6623857617378235
Sample 2,Moirai,0.3376142680644989
Sample 3,Timer,0.5750117301940918
Sample 3,Time-MoE,0.4249882996082306
Sample 4,TimesFM,0.6482523083686829
Sample 4,Moirai,0.3517477214336395
Sample 5,Moirai,0.5906987190246582
Sample 5,Chronos,0.4093012511730194
Sample 6,Timer,0.6465105414390564
Sample 6,Time-MoE,0.3534894585609436
Sample 7,Time-MoE,0.6816375255584717
Sample 7,Moirai,0.3183625340461731
Sample 8,Chronos,0.573713481426239
Sample 8,Time-MoE,0.426286518573761
Sample 9,TimesFM,0.5560750365257263
Sample 9,Chronos,0.4439249038696289
Sample 10,Time-MoE,0.585443913936615
Sample 10,Timer,0.414556086063385
Sample 11,Moirai,0.6766374111175537
Sample 11,TimesFM,0.3233625590801239
Sample 12,Time-MoE,0.7388930916786194
Sample 12,TimesFM,0.261106938123703
Sample 13,TimesFM,0.6184099316596985
Sample 13,Chronos,0.3815900385379791
Sample 14,Time-MoE,0.9400952458381653
Sample 14,Chronos,0.05990472063422203
Sample 15,Chronos,0.5872401595115662
Sample 15,TimesFM,0.41275981068611145
Sample 16,Moirai,0.6349481344223022
Sample 16,Chronos,0.36505186557769775
Sample 17,Time-MoE,0.7009071111679077
Sample 17,Moirai,0.2990928888320923
Sample 18,Time-MoE,0.6256723999977112
Sample 18,Timer,0.37432757019996643
Sample 19,Chronos,0.6682244539260864
Sample 19,Timer,0.3317754864692688
Sample 20,Timer,0.6199334859848022
Sample 20,Time-MoE,0.38006651401519775
Sample 21,Time-MoE,0.7015581727027893
Sample 21,TimesFM,0.2984417974948883
Sample 22,Chronos,0.5437870621681213
Sample 22,Timer,0.4562129080295563
Sample 23,Moirai,0.5400349497795105
Sample 23,Chronos,0.4599650502204895
Sample 24,Moirai,0.69264817237854
Sample 24,TimesFM,0.3073517978191376
Sample 25,Timer,0.530117392539978
Sample 25,Time-MoE,0.469882607460022
Sample 26,Timer,0.5266196131706238
Sample 26,Time-MoE,0.47338035702705383
Sample 27,Moirai,0.5278272032737732
Sample 27,Time-MoE,0.4721727669239044
Sample 28,Time-MoE,0.6746334433555603
Sample 28,Chronos,0.3253666162490845
Sample 29,Chronos,0.5000266432762146
Sample 29,TimesFM,0.4999733865261078
Sample 30,Time-MoE,0.5068198442459106
Sample 30,Moirai,0.49318018555641174
Sample 31,Timer,0.747612714767456
Sample 31,TimesFM,0.25238728523254395
Sample 0,Timer,0.7742719650268555
Sample 0,Time-MoE,0.22572806477546692
Sample 1,Moirai,0.62333083152771
Sample 1,Time-MoE,0.37666913866996765
Sample 2,Moirai,0.732616662979126
Sample 2,Chronos,0.26738330721855164
Sample 3,Chronos,0.7259377241134644
Sample 3,Moirai,0.27406227588653564
Sample 4,TimesFM,0.7808515429496765
Sample 4,Time-MoE,0.2191484123468399
Sample 5,Time-MoE,0.5885961055755615
Sample 5,Moirai,0.41140392422676086
Sample 6,Chronos,0.8226829767227173
Sample 6,Time-MoE,0.17731697857379913
Sample 7,Timer,0.5918117165565491
Sample 7,Moirai,0.40818825364112854
Sample 8,Timer,0.6257607936859131
Sample 8,TimesFM,0.3742392063140869
Sample 9,Chronos,0.5785794854164124
Sample 9,Moirai,0.42142051458358765
Sample 10,Chronos,0.5037930011749268
Sample 10,TimesFM,0.49620699882507324
Sample 11,TimesFM,0.7142566442489624
Sample 11,Timer,0.2857433259487152
Sample 12,Chronos,0.7258073091506958
Sample 12,Moirai,0.2741926610469818
Sample 13,Time-MoE,0.682479739189148
Sample 13,Chronos,0.31752023100852966
Sample 14,Moirai,0.6838988065719604
Sample 14,Time-MoE,0.3161011338233948
Sample 15,Chronos,0.5531059503555298
Sample 15,TimesFM,0.4468940496444702
Sample 16,Chronos,0.5817543268203735
Sample 16,Time-MoE,0.41824567317962646
Sample 17,Chronos,0.6693758368492126
Sample 17,Timer,0.33062416315078735
Sample 18,Chronos,0.5403348803520203
Sample 18,Moirai,0.45966508984565735
Sample 19,Chronos,0.5766165852546692
Sample 19,Timer,0.4233833849430084
Sample 20,Chronos,0.6347194910049438
Sample 20,Time-MoE,0.3652804493904114
Sample 21,Chronos,0.5099026560783386
Sample 21,TimesFM,0.4900973439216614
Sample 22,Time-MoE,0.6242001056671143
Sample 22,Timer,0.37579986453056335
Sample 23,Moirai,0.6179224848747253
Sample 23,TimesFM,0.38207748532295227
Sample 24,TimesFM,0.5425386428833008
Sample 24,Chronos,0.4574613869190216
Sample 25,Time-MoE,0.5211378335952759
Sample 25,TimesFM,0.4788621664047241
Sample 26,Moirai,0.5287184119224548
Sample 26,Timer,0.4712815582752228
Sample 27,Moirai,0.5758291482925415
Sample 27,Chronos,0.4241708219051361
Sample 28,Chronos,0.514258861541748
Sample 28,Timer,0.48574116826057434
Sample 29,Time-MoE,0.7173756957054138
Sample 29,Timer,0.2826243042945862
Sample 30,Time-MoE,0.6615095734596252
Sample 30,Moirai,0.33849048614501953
Sample 31,Time-MoE,0.6031435132026672
Sample 31,TimesFM,0.3968564569950104
Sample 0,Time-MoE,0.5142301917076111
Sample 0,Chronos,0.4857698082923889
Sample 1,Moirai,0.6174718141555786
Sample 1,Time-MoE,0.3825282156467438
Sample 2,Time-MoE,0.7738133072853088
Sample 2,TimesFM,0.22618673741817474
Sample 3,TimesFM,0.5835323929786682
Sample 3,Time-MoE,0.4164676368236542
Sample 4,Chronos,0.7034176588058472
Sample 4,TimesFM,0.2965823709964752
Sample 5,Timer,0.6042715907096863
Sample 5,TimesFM,0.3957284688949585
Sample 6,TimesFM,0.7897238731384277
Sample 6,Moirai,0.21027608215808868
Sample 7,Timer,0.6490283608436584
Sample 7,Time-MoE,0.35097163915634155
Sample 8,Moirai,0.5803996324539185
Sample 8,Time-MoE,0.41960033774375916
Sample 9,Time-MoE,0.784267008304596
Sample 9,Chronos,0.21573291718959808
Sample 10,Moirai,0.7251327633857727
Sample 10,Timer,0.2748672068119049
Sample 11,Timer,0.5112333297729492
Sample 11,TimesFM,0.48876670002937317
Sample 12,Chronos,0.5540257692337036
Sample 12,Timer,0.44597429037094116
Sample 13,Time-MoE,0.848753809928894
Sample 13,Chronos,0.15124623477458954
Sample 14,TimesFM,0.5477315783500671
Sample 14,Timer,0.4522683918476105
Sample 15,Moirai,0.5472801923751831
Sample 15,Timer,0.4527198076248169
Sample 0,Timer,0.6212905049324036
Sample 0,TimesFM,0.37870949506759644
Sample 1,Moirai,0.5209625363349915
Sample 1,Chronos,0.47903743386268616
Sample 2,Time-MoE,0.5050894618034363
Sample 2,TimesFM,0.4949105381965637
Sample 3,Timer,0.589755654335022
Sample 3,Time-MoE,0.41024428606033325
Sample 4,Chronos,0.8569227457046509
Sample 4,Timer,0.1430772840976715
Sample 5,Chronos,0.595165491104126
Sample 5,TimesFM,0.4048345386981964
Sample 6,Time-MoE,0.645922064781189
Sample 6,Moirai,0.3540779650211334
Sample 7,Moirai,0.5947613716125488
Sample 7,TimesFM,0.4052385985851288
Sample 8,Timer,0.535871148109436
Sample 8,TimesFM,0.46412885189056396
Sample 9,Moirai,0.7515029311180115
Sample 9,TimesFM,0.24849705398082733
Sample 10,Time-MoE,0.5058695673942566
Sample 10,Timer,0.4941304326057434
Sample 11,Chronos,0.6964762806892395
Sample 11,TimesFM,0.3035237491130829
Sample 12,Timer,0.6872548460960388
Sample 12,Chronos,0.3127450942993164
Sample 13,Time-MoE,0.7046775817871094
Sample 13,Chronos,0.2953224182128906
Sample 14,Timer,0.5180954337120056
Sample 14,Chronos,0.4819045662879944
Sample 15,Timer,0.5688589811325073
Sample 15,Time-MoE,0.43114107847213745
Sample 16,Timer,0.677987277507782
Sample 16,Time-MoE,0.32201269268989563
Sample 17,Moirai,0.6491678357124329
Sample 17,Timer,0.3508321940898895
Sample 18,Timer,0.6347549557685852
Sample 18,Chronos,0.3652450442314148
Sample 19,Time-MoE,0.64993816614151
Sample 19,Chronos,0.3500618040561676
Sample 20,TimesFM,0.5153689384460449
Sample 20,Chronos,0.4846310019493103
Sample 21,Chronos,0.6776248812675476
Sample 21,Time-MoE,0.32237508893013
Sample 22,TimesFM,0.5461931228637695
Sample 22,Chronos,0.4538068175315857
Sample 23,Chronos,0.6976534128189087
Sample 23,TimesFM,0.30234652757644653
Sample 24,Timer,0.5908273458480835
Sample 24,Time-MoE,0.4091726839542389
Sample 25,Chronos,0.630475640296936
Sample 25,TimesFM,0.3695243299007416
Sample 26,Chronos,0.5191077589988708
Sample 26,Moirai,0.48089221119880676
Sample 27,Chronos,0.6129416823387146
Sample 27,TimesFM,0.3870583176612854
Sample 28,Timer,0.8792973160743713
Sample 28,Moirai,0.12070266157388687
Sample 29,Timer,0.5535290241241455
Sample 29,Time-MoE,0.4464710056781769
Sample 30,Timer,0.610646665096283
Sample 30,Moirai,0.38935330510139465
Sample 31,Timer,0.8884912729263306
Sample 31,Time-MoE,0.11150867491960526
Sample 0,TimesFM,0.5869187712669373
Sample 0,Chronos,0.41308119893074036
Sample 1,TimesFM,0.6498621106147766
Sample 1,Moirai,0.3501378893852234
Sample 2,Time-MoE,0.6108415126800537
Sample 2,Chronos,0.3891584575176239
Sample 3,Moirai,0.5004550814628601
Sample 3,TimesFM,0.4995449185371399
Sample 4,TimesFM,0.6054762005805969
Sample 4,Chronos,0.3945237994194031
Sample 5,Time-MoE,0.6813060641288757
Sample 5,Timer,0.31869396567344666
Sample 6,Moirai,0.5768816471099854
Sample 6,Timer,0.42311835289001465
Sample 7,Moirai,0.610980212688446
Sample 7,TimesFM,0.38901975750923157
Sample 8,Chronos,0.5194873809814453
Sample 8,Timer,0.4805126190185547
Sample 9,TimesFM,0.5167849063873291
Sample 9,Time-MoE,0.4832150340080261
Sample 10,Moirai,0.542668879032135
Sample 10,Timer,0.457331120967865
Sample 11,Timer,0.5445645451545715
Sample 11,Moirai,0.45543551445007324
Sample 12,Time-MoE,0.5852569937705994
Sample 12,Timer,0.414743036031723
Sample 13,Chronos,0.5913633108139038
Sample 13,Time-MoE,0.4086366891860962
Sample 14,Moirai,0.5160502195358276
Sample 14,Time-MoE,0.48394981026649475
Sample 15,Moirai,0.533183217048645
Sample 15,TimesFM,0.46681681275367737
Sample 16,TimesFM,0.5538892149925232
Sample 16,Time-MoE,0.4461107850074768
Sample 17,Moirai,0.6215820908546448
Sample 17,TimesFM,0.37841787934303284
Sample 18,Moirai,0.5585344433784485
Sample 18,TimesFM,0.44146549701690674
Sample 19,Timer,0.6052291393280029
Sample 19,Time-MoE,0.3947708010673523
Sample 20,TimesFM,0.5609042048454285
Sample 20,Moirai,0.43909579515457153
Sample 21,Chronos,0.8310609459877014
Sample 21,TimesFM,0.1689390391111374
Sample 22,Time-MoE,0.5696043968200684
Sample 22,Timer,0.43039563298225403
Sample 23,Time-MoE,0.6911789774894714
Sample 23,Chronos,0.30882102251052856
Sample 24,Moirai,0.5845869183540344
Sample 24,Timer,0.41541314125061035
Sample 25,Timer,0.5137603282928467
Sample 25,Chronos,0.4862397015094757
Sample 26,Time-MoE,0.8112975358963013
Sample 26,Chronos,0.18870249390602112
Sample 27,Chronos,0.579168975353241
Sample 27,Time-MoE,0.42083102464675903
Sample 28,Chronos,0.6653508543968201
Sample 28,Timer,0.33464908599853516
Sample 29,TimesFM,0.5776668787002563
Sample 29,Timer,0.42233312129974365
Sample 30,TimesFM,0.864197313785553
Sample 30,Moirai,0.13580270111560822
Sample 31,Moirai,0.620820164680481
Sample 31,Timer,0.37917977571487427
Sample 0,Timer,0.8916062712669373
Sample 0,Chronos,0.10839370638132095
Sample 1,Moirai,0.5001756548881531
Sample 1,Chronos,0.4998243749141693
Sample 2,Time-MoE,0.5439254641532898
Sample 2,Moirai,0.45607447624206543
Sample 3,Chronos,0.5239049792289734
Sample 3,TimesFM,0.4760950803756714
Sample 4,TimesFM,0.5380266904830933
Sample 4,Chronos,0.46197330951690674
Sample 5,TimesFM,0.5836858749389648
Sample 5,Chronos,0.41631412506103516
Sample 6,TimesFM,0.5671676397323608
Sample 6,Time-MoE,0.43283239006996155
Sample 7,Chronos,0.6474802494049072
Sample 7,Time-MoE,0.3525197207927704
Sample 8,Chronos,0.5655997395515442
Sample 8,Time-MoE,0.4344002902507782
Sample 9,TimesFM,0.5746576189994812
Sample 9,Chronos,0.4253423511981964
Sample 10,TimesFM,0.5037134885787964
Sample 10,Moirai,0.4962865114212036
Sample 11,TimesFM,0.6336600184440613
Sample 11,Timer,0.36633995175361633
Sample 12,Timer,0.540056586265564
Sample 12,Chronos,0.45994341373443604
Sample 13,TimesFM,0.5460959076881409
Sample 13,Moirai,0.45390403270721436
Sample 14,Chronos,0.7571138739585876
Sample 14,Timer,0.24288617074489594
Sample 15,Timer,0.6494622826576233
Sample 15,TimesFM,0.3505377173423767
Sample 16,TimesFM,0.5115276575088501
Sample 16,Moirai,0.4884723424911499
Sample 17,Chronos,0.5757105946540833
Sample 17,Moirai,0.42428937554359436
Sample 18,Chronos,0.8208701014518738
Sample 18,Time-MoE,0.17912986874580383
Sample 19,Moirai,0.5167178511619568
Sample 19,TimesFM,0.4832821488380432
Sample 20,Time-MoE,0.6069790124893188
Sample 20,Chronos,0.39302095770835876
Sample 21,TimesFM,0.6140748858451843
Sample 21,Moirai,0.38592514395713806
Sample 22,Chronos,0.5729868412017822
Sample 22,Time-MoE,0.4270131587982178
Sample 23,TimesFM,0.5396844744682312
Sample 23,Time-MoE,0.4603155851364136
Sample 24,Timer,0.583941638469696
Sample 24,Moirai,0.4160583019256592
Sample 25,Moirai,0.6857234239578247
Sample 25,Timer,0.3142766058444977
Sample 26,Moirai,0.5690826177597046
Sample 26,Time-MoE,0.4309173822402954
Sample 27,Chronos,0.7130187153816223
Sample 27,Time-MoE,0.28698134422302246
Sample 28,Moirai,0.524800717830658
Sample 28,Time-MoE,0.47519925236701965
Sample 29,TimesFM,0.6104922294616699
Sample 29,Time-MoE,0.3895077705383301
Sample 30,TimesFM,0.5043272376060486
Sample 30,Chronos,0.4956727921962738
Sample 31,Timer,0.5635697245597839
Sample 31,Time-MoE,0.43643027544021606
Sample 0,Time-MoE,0.7655917406082153
Sample 0,Moirai,0.23440827429294586
Sample 1,TimesFM,0.6635331511497498
Sample 1,Chronos,0.33646681904792786
Sample 2,TimesFM,0.5992873311042786
Sample 2,Chronos,0.40071266889572144
Sample 3,Timer,0.5170376300811768
Sample 3,TimesFM,0.48296239972114563
Sample 4,TimesFM,0.605526864528656
Sample 4,Moirai,0.3944731652736664
Sample 5,Moirai,0.678619921207428
Sample 5,TimesFM,0.32138004899024963
Sample 6,Chronos,0.5187225341796875
Sample 6,Moirai,0.4812774658203125
Sample 7,Time-MoE,0.6238452196121216
Sample 7,Chronos,0.3761548101902008
Sample 8,Time-MoE,0.5003713965415955
Sample 8,Chronos,0.49962863326072693
Sample 9,Time-MoE,0.7280173301696777
Sample 9,Moirai,0.27198269963264465
Sample 10,Timer,0.573975682258606
Sample 10,TimesFM,0.42602431774139404
Sample 11,Time-MoE,0.8027161955833435
Sample 11,Chronos,0.1972838193178177
Sample 12,Moirai,0.5361961722373962
Sample 12,Time-MoE,0.46380379796028137
Sample 13,Time-MoE,0.6056956052780151
Sample 13,Timer,0.39430439472198486
Sample 14,Moirai,0.561397135257721
Sample 14,Chronos,0.43860292434692383
Sample 15,Timer,0.7169719934463501
Sample 15,TimesFM,0.2830279767513275
Sample 16,TimesFM,0.5452319979667664
Sample 16,Time-MoE,0.45476803183555603
Sample 17,Chronos,0.7934442162513733
Sample 17,TimesFM,0.20655573904514313
Sample 18,Moirai,0.5471891164779663
Sample 18,TimesFM,0.45281094312667847
Sample 19,TimesFM,0.7120062112808228
Sample 19,Time-MoE,0.28799375891685486
Sample 20,Chronos,0.5286260843276978
Sample 20,Timer,0.47137385606765747
Sample 21,Chronos,0.6099753379821777
Sample 21,Moirai,0.39002469182014465
Sample 22,Chronos,0.538846492767334
Sample 22,Timer,0.46115347743034363
Sample 23,Moirai,0.5082371234893799
Sample 23,TimesFM,0.4917629063129425
Sample 24,Time-MoE,0.5097712874412537
Sample 24,TimesFM,0.49022871255874634
Sample 25,TimesFM,0.6255118250846863
Sample 25,Moirai,0.37448811531066895
Sample 26,Moirai,0.6323515176773071
Sample 26,Time-MoE,0.36764854192733765
Sample 27,Chronos,0.5016633868217468
Sample 27,Time-MoE,0.4983366131782532
Sample 28,Time-MoE,0.7321506142616272
Sample 28,Moirai,0.2678494453430176
Sample 29,Time-MoE,0.5333183407783508
Sample 29,Chronos,0.46668168902397156
Sample 30,Time-MoE,0.5411239266395569
Sample 30,Chronos,0.4588760435581207
Sample 31,Time-MoE,0.5300441384315491
Sample 31,TimesFM,0.4699558615684509
Sample 0,Moirai,0.5830175876617432
Sample 0,Timer,0.41698241233825684
Sample 1,Chronos,0.6083358526229858
Sample 1,TimesFM,0.3916641175746918
Sample 2,Chronos,0.6660735607147217
Sample 2,TimesFM,0.3339264690876007
Sample 3,TimesFM,0.6734107136726379
Sample 3,Timer,0.32658928632736206
Sample 4,Moirai,0.5334603786468506
Sample 4,Chronos,0.4665396511554718
Sample 5,Time-MoE,0.5552734136581421
Sample 5,Timer,0.4447265565395355
Sample 6,Timer,0.5292124152183533
Sample 6,TimesFM,0.47078758478164673
Sample 7,TimesFM,0.6568079590797424
Sample 7,Time-MoE,0.34319204092025757
Sample 8,Moirai,0.5496468544006348
Sample 8,TimesFM,0.45035314559936523
Sample 9,Chronos,0.6395686268806458
Sample 9,TimesFM,0.36043137311935425
Sample 10,Timer,0.539774477481842
Sample 10,Moirai,0.46022552251815796
Sample 11,Chronos,0.5017306208610535
Sample 11,Moirai,0.49826934933662415
Sample 12,Time-MoE,0.5914047360420227
Sample 12,Moirai,0.4085952937602997
Sample 13,Moirai,0.5518496036529541
Sample 13,Timer,0.4481504559516907
Sample 14,Timer,0.5888994932174683
Sample 14,Chronos,0.41110047698020935
Sample 15,Time-MoE,0.7603368759155273
Sample 15,Moirai,0.23966312408447266
Sample 16,Moirai,0.643752932548523
Sample 16,TimesFM,0.35624703764915466
Sample 17,Moirai,0.517741858959198
Sample 17,Time-MoE,0.4822581112384796
Sample 18,TimesFM,0.5284265279769897
Sample 18,Timer,0.47157347202301025
Sample 19,TimesFM,0.8824313879013062
Sample 19,Chronos,0.11756863445043564
Sample 20,Time-MoE,0.5269726514816284
Sample 20,TimesFM,0.4730273485183716
Sample 21,Timer,0.5000354647636414
Sample 21,TimesFM,0.49996456503868103
Sample 22,Timer,0.5332193374633789
Sample 22,Moirai,0.4667806625366211
Sample 23,Time-MoE,0.6722184419631958
Sample 23,Timer,0.3277815580368042
Sample 24,Moirai,0.5680665969848633
Sample 24,Chronos,0.43193337321281433
Sample 25,TimesFM,0.660350501537323
Sample 25,Timer,0.3396494686603546
Sample 26,Chronos,0.8848041892051697
Sample 26,Timer,0.1151958554983139
Sample 27,TimesFM,0.6543904542922974
Sample 27,Time-MoE,0.34560948610305786
Sample 28,Timer,0.547706127166748
Sample 28,TimesFM,0.45229384303092957
Sample 29,Timer,0.6531565189361572
Sample 29,Time-MoE,0.34684351086616516
Sample 30,Moirai,0.6960100531578064
Sample 30,Chronos,0.303989976644516
Sample 31,Time-MoE,0.6674214601516724
Sample 31,Moirai,0.33257853984832764
Sample 0,Chronos,0.5263605117797852
Sample 0,TimesFM,0.47363948822021484
Sample 1,Chronos,0.55698561668396
Sample 1,Moirai,0.44301432371139526
Sample 2,Timer,0.6877718567848206
Sample 2,TimesFM,0.31222814321517944
Sample 3,Time-MoE,0.7630709409713745
Sample 3,Timer,0.23692910373210907
Sample 4,TimesFM,0.6288055181503296
Sample 4,Chronos,0.37119442224502563
Sample 5,Chronos,0.7532065510749817
Sample 5,TimesFM,0.2467934638261795
Sample 6,TimesFM,0.5969432592391968
Sample 6,Chronos,0.4030567407608032
Sample 7,Time-MoE,0.6158804297447205
Sample 7,Timer,0.38411954045295715
Sample 8,Time-MoE,0.5114412307739258
Sample 8,Timer,0.4885587990283966
Sample 9,Chronos,0.8048192262649536
Sample 9,Timer,0.1951807588338852
Sample 10,TimesFM,0.6486238837242126
Sample 10,Time-MoE,0.35137611627578735
Sample 11,Time-MoE,0.558334469795227
Sample 11,Chronos,0.44166556000709534
Sample 12,Time-MoE,0.51003497838974
Sample 12,Chronos,0.48996502161026
Sample 13,Chronos,0.6269080638885498
Sample 13,Moirai,0.3730919063091278
Sample 14,TimesFM,0.6159923076629639
Sample 14,Time-MoE,0.38400769233703613
Sample 15,Moirai,0.772834062576294
Sample 15,Timer,0.22716601192951202
Sample 16,Time-MoE,0.8268244862556458
Sample 16,Timer,0.17317549884319305
Sample 17,TimesFM,0.5156548023223877
Sample 17,Chronos,0.4843451976776123
Sample 18,Time-MoE,0.7633358240127563
Sample 18,TimesFM,0.23666416108608246
Sample 19,TimesFM,0.5260687470436096
Sample 19,Time-MoE,0.473931223154068
Sample 20,Chronos,0.5865218639373779
Sample 20,Moirai,0.41347816586494446
Sample 21,Chronos,0.6567122340202332
Sample 21,Timer,0.34328773617744446
Sample 22,TimesFM,0.8640393614768982
Sample 22,Timer,0.13596069812774658
Sample 23,Timer,0.5993546843528748
Sample 23,Moirai,0.40064525604248047
Sample 24,Chronos,0.6486328840255737
Sample 24,Time-MoE,0.35136717557907104
Sample 25,Moirai,0.69428950548172
Sample 25,Time-MoE,0.30571049451828003
Sample 26,Time-MoE,0.513858437538147
Sample 26,TimesFM,0.4861415922641754
Sample 27,Chronos,0.5984359383583069
Sample 27,TimesFM,0.4015640318393707
Sample 28,Timer,0.6734477281570435
Sample 28,Time-MoE,0.32655221223831177
Sample 29,TimesFM,0.8531398177146912
Sample 29,Timer,0.14686019718647003
Sample 30,Chronos,0.540381133556366
Sample 30,Moirai,0.45961886644363403
Sample 31,TimesFM,0.7211245894432068
Sample 31,Timer,0.2788753807544708
Sample 0,Moirai,0.6537604331970215
Sample 0,Timer,0.3462395668029785
Sample 1,TimesFM,0.6567191481590271
Sample 1,Time-MoE,0.3432808518409729
Sample 2,Chronos,0.5022485256195068
Sample 2,TimesFM,0.49775150418281555
Sample 3,Timer,0.5175857543945312
Sample 3,Moirai,0.48241421580314636
Sample 4,Time-MoE,0.6772085428237915
Sample 4,TimesFM,0.3227914571762085
Sample 5,TimesFM,0.5486805438995361
Sample 5,Moirai,0.45131948590278625
Sample 6,Chronos,0.6794056296348572
Sample 6,Moirai,0.32059431076049805
Sample 7,Time-MoE,0.7863366007804871
Sample 7,TimesFM,0.21366339921951294
Sample 8,Chronos,0.5179766416549683
Sample 8,Timer,0.4820233881473541
Sample 9,TimesFM,0.5389502644538879
Sample 9,Timer,0.46104973554611206
Sample 10,TimesFM,0.8454872369766235
Sample 10,Timer,0.15451274812221527
Sample 11,TimesFM,0.6570460200309753
Sample 11,Time-MoE,0.34295395016670227
Sample 12,TimesFM,0.5473049879074097
Sample 12,Chronos,0.45269498229026794
Sample 13,Chronos,0.9180296659469604
Sample 13,TimesFM,0.08197038620710373
Sample 14,Time-MoE,0.7544296979904175
Sample 14,Chronos,0.24557030200958252
Sample 15,Moirai,0.7788525223731995
Sample 15,Chronos,0.22114740312099457
Sample 0,Time-MoE,0.5902857780456543
Sample 0,Chronos,0.4097141623497009
Sample 1,Time-MoE,0.571925938129425
Sample 1,Moirai,0.42807403206825256
Sample 2,Time-MoE,0.5888698101043701
Sample 2,Chronos,0.4111301600933075
Sample 3,Timer,0.5170352458953857
Sample 3,Time-MoE,0.48296475410461426
Sample 4,TimesFM,0.5414245128631592
Sample 4,Timer,0.4585755467414856
Sample 5,Moirai,0.7612302899360657
Sample 5,Chronos,0.23876972496509552
Sample 6,Chronos,0.5617377758026123
Sample 6,Time-MoE,0.4382622539997101
Sample 7,Time-MoE,0.5919137001037598
Sample 7,Moirai,0.40808627009391785
Sample 8,Timer,0.5016639828681946
Sample 8,Moirai,0.4983360171318054
Sample 9,TimesFM,0.5210413336753845
Sample 9,Time-MoE,0.4789586365222931
Sample 10,TimesFM,0.5410410761833191
Sample 10,Time-MoE,0.4589588940143585
Sample 11,Timer,0.5538197755813599
Sample 11,Moirai,0.44618022441864014
Sample 12,TimesFM,0.6437849402427673
Sample 12,Chronos,0.35621505975723267
Sample 13,Chronos,0.7259578108787537
Sample 13,Moirai,0.2740422487258911
Sample 14,Chronos,0.7149004936218262
Sample 14,Time-MoE,0.28509950637817383
Sample 15,Time-MoE,0.5194104313850403
Sample 15,Moirai,0.4805895686149597
Sample 16,Chronos,0.5459122657775879
Sample 16,Time-MoE,0.4540877044200897
Sample 17,Chronos,0.5201980471611023
Sample 17,TimesFM,0.4798019528388977
Sample 18,TimesFM,0.5077904462814331
Sample 18,Timer,0.4922095835208893
Sample 19,Time-MoE,0.6621071696281433
Sample 19,Chronos,0.3378927707672119
Sample 20,Time-MoE,0.5395956635475159
Sample 20,TimesFM,0.46040430665016174
Sample 21,Timer,0.5034104585647583
Sample 21,Chronos,0.4965895414352417
Sample 22,Chronos,0.8472075462341309
Sample 22,Moirai,0.15279239416122437
Sample 23,Chronos,0.8604750037193298
Sample 23,Moirai,0.13952504098415375
Sample 24,Time-MoE,0.5353971719741821
Sample 24,TimesFM,0.4646027982234955
Sample 25,TimesFM,0.7054144740104675
Sample 25,Chronos,0.29458555579185486
Sample 26,TimesFM,0.6294078230857849
Sample 26,Moirai,0.3705922067165375
Sample 27,Moirai,0.5505191087722778
Sample 27,TimesFM,0.44948089122772217
Sample 28,Chronos,0.6492101550102234
Sample 28,Time-MoE,0.3507898449897766
Sample 29,Chronos,0.6896616220474243
Sample 29,Timer,0.3103383779525757
Sample 30,Chronos,0.5936395525932312
Sample 30,TimesFM,0.4063604772090912
Sample 31,Moirai,0.7428624629974365
Sample 31,Chronos,0.2571375370025635
Sample 0,Time-MoE,0.512813925743103
Sample 0,Chronos,0.4871860444545746
Sample 1,Chronos,0.7060554027557373
Sample 1,Timer,0.2939446270465851
Sample 2,Time-MoE,0.6225386261940002
Sample 2,Chronos,0.37746137380599976
Sample 3,Time-MoE,0.7315313220024109
Sample 3,TimesFM,0.2684686481952667
Sample 4,Moirai,0.5638382434844971
Sample 4,Chronos,0.4361618161201477
Sample 5,Chronos,0.8247836232185364
Sample 5,TimesFM,0.17521633207798004
Sample 6,TimesFM,0.7608038187026978
Sample 6,Chronos,0.23919615149497986
Sample 7,Moirai,0.6942603588104248
Sample 7,Chronos,0.3057396411895752
Sample 8,Moirai,0.5211279392242432
Sample 8,TimesFM,0.4788720905780792
Sample 9,TimesFM,0.5879631042480469
Sample 9,Timer,0.41203686594963074
Sample 10,Time-MoE,0.7340708374977112
Sample 10,TimesFM,0.2659291923046112
Sample 11,Moirai,0.5633918046951294
Sample 11,Time-MoE,0.4366081953048706
Sample 12,Timer,0.7713733911514282
Sample 12,Chronos,0.2286265790462494
Sample 13,TimesFM,0.7054067254066467
Sample 13,Chronos,0.2945932149887085
Sample 14,Time-MoE,0.6229842901229858
Sample 14,Chronos,0.37701573967933655
Sample 15,Timer,0.817423939704895
Sample 15,Time-MoE,0.1825760453939438
Sample 16,Timer,0.5223121643066406
Sample 16,TimesFM,0.477687805891037
Sample 17,Chronos,0.5840573906898499
Sample 17,TimesFM,0.4159426689147949
Sample 18,TimesFM,0.5686131119728088
Sample 18,Chronos,0.4313868582248688
Sample 19,TimesFM,0.5603817701339722
Sample 19,Timer,0.43961820006370544
Sample 20,TimesFM,0.650462806224823
Sample 20,Chronos,0.3495372235774994
Sample 21,Timer,0.6405590772628784
Sample 21,Time-MoE,0.3594408929347992
Sample 22,Moirai,0.5776636600494385
Sample 22,Timer,0.4223363399505615
Sample 23,Moirai,0.7008399963378906
Sample 23,Time-MoE,0.2991600036621094
Sample 24,Timer,0.5695689916610718
Sample 24,TimesFM,0.4304310083389282
Sample 25,Timer,0.5085731148719788
Sample 25,Time-MoE,0.49142688512802124
Sample 26,Time-MoE,0.7480244636535645
Sample 26,Chronos,0.25197553634643555
Sample 27,Chronos,0.8157585263252258
Sample 27,TimesFM,0.18424151837825775
Sample 28,Time-MoE,0.6606222987174988
Sample 28,Timer,0.3393777310848236
Sample 29,Time-MoE,0.5302153825759888
Sample 29,Chronos,0.46978458762168884
Sample 30,Moirai,0.5330333709716797
Sample 30,Timer,0.4669666588306427
Sample 31,TimesFM,0.6783769130706787
Sample 31,Time-MoE,0.3216231167316437
Sample 0,Timer,0.5108712911605835
Sample 0,TimesFM,0.4891286790370941
Sample 1,Chronos,0.5065627694129944
Sample 1,Moirai,0.49343717098236084
Sample 2,Chronos,0.5261085033416748
Sample 2,TimesFM,0.4738914966583252
Sample 3,Timer,0.5421719551086426
Sample 3,Moirai,0.45782801508903503
Sample 4,Timer,0.5011579990386963
Sample 4,TimesFM,0.4988419711589813
Sample 5,Timer,0.7251740097999573
Sample 5,Moirai,0.2748259902000427
Sample 6,Moirai,0.5074577927589417
Sample 6,Timer,0.49254217743873596
Sample 7,Timer,0.8510124087333679
Sample 7,Time-MoE,0.14898760616779327
Sample 8,Timer,0.7250189185142517
Sample 8,TimesFM,0.2749810516834259
Sample 9,Chronos,0.5123797059059143
Sample 9,Time-MoE,0.4876202940940857
Sample 10,Chronos,0.5912812352180481
Sample 10,TimesFM,0.4087187647819519
Sample 11,Timer,0.5924354195594788
Sample 11,Chronos,0.40756461024284363
Sample 12,Moirai,0.8174756169319153
Sample 12,Time-MoE,0.18252438306808472
Sample 13,TimesFM,0.7203928828239441
Sample 13,Timer,0.27960705757141113
Sample 14,Chronos,0.5463776588439941
Sample 14,TimesFM,0.45362234115600586
Sample 15,Timer,0.6693602204322815
Sample 15,Chronos,0.3306397497653961
Sample 16,Moirai,0.5591791868209839
Sample 16,Chronos,0.4408207833766937
Sample 17,Timer,0.5059796571731567
Sample 17,Moirai,0.49402040243148804
Sample 18,Timer,0.6825984716415405
Sample 18,Chronos,0.3174014985561371
Sample 19,Moirai,0.5496630668640137
Sample 19,Chronos,0.45033690333366394
Sample 20,Time-MoE,0.5351783633232117
Sample 20,Chronos,0.46482163667678833
Sample 21,Chronos,0.8410767912864685
Sample 21,Moirai,0.1589231789112091
Sample 22,Timer,0.7068766951560974
Sample 22,Moirai,0.293123334646225
Sample 23,Moirai,0.5087335109710693
Sample 23,Time-MoE,0.49126648902893066
Sample 24,Time-MoE,0.5317875146865845
Sample 24,Chronos,0.46821245551109314
Sample 25,Moirai,0.540045976638794
Sample 25,TimesFM,0.45995402336120605
Sample 26,Timer,0.5189775228500366
Sample 26,TimesFM,0.48102253675460815
Sample 27,Chronos,0.7790634632110596
Sample 27,TimesFM,0.22093647718429565
Sample 28,Timer,0.9947375655174255
Sample 28,Chronos,0.005262381862848997
Sample 29,Chronos,0.8201589584350586
Sample 29,Timer,0.1798410564661026
Sample 30,Chronos,0.7165106534957886
Sample 30,TimesFM,0.2834893465042114
Sample 31,Chronos,0.5394970178604126
Sample 31,TimesFM,0.4605030119419098
Sample 0,Time-MoE,0.8392693400382996
Sample 0,Timer,0.16073068976402283
Sample 1,Moirai,0.6179668307304382
Sample 1,Timer,0.3820331394672394
Sample 2,Time-MoE,0.7230677008628845
Sample 2,TimesFM,0.27693232893943787
Sample 3,Moirai,0.5741158127784729
Sample 3,TimesFM,0.4258841574192047
Sample 4,Moirai,0.5234816074371338
Sample 4,Chronos,0.4765183925628662
Sample 5,Moirai,0.6956939101219177
Sample 5,Timer,0.30430614948272705
Sample 6,Chronos,0.5985437035560608
Sample 6,TimesFM,0.4014562666416168
Sample 7,Time-MoE,0.5916722416877747
Sample 7,Moirai,0.4083278179168701
Sample 8,Moirai,0.6723085045814514
Sample 8,TimesFM,0.32769152522087097
Sample 9,TimesFM,0.6984490156173706
Sample 9,Timer,0.3015510141849518
Sample 10,Timer,0.805370032787323
Sample 10,Time-MoE,0.194629967212677
Sample 11,Chronos,0.766647219657898
Sample 11,Timer,0.23335279524326324
Sample 12,Timer,0.6192604303359985
Sample 12,TimesFM,0.38073962926864624
Sample 13,Chronos,0.6549732685089111
Sample 13,TimesFM,0.34502679109573364
Sample 14,Chronos,0.5091831088066101
Sample 14,Time-MoE,0.4908169209957123
Sample 15,Time-MoE,0.8190925717353821
Sample 15,Chronos,0.1809074580669403
Sample 16,Timer,0.5764862298965454
Sample 16,Time-MoE,0.423513799905777
Sample 17,Time-MoE,0.5519720315933228
Sample 17,Moirai,0.44802793860435486
Sample 18,Moirai,0.6636096239089966
Sample 18,Time-MoE,0.3363904356956482
Sample 19,Chronos,0.9166947603225708
Sample 19,Time-MoE,0.08330520987510681
Sample 20,TimesFM,0.671907901763916
Sample 20,Chronos,0.32809212803840637
Sample 21,Chronos,0.5083051919937134
Sample 21,TimesFM,0.4916948080062866
Sample 22,Moirai,0.6133195757865906
Sample 22,Time-MoE,0.3866804242134094
Sample 23,Chronos,0.5097487568855286
Sample 23,TimesFM,0.4902512729167938
Sample 24,Timer,0.5247669816017151
Sample 24,TimesFM,0.4752329885959625
Sample 25,TimesFM,0.5590271949768066
Sample 25,Time-MoE,0.44097280502319336
Sample 26,Moirai,0.9225884675979614
Sample 26,Chronos,0.07741153985261917
Sample 27,Chronos,0.5221341848373413
Sample 27,Time-MoE,0.4778657853603363
Sample 28,Chronos,0.8140948414802551
Sample 28,Moirai,0.18590520322322845
Sample 29,Timer,0.5516294240951538
Sample 29,Chronos,0.4483706057071686
Sample 30,Time-MoE,0.5033588409423828
Sample 30,Moirai,0.4966411888599396
Sample 31,Time-MoE,0.5880158543586731
Sample 31,Moirai,0.4119841754436493
Sample 0,TimesFM,0.659676730632782
Sample 0,Timer,0.3403232991695404
Sample 1,Chronos,0.5135290622711182
Sample 1,Timer,0.4864709675312042
Sample 2,Timer,0.7066400051116943
Sample 2,Chronos,0.29336005449295044
Sample 3,TimesFM,0.5577662587165833
Sample 3,Chronos,0.44223374128341675
Sample 4,TimesFM,0.8200790286064148
Sample 4,Timer,0.17992092669010162
Sample 5,TimesFM,0.7614127993583679
Sample 5,Moirai,0.2385871708393097
Sample 6,Moirai,0.6308198571205139
Sample 6,Chronos,0.36918020248413086
Sample 7,Timer,0.563559353351593
Sample 7,Time-MoE,0.436440646648407
Sample 8,TimesFM,0.6555964350700378
Sample 8,Timer,0.34440356492996216
Sample 9,Moirai,0.6509524583816528
Sample 9,Chronos,0.3490475118160248
Sample 10,Chronos,0.5146607160568237
Sample 10,Time-MoE,0.48533928394317627
Sample 11,Moirai,0.5854822397232056
Sample 11,Time-MoE,0.41451776027679443
Sample 12,TimesFM,0.641149640083313
Sample 12,Time-MoE,0.3588503301143646
Sample 13,TimesFM,0.5653586387634277
Sample 13,Chronos,0.43464139103889465
Sample 14,Chronos,0.6155377626419067
Sample 14,TimesFM,0.38446226716041565
Sample 15,TimesFM,0.7201352715492249
Sample 15,Time-MoE,0.27986469864845276
Sample 16,Timer,0.5687815546989441
Sample 16,Moirai,0.4312184453010559
Sample 17,TimesFM,0.7241628766059875
Sample 17,Timer,0.27583709359169006
Sample 18,Moirai,0.6682588458061218
Sample 18,TimesFM,0.3317411541938782
Sample 19,Moirai,0.592383623123169
Sample 19,Time-MoE,0.40761634707450867
Sample 20,TimesFM,0.7127521634101868
Sample 20,Moirai,0.2872478663921356
Sample 21,Moirai,0.6750723123550415
Sample 21,TimesFM,0.3249276876449585
Sample 22,Moirai,0.852948784828186
Sample 22,Time-MoE,0.14705121517181396
Sample 23,Time-MoE,0.5258898735046387
Sample 23,TimesFM,0.47411009669303894
Sample 24,Timer,0.6218482851982117
Sample 24,TimesFM,0.3781517446041107
Sample 25,Chronos,0.725447416305542
Sample 25,Time-MoE,0.2745526432991028
Sample 26,Time-MoE,0.5452225804328918
Sample 26,Chronos,0.45477744936943054
Sample 27,Time-MoE,0.5161060690879822
Sample 27,Chronos,0.4838939309120178
Sample 28,Timer,0.689325749874115
Sample 28,TimesFM,0.31067419052124023
Sample 29,Moirai,0.5481926798820496
Sample 29,Timer,0.45180726051330566
Sample 30,Time-MoE,0.6237825155258179
Sample 30,Moirai,0.37621748447418213
Sample 31,Timer,0.6490630507469177
Sample 31,Time-MoE,0.3509369194507599
Sample 0,Chronos,0.503205418586731
Sample 0,TimesFM,0.49679458141326904
Sample 1,TimesFM,0.5190017223358154
Sample 1,Moirai,0.4809982478618622
Sample 2,Time-MoE,0.5076882839202881
Sample 2,Moirai,0.49231165647506714
Sample 3,Chronos,0.5779545307159424
Sample 3,Moirai,0.42204543948173523
Sample 4,Timer,0.5378892421722412
Sample 4,TimesFM,0.4621107578277588
Sample 5,TimesFM,0.69748455286026
Sample 5,Moirai,0.30251544713974
Sample 6,Time-MoE,0.6445183753967285
Sample 6,Moirai,0.35548165440559387
Sample 7,Timer,0.5679798722267151
Sample 7,TimesFM,0.4320201873779297
Sample 8,Moirai,0.5471504330635071
Sample 8,Time-MoE,0.4528495669364929
Sample 9,Moirai,0.5467499494552612
Sample 9,Timer,0.45325005054473877
Sample 10,Time-MoE,0.874513566493988
Sample 10,Timer,0.12548643350601196
Sample 11,TimesFM,0.5177181959152222
Sample 11,Moirai,0.48228180408477783
Sample 12,Timer,0.6708189249038696
Sample 12,Moirai,0.32918113470077515
Sample 13,Timer,0.5618262887001038
Sample 13,TimesFM,0.43817374110221863
Sample 14,TimesFM,0.5334705114364624
Sample 14,Timer,0.4665294587612152
Sample 15,Time-MoE,0.555378794670105
Sample 15,Timer,0.44462117552757263
Sample 16,Time-MoE,0.5113866925239563
Sample 16,Timer,0.4886133074760437
Sample 17,Chronos,0.7503560185432434
Sample 17,Timer,0.2496439516544342
Sample 18,Timer,0.7421658039093018
Sample 18,Chronos,0.25783419609069824
Sample 19,TimesFM,0.5359820127487183
Sample 19,Timer,0.4640180468559265
Sample 20,Time-MoE,0.8128728270530701
Sample 20,Moirai,0.18712714314460754
Sample 21,Moirai,0.7659932971000671
Sample 21,Chronos,0.23400668799877167
Sample 22,TimesFM,0.6364266276359558
Sample 22,Timer,0.36357343196868896
Sample 23,Time-MoE,0.5010679960250854
Sample 23,Timer,0.49893203377723694
Sample 24,TimesFM,0.5962100625038147
Sample 24,Chronos,0.4037899076938629
Sample 25,Chronos,0.5099024176597595
Sample 25,TimesFM,0.4900975823402405
Sample 26,Time-MoE,0.5576378107070923
Sample 26,Timer,0.4423621892929077
Sample 27,Time-MoE,0.5219205617904663
Sample 27,TimesFM,0.4780794680118561
Sample 28,Time-MoE,0.5199805498123169
Sample 28,Chronos,0.4800194203853607
Sample 29,Time-MoE,0.7146539092063904
Sample 29,Moirai,0.2853460907936096
Sample 30,Chronos,0.6328865885734558
Sample 30,Timer,0.3671134114265442
Sample 31,Time-MoE,0.5137242078781128
Sample 31,Moirai,0.4862757921218872
Sample 0,Chronos,0.739285945892334
Sample 0,Time-MoE,0.26071402430534363
Sample 1,Chronos,0.5464262962341309
Sample 1,Moirai,0.45357367396354675
Sample 2,Moirai,0.6355277895927429
Sample 2,TimesFM,0.36447227001190186
Sample 3,TimesFM,0.6037558913230896
Sample 3,Moirai,0.3962441086769104
Sample 4,Timer,0.7280769348144531
Sample 4,Chronos,0.27192309498786926
Sample 5,Moirai,0.5888350605964661
Sample 5,Chronos,0.4111649692058563
Sample 6,TimesFM,0.7135488390922546
Sample 6,Timer,0.28645116090774536
Sample 7,Moirai,0.7538952827453613
Sample 7,Chronos,0.24610468745231628
Sample 8,Chronos,0.5268219113349915
Sample 8,Time-MoE,0.47317808866500854
Sample 9,Moirai,0.5727912187576294
Sample 9,TimesFM,0.4272087812423706
Sample 10,Chronos,0.782663881778717
Sample 10,Time-MoE,0.21733611822128296
Sample 11,TimesFM,0.7428807616233826
Sample 11,Moirai,0.2571192979812622
Sample 12,TimesFM,0.8350662589073181
Sample 12,Moirai,0.16493378579616547
Sample 13,TimesFM,0.6991061568260193
Sample 13,Chronos,0.3008939027786255
Sample 14,Moirai,0.6234418153762817
Sample 14,Timer,0.37655818462371826
Sample 15,Timer,0.5465151071548462
Sample 15,Time-MoE,0.4534848928451538
Sample 0,Time-MoE,0.6570528149604797
Sample 0,TimesFM,0.34294721484184265
Sample 1,TimesFM,0.5655855536460876
Sample 1,Chronos,0.4344143867492676
Sample 2,Timer,0.54081130027771
Sample 2,Time-MoE,0.45918869972229004
Sample 3,Chronos,0.722549557685852
Sample 3,TimesFM,0.27745044231414795
Sample 4,TimesFM,0.6664063334465027
Sample 4,Timer,0.3335936367511749
Sample 5,Moirai,0.5357908606529236
Sample 5,TimesFM,0.4642091393470764
Sample 6,TimesFM,0.5499737858772278
Sample 6,Moirai,0.45002618432044983
Sample 7,Time-MoE,0.7669110298156738
Sample 7,Timer,0.2330889105796814
Sample 8,TimesFM,0.5399230122566223
Sample 8,Moirai,0.4600769579410553
Sample 9,Chronos,0.6631003618240356
Sample 9,TimesFM,0.33689963817596436
Sample 10,Time-MoE,0.6676175594329834
Sample 10,Chronos,0.332382470369339
Sample 11,Chronos,0.7476878762245178
Sample 11,TimesFM,0.2523120939731598
Sample 12,TimesFM,0.5412675738334656
Sample 12,Time-MoE,0.45873239636421204
Sample 13,Moirai,0.5600780248641968
Sample 13,Chronos,0.4399220049381256
Sample 14,TimesFM,0.5716049075126648
Sample 14,Chronos,0.4283950924873352
Sample 15,Timer,0.6446298360824585
Sample 15,Chronos,0.3553701341152191
Sample 16,Chronos,0.5078421831130981
Sample 16,Time-MoE,0.49215781688690186
Sample 17,Chronos,0.5303064584732056
Sample 17,TimesFM,0.46969354152679443
Sample 18,Moirai,0.5142141580581665
Sample 18,Timer,0.4857858121395111
Sample 19,Chronos,0.654961884021759
Sample 19,Timer,0.34503814578056335
Sample 20,TimesFM,0.5817592740058899
Sample 20,Time-MoE,0.4182407259941101
Sample 21,Chronos,0.5401253700256348
Sample 21,Time-MoE,0.45987460017204285
Sample 22,TimesFM,0.6598515510559082
Sample 22,Moirai,0.3401485085487366
Sample 23,Time-MoE,0.6426913738250732
Sample 23,Moirai,0.35730862617492676
Sample 24,Time-MoE,0.534767210483551
Sample 24,Timer,0.4652327299118042
Sample 25,Chronos,0.7275459170341492
Sample 25,Moirai,0.27245408296585083
Sample 26,Chronos,0.5096043944358826
Sample 26,TimesFM,0.4903956353664398
Sample 27,Moirai,0.7713570594787598
Sample 27,Timer,0.2286430150270462
Sample 28,Timer,0.6006672978401184
Sample 28,Time-MoE,0.3993326723575592
Sample 29,Chronos,0.5614005327224731
Sample 29,Timer,0.43859952688217163
Sample 30,Moirai,0.6135134100914001
Sample 30,Time-MoE,0.38648656010627747
Sample 31,Chronos,0.52398681640625
Sample 31,Moirai,0.4760131239891052
Sample 0,Chronos,0.554442286491394
Sample 0,Timer,0.4455576539039612
Sample 1,Chronos,0.6090314388275146
Sample 1,Time-MoE,0.39096856117248535
Sample 2,TimesFM,0.5202869176864624
Sample 2,Timer,0.47971311211586
Sample 3,TimesFM,0.5923253893852234
Sample 3,Moirai,0.4076746106147766
Sample 4,Timer,0.8202916383743286
Sample 4,TimesFM,0.1797083616256714
Sample 5,Time-MoE,0.5396286249160767
Sample 5,Moirai,0.4603714048862457
Sample 6,Chronos,0.5008577704429626
Sample 6,TimesFM,0.49914228916168213
Sample 7,Time-MoE,0.5308153629302979
Sample 7,Moirai,0.46918466687202454
Sample 8,Moirai,0.5832624435424805
Sample 8,TimesFM,0.41673752665519714
Sample 9,Time-MoE,0.5256342887878418
Sample 9,Timer,0.4743656814098358
Sample 10,Time-MoE,0.5939076542854309
Sample 10,Timer,0.4060923159122467
Sample 11,Moirai,0.6040944457054138
Sample 11,Timer,0.3959055542945862
Sample 12,Timer,0.623341977596283
Sample 12,Time-MoE,0.37665802240371704
Sample 13,TimesFM,0.5324788093566895
Sample 13,Timer,0.46752122044563293
Sample 14,Chronos,0.6735174059867859
Sample 14,TimesFM,0.3264825642108917
Sample 15,TimesFM,0.5114707350730896
Sample 15,Time-MoE,0.4885292947292328
Sample 16,Chronos,0.5638763308525085
Sample 16,Time-MoE,0.43612369894981384
Sample 17,Chronos,0.6057046055793762
Sample 17,TimesFM,0.3942953944206238
Sample 18,Time-MoE,0.796979546546936
Sample 18,Timer,0.20302049815654755
Sample 19,Time-MoE,0.745624303817749
Sample 19,Moirai,0.254375696182251
Sample 20,Time-MoE,0.5482587814331055
Sample 20,Timer,0.45174118876457214
Sample 21,Timer,0.6052728891372681
Sample 21,Moirai,0.3947271406650543
Sample 22,Moirai,0.6028014421463013
Sample 22,Timer,0.3971985876560211
Sample 23,Moirai,0.5739052891731262
Sample 23,TimesFM,0.4260946810245514
Sample 24,TimesFM,0.6420543789863586
Sample 24,Timer,0.35794562101364136
Sample 25,TimesFM,0.6772730946540833
Sample 25,Moirai,0.32272687554359436
Sample 26,Moirai,0.5212575197219849
Sample 26,TimesFM,0.47874248027801514
Sample 27,Time-MoE,0.6509239673614502
Sample 27,TimesFM,0.3490760922431946
Sample 28,Timer,0.5862441658973694
Sample 28,Time-MoE,0.4137558341026306
Sample 29,Chronos,0.8557472825050354
Sample 29,Time-MoE,0.1442527025938034
Sample 30,TimesFM,0.6761441826820374
Sample 30,Time-MoE,0.32385581731796265
Sample 31,Moirai,0.7790229320526123
Sample 31,Timer,0.22097699344158173
Sample 0,TimesFM,0.5074824094772339
Sample 0,Time-MoE,0.4925175607204437
Sample 1,Time-MoE,0.5409895181655884
Sample 1,Chronos,0.4590104818344116
Sample 2,Timer,0.5545262694358826
Sample 2,Moirai,0.4454737901687622
Sample 3,TimesFM,0.5756283402442932
Sample 3,Timer,0.424371600151062
Sample 4,Moirai,0.5133723616600037
Sample 4,Chronos,0.4866276681423187
Sample 5,Moirai,0.5535331964492798
Sample 5,Timer,0.4464668035507202
Sample 6,TimesFM,0.7140616774559021
Sample 6,Time-MoE,0.2859382927417755
Sample 7,Moirai,0.6660667061805725
Sample 7,Time-MoE,0.3339333236217499
Sample 8,Time-MoE,0.5983056426048279
Sample 8,Chronos,0.4016943871974945
Sample 9,Chronos,0.7073002457618713
Sample 9,Timer,0.2926996946334839
Sample 10,TimesFM,0.647571325302124
Sample 10,Timer,0.35242870450019836
Sample 11,Timer,0.525729238986969
Sample 11,Chronos,0.4742708206176758
Sample 12,Time-MoE,0.5505780577659607
Sample 12,Chronos,0.4494219720363617
Sample 13,TimesFM,0.6129150390625
Sample 13,Timer,0.3870849013328552
Sample 14,TimesFM,0.7376683950424194
Sample 14,Timer,0.2623315751552582
Sample 15,Time-MoE,0.6220348477363586
Sample 15,Chronos,0.37796515226364136
Sample 16,Moirai,0.5810485482215881
Sample 16,Timer,0.4189514219760895
Sample 17,Chronos,0.5396232008934021
Sample 17,Moirai,0.4603767991065979
Sample 18,Time-MoE,0.8991029262542725
Sample 18,Timer,0.10089705139398575
Sample 19,Time-MoE,0.5384358167648315
Sample 19,TimesFM,0.46156415343284607
Sample 20,Time-MoE,0.5020437240600586
Sample 20,Chronos,0.4979562759399414
Sample 21,Chronos,0.6386117339134216
Sample 21,Time-MoE,0.36138829588890076
Sample 22,Time-MoE,0.7228930592536926
Sample 22,TimesFM,0.27710697054862976
Sample 23,TimesFM,0.8957288265228271
Sample 23,Chronos,0.10427111387252808
Sample 24,Time-MoE,0.7093245387077332
Sample 24,Timer,0.29067546129226685
Sample 25,Chronos,0.6192492246627808
Sample 25,Timer,0.38075077533721924
Sample 26,Moirai,0.5887256264686584
Sample 26,TimesFM,0.41127440333366394
Sample 27,TimesFM,0.6432499885559082
Sample 27,Time-MoE,0.3567499816417694
Sample 28,Timer,0.5157196521759033
Sample 28,Time-MoE,0.48428037762641907
Sample 29,Time-MoE,0.5796123743057251
Sample 29,Timer,0.4203876852989197
Sample 30,Moirai,0.7835542559623718
Sample 30,Time-MoE,0.21644580364227295
Sample 31,Time-MoE,0.5574511289596558
Sample 31,Chronos,0.44254884123802185
Sample 0,Time-MoE,0.5347459316253662
Sample 0,Moirai,0.4652540683746338
Sample 1,TimesFM,0.6880162954330444
Sample 1,Timer,0.3119836747646332
Sample 2,Time-MoE,0.6674839854240417
Sample 2,Timer,0.3325159549713135
Sample 3,Chronos,0.6256449818611145
Sample 3,Timer,0.3743550479412079
Sample 4,Chronos,0.6248642802238464
Sample 4,Timer,0.3751356899738312
Sample 5,Moirai,0.7170527577400208
Sample 5,Chronos,0.28294721245765686
Sample 6,Chronos,0.6534187197685242
Sample 6,TimesFM,0.3465813100337982
Sample 7,TimesFM,0.5384972095489502
Sample 7,Chronos,0.4615028202533722
Sample 8,Timer,0.7591368556022644
Sample 8,Chronos,0.24086317420005798
Sample 9,Moirai,0.514915943145752
Sample 9,Chronos,0.48508408665657043
Sample 10,Timer,0.5822663903236389
Sample 10,Moirai,0.4177335798740387
Sample 11,Time-MoE,0.5024569630622864
Sample 11,Timer,0.4975430965423584
Sample 12,TimesFM,0.5170331001281738
Sample 12,Time-MoE,0.4829668402671814
Sample 13,Moirai,0.5301513671875
Sample 13,Time-MoE,0.4698486626148224
Sample 14,Moirai,0.6880149245262146
Sample 14,Time-MoE,0.311985045671463
Sample 15,Chronos,0.549749493598938
Sample 15,Time-MoE,0.45025044679641724
Sample 16,Moirai,0.5879263281822205
Sample 16,TimesFM,0.41207367181777954
Sample 17,TimesFM,0.6649566888809204
Sample 17,Chronos,0.33504337072372437
Sample 18,Chronos,0.8130747675895691
Sample 18,TimesFM,0.18692521750926971
Sample 19,Chronos,0.8349134922027588
Sample 19,Time-MoE,0.16508649289608002
Sample 20,Moirai,0.6158881783485413
Sample 20,Timer,0.38411179184913635
Sample 21,Timer,0.5848223567008972
Sample 21,Moirai,0.4151776432991028
Sample 22,Moirai,0.5918958187103271
Sample 22,Timer,0.40810418128967285
Sample 23,Moirai,0.6055408120155334
Sample 23,Timer,0.39445915818214417
Sample 24,Timer,0.5442241430282593
Sample 24,Moirai,0.45577579736709595
Sample 25,TimesFM,0.5199878215789795
Sample 25,Chronos,0.4800121784210205
Sample 26,Timer,0.5757997035980225
Sample 26,TimesFM,0.4242003262042999
Sample 27,Chronos,0.6965698003768921
Sample 27,Moirai,0.3034302592277527
Sample 28,Timer,0.6795869469642639
Sample 28,Chronos,0.3204130530357361
Sample 29,Timer,0.5181161165237427
Sample 29,Chronos,0.48188382387161255
Sample 30,Chronos,0.7312507629394531
Sample 30,Timer,0.2687492370605469
Sample 31,Chronos,0.6074727773666382
Sample 31,Time-MoE,0.3925272226333618
Sample 0,Time-MoE,0.7318029999732971
Sample 0,Timer,0.26819705963134766
Sample 1,TimesFM,0.5608765482902527
Sample 1,Moirai,0.43912339210510254
Sample 2,Time-MoE,0.5199707746505737
Sample 2,Timer,0.48002922534942627
Sample 3,Chronos,0.8165475130081177
Sample 3,Timer,0.18345247209072113
Sample 4,TimesFM,0.7692698240280151
Sample 4,Timer,0.23073017597198486
Sample 5,Chronos,0.6200776696205139
Sample 5,Moirai,0.37992236018180847
Sample 6,Timer,0.5206650495529175
Sample 6,Time-MoE,0.4793349504470825
Sample 7,Timer,0.5090531706809998
Sample 7,TimesFM,0.49094685912132263
Sample 8,Moirai,0.585186779499054
Sample 8,Timer,0.41481322050094604
Sample 9,Moirai,0.5421353578567505
Sample 9,Time-MoE,0.4578646123409271
Sample 10,Chronos,0.7265226244926453
Sample 10,Timer,0.2734774053096771
Sample 11,TimesFM,0.5069930553436279
Sample 11,Chronos,0.49300694465637207
Sample 12,Moirai,0.5633784532546997
Sample 12,Time-MoE,0.4366215169429779
Sample 13,Moirai,0.5344379544258118
Sample 13,TimesFM,0.46556204557418823
Sample 14,Chronos,0.6012400388717651
Sample 14,Timer,0.39875996112823486
Sample 15,Chronos,0.6241734027862549
Sample 15,Timer,0.37582656741142273
Sample 16,Time-MoE,0.5164229273796082
Sample 16,Moirai,0.48357710242271423
Sample 17,Timer,0.5756623148918152
Sample 17,Moirai,0.4243376553058624
Sample 18,Moirai,0.606057345867157
Sample 18,Timer,0.39394262433052063
Sample 19,TimesFM,0.7666612863540649
Sample 19,Moirai,0.23333866894245148
Sample 20,Moirai,0.6519311666488647
Sample 20,Chronos,0.34806886315345764
Sample 21,Time-MoE,0.5087417364120483
Sample 21,Chronos,0.49125826358795166
Sample 22,Chronos,0.6644731163978577
Sample 22,Timer,0.33552682399749756
Sample 23,Time-MoE,0.6773067116737366
Sample 23,TimesFM,0.3226933181285858
Sample 24,Time-MoE,0.6588990092277527
Sample 24,Moirai,0.3411009609699249
Sample 25,Moirai,0.6539157629013062
Sample 25,Chronos,0.34608420729637146
Sample 26,Chronos,0.5064954161643982
Sample 26,Moirai,0.4935046434402466
Sample 27,Chronos,0.5286375880241394
Sample 27,Moirai,0.4713624119758606
Sample 28,Timer,0.5836235284805298
Sample 28,Moirai,0.4163765013217926
Sample 29,Time-MoE,0.5755980610847473
Sample 29,Chronos,0.4244019389152527
Sample 30,Time-MoE,0.5925019383430481
Sample 30,Moirai,0.4074980318546295
Sample 31,Timer,0.6087601780891418
Sample 31,Moirai,0.39123979210853577
Sample 0,Moirai,0.6863978505134583
Sample 0,Timer,0.31360214948654175
Sample 1,Time-MoE,0.5046018958091736
Sample 1,Moirai,0.49539807438850403
Sample 2,Moirai,0.7365583181381226
Sample 2,Time-MoE,0.26344171166419983
Sample 3,Chronos,0.5023200511932373
Sample 3,TimesFM,0.4976799488067627
Sample 4,TimesFM,0.5732271075248718
Sample 4,Timer,0.42677292227745056
Sample 5,Chronos,0.6241497993469238
Sample 5,TimesFM,0.37585026025772095
Sample 6,Timer,0.5841745734214783
Sample 6,Time-MoE,0.41582536697387695
Sample 7,Chronos,0.5631316900253296
Sample 7,Time-MoE,0.4368683099746704
Sample 8,Time-MoE,0.5357219576835632
Sample 8,Chronos,0.46427804231643677
Sample 9,TimesFM,0.5400195121765137
Sample 9,Time-MoE,0.45998048782348633
Sample 10,Moirai,0.6348801255226135
Sample 10,Chronos,0.36511990427970886
Sample 11,Time-MoE,0.6089877486228943
Sample 11,TimesFM,0.3910122811794281
Sample 12,Chronos,0.7387649416923523
Sample 12,TimesFM,0.2612350881099701
Sample 13,Moirai,0.6013509035110474
Sample 13,TimesFM,0.39864909648895264
Sample 14,TimesFM,0.5933684706687927
Sample 14,Timer,0.4066314995288849
Sample 15,Moirai,0.5309756994247437
Sample 15,TimesFM,0.46902430057525635
Sample 16,Time-MoE,0.572189450263977
Sample 16,Chronos,0.42781054973602295
Sample 17,Timer,0.5247964262962341
Sample 17,Time-MoE,0.47520363330841064
Sample 18,TimesFM,0.5727084279060364
Sample 18,Time-MoE,0.4272915720939636
Sample 19,TimesFM,0.6118348240852356
Sample 19,Timer,0.38816511631011963
Sample 20,TimesFM,0.7785324454307556
Sample 20,Timer,0.22146756947040558
Sample 21,Time-MoE,0.6390652060508728
Sample 21,Timer,0.3609347343444824
Sample 22,TimesFM,0.5634183883666992
Sample 22,Time-MoE,0.4365816116333008
Sample 23,Timer,0.7079221606254578
Sample 23,Chronos,0.29207783937454224
Sample 24,TimesFM,0.5028334259986877
Sample 24,Moirai,0.49716654419898987
Sample 25,Time-MoE,0.5199543833732605
Sample 25,Timer,0.4800455868244171
Sample 26,Moirai,0.6404924392700195
Sample 26,Time-MoE,0.35950759053230286
Sample 27,Timer,0.5457191467285156
Sample 27,Time-MoE,0.45428088307380676
Sample 28,Time-MoE,0.5078672170639038
Sample 28,Chronos,0.4921327829360962
Sample 29,Chronos,0.7090222239494324
Sample 29,Moirai,0.2909777760505676
Sample 30,Time-MoE,0.9114637970924377
Sample 30,TimesFM,0.08853617310523987
Sample 31,Timer,0.7815511226654053
Sample 31,Chronos,0.21844883263111115
Sample 0,Moirai,0.5934855341911316
Sample 0,Chronos,0.406514436006546
Sample 1,Chronos,0.7834196090698242
Sample 1,TimesFM,0.21658042073249817
Sample 2,Moirai,0.5495625734329224
Sample 2,Chronos,0.45043736696243286
Sample 3,TimesFM,0.5250038504600525
Sample 3,Moirai,0.4749961495399475
Sample 4,Timer,0.7310108542442322
Sample 4,Time-MoE,0.2689892053604126
Sample 5,Chronos,0.5670884251594543
Sample 5,Moirai,0.43291154503822327
Sample 6,Time-MoE,0.6220138669013977
Sample 6,Timer,0.3779861629009247
Sample 7,Chronos,0.8416702151298523
Sample 7,TimesFM,0.1583297848701477
Sample 8,Moirai,0.5043931007385254
Sample 8,Timer,0.4956068694591522
Sample 9,Chronos,0.667818009853363
Sample 9,TimesFM,0.33218201994895935
Sample 10,TimesFM,0.5419595241546631
Sample 10,Time-MoE,0.45804041624069214
Sample 11,Chronos,0.7205573916435242
Sample 11,TimesFM,0.2794426679611206
Sample 12,Moirai,0.5312889814376831
Sample 12,Chronos,0.4687110483646393
Sample 13,TimesFM,0.727358341217041
Sample 13,Timer,0.27264168858528137
Sample 14,Timer,0.5437202453613281
Sample 14,Chronos,0.4562797546386719
Sample 15,Time-MoE,0.6000837683677673
Sample 15,Chronos,0.3999162018299103
Sample 0,TimesFM,0.5412367582321167
Sample 0,Moirai,0.4587632417678833
Sample 1,Chronos,0.779462456703186
Sample 1,TimesFM,0.22053755819797516
Sample 2,Time-MoE,0.7006945013999939
Sample 2,Timer,0.2993055582046509
Sample 3,Chronos,0.6954241394996643
Sample 3,Time-MoE,0.3045758605003357
Sample 4,TimesFM,0.612357497215271
Sample 4,Chronos,0.387642502784729
Sample 5,Moirai,0.6215859055519104
Sample 5,Timer,0.3784140348434448
Sample 6,Chronos,0.800481379032135
Sample 6,TimesFM,0.19951865077018738
Sample 7,Time-MoE,0.6618140339851379
Sample 7,TimesFM,0.3381859362125397
Sample 8,Chronos,0.5109653472900391
Sample 8,TimesFM,0.48903462290763855
Sample 9,Chronos,0.652409553527832
Sample 9,Moirai,0.3475903868675232
Sample 10,TimesFM,0.6133198142051697
Sample 10,Moirai,0.3866802453994751
Sample 11,TimesFM,0.5007283091545105
Sample 11,Timer,0.4992716610431671
Sample 12,Timer,0.6306888461112976
Sample 12,Time-MoE,0.36931121349334717
Sample 13,Chronos,0.6671449542045593
Sample 13,Timer,0.3328550457954407
Sample 14,TimesFM,0.5604193806648254
Sample 14,Time-MoE,0.43958067893981934
Sample 15,Chronos,0.6109039187431335
Sample 15,TimesFM,0.3890960216522217
Sample 16,Timer,0.7936825156211853
Sample 16,Time-MoE,0.2063174694776535
Sample 17,Chronos,0.6037019491195679
Sample 17,Moirai,0.39629799127578735
Sample 18,Chronos,0.5704875588417053
Sample 18,Timer,0.4295124113559723
Sample 19,Chronos,0.6725307703018188
Sample 19,Timer,0.32746919989585876
Sample 20,Timer,0.6693037152290344
Sample 20,Chronos,0.3306962251663208
Sample 21,TimesFM,0.5088397264480591
Sample 21,Chronos,0.49116024374961853
Sample 22,Chronos,0.6692584156990051
Sample 22,Timer,0.33074161410331726
Sample 23,Timer,0.7371736764907837
Sample 23,TimesFM,0.2628263235092163
Sample 24,Moirai,0.8158665299415588
Sample 24,Chronos,0.18413352966308594
Sample 25,Chronos,0.6021551489830017
Sample 25,Moirai,0.3978448808193207
Sample 26,Time-MoE,0.5371181964874268
Sample 26,Chronos,0.46288180351257324
Sample 27,Chronos,0.5758107304573059
Sample 27,Timer,0.4241892099380493
Sample 28,Timer,0.6116615533828735
Sample 28,Chronos,0.38833844661712646
Sample 29,Chronos,0.6297431588172913
Sample 29,Moirai,0.37025681138038635
Sample 30,Chronos,0.6049148440361023
Sample 30,Time-MoE,0.3950851261615753
Sample 31,Timer,0.6600195169448853
Sample 31,Moirai,0.33998048305511475
Sample 0,Moirai,0.63084876537323
Sample 0,TimesFM,0.3691512644290924
Sample 1,Time-MoE,0.5627185702323914
Sample 1,Chronos,0.43728145956993103
Sample 2,TimesFM,0.5505344271659851
Sample 2,Moirai,0.4494655132293701
Sample 3,Chronos,0.6380526423454285
Sample 3,TimesFM,0.3619473874568939
Sample 4,Timer,0.5576962232589722
Sample 4,Moirai,0.4423038065433502
Sample 5,Time-MoE,0.5621227025985718
Sample 5,Chronos,0.4378772974014282
Sample 6,Timer,0.6627774238586426
Sample 6,TimesFM,0.33722254633903503
Sample 7,Time-MoE,0.5888732075691223
Sample 7,Chronos,0.4111267924308777
Sample 8,Timer,0.5361617207527161
Sample 8,Time-MoE,0.46383827924728394
Sample 9,Moirai,0.5559545159339905
Sample 9,TimesFM,0.44404542446136475
Sample 10,Chronos,0.5607139468193054
Sample 10,Timer,0.4392860531806946
Sample 11,Chronos,0.6896352767944336
Sample 11,Moirai,0.310364693403244
Sample 12,Time-MoE,0.9334752559661865
Sample 12,TimesFM,0.06652474403381348
Sample 13,Chronos,0.5270417332649231
Sample 13,TimesFM,0.4729582667350769
Sample 14,Chronos,0.592289924621582
Sample 14,Timer,0.40771007537841797
Sample 15,Time-MoE,0.90492182970047
Sample 15,Chronos,0.09507822245359421
Sample 16,Moirai,0.5514201521873474
Sample 16,TimesFM,0.4485798180103302
Sample 17,TimesFM,0.555821418762207
Sample 17,Timer,0.44417861104011536
Sample 18,TimesFM,0.5929425358772278
Sample 18,Moirai,0.40705743432044983
Sample 19,TimesFM,0.5198525786399841
Sample 19,Moirai,0.48014742136001587
Sample 20,Timer,0.6287686824798584
Sample 20,Chronos,0.371231347322464
Sample 21,TimesFM,0.581597626209259
Sample 21,Chronos,0.4184023439884186
Sample 22,Chronos,0.580035924911499
Sample 22,Time-MoE,0.4199640452861786
Sample 23,Moirai,0.5924603939056396
Sample 23,TimesFM,0.40753960609436035
Sample 24,Moirai,0.5761520266532898
Sample 24,Timer,0.4238479435443878
Sample 25,TimesFM,0.6123611927032471
Sample 25,Timer,0.38763880729675293
Sample 26,Moirai,0.602418065071106
Sample 26,TimesFM,0.39758196473121643
Sample 27,TimesFM,0.9119742512702942
Sample 27,Timer,0.08802574127912521
Sample 28,TimesFM,0.7177076935768127
Sample 28,Time-MoE,0.2822922468185425
Sample 29,Moirai,0.5818461775779724
Sample 29,Chronos,0.4181538224220276
Sample 30,TimesFM,0.8600137233734131
Sample 30,Chronos,0.13998624682426453
Sample 31,Moirai,0.729783296585083
Sample 31,Time-MoE,0.2702166736125946
Sample 0,Timer,0.7425239682197571
Sample 0,Moirai,0.25747600197792053
Sample 1,Chronos,0.6573525071144104
Sample 1,TimesFM,0.3426474928855896
Sample 2,Moirai,0.6003884077072144
Sample 2,TimesFM,0.39961159229278564
Sample 3,Chronos,0.6748666167259216
Sample 3,TimesFM,0.32513341307640076
Sample 4,TimesFM,0.5771872997283936
Sample 4,Chronos,0.42281267046928406
Sample 5,TimesFM,0.6821192502975464
Sample 5,Time-MoE,0.3178807199001312
Sample 6,TimesFM,0.6226034164428711
Sample 6,Chronos,0.3773965835571289
Sample 7,Moirai,0.7357143759727478
Sample 7,Time-MoE,0.2642855942249298
Sample 8,Timer,0.5194819569587708
Sample 8,Moirai,0.48051801323890686
Sample 9,Time-MoE,0.5090125799179077
Sample 9,TimesFM,0.4909874498844147
Sample 10,Chronos,0.8305001258850098
Sample 10,Timer,0.16949981451034546
Sample 11,TimesFM,0.733931303024292
Sample 11,Moirai,0.266068696975708
Sample 12,Moirai,0.7692398428916931
Sample 12,TimesFM,0.23076015710830688
Sample 13,Moirai,0.5886295437812805
Sample 13,Timer,0.41137048602104187
Sample 14,Timer,0.6492263674736023
Sample 14,Chronos,0.3507736027240753
Sample 15,Time-MoE,0.6852633953094482
Sample 15,TimesFM,0.31473663449287415
Sample 16,Moirai,0.508115291595459
Sample 16,Timer,0.4918847382068634
Sample 17,Timer,0.5275185108184814
Sample 17,Time-MoE,0.47248148918151855
Sample 18,Moirai,0.7037391662597656
Sample 18,Chronos,0.2962608337402344
Sample 19,Moirai,0.6190192699432373
Sample 19,TimesFM,0.3809807300567627
Sample 20,Timer,0.830817461013794
Sample 20,Time-MoE,0.16918246448040009
Sample 21,Chronos,0.5475178956985474
Sample 21,Moirai,0.4524821639060974
Sample 22,Time-MoE,0.5064252018928528
Sample 22,Chronos,0.4935747981071472
Sample 23,Time-MoE,0.5809041261672974
Sample 23,TimesFM,0.41909587383270264
Sample 24,Moirai,0.5598667860031128
Sample 24,TimesFM,0.4401332139968872
Sample 25,Chronos,0.5748973488807678
Sample 25,Moirai,0.4251026213169098
Sample 26,Moirai,0.8088424801826477
Sample 26,TimesFM,0.1911575198173523
Sample 27,Chronos,0.5325974822044373
Sample 27,TimesFM,0.46740251779556274
Sample 28,Moirai,0.546968936920166
Sample 28,Time-MoE,0.45303109288215637
Sample 29,Time-MoE,0.6084775924682617
Sample 29,Moirai,0.39152243733406067
Sample 30,Timer,0.5095610618591309
Sample 30,Moirai,0.49043890833854675
Sample 31,Timer,0.753676176071167
Sample 31,Time-MoE,0.2463238537311554
Sample 0,Time-MoE,0.7836951017379761
Sample 0,Timer,0.21630488336086273
Sample 1,TimesFM,0.6098419427871704
Sample 1,Moirai,0.3901579976081848
Sample 2,Timer,0.668285071849823
Sample 2,Chronos,0.3317149579524994
Sample 3,Moirai,0.6757200360298157
Sample 3,Timer,0.3242799639701843
Sample 4,Timer,0.6010113954544067
Sample 4,Time-MoE,0.39898866415023804
Sample 5,Timer,0.658937931060791
Sample 5,Moirai,0.341062068939209
Sample 6,Time-MoE,0.5950825810432434
Sample 6,Moirai,0.4049173891544342
Sample 7,Moirai,0.6119651794433594
Sample 7,TimesFM,0.3880348205566406
Sample 8,TimesFM,0.513521134853363
Sample 8,Timer,0.4864788353443146
Sample 9,Chronos,0.6078646183013916
Sample 9,Timer,0.3921353816986084
Sample 10,Timer,0.5361352562904358
Sample 10,Moirai,0.4638647139072418
Sample 11,Moirai,0.6191220879554749
Sample 11,Time-MoE,0.38087794184684753
Sample 12,Moirai,0.505195140838623
Sample 12,TimesFM,0.49480482935905457
Sample 13,Time-MoE,0.5104523301124573
Sample 13,TimesFM,0.4895476996898651
Sample 14,TimesFM,0.7954951524734497
Sample 14,Timer,0.2045048028230667
Sample 15,Timer,0.5319288372993469
Sample 15,Chronos,0.4680711328983307
Sample 16,Moirai,0.5553217530250549
Sample 16,Chronos,0.4446782171726227
Sample 17,Chronos,0.6289216876029968
Sample 17,TimesFM,0.3710782825946808
Sample 18,Moirai,0.590553343296051
Sample 18,TimesFM,0.40944668650627136
Sample 19,Time-MoE,0.6208621859550476
Sample 19,Chronos,0.37913778424263
Sample 20,Moirai,0.6566306948661804
Sample 20,TimesFM,0.34336936473846436
Sample 21,Chronos,0.5520083904266357
Sample 21,Moirai,0.4479915499687195
Sample 22,Chronos,0.6236808896064758
Sample 22,Moirai,0.37631914019584656
Sample 23,Moirai,0.6919119954109192
Sample 23,Chronos,0.3080879747867584
Sample 24,Chronos,0.5140517950057983
Sample 24,TimesFM,0.4859481453895569
Sample 25,Chronos,0.5609637498855591
Sample 25,TimesFM,0.43903622031211853
Sample 26,TimesFM,0.5554860234260559
Sample 26,Time-MoE,0.4445139169692993
Sample 27,Moirai,0.6360894441604614
Sample 27,Chronos,0.36391058564186096
Sample 28,Time-MoE,0.5573755502700806
Sample 28,Moirai,0.44262444972991943
Sample 29,Chronos,0.6857444643974304
Sample 29,Timer,0.3142555058002472
Sample 30,TimesFM,0.6778396964073181
Sample 30,Moirai,0.3221603035926819
Sample 31,Timer,0.6699605584144592
Sample 31,Chronos,0.33003944158554077
Sample 0,Time-MoE,0.5383217334747314
Sample 0,Timer,0.46167829632759094
Sample 1,Timer,0.6040619015693665
Sample 1,Moirai,0.39593806862831116
Sample 2,Time-MoE,0.6042191982269287
Sample 2,TimesFM,0.39578086137771606
Sample 3,Moirai,0.5611833333969116
Sample 3,Chronos,0.438816636800766
Sample 4,Chronos,0.6303121447563171
Sample 4,TimesFM,0.36968785524368286
Sample 5,TimesFM,0.623323380947113
Sample 5,Timer,0.37667661905288696
Sample 6,Timer,0.5299003720283508
Sample 6,Time-MoE,0.4700995981693268
Sample 7,Timer,0.506503701210022
Sample 7,Moirai,0.49349626898765564
Sample 8,Timer,0.5186784863471985
Sample 8,Moirai,0.4813215434551239
Sample 9,Moirai,0.7068169116973877
Sample 9,Time-MoE,0.29318302869796753
Sample 10,Chronos,0.6434642672538757
Sample 10,TimesFM,0.3565357029438019
Sample 11,Time-MoE,0.7330368757247925
Sample 11,Timer,0.26696309447288513
Sample 12,Timer,0.6727203726768494
Sample 12,Moirai,0.32727959752082825
Sample 13,Chronos,0.6028751730918884
Sample 13,Moirai,0.3971247673034668
Sample 14,Moirai,0.751017689704895
Sample 14,Timer,0.24898232519626617
Sample 15,Time-MoE,0.5571262836456299
Sample 15,Timer,0.44287368655204773
Sample 16,Moirai,0.6329138875007629
Sample 16,Time-MoE,0.3670860826969147
Sample 17,Time-MoE,0.8029126524925232
Sample 17,Chronos,0.19708731770515442
Sample 18,Time-MoE,0.6071035861968994
Sample 18,Timer,0.3928963840007782
Sample 19,TimesFM,0.5973642468452454
Sample 19,Timer,0.40263575315475464
Sample 20,Time-MoE,0.77313232421875
Sample 20,Moirai,0.2268676459789276
Sample 21,Moirai,0.5629140138626099
Sample 21,Time-MoE,0.4370860159397125
Sample 22,Chronos,0.5806739330291748
Sample 22,TimesFM,0.4193260669708252
Sample 23,Timer,0.5303959846496582
Sample 23,Chronos,0.4696040153503418
Sample 24,Time-MoE,0.5753236413002014
Sample 24,Chronos,0.4246762990951538
Sample 25,Chronos,0.6255944967269897
Sample 25,Moirai,0.37440553307533264
Sample 26,Timer,0.5224918723106384
Sample 26,TimesFM,0.4775080978870392
Sample 27,Chronos,0.5739660859107971
Sample 27,TimesFM,0.4260339140892029
Sample 28,Time-MoE,0.774685800075531
Sample 28,TimesFM,0.22531412541866302
Sample 29,Chronos,0.5541939735412598
Sample 29,Moirai,0.44580602645874023
Sample 30,Chronos,0.6337064504623413
Sample 30,Moirai,0.3662935197353363
Sample 31,Moirai,0.5088662505149841
Sample 31,Time-MoE,0.4911337196826935
Sample 0,Time-MoE,0.7184911370277405
Sample 0,Timer,0.2815089225769043
Sample 1,Timer,0.5119683146476746
Sample 1,Time-MoE,0.48803168535232544
Sample 2,Chronos,0.5870447158813477
Sample 2,TimesFM,0.41295525431632996
Sample 3,TimesFM,0.5442137718200684
Sample 3,Moirai,0.45578622817993164
Sample 4,Timer,0.5962516069412231
Sample 4,TimesFM,0.40374839305877686
Sample 5,Chronos,0.6033613085746765
Sample 5,Timer,0.3966386914253235
Sample 6,Chronos,0.7861940264701843
Sample 6,TimesFM,0.2138059437274933
Sample 7,Timer,0.724228024482727
Sample 7,Moirai,0.27577197551727295
Sample 8,Chronos,0.524329423904419
Sample 8,Moirai,0.47567057609558105
Sample 9,Chronos,0.7472307085990906
Sample 9,Moirai,0.25276923179626465
Sample 10,Time-MoE,0.8320761322975159
Sample 10,Chronos,0.16792388260364532
Sample 11,TimesFM,0.7170394062995911
Sample 11,Timer,0.28296059370040894
Sample 12,Time-MoE,0.5234619379043579
Sample 12,Moirai,0.4765380620956421
Sample 13,Chronos,0.5847028493881226
Sample 13,TimesFM,0.41529718041419983
Sample 14,TimesFM,0.5336204767227173
Sample 14,Moirai,0.4663795530796051
Sample 15,Time-MoE,0.6692447662353516
Sample 15,Moirai,0.3307552933692932
Sample 16,Chronos,0.5087513327598572
Sample 16,Time-MoE,0.4912486672401428
Sample 17,Chronos,0.5906314253807068
Sample 17,Timer,0.4093685448169708
Sample 18,Moirai,0.799944281578064
Sample 18,Timer,0.20005568861961365
Sample 19,TimesFM,0.5082131624221802
Sample 19,Chronos,0.49178680777549744
Sample 20,Timer,0.5541457533836365
Sample 20,TimesFM,0.4458542466163635
Sample 21,Chronos,0.6852036118507385
Sample 21,Moirai,0.3147963583469391
Sample 22,TimesFM,0.5334386229515076
Sample 22,Moirai,0.46656134724617004
Sample 23,Timer,0.5586555004119873
Sample 23,Moirai,0.4413444995880127
Sample 24,Timer,0.514830470085144
Sample 24,Time-MoE,0.48516952991485596
Sample 25,Chronos,0.6336888074874878
Sample 25,Time-MoE,0.36631113290786743
Sample 26,Moirai,0.5843956470489502
Sample 26,Time-MoE,0.4156043827533722
Sample 27,Timer,0.5836798548698425
Sample 27,TimesFM,0.41632014513015747
Sample 28,Moirai,0.6120657324790955
Sample 28,Time-MoE,0.38793426752090454
Sample 29,TimesFM,0.8551303148269653
Sample 29,Moirai,0.14486968517303467
Sample 30,Time-MoE,0.5901616811752319
Sample 30,Chronos,0.40983831882476807
Sample 31,Time-MoE,0.686506986618042
Sample 31,Timer,0.3134930431842804
Sample 0,TimesFM,0.5789147019386292
Sample 0,Timer,0.42108532786369324
Sample 1,Chronos,0.7518636584281921
Sample 1,Timer,0.24813635647296906
Sample 2,TimesFM,0.9077380299568176
Sample 2,Moirai,0.0922619104385376
Sample 3,Moirai,0.5589615106582642
Sample 3,Time-MoE,0.44103848934173584
Sample 4,Chronos,0.5063697099685669
Sample 4,Timer,0.4936302602291107
Sample 5,Time-MoE,0.5571848154067993
Sample 5,TimesFM,0.4428151845932007
Sample 6,TimesFM,0.6698691844940186
Sample 6,Time-MoE,0.3301308751106262
Sample 7,Timer,0.9560660719871521
Sample 7,Time-MoE,0.04393391311168671
Sample 8,Timer,0.6181283593177795
Sample 8,Moirai,0.3818715810775757
Sample 9,Chronos,0.5462343096733093
Sample 9,Timer,0.4537656307220459
Sample 10,TimesFM,0.7219196557998657
Sample 10,Time-MoE,0.2780803442001343
Sample 11,Moirai,0.6553530097007751
Sample 11,TimesFM,0.3446469306945801
Sample 12,Time-MoE,0.5935436487197876
Sample 12,Chronos,0.40645632147789
Sample 13,TimesFM,0.6526021361351013
Sample 13,Timer,0.3473978638648987
Sample 14,Moirai,0.6091530919075012
Sample 14,Chronos,0.3908468782901764
Sample 15,TimesFM,0.5877542495727539
Sample 15,Chronos,0.4122457504272461
Sample 0,Moirai,0.6777106523513794
Sample 0,Timer,0.322289377450943
Sample 1,Moirai,0.6042370200157166
Sample 1,Time-MoE,0.39576297998428345
Sample 2,Chronos,0.5042943954467773
Sample 2,Timer,0.49570566415786743
Sample 3,Moirai,0.6338141560554504
Sample 3,TimesFM,0.36618587374687195
Sample 4,TimesFM,0.6062304377555847
Sample 4,Timer,0.39376962184906006
Sample 5,Moirai,0.6469884514808655
Sample 5,Timer,0.35301151871681213
Sample 6,Chronos,0.5592525601387024
Sample 6,TimesFM,0.44074746966362
Sample 7,Moirai,0.6964110732078552
Sample 7,TimesFM,0.3035888969898224
Sample 8,TimesFM,0.5042843818664551
Sample 8,Time-MoE,0.4957156479358673
Sample 9,TimesFM,0.5698480010032654
Sample 9,Moirai,0.43015196919441223
Sample 10,Timer,0.5325055718421936
Sample 10,Moirai,0.4674944579601288
Sample 11,Chronos,0.5823328495025635
Sample 11,TimesFM,0.41766712069511414
Sample 12,Time-MoE,0.6114338040351868
Sample 12,Moirai,0.38856616616249084
Sample 13,Timer,0.5178870558738708
Sample 13,Moirai,0.48211291432380676
Sample 14,Timer,0.6821909546852112
Sample 14,Chronos,0.3178090453147888
Sample 15,Time-MoE,0.7033088207244873
Sample 15,Moirai,0.2966911196708679
Sample 16,Time-MoE,0.5097658634185791
Sample 16,TimesFM,0.4902341067790985
Sample 17,TimesFM,0.6092179417610168
Sample 17,Timer,0.39078211784362793
Sample 18,Timer,0.6872232556343079
Sample 18,Moirai,0.31277674436569214
Sample 19,TimesFM,0.8009126782417297
Sample 19,Moirai,0.19908730685710907
Sample 20,Timer,0.6898013353347778
Sample 20,Chronos,0.3101986348628998
Sample 21,Chronos,0.8177368640899658
Sample 21,Moirai,0.18226318061351776
Sample 22,TimesFM,0.5160045623779297
Sample 22,Timer,0.4839954674243927
Sample 23,Chronos,0.5165248513221741
Sample 23,Timer,0.4834752082824707
Sample 24,Timer,0.5301818251609802
Sample 24,Chronos,0.46981820464134216
Sample 25,TimesFM,0.5719346404075623
Sample 25,Chronos,0.42806532979011536
Sample 26,Chronos,0.6348703503608704
Sample 26,Moirai,0.36512961983680725
Sample 27,Moirai,0.5241270065307617
Sample 27,Time-MoE,0.4758729636669159
Sample 28,Time-MoE,0.6713421940803528
Sample 28,Chronos,0.32865777611732483
Sample 29,TimesFM,0.5824894905090332
Sample 29,Chronos,0.4175104796886444
Sample 30,TimesFM,0.755687952041626
Sample 30,Timer,0.24431200325489044
Sample 31,Moirai,0.5827209949493408
Sample 31,Time-MoE,0.4172790050506592
Sample 0,Chronos,0.5239660143852234
Sample 0,Moirai,0.4760339856147766
Sample 1,Moirai,0.5071554183959961
Sample 1,Chronos,0.4928445518016815
Sample 2,Chronos,0.5230933427810669
Sample 2,TimesFM,0.4769066870212555
Sample 3,Chronos,0.5489218831062317
Sample 3,Moirai,0.4510781466960907
Sample 4,Timer,0.5076165199279785
Sample 4,TimesFM,0.4923834204673767
Sample 5,Time-MoE,0.5841946005821228
Sample 5,Timer,0.4158053696155548
Sample 6,Chronos,0.576159656047821
Sample 6,Time-MoE,0.42384031414985657
Sample 7,Moirai,0.5182703137397766
Sample 7,Timer,0.481729656457901
Sample 8,Time-MoE,0.5308924913406372
Sample 8,Moirai,0.4691075086593628
Sample 9,Time-MoE,0.5946103930473328
Sample 9,Chronos,0.4053896367549896
Sample 10,Time-MoE,0.5750415921211243
Sample 10,Timer,0.4249584376811981
Sample 11,Chronos,0.6012004017829895
Sample 11,Time-MoE,0.3987996280193329
Sample 12,Chronos,0.5379343628883362
Sample 12,TimesFM,0.4620656371116638
Sample 13,Timer,0.5914455056190491
Sample 13,Moirai,0.40855446457862854
Sample 14,Timer,0.5770313143730164
Sample 14,Moirai,0.42296871542930603
Sample 15,Timer,0.5268569588661194
Sample 15,Time-MoE,0.4731430113315582
Sample 16,Timer,0.5807801485061646
Sample 16,Moirai,0.4192199110984802
Sample 17,TimesFM,0.6723652482032776
Sample 17,Time-MoE,0.3276347517967224
Sample 18,Time-MoE,0.9097614884376526
Sample 18,Chronos,0.09023843705654144
Sample 19,Time-MoE,0.5090773701667786
Sample 19,Chronos,0.49092262983322144
Sample 20,Chronos,0.6578007340431213
Sample 20,Moirai,0.34219929575920105
Sample 21,Time-MoE,0.5464736819267273
Sample 21,TimesFM,0.4535263776779175
Sample 22,Timer,0.6265204548835754
Sample 22,Moirai,0.37347957491874695
Sample 23,Timer,0.606378972530365
Sample 23,Chronos,0.3936209976673126
Sample 24,TimesFM,0.5323622226715088
Sample 24,Chronos,0.4676377773284912
Sample 25,TimesFM,0.8880771398544312
Sample 25,Timer,0.11192288994789124
Sample 26,Time-MoE,0.5259288549423218
Sample 26,Timer,0.4740711450576782
Sample 27,TimesFM,0.8672605752944946
Sample 27,Timer,0.13273942470550537
Sample 28,Time-MoE,0.519519031047821
Sample 28,TimesFM,0.48048096895217896
Sample 29,Moirai,0.7293043732643127
Sample 29,Timer,0.27069565653800964
Sample 30,Moirai,0.5425551533699036
Sample 30,TimesFM,0.45744481682777405
Sample 31,Time-MoE,0.5738626718521118
Sample 31,Chronos,0.4261373281478882
Sample 0,Timer,0.6139665842056274
Sample 0,Moirai,0.38603347539901733
Sample 1,Moirai,0.6661460399627686
Sample 1,TimesFM,0.33385398983955383
Sample 2,Moirai,0.5564203262329102
Sample 2,Chronos,0.4435797333717346
Sample 3,Chronos,0.6266832947731018
Sample 3,TimesFM,0.3733167052268982
Sample 4,Timer,0.5501049160957336
Sample 4,Moirai,0.44989508390426636
Sample 5,Chronos,0.5546303391456604
Sample 5,Timer,0.4453696608543396
Sample 6,Moirai,0.6726171374320984
Sample 6,TimesFM,0.3273828327655792
Sample 7,Time-MoE,0.5322677493095398
Sample 7,Timer,0.4677322208881378
Sample 8,Time-MoE,0.5315170884132385
Sample 8,TimesFM,0.46848294138908386
Sample 9,TimesFM,0.7571320533752441
Sample 9,Timer,0.24286799132823944
Sample 10,Moirai,0.5532100200653076
Sample 10,TimesFM,0.44679000973701477
Sample 11,TimesFM,0.6138319373130798
Sample 11,Time-MoE,0.3861680030822754
Sample 12,Time-MoE,0.8138870596885681
Sample 12,Chronos,0.18611294031143188
Sample 13,Chronos,0.6895098090171814
Sample 13,TimesFM,0.3104901611804962
Sample 14,Chronos,0.84983229637146
Sample 14,Timer,0.15016774833202362
Sample 15,Timer,0.7923598885536194
Sample 15,Time-MoE,0.2076401561498642
Sample 16,Timer,0.7073784470558167
Sample 16,TimesFM,0.29262152314186096
Sample 17,Chronos,0.5879960656166077
Sample 17,Time-MoE,0.41200390458106995
Sample 18,Time-MoE,0.8202970623970032
Sample 18,Chronos,0.17970289289951324
Sample 19,Time-MoE,0.5844912528991699
Sample 19,Moirai,0.4155087471008301
Sample 20,Time-MoE,0.5571843981742859
Sample 20,Chronos,0.4428156018257141
Sample 21,Chronos,0.5751757621765137
Sample 21,Timer,0.4248242974281311
Sample 22,Moirai,0.6920065879821777
Sample 22,Timer,0.30799341201782227
Sample 23,TimesFM,0.5775164365768433
Sample 23,Moirai,0.42248353362083435
Sample 24,Timer,0.6667078733444214
Sample 24,Time-MoE,0.3332921266555786
Sample 25,TimesFM,0.7462934255599976
Sample 25,Time-MoE,0.2537066340446472
Sample 26,Time-MoE,0.5764554738998413
Sample 26,Moirai,0.4235444664955139
Sample 27,Moirai,0.5164661407470703
Sample 27,TimesFM,0.48353391885757446
Sample 28,Moirai,0.5202859044075012
Sample 28,Chronos,0.47971412539482117
Sample 29,TimesFM,0.5799752473831177
Sample 29,Moirai,0.4200247526168823
Sample 30,TimesFM,0.8465406894683838
Sample 30,Timer,0.15345926582813263
Sample 31,Timer,0.8140031099319458
Sample 31,Time-MoE,0.1859969049692154
Sample 0,Moirai,0.5972965359687805
Sample 0,TimesFM,0.4027034640312195
Sample 1,Time-MoE,0.743639349937439
Sample 1,Chronos,0.25636065006256104
Sample 2,TimesFM,0.5504966378211975
Sample 2,Chronos,0.4495033025741577
Sample 3,Chronos,0.622555136680603
Sample 3,Moirai,0.377444863319397
Sample 4,TimesFM,0.8366566896438599
Sample 4,Chronos,0.16334334015846252
Sample 5,Time-MoE,0.7912814617156982
Sample 5,TimesFM,0.20871858298778534
Sample 6,Timer,0.5816493630409241
Sample 6,Chronos,0.4183506369590759
Sample 7,Timer,0.5478869080543518
Sample 7,Time-MoE,0.4521131217479706
Sample 8,Time-MoE,0.6464802026748657
Sample 8,TimesFM,0.3535197675228119
Sample 9,Chronos,0.7990993857383728
Sample 9,Moirai,0.2009006291627884
Sample 10,Moirai,0.5738100409507751
Sample 10,Chronos,0.42618992924690247
Sample 11,Chronos,0.7928239703178406
Sample 11,Timer,0.2071760594844818
Sample 12,Timer,0.5981041193008423
Sample 12,Chronos,0.4018958508968353
Sample 13,TimesFM,0.5552579164505005
Sample 13,Chronos,0.4447420537471771
Sample 14,Chronos,0.5505257844924927
Sample 14,TimesFM,0.4494742155075073
Sample 15,Chronos,0.5420293211936951
Sample 15,Moirai,0.4579707086086273
Sample 16,Time-MoE,0.6887298226356506
Sample 16,Chronos,0.311270147562027
Sample 17,Time-MoE,0.5572859644889832
Sample 17,Moirai,0.4427140951156616
Sample 18,Timer,0.5030626654624939
Sample 18,Moirai,0.4969373643398285
Sample 19,Time-MoE,0.5319972634315491
Sample 19,Timer,0.4680027365684509
Sample 20,Timer,0.7954627871513367
Sample 20,Time-MoE,0.20453718304634094
Sample 21,Chronos,0.6792833209037781
Sample 21,TimesFM,0.3207166790962219
Sample 22,TimesFM,0.8416014909744263
Sample 22,Moirai,0.15839853882789612
Sample 23,Moirai,0.6293601989746094
Sample 23,TimesFM,0.3706398010253906
Sample 24,Timer,0.5143042802810669
Sample 24,Moirai,0.4856957793235779
Sample 25,Moirai,0.7256091833114624
Sample 25,Timer,0.27439084649086
Sample 26,Time-MoE,0.5073140859603882
Sample 26,TimesFM,0.4926859438419342
Sample 27,Timer,0.6134686470031738
Sample 27,Time-MoE,0.3865313231945038
Sample 28,Time-MoE,0.670391321182251
Sample 28,Timer,0.3296087086200714
Sample 29,Time-MoE,0.5446567535400391
Sample 29,Chronos,0.4553432762622833
Sample 30,TimesFM,0.6095436811447144
Sample 30,Chronos,0.39045634865760803
Sample 31,Time-MoE,0.5445514917373657
Sample 31,Moirai,0.4554484784603119
Sample 0,Time-MoE,0.7738815546035767
Sample 0,TimesFM,0.22611844539642334
Sample 1,TimesFM,0.6085216403007507
Sample 1,Moirai,0.39147838950157166
Sample 2,Timer,0.632644772529602
Sample 2,TimesFM,0.3673551678657532
Sample 3,TimesFM,0.6726189255714417
Sample 3,Moirai,0.32738104462623596
Sample 4,Moirai,0.7873074412345886
Sample 4,TimesFM,0.21269258856773376
Sample 5,TimesFM,0.5652218461036682
Sample 5,Time-MoE,0.434778094291687
Sample 6,TimesFM,0.63059002161026
Sample 6,Moirai,0.3694100081920624
Sample 7,Moirai,0.6104964017868042
Sample 7,Timer,0.3895035982131958
Sample 8,Timer,0.5440351366996765
Sample 8,Moirai,0.4559648633003235
Sample 9,TimesFM,0.6181696653366089
Sample 9,Timer,0.3818303048610687
Sample 10,Time-MoE,0.5062421560287476
Sample 10,TimesFM,0.49375784397125244
Sample 11,Chronos,0.6118928790092468
Sample 11,TimesFM,0.3881070911884308
Sample 12,Time-MoE,0.5024482011795044
Sample 12,TimesFM,0.497551828622818
Sample 13,TimesFM,0.6466957330703735
Sample 13,Timer,0.35330426692962646
Sample 14,Timer,0.5795139670372009
Sample 14,Moirai,0.42048606276512146
Sample 15,Chronos,0.7900609374046326
Sample 15,TimesFM,0.20993909239768982
Sample 16,Moirai,0.5439614653587341
Sample 16,TimesFM,0.4560385048389435
Sample 17,Chronos,0.6332302689552307
Sample 17,TimesFM,0.3667697310447693
Sample 18,Time-MoE,0.5710638165473938
Sample 18,Moirai,0.4289362132549286
Sample 19,TimesFM,0.5546969771385193
Sample 19,Chronos,0.4453029930591583
Sample 20,Moirai,0.7134649157524109
Sample 20,TimesFM,0.2865350544452667
Sample 21,Chronos,0.6935035586357117
Sample 21,Time-MoE,0.30649638175964355
Sample 22,Moirai,0.5795618891716003
Sample 22,TimesFM,0.42043814063072205
Sample 23,Time-MoE,0.5733903646469116
Sample 23,TimesFM,0.42660966515541077
Sample 24,Chronos,0.5063375234603882
Sample 24,Moirai,0.4936624765396118
Sample 25,Moirai,0.5268221497535706
Sample 25,TimesFM,0.47317782044410706
Sample 26,Chronos,0.5320603251457214
Sample 26,Moirai,0.4679396450519562
Sample 27,Timer,0.5645703077316284
Sample 27,Chronos,0.4354296922683716
Sample 28,Time-MoE,0.6641639471054077
Sample 28,Moirai,0.3358360528945923
Sample 29,Chronos,0.7040737867355347
Sample 29,Timer,0.2959262430667877
Sample 30,Time-MoE,0.8669405579566956
Sample 30,Chronos,0.13305938243865967
Sample 31,Timer,0.700847864151001
Sample 31,Chronos,0.29915207624435425
Sample 0,Time-MoE,0.5993179678916931
Sample 0,Chronos,0.4006820321083069
Sample 1,Moirai,0.5092600584030151
Sample 1,TimesFM,0.4907399117946625
Sample 2,Moirai,0.6278388500213623
Sample 2,Timer,0.3721610903739929
Sample 3,Time-MoE,0.6862892508506775
Sample 3,Moirai,0.3137107789516449
Sample 4,Moirai,0.671883761882782
Sample 4,Chronos,0.328116238117218
Sample 5,Moirai,0.5484141707420349
Sample 5,Time-MoE,0.4515858292579651
Sample 6,Timer,0.511547863483429
Sample 6,Chronos,0.4884521961212158
Sample 7,Chronos,0.5219189524650574
Sample 7,Time-MoE,0.4780810475349426
Sample 8,Time-MoE,0.5003942251205444
Sample 8,TimesFM,0.49960577487945557
Sample 9,Timer,0.6072373986244202
Sample 9,Moirai,0.39276257157325745
Sample 10,TimesFM,0.6487822532653809
Sample 10,Moirai,0.35121777653694153
Sample 11,Moirai,0.6082202792167664
Sample 11,TimesFM,0.39177972078323364
Sample 12,Moirai,0.642159104347229
Sample 12,TimesFM,0.3578408360481262
Sample 13,Chronos,0.5771445631980896
Sample 13,TimesFM,0.4228554368019104
Sample 14,TimesFM,0.7628533840179443
Sample 14,Time-MoE,0.23714663088321686
Sample 15,Chronos,0.7270848155021667
Sample 15,TimesFM,0.27291521430015564
Sample 16,Time-MoE,0.5960883498191833
Sample 16,Chronos,0.40391167998313904
Sample 17,Chronos,0.5913259387016296
Sample 17,TimesFM,0.4086740016937256
Sample 18,Timer,0.8770967721939087
Sample 18,Moirai,0.12290320545434952
Sample 19,TimesFM,0.794776439666748
Sample 19,Timer,0.20522359013557434
Sample 20,Timer,0.5248295068740845
Sample 20,Chronos,0.47517046332359314
Sample 21,Time-MoE,0.5201250910758972
Sample 21,TimesFM,0.4798749089241028
Sample 22,TimesFM,0.5905441045761108
Sample 22,Moirai,0.40945595502853394
Sample 23,Time-MoE,0.616778552532196
Sample 23,Chronos,0.38322147727012634
Sample 24,Chronos,0.6668030023574829
Sample 24,TimesFM,0.3331969976425171
Sample 25,Chronos,0.8576517701148987
Sample 25,Timer,0.14234818518161774
Sample 26,Chronos,0.5401143431663513
Sample 26,Time-MoE,0.4598856270313263
Sample 27,TimesFM,0.7927277088165283
Sample 27,Timer,0.20727227628231049
Sample 28,Timer,0.6281008720397949
Sample 28,Time-MoE,0.3718991279602051
Sample 29,Timer,0.5401949286460876
Sample 29,Moirai,0.45980504155158997
Sample 30,TimesFM,0.5720919370651245
Sample 30,Moirai,0.4279080331325531
Sample 31,TimesFM,0.6586140990257263
Sample 31,Timer,0.3413858711719513
Sample 0,TimesFM,0.5020880699157715
Sample 0,Moirai,0.4979119300842285
Sample 1,Time-MoE,0.717932403087616
Sample 1,TimesFM,0.28206756711006165
Sample 2,Time-MoE,0.5350796580314636
Sample 2,Moirai,0.464920312166214
Sample 3,Chronos,0.6024425029754639
Sample 3,TimesFM,0.39755746722221375
Sample 4,Chronos,0.7508495450019836
Sample 4,Time-MoE,0.24915042519569397
Sample 5,Chronos,0.5257061123847961
Sample 5,Moirai,0.47429388761520386
Sample 6,Timer,0.6078088283538818
Sample 6,Moirai,0.3921911418437958
Sample 7,TimesFM,0.6455057859420776
Sample 7,Time-MoE,0.35449421405792236
Sample 8,Chronos,0.5554976463317871
Sample 8,Timer,0.4445023834705353
Sample 9,Moirai,0.5760316848754883
Sample 9,TimesFM,0.4239683449268341
Sample 10,Moirai,0.5357851386070251
Sample 10,TimesFM,0.46421489119529724
Sample 11,Timer,0.6999313831329346
Sample 11,Moirai,0.3000686764717102
Sample 12,Chronos,0.5887638330459595
Sample 12,Timer,0.4112361669540405
Sample 13,Timer,0.5104811191558838
Sample 13,Moirai,0.4895188808441162
Sample 14,Timer,0.5500660538673401
Sample 14,Chronos,0.4499339461326599
Sample 15,Moirai,0.6036806702613831
Sample 15,Time-MoE,0.39631927013397217
Sample 0,Chronos,0.5558505654335022
Sample 0,Moirai,0.4441494047641754
Sample 1,Chronos,0.5479647517204285
Sample 1,TimesFM,0.4520352780818939
Sample 2,Moirai,0.5108458995819092
Sample 2,Time-MoE,0.48915407061576843
Sample 3,Chronos,0.7402560114860535
Sample 3,Moirai,0.25974398851394653
Sample 4,Time-MoE,0.5150771737098694
Sample 4,Timer,0.48492276668548584
Sample 5,Time-MoE,0.5793216824531555
Sample 5,TimesFM,0.4206783175468445
Sample 6,TimesFM,0.5533528327941895
Sample 6,Chronos,0.44664716720581055
Sample 7,TimesFM,0.6465082764625549
Sample 7,Timer,0.35349172353744507
Sample 8,Time-MoE,0.6686776876449585
Sample 8,Moirai,0.3313222825527191
Sample 9,Chronos,0.6605600118637085
Sample 9,Moirai,0.3394399881362915
Sample 10,Moirai,0.5277155637741089
Sample 10,Chronos,0.4722844660282135
Sample 11,Time-MoE,0.5439707040786743
Sample 11,Chronos,0.4560292661190033
Sample 12,Moirai,0.6096041798591614
Sample 12,TimesFM,0.39039579033851624
Sample 13,TimesFM,0.5626488924026489
Sample 13,Time-MoE,0.4373510479927063
Sample 14,TimesFM,0.5945038795471191
Sample 14,Timer,0.40549615025520325
Sample 15,Moirai,0.6416117548942566
Sample 15,Time-MoE,0.35838818550109863
Sample 16,Timer,0.5926306247711182
Sample 16,Time-MoE,0.4073694348335266
Sample 17,Moirai,0.7095191478729248
Sample 17,Chronos,0.2904808819293976
Sample 18,Moirai,0.619269847869873
Sample 18,Chronos,0.38073021173477173
Sample 19,TimesFM,0.5036340951919556
Sample 19,Time-MoE,0.49636587500572205
Sample 20,Moirai,0.5868666172027588
Sample 20,Timer,0.4131333529949188
Sample 21,Chronos,0.5415158271789551
Sample 21,Moirai,0.45848411321640015
Sample 22,Time-MoE,0.5248966813087463
Sample 22,Timer,0.47510331869125366
Sample 23,Moirai,0.5278482437133789
Sample 23,Time-MoE,0.4721517562866211
Sample 24,Timer,0.5952699780464172
Sample 24,Time-MoE,0.40473002195358276
Sample 25,Chronos,0.7578092813491821
Sample 25,Timer,0.2421906441450119
Sample 26,TimesFM,0.5504874587059021
Sample 26,Moirai,0.4495125412940979
Sample 27,Chronos,0.7005459070205688
Sample 27,Time-MoE,0.29945406317710876
Sample 28,TimesFM,0.5381506085395813
Sample 28,Moirai,0.4618494212627411
Sample 29,Time-MoE,0.7896084785461426
Sample 29,Timer,0.21039147675037384
Sample 30,Timer,0.5394675135612488
Sample 30,Chronos,0.4605324864387512
Sample 31,Timer,0.88556307554245
Sample 31,Time-MoE,0.11443690210580826
Sample 0,TimesFM,0.5239274501800537
Sample 0,Timer,0.4760725200176239
Sample 1,Timer,0.5392612218856812
Sample 1,TimesFM,0.46073877811431885
Sample 2,Timer,0.634800374507904
Sample 2,TimesFM,0.36519959568977356
Sample 3,Moirai,0.5302411913871765
Sample 3,TimesFM,0.4697588086128235
Sample 4,Moirai,0.5577077269554138
Sample 4,Timer,0.4422922730445862
Sample 5,Chronos,0.6374088525772095
Sample 5,Moirai,0.3625911772251129
Sample 6,Chronos,0.7148014903068542
Sample 6,Timer,0.28519853949546814
Sample 7,Chronos,0.543691873550415
Sample 7,Moirai,0.4563080668449402
Sample 8,Time-MoE,0.5714638233184814
Sample 8,Timer,0.42853620648384094
Sample 9,Chronos,0.693327009677887
Sample 9,Timer,0.30667299032211304
Sample 10,Moirai,0.5343683958053589
Sample 10,Timer,0.4656315743923187
Sample 11,Chronos,0.5281232595443726
Sample 11,Time-MoE,0.47187674045562744
Sample 12,Chronos,0.6042665243148804
Sample 12,Time-MoE,0.39573344588279724
Sample 13,Chronos,0.6022351384162903
Sample 13,Timer,0.3977648913860321
Sample 14,Time-MoE,0.6785656809806824
Sample 14,Chronos,0.32143428921699524
Sample 15,Moirai,0.8999423384666443
Sample 15,Timer,0.1000576913356781
Sample 16,Time-MoE,0.6225534677505493
Sample 16,TimesFM,0.3774465024471283
Sample 17,Chronos,0.6012505292892456
Sample 17,Timer,0.398749440908432
Sample 18,TimesFM,0.5336280465126038
Sample 18,Time-MoE,0.46637195348739624
Sample 19,Chronos,0.5535178780555725
Sample 19,Time-MoE,0.4464820921421051
Sample 20,Moirai,0.5142171382904053
Sample 20,TimesFM,0.4857828915119171
Sample 21,Timer,0.528671383857727
Sample 21,Moirai,0.47132861614227295
Sample 22,Moirai,0.7953728437423706
Sample 22,Chronos,0.20462721586227417
Sample 23,Timer,0.7279558777809143
Sample 23,TimesFM,0.27204418182373047
Sample 24,Moirai,0.5194066762924194
Sample 24,Time-MoE,0.4805932939052582
Sample 25,TimesFM,0.7853678464889526
Sample 25,Timer,0.21463216841220856
Sample 26,Time-MoE,0.5411829948425293
Sample 26,Moirai,0.4588170051574707
Sample 27,Chronos,0.9417036771774292
Sample 27,Time-MoE,0.058296333998441696
Sample 28,Chronos,0.6447843909263611
Sample 28,TimesFM,0.3552156090736389
Sample 29,TimesFM,0.6408723592758179
Sample 29,Timer,0.3591276705265045
Sample 30,Time-MoE,0.5123133659362793
Sample 30,Moirai,0.4876866638660431
Sample 31,Time-MoE,0.5597826838493347
Sample 31,Moirai,0.4402172565460205
Sample 0,Timer,0.9027763605117798
Sample 0,TimesFM,0.09722365438938141
Sample 1,Chronos,0.5587145090103149
Sample 1,Moirai,0.44128552079200745
Sample 2,Timer,0.5238657593727112
Sample 2,TimesFM,0.4761342704296112
Sample 3,Time-MoE,0.5331854224205017
Sample 3,Chronos,0.4668145775794983
Sample 4,TimesFM,0.5886706113815308
Sample 4,Timer,0.4113294184207916
Sample 5,TimesFM,0.5211436152458191
Sample 5,Chronos,0.4788563847541809
Sample 6,Chronos,0.5081321001052856
Sample 6,Time-MoE,0.49186789989471436
Sample 7,Timer,0.9432528614997864
Sample 7,Time-MoE,0.0567471869289875
Sample 8,Moirai,0.5348982810974121
Sample 8,Time-MoE,0.4651016891002655
Sample 9,Moirai,0.6264706254005432
Sample 9,Chronos,0.37352943420410156
Sample 10,Chronos,0.5454679727554321
Sample 10,Time-MoE,0.45453202724456787
Sample 11,Timer,0.5228441953659058
Sample 11,TimesFM,0.4771558344364166
Sample 12,Timer,0.9693449139595032
Sample 12,Time-MoE,0.030655130743980408
Sample 13,TimesFM,0.6147264838218689
Sample 13,Chronos,0.3852734863758087
Sample 14,Timer,0.6194996237754822
Sample 14,Time-MoE,0.3805003762245178
Sample 15,Moirai,0.7041212916374207
Sample 15,Chronos,0.29587870836257935
Sample 16,Timer,0.5537819266319275
Sample 16,Time-MoE,0.4462180435657501
Sample 17,TimesFM,0.5600399971008301
Sample 17,Moirai,0.4399600625038147
Sample 18,TimesFM,0.7881605625152588
Sample 18,Moirai,0.21183942258358002
Sample 19,Moirai,0.5201396942138672
Sample 19,Timer,0.4798602759838104
Sample 20,Chronos,0.6181297302246094
Sample 20,Timer,0.3818702697753906
Sample 21,Time-MoE,0.5130553245544434
Sample 21,Chronos,0.48694470524787903
Sample 22,Timer,0.5479665398597717
Sample 22,Chronos,0.45203348994255066
Sample 23,Chronos,0.5389712452888489
Sample 23,Moirai,0.4610287845134735
Sample 24,Time-MoE,0.6281751394271851
Sample 24,Chronos,0.37182489037513733
Sample 25,Chronos,0.5766476392745972
Sample 25,Moirai,0.42335236072540283
Sample 26,Moirai,0.6759871244430542
Sample 26,TimesFM,0.3240129351615906
Sample 27,Chronos,0.5124645829200745
Sample 27,TimesFM,0.48753535747528076
Sample 28,TimesFM,0.5034314393997192
Sample 28,Time-MoE,0.496568500995636
Sample 29,Timer,0.6380833387374878
Sample 29,Moirai,0.3619166612625122
Sample 30,Chronos,0.681999683380127
Sample 30,Time-MoE,0.31800031661987305
Sample 31,Timer,0.7477372288703918
Sample 31,Moirai,0.25226277112960815
Sample 0,Moirai,0.59780353307724
Sample 0,Timer,0.40219646692276
Sample 1,Chronos,0.5615353584289551
Sample 1,Timer,0.4384646713733673
Sample 2,Chronos,0.7287681698799133
Sample 2,Timer,0.2712317705154419
Sample 3,Chronos,0.7295682430267334
Sample 3,Timer,0.2704317271709442
Sample 4,Time-MoE,0.5194072723388672
Sample 4,Chronos,0.4805927574634552
Sample 5,Timer,0.5370244979858398
Sample 5,Time-MoE,0.46297553181648254
Sample 6,Time-MoE,0.5992573499679565
Sample 6,Timer,0.40074265003204346
Sample 7,TimesFM,0.5894304513931274
Sample 7,Time-MoE,0.41056951880455017
Sample 8,Moirai,0.5397248268127441
Sample 8,TimesFM,0.46027517318725586
Sample 9,TimesFM,0.582664430141449
Sample 9,Moirai,0.417335569858551
Sample 10,Timer,0.7843112945556641
Sample 10,Chronos,0.21568870544433594
Sample 11,Time-MoE,0.9177477359771729
Sample 11,Moirai,0.08225221931934357
Sample 12,TimesFM,0.5575681924819946
Sample 12,Moirai,0.44243180751800537
Sample 13,Moirai,0.5507224202156067
Sample 13,Chronos,0.4492775499820709
Sample 14,Moirai,0.5262104868888855
Sample 14,Timer,0.4737894535064697
Sample 15,Time-MoE,0.6520307660102844
Sample 15,Timer,0.3479692041873932
Sample 16,Moirai,0.5233156681060791
Sample 16,Time-MoE,0.4766843020915985
Sample 17,Chronos,0.7898410558700562
Sample 17,TimesFM,0.21015897393226624
Sample 18,Moirai,0.6644607782363892
Sample 18,TimesFM,0.33553922176361084
Sample 19,TimesFM,0.6164677143096924
Sample 19,Moirai,0.38353222608566284
Sample 20,Timer,0.5062905550003052
Sample 20,Moirai,0.4937094449996948
Sample 21,Moirai,0.72111576795578
Sample 21,TimesFM,0.2788842022418976
Sample 22,Moirai,0.609164834022522
Sample 22,Chronos,0.390835165977478
Sample 23,Chronos,0.6236633658409119
Sample 23,Timer,0.3763366639614105
Sample 24,Time-MoE,0.5817880630493164
Sample 24,TimesFM,0.4182119071483612
Sample 25,Chronos,0.501811683177948
Sample 25,TimesFM,0.498188316822052
Sample 26,Time-MoE,0.6149164438247681
Sample 26,TimesFM,0.38508352637290955
Sample 27,Timer,0.5154508352279663
Sample 27,Time-MoE,0.4845491647720337
Sample 28,Moirai,0.6355184316635132
Sample 28,Timer,0.3644815683364868
Sample 29,TimesFM,0.7374107837677002
Sample 29,Moirai,0.2625892758369446
Sample 30,Chronos,0.5165987610816956
Sample 30,Time-MoE,0.48340123891830444
Sample 31,Time-MoE,0.5268042683601379
Sample 31,Timer,0.47319576144218445
Sample 0,TimesFM,0.5092441439628601
Sample 0,Moirai,0.4907558560371399
Sample 1,TimesFM,0.5717461705207825
Sample 1,Moirai,0.42825382947921753
Sample 2,TimesFM,0.5986909866333008
Sample 2,Timer,0.4013090431690216
Sample 3,Chronos,0.8515756726264954
Sample 3,TimesFM,0.14842432737350464
Sample 4,Time-MoE,0.5775820016860962
Sample 4,Chronos,0.4224179983139038
Sample 5,Chronos,0.7601475119590759
Sample 5,Time-MoE,0.23985251784324646
Sample 6,TimesFM,0.7086519598960876
Sample 6,Timer,0.29134801030158997
Sample 7,Time-MoE,0.7880752086639404
Sample 7,Timer,0.21192476153373718
Sample 8,TimesFM,0.5214962959289551
Sample 8,Chronos,0.4785037338733673
Sample 9,Time-MoE,0.5945162177085876
Sample 9,TimesFM,0.40548378229141235
Sample 10,TimesFM,0.8346533179283142
Sample 10,Moirai,0.16534672677516937
Sample 11,TimesFM,0.577499270439148
Sample 11,Moirai,0.4225006699562073
Sample 12,TimesFM,0.5871734023094177
Sample 12,Chronos,0.4128265678882599
Sample 13,Chronos,0.5093202590942383
Sample 13,Timer,0.4906797409057617
Sample 14,Chronos,0.5803669691085815
Sample 14,Time-MoE,0.41963303089141846
Sample 15,Time-MoE,0.5020013451576233
Sample 15,TimesFM,0.4979986846446991
Sample 16,Moirai,0.5890893936157227
Sample 16,TimesFM,0.41091063618659973
Sample 17,Chronos,0.5135723948478699
Sample 17,Timer,0.4864276647567749
Sample 18,Chronos,0.64741051197052
Sample 18,Timer,0.3525894582271576
Sample 19,Timer,0.5166683197021484
Sample 19,Moirai,0.4833316504955292
Sample 20,Moirai,0.5077742338180542
Sample 20,Timer,0.4922257363796234
Sample 21,Timer,0.5717859864234924
Sample 21,TimesFM,0.42821401357650757
Sample 22,Chronos,0.5900716781616211
Sample 22,Timer,0.4099282920360565
Sample 23,Timer,0.6871088147163391
Sample 23,Time-MoE,0.3128911256790161
Sample 24,Moirai,0.5185278058052063
Sample 24,Chronos,0.4814721643924713
Sample 25,Chronos,0.6530835032463074
Sample 25,Moirai,0.34691646695137024
Sample 26,Moirai,0.7137311697006226
Sample 26,Chronos,0.28626880049705505
Sample 27,Moirai,0.6136800050735474
Sample 27,Timer,0.386320024728775
Sample 28,Time-MoE,0.5538105964660645
Sample 28,Moirai,0.44618937373161316
Sample 29,TimesFM,0.5865039825439453
Sample 29,Timer,0.4134960472583771
Sample 30,Chronos,0.6143484115600586
Sample 30,Timer,0.385651558637619
Sample 31,Timer,0.6921355128288269
Sample 31,Time-MoE,0.3078644871711731
Sample 0,Moirai,0.6478881239891052
Sample 0,Chronos,0.3521118462085724
Sample 1,Moirai,0.5079686045646667
Sample 1,TimesFM,0.49203142523765564
Sample 2,Moirai,0.5602434873580933
Sample 2,TimesFM,0.43975651264190674
Sample 3,Chronos,0.6115766167640686
Sample 3,TimesFM,0.3884233832359314
Sample 4,Time-MoE,0.5773666501045227
Sample 4,TimesFM,0.4226333498954773
Sample 5,Moirai,0.7052480578422546
Sample 5,Timer,0.29475200176239014
Sample 6,Moirai,0.552044689655304
Sample 6,TimesFM,0.44795534014701843
Sample 7,Timer,0.6407127976417542
Sample 7,Time-MoE,0.3592871427536011
Sample 8,Moirai,0.5191636085510254
Sample 8,Timer,0.4808363914489746
Sample 9,Moirai,0.5631924271583557
Sample 9,Chronos,0.4368075430393219
Sample 10,Moirai,0.6264264583587646
Sample 10,Chronos,0.37357351183891296
Sample 11,Chronos,0.662787675857544
Sample 11,Timer,0.33721229434013367
Sample 12,Moirai,0.683121383190155
Sample 12,TimesFM,0.31687867641448975
Sample 13,Moirai,0.5064239501953125
Sample 13,Chronos,0.4935760796070099
Sample 14,Chronos,0.523482620716095
Sample 14,Time-MoE,0.47651737928390503
Sample 15,Time-MoE,0.9550144076347351
Sample 15,TimesFM,0.044985558837652206
Sample 16,TimesFM,0.5899022221565247
Sample 16,Time-MoE,0.41009771823883057
Sample 17,Moirai,0.651258111000061
Sample 17,Timer,0.34874191880226135
Sample 18,Timer,0.8852352499961853
Sample 18,Moirai,0.11476478725671768
Sample 19,Chronos,0.6907633543014526
Sample 19,Timer,0.30923667550086975
Sample 20,TimesFM,0.7661051154136658
Sample 20,Time-MoE,0.23389489948749542
Sample 21,TimesFM,0.67951899766922
Sample 21,Time-MoE,0.32048100233078003
Sample 22,Timer,0.5949801206588745
Sample 22,Chronos,0.4050198793411255
Sample 23,Timer,0.7631415724754333
Sample 23,Time-MoE,0.23685844242572784
Sample 24,Time-MoE,0.5519797801971436
Sample 24,TimesFM,0.44802024960517883
Sample 25,Chronos,0.5224785208702087
Sample 25,Timer,0.47752150893211365
Sample 26,Timer,0.5217926502227783
Sample 26,TimesFM,0.4782073199748993
Sample 27,Moirai,0.7072494626045227
Sample 27,Timer,0.2927505075931549
Sample 28,Moirai,0.5749620795249939
Sample 28,Time-MoE,0.4250378906726837
Sample 29,Time-MoE,0.8772873282432556
Sample 29,TimesFM,0.12271266430616379
Sample 30,Timer,0.5960642695426941
Sample 30,Time-MoE,0.4039357602596283
Sample 31,Time-MoE,0.7318773865699768
Sample 31,TimesFM,0.2681226134300232
Sample 0,TimesFM,0.507228434085846
Sample 0,Timer,0.49277159571647644
Sample 1,Chronos,0.6444680690765381
Sample 1,TimesFM,0.3555319011211395
Sample 2,Timer,0.6512660980224609
Sample 2,Moirai,0.3487338721752167
Sample 3,Moirai,0.5228067636489868
Sample 3,Chronos,0.4771932065486908
Sample 4,Timer,0.7547124624252319
Sample 4,Moirai,0.24528755247592926
Sample 5,Chronos,0.7264999747276306
Sample 5,Timer,0.2735000550746918
Sample 6,Chronos,0.5912368297576904
Sample 6,Time-MoE,0.4087631106376648
Sample 7,Time-MoE,0.5862116813659668
Sample 7,Moirai,0.413788378238678
Sample 8,Chronos,0.5838684439659119
Sample 8,Timer,0.4161316156387329
Sample 9,Moirai,0.6361901164054871
Sample 9,TimesFM,0.3638099431991577
Sample 10,Moirai,0.563941478729248
Sample 10,Timer,0.43605849146842957
Sample 11,Chronos,0.726491391658783
Sample 11,Moirai,0.27350860834121704
Sample 12,Moirai,0.5486125349998474
Sample 12,Chronos,0.451387494802475
Sample 13,Moirai,0.5540240406990051
Sample 13,Time-MoE,0.4459759593009949
Sample 14,Time-MoE,0.5494977235794067
Sample 14,Timer,0.45050227642059326
Sample 15,Moirai,0.6899557113647461
Sample 15,TimesFM,0.3100442588329315
Sample 0,Time-MoE,0.5913481712341309
Sample 0,Moirai,0.40865182876586914
Sample 1,Chronos,0.5131632685661316
Sample 1,Time-MoE,0.486836701631546
Sample 2,TimesFM,0.574038565158844
Sample 2,Time-MoE,0.4259614050388336
Sample 3,Chronos,0.7953959107398987
Sample 3,Moirai,0.20460408926010132
Sample 4,Moirai,0.7581828832626343
Sample 4,Time-MoE,0.24181711673736572
Sample 5,TimesFM,0.6399261355400085
Sample 5,Chronos,0.36007386445999146
Sample 6,Time-MoE,0.7735362648963928
Sample 6,Timer,0.22646376490592957
Sample 7,Time-MoE,0.6349687576293945
Sample 7,Chronos,0.36503127217292786
Sample 8,Time-MoE,0.5145667791366577
Sample 8,TimesFM,0.4854331910610199
Sample 9,TimesFM,0.6077662110328674
Sample 9,Timer,0.3922337591648102
Sample 10,TimesFM,0.6444084048271179
Sample 10,Time-MoE,0.3555915951728821
Sample 11,Timer,0.5489386916160583
Sample 11,TimesFM,0.45106127858161926
Sample 12,Chronos,0.5104996562004089
Sample 12,Timer,0.48950037360191345
Sample 13,Chronos,0.7837420701980591
Sample 13,TimesFM,0.21625787019729614
Sample 14,TimesFM,0.7632836103439331
Sample 14,Timer,0.2367164045572281
Sample 15,Moirai,0.6013062000274658
Sample 15,Chronos,0.3986937999725342
Sample 16,Timer,0.6662011742591858
Sample 16,Time-MoE,0.3337988555431366
Sample 17,TimesFM,0.7189313173294067
Sample 17,Timer,0.2810686528682709
Sample 18,Time-MoE,0.8699460625648499
Sample 18,Timer,0.13005390763282776
Sample 19,Time-MoE,0.5169452428817749
Sample 19,Chronos,0.4830547869205475
Sample 20,Timer,0.547701358795166
Sample 20,Time-MoE,0.4522986114025116
Sample 21,TimesFM,0.5248904824256897
Sample 21,Timer,0.4751094579696655
Sample 22,TimesFM,0.7807835340499878
Sample 22,Moirai,0.21921643614768982
Sample 23,Timer,0.6962228417396545
Sample 23,Time-MoE,0.30377712845802307
Sample 24,Moirai,0.621780276298523
Sample 24,Timer,0.37821969389915466
Sample 25,Chronos,0.5191843509674072
Sample 25,TimesFM,0.4808156490325928
Sample 26,Moirai,0.5810056328773499
Sample 26,Chronos,0.41899433732032776
Sample 27,TimesFM,0.644950270652771
Sample 27,Moirai,0.3550497591495514
Sample 28,Moirai,0.7566916346549988
Sample 28,Time-MoE,0.24330835044384003
Sample 29,Chronos,0.8116255402565002
Sample 29,Moirai,0.18837441504001617
Sample 30,TimesFM,0.5740042328834534
Sample 30,Timer,0.425995796918869
Sample 31,Time-MoE,0.5696209073066711
Sample 31,Moirai,0.43037912249565125
Sample 0,Timer,0.632827877998352
Sample 0,Chronos,0.36717212200164795
Sample 1,Moirai,0.635723888874054
Sample 1,TimesFM,0.3642761707305908
Sample 2,Time-MoE,0.6778046488761902
Sample 2,Moirai,0.3221953809261322
Sample 3,Chronos,0.5242392420768738
Sample 3,TimesFM,0.4757607877254486
Sample 4,Timer,0.7417685985565186
Sample 4,Time-MoE,0.25823143124580383
Sample 5,Chronos,0.5431641936302185
Sample 5,Moirai,0.45683586597442627
Sample 6,Time-MoE,0.521695613861084
Sample 6,TimesFM,0.4783044159412384
Sample 7,Time-MoE,0.7580515146255493
Sample 7,TimesFM,0.2419484555721283
Sample 8,Time-MoE,0.5755694508552551
Sample 8,Timer,0.4244305491447449
Sample 9,Time-MoE,0.5546541213989258
Sample 9,Moirai,0.44534581899642944
Sample 10,Moirai,0.6102713346481323
Sample 10,Timer,0.3897286653518677
Sample 11,Moirai,0.5932167172431946
Sample 11,Time-MoE,0.4067832827568054
Sample 12,TimesFM,0.5877631902694702
Sample 12,Time-MoE,0.4122368395328522
Sample 13,Chronos,0.6772269010543823
Sample 13,Time-MoE,0.32277312874794006
Sample 14,TimesFM,0.6803085207939148
Sample 14,Time-MoE,0.3196914792060852
Sample 15,Time-MoE,0.5031060576438904
Sample 15,Moirai,0.496893972158432
Sample 16,Moirai,0.5295836329460144
Sample 16,Chronos,0.4704163372516632
Sample 17,TimesFM,0.5933513045310974
Sample 17,Chronos,0.4066486954689026
Sample 18,TimesFM,0.8416271209716797
Sample 18,Moirai,0.15837286412715912
Sample 19,Moirai,0.5206939578056335
Sample 19,Timer,0.4793059825897217
Sample 20,Time-MoE,0.5080881714820862
Sample 20,TimesFM,0.4919118285179138
Sample 21,Time-MoE,0.6149287223815918
Sample 21,Timer,0.3850713074207306
Sample 22,Time-MoE,0.6258991956710815
Sample 22,Timer,0.37410083413124084
Sample 23,Chronos,0.8084310293197632
Sample 23,Time-MoE,0.19156894087791443
Sample 24,Timer,0.6798295378684998
Sample 24,Chronos,0.32017043232917786
Sample 25,TimesFM,0.5429419875144958
Sample 25,Chronos,0.45705804228782654
Sample 26,Moirai,0.8174501657485962
Sample 26,Timer,0.182549849152565
Sample 27,TimesFM,0.8295280933380127
Sample 27,Time-MoE,0.17047184705734253
Sample 28,Chronos,0.5200320482254028
Sample 28,Time-MoE,0.47996795177459717
Sample 29,Timer,0.5195780992507935
Sample 29,Moirai,0.48042193055152893
Sample 30,Time-MoE,0.6141011118888855
Sample 30,Chronos,0.3858988285064697
Sample 31,Timer,0.5934993624687195
Sample 31,TimesFM,0.4065006375312805
Sample 0,Time-MoE,0.5831092000007629
Sample 0,Chronos,0.4168907701969147
Sample 1,TimesFM,0.6841357946395874
Sample 1,Chronos,0.3158642649650574
Sample 2,Chronos,0.5003440976142883
Sample 2,TimesFM,0.49965590238571167
Sample 3,Chronos,0.5657826662063599
Sample 3,TimesFM,0.43421733379364014
Sample 4,Chronos,0.5289909839630127
Sample 4,Time-MoE,0.4710090458393097
Sample 5,TimesFM,0.9264571666717529
Sample 5,Timer,0.07354281097650528
Sample 6,TimesFM,0.5909566879272461
Sample 6,Time-MoE,0.4090433418750763
Sample 7,Timer,0.6845563054084778
Sample 7,TimesFM,0.31544366478919983
Sample 8,Moirai,0.6096204519271851
Sample 8,Time-MoE,0.39037957787513733
Sample 9,Timer,0.5623485445976257
Sample 9,Chronos,0.43765145540237427
Sample 10,Time-MoE,0.6268664002418518
Sample 10,Chronos,0.3731335997581482
Sample 11,Chronos,0.7891430258750916
Sample 11,TimesFM,0.21085697412490845
Sample 12,TimesFM,0.5053173899650574
Sample 12,Moirai,0.49468258023262024
Sample 13,Time-MoE,0.6727305054664612
Sample 13,TimesFM,0.32726946473121643
Sample 14,Moirai,0.5131814479827881
Sample 14,TimesFM,0.48681849241256714
Sample 15,TimesFM,0.6240083575248718
Sample 15,Time-MoE,0.3759916126728058
Sample 16,Chronos,0.6752118468284607
Sample 16,TimesFM,0.3247881233692169
Sample 17,TimesFM,0.8617767095565796
Sample 17,Timer,0.13822323083877563
Sample 18,Chronos,0.7785289883613586
Sample 18,Moirai,0.22147095203399658
Sample 19,Timer,0.5255016684532166
Sample 19,Time-MoE,0.4744983911514282
Sample 20,TimesFM,0.6077937483787537
Sample 20,Time-MoE,0.39220619201660156
Sample 21,Timer,0.5019126534461975
Sample 21,TimesFM,0.4980873167514801
Sample 22,TimesFM,0.518052339553833
Sample 22,Timer,0.4819476306438446
Sample 23,Moirai,0.659837007522583
Sample 23,Time-MoE,0.340162992477417
Sample 24,TimesFM,0.5289209485054016
Sample 24,Time-MoE,0.4710790514945984
Sample 25,TimesFM,0.7001773715019226
Sample 25,Timer,0.2998226583003998
Sample 26,Chronos,0.5829785466194153
Sample 26,TimesFM,0.4170214831829071
Sample 27,Timer,0.6216763854026794
Sample 27,Moirai,0.37832364439964294
Sample 28,TimesFM,0.6271108388900757
Sample 28,Moirai,0.37288913130760193
Sample 29,Chronos,0.5282467603683472
Sample 29,TimesFM,0.47175320982933044
Sample 30,Moirai,0.5981499552726746
Sample 30,TimesFM,0.4018500745296478
Sample 31,Moirai,0.5400147438049316
Sample 31,Time-MoE,0.45998525619506836
Sample 0,Time-MoE,0.5757284164428711
Sample 0,Chronos,0.4242716133594513
Sample 1,Chronos,0.5316296815872192
Sample 1,Timer,0.4683702886104584
Sample 2,Timer,0.5970799326896667
Sample 2,Chronos,0.4029200077056885
Sample 3,Chronos,0.7271342277526855
Sample 3,Timer,0.27286577224731445
Sample 4,Chronos,0.6719109416007996
Sample 4,TimesFM,0.32808905839920044
Sample 5,Time-MoE,0.6193798184394836
Sample 5,Moirai,0.38062015175819397
Sample 6,Time-MoE,0.6524829864501953
Sample 6,TimesFM,0.3475169837474823
Sample 7,Chronos,0.545336902141571
Sample 7,Timer,0.45466306805610657
Sample 8,Time-MoE,0.5654656291007996
Sample 8,Timer,0.4345344007015228
Sample 9,TimesFM,0.7689014673233032
Sample 9,Moirai,0.23109854757785797
Sample 10,TimesFM,0.8140203952789307
Sample 10,Timer,0.18597956001758575
Sample 11,Chronos,0.5487952828407288
Sample 11,Time-MoE,0.45120471715927124
Sample 12,Timer,0.5026184320449829
Sample 12,Chronos,0.4973815679550171
Sample 13,Moirai,0.5343888998031616
Sample 13,Timer,0.4656111001968384
Sample 14,Timer,0.5055917501449585
Sample 14,Moirai,0.4944082498550415
Sample 15,Time-MoE,0.608245849609375
Sample 15,Chronos,0.3917541205883026
Sample 16,Timer,0.6222241520881653
Sample 16,Moirai,0.3777759075164795
Sample 17,Time-MoE,0.5709072351455688
Sample 17,Timer,0.42909273505210876
Sample 18,Moirai,0.5947821140289307
Sample 18,Chronos,0.40521785616874695
Sample 19,Chronos,0.5457200407981873
Sample 19,TimesFM,0.45427989959716797
Sample 20,TimesFM,0.5127536058425903
Sample 20,Time-MoE,0.4872463643550873
Sample 21,TimesFM,0.5434659123420715
Sample 21,Moirai,0.4565340578556061
Sample 22,Moirai,0.5413537621498108
Sample 22,Chronos,0.4586462378501892
Sample 23,Time-MoE,0.5135350823402405
Sample 23,TimesFM,0.48646488785743713
Sample 24,Chronos,0.6013298630714417
Sample 24,Timer,0.39867010712623596
Sample 25,Chronos,0.6303362250328064
Sample 25,Moirai,0.369663804769516
Sample 26,Moirai,0.5161763429641724
Sample 26,Time-MoE,0.48382368683815
Sample 27,TimesFM,0.5113651752471924
Sample 27,Timer,0.48863479495048523
Sample 28,TimesFM,0.5785230994224548
Sample 28,Chronos,0.42147690057754517
Sample 29,Time-MoE,0.832683265209198
Sample 29,Chronos,0.167316734790802
Sample 30,TimesFM,0.5714443325996399
Sample 30,Chronos,0.4285556674003601
Sample 31,Moirai,0.5243787169456482
Sample 31,Time-MoE,0.4756212532520294
Sample 0,Chronos,0.5738733410835266
Sample 0,Moirai,0.4261266589164734
Sample 1,Timer,0.5758847594261169
Sample 1,Moirai,0.42411527037620544
Sample 2,TimesFM,0.554158627986908
Sample 2,Moirai,0.44584137201309204
Sample 3,Chronos,0.5593646168708801
Sample 3,Timer,0.4406353533267975
Sample 4,TimesFM,0.5664989948272705
Sample 4,Time-MoE,0.43350106477737427
Sample 5,TimesFM,0.5938113331794739
Sample 5,Moirai,0.4061886966228485
Sample 6,Chronos,0.5556675791740417
Sample 6,Timer,0.44433245062828064
Sample 7,Moirai,0.5127639174461365
Sample 7,TimesFM,0.4872360825538635
Sample 8,Timer,0.5614416003227234
Sample 8,TimesFM,0.438558429479599
Sample 9,Chronos,0.6790274381637573
Sample 9,TimesFM,0.3209725618362427
Sample 10,Moirai,0.5474058389663696
Sample 10,Chronos,0.45259419083595276
Sample 11,TimesFM,0.5994639992713928
Sample 11,Chronos,0.40053603053092957
Sample 12,TimesFM,0.6359104514122009
Sample 12,Moirai,0.36408957839012146
Sample 13,Time-MoE,0.6343026161193848
Sample 13,Moirai,0.36569738388061523
Sample 14,TimesFM,0.7341041564941406
Sample 14,Moirai,0.26589587330818176
Sample 15,TimesFM,0.6864712834358215
Sample 15,Moirai,0.3135286569595337
Sample 16,Moirai,0.8223933577537537
Sample 16,Timer,0.17760659754276276
Sample 17,Timer,0.5862526893615723
Sample 17,TimesFM,0.41374725103378296
Sample 18,Timer,0.6205094456672668
Sample 18,TimesFM,0.37949058413505554
Sample 19,TimesFM,0.5863714218139648
Sample 19,Chronos,0.41362857818603516
Sample 20,Timer,0.564681887626648
Sample 20,TimesFM,0.43531808257102966
Sample 21,TimesFM,0.5247416496276855
Sample 21,Moirai,0.47525832056999207
Sample 22,Moirai,0.6344407796859741
Sample 22,Timer,0.3655591905117035
Sample 23,Time-MoE,0.6714074611663818
Sample 23,Chronos,0.3285924792289734
Sample 24,TimesFM,0.7215696573257446
Sample 24,Timer,0.278430312871933
Sample 25,TimesFM,0.5473842024803162
Sample 25,Timer,0.45261576771736145
Sample 26,Moirai,0.557199239730835
Sample 26,Timer,0.4428007900714874
Sample 27,Timer,0.5752485394477844
Sample 27,Time-MoE,0.42475149035453796
Sample 28,Time-MoE,0.5323538184165955
Sample 28,Timer,0.46764615178108215
Sample 29,Timer,0.5032554864883423
Sample 29,TimesFM,0.4967444837093353
Sample 30,Chronos,0.5539251565933228
Sample 30,TimesFM,0.44607481360435486
Sample 31,Time-MoE,0.6021929383277893
Sample 31,Chronos,0.3978070020675659
Sample 0,Time-MoE,0.5386665463447571
Sample 0,Timer,0.46133339405059814
Sample 1,TimesFM,0.8198514580726624
Sample 1,Chronos,0.18014848232269287
Sample 2,Chronos,0.6307482123374939
Sample 2,Time-MoE,0.3692517578601837
Sample 3,Chronos,0.6260150671005249
Sample 3,TimesFM,0.3739849925041199
Sample 4,Timer,0.5746258497238159
Sample 4,TimesFM,0.4253741502761841
Sample 5,Chronos,0.5308763980865479
Sample 5,TimesFM,0.46912360191345215
Sample 6,Chronos,0.6498309373855591
Sample 6,TimesFM,0.35016900300979614
Sample 7,Time-MoE,0.672295331954956
Sample 7,Moirai,0.32770469784736633
Sample 8,Timer,0.5318681597709656
Sample 8,Chronos,0.46813181042671204
Sample 9,TimesFM,0.6136157512664795
Sample 9,Timer,0.3863842189311981
Sample 10,Moirai,0.5308542847633362
Sample 10,Timer,0.4691457748413086
Sample 11,Moirai,0.5328994393348694
Sample 11,Time-MoE,0.46710050106048584
Sample 12,Chronos,0.6398230195045471
Sample 12,Time-MoE,0.36017701029777527
Sample 13,Timer,0.5591214299201965
Sample 13,Moirai,0.44087862968444824
Sample 14,Time-MoE,0.5810292363166809
Sample 14,TimesFM,0.4189707636833191
Sample 15,Time-MoE,0.8200077414512634
Sample 15,Timer,0.17999228835105896
Sample 16,Timer,0.6851577162742615
Sample 16,Chronos,0.3148422837257385
Sample 17,Moirai,0.6074451804161072
Sample 17,Time-MoE,0.3925548493862152
Sample 18,Moirai,0.7776435613632202
Sample 18,TimesFM,0.22235643863677979
Sample 19,Chronos,0.7377989888191223
Sample 19,Moirai,0.2622010111808777
Sample 20,Chronos,0.8946341872215271
Sample 20,Time-MoE,0.1053658276796341
Sample 21,Time-MoE,0.6039756536483765
Sample 21,Chronos,0.39602431654930115
Sample 22,Timer,0.55155348777771
Sample 22,Moirai,0.44844651222229004
Sample 23,Timer,0.8083911538124084
Sample 23,TimesFM,0.19160887598991394
Sample 24,TimesFM,0.5182026028633118
Sample 24,Timer,0.4817974269390106
Sample 25,Chronos,0.5527162551879883
Sample 25,Time-MoE,0.4472837746143341
Sample 26,Time-MoE,0.6767652630805969
Sample 26,Moirai,0.3232347071170807
Sample 27,Moirai,0.6508562564849854
Sample 27,TimesFM,0.34914371371269226
Sample 28,Timer,0.8068512082099915
Sample 28,Time-MoE,0.19314874708652496
Sample 29,TimesFM,0.6018784046173096
Sample 29,Moirai,0.39812159538269043
Sample 30,Time-MoE,0.6859690546989441
Sample 30,Timer,0.3140309154987335
Sample 31,Moirai,0.5670942664146423
Sample 31,Chronos,0.4329057037830353
Sample 0,Chronos,0.6544277667999268
Sample 0,TimesFM,0.34557220339775085
Sample 1,TimesFM,0.6719147562980652
Sample 1,Timer,0.3280852138996124
Sample 2,Chronos,0.5184276103973389
Sample 2,Time-MoE,0.48157238960266113
Sample 3,Time-MoE,0.5496727824211121
Sample 3,Timer,0.45032721757888794
Sample 4,Chronos,0.9245144724845886
Sample 4,Time-MoE,0.07548553496599197
Sample 5,Moirai,0.6382548213005066
Sample 5,TimesFM,0.3617451786994934
Sample 6,Timer,0.5553096532821655
Sample 6,Chronos,0.4446903467178345
Sample 7,Moirai,0.5093992352485657
Sample 7,TimesFM,0.4906007945537567
Sample 8,Moirai,0.7954445481300354
Sample 8,TimesFM,0.2045554220676422
Sample 9,Chronos,0.5397668480873108
Sample 9,TimesFM,0.4602331519126892
Sample 10,TimesFM,0.6008626818656921
Sample 10,Time-MoE,0.39913731813430786
Sample 11,TimesFM,0.5216783285140991
Sample 11,Time-MoE,0.47832170128822327
Sample 12,TimesFM,0.6106503009796143
Sample 12,Time-MoE,0.3893497586250305
Sample 13,Chronos,0.6439401507377625
Sample 13,Timer,0.35605984926223755
Sample 14,TimesFM,0.7242910861968994
Sample 14,Moirai,0.2757089138031006
Sample 15,Chronos,0.717048704624176
Sample 15,TimesFM,0.2829512357711792
Sample 0,Moirai,0.6245572566986084
Sample 0,Chronos,0.375442773103714
Sample 1,TimesFM,0.5980456471443176
Sample 1,Timer,0.4019543528556824
Sample 2,Time-MoE,0.6302329897880554
Sample 2,Moirai,0.3697670102119446
Sample 3,Time-MoE,0.5902310609817505
Sample 3,TimesFM,0.4097689092159271
Sample 4,Time-MoE,0.5716125965118408
Sample 4,Moirai,0.4283873736858368
Sample 5,TimesFM,0.5172468423843384
Sample 5,Chronos,0.482753187417984
Sample 6,TimesFM,0.6620301008224487
Sample 6,Timer,0.33796989917755127
Sample 7,Timer,0.7289289236068726
Sample 7,TimesFM,0.27107107639312744
Sample 8,Timer,0.5760767459869385
Sample 8,Time-MoE,0.4239232540130615
Sample 9,Chronos,0.5855139493942261
Sample 9,TimesFM,0.41448602080345154
Sample 10,Timer,0.5285490155220032
Sample 10,TimesFM,0.4714510142803192
Sample 11,Moirai,0.5971291661262512
Sample 11,TimesFM,0.402870774269104
Sample 12,Time-MoE,0.5277600288391113
Sample 12,Moirai,0.47224000096321106
Sample 13,Chronos,0.6577997207641602
Sample 13,Time-MoE,0.34220027923583984
Sample 14,Chronos,0.6284350752830505
Sample 14,Time-MoE,0.3715648651123047
Sample 15,Timer,0.7854084372520447
Sample 15,Time-MoE,0.21459156274795532
Sample 16,Timer,0.881382942199707
Sample 16,Chronos,0.11861701309680939
Sample 17,TimesFM,0.6543977856636047
Sample 17,Chronos,0.34560221433639526
Sample 18,TimesFM,0.5984734892845154
Sample 18,Chronos,0.40152645111083984
Sample 19,Moirai,0.5726858973503113
Sample 19,Chronos,0.42731407284736633
Sample 20,Chronos,0.5613995790481567
Sample 20,Time-MoE,0.4386003911495209
Sample 21,TimesFM,0.6188642978668213
Sample 21,Chronos,0.3811356723308563
Sample 22,Time-MoE,0.7028905749320984
Sample 22,Moirai,0.297109454870224
Sample 23,Chronos,0.646064043045044
Sample 23,TimesFM,0.35393598675727844
Sample 24,Moirai,0.5645126104354858
Sample 24,TimesFM,0.43548741936683655
Sample 25,Chronos,0.7732653021812439
Sample 25,TimesFM,0.22673465311527252
Sample 26,Chronos,0.6640916466712952
Sample 26,Time-MoE,0.3359083831310272
Sample 27,Moirai,0.5017524361610413
Sample 27,Time-MoE,0.49824759364128113
Sample 28,Chronos,0.5359023809432983
Sample 28,Time-MoE,0.46409761905670166
Sample 29,Chronos,0.6290794014930725
Sample 29,TimesFM,0.3709206283092499
Sample 30,TimesFM,0.5884949564933777
Sample 30,Time-MoE,0.4115050733089447
Sample 31,Time-MoE,0.5527443885803223
Sample 31,Moirai,0.4472556412220001
Sample 0,TimesFM,0.6270411610603333
Sample 0,Moirai,0.37295880913734436
Sample 1,Moirai,0.6990640759468079
Sample 1,TimesFM,0.3009359836578369
Sample 2,Timer,0.6227176785469055
Sample 2,Chronos,0.3772823214530945
Sample 3,TimesFM,0.66133713722229
Sample 3,Timer,0.33866289258003235
Sample 4,Chronos,0.6914545893669128
Sample 4,Timer,0.30854544043540955
Sample 5,Moirai,0.5136528015136719
Sample 5,Time-MoE,0.48634716868400574
Sample 6,Moirai,0.8592254519462585
Sample 6,Timer,0.14077451825141907
Sample 7,Timer,0.9006253480911255
Sample 7,Moirai,0.09937472641468048
Sample 8,TimesFM,0.805859386920929
Sample 8,Timer,0.19414053857326508
Sample 9,TimesFM,0.7332291603088379
Sample 9,Timer,0.2667708098888397
Sample 10,Chronos,0.5658482313156128
Sample 10,TimesFM,0.4341517686843872
Sample 11,Chronos,0.5173797607421875
Sample 11,TimesFM,0.4826202690601349
Sample 12,TimesFM,0.5801852941513062
Sample 12,Chronos,0.41981473565101624
Sample 13,Moirai,0.6600319147109985
Sample 13,Time-MoE,0.33996814489364624
Sample 14,Chronos,0.7300025820732117
Sample 14,Timer,0.26999738812446594
Sample 15,TimesFM,0.5528260469436646
Sample 15,Chronos,0.44717398285865784
Sample 16,Timer,0.5644167065620422
Sample 16,Moirai,0.43558335304260254
Sample 17,TimesFM,0.5869596600532532
Sample 17,Chronos,0.41304031014442444
Sample 18,Chronos,0.6736645102500916
Sample 18,Time-MoE,0.32633548974990845
Sample 19,Chronos,0.6092209815979004
Sample 19,TimesFM,0.3907790184020996
Sample 20,Moirai,0.6399667263031006
Sample 20,Chronos,0.3600333034992218
Sample 21,Moirai,0.5712208151817322
Sample 21,Timer,0.4287791848182678
Sample 22,Time-MoE,0.6362619400024414
Sample 22,Moirai,0.3637380599975586
Sample 23,Chronos,0.6662836670875549
Sample 23,TimesFM,0.33371633291244507
Sample 24,Timer,0.5510962605476379
Sample 24,Chronos,0.4489037096500397
Sample 25,Chronos,0.6244595050811768
Sample 25,Moirai,0.37554046511650085
Sample 26,Time-MoE,0.8308824300765991
Sample 26,Chronos,0.1691175401210785
Sample 27,Time-MoE,0.6886731386184692
Sample 27,Chronos,0.311326801776886
Sample 28,Moirai,0.6456841230392456
Sample 28,Time-MoE,0.3543159067630768
Sample 29,Moirai,0.5655723810195923
Sample 29,Chronos,0.4344276189804077
Sample 30,Moirai,0.5076223611831665
Sample 30,TimesFM,0.4923776090145111
Sample 31,TimesFM,0.6711589694023132
Sample 31,Moirai,0.328840970993042
Sample 0,Time-MoE,0.726398766040802
Sample 0,Moirai,0.2736012041568756
Sample 1,TimesFM,0.6510958671569824
Sample 1,Chronos,0.3489041328430176
Sample 2,Moirai,0.5114390254020691
Sample 2,Time-MoE,0.4885609447956085
Sample 3,Chronos,0.7445977330207825
Sample 3,Time-MoE,0.2554023265838623
Sample 4,TimesFM,0.664211094379425
Sample 4,Timer,0.33578890562057495
Sample 5,Time-MoE,0.8801489472389221
Sample 5,TimesFM,0.1198510229587555
Sample 6,Timer,0.5037775039672852
Sample 6,Moirai,0.49622249603271484
Sample 7,Time-MoE,0.5188930630683899
Sample 7,Timer,0.4811069667339325
Sample 8,Time-MoE,0.5328361988067627
Sample 8,Moirai,0.46716374158859253
Sample 9,Chronos,0.5342587232589722
Sample 9,Timer,0.46574127674102783
Sample 10,Moirai,0.514406144618988
Sample 10,Time-MoE,0.4855938255786896
Sample 11,Chronos,0.842387855052948
Sample 11,TimesFM,0.15761211514472961
Sample 12,Time-MoE,0.7747592926025391
Sample 12,Moirai,0.22524069249629974
Sample 13,Chronos,0.5568885207176208
Sample 13,Time-MoE,0.44311147928237915
Sample 14,TimesFM,0.5673148036003113
Sample 14,Chronos,0.43268516659736633
Sample 15,Timer,0.7078588604927063
Sample 15,Chronos,0.2921411693096161
Sample 16,Chronos,0.5201980471611023
Sample 16,Moirai,0.4798019230365753
Sample 17,Time-MoE,0.587441086769104
Sample 17,TimesFM,0.4125588834285736
Sample 18,Time-MoE,0.6011384725570679
Sample 18,TimesFM,0.39886152744293213
Sample 19,Timer,0.5126991868019104
Sample 19,Moirai,0.4873008131980896
Sample 20,Timer,0.7269862294197083
Sample 20,Time-MoE,0.2730138301849365
Sample 21,TimesFM,0.5674567818641663
Sample 21,Moirai,0.43254321813583374
Sample 22,Timer,0.5442981719970703
Sample 22,Moirai,0.4557018578052521
Sample 23,Timer,0.518088698387146
Sample 23,Time-MoE,0.4819113612174988
Sample 24,TimesFM,0.5775202512741089
Sample 24,Time-MoE,0.4224797487258911
Sample 25,TimesFM,0.6793233156204224
Sample 25,Moirai,0.32067668437957764
Sample 26,Moirai,0.5549496412277222
Sample 26,Timer,0.44505029916763306
Sample 27,Chronos,0.9160450100898743
Sample 27,TimesFM,0.08395501971244812
Sample 28,Time-MoE,0.5078165531158447
Sample 28,Chronos,0.4921834468841553
Sample 29,Moirai,0.6055775284767151
Sample 29,Timer,0.3944224417209625
Sample 30,Timer,0.525622546672821
Sample 30,TimesFM,0.47437745332717896
Sample 31,Timer,0.5567403435707092
Sample 31,Time-MoE,0.44325968623161316
Sample 0,Timer,0.8800361156463623
Sample 0,TimesFM,0.11996383965015411
Sample 1,Chronos,0.6713329553604126
Sample 1,TimesFM,0.3286670744419098
Sample 2,Moirai,0.7769982814788818
Sample 2,TimesFM,0.22300173342227936
Sample 3,Chronos,0.9207996129989624
Sample 3,TimesFM,0.07920031994581223
Sample 4,Time-MoE,0.609618067741394
Sample 4,Chronos,0.39038190245628357
Sample 5,Chronos,0.6298394203186035
Sample 5,TimesFM,0.37016063928604126
Sample 6,Time-MoE,0.929043710231781
Sample 6,Chronos,0.07095632702112198
Sample 7,Timer,0.5051278471946716
Sample 7,Moirai,0.494872123003006
Sample 8,TimesFM,0.5047140717506409
Sample 8,Chronos,0.49528592824935913
Sample 9,Timer,0.5085484981536865
Sample 9,TimesFM,0.4914514720439911
Sample 10,TimesFM,0.5400434136390686
Sample 10,Timer,0.459956556558609
Sample 11,Time-MoE,0.5155409574508667
Sample 11,TimesFM,0.4844590127468109
Sample 12,Time-MoE,0.701657235622406
Sample 12,Moirai,0.2983427047729492
Sample 13,Timer,0.50690096616745
Sample 13,Moirai,0.49309906363487244
Sample 14,Chronos,0.6281213760375977
Sample 14,Timer,0.37187862396240234
Sample 15,Moirai,0.5466170907020569
Sample 15,TimesFM,0.4533829391002655
Sample 16,TimesFM,0.5296568870544434
Sample 16,Chronos,0.4703431725502014
Sample 17,Chronos,0.7238307595252991
Sample 17,TimesFM,0.2761692404747009
Sample 18,Time-MoE,0.6430910229682922
Sample 18,Timer,0.35690900683403015
Sample 19,Chronos,0.9386774897575378
Sample 19,Time-MoE,0.06132248044013977
Sample 20,Timer,0.8557628989219666
Sample 20,Time-MoE,0.14423711597919464
Sample 21,Chronos,0.5440905690193176
Sample 21,TimesFM,0.45590946078300476
Sample 22,TimesFM,0.6059777736663818
Sample 22,Time-MoE,0.39402222633361816
Sample 23,Timer,0.6216561198234558
Sample 23,Moirai,0.3783438503742218
Sample 24,Moirai,0.551905632019043
Sample 24,Chronos,0.4480943977832794
Sample 25,Moirai,0.5523380637168884
Sample 25,Time-MoE,0.44766196608543396
Sample 26,Moirai,0.7823591232299805
Sample 26,Chronos,0.21764084696769714
Sample 27,TimesFM,0.5347904562950134
Sample 27,Moirai,0.4652094841003418
Sample 28,Timer,0.676886796951294
Sample 28,Time-MoE,0.32311317324638367
Sample 29,Chronos,0.6735180616378784
Sample 29,TimesFM,0.3264819383621216
Sample 30,Chronos,0.5712293982505798
Sample 30,Timer,0.4287705421447754
Sample 31,Moirai,0.5718442797660828
Sample 31,Time-MoE,0.42815569043159485
Sample 0,Time-MoE,0.6115872859954834
Sample 0,TimesFM,0.3884126842021942
Sample 1,TimesFM,0.7037868499755859
Sample 1,Timer,0.2962131202220917
Sample 2,Time-MoE,0.6357812881469727
Sample 2,TimesFM,0.36421868205070496
Sample 3,Chronos,0.578273594379425
Sample 3,Time-MoE,0.42172643542289734
Sample 4,Moirai,0.7074508666992188
Sample 4,Timer,0.29254910349845886
Sample 5,Timer,0.5529134273529053
Sample 5,Moirai,0.4470866024494171
Sample 6,Timer,0.5245745778083801
Sample 6,TimesFM,0.47542545199394226
Sample 7,Time-MoE,0.5215266942977905
Sample 7,Moirai,0.47847333550453186
Sample 8,Moirai,0.517946720123291
Sample 8,TimesFM,0.48205330967903137
Sample 9,Chronos,0.6543087363243103
Sample 9,Moirai,0.3456912934780121
Sample 10,Timer,0.5112330317497253
Sample 10,TimesFM,0.48876696825027466
Sample 11,Chronos,0.5326839089393616
Sample 11,Timer,0.46731606125831604
Sample 12,TimesFM,0.5256851315498352
Sample 12,Chronos,0.4743148386478424
Sample 13,Moirai,0.5279738306999207
Sample 13,Chronos,0.47202610969543457
Sample 14,Chronos,0.796064019203186
Sample 14,Moirai,0.20393599569797516
Sample 15,TimesFM,0.5556302070617676
Sample 15,Chronos,0.4443697929382324
Sample 16,Moirai,0.6240647435188293
Sample 16,Timer,0.37593525648117065
Sample 17,Timer,0.5918320417404175
Sample 17,Moirai,0.4081680178642273
Sample 18,Moirai,0.549668550491333
Sample 18,Time-MoE,0.450331449508667
Sample 19,Time-MoE,0.7510050535202026
Sample 19,TimesFM,0.2489948868751526
Sample 20,TimesFM,0.5361539125442505
Sample 20,Time-MoE,0.4638461470603943
Sample 21,TimesFM,0.5322399735450745
Sample 21,Timer,0.46775996685028076
Sample 22,Time-MoE,0.6761857271194458
Sample 22,TimesFM,0.3238143026828766
Sample 23,Timer,0.5326811671257019
Sample 23,Chronos,0.4673187732696533
Sample 24,Timer,0.6466944217681885
Sample 24,TimesFM,0.3533056080341339
Sample 25,Chronos,0.5975584387779236
Sample 25,Timer,0.4024415910243988
Sample 26,Moirai,0.5984447002410889
Sample 26,TimesFM,0.40155526995658875
Sample 27,Moirai,0.5966981649398804
Sample 27,Chronos,0.40330183506011963
Sample 28,Time-MoE,0.6377357840538025
Sample 28,Timer,0.3622642755508423
Sample 29,Moirai,0.5325505137443542
Sample 29,Timer,0.46744945645332336
Sample 30,Chronos,0.6117084622383118
Sample 30,Timer,0.3882915675640106
Sample 31,Moirai,0.6914308667182922
Sample 31,TimesFM,0.3085691034793854
Sample 0,Timer,0.7257282733917236
Sample 0,Moirai,0.27427175641059875
Sample 1,Moirai,0.6415693759918213
Sample 1,Timer,0.3584306836128235
Sample 2,Time-MoE,0.5423048734664917
Sample 2,Chronos,0.4576951265335083
Sample 3,Chronos,0.6616275906562805
Sample 3,Time-MoE,0.33837246894836426
Sample 4,TimesFM,0.7057347893714905
Sample 4,Timer,0.2942652106285095
Sample 5,TimesFM,0.6893053650856018
Sample 5,Moirai,0.3106946051120758
Sample 6,TimesFM,0.6764881610870361
Sample 6,Time-MoE,0.32351186871528625
Sample 7,Moirai,0.6336748003959656
Sample 7,Chronos,0.3663251996040344
Sample 8,Time-MoE,0.5881235003471375
Sample 8,Moirai,0.41187649965286255
Sample 9,Moirai,0.5169863700866699
Sample 9,Time-MoE,0.4830136299133301
Sample 10,Moirai,0.580471396446228
Sample 10,Chronos,0.419528603553772
Sample 11,TimesFM,0.5504676699638367
Sample 11,Chronos,0.44953233003616333
Sample 12,Timer,0.6456043124198914
Sample 12,Time-MoE,0.35439571738243103
Sample 13,TimesFM,0.6341028809547424
Sample 13,Timer,0.36589714884757996
Sample 14,Timer,0.7232609391212463
Sample 14,Time-MoE,0.27673906087875366
Sample 15,Chronos,0.5194166898727417
Sample 15,TimesFM,0.4805833101272583
Sample 16,TimesFM,0.5312270522117615
Sample 16,Chronos,0.4687729477882385
Sample 17,Timer,0.6117639541625977
Sample 17,Moirai,0.38823598623275757
Sample 18,Timer,0.5117336511611938
Sample 18,Time-MoE,0.48826634883880615
Sample 19,Chronos,0.5291529893875122
Sample 19,Moirai,0.4708470106124878
Sample 20,Timer,0.6362630724906921
Sample 20,TimesFM,0.36373692750930786
Sample 21,Time-MoE,0.5833706259727478
Sample 21,TimesFM,0.416629433631897
Sample 22,TimesFM,0.8291001915931702
Sample 22,Timer,0.17089974880218506
Sample 23,Moirai,0.8938083648681641
Sample 23,TimesFM,0.10619157552719116
Sample 24,TimesFM,0.5438606142997742
Sample 24,Chronos,0.45613938570022583
Sample 25,Chronos,0.6130619645118713
Sample 25,Time-MoE,0.38693806529045105
Sample 26,Moirai,0.6441277265548706
Sample 26,Chronos,0.355872243642807
Sample 27,Time-MoE,0.6875618696212769
Sample 27,TimesFM,0.3124381899833679
Sample 28,TimesFM,0.5650981664657593
Sample 28,Moirai,0.43490177392959595
Sample 29,TimesFM,0.6210725903511047
Sample 29,Chronos,0.37892743945121765
Sample 30,TimesFM,0.5142266750335693
Sample 30,Moirai,0.4857732951641083
Sample 31,Moirai,0.60420161485672
Sample 31,Chronos,0.39579838514328003
Sample 0,Moirai,0.7844101786613464
Sample 0,TimesFM,0.21558979153633118
Sample 1,Time-MoE,0.6264397501945496
Sample 1,Timer,0.3735603094100952
Sample 2,TimesFM,0.6886487603187561
Sample 2,Timer,0.31135129928588867
Sample 3,Timer,0.5698300004005432
Sample 3,TimesFM,0.4301699995994568
Sample 4,Chronos,0.6092522740364075
Sample 4,Timer,0.39074769616127014
Sample 5,Time-MoE,0.5506908297538757
Sample 5,TimesFM,0.44930917024612427
Sample 6,Timer,0.5608670711517334
Sample 6,Chronos,0.4391329288482666
Sample 7,Moirai,0.7969560623168945
Sample 7,Time-MoE,0.20304392278194427
Sample 8,Chronos,0.5585843920707703
Sample 8,TimesFM,0.4414156377315521
Sample 9,Chronos,0.5851962566375732
Sample 9,Moirai,0.41480377316474915
Sample 10,Time-MoE,0.6835389137268066
Sample 10,TimesFM,0.31646105647087097
Sample 11,Chronos,0.7159522771835327
Sample 11,TimesFM,0.2840476930141449
Sample 12,Moirai,0.591035783290863
Sample 12,Timer,0.40896421670913696
Sample 13,Time-MoE,0.6084522604942322
Sample 13,Chronos,0.3915477395057678
Sample 14,TimesFM,0.7094979882240295
Sample 14,Timer,0.29050204157829285
Sample 15,Moirai,0.6375715732574463
Sample 15,Timer,0.3624283969402313
