Sample,Learner,Weight
Sample 0,Time-MoE,0.5
Sample 0,Moirai,0.5
Sample 1,Time-MoE,0.5
Sample 1,Moirai,0.5
Sample 2,Time-MoE,0.5
Sample 2,Moirai,0.5
Sample 3,Time-MoE,0.5
Sample 3,Moirai,0.5
Sample 4,Time-MoE,0.5
Sample 4,Moirai,0.5
Sample 5,Time-MoE,0.5
Sample 5,Moirai,0.5
Sample 6,Time-MoE,0.5
Sample 6,Moirai,0.5
Sample 7,Time-MoE,0.5
Sample 7,Moirai,0.5
Sample 8,Time-MoE,0.5
Sample 8,Moirai,0.5
Sample 9,Time-MoE,0.5
Sample 9,Moirai,0.5
Sample 10,Time-MoE,0.5
Sample 10,Moirai,0.5
Sample 11,Time-MoE,0.5
Sample 11,Moirai,0.5
Sample 12,Time-MoE,0.5
Sample 12,Moirai,0.5
Sample 13,Time-MoE,0.5
Sample 13,Moirai,0.5
Sample 14,Time-MoE,0.5
Sample 14,Moirai,0.5
Sample 15,Time-MoE,0.5
Sample 15,Moirai,0.5
Sample 16,Time-MoE,0.5
Sample 16,Moirai,0.5
Sample 17,Time-MoE,0.5
Sample 17,Moirai,0.5
Sample 18,Time-MoE,0.5
Sample 18,Moirai,0.5
Sample 19,Time-MoE,0.5
Sample 19,Moirai,0.5
Sample 20,Time-MoE,0.5
Sample 20,Moirai,0.5
Sample 21,Time-MoE,0.5
Sample 21,Moirai,0.5
Sample 22,Time-MoE,0.5
Sample 22,Moirai,0.5
Sample 23,Time-MoE,0.5
Sample 23,Moirai,0.5
Sample 24,Time-MoE,0.5
Sample 24,Moirai,0.5
Sample 25,Time-MoE,0.5
Sample 25,Moirai,0.5
Sample 26,Time-MoE,0.5
Sample 26,Moirai,0.5
Sample 27,Time-MoE,0.5
Sample 27,Moirai,0.5
Sample 28,Time-MoE,0.5
Sample 28,Moirai,0.5
Sample 29,Time-MoE,0.5
Sample 29,Moirai,0.5
Sample 30,Time-MoE,0.5
Sample 30,Moirai,0.5
Sample 31,Time-MoE,0.5
Sample 31,Moirai,0.5
Sample 0,Timer,0.5
Sample 0,TimesFM,0.5
Sample 1,Timer,0.5
Sample 1,TimesFM,0.5
Sample 2,Moirai,0.5070238709449768
Sample 2,TimesFM,0.4929761290550232
Sample 3,Timer,0.5
Sample 3,TimesFM,0.5
Sample 4,Moirai,0.5247934460639954
Sample 4,Time-MoE,0.47520652413368225
Sample 5,Timer,0.5
Sample 5,TimesFM,0.5
Sample 6,Timer,0.5
Sample 6,TimesFM,0.5
Sample 7,Moirai,0.5853204131126404
Sample 7,TimesFM,0.4146795868873596
Sample 8,Timer,0.5
Sample 8,TimesFM,0.5
Sample 9,Timer,0.5
Sample 9,TimesFM,0.5
Sample 10,Timer,0.5
Sample 10,TimesFM,0.5
Sample 11,Timer,0.5
Sample 11,TimesFM,0.5
Sample 12,Timer,0.5
Sample 12,TimesFM,0.5
Sample 13,Timer,0.5
Sample 13,TimesFM,0.5
Sample 14,Timer,0.5
Sample 14,TimesFM,0.5
Sample 15,Moirai,0.5396865606307983
Sample 15,TimesFM,0.46031349897384644
Sample 16,Timer,0.5
Sample 16,TimesFM,0.5
Sample 17,Timer,0.5
Sample 17,TimesFM,0.5
Sample 18,Moirai,0.5034337639808655
Sample 18,Time-MoE,0.4965662360191345
Sample 19,Timer,0.5
Sample 19,TimesFM,0.5
Sample 20,Timer,0.5
Sample 20,TimesFM,0.5
Sample 21,Timer,0.5
Sample 21,TimesFM,0.5
Sample 22,Timer,0.5
Sample 22,TimesFM,0.5
Sample 23,Moirai,0.5911305546760559
Sample 23,Time-MoE,0.40886950492858887
Sample 24,Timer,0.5
Sample 24,TimesFM,0.5
Sample 25,Timer,0.5
Sample 25,TimesFM,0.5
Sample 26,Timer,0.5
Sample 26,TimesFM,0.5
Sample 27,Timer,0.5
Sample 27,TimesFM,0.5
Sample 28,Moirai,0.5795996785163879
Sample 28,Time-MoE,0.4204002916812897
Sample 29,Timer,0.5
Sample 29,TimesFM,0.5
Sample 30,Timer,0.5
Sample 30,TimesFM,0.5
Sample 31,Moirai,0.5939852595329285
Sample 31,Time-MoE,0.40601474046707153
Sample 0,Moirai,0.5281530022621155
Sample 0,TimesFM,0.47184693813323975
Sample 1,Chronos,0.5642949342727661
Sample 1,Timer,0.4357050657272339
Sample 2,Chronos,0.5289865136146545
Sample 2,Time-MoE,0.47101345658302307
Sample 3,Chronos,0.5486662983894348
Sample 3,Time-MoE,0.4513337314128876
Sample 4,Moirai,0.5197299718856812
Sample 4,TimesFM,0.48027005791664124
Sample 5,Chronos,0.5383506417274475
Sample 5,Timer,0.4616492986679077
Sample 6,Chronos,0.5195149183273315
Sample 6,Time-MoE,0.48048511147499084
Sample 7,Moirai,0.5309655070304871
Sample 7,TimesFM,0.46903449296951294
Sample 8,Moirai,0.574208676815033
Sample 8,TimesFM,0.42579135298728943
Sample 9,Chronos,0.5610040426254272
Sample 9,Timer,0.43899592757225037
Sample 10,Chronos,0.5493742227554321
Sample 10,Timer,0.45062580704689026
Sample 11,Time-MoE,0.5025137066841125
Sample 11,Chronos,0.49748626351356506
Sample 12,Moirai,0.655092179775238
Sample 12,TimesFM,0.34490782022476196
Sample 13,Chronos,0.5574731826782227
Sample 13,Time-MoE,0.44252684712409973
Sample 14,Chronos,0.5367178916931152
Sample 14,Timer,0.4632820785045624
Sample 15,Moirai,0.6248118877410889
Sample 15,TimesFM,0.3751881718635559
Sample 16,Chronos,0.5565266609191895
Sample 16,Timer,0.44347327947616577
Sample 17,Chronos,0.5556478500366211
Sample 17,Time-MoE,0.4443521797657013
Sample 18,Moirai,0.5606297254562378
Sample 18,Time-MoE,0.439370334148407
Sample 19,Chronos,0.5368778705596924
Sample 19,Timer,0.46312209963798523
Sample 20,Moirai,0.6238835453987122
Sample 20,TimesFM,0.3761165142059326
Sample 21,Chronos,0.5493805408477783
Sample 21,Time-MoE,0.4506194591522217
Sample 22,Chronos,0.5437434315681458
Sample 22,Timer,0.45625656843185425
Sample 23,Moirai,0.5300147533416748
Sample 23,Time-MoE,0.4699852168560028
Sample 24,Moirai,0.5938145518302917
Sample 24,TimesFM,0.40618547797203064
Sample 25,Chronos,0.5603616237640381
Sample 25,Timer,0.4396383464336395
Sample 26,Timer,0.5078325867652893
Sample 26,Chronos,0.4921674430370331
Sample 27,Time-MoE,0.5107496380805969
Sample 27,Chronos,0.48925042152404785
Sample 28,Moirai,0.6454073190689087
Sample 28,TimesFM,0.3545926511287689
Sample 29,Chronos,0.5586390495300293
Sample 29,Timer,0.4413609206676483
Sample 30,Chronos,0.5450167655944824
Sample 30,Timer,0.4549832046031952
Sample 31,Moirai,0.6332297921180725
Sample 31,TimesFM,0.3667702376842499
Sample 0,Moirai,0.5255712866783142
Sample 0,Timer,0.4744287133216858
Sample 1,Chronos,0.6504850387573242
Sample 1,Timer,0.34951499104499817
Sample 2,Chronos,0.5409131050109863
Sample 2,Timer,0.45908689498901367
Sample 3,Chronos,0.6384334564208984
Sample 3,Time-MoE,0.36156657338142395
Sample 4,Chronos,0.5682615637779236
Sample 4,Timer,0.43173840641975403
Sample 5,Chronos,0.5711402297019958
Sample 5,Timer,0.4288598299026489
Sample 6,Chronos,0.5669000148773193
Sample 6,Timer,0.43310001492500305
Sample 7,Moirai,0.5179962515830994
Sample 7,TimesFM,0.48200374841690063
Sample 8,Timer,0.508406937122345
Sample 8,Chronos,0.49159300327301025
Sample 9,Chronos,0.6584831476211548
Sample 9,Timer,0.34151679277420044
Sample 10,Moirai,0.5209853649139404
Sample 10,Time-MoE,0.47901463508605957
Sample 11,Chronos,0.5993307828903198
Sample 11,Time-MoE,0.4006691873073578
Sample 12,Moirai,0.6196191310882568
Sample 12,Timer,0.3803808391094208
Sample 13,Chronos,0.6422046422958374
Sample 13,Time-MoE,0.3577953279018402
Sample 14,Chronos,0.5859261751174927
Sample 14,Time-MoE,0.4140738546848297
Sample 15,Moirai,0.6110642552375793
Sample 15,TimesFM,0.38893571496009827
Sample 16,Timer,0.5036185383796692
Sample 16,Chronos,0.4963814318180084
Sample 17,Chronos,0.604474663734436
Sample 17,Time-MoE,0.39552536606788635
Sample 18,Moirai,0.5300748348236084
Sample 18,TimesFM,0.469925194978714
Sample 19,Chronos,0.5288007259368896
Sample 19,Time-MoE,0.47119924426078796
Sample 20,Moirai,0.6436398029327393
Sample 20,Timer,0.35636022686958313
Sample 21,Chronos,0.6274659037590027
Sample 21,Time-MoE,0.3725341260433197
Sample 22,Chronos,0.5660119652748108
Sample 22,Timer,0.4339880347251892
Sample 23,Moirai,0.6059279441833496
Sample 23,TimesFM,0.394072026014328
Sample 24,Moirai,0.5676345825195312
Sample 24,Timer,0.43236541748046875
Sample 25,Chronos,0.6314281821250916
Sample 25,Time-MoE,0.36857184767723083
Sample 26,Moirai,0.5635979771614075
Sample 26,Timer,0.43640202283859253
Sample 27,Chronos,0.6024717092514038
Sample 27,Time-MoE,0.3975282609462738
Sample 28,Moirai,0.604656457901001
Sample 28,Timer,0.39534351229667664
Sample 29,Chronos,0.5734148621559143
Sample 29,Time-MoE,0.4265850782394409
Sample 30,Chronos,0.6340442299842834
Sample 30,Timer,0.36595579981803894
Sample 31,Moirai,0.6223820447921753
Sample 31,TimesFM,0.3776179552078247
Sample 0,Chronos,0.5516757369041443
Sample 0,Timer,0.4483242332935333
Sample 1,Chronos,0.6883600354194641
Sample 1,Time-MoE,0.3116399943828583
Sample 2,Chronos,0.5967545509338379
Sample 2,Time-MoE,0.4032454490661621
Sample 3,Chronos,0.6557451486587524
Sample 3,Time-MoE,0.34425488114356995
Sample 4,Chronos,0.5893296003341675
Sample 4,TimesFM,0.4106704592704773
Sample 5,Chronos,0.6571778059005737
Sample 5,Time-MoE,0.34282222390174866
Sample 6,Chronos,0.6828989386558533
Sample 6,Timer,0.31710100173950195
Sample 7,Moirai,0.5332299470901489
Sample 7,TimesFM,0.4667700231075287
Sample 8,Chronos,0.601058304309845
Sample 8,TimesFM,0.39894163608551025
Sample 9,Chronos,0.6800969243049622
Sample 9,Time-MoE,0.31990304589271545
Sample 10,TimesFM,0.5021986961364746
Sample 10,Chronos,0.4978013038635254
Sample 11,Chronos,0.566201388835907
Sample 11,Timer,0.43379858136177063
Sample 12,Chronos,0.5196864008903503
Sample 12,Moirai,0.48031365871429443
Sample 13,Chronos,0.6413080096244812
Sample 13,Timer,0.358691930770874
Sample 14,Chronos,0.5792328119277954
Sample 14,Time-MoE,0.4207671582698822
Sample 15,Moirai,0.531855046749115
Sample 15,Time-MoE,0.4681449830532074
Sample 16,Chronos,0.5831696391105652
Sample 16,Timer,0.4168304204940796
Sample 17,Chronos,0.6709107756614685
Sample 17,Time-MoE,0.3290892243385315
Sample 18,Chronos,0.6607494354248047
Sample 18,Timer,0.3392505943775177
Sample 19,Chronos,0.5021889209747314
Sample 19,Time-MoE,0.49781104922294617
Sample 20,Moirai,0.687687337398529
Sample 20,TimesFM,0.31231269240379333
Sample 21,Chronos,0.6693145632743835
Sample 21,Time-MoE,0.33068546652793884
Sample 22,Chronos,0.6908180713653564
Sample 22,Time-MoE,0.30918192863464355
Sample 23,Moirai,0.6552973389625549
Sample 23,TimesFM,0.3447026312351227
Sample 24,Timer,0.5209260582923889
Sample 24,Chronos,0.47907397150993347
Sample 25,Chronos,0.6787140369415283
Sample 25,Time-MoE,0.32128599286079407
Sample 26,Chronos,0.5115204453468323
Sample 26,TimesFM,0.48847952485084534
Sample 27,Chronos,0.6372045278549194
Sample 27,Time-MoE,0.36279550194740295
Sample 28,Moirai,0.6236380934715271
Sample 28,Timer,0.3763618767261505
Sample 29,Chronos,0.6147447824478149
Sample 29,Time-MoE,0.38525527715682983
Sample 30,Chronos,0.670427143573761
Sample 30,Timer,0.3295728266239166
Sample 31,Moirai,0.5385749936103821
Sample 31,Timer,0.4614250063896179
Sample 0,Timer,0.519425630569458
Sample 0,Moirai,0.480574369430542
Sample 1,Chronos,0.6789171099662781
Sample 1,Timer,0.3210829198360443
Sample 2,Chronos,0.5172799229621887
Sample 2,TimesFM,0.4827200770378113
Sample 3,Chronos,0.6676844358444214
Sample 3,Time-MoE,0.332315593957901
Sample 4,Moirai,0.6201122403144836
Sample 4,Timer,0.37988775968551636
Sample 5,Chronos,0.6795427799224854
Sample 5,Time-MoE,0.3204571604728699
Sample 6,Chronos,0.6381461024284363
Sample 6,Timer,0.3618539273738861
Sample 7,Moirai,0.5631045699119568
Sample 7,TimesFM,0.4368954300880432
Sample 8,Timer,0.5009233355522156
Sample 8,Chronos,0.4990767240524292
Sample 9,Chronos,0.6784685850143433
Sample 9,Timer,0.3215314447879791
Sample 10,Chronos,0.5925499796867371
Sample 10,TimesFM,0.40744999051094055
Sample 11,Chronos,0.6473462581634521
Sample 11,Timer,0.35265377163887024
Sample 12,Time-MoE,0.5078882575035095
Sample 12,Moirai,0.4921117424964905
Sample 13,Time-MoE,0.5779517889022827
Sample 13,Chronos,0.4220482409000397
Sample 14,Time-MoE,0.5131090879440308
Sample 14,Moirai,0.48689088225364685
Sample 15,TimesFM,0.5059152841567993
Sample 15,Moirai,0.4940847158432007
Sample 16,Moirai,0.524268388748169
Sample 16,Timer,0.47573158144950867
Sample 17,Chronos,0.6682934165000916
Sample 17,Timer,0.33170658349990845
Sample 18,Moirai,0.5622272491455078
Sample 18,Timer,0.4377727210521698
Sample 19,Chronos,0.6689123511314392
Sample 19,Timer,0.3310876786708832
Sample 20,Chronos,0.5924695134162903
Sample 20,Time-MoE,0.4075304865837097
Sample 21,Chronos,0.658432126045227
Sample 21,Timer,0.34156784415245056
Sample 22,Chronos,0.5897154808044434
Sample 22,Time-MoE,0.4102845788002014
Sample 23,Moirai,0.6542025804519653
Sample 23,TimesFM,0.34579741954803467
Sample 24,Chronos,0.5670085549354553
Sample 24,Timer,0.4329914152622223
Sample 25,Chronos,0.6737797260284424
Sample 25,Time-MoE,0.3262202739715576
Sample 26,TimesFM,0.5073229670524597
Sample 26,Moirai,0.4926770329475403
Sample 27,Chronos,0.6692968010902405
Sample 27,Time-MoE,0.3307032287120819
Sample 28,TimesFM,0.5012650489807129
Sample 28,Time-MoE,0.4987349510192871
Sample 29,Chronos,0.6473087668418884
Sample 29,Time-MoE,0.3526911735534668
Sample 30,TimesFM,0.5177022218704224
Sample 30,Chronos,0.48229777812957764
Sample 31,Moirai,0.6436240673065186
Sample 31,Time-MoE,0.35637593269348145
Sample 0,Chronos,0.6665598750114441
Sample 0,Timer,0.3334400951862335
Sample 1,Chronos,0.6664699912071228
Sample 1,Time-MoE,0.3335300087928772
Sample 2,Chronos,0.5594721436500549
Sample 2,TimesFM,0.44052785634994507
Sample 3,Chronos,0.6283814907073975
Sample 3,Timer,0.37161844968795776
Sample 4,Moirai,0.5218490958213806
Sample 4,Time-MoE,0.4781509041786194
Sample 5,Chronos,0.6768815517425537
Sample 5,TimesFM,0.3231184780597687
Sample 6,Chronos,0.630091667175293
Sample 6,Time-MoE,0.3699083626270294
Sample 7,Moirai,0.6413032412528992
Sample 7,TimesFM,0.35869672894477844
Sample 8,Chronos,0.5772777199745178
Sample 8,TimesFM,0.4227222800254822
Sample 9,Chronos,0.6770626306533813
Sample 9,Timer,0.32293739914894104
Sample 10,TimesFM,0.5056041479110718
Sample 10,Time-MoE,0.49439582228660583
Sample 11,Chronos,0.6585754156112671
Sample 11,Timer,0.3414245545864105
Sample 12,Chronos,0.5257847905158997
Sample 12,TimesFM,0.47421517968177795
Sample 13,Chronos,0.6926191449165344
Sample 13,Timer,0.30738088488578796
Sample 14,Chronos,0.6528347134590149
Sample 14,Time-MoE,0.3471652865409851
Sample 15,Moirai,0.6715168952941895
Sample 15,TimesFM,0.32848310470581055
Sample 0,Chronos,0.5842078924179077
Sample 0,TimesFM,0.4157921075820923
Sample 1,Chronos,0.6552518010139465
Sample 1,Timer,0.3447481691837311
Sample 2,Moirai,0.5699018239974976
Sample 2,Time-MoE,0.43009820580482483
Sample 3,Chronos,0.6494295001029968
Sample 3,Time-MoE,0.35057055950164795
Sample 4,Chronos,0.5313202142715454
Sample 4,TimesFM,0.468679815530777
Sample 5,Chronos,0.6530787944793701
Sample 5,TimesFM,0.3469211757183075
Sample 6,Chronos,0.5659724473953247
Sample 6,Time-MoE,0.4340275228023529
Sample 7,Moirai,0.684823215007782
Sample 7,TimesFM,0.315176784992218
Sample 8,Chronos,0.6215534210205078
Sample 8,TimesFM,0.3784465789794922
Sample 9,Chronos,0.6492144465446472
Sample 9,Timer,0.3507855534553528
Sample 10,TimesFM,0.5264250040054321
Sample 10,Chronos,0.4735749363899231
Sample 11,Chronos,0.641383945941925
Sample 11,Timer,0.35861608386039734
Sample 12,Moirai,0.6087158918380737
Sample 12,TimesFM,0.3912840783596039
Sample 13,Chronos,0.658303439617157
Sample 13,TimesFM,0.3416965901851654
Sample 14,Chronos,0.510205864906311
Sample 14,Time-MoE,0.48979413509368896
Sample 15,Moirai,0.6891406178474426
Sample 15,TimesFM,0.31085944175720215
Sample 16,TimesFM,0.53879314661026
Sample 16,Chronos,0.46120685338974
Sample 17,Chronos,0.6634934544563293
Sample 17,Timer,0.33650654554367065
Sample 18,TimesFM,0.5160025358200073
Sample 18,Moirai,0.4839974343776703
Sample 19,Chronos,0.6506496071815491
Sample 19,Timer,0.3493503928184509
Sample 20,Chronos,0.5296360850334167
Sample 20,TimesFM,0.47036394476890564
Sample 21,Chronos,0.6129748225212097
Sample 21,Time-MoE,0.3870251476764679
Sample 22,Chronos,0.5029333829879761
Sample 22,Time-MoE,0.49706658720970154
Sample 23,Timer,0.5093154907226562
Sample 23,TimesFM,0.49068450927734375
Sample 24,Moirai,0.5862213373184204
Sample 24,TimesFM,0.4137786328792572
Sample 25,Chronos,0.6475836038589478
Sample 25,Timer,0.35241639614105225
Sample 26,Chronos,0.6134914755821228
Sample 26,Timer,0.3865084946155548
Sample 27,Chronos,0.5846081376075745
Sample 27,Timer,0.41539183259010315
Sample 28,Moirai,0.6927317380905151
Sample 28,TimesFM,0.3072682321071625
Sample 29,Chronos,0.6483713984489441
Sample 29,TimesFM,0.3516285717487335
Sample 30,Chronos,0.5940799713134766
Sample 30,TimesFM,0.40591999888420105
Sample 31,Moirai,0.6470057964324951
Sample 31,Timer,0.3529942035675049
Sample 0,Chronos,0.5453966856002808
Sample 0,Timer,0.4546033442020416
Sample 1,Chronos,0.6318607926368713
Sample 1,Timer,0.36813920736312866
Sample 2,Time-MoE,0.5488024950027466
Sample 2,Moirai,0.4511975049972534
Sample 3,Chronos,0.6059830188751221
Sample 3,Timer,0.3940170109272003
Sample 4,Moirai,0.5561466813087463
Sample 4,Timer,0.44385331869125366
Sample 5,Chronos,0.6173325181007385
Sample 5,TimesFM,0.3826674818992615
Sample 6,Chronos,0.5439316630363464
Sample 6,Time-MoE,0.45606833696365356
Sample 7,Moirai,0.6848376393318176
Sample 7,TimesFM,0.31516233086586
Sample 8,Chronos,0.5826486945152283
Sample 8,TimesFM,0.41735124588012695
Sample 9,Chronos,0.6235999464988708
Sample 9,Timer,0.3763999938964844
Sample 10,Chronos,0.5884817838668823
Sample 10,Timer,0.4115181863307953
Sample 11,Chronos,0.5264314413070679
Sample 11,Timer,0.47356855869293213
Sample 12,Time-MoE,0.504527747631073
Sample 12,TimesFM,0.495472252368927
Sample 13,Chronos,0.6230377554893494
Sample 13,Timer,0.37696218490600586
Sample 14,Chronos,0.5003072619438171
Sample 14,Time-MoE,0.4996927082538605
Sample 15,Moirai,0.5996941328048706
Sample 15,Timer,0.4003058671951294
Sample 16,Chronos,0.5312315821647644
Sample 16,TimesFM,0.468768447637558
Sample 17,Chronos,0.624328076839447
Sample 17,Timer,0.3756718933582306
Sample 18,Time-MoE,0.588403046131134
Sample 18,Moirai,0.41159698367118835
Sample 19,Chronos,0.6179357767105103
Sample 19,Timer,0.38206422328948975
Sample 20,Chronos,0.5581173896789551
Sample 20,TimesFM,0.4418826103210449
Sample 21,Chronos,0.6317658424377441
Sample 21,Timer,0.36823415756225586
Sample 22,Time-MoE,0.5014252066612244
Sample 22,Chronos,0.49857476353645325
Sample 23,Moirai,0.7532708644866943
Sample 23,Time-MoE,0.24672910571098328
Sample 24,Chronos,0.6363336443901062
Sample 24,TimesFM,0.3636664152145386
Sample 25,Chronos,0.599450409412384
Sample 25,Time-MoE,0.40054959058761597
Sample 26,Chronos,0.5461355447769165
Sample 26,TimesFM,0.4538644850254059
Sample 27,Chronos,0.5622410774230957
Sample 27,Time-MoE,0.4377588927745819
Sample 28,Moirai,0.7106937170028687
Sample 28,Timer,0.28930625319480896
Sample 29,Chronos,0.6101725101470947
Sample 29,Timer,0.3898274600505829
Sample 30,Time-MoE,0.5009887218475342
Sample 30,Chronos,0.4990112781524658
Sample 31,Moirai,0.7111431360244751
Sample 31,TimesFM,0.2888568937778473
Sample 0,Moirai,0.5548461675643921
Sample 0,TimesFM,0.4451538026332855
Sample 1,Chronos,0.5899443626403809
Sample 1,Timer,0.41005557775497437
Sample 2,Chronos,0.5135863423347473
Sample 2,TimesFM,0.4864136278629303
Sample 3,Chronos,0.5641720294952393
Sample 3,Time-MoE,0.43582797050476074
Sample 4,Moirai,0.5428791642189026
Sample 4,TimesFM,0.457120805978775
Sample 5,TimesFM,0.5092381238937378
Sample 5,Time-MoE,0.4907618761062622
Sample 6,Time-MoE,0.5650224685668945
Sample 6,Timer,0.4349775016307831
Sample 7,Moirai,0.5550288558006287
Sample 7,TimesFM,0.4449711740016937
Sample 8,Moirai,0.6431052684783936
Sample 8,TimesFM,0.35689473152160645
Sample 9,Chronos,0.5724450349807739
Sample 9,Timer,0.4275549650192261
Sample 10,Chronos,0.5912516117095947
Sample 10,TimesFM,0.40874841809272766
Sample 11,Time-MoE,0.5154814720153809
Sample 11,Timer,0.48451855778694153
Sample 12,Moirai,0.7798717617988586
Sample 12,Timer,0.22012819349765778
Sample 13,Chronos,0.5774503350257874
Sample 13,Timer,0.42254969477653503
Sample 14,Time-MoE,0.5031880140304565
Sample 14,Chronos,0.49681195616722107
Sample 15,Moirai,0.7399548888206482
Sample 15,TimesFM,0.2600451111793518
Sample 16,Chronos,0.6093959808349609
Sample 16,Timer,0.39060401916503906
Sample 17,Chronos,0.5396050214767456
Sample 17,Time-MoE,0.4603950083255768
Sample 18,Moirai,0.5916720628738403
Sample 18,Time-MoE,0.40832793712615967
Sample 19,Chronos,0.5679230690002441
Sample 19,Timer,0.4320768713951111
Sample 20,Moirai,0.7222636342048645
Sample 20,Timer,0.2777363955974579
Sample 21,Chronos,0.565220296382904
Sample 21,Timer,0.43477970361709595
Sample 22,Chronos,0.5390483736991882
Sample 22,TimesFM,0.46095165610313416
Sample 23,Moirai,0.5138000845909119
Sample 23,Time-MoE,0.48619991540908813
Sample 24,Moirai,0.6865419149398804
Sample 24,TimesFM,0.31345805525779724
Sample 25,Chronos,0.5764424800872803
Sample 25,Timer,0.42355746030807495
Sample 26,Chronos,0.5044881701469421
Sample 26,Time-MoE,0.4955118000507355
Sample 27,Time-MoE,0.5548611283302307
Sample 27,Timer,0.4451388716697693
Sample 28,Moirai,0.7623138427734375
Sample 28,Time-MoE,0.23768623173236847
Sample 29,Chronos,0.565883994102478
Sample 29,Timer,0.4341159760951996
Sample 30,Time-MoE,0.5374026894569397
Sample 30,Chronos,0.4625973105430603
Sample 31,Moirai,0.752003014087677
Sample 31,Timer,0.2479969561100006
Sample 0,Moirai,0.5640019774436951
Sample 0,TimesFM,0.4359980523586273
Sample 1,Chronos,0.5642883777618408
Sample 1,Timer,0.4357115924358368
Sample 2,Timer,0.5056813955307007
Sample 2,TimesFM,0.49431857466697693
Sample 3,Chronos,0.5547078251838684
Sample 3,Timer,0.445292204618454
Sample 4,Chronos,0.5371577739715576
Sample 4,Timer,0.46284225583076477
Sample 5,Chronos,0.5203807950019836
Sample 5,Timer,0.47961920499801636
Sample 6,TimesFM,0.5034267902374268
Sample 6,Chronos,0.49657320976257324
Sample 7,Moirai,0.510313093662262
Sample 7,TimesFM,0.4896869361400604
Sample 8,Chronos,0.556557297706604
Sample 8,TimesFM,0.443442702293396
Sample 9,Chronos,0.5619364976882935
Sample 9,Time-MoE,0.43806347250938416
Sample 10,Time-MoE,0.5093698501586914
Sample 10,Moirai,0.49063020944595337
Sample 11,Time-MoE,0.509372889995575
Sample 11,Chronos,0.49062711000442505
Sample 12,Moirai,0.7436727285385132
Sample 12,Timer,0.2563272714614868
Sample 13,Chronos,0.5162800550460815
Sample 13,Time-MoE,0.48371991515159607
Sample 14,Time-MoE,0.6091729998588562
Sample 14,Chronos,0.3908269703388214
Sample 15,Moirai,0.6919792890548706
Sample 15,TimesFM,0.3080207407474518
Sample 16,Chronos,0.5192217826843262
Sample 16,TimesFM,0.4807782471179962
Sample 17,Time-MoE,0.513012170791626
Sample 17,Chronos,0.4869878590106964
Sample 18,Moirai,0.5495462417602539
Sample 18,TimesFM,0.4504537582397461
Sample 19,Time-MoE,0.5595707297325134
Sample 19,Timer,0.4404292702674866
Sample 20,Moirai,0.7371281385421753
Sample 20,Timer,0.2628719210624695
Sample 21,Time-MoE,0.5447360277175903
Sample 21,Chronos,0.4552639424800873
Sample 22,TimesFM,0.5202071070671082
Sample 22,Chronos,0.47979286313056946
Sample 23,Moirai,0.693682849407196
Sample 23,TimesFM,0.30631718039512634
Sample 24,Moirai,0.6658838987350464
Sample 24,TimesFM,0.3341161608695984
Sample 25,Chronos,0.5023794770240784
Sample 25,Time-MoE,0.49762052297592163
Sample 26,Moirai,0.6359454989433289
Sample 26,TimesFM,0.3640545606613159
Sample 27,Time-MoE,0.5226198434829712
Sample 27,Chronos,0.4773801267147064
Sample 28,Moirai,0.7375074625015259
Sample 28,Timer,0.2624925374984741
Sample 29,Time-MoE,0.5794293284416199
Sample 29,Chronos,0.4205706715583801
Sample 30,Time-MoE,0.5217813849449158
Sample 30,Chronos,0.4782186448574066
Sample 31,Moirai,0.7379974722862244
Sample 31,TimesFM,0.26200246810913086
Sample 0,Chronos,0.6078489422798157
Sample 0,TimesFM,0.3921510875225067
Sample 1,Chronos,0.5250808596611023
Sample 1,Time-MoE,0.4749191701412201
Sample 2,Time-MoE,0.5413888692855835
Sample 2,Chronos,0.4586111605167389
Sample 3,Chronos,0.5094725489616394
Sample 3,Time-MoE,0.4905274212360382
Sample 4,TimesFM,0.5228498578071594
Sample 4,Chronos,0.47715017199516296
Sample 5,Time-MoE,0.5426202416419983
Sample 5,Chronos,0.4573797583580017
Sample 6,Time-MoE,0.5075128674507141
Sample 6,Chronos,0.4924871027469635
Sample 7,Moirai,0.5626665949821472
Sample 7,TimesFM,0.43733343482017517
Sample 8,Chronos,0.5248518586158752
Sample 8,TimesFM,0.47514811158180237
Sample 9,Chronos,0.5222977995872498
Sample 9,Timer,0.47770223021507263
Sample 10,TimesFM,0.5341731309890747
Sample 10,Moirai,0.4658268690109253
Sample 11,Timer,0.5019395351409912
Sample 11,Chronos,0.49806052446365356
Sample 12,Moirai,0.5441722869873047
Sample 12,Chronos,0.4558277428150177
Sample 13,Chronos,0.5057055354118347
Sample 13,Timer,0.4942944347858429
Sample 14,Time-MoE,0.6091248393058777
Sample 14,TimesFM,0.3908751904964447
Sample 15,Moirai,0.5716502070426941
Sample 15,Time-MoE,0.4283498227596283
Sample 16,Chronos,0.5575105547904968
Sample 16,Timer,0.4424894154071808
Sample 17,Time-MoE,0.5410665273666382
Sample 17,Chronos,0.4589334726333618
Sample 18,Chronos,0.5123840570449829
Sample 18,TimesFM,0.4876159429550171
Sample 19,Time-MoE,0.6167296171188354
Sample 19,Timer,0.3832704424858093
Sample 20,Moirai,0.7992501258850098
Sample 20,Timer,0.20074985921382904
Sample 21,Time-MoE,0.5106387734413147
Sample 21,Chronos,0.4893612265586853
Sample 22,Time-MoE,0.539345383644104
Sample 22,Chronos,0.4606545865535736
Sample 23,Moirai,0.7475796937942505
Sample 23,TimesFM,0.2524203658103943
Sample 24,Chronos,0.5440911650657654
Sample 24,TimesFM,0.45590880513191223
Sample 25,Chronos,0.5173384547233582
Sample 25,Timer,0.48266151547431946
Sample 26,TimesFM,0.625774085521698
Sample 26,Time-MoE,0.3742259442806244
Sample 27,Time-MoE,0.5160402655601501
Sample 27,Chronos,0.48395970463752747
Sample 28,Moirai,0.7293689250946045
Sample 28,Timer,0.27063101530075073
Sample 29,Time-MoE,0.5293474793434143
Sample 29,Chronos,0.4706525206565857
Sample 30,Time-MoE,0.509368896484375
Sample 30,Chronos,0.490631103515625
Sample 31,Moirai,0.587159276008606
Sample 31,TimesFM,0.4128407835960388
Sample 0,Moirai,0.5423979163169861
Sample 0,Chronos,0.4576021134853363
Sample 1,Time-MoE,0.5143036246299744
Sample 1,Chronos,0.48569637537002563
Sample 2,Time-MoE,0.5190820693969727
Sample 2,TimesFM,0.48091790080070496
Sample 3,Time-MoE,0.5303522944450378
Sample 3,Chronos,0.4696476459503174
Sample 4,Moirai,0.7312624454498291
Sample 4,Timer,0.2687374949455261
Sample 5,Time-MoE,0.5429486632347107
Sample 5,Chronos,0.4570513367652893
Sample 6,Time-MoE,0.5392173528671265
Sample 6,Chronos,0.46078264713287354
Sample 7,Moirai,0.6001481413841248
Sample 7,TimesFM,0.39985185861587524
Sample 8,Chronos,0.5418412089347839
Sample 8,TimesFM,0.45815882086753845
Sample 9,Time-MoE,0.5055915117263794
Sample 9,Chronos,0.4944084882736206
Sample 10,TimesFM,0.5754927396774292
Sample 10,Time-MoE,0.4245072901248932
Sample 11,Timer,0.5014110207557678
Sample 11,Chronos,0.4985889792442322
Sample 12,Time-MoE,0.5292644500732422
Sample 12,TimesFM,0.4707355201244354
Sample 13,Time-MoE,0.5583948493003845
Sample 13,Timer,0.4416051506996155
Sample 14,Moirai,0.5073943734169006
Sample 14,Time-MoE,0.49260565638542175
Sample 15,Moirai,0.5017954707145691
Sample 15,TimesFM,0.4982044994831085
Sample 16,Moirai,0.617247462272644
Sample 16,Chronos,0.38275253772735596
Sample 17,Chronos,0.5017145276069641
Sample 17,Timer,0.4982854127883911
Sample 18,Moirai,0.6453983783721924
Sample 18,TimesFM,0.3546016216278076
Sample 19,Time-MoE,0.5034560561180115
Sample 19,Chronos,0.49654391407966614
Sample 20,Time-MoE,0.6011543869972229
Sample 20,TimesFM,0.3988456130027771
Sample 21,Time-MoE,0.5081468224525452
Sample 21,Timer,0.49185314774513245
Sample 22,Time-MoE,0.6540476679801941
Sample 22,TimesFM,0.3459523320198059
Sample 23,Moirai,0.7534880042076111
Sample 23,TimesFM,0.24651199579238892
Sample 24,Chronos,0.5755427479743958
Sample 24,TimesFM,0.42445722222328186
Sample 25,Time-MoE,0.5272430777549744
Sample 25,Chronos,0.47275689244270325
Sample 26,TimesFM,0.5102074146270752
Sample 26,Moirai,0.4897925853729248
Sample 27,Time-MoE,0.5443486571311951
Sample 27,Chronos,0.45565134286880493
Sample 28,Time-MoE,0.5085676908493042
Sample 28,TimesFM,0.4914323091506958
Sample 29,Time-MoE,0.5859436392784119
Sample 29,Chronos,0.41405636072158813
Sample 30,TimesFM,0.5900834798812866
Sample 30,Time-MoE,0.4099165201187134
Sample 31,Moirai,0.7123861908912659
Sample 31,Time-MoE,0.2876138687133789
Sample 0,Chronos,0.5161746740341187
Sample 0,Timer,0.48382529616355896
Sample 1,Time-MoE,0.520993709564209
Sample 1,Timer,0.479006290435791
Sample 2,TimesFM,0.5937869548797607
Sample 2,Time-MoE,0.40621301531791687
Sample 3,Timer,0.5551843643188477
Sample 3,Time-MoE,0.44481563568115234
Sample 4,Time-MoE,0.500156819820404
Sample 4,Moirai,0.49984320998191833
Sample 5,Timer,0.5141280293464661
Sample 5,Chronos,0.48587194085121155
Sample 6,Time-MoE,0.5432940125465393
Sample 6,Timer,0.45670604705810547
Sample 7,Moirai,0.706159770488739
Sample 7,TimesFM,0.2938402593135834
Sample 8,Chronos,0.5739240646362305
Sample 8,TimesFM,0.4260759949684143
Sample 9,Timer,0.533653199672699
Sample 9,Chronos,0.4663468301296234
Sample 10,Time-MoE,0.5055104494094849
Sample 10,TimesFM,0.49448952078819275
Sample 11,Timer,0.5483441948890686
Sample 11,Time-MoE,0.451655775308609
Sample 12,TimesFM,0.5110301971435547
Sample 12,Moirai,0.4889698028564453
Sample 13,Timer,0.5066757798194885
Sample 13,Chronos,0.49332424998283386
Sample 14,Time-MoE,0.594024658203125
Sample 14,Timer,0.4059753119945526
Sample 15,Moirai,0.758047878742218
Sample 15,TimesFM,0.2419521063566208
Sample 0,Chronos,0.5841023325920105
Sample 0,TimesFM,0.4158976972103119
Sample 1,Timer,0.570375382900238
Sample 1,Chronos,0.42962464690208435
Sample 2,Moirai,0.6080256700515747
Sample 2,Time-MoE,0.3919743001461029
Sample 3,Timer,0.5588471293449402
Sample 3,Chronos,0.4411529302597046
Sample 4,TimesFM,0.542256772518158
Sample 4,Chronos,0.45774325728416443
Sample 5,Timer,0.5344598889350891
Sample 5,Chronos,0.4655400514602661
Sample 6,Time-MoE,0.5828238129615784
Sample 6,Timer,0.41717612743377686
Sample 7,Moirai,0.7556354403495789
Sample 7,TimesFM,0.24436460435390472
Sample 8,Chronos,0.5847881436347961
Sample 8,TimesFM,0.41521182656288147
Sample 9,Timer,0.577256977558136
Sample 9,Chronos,0.422743022441864
Sample 10,TimesFM,0.554703414440155
Sample 10,Time-MoE,0.4452965259552002
Sample 11,Timer,0.5690266489982605
Sample 11,Chronos,0.4309733808040619
Sample 12,Moirai,0.6792335510253906
Sample 12,TimesFM,0.32076647877693176
Sample 13,Timer,0.548453688621521
Sample 13,Chronos,0.4515463411808014
Sample 14,Time-MoE,0.6514334082603455
Sample 14,TimesFM,0.3485666513442993
Sample 15,Moirai,0.7639141082763672
Sample 15,TimesFM,0.2360858917236328
Sample 16,TimesFM,0.5068620443344116
Sample 16,Moirai,0.4931379556655884
Sample 17,Timer,0.5586762428283691
Sample 17,Chronos,0.44132375717163086
Sample 18,TimesFM,0.5059560537338257
Sample 18,Moirai,0.49404391646385193
Sample 19,Timer,0.5616911053657532
Sample 19,Chronos,0.4383089244365692
Sample 20,TimesFM,0.50541090965271
Sample 20,Chronos,0.49458909034729004
Sample 21,Timer,0.5588558316230774
Sample 21,Time-MoE,0.4411441683769226
Sample 22,Time-MoE,0.5897467136383057
Sample 22,Timer,0.4102533161640167
Sample 23,TimesFM,0.5000684857368469
Sample 23,Timer,0.49993154406547546
Sample 24,Moirai,0.6574950218200684
Sample 24,TimesFM,0.34250494837760925
Sample 25,Timer,0.5786630511283875
Sample 25,Chronos,0.42133694887161255
Sample 26,Timer,0.5460150837898254
Sample 26,Chronos,0.4539848566055298
Sample 27,Timer,0.5248108506202698
Sample 27,Chronos,0.4751891493797302
Sample 28,Moirai,0.7139092683792114
Sample 28,TimesFM,0.2860907018184662
Sample 29,Timer,0.5475192666053772
Sample 29,Chronos,0.4524807333946228
Sample 30,Time-MoE,0.5659024715423584
Sample 30,TimesFM,0.434097558259964
Sample 31,Moirai,0.7401062250137329
Sample 31,Chronos,0.2598938047885895
Sample 0,Timer,0.5216190218925476
Sample 0,Chronos,0.47838103771209717
Sample 1,Timer,0.5812258124351501
Sample 1,Chronos,0.41877421736717224
Sample 2,Time-MoE,0.5221201777458191
Sample 2,Moirai,0.4778798222541809
Sample 3,Timer,0.6081737875938416
Sample 3,Chronos,0.39182624220848083
Sample 4,Moirai,0.5600430369377136
Sample 4,Time-MoE,0.439956933259964
Sample 5,Timer,0.5738242864608765
Sample 5,Chronos,0.42617571353912354
Sample 6,Timer,0.5355463027954102
Sample 6,Time-MoE,0.46445363759994507
Sample 7,Moirai,0.7395578026771545
Sample 7,TimesFM,0.26044219732284546
Sample 8,Chronos,0.5537351965904236
Sample 8,TimesFM,0.44626477360725403
Sample 9,Timer,0.5917451977729797
Sample 9,Chronos,0.40825480222702026
Sample 10,Timer,0.5175363421440125
Sample 10,Chronos,0.48246368765830994
Sample 11,Timer,0.5579256415367126
Sample 11,Chronos,0.44207438826560974
Sample 12,TimesFM,0.5202226042747498
Sample 12,Time-MoE,0.47977736592292786
Sample 13,Timer,0.5899248123168945
Sample 13,Chronos,0.4100751578807831
Sample 14,Timer,0.5067222118377686
Sample 14,Time-MoE,0.49327775835990906
Sample 15,Moirai,0.6468772292137146
Sample 15,TimesFM,0.353122740983963
Sample 16,Chronos,0.5309471487998962
Sample 16,TimesFM,0.46905288100242615
Sample 17,Timer,0.5937204957008362
Sample 17,Chronos,0.40627947449684143
Sample 18,Time-MoE,0.6042986512184143
Sample 18,Moirai,0.3957013785839081
Sample 19,Timer,0.5978626608848572
Sample 19,Chronos,0.4021373391151428
Sample 20,Timer,0.5144941806793213
Sample 20,TimesFM,0.4855058491230011
Sample 21,Timer,0.5806103348731995
Sample 21,Chronos,0.41938966512680054
Sample 22,Time-MoE,0.587652862071991
Sample 22,Timer,0.41234710812568665
Sample 23,Moirai,0.7999875545501709
Sample 23,Time-MoE,0.2000124305486679
Sample 24,Chronos,0.5319904088973999
Sample 24,Timer,0.4680096209049225
Sample 25,Timer,0.6179212927818298
Sample 25,Chronos,0.38207873702049255
Sample 26,Time-MoE,0.506560742855072
Sample 26,TimesFM,0.49343931674957275
Sample 27,Timer,0.6071851253509521
Sample 27,Time-MoE,0.39281487464904785
Sample 28,Moirai,0.8016107678413391
Sample 28,Time-MoE,0.19838927686214447
Sample 29,Timer,0.6086872816085815
Sample 29,Chronos,0.39131274819374084
Sample 30,Time-MoE,0.5789979100227356
Sample 30,Timer,0.4210020899772644
Sample 31,Moirai,0.7571690678596497
Sample 31,TimesFM,0.24283088743686676
Sample 0,Moirai,0.6257385015487671
Sample 0,TimesFM,0.3742614984512329
Sample 1,Timer,0.6076439619064331
Sample 1,Chronos,0.3923560380935669
Sample 2,Timer,0.5150585174560547
Sample 2,Chronos,0.4849414825439453
Sample 3,Timer,0.5953319072723389
Sample 3,Chronos,0.40466809272766113
Sample 4,Moirai,0.5694464445114136
Sample 4,TimesFM,0.4305535852909088
Sample 5,Time-MoE,0.5171465277671814
Sample 5,TimesFM,0.4828534424304962
Sample 6,Time-MoE,0.5234144926071167
Sample 6,Timer,0.4765854775905609
Sample 7,Moirai,0.5854179263114929
Sample 7,TimesFM,0.4145820736885071
Sample 8,Moirai,0.6892683506011963
Sample 8,TimesFM,0.3107316792011261
Sample 9,Timer,0.6250501275062561
Sample 9,Chronos,0.3749498426914215
Sample 10,Timer,0.5508658289909363
Sample 10,Chronos,0.4491342008113861
Sample 11,Timer,0.6172571182250977
Sample 11,Time-MoE,0.38274285197257996
Sample 12,Moirai,0.7976922392845154
Sample 12,Time-MoE,0.2023077756166458
Sample 13,Timer,0.6171054244041443
Sample 13,Chronos,0.3828946053981781
Sample 14,Timer,0.5143986940383911
Sample 14,Time-MoE,0.4856012761592865
Sample 15,Moirai,0.7565588355064392
Sample 15,TimesFM,0.2434411346912384
Sample 16,Timer,0.573609471321106
Sample 16,Chronos,0.4263905882835388
Sample 17,Timer,0.6298407316207886
Sample 17,Chronos,0.3701592683792114
Sample 18,Moirai,0.6262506246566772
Sample 18,Time-MoE,0.37374934554100037
Sample 19,Timer,0.5691218376159668
Sample 19,Chronos,0.4308781921863556
Sample 20,Moirai,0.7699353694915771
Sample 20,Time-MoE,0.23006463050842285
Sample 21,Timer,0.6301551461219788
Sample 21,Chronos,0.36984488368034363
Sample 22,Chronos,0.512062132358551
Sample 22,Timer,0.487937867641449
Sample 23,Time-MoE,0.542475700378418
Sample 23,Moirai,0.45752424001693726
Sample 24,Moirai,0.7368221879005432
Sample 24,TimesFM,0.2631778120994568
Sample 25,Timer,0.6167943477630615
Sample 25,Chronos,0.38320568203926086
Sample 26,Chronos,0.5269201397895813
Sample 26,Moirai,0.4730798006057739
Sample 27,Timer,0.5323682427406311
Sample 27,Time-MoE,0.4676317870616913
Sample 28,Moirai,0.7728458642959595
Sample 28,Time-MoE,0.2271541953086853
Sample 29,Timer,0.620837926864624
Sample 29,Chronos,0.3791620433330536
Sample 30,Time-MoE,0.5413579344749451
Sample 30,Timer,0.45864206552505493
Sample 31,Moirai,0.7950904369354248
Sample 31,TimesFM,0.204909548163414
Sample 0,Moirai,0.6289246082305908
Sample 0,TimesFM,0.3710753619670868
Sample 1,Timer,0.6230436563491821
Sample 1,Chronos,0.37695634365081787
Sample 2,Timer,0.5570232272148132
Sample 2,TimesFM,0.44297680258750916
Sample 3,Timer,0.6285536885261536
Sample 3,Chronos,0.37144628167152405
Sample 4,Timer,0.5324428081512451
Sample 4,Chronos,0.4675571918487549
Sample 5,Timer,0.6294599771499634
Sample 5,Chronos,0.370540052652359
Sample 6,Timer,0.5119264721870422
Sample 6,TimesFM,0.48807352781295776
Sample 7,Moirai,0.5137754678726196
Sample 7,TimesFM,0.48622456192970276
Sample 8,Moirai,0.5106858015060425
Sample 8,Chronos,0.48931413888931274
Sample 9,Timer,0.6059561371803284
Sample 9,Chronos,0.39404386281967163
Sample 10,Time-MoE,0.5308657288551331
Sample 10,Moirai,0.46913424134254456
Sample 11,Timer,0.616601288318634
Sample 11,Chronos,0.3833986818790436
Sample 12,Moirai,0.7978529930114746
Sample 12,TimesFM,0.2021470069885254
Sample 13,Timer,0.580288827419281
Sample 13,Chronos,0.419711172580719
Sample 14,Time-MoE,0.5994817614555359
Sample 14,Timer,0.4005182683467865
Sample 15,Moirai,0.7185981273651123
Sample 15,TimesFM,0.2814018130302429
Sample 16,Moirai,0.5441739559173584
Sample 16,Chronos,0.455826073884964
Sample 17,Timer,0.5770242810249329
Sample 17,Chronos,0.4229757785797119
Sample 18,Moirai,0.5745302438735962
Sample 18,TimesFM,0.4254697263240814
Sample 19,Timer,0.572028636932373
Sample 19,TimesFM,0.42797139286994934
Sample 20,Moirai,0.7791492938995361
Sample 20,Time-MoE,0.22085070610046387
Sample 21,Timer,0.5249719023704529
Sample 21,Time-MoE,0.4750280976295471
Sample 22,TimesFM,0.5161781907081604
Sample 22,Chronos,0.483821839094162
Sample 23,Moirai,0.7263355255126953
Sample 23,TimesFM,0.2736645042896271
Sample 24,Moirai,0.7203242778778076
Sample 24,TimesFM,0.27967569231987
Sample 25,Timer,0.6146625876426697
Sample 25,Chronos,0.3853374123573303
Sample 26,Moirai,0.6887404322624207
Sample 26,Time-MoE,0.31125956773757935
Sample 27,Timer,0.6341698169708252
Sample 27,Chronos,0.3658302128314972
Sample 28,Moirai,0.8119894862174988
Sample 28,TimesFM,0.18801049888134003
Sample 29,Timer,0.5370489954948425
Sample 29,Time-MoE,0.4629509747028351
Sample 30,Timer,0.5266086459159851
Sample 30,Time-MoE,0.4733913242816925
Sample 31,Moirai,0.7848312854766846
Sample 31,TimesFM,0.21516872942447662
Sample 0,Chronos,0.5367199182510376
Sample 0,Timer,0.46328005194664
Sample 1,Timer,0.6114368438720703
Sample 1,Chronos,0.3885630965232849
Sample 2,Timer,0.5282590985298157
Sample 2,Chronos,0.4717409014701843
Sample 3,Timer,0.6228434443473816
Sample 3,Chronos,0.3771565556526184
Sample 4,TimesFM,0.5485924482345581
Sample 4,Timer,0.4514075219631195
Sample 5,Timer,0.5900088548660278
Sample 5,Chronos,0.40999117493629456
Sample 6,Timer,0.587772011756897
Sample 6,Chronos,0.41222795844078064
Sample 7,Moirai,0.5975373983383179
Sample 7,TimesFM,0.4024626314640045
Sample 8,Chronos,0.5123023390769958
Sample 8,TimesFM,0.4876976013183594
Sample 9,Timer,0.6284101605415344
Sample 9,Chronos,0.3715898096561432
Sample 10,Moirai,0.5476166605949402
Sample 10,TimesFM,0.4523833096027374
Sample 11,Timer,0.6189731955528259
Sample 11,TimesFM,0.38102686405181885
Sample 12,Moirai,0.5941438674926758
Sample 12,Chronos,0.40585610270500183
Sample 13,Timer,0.6414234638214111
Sample 13,TimesFM,0.35857653617858887
Sample 14,Time-MoE,0.6030135154724121
Sample 14,Chronos,0.3969864249229431
Sample 15,Moirai,0.5123226046562195
Sample 15,Time-MoE,0.4876773953437805
Sample 16,Timer,0.5805206894874573
Sample 16,Chronos,0.4194793105125427
Sample 17,Timer,0.5819821357727051
Sample 17,Chronos,0.4180178940296173
Sample 18,Timer,0.5128430724143982
Sample 18,TimesFM,0.4871569275856018
Sample 19,Timer,0.5129651427268982
Sample 19,Time-MoE,0.4870348572731018
Sample 20,Moirai,0.7830572724342346
Sample 20,Time-MoE,0.21694275736808777
Sample 21,Timer,0.599332869052887
Sample 21,TimesFM,0.40066713094711304
Sample 22,Timer,0.5405345559120178
Sample 22,Chronos,0.4594654142856598
Sample 23,Moirai,0.7743167281150818
Sample 23,TimesFM,0.2256833016872406
Sample 24,Moirai,0.5246307849884033
Sample 24,Chronos,0.47536924481391907
Sample 25,Timer,0.6339454054832458
Sample 25,Chronos,0.3660545349121094
Sample 26,TimesFM,0.6595322489738464
Sample 26,Time-MoE,0.34046775102615356
Sample 27,Timer,0.6252917647361755
Sample 27,Chronos,0.37470826506614685
Sample 28,Moirai,0.7770178914070129
Sample 28,TimesFM,0.22298210859298706
Sample 29,Timer,0.5224640965461731
Sample 29,Chronos,0.4775359034538269
Sample 30,Timer,0.5811799764633179
Sample 30,TimesFM,0.41881999373435974
Sample 31,Moirai,0.6303064227104187
Sample 31,TimesFM,0.3696935474872589
Sample 0,Moirai,0.6546803712844849
Sample 0,Chronos,0.3453196883201599
Sample 1,Timer,0.5988113284111023
Sample 1,Chronos,0.40118861198425293
Sample 2,TimesFM,0.5371145606040955
Sample 2,Time-MoE,0.46288546919822693
Sample 3,Timer,0.5855138897895813
Sample 3,Chronos,0.4144861102104187
Sample 4,Moirai,0.7606592774391174
Sample 4,Time-MoE,0.23934075236320496
Sample 5,Timer,0.5303425192832947
Sample 5,Chronos,0.4696574807167053
Sample 6,Chronos,0.5153337121009827
Sample 6,Timer,0.4846663475036621
Sample 7,Moirai,0.6220608949661255
Sample 7,TimesFM,0.3779391050338745
Sample 8,Moirai,0.5451220273971558
Sample 8,Chronos,0.45487797260284424
Sample 9,Timer,0.5981258749961853
Sample 9,Chronos,0.4018741548061371
Sample 10,TimesFM,0.6308572292327881
Sample 10,Chronos,0.3691428303718567
Sample 11,Timer,0.6012049317359924
Sample 11,Chronos,0.39879506826400757
Sample 12,Time-MoE,0.5303882360458374
Sample 12,TimesFM,0.4696117043495178
Sample 13,Timer,0.5105011463165283
Sample 13,Time-MoE,0.4894988536834717
Sample 14,Moirai,0.5330504775047302
Sample 14,Time-MoE,0.46694955229759216
Sample 15,Moirai,0.5261713266372681
Sample 15,TimesFM,0.4738287329673767
Sample 16,Moirai,0.6934733390808105
Sample 16,TimesFM,0.30652666091918945
Sample 17,Timer,0.6108654737472534
Sample 17,Chronos,0.3891345262527466
Sample 18,Moirai,0.688711941242218
Sample 18,TimesFM,0.3112880289554596
Sample 19,Timer,0.6004742383956909
Sample 19,Chronos,0.39952579140663147
Sample 20,Time-MoE,0.5052942037582397
Sample 20,Timer,0.49470579624176025
Sample 21,Timer,0.6284708976745605
Sample 21,Chronos,0.37152907252311707
Sample 22,Time-MoE,0.6173508167266846
Sample 22,Chronos,0.38264918327331543
Sample 23,Moirai,0.79319828748703
Sample 23,TimesFM,0.2068016678094864
Sample 24,Chronos,0.5067195296287537
Sample 24,Timer,0.49328047037124634
Sample 25,Timer,0.5988823771476746
Sample 25,Chronos,0.4011176526546478
Sample 26,Moirai,0.5195210576057434
Sample 26,TimesFM,0.4804789423942566
Sample 27,Timer,0.5463758111000061
Sample 27,Chronos,0.4536241888999939
Sample 28,Time-MoE,0.5776645541191101
Sample 28,TimesFM,0.4223354756832123
Sample 29,Timer,0.5455289483070374
Sample 29,Chronos,0.45447105169296265
Sample 30,TimesFM,0.5228134393692017
Sample 30,Time-MoE,0.47718656063079834
Sample 31,Moirai,0.591911256313324
Sample 31,Time-MoE,0.4080887734889984
Sample 0,Timer,0.5485231280326843
Sample 0,Chronos,0.4514768421649933
Sample 1,Timer,0.5649493336677551
Sample 1,Chronos,0.4350506663322449
Sample 2,TimesFM,0.5958026647567749
Sample 2,Time-MoE,0.4041973054409027
Sample 3,Timer,0.6397978067398071
Sample 3,Chronos,0.36020219326019287
Sample 4,Time-MoE,0.567661464214325
Sample 4,Moirai,0.4323385953903198
Sample 5,Timer,0.5721955299377441
Sample 5,TimesFM,0.42780447006225586
Sample 6,Timer,0.5765353441238403
Sample 6,Chronos,0.4234645962715149
Sample 7,Moirai,0.7297052145004272
Sample 7,Time-MoE,0.27029481530189514
Sample 8,Chronos,0.5189371705055237
Sample 8,Moirai,0.4810628294944763
Sample 9,Timer,0.5886567234992981
Sample 9,Chronos,0.4113432466983795
Sample 10,Time-MoE,0.5430289506912231
Sample 10,TimesFM,0.45697101950645447
Sample 11,Timer,0.6103135347366333
Sample 11,Chronos,0.3896865248680115
Sample 12,Moirai,0.5157751441001892
Sample 12,TimesFM,0.4842248260974884
Sample 13,Timer,0.5540251135826111
Sample 13,Chronos,0.4459748864173889
Sample 14,Timer,0.5092926621437073
Sample 14,Time-MoE,0.4907073974609375
Sample 15,Moirai,0.7989005446434021
Sample 15,TimesFM,0.20109951496124268
Sample 0,Chronos,0.5496905446052551
Sample 0,Moirai,0.4503094553947449
Sample 1,Timer,0.580923855304718
Sample 1,Chronos,0.419076144695282
Sample 2,Moirai,0.5922521948814392
Sample 2,Time-MoE,0.4077478349208832
Sample 3,Timer,0.5768170952796936
Sample 3,Chronos,0.4231829047203064
Sample 4,TimesFM,0.5826120376586914
Sample 4,Chronos,0.4173879325389862
Sample 5,Timer,0.5403685569763184
Sample 5,Chronos,0.45963144302368164
Sample 6,Time-MoE,0.55764240026474
Sample 6,Timer,0.44235759973526
Sample 7,Moirai,0.8004653453826904
Sample 7,TimesFM,0.19953466951847076
Sample 8,Chronos,0.5680649280548096
Sample 8,TimesFM,0.4319351017475128
Sample 9,Timer,0.5909097790718079
Sample 9,Chronos,0.4090902805328369
Sample 10,Time-MoE,0.5100561380386353
Sample 10,TimesFM,0.48994383215904236
Sample 11,Timer,0.5971041917800903
Sample 11,TimesFM,0.40289580821990967
Sample 12,Moirai,0.7273775935173035
Sample 12,TimesFM,0.27262240648269653
Sample 13,Timer,0.5631308555603027
Sample 13,Chronos,0.43686914443969727
Sample 14,Time-MoE,0.6535304188728333
Sample 14,Chronos,0.34646955132484436
Sample 15,Moirai,0.8060687780380249
Sample 15,TimesFM,0.1939311921596527
Sample 16,Moirai,0.5700255632400513
Sample 16,TimesFM,0.4299744665622711
Sample 17,Timer,0.574286699295044
Sample 17,Chronos,0.42571327090263367
Sample 18,TimesFM,0.5042538046836853
Sample 18,Moirai,0.4957461953163147
Sample 19,Timer,0.5805513858795166
Sample 19,Chronos,0.4194486141204834
Sample 20,TimesFM,0.5005501508712769
Sample 20,Chronos,0.49944984912872314
Sample 21,Timer,0.5899760723114014
Sample 21,TimesFM,0.41002386808395386
Sample 22,Time-MoE,0.5825769305229187
Sample 22,Chronos,0.4174230694770813
Sample 23,TimesFM,0.5012744069099426
Sample 23,Moirai,0.498725563287735
Sample 24,Moirai,0.7352496385574341
Sample 24,TimesFM,0.2647503614425659
Sample 25,Timer,0.5982393622398376
Sample 25,Chronos,0.40176063776016235
Sample 26,Timer,0.5625799894332886
Sample 26,Chronos,0.4374200105667114
Sample 27,Timer,0.5293152928352356
Sample 27,TimesFM,0.4706847071647644
Sample 28,Moirai,0.7091702818870544
Sample 28,Time-MoE,0.29082971811294556
Sample 29,Timer,0.5472201704978943
Sample 29,TimesFM,0.4527798295021057
Sample 30,Time-MoE,0.5401943922042847
Sample 30,TimesFM,0.45980560779571533
Sample 31,Moirai,0.7575893402099609
Sample 31,Time-MoE,0.24241065979003906
Sample 0,Timer,0.5275238156318665
Sample 0,Chronos,0.47247621417045593
Sample 1,Timer,0.5526841282844543
Sample 1,Chronos,0.44731587171554565
Sample 2,Moirai,0.5017456412315369
Sample 2,Time-MoE,0.4982543885707855
Sample 3,Timer,0.6048315167427063
Sample 3,Chronos,0.3951685130596161
Sample 4,Moirai,0.5532112717628479
Sample 4,Time-MoE,0.4467886984348297
Sample 5,Timer,0.5473974943161011
Sample 5,TimesFM,0.4526025354862213
Sample 6,Timer,0.510749876499176
Sample 6,Time-MoE,0.489250123500824
Sample 7,Moirai,0.789198637008667
Sample 7,TimesFM,0.21080131828784943
Sample 8,Chronos,0.5572795271873474
Sample 8,TimesFM,0.442720502614975
Sample 9,Timer,0.5724573135375977
Sample 9,Chronos,0.42754268646240234
Sample 10,Chronos,0.5118656754493713
Sample 10,Timer,0.4881342947483063
Sample 11,Timer,0.5543003082275391
Sample 11,Chronos,0.44569969177246094
Sample 12,TimesFM,0.5437989830970764
Sample 12,Moirai,0.4562010169029236
Sample 13,Timer,0.5856693983078003
Sample 13,Chronos,0.4143306314945221
Sample 14,Timer,0.5289207696914673
Sample 14,Time-MoE,0.4710792303085327
Sample 15,Moirai,0.6946307420730591
Sample 15,Time-MoE,0.30536922812461853
Sample 16,Chronos,0.5385268330574036
Sample 16,Moirai,0.46147316694259644
Sample 17,Timer,0.5732236504554749
Sample 17,Chronos,0.42677628993988037
Sample 18,Time-MoE,0.6348625421524048
Sample 18,Moirai,0.3651374876499176
Sample 19,Timer,0.5890278816223145
Sample 19,Chronos,0.41097205877304077
Sample 20,TimesFM,0.5739811658859253
Sample 20,Timer,0.4260188341140747
Sample 21,Timer,0.5659606456756592
Sample 21,Chronos,0.4340393543243408
Sample 22,Time-MoE,0.5947934985160828
Sample 22,Chronos,0.4052065312862396
Sample 23,Moirai,0.7738621830940247
Sample 23,Time-MoE,0.22613780200481415
Sample 24,Chronos,0.5703575015068054
Sample 24,TimesFM,0.4296424686908722
Sample 25,Timer,0.605075478553772
Sample 25,Chronos,0.394924521446228
Sample 26,TimesFM,0.526593029499054
Sample 26,Chronos,0.47340697050094604
Sample 27,Timer,0.6043251752853394
Sample 27,TimesFM,0.39567482471466064
Sample 28,Moirai,0.8059465885162354
Sample 28,Time-MoE,0.19405345618724823
Sample 29,Timer,0.612156331539154
Sample 29,Chronos,0.38784363865852356
Sample 30,Time-MoE,0.588058352470398
Sample 30,Timer,0.41194167733192444
Sample 31,Moirai,0.799483060836792
Sample 31,TimesFM,0.2005169838666916
Sample 0,Moirai,0.7242946624755859
Sample 0,TimesFM,0.2757053077220917
Sample 1,Timer,0.5674852728843689
Sample 1,Chronos,0.4325146973133087
Sample 2,Timer,0.520092248916626
Sample 2,TimesFM,0.4799078106880188
Sample 3,Timer,0.569038987159729
Sample 3,Chronos,0.4309609830379486
Sample 4,Moirai,0.5962095260620117
Sample 4,TimesFM,0.4037904739379883
Sample 5,TimesFM,0.5009676814079285
Sample 5,Time-MoE,0.49903231859207153
Sample 6,Time-MoE,0.5414068698883057
Sample 6,Timer,0.4585931599140167
Sample 7,Moirai,0.6293711066246033
Sample 7,TimesFM,0.3706289231777191
Sample 8,Moirai,0.7735259532928467
Sample 8,Chronos,0.2264740914106369
Sample 9,Timer,0.5869346857070923
Sample 9,Chronos,0.4130652844905853
Sample 10,Chronos,0.503940224647522
Sample 10,Timer,0.496059775352478
Sample 11,Timer,0.6632372140884399
Sample 11,TimesFM,0.33676278591156006
Sample 12,Moirai,0.7803357839584351
Sample 12,Time-MoE,0.21966424584388733
Sample 13,Timer,0.5925982594490051
Sample 13,Chronos,0.40740177035331726
Sample 14,Time-MoE,0.5157333612442017
Sample 14,Chronos,0.4842666685581207
Sample 15,Moirai,0.7672674655914307
Sample 15,Time-MoE,0.23273256421089172
Sample 16,Timer,0.5195992588996887
Sample 16,Chronos,0.48040077090263367
Sample 17,Timer,0.5945692658424377
Sample 17,Chronos,0.40543076395988464
Sample 18,Moirai,0.6252506375312805
Sample 18,Time-MoE,0.3747493624687195
Sample 19,Timer,0.5198342204093933
Sample 19,Chronos,0.4801658093929291
Sample 20,Moirai,0.7719634771347046
Sample 20,Time-MoE,0.2280365228652954
Sample 21,Timer,0.6067703366279602
Sample 21,TimesFM,0.3932296335697174
Sample 22,Chronos,0.5492000579833984
Sample 22,Time-MoE,0.4507999122142792
Sample 23,Time-MoE,0.585527777671814
Sample 23,Timer,0.4144722819328308
Sample 24,Moirai,0.810549259185791
Sample 24,TimesFM,0.18945075571537018
Sample 25,Timer,0.5727447867393494
Sample 25,Chronos,0.42725521326065063
Sample 26,Moirai,0.5506862998008728
Sample 26,Chronos,0.4493136405944824
Sample 27,Timer,0.5350071787834167
Sample 27,TimesFM,0.46499282121658325
Sample 28,Moirai,0.744386613368988
Sample 28,Time-MoE,0.25561341643333435
Sample 29,Timer,0.5957120060920715
Sample 29,Chronos,0.40428799390792847
Sample 30,Time-MoE,0.5805912613868713
Sample 30,Chronos,0.4194086790084839
Sample 31,Moirai,0.8046737313270569
Sample 31,Time-MoE,0.1953262835741043
Sample 0,Moirai,0.7257558107376099
Sample 0,TimesFM,0.2742442190647125
Sample 1,Timer,0.5775951147079468
Sample 1,Chronos,0.4224049150943756
Sample 2,Timer,0.5470036864280701
Sample 2,TimesFM,0.4529963433742523
Sample 3,Timer,0.598217248916626
Sample 3,Chronos,0.401782751083374
Sample 4,Chronos,0.5237047076225281
Sample 4,Timer,0.47629526257514954
Sample 5,Timer,0.6413900256156921
Sample 5,Chronos,0.35860997438430786
Sample 6,Time-MoE,0.5147915482521057
Sample 6,TimesFM,0.4852084517478943
Sample 7,Moirai,0.5292463302612305
Sample 7,TimesFM,0.4707536995410919
Sample 8,Moirai,0.6258634924888611
Sample 8,Chronos,0.3741365075111389
Sample 9,Timer,0.5482433438301086
Sample 9,Chronos,0.4517565965652466
Sample 10,Time-MoE,0.5532268285751343
Sample 10,Moirai,0.4467732012271881
Sample 11,Timer,0.6054509878158569
Sample 11,TimesFM,0.3945489823818207
Sample 12,Moirai,0.8307197690010071
Sample 12,TimesFM,0.1692803055047989
Sample 13,TimesFM,0.5014923810958862
Sample 13,Timer,0.49850761890411377
Sample 14,Time-MoE,0.6581640839576721
Sample 14,Chronos,0.34183594584465027
Sample 15,Moirai,0.7617437243461609
Sample 15,TimesFM,0.23825626075267792
Sample 16,Moirai,0.6575872898101807
Sample 16,Chronos,0.34241268038749695
Sample 17,Timer,0.5412845015525818
Sample 17,TimesFM,0.4587154984474182
Sample 18,Moirai,0.6038323640823364
Sample 18,TimesFM,0.39616769552230835
Sample 19,Timer,0.5292147397994995
Sample 19,TimesFM,0.4707852900028229
Sample 20,Moirai,0.7841123342514038
Sample 20,Time-MoE,0.2158876210451126
Sample 21,TimesFM,0.501544713973999
Sample 21,Time-MoE,0.4984552562236786
Sample 22,Time-MoE,0.5043853521347046
Sample 22,TimesFM,0.4956146478652954
Sample 23,Moirai,0.769383430480957
Sample 23,TimesFM,0.23061659932136536
Sample 24,Moirai,0.7943129539489746
Sample 24,Chronos,0.2056870460510254
Sample 25,Timer,0.5752184391021729
Sample 25,Chronos,0.42478156089782715
Sample 26,Moirai,0.6965342164039612
Sample 26,Time-MoE,0.3034658432006836
Sample 27,Timer,0.6064062714576721
Sample 27,TimesFM,0.3935936987400055
Sample 28,Moirai,0.8380606174468994
Sample 28,Time-MoE,0.16193942725658417
Sample 29,Timer,0.5325605869293213
Sample 29,Time-MoE,0.4674394130706787
Sample 30,Time-MoE,0.509377121925354
Sample 30,TimesFM,0.4906228482723236
Sample 31,Moirai,0.8294713497161865
Sample 31,TimesFM,0.1705286055803299
Sample 0,Chronos,0.5572704076766968
Sample 0,Moirai,0.44272956252098083
Sample 1,Timer,0.5566951036453247
Sample 1,Chronos,0.4433048963546753
Sample 2,Time-MoE,0.5150441527366638
Sample 2,TimesFM,0.4849558174610138
Sample 3,Timer,0.5971939563751221
Sample 3,TimesFM,0.40280604362487793
Sample 4,TimesFM,0.602148711681366
Sample 4,Chronos,0.39785128831863403
Sample 5,Timer,0.5296010971069336
Sample 5,TimesFM,0.470398873090744
Sample 6,Timer,0.5222072601318359
Sample 6,Chronos,0.47779276967048645
Sample 7,Moirai,0.6499735713005066
Sample 7,TimesFM,0.3500264585018158
Sample 8,Chronos,0.5358774662017822
Sample 8,TimesFM,0.4641225337982178
Sample 9,Timer,0.5779436230659485
Sample 9,Chronos,0.4220564067363739
Sample 10,Moirai,0.6359708309173584
Sample 10,Time-MoE,0.3640291094779968
Sample 11,Timer,0.5298170447349548
Sample 11,TimesFM,0.47018295526504517
Sample 12,Moirai,0.6262792348861694
Sample 12,TimesFM,0.37372082471847534
Sample 13,Timer,0.5750203132629395
Sample 13,TimesFM,0.42497971653938293
Sample 14,Time-MoE,0.6682197451591492
Sample 14,TimesFM,0.33178025484085083
Sample 15,Time-MoE,0.5350356101989746
Sample 15,Timer,0.464964359998703
Sample 16,Timer,0.5088095664978027
Sample 16,Chronos,0.49119046330451965
Sample 17,Timer,0.5377745628356934
Sample 17,TimesFM,0.46222546696662903
Sample 18,TimesFM,0.5640192031860352
Sample 18,Chronos,0.43598079681396484
Sample 19,Timer,0.5460018515586853
Sample 19,Time-MoE,0.4539981484413147
Sample 20,Moirai,0.7922409772872925
Sample 20,Time-MoE,0.2077590376138687
Sample 21,Timer,0.52152419090271
Sample 21,TimesFM,0.47847577929496765
Sample 22,Time-MoE,0.5147396922111511
Sample 22,Chronos,0.48526033759117126
Sample 23,Moirai,0.7907161712646484
Sample 23,Time-MoE,0.20928390324115753
Sample 24,Moirai,0.6382418274879456
Sample 24,Chronos,0.36175820231437683
Sample 25,Timer,0.5879690051078796
Sample 25,Chronos,0.41203102469444275
Sample 26,TimesFM,0.6675326824188232
Sample 26,Time-MoE,0.33246731758117676
Sample 27,Timer,0.5891028046607971
Sample 27,TimesFM,0.4108971953392029
Sample 28,Moirai,0.8103629946708679
Sample 28,Time-MoE,0.1896369606256485
Sample 29,Time-MoE,0.5039481520652771
Sample 29,Chronos,0.4960518181324005
Sample 30,TimesFM,0.5051756501197815
Sample 30,Timer,0.4948243796825409
Sample 31,Moirai,0.6939088106155396
Sample 31,TimesFM,0.3060912489891052
Sample 0,Moirai,0.7721621990203857
Sample 0,Chronos,0.22783780097961426
Sample 1,Timer,0.5588504076004028
Sample 1,Chronos,0.44114965200424194
Sample 2,TimesFM,0.5934256315231323
Sample 2,Time-MoE,0.40657439827919006
Sample 3,Timer,0.5555332899093628
Sample 3,TimesFM,0.4444667398929596
Sample 4,Moirai,0.7985160946846008
Sample 4,Time-MoE,0.20148395001888275
Sample 5,Chronos,0.5166937708854675
Sample 5,TimesFM,0.48330622911453247
Sample 6,Time-MoE,0.5400181412696838
Sample 6,Chronos,0.45998185873031616
Sample 7,Moirai,0.6475866436958313
Sample 7,TimesFM,0.3524133563041687
Sample 8,Moirai,0.6618691086769104
Sample 8,Chronos,0.3381308913230896
Sample 9,Timer,0.5526596903800964
Sample 9,Chronos,0.4473402798175812
Sample 10,TimesFM,0.6923267841339111
Sample 10,Chronos,0.30767324566841125
Sample 11,Timer,0.5722898244857788
Sample 11,Chronos,0.4277101457118988
Sample 12,Time-MoE,0.5267999172210693
Sample 12,TimesFM,0.47320011258125305
Sample 13,Timer,0.5763790607452393
Sample 13,Time-MoE,0.42362090945243835
Sample 14,Moirai,0.5537101626396179
Sample 14,Time-MoE,0.4462898075580597
Sample 15,Moirai,0.5633147954940796
Sample 15,TimesFM,0.4366852045059204
Sample 16,Moirai,0.7876942753791809
Sample 16,TimesFM,0.2123057246208191
Sample 17,Timer,0.5631729364395142
Sample 17,Chronos,0.43682706356048584
Sample 18,Moirai,0.7301313877105713
Sample 18,TimesFM,0.2698686420917511
Sample 19,Timer,0.5640907883644104
Sample 19,Chronos,0.4359092116355896
Sample 20,Time-MoE,0.5509219169616699
Sample 20,Timer,0.4490780532360077
Sample 21,Timer,0.5835227966308594
Sample 21,TimesFM,0.4164772033691406
Sample 22,Time-MoE,0.6836164593696594
Sample 22,TimesFM,0.3163835406303406
Sample 23,Moirai,0.8258687257766724
Sample 23,TimesFM,0.17413125932216644
Sample 24,Chronos,0.5606768131256104
Sample 24,TimesFM,0.43932315707206726
Sample 25,Timer,0.561905026435852
Sample 25,Chronos,0.4380950331687927
Sample 26,Moirai,0.5495051145553589
Sample 26,Time-MoE,0.45049482583999634
Sample 27,Timer,0.5100725293159485
Sample 27,Chronos,0.4899275004863739
Sample 28,Time-MoE,0.6230872869491577
Sample 28,TimesFM,0.3769127130508423
Sample 29,Time-MoE,0.5088682770729065
Sample 29,Timer,0.4911317229270935
Sample 30,Time-MoE,0.5187295079231262
Sample 30,Moirai,0.4812704920768738
Sample 31,Moirai,0.5383938550949097
Sample 31,Time-MoE,0.4616061747074127
Sample 0,Timer,0.5006638765335083
Sample 0,Chronos,0.4993361234664917
Sample 1,Timer,0.5644875764846802
Sample 1,Chronos,0.43551239371299744
Sample 2,TimesFM,0.527040958404541
Sample 2,Time-MoE,0.472959041595459
Sample 3,Timer,0.6547514796257019
Sample 3,Chronos,0.3452485203742981
Sample 4,Time-MoE,0.643359363079071
Sample 4,Moirai,0.35664060711860657
Sample 5,Timer,0.5333035588264465
Sample 5,TimesFM,0.46669644117355347
Sample 6,Timer,0.5383213758468628
Sample 6,Time-MoE,0.4616785943508148
Sample 7,Moirai,0.7574718594551086
Sample 7,TimesFM,0.24252811074256897
Sample 8,Moirai,0.644424319267273
Sample 8,Chronos,0.35557571053504944
Sample 9,Timer,0.5724602341651917
Sample 9,Chronos,0.42753973603248596
Sample 10,Time-MoE,0.5920137166976929
Sample 10,TimesFM,0.40798625349998474
Sample 11,Timer,0.6211109757423401
Sample 11,Chronos,0.3788890540599823
Sample 12,Moirai,0.5229580402374268
Sample 12,TimesFM,0.47704198956489563
Sample 13,Timer,0.5333220362663269
Sample 13,TimesFM,0.4666779935359955
Sample 14,Time-MoE,0.6007803082466125
Sample 14,Timer,0.39921972155570984
Sample 15,Moirai,0.8202993273735046
Sample 15,TimesFM,0.17970071732997894
Sample 0,Moirai,0.6275835633277893
Sample 0,Chronos,0.37241649627685547
Sample 1,Timer,0.5846849083900452
Sample 1,Chronos,0.4153151214122772
Sample 2,Moirai,0.5835897326469421
Sample 2,Time-MoE,0.41641026735305786
Sample 3,Timer,0.5942498445510864
Sample 3,TimesFM,0.4057501256465912
Sample 4,TimesFM,0.6275545358657837
Sample 4,Chronos,0.3724454641342163
Sample 5,Timer,0.5323415994644165
Sample 5,Chronos,0.4676584303379059
Sample 6,Time-MoE,0.669765055179596
Sample 6,Timer,0.33023497462272644
Sample 7,Moirai,0.8131216168403625
Sample 7,TimesFM,0.18687839806079865
Sample 8,Chronos,0.5224820971488953
Sample 8,Moirai,0.47751787304878235
Sample 9,Timer,0.5927078127861023
Sample 9,Chronos,0.4072921574115753
Sample 10,Time-MoE,0.5985227227210999
Sample 10,TimesFM,0.4014773368835449
Sample 11,Timer,0.6030330061912537
Sample 11,TimesFM,0.39696696400642395
Sample 12,Moirai,0.7392886281013489
Sample 12,TimesFM,0.2607114315032959
Sample 13,Timer,0.5592823624610901
Sample 13,TimesFM,0.4407176375389099
Sample 14,Time-MoE,0.7536897659301758
Sample 14,Chronos,0.2463102638721466
Sample 15,Moirai,0.8178642392158508
Sample 15,TimesFM,0.18213573098182678
Sample 16,Moirai,0.6765671372413635
Sample 16,TimesFM,0.3234328329563141
Sample 17,Timer,0.5654721260070801
Sample 17,Chronos,0.43452784419059753
Sample 18,Moirai,0.503917396068573
Sample 18,TimesFM,0.496082603931427
Sample 19,Timer,0.5927830934524536
Sample 19,Chronos,0.4072169065475464
Sample 20,Chronos,0.5234694480895996
Sample 20,TimesFM,0.4765305817127228
Sample 21,Timer,0.6072635650634766
Sample 21,TimesFM,0.39273637533187866
Sample 22,Time-MoE,0.6610035300254822
Sample 22,Timer,0.3389965295791626
Sample 23,TimesFM,0.5178840756416321
Sample 23,Moirai,0.4821159243583679
Sample 24,Moirai,0.8148536086082458
Sample 24,TimesFM,0.18514645099639893
Sample 25,Timer,0.6014018654823303
Sample 25,Chronos,0.39859819412231445
Sample 26,Timer,0.5255979895591736
Sample 26,Chronos,0.4744020104408264
Sample 27,TimesFM,0.515354573726654
Sample 27,Timer,0.48464539647102356
Sample 28,Moirai,0.649699866771698
Sample 28,TimesFM,0.3503001630306244
Sample 29,Timer,0.542766809463501
Sample 29,TimesFM,0.45723313093185425
Sample 30,Time-MoE,0.6430346369743347
Sample 30,Chronos,0.3569653332233429
Sample 31,Moirai,0.7902508974075317
Sample 31,Chronos,0.20974908769130707
Sample 0,Moirai,0.58559250831604
Sample 0,Timer,0.41440749168395996
Sample 1,Timer,0.5450137257575989
Sample 1,Chronos,0.45498624444007874
Sample 2,Time-MoE,0.5223497748374939
Sample 2,Moirai,0.4776502549648285
Sample 3,Timer,0.6247285604476929
Sample 3,Chronos,0.37527137994766235
Sample 4,Moirai,0.5472760796546936
Sample 4,Time-MoE,0.4527239203453064
Sample 5,Timer,0.5507327318191528
Sample 5,Chronos,0.44926726818084717
Sample 6,Time-MoE,0.6290286183357239
Sample 6,Timer,0.3709713816642761
Sample 7,Moirai,0.7932885885238647
Sample 7,TimesFM,0.20671142637729645
Sample 8,Chronos,0.5716825127601624
Sample 8,TimesFM,0.42831748723983765
Sample 9,Timer,0.574313759803772
Sample 9,Chronos,0.42568621039390564
Sample 10,Chronos,0.5118014812469482
Sample 10,Timer,0.48819851875305176
Sample 11,Timer,0.5443907976150513
Sample 11,Chronos,0.45560917258262634
Sample 12,TimesFM,0.5811767578125
Sample 12,Moirai,0.4188232123851776
Sample 13,Timer,0.5904466509819031
Sample 13,Chronos,0.4095533788204193
Sample 14,Time-MoE,0.5590606927871704
Sample 14,Timer,0.440939337015152
Sample 15,Moirai,0.7164208889007568
Sample 15,TimesFM,0.28357914090156555
Sample 16,Moirai,0.6053647398948669
Sample 16,Chronos,0.39463523030281067
Sample 17,Timer,0.5702646374702454
Sample 17,Chronos,0.42973530292510986
Sample 18,Time-MoE,0.6821322441101074
Sample 18,Moirai,0.3178677558898926
Sample 19,Timer,0.6025254726409912
Sample 19,Chronos,0.3974745571613312
Sample 20,TimesFM,0.5944754481315613
Sample 20,Chronos,0.4055245518684387
Sample 21,Timer,0.5644950270652771
Sample 21,Chronos,0.4355049729347229
Sample 22,Time-MoE,0.7343940138816833
Sample 22,Chronos,0.26560598611831665
Sample 23,Moirai,0.8031640648841858
Sample 23,TimesFM,0.19683589041233063
Sample 24,Chronos,0.5762933492660522
Sample 24,TimesFM,0.42370665073394775
Sample 25,Timer,0.6141891479492188
Sample 25,Time-MoE,0.38581082224845886
Sample 26,Time-MoE,0.5883218050003052
Sample 26,TimesFM,0.4116782248020172
Sample 27,Timer,0.6346554160118103
Sample 27,TimesFM,0.3653445839881897
Sample 28,Moirai,0.8129902482032776
Sample 28,Timer,0.1870097517967224
Sample 29,Timer,0.6243999004364014
Sample 29,Chronos,0.37560003995895386
Sample 30,Time-MoE,0.6952870488166809
Sample 30,Timer,0.3047128915786743
Sample 31,Moirai,0.7903903722763062
Sample 31,TimesFM,0.20960962772369385
Sample 0,Moirai,0.7753791213035583
Sample 0,TimesFM,0.22462092339992523
Sample 1,Timer,0.5833848714828491
Sample 1,Chronos,0.4166150987148285
Sample 2,Timer,0.5996515154838562
Sample 2,Chronos,0.400348424911499
Sample 3,Timer,0.5955801606178284
Sample 3,Chronos,0.4044198989868164
Sample 4,Moirai,0.6018578410148621
Sample 4,TimesFM,0.39814212918281555
Sample 5,Time-MoE,0.6247826218605042
Sample 5,TimesFM,0.37521737813949585
Sample 6,Time-MoE,0.6245478391647339
Sample 6,Timer,0.3754521608352661
Sample 7,Moirai,0.643765389919281
Sample 7,TimesFM,0.3562345802783966
Sample 8,Moirai,0.8144495487213135
Sample 8,TimesFM,0.18555045127868652
Sample 9,Timer,0.6031294465065002
Sample 9,Chronos,0.39687055349349976
Sample 10,Timer,0.5067793726921082
Sample 10,Chronos,0.49322062730789185
Sample 11,Timer,0.6926161646842957
Sample 11,TimesFM,0.30738383531570435
Sample 12,Moirai,0.7997769713401794
Sample 12,TimesFM,0.20022302865982056
Sample 13,Timer,0.6121116280555725
Sample 13,Chronos,0.3878883421421051
Sample 14,Time-MoE,0.6202538013458252
Sample 14,Chronos,0.3797461688518524
Sample 15,Moirai,0.7444055676460266
Sample 15,TimesFM,0.255594402551651
Sample 16,Timer,0.5232444405555725
Sample 16,Chronos,0.4767554998397827
Sample 17,Timer,0.5699864625930786
Sample 17,Time-MoE,0.430013507604599
Sample 18,Moirai,0.6135206818580627
Sample 18,Time-MoE,0.38647931814193726
Sample 19,Timer,0.5007181167602539
Sample 19,Chronos,0.4992818832397461
Sample 20,Moirai,0.7638329267501831
Sample 20,Timer,0.2361670881509781
Sample 21,Timer,0.6392790675163269
Sample 21,Chronos,0.3607209026813507
Sample 22,Time-MoE,0.6212325692176819
Sample 22,Chronos,0.37876737117767334
Sample 23,Time-MoE,0.5637619495391846
Sample 23,Timer,0.43623805046081543
Sample 24,Moirai,0.8260537981987
Sample 24,TimesFM,0.17394621670246124
Sample 25,Timer,0.5922953486442566
Sample 25,Chronos,0.407704621553421
Sample 26,Moirai,0.6020277738571167
Sample 26,Time-MoE,0.3979722559452057
Sample 27,Timer,0.5752158761024475
Sample 27,TimesFM,0.4247840642929077
Sample 28,Moirai,0.7548456192016602
Sample 28,TimesFM,0.24515432119369507
Sample 29,Timer,0.617178201675415
Sample 29,Chronos,0.38282185792922974
Sample 30,Time-MoE,0.709138035774231
Sample 30,Chronos,0.29086199402809143
Sample 31,Moirai,0.7866721153259277
Sample 31,TimesFM,0.21332791447639465
Sample 0,Moirai,0.764249324798584
Sample 0,TimesFM,0.23575064539909363
Sample 1,Timer,0.608737587928772
Sample 1,Chronos,0.391262412071228
Sample 2,Timer,0.554238498210907
Sample 2,TimesFM,0.44576147198677063
Sample 3,Timer,0.6347663402557373
Sample 3,Chronos,0.3652336597442627
Sample 4,Chronos,0.5372694134712219
Sample 4,Timer,0.4627305865287781
Sample 5,Timer,0.6942793726921082
Sample 5,Moirai,0.30572065711021423
Sample 6,Time-MoE,0.601978063583374
Sample 6,Timer,0.3980218768119812
Sample 7,Moirai,0.5262786149978638
Sample 7,TimesFM,0.47372138500213623
Sample 8,Moirai,0.7899926900863647
Sample 8,Chronos,0.21000725030899048
Sample 9,Timer,0.5704929232597351
Sample 9,Chronos,0.4295071065425873
Sample 10,Time-MoE,0.5811312794685364
Sample 10,Moirai,0.41886869072914124
Sample 11,Timer,0.6138190627098083
Sample 11,Time-MoE,0.38618093729019165
Sample 12,Moirai,0.8080124855041504
Sample 12,TimesFM,0.191987544298172
Sample 13,Time-MoE,0.5187510251998901
Sample 13,Timer,0.48124897480010986
Sample 14,Time-MoE,0.7762478590011597
Sample 14,Timer,0.22375208139419556
Sample 15,Moirai,0.7317669987678528
Sample 15,TimesFM,0.26823297142982483
Sample 16,Moirai,0.776346743106842
Sample 16,TimesFM,0.22365327179431915
Sample 17,Time-MoE,0.5280144810676575
Sample 17,Timer,0.47198551893234253
Sample 18,Moirai,0.5884390473365784
Sample 18,TimesFM,0.41156092286109924
Sample 19,Timer,0.5927124619483948
Sample 19,TimesFM,0.4072875380516052
Sample 20,Moirai,0.7795400023460388
Sample 20,TimesFM,0.2204599678516388
Sample 21,Time-MoE,0.6512024402618408
Sample 21,Timer,0.3487975597381592
Sample 22,Time-MoE,0.6194100975990295
Sample 22,TimesFM,0.38058987259864807
Sample 23,Moirai,0.7349475622177124
Sample 23,TimesFM,0.2650523781776428
Sample 24,Moirai,0.8276322484016418
Sample 24,TimesFM,0.17236781120300293
Sample 25,Timer,0.5358995199203491
Sample 25,Time-MoE,0.4641004204750061
Sample 26,Moirai,0.7110902667045593
Sample 26,Time-MoE,0.2889097332954407
Sample 27,Timer,0.5929102301597595
Sample 27,Time-MoE,0.40708979964256287
Sample 28,Moirai,0.8393927812576294
Sample 28,TimesFM,0.1606072187423706
Sample 29,Time-MoE,0.5339368581771851
Sample 29,Timer,0.46606314182281494
Sample 30,Time-MoE,0.6843643188476562
Sample 30,Chronos,0.31563571095466614
Sample 31,Moirai,0.8066508173942566
Sample 31,TimesFM,0.1933491826057434
Sample 0,Moirai,0.6475234627723694
Sample 0,Chronos,0.3524765372276306
Sample 1,Timer,0.5717249512672424
Sample 1,Time-MoE,0.4282750189304352
Sample 2,Time-MoE,0.6149341464042664
Sample 2,Timer,0.3850659132003784
Sample 3,Timer,0.6285428404808044
Sample 3,Chronos,0.37145712971687317
Sample 4,TimesFM,0.6234661936759949
Sample 4,Chronos,0.3765338063240051
Sample 5,Time-MoE,0.5447966456413269
Sample 5,Timer,0.4552033245563507
Sample 6,Time-MoE,0.5881040096282959
Sample 6,Timer,0.4118959903717041
Sample 7,Moirai,0.6475996375083923
Sample 7,TimesFM,0.3524003326892853
Sample 8,Moirai,0.5677597522735596
Sample 8,Chronos,0.43224021792411804
Sample 9,Timer,0.6003819704055786
Sample 9,Chronos,0.399617999792099
Sample 10,Moirai,0.663983166217804
Sample 10,Time-MoE,0.33601686358451843
Sample 11,Timer,0.5094166398048401
Sample 11,TimesFM,0.49058330059051514
Sample 12,Moirai,0.616867184638977
Sample 12,TimesFM,0.3831327557563782
Sample 13,Timer,0.6257343888282776
Sample 13,TimesFM,0.3742656409740448
Sample 14,Time-MoE,0.7868281602859497
Sample 14,Chronos,0.2131718546152115
Sample 15,Timer,0.5185349583625793
Sample 15,Time-MoE,0.48146504163742065
Sample 16,Timer,0.5367367267608643
Sample 16,Chronos,0.46326324343681335
Sample 17,Time-MoE,0.5599360466003418
Sample 17,Timer,0.4400639235973358
Sample 18,Time-MoE,0.5573119521141052
Sample 18,TimesFM,0.44268810749053955
Sample 19,Timer,0.5269285440444946
Sample 19,Time-MoE,0.4730713963508606
Sample 20,Moirai,0.7905324101448059
Sample 20,TimesFM,0.20946763455867767
Sample 21,Timer,0.5475994348526001
Sample 21,Time-MoE,0.4524005949497223
Sample 22,Time-MoE,0.68168044090271
Sample 22,Chronos,0.31831952929496765
Sample 23,Moirai,0.7529062628746033
Sample 23,TimesFM,0.24709376692771912
Sample 24,Moirai,0.7931093573570251
Sample 24,Chronos,0.20689068734645844
Sample 25,Timer,0.6111292243003845
Sample 25,Chronos,0.38887080550193787
Sample 26,TimesFM,0.6427558660507202
Sample 26,Time-MoE,0.3572441339492798
Sample 27,Timer,0.6285433173179626
Sample 27,Time-MoE,0.37145665287971497
Sample 28,Moirai,0.7824950218200684
Sample 28,TimesFM,0.21750494837760925
Sample 29,Time-MoE,0.6101047396659851
Sample 29,Chronos,0.38989531993865967
Sample 30,Time-MoE,0.6412100195884705
Sample 30,Timer,0.3587900400161743
Sample 31,Moirai,0.6967008709907532
Sample 31,TimesFM,0.3032991290092468
Sample 0,Moirai,0.8774625062942505
Sample 0,Chronos,0.12253754585981369
Sample 1,Timer,0.5610585808753967
Sample 1,Time-MoE,0.43894141912460327
Sample 2,TimesFM,0.634765625
Sample 2,Time-MoE,0.3652344048023224
Sample 3,Timer,0.5625046491622925
Sample 3,Time-MoE,0.43749532103538513
Sample 4,Moirai,0.8063432574272156
Sample 4,TimesFM,0.193656787276268
Sample 5,Time-MoE,0.5944816470146179
Sample 5,Chronos,0.4055183231830597
Sample 6,Time-MoE,0.6773523688316345
Sample 6,Chronos,0.3226476013660431
Sample 7,Moirai,0.6181812286376953
Sample 7,TimesFM,0.3818187713623047
Sample 8,Moirai,0.7712143659591675
Sample 8,TimesFM,0.22878560423851013
Sample 9,Timer,0.5676419138908386
Sample 9,Time-MoE,0.43235811591148376
Sample 10,TimesFM,0.6560974717140198
Sample 10,Time-MoE,0.34390249848365784
Sample 11,Timer,0.6033809781074524
Sample 11,Chronos,0.39661896228790283
Sample 12,Time-MoE,0.5296382904052734
Sample 12,TimesFM,0.47036173939704895
Sample 13,Timer,0.6069719195365906
Sample 13,Time-MoE,0.3930280804634094
Sample 14,Moirai,0.5468701124191284
Sample 14,Time-MoE,0.4531298577785492
Sample 15,Moirai,0.5711347460746765
Sample 15,TimesFM,0.4288652837276459
Sample 16,Moirai,0.8167902827262878
Sample 16,TimesFM,0.18320970237255096
Sample 17,Timer,0.5872640609741211
Sample 17,Chronos,0.4127359390258789
Sample 18,Moirai,0.7035820484161377
Sample 18,TimesFM,0.2964179515838623
Sample 19,Timer,0.5891505479812622
Sample 19,Chronos,0.4108494818210602
Sample 20,Time-MoE,0.6313627362251282
Sample 20,Timer,0.3686372637748718
Sample 21,Timer,0.6152207851409912
Sample 21,Chronos,0.3847792148590088
Sample 22,Time-MoE,0.815369725227356
Sample 22,TimesFM,0.18463021516799927
Sample 23,Moirai,0.7916006445884705
Sample 23,TimesFM,0.20839937031269073
Sample 24,Chronos,0.5031182169914246
Sample 24,Moirai,0.4968818128108978
Sample 25,Timer,0.560661792755127
Sample 25,Time-MoE,0.4393382668495178
Sample 26,Moirai,0.5387724041938782
Sample 26,Time-MoE,0.46122753620147705
Sample 27,Time-MoE,0.5285515785217285
Sample 27,Timer,0.47144845128059387
Sample 28,Time-MoE,0.6473960876464844
Sample 28,Chronos,0.35260388255119324
Sample 29,Time-MoE,0.6340962052345276
Sample 29,Timer,0.3659038245677948
Sample 30,Time-MoE,0.5921371579170227
Sample 30,Moirai,0.4078628420829773
Sample 31,Moirai,0.516744077205658
Sample 31,Time-MoE,0.48325595259666443
Sample 0,Timer,0.5469738245010376
Sample 0,Chronos,0.45302614569664
Sample 1,Time-MoE,0.5038275718688965
Sample 1,Timer,0.49617239832878113
Sample 2,Time-MoE,0.5754805207252502
Sample 2,TimesFM,0.42451944947242737
Sample 3,Timer,0.683000385761261
Sample 3,Chronos,0.316999614238739
Sample 4,Time-MoE,0.664942741394043
Sample 4,TimesFM,0.33505719900131226
Sample 5,Timer,0.5965492725372314
Sample 5,Chronos,0.40345072746276855
Sample 6,Time-MoE,0.5398491621017456
Sample 6,Timer,0.4601508677005768
Sample 7,Moirai,0.7166080474853516
Sample 7,TimesFM,0.28339192271232605
Sample 8,Moirai,0.8046851754188538
Sample 8,TimesFM,0.19531477987766266
Sample 9,Timer,0.6077588200569153
Sample 9,Chronos,0.39224115014076233
Sample 10,Time-MoE,0.6527233123779297
Sample 10,TimesFM,0.3472766578197479
Sample 11,Timer,0.6592587828636169
Sample 11,Chronos,0.3407411575317383
Sample 12,Moirai,0.5265640020370483
Sample 12,TimesFM,0.47343602776527405
Sample 13,Timer,0.5309607982635498
Sample 13,Time-MoE,0.46903926134109497
Sample 14,Time-MoE,0.696729838848114
Sample 14,Timer,0.303270161151886
Sample 15,Moirai,0.7839950919151306
Sample 15,TimesFM,0.21600490808486938
Sample 0,Moirai,0.807810366153717
Sample 0,Chronos,0.19218969345092773
Sample 1,Timer,0.6222623586654663
Sample 1,Time-MoE,0.3777376115322113
Sample 2,Moirai,0.560448169708252
Sample 2,Time-MoE,0.43955186009407043
Sample 3,Timer,0.6290417909622192
Sample 3,Time-MoE,0.37095826864242554
Sample 4,TimesFM,0.6427597403526306
Sample 4,Chronos,0.3572402596473694
Sample 5,Timer,0.5527234077453613
Sample 5,Time-MoE,0.44727662205696106
Sample 6,Time-MoE,0.7299583554267883
Sample 6,Timer,0.2700416147708893
Sample 7,Moirai,0.7753072381019592
Sample 7,TimesFM,0.22469279170036316
Sample 8,Moirai,0.6938196420669556
Sample 8,Chronos,0.3061804175376892
Sample 9,Timer,0.6332889199256897
Sample 9,Chronos,0.3667111098766327
Sample 10,Time-MoE,0.6846465468406677
Sample 10,Moirai,0.3153534233570099
Sample 11,Timer,0.6501509547233582
Sample 11,Chronos,0.34984898567199707
Sample 12,Moirai,0.6964898109436035
Sample 12,TimesFM,0.30351021885871887
Sample 13,Timer,0.5781471729278564
Sample 13,Time-MoE,0.42185285687446594
Sample 14,Time-MoE,0.8134430050849915
Sample 14,Chronos,0.18655700981616974
Sample 15,Moirai,0.7795436382293701
Sample 15,TimesFM,0.22045636177062988
Sample 16,Moirai,0.7268202900886536
Sample 16,TimesFM,0.27317968010902405
Sample 17,Timer,0.6134635806083679
Sample 17,Chronos,0.38653644919395447
Sample 18,TimesFM,0.5362379550933838
Sample 18,Moirai,0.463762104511261
Sample 19,Timer,0.6388000845909119
Sample 19,Chronos,0.3611999452114105
Sample 20,Time-MoE,0.5127288699150085
Sample 20,Moirai,0.48727118968963623
Sample 21,Timer,0.6553558707237244
Sample 21,Time-MoE,0.344644159078598
Sample 22,Time-MoE,0.7060943245887756
Sample 22,Timer,0.29390567541122437
Sample 23,TimesFM,0.53404301404953
Sample 23,Moirai,0.46595701575279236
Sample 24,Moirai,0.834351658821106
Sample 24,TimesFM,0.16564840078353882
Sample 25,Timer,0.6430767178535461
Sample 25,Chronos,0.35692331194877625
Sample 26,Timer,0.5685275197029114
Sample 26,Chronos,0.4314724802970886
Sample 27,TimesFM,0.5020973086357117
Sample 27,Timer,0.4979027211666107
Sample 28,Moirai,0.5251559019088745
Sample 28,TimesFM,0.4748441278934479
Sample 29,Timer,0.5938007831573486
Sample 29,Time-MoE,0.40619924664497375
Sample 30,Time-MoE,0.7314988374710083
Sample 30,Chronos,0.2685011327266693
Sample 31,Moirai,0.7844018936157227
Sample 31,Chronos,0.21559810638427734
Sample 0,Moirai,0.6708506345748901
Sample 0,Timer,0.32914939522743225
Sample 1,Timer,0.5900196433067322
Sample 1,Chronos,0.4099803864955902
Sample 2,Time-MoE,0.5485244989395142
Sample 2,Moirai,0.45147547125816345
Sample 3,Timer,0.6712682843208313
Sample 3,Chronos,0.3287317156791687
Sample 4,Moirai,0.5361586809158325
Sample 4,Time-MoE,0.46384134888648987
Sample 5,Timer,0.5970422625541687
Sample 5,Chronos,0.4029577374458313
Sample 6,Time-MoE,0.6884118914604187
Sample 6,Timer,0.3115881383419037
Sample 7,Moirai,0.7546554207801819
Sample 7,TimesFM,0.24534457921981812
Sample 8,Moirai,0.5738234519958496
Sample 8,Chronos,0.4261765480041504
Sample 9,Timer,0.6223899722099304
Sample 9,Chronos,0.37761008739471436
Sample 10,Time-MoE,0.5168875455856323
Sample 10,Timer,0.48311251401901245
Sample 11,Timer,0.549838125705719
Sample 11,TimesFM,0.450161874294281
Sample 12,TimesFM,0.5881101489067078
Sample 12,Time-MoE,0.41188982129096985
Sample 13,Timer,0.6445554494857788
Sample 13,Chronos,0.3554445505142212
Sample 14,Time-MoE,0.580001175403595
Sample 14,Timer,0.41999879479408264
Sample 15,Moirai,0.7059262990951538
Sample 15,TimesFM,0.2940737307071686
Sample 16,Moirai,0.74980628490448
Sample 16,TimesFM,0.25019365549087524
Sample 17,Timer,0.6163936853408813
Sample 17,Chronos,0.38360631465911865
Sample 18,Time-MoE,0.7394468188285828
Sample 18,TimesFM,0.26055318117141724
Sample 19,Timer,0.6515228748321533
Sample 19,Chronos,0.3484771251678467
Sample 20,TimesFM,0.562286376953125
Sample 20,Timer,0.4377135634422302
Sample 21,Timer,0.614917516708374
Sample 21,Chronos,0.3850824534893036
Sample 22,Time-MoE,0.7790132164955139
Sample 22,Moirai,0.22098678350448608
Sample 23,Moirai,0.7227211594581604
Sample 23,TimesFM,0.2772788107395172
Sample 24,Chronos,0.5463439226150513
Sample 24,Moirai,0.4536561369895935
Sample 25,Timer,0.6233859658241272
Sample 25,Time-MoE,0.3766140043735504
Sample 26,Time-MoE,0.6557367444038391
Sample 26,Chronos,0.3442632555961609
Sample 27,Timer,0.7096692323684692
Sample 27,Time-MoE,0.29033079743385315
Sample 28,Moirai,0.7660359740257263
Sample 28,TimesFM,0.23396402597427368
Sample 29,Timer,0.6756731867790222
Sample 29,Chronos,0.32432687282562256
Sample 30,Time-MoE,0.73207026720047
Sample 30,Timer,0.26792973279953003
Sample 31,Moirai,0.7338566184043884
Sample 31,TimesFM,0.26614341139793396
Sample 0,Moirai,0.7808470129966736
Sample 0,TimesFM,0.21915295720100403
Sample 1,Timer,0.6300537586212158
Sample 1,Chronos,0.36994627118110657
Sample 2,Timer,0.6743711829185486
Sample 2,Time-MoE,0.32562878727912903
Sample 3,Timer,0.63507080078125
Sample 3,Chronos,0.3649292588233948
Sample 4,Moirai,0.5928235650062561
Sample 4,TimesFM,0.4071764349937439
Sample 5,Time-MoE,0.6718557476997375
Sample 5,Chronos,0.3281443119049072
Sample 6,Time-MoE,0.6352247595787048
Sample 6,Timer,0.3647752106189728
Sample 7,Moirai,0.638972282409668
Sample 7,TimesFM,0.3610277473926544
Sample 8,Moirai,0.8109465837478638
Sample 8,TimesFM,0.1890534907579422
Sample 9,Timer,0.6426565647125244
Sample 9,Chronos,0.357343465089798
Sample 10,Timer,0.5350366830825806
Sample 10,Chronos,0.46496328711509705
Sample 11,Timer,0.7165343165397644
Sample 11,TimesFM,0.2834656238555908
Sample 12,Moirai,0.7049388289451599
Sample 12,TimesFM,0.2950611412525177
Sample 13,Timer,0.6551523208618164
Sample 13,Chronos,0.344847708940506
Sample 14,Time-MoE,0.629257082939148
Sample 14,Chronos,0.37074291706085205
Sample 15,Moirai,0.6703339219093323
Sample 15,TimesFM,0.3296660780906677
Sample 16,Timer,0.5784523487091064
Sample 16,Chronos,0.42154768109321594
Sample 17,Timer,0.5994214415550232
Sample 17,Time-MoE,0.4005786180496216
Sample 18,Moirai,0.601795494556427
Sample 18,Time-MoE,0.398204505443573
Sample 19,Timer,0.5267142653465271
Sample 19,Chronos,0.4732857942581177
Sample 20,Moirai,0.7181870341300964
Sample 20,TimesFM,0.28181296586990356
Sample 21,Timer,0.683501660823822
Sample 21,Chronos,0.316498339176178
Sample 22,Time-MoE,0.6889251470565796
Sample 22,Chronos,0.3110748529434204
Sample 23,Time-MoE,0.5766388177871704
Sample 23,Timer,0.4233611524105072
Sample 24,Moirai,0.8030216097831726
Sample 24,TimesFM,0.1969784051179886
Sample 25,Timer,0.6309941411018372
Sample 25,Chronos,0.36900588870048523
Sample 26,Moirai,0.6942938566207886
Sample 26,Time-MoE,0.3057062029838562
Sample 27,Timer,0.6212475299835205
Sample 27,TimesFM,0.3787524700164795
Sample 28,Moirai,0.6432300806045532
Sample 28,TimesFM,0.3567699193954468
Sample 29,Timer,0.6569349765777588
Sample 29,Chronos,0.3430650532245636
Sample 30,Time-MoE,0.7302966713905334
Sample 30,Timer,0.26970335841178894
Sample 31,Moirai,0.7138639092445374
Sample 31,TimesFM,0.28613609075546265
Sample 0,Moirai,0.756212592124939
Sample 0,TimesFM,0.24378740787506104
Sample 1,Timer,0.6477727293968201
Sample 1,Chronos,0.35222724080085754
Sample 2,Timer,0.5826588869094849
Sample 2,TimesFM,0.41734105348587036
Sample 3,Timer,0.670465886592865
Sample 3,Chronos,0.3295340836048126
Sample 4,Chronos,0.545345664024353
Sample 4,Timer,0.45465439558029175
Sample 5,Timer,0.6883913278579712
Sample 5,Moirai,0.3116087019443512
Sample 6,Time-MoE,0.6086353659629822
Sample 6,Timer,0.39136460423469543
Sample 7,Moirai,0.5123146176338196
Sample 7,TimesFM,0.4876853823661804
Sample 8,Moirai,0.846211850643158
Sample 8,TimesFM,0.15378817915916443
Sample 9,Timer,0.6001767516136169
Sample 9,Chronos,0.39982321858406067
Sample 10,Time-MoE,0.6134361624717712
Sample 10,Moirai,0.38656386733055115
Sample 11,Timer,0.6689614057540894
Sample 11,Chronos,0.33103862404823303
Sample 12,Moirai,0.7596832513809204
Sample 12,TimesFM,0.240316703915596
Sample 13,Timer,0.5242668390274048
Sample 13,Time-MoE,0.4757331907749176
Sample 14,Time-MoE,0.7759624719619751
Sample 14,Timer,0.2240375578403473
Sample 15,Moirai,0.6655669808387756
Sample 15,TimesFM,0.33443304896354675
Sample 16,Moirai,0.8074946403503418
Sample 16,TimesFM,0.19250532984733582
Sample 17,Timer,0.5024192929267883
Sample 17,Time-MoE,0.4975806474685669
Sample 18,Moirai,0.5589671730995178
Sample 18,TimesFM,0.4410327970981598
Sample 19,Timer,0.6462804675102234
Sample 19,TimesFM,0.3537195324897766
Sample 20,Moirai,0.6984025835990906
Sample 20,TimesFM,0.30159738659858704
Sample 21,Time-MoE,0.6288728713989258
Sample 21,Timer,0.371127188205719
Sample 22,Time-MoE,0.6578286290168762
Sample 22,TimesFM,0.34217143058776855
Sample 23,Moirai,0.6883695125579834
Sample 23,TimesFM,0.3116304874420166
Sample 24,Moirai,0.8115367889404297
Sample 24,TimesFM,0.1884632408618927
Sample 25,Timer,0.5949330925941467
Sample 25,Time-MoE,0.40506693720817566
Sample 26,Moirai,0.6515526175498962
Sample 26,Time-MoE,0.34844735264778137
Sample 27,Timer,0.6609447002410889
Sample 27,Time-MoE,0.33905526995658875
Sample 28,Moirai,0.7961466312408447
Sample 28,TimesFM,0.20385333895683289
Sample 29,Timer,0.5165373086929321
Sample 29,Time-MoE,0.4834626615047455
Sample 30,Time-MoE,0.6943623423576355
Sample 30,Chronos,0.3056376278400421
Sample 31,Moirai,0.7578685283660889
Sample 31,TimesFM,0.24213145673274994
Sample 0,Moirai,0.7772454619407654
Sample 0,Chronos,0.22275450825691223
Sample 1,Timer,0.5982128381729126
Sample 1,Chronos,0.401787132024765
Sample 2,Time-MoE,0.5896716117858887
Sample 2,Timer,0.41032835841178894
Sample 3,Timer,0.6518132090568542
Sample 3,Chronos,0.34818682074546814
Sample 4,TimesFM,0.6422237753868103
Sample 4,Chronos,0.3577762246131897
Sample 5,Timer,0.5234835147857666
Sample 5,Time-MoE,0.4765164852142334
Sample 6,Time-MoE,0.5452600717544556
Sample 6,Timer,0.45473992824554443
Sample 7,Moirai,0.619873583316803
Sample 7,TimesFM,0.3801264464855194
Sample 8,Moirai,0.667435884475708
Sample 8,TimesFM,0.3325640559196472
Sample 9,Timer,0.6229095458984375
Sample 9,Chronos,0.3770905137062073
Sample 10,Moirai,0.689468502998352
Sample 10,Time-MoE,0.31053152680397034
Sample 11,Timer,0.5164536833763123
Sample 11,TimesFM,0.48354634642601013
Sample 12,Moirai,0.5714808702468872
Sample 12,TimesFM,0.428519070148468
Sample 13,Timer,0.6843050122261047
Sample 13,TimesFM,0.3156949579715729
Sample 14,Time-MoE,0.8015993237495422
Sample 14,Chronos,0.19840063154697418
Sample 15,Timer,0.5107890367507935
Sample 15,Time-MoE,0.48921096324920654
Sample 16,Timer,0.5454298853874207
Sample 16,Moirai,0.45457014441490173
Sample 17,Timer,0.5022146701812744
Sample 17,Time-MoE,0.4977853000164032
Sample 18,Time-MoE,0.5745521783828735
Sample 18,TimesFM,0.42544785141944885
Sample 19,Timer,0.6007923483848572
Sample 19,Time-MoE,0.39920759201049805
Sample 20,Moirai,0.7061370015144348
Sample 20,TimesFM,0.2938630282878876
Sample 21,Timer,0.6249785423278809
Sample 21,Time-MoE,0.37502142786979675
Sample 22,Time-MoE,0.6664844751358032
Sample 22,Timer,0.3335154950618744
Sample 23,Moirai,0.6956013441085815
Sample 23,TimesFM,0.30439862608909607
Sample 24,Moirai,0.8471945524215698
Sample 24,TimesFM,0.15280546247959137
Sample 25,Timer,0.6307477951049805
Sample 25,Chronos,0.3692522346973419
Sample 26,TimesFM,0.6446815729141235
Sample 26,Time-MoE,0.3553183972835541
Sample 27,Timer,0.6659638285636902
Sample 27,Chronos,0.3340362310409546
Sample 28,Moirai,0.7396058440208435
Sample 28,TimesFM,0.2603941857814789
Sample 29,Time-MoE,0.5718658566474915
Sample 29,Chronos,0.42813414335250854
Sample 30,Time-MoE,0.6310802102088928
Sample 30,Timer,0.3689197897911072
Sample 31,Moirai,0.6738334894180298
Sample 31,TimesFM,0.3261665105819702
Sample 0,Moirai,0.892654299736023
Sample 0,TimesFM,0.10734573751688004
Sample 1,Timer,0.586580216884613
Sample 1,Chronos,0.41341978311538696
Sample 2,TimesFM,0.6795861721038818
Sample 2,Chronos,0.32041382789611816
Sample 3,Timer,0.6078329682350159
Sample 3,Chronos,0.39216700196266174
Sample 4,Moirai,0.7586554288864136
Sample 4,TimesFM,0.24134458601474762
Sample 5,Time-MoE,0.5226727724075317
Sample 5,Chronos,0.47732722759246826
Sample 6,Time-MoE,0.663632333278656
Sample 6,Chronos,0.336367666721344
Sample 7,Moirai,0.5799250602722168
Sample 7,TimesFM,0.4200749397277832
Sample 8,Moirai,0.7866649627685547
Sample 8,TimesFM,0.2133350521326065
Sample 9,Timer,0.5917081832885742
Sample 9,Chronos,0.40829184651374817
Sample 10,TimesFM,0.7079426646232605
Sample 10,Time-MoE,0.2920573055744171
Sample 11,Timer,0.6175775527954102
Sample 11,Chronos,0.38242241740226746
Sample 12,Time-MoE,0.526126503944397
Sample 12,TimesFM,0.4738735258579254
Sample 13,Timer,0.6555699110031128
Sample 13,Time-MoE,0.3444300889968872
Sample 14,Moirai,0.5419124960899353
Sample 14,Time-MoE,0.4580874741077423
Sample 15,Moirai,0.558481752872467
Sample 15,TimesFM,0.44151821732521057
Sample 16,Moirai,0.8051963448524475
Sample 16,TimesFM,0.1948036253452301
Sample 17,Timer,0.5991103053092957
Sample 17,Chronos,0.40088966488838196
Sample 18,Moirai,0.6454344987869263
Sample 18,TimesFM,0.35456547141075134
Sample 19,Timer,0.5985211730003357
Sample 19,Chronos,0.4014788568019867
Sample 20,Time-MoE,0.5639258623123169
Sample 20,Chronos,0.4360741078853607
Sample 21,Timer,0.6285154223442078
Sample 21,Chronos,0.37148454785346985
Sample 22,Time-MoE,0.8196374177932739
Sample 22,TimesFM,0.18036256730556488
Sample 23,Moirai,0.7397468686103821
Sample 23,TimesFM,0.2602531611919403
Sample 24,Moirai,0.5947077870368958
Sample 24,Chronos,0.40529221296310425
Sample 25,Timer,0.5974368453025818
Sample 25,Chronos,0.4025631844997406
Sample 26,Time-MoE,0.5156580209732056
Sample 26,Moirai,0.4843420088291168
Sample 27,Timer,0.5314547419548035
Sample 27,Chronos,0.46854522824287415
Sample 28,Time-MoE,0.6684142351150513
Sample 28,Chronos,0.3315857946872711
Sample 29,Time-MoE,0.5762472748756409
Sample 29,Timer,0.42375269532203674
Sample 30,Time-MoE,0.6608495712280273
Sample 30,TimesFM,0.33915045857429504
Sample 31,Time-MoE,0.5968886017799377
Sample 31,TimesFM,0.40311142802238464
Sample 0,Timer,0.5607542991638184
Sample 0,Chronos,0.43924570083618164
Sample 1,Timer,0.555243968963623
Sample 1,Chronos,0.44475603103637695
Sample 2,Time-MoE,0.5507556796073914
Sample 2,Moirai,0.4492443799972534
Sample 3,Timer,0.6627718806266785
Sample 3,Chronos,0.33722808957099915
Sample 4,Time-MoE,0.6531785130500793
Sample 4,TimesFM,0.34682145714759827
Sample 5,Timer,0.5864655375480652
Sample 5,Chronos,0.4135344326496124
Sample 6,Timer,0.524827778339386
Sample 6,Time-MoE,0.4751722514629364
Sample 7,Moirai,0.6790301203727722
Sample 7,TimesFM,0.32096990942955017
Sample 8,Moirai,0.8341780304908752
Sample 8,TimesFM,0.16582190990447998
Sample 9,Timer,0.5903369784355164
Sample 9,Chronos,0.40966299176216125
Sample 10,Time-MoE,0.6813534498214722
Sample 10,TimesFM,0.31864649057388306
Sample 11,Timer,0.6444830298423767
Sample 11,Chronos,0.3555169701576233
Sample 12,TimesFM,0.5177961587905884
Sample 12,Moirai,0.4822039008140564
Sample 13,Timer,0.5535144805908203
Sample 13,Chronos,0.4464854896068573
Sample 14,Time-MoE,0.6586812734603882
Sample 14,Timer,0.3413187563419342
Sample 15,Moirai,0.7359183430671692
Sample 15,TimesFM,0.2640816867351532
Sample 0,Moirai,0.8466474413871765
Sample 0,TimesFM,0.1533525437116623
Sample 1,Timer,0.5894665122032166
Sample 1,Chronos,0.4105335474014282
Sample 2,Moirai,0.506650984287262
Sample 2,Time-MoE,0.49334898591041565
Sample 3,Timer,0.6153124570846558
Sample 3,Chronos,0.38468754291534424
Sample 4,TimesFM,0.6593221426010132
Sample 4,Chronos,0.34067782759666443
Sample 5,Timer,0.5374966263771057
Sample 5,Chronos,0.4625034034252167
Sample 6,Time-MoE,0.71026611328125
Sample 6,Timer,0.28973388671875
Sample 7,Moirai,0.7244735956192017
Sample 7,TimesFM,0.2755264341831207
Sample 8,Moirai,0.7793440818786621
Sample 8,TimesFM,0.22065593302249908
Sample 9,Timer,0.5959035158157349
Sample 9,Chronos,0.40409648418426514
Sample 10,Time-MoE,0.6718736886978149
Sample 10,Moirai,0.3281262516975403
Sample 11,Timer,0.6205446124076843
Sample 11,Chronos,0.3794553279876709
Sample 12,Moirai,0.6206092834472656
Sample 12,TimesFM,0.37939077615737915
Sample 13,Timer,0.5704695582389832
Sample 13,Chronos,0.42953041195869446
Sample 14,Time-MoE,0.7826212644577026
Sample 14,Chronos,0.21737878024578094
Sample 15,Moirai,0.7262077331542969
Sample 15,TimesFM,0.27379223704338074
Sample 16,Moirai,0.7243723273277283
Sample 16,TimesFM,0.2756277024745941
Sample 17,Timer,0.585483193397522
Sample 17,Chronos,0.41451677680015564
Sample 18,TimesFM,0.6331872344017029
Sample 18,Time-MoE,0.3668127954006195
Sample 19,Timer,0.6103355288505554
Sample 19,Chronos,0.38966450095176697
Sample 20,Moirai,0.5251469016075134
Sample 20,Time-MoE,0.47485315799713135
Sample 21,Timer,0.6730666756629944
Sample 21,Chronos,0.3269332945346832
Sample 22,Time-MoE,0.6948410868644714
Sample 22,Timer,0.3051588833332062
Sample 23,TimesFM,0.5441277027130127
Sample 23,Moirai,0.4558722674846649
Sample 24,Moirai,0.8202790021896362
Sample 24,TimesFM,0.179720938205719
Sample 25,Timer,0.6085216403007507
Sample 25,Chronos,0.39147841930389404
Sample 26,Timer,0.5748703479766846
Sample 26,Chronos,0.4251296818256378
Sample 27,TimesFM,0.500369668006897
Sample 27,Timer,0.4996303915977478
Sample 28,TimesFM,0.5875841379165649
Sample 28,Moirai,0.41241586208343506
Sample 29,Timer,0.5994860529899597
Sample 29,Chronos,0.4005139172077179
Sample 30,Time-MoE,0.6870924830436707
Sample 30,Chronos,0.31290754675865173
Sample 31,Moirai,0.7629000544548035
Sample 31,Time-MoE,0.23709991574287415
Sample 0,Moirai,0.6720294952392578
Sample 0,Timer,0.3279705047607422
Sample 1,Timer,0.5476816892623901
Sample 1,Chronos,0.4523182809352875
Sample 2,Time-MoE,0.537193775177002
Sample 2,Moirai,0.46280622482299805
Sample 3,Timer,0.6383435130119324
Sample 3,Chronos,0.3616564869880676
Sample 4,Moirai,0.509456992149353
Sample 4,Time-MoE,0.4905429780483246
Sample 5,Timer,0.5544790029525757
Sample 5,Chronos,0.4455209970474243
Sample 6,Time-MoE,0.6781705617904663
Sample 6,Moirai,0.3218294680118561
Sample 7,Moirai,0.7067139744758606
Sample 7,TimesFM,0.293285995721817
Sample 8,Moirai,0.6688792109489441
Sample 8,Chronos,0.3311207592487335
Sample 9,Timer,0.584377646446228
Sample 9,Chronos,0.415622353553772
Sample 10,Chronos,0.5069093108177185
Sample 10,Timer,0.4930906891822815
Sample 11,Timer,0.5341788530349731
Sample 11,Chronos,0.46582114696502686
Sample 12,TimesFM,0.6672581434249878
Sample 12,Time-MoE,0.3327418565750122
Sample 13,Timer,0.6189880967140198
Sample 13,Chronos,0.381011962890625
Sample 14,Time-MoE,0.5550093054771423
Sample 14,Timer,0.44499072432518005
Sample 15,Moirai,0.6930990219116211
Sample 15,TimesFM,0.30690091848373413
Sample 16,Moirai,0.7840394973754883
Sample 16,TimesFM,0.21596044301986694
Sample 17,Timer,0.577639102935791
Sample 17,Chronos,0.4223608672618866
Sample 18,Time-MoE,0.7480751872062683
Sample 18,TimesFM,0.2519247829914093
Sample 19,Timer,0.6182025671005249
Sample 19,Chronos,0.3817974925041199
Sample 20,TimesFM,0.5592359304428101
Sample 20,Chronos,0.44076409935951233
Sample 21,Timer,0.5809944868087769
Sample 21,Chronos,0.41900551319122314
Sample 22,Time-MoE,0.741510808467865
Sample 22,Moirai,0.258489191532135
Sample 23,Moirai,0.6491813063621521
Sample 23,TimesFM,0.3508187234401703
Sample 24,Moirai,0.5275436043739319
Sample 24,Chronos,0.4724563956260681
Sample 25,Timer,0.6046033501625061
Sample 25,Chronos,0.3953966498374939
Sample 26,Time-MoE,0.6047518849372864
Sample 26,Chronos,0.39524808526039124
Sample 27,Timer,0.689241349697113
Sample 27,Chronos,0.31075868010520935
Sample 28,Moirai,0.6839755177497864
Sample 28,TimesFM,0.3160244822502136
Sample 29,Timer,0.6481910943984985
Sample 29,Chronos,0.35180890560150146
Sample 30,Time-MoE,0.687393307685852
Sample 30,Chronos,0.31260669231414795
Sample 31,Moirai,0.6698399782180786
Sample 31,TimesFM,0.3301599621772766
Sample 0,Moirai,0.773137629032135
Sample 0,TimesFM,0.22686238586902618
Sample 1,Timer,0.5955585837364197
Sample 1,Chronos,0.4044414460659027
Sample 2,Timer,0.7204346656799316
Sample 2,Chronos,0.27956530451774597
Sample 3,Timer,0.5920654535293579
Sample 3,Chronos,0.4079345166683197
Sample 4,Moirai,0.5821287631988525
Sample 4,TimesFM,0.41787123680114746
Sample 5,Time-MoE,0.6134009957313538
Sample 5,Chronos,0.38659897446632385
Sample 6,Time-MoE,0.643405020236969
Sample 6,Timer,0.356594979763031
Sample 7,Moirai,0.6261821389198303
Sample 7,TimesFM,0.3738178610801697
Sample 8,Moirai,0.7994391918182373
Sample 8,TimesFM,0.2005608081817627
Sample 9,Timer,0.5997344255447388
Sample 9,Chronos,0.4002656042575836
Sample 10,Chronos,0.5037819743156433
Sample 10,Timer,0.4962180256843567
Sample 11,Timer,0.6981639266014099
Sample 11,TimesFM,0.3018360435962677
Sample 12,Moirai,0.6047759056091309
Sample 12,TimesFM,0.3952241539955139
Sample 13,Timer,0.6159700751304626
Sample 13,Chronos,0.38402998447418213
Sample 14,Time-MoE,0.5517634153366089
Sample 14,Chronos,0.4482365548610687
Sample 15,Moirai,0.6046543121337891
Sample 15,TimesFM,0.39534568786621094
Sample 16,Timer,0.5688324570655823
Sample 16,Chronos,0.4311675429344177
Sample 17,Timer,0.5938509702682495
Sample 17,Chronos,0.4061490297317505
Sample 18,Moirai,0.584643542766571
Sample 18,Time-MoE,0.41535642743110657
Sample 19,Timer,0.5160493850708008
Sample 19,Chronos,0.4839506447315216
Sample 20,Moirai,0.6226059198379517
Sample 20,TimesFM,0.37739408016204834
Sample 21,Timer,0.6597621440887451
Sample 21,Chronos,0.3402378261089325
Sample 22,Time-MoE,0.6513999700546265
Sample 22,Chronos,0.34860002994537354
Sample 23,Time-MoE,0.6119556427001953
Sample 23,Timer,0.38804441690444946
Sample 24,Moirai,0.7689380645751953
Sample 24,TimesFM,0.2310619354248047
Sample 25,Timer,0.584090530872345
Sample 25,Chronos,0.4159094989299774
Sample 26,Moirai,0.7805833220481873
Sample 26,Time-MoE,0.21941666305065155
Sample 27,Timer,0.6157833337783813
Sample 27,TimesFM,0.3842167258262634
Sample 28,Moirai,0.5346024036407471
Sample 28,TimesFM,0.4653976261615753
Sample 29,Timer,0.621057391166687
Sample 29,Chronos,0.378942608833313
Sample 30,Time-MoE,0.666133463382721
Sample 30,Chronos,0.33386650681495667
Sample 31,Moirai,0.6396692395210266
Sample 31,TimesFM,0.360330730676651
Sample 0,Moirai,0.7332468032836914
Sample 0,TimesFM,0.2667531967163086
Sample 1,Timer,0.6180912256240845
Sample 1,Chronos,0.3819088041782379
Sample 2,Timer,0.6093189120292664
Sample 2,Moirai,0.39068105816841125
Sample 3,Timer,0.6416752934455872
Sample 3,Chronos,0.35832473635673523
Sample 4,Chronos,0.5816774368286133
Sample 4,Timer,0.41832253336906433
Sample 5,Timer,0.7000065445899963
Sample 5,Moirai,0.29999345541000366
Sample 6,Time-MoE,0.6004754304885864
Sample 6,Timer,0.3995245695114136
Sample 7,TimesFM,0.5017566680908203
Sample 7,Moirai,0.4982433021068573
Sample 8,Moirai,0.859868049621582
Sample 8,TimesFM,0.14013192057609558
Sample 9,Timer,0.5529871582984924
Sample 9,Chronos,0.44701284170150757
Sample 10,Time-MoE,0.6137433052062988
Sample 10,TimesFM,0.3862566649913788
Sample 11,Timer,0.6239965558052063
Sample 11,Chronos,0.3760034739971161
Sample 12,Moirai,0.693113386631012
Sample 12,TimesFM,0.30688658356666565
Sample 13,Timer,0.5050455927848816
Sample 13,Chronos,0.4949544072151184
Sample 14,Time-MoE,0.7500565648078918
Sample 14,Chronos,0.24994345009326935
Sample 15,Moirai,0.5870349407196045
Sample 15,TimesFM,0.4129650890827179
Sample 16,Moirai,0.8110289573669434
Sample 16,TimesFM,0.18897105753421783
Sample 17,Timer,0.5356019139289856
Sample 17,Chronos,0.4643981158733368
Sample 18,Moirai,0.5308051109313965
Sample 18,TimesFM,0.4691949188709259
Sample 19,Timer,0.6462350487709045
Sample 19,TimesFM,0.3537648916244507
Sample 20,Moirai,0.6030390858650208
Sample 20,TimesFM,0.39696094393730164
Sample 21,Time-MoE,0.5920210480690002
Sample 21,Timer,0.40797892212867737
Sample 22,Time-MoE,0.6380018591880798
Sample 22,Moirai,0.36199814081192017
Sample 23,Moirai,0.6458064317703247
Sample 23,TimesFM,0.3541935384273529
Sample 24,Moirai,0.7788633704185486
Sample 24,TimesFM,0.22113659977912903
Sample 25,Timer,0.567965567111969
Sample 25,Chronos,0.4320344030857086
Sample 26,Moirai,0.5837873220443726
Sample 26,Time-MoE,0.4162127375602722
Sample 27,Timer,0.6327428221702576
Sample 27,Chronos,0.3672572374343872
Sample 28,Moirai,0.7327735424041748
Sample 28,TimesFM,0.26722651720046997
Sample 29,Timer,0.559049665927887
Sample 29,Time-MoE,0.4409503638744354
Sample 30,Time-MoE,0.6280475854873657
Sample 30,Chronos,0.3719524145126343
Sample 31,Moirai,0.6983809471130371
Sample 31,TimesFM,0.3016190528869629
Sample 0,Moirai,0.831994354724884
Sample 0,Chronos,0.16800570487976074
Sample 1,Timer,0.5513952374458313
Sample 1,Chronos,0.4486048221588135
Sample 2,Time-MoE,0.5669484734535217
Sample 2,Chronos,0.4330514967441559
Sample 3,Timer,0.6083560585975647
Sample 3,Chronos,0.3916439414024353
Sample 4,TimesFM,0.6576499342918396
Sample 4,Chronos,0.3423500955104828
Sample 5,Timer,0.5152237415313721
Sample 5,Chronos,0.48477622866630554
Sample 6,Time-MoE,0.5220013856887817
Sample 6,Timer,0.47799861431121826
Sample 7,Moirai,0.5876833200454712
Sample 7,TimesFM,0.4123167395591736
Sample 8,Moirai,0.7106649875640869
Sample 8,TimesFM,0.2893349826335907
Sample 9,Timer,0.5796356797218323
Sample 9,Chronos,0.4203643202781677
Sample 10,Moirai,0.7005659937858582
Sample 10,Time-MoE,0.29943403601646423
Sample 11,Timer,0.5233322381973267
Sample 11,TimesFM,0.47666776180267334
Sample 12,TimesFM,0.5191634893417358
Sample 12,Moirai,0.48083651065826416
Sample 13,Timer,0.686378538608551
Sample 13,Chronos,0.313621461391449
Sample 14,Time-MoE,0.7823912501335144
Sample 14,Chronos,0.21760880947113037
Sample 15,Time-MoE,0.503447949886322
Sample 15,Timer,0.4965520203113556
Sample 16,Timer,0.5303232669830322
Sample 16,Moirai,0.46967676281929016
Sample 17,Timer,0.508693277835846
Sample 17,Chronos,0.4913066625595093
Sample 18,Time-MoE,0.583118200302124
Sample 18,TimesFM,0.416881799697876
Sample 19,Timer,0.6328534483909607
Sample 19,Time-MoE,0.3671465814113617
Sample 20,Moirai,0.6089659333229065
Sample 20,TimesFM,0.3910340368747711
Sample 21,Timer,0.587076723575592
Sample 21,Chronos,0.41292330622673035
Sample 22,Time-MoE,0.6077155470848083
Sample 22,Chronos,0.39228442311286926
Sample 23,Moirai,0.6401621699333191
Sample 23,TimesFM,0.3598378598690033
Sample 24,Moirai,0.8632693290710449
Sample 24,TimesFM,0.13673070073127747
Sample 25,Timer,0.5850101709365845
Sample 25,Chronos,0.41498979926109314
Sample 26,TimesFM,0.6480420231819153
Sample 26,Time-MoE,0.3519579768180847
Sample 27,Timer,0.6234022378921509
Sample 27,Chronos,0.37659770250320435
Sample 28,Moirai,0.6856099367141724
Sample 28,TimesFM,0.31439006328582764
Sample 29,Chronos,0.5000210404396057
Sample 29,Time-MoE,0.4999789297580719
Sample 30,Time-MoE,0.6321722865104675
Sample 30,Timer,0.36782774329185486
Sample 31,Moirai,0.6442959308624268
Sample 31,TimesFM,0.35570403933525085
Sample 0,Moirai,0.8876680731773376
Sample 0,TimesFM,0.11233196407556534
Sample 1,Timer,0.5364648103713989
Sample 1,Chronos,0.4635351896286011
Sample 2,TimesFM,0.690369188785553
Sample 2,Chronos,0.309630811214447
Sample 3,Timer,0.5621687769889832
Sample 3,Chronos,0.43783122301101685
Sample 4,Moirai,0.6842932105064392
Sample 4,TimesFM,0.3157067894935608
Sample 5,Chronos,0.5359751582145691
Sample 5,Time-MoE,0.4640248715877533
Sample 6,Time-MoE,0.6534234285354614
Sample 6,Chronos,0.34657663106918335
Sample 7,Moirai,0.5478398203849792
Sample 7,TimesFM,0.452160120010376
Sample 8,Moirai,0.7863917946815491
Sample 8,TimesFM,0.21360823512077332
Sample 9,Timer,0.5507481694221497
Sample 9,Chronos,0.44925186038017273
Sample 10,TimesFM,0.7567088603973389
Sample 10,Time-MoE,0.24329113960266113
Sample 11,Timer,0.5833697319030762
Sample 11,Chronos,0.41663023829460144
Sample 12,Time-MoE,0.5296065807342529
Sample 12,Timer,0.4703933894634247
Sample 13,Timer,0.6715251803398132
Sample 13,Time-MoE,0.3284747898578644
Sample 14,Moirai,0.5668203830718994
Sample 14,Time-MoE,0.433179646730423
Sample 15,Moirai,0.5423049926757812
Sample 15,TimesFM,0.45769500732421875
Sample 16,Moirai,0.7712708115577698
Sample 16,TimesFM,0.22872920334339142
Sample 17,Timer,0.56011962890625
Sample 17,Chronos,0.4398803412914276
Sample 18,Moirai,0.5676897764205933
Sample 18,TimesFM,0.43231019377708435
Sample 19,Timer,0.5544651746749878
Sample 19,Chronos,0.4455347955226898
Sample 20,Time-MoE,0.5017099380493164
Sample 20,Chronos,0.4982900619506836
Sample 21,Timer,0.5951188802719116
Sample 21,Chronos,0.404881089925766
Sample 22,Time-MoE,0.8154371976852417
Sample 22,TimesFM,0.18456274271011353
Sample 23,Moirai,0.6719738841056824
Sample 23,TimesFM,0.32802614569664
Sample 24,Moirai,0.6331288814544678
Sample 24,Chronos,0.3668711185455322
Sample 25,Timer,0.5517578721046448
Sample 25,Chronos,0.44824209809303284
Sample 26,Time-MoE,0.5253840684890747
Sample 26,TimesFM,0.4746159613132477
Sample 27,Chronos,0.5196635127067566
Sample 27,Timer,0.4803364872932434
Sample 28,Time-MoE,0.6540926694869995
Sample 28,Moirai,0.3459072709083557
Sample 29,Time-MoE,0.5724883675575256
Sample 29,Timer,0.42751166224479675
Sample 30,Time-MoE,0.6617549061775208
Sample 30,TimesFM,0.33824509382247925
Sample 31,Time-MoE,0.601448655128479
Sample 31,TimesFM,0.3985513150691986
Sample 0,Timer,0.5567542910575867
Sample 0,Chronos,0.44324567914009094
Sample 1,Chronos,0.5151929259300232
Sample 1,Timer,0.4848070740699768
Sample 2,Time-MoE,0.5503817200660706
Sample 2,Moirai,0.44961830973625183
Sample 3,Timer,0.6127012968063354
Sample 3,Chronos,0.38729870319366455
Sample 4,Time-MoE,0.5949403643608093
Sample 4,TimesFM,0.4050596356391907
Sample 5,Timer,0.5514184236526489
Sample 5,Chronos,0.44858163595199585
Sample 6,Timer,0.5175225734710693
Sample 6,Time-MoE,0.48247742652893066
Sample 7,Moirai,0.6392908096313477
Sample 7,TimesFM,0.36070916056632996
Sample 8,Moirai,0.8363526463508606
Sample 8,TimesFM,0.16364730894565582
Sample 9,Timer,0.542640745639801
Sample 9,Chronos,0.457359254360199
Sample 10,Time-MoE,0.7012287974357605
Sample 10,TimesFM,0.2987711727619171
Sample 11,Timer,0.5950052738189697
Sample 11,Chronos,0.4049946963787079
Sample 12,TimesFM,0.5996252298355103
Sample 12,Moirai,0.4003748297691345
Sample 13,Timer,0.5069319605827332
Sample 13,Chronos,0.49306803941726685
Sample 14,Time-MoE,0.647331953048706
Sample 14,Chronos,0.35266801714897156
Sample 15,Moirai,0.6750760078430176
Sample 15,TimesFM,0.3249240219593048
Sample 0,Moirai,0.8557112812995911
Sample 0,TimesFM,0.14428870379924774
Sample 1,Timer,0.530143678188324
Sample 1,Chronos,0.469856321811676
Sample 2,Time-MoE,0.5051453113555908
Sample 2,Moirai,0.4948546588420868
Sample 3,Timer,0.5606473088264465
Sample 3,Chronos,0.43935272097587585
Sample 4,TimesFM,0.6777690649032593
Sample 4,Chronos,0.3222309350967407
Sample 5,Chronos,0.5148011445999146
Sample 5,Timer,0.48519885540008545
Sample 6,Time-MoE,0.749644935131073
Sample 6,Timer,0.2503550052642822
Sample 7,Moirai,0.6600880026817322
Sample 7,TimesFM,0.33991196751594543
Sample 8,Moirai,0.8004910945892334
Sample 8,TimesFM,0.1995089054107666
Sample 9,Timer,0.5371345281600952
Sample 9,Chronos,0.4628654420375824
Sample 10,Time-MoE,0.6520364284515381
Sample 10,Moirai,0.3479636013507843
Sample 11,Timer,0.5714678764343262
Sample 11,Chronos,0.4285321533679962
Sample 12,Moirai,0.5323149561882019
Sample 12,TimesFM,0.4676850438117981
Sample 13,Timer,0.5171599984169006
Sample 13,Chronos,0.48284006118774414
Sample 14,Time-MoE,0.7805055975914001
Sample 14,Chronos,0.21949438750743866
Sample 15,Moirai,0.6544565558433533
Sample 15,TimesFM,0.34554341435432434
Sample 16,Moirai,0.7188338041305542
Sample 16,TimesFM,0.2811661660671234
Sample 17,Timer,0.5397053956985474
Sample 17,Chronos,0.46029460430145264
Sample 18,TimesFM,0.6920228004455566
Sample 18,Time-MoE,0.30797722935676575
Sample 19,Timer,0.5592160224914551
Sample 19,Chronos,0.44078394770622253
Sample 20,Moirai,0.5642755627632141
Sample 20,Time-MoE,0.4357244372367859
Sample 21,Timer,0.6412525177001953
Sample 21,Chronos,0.3587474524974823
Sample 22,Time-MoE,0.6875826716423035
Sample 22,TimesFM,0.3124173581600189
Sample 23,TimesFM,0.5573709607124329
Sample 23,Moirai,0.4426290690898895
Sample 24,Moirai,0.7957515716552734
Sample 24,TimesFM,0.20424841344356537
Sample 25,Timer,0.5537869334220886
Sample 25,Chronos,0.446213036775589
Sample 26,Timer,0.5837401747703552
Sample 26,Chronos,0.41625985503196716
Sample 27,Timer,0.5074787735939026
Sample 27,TimesFM,0.492521196603775
Sample 28,TimesFM,0.6750977635383606
Sample 28,Moirai,0.324902206659317
Sample 29,Timer,0.5650007724761963
Sample 29,Chronos,0.4349991977214813
Sample 30,Time-MoE,0.6887811422348022
Sample 30,Chronos,0.31121885776519775
Sample 31,Moirai,0.7265647053718567
Sample 31,Time-MoE,0.2734352648258209
Sample 0,Moirai,0.5789162516593933
Sample 0,Timer,0.4210837185382843
Sample 1,Timer,0.5031181573867798
Sample 1,Chronos,0.4968818426132202
Sample 2,Time-MoE,0.5093885660171509
Sample 2,Moirai,0.4906114339828491
Sample 3,Timer,0.598136305809021
Sample 3,Chronos,0.4018637239933014
Sample 4,Moirai,0.5083732604980469
Sample 4,Time-MoE,0.49162670969963074
Sample 5,Timer,0.5104112029075623
Sample 5,Chronos,0.48958882689476013
Sample 6,Time-MoE,0.692091703414917
Sample 6,Moirai,0.307908296585083
Sample 7,Moirai,0.641661524772644
Sample 7,TimesFM,0.35833850502967834
Sample 8,Moirai,0.7066625356674194
Sample 8,TimesFM,0.2933374345302582
Sample 9,Timer,0.5426466464996338
Sample 9,Chronos,0.457353413105011
Sample 10,Chronos,0.5171381831169128
Sample 10,Moirai,0.48286181688308716
Sample 11,Timer,0.5201014876365662
Sample 11,Chronos,0.47989851236343384
Sample 12,TimesFM,0.7358025908470154
Sample 12,Time-MoE,0.264197438955307
Sample 13,Timer,0.5936834216117859
Sample 13,Chronos,0.4063165783882141
Sample 14,Time-MoE,0.606539249420166
Sample 14,Timer,0.3934606909751892
Sample 15,Moirai,0.6578217148780823
Sample 15,Time-MoE,0.3421783447265625
Sample 16,Moirai,0.7979170680046082
Sample 16,TimesFM,0.20208296179771423
Sample 17,Timer,0.5373964905738831
Sample 17,Chronos,0.46260350942611694
Sample 18,Time-MoE,0.7383966445922852
Sample 18,Moirai,0.2616034150123596
Sample 19,Timer,0.5795119404792786
Sample 19,Chronos,0.4204880893230438
Sample 20,TimesFM,0.5464558005332947
Sample 20,Chronos,0.4535442292690277
Sample 21,Timer,0.5464931130409241
Sample 21,Chronos,0.4535068869590759
Sample 22,Time-MoE,0.7473902702331543
Sample 22,Moirai,0.2526097297668457
Sample 23,Moirai,0.5768373608589172
Sample 23,TimesFM,0.42316266894340515
Sample 24,Moirai,0.5530202984809875
Sample 24,Chronos,0.44697967171669006
Sample 25,Timer,0.5425220131874084
Sample 25,Chronos,0.4574779272079468
Sample 26,Time-MoE,0.628368616104126
Sample 26,Chronos,0.371631383895874
Sample 27,Timer,0.6499518156051636
Sample 27,Chronos,0.3500482439994812
Sample 28,Moirai,0.5795549154281616
Sample 28,TimesFM,0.420445054769516
Sample 29,Timer,0.6195369958877563
Sample 29,Chronos,0.38046303391456604
Sample 30,Time-MoE,0.6902473568916321
Sample 30,Chronos,0.30975258350372314
Sample 31,Moirai,0.5918176770210266
Sample 31,TimesFM,0.4081823527812958
Sample 0,Moirai,0.7531447410583496
Sample 0,TimesFM,0.24685530364513397
Sample 1,Timer,0.5629127621650696
Sample 1,Chronos,0.4370872378349304
Sample 2,Timer,0.741684079170227
Sample 2,Chronos,0.25831592082977295
Sample 3,Timer,0.5413143634796143
Sample 3,Chronos,0.45868566632270813
Sample 4,Moirai,0.5604250431060791
Sample 4,TimesFM,0.4395749866962433
Sample 5,Time-MoE,0.6241412162780762
Sample 5,Chronos,0.3758588135242462
Sample 6,Time-MoE,0.7197153568267822
Sample 6,Timer,0.2802846133708954
Sample 7,Moirai,0.6035096645355225
Sample 7,TimesFM,0.3964903652667999
Sample 8,Moirai,0.7860183715820312
Sample 8,TimesFM,0.21398161351680756
Sample 9,Timer,0.5548336505889893
Sample 9,Chronos,0.44516628980636597
Sample 10,Chronos,0.5429536700248718
Sample 10,Timer,0.4570463001728058
Sample 11,Timer,0.6559743881225586
Sample 11,TimesFM,0.3440256714820862
Sample 12,Moirai,0.5221226215362549
Sample 12,TimesFM,0.4778774082660675
Sample 13,Timer,0.5764363408088684
Sample 13,Chronos,0.4235636293888092
Sample 14,Time-MoE,0.5697420835494995
Sample 14,Chronos,0.4302579164505005
Sample 15,Moirai,0.5491642951965332
Sample 15,TimesFM,0.4508357048034668
Sample 16,Timer,0.5694723725318909
Sample 16,Chronos,0.4305276870727539
Sample 17,Timer,0.5342100262641907
Sample 17,Chronos,0.4657899737358093
Sample 18,Moirai,0.6079539656639099
Sample 18,Time-MoE,0.3920460045337677
Sample 19,Timer,0.5243927836418152
Sample 19,Chronos,0.4756071865558624
Sample 20,Moirai,0.5299911499023438
Sample 20,TimesFM,0.47000882029533386
Sample 21,Timer,0.6418382525444031
Sample 21,Chronos,0.3581617772579193
Sample 22,Time-MoE,0.6992640495300293
Sample 22,Chronos,0.3007359504699707
Sample 23,Time-MoE,0.6219121217727661
Sample 23,Chronos,0.3780878782272339
Sample 24,Moirai,0.7275523543357849
Sample 24,TimesFM,0.2724476158618927
Sample 25,Timer,0.5324273705482483
Sample 25,Chronos,0.4675726294517517
Sample 26,Moirai,0.8235644102096558
Sample 26,Chronos,0.17643561959266663
Sample 27,Timer,0.5804305672645569
Sample 27,TimesFM,0.4195694625377655
Sample 28,TimesFM,0.5452182292938232
Sample 28,Moirai,0.45478177070617676
Sample 29,Timer,0.5871981978416443
Sample 29,Chronos,0.41280174255371094
Sample 30,Time-MoE,0.6848774552345276
Sample 30,Chronos,0.3151225447654724
Sample 31,Moirai,0.5725131630897522
Sample 31,TimesFM,0.4274868667125702
Sample 0,Moirai,0.6803469061851501
Sample 0,TimesFM,0.31965312361717224
Sample 1,Timer,0.5989055037498474
Sample 1,Chronos,0.40109455585479736
Sample 2,Timer,0.6519591212272644
Sample 2,Time-MoE,0.348040908575058
Sample 3,Timer,0.6214334964752197
Sample 3,Chronos,0.37856653332710266
Sample 4,Chronos,0.6127220988273621
Sample 4,Timer,0.38727790117263794
Sample 5,Timer,0.7789756655693054
Sample 5,Moirai,0.22102437913417816
Sample 6,Time-MoE,0.6248818635940552
Sample 6,Moirai,0.3751181662082672
Sample 7,TimesFM,0.5211111903190613
Sample 7,Moirai,0.4788888096809387
Sample 8,Moirai,0.8412904739379883
Sample 8,TimesFM,0.15870952606201172
Sample 9,Timer,0.5120522379875183
Sample 9,Chronos,0.4879477322101593
Sample 10,Time-MoE,0.5651609897613525
Sample 10,TimesFM,0.4348389506340027
Sample 11,Timer,0.5779627561569214
Sample 11,Chronos,0.4220372140407562
Sample 12,Moirai,0.6158745288848877
Sample 12,TimesFM,0.3841254413127899
Sample 13,Chronos,0.5356437563896179
Sample 13,Time-MoE,0.4643562138080597
Sample 14,Time-MoE,0.7812331914901733
Sample 14,Chronos,0.21876679360866547
Sample 15,Moirai,0.5160490274429321
Sample 15,TimesFM,0.4839509427547455
Sample 16,Moirai,0.7724556922912598
Sample 16,TimesFM,0.22754423320293427
Sample 17,Time-MoE,0.5102513432502747
Sample 17,Chronos,0.48974865674972534
Sample 18,Moirai,0.5010427236557007
Sample 18,TimesFM,0.49895721673965454
Sample 19,Timer,0.6214722990989685
Sample 19,TimesFM,0.3785276710987091
Sample 20,Moirai,0.5258318185806274
Sample 20,TimesFM,0.47416818141937256
Sample 21,Time-MoE,0.6282683610916138
Sample 21,Chronos,0.37173157930374146
Sample 22,Time-MoE,0.6950502991676331
Sample 22,Moirai,0.30494970083236694
Sample 23,Moirai,0.6071855425834656
Sample 23,TimesFM,0.39281442761421204
Sample 24,Moirai,0.7244937419891357
Sample 24,TimesFM,0.27550628781318665
Sample 25,Timer,0.5140250325202942
Sample 25,Chronos,0.4859749674797058
Sample 26,Moirai,0.5551652312278748
Sample 26,TimesFM,0.44483476877212524
Sample 27,Timer,0.5837928652763367
Sample 27,Chronos,0.4162071645259857
Sample 28,Moirai,0.6546750664710999
Sample 28,TimesFM,0.3453249931335449
Sample 29,Time-MoE,0.5041779279708862
Sample 29,Timer,0.49582210183143616
Sample 30,Time-MoE,0.6738706231117249
Sample 30,Chronos,0.3261294364929199
Sample 31,Moirai,0.6315067410469055
Sample 31,TimesFM,0.3684932291507721
Sample 0,Moirai,0.7977949976921082
Sample 0,Timer,0.20220500230789185
Sample 1,Timer,0.5221362113952637
Sample 1,Chronos,0.47786378860473633
Sample 2,Time-MoE,0.5904989242553711
Sample 2,Chronos,0.4095011055469513
Sample 3,Timer,0.5794619917869568
Sample 3,Chronos,0.4205379784107208
Sample 4,TimesFM,0.674252450466156
Sample 4,Chronos,0.3257475793361664
Sample 5,Chronos,0.5070955157279968
Sample 5,Time-MoE,0.49290454387664795
Sample 6,Time-MoE,0.5916005969047546
Sample 6,Chronos,0.4083993434906006
Sample 7,Moirai,0.5511300563812256
Sample 7,TimesFM,0.4488699734210968
Sample 8,Moirai,0.6800685524940491
Sample 8,TimesFM,0.3199314773082733
Sample 9,Timer,0.5528926849365234
Sample 9,Chronos,0.44710737466812134
Sample 10,Moirai,0.6869004964828491
Sample 10,Time-MoE,0.31309953331947327
Sample 11,Timer,0.5549806356430054
Sample 11,TimesFM,0.44501930475234985
Sample 12,TimesFM,0.6261641383171082
Sample 12,Moirai,0.37383583188056946
Sample 13,Timer,0.6988365650177002
Sample 13,Chronos,0.3011634647846222
Sample 14,Time-MoE,0.8088027834892273
Sample 14,Chronos,0.1911972165107727
Sample 15,Chronos,0.5027759075164795
Sample 15,Timer,0.4972240626811981
Sample 16,Timer,0.6238935589790344
Sample 16,Moirai,0.3761064112186432
Sample 17,Time-MoE,0.5172756314277649
Sample 17,Chronos,0.4827243387699127
Sample 18,Time-MoE,0.6744904518127441
Sample 18,TimesFM,0.32550951838493347
Sample 19,Timer,0.5845979452133179
Sample 19,Chronos,0.41540205478668213
Sample 20,Moirai,0.5544935464859009
Sample 20,TimesFM,0.44550642371177673
Sample 21,Timer,0.5705864429473877
Sample 21,Chronos,0.4294135868549347
Sample 22,Time-MoE,0.6701039671897888
Sample 22,Chronos,0.3298960030078888
Sample 23,Moirai,0.6143851280212402
Sample 23,TimesFM,0.38561487197875977
Sample 24,Moirai,0.8478478789329529
Sample 24,TimesFM,0.15215206146240234
Sample 25,Timer,0.5546982884407043
Sample 25,Chronos,0.44530174136161804
Sample 26,TimesFM,0.6308117508888245
Sample 26,Time-MoE,0.36918818950653076
Sample 27,Timer,0.5935651659965515
Sample 27,Chronos,0.4064348340034485
Sample 28,Moirai,0.6336970925331116
Sample 28,TimesFM,0.3663029074668884
Sample 29,Time-MoE,0.5206480622291565
Sample 29,Chronos,0.47935187816619873
Sample 30,Time-MoE,0.7040538191795349
Sample 30,Chronos,0.29594624042510986
Sample 31,Moirai,0.6016122698783875
Sample 31,TimesFM,0.39838773012161255
Sample 0,Moirai,0.8634969592094421
Sample 0,TimesFM,0.13650301098823547
Sample 1,Timer,0.5150115489959717
Sample 1,Chronos,0.48498842120170593
Sample 2,TimesFM,0.6979385018348694
Sample 2,Chronos,0.3020614683628082
Sample 3,Timer,0.544078528881073
Sample 3,Chronos,0.4559215307235718
Sample 4,Moirai,0.6142048835754395
Sample 4,TimesFM,0.38579514622688293
Sample 5,Time-MoE,0.5216183662414551
Sample 5,Chronos,0.47838160395622253
Sample 6,Time-MoE,0.7145705223083496
Sample 6,Chronos,0.2854295074939728
Sample 7,Moirai,0.5345367789268494
Sample 7,TimesFM,0.46546319127082825
Sample 8,Moirai,0.7568804025650024
Sample 8,TimesFM,0.24311959743499756
Sample 9,Timer,0.5418784618377686
Sample 9,Chronos,0.45812153816223145
Sample 10,TimesFM,0.7733725309371948
Sample 10,Time-MoE,0.22662748396396637
Sample 11,Timer,0.571222186088562
Sample 11,Chronos,0.428777813911438
Sample 12,Time-MoE,0.5310431718826294
Sample 12,Timer,0.4689567983150482
Sample 13,Timer,0.6478131413459778
Sample 13,Chronos,0.3521868586540222
Sample 14,Moirai,0.6096124053001404
Sample 14,Time-MoE,0.39038756489753723
Sample 15,Moirai,0.5243471264839172
Sample 15,TimesFM,0.47565290331840515
Sample 16,Moirai,0.7105473279953003
Sample 16,TimesFM,0.2894526422023773
Sample 17,Timer,0.5531590580940247
Sample 17,Chronos,0.44684094190597534
Sample 18,TimesFM,0.5109084844589233
Sample 18,Moirai,0.48909151554107666
Sample 19,Timer,0.5404506921768188
Sample 19,Chronos,0.45954930782318115
Sample 20,Time-MoE,0.540106475353241
Sample 20,Chronos,0.45989352464675903
Sample 21,Timer,0.5986952781677246
Sample 21,Chronos,0.401304692029953
Sample 22,Time-MoE,0.8460541367530823
Sample 22,TimesFM,0.15394583344459534
Sample 23,Moirai,0.6167594790458679
Sample 23,TimesFM,0.3832405209541321
Sample 24,Moirai,0.5376611351966858
Sample 24,Timer,0.4623388648033142
Sample 25,Timer,0.5380892753601074
Sample 25,Chronos,0.4619107246398926
Sample 26,Time-MoE,0.5235442519187927
Sample 26,TimesFM,0.4764557480812073
Sample 27,Chronos,0.5394676923751831
Sample 27,Timer,0.4605322778224945
Sample 28,Time-MoE,0.5549534559249878
Sample 28,Moirai,0.4450465440750122
Sample 29,Time-MoE,0.6453902721405029
Sample 29,Timer,0.35460972785949707
Sample 30,Time-MoE,0.6576025485992432
Sample 30,TimesFM,0.3423975110054016
Sample 31,Time-MoE,0.5388756394386292
Sample 31,TimesFM,0.46112433075904846
Sample 0,Timer,0.5842644572257996
Sample 0,Chronos,0.41573554277420044
Sample 1,Chronos,0.5009281635284424
Sample 1,Time-MoE,0.4990718364715576
Sample 2,Time-MoE,0.617173969745636
Sample 2,Moirai,0.382826030254364
Sample 3,Timer,0.5991657376289368
Sample 3,Chronos,0.40083426237106323
Sample 4,Time-MoE,0.5020989179611206
Sample 4,TimesFM,0.4979011118412018
Sample 5,Timer,0.5600548386573792
Sample 5,Chronos,0.43994519114494324
Sample 6,Time-MoE,0.5408605933189392
Sample 6,Timer,0.45913946628570557
Sample 7,Moirai,0.622342050075531
Sample 7,TimesFM,0.37765800952911377
Sample 8,Moirai,0.8169253468513489
Sample 8,TimesFM,0.18307459354400635
Sample 9,Timer,0.5323079228401184
Sample 9,Chronos,0.4676920771598816
Sample 10,Time-MoE,0.7226795554161072
Sample 10,TimesFM,0.27732041478157043
Sample 11,Timer,0.5788390040397644
Sample 11,Chronos,0.4211609363555908
Sample 12,TimesFM,0.700817883014679
Sample 12,Moirai,0.29918211698532104
Sample 13,Timer,0.5007445216178894
Sample 13,Chronos,0.4992554783821106
Sample 14,Time-MoE,0.7119573354721069
Sample 14,Chronos,0.28804266452789307
Sample 15,Moirai,0.6315878033638
Sample 15,TimesFM,0.3684121370315552
Sample 0,Moirai,0.8617356419563293
Sample 0,TimesFM,0.13826437294483185
Sample 1,Timer,0.5145410895347595
Sample 1,Chronos,0.4854589104652405
Sample 2,TimesFM,0.5418781638145447
Sample 2,Moirai,0.4581218659877777
Sample 3,Timer,0.5511053800582886
Sample 3,Chronos,0.4488946199417114
Sample 4,TimesFM,0.6951513290405273
Sample 4,Chronos,0.30484870076179504
Sample 5,Chronos,0.5192586183547974
Sample 5,Timer,0.48074138164520264
Sample 6,Time-MoE,0.8086354732513428
Sample 6,Timer,0.19136452674865723
Sample 7,Moirai,0.6184089779853821
Sample 7,TimesFM,0.38159096240997314
Sample 8,Moirai,0.8118844032287598
Sample 8,TimesFM,0.18811556696891785
Sample 9,Timer,0.5223783254623413
Sample 9,Chronos,0.4776216745376587
Sample 10,Time-MoE,0.6723753809928894
Sample 10,Moirai,0.3276246190071106
Sample 11,Timer,0.5732696652412415
Sample 11,Chronos,0.42673036456108093
Sample 12,TimesFM,0.5523447394371033
Sample 12,Moirai,0.44765520095825195
Sample 13,Timer,0.5173912644386292
Sample 13,Chronos,0.48260876536369324
Sample 14,Time-MoE,0.817463219165802
Sample 14,Chronos,0.18253684043884277
Sample 15,Moirai,0.6026125550270081
Sample 15,TimesFM,0.39738747477531433
Sample 16,Moirai,0.7146970629692078
Sample 16,TimesFM,0.28530290722846985
Sample 17,Timer,0.5402125120162964
Sample 17,Chronos,0.459787517786026
Sample 18,TimesFM,0.7553899884223938
Sample 18,Time-MoE,0.2446100413799286
Sample 19,Timer,0.5486132502555847
Sample 19,Chronos,0.4513867199420929
Sample 20,Moirai,0.5850827097892761
Sample 20,Time-MoE,0.4149172902107239
Sample 21,Timer,0.6544044613838196
Sample 21,Chronos,0.34559547901153564
Sample 22,Time-MoE,0.6856279373168945
Sample 22,TimesFM,0.31437206268310547
Sample 23,TimesFM,0.5952304005622864
Sample 23,Moirai,0.404769629240036
Sample 24,Moirai,0.7761874198913574
Sample 24,TimesFM,0.22381260991096497
Sample 25,Timer,0.5425417423248291
Sample 25,Chronos,0.4574582278728485
Sample 26,Timer,0.5832953453063965
Sample 26,Time-MoE,0.4167046546936035
Sample 27,Timer,0.5211777687072754
Sample 27,TimesFM,0.4788222312927246
Sample 28,TimesFM,0.7346869111061096
Sample 28,Moirai,0.2653130888938904
Sample 29,Timer,0.5791460871696472
Sample 29,Time-MoE,0.42085394263267517
Sample 30,Time-MoE,0.7534050941467285
Sample 30,Chronos,0.24659490585327148
Sample 31,Moirai,0.7303175330162048
Sample 31,Time-MoE,0.26968252658843994
Sample 0,Moirai,0.540464460849762
Sample 0,Timer,0.4595355689525604
Sample 1,Chronos,0.5046272277832031
Sample 1,Timer,0.49537280201911926
Sample 2,Moirai,0.5004085898399353
Sample 2,Time-MoE,0.4995914101600647
Sample 3,Timer,0.5888791084289551
Sample 3,Chronos,0.41112083196640015
Sample 4,Moirai,0.5136529207229614
Sample 4,Time-MoE,0.4863470196723938
Sample 5,Timer,0.5130161046981812
Sample 5,Chronos,0.48698392510414124
Sample 6,Time-MoE,0.7635393738746643
Sample 6,Chronos,0.2364606261253357
Sample 7,Moirai,0.6056922078132629
Sample 7,TimesFM,0.3943077623844147
Sample 8,Moirai,0.7283403277397156
Sample 8,TimesFM,0.27165964245796204
Sample 9,Timer,0.5383790731430054
Sample 9,Chronos,0.461620956659317
Sample 10,Time-MoE,0.5035015344619751
Sample 10,Chronos,0.4964984953403473
Sample 11,Timer,0.5205458998680115
Sample 11,Chronos,0.4794541001319885
Sample 12,TimesFM,0.7910493016242981
Sample 12,Time-MoE,0.20895074307918549
Sample 13,Timer,0.6047550439834595
Sample 13,Chronos,0.3952449560165405
Sample 14,Time-MoE,0.6614329814910889
Sample 14,Timer,0.3385670483112335
Sample 15,Moirai,0.6408262848854065
Sample 15,Time-MoE,0.3591736853122711
Sample 16,Moirai,0.8151781558990479
Sample 16,TimesFM,0.18482181429862976
Sample 17,Timer,0.5325021147727966
Sample 17,Chronos,0.46749791502952576
Sample 18,Time-MoE,0.7281795740127563
Sample 18,TimesFM,0.27182045578956604
Sample 19,Timer,0.573625385761261
Sample 19,Chronos,0.426374614238739
Sample 20,TimesFM,0.5487541556358337
Sample 20,Chronos,0.45124584436416626
Sample 21,Timer,0.5517128109931946
Sample 21,Chronos,0.44828715920448303
Sample 22,Time-MoE,0.800650417804718
Sample 22,Moirai,0.19934964179992676
Sample 23,Moirai,0.5266889333724976
Sample 23,TimesFM,0.47331109642982483
Sample 24,Moirai,0.5722261667251587
Sample 24,Chronos,0.4277738034725189
Sample 25,Timer,0.5227693319320679
Sample 25,Chronos,0.47723063826560974
Sample 26,Time-MoE,0.6987048983573914
Sample 26,Chronos,0.30129504203796387
Sample 27,Timer,0.655001163482666
Sample 27,Chronos,0.3449987769126892
Sample 28,TimesFM,0.5121232271194458
Sample 28,Moirai,0.4878767728805542
Sample 29,Timer,0.632194995880127
Sample 29,Chronos,0.36780497431755066
Sample 30,Time-MoE,0.7391806244850159
Sample 30,Chronos,0.26081937551498413
Sample 31,Moirai,0.5484490394592285
Sample 31,TimesFM,0.4515509605407715
Sample 0,Moirai,0.7525050044059753
Sample 0,TimesFM,0.24749501049518585
Sample 1,Timer,0.5624834895133972
Sample 1,Chronos,0.437516450881958
Sample 2,Timer,0.7784473896026611
Sample 2,Time-MoE,0.22155265510082245
Sample 3,Timer,0.5336161851882935
Sample 3,Chronos,0.46638378500938416
Sample 4,Moirai,0.5540068745613098
Sample 4,TimesFM,0.4459931254386902
Sample 5,Time-MoE,0.6709117889404297
Sample 5,Chronos,0.3290881812572479
Sample 6,Time-MoE,0.7602405548095703
Sample 6,Chronos,0.2397594302892685
Sample 7,Moirai,0.604227602481842
Sample 7,TimesFM,0.39577242732048035
Sample 8,Moirai,0.7794003486633301
Sample 8,TimesFM,0.22059963643550873
Sample 9,Timer,0.5447510480880737
Sample 9,Chronos,0.45524901151657104
Sample 10,Chronos,0.5627508759498596
Sample 10,Timer,0.4372490644454956
Sample 11,Timer,0.6373097896575928
Sample 11,TimesFM,0.3626902401447296
Sample 12,TimesFM,0.5639908313751221
Sample 12,Moirai,0.43600916862487793
Sample 13,Timer,0.585414469242096
Sample 13,Chronos,0.41458553075790405
Sample 14,Time-MoE,0.6263632774353027
Sample 14,Chronos,0.3736366629600525
Sample 15,Moirai,0.5123542547225952
Sample 15,TimesFM,0.4876457154750824
Sample 16,Timer,0.5758026838302612
Sample 16,Chronos,0.42419734597206116
Sample 17,Timer,0.5073047280311584
Sample 17,Time-MoE,0.49269527196884155
Sample 18,Moirai,0.563034176826477
Sample 18,TimesFM,0.43696585297584534
Sample 19,Timer,0.532353937625885
Sample 19,Chronos,0.467646062374115
Sample 20,TimesFM,0.5711411833763123
Sample 20,Moirai,0.42885875701904297
Sample 21,Timer,0.656085193157196
Sample 21,Chronos,0.34391480684280396
Sample 22,Time-MoE,0.7631802558898926
Sample 22,Chronos,0.23681974411010742
Sample 23,Time-MoE,0.6193565130233765
Sample 23,Chronos,0.38064348697662354
Sample 24,Moirai,0.6988599300384521
Sample 24,TimesFM,0.30114004015922546
Sample 25,Timer,0.5160819292068481
Sample 25,Chronos,0.48391807079315186
Sample 26,Moirai,0.8196282386779785
Sample 26,Chronos,0.18037179112434387
Sample 27,Timer,0.5767614841461182
Sample 27,TimesFM,0.42323848605155945
Sample 28,TimesFM,0.6268211007118225
Sample 28,Moirai,0.3731788992881775
Sample 29,Timer,0.5943368077278137
Sample 29,Chronos,0.4056631326675415
Sample 30,Time-MoE,0.7384552359580994
Sample 30,Chronos,0.26154470443725586
Sample 31,Moirai,0.5138608813285828
Sample 31,TimesFM,0.4861391484737396
Sample 0,Moirai,0.6677145957946777
Sample 0,TimesFM,0.33228543400764465
Sample 1,Timer,0.5910634398460388
Sample 1,Chronos,0.4089365601539612
Sample 2,Timer,0.6460016965866089
Sample 2,Time-MoE,0.3539983034133911
Sample 3,Timer,0.6138104796409607
Sample 3,Chronos,0.3861895501613617
Sample 4,Chronos,0.5947007536888123
Sample 4,Time-MoE,0.40529924631118774
Sample 5,Timer,0.7854786515235901
Sample 5,Moirai,0.2145213484764099
Sample 6,Time-MoE,0.6075814366340637
Sample 6,Moirai,0.39241862297058105
Sample 7,TimesFM,0.5175668001174927
Sample 7,Moirai,0.48243317008018494
Sample 8,Moirai,0.8572178483009338
Sample 8,TimesFM,0.14278218150138855
Sample 9,Chronos,0.5066604018211365
Sample 9,Timer,0.49333956837654114
Sample 10,Time-MoE,0.5099356770515442
Sample 10,TimesFM,0.4900643229484558
Sample 11,Timer,0.571701169013977
Sample 11,Chronos,0.42829886078834534
Sample 12,Moirai,0.5292878746986389
Sample 12,TimesFM,0.4707121253013611
Sample 13,Time-MoE,0.5195256471633911
Sample 13,Chronos,0.4804743230342865
Sample 14,Time-MoE,0.822854220867157
Sample 14,Chronos,0.17714577913284302
Sample 15,TimesFM,0.5547385215759277
Sample 15,Moirai,0.44526150822639465
Sample 16,Moirai,0.7798583507537842
Sample 16,TimesFM,0.22014161944389343
Sample 17,Time-MoE,0.5243456959724426
Sample 17,Chronos,0.47565436363220215
Sample 18,TimesFM,0.5104586482048035
Sample 18,Moirai,0.48954132199287415
Sample 19,Timer,0.6278823614120483
Sample 19,TimesFM,0.37211763858795166
Sample 20,TimesFM,0.5764317512512207
Sample 20,Moirai,0.4235682487487793
Sample 21,Time-MoE,0.6849640011787415
Sample 21,Chronos,0.31503602862358093
Sample 22,Time-MoE,0.7448596358299255
Sample 22,Moirai,0.2551403343677521
Sample 23,Moirai,0.5770822167396545
Sample 23,TimesFM,0.42291778326034546
Sample 24,Moirai,0.6974102258682251
Sample 24,TimesFM,0.3025898039340973
Sample 25,Chronos,0.5004557967185974
Sample 25,Time-MoE,0.4995441734790802
Sample 26,Moirai,0.5064499378204346
Sample 26,TimesFM,0.4935500919818878
Sample 27,Timer,0.5784118175506592
Sample 27,Chronos,0.42158815264701843
Sample 28,Moirai,0.5691865086555481
Sample 28,TimesFM,0.4308134615421295
Sample 29,Time-MoE,0.5369085073471069
Sample 29,Timer,0.46309149265289307
Sample 30,Time-MoE,0.7325295209884644
Sample 30,Chronos,0.26747044920921326
Sample 31,Moirai,0.5719484090805054
Sample 31,TimesFM,0.4280516505241394
Sample 0,Moirai,0.8472234010696411
Sample 0,Timer,0.15277664363384247
Sample 1,Timer,0.5008503198623657
Sample 1,Chronos,0.4991496801376343
Sample 2,Time-MoE,0.6057857871055603
Sample 2,Chronos,0.3942142426967621
Sample 3,Timer,0.5669852495193481
Sample 3,Chronos,0.43301472067832947
Sample 4,TimesFM,0.6781240701675415
Sample 4,Chronos,0.32187598943710327
Sample 5,Time-MoE,0.5430265069007874
Sample 5,Chronos,0.4569735527038574
Sample 6,Time-MoE,0.6571804285049438
Sample 6,Chronos,0.34281957149505615
Sample 7,Moirai,0.5409762263298035
Sample 7,TimesFM,0.45902374386787415
Sample 8,Moirai,0.735581636428833
Sample 8,TimesFM,0.26441842317581177
Sample 9,Timer,0.5303553938865662
Sample 9,Chronos,0.46964457631111145
Sample 10,Moirai,0.6586272120475769
Sample 10,Time-MoE,0.3413727581501007
Sample 11,Timer,0.5598544478416443
Sample 11,TimesFM,0.4401455819606781
Sample 12,TimesFM,0.7177380323410034
Sample 12,Moirai,0.2822619676589966
Sample 13,Timer,0.7106411457061768
Sample 13,Chronos,0.28935882449150085
Sample 14,Time-MoE,0.8283721804618835
Sample 14,TimesFM,0.17162778973579407
Sample 15,Timer,0.5036125183105469
Sample 15,Chronos,0.4963874816894531
Sample 16,Timer,0.5705846548080444
Sample 16,Moirai,0.4294152855873108
Sample 17,Time-MoE,0.56402587890625
Sample 17,Chronos,0.4359741508960724
Sample 18,Time-MoE,0.7530019283294678
Sample 18,TimesFM,0.24699808657169342
Sample 19,Timer,0.5883317589759827
Sample 19,Chronos,0.41166824102401733
Sample 20,TimesFM,0.557050347328186
Sample 20,Moirai,0.44294968247413635
Sample 21,Timer,0.5713375806808472
Sample 21,Time-MoE,0.42866238951683044
Sample 22,Time-MoE,0.7282879948616028
Sample 22,Chronos,0.2717120051383972
Sample 23,Moirai,0.5637012720108032
Sample 23,TimesFM,0.43629875779151917
Sample 24,Moirai,0.8759942650794983
Sample 24,TimesFM,0.12400567531585693
Sample 25,Timer,0.5295436382293701
Sample 25,Chronos,0.47045639157295227
Sample 26,TimesFM,0.6130417585372925
Sample 26,Time-MoE,0.3869583010673523
Sample 27,Timer,0.5835850834846497
Sample 27,Chronos,0.41641494631767273
Sample 28,Moirai,0.5716644525527954
Sample 28,TimesFM,0.4283355474472046
Sample 29,Time-MoE,0.5493922233581543
Sample 29,Chronos,0.4506078362464905
Sample 30,Time-MoE,0.7693798542022705
Sample 30,Chronos,0.2306201308965683
Sample 31,Moirai,0.5905895829200745
Sample 31,TimesFM,0.40941041707992554
Sample 0,Moirai,0.8747408986091614
Sample 0,TimesFM,0.12525907158851624
Sample 1,Chronos,0.5135747790336609
Sample 1,Timer,0.4864252209663391
Sample 2,TimesFM,0.7049857378005981
Sample 2,Chronos,0.2950142025947571
Sample 3,Timer,0.5290645360946655
Sample 3,Chronos,0.47093549370765686
Sample 4,Moirai,0.5150341987609863
Sample 4,TimesFM,0.4849657714366913
Sample 5,Time-MoE,0.5566275119781494
Sample 5,Chronos,0.443372517824173
Sample 6,Time-MoE,0.7507457733154297
Sample 6,Chronos,0.2492542713880539
Sample 7,Moirai,0.5248708128929138
Sample 7,TimesFM,0.47512921690940857
Sample 8,Moirai,0.7762506604194641
Sample 8,TimesFM,0.2237493246793747
Sample 9,Timer,0.5210580229759216
Sample 9,Chronos,0.47894200682640076
Sample 10,TimesFM,0.7949784398078918
Sample 10,Time-MoE,0.20502157509326935
Sample 11,Timer,0.5445205569267273
Sample 11,Chronos,0.4554794132709503
Sample 12,Time-MoE,0.5227534770965576
Sample 12,Timer,0.4772465229034424
Sample 13,Timer,0.6610656380653381
Sample 13,Chronos,0.33893442153930664
Sample 14,Moirai,0.6308342218399048
Sample 14,Time-MoE,0.36916571855545044
Sample 15,Moirai,0.5281343460083008
Sample 15,TimesFM,0.47186562418937683
Sample 16,Moirai,0.7052668929100037
Sample 16,TimesFM,0.2947331666946411
Sample 17,Timer,0.5298067331314087
Sample 17,Chronos,0.4701932966709137
Sample 18,TimesFM,0.5686632990837097
Sample 18,Moirai,0.43133676052093506
Sample 19,Timer,0.5180525779724121
Sample 19,Chronos,0.4819474518299103
Sample 20,Time-MoE,0.5740533471107483
Sample 20,Chronos,0.4259466826915741
Sample 21,Timer,0.5919285416603088
Sample 21,Chronos,0.4080713987350464
Sample 22,Time-MoE,0.8645210862159729
Sample 22,TimesFM,0.1354789435863495
Sample 23,Moirai,0.553485095500946
Sample 23,TimesFM,0.44651487469673157
Sample 24,Moirai,0.6399303674697876
Sample 24,Timer,0.3600696325302124
Sample 25,Timer,0.5195080637931824
Sample 25,Chronos,0.48049190640449524
Sample 26,Time-MoE,0.5213753581047058
Sample 26,TimesFM,0.4786246418952942
Sample 27,Chronos,0.5102037191390991
Sample 27,Time-MoE,0.48979631066322327
Sample 28,Moirai,0.5109916925430298
Sample 28,Time-MoE,0.4890083372592926
Sample 29,Time-MoE,0.6771594882011414
Sample 29,Chronos,0.32284051179885864
Sample 30,Time-MoE,0.6442522406578064
Sample 30,TimesFM,0.3557477593421936
Sample 31,TimesFM,0.5128220319747925
Sample 31,Time-MoE,0.4871779978275299
Sample 0,Timer,0.5549652576446533
Sample 0,Chronos,0.44503477215766907
Sample 1,Time-MoE,0.5113359689712524
Sample 1,Chronos,0.48866400122642517
Sample 2,Time-MoE,0.6284446716308594
Sample 2,Moirai,0.371555358171463
Sample 3,Timer,0.5853759050369263
Sample 3,Chronos,0.41462406516075134
Sample 4,TimesFM,0.5840187072753906
Sample 4,Time-MoE,0.4159812927246094
Sample 5,Timer,0.5469622611999512
Sample 5,Chronos,0.45303770899772644
Sample 6,Time-MoE,0.5391292572021484
Sample 6,Timer,0.46087074279785156
Sample 7,Moirai,0.5818498730659485
Sample 7,TimesFM,0.4181501269340515
Sample 8,Moirai,0.8569990992546082
Sample 8,TimesFM,0.14300088584423065
Sample 9,Chronos,0.5005685091018677
Sample 9,Timer,0.49943146109580994
Sample 10,Time-MoE,0.7343103885650635
Sample 10,TimesFM,0.26568955183029175
Sample 11,Timer,0.5540948510169983
Sample 11,Chronos,0.4459051191806793
Sample 12,TimesFM,0.7432924509048462
Sample 12,Chronos,0.2567076086997986
Sample 13,Chronos,0.5046572685241699
Sample 13,Time-MoE,0.4953427314758301
Sample 14,Time-MoE,0.7355715036392212
Sample 14,Chronos,0.2644285261631012
Sample 15,Moirai,0.5698671340942383
Sample 15,TimesFM,0.4301329255104065
Sample 0,Moirai,0.9086618423461914
Sample 0,TimesFM,0.09133812040090561
Sample 1,Chronos,0.5200846791267395
Sample 1,Timer,0.4799152910709381
Sample 2,TimesFM,0.5853673219680786
Sample 2,Timer,0.4146326780319214
Sample 3,Timer,0.5352534651756287
Sample 3,Chronos,0.4647465646266937
Sample 4,TimesFM,0.6933771371841431
Sample 4,Chronos,0.30662280321121216
Sample 5,Chronos,0.5107133388519287
Sample 5,Time-MoE,0.4892866313457489
Sample 6,Time-MoE,0.8269084095954895
Sample 6,Timer,0.1730915755033493
Sample 7,Moirai,0.5536144971847534
Sample 7,TimesFM,0.4463854730129242
Sample 8,Moirai,0.8882426619529724
Sample 8,TimesFM,0.11175736039876938
Sample 9,Chronos,0.5123561024665833
Sample 9,Timer,0.48764389753341675
Sample 10,Time-MoE,0.6682453751564026
Sample 10,Moirai,0.3317546248435974
Sample 11,Timer,0.5625137090682983
Sample 11,Chronos,0.43748629093170166
Sample 12,TimesFM,0.6347801089286804
Sample 12,Moirai,0.3652198314666748
Sample 13,Timer,0.5014929175376892
Sample 13,Chronos,0.4985070824623108
Sample 14,Time-MoE,0.8309244513511658
Sample 14,Chronos,0.16907547414302826
Sample 15,Moirai,0.5305935740470886
Sample 15,TimesFM,0.469406396150589
Sample 16,Moirai,0.7470996379852295
Sample 16,TimesFM,0.2529003918170929
Sample 17,Timer,0.5087162852287292
Sample 17,Chronos,0.4912837743759155
Sample 18,TimesFM,0.807459831237793
Sample 18,Time-MoE,0.19254013895988464
Sample 19,Timer,0.5210980772972107
Sample 19,Chronos,0.4789018929004669
Sample 20,Moirai,0.6513732671737671
Sample 20,Time-MoE,0.34862667322158813
Sample 21,Timer,0.6536952257156372
Sample 21,Chronos,0.3463047742843628
Sample 22,Time-MoE,0.6696440577507019
Sample 22,TimesFM,0.3303558826446533
Sample 23,TimesFM,0.6366150975227356
Sample 23,Timer,0.3633849620819092
Sample 24,Moirai,0.7735550999641418
Sample 24,TimesFM,0.22644487023353577
Sample 25,Timer,0.5097676515579224
Sample 25,Chronos,0.49023234844207764
Sample 26,Timer,0.5157168507575989
Sample 26,Time-MoE,0.48428311944007874
Sample 27,Timer,0.5104184746742249
Sample 27,TimesFM,0.48958149552345276
Sample 28,TimesFM,0.8228545784950256
Sample 28,Timer,0.17714546620845795
Sample 29,Timer,0.5577380657196045
Sample 29,Time-MoE,0.4422619640827179
Sample 30,Time-MoE,0.7766452431678772
Sample 30,Chronos,0.223354771733284
Sample 31,Moirai,0.6875649094581604
Sample 31,Time-MoE,0.3124350607395172
Sample 0,Moirai,0.641646683216095
Sample 0,Timer,0.35835328698158264
Sample 1,Chronos,0.5472650527954102
Sample 1,Time-MoE,0.45273494720458984
Sample 2,Moirai,0.5130283236503601
Sample 2,Time-MoE,0.4869716465473175
Sample 3,Timer,0.5547056198120117
Sample 3,Chronos,0.44529440999031067
Sample 4,Time-MoE,0.5289475321769714
Sample 4,Moirai,0.47105246782302856
Sample 5,Chronos,0.5147709250450134
Sample 5,Timer,0.4852290749549866
Sample 6,Time-MoE,0.7676459550857544
Sample 6,Chronos,0.23235398530960083
Sample 7,Moirai,0.5483619570732117
Sample 7,TimesFM,0.45163804292678833
Sample 8,Moirai,0.8194974660873413
Sample 8,TimesFM,0.1805025339126587
Sample 9,Timer,0.500617265701294
Sample 9,Chronos,0.49938273429870605
Sample 10,Chronos,0.5303652882575989
Sample 10,Time-MoE,0.4696347117424011
Sample 11,Chronos,0.5014626383781433
Sample 11,Time-MoE,0.4985373914241791
Sample 12,TimesFM,0.8403456807136536
Sample 12,Time-MoE,0.15965427458286285
Sample 13,Timer,0.5766776204109192
Sample 13,Chronos,0.4233223795890808
Sample 14,Time-MoE,0.6624693870544434
Sample 14,Timer,0.33753061294555664
Sample 15,Moirai,0.616980791091919
Sample 15,Time-MoE,0.38301920890808105
Sample 16,Moirai,0.8731887936592102
Sample 16,TimesFM,0.1268111914396286
Sample 17,Chronos,0.5100460648536682
Sample 17,Timer,0.4899539351463318
Sample 18,Time-MoE,0.7086395025253296
Sample 18,TimesFM,0.2913604974746704
Sample 19,Timer,0.5372124314308167
Sample 19,Chronos,0.4627875089645386
Sample 20,TimesFM,0.5283459424972534
Sample 20,Chronos,0.4716540575027466
Sample 21,Timer,0.5195117592811584
Sample 21,Chronos,0.48048824071884155
Sample 22,Time-MoE,0.8038759827613831
Sample 22,Moirai,0.19612398743629456
Sample 23,TimesFM,0.6039115190505981
Sample 23,Moirai,0.39608848094940186
Sample 24,Moirai,0.6762068867683411
Sample 24,Chronos,0.32379311323165894
Sample 25,Chronos,0.5100268125534058
Sample 25,Timer,0.48997315764427185
Sample 26,Time-MoE,0.7183696627616882
Sample 26,Chronos,0.28163036704063416
Sample 27,Timer,0.6578951478004456
Sample 27,Chronos,0.34210488200187683
Sample 28,TimesFM,0.6443914771080017
Sample 28,Timer,0.3556084930896759
Sample 29,Timer,0.6153005957603455
Sample 29,Chronos,0.38469937443733215
Sample 30,Time-MoE,0.7450709939002991
Sample 30,Chronos,0.2549290359020233
Sample 31,TimesFM,0.5307462811470032
Sample 31,Moirai,0.4692537188529968
Sample 0,Moirai,0.7673072218894958
Sample 0,TimesFM,0.23269273340702057
Sample 1,Timer,0.5192955732345581
Sample 1,Chronos,0.48070448637008667
Sample 2,Timer,0.8240829110145569
Sample 2,Time-MoE,0.1759171038866043
Sample 3,Timer,0.5055574774742126
Sample 3,Chronos,0.49444249272346497
Sample 4,Moirai,0.5564147233963013
Sample 4,TimesFM,0.44358527660369873
Sample 5,Time-MoE,0.6659340858459473
Sample 5,TimesFM,0.33406591415405273
Sample 6,Time-MoE,0.7644579410552979
Sample 6,Chronos,0.23554202914237976
Sample 7,Moirai,0.6095023155212402
Sample 7,TimesFM,0.39049774408340454
Sample 8,Moirai,0.7653657793998718
Sample 8,TimesFM,0.23463426530361176
Sample 9,Chronos,0.5006515383720398
Sample 9,Timer,0.4993484616279602
Sample 10,Chronos,0.5793213248252869
Sample 10,Time-MoE,0.42067867517471313
Sample 11,Timer,0.656701385974884
Sample 11,TimesFM,0.34329864382743835
Sample 12,TimesFM,0.7092732787132263
Sample 12,Moirai,0.2907266616821289
Sample 13,Timer,0.5641707181930542
Sample 13,Chronos,0.4358292520046234
Sample 14,Time-MoE,0.6306014060974121
Sample 14,Chronos,0.3693986237049103
Sample 15,TimesFM,0.5688682198524475
Sample 15,Moirai,0.4311317503452301
Sample 16,Timer,0.5132760405540466
Sample 16,Moirai,0.48672398924827576
Sample 17,Chronos,0.5065281391143799
Sample 17,Time-MoE,0.4934718608856201
Sample 18,TimesFM,0.5419411063194275
Sample 18,Moirai,0.4580588638782501
Sample 19,Moirai,0.5167393684387207
Sample 19,Chronos,0.4832606315612793
Sample 20,TimesFM,0.6371444463729858
Sample 20,Timer,0.36285555362701416
Sample 21,Timer,0.6366226077079773
Sample 21,Chronos,0.3633774220943451
Sample 22,Time-MoE,0.7513307929039001
Sample 22,Moirai,0.24866920709609985
Sample 23,Time-MoE,0.6287498474121094
Sample 23,Timer,0.3712502121925354
Sample 24,Moirai,0.6565952897071838
Sample 24,TimesFM,0.34340474009513855
Sample 25,Chronos,0.5292357206344604
Sample 25,Timer,0.47076430916786194
Sample 26,Moirai,0.8127234578132629
Sample 26,Chronos,0.18727657198905945
Sample 27,Timer,0.6068180203437805
Sample 27,TimesFM,0.3931819796562195
Sample 28,TimesFM,0.7559696435928345
Sample 28,Timer,0.24403038620948792
Sample 29,Timer,0.5724489092826843
Sample 29,Chronos,0.4275510609149933
Sample 30,Time-MoE,0.734447717666626
Sample 30,Chronos,0.26555222272872925
Sample 31,TimesFM,0.5980098843574524
Sample 31,Moirai,0.4019901156425476
Sample 0,Moirai,0.6894849538803101
Sample 0,TimesFM,0.3105151057243347
Sample 1,Timer,0.5376417636871338
Sample 1,Chronos,0.4623582363128662
Sample 2,Timer,0.6234961152076721
Sample 2,Time-MoE,0.3765038251876831
Sample 3,Timer,0.5708587765693665
Sample 3,Chronos,0.42914119362831116
Sample 4,Chronos,0.6149290204048157
Sample 4,Time-MoE,0.3850709795951843
Sample 5,Timer,0.711858868598938
Sample 5,Moirai,0.288141131401062
Sample 6,Time-MoE,0.5261358618736267
Sample 6,Moirai,0.4738641083240509
Sample 7,Moirai,0.5016559362411499
Sample 7,TimesFM,0.4983440637588501
Sample 8,Moirai,0.8980104327201843
Sample 8,TimesFM,0.10198961943387985
Sample 9,Chronos,0.560536801815033
Sample 9,Timer,0.43946316838264465
Sample 10,TimesFM,0.5258036851882935
Sample 10,Time-MoE,0.47419628500938416
Sample 11,Timer,0.5561185479164124
Sample 11,Chronos,0.44388145208358765
Sample 12,TimesFM,0.5710533261299133
Sample 12,Moirai,0.4289466142654419
Sample 13,Time-MoE,0.5017631649971008
Sample 13,Chronos,0.49823686480522156
Sample 14,Time-MoE,0.822783350944519
Sample 14,Chronos,0.17721660435199738
Sample 15,TimesFM,0.6354508996009827
Sample 15,Moirai,0.36454904079437256
Sample 16,Moirai,0.8317323327064514
Sample 16,TimesFM,0.16826769709587097
Sample 17,Chronos,0.5169782042503357
Sample 17,Time-MoE,0.4830217957496643
Sample 18,TimesFM,0.512389063835144
Sample 18,Moirai,0.48761096596717834
Sample 19,Timer,0.6566765308380127
Sample 19,TimesFM,0.3433234989643097
Sample 20,TimesFM,0.692658007144928
Sample 20,Timer,0.30734196305274963
Sample 21,Time-MoE,0.6751405596733093
Sample 21,Chronos,0.3248594403266907
Sample 22,Time-MoE,0.7562738656997681
Sample 22,Moirai,0.24372610449790955
Sample 23,Moirai,0.5359625816345215
Sample 23,TimesFM,0.4640374183654785
Sample 24,Moirai,0.6928473711013794
Sample 24,TimesFM,0.3071525990962982
Sample 25,Chronos,0.5274976491928101
Sample 25,Time-MoE,0.47250235080718994
Sample 26,TimesFM,0.5544132590293884
Sample 26,Time-MoE,0.4455867409706116
Sample 27,Timer,0.561585009098053
Sample 27,Chronos,0.438414990901947
Sample 28,TimesFM,0.5284467935562134
Sample 28,Moirai,0.47155314683914185
Sample 29,Time-MoE,0.5028709769248962
Sample 29,Timer,0.49712899327278137
Sample 30,Time-MoE,0.7324099540710449
Sample 30,Chronos,0.26759010553359985
Sample 31,Moirai,0.5042898654937744
Sample 31,TimesFM,0.4957101047039032
Sample 0,Moirai,0.913109302520752
Sample 0,Chronos,0.08689067512750626
Sample 1,Chronos,0.5600630640983582
Sample 1,Timer,0.43993690609931946
Sample 2,Time-MoE,0.5782239437103271
Sample 2,Chronos,0.42177602648735046
Sample 3,Timer,0.5272534489631653
Sample 3,Chronos,0.47274652123451233
Sample 4,TimesFM,0.6589373350143433
Sample 4,Chronos,0.3410627245903015
Sample 5,Time-MoE,0.5155869126319885
Sample 5,Chronos,0.4844130873680115
Sample 6,Time-MoE,0.6552472710609436
Sample 6,Chronos,0.3447526693344116
Sample 7,Moirai,0.5505481362342834
Sample 7,TimesFM,0.44945186376571655
Sample 8,Moirai,0.8315295577049255
Sample 8,TimesFM,0.16847045719623566
Sample 9,Chronos,0.5321241617202759
Sample 9,Timer,0.4678758382797241
Sample 10,Moirai,0.6152690649032593
Sample 10,Time-MoE,0.3847309350967407
Sample 11,Timer,0.5323801636695862
Sample 11,TimesFM,0.46761980652809143
Sample 12,TimesFM,0.7633975744247437
Sample 12,Chronos,0.23660244047641754
Sample 13,Timer,0.6860063672065735
Sample 13,Chronos,0.3139936029911041
Sample 14,Time-MoE,0.8316490650177002
Sample 14,Chronos,0.1683509349822998
Sample 15,Timer,0.538251519203186
Sample 15,Chronos,0.4617484509944916
Sample 16,Moirai,0.6123660802841187
Sample 16,Timer,0.3876339793205261
Sample 17,Time-MoE,0.53521329164505
Sample 17,Chronos,0.4647866487503052
Sample 18,Time-MoE,0.7977502346038818
Sample 18,TimesFM,0.20224972069263458
Sample 19,Timer,0.6185752153396606
Sample 19,Chronos,0.38142478466033936
Sample 20,TimesFM,0.6904057860374451
Sample 20,Moirai,0.30959418416023254
Sample 21,Timer,0.5480452179908752
Sample 21,Chronos,0.45195478200912476
Sample 22,Time-MoE,0.727450430393219
Sample 22,Chronos,0.2725495398044586
Sample 23,Moirai,0.50339674949646
Sample 23,TimesFM,0.4966032803058624
Sample 24,Moirai,0.9187635779380798
Sample 24,TimesFM,0.08123649656772614
Sample 25,Chronos,0.53316730260849
Sample 25,Timer,0.4668327271938324
Sample 26,TimesFM,0.6071981191635132
Sample 26,Time-MoE,0.39280185103416443
Sample 27,Timer,0.5520312190055847
Sample 27,Chronos,0.44796881079673767
Sample 28,Moirai,0.5125969052314758
Sample 28,TimesFM,0.48740312457084656
Sample 29,Time-MoE,0.5306620001792908
Sample 29,Chronos,0.46933799982070923
Sample 30,Time-MoE,0.7833272814750671
Sample 30,Chronos,0.21667268872261047
Sample 31,Moirai,0.6074694991111755
Sample 31,TimesFM,0.3925304710865021
Sample 0,Moirai,0.9026850461959839
Sample 0,TimesFM,0.09731493890285492
Sample 1,Chronos,0.5749391317367554
Sample 1,Timer,0.42506083846092224
Sample 2,TimesFM,0.6978311538696289
Sample 2,Time-MoE,0.3021688461303711
Sample 3,Chronos,0.513633131980896
Sample 3,Timer,0.4863668382167816
Sample 4,TimesFM,0.5834453701972961
Sample 4,Moirai,0.41655468940734863
Sample 5,Time-MoE,0.5353436470031738
Sample 5,Chronos,0.46465638279914856
Sample 6,Time-MoE,0.7611211538314819
Sample 6,Chronos,0.23887881636619568
Sample 7,Moirai,0.5308131575584412
Sample 7,TimesFM,0.46918684244155884
Sample 8,Moirai,0.8133154511451721
Sample 8,TimesFM,0.18668454885482788
Sample 9,Chronos,0.5396443605422974
Sample 9,Timer,0.46035563945770264
Sample 10,TimesFM,0.8158733248710632
Sample 10,Moirai,0.18412670493125916
Sample 11,Chronos,0.514439046382904
Sample 11,Timer,0.48556095361709595
Sample 12,Time-MoE,0.5014163851737976
Sample 12,Timer,0.4985836148262024
Sample 13,Timer,0.709786057472229
Sample 13,Chronos,0.2902139723300934
Sample 14,Moirai,0.5962511301040649
Sample 14,Time-MoE,0.40374884009361267
Sample 15,Moirai,0.518085241317749
Sample 15,Time-MoE,0.4819147288799286
Sample 16,Moirai,0.7417005896568298
Sample 16,TimesFM,0.25829941034317017
Sample 17,Chronos,0.5349029302597046
Sample 17,Timer,0.4650970995426178
Sample 18,TimesFM,0.5998281240463257
Sample 18,Moirai,0.4001718759536743
Sample 19,Chronos,0.538418173789978
Sample 19,Timer,0.46158185601234436
Sample 20,Time-MoE,0.5592330694198608
Sample 20,Chronos,0.44076696038246155
Sample 21,Timer,0.5440344214439392
Sample 21,Chronos,0.4559655785560608
Sample 22,Time-MoE,0.8807453513145447
Sample 22,TimesFM,0.11925463378429413
Sample 23,Moirai,0.5143259167671204
Sample 23,TimesFM,0.48567408323287964
Sample 24,Moirai,0.81279057264328
Sample 24,Chronos,0.18720947206020355
Sample 25,Chronos,0.5339767932891846
Sample 25,Timer,0.46602314710617065
Sample 26,Time-MoE,0.5304127335548401
Sample 26,TimesFM,0.4695872664451599
Sample 27,Chronos,0.534991443157196
Sample 27,Time-MoE,0.46500852704048157
Sample 28,Moirai,0.5472971796989441
Sample 28,Time-MoE,0.4527027904987335
Sample 29,Time-MoE,0.6634232401847839
Sample 29,Chronos,0.33657675981521606
Sample 30,Time-MoE,0.6417552828788757
Sample 30,TimesFM,0.35824474692344666
Sample 31,TimesFM,0.508592963218689
Sample 31,Timer,0.4914070963859558
Sample 0,Moirai,0.5175485014915466
Sample 0,Chronos,0.48245149850845337
Sample 1,Chronos,0.5172808766365051
Sample 1,Time-MoE,0.48271915316581726
Sample 2,Time-MoE,0.6685316562652588
Sample 2,Moirai,0.3314683139324188
Sample 3,Timer,0.5601232051849365
Sample 3,Chronos,0.4398767650127411
Sample 4,TimesFM,0.631699800491333
Sample 4,Time-MoE,0.3683001697063446
Sample 5,Timer,0.5058571696281433
Sample 5,Chronos,0.4941428005695343
Sample 6,Time-MoE,0.5299946069717407
Sample 6,Timer,0.47000542283058167
Sample 7,Moirai,0.5770389437675476
Sample 7,TimesFM,0.4229610562324524
Sample 8,Moirai,0.8959469795227051
Sample 8,TimesFM,0.10405305027961731
Sample 9,Chronos,0.5572579503059387
Sample 9,Timer,0.44274207949638367
Sample 10,Time-MoE,0.7438739538192749
Sample 10,TimesFM,0.2561260461807251
Sample 11,Timer,0.5129081010818481
Sample 11,Chronos,0.48709186911582947
Sample 12,TimesFM,0.7415271997451782
Sample 12,Chronos,0.2584727704524994
Sample 13,Chronos,0.5278537273406982
Sample 13,Time-MoE,0.47214627265930176
Sample 14,Time-MoE,0.7321066856384277
Sample 14,Chronos,0.26789331436157227
Sample 15,Moirai,0.5518775582313538
Sample 15,TimesFM,0.44812244176864624
Sample 0,Moirai,0.9362753629684448
Sample 0,TimesFM,0.06372465938329697
Sample 1,Chronos,0.5653650164604187
Sample 1,Timer,0.4346349537372589
Sample 2,TimesFM,0.5654818415641785
Sample 2,Timer,0.43451815843582153
Sample 3,Timer,0.5101184248924255
Sample 3,Chronos,0.48988160490989685
Sample 4,TimesFM,0.6698035001754761
Sample 4,Time-MoE,0.3301965594291687
Sample 5,Chronos,0.5335438847541809
Sample 5,Time-MoE,0.4664561152458191
Sample 6,Time-MoE,0.8291838765144348
Sample 6,Chronos,0.17081615328788757
Sample 7,Moirai,0.5501320362091064
Sample 7,TimesFM,0.44986796379089355
Sample 8,Moirai,0.9268983602523804
Sample 8,TimesFM,0.07310160994529724
Sample 9,Chronos,0.5577223896980286
Sample 9,Timer,0.44227761030197144
Sample 10,Time-MoE,0.6854905486106873
Sample 10,Moirai,0.31450939178466797
Sample 11,Timer,0.5401849150657654
Sample 11,Chronos,0.459815114736557
Sample 12,TimesFM,0.6752955913543701
Sample 12,Moirai,0.32470443844795227
Sample 13,Chronos,0.5278437733650208
Sample 13,Timer,0.472156286239624
Sample 14,Time-MoE,0.8414024114608765
Sample 14,Chronos,0.15859761834144592
Sample 15,Moirai,0.5209329724311829
Sample 15,TimesFM,0.47906699776649475
Sample 16,Moirai,0.7806428074836731
Sample 16,TimesFM,0.2193571776151657
Sample 17,Chronos,0.5380487442016602
Sample 17,Timer,0.46195122599601746
Sample 18,TimesFM,0.8335766196250916
Sample 18,Timer,0.16642343997955322
Sample 19,Chronos,0.5153859853744507
Sample 19,Timer,0.4846140444278717
Sample 20,Moirai,0.6995668411254883
Sample 20,Time-MoE,0.3004331588745117
Sample 21,Timer,0.6370136737823486
Sample 21,Chronos,0.36298635601997375
Sample 22,Time-MoE,0.6859799027442932
Sample 22,TimesFM,0.31402015686035156
Sample 23,TimesFM,0.651071310043335
Sample 23,Timer,0.34892868995666504
Sample 24,Moirai,0.7963111400604248
Sample 24,TimesFM,0.2036888599395752
Sample 25,Chronos,0.5341313481330872
Sample 25,Timer,0.46586859226226807
Sample 26,Time-MoE,0.5318352580070496
Sample 26,Timer,0.46816471219062805
Sample 27,Moirai,0.5004364848136902
Sample 27,Chronos,0.49956345558166504
Sample 28,TimesFM,0.8295289278030396
Sample 28,Timer,0.17047104239463806
Sample 29,Timer,0.5540193915367126
Sample 29,Chronos,0.44598057866096497
Sample 30,Time-MoE,0.786631166934967
Sample 30,Chronos,0.21336886286735535
Sample 31,Moirai,0.6773105263710022
Sample 31,Time-MoE,0.3226894736289978
Sample 0,Moirai,0.7159604430198669
Sample 0,Timer,0.28403952717781067
Sample 1,Chronos,0.5688787698745728
Sample 1,Time-MoE,0.43112125992774963
Sample 2,Time-MoE,0.5281562209129333
Sample 2,Moirai,0.47184377908706665
Sample 3,Timer,0.5282514095306396
Sample 3,Chronos,0.47174862027168274
Sample 4,Time-MoE,0.5273103713989258
Sample 4,Timer,0.472689688205719
Sample 5,Chronos,0.5397874116897583
Sample 5,Timer,0.4602125883102417
Sample 6,Time-MoE,0.7790077924728394
Sample 6,Chronos,0.22099223732948303
Sample 7,Moirai,0.5551654100418091
Sample 7,TimesFM,0.4448346495628357
Sample 8,Moirai,0.8466451168060303
Sample 8,TimesFM,0.15335486829280853
Sample 9,Chronos,0.5330087542533875
Sample 9,Timer,0.46699124574661255
Sample 10,Chronos,0.5706125497817993
Sample 10,Time-MoE,0.42938750982284546
Sample 11,Time-MoE,0.5008134841918945
Sample 11,Chronos,0.49918654561042786
Sample 12,TimesFM,0.8567008972167969
Sample 12,Time-MoE,0.14329905807971954
Sample 13,Timer,0.5518053770065308
Sample 13,Chronos,0.448194682598114
Sample 14,Time-MoE,0.6558519005775452
Sample 14,Timer,0.3441481590270996
Sample 15,Moirai,0.618434488773346
Sample 15,Time-MoE,0.38156551122665405
Sample 16,Moirai,0.9044353365898132
Sample 16,TimesFM,0.09556464850902557
Sample 17,Chronos,0.5472317934036255
Sample 17,Timer,0.4527682065963745
Sample 18,Time-MoE,0.7091130018234253
Sample 18,TimesFM,0.2908869683742523
Sample 19,Timer,0.5074883699417114
Sample 19,Chronos,0.49251165986061096
Sample 20,TimesFM,0.5010291934013367
Sample 20,Chronos,0.49897080659866333
Sample 21,Chronos,0.5080593228340149
Sample 21,Timer,0.4919406473636627
Sample 22,Time-MoE,0.8782544732093811
Sample 22,Moirai,0.12174554914236069
Sample 23,TimesFM,0.6340932846069336
Sample 23,Moirai,0.36590665578842163
Sample 24,Moirai,0.6823716759681702
Sample 24,Chronos,0.31762832403182983
Sample 25,Chronos,0.5388341546058655
Sample 25,Timer,0.46116581559181213
Sample 26,Time-MoE,0.7303654551506042
Sample 26,Chronos,0.26963451504707336
Sample 27,Timer,0.6631188988685608
Sample 27,Chronos,0.33688104152679443
Sample 28,TimesFM,0.6421397924423218
Sample 28,Timer,0.3578602075576782
Sample 29,Timer,0.6003531813621521
Sample 29,Chronos,0.3996468484401703
Sample 30,Time-MoE,0.7529519200325012
Sample 30,Chronos,0.24704807996749878
Sample 31,TimesFM,0.5285348892211914
Sample 31,Moirai,0.4714651107788086
Sample 0,Moirai,0.7892910838127136
Sample 0,TimesFM,0.21070891618728638
Sample 1,Chronos,0.5006248950958252
Sample 1,Timer,0.4993751049041748
Sample 2,Timer,0.8568519353866577
Sample 2,Time-MoE,0.14314806461334229
Sample 3,Chronos,0.5059836506843567
Sample 3,Timer,0.4940163195133209
Sample 4,Moirai,0.5686174631118774
Sample 4,TimesFM,0.43138253688812256
Sample 5,Time-MoE,0.6883717775344849
Sample 5,TimesFM,0.31162822246551514
Sample 6,Time-MoE,0.772223711013794
Sample 6,Chronos,0.22777628898620605
Sample 7,Moirai,0.6286992430686951
Sample 7,TimesFM,0.37130072712898254
Sample 8,Moirai,0.7952573299407959
Sample 8,TimesFM,0.20474272966384888
Sample 9,Chronos,0.5248791575431824
Sample 9,Timer,0.47512087225914
Sample 10,Chronos,0.5891926884651184
Sample 10,Time-MoE,0.4108073115348816
Sample 11,Timer,0.6924523711204529
Sample 11,TimesFM,0.3075476586818695
Sample 12,TimesFM,0.7308931350708008
Sample 12,Moirai,0.2691068649291992
Sample 13,Timer,0.5589156746864319
Sample 13,Chronos,0.44108426570892334
Sample 14,Time-MoE,0.6362501978874207
Sample 14,Chronos,0.36374977231025696
Sample 15,TimesFM,0.5455541610717773
Sample 15,Moirai,0.4544457793235779
Sample 16,Chronos,0.516025722026825
Sample 16,Timer,0.48397427797317505
Sample 17,Chronos,0.5231755971908569
Sample 17,Timer,0.47682440280914307
Sample 18,TimesFM,0.5588855743408203
Sample 18,Time-MoE,0.4411143958568573
Sample 19,Moirai,0.5138365030288696
Sample 19,Chronos,0.48616352677345276
Sample 20,TimesFM,0.6389005184173584
Sample 20,Timer,0.3610994815826416
Sample 21,Timer,0.6358040571212769
Sample 21,Chronos,0.36419597268104553
Sample 22,Time-MoE,0.8058430552482605
Sample 22,Chronos,0.19415688514709473
Sample 23,Time-MoE,0.6228763461112976
Sample 23,Timer,0.3771236538887024
Sample 24,Moirai,0.6804195046424866
Sample 24,TimesFM,0.3195805251598358
Sample 25,Chronos,0.5525221824645996
Sample 25,Timer,0.4474778175354004
Sample 26,Moirai,0.7874734997749329
Sample 26,Chronos,0.21252648532390594
Sample 27,Timer,0.6418240070343018
Sample 27,TimesFM,0.35817596316337585
Sample 28,TimesFM,0.7688100337982178
Sample 28,Timer,0.23118999600410461
Sample 29,Timer,0.5671511292457581
Sample 29,Chronos,0.43284881114959717
Sample 30,Time-MoE,0.7421433329582214
Sample 30,Chronos,0.2578566074371338
Sample 31,TimesFM,0.5957694053649902
Sample 31,Moirai,0.40423059463500977
Sample 0,Moirai,0.7047825455665588
Sample 0,TimesFM,0.2952174246311188
Sample 1,Timer,0.5300434827804565
Sample 1,Chronos,0.46995651721954346
Sample 2,Timer,0.6281907558441162
Sample 2,Time-MoE,0.3718092143535614
Sample 3,Timer,0.5720537900924683
Sample 3,Chronos,0.4279462397098541
Sample 4,Chronos,0.6364978551864624
Sample 4,Time-MoE,0.3635021448135376
Sample 5,Timer,0.7205979228019714
Sample 5,Moirai,0.2794020473957062
Sample 6,Time-MoE,0.5064464211463928
Sample 6,Moirai,0.49355363845825195
Sample 7,Moirai,0.5152730345726013
Sample 7,TimesFM,0.48472699522972107
Sample 8,Moirai,0.9118907451629639
Sample 8,TimesFM,0.08810921013355255
Sample 9,Chronos,0.5727623701095581
Sample 9,Timer,0.4272375702857971
Sample 10,TimesFM,0.5419689416885376
Sample 10,Time-MoE,0.45803102850914
Sample 11,Timer,0.569394052028656
Sample 11,Chronos,0.4306059181690216
Sample 12,TimesFM,0.596917986869812
Sample 12,Moirai,0.4030819535255432
Sample 13,Chronos,0.5118989944458008
Sample 13,Time-MoE,0.4881010055541992
Sample 14,Time-MoE,0.8336262702941895
Sample 14,Chronos,0.16637369990348816
Sample 15,TimesFM,0.6470141410827637
Sample 15,Moirai,0.3529858887195587
Sample 16,Moirai,0.8437816500663757
Sample 16,TimesFM,0.15621834993362427
Sample 17,Chronos,0.5449216365814209
Sample 17,Time-MoE,0.4550783634185791
Sample 18,Time-MoE,0.5043529868125916
Sample 18,TimesFM,0.49564698338508606
Sample 19,Timer,0.69218909740448
Sample 19,TimesFM,0.30781084299087524
Sample 20,TimesFM,0.705053985118866
Sample 20,Timer,0.29494601488113403
Sample 21,Time-MoE,0.6770743131637573
Sample 21,Chronos,0.32292571663856506
Sample 22,Time-MoE,0.8302685022354126
Sample 22,Moirai,0.1697314828634262
Sample 23,Moirai,0.5525501370429993
Sample 23,TimesFM,0.44744986295700073
Sample 24,Moirai,0.7118630409240723
Sample 24,TimesFM,0.28813695907592773
Sample 25,Chronos,0.5419220924377441
Sample 25,Timer,0.45807793736457825
Sample 26,TimesFM,0.5355938076972961
Sample 26,Time-MoE,0.46440622210502625
Sample 27,Timer,0.5687131881713867
Sample 27,Chronos,0.4312867820262909
Sample 28,TimesFM,0.5500525832176208
Sample 28,Moirai,0.44994744658470154
Sample 29,Timer,0.5406970977783203
Sample 29,Time-MoE,0.45930296182632446
Sample 30,Time-MoE,0.7424986362457275
Sample 30,Chronos,0.2575013339519501
Sample 31,Moirai,0.5024282932281494
Sample 31,TimesFM,0.4975716769695282
Sample 0,Moirai,0.919325590133667
Sample 0,Chronos,0.08067438751459122
Sample 1,Chronos,0.5594301819801331
Sample 1,Timer,0.44056981801986694
Sample 2,Time-MoE,0.5588296055793762
Sample 2,Chronos,0.44117042422294617
Sample 3,Timer,0.5428550839424133
Sample 3,Chronos,0.4571448862552643
Sample 4,TimesFM,0.6509113907814026
Sample 4,Chronos,0.3490886092185974
Sample 5,Chronos,0.5049548745155334
Sample 5,Time-MoE,0.49504518508911133
Sample 6,Time-MoE,0.6585308909416199
Sample 6,Chronos,0.3414691090583801
Sample 7,Moirai,0.5552397966384888
Sample 7,TimesFM,0.44476020336151123
Sample 8,Moirai,0.839820384979248
Sample 8,TimesFM,0.16017964482307434
Sample 9,Chronos,0.5325790047645569
Sample 9,Timer,0.4674209654331207
Sample 10,Moirai,0.5627930760383606
Sample 10,Time-MoE,0.4372069239616394
Sample 11,Timer,0.5581467747688293
Sample 11,TimesFM,0.44185325503349304
Sample 12,TimesFM,0.7674243450164795
Sample 12,Chronos,0.23257564008235931
Sample 13,Timer,0.7132570743560791
Sample 13,Chronos,0.2867429256439209
Sample 14,Time-MoE,0.8450798392295837
Sample 14,Chronos,0.15492017567157745
Sample 15,Timer,0.5329992771148682
Sample 15,Chronos,0.46700072288513184
Sample 16,Moirai,0.6076701879501343
Sample 16,Timer,0.3923298120498657
Sample 17,Time-MoE,0.5148984789848328
Sample 17,Chronos,0.48510152101516724
Sample 18,Time-MoE,0.8187233209609985
Sample 18,Chronos,0.18127672374248505
Sample 19,Timer,0.6452131867408752
Sample 19,Chronos,0.35478675365448
Sample 20,TimesFM,0.711090624332428
Sample 20,Moirai,0.288909375667572
Sample 21,Timer,0.572124719619751
Sample 21,Chronos,0.42787525057792664
Sample 22,Time-MoE,0.7370812892913818
Sample 22,Chronos,0.26291871070861816
Sample 23,Moirai,0.5128746628761292
Sample 23,TimesFM,0.48712536692619324
Sample 24,Moirai,0.930307924747467
Sample 24,TimesFM,0.06969205290079117
Sample 25,Chronos,0.5344314575195312
Sample 25,Timer,0.46556851267814636
Sample 26,TimesFM,0.5993542075157166
Sample 26,Time-MoE,0.40064576268196106
Sample 27,Timer,0.5716100335121155
Sample 27,Chronos,0.4283900260925293
Sample 28,Moirai,0.501152515411377
Sample 28,TimesFM,0.49884748458862305
Sample 29,Time-MoE,0.5217150449752808
Sample 29,Chronos,0.47828492522239685
Sample 30,Time-MoE,0.8011842370033264
Sample 30,Chronos,0.19881577789783478
Sample 31,Moirai,0.6164577603340149
Sample 31,TimesFM,0.3835422694683075
Sample 0,Moirai,0.9037079215049744
Sample 0,TimesFM,0.09629208594560623
Sample 1,Chronos,0.559808611869812
Sample 1,Timer,0.4401913285255432
Sample 2,TimesFM,0.7136059999465942
Sample 2,Moirai,0.2863939702510834
Sample 3,Timer,0.5153848528862
Sample 3,Chronos,0.48461514711380005
Sample 4,TimesFM,0.6126853227615356
Sample 4,Moirai,0.38731464743614197
Sample 5,Time-MoE,0.5218859910964966
Sample 5,Chronos,0.4781140089035034
Sample 6,Time-MoE,0.7737458944320679
Sample 6,Chronos,0.22625409066677094
Sample 7,Moirai,0.5334894061088562
Sample 7,TimesFM,0.466510534286499
Sample 8,Moirai,0.8144824504852295
Sample 8,TimesFM,0.1855175644159317
Sample 9,Chronos,0.5172984600067139
Sample 9,Timer,0.48270151019096375
Sample 10,TimesFM,0.8240520358085632
Sample 10,Moirai,0.17594800889492035
Sample 11,Timer,0.506097674369812
Sample 11,Chronos,0.49390238523483276
Sample 12,Timer,0.5148650407791138
Sample 12,Time-MoE,0.48513495922088623
Sample 13,Timer,0.7379865050315857
Sample 13,Chronos,0.2620134651660919
Sample 14,Moirai,0.5999040007591248
Sample 14,Time-MoE,0.40009599924087524
Sample 15,Time-MoE,0.5121080279350281
Sample 15,Moirai,0.4878919720649719
Sample 16,Moirai,0.7343330979347229
Sample 16,TimesFM,0.2656669020652771
Sample 17,Chronos,0.5147793889045715
Sample 17,Timer,0.4852205812931061
Sample 18,TimesFM,0.6282336711883545
Sample 18,Moirai,0.3717662990093231
Sample 19,Chronos,0.5169563889503479
Sample 19,Timer,0.4830436408519745
Sample 20,Time-MoE,0.5503820180892944
Sample 20,Chronos,0.4496179521083832
Sample 21,Timer,0.5764871835708618
Sample 21,Chronos,0.42351284623146057
Sample 22,Time-MoE,0.8938059210777283
Sample 22,TimesFM,0.10619408637285233
Sample 23,Moirai,0.5041931867599487
Sample 23,TimesFM,0.49580681324005127
Sample 24,Moirai,0.8304215669631958
Sample 24,Chronos,0.16957849264144897
Sample 25,Chronos,0.5114650130271912
Sample 25,Timer,0.48853498697280884
Sample 26,Time-MoE,0.5448532700538635
Sample 26,TimesFM,0.45514675974845886
Sample 27,Chronos,0.5529686212539673
Sample 27,Time-MoE,0.4470314085483551
Sample 28,Moirai,0.606875479221344
Sample 28,Time-MoE,0.393124520778656
Sample 29,Time-MoE,0.6606892347335815
Sample 29,Chronos,0.33931076526641846
Sample 30,Time-MoE,0.6605818271636963
Sample 30,TimesFM,0.3394181430339813
Sample 31,TimesFM,0.5265628695487976
Sample 31,Timer,0.4734371602535248
Sample 0,Timer,0.5253329277038574
Sample 0,Chronos,0.4746670722961426
Sample 1,Chronos,0.5430216789245605
Sample 1,Time-MoE,0.45697832107543945
Sample 2,Time-MoE,0.705980122089386
Sample 2,Moirai,0.2940198481082916
Sample 3,Timer,0.6012524962425232
Sample 3,Chronos,0.3987475037574768
Sample 4,TimesFM,0.6541945338249207
Sample 4,Time-MoE,0.34580543637275696
Sample 5,Timer,0.5526808500289917
Sample 5,Chronos,0.4473191499710083
Sample 6,Timer,0.5496602654457092
Sample 6,Time-MoE,0.45033979415893555
Sample 7,Moirai,0.5773041248321533
Sample 7,TimesFM,0.4226958453655243
Sample 8,Moirai,0.8914815783500671
Sample 8,TimesFM,0.10851841419935226
Sample 9,Chronos,0.5258938670158386
Sample 9,Timer,0.4741060733795166
Sample 10,Time-MoE,0.7537043690681458
Sample 10,TimesFM,0.24629563093185425
Sample 11,Timer,0.5493242144584656
Sample 11,Chronos,0.4506758153438568
Sample 12,TimesFM,0.7475156188011169
Sample 12,Chronos,0.25248444080352783
Sample 13,Chronos,0.5296078324317932
Sample 13,Timer,0.4703921973705292
Sample 14,Time-MoE,0.7327219247817993
Sample 14,Chronos,0.2672780752182007
Sample 15,Moirai,0.5435919761657715
Sample 15,TimesFM,0.4564080536365509
Sample 0,Moirai,0.9349512457847595
Sample 0,TimesFM,0.0650487095117569
Sample 1,Chronos,0.5246059894561768
Sample 1,Timer,0.47539398074150085
Sample 2,TimesFM,0.5764946341514587
Sample 2,Timer,0.42350533604621887
Sample 3,Timer,0.5655074119567871
Sample 3,Chronos,0.4344925582408905
Sample 4,TimesFM,0.6899341940879822
Sample 4,Chronos,0.31006577610969543
Sample 5,Chronos,0.5327872037887573
Sample 5,Timer,0.46721282601356506
Sample 6,Time-MoE,0.8158777952194214
Sample 6,Timer,0.1841222047805786
Sample 7,Moirai,0.5319811701774597
Sample 7,TimesFM,0.46801885962486267
Sample 8,Moirai,0.9253368377685547
Sample 8,TimesFM,0.0746631920337677
Sample 9,Chronos,0.5178155899047852
Sample 9,Timer,0.4821844696998596
Sample 10,Time-MoE,0.7017396092414856
Sample 10,Moirai,0.298260360956192
Sample 11,Timer,0.5971264839172363
Sample 11,Chronos,0.40287357568740845
Sample 12,TimesFM,0.707625150680542
Sample 12,Moirai,0.2923748791217804
Sample 13,Timer,0.530866801738739
Sample 13,Chronos,0.469133198261261
Sample 14,Time-MoE,0.8556655645370483
Sample 14,Chronos,0.14433449506759644
Sample 15,Moirai,0.5010806918144226
Sample 15,TimesFM,0.4989193379878998
Sample 16,Moirai,0.7815569639205933
Sample 16,TimesFM,0.21844300627708435
Sample 17,Timer,0.5107751488685608
Sample 17,Chronos,0.4892248809337616
Sample 18,TimesFM,0.835058867931366
Sample 18,Timer,0.16494111716747284
Sample 19,Timer,0.5357142686843872
Sample 19,Chronos,0.4642857313156128
Sample 20,Moirai,0.727901041507721
Sample 20,Time-MoE,0.27209892868995667
Sample 21,Timer,0.6940903663635254
Sample 21,Chronos,0.305909663438797
Sample 22,Time-MoE,0.6966571807861328
Sample 22,TimesFM,0.3033428192138672
Sample 23,TimesFM,0.6670203804969788
Sample 23,Timer,0.33297958970069885
Sample 24,Moirai,0.7934500575065613
Sample 24,TimesFM,0.20654992759227753
Sample 25,Timer,0.5089613199234009
Sample 25,Chronos,0.4910387098789215
Sample 26,Timer,0.5103858113288879
Sample 26,Time-MoE,0.48961424827575684
Sample 27,Timer,0.51085364818573
Sample 27,Chronos,0.48914632201194763
Sample 28,TimesFM,0.8581253886222839
Sample 28,Timer,0.14187459647655487
Sample 29,Timer,0.6202328205108643
Sample 29,Chronos,0.37976717948913574
Sample 30,Time-MoE,0.8046385049819946
Sample 30,Chronos,0.19536149501800537
Sample 31,Moirai,0.6489464044570923
Sample 31,Time-MoE,0.3510535657405853
Sample 0,Moirai,0.6567291021347046
Sample 0,Timer,0.343270868062973
Sample 1,Chronos,0.5384539365768433
Sample 1,Timer,0.4615461230278015
Sample 2,Moirai,0.5083706974983215
Sample 2,Time-MoE,0.4916292428970337
Sample 3,Timer,0.5844141244888306
Sample 3,Chronos,0.4155859053134918
Sample 4,Time-MoE,0.5367588400840759
Sample 4,Timer,0.46324118971824646
Sample 5,Timer,0.5216876864433289
Sample 5,Chronos,0.47831228375434875
Sample 6,Time-MoE,0.7753616571426392
Sample 6,Chronos,0.22463838756084442
Sample 7,Moirai,0.5314949154853821
Sample 7,TimesFM,0.4685050845146179
Sample 8,Moirai,0.8455901741981506
Sample 8,TimesFM,0.15440981090068817
Sample 9,Timer,0.5200298428535461
Sample 9,Chronos,0.47997012734413147
Sample 10,Chronos,0.621150553226471
Sample 10,Time-MoE,0.37884941697120667
Sample 11,Timer,0.5194151997566223
Sample 11,Chronos,0.48058485984802246
Sample 12,TimesFM,0.876766562461853
Sample 12,Time-MoE,0.1232333704829216
Sample 13,Timer,0.6147326231002808
Sample 13,Chronos,0.385267436504364
Sample 14,Time-MoE,0.5952047109603882
Sample 14,Timer,0.40479525923728943
Sample 15,Moirai,0.5834025144577026
Sample 15,Time-MoE,0.416597455739975
Sample 16,Moirai,0.9069197773933411
Sample 16,TimesFM,0.09308020025491714
Sample 17,Timer,0.5053474307060242
Sample 17,Chronos,0.49465250968933105
Sample 18,Time-MoE,0.7150292992591858
Sample 18,Timer,0.2849707305431366
Sample 19,Timer,0.5647883415222168
Sample 19,Chronos,0.4352116286754608
Sample 20,TimesFM,0.5167106986045837
Sample 20,Chronos,0.48328927159309387
Sample 21,Timer,0.5560938715934753
Sample 21,Chronos,0.44390609860420227
Sample 22,Time-MoE,0.8920247554779053
Sample 22,Moirai,0.10797520726919174
Sample 23,TimesFM,0.6414101123809814
Sample 23,Moirai,0.35858985781669617
Sample 24,Moirai,0.6654309034347534
Sample 24,Chronos,0.3345690667629242
Sample 25,Timer,0.5058015584945679
Sample 25,Chronos,0.49419844150543213
Sample 26,Time-MoE,0.740411639213562
Sample 26,Chronos,0.259588360786438
Sample 27,Timer,0.7208987474441528
Sample 27,Chronos,0.27910125255584717
Sample 28,TimesFM,0.6559808850288391
Sample 28,Timer,0.3440191149711609
Sample 29,Timer,0.6621448397636414
Sample 29,Chronos,0.3378552198410034
Sample 30,Time-MoE,0.754500150680542
Sample 30,Chronos,0.2454998642206192
Sample 31,TimesFM,0.5534153580665588
Sample 31,Moirai,0.44658464193344116
Sample 0,Moirai,0.7814241051673889
Sample 0,TimesFM,0.21857590973377228
Sample 1,Timer,0.5629302263259888
Sample 1,Chronos,0.43706977367401123
Sample 2,Timer,0.8809127807617188
Sample 2,Moirai,0.11908718943595886
Sample 3,Timer,0.5477985739707947
Sample 3,Chronos,0.4522014558315277
Sample 4,Moirai,0.5345476269721985
Sample 4,TimesFM,0.4654524028301239
Sample 5,Time-MoE,0.6797618269920349
Sample 5,TimesFM,0.3202382028102875
Sample 6,Time-MoE,0.7547128796577454
Sample 6,Timer,0.24528707563877106
Sample 7,Moirai,0.6048550009727478
Sample 7,TimesFM,0.3951449990272522
Sample 8,Moirai,0.7983717918395996
Sample 8,TimesFM,0.20162825286388397
Sample 9,Timer,0.5286664366722107
Sample 9,Chronos,0.4713335633277893
Sample 10,Chronos,0.6002470254898071
Sample 10,Timer,0.3997529447078705
Sample 11,Timer,0.7336651086807251
Sample 11,TimesFM,0.2663349211215973
Sample 12,TimesFM,0.7369066476821899
Sample 12,Moirai,0.26309332251548767
Sample 13,Timer,0.6246318221092224
Sample 13,Chronos,0.3753681480884552
Sample 14,Time-MoE,0.6344519257545471
Sample 14,Chronos,0.36554810404777527
Sample 15,TimesFM,0.5645154118537903
Sample 15,Moirai,0.43548455834388733
Sample 16,Timer,0.5485653281211853
Sample 16,Chronos,0.4514346718788147
Sample 17,Timer,0.5260503888130188
Sample 17,Chronos,0.4739495813846588
Sample 18,TimesFM,0.5413804650306702
Sample 18,Time-MoE,0.45861953496932983
Sample 19,Timer,0.5042530298233032
Sample 19,Chronos,0.4957469403743744
Sample 20,TimesFM,0.6570194959640503
Sample 20,Timer,0.3429805040359497
Sample 21,Timer,0.700303852558136
Sample 21,Chronos,0.29969608783721924
Sample 22,Time-MoE,0.8162890076637268
Sample 22,Chronos,0.1837109625339508
Sample 23,Time-MoE,0.6480507254600525
Sample 23,Timer,0.3519493043422699
Sample 24,Moirai,0.6687746644020081
Sample 24,TimesFM,0.33122533559799194
Sample 25,Timer,0.5016009211540222
Sample 25,Chronos,0.4983990788459778
Sample 26,Moirai,0.7817686796188354
Sample 26,Chronos,0.21823132038116455
Sample 27,Timer,0.682044506072998
Sample 27,TimesFM,0.31795549392700195
Sample 28,TimesFM,0.7871294617652893
Sample 28,Time-MoE,0.2128705531358719
Sample 29,Timer,0.6301645636558533
Sample 29,Chronos,0.3698354661464691
Sample 30,Time-MoE,0.7387316823005676
Sample 30,Chronos,0.26126828789711
Sample 31,TimesFM,0.6127859354019165
Sample 31,Moirai,0.3872140944004059
Sample 0,Moirai,0.6857887506484985
Sample 0,TimesFM,0.31421124935150146
Sample 1,Timer,0.5944798588752747
Sample 1,Chronos,0.40552017092704773
Sample 2,Timer,0.6695976853370667
Sample 2,Time-MoE,0.33040234446525574
Sample 3,Timer,0.6380171775817871
Sample 3,Chronos,0.3619827628135681
Sample 4,Chronos,0.6605743765830994
Sample 4,Time-MoE,0.339425653219223
Sample 5,Timer,0.7827057242393494
Sample 5,Moirai,0.21729429066181183
Sample 6,Moirai,0.5587125420570374
Sample 6,Time-MoE,0.44128745794296265
Sample 7,Moirai,0.5064378976821899
Sample 7,TimesFM,0.49356207251548767
Sample 8,Moirai,0.9050558805465698
Sample 8,TimesFM,0.09494411200284958
Sample 9,Chronos,0.51542067527771
Sample 9,Timer,0.48457926511764526
Sample 10,TimesFM,0.5525557994842529
Sample 10,Time-MoE,0.44744420051574707
Sample 11,Timer,0.627971351146698
Sample 11,Chronos,0.3720286786556244
Sample 12,TimesFM,0.6053863763809204
Sample 12,Moirai,0.3946135938167572
Sample 13,Chronos,0.5255274176597595
Sample 13,Time-MoE,0.4744725823402405
Sample 14,Time-MoE,0.8395692110061646
Sample 14,Chronos,0.16043071448802948
Sample 15,TimesFM,0.6640982627868652
Sample 15,Moirai,0.33590173721313477
Sample 16,Moirai,0.8267605900764465
Sample 16,TimesFM,0.17323939502239227
Sample 17,Chronos,0.5854576230049133
Sample 17,Time-MoE,0.4145423173904419
Sample 18,Time-MoE,0.5351108312606812
Sample 18,TimesFM,0.46488913893699646
Sample 19,Timer,0.7280918955802917
Sample 19,TimesFM,0.27190810441970825
Sample 20,TimesFM,0.723853588104248
Sample 20,Timer,0.27614644169807434
Sample 21,Time-MoE,0.6557012796401978
Sample 21,Timer,0.34429869055747986
Sample 22,Time-MoE,0.854383647441864
Sample 22,Moirai,0.1456163227558136
Sample 23,Moirai,0.5447795987129211
Sample 23,TimesFM,0.45522043108940125
Sample 24,Moirai,0.6964840888977051
Sample 24,TimesFM,0.3035159111022949
Sample 25,Timer,0.5091003775596619
Sample 25,Chronos,0.49089959263801575
Sample 26,TimesFM,0.506140947341919
Sample 26,Time-MoE,0.49385905265808105
Sample 27,Timer,0.6221526861190796
Sample 27,Chronos,0.3778473138809204
Sample 28,TimesFM,0.5484220385551453
Sample 28,Moirai,0.45157796144485474
Sample 29,Timer,0.60756516456604
Sample 29,Time-MoE,0.39243483543395996
Sample 30,Time-MoE,0.7466062307357788
Sample 30,Chronos,0.2533937990665436
Sample 31,TimesFM,0.5094673037528992
Sample 31,Moirai,0.4905327260494232
Sample 0,Moirai,0.9145041704177856
Sample 0,Chronos,0.08549584448337555
Sample 1,Timer,0.500605046749115
Sample 1,Chronos,0.499394953250885
Sample 2,Time-MoE,0.5364315509796143
Sample 2,Chronos,0.46356841921806335
Sample 3,Timer,0.6070526838302612
Sample 3,Chronos,0.39294731616973877
Sample 4,TimesFM,0.6679500341415405
Sample 4,Chronos,0.33205002546310425
Sample 5,Chronos,0.5062670111656189
Sample 5,Timer,0.4937329888343811
Sample 6,Time-MoE,0.6672499179840088
Sample 6,Chronos,0.3327500522136688
Sample 7,Moirai,0.5440495610237122
Sample 7,TimesFM,0.45595043897628784
Sample 8,Moirai,0.8191196322441101
Sample 8,TimesFM,0.1808803528547287
Sample 9,Timer,0.5262299180030823
Sample 9,Chronos,0.47377005219459534
Sample 10,Moirai,0.5288594365119934
Sample 10,Time-MoE,0.4711405336856842
Sample 11,Timer,0.6070097088813782
Sample 11,TimesFM,0.3929902911186218
Sample 12,TimesFM,0.7683047652244568
Sample 12,Chronos,0.2316952347755432
Sample 13,Timer,0.7792361378669739
Sample 13,Chronos,0.22076386213302612
Sample 14,Time-MoE,0.8517634868621826
Sample 14,TimesFM,0.14823654294013977
Sample 15,Chronos,0.503222644329071
Sample 15,Timer,0.4967772960662842
Sample 16,Moirai,0.5106872916221619
Sample 16,Timer,0.48931267857551575
Sample 17,Time-MoE,0.5030808448791504
Sample 17,Chronos,0.4969192147254944
Sample 18,Time-MoE,0.8360909819602966
Sample 18,TimesFM,0.16390898823738098
Sample 19,Timer,0.6712855696678162
Sample 19,Chronos,0.32871443033218384
Sample 20,TimesFM,0.6933045387268066
Sample 20,Moirai,0.30669546127319336
Sample 21,Timer,0.6451932787895203
Sample 21,Chronos,0.35480672121047974
Sample 22,Time-MoE,0.7486847639083862
Sample 22,Chronos,0.251315176486969
Sample 23,Moirai,0.5231852531433105
Sample 23,TimesFM,0.47681477665901184
Sample 24,Moirai,0.9264948964118958
Sample 24,TimesFM,0.07350505888462067
Sample 25,Timer,0.5226306915283203
Sample 25,Chronos,0.4773693084716797
Sample 26,TimesFM,0.5944825410842896
Sample 26,Time-MoE,0.4055173993110657
Sample 27,Timer,0.6338502764701843
Sample 27,Chronos,0.3661496639251709
Sample 28,TimesFM,0.5055176019668579
Sample 28,Moirai,0.4944823980331421
Sample 29,Time-MoE,0.51594078540802
Sample 29,Chronos,0.48405921459198
Sample 30,Time-MoE,0.8199006915092468
Sample 30,Chronos,0.18009933829307556
Sample 31,Moirai,0.6057288646697998
Sample 31,TimesFM,0.3942711651325226
Sample 0,Moirai,0.8981943726539612
Sample 0,TimesFM,0.1018056645989418
Sample 1,Chronos,0.5072769522666931
Sample 1,Timer,0.4927229881286621
Sample 2,TimesFM,0.7372658848762512
Sample 2,Time-MoE,0.26273417472839355
Sample 3,Timer,0.5749657154083252
Sample 3,Chronos,0.4250342845916748
Sample 4,TimesFM,0.5953664779663086
Sample 4,Moirai,0.404633492231369
Sample 5,Time-MoE,0.5244359970092773
Sample 5,Chronos,0.47556400299072266
Sample 6,Time-MoE,0.7852440476417542
Sample 6,Chronos,0.21475595235824585
Sample 7,Moirai,0.5334780812263489
Sample 7,TimesFM,0.4665219485759735
Sample 8,Moirai,0.8019548654556274
Sample 8,TimesFM,0.19804513454437256
Sample 9,Timer,0.5454689264297485
Sample 9,Chronos,0.45453113317489624
Sample 10,TimesFM,0.840538501739502
Sample 10,Moirai,0.15946148335933685
Sample 11,Timer,0.5632240772247314
Sample 11,Chronos,0.43677592277526855
Sample 12,Timer,0.5222777724266052
Sample 12,Time-MoE,0.4777222275733948
Sample 13,Timer,0.7468506097793579
Sample 13,Chronos,0.2531493902206421
Sample 14,Moirai,0.6524984836578369
Sample 14,Time-MoE,0.3475015163421631
Sample 15,Time-MoE,0.5491712093353271
Sample 15,Moirai,0.45082882046699524
Sample 16,Moirai,0.7191070318222046
Sample 16,TimesFM,0.2808929681777954
Sample 17,Timer,0.546568751335144
Sample 17,Chronos,0.45343121886253357
Sample 18,TimesFM,0.6389837265014648
Sample 18,Moirai,0.3610162138938904
Sample 19,Timer,0.5405904054641724
Sample 19,Chronos,0.45940959453582764
Sample 20,Time-MoE,0.5591605305671692
Sample 20,Chronos,0.4408394396305084
Sample 21,Timer,0.6444308757781982
Sample 21,Chronos,0.35556909441947937
Sample 22,Time-MoE,0.8935432434082031
Sample 22,TimesFM,0.10645676404237747
Sample 23,Moirai,0.5128034949302673
Sample 23,TimesFM,0.4871964752674103
Sample 24,Moirai,0.7981317639350891
Sample 24,Timer,0.2018682360649109
Sample 25,Timer,0.5469579100608826
Sample 25,Chronos,0.45304206013679504
Sample 26,Time-MoE,0.5647543668746948
Sample 26,TimesFM,0.4352456331253052
Sample 27,Chronos,0.5120052695274353
Sample 27,Timer,0.4879947900772095
Sample 28,Moirai,0.6478811502456665
Sample 28,Time-MoE,0.3521188795566559
Sample 29,Time-MoE,0.620579719543457
Sample 29,Timer,0.37942034006118774
Sample 30,Time-MoE,0.676240861415863
Sample 30,TimesFM,0.32375913858413696
Sample 31,TimesFM,0.5048379898071289
Sample 31,Time-MoE,0.4951620399951935
Sample 0,Timer,0.5906760096549988
Sample 0,Chronos,0.4093240201473236
Sample 1,Chronos,0.5510237216949463
Sample 1,Time-MoE,0.44897621870040894
Sample 2,Time-MoE,0.7280083298683167
Sample 2,Moirai,0.27199164032936096
Sample 3,Timer,0.6448841691017151
Sample 3,Chronos,0.3551158905029297
Sample 4,TimesFM,0.6723237633705139
Sample 4,Time-MoE,0.32767626643180847
Sample 5,Timer,0.614397406578064
Sample 5,Chronos,0.38560259342193604
Sample 6,Timer,0.6304776072502136
Sample 6,Time-MoE,0.3695223927497864
Sample 7,Moirai,0.5605236291885376
Sample 7,Time-MoE,0.4394764304161072
Sample 8,Moirai,0.8805752992630005
Sample 8,TimesFM,0.11942463368177414
Sample 9,Timer,0.5215421915054321
Sample 9,Chronos,0.47845780849456787
Sample 10,Time-MoE,0.7663329243659973
Sample 10,TimesFM,0.23366709053516388
Sample 11,Timer,0.5933822393417358
Sample 11,Chronos,0.40661779046058655
Sample 12,TimesFM,0.7502995729446411
Sample 12,Chronos,0.2497004270553589
Sample 13,Timer,0.5274437069892883
Sample 13,Chronos,0.47255632281303406
Sample 14,Time-MoE,0.7418379187583923
Sample 14,Chronos,0.25816211104393005
Sample 15,Moirai,0.5646650791168213
Sample 15,TimesFM,0.4353349506855011
Sample 0,Moirai,0.9306236505508423
Sample 0,TimesFM,0.06937634199857712
Sample 1,Timer,0.5057061910629272
Sample 1,Chronos,0.49429383873939514
Sample 2,TimesFM,0.5778898000717163
Sample 2,Timer,0.4221101999282837
Sample 3,Timer,0.60441654920578
Sample 3,Chronos,0.39558348059654236
Sample 4,TimesFM,0.7046838402748108
Sample 4,Chronos,0.2953161597251892
Sample 5,Timer,0.508087158203125
Sample 5,Chronos,0.4919128715991974
Sample 6,Time-MoE,0.8043377995491028
Sample 6,Timer,0.1956622153520584
Sample 7,Moirai,0.553691565990448
Sample 7,TimesFM,0.4463084638118744
Sample 8,Moirai,0.9159396886825562
Sample 8,TimesFM,0.08406036347150803
Sample 9,Timer,0.5115166902542114
Sample 9,Chronos,0.4884833097457886
Sample 10,Time-MoE,0.7234764099121094
Sample 10,Moirai,0.27652353048324585
Sample 11,Timer,0.639150857925415
Sample 11,Chronos,0.36084920167922974
Sample 12,TimesFM,0.6944514513015747
Sample 12,Moirai,0.3055485785007477
Sample 13,Timer,0.5769014358520508
Sample 13,Chronos,0.4230985641479492
Sample 14,Time-MoE,0.8677290081977844
Sample 14,Chronos,0.13227097690105438
Sample 15,Moirai,0.5237777829170227
Sample 15,TimesFM,0.4762221872806549
Sample 16,Moirai,0.780408501625061
Sample 16,TimesFM,0.21959146857261658
Sample 17,Timer,0.5517797470092773
Sample 17,Chronos,0.44822022318840027
Sample 18,TimesFM,0.8228070735931396
Sample 18,Timer,0.17719286680221558
Sample 19,Timer,0.5735742449760437
Sample 19,Chronos,0.4264258146286011
Sample 20,Moirai,0.7366857528686523
Sample 20,Time-MoE,0.26331424713134766
Sample 21,Timer,0.7344635128974915
Sample 21,Chronos,0.26553651690483093
Sample 22,Time-MoE,0.686735987663269
Sample 22,Timer,0.31326401233673096
Sample 23,TimesFM,0.677648663520813
Sample 23,Timer,0.3223513066768646
Sample 24,Moirai,0.7960439920425415
Sample 24,TimesFM,0.2039560228586197
Sample 25,Timer,0.5419095158576965
Sample 25,Chronos,0.4580904543399811
Sample 26,Timer,0.5346266031265259
Sample 26,Time-MoE,0.46537336707115173
Sample 27,Timer,0.5285035371780396
Sample 27,TimesFM,0.47149649262428284
Sample 28,TimesFM,0.8643977642059326
Sample 28,Moirai,0.1356022208929062
Sample 29,Timer,0.6731858253479004
Sample 29,Chronos,0.326814204454422
Sample 30,Time-MoE,0.826820969581604
Sample 30,Chronos,0.1731790006160736
Sample 31,Moirai,0.6370363235473633
Sample 31,Time-MoE,0.36296364665031433
Sample 0,Moirai,0.5913134813308716
Sample 0,Timer,0.4086865484714508
Sample 1,Chronos,0.5140422582626343
Sample 1,Timer,0.4859577417373657
Sample 2,Moirai,0.5707391500473022
Sample 2,Time-MoE,0.429260790348053
Sample 3,Timer,0.6119812726974487
Sample 3,Chronos,0.38801872730255127
Sample 4,Time-MoE,0.5412788391113281
Sample 4,Timer,0.45872122049331665
Sample 5,Timer,0.5553009510040283
Sample 5,Chronos,0.44469907879829407
Sample 6,Time-MoE,0.7734633684158325
Sample 6,Chronos,0.22653666138648987
Sample 7,Moirai,0.5517719984054565
Sample 7,TimesFM,0.44822800159454346
Sample 8,Moirai,0.8275174498558044
Sample 8,TimesFM,0.17248257994651794
Sample 9,Timer,0.5462617874145508
Sample 9,Chronos,0.45373818278312683
Sample 10,Chronos,0.6529300808906555
Sample 10,Time-MoE,0.34706994891166687
Sample 11,Timer,0.5413146018981934
Sample 11,Time-MoE,0.45868539810180664
Sample 12,TimesFM,0.8945185542106628
Sample 12,Chronos,0.10548149049282074
Sample 13,Timer,0.6520166993141174
Sample 13,Chronos,0.34798333048820496
Sample 14,Time-MoE,0.570195198059082
Sample 14,Timer,0.42980480194091797
Sample 15,Moirai,0.5651272535324097
Sample 15,Time-MoE,0.43487274646759033
Sample 16,Moirai,0.9021890759468079
Sample 16,TimesFM,0.09781095385551453
Sample 17,Timer,0.5329933762550354
Sample 17,Chronos,0.4670066237449646
Sample 18,Time-MoE,0.7171807289123535
Sample 18,Moirai,0.2828192710876465
Sample 19,Timer,0.594549834728241
Sample 19,Chronos,0.40545013546943665
Sample 20,TimesFM,0.5517076849937439
Sample 20,Chronos,0.4482923150062561
Sample 21,Timer,0.5934016108512878
Sample 21,Chronos,0.40659841895103455
Sample 22,Time-MoE,0.8873142004013062
Sample 22,Moirai,0.11268581449985504
Sample 23,TimesFM,0.6119880080223083
Sample 23,Moirai,0.38801202178001404
Sample 24,Moirai,0.6520320177078247
Sample 24,Chronos,0.3479679822921753
Sample 25,Timer,0.5199779272079468
Sample 25,Chronos,0.4800221025943756
Sample 26,Time-MoE,0.7639856338500977
Sample 26,Chronos,0.23601438105106354
Sample 27,Timer,0.7492966055870056
Sample 27,Chronos,0.2507034242153168
Sample 28,TimesFM,0.6324537396430969
Sample 28,Timer,0.3675462603569031
Sample 29,Timer,0.6969237923622131
Sample 29,Chronos,0.30307620763778687
Sample 30,Time-MoE,0.7601771950721741
Sample 30,Chronos,0.23982280492782593
Sample 31,TimesFM,0.533946692943573
Sample 31,Moirai,0.466053307056427
Sample 0,Moirai,0.7953031659126282
Sample 0,TimesFM,0.20469678938388824
Sample 1,Timer,0.5848275423049927
Sample 1,Chronos,0.4151724874973297
Sample 2,Timer,0.9096051454544067
Sample 2,Moirai,0.09039484709501266
Sample 3,Timer,0.5587413311004639
Sample 3,Chronos,0.44125863909721375
Sample 4,Moirai,0.5357039570808411
Sample 4,TimesFM,0.46429604291915894
Sample 5,Time-MoE,0.6717504262924194
Sample 5,TimesFM,0.3282495439052582
Sample 6,Time-MoE,0.7567380666732788
Sample 6,Timer,0.2432618886232376
Sample 7,Moirai,0.6031014323234558
Sample 7,Time-MoE,0.3968985080718994
Sample 8,Moirai,0.8074378371238708
Sample 8,TimesFM,0.19256216287612915
Sample 9,Timer,0.5397591590881348
Sample 9,Chronos,0.46024084091186523
Sample 10,Chronos,0.5938454270362854
Sample 10,Timer,0.4061546325683594
Sample 11,Timer,0.7465240359306335
Sample 11,TimesFM,0.25347593426704407
Sample 12,TimesFM,0.7128565311431885
Sample 12,Moirai,0.28714340925216675
Sample 13,Timer,0.6471558809280396
Sample 13,Chronos,0.35284414887428284
Sample 14,Time-MoE,0.6406605839729309
Sample 14,Chronos,0.3593394160270691
Sample 15,TimesFM,0.5381662249565125
Sample 15,Moirai,0.46183380484580994
Sample 16,Timer,0.580752968788147
Sample 16,Chronos,0.419247031211853
Sample 17,Timer,0.5304750204086304
Sample 17,Chronos,0.46952497959136963
Sample 18,TimesFM,0.5334310531616211
Sample 18,Time-MoE,0.4665689468383789
Sample 19,Timer,0.511414110660553
Sample 19,Time-MoE,0.488585889339447
Sample 20,TimesFM,0.6357607841491699
Sample 20,Timer,0.3642392158508301
Sample 21,Timer,0.7289704084396362
Sample 21,Chronos,0.2710295617580414
Sample 22,Time-MoE,0.8274210691452026
Sample 22,Chronos,0.17257899045944214
Sample 23,Time-MoE,0.6641949415206909
Sample 23,Timer,0.3358050584793091
Sample 24,Moirai,0.6865819096565247
Sample 24,TimesFM,0.31341809034347534
Sample 25,Timer,0.5112305879592896
Sample 25,Chronos,0.48876944184303284
Sample 26,Moirai,0.7839541435241699
Sample 26,Chronos,0.21604585647583008
Sample 27,Timer,0.6863537430763245
Sample 27,TimesFM,0.31364625692367554
Sample 28,TimesFM,0.769707202911377
Sample 28,Moirai,0.23029272258281708
Sample 29,Timer,0.6536582708358765
Sample 29,Chronos,0.3463417589664459
Sample 30,Time-MoE,0.7427409291267395
Sample 30,Chronos,0.2572591006755829
Sample 31,TimesFM,0.5859390497207642
Sample 31,Moirai,0.4140609800815582
Sample 0,Moirai,0.6951345205307007
Sample 0,TimesFM,0.3048654794692993
Sample 1,Timer,0.6045350432395935
Sample 1,Chronos,0.3954649865627289
Sample 2,Timer,0.6825006008148193
Sample 2,Time-MoE,0.31749942898750305
Sample 3,Timer,0.6523820757865906
Sample 3,Chronos,0.3476179540157318
Sample 4,Chronos,0.6810784935951233
Sample 4,Time-MoE,0.3189215064048767
Sample 5,Timer,0.8229047656059265
Sample 5,Moirai,0.17709527909755707
Sample 6,Moirai,0.6053259968757629
Sample 6,Time-MoE,0.39467400312423706
Sample 7,Moirai,0.506861686706543
Sample 7,Time-MoE,0.49313831329345703
Sample 8,Moirai,0.9025833606719971
Sample 8,TimesFM,0.09741661697626114
Sample 9,Chronos,0.517275869846344
Sample 9,Timer,0.4827241599559784
Sample 10,TimesFM,0.5649840831756592
Sample 10,Timer,0.43501588702201843
Sample 11,Timer,0.6322104334831238
Sample 11,Chronos,0.3677895963191986
Sample 12,TimesFM,0.5813910961151123
Sample 12,Moirai,0.4186089038848877
Sample 13,Chronos,0.5235235691070557
Sample 13,Time-MoE,0.47647643089294434
Sample 14,Time-MoE,0.8471243977546692
Sample 14,Chronos,0.1528756022453308
Sample 15,TimesFM,0.6599501371383667
Sample 15,Moirai,0.3400498032569885
Sample 16,Moirai,0.8265179395675659
Sample 16,TimesFM,0.17348210513591766
Sample 17,Chronos,0.6209495067596436
Sample 17,Timer,0.37905046343803406
Sample 18,Time-MoE,0.5670817494392395
Sample 18,Moirai,0.4329182803630829
Sample 19,Timer,0.7239168286323547
Sample 19,TimesFM,0.2760831415653229
Sample 20,TimesFM,0.7015612721443176
Sample 20,Timer,0.2984387278556824
Sample 21,Time-MoE,0.6641606688499451
Sample 21,Timer,0.3358393907546997
Sample 22,Time-MoE,0.8598092794418335
Sample 22,Moirai,0.14019076526165009
Sample 23,Moirai,0.569696843624115
Sample 23,TimesFM,0.4303032159805298
Sample 24,Moirai,0.6948453187942505
Sample 24,TimesFM,0.3051546812057495
Sample 25,Chronos,0.5008212327957153
Sample 25,Timer,0.49917876720428467
Sample 26,Time-MoE,0.5239675641059875
Sample 26,TimesFM,0.47603240609169006
Sample 27,Timer,0.619124710559845
Sample 27,Chronos,0.38087528944015503
Sample 28,TimesFM,0.5158283114433289
Sample 28,Moirai,0.48417171835899353
Sample 29,Timer,0.608489990234375
Sample 29,Time-MoE,0.3915099501609802
Sample 30,Time-MoE,0.7548868656158447
Sample 30,Chronos,0.24511316418647766
Sample 31,Moirai,0.5172467231750488
Sample 31,TimesFM,0.48275330662727356
Sample 0,Moirai,0.9066765904426575
Sample 0,Timer,0.09332345426082611
Sample 1,Chronos,0.513966977596283
Sample 1,Timer,0.48603299260139465
Sample 2,Time-MoE,0.5173646807670593
Sample 2,Chronos,0.4826352894306183
Sample 3,Timer,0.6011261343955994
Sample 3,Chronos,0.3988739252090454
Sample 4,TimesFM,0.6745932102203369
Sample 4,Chronos,0.3254067599773407
Sample 5,Chronos,0.5048823952674866
Sample 5,Time-MoE,0.4951176345348358
Sample 6,Time-MoE,0.6823886632919312
Sample 6,Chronos,0.31761133670806885
Sample 7,Moirai,0.5425968766212463
Sample 7,Time-MoE,0.45740312337875366
Sample 8,Moirai,0.8039706349372864
Sample 8,TimesFM,0.19602937996387482
Sample 9,Timer,0.5126289129257202
Sample 9,Chronos,0.4873710870742798
Sample 10,Moirai,0.5101879835128784
Sample 10,Time-MoE,0.4898119568824768
Sample 11,Timer,0.6295419335365295
Sample 11,TimesFM,0.37045806646347046
Sample 12,TimesFM,0.7599509358406067
Sample 12,Chronos,0.2400491088628769
Sample 13,Timer,0.7976236343383789
Sample 13,Chronos,0.2023763358592987
Sample 14,Time-MoE,0.8538606762886047
Sample 14,TimesFM,0.14613935351371765
Sample 15,Chronos,0.5213766098022461
Sample 15,Timer,0.47862333059310913
Sample 16,Timer,0.5417162179946899
Sample 16,Moirai,0.45828378200531006
Sample 17,Time-MoE,0.5001229643821716
Sample 17,Chronos,0.49987709522247314
Sample 18,Time-MoE,0.8479458689689636
Sample 18,TimesFM,0.15205413103103638
Sample 19,Timer,0.6510339975357056
Sample 19,Chronos,0.34896597266197205
Sample 20,TimesFM,0.6767796277999878
Sample 20,Moirai,0.3232204020023346
Sample 21,Timer,0.6463271975517273
Sample 21,Chronos,0.3536727726459503
Sample 22,Time-MoE,0.7616791129112244
Sample 22,Chronos,0.23832093179225922
Sample 23,Moirai,0.5439079999923706
Sample 23,TimesFM,0.4560920298099518
Sample 24,Moirai,0.9248365759849548
Sample 24,TimesFM,0.07516343891620636
Sample 25,Timer,0.508331835269928
Sample 25,Chronos,0.49166813492774963
Sample 26,TimesFM,0.5804640650749207
Sample 26,Time-MoE,0.41953590512275696
Sample 27,Timer,0.629829466342926
Sample 27,Chronos,0.3701705038547516
Sample 28,Moirai,0.5005542635917664
Sample 28,TimesFM,0.49944573640823364
Sample 29,Time-MoE,0.5185273885726929
Sample 29,Chronos,0.48147261142730713
Sample 30,Time-MoE,0.8410508036613464
Sample 30,Chronos,0.15894918143749237
Sample 31,Moirai,0.6157201528549194
Sample 31,Time-MoE,0.3842798173427582
Sample 0,Moirai,0.8977183699607849
Sample 0,TimesFM,0.1022816076874733
Sample 1,Chronos,0.5412958264350891
Sample 1,Timer,0.4587041735649109
Sample 2,TimesFM,0.757222592830658
Sample 2,Moirai,0.24277743697166443
Sample 3,Timer,0.5496662259101868
Sample 3,Chronos,0.45033377408981323
Sample 4,TimesFM,0.579338014125824
Sample 4,Moirai,0.42066195607185364
Sample 5,Time-MoE,0.5280648469924927
Sample 5,Chronos,0.47193512320518494
Sample 6,Time-MoE,0.7910569310188293
Sample 6,Chronos,0.20894308388233185
Sample 7,Moirai,0.5420723557472229
Sample 7,TimesFM,0.4579276442527771
Sample 8,Moirai,0.7947974801063538
Sample 8,TimesFM,0.20520253479480743
Sample 9,Timer,0.5203365087509155
Sample 9,Chronos,0.4796634614467621
Sample 10,TimesFM,0.8256306648254395
Sample 10,Moirai,0.17436932027339935
Sample 11,Timer,0.5450990796089172
Sample 11,Chronos,0.4549008905887604
Sample 12,Timer,0.5295742154121399
Sample 12,Time-MoE,0.4704257845878601
Sample 13,Timer,0.7428044676780701
Sample 13,Chronos,0.2571955621242523
Sample 14,Moirai,0.7004451751708984
Sample 14,Time-MoE,0.2995547950267792
Sample 15,Time-MoE,0.5664342641830444
Sample 15,Moirai,0.43356579542160034
Sample 16,Moirai,0.7226055264472961
Sample 16,TimesFM,0.27739450335502625
Sample 17,Timer,0.5224946737289429
Sample 17,Chronos,0.47750529646873474
Sample 18,TimesFM,0.6338208317756653
Sample 18,Moirai,0.3661791682243347
Sample 19,Timer,0.5141789317131042
Sample 19,Chronos,0.48582103848457336
Sample 20,Time-MoE,0.5671818852424622
Sample 20,Chronos,0.43281811475753784
Sample 21,Timer,0.6331384778022766
Sample 21,Chronos,0.3668615221977234
Sample 22,Time-MoE,0.8960416913032532
Sample 22,TimesFM,0.10395830869674683
Sample 23,Moirai,0.5290453433990479
Sample 23,TimesFM,0.47095465660095215
Sample 24,Moirai,0.7836482524871826
Sample 24,Timer,0.21635176241397858
Sample 25,Timer,0.5176180601119995
Sample 25,Chronos,0.4823819696903229
Sample 26,Time-MoE,0.581423282623291
Sample 26,TimesFM,0.41857674717903137
Sample 27,Chronos,0.539557158946991
Sample 27,Timer,0.4604428708553314
Sample 28,Moirai,0.6758842468261719
Sample 28,Time-MoE,0.3241157829761505
Sample 29,Time-MoE,0.6452295184135437
Sample 29,Timer,0.3547705411911011
Sample 30,Time-MoE,0.6915401816368103
Sample 30,TimesFM,0.3084597587585449
Sample 31,Time-MoE,0.5131133198738098
Sample 31,TimesFM,0.48688673973083496
Sample 0,Timer,0.5738416910171509
Sample 0,Chronos,0.4261583089828491
Sample 1,Chronos,0.5608937740325928
Sample 1,Time-MoE,0.4391062259674072
Sample 2,Time-MoE,0.7335432171821594
Sample 2,Moirai,0.2664567530155182
Sample 3,Timer,0.6157174110412598
Sample 3,Chronos,0.3842826187610626
Sample 4,TimesFM,0.6965085864067078
Sample 4,Time-MoE,0.30349138379096985
Sample 5,Timer,0.5879047513008118
Sample 5,Chronos,0.41209521889686584
Sample 6,Timer,0.6394433379173279
Sample 6,Time-MoE,0.36055663228034973
Sample 7,Moirai,0.5468779802322388
Sample 7,Time-MoE,0.45312201976776123
Sample 8,Moirai,0.8771786689758301
Sample 8,TimesFM,0.12282130122184753
Sample 9,Chronos,0.5250335931777954
Sample 9,Timer,0.4749664068222046
Sample 10,Time-MoE,0.7802000641822815
Sample 10,TimesFM,0.21979990601539612
Sample 11,Timer,0.5506777167320251
Sample 11,Chronos,0.44932231307029724
Sample 12,TimesFM,0.7488254904747009
Sample 12,Chronos,0.2511744797229767
Sample 13,Chronos,0.5102756023406982
Sample 13,Timer,0.48972445726394653
Sample 14,Time-MoE,0.7458582520484924
Sample 14,Chronos,0.25414174795150757
Sample 15,Moirai,0.5830890536308289
Sample 15,TimesFM,0.41691097617149353
Sample 0,Moirai,0.9306553602218628
Sample 0,TimesFM,0.06934462487697601
Sample 1,Chronos,0.561528205871582
Sample 1,Timer,0.43847182393074036
Sample 2,TimesFM,0.5448264479637146
Sample 2,Timer,0.455173522233963
Sample 3,Timer,0.5523614883422852
Sample 3,Chronos,0.44763854146003723
Sample 4,TimesFM,0.709823489189148
Sample 4,Chronos,0.29017651081085205
Sample 5,Chronos,0.5452263951301575
Sample 5,Timer,0.4547736346721649
Sample 6,Time-MoE,0.8300893306732178
Sample 6,Timer,0.16991065442562103
Sample 7,Moirai,0.5638425350189209
Sample 7,TimesFM,0.4361574351787567
Sample 8,Moirai,0.9143726229667664
Sample 8,TimesFM,0.08562736213207245
Sample 9,Chronos,0.5561510920524597
Sample 9,Timer,0.44384893774986267
Sample 10,Time-MoE,0.7308885455131531
Sample 10,Moirai,0.2691114842891693
Sample 11,Timer,0.5943439602851868
Sample 11,Chronos,0.40565603971481323
Sample 12,TimesFM,0.6824727654457092
Sample 12,Moirai,0.3175272047519684
Sample 13,Timer,0.5255539417266846
Sample 13,Chronos,0.47444602847099304
Sample 14,Time-MoE,0.8745273351669312
Sample 14,Chronos,0.12547262012958527
Sample 15,Moirai,0.5327616333961487
Sample 15,TimesFM,0.46723833680152893
Sample 16,Moirai,0.7841808199882507
Sample 16,TimesFM,0.21581918001174927
Sample 17,Chronos,0.5082007050514221
Sample 17,Timer,0.4917992949485779
Sample 18,TimesFM,0.8054491877555847
Sample 18,Timer,0.19455088675022125
Sample 19,Timer,0.518512487411499
Sample 19,Chronos,0.4814874827861786
Sample 20,Moirai,0.7484434247016907
Sample 20,Time-MoE,0.25155651569366455
Sample 21,Timer,0.7054977416992188
Sample 21,Chronos,0.29450228810310364
Sample 22,Time-MoE,0.666589617729187
Sample 22,Chronos,0.3334104120731354
Sample 23,TimesFM,0.675691545009613
Sample 23,Timer,0.3243083953857422
Sample 24,Moirai,0.7933343648910522
Sample 24,TimesFM,0.20666559040546417
Sample 25,Chronos,0.521015465259552
Sample 25,Timer,0.478984534740448
Sample 26,Time-MoE,0.5064120888710022
Sample 26,Timer,0.4935879111289978
Sample 27,Timer,0.5038914680480957
Sample 27,TimesFM,0.4961085319519043
Sample 28,TimesFM,0.8501994013786316
Sample 28,Timer,0.1498006135225296
Sample 29,Timer,0.6368920803070068
Sample 29,Chronos,0.36310791969299316
Sample 30,Time-MoE,0.8277725577354431
Sample 30,Moirai,0.17222750186920166
Sample 31,Moirai,0.6169753074645996
Sample 31,Time-MoE,0.3830246925354004
Sample 0,Moirai,0.5501013398170471
Sample 0,Timer,0.4498986601829529
Sample 1,Chronos,0.5907121896743774
Sample 1,Timer,0.40928778052330017
Sample 2,Moirai,0.6020040512084961
Sample 2,TimesFM,0.3979959487915039
Sample 3,Timer,0.5497043132781982
Sample 3,Chronos,0.450295627117157
Sample 4,Time-MoE,0.532525360584259
Sample 4,Timer,0.46747466921806335
Sample 5,Chronos,0.5117387175559998
Sample 5,Timer,0.48826131224632263
Sample 6,Time-MoE,0.7671977877616882
Sample 6,Chronos,0.23280224204063416
Sample 7,Moirai,0.5518975257873535
Sample 7,TimesFM,0.4481024742126465
Sample 8,Moirai,0.8280472755432129
Sample 8,TimesFM,0.1719527691602707
Sample 9,Chronos,0.527543842792511
Sample 9,Timer,0.472456157207489
Sample 10,Chronos,0.6765706539154053
Sample 10,Moirai,0.3234293758869171
Sample 11,Timer,0.531874418258667
Sample 11,Time-MoE,0.468125581741333
Sample 12,TimesFM,0.8999355435371399
Sample 12,Chronos,0.10006442666053772
Sample 13,Timer,0.5984574556350708
Sample 13,Chronos,0.4015425741672516
Sample 14,Time-MoE,0.6007422804832458
Sample 14,Timer,0.39925774931907654
Sample 15,Moirai,0.5395734906196594
Sample 15,Time-MoE,0.4604265093803406
Sample 16,Moirai,0.9030157327651978
Sample 16,TimesFM,0.09698424488306046
Sample 17,Chronos,0.5397706627845764
Sample 17,Timer,0.46022939682006836
Sample 18,Time-MoE,0.710877001285553
Sample 18,Moirai,0.289122998714447
Sample 19,Timer,0.5298222303390503
Sample 19,Chronos,0.47017771005630493
Sample 20,TimesFM,0.5689235925674438
Sample 20,Chronos,0.43107643723487854
Sample 21,Timer,0.5324572920799255
Sample 21,Chronos,0.46754270792007446
Sample 22,Time-MoE,0.8750274181365967
Sample 22,Moirai,0.12497258186340332
Sample 23,TimesFM,0.6207127571105957
Sample 23,Moirai,0.3792872726917267
Sample 24,Moirai,0.6583722829818726
Sample 24,Chronos,0.3416277766227722
Sample 25,Chronos,0.5610876083374023
Sample 25,Timer,0.4389123320579529
Sample 26,Time-MoE,0.777520477771759
Sample 26,Chronos,0.2224794626235962
Sample 27,Timer,0.7124241590499878
Sample 27,Chronos,0.2875758111476898
Sample 28,TimesFM,0.5609423518180847
Sample 28,Timer,0.4390576183795929
Sample 29,Timer,0.6475329399108887
Sample 29,Chronos,0.3524670898914337
Sample 30,Time-MoE,0.758497953414917
Sample 30,Chronos,0.24150210618972778
Sample 31,TimesFM,0.5391110777854919
Sample 31,Moirai,0.46088889241218567
Sample 0,Moirai,0.8066080212593079
Sample 0,TimesFM,0.19339197874069214
Sample 1,Timer,0.5041153430938721
Sample 1,Chronos,0.49588465690612793
Sample 2,Timer,0.9065536856651306
Sample 2,Moirai,0.09344630688428879
Sample 3,Chronos,0.5222464203834534
Sample 3,Timer,0.47775357961654663
Sample 4,Moirai,0.5434116125106812
Sample 4,TimesFM,0.45658835768699646
Sample 5,Time-MoE,0.671414852142334
Sample 5,TimesFM,0.328585147857666
Sample 6,Time-MoE,0.7706304788589478
Sample 6,Chronos,0.22936949133872986
Sample 7,Moirai,0.5879563093185425
Sample 7,Time-MoE,0.4120437204837799
Sample 8,Moirai,0.8046014308929443
Sample 8,TimesFM,0.19539852440357208
Sample 9,Chronos,0.5507149696350098
Sample 9,Timer,0.44928500056266785
Sample 10,Chronos,0.63810795545578
Sample 10,Time-MoE,0.3618920147418976
Sample 11,Timer,0.732103168964386
Sample 11,TimesFM,0.2678968012332916
Sample 12,TimesFM,0.7077478766441345
Sample 12,Timer,0.2922520935535431
Sample 13,Timer,0.5748140811920166
Sample 13,Chronos,0.425185889005661
Sample 14,Time-MoE,0.633299708366394
Sample 14,Chronos,0.36670026183128357
Sample 15,TimesFM,0.5349703431129456
Sample 15,Moirai,0.46502968668937683
Sample 16,Timer,0.5151205062866211
Sample 16,Chronos,0.4848794937133789
Sample 17,Chronos,0.5602471828460693
Sample 17,Timer,0.43975281715393066
Sample 18,TimesFM,0.5236981511116028
Sample 18,Time-MoE,0.4763018488883972
Sample 19,Time-MoE,0.5276054739952087
Sample 19,Moirai,0.47239455580711365
Sample 20,TimesFM,0.5703165531158447
Sample 20,Timer,0.42968350648880005
Sample 21,Timer,0.681216299533844
Sample 21,Chronos,0.3187837302684784
Sample 22,Time-MoE,0.8331840634346008
Sample 22,Chronos,0.16681596636772156
Sample 23,Time-MoE,0.6612874865531921
Sample 23,Timer,0.3387124836444855
Sample 24,Moirai,0.6842225193977356
Sample 24,TimesFM,0.315777450799942
Sample 25,Chronos,0.580403745174408
Sample 25,Timer,0.41959628462791443
Sample 26,Moirai,0.7841495871543884
Sample 26,Chronos,0.21585045754909515
Sample 27,Timer,0.6527907848358154
Sample 27,TimesFM,0.34720921516418457
Sample 28,TimesFM,0.738775372505188
Sample 28,Timer,0.2612246572971344
Sample 29,Timer,0.5911452770233154
Sample 29,Chronos,0.40885475277900696
Sample 30,Time-MoE,0.7373883724212646
Sample 30,Chronos,0.26261159777641296
Sample 31,TimesFM,0.5931195020675659
Sample 31,Moirai,0.4068804681301117
Sample 0,Moirai,0.7014007568359375
Sample 0,TimesFM,0.2985992431640625
Sample 1,Timer,0.5185357332229614
Sample 1,Chronos,0.4814642667770386
Sample 2,Timer,0.6613645553588867
Sample 2,Time-MoE,0.33863547444343567
Sample 3,Timer,0.5812239050865173
Sample 3,Chronos,0.4187760651111603
Sample 4,Chronos,0.7081435918807983
Sample 4,Time-MoE,0.29185640811920166
Sample 5,Timer,0.8139127492904663
Sample 5,Chronos,0.18608729541301727
Sample 6,Moirai,0.6566139459609985
Sample 6,Time-MoE,0.34338608384132385
Sample 7,Time-MoE,0.5008217096328735
Sample 7,Moirai,0.49917829036712646
Sample 8,Moirai,0.9023013114929199
Sample 8,TimesFM,0.0976986214518547
Sample 9,Chronos,0.6164786219596863
Sample 9,Timer,0.3835214078426361
Sample 10,TimesFM,0.5393862724304199
Sample 10,Timer,0.4606137275695801
Sample 11,Timer,0.5604364275932312
Sample 11,Chronos,0.4395635426044464
Sample 12,TimesFM,0.5833916068077087
Sample 12,Moirai,0.41660842299461365
Sample 13,Chronos,0.5344223976135254
Sample 13,Time-MoE,0.4655775725841522
Sample 14,Time-MoE,0.8483434915542603
Sample 14,Chronos,0.15165646374225616
Sample 15,TimesFM,0.675200343132019
Sample 15,Moirai,0.32479962706565857
Sample 16,Moirai,0.8300662636756897
Sample 16,TimesFM,0.16993379592895508
Sample 17,Chronos,0.6551263928413391
Sample 17,Time-MoE,0.3448735475540161
Sample 18,Time-MoE,0.5827144384384155
Sample 18,Moirai,0.41728559136390686
Sample 19,Timer,0.6789149641990662
Sample 19,TimesFM,0.32108503580093384
Sample 20,TimesFM,0.639807939529419
Sample 20,Timer,0.36019206047058105
Sample 21,Time-MoE,0.6841681003570557
Sample 21,Chronos,0.31583186984062195
Sample 22,Time-MoE,0.8601292967796326
Sample 22,Moirai,0.13987073302268982
Sample 23,Moirai,0.5789516568183899
Sample 23,TimesFM,0.4210483729839325
Sample 24,Moirai,0.680391252040863
Sample 24,TimesFM,0.31960874795913696
Sample 25,Chronos,0.6018655300140381
Sample 25,Timer,0.3981344401836395
Sample 26,Time-MoE,0.5486031770706177
Sample 26,TimesFM,0.4513968527317047
Sample 27,Timer,0.5348488688468933
Sample 27,Chronos,0.4651511609554291
Sample 28,TimesFM,0.5147671103477478
Sample 28,Moirai,0.4852329194545746
Sample 29,Timer,0.5540015697479248
Sample 29,Time-MoE,0.4459983706474304
Sample 30,Time-MoE,0.7540605068206787
Sample 30,Chronos,0.2459394484758377
Sample 31,Moirai,0.5216407179832458
Sample 31,TimesFM,0.4783592224121094
Sample 0,Moirai,0.9160103797912598
Sample 0,Timer,0.08398958295583725
Sample 1,Chronos,0.6122628450393677
Sample 1,Timer,0.3877371847629547
Sample 2,Chronos,0.5118305683135986
Sample 2,Time-MoE,0.488169401884079
Sample 3,Timer,0.5198160409927368
Sample 3,Chronos,0.48018401861190796
Sample 4,TimesFM,0.6734306812286377
Sample 4,Chronos,0.3265693485736847
Sample 5,Chronos,0.5207340717315674
Sample 5,Time-MoE,0.4792659878730774
Sample 6,Time-MoE,0.6754640340805054
Sample 6,Chronos,0.324535995721817
Sample 7,Moirai,0.5295612215995789
Sample 7,Time-MoE,0.47043871879577637
Sample 8,Moirai,0.8039822578430176
Sample 8,TimesFM,0.1960177719593048
Sample 9,Chronos,0.5839993953704834
Sample 9,Timer,0.4160006642341614
Sample 10,Time-MoE,0.5262181758880615
Sample 10,Moirai,0.4737818241119385
Sample 11,Timer,0.6080098152160645
Sample 11,TimesFM,0.39199018478393555
Sample 12,TimesFM,0.7562936544418335
Sample 12,Chronos,0.24370639026165009
Sample 13,Timer,0.7691114544868469
Sample 13,Chronos,0.23088856041431427
Sample 14,Time-MoE,0.8550823926925659
Sample 14,Chronos,0.14491762220859528
Sample 15,Chronos,0.5128517746925354
Sample 15,Timer,0.4871481657028198
Sample 16,Timer,0.5136190056800842
Sample 16,Moirai,0.48638099431991577
Sample 17,Chronos,0.5226861834526062
Sample 17,Time-MoE,0.4773138165473938
Sample 18,Time-MoE,0.8609516024589539
Sample 18,TimesFM,0.13904838263988495
Sample 19,Timer,0.5990797281265259
Sample 19,Chronos,0.40092024207115173
Sample 20,TimesFM,0.6884622573852539
Sample 20,Moirai,0.3115377724170685
Sample 21,Timer,0.5702981352806091
Sample 21,Chronos,0.42970189452171326
Sample 22,Time-MoE,0.7573782205581665
Sample 22,Chronos,0.24262180924415588
Sample 23,Moirai,0.5520697832107544
Sample 23,TimesFM,0.44793015718460083
Sample 24,Moirai,0.928146243095398
Sample 24,TimesFM,0.07185380160808563
Sample 25,Chronos,0.5869080424308777
Sample 25,Timer,0.4130919575691223
Sample 26,TimesFM,0.5645825266838074
Sample 26,Time-MoE,0.435417503118515
Sample 27,Timer,0.5570719838142395
Sample 27,Chronos,0.4429280161857605
Sample 28,TimesFM,0.5053912401199341
Sample 28,Moirai,0.49460873007774353
Sample 29,Time-MoE,0.5084148049354553
Sample 29,Chronos,0.4915851950645447
Sample 30,Time-MoE,0.848763644695282
Sample 30,Chronos,0.15123631060123444
Sample 31,Moirai,0.6044470071792603
Sample 31,Time-MoE,0.39555299282073975
Sample 0,Moirai,0.9035400152206421
Sample 0,TimesFM,0.0964600220322609
Sample 1,Chronos,0.6328747272491455
Sample 1,Timer,0.3671252727508545
Sample 2,TimesFM,0.7791333198547363
Sample 2,Moirai,0.22086669504642487
Sample 3,Chronos,0.5336897969245911
Sample 3,Timer,0.4663102328777313
Sample 4,TimesFM,0.5823277235031128
Sample 4,Moirai,0.4176722764968872
Sample 5,Time-MoE,0.5125453472137451
Sample 5,Chronos,0.4874546527862549
Sample 6,Time-MoE,0.786571741104126
Sample 6,Chronos,0.21342833340168
Sample 7,Moirai,0.5527890920639038
Sample 7,TimesFM,0.4472108781337738
Sample 8,Moirai,0.7954672574996948
Sample 8,TimesFM,0.20453275740146637
Sample 9,Chronos,0.5673679113388062
Sample 9,Timer,0.43263211846351624
Sample 10,TimesFM,0.8019036054611206
Sample 10,Moirai,0.198096364736557
Sample 11,Chronos,0.5245165824890137
Sample 11,Timer,0.4754834771156311
Sample 12,Timer,0.5370763540267944
Sample 12,Time-MoE,0.46292367577552795
Sample 13,Timer,0.7484322786331177
Sample 13,Chronos,0.2515677213668823
Sample 14,Moirai,0.7250887155532837
Sample 14,Time-MoE,0.2749113142490387
Sample 15,Time-MoE,0.5718415379524231
Sample 15,Moirai,0.4281584620475769
Sample 16,Moirai,0.7386088967323303
Sample 16,TimesFM,0.2613910734653473
Sample 17,Chronos,0.5633313655853271
Sample 17,Timer,0.43666866421699524
Sample 18,TimesFM,0.6361505389213562
Sample 18,Moirai,0.3638494610786438
Sample 19,Chronos,0.5700109601020813
Sample 19,Timer,0.4299890398979187
Sample 20,Time-MoE,0.5580781698226929
Sample 20,Chronos,0.44192180037498474
Sample 21,Timer,0.5640282034873962
Sample 21,Chronos,0.43597179651260376
Sample 22,Time-MoE,0.8989549279212952
Sample 22,TimesFM,0.10104508697986603
Sample 23,Moirai,0.5441809296607971
Sample 23,TimesFM,0.4558190107345581
Sample 24,Moirai,0.8139622807502747
Sample 24,TimesFM,0.18603777885437012
Sample 25,Chronos,0.5725637674331665
Sample 25,Timer,0.4274361729621887
Sample 26,Time-MoE,0.5971521139144897
Sample 26,TimesFM,0.4028478264808655
Sample 27,Chronos,0.5720234513282776
Sample 27,Time-MoE,0.4279765486717224
Sample 28,Moirai,0.6845875978469849
Sample 28,Time-MoE,0.3154124319553375
Sample 29,Time-MoE,0.6572262048721313
Sample 29,Chronos,0.3427737355232239
Sample 30,Time-MoE,0.7047591805458069
Sample 30,TimesFM,0.2952408492565155
Sample 31,Timer,0.5047186017036438
Sample 31,Time-MoE,0.4952813982963562
Sample 0,Timer,0.5220882892608643
Sample 0,Chronos,0.47791168093681335
Sample 1,Chronos,0.5838165283203125
Sample 1,Time-MoE,0.4161834716796875
Sample 2,Time-MoE,0.7516571283340454
Sample 2,Moirai,0.24834290146827698
Sample 3,Timer,0.565701961517334
Sample 3,Chronos,0.43429797887802124
Sample 4,TimesFM,0.7203201651573181
Sample 4,Time-MoE,0.27967989444732666
Sample 5,Timer,0.528152585029602
Sample 5,Chronos,0.4718474745750427
Sample 6,Timer,0.6342358589172363
Sample 6,Time-MoE,0.3657640814781189
Sample 7,Moirai,0.5453603267669678
Sample 7,Time-MoE,0.4546396732330322
Sample 8,Moirai,0.8794941306114197
Sample 8,TimesFM,0.12050586938858032
Sample 9,Chronos,0.6027692556381226
Sample 9,Timer,0.39723077416419983
Sample 10,Time-MoE,0.7952806949615479
Sample 10,TimesFM,0.20471930503845215
Sample 11,Chronos,0.5195491909980774
Sample 11,Timer,0.4804507791996002
Sample 12,TimesFM,0.7502155303955078
Sample 12,Chronos,0.2497844398021698
Sample 13,Chronos,0.5696283578872681
Sample 13,Time-MoE,0.43037164211273193
Sample 14,Time-MoE,0.7351006269454956
Sample 14,Chronos,0.26489943265914917
Sample 15,Moirai,0.6103954911231995
Sample 15,TimesFM,0.38960450887680054
Sample 0,Moirai,0.9335756897926331
Sample 0,TimesFM,0.06642428040504456
Sample 1,Chronos,0.6268904805183411
Sample 1,Timer,0.37310951948165894
Sample 2,TimesFM,0.5072499513626099
Sample 2,Timer,0.49275001883506775
Sample 3,Chronos,0.5017561316490173
Sample 3,Timer,0.49824389815330505
Sample 4,TimesFM,0.7140180468559265
Sample 4,Chronos,0.2859819829463959
Sample 5,Chronos,0.5653231739997864
Sample 5,Time-MoE,0.4346768260002136
Sample 6,Time-MoE,0.8419451713562012
Sample 6,Chronos,0.15805482864379883
Sample 7,Moirai,0.5934634208679199
Sample 7,TimesFM,0.4065365195274353
Sample 8,Moirai,0.9150438904762268
Sample 8,TimesFM,0.0849561095237732
Sample 9,Chronos,0.6223617792129517
Sample 9,Timer,0.37763819098472595
Sample 10,Time-MoE,0.7604827284812927
Sample 10,Moirai,0.23951728641986847
Sample 11,Timer,0.5460385084152222
Sample 11,Chronos,0.45396149158477783
Sample 12,TimesFM,0.6689869165420532
Sample 12,Moirai,0.33101311326026917
Sample 13,Chronos,0.530650794506073
Sample 13,Timer,0.4693492352962494
Sample 14,Time-MoE,0.8738511800765991
Sample 14,Chronos,0.12614881992340088
Sample 15,Moirai,0.5594462752342224
Sample 15,TimesFM,0.4405536949634552
Sample 16,Moirai,0.7884324789047241
Sample 16,TimesFM,0.21156750619411469
Sample 17,Chronos,0.5708248019218445
Sample 17,Timer,0.4291751980781555
Sample 18,TimesFM,0.7943713665008545
Sample 18,Timer,0.20562855899333954
Sample 19,Chronos,0.5355474948883057
Sample 19,Timer,0.46445250511169434
Sample 20,Moirai,0.7451959252357483
Sample 20,Time-MoE,0.2548040747642517
Sample 21,Timer,0.6768642067909241
Sample 21,Chronos,0.3231357932090759
Sample 22,Time-MoE,0.6459146738052368
Sample 22,Chronos,0.35408535599708557
Sample 23,TimesFM,0.6691107749938965
Sample 23,Timer,0.3308892250061035
Sample 24,Moirai,0.7977418303489685
Sample 24,TimesFM,0.2022581845521927
Sample 25,Chronos,0.5824865102767944
Sample 25,Timer,0.41751348972320557
Sample 26,Time-MoE,0.5503326058387756
Sample 26,Timer,0.44966739416122437
Sample 27,TimesFM,0.5088024735450745
Sample 27,Moirai,0.49119749665260315
Sample 28,TimesFM,0.8305137157440186
Sample 28,Timer,0.16948628425598145
Sample 29,Timer,0.5929182767868042
Sample 29,Chronos,0.4070817530155182
Sample 30,Time-MoE,0.8317297101020813
Sample 30,Moirai,0.1682702600955963
Sample 31,Moirai,0.6195732355117798
Sample 31,Time-MoE,0.3804267942905426
Sample 0,Moirai,0.5209317803382874
Sample 0,Timer,0.47906824946403503
Sample 1,Chronos,0.6153293251991272
Sample 1,Time-MoE,0.3846706748008728
Sample 2,Moirai,0.5889396667480469
Sample 2,TimesFM,0.4110603332519531
Sample 3,Timer,0.5169789791107178
Sample 3,Chronos,0.4830210208892822
Sample 4,Time-MoE,0.5224227905273438
Sample 4,Timer,0.47757720947265625
Sample 5,Chronos,0.5571809411048889
Sample 5,Timer,0.4428190290927887
Sample 6,Time-MoE,0.7631794214248657
Sample 6,Chronos,0.2368205487728119
Sample 7,Moirai,0.5812309980392456
Sample 7,TimesFM,0.4187690317630768
Sample 8,Moirai,0.8125249147415161
Sample 8,TimesFM,0.18747510015964508
Sample 9,Chronos,0.5758424401283264
Sample 9,Timer,0.4241575002670288
Sample 10,Chronos,0.721596360206604
Sample 10,Time-MoE,0.2784036099910736
Sample 11,Timer,0.5331099629402161
Sample 11,Time-MoE,0.46689000725746155
Sample 12,TimesFM,0.90439772605896
Sample 12,Chronos,0.09560228139162064
Sample 13,Timer,0.5703480839729309
Sample 13,Chronos,0.4296518564224243
Sample 14,Time-MoE,0.623105525970459
Sample 14,Timer,0.37689444422721863
Sample 15,Moirai,0.5289697051048279
Sample 15,Time-MoE,0.4710302948951721
Sample 16,Moirai,0.9002746343612671
Sample 16,TimesFM,0.0997253954410553
Sample 17,Chronos,0.5855631828308105
Sample 17,Timer,0.41443687677383423
Sample 18,Time-MoE,0.735662579536438
Sample 18,Timer,0.2643374502658844
Sample 19,Chronos,0.5051791071891785
Sample 19,Timer,0.49482089281082153
Sample 20,TimesFM,0.5844578742980957
Sample 20,Time-MoE,0.4155421257019043
Sample 21,Chronos,0.5041647553443909
Sample 21,Timer,0.4958352744579315
Sample 22,Time-MoE,0.8769437670707703
Sample 22,Moirai,0.12305624783039093
Sample 23,TimesFM,0.6012080907821655
Sample 23,Moirai,0.39879196882247925
Sample 24,Moirai,0.6437730193138123
Sample 24,Chronos,0.35622698068618774
Sample 25,Chronos,0.6138386130332947
Sample 25,Timer,0.3861613869667053
Sample 26,Time-MoE,0.7882745265960693
Sample 26,Chronos,0.21172542870044708
Sample 27,Timer,0.6945483684539795
Sample 27,Chronos,0.3054516315460205
Sample 28,Timer,0.501075029373169
Sample 28,TimesFM,0.49892497062683105
Sample 29,Timer,0.6203270554542542
Sample 29,Chronos,0.37967294454574585
Sample 30,Time-MoE,0.7540873289108276
Sample 30,Chronos,0.24591264128684998
Sample 31,TimesFM,0.509379506111145
Sample 31,Moirai,0.490620493888855
Sample 0,Moirai,0.8084732890129089
Sample 0,Time-MoE,0.19152674078941345
Sample 1,Chronos,0.5182660818099976
Sample 1,Timer,0.48173394799232483
Sample 2,Timer,0.9071874618530273
Sample 2,Chronos,0.09281259030103683
Sample 3,Chronos,0.5507418513298035
Sample 3,Timer,0.44925811886787415
Sample 4,Moirai,0.5606175661087036
Sample 4,TimesFM,0.4393824636936188
Sample 5,Time-MoE,0.6691097617149353
Sample 5,TimesFM,0.3308901786804199
Sample 6,Time-MoE,0.7717031240463257
Sample 6,Chronos,0.2282969206571579
Sample 7,Moirai,0.5873621702194214
Sample 7,Time-MoE,0.4126378297805786
Sample 8,Moirai,0.8102770447731018
Sample 8,TimesFM,0.1897229254245758
Sample 9,Chronos,0.5836718678474426
Sample 9,Timer,0.416328102350235
Sample 10,Chronos,0.6472045183181763
Sample 10,Time-MoE,0.35279545187950134
Sample 11,Timer,0.7307898998260498
Sample 11,TimesFM,0.2692100703716278
Sample 12,TimesFM,0.6586195230484009
Sample 12,Timer,0.3413804769515991
Sample 13,Timer,0.5510877966880798
Sample 13,Chronos,0.44891223311424255
Sample 14,Time-MoE,0.6220291256904602
Sample 14,Chronos,0.3779709041118622
Sample 15,Moirai,0.5005565881729126
Sample 15,TimesFM,0.4994433522224426
Sample 16,Timer,0.5080285668373108
Sample 16,Chronos,0.4919714331626892
Sample 17,Chronos,0.5974494218826294
Sample 17,Time-MoE,0.4025505781173706
Sample 18,TimesFM,0.5141379237174988
Sample 18,Time-MoE,0.48586201667785645
Sample 19,Time-MoE,0.5281914472579956
Sample 19,Moirai,0.4718085527420044
Sample 20,TimesFM,0.5187243819236755
Sample 20,Timer,0.48127564787864685
Sample 21,Timer,0.6785829067230225
Sample 21,Chronos,0.32141709327697754
Sample 22,Time-MoE,0.8395206928253174
Sample 22,TimesFM,0.16047929227352142
Sample 23,Time-MoE,0.664323091506958
Sample 23,Timer,0.33567696809768677
Sample 24,Moirai,0.7009819746017456
Sample 24,TimesFM,0.2990179657936096
Sample 25,Chronos,0.6146010756492615
Sample 25,Timer,0.3853989541530609
Sample 26,Moirai,0.7660688161849976
Sample 26,Chronos,0.2339312583208084
Sample 27,Timer,0.6247454881668091
Sample 27,TimesFM,0.3752545118331909
Sample 28,TimesFM,0.6986324787139893
Sample 28,Timer,0.30136752128601074
Sample 29,Timer,0.5793534517288208
Sample 29,Chronos,0.4206465780735016
Sample 30,Time-MoE,0.7293609380722046
Sample 30,Chronos,0.27063900232315063
Sample 31,TimesFM,0.5677826404571533
Sample 31,Moirai,0.4322173297405243
Sample 0,Moirai,0.713128924369812
Sample 0,TimesFM,0.286871075630188
Sample 1,Timer,0.5176753997802734
Sample 1,Chronos,0.48232463002204895
Sample 2,Timer,0.6633007526397705
Sample 2,Time-MoE,0.33669930696487427
Sample 3,Timer,0.591103196144104
Sample 3,Chronos,0.408896803855896
Sample 4,Chronos,0.726146399974823
Sample 4,Time-MoE,0.273853600025177
Sample 5,Timer,0.8506998419761658
Sample 5,Chronos,0.1493002027273178
Sample 6,Moirai,0.6832922101020813
Sample 6,Time-MoE,0.3167077302932739
Sample 7,Time-MoE,0.5115420818328857
Sample 7,Moirai,0.4884578585624695
Sample 8,Moirai,0.9020304679870605
Sample 8,TimesFM,0.09796958416700363
Sample 9,Chronos,0.6377130150794983
Sample 9,Timer,0.3622869551181793
Sample 10,TimesFM,0.5251278877258301
Sample 10,Timer,0.4748721122741699
Sample 11,Timer,0.5507637858390808
Sample 11,Chronos,0.4492362439632416
Sample 12,TimesFM,0.5685410499572754
Sample 12,Moirai,0.431458979845047
Sample 13,Chronos,0.5347564816474915
Sample 13,Time-MoE,0.46524351835250854
Sample 14,Time-MoE,0.8538539409637451
Sample 14,Chronos,0.1461459845304489
Sample 15,TimesFM,0.6717294454574585
Sample 15,Moirai,0.3282705843448639
Sample 16,Moirai,0.8325230479240417
Sample 16,TimesFM,0.16747693717479706
Sample 17,Chronos,0.680912971496582
Sample 17,Time-MoE,0.31908708810806274
Sample 18,Time-MoE,0.6001397371292114
Sample 18,Moirai,0.3998602330684662
Sample 19,Timer,0.6475370526313782
Sample 19,TimesFM,0.3524629473686218
Sample 20,TimesFM,0.5970472097396851
Sample 20,Timer,0.40295282006263733
Sample 21,Time-MoE,0.6893672347068787
Sample 21,Chronos,0.31063273549079895
Sample 22,Time-MoE,0.8667241334915161
Sample 22,Moirai,0.13327588140964508
Sample 23,Moirai,0.5901778340339661
Sample 23,Time-MoE,0.40982213616371155
Sample 24,Moirai,0.6767471432685852
Sample 24,TimesFM,0.3232528567314148
Sample 25,Chronos,0.6180644631385803
Sample 25,Time-MoE,0.38193556666374207
Sample 26,Time-MoE,0.5608461499214172
Sample 26,Moirai,0.43915385007858276
Sample 27,Timer,0.5131489634513855
Sample 27,Chronos,0.4868510663509369
Sample 28,TimesFM,0.5023069977760315
Sample 28,Moirai,0.4976930022239685
Sample 29,Timer,0.5317511558532715
Sample 29,Time-MoE,0.4682488441467285
Sample 30,Time-MoE,0.7548058032989502
Sample 30,Chronos,0.2451941967010498
Sample 31,Moirai,0.5426665544509888
Sample 31,TimesFM,0.45733341574668884
Sample 0,Moirai,0.9054054021835327
Sample 0,Timer,0.0945945754647255
Sample 1,Chronos,0.6195055246353149
Sample 1,Timer,0.3804944157600403
Sample 2,Chronos,0.5262458920478821
Sample 2,Time-MoE,0.4737541377544403
Sample 3,Timer,0.5254471898078918
Sample 3,Chronos,0.47455278038978577
Sample 4,TimesFM,0.6821295022964478
Sample 4,Chronos,0.31787052750587463
Sample 5,Chronos,0.5177325010299683
Sample 5,Time-MoE,0.4822675287723541
Sample 6,Time-MoE,0.6846351623535156
Sample 6,Chronos,0.3153648376464844
Sample 7,Moirai,0.5104213356971741
Sample 7,Time-MoE,0.48957863450050354
Sample 8,Moirai,0.792078971862793
Sample 8,TimesFM,0.20792102813720703
Sample 9,Chronos,0.5869947671890259
Sample 9,Timer,0.4130052626132965
Sample 10,Time-MoE,0.5453492403030396
Sample 10,Moirai,0.45465075969696045
Sample 11,Timer,0.6297875046730042
Sample 11,TimesFM,0.37021249532699585
Sample 12,TimesFM,0.7472944855690002
Sample 12,Chronos,0.25270548462867737
Sample 13,Timer,0.7968101501464844
Sample 13,TimesFM,0.20318979024887085
Sample 14,Time-MoE,0.8609799742698669
Sample 14,Chronos,0.13902004063129425
Sample 15,Chronos,0.5197506546974182
Sample 15,Time-MoE,0.4802493751049042
Sample 16,Timer,0.5594150424003601
Sample 16,Moirai,0.4405849277973175
Sample 17,Chronos,0.5247248411178589
Sample 17,Time-MoE,0.4752751588821411
Sample 18,Time-MoE,0.8763827085494995
Sample 18,TimesFM,0.1236172765493393
Sample 19,Timer,0.5762374401092529
Sample 19,Chronos,0.42376255989074707
Sample 20,TimesFM,0.6699450016021729
Sample 20,Timer,0.33005496859550476
Sample 21,Timer,0.5718501210212708
Sample 21,Chronos,0.4281498193740845
Sample 22,Time-MoE,0.7672187089920044
Sample 22,Chronos,0.232781320810318
Sample 23,Moirai,0.5601616501808167
Sample 23,TimesFM,0.43983837962150574
Sample 24,Moirai,0.9275900721549988
Sample 24,TimesFM,0.07240994274616241
Sample 25,Chronos,0.5872007608413696
Sample 25,Timer,0.412799209356308
Sample 26,TimesFM,0.547681450843811
Sample 26,Time-MoE,0.45231857895851135
Sample 27,Timer,0.5674092769622803
Sample 27,Chronos,0.43259069323539734
Sample 28,TimesFM,0.5146649479866028
Sample 28,Moirai,0.4853350818157196
Sample 29,Time-MoE,0.5086987018585205
Sample 29,Chronos,0.4913012981414795
Sample 30,Time-MoE,0.8624505400657654
Sample 30,Chronos,0.1375495046377182
Sample 31,Moirai,0.5858107805252075
Sample 31,Time-MoE,0.41418924927711487
Sample 0,Moirai,0.9031919836997986
Sample 0,TimesFM,0.09680794924497604
Sample 1,Chronos,0.6323810815811157
Sample 1,Timer,0.3676188886165619
Sample 2,TimesFM,0.7897776365280151
Sample 2,Moirai,0.21022240817546844
Sample 3,Chronos,0.5291205644607544
Sample 3,Timer,0.4708794057369232
Sample 4,TimesFM,0.5513870716094971
Sample 4,Timer,0.44861292839050293
Sample 5,Time-MoE,0.5212881565093994
Sample 5,Chronos,0.4787118136882782
Sample 6,Time-MoE,0.7924630641937256
Sample 6,Chronos,0.20753693580627441
Sample 7,Moirai,0.5486665368080139
Sample 7,TimesFM,0.4513334631919861
Sample 8,Moirai,0.7852253317832947
Sample 8,TimesFM,0.21477459371089935
Sample 9,Chronos,0.5575541257858276
Sample 9,Timer,0.44244587421417236
Sample 10,TimesFM,0.7792474627494812
Sample 10,Moirai,0.22075258195400238
Sample 11,Timer,0.5018916130065918
Sample 11,Chronos,0.4981084167957306
Sample 12,Timer,0.5393702387809753
Sample 12,Time-MoE,0.46062976121902466
Sample 13,Timer,0.7628201842308044
Sample 13,Chronos,0.23717977106571198
Sample 14,Moirai,0.7330502867698669
Sample 14,Time-MoE,0.26694971323013306
Sample 15,Time-MoE,0.5866802930831909
Sample 15,Moirai,0.41331973671913147
Sample 16,Moirai,0.7356579303741455
Sample 16,TimesFM,0.2643420398235321
Sample 17,Chronos,0.5501419901847839
Sample 17,Timer,0.44985800981521606
Sample 18,TimesFM,0.6440369486808777
Sample 18,Time-MoE,0.3559630215167999
Sample 19,Chronos,0.5594221949577332
Sample 19,Timer,0.44057780504226685
Sample 20,Time-MoE,0.5624814629554749
Sample 20,Chronos,0.43751853704452515
Sample 21,Timer,0.587247371673584
Sample 21,Chronos,0.4127526581287384
Sample 22,Time-MoE,0.9115970134735107
Sample 22,TimesFM,0.08840300887823105
Sample 23,Moirai,0.543243408203125
Sample 23,TimesFM,0.4567565619945526
Sample 24,Moirai,0.7946169972419739
Sample 24,Timer,0.20538300275802612
Sample 25,Chronos,0.5700530409812927
Sample 25,Timer,0.4299469590187073
Sample 26,Time-MoE,0.620428204536438
Sample 26,TimesFM,0.379571795463562
Sample 27,Chronos,0.5653563141822815
Sample 27,Time-MoE,0.4346436560153961
Sample 28,Moirai,0.6780312061309814
Sample 28,Time-MoE,0.32196879386901855
Sample 29,Time-MoE,0.6734657287597656
Sample 29,Chronos,0.32653433084487915
Sample 30,Time-MoE,0.7359448671340942
Sample 30,TimesFM,0.26405516266822815
Sample 31,Time-MoE,0.5080176591873169
Sample 31,Timer,0.4919823110103607
Sample 0,Timer,0.5631727576255798
Sample 0,Chronos,0.43682724237442017
Sample 1,Chronos,0.5883743166923523
Sample 1,Time-MoE,0.4116256535053253
Sample 2,Time-MoE,0.7808135747909546
Sample 2,Moirai,0.2191864252090454
Sample 3,Timer,0.5940351486206055
Sample 3,Chronos,0.4059648811817169
Sample 4,TimesFM,0.7252866625785828
Sample 4,Time-MoE,0.2747133672237396
Sample 5,Timer,0.554547131061554
Sample 5,Chronos,0.44545283913612366
Sample 6,Timer,0.6708824634552002
Sample 6,Time-MoE,0.3291175961494446
Sample 7,Moirai,0.5330914258956909
Sample 7,Time-MoE,0.4669085741043091
Sample 8,Moirai,0.8772456645965576
Sample 8,TimesFM,0.12275438010692596
Sample 9,Chronos,0.5904675126075745
Sample 9,Timer,0.4095325171947479
Sample 10,Time-MoE,0.8092220425605774
Sample 10,Moirai,0.1907779723405838
Sample 11,Chronos,0.5017543435096741
Sample 11,Timer,0.49824562668800354
Sample 12,TimesFM,0.7432724237442017
Sample 12,Chronos,0.25672754645347595
Sample 13,Chronos,0.5644919872283936
Sample 13,Time-MoE,0.43550804257392883
Sample 14,Time-MoE,0.7402610778808594
Sample 14,Chronos,0.259738951921463
Sample 15,Moirai,0.6079962253570557
Sample 15,TimesFM,0.39200377464294434
Sample 0,Moirai,0.9349762797355652
Sample 0,TimesFM,0.06502372771501541
Sample 1,Chronos,0.6156349778175354
Sample 1,Timer,0.3843649625778198
Sample 2,Timer,0.5170595049858093
Sample 2,TimesFM,0.4829404652118683
Sample 3,Timer,0.5195456743240356
Sample 3,Chronos,0.48045438528060913
Sample 4,TimesFM,0.714924156665802
Sample 4,Chronos,0.2850758731365204
Sample 5,Chronos,0.5622676610946655
Sample 5,Time-MoE,0.43773239850997925
Sample 6,Time-MoE,0.8544306755065918
Sample 6,Chronos,0.145569309592247
Sample 7,Moirai,0.5838026404380798
Sample 7,TimesFM,0.4161973297595978
Sample 8,Moirai,0.9164756536483765
Sample 8,TimesFM,0.08352437615394592
Sample 9,Chronos,0.6123141050338745
Sample 9,Timer,0.3876858353614807
Sample 10,Time-MoE,0.780929446220398
Sample 10,Moirai,0.21907055377960205
Sample 11,Timer,0.5699459910392761
Sample 11,Chronos,0.4300539493560791
Sample 12,TimesFM,0.6705566048622131
Sample 12,Moirai,0.32944345474243164
Sample 13,Chronos,0.5112461447715759
Sample 13,Timer,0.4887538552284241
Sample 14,Time-MoE,0.881298303604126
Sample 14,Chronos,0.1187017410993576
Sample 15,Moirai,0.547385036945343
Sample 15,TimesFM,0.452614963054657
Sample 16,Moirai,0.7863830924034119
Sample 16,TimesFM,0.21361690759658813
Sample 17,Chronos,0.5525150299072266
Sample 17,Timer,0.4474849998950958
Sample 18,TimesFM,0.7811017036437988
Sample 18,Timer,0.21889834105968475
Sample 19,Chronos,0.5095600485801697
Sample 19,Timer,0.49043992161750793
Sample 20,Moirai,0.7358978986740112
Sample 20,Time-MoE,0.26410216093063354
Sample 21,Timer,0.7090613842010498
Sample 21,Chronos,0.2909386157989502
Sample 22,Time-MoE,0.6522586345672607
Sample 22,Chronos,0.34774133563041687
Sample 23,TimesFM,0.6653879284858704
Sample 23,Timer,0.33461207151412964
Sample 24,Moirai,0.7843372821807861
Sample 24,TimesFM,0.21566271781921387
Sample 25,Chronos,0.5651342868804932
Sample 25,Timer,0.4348657429218292
Sample 26,Time-MoE,0.5281524062156677
Sample 26,Timer,0.4718475341796875
Sample 27,TimesFM,0.5090914964675903
Sample 27,Moirai,0.4909084737300873
Sample 28,TimesFM,0.8366016149520874
Sample 28,Timer,0.16339834034442902
Sample 29,Timer,0.6167370080947876
Sample 29,Time-MoE,0.3832629919052124
Sample 30,Time-MoE,0.8273795247077942
Sample 30,Moirai,0.17262053489685059
Sample 31,Moirai,0.6101564764976501
Sample 31,Time-MoE,0.38984352350234985
Sample 0,Timer,0.5397464632987976
Sample 0,Moirai,0.4602535367012024
Sample 1,Chronos,0.6270398497581482
Sample 1,Time-MoE,0.3729601800441742
Sample 2,Moirai,0.5812628269195557
Sample 2,TimesFM,0.41873717308044434
Sample 3,Timer,0.5552020072937012
Sample 3,Chronos,0.44479799270629883
Sample 4,Time-MoE,0.5161570310592651
Sample 4,Timer,0.48384299874305725
Sample 5,Chronos,0.5371595621109009
Sample 5,Timer,0.4628404676914215
Sample 6,Time-MoE,0.7674031257629395
Sample 6,Chronos,0.23259684443473816
Sample 7,Moirai,0.5652382373809814
Sample 7,TimesFM,0.43476179242134094
Sample 8,Moirai,0.8164483904838562
Sample 8,TimesFM,0.1835515946149826
Sample 9,Chronos,0.5566730499267578
Sample 9,Timer,0.4433269500732422
Sample 10,Chronos,0.7491405606269836
Sample 10,Time-MoE,0.25085946917533875
Sample 11,Timer,0.5633358359336853
Sample 11,TimesFM,0.4366641938686371
Sample 12,TimesFM,0.8975814580917358
Sample 12,Time-MoE,0.10241855680942535
Sample 13,Timer,0.6090788841247559
Sample 13,Chronos,0.39092111587524414
Sample 14,Time-MoE,0.6076364517211914
Sample 14,Timer,0.3923635184764862
Sample 15,Moirai,0.5058595538139343
Sample 15,Time-MoE,0.4941404461860657
Sample 16,Moirai,0.8976088762283325
Sample 16,TimesFM,0.10239114612340927
Sample 17,Chronos,0.5635629296302795
Sample 17,Timer,0.43643704056739807
Sample 18,Time-MoE,0.7665885090827942
Sample 18,TimesFM,0.2334115207195282
Sample 19,Timer,0.5315156579017639
Sample 19,Chronos,0.4684842824935913
Sample 20,TimesFM,0.6106678247451782
Sample 20,Time-MoE,0.38933220505714417
Sample 21,Timer,0.5281262993812561
Sample 21,Chronos,0.4718737006187439
Sample 22,Time-MoE,0.8785552382469177
Sample 22,Moirai,0.12144476920366287
Sample 23,TimesFM,0.6292351484298706
Sample 23,Moirai,0.37076491117477417
Sample 24,Moirai,0.6654055714607239
Sample 24,Chronos,0.3345944583415985
Sample 25,Chronos,0.6023539304733276
Sample 25,Timer,0.39764606952667236
Sample 26,Time-MoE,0.7991161346435547
Sample 26,Chronos,0.20088385045528412
Sample 27,Timer,0.7265642285346985
Sample 27,Chronos,0.2734357714653015
Sample 28,Timer,0.5369588732719421
Sample 28,TimesFM,0.4630410671234131
Sample 29,Timer,0.6542344093322754
Sample 29,Chronos,0.345765620470047
Sample 30,Time-MoE,0.7568754553794861
Sample 30,Chronos,0.2431245744228363
Sample 31,TimesFM,0.5308833718299866
Sample 31,Moirai,0.4691166579723358
Sample 0,Moirai,0.7818436622619629
Sample 0,Time-MoE,0.21815632283687592
Sample 1,Timer,0.5158522129058838
Sample 1,Chronos,0.4841477870941162
Sample 2,Timer,0.9162173867225647
Sample 2,Chronos,0.08378257602453232
Sample 3,Chronos,0.5246978402137756
Sample 3,Timer,0.4753021001815796
Sample 4,Moirai,0.5550761222839355
Sample 4,TimesFM,0.44492387771606445
Sample 5,Time-MoE,0.6984419822692871
Sample 5,TimesFM,0.3015579879283905
Sample 6,Time-MoE,0.7720965147018433
Sample 6,Chronos,0.22790351510047913
Sample 7,Moirai,0.5690293908119202
Sample 7,Time-MoE,0.43097060918807983
Sample 8,Moirai,0.7926837205886841
Sample 8,TimesFM,0.2073162943124771
Sample 9,Chronos,0.5614749789237976
Sample 9,Timer,0.4385250508785248
Sample 10,Chronos,0.6606616377830505
Sample 10,Time-MoE,0.3393383324146271
Sample 11,Timer,0.7688837051391602
Sample 11,TimesFM,0.23111632466316223
Sample 12,TimesFM,0.6548820734024048
Sample 12,Timer,0.3451178967952728
Sample 13,Timer,0.581642210483551
Sample 13,Chronos,0.4183577597141266
Sample 14,Time-MoE,0.6062635183334351
Sample 14,Chronos,0.39373645186424255
Sample 15,TimesFM,0.5282480716705322
Sample 15,Moirai,0.47175195813179016
Sample 16,Timer,0.5512045621871948
Sample 16,Chronos,0.4487954080104828
Sample 17,Chronos,0.5859091877937317
Sample 17,Timer,0.4140908420085907
Sample 18,Time-MoE,0.5057870149612427
Sample 18,TimesFM,0.4942130148410797
Sample 19,Moirai,0.5046663880348206
Sample 19,Time-MoE,0.49533361196517944
Sample 20,Timer,0.5094848275184631
Sample 20,TimesFM,0.4905151426792145
Sample 21,Timer,0.7195256352424622
Sample 21,Chronos,0.2804744243621826
Sample 22,Time-MoE,0.8535679578781128
Sample 22,Chronos,0.1464320719242096
Sample 23,Time-MoE,0.6699303388595581
Sample 23,Timer,0.3300696611404419
Sample 24,Moirai,0.6786303520202637
Sample 24,TimesFM,0.32136964797973633
Sample 25,Chronos,0.5935260057449341
Sample 25,Timer,0.4064740240573883
Sample 26,Moirai,0.7625886797904968
Sample 26,Chronos,0.2374112904071808
Sample 27,Timer,0.6315253376960754
Sample 27,TimesFM,0.36847469210624695
Sample 28,TimesFM,0.6994545459747314
Sample 28,Timer,0.30054542422294617
Sample 29,Timer,0.6185160875320435
Sample 29,Chronos,0.38148391246795654
Sample 30,Time-MoE,0.7225562930107117
Sample 30,Chronos,0.2774437665939331
Sample 31,TimesFM,0.5972693562507629
Sample 31,Moirai,0.40273064374923706
Sample 0,Moirai,0.708853542804718
Sample 0,TimesFM,0.291146457195282
Sample 1,Timer,0.5599032640457153
Sample 1,Chronos,0.44009673595428467
Sample 2,Timer,0.6937403082847595
Sample 2,Time-MoE,0.30625972151756287
Sample 3,Timer,0.6431288719177246
Sample 3,Chronos,0.3568710684776306
Sample 4,Chronos,0.7501822113990784
Sample 4,Time-MoE,0.24981774389743805
Sample 5,Timer,0.8760542869567871
Sample 5,Moirai,0.1239456906914711
Sample 6,Moirai,0.7215895652770996
Sample 6,Time-MoE,0.2784104347229004
Sample 7,Time-MoE,0.5255937576293945
Sample 7,Moirai,0.47440627217292786
Sample 8,Moirai,0.9004749059677124
Sample 8,TimesFM,0.09952506422996521
Sample 9,Chronos,0.6164366602897644
Sample 9,Timer,0.3835633099079132
Sample 10,TimesFM,0.5018057227134705
Sample 10,Timer,0.49819430708885193
Sample 11,Timer,0.5872542262077332
Sample 11,Chronos,0.41274577379226685
Sample 12,TimesFM,0.5862319469451904
Sample 12,Moirai,0.41376805305480957
Sample 13,Chronos,0.5588284134864807
Sample 13,Time-MoE,0.4411715567111969
Sample 14,Time-MoE,0.8575150966644287
Sample 14,Chronos,0.1424849033355713
Sample 15,TimesFM,0.6953290700912476
Sample 15,Moirai,0.30467090010643005
Sample 16,Moirai,0.8337519764900208
Sample 16,TimesFM,0.16624799370765686
Sample 17,Chronos,0.7157262563705444
Sample 17,Time-MoE,0.28427380323410034
Sample 18,Time-MoE,0.6268796920776367
Sample 18,Moirai,0.3731203079223633
Sample 19,Timer,0.6465545892715454
Sample 19,TimesFM,0.3534454107284546
Sample 20,TimesFM,0.5713594555854797
Sample 20,Timer,0.4286405146121979
Sample 21,Time-MoE,0.6801519989967346
Sample 21,Chronos,0.319847971200943
Sample 22,Time-MoE,0.8625806570053101
Sample 22,Moirai,0.13741932809352875
Sample 23,Moirai,0.5555499196052551
Sample 23,Time-MoE,0.44445011019706726
Sample 24,Moirai,0.6454076766967773
Sample 24,TimesFM,0.35459232330322266
Sample 25,Chronos,0.6265740990638733
Sample 25,Timer,0.3734259307384491
Sample 26,Time-MoE,0.603363573551178
Sample 26,Moirai,0.3966364562511444
Sample 27,Timer,0.5386022329330444
Sample 27,Chronos,0.4613977372646332
Sample 28,TimesFM,0.5152775645256042
Sample 28,Moirai,0.4847224950790405
Sample 29,Timer,0.5530815720558167
Sample 29,Chronos,0.44691839814186096
Sample 30,Time-MoE,0.7412211298942566
Sample 30,Chronos,0.258778840303421
Sample 31,Moirai,0.5251157879829407
Sample 31,TimesFM,0.4748842418193817
Sample 0,Moirai,0.9053269028663635
Sample 0,Timer,0.09467313438653946
Sample 1,Chronos,0.5896790623664856
Sample 1,Timer,0.4103209376335144
Sample 2,Chronos,0.5586497187614441
Sample 2,Time-MoE,0.4413502514362335
Sample 3,Timer,0.5738622546195984
Sample 3,Chronos,0.4261377155780792
Sample 4,TimesFM,0.6878703236579895
Sample 4,Chronos,0.3121296763420105
Sample 5,Chronos,0.5446416139602661
Sample 5,Time-MoE,0.4553583562374115
Sample 6,Time-MoE,0.6638472676277161
Sample 6,Chronos,0.3361527621746063
Sample 7,Time-MoE,0.523694634437561
Sample 7,Moirai,0.47630536556243896
Sample 8,Moirai,0.7946450710296631
Sample 8,TimesFM,0.20535489916801453
Sample 9,Chronos,0.5535143613815308
Sample 9,Timer,0.44648560881614685
Sample 10,Time-MoE,0.552527129650116
Sample 10,Moirai,0.44747287034988403
Sample 11,Timer,0.657365620136261
Sample 11,TimesFM,0.342634379863739
Sample 12,TimesFM,0.7296141386032104
Sample 12,Chronos,0.27038586139678955
Sample 13,Timer,0.8137299418449402
Sample 13,TimesFM,0.18627001345157623
Sample 14,Time-MoE,0.8644779324531555
Sample 14,Chronos,0.1355220377445221
Sample 15,Chronos,0.5154648423194885
Sample 15,Time-MoE,0.48453518748283386
Sample 16,Timer,0.5839022994041443
Sample 16,Moirai,0.4160977303981781
Sample 17,Chronos,0.5561462640762329
Sample 17,Time-MoE,0.4438536763191223
Sample 18,Time-MoE,0.86566561460495
Sample 18,Moirai,0.13433441519737244
Sample 19,Timer,0.6030129194259644
Sample 19,Chronos,0.39698711037635803
Sample 20,TimesFM,0.6632622480392456
Sample 20,Timer,0.3367377519607544
Sample 21,Timer,0.614256739616394
Sample 21,Chronos,0.38574329018592834
Sample 22,Time-MoE,0.7543431520462036
Sample 22,Chronos,0.245656818151474
Sample 23,Moirai,0.5133020281791687
Sample 23,Time-MoE,0.4866979420185089
Sample 24,Moirai,0.9272643327713013
Sample 24,TimesFM,0.07273570448160172
Sample 25,Chronos,0.5509784817695618
Sample 25,Timer,0.44902148842811584
Sample 26,TimesFM,0.5455764532089233
Sample 26,Time-MoE,0.45442357659339905
Sample 27,Timer,0.6199944615364075
Sample 27,Chronos,0.3800055980682373
Sample 28,TimesFM,0.5418445467948914
Sample 28,Moirai,0.45815545320510864
Sample 29,Chronos,0.5104930996894836
Sample 29,Time-MoE,0.48950690031051636
Sample 30,Time-MoE,0.8604274392127991
Sample 30,Chronos,0.1395726054906845
Sample 31,Moirai,0.5510376691818237
Sample 31,Time-MoE,0.44896239042282104
Sample 0,Moirai,0.9025342464447021
Sample 0,TimesFM,0.09746576845645905
Sample 1,Chronos,0.5971048474311829
Sample 1,Timer,0.4028951823711395
Sample 2,TimesFM,0.7949609160423279
Sample 2,Moirai,0.20503906905651093
Sample 3,Timer,0.5185697674751282
Sample 3,Chronos,0.48143020272254944
Sample 4,TimesFM,0.516727089881897
Sample 4,Timer,0.483272910118103
Sample 5,Chronos,0.5046001076698303
Sample 5,Time-MoE,0.49539995193481445
Sample 6,Time-MoE,0.7800421714782715
Sample 6,Chronos,0.2199578583240509
Sample 7,Moirai,0.5393399000167847
Sample 7,TimesFM,0.46066009998321533
Sample 8,Moirai,0.7702364325523376
Sample 8,TimesFM,0.22976361215114594
Sample 9,Chronos,0.5139367580413818
Sample 9,Timer,0.48606324195861816
Sample 10,TimesFM,0.7727466821670532
Sample 10,Moirai,0.22725334763526917
Sample 11,Timer,0.5566930174827576
Sample 11,Chronos,0.44330698251724243
Sample 12,Timer,0.5485151410102844
Sample 12,Time-MoE,0.4514847993850708
Sample 13,Timer,0.8039790987968445
Sample 13,Chronos,0.19602090120315552
Sample 14,Moirai,0.7367111444473267
Sample 14,Time-MoE,0.26328885555267334
Sample 15,Time-MoE,0.6068417429924011
Sample 15,Moirai,0.3931581974029541
Sample 16,Moirai,0.7271060347557068
Sample 16,TimesFM,0.27289390563964844
Sample 17,Chronos,0.5067346096038818
Sample 17,Timer,0.49326539039611816
Sample 18,TimesFM,0.6210191249847412
Sample 18,Time-MoE,0.3789808750152588
Sample 19,Chronos,0.513343870639801
Sample 19,Timer,0.486656129360199
Sample 20,Time-MoE,0.548844039440155
Sample 20,Chronos,0.45115599036216736
Sample 21,Timer,0.6390170454978943
Sample 21,Chronos,0.3609829843044281
Sample 22,Time-MoE,0.9110817909240723
Sample 22,TimesFM,0.08891818672418594
Sample 23,Moirai,0.5333967208862305
Sample 23,TimesFM,0.46660324931144714
Sample 24,Moirai,0.7977212071418762
Sample 24,Timer,0.20227885246276855
Sample 25,Chronos,0.52977454662323
Sample 25,Timer,0.4702254831790924
Sample 26,Time-MoE,0.651068925857544
Sample 26,TimesFM,0.34893104434013367
Sample 27,Chronos,0.5869321227073669
Sample 27,Timer,0.4130678176879883
Sample 28,Moirai,0.6621240377426147
Sample 28,Time-MoE,0.33787593245506287
Sample 29,Time-MoE,0.6606276035308838
Sample 29,Chronos,0.3393723964691162
Sample 30,Time-MoE,0.7624196410179138
Sample 30,TimesFM,0.23758040368556976
Sample 31,Time-MoE,0.5557379126548767
Sample 31,Timer,0.4442620873451233
Sample 0,Timer,0.5795373916625977
Sample 0,Moirai,0.42046260833740234
Sample 1,Chronos,0.6272402405738831
Sample 1,Time-MoE,0.37275975942611694
Sample 2,Time-MoE,0.7813633680343628
Sample 2,Moirai,0.2186366319656372
Sample 3,Timer,0.6580909490585327
Sample 3,Chronos,0.3419090211391449
Sample 4,TimesFM,0.710819661617279
Sample 4,Time-MoE,0.28918036818504333
Sample 5,Timer,0.6108852624893188
Sample 5,Chronos,0.38911473751068115
Sample 6,Timer,0.7427868843078613
Sample 6,Chronos,0.25721311569213867
Sample 7,Time-MoE,0.5196971297264099
Sample 7,Moirai,0.4803028404712677
Sample 8,Moirai,0.871785044670105
Sample 8,TimesFM,0.12821491062641144
Sample 9,Chronos,0.5455440878868103
Sample 9,Timer,0.4544559419155121
Sample 10,Time-MoE,0.8151759505271912
Sample 10,Moirai,0.18482404947280884
Sample 11,Timer,0.5552346706390381
Sample 11,Chronos,0.4447653293609619
Sample 12,TimesFM,0.743640124797821
Sample 12,Chronos,0.25635987520217896
Sample 13,Chronos,0.5164796113967896
Sample 13,Timer,0.48352038860321045
Sample 14,Time-MoE,0.7191634178161621
Sample 14,Chronos,0.2808365821838379
Sample 15,Moirai,0.600077211856842
Sample 15,TimesFM,0.3999227285385132
Sample 0,Moirai,0.9335026741027832
Sample 0,TimesFM,0.0664973333477974
Sample 1,Chronos,0.566169261932373
Sample 1,Timer,0.43383073806762695
Sample 2,Timer,0.5629125237464905
Sample 2,TimesFM,0.4370875060558319
Sample 3,Timer,0.5885732769966125
Sample 3,Chronos,0.41142669320106506
Sample 4,TimesFM,0.7369289398193359
Sample 4,Chronos,0.2630710303783417
Sample 5,Chronos,0.5266311168670654
Sample 5,Timer,0.47336888313293457
Sample 6,Time-MoE,0.8290708661079407
Sample 6,Timer,0.17092908918857574
Sample 7,Moirai,0.5816561579704285
Sample 7,TimesFM,0.41834381222724915
Sample 8,Moirai,0.9135167002677917
Sample 8,TimesFM,0.08648337423801422
Sample 9,Chronos,0.5646934509277344
Sample 9,Timer,0.43530651926994324
Sample 10,Time-MoE,0.7895976305007935
Sample 10,Moirai,0.21040230989456177
Sample 11,Timer,0.6352343559265137
Sample 11,Chronos,0.36476561427116394
Sample 12,TimesFM,0.6729583740234375
Sample 12,Moirai,0.3270415961742401
Sample 13,Timer,0.5549281239509583
Sample 13,Chronos,0.44507184624671936
Sample 14,Time-MoE,0.88457190990448
Sample 14,Chronos,0.11542800813913345
Sample 15,Moirai,0.5447298288345337
Sample 15,TimesFM,0.4552702009677887
Sample 16,Moirai,0.7859150171279907
Sample 16,TimesFM,0.2140849381685257
Sample 17,Chronos,0.5012254118919373
Sample 17,Timer,0.49877455830574036
Sample 18,TimesFM,0.7662451863288879
Sample 18,Timer,0.23375479876995087
Sample 19,Timer,0.5556038618087769
Sample 19,Chronos,0.44439610838890076
Sample 20,Moirai,0.7372086644172668
Sample 20,Time-MoE,0.26279136538505554
Sample 21,Timer,0.7643349766731262
Sample 21,Chronos,0.23566502332687378
Sample 22,Time-MoE,0.6466977596282959
Sample 22,Chronos,0.3533022701740265
Sample 23,TimesFM,0.6635492444038391
Sample 23,Timer,0.3364507257938385
Sample 24,Moirai,0.7773802876472473
Sample 24,TimesFM,0.22261971235275269
Sample 25,Chronos,0.5114547610282898
Sample 25,Timer,0.4885452091693878
Sample 26,Timer,0.5147387385368347
Sample 26,Time-MoE,0.4852612018585205
Sample 27,TimesFM,0.5449734330177307
Sample 27,Timer,0.4550265371799469
Sample 28,TimesFM,0.8366912603378296
Sample 28,Timer,0.16330869495868683
Sample 29,Timer,0.679899275302887
Sample 29,Chronos,0.32010072469711304
Sample 30,Time-MoE,0.7962478399276733
Sample 30,Moirai,0.20375220477581024
Sample 31,Moirai,0.5665662288665771
Sample 31,Time-MoE,0.43343380093574524
Sample 0,Timer,0.5522871017456055
Sample 0,Moirai,0.44771286845207214
Sample 1,Chronos,0.5907802581787109
Sample 1,Timer,0.40921980142593384
Sample 2,Moirai,0.5856969356536865
Sample 2,TimesFM,0.4143030345439911
Sample 3,Timer,0.6143999099731445
Sample 3,Chronos,0.3856000602245331
Sample 4,Time-MoE,0.5221832990646362
Sample 4,Timer,0.47781670093536377
Sample 5,Timer,0.5187466144561768
Sample 5,Chronos,0.48125341534614563
Sample 6,Time-MoE,0.7525185942649841
Sample 6,Chronos,0.24748137593269348
Sample 7,Moirai,0.5652185082435608
Sample 7,TimesFM,0.4347815215587616
Sample 8,Moirai,0.8053375482559204
Sample 8,TimesFM,0.19466239213943481
Sample 9,Chronos,0.5105807781219482
Sample 9,Timer,0.48941928148269653
Sample 10,Chronos,0.7586770057678223
Sample 10,Moirai,0.24132300913333893
Sample 11,Timer,0.5756868124008179
Sample 11,TimesFM,0.42431315779685974
Sample 12,TimesFM,0.9040049314498901
Sample 12,Time-MoE,0.09599506855010986
Sample 13,Timer,0.6619731187820435
Sample 13,Chronos,0.33802688121795654
Sample 14,Time-MoE,0.5337328910827637
Sample 14,Timer,0.46626710891723633
Sample 15,Time-MoE,0.5320659875869751
Sample 15,Moirai,0.4679340124130249
Sample 16,Moirai,0.8938207626342773
Sample 16,TimesFM,0.10617922991514206
Sample 17,Chronos,0.5191156268119812
Sample 17,Timer,0.4808844327926636
Sample 18,Time-MoE,0.7829850912094116
Sample 18,Timer,0.2170148491859436
Sample 19,Timer,0.5889950394630432
Sample 19,Chronos,0.4110049605369568
Sample 20,TimesFM,0.6767643690109253
Sample 20,Chronos,0.3232356607913971
Sample 21,Timer,0.5837612152099609
Sample 21,Chronos,0.41623878479003906
Sample 22,Time-MoE,0.8659775853157043
Sample 22,Moirai,0.13402242958545685
Sample 23,TimesFM,0.6246315240859985
Sample 23,Moirai,0.37536850571632385
Sample 24,Moirai,0.6859910488128662
Sample 24,Chronos,0.3140089511871338
Sample 25,Chronos,0.5507442951202393
Sample 25,Timer,0.44925564527511597
Sample 26,Time-MoE,0.797641396522522
Sample 26,Chronos,0.20235857367515564
Sample 27,Timer,0.7671301960945129
Sample 27,TimesFM,0.23286980390548706
Sample 28,Timer,0.5693753957748413
Sample 28,TimesFM,0.4306246340274811
Sample 29,Timer,0.7080605626106262
Sample 29,Chronos,0.29193946719169617
Sample 30,Time-MoE,0.7506749629974365
Sample 30,Chronos,0.24932503700256348
Sample 31,TimesFM,0.5305545330047607
Sample 31,Moirai,0.46944546699523926
Sample 0,Moirai,0.7489747405052185
Sample 0,Time-MoE,0.2510251998901367
Sample 1,Timer,0.5642611980438232
Sample 1,Chronos,0.43573877215385437
Sample 2,Timer,0.917590320110321
Sample 2,Moirai,0.08240967243909836
Sample 3,Timer,0.5352057218551636
Sample 3,Chronos,0.4647943079471588
Sample 4,Moirai,0.5538102984428406
Sample 4,TimesFM,0.44618964195251465
Sample 5,Time-MoE,0.6697035431861877
Sample 5,TimesFM,0.33029648661613464
Sample 6,Time-MoE,0.7541601657867432
Sample 6,TimesFM,0.24583980441093445
Sample 7,Moirai,0.5423453450202942
Sample 7,Time-MoE,0.4576547145843506
Sample 8,Moirai,0.7925719618797302
Sample 8,TimesFM,0.20742802321910858
Sample 9,Chronos,0.5179494619369507
Sample 9,Timer,0.48205050826072693
Sample 10,Chronos,0.6338925957679749
Sample 10,Timer,0.36610740423202515
Sample 11,Timer,0.7893809676170349
Sample 11,TimesFM,0.2106190025806427
Sample 12,TimesFM,0.6340757608413696
Sample 12,Timer,0.365924209356308
Sample 13,Timer,0.6408661007881165
Sample 13,Chronos,0.35913383960723877
Sample 14,Time-MoE,0.5914788246154785
Sample 14,Chronos,0.4085211455821991
Sample 15,Time-MoE,0.5078457593917847
Sample 15,TimesFM,0.4921542704105377
Sample 16,Timer,0.5794617533683777
Sample 16,Chronos,0.4205382466316223
Sample 17,Chronos,0.5362682938575745
Sample 17,Timer,0.4637317359447479
Sample 18,Time-MoE,0.5191770195960999
Sample 18,Chronos,0.48082301020622253
Sample 19,Moirai,0.5064823627471924
Sample 19,Timer,0.49351760745048523
Sample 20,Timer,0.5416275262832642
Sample 20,TimesFM,0.45837244391441345
Sample 21,Timer,0.7647215127944946
Sample 21,Chronos,0.23527848720550537
Sample 22,Time-MoE,0.8373139500617981
Sample 22,Moirai,0.1626860350370407
Sample 23,Time-MoE,0.6795606017112732
Sample 23,Timer,0.3204394280910492
Sample 24,Moirai,0.679442822933197
Sample 24,TimesFM,0.320557177066803
Sample 25,Chronos,0.5458692908287048
Sample 25,Timer,0.4541306793689728
Sample 26,Moirai,0.7620322108268738
Sample 26,Chronos,0.23796778917312622
Sample 27,Timer,0.6390060186386108
Sample 27,TimesFM,0.36099401116371155
Sample 28,TimesFM,0.6803239583969116
Sample 28,Timer,0.31967607140541077
Sample 29,Timer,0.6763947010040283
Sample 29,Chronos,0.3236052691936493
Sample 30,Time-MoE,0.7155877947807312
Sample 30,Chronos,0.2844122648239136
Sample 31,TimesFM,0.5883400440216064
Sample 31,Moirai,0.41165995597839355
Sample 0,Moirai,0.7071352005004883
Sample 0,TimesFM,0.29286473989486694
Sample 1,Timer,0.5997225046157837
Sample 1,Chronos,0.4002775251865387
Sample 2,Timer,0.6701509356498718
Sample 2,Time-MoE,0.3298490345478058
Sample 3,Timer,0.6920565366744995
Sample 3,Chronos,0.3079434335231781
Sample 4,Chronos,0.7686180472373962
Sample 4,Time-MoE,0.23138192296028137
Sample 5,Timer,0.8768687844276428
Sample 5,TimesFM,0.12313126027584076
Sample 6,Moirai,0.7384122610092163
Sample 6,Time-MoE,0.2615877389907837
Sample 7,Time-MoE,0.5432406067848206
Sample 7,Moirai,0.4567594528198242
Sample 8,Moirai,0.8932715654373169
Sample 8,TimesFM,0.10672840476036072
Sample 9,Chronos,0.5795313715934753
Sample 9,Timer,0.4204685688018799
Sample 10,Timer,0.5284371376037598
Sample 10,TimesFM,0.47156286239624023
Sample 11,Timer,0.6521120071411133
Sample 11,Chronos,0.34788796305656433
Sample 12,TimesFM,0.5815522074699402
Sample 12,Moirai,0.4184477627277374
Sample 13,Chronos,0.5618208646774292
Sample 13,Time-MoE,0.4381791651248932
Sample 14,Time-MoE,0.8680105805397034
Sample 14,Chronos,0.13198937475681305
Sample 15,TimesFM,0.6883776187896729
Sample 15,Moirai,0.3116224408149719
Sample 16,Moirai,0.8204876184463501
Sample 16,TimesFM,0.1795123666524887
Sample 17,Chronos,0.7106322050094604
Sample 17,Timer,0.2893678545951843
Sample 18,Time-MoE,0.6583488583564758
Sample 18,Moirai,0.34165114164352417
Sample 19,Timer,0.6393933892250061
Sample 19,TimesFM,0.3606066107749939
Sample 20,TimesFM,0.5430705547332764
Sample 20,Timer,0.45692941546440125
Sample 21,Time-MoE,0.6932879686355591
Sample 21,Chronos,0.3067120611667633
Sample 22,Time-MoE,0.8741735816001892
Sample 22,Moirai,0.12582643330097198
Sample 23,Moirai,0.5295010805130005
Sample 23,Time-MoE,0.4704989492893219
Sample 24,Moirai,0.6360113620758057
Sample 24,TimesFM,0.3639886975288391
Sample 25,Chronos,0.5819000601768494
Sample 25,Timer,0.41809993982315063
Sample 26,Time-MoE,0.6434304714202881
Sample 26,Moirai,0.3565694987773895
Sample 27,Timer,0.599767804145813
Sample 27,Chronos,0.400232195854187
Sample 28,TimesFM,0.5092458128929138
Sample 28,Moirai,0.4907541871070862
Sample 29,Timer,0.6295064091682434
Sample 29,Chronos,0.3704935908317566
Sample 30,Time-MoE,0.747246265411377
Sample 30,Chronos,0.25275373458862305
Sample 31,Moirai,0.5420836210250854
Sample 31,TimesFM,0.45791637897491455
Sample 0,Moirai,0.910171389579773
Sample 0,Timer,0.08982867002487183
Sample 1,Chronos,0.5579260587692261
Sample 1,Timer,0.44207391142845154
Sample 2,Chronos,0.5321152806282043
Sample 2,Timer,0.46788468956947327
Sample 3,Timer,0.6230410933494568
Sample 3,Chronos,0.3769589066505432
Sample 4,TimesFM,0.7183707356452942
Sample 4,Chronos,0.2816292941570282
Sample 5,Chronos,0.5309893488883972
Sample 5,Time-MoE,0.4690106213092804
Sample 6,Time-MoE,0.6814765930175781
Sample 6,Chronos,0.3185234069824219
Sample 7,Time-MoE,0.5441579818725586
Sample 7,Moirai,0.45584195852279663
Sample 8,Moirai,0.7568377256393433
Sample 8,TimesFM,0.24316228926181793
Sample 9,Chronos,0.5229789018630981
Sample 9,Timer,0.47702109813690186
Sample 10,Time-MoE,0.5646238923072815
Sample 10,Moirai,0.4353761374950409
Sample 11,Timer,0.6278368830680847
Sample 11,TimesFM,0.3721630871295929
Sample 12,TimesFM,0.7335650324821472
Sample 12,Chronos,0.26643499732017517
Sample 13,Timer,0.7995569705963135
Sample 13,TimesFM,0.20044304430484772
Sample 14,Time-MoE,0.8823525905609131
Sample 14,TimesFM,0.1176474392414093
Sample 15,Chronos,0.5286675095558167
Sample 15,Time-MoE,0.47133249044418335
Sample 16,Timer,0.5990785360336304
Sample 16,Moirai,0.400921493768692
Sample 17,Chronos,0.5411006212234497
Sample 17,Time-MoE,0.4588993489742279
Sample 18,Time-MoE,0.8755385279655457
Sample 18,TimesFM,0.12446146458387375
Sample 19,Timer,0.6703631281852722
Sample 19,Chronos,0.3296368420124054
Sample 20,TimesFM,0.6393241286277771
Sample 20,Timer,0.3606758415699005
Sample 21,Timer,0.6657692790031433
Sample 21,Chronos,0.3342307507991791
Sample 22,Time-MoE,0.7773608565330505
Sample 22,Chronos,0.22263918817043304
Sample 23,Moirai,0.5221718549728394
Sample 23,Time-MoE,0.4778282046318054
Sample 24,Moirai,0.9255695343017578
Sample 24,TimesFM,0.07443040609359741
Sample 25,Chronos,0.5196095108985901
Sample 25,Timer,0.4803904592990875
Sample 26,TimesFM,0.5536246299743652
Sample 26,Time-MoE,0.44637539982795715
Sample 27,Timer,0.67095947265625
Sample 27,Chronos,0.3290404975414276
Sample 28,TimesFM,0.5124788284301758
Sample 28,Moirai,0.4875212013721466
Sample 29,Chronos,0.5060331225395203
Sample 29,Time-MoE,0.4939669072628021
Sample 30,Time-MoE,0.8751516938209534
Sample 30,Chronos,0.12484830617904663
Sample 31,Moirai,0.5330089330673218
Sample 31,Time-MoE,0.4669910669326782
Sample 0,Moirai,0.9027125239372253
Sample 0,TimesFM,0.09728746116161346
Sample 1,Chronos,0.5738182067871094
Sample 1,Timer,0.4261818528175354
Sample 2,TimesFM,0.804404616355896
Sample 2,Time-MoE,0.19559533894062042
Sample 3,Timer,0.5566912293434143
Sample 3,Chronos,0.4433087110519409
Sample 4,TimesFM,0.5023648738861084
Sample 4,Timer,0.4976350963115692
Sample 5,Time-MoE,0.5279915928840637
Sample 5,Chronos,0.47200843691825867
Sample 6,Time-MoE,0.8041084408760071
Sample 6,Chronos,0.19589152932167053
Sample 7,Moirai,0.5670377016067505
Sample 7,TimesFM,0.4329623579978943
Sample 8,Moirai,0.7468396425247192
Sample 8,TimesFM,0.25316038727760315
Sample 9,Timer,0.5132277607917786
Sample 9,Chronos,0.48677223920822144
Sample 10,TimesFM,0.8209121823310852
Sample 10,Moirai,0.1790878176689148
Sample 11,Timer,0.5855595469474792
Sample 11,Chronos,0.414440393447876
Sample 12,Timer,0.5641212463378906
Sample 12,Time-MoE,0.43587881326675415
Sample 13,Timer,0.8362906575202942
Sample 13,TimesFM,0.1637093424797058
Sample 14,Moirai,0.7238211035728455
Sample 14,Time-MoE,0.27617889642715454
Sample 15,Time-MoE,0.6202343106269836
Sample 15,Moirai,0.37976565957069397
Sample 16,Moirai,0.7335206866264343
Sample 16,TimesFM,0.2664793133735657
Sample 17,Timer,0.5171060562133789
Sample 17,Chronos,0.4828939437866211
Sample 18,TimesFM,0.5995854139328003
Sample 18,Time-MoE,0.4004146158695221
Sample 19,Timer,0.5169378519058228
Sample 19,Chronos,0.48306217789649963
Sample 20,Time-MoE,0.5771836042404175
Sample 20,Chronos,0.4228163957595825
Sample 21,Timer,0.6716633439064026
Sample 21,Chronos,0.3283366560935974
Sample 22,Time-MoE,0.9130626916885376
Sample 22,TimesFM,0.08693736046552658
Sample 23,Moirai,0.5835497379302979
Sample 23,TimesFM,0.41645026206970215
Sample 24,Moirai,0.7775241136550903
Sample 24,TimesFM,0.22247594594955444
Sample 25,Timer,0.500575840473175
Sample 25,Chronos,0.49942418932914734
Sample 26,Time-MoE,0.6742294430732727
Sample 26,TimesFM,0.3257705271244049
Sample 27,Chronos,0.5473300218582153
Sample 27,Timer,0.45266997814178467
Sample 28,Moirai,0.6664033532142639
Sample 28,Time-MoE,0.33359670639038086
Sample 29,Time-MoE,0.6735929250717163
Sample 29,Timer,0.3264071047306061
Sample 30,Time-MoE,0.7752537131309509
Sample 30,TimesFM,0.22474633157253265
Sample 31,Time-MoE,0.543174684047699
Sample 31,Timer,0.456825315952301
Sample 0,Timer,0.6088390946388245
Sample 0,Chronos,0.39116090536117554
Sample 1,Chronos,0.5926324725151062
Sample 1,Time-MoE,0.4073674976825714
Sample 2,Time-MoE,0.8208463191986084
Sample 2,Moirai,0.17915360629558563
Sample 3,Timer,0.6939721703529358
Sample 3,Chronos,0.30602777004241943
Sample 4,TimesFM,0.7155290246009827
Sample 4,Time-MoE,0.28447097539901733
Sample 5,Timer,0.63393634557724
Sample 5,TimesFM,0.3660637140274048
Sample 6,Timer,0.776887834072113
Sample 6,TimesFM,0.22311212122440338
Sample 7,Moirai,0.5180933475494385
Sample 7,Time-MoE,0.4819066822528839
Sample 8,Moirai,0.8491050601005554
Sample 8,TimesFM,0.15089493989944458
Sample 9,Chronos,0.5295270085334778
Sample 9,Timer,0.4704729914665222
Sample 10,Time-MoE,0.8284364342689514
Sample 10,TimesFM,0.17156362533569336
Sample 11,Timer,0.5828628540039062
Sample 11,Chronos,0.41713714599609375
Sample 12,TimesFM,0.7624578475952148
Sample 12,Chronos,0.23754215240478516
Sample 13,Timer,0.5097686052322388
Sample 13,Chronos,0.490231454372406
Sample 14,Time-MoE,0.7563204765319824
Sample 14,Chronos,0.24367952346801758
Sample 15,Moirai,0.6595253348350525
Sample 15,TimesFM,0.3404746353626251
Sample 0,Moirai,0.9231162071228027
Sample 0,TimesFM,0.07688380777835846
Sample 1,Chronos,0.5665839314460754
Sample 1,Timer,0.4334160387516022
Sample 2,Timer,0.5832514762878418
Sample 2,TimesFM,0.4167485237121582
Sample 3,Timer,0.607844889163971
Sample 3,Chronos,0.39215508103370667
Sample 4,TimesFM,0.7543774247169495
Sample 4,Chronos,0.24562260508537292
Sample 5,Chronos,0.5177476406097412
Sample 5,Timer,0.48225241899490356
Sample 6,Time-MoE,0.8551142811775208
Sample 6,Timer,0.14488564431667328
Sample 7,Moirai,0.6431278586387634
Sample 7,TimesFM,0.3568721413612366
Sample 8,Moirai,0.8911102414131165
Sample 8,TimesFM,0.10888979583978653
Sample 9,Chronos,0.5658902525901794
Sample 9,Timer,0.43410971760749817
Sample 10,Time-MoE,0.8072630167007446
Sample 10,Moirai,0.19273704290390015
Sample 11,Timer,0.6544657349586487
Sample 11,Chronos,0.34553423523902893
Sample 12,TimesFM,0.6568828225135803
Sample 12,Moirai,0.3431171476840973
Sample 13,Timer,0.5740855932235718
Sample 13,Chronos,0.4259144067764282
Sample 14,Time-MoE,0.9073596596717834
Sample 14,Chronos,0.09264039993286133
Sample 15,Moirai,0.601611316204071
Sample 15,TimesFM,0.39838871359825134
Sample 16,Moirai,0.7772009372711182
Sample 16,TimesFM,0.22279901802539825
Sample 17,Chronos,0.5023772716522217
Sample 17,Timer,0.4976227283477783
Sample 18,TimesFM,0.7764772772789001
Sample 18,Timer,0.22352270781993866
Sample 19,Timer,0.5657522678375244
Sample 19,Chronos,0.434247761964798
Sample 20,Moirai,0.70637047290802
Sample 20,Time-MoE,0.2936294972896576
Sample 21,Timer,0.7486582398414612
Sample 21,TimesFM,0.25134170055389404
Sample 22,Time-MoE,0.6931930780410767
Sample 22,Chronos,0.3068069517612457
Sample 23,TimesFM,0.6630785465240479
Sample 23,Timer,0.33692145347595215
Sample 24,Moirai,0.7878497242927551
Sample 24,TimesFM,0.2121502161026001
Sample 25,Chronos,0.5090111494064331
Sample 25,Timer,0.4909887909889221
Sample 26,Time-MoE,0.5213664174079895
Sample 26,Timer,0.4786335825920105
Sample 27,TimesFM,0.5758956074714661
Sample 27,Timer,0.42410436272621155
Sample 28,TimesFM,0.8270401358604431
Sample 28,Timer,0.1729598343372345
Sample 29,Timer,0.6718757748603821
Sample 29,Time-MoE,0.32812419533729553
Sample 30,Time-MoE,0.845664918422699
Sample 30,Moirai,0.15433508157730103
Sample 31,Moirai,0.6152178049087524
Sample 31,Time-MoE,0.38478216528892517
Sample 0,Timer,0.5490754842758179
Sample 0,Moirai,0.4509245753288269
Sample 1,Chronos,0.6088322997093201
Sample 1,Timer,0.3911677300930023
Sample 2,Moirai,0.5215066075325012
Sample 2,TimesFM,0.4784933924674988
Sample 3,Timer,0.6091843843460083
Sample 3,Chronos,0.3908156156539917
Sample 4,Time-MoE,0.5401208400726318
Sample 4,Timer,0.4598791301250458
Sample 5,Timer,0.5184822082519531
Sample 5,Chronos,0.4815177619457245
Sample 6,Time-MoE,0.8017042875289917
Sample 6,Chronos,0.1982956975698471
Sample 7,Moirai,0.6182976961135864
Sample 7,TimesFM,0.3817022740840912
Sample 8,Moirai,0.7416242957115173
Sample 8,TimesFM,0.25837570428848267
Sample 9,Chronos,0.5246574282646179
Sample 9,Timer,0.4753425419330597
Sample 10,Chronos,0.7766428589820862
Sample 10,TimesFM,0.22335714101791382
Sample 11,Timer,0.5749132037162781
Sample 11,TimesFM,0.4250868260860443
Sample 12,TimesFM,0.9028803706169128
Sample 12,Time-MoE,0.09711962938308716
Sample 13,Timer,0.6579434275627136
Sample 13,Chronos,0.342056542634964
Sample 14,Time-MoE,0.5830150246620178
Sample 14,Timer,0.41698500514030457
Sample 15,Moirai,0.5003015398979187
Sample 15,Time-MoE,0.4996984899044037
Sample 16,Moirai,0.8778756260871887
Sample 16,TimesFM,0.12212440371513367
Sample 17,Chronos,0.5356203317642212
Sample 17,Timer,0.4643796980381012
Sample 18,Time-MoE,0.7976846098899841
Sample 18,Timer,0.20231536030769348
Sample 19,Timer,0.5811699628829956
Sample 19,Chronos,0.4188300371170044
Sample 20,TimesFM,0.6973286271095276
Sample 20,Time-MoE,0.3026714026927948
Sample 21,Timer,0.5792928338050842
Sample 21,Chronos,0.42070716619491577
Sample 22,Time-MoE,0.9201904535293579
Sample 22,Moirai,0.07980959117412567
Sample 23,TimesFM,0.5573338270187378
Sample 23,Moirai,0.4426661729812622
Sample 24,Moirai,0.6063493490219116
Sample 24,Chronos,0.3936506509780884
Sample 25,Chronos,0.5572012662887573
Sample 25,Timer,0.4427987039089203
Sample 26,Time-MoE,0.8218741416931152
Sample 26,Chronos,0.17812585830688477
Sample 27,Timer,0.7555824518203735
Sample 27,TimesFM,0.24441751837730408
Sample 28,Timer,0.5721669793128967
Sample 28,TimesFM,0.4278329610824585
Sample 29,Timer,0.7112508416175842
Sample 29,Chronos,0.28874915838241577
Sample 30,Time-MoE,0.8002088665962219
Sample 30,Chronos,0.19979111850261688
Sample 31,Moirai,0.5391383171081543
Sample 31,TimesFM,0.4608616828918457
Sample 0,Moirai,0.7552495002746582
Sample 0,Time-MoE,0.24475052952766418
Sample 1,Timer,0.5409823656082153
Sample 1,Chronos,0.45901766419410706
Sample 2,Timer,0.9197210073471069
Sample 2,TimesFM,0.08027897030115128
Sample 3,Timer,0.5261198282241821
Sample 3,Chronos,0.47388017177581787
Sample 4,Moirai,0.566179096698761
Sample 4,TimesFM,0.4338208734989166
Sample 5,Time-MoE,0.6996225714683533
Sample 5,TimesFM,0.3003774583339691
Sample 6,Time-MoE,0.7936267852783203
Sample 6,TimesFM,0.20637322962284088
Sample 7,Moirai,0.5688507556915283
Sample 7,Time-MoE,0.43114927411079407
Sample 8,Moirai,0.8071357011795044
Sample 8,TimesFM,0.1928643435239792
Sample 9,Chronos,0.5458881855010986
Sample 9,Timer,0.45411184430122375
Sample 10,Chronos,0.6545762419700623
Sample 10,Time-MoE,0.34542375802993774
Sample 11,Timer,0.7832385897636414
Sample 11,TimesFM,0.21676141023635864
Sample 12,TimesFM,0.6258143186569214
Sample 12,Timer,0.374185711145401
Sample 13,Timer,0.6365463733673096
Sample 13,Chronos,0.36345359683036804
Sample 14,Time-MoE,0.6315765976905823
Sample 14,Chronos,0.3684234023094177
Sample 15,Moirai,0.5566626787185669
Sample 15,TimesFM,0.4433372914791107
Sample 16,Timer,0.5403059124946594
Sample 16,Chronos,0.4596940577030182
Sample 17,Chronos,0.5529095530509949
Sample 17,Timer,0.4470904469490051
Sample 18,Time-MoE,0.5195041298866272
Sample 18,Chronos,0.4804958999156952
Sample 19,Time-MoE,0.5119734406471252
Sample 19,Timer,0.48802655935287476
Sample 20,Timer,0.5419886112213135
Sample 20,TimesFM,0.45801135897636414
Sample 21,Timer,0.7606878280639648
Sample 21,Chronos,0.23931221663951874
Sample 22,Time-MoE,0.893172025680542
Sample 22,TimesFM,0.1068279817700386
Sample 23,Time-MoE,0.6729547381401062
Sample 23,Timer,0.3270452916622162
Sample 24,Moirai,0.7103577256202698
Sample 24,TimesFM,0.2896423041820526
Sample 25,Chronos,0.5715219974517822
Sample 25,Timer,0.4284779727458954
Sample 26,Moirai,0.7414413690567017
Sample 26,Chronos,0.25855863094329834
Sample 27,Timer,0.6381610631942749
Sample 27,TimesFM,0.3618389666080475
Sample 28,TimesFM,0.668006956577301
Sample 28,Timer,0.33199307322502136
Sample 29,Timer,0.6743164658546448
Sample 29,Chronos,0.3256835341453552
Sample 30,Time-MoE,0.7612345814704895
Sample 30,Chronos,0.2387654185295105
Sample 31,TimesFM,0.5163899660110474
Sample 31,Moirai,0.48361003398895264
Sample 0,Moirai,0.7089626789093018
Sample 0,TimesFM,0.29103732109069824
Sample 1,Timer,0.5627301931381226
Sample 1,Chronos,0.43726983666419983
Sample 2,Timer,0.6413152813911438
Sample 2,Time-MoE,0.3586847186088562
Sample 3,Timer,0.6701425909996033
Sample 3,Chronos,0.32985734939575195
Sample 4,Chronos,0.768958330154419
Sample 4,Time-MoE,0.23104164004325867
Sample 5,Timer,0.8677947521209717
Sample 5,TimesFM,0.13220524787902832
Sample 6,Moirai,0.7040800452232361
Sample 6,Time-MoE,0.2959200143814087
Sample 7,Time-MoE,0.5403032898902893
Sample 7,Moirai,0.45969676971435547
Sample 8,Moirai,0.883516252040863
Sample 8,TimesFM,0.11648376286029816
Sample 9,Chronos,0.6193900108337402
Sample 9,Timer,0.38061001896858215
Sample 10,Timer,0.5386364459991455
Sample 10,TimesFM,0.4613635241985321
Sample 11,Timer,0.6490532159805298
Sample 11,Chronos,0.3509467542171478
Sample 12,TimesFM,0.5734072327613831
Sample 12,Moirai,0.42659279704093933
Sample 13,Chronos,0.5279428958892822
Sample 13,Time-MoE,0.4720570743083954
Sample 14,Time-MoE,0.8923893570899963
Sample 14,Chronos,0.10761068016290665
Sample 15,TimesFM,0.672820508480072
Sample 15,Moirai,0.3271794617176056
Sample 16,Moirai,0.8029982447624207
Sample 16,TimesFM,0.19700174033641815
Sample 17,Chronos,0.7029024958610535
Sample 17,Time-MoE,0.29709747433662415
Sample 18,Time-MoE,0.6672994494438171
Sample 18,Moirai,0.3327005207538605
Sample 19,Timer,0.6384570598602295
Sample 19,TimesFM,0.3615429401397705
Sample 20,TimesFM,0.5412991642951965
Sample 20,Timer,0.45870089530944824
Sample 21,Time-MoE,0.7376711368560791
Sample 21,Chronos,0.2623288631439209
Sample 22,Time-MoE,0.9166021347045898
Sample 22,Moirai,0.08339790254831314
Sample 23,Moirai,0.5980830788612366
Sample 23,Time-MoE,0.4019169211387634
Sample 24,Moirai,0.6291099786758423
Sample 24,TimesFM,0.37088996171951294
Sample 25,Chronos,0.6084381937980652
Sample 25,Timer,0.3915618062019348
Sample 26,Time-MoE,0.6477087736129761
Sample 26,Moirai,0.3522912263870239
Sample 27,Timer,0.5904625654220581
Sample 27,Chronos,0.4095374643802643
Sample 28,TimesFM,0.5052466988563538
Sample 28,Moirai,0.49475330114364624
Sample 29,Timer,0.6180575489997864
Sample 29,Time-MoE,0.38194242119789124
Sample 30,Time-MoE,0.7875955104827881
Sample 30,Chronos,0.2124045193195343
Sample 31,Moirai,0.5707488059997559
Sample 31,TimesFM,0.42925122380256653
Sample 0,Moirai,0.9052042961120605
Sample 0,TimesFM,0.09479573369026184
Sample 1,Chronos,0.6183008551597595
Sample 1,Timer,0.3816991150379181
Sample 2,Chronos,0.5278671383857727
Sample 2,Time-MoE,0.4721328318119049
Sample 3,Timer,0.5830681324005127
Sample 3,Chronos,0.4169318974018097
Sample 4,TimesFM,0.6934660077095032
Sample 4,Chronos,0.3065340220928192
Sample 5,Chronos,0.5190260410308838
Sample 5,Time-MoE,0.4809739887714386
Sample 6,Time-MoE,0.7037610411643982
Sample 6,Chronos,0.2962389290332794
Sample 7,Time-MoE,0.5308071374893188
Sample 7,Moirai,0.46919286251068115
Sample 8,Moirai,0.7218868732452393
Sample 8,TimesFM,0.27811306715011597
Sample 9,Chronos,0.5855698585510254
Sample 9,Timer,0.4144301116466522
Sample 10,Time-MoE,0.5673670172691345
Sample 10,Moirai,0.4326329231262207
Sample 11,Timer,0.6276656985282898
Sample 11,TimesFM,0.3723343312740326
Sample 12,TimesFM,0.7311331629753113
Sample 12,Chronos,0.2688668668270111
Sample 13,Timer,0.8079918622970581
Sample 13,TimesFM,0.19200816750526428
Sample 14,Time-MoE,0.907907247543335
Sample 14,Chronos,0.09209272265434265
Sample 15,Chronos,0.5497520565986633
Sample 15,Time-MoE,0.45024794340133667
Sample 16,Timer,0.6145209670066833
Sample 16,Moirai,0.38547900319099426
Sample 17,Chronos,0.5184071660041809
Sample 17,Time-MoE,0.4815928339958191
Sample 18,Time-MoE,0.9160515069961548
Sample 18,TimesFM,0.08394843339920044
Sample 19,Timer,0.6793879270553589
Sample 19,Chronos,0.3206120729446411
Sample 20,TimesFM,0.6479259729385376
Sample 20,Timer,0.35207399725914
Sample 21,Timer,0.6365799307823181
Sample 21,Chronos,0.3634200394153595
Sample 22,Time-MoE,0.806484580039978
Sample 22,Chronos,0.19351540505886078
Sample 23,Moirai,0.6049396395683289
Sample 23,Time-MoE,0.39506036043167114
Sample 24,Moirai,0.9199449419975281
Sample 24,TimesFM,0.08005509525537491
Sample 25,Chronos,0.5825057029724121
Sample 25,Timer,0.4174942970275879
Sample 26,TimesFM,0.5554072856903076
Sample 26,Time-MoE,0.4445927143096924
Sample 27,Timer,0.6385822296142578
Sample 27,Chronos,0.3614177405834198
Sample 28,TimesFM,0.5002686381340027
Sample 28,Moirai,0.49973130226135254
Sample 29,Time-MoE,0.5020133256912231
Sample 29,Chronos,0.49798664450645447
Sample 30,Time-MoE,0.889776885509491
Sample 30,Chronos,0.11022309958934784
Sample 31,Moirai,0.5543259978294373
Sample 31,Time-MoE,0.44567400217056274
Sample 0,Moirai,0.8977376818656921
Sample 0,TimesFM,0.10226235538721085
Sample 1,Chronos,0.6460846662521362
Sample 1,Timer,0.35391536355018616
Sample 2,TimesFM,0.8059170246124268
Sample 2,Time-MoE,0.19408302009105682
Sample 3,Chronos,0.5004006028175354
Sample 3,Timer,0.4995993375778198
Sample 4,TimesFM,0.5095478296279907
Sample 4,Timer,0.4904521703720093
Sample 5,Time-MoE,0.5313239097595215
Sample 5,Chronos,0.4686761200428009
Sample 6,Time-MoE,0.8201422095298767
Sample 6,Chronos,0.1798577904701233
Sample 7,Moirai,0.5641834735870361
Sample 7,TimesFM,0.43581655621528625
Sample 8,Moirai,0.7247087955474854
Sample 8,TimesFM,0.27529123425483704
Sample 9,Chronos,0.5570732355117798
Sample 9,Timer,0.4429267644882202
Sample 10,TimesFM,0.7992646098136902
Sample 10,Time-MoE,0.2007354348897934
Sample 11,Timer,0.5235652327537537
Sample 11,Chronos,0.47643473744392395
Sample 12,Timer,0.5799037218093872
Sample 12,Time-MoE,0.4200962483882904
Sample 13,Timer,0.8482100963592529
Sample 13,TimesFM,0.15178993344306946
Sample 14,Moirai,0.7094723582267761
Sample 14,Time-MoE,0.29052767157554626
Sample 15,Time-MoE,0.622108519077301
Sample 15,Moirai,0.377891480922699
Sample 16,Moirai,0.7219915390014648
Sample 16,TimesFM,0.27800846099853516
Sample 17,Chronos,0.5536593794822693
Sample 17,Timer,0.4463406205177307
Sample 18,TimesFM,0.6035473942756653
Sample 18,Time-MoE,0.3964526057243347
Sample 19,Chronos,0.5481373071670532
Sample 19,Timer,0.45186272263526917
Sample 20,Time-MoE,0.5763052701950073
Sample 20,Chronos,0.4236947298049927
Sample 21,Timer,0.6233918070793152
Sample 21,Chronos,0.3766082227230072
Sample 22,Time-MoE,0.9445943236351013
Sample 22,TimesFM,0.05540565401315689
Sample 23,Moirai,0.5835418701171875
Sample 23,TimesFM,0.4164581000804901
Sample 24,Moirai,0.7717655301094055
Sample 24,TimesFM,0.22823452949523926
Sample 25,Chronos,0.5664111971855164
Sample 25,Timer,0.43358877301216125
Sample 26,Time-MoE,0.6894381046295166
Sample 26,TimesFM,0.3105618953704834
Sample 27,Chronos,0.556942343711853
Sample 27,Time-MoE,0.443057656288147
Sample 28,Moirai,0.688231348991394
Sample 28,Time-MoE,0.31176871061325073
Sample 29,Time-MoE,0.7223815321922302
Sample 29,Chronos,0.2776184678077698
Sample 30,Time-MoE,0.7857237458229065
Sample 30,TimesFM,0.21427632868289948
Sample 31,Timer,0.5073283314704895
Sample 31,Time-MoE,0.4926716685295105
Sample 0,Timer,0.5404189229011536
Sample 0,Chronos,0.4595811367034912
Sample 1,Chronos,0.6069576144218445
Sample 1,Time-MoE,0.3930424153804779
Sample 2,Time-MoE,0.8451804518699646
Sample 2,Moirai,0.1548195481300354
Sample 3,Timer,0.6506948471069336
Sample 3,Chronos,0.3493051826953888
Sample 4,TimesFM,0.7351424694061279
Sample 4,Timer,0.2648575007915497
Sample 5,Timer,0.5809609889984131
Sample 5,Chronos,0.4190390408039093
Sample 6,Timer,0.737885057926178
Sample 6,Time-MoE,0.26211491227149963
Sample 7,Moirai,0.5603629946708679
Sample 7,Time-MoE,0.4396369755268097
Sample 8,Moirai,0.8405455946922302
Sample 8,TimesFM,0.15945443511009216
Sample 9,Chronos,0.6097471714019775
Sample 9,Timer,0.39025285840034485
Sample 10,Time-MoE,0.8375710844993591
Sample 10,Moirai,0.16242891550064087
Sample 11,Timer,0.5135688781738281
Sample 11,Chronos,0.4864311218261719
Sample 12,TimesFM,0.7427748441696167
Sample 12,Chronos,0.2572251260280609
Sample 13,Chronos,0.5608296990394592
Sample 13,Timer,0.43917033076286316
Sample 14,Time-MoE,0.7559229135513306
Sample 14,Chronos,0.24407705664634705
Sample 15,Moirai,0.6506754159927368
Sample 15,TimesFM,0.3493245244026184
Sample 0,Moirai,0.9219518899917603
Sample 0,TimesFM,0.07804815471172333
Sample 1,Chronos,0.6503387689590454
Sample 1,Timer,0.3496611714363098
Sample 2,Timer,0.5855586528778076
Sample 2,TimesFM,0.4144413471221924
Sample 3,Timer,0.54412442445755
Sample 3,Chronos,0.45587560534477234
Sample 4,TimesFM,0.7090579867362976
Sample 4,Chronos,0.2909419536590576
Sample 5,Chronos,0.5757652521133423
Sample 5,Time-MoE,0.4242348074913025
Sample 6,Time-MoE,0.8838140368461609
Sample 6,Timer,0.11618590354919434
Sample 7,Moirai,0.6255035400390625
Sample 7,TimesFM,0.3744964897632599
Sample 8,Moirai,0.8935990333557129
Sample 8,TimesFM,0.10640095919370651
Sample 9,Chronos,0.6487347483634949
Sample 9,Timer,0.3512652516365051
Sample 10,Time-MoE,0.8095974922180176
Sample 10,Moirai,0.19040252268314362
Sample 11,Timer,0.6016380190849304
Sample 11,Chronos,0.3983619511127472
Sample 12,TimesFM,0.6795932054519653
Sample 12,Moirai,0.32040679454803467
Sample 13,Timer,0.5102846026420593
Sample 13,Chronos,0.48971542716026306
Sample 14,Time-MoE,0.914160966873169
Sample 14,Chronos,0.08583904802799225
Sample 15,Moirai,0.585338294506073
Sample 15,TimesFM,0.414661705493927
Sample 16,Moirai,0.760613739490509
Sample 16,TimesFM,0.23938624560832977
Sample 17,Chronos,0.5835652351379395
Sample 17,Timer,0.41643476486206055
Sample 18,TimesFM,0.7760117650032043
Sample 18,Timer,0.22398823499679565
Sample 19,Chronos,0.506921648979187
Sample 19,Timer,0.493078351020813
Sample 20,Moirai,0.6941192746162415
Sample 20,Time-MoE,0.30588069558143616
Sample 21,Timer,0.7487562298774719
Sample 21,Chronos,0.2512437403202057
Sample 22,Time-MoE,0.7159532308578491
Sample 22,Chronos,0.2840467393398285
Sample 23,TimesFM,0.6673937439918518
Sample 23,Timer,0.3326062560081482
Sample 24,Moirai,0.7604749202728271
Sample 24,TimesFM,0.23952504992485046
Sample 25,Chronos,0.5903061628341675
Sample 25,Timer,0.4096938669681549
Sample 26,Time-MoE,0.5235675573348999
Sample 26,Chronos,0.4764324724674225
Sample 27,TimesFM,0.5596403479576111
Sample 27,Timer,0.4403596818447113
Sample 28,TimesFM,0.8466053605079651
Sample 28,Timer,0.15339457988739014
Sample 29,Timer,0.6410192251205444
Sample 29,Time-MoE,0.35898077487945557
Sample 30,Time-MoE,0.8659526705741882
Sample 30,Moirai,0.13404740393161774
Sample 31,Moirai,0.6381106972694397
Sample 31,Time-MoE,0.3618893623352051
Sample 0,Timer,0.5721227526664734
Sample 0,Moirai,0.4278772473335266
Sample 1,Chronos,0.6715242266654968
Sample 1,Time-MoE,0.3284757733345032
Sample 2,Moirai,0.5045193433761597
Sample 2,Time-MoE,0.4954806864261627
Sample 3,Timer,0.5347004532814026
Sample 3,Chronos,0.4652995467185974
Sample 4,Time-MoE,0.5592185258865356
Sample 4,Timer,0.44078147411346436
Sample 5,Chronos,0.5522385239601135
Sample 5,Timer,0.44776150584220886
Sample 6,Time-MoE,0.8092383742332458
Sample 6,Chronos,0.19076162576675415
Sample 7,Moirai,0.598166823387146
Sample 7,TimesFM,0.4018331468105316
Sample 8,Moirai,0.7354134321212769
Sample 8,TimesFM,0.26458656787872314
Sample 9,Chronos,0.6079424619674683
Sample 9,Timer,0.3920575678348541
Sample 10,Chronos,0.8087466359138489
Sample 10,Time-MoE,0.1912534087896347
Sample 11,Timer,0.6019003391265869
Sample 11,Time-MoE,0.3980996310710907
Sample 12,TimesFM,0.891346275806427
Sample 12,Time-MoE,0.10865367203950882
Sample 13,Timer,0.5953621864318848
Sample 13,Chronos,0.4046378433704376
Sample 14,Time-MoE,0.6408529877662659
Sample 14,Timer,0.3591470420360565
Sample 15,Moirai,0.5118739604949951
Sample 15,Time-MoE,0.4881260097026825
Sample 16,Moirai,0.8703926205635071
Sample 16,TimesFM,0.1296073943376541
Sample 17,Chronos,0.6186437010765076
Sample 17,Timer,0.38135626912117004
Sample 18,Time-MoE,0.8072007894515991
Sample 18,TimesFM,0.19279924035072327
Sample 19,Timer,0.5034855604171753
Sample 19,Chronos,0.4965144097805023
Sample 20,TimesFM,0.6232194900512695
Sample 20,Chronos,0.37678050994873047
Sample 21,Timer,0.5091516971588135
Sample 21,Chronos,0.49084827303886414
Sample 22,Time-MoE,0.9375401735305786
Sample 22,Moirai,0.06245977059006691
Sample 23,TimesFM,0.5846146941184998
Sample 23,Moirai,0.41538527607917786
Sample 24,Moirai,0.5249026417732239
Sample 24,Chronos,0.47509732842445374
Sample 25,Chronos,0.640006959438324
Sample 25,Timer,0.3599931001663208
Sample 26,Time-MoE,0.8137823343276978
Sample 26,Chronos,0.18621768057346344
Sample 27,Timer,0.7757627367973328
Sample 27,Chronos,0.22423726320266724
Sample 28,Timer,0.5572493076324463
Sample 28,TimesFM,0.4427507519721985
Sample 29,Timer,0.656591534614563
Sample 29,Chronos,0.3434084355831146
Sample 30,Time-MoE,0.803683340549469
Sample 30,Chronos,0.1963167041540146
Sample 31,Moirai,0.5115821361541748
Sample 31,TimesFM,0.4884178340435028
Sample 0,Moirai,0.7554640769958496
Sample 0,Time-MoE,0.24453593790531158
Sample 1,Chronos,0.5314503908157349
Sample 1,Timer,0.46854960918426514
Sample 2,Timer,0.9265962839126587
Sample 2,Chronos,0.07340370118618011
Sample 3,Chronos,0.5421169400215149
Sample 3,Timer,0.4578830599784851
Sample 4,Moirai,0.5583270788192749
Sample 4,TimesFM,0.4416729211807251
Sample 5,Time-MoE,0.73820561170578
Sample 5,TimesFM,0.26179444789886475
Sample 6,Time-MoE,0.8235893249511719
Sample 6,Chronos,0.17641068994998932
Sample 7,Moirai,0.5726784467697144
Sample 7,Time-MoE,0.42732155323028564
Sample 8,Moirai,0.7758204936981201
Sample 8,TimesFM,0.2241794764995575
Sample 9,Chronos,0.6246083974838257
Sample 9,Timer,0.3753916621208191
Sample 10,Chronos,0.6820177435874939
Sample 10,Time-MoE,0.3179822862148285
Sample 11,Timer,0.7973341941833496
Sample 11,TimesFM,0.2026658058166504
Sample 12,TimesFM,0.6553308963775635
Sample 12,Timer,0.3446691334247589
Sample 13,Timer,0.5780184864997864
Sample 13,Chronos,0.42198145389556885
Sample 14,Time-MoE,0.6159895062446594
Sample 14,Chronos,0.38401052355766296
Sample 15,Moirai,0.5248298048973083
Sample 15,TimesFM,0.4751701354980469
Sample 16,Chronos,0.5243170857429504
Sample 16,Timer,0.4756828546524048
Sample 17,Chronos,0.6267332434654236
Sample 17,Time-MoE,0.37326672673225403
Sample 18,Time-MoE,0.5215471386909485
Sample 18,TimesFM,0.4784528613090515
Sample 19,Time-MoE,0.5299171805381775
Sample 19,Timer,0.4700828492641449
Sample 20,Timer,0.52007657289505
Sample 20,TimesFM,0.4799234867095947
Sample 21,Timer,0.7234147787094116
Sample 21,Chronos,0.2765851616859436
Sample 22,Time-MoE,0.9045502543449402
Sample 22,Chronos,0.0954497903585434
Sample 23,Time-MoE,0.6789252758026123
Sample 23,Timer,0.3210747241973877
Sample 24,Moirai,0.6719237565994263
Sample 24,TimesFM,0.32807624340057373
Sample 25,Chronos,0.6514068245887756
Sample 25,Timer,0.34859317541122437
Sample 26,Moirai,0.7396935224533081
Sample 26,Chronos,0.26030653715133667
Sample 27,Timer,0.647750198841095
Sample 27,TimesFM,0.35224980115890503
Sample 28,TimesFM,0.6940379738807678
Sample 28,Timer,0.3059619963169098
Sample 29,Timer,0.6242184042930603
Sample 29,Chronos,0.3757815659046173
Sample 30,Time-MoE,0.7510930299758911
Sample 30,Chronos,0.24890699982643127
Sample 31,TimesFM,0.5456053614616394
Sample 31,Moirai,0.45439469814300537
Sample 0,Moirai,0.6953909993171692
Sample 0,TimesFM,0.3046090006828308
Sample 1,Chronos,0.5013224482536316
Sample 1,Timer,0.4986775517463684
Sample 2,Timer,0.634759247303009
Sample 2,Time-MoE,0.36524075269699097
Sample 3,Timer,0.6194048523902893
Sample 3,Chronos,0.3805951476097107
Sample 4,Chronos,0.789736807346344
Sample 4,Time-MoE,0.21026325225830078
Sample 5,Timer,0.8806388974189758
Sample 5,TimesFM,0.11936108767986298
Sample 6,Moirai,0.729849100112915
Sample 6,Time-MoE,0.27015089988708496
Sample 7,Time-MoE,0.539763331413269
Sample 7,Moirai,0.46023666858673096
Sample 8,Moirai,0.8799434304237366
Sample 8,TimesFM,0.12005652487277985
Sample 9,Chronos,0.6890714764595032
Sample 9,Timer,0.3109285533428192
Sample 10,Timer,0.5440051555633545
Sample 10,TimesFM,0.4559949040412903
Sample 11,Timer,0.601925790309906
Sample 11,Chronos,0.398074209690094
Sample 12,TimesFM,0.6009382605552673
Sample 12,Moirai,0.39906176924705505
Sample 13,Chronos,0.563494861125946
Sample 13,Time-MoE,0.43650510907173157
Sample 14,Time-MoE,0.8876447677612305
Sample 14,Chronos,0.11235519498586655
Sample 15,TimesFM,0.7103776335716248
Sample 15,Moirai,0.28962236642837524
Sample 16,Moirai,0.7978761196136475
Sample 16,TimesFM,0.20212391018867493
Sample 17,Chronos,0.7285990118980408
Sample 17,Time-MoE,0.27140098810195923
Sample 18,Time-MoE,0.6787715554237366
Sample 18,Moirai,0.3212284445762634
Sample 19,Timer,0.6366773247718811
Sample 19,TimesFM,0.36332273483276367
Sample 20,TimesFM,0.5559735298156738
Sample 20,Timer,0.44402647018432617
Sample 21,Time-MoE,0.7186738848686218
Sample 21,Chronos,0.2813261151313782
Sample 22,Time-MoE,0.9247189164161682
Sample 22,Moirai,0.07528106123209
Sample 23,Moirai,0.6083028316497803
Sample 23,Time-MoE,0.3916971981525421
Sample 24,Moirai,0.5870223641395569
Sample 24,TimesFM,0.4129776656627655
Sample 25,Chronos,0.6743437051773071
Sample 25,Time-MoE,0.3256562650203705
Sample 26,Time-MoE,0.6551194190979004
Sample 26,Moirai,0.344880610704422
Sample 27,Timer,0.5313632488250732
Sample 27,Chronos,0.46863672137260437
Sample 28,TimesFM,0.5266498327255249
Sample 28,Moirai,0.4733501374721527
Sample 29,Timer,0.6097097396850586
Sample 29,Time-MoE,0.3902902603149414
Sample 30,Time-MoE,0.7737244963645935
Sample 30,Chronos,0.22627554833889008
Sample 31,Moirai,0.5460752248764038
Sample 31,TimesFM,0.4539247453212738
Sample 0,Moirai,0.901629626750946
Sample 0,Chronos,0.09837032854557037
Sample 1,Chronos,0.6810517311096191
Sample 1,Timer,0.31894823908805847
Sample 2,Chronos,0.5559825301170349
Sample 2,Time-MoE,0.4440174698829651
Sample 3,Timer,0.5273411273956299
Sample 3,Chronos,0.4726589322090149
Sample 4,TimesFM,0.6602820158004761
Sample 4,Chronos,0.33971795439720154
Sample 5,Chronos,0.5643672943115234
Sample 5,Time-MoE,0.4356326460838318
Sample 6,Time-MoE,0.6780359148979187
Sample 6,Chronos,0.3219640851020813
Sample 7,Time-MoE,0.5304474830627441
Sample 7,Moirai,0.46955254673957825
Sample 8,Moirai,0.7245398163795471
Sample 8,TimesFM,0.27546021342277527
Sample 9,Chronos,0.6506295800209045
Sample 9,Timer,0.34937041997909546
Sample 10,Time-MoE,0.5702225565910339
Sample 10,Moirai,0.4297774136066437
Sample 11,Timer,0.6512099504470825
Sample 11,TimesFM,0.3487899899482727
Sample 12,TimesFM,0.7236762642860413
Sample 12,Chronos,0.27632370591163635
Sample 13,Timer,0.8265820741653442
Sample 13,TimesFM,0.17341795563697815
Sample 14,Time-MoE,0.906576931476593
Sample 14,Chronos,0.09342306107282639
Sample 15,Chronos,0.5469961762428284
Sample 15,Time-MoE,0.45300382375717163
Sample 16,Timer,0.6301193833351135
Sample 16,Moirai,0.3698805868625641
Sample 17,Chronos,0.5625370144844055
Sample 17,Time-MoE,0.4374629557132721
Sample 18,Time-MoE,0.9202122688293457
Sample 18,Chronos,0.07978779077529907
Sample 19,Timer,0.6485518217086792
Sample 19,Chronos,0.3514481484889984
Sample 20,TimesFM,0.669138491153717
Sample 20,Timer,0.33086150884628296
Sample 21,Timer,0.5927367806434631
Sample 21,Chronos,0.4072631895542145
Sample 22,Time-MoE,0.7891049981117249
Sample 22,Chronos,0.21089500188827515
Sample 23,Moirai,0.609637439250946
Sample 23,TimesFM,0.39036256074905396
Sample 24,Moirai,0.9197418093681335
Sample 24,TimesFM,0.08025816828012466
Sample 25,Chronos,0.6486440300941467
Sample 25,Timer,0.35135596990585327
Sample 26,TimesFM,0.5695001482963562
Sample 26,Time-MoE,0.4304998517036438
Sample 27,Timer,0.5883364081382751
Sample 27,Chronos,0.41166359186172485
Sample 28,TimesFM,0.521207332611084
Sample 28,Moirai,0.4787926971912384
Sample 29,Chronos,0.5338967442512512
Sample 29,Time-MoE,0.4661032259464264
Sample 30,Time-MoE,0.8832604289054871
Sample 30,Chronos,0.11673957854509354
Sample 31,Moirai,0.5563873052597046
Sample 31,Time-MoE,0.4436127245426178
Sample 0,Moirai,0.8991055488586426
Sample 0,TimesFM,0.1008945032954216
Sample 1,Chronos,0.6998428106307983
Sample 1,Timer,0.3001571595668793
Sample 2,TimesFM,0.826124370098114
Sample 2,Time-MoE,0.1738756150007248
Sample 3,Chronos,0.5502259731292725
Sample 3,Timer,0.44977402687072754
Sample 4,TimesFM,0.5083186626434326
Sample 4,Timer,0.49168136715888977
Sample 5,Chronos,0.5130705237388611
Sample 5,Time-MoE,0.4869294762611389
Sample 6,Time-MoE,0.8084695935249329
Sample 6,Chronos,0.19153034687042236
Sample 7,Moirai,0.5631729364395142
Sample 7,TimesFM,0.43682706356048584
Sample 8,Moirai,0.7112227082252502
Sample 8,TimesFM,0.28877732157707214
Sample 9,Chronos,0.6088122129440308
Sample 9,Timer,0.39118778705596924
Sample 10,TimesFM,0.8188827037811279
Sample 10,Time-MoE,0.18111732602119446
Sample 11,Chronos,0.5252346396446228
Sample 11,Timer,0.4747653603553772
Sample 12,Timer,0.5884819626808167
Sample 12,TimesFM,0.41151803731918335
Sample 13,Timer,0.8449299335479736
Sample 13,TimesFM,0.15507011115550995
Sample 14,Moirai,0.730156421661377
Sample 14,Time-MoE,0.26984354853630066
Sample 15,Time-MoE,0.6183340549468994
Sample 15,Moirai,0.3816659450531006
Sample 16,Moirai,0.7172011733055115
Sample 16,TimesFM,0.28279879689216614
Sample 17,Chronos,0.603599488735199
Sample 17,Timer,0.3964005708694458
Sample 18,TimesFM,0.599895715713501
Sample 18,Time-MoE,0.400104284286499
Sample 19,Chronos,0.5984483361244202
Sample 19,Timer,0.4015517234802246
Sample 20,Time-MoE,0.5411426424980164
Sample 20,Chronos,0.45885732769966125
Sample 21,Timer,0.5892252922058105
Sample 21,Chronos,0.41077476739883423
Sample 22,Time-MoE,0.9488139152526855
Sample 22,Chronos,0.05118608474731445
Sample 23,Moirai,0.574815034866333
Sample 23,TimesFM,0.4251849353313446
Sample 24,Moirai,0.7821584343910217
Sample 24,TimesFM,0.2178415209054947
Sample 25,Chronos,0.6183570027351379
Sample 25,Timer,0.3816429376602173
Sample 26,Time-MoE,0.6909435391426086
Sample 26,TimesFM,0.30905649065971375
Sample 27,Chronos,0.5980879664421082
Sample 27,Time-MoE,0.4019120931625366
Sample 28,Moirai,0.7134979963302612
Sample 28,Time-MoE,0.28650203347206116
Sample 29,Time-MoE,0.6974407434463501
Sample 29,Chronos,0.3025592863559723
Sample 30,Time-MoE,0.7775037884712219
Sample 30,TimesFM,0.22249624133110046
Sample 31,Timer,0.509505033493042
Sample 31,Time-MoE,0.4904949367046356
Sample 0,Timer,0.5192832350730896
Sample 0,Chronos,0.4807168245315552
Sample 1,Chronos,0.6462506651878357
Sample 1,Time-MoE,0.3537493646144867
Sample 2,Time-MoE,0.8407229781150818
Sample 2,Moirai,0.1592770367860794
Sample 3,Timer,0.6223148107528687
Sample 3,Chronos,0.37768515944480896
Sample 4,TimesFM,0.7530738115310669
Sample 4,Timer,0.2469261884689331
Sample 5,Timer,0.5556114315986633
Sample 5,Chronos,0.44438859820365906
Sample 6,Timer,0.7439958453178406
Sample 6,Time-MoE,0.2560041844844818
Sample 7,Moirai,0.5575549602508545
Sample 7,Time-MoE,0.4424450397491455
Sample 8,Moirai,0.8412689566612244
Sample 8,TimesFM,0.15873107314109802
Sample 9,Chronos,0.6529664993286133
Sample 9,Timer,0.3470335602760315
Sample 10,Time-MoE,0.8283770084381104
Sample 10,Moirai,0.17162299156188965
Sample 11,Chronos,0.5310706496238708
Sample 11,Timer,0.46892932057380676
Sample 12,TimesFM,0.7399182915687561
Sample 12,Chronos,0.2600817382335663
Sample 13,Chronos,0.5967642664909363
Sample 13,Timer,0.4032357335090637
Sample 14,Time-MoE,0.7296276688575745
Sample 14,Chronos,0.27037233114242554
Sample 15,Moirai,0.6516943573951721
Sample 15,TimesFM,0.3483056426048279
Sample 0,Moirai,0.9251055121421814
Sample 0,TimesFM,0.0748945102095604
Sample 1,Chronos,0.6850953698158264
Sample 1,Timer,0.3149046003818512
Sample 2,Timer,0.586683452129364
Sample 2,TimesFM,0.4133165776729584
Sample 3,Timer,0.5175772309303284
Sample 3,Chronos,0.48242273926734924
Sample 4,TimesFM,0.7108345031738281
Sample 4,Chronos,0.2891654670238495
Sample 5,Chronos,0.6068379878997803
Sample 5,Time-MoE,0.3931620121002197
Sample 6,Time-MoE,0.8851316571235657
Sample 6,Chronos,0.11486832052469254
Sample 7,Moirai,0.6318354606628418
Sample 7,TimesFM,0.3681644797325134
Sample 8,Moirai,0.8986145257949829
Sample 8,TimesFM,0.10138547420501709
Sample 9,Chronos,0.6827220320701599
Sample 9,Timer,0.3172779679298401
Sample 10,Time-MoE,0.7996827960014343
Sample 10,Moirai,0.2003171741962433
Sample 11,Timer,0.5861736536026001
Sample 11,Chronos,0.4138263165950775
Sample 12,TimesFM,0.6831425428390503
Sample 12,Moirai,0.3168574571609497
Sample 13,Chronos,0.5076642632484436
Sample 13,Timer,0.4923357367515564
Sample 14,Time-MoE,0.9063572287559509
Sample 14,Chronos,0.09364274144172668
Sample 15,Moirai,0.5924708247184753
Sample 15,TimesFM,0.40752917528152466
Sample 16,Moirai,0.7569179534912109
Sample 16,TimesFM,0.24308207631111145
Sample 17,Chronos,0.6098414063453674
Sample 17,Timer,0.3901585638523102
Sample 18,TimesFM,0.7879989147186279
Sample 18,Timer,0.21200108528137207
Sample 19,Chronos,0.5351822972297668
Sample 19,Timer,0.46481773257255554
Sample 20,Moirai,0.7089490294456482
Sample 20,Time-MoE,0.2910510003566742
Sample 21,Timer,0.7424982786178589
Sample 21,Chronos,0.2575017511844635
Sample 22,Time-MoE,0.6918496489524841
Sample 22,Chronos,0.30815038084983826
Sample 23,TimesFM,0.6684600114822388
Sample 23,Timer,0.33153998851776123
Sample 24,Moirai,0.7520244121551514
Sample 24,TimesFM,0.24797558784484863
Sample 25,Chronos,0.6230731010437012
Sample 25,Timer,0.37692683935165405
Sample 26,Time-MoE,0.5311111807823181
Sample 26,Chronos,0.4688888192176819
Sample 27,TimesFM,0.5599318742752075
Sample 27,Timer,0.4400680959224701
Sample 28,TimesFM,0.8506487607955933
Sample 28,Timer,0.14935125410556793
Sample 29,Timer,0.6349697113037109
Sample 29,Chronos,0.36503031849861145
Sample 30,Time-MoE,0.8491258025169373
Sample 30,Moirai,0.15087421238422394
Sample 31,Moirai,0.6211481690406799
Sample 31,Time-MoE,0.37885183095932007
Sample 0,Timer,0.5872738361358643
Sample 0,Moirai,0.41272613406181335
Sample 1,Chronos,0.6913130283355713
Sample 1,Time-MoE,0.3086870014667511
Sample 2,Moirai,0.5306691527366638
Sample 2,Time-MoE,0.4693308174610138
Sample 3,Timer,0.5172558426856995
Sample 3,Chronos,0.48274415731430054
Sample 4,Time-MoE,0.5759270787239075
Sample 4,Moirai,0.4240729510784149
Sample 5,Chronos,0.5584956407546997
Sample 5,Timer,0.4415043890476227
Sample 6,Time-MoE,0.7963426113128662
Sample 6,Chronos,0.20365741848945618
Sample 7,Moirai,0.6103882789611816
Sample 7,TimesFM,0.38961175084114075
Sample 8,Moirai,0.7236478924751282
Sample 8,TimesFM,0.2763521075248718
Sample 9,Chronos,0.6244602203369141
Sample 9,Timer,0.37553977966308594
Sample 10,Chronos,0.8345568776130676
Sample 10,Time-MoE,0.16544312238693237
Sample 11,Timer,0.613533079624176
Sample 11,Time-MoE,0.38646695017814636
Sample 12,TimesFM,0.9078196883201599
Sample 12,Time-MoE,0.09218036383390427
Sample 13,Timer,0.5929201245307922
Sample 13,Chronos,0.40707990527153015
Sample 14,Time-MoE,0.6393390893936157
Sample 14,Timer,0.3606608808040619
Sample 15,Moirai,0.5018799304962158
Sample 15,Time-MoE,0.49812009930610657
Sample 16,Moirai,0.8690230250358582
Sample 16,TimesFM,0.13097693026065826
Sample 17,Chronos,0.6333527565002441
Sample 17,Timer,0.3666471838951111
Sample 18,Time-MoE,0.8008255362510681
Sample 18,TimesFM,0.19917446374893188
Sample 19,Chronos,0.5121297836303711
Sample 19,Timer,0.4878702461719513
Sample 20,TimesFM,0.6441034078598022
Sample 20,Chronos,0.35589665174484253
Sample 21,Timer,0.5049043893814087
Sample 21,Chronos,0.49509555101394653
Sample 22,Time-MoE,0.9300509691238403
Sample 22,Moirai,0.06994899362325668
Sample 23,TimesFM,0.5791191458702087
Sample 23,Moirai,0.42088082432746887
Sample 24,Moirai,0.53342205286026
Sample 24,Chronos,0.46657794713974
Sample 25,Chronos,0.6662358045578003
Sample 25,Timer,0.3337642550468445
Sample 26,Time-MoE,0.8039177060127258
Sample 26,Chronos,0.19608232378959656
Sample 27,Timer,0.7621779441833496
Sample 27,TimesFM,0.23782210052013397
Sample 28,Timer,0.5650918483734131
Sample 28,TimesFM,0.4349081814289093
Sample 29,Timer,0.6530183553695679
Sample 29,Chronos,0.34698164463043213
Sample 30,Time-MoE,0.7839863300323486
Sample 30,Chronos,0.21601366996765137
Sample 31,Moirai,0.520671010017395
Sample 31,TimesFM,0.4793289601802826
Sample 0,Moirai,0.758665144443512
Sample 0,Time-MoE,0.24133485555648804
Sample 1,Chronos,0.5303894877433777
Sample 1,Timer,0.4696105718612671
Sample 2,Timer,0.9282634258270264
Sample 2,TimesFM,0.07173653692007065
Sample 3,Chronos,0.5497948527336121
Sample 3,Timer,0.45020511746406555
Sample 4,Moirai,0.5699797868728638
Sample 4,TimesFM,0.43002021312713623
Sample 5,Time-MoE,0.6974450349807739
Sample 5,TimesFM,0.3025549650192261
Sample 6,Time-MoE,0.8174871206283569
Sample 6,Chronos,0.18251293897628784
Sample 7,Moirai,0.567275881767273
Sample 7,Time-MoE,0.43272408843040466
Sample 8,Moirai,0.7774015069007874
Sample 8,TimesFM,0.22259846329689026
Sample 9,Chronos,0.6329318881034851
Sample 9,Timer,0.3670681118965149
Sample 10,Chronos,0.7021986246109009
Sample 10,Time-MoE,0.29780134558677673
Sample 11,Timer,0.7786710858345032
Sample 11,TimesFM,0.22132891416549683
Sample 12,TimesFM,0.6405375599861145
Sample 12,Timer,0.3594624400138855
Sample 13,Timer,0.5818288326263428
Sample 13,Chronos,0.4181711971759796
Sample 14,Time-MoE,0.6020419001579285
Sample 14,Chronos,0.39795809984207153
Sample 15,Moirai,0.5411419868469238
Sample 15,TimesFM,0.4588579833507538
Sample 16,Chronos,0.5103384852409363
Sample 16,Timer,0.4896615147590637
Sample 17,Chronos,0.6439387202262878
Sample 17,Timer,0.35606130957603455
Sample 18,Time-MoE,0.5115827322006226
Sample 18,Chronos,0.48841729760169983
Sample 19,Time-MoE,0.5233965516090393
Sample 19,Timer,0.47660350799560547
Sample 20,Timer,0.5255318880081177
Sample 20,TimesFM,0.4744681417942047
Sample 21,Timer,0.7329403162002563
Sample 21,Chronos,0.26705971360206604
Sample 22,Time-MoE,0.9009125828742981
Sample 22,Chronos,0.0990874394774437
Sample 23,Time-MoE,0.6944786906242371
Sample 23,Timer,0.30552127957344055
Sample 24,Moirai,0.6783877611160278
Sample 24,TimesFM,0.3216121792793274
Sample 25,Chronos,0.6618235111236572
Sample 25,Timer,0.338176429271698
Sample 26,Moirai,0.7533533573150635
Sample 26,Chronos,0.24664659798145294
Sample 27,Timer,0.615666925907135
Sample 27,TimesFM,0.38433313369750977
Sample 28,TimesFM,0.6810847520828247
Sample 28,Timer,0.3189152777194977
Sample 29,Timer,0.6282347440719604
Sample 29,Chronos,0.37176525592803955
Sample 30,Time-MoE,0.730185866355896
Sample 30,Chronos,0.269814133644104
Sample 31,TimesFM,0.5303159952163696
Sample 31,Moirai,0.46968406438827515
Sample 0,Moirai,0.7098603248596191
Sample 0,TimesFM,0.29013973474502563
Sample 1,Timer,0.512549102306366
Sample 1,Chronos,0.48745086789131165
Sample 2,Timer,0.6213932633399963
Sample 2,Time-MoE,0.37860676646232605
Sample 3,Timer,0.6341840028762817
Sample 3,Chronos,0.36581602692604065
Sample 4,Chronos,0.799991250038147
Sample 4,Time-MoE,0.2000087946653366
Sample 5,Timer,0.8795855045318604
Sample 5,TimesFM,0.12041448801755905
Sample 6,Moirai,0.7806383967399597
Sample 6,Time-MoE,0.21936164796352386
Sample 7,Time-MoE,0.5413675308227539
Sample 7,Moirai,0.4586324989795685
Sample 8,Moirai,0.8852004408836365
Sample 8,TimesFM,0.11479956656694412
Sample 9,Chronos,0.683261513710022
Sample 9,Timer,0.316738486289978
Sample 10,Timer,0.5527416467666626
Sample 10,TimesFM,0.4472583830356598
Sample 11,Timer,0.6092076897621155
Sample 11,Chronos,0.3907923400402069
Sample 12,TimesFM,0.5963442325592041
Sample 12,Moirai,0.4036557674407959
Sample 13,Chronos,0.5788922309875488
Sample 13,Time-MoE,0.42110779881477356
Sample 14,Time-MoE,0.8814389109611511
Sample 14,Chronos,0.11856108903884888
Sample 15,TimesFM,0.7144491672515869
Sample 15,Moirai,0.2855508625507355
Sample 16,Moirai,0.8062841296195984
Sample 16,TimesFM,0.1937159299850464
Sample 17,Chronos,0.7587392330169678
Sample 17,Time-MoE,0.24126079678535461
Sample 18,Time-MoE,0.6866292953491211
Sample 18,Moirai,0.3133707046508789
Sample 19,Timer,0.596375584602356
Sample 19,TimesFM,0.40362438559532166
Sample 20,TimesFM,0.5429785251617432
Sample 20,Timer,0.45702141523361206
Sample 21,Time-MoE,0.7017703056335449
Sample 21,Chronos,0.2982296645641327
Sample 22,Time-MoE,0.9151893258094788
Sample 22,Moirai,0.08481063693761826
Sample 23,Moirai,0.5862790942192078
Sample 23,Time-MoE,0.41372087597846985
Sample 24,Moirai,0.5888409614562988
Sample 24,TimesFM,0.4111590087413788
Sample 25,Chronos,0.6758424043655396
Sample 25,Timer,0.32415759563446045
Sample 26,Time-MoE,0.6542536020278931
Sample 26,Moirai,0.34574639797210693
Sample 27,Timer,0.5328554511070251
Sample 27,Chronos,0.46714454889297485
Sample 28,TimesFM,0.5134189128875732
Sample 28,Moirai,0.48658105731010437
Sample 29,Timer,0.6296013593673706
Sample 29,Chronos,0.37039870023727417
Sample 30,Time-MoE,0.7633697986602783
Sample 30,Chronos,0.2366301715373993
Sample 31,Moirai,0.5624857544898987
Sample 31,TimesFM,0.4375142753124237
Sample 0,Moirai,0.9085515141487122
Sample 0,Timer,0.09144848585128784
Sample 1,Chronos,0.6550882458686829
Sample 1,Timer,0.3449117839336395
Sample 2,Chronos,0.575430691242218
Sample 2,Timer,0.424569308757782
Sample 3,Timer,0.5555091500282288
Sample 3,Chronos,0.44449082016944885
Sample 4,TimesFM,0.6977683305740356
Sample 4,Chronos,0.30223166942596436
Sample 5,Chronos,0.5685006976127625
Sample 5,Time-MoE,0.43149930238723755
Sample 6,Time-MoE,0.6898188591003418
Sample 6,Chronos,0.3101811110973358
Sample 7,Time-MoE,0.5355662107467651
Sample 7,Moirai,0.4644337594509125
Sample 8,Moirai,0.7246590256690979
Sample 8,TimesFM,0.2753409445285797
Sample 9,Chronos,0.6260774731636047
Sample 9,Timer,0.37392252683639526
Sample 10,Time-MoE,0.5708213448524475
Sample 10,Moirai,0.4291785955429077
Sample 11,Timer,0.6425406336784363
Sample 11,TimesFM,0.3574593961238861
Sample 12,TimesFM,0.7313557863235474
Sample 12,Chronos,0.26864415407180786
Sample 13,Timer,0.8184304237365723
Sample 13,TimesFM,0.18156956136226654
Sample 14,Time-MoE,0.8982034921646118
Sample 14,Chronos,0.1017964780330658
Sample 15,Chronos,0.5481677055358887
Sample 15,Time-MoE,0.45183226466178894
Sample 16,Timer,0.6398459076881409
Sample 16,Moirai,0.36015406250953674
Sample 17,Chronos,0.5739943981170654
Sample 17,Time-MoE,0.4260055422782898
Sample 18,Time-MoE,0.9220656156539917
Sample 18,TimesFM,0.07793434709310532
Sample 19,Timer,0.6507539749145508
Sample 19,Chronos,0.34924596548080444
Sample 20,TimesFM,0.6592594981193542
Sample 20,Timer,0.34074053168296814
Sample 21,Timer,0.6332454085350037
Sample 21,Chronos,0.36675456166267395
Sample 22,Time-MoE,0.7910005450248718
Sample 22,Chronos,0.20899949967861176
Sample 23,Moirai,0.5758411884307861
Sample 23,Time-MoE,0.42415884137153625
Sample 24,Moirai,0.9250199198722839
Sample 24,TimesFM,0.07498004287481308
Sample 25,Chronos,0.6266300082206726
Sample 25,Timer,0.3733699917793274
Sample 26,TimesFM,0.5887603759765625
Sample 26,Time-MoE,0.4112396836280823
Sample 27,Timer,0.6139016151428223
Sample 27,Chronos,0.3860984146595001
Sample 28,TimesFM,0.5096926093101501
Sample 28,Moirai,0.4903073310852051
Sample 29,Chronos,0.5453910827636719
Sample 29,Time-MoE,0.45460888743400574
Sample 30,Time-MoE,0.8912087082862854
Sample 30,Chronos,0.1087912991642952
Sample 31,Moirai,0.5492975115776062
Sample 31,Time-MoE,0.4507024884223938
Sample 0,Moirai,0.907376229763031
Sample 0,TimesFM,0.0926237553358078
Sample 1,Chronos,0.6616561412811279
Sample 1,Timer,0.33834388852119446
Sample 2,TimesFM,0.8423867225646973
Sample 2,Moirai,0.15761332213878632
Sample 3,Chronos,0.5030454993247986
Sample 3,Timer,0.4969545006752014
Sample 4,TimesFM,0.5082679986953735
Sample 4,Timer,0.4917319715023041
Sample 5,Chronos,0.512337863445282
Sample 5,Time-MoE,0.487662136554718
Sample 6,Time-MoE,0.8115458488464355
Sample 6,Chronos,0.18845413625240326
Sample 7,Moirai,0.5792490839958191
Sample 7,TimesFM,0.4207508862018585
Sample 8,Moirai,0.7140995264053345
Sample 8,TimesFM,0.28590044379234314
Sample 9,Chronos,0.5587587356567383
Sample 9,Timer,0.4412412643432617
Sample 10,TimesFM,0.8501608967781067
Sample 10,Moirai,0.1498391330242157
Sample 11,Timer,0.5159176588058472
Sample 11,Chronos,0.48408228158950806
Sample 12,Timer,0.5941753387451172
Sample 12,TimesFM,0.4058246612548828
Sample 13,Timer,0.8357338309288025
Sample 13,TimesFM,0.1642661839723587
Sample 14,Moirai,0.7757821679115295
Sample 14,Time-MoE,0.22421781718730927
Sample 15,Time-MoE,0.6115129590034485
Sample 15,Moirai,0.3884870409965515
Sample 16,Moirai,0.7306370735168457
Sample 16,TimesFM,0.2693629264831543
Sample 17,Chronos,0.5545631647109985
Sample 17,Timer,0.44543683528900146
Sample 18,TimesFM,0.5859422087669373
Sample 18,Time-MoE,0.41405782103538513
Sample 19,Chronos,0.5528367757797241
Sample 19,Timer,0.4471631944179535
Sample 20,Time-MoE,0.5416580438613892
Sample 20,Chronos,0.45834195613861084
Sample 21,Timer,0.6449357867240906
Sample 21,Chronos,0.3550642132759094
Sample 22,Time-MoE,0.9377349019050598
Sample 22,TimesFM,0.062265120446681976
Sample 23,Moirai,0.5938428044319153
Sample 23,TimesFM,0.4061571955680847
Sample 24,Moirai,0.7854953408241272
Sample 24,TimesFM,0.2145046591758728
Sample 25,Chronos,0.5705510973930359
Sample 25,Timer,0.4294489026069641
Sample 26,Time-MoE,0.6896553635597229
Sample 26,TimesFM,0.3103446364402771
Sample 27,Chronos,0.5944755673408508
Sample 27,Time-MoE,0.40552446246147156
Sample 28,Moirai,0.7321556806564331
Sample 28,TimesFM,0.2678443193435669
Sample 29,Time-MoE,0.6977308392524719
Sample 29,Chronos,0.3022691607475281
Sample 30,Time-MoE,0.7623466849327087
Sample 30,TimesFM,0.23765338957309723
Sample 31,Time-MoE,0.5208095908164978
Sample 31,Timer,0.4791903793811798
Sample 0,Timer,0.584941029548645
Sample 0,Chronos,0.4150589108467102
Sample 1,Chronos,0.6372781991958618
Sample 1,Time-MoE,0.3627217411994934
Sample 2,Time-MoE,0.8219648003578186
Sample 2,Moirai,0.178035169839859
Sample 3,Timer,0.6693653464317322
Sample 3,Chronos,0.3306346535682678
Sample 4,TimesFM,0.7598888874053955
Sample 4,Timer,0.2401110678911209
Sample 5,Timer,0.6250152587890625
Sample 5,Chronos,0.3749847412109375
Sample 6,Timer,0.795192539691925
Sample 6,Time-MoE,0.20480746030807495
Sample 7,Moirai,0.5334264039993286
Sample 7,Time-MoE,0.466573566198349
Sample 8,Moirai,0.8463619351387024
Sample 8,TimesFM,0.1536380648612976
Sample 9,Chronos,0.5990934371948242
Sample 9,Timer,0.4009065628051758
Sample 10,Time-MoE,0.8147305846214294
Sample 10,Moirai,0.18526935577392578
Sample 11,Timer,0.518705427646637
Sample 11,Chronos,0.4812946021556854
Sample 12,TimesFM,0.7624765634536743
Sample 12,Chronos,0.23752343654632568
Sample 13,Chronos,0.5283755660057068
Sample 13,Timer,0.47162437438964844
Sample 14,Time-MoE,0.7398208379745483
Sample 14,Chronos,0.26017916202545166
Sample 15,Moirai,0.6676304340362549
Sample 15,TimesFM,0.33236953616142273
Sample 0,Moirai,0.9300982356071472
Sample 0,TimesFM,0.06990183144807816
Sample 1,Chronos,0.6332697868347168
Sample 1,Timer,0.3667302429676056
Sample 2,Timer,0.5794469118118286
Sample 2,TimesFM,0.4205530285835266
Sample 3,Timer,0.581013023853302
Sample 3,Chronos,0.4189870059490204
Sample 4,TimesFM,0.7554032206535339
Sample 4,Chronos,0.2445967048406601
Sample 5,Chronos,0.542797863483429
Sample 5,Timer,0.45720210671424866
Sample 6,Time-MoE,0.8713470697402954
Sample 6,Timer,0.12865297496318817
Sample 7,Moirai,0.6447062492370605
Sample 7,TimesFM,0.35529378056526184
Sample 8,Moirai,0.905123233795166
Sample 8,TimesFM,0.094876728951931
Sample 9,Chronos,0.6312294006347656
Sample 9,Timer,0.36877065896987915
Sample 10,Time-MoE,0.7900639772415161
Sample 10,Moirai,0.2099360078573227
Sample 11,Timer,0.65236896276474
Sample 11,Chronos,0.3476310670375824
Sample 12,TimesFM,0.6766613125801086
Sample 12,Moirai,0.32333868741989136
Sample 13,Timer,0.571274995803833
Sample 13,Chronos,0.4287249445915222
Sample 14,Time-MoE,0.9070644378662109
Sample 14,Chronos,0.09293559938669205
Sample 15,Moirai,0.6043580770492554
Sample 15,TimesFM,0.39564192295074463
Sample 16,Moirai,0.7704636454582214
Sample 16,TimesFM,0.22953638434410095
Sample 17,Chronos,0.5434150099754333
Sample 17,Timer,0.45658501982688904
Sample 18,TimesFM,0.7886509299278259
Sample 18,Timer,0.21134908497333527
Sample 19,Timer,0.5265641808509827
Sample 19,Chronos,0.47343575954437256
Sample 20,Moirai,0.7327128648757935
Sample 20,Time-MoE,0.26728713512420654
Sample 21,Timer,0.7745278477668762
Sample 21,TimesFM,0.22547219693660736
Sample 22,Time-MoE,0.6684046983718872
Sample 22,Chronos,0.3315953016281128
Sample 23,TimesFM,0.6733778119087219
Sample 23,Timer,0.32662221789360046
Sample 24,Moirai,0.7590952515602112
Sample 24,TimesFM,0.24090473353862762
Sample 25,Chronos,0.5662251710891724
Sample 25,Timer,0.43377476930618286
Sample 26,Time-MoE,0.5650442242622375
Sample 26,Timer,0.43495577573776245
Sample 27,TimesFM,0.5666071176528931
Sample 27,Moirai,0.43339285254478455
Sample 28,TimesFM,0.8521937131881714
Sample 28,Timer,0.14780624210834503
Sample 29,Timer,0.7016158699989319
Sample 29,TimesFM,0.2983841300010681
Sample 30,Time-MoE,0.8149639964103699
Sample 30,Moirai,0.18503601849079132
Sample 31,Moirai,0.587457537651062
Sample 31,Time-MoE,0.4125424325466156
Sample 0,Timer,0.5801786184310913
Sample 0,Moirai,0.4198214113712311
Sample 1,Chronos,0.6418352723121643
Sample 1,Timer,0.3581647276878357
Sample 2,Moirai,0.5570458173751831
Sample 2,TimesFM,0.4429541230201721
Sample 3,Timer,0.5777162313461304
Sample 3,Chronos,0.42228376865386963
Sample 4,Time-MoE,0.5860668420791626
Sample 4,Timer,0.4139331579208374
Sample 5,Timer,0.5262861251831055
Sample 5,Chronos,0.4737139344215393
Sample 6,Time-MoE,0.7964574098587036
Sample 6,Chronos,0.20354261994361877
Sample 7,Moirai,0.6154672503471375
Sample 7,TimesFM,0.3845328092575073
Sample 8,Moirai,0.737333357334137
Sample 8,TimesFM,0.2626666724681854
Sample 9,Chronos,0.5574438571929932
Sample 9,Timer,0.44255611300468445
Sample 10,Chronos,0.8356853723526001
Sample 10,TimesFM,0.1643146425485611
Sample 11,Timer,0.6296669840812683
Sample 11,TimesFM,0.3703330159187317
Sample 12,TimesFM,0.9287389516830444
Sample 12,Time-MoE,0.07126107811927795
Sample 13,Timer,0.6651021838188171
Sample 13,Chronos,0.33489781618118286
Sample 14,Time-MoE,0.5881370306015015
Sample 14,Timer,0.41186296939849854
Sample 15,Time-MoE,0.5197218060493469
Sample 15,Moirai,0.4802781939506531
Sample 16,Moirai,0.8794592022895813
Sample 16,TimesFM,0.1205408126115799
Sample 17,Chronos,0.5663306713104248
Sample 17,Timer,0.4336693286895752
Sample 18,Time-MoE,0.783882200717926
Sample 18,Moirai,0.21611779928207397
Sample 19,Timer,0.5534853339195251
Sample 19,Chronos,0.44651466608047485
Sample 20,TimesFM,0.7133577466011047
Sample 20,Chronos,0.28664228320121765
Sample 21,Timer,0.5849734544754028
Sample 21,Chronos,0.41502657532691956
Sample 22,Time-MoE,0.910125732421875
Sample 22,Moirai,0.08987421542406082
Sample 23,TimesFM,0.585435152053833
Sample 23,Moirai,0.4145647883415222
Sample 24,Moirai,0.6070091724395752
Sample 24,Chronos,0.3929908275604248
Sample 25,Chronos,0.6089635491371155
Sample 25,Timer,0.3910364806652069
Sample 26,Time-MoE,0.8151113390922546
Sample 26,Chronos,0.18488866090774536
Sample 27,Timer,0.7614808082580566
Sample 27,TimesFM,0.23851917684078217
Sample 28,Timer,0.5402565598487854
Sample 28,TimesFM,0.459743469953537
Sample 29,Timer,0.7201076149940491
Sample 29,Chronos,0.27989235520362854
Sample 30,Time-MoE,0.7852209210395813
Sample 30,Chronos,0.21477900445461273
Sample 31,Moirai,0.5209711194038391
Sample 31,TimesFM,0.4790288507938385
Sample 0,Moirai,0.7566933035850525
Sample 0,Time-MoE,0.2433067113161087
Sample 1,Timer,0.54145348072052
Sample 1,Chronos,0.4585464894771576
Sample 2,Timer,0.9412199854850769
Sample 2,TimesFM,0.05878002569079399
Sample 3,Timer,0.5172732472419739
Sample 3,Chronos,0.4827267527580261
Sample 4,Moirai,0.5695334076881409
Sample 4,TimesFM,0.43046659231185913
Sample 5,Time-MoE,0.662447988986969
Sample 5,TimesFM,0.3375520408153534
Sample 6,Time-MoE,0.807836651802063
Sample 6,Timer,0.1921633780002594
Sample 7,Moirai,0.5539193153381348
Sample 7,Time-MoE,0.44608074426651
Sample 8,Moirai,0.7800898551940918
Sample 8,TimesFM,0.219910129904747
Sample 9,Chronos,0.5713580250740051
Sample 9,Timer,0.4286419749259949
Sample 10,Chronos,0.6909119486808777
Sample 10,Timer,0.3090880215167999
Sample 11,Timer,0.7627688050270081
Sample 11,TimesFM,0.23723118007183075
Sample 12,TimesFM,0.6644596457481384
Sample 12,Timer,0.33554038405418396
Sample 13,Timer,0.6600191593170166
Sample 13,Chronos,0.3399808406829834
Sample 14,Time-MoE,0.6185682415962219
Sample 14,Chronos,0.3814317584037781
Sample 15,Moirai,0.5200459957122803
Sample 15,Time-MoE,0.47995397448539734
Sample 16,Timer,0.5519914627075195
Sample 16,Chronos,0.44800853729248047
Sample 17,Chronos,0.5816346406936646
Sample 17,Timer,0.4183654189109802
Sample 18,Chronos,0.5178015232086182
Sample 18,Time-MoE,0.4821985363960266
Sample 19,Timer,0.5001787543296814
Sample 19,Time-MoE,0.4998212158679962
Sample 20,TimesFM,0.5123891830444336
Sample 20,Timer,0.4876108169555664
Sample 21,Timer,0.7878124713897705
Sample 21,Chronos,0.21218760311603546
Sample 22,Time-MoE,0.9029845595359802
Sample 22,Chronos,0.09701547026634216
Sample 23,Time-MoE,0.7058246731758118
Sample 23,Timer,0.29417532682418823
Sample 24,Moirai,0.6756800413131714
Sample 24,TimesFM,0.324319988489151
Sample 25,Chronos,0.601756751537323
Sample 25,Timer,0.3982432782649994
Sample 26,Moirai,0.7756639719009399
Sample 26,Chronos,0.22433605790138245
Sample 27,Timer,0.6196393370628357
Sample 27,TimesFM,0.3803606331348419
Sample 28,TimesFM,0.699485719203949
Sample 28,Timer,0.300514280796051
Sample 29,Timer,0.6956958770751953
Sample 29,Chronos,0.3043041229248047
Sample 30,Time-MoE,0.7359297275543213
Sample 30,Chronos,0.2640702724456787
Sample 31,TimesFM,0.5424976348876953
Sample 31,Moirai,0.4575023949146271
Sample 0,Moirai,0.7127305269241333
Sample 0,TimesFM,0.2872694730758667
Sample 1,Timer,0.5762024521827698
Sample 1,Chronos,0.42379751801490784
Sample 2,Timer,0.6236587166786194
Sample 2,Time-MoE,0.3763412833213806
Sample 3,Timer,0.6916998624801636
Sample 3,Chronos,0.3083001971244812
Sample 4,Chronos,0.8030319809913635
Sample 4,Time-MoE,0.19696800410747528
Sample 5,Timer,0.8763440251350403
Sample 5,TimesFM,0.12365595251321793
Sample 6,Moirai,0.8290306329727173
Sample 6,Time-MoE,0.17096932232379913
Sample 7,Time-MoE,0.5507764220237732
Sample 7,Moirai,0.4492235481739044
Sample 8,Moirai,0.8894671201705933
Sample 8,TimesFM,0.11053287237882614
Sample 9,Chronos,0.6237640976905823
Sample 9,Timer,0.37623584270477295
Sample 10,Timer,0.5569296479225159
Sample 10,TimesFM,0.44307032227516174
Sample 11,Timer,0.6756657361984253
Sample 11,Chronos,0.3243342638015747
Sample 12,TimesFM,0.6268974542617798
Sample 12,Moirai,0.37310248613357544
Sample 13,Chronos,0.5639348030090332
Sample 13,Time-MoE,0.4360651969909668
Sample 14,Time-MoE,0.8876683712005615
Sample 14,Chronos,0.11233159154653549
Sample 15,TimesFM,0.7385208010673523
Sample 15,Moirai,0.2614792287349701
Sample 16,Moirai,0.8134629130363464
Sample 16,TimesFM,0.1865370273590088
Sample 17,Chronos,0.7733227014541626
Sample 17,Time-MoE,0.22667726874351501
Sample 18,Time-MoE,0.697085440158844
Sample 18,Moirai,0.3029145300388336
Sample 19,Timer,0.6059250831604004
Sample 19,TimesFM,0.3940749168395996
Sample 20,TimesFM,0.5796440243721008
Sample 20,Timer,0.4203559458255768
Sample 21,Time-MoE,0.6965821385383606
Sample 21,Timer,0.303417831659317
Sample 22,Time-MoE,0.8999771475791931
Sample 22,Moirai,0.1000228300690651
Sample 23,Moirai,0.5464590191841125
Sample 23,Time-MoE,0.45354095101356506
Sample 24,Moirai,0.5678368806838989
Sample 24,TimesFM,0.4321630597114563
Sample 25,Chronos,0.6114425659179688
Sample 25,Timer,0.38855743408203125
Sample 26,Time-MoE,0.6582132577896118
Sample 26,Moirai,0.34178680181503296
Sample 27,Timer,0.6030333042144775
Sample 27,Chronos,0.3969666659832001
Sample 28,TimesFM,0.5293304920196533
Sample 28,Moirai,0.4706695079803467
Sample 29,Timer,0.7016080617904663
Sample 29,Time-MoE,0.2983919084072113
Sample 30,Time-MoE,0.7731709480285645
Sample 30,Chronos,0.22682899236679077
Sample 31,Moirai,0.5429913401603699
Sample 31,TimesFM,0.45700863003730774
Sample 0,Moirai,0.9165956377983093
Sample 0,Timer,0.08340442925691605
Sample 1,Chronos,0.6043140292167664
Sample 1,Timer,0.39568597078323364
Sample 2,Chronos,0.5210902094841003
Sample 2,Timer,0.47890982031822205
Sample 3,Timer,0.6099597215652466
Sample 3,Chronos,0.39004021883010864
Sample 4,TimesFM,0.7273183465003967
Sample 4,Chronos,0.27268165349960327
Sample 5,Chronos,0.5536617040634155
Sample 5,Time-MoE,0.4463382661342621
Sample 6,Time-MoE,0.7067810893058777
Sample 6,Chronos,0.2932189702987671
Sample 7,Time-MoE,0.5464716553688049
Sample 7,Moirai,0.45352834463119507
Sample 8,Moirai,0.7540299892425537
Sample 8,TimesFM,0.2459699958562851
Sample 9,Chronos,0.5793363451957703
Sample 9,Timer,0.42066365480422974
Sample 10,Time-MoE,0.566312849521637
Sample 10,Moirai,0.43368712067604065
Sample 11,Timer,0.6437422633171082
Sample 11,TimesFM,0.35625776648521423
Sample 12,TimesFM,0.7453773617744446
Sample 12,Chronos,0.2546226978302002
Sample 13,Timer,0.8358741998672485
Sample 13,TimesFM,0.16412577033042908
Sample 14,Time-MoE,0.8768230080604553
Sample 14,Moirai,0.12317702174186707
Sample 15,Chronos,0.5447295904159546
Sample 15,Time-MoE,0.455270379781723
Sample 16,Timer,0.637057363986969
Sample 16,Moirai,0.3629426956176758
Sample 17,Chronos,0.5685908794403076
Sample 17,Time-MoE,0.43140915036201477
Sample 18,Time-MoE,0.9098044633865356
Sample 18,Moirai,0.09019551426172256
Sample 19,Timer,0.694638192653656
Sample 19,Chronos,0.3053617775440216
Sample 20,TimesFM,0.6939657330513
Sample 20,Timer,0.3060342073440552
Sample 21,Timer,0.702847957611084
Sample 21,Chronos,0.29715201258659363
Sample 22,Time-MoE,0.8011775612831116
Sample 22,Chronos,0.19882243871688843
Sample 23,Moirai,0.5261181592941284
Sample 23,Time-MoE,0.47388187050819397
Sample 24,Moirai,0.9311316609382629
Sample 24,TimesFM,0.06886834651231766
Sample 25,Chronos,0.582796573638916
Sample 25,Timer,0.417203426361084
Sample 26,TimesFM,0.5872209072113037
Sample 26,Time-MoE,0.4127791225910187
Sample 27,Timer,0.6657273769378662
Sample 27,Chronos,0.3342726528644562
Sample 28,TimesFM,0.536696195602417
Sample 28,Moirai,0.463303804397583
Sample 29,Chronos,0.5362021923065186
Sample 29,Moirai,0.46379777789115906
Sample 30,Time-MoE,0.9006723165512085
Sample 30,Chronos,0.09932766109704971
Sample 31,Moirai,0.5358278155326843
Sample 31,Time-MoE,0.46417221426963806
Sample 0,Moirai,0.9103037118911743
Sample 0,TimesFM,0.0896962434053421
Sample 1,Chronos,0.6280381679534912
Sample 1,Timer,0.371961772441864
Sample 2,TimesFM,0.8374427556991577
Sample 2,Moirai,0.16255725920200348
Sample 3,Timer,0.5425182580947876
Sample 3,Chronos,0.4574818015098572
Sample 4,TimesFM,0.5427908301353455
Sample 4,Timer,0.45720911026000977
Sample 5,Chronos,0.5084423422813416
Sample 5,Time-MoE,0.49155768752098083
Sample 6,Time-MoE,0.8128423690795898
Sample 6,Chronos,0.18715761601924896
Sample 7,Moirai,0.5793777108192444
Sample 7,TimesFM,0.4206222593784332
Sample 8,Moirai,0.7179877161979675
Sample 8,TimesFM,0.28201231360435486
Sample 9,Chronos,0.5144298076629639
Sample 9,Timer,0.4855702519416809
Sample 10,TimesFM,0.8298479914665222
Sample 10,Moirai,0.17015200853347778
Sample 11,Timer,0.5457891821861267
Sample 11,Chronos,0.4542108178138733
Sample 12,Timer,0.6023480296134949
Sample 12,TimesFM,0.3976520001888275
Sample 13,Timer,0.8335647583007812
Sample 13,TimesFM,0.16643527150154114
Sample 14,Moirai,0.8119701147079468
Sample 14,Time-MoE,0.18802987039089203
Sample 15,Time-MoE,0.6105859279632568
Sample 15,Moirai,0.38941407203674316
Sample 16,Moirai,0.7277323007583618
Sample 16,TimesFM,0.2722676694393158
Sample 17,Chronos,0.5129839777946472
Sample 17,Timer,0.48701608180999756
Sample 18,TimesFM,0.5809654593467712
Sample 18,Time-MoE,0.41903451085090637
Sample 19,Chronos,0.5121516585350037
Sample 19,Timer,0.48784834146499634
Sample 20,Time-MoE,0.5546981692314148
Sample 20,Chronos,0.44530189037323
Sample 21,Timer,0.6953754425048828
Sample 21,Chronos,0.3046245872974396
Sample 22,Time-MoE,0.9314722418785095
Sample 22,TimesFM,0.0685277208685875
Sample 23,Moirai,0.574975848197937
Sample 23,TimesFM,0.4250241816043854
Sample 24,Moirai,0.798648476600647
Sample 24,Timer,0.20135152339935303
Sample 25,Chronos,0.5257244110107422
Sample 25,Timer,0.4742755591869354
Sample 26,Time-MoE,0.7025081515312195
Sample 26,TimesFM,0.2974918484687805
Sample 27,Chronos,0.5427917242050171
Sample 27,Timer,0.4572082757949829
Sample 28,Moirai,0.7514153122901917
Sample 28,TimesFM,0.24858468770980835
Sample 29,Time-MoE,0.6775854229927063
Sample 29,Timer,0.3224145770072937
Sample 30,Time-MoE,0.7531529664993286
Sample 30,TimesFM,0.2468470335006714
Sample 31,Time-MoE,0.5433322787284851
Sample 31,Timer,0.4566676914691925
Sample 0,Timer,0.6063331961631775
Sample 0,Chronos,0.3936668336391449
Sample 1,Chronos,0.6407528519630432
Sample 1,Time-MoE,0.35924720764160156
Sample 2,Time-MoE,0.7998160123825073
Sample 2,Moirai,0.20018397271633148
Sample 3,Timer,0.6895355582237244
Sample 3,Chronos,0.31046441197395325
Sample 4,TimesFM,0.7727524638175964
Sample 4,Timer,0.22724750638008118
Sample 5,Timer,0.6599846482276917
Sample 5,Chronos,0.34001532196998596
Sample 6,Timer,0.8206418752670288
Sample 6,Chronos,0.1793581247329712
Sample 7,Moirai,0.5046553015708923
Sample 7,Time-MoE,0.4953446388244629
Sample 8,Moirai,0.8548650741577148
Sample 8,TimesFM,0.14513498544692993
Sample 9,Chronos,0.5821018815040588
Sample 9,Timer,0.41789811849594116
Sample 10,Time-MoE,0.8074072599411011
Sample 10,Moirai,0.19259274005889893
Sample 11,Timer,0.5328339338302612
Sample 11,Chronos,0.46716606616973877
Sample 12,TimesFM,0.78130704164505
Sample 12,Chronos,0.21869291365146637
Sample 13,Timer,0.5037261247634888
Sample 13,Chronos,0.49627387523651123
Sample 14,Time-MoE,0.741355836391449
Sample 14,Chronos,0.258644163608551
Sample 15,Moirai,0.641921877861023
Sample 15,TimesFM,0.35807809233665466
Sample 0,Moirai,0.9373408555984497
Sample 0,TimesFM,0.06265921890735626
Sample 1,Chronos,0.6353614330291748
Sample 1,Timer,0.3646385669708252
Sample 2,Timer,0.5630542635917664
Sample 2,TimesFM,0.43694567680358887
Sample 3,Timer,0.590421736240387
Sample 3,Chronos,0.40957823395729065
Sample 4,TimesFM,0.7744985818862915
Sample 4,Chronos,0.22550137341022491
Sample 5,Chronos,0.5279182195663452
Sample 5,Timer,0.4720817506313324
Sample 6,Time-MoE,0.8712035417556763
Sample 6,Timer,0.1287965178489685
Sample 7,Moirai,0.6173349618911743
Sample 7,TimesFM,0.3826650381088257
Sample 8,Moirai,0.919977605342865
Sample 8,TimesFM,0.08002238720655441
Sample 9,Chronos,0.6336319446563721
Sample 9,Timer,0.3663680851459503
Sample 10,Time-MoE,0.7875315546989441
Sample 10,Moirai,0.2124684602022171
Sample 11,Timer,0.6689220666885376
Sample 11,Chronos,0.3310779631137848
Sample 12,TimesFM,0.6987054944038391
Sample 12,Moirai,0.3012945055961609
Sample 13,Timer,0.592814564704895
Sample 13,Chronos,0.4071854054927826
Sample 14,Time-MoE,0.9093723297119141
Sample 14,Moirai,0.09062767773866653
Sample 15,Moirai,0.576410710811615
Sample 15,TimesFM,0.42358922958374023
Sample 16,Moirai,0.7820616364479065
Sample 16,TimesFM,0.2179383635520935
Sample 17,Chronos,0.5368356108665466
Sample 17,Timer,0.46316441893577576
Sample 18,TimesFM,0.783126175403595
Sample 18,Timer,0.21687382459640503
Sample 19,Timer,0.5299846529960632
Sample 19,Chronos,0.470015287399292
Sample 20,Moirai,0.7523616552352905
Sample 20,Time-MoE,0.24763832986354828
Sample 21,Timer,0.796956479549408
Sample 21,TimesFM,0.20304346084594727
Sample 22,Time-MoE,0.6544846296310425
Sample 22,Chronos,0.3455153703689575
Sample 23,TimesFM,0.6790599226951599
Sample 23,Timer,0.3209400773048401
Sample 24,Moirai,0.7505723834037781
Sample 24,TimesFM,0.24942763149738312
Sample 25,Chronos,0.5664186477661133
Sample 25,Timer,0.4335813820362091
Sample 26,Time-MoE,0.5810551047325134
Sample 26,Timer,0.4189448654651642
Sample 27,TimesFM,0.5697495341300964
Sample 27,Moirai,0.43025046586990356
Sample 28,TimesFM,0.8589934706687927
Sample 28,Timer,0.1410064995288849
Sample 29,Timer,0.7162353992462158
Sample 29,Time-MoE,0.28376463055610657
Sample 30,Time-MoE,0.7862028479576111
Sample 30,Moirai,0.21379713714122772
Sample 31,Moirai,0.552560567855835
Sample 31,Time-MoE,0.44743937253952026
Sample 0,Timer,0.5572343468666077
Sample 0,Moirai,0.44276562333106995
Sample 1,Chronos,0.6581118702888489
Sample 1,Timer,0.3418881297111511
Sample 2,Moirai,0.5756311416625977
Sample 2,TimesFM,0.4243689179420471
Sample 3,Timer,0.5586186051368713
Sample 3,Chronos,0.44138142466545105
Sample 4,Time-MoE,0.5922926068305969
Sample 4,Timer,0.4077073633670807
Sample 5,Timer,0.5254184007644653
Sample 5,Chronos,0.47458159923553467
Sample 6,Time-MoE,0.8000079393386841
Sample 6,Chronos,0.19999203085899353
Sample 7,Moirai,0.5899551510810852
Sample 7,TimesFM,0.4100448787212372
Sample 8,Moirai,0.7642247080802917
Sample 8,TimesFM,0.23577527701854706
Sample 9,Chronos,0.574486255645752
Sample 9,Timer,0.42551374435424805
Sample 10,Chronos,0.8378362059593201
Sample 10,Moirai,0.16216380894184113
Sample 11,Timer,0.6371821165084839
Sample 11,Time-MoE,0.3628178536891937
Sample 12,TimesFM,0.9408111572265625
Sample 12,Time-MoE,0.059188831597566605
Sample 13,Timer,0.6620549559593201
Sample 13,Chronos,0.3379450738430023
Sample 14,Time-MoE,0.5916327238082886
Sample 14,Timer,0.40836724638938904
Sample 15,Time-MoE,0.5385079979896545
Sample 15,Moirai,0.46149200201034546
Sample 16,Moirai,0.8910611867904663
Sample 16,TimesFM,0.10893874615430832
Sample 17,Chronos,0.5829007625579834
Sample 17,Timer,0.4170991778373718
Sample 18,Time-MoE,0.7756174206733704
Sample 18,Moirai,0.22438260912895203
Sample 19,Timer,0.5363047122955322
Sample 19,Chronos,0.4636952877044678
Sample 20,TimesFM,0.7253857851028442
Sample 20,Chronos,0.274614155292511
Sample 21,Timer,0.5812075138092041
Sample 21,Chronos,0.4187924861907959
Sample 22,Time-MoE,0.896640419960022
Sample 22,Moirai,0.10335955768823624
Sample 23,TimesFM,0.6262293457984924
Sample 23,Moirai,0.37377068400382996
Sample 24,Moirai,0.6443051099777222
Sample 24,Chronos,0.3556949198246002
Sample 25,Chronos,0.6275109648704529
Sample 25,Timer,0.3724890351295471
Sample 26,Time-MoE,0.8238269686698914
Sample 26,Chronos,0.17617303133010864
Sample 27,Timer,0.760362446308136
Sample 27,TimesFM,0.239637553691864
Sample 28,Timer,0.5173475742340088
Sample 28,TimesFM,0.4826523959636688
Sample 29,Timer,0.7189199328422546
Sample 29,Chronos,0.281080037355423
Sample 30,Time-MoE,0.7903287410736084
Sample 30,Chronos,0.2096712589263916
Sample 31,TimesFM,0.5135376453399658
Sample 31,Moirai,0.4864623546600342
Sample 0,Moirai,0.7605101466178894
Sample 0,Time-MoE,0.2394898235797882
Sample 1,Timer,0.5116864442825317
Sample 1,Chronos,0.4883135259151459
Sample 2,Timer,0.9434342384338379
Sample 2,Moirai,0.05656571686267853
Sample 3,Chronos,0.5123990774154663
Sample 3,Timer,0.4876009523868561
Sample 4,Moirai,0.534342885017395
Sample 4,TimesFM,0.46565717458724976
Sample 5,Time-MoE,0.6620931625366211
Sample 5,TimesFM,0.3379068672657013
Sample 6,Time-MoE,0.8225210905075073
Sample 6,TimesFM,0.17747895419597626
Sample 7,Moirai,0.5481365919113159
Sample 7,Time-MoE,0.4518634080886841
Sample 8,Moirai,0.7704243063926697
Sample 8,TimesFM,0.22957563400268555
Sample 9,Chronos,0.607927143573761
Sample 9,Timer,0.3920728266239166
Sample 10,Chronos,0.672576904296875
Sample 10,Moirai,0.3274231255054474
Sample 11,Timer,0.7364916801452637
Sample 11,TimesFM,0.26350831985473633
Sample 12,TimesFM,0.658922016620636
Sample 12,Timer,0.3410780131816864
Sample 13,Timer,0.643730878829956
Sample 13,Chronos,0.35626915097236633
Sample 14,Time-MoE,0.6328426003456116
Sample 14,Chronos,0.3671574592590332
Sample 15,Time-MoE,0.50456702709198
Sample 15,TimesFM,0.4954330027103424
Sample 16,Timer,0.5209998488426208
Sample 16,Chronos,0.47900015115737915
Sample 17,Chronos,0.6099578142166138
Sample 17,Timer,0.390042245388031
Sample 18,Chronos,0.5305561423301697
Sample 18,Time-MoE,0.4694438576698303
Sample 19,Moirai,0.5027214288711548
Sample 19,Time-MoE,0.4972786009311676
Sample 20,TimesFM,0.529414713382721
Sample 20,Timer,0.47058528661727905
Sample 21,Timer,0.7798932790756226
Sample 21,Chronos,0.22010672092437744
Sample 22,Time-MoE,0.8882299661636353
Sample 22,Moirai,0.11177003383636475
Sample 23,Time-MoE,0.7057341933250427
Sample 23,Timer,0.2942658066749573
Sample 24,Moirai,0.6505616903305054
Sample 24,TimesFM,0.34943830966949463
Sample 25,Chronos,0.638626217842102
Sample 25,Timer,0.36137375235557556
Sample 26,Moirai,0.7885611653327942
Sample 26,Chronos,0.2114388793706894
Sample 27,Timer,0.6096161007881165
Sample 27,TimesFM,0.39038383960723877
Sample 28,TimesFM,0.6910009384155273
Sample 28,Timer,0.30899909138679504
Sample 29,Timer,0.6820203065872192
Sample 29,Chronos,0.31797972321510315
Sample 30,Time-MoE,0.7422254681587219
Sample 30,Chronos,0.2577745020389557
Sample 31,TimesFM,0.579159140586853
Sample 31,Moirai,0.4208408296108246
Sample 0,Moirai,0.7080070972442627
Sample 0,TimesFM,0.2919929325580597
Sample 1,Timer,0.5275485515594482
Sample 1,Chronos,0.47245144844055176
Sample 2,Timer,0.6186126470565796
Sample 2,Time-MoE,0.3813873827457428
Sample 3,Timer,0.6535197496414185
Sample 3,Chronos,0.34648028016090393
Sample 4,Chronos,0.8072318434715271
Sample 4,Time-MoE,0.1927681863307953
Sample 5,Timer,0.8653743863105774
Sample 5,TimesFM,0.1346256136894226
Sample 6,Moirai,0.8518722057342529
Sample 6,Time-MoE,0.14812780916690826
Sample 7,Time-MoE,0.5507529377937317
Sample 7,Moirai,0.4492470324039459
Sample 8,Moirai,0.8920782804489136
Sample 8,TimesFM,0.10792175680398941
Sample 9,Chronos,0.6738263368606567
Sample 9,Timer,0.32617369294166565
Sample 10,Timer,0.5668912529945374
Sample 10,TimesFM,0.43310874700546265
Sample 11,Timer,0.6442322134971619
Sample 11,Chronos,0.3557678163051605
Sample 12,TimesFM,0.6572914719581604
Sample 12,Moirai,0.3427085280418396
Sample 13,Chronos,0.5527706146240234
Sample 13,Time-MoE,0.44722938537597656
Sample 14,Time-MoE,0.8944599628448486
Sample 14,Chronos,0.10554004460573196
Sample 15,TimesFM,0.755641520023346
Sample 15,Moirai,0.24435843527317047
Sample 16,Moirai,0.81349116563797
Sample 16,TimesFM,0.18650883436203003
Sample 17,Chronos,0.7821354866027832
Sample 17,Time-MoE,0.2178644984960556
Sample 18,Time-MoE,0.7035244703292847
Sample 18,Moirai,0.29647552967071533
Sample 19,Timer,0.5891134738922119
Sample 19,TimesFM,0.4108865559101105
Sample 20,TimesFM,0.5692960619926453
Sample 20,Timer,0.43070390820503235
Sample 21,Time-MoE,0.7229450345039368
Sample 21,Chronos,0.27705496549606323
Sample 22,Time-MoE,0.9020994305610657
Sample 22,Moirai,0.0979006215929985
Sample 23,Moirai,0.5421475768089294
Sample 23,Time-MoE,0.45785239338874817
Sample 24,Moirai,0.549575924873352
Sample 24,TimesFM,0.45042404532432556
Sample 25,Chronos,0.6583929061889648
Sample 25,Timer,0.3416070342063904
Sample 26,Time-MoE,0.6564462780952454
Sample 26,Moirai,0.34355372190475464
Sample 27,Timer,0.5648892521858215
Sample 27,Chronos,0.43511074781417847
Sample 28,TimesFM,0.5425649881362915
Sample 28,Moirai,0.4574350118637085
Sample 29,Timer,0.6834287643432617
Sample 29,Time-MoE,0.3165712356567383
Sample 30,Time-MoE,0.7835527062416077
Sample 30,Chronos,0.21644726395606995
Sample 31,Moirai,0.5220032334327698
Sample 31,TimesFM,0.47799670696258545
Sample 0,Moirai,0.9307580590248108
Sample 0,TimesFM,0.06924190372228622
Sample 1,Chronos,0.6672635674476624
Sample 1,Timer,0.33273646235466003
Sample 2,Chronos,0.5228724479675293
Sample 2,Timer,0.4771275222301483
Sample 3,Timer,0.553691565990448
Sample 3,Chronos,0.4463084638118744
Sample 4,TimesFM,0.7446990609169006
Sample 4,Chronos,0.25530096888542175
Sample 5,Chronos,0.544367253780365
Sample 5,Time-MoE,0.4556327760219574
Sample 6,Time-MoE,0.7241072654724121
Sample 6,Chronos,0.2758927345275879
Sample 7,Time-MoE,0.540048360824585
Sample 7,Moirai,0.45995160937309265
Sample 8,Moirai,0.7567614316940308
Sample 8,TimesFM,0.24323859810829163
Sample 9,Chronos,0.6452118158340454
Sample 9,Timer,0.3547881245613098
Sample 10,Time-MoE,0.581676721572876
Sample 10,Moirai,0.41832321882247925
Sample 11,Timer,0.6035927534103394
Sample 11,TimesFM,0.39640721678733826
Sample 12,TimesFM,0.766984224319458
Sample 12,Chronos,0.2330157458782196
Sample 13,Timer,0.820412814617157
Sample 13,TimesFM,0.17958712577819824
Sample 14,Time-MoE,0.8805014491081238
Sample 14,Moirai,0.11949852108955383
Sample 15,Chronos,0.559482216835022
Sample 15,Time-MoE,0.44051772356033325
Sample 16,Timer,0.5886362195014954
Sample 16,Moirai,0.411363810300827
Sample 17,Chronos,0.5606744289398193
Sample 17,Time-MoE,0.43932560086250305
Sample 18,Time-MoE,0.9212497472763062
Sample 18,Moirai,0.07875026017427444
Sample 19,Timer,0.6726948022842407
Sample 19,Chronos,0.3273051679134369
Sample 20,TimesFM,0.6682188510894775
Sample 20,Timer,0.33178120851516724
Sample 21,Timer,0.666684627532959
Sample 21,Chronos,0.3333154022693634
Sample 22,Time-MoE,0.8166347146034241
Sample 22,Chronos,0.18336527049541473
Sample 23,Moirai,0.5374326705932617
Sample 23,Time-MoE,0.4625672996044159
Sample 24,Moirai,0.9346210360527039
Sample 24,TimesFM,0.06537895649671555
Sample 25,Chronos,0.6483761072158813
Sample 25,Timer,0.35162389278411865
Sample 26,TimesFM,0.5867677927017212
Sample 26,Time-MoE,0.4132322371006012
Sample 27,Timer,0.6182350516319275
Sample 27,Chronos,0.38176488876342773
Sample 28,TimesFM,0.5563637614250183
Sample 28,Moirai,0.4436362683773041
Sample 29,Chronos,0.5422106385231018
Sample 29,Moirai,0.4577893316745758
Sample 30,Time-MoE,0.909511148929596
Sample 30,Chronos,0.09048878401517868
Sample 31,Moirai,0.5426144003868103
Sample 31,Time-MoE,0.4573855996131897
Sample 0,Moirai,0.9123210906982422
Sample 0,TimesFM,0.0876789465546608
Sample 1,Chronos,0.697870671749115
Sample 1,Timer,0.302129328250885
Sample 2,TimesFM,0.8403032422065735
Sample 2,Moirai,0.1596967875957489
Sample 3,Chronos,0.5231163501739502
Sample 3,Timer,0.4768836796283722
Sample 4,TimesFM,0.5235491394996643
Sample 4,Timer,0.4764508306980133
Sample 5,Time-MoE,0.502713143825531
Sample 5,Chronos,0.49728691577911377
Sample 6,Time-MoE,0.8257942795753479
Sample 6,Chronos,0.1742057353258133
Sample 7,Moirai,0.5911576747894287
Sample 7,TimesFM,0.4088423550128937
Sample 8,Moirai,0.7055952548980713
Sample 8,TimesFM,0.2944047749042511
Sample 9,Chronos,0.585302472114563
Sample 9,Timer,0.414697527885437
Sample 10,TimesFM,0.835641086101532
Sample 10,Moirai,0.16435891389846802
Sample 11,Chronos,0.522253155708313
Sample 11,Timer,0.4777468144893646
Sample 12,Timer,0.6058362722396851
Sample 12,TimesFM,0.39416375756263733
Sample 13,Timer,0.8342956304550171
Sample 13,TimesFM,0.1657044142484665
Sample 14,Moirai,0.8214885592460632
Sample 14,Time-MoE,0.17851147055625916
Sample 15,Time-MoE,0.6085429191589355
Sample 15,Moirai,0.39145714044570923
Sample 16,Moirai,0.7237783670425415
Sample 16,TimesFM,0.2762216031551361
Sample 17,Chronos,0.5844225287437439
Sample 17,Timer,0.4155774712562561
Sample 18,TimesFM,0.5850368738174438
Sample 18,Time-MoE,0.41496312618255615
Sample 19,Chronos,0.5827202200889587
Sample 19,Timer,0.41727977991104126
Sample 20,Time-MoE,0.5633956789970398
Sample 20,Chronos,0.4366043508052826
Sample 21,Timer,0.6483119130134583
Sample 21,Chronos,0.35168805718421936
Sample 22,Time-MoE,0.9380609393119812
Sample 22,TimesFM,0.06193910911679268
Sample 23,Moirai,0.5809372663497925
Sample 23,TimesFM,0.4190627336502075
Sample 24,Moirai,0.8150105476379395
Sample 24,TimesFM,0.18498940765857697
Sample 25,Chronos,0.596332311630249
Sample 25,Timer,0.40366771817207336
Sample 26,Time-MoE,0.7177635431289673
Sample 26,TimesFM,0.2822364568710327
Sample 27,Chronos,0.5762822031974792
Sample 27,Time-MoE,0.42371782660484314
Sample 28,Moirai,0.767714262008667
Sample 28,TimesFM,0.232285737991333
Sample 29,Time-MoE,0.7220665812492371
Sample 29,Chronos,0.27793338894844055
Sample 30,Time-MoE,0.7470501065254211
Sample 30,TimesFM,0.25294992327690125
Sample 31,Timer,0.5239193439483643
Sample 31,Time-MoE,0.47608065605163574
Sample 0,Timer,0.5456604361534119
Sample 0,Chronos,0.4543395936489105
Sample 1,Chronos,0.6312529444694519
Sample 1,Time-MoE,0.3687470257282257
Sample 2,Time-MoE,0.8264369964599609
Sample 2,Moirai,0.17356298863887787
Sample 3,Timer,0.6380341053009033
Sample 3,Chronos,0.36196595430374146
Sample 4,TimesFM,0.763202965259552
Sample 4,Timer,0.2367970198392868
Sample 5,Timer,0.6094338297843933
Sample 5,Chronos,0.3905662000179291
Sample 6,Timer,0.7896860837936401
Sample 6,Time-MoE,0.21031387150287628
Sample 7,Moirai,0.5350406169891357
Sample 7,Time-MoE,0.4649593234062195
Sample 8,Moirai,0.8472265005111694
Sample 8,TimesFM,0.15277349948883057
Sample 9,Chronos,0.6556359529495239
Sample 9,Timer,0.34436407685279846
Sample 10,Time-MoE,0.8123354315757751
Sample 10,Moirai,0.18766458332538605
Sample 11,Chronos,0.5410184264183044
Sample 11,Timer,0.4589815139770508
Sample 12,TimesFM,0.798365592956543
Sample 12,Chronos,0.20163436233997345
Sample 13,Chronos,0.5616738796234131
Sample 13,Timer,0.4383261799812317
Sample 14,Time-MoE,0.7563347220420837
Sample 14,Chronos,0.24366527795791626
Sample 15,Moirai,0.6458455920219421
Sample 15,TimesFM,0.35415446758270264
Sample 0,Moirai,0.9365653395652771
Sample 0,TimesFM,0.0634346678853035
Sample 1,Chronos,0.7107011675834656
Sample 1,Timer,0.28929877281188965
Sample 2,Timer,0.5839685201644897
Sample 2,TimesFM,0.41603147983551025
Sample 3,Timer,0.521973729133606
Sample 3,Chronos,0.47802627086639404
Sample 4,TimesFM,0.7838345170021057
Sample 4,Chronos,0.2161654829978943
Sample 5,Chronos,0.569543182849884
Sample 5,Time-MoE,0.4304567873477936
Sample 6,Time-MoE,0.9034978747367859
Sample 6,Timer,0.09650217741727829
Sample 7,Moirai,0.627851665019989
Sample 7,TimesFM,0.3721483647823334
Sample 8,Moirai,0.9189777374267578
Sample 8,TimesFM,0.081022247672081
Sample 9,Chronos,0.7092602252960205
Sample 9,Timer,0.2907398045063019
Sample 10,Time-MoE,0.8055415153503418
Sample 10,Moirai,0.19445845484733582
Sample 11,Timer,0.6129712462425232
Sample 11,Chronos,0.3870287537574768
Sample 12,TimesFM,0.7142626643180847
Sample 12,Moirai,0.2857373058795929
Sample 13,Timer,0.5289771556854248
Sample 13,Chronos,0.4710228145122528
Sample 14,Time-MoE,0.9167026877403259
Sample 14,Chronos,0.08329733461141586
Sample 15,Moirai,0.5865050554275513
Sample 15,TimesFM,0.41349491477012634
Sample 16,Moirai,0.7862403392791748
Sample 16,TimesFM,0.213759645819664
Sample 17,Chronos,0.6133957505226135
Sample 17,Timer,0.3866042196750641
Sample 18,TimesFM,0.7594289779663086
Sample 18,Timer,0.24057097733020782
Sample 19,Chronos,0.5457415580749512
Sample 19,Timer,0.45425844192504883
Sample 20,Moirai,0.752426028251648
Sample 20,Time-MoE,0.24757403135299683
Sample 21,Timer,0.7780628204345703
Sample 21,Chronos,0.2219371348619461
Sample 22,Time-MoE,0.6695970892906189
Sample 22,Chronos,0.3304029107093811
Sample 23,TimesFM,0.677731990814209
Sample 23,Timer,0.322268009185791
Sample 24,Moirai,0.7541449666023254
Sample 24,TimesFM,0.24585497379302979
Sample 25,Chronos,0.6453235149383545
Sample 25,Timer,0.3546764850616455
Sample 26,Time-MoE,0.6271740198135376
Sample 26,Chronos,0.3728259801864624
Sample 27,TimesFM,0.6178292632102966
Sample 27,Timer,0.38217076659202576
Sample 28,TimesFM,0.8436634540557861
Sample 28,Timer,0.15633656084537506
Sample 29,Timer,0.6547124981880188
Sample 29,Time-MoE,0.3452875018119812
Sample 30,Time-MoE,0.8185515403747559
Sample 30,Moirai,0.18144848942756653
Sample 31,Moirai,0.5747269988059998
Sample 31,Time-MoE,0.42527300119400024
Sample 0,Timer,0.5534109473228455
Sample 0,Moirai,0.44658902287483215
Sample 1,Chronos,0.656429648399353
Sample 1,Time-MoE,0.3435702919960022
Sample 2,Moirai,0.5866943001747131
Sample 2,TimesFM,0.41330569982528687
Sample 3,Chronos,0.5210989117622375
Sample 3,Timer,0.47890108823776245
Sample 4,Time-MoE,0.5876871943473816
Sample 4,Timer,0.4123128652572632
Sample 5,Chronos,0.5471586585044861
Sample 5,Timer,0.45284131169319153
Sample 6,Time-MoE,0.8209283351898193
Sample 6,Chronos,0.17907166481018066
Sample 7,Moirai,0.6068363785743713
Sample 7,TimesFM,0.39316362142562866
Sample 8,Moirai,0.7435265779495239
Sample 8,TimesFM,0.25647348165512085
Sample 9,Chronos,0.6552391648292542
Sample 9,Timer,0.34476080536842346
Sample 10,Chronos,0.8521569967269897
Sample 10,Time-MoE,0.14784304797649384
Sample 11,Timer,0.6131213307380676
Sample 11,Time-MoE,0.38687869906425476
Sample 12,TimesFM,0.9427444338798523
Sample 12,Time-MoE,0.05725554749369621
Sample 13,Timer,0.6001931428909302
Sample 13,Chronos,0.3998068869113922
Sample 14,Time-MoE,0.6551900506019592
Sample 14,Timer,0.344809889793396
Sample 15,Time-MoE,0.5292800068855286
Sample 15,Moirai,0.47071999311447144
Sample 16,Moirai,0.8922300934791565
Sample 16,TimesFM,0.10776986926794052
Sample 17,Chronos,0.661660373210907
Sample 17,Timer,0.33833959698677063
Sample 18,Time-MoE,0.7805092930793762
Sample 18,Timer,0.2194906771183014
Sample 19,Chronos,0.5443485379219055
Sample 19,Timer,0.4556514620780945
Sample 20,TimesFM,0.7047903537750244
Sample 20,Time-MoE,0.295209676027298
Sample 21,Timer,0.5108746886253357
Sample 21,Chronos,0.4891253411769867
Sample 22,Time-MoE,0.9237692356109619
Sample 22,Moirai,0.07623080909252167
Sample 23,TimesFM,0.5989267230033875
Sample 23,Moirai,0.4010733366012573
Sample 24,Moirai,0.5910970568656921
Sample 24,Chronos,0.4089029133319855
Sample 25,Chronos,0.6967633962631226
Sample 25,Time-MoE,0.30323663353919983
Sample 26,Time-MoE,0.8345751762390137
Sample 26,Chronos,0.16542483866214752
Sample 27,Timer,0.7271769642829895
Sample 27,TimesFM,0.2728230059146881
Sample 28,Timer,0.5396952033042908
Sample 28,TimesFM,0.46030473709106445
Sample 29,Timer,0.662438154220581
Sample 29,Chronos,0.33756181597709656
Sample 30,Time-MoE,0.8068467378616333
Sample 30,Chronos,0.1931532472372055
Sample 31,Moirai,0.5083345770835876
Sample 31,TimesFM,0.49166542291641235
Sample 0,Moirai,0.7688118815422058
Sample 0,Time-MoE,0.2311881184577942
Sample 1,Chronos,0.567306637763977
Sample 1,Timer,0.4326933026313782
Sample 2,Timer,0.9418913722038269
Sample 2,Time-MoE,0.058108650147914886
Sample 3,Chronos,0.5941556692123413
Sample 3,Timer,0.40584439039230347
Sample 4,Moirai,0.5156810283660889
Sample 4,TimesFM,0.48431897163391113
Sample 5,Time-MoE,0.6804730892181396
Sample 5,TimesFM,0.31952694058418274
Sample 6,Time-MoE,0.8442407250404358
Sample 6,Chronos,0.1557592749595642
Sample 7,Moirai,0.5603616237640381
Sample 7,Time-MoE,0.4396383762359619
Sample 8,Moirai,0.7863414287567139
Sample 8,TimesFM,0.21365852653980255
Sample 9,Chronos,0.6889691352844238
Sample 9,Timer,0.3110308349132538
Sample 10,Chronos,0.6930033564567566
Sample 10,Time-MoE,0.3069966435432434
Sample 11,Timer,0.7021583318710327
Sample 11,TimesFM,0.29784172773361206
Sample 12,TimesFM,0.6216844320297241
Sample 12,Timer,0.3783155679702759
Sample 13,Timer,0.5735059380531311
Sample 13,Chronos,0.4264940321445465
Sample 14,Time-MoE,0.6505584716796875
Sample 14,Chronos,0.3494415283203125
Sample 15,Moirai,0.5213736891746521
Sample 15,TimesFM,0.4786263108253479
Sample 16,Chronos,0.54498690366745
Sample 16,Timer,0.45501312613487244
Sample 17,Chronos,0.6272451281547546
Sample 17,Time-MoE,0.372754842042923
Sample 18,Chronos,0.5359976291656494
Sample 18,Time-MoE,0.4640023708343506
Sample 19,Time-MoE,0.5490663051605225
Sample 19,Moirai,0.45093363523483276
Sample 20,TimesFM,0.51651930809021
Sample 20,Timer,0.4834807515144348
Sample 21,Timer,0.7397431135177612
Sample 21,Chronos,0.26025688648223877
Sample 22,Time-MoE,0.9204053282737732
Sample 22,Chronos,0.07959465682506561
Sample 23,Time-MoE,0.6948917508125305
Sample 23,Timer,0.30510827898979187
Sample 24,Moirai,0.6642806529998779
Sample 24,TimesFM,0.33571937680244446
Sample 25,Chronos,0.7189735770225525
Sample 25,Timer,0.28102636337280273
Sample 26,Moirai,0.7739328742027283
Sample 26,Chronos,0.22606714069843292
Sample 27,Timer,0.5720432996749878
Sample 27,TimesFM,0.4279567301273346
Sample 28,TimesFM,0.6548685431480408
Sample 28,Timer,0.3451314866542816
Sample 29,Timer,0.6232178807258606
Sample 29,Chronos,0.3767821192741394
Sample 30,Time-MoE,0.754299521446228
Sample 30,Chronos,0.24570049345493317
Sample 31,TimesFM,0.5504173636436462
Sample 31,Moirai,0.44958269596099854
Sample 0,Moirai,0.7102275490760803
Sample 0,TimesFM,0.2897724509239197
Sample 1,Chronos,0.546454131603241
Sample 1,Timer,0.45354586839675903
Sample 2,Timer,0.6378169655799866
Sample 2,Time-MoE,0.3621830940246582
Sample 3,Timer,0.5896472930908203
Sample 3,Chronos,0.4103527367115021
Sample 4,Chronos,0.8119839429855347
Sample 4,Time-MoE,0.18801601231098175
Sample 5,Timer,0.8632065057754517
Sample 5,TimesFM,0.13679346442222595
Sample 6,Moirai,0.851168692111969
Sample 6,Time-MoE,0.14883126318454742
Sample 7,Time-MoE,0.5494445562362671
Sample 7,Moirai,0.4505554437637329
Sample 8,Moirai,0.8915216326713562
Sample 8,TimesFM,0.10847830772399902
Sample 9,Chronos,0.6981701850891113
Sample 9,Time-MoE,0.30182981491088867
Sample 10,Timer,0.5714689493179321
Sample 10,TimesFM,0.42853105068206787
Sample 11,Timer,0.5762580633163452
Sample 11,Chronos,0.4237419664859772
Sample 12,TimesFM,0.6614800095558167
Sample 12,Moirai,0.33852002024650574
Sample 13,Chronos,0.5554222464561462
Sample 13,Time-MoE,0.44457778334617615
Sample 14,Time-MoE,0.8988482356071472
Sample 14,Chronos,0.10115181654691696
Sample 15,TimesFM,0.7471702098846436
Sample 15,Moirai,0.25282973051071167
Sample 16,Moirai,0.8054339289665222
Sample 16,TimesFM,0.19456607103347778
Sample 17,Chronos,0.7904822826385498
Sample 17,Time-MoE,0.20951774716377258
Sample 18,Time-MoE,0.7104241847991943
Sample 18,Moirai,0.2895757555961609
Sample 19,Timer,0.5435014367103577
Sample 19,TimesFM,0.45649856328964233
Sample 20,TimesFM,0.5392570495605469
Sample 20,Timer,0.4607429802417755
Sample 21,Time-MoE,0.7231430411338806
Sample 21,Chronos,0.2768569886684418
Sample 22,Time-MoE,0.9223054647445679
Sample 22,Moirai,0.07769452035427094
Sample 23,Moirai,0.5745428204536438
Sample 23,Time-MoE,0.4254571497440338
Sample 24,Moirai,0.5542061924934387
Sample 24,TimesFM,0.4457938075065613
Sample 25,Chronos,0.6845002770423889
Sample 25,Time-MoE,0.3154996931552887
Sample 26,Time-MoE,0.6564986109733582
Sample 26,Moirai,0.34350141882896423
Sample 27,Chronos,0.5141975283622742
Sample 27,Timer,0.48580247163772583
Sample 28,TimesFM,0.5357179045677185
Sample 28,Moirai,0.4642820954322815
Sample 29,Timer,0.6380512714385986
Sample 29,Time-MoE,0.36194872856140137
Sample 30,Time-MoE,0.7889220118522644
Sample 30,Chronos,0.2110779881477356
Sample 31,Moirai,0.5361317992210388
Sample 31,TimesFM,0.4638681411743164
Sample 0,Moirai,0.9288772940635681
Sample 0,Chronos,0.07112272083759308
Sample 1,Chronos,0.7025063037872314
Sample 1,Time-MoE,0.29749369621276855
Sample 2,Chronos,0.5412669777870178
Sample 2,Time-MoE,0.4587329626083374
Sample 3,Chronos,0.5215590596199036
Sample 3,Timer,0.4784409701824188
Sample 4,TimesFM,0.7596956491470337
Sample 4,Chronos,0.2403043657541275
Sample 5,Chronos,0.5639390349388123
Sample 5,Time-MoE,0.43606099486351013
Sample 6,Time-MoE,0.7205492258071899
Sample 6,Chronos,0.27945077419281006
Sample 7,Time-MoE,0.5397189259529114
Sample 7,Moirai,0.4602810740470886
Sample 8,Moirai,0.7411484122276306
Sample 8,TimesFM,0.25885164737701416
Sample 9,Chronos,0.7163317203521729
Sample 9,Timer,0.2836683392524719
Sample 10,Time-MoE,0.6099167466163635
Sample 10,Moirai,0.3900832235813141
Sample 11,Timer,0.5832889676094055
Sample 11,TimesFM,0.4167110323905945
Sample 12,TimesFM,0.7858436107635498
Sample 12,Chronos,0.214156374335289
Sample 13,Timer,0.8006404042243958
Sample 13,TimesFM,0.19935962557792664
Sample 14,Time-MoE,0.8904474377632141
Sample 14,Moirai,0.1095525473356247
Sample 15,Chronos,0.5704305768013
Sample 15,Time-MoE,0.42956945300102234
Sample 16,Timer,0.5952356457710266
Sample 16,Moirai,0.404764324426651
Sample 17,Chronos,0.5793765187263489
Sample 17,Time-MoE,0.4206235110759735
Sample 18,Time-MoE,0.9356492161750793
Sample 18,TimesFM,0.06435072422027588
Sample 19,Timer,0.6159523129463196
Sample 19,Chronos,0.3840477168560028
Sample 20,TimesFM,0.6364579200744629
Sample 20,Timer,0.3635420799255371
Sample 21,Timer,0.6055409908294678
Sample 21,Chronos,0.3944590389728546
Sample 22,Time-MoE,0.8168670535087585
Sample 22,Chronos,0.18313294649124146
Sample 23,Moirai,0.566501259803772
Sample 23,Time-MoE,0.43349871039390564
Sample 24,Moirai,0.9373829364776611
Sample 24,TimesFM,0.06261702626943588
Sample 25,Chronos,0.7184699773788452
Sample 25,Timer,0.2815300524234772
Sample 26,TimesFM,0.5821985006332397
Sample 26,Time-MoE,0.41780152916908264
Sample 27,Timer,0.5497966408729553
Sample 27,Chronos,0.4502033591270447
Sample 28,TimesFM,0.5547736883163452
Sample 28,Moirai,0.4452262818813324
Sample 29,Chronos,0.5597147345542908
Sample 29,Time-MoE,0.44028523564338684
Sample 30,Time-MoE,0.9099116325378418
Sample 30,Chronos,0.09008842706680298
Sample 31,Moirai,0.5434352159500122
Sample 31,Time-MoE,0.4565647840499878
Sample 0,Moirai,0.9133056402206421
Sample 0,TimesFM,0.08669435977935791
Sample 1,Chronos,0.7333659529685974
Sample 1,Time-MoE,0.2666340172290802
Sample 2,TimesFM,0.8393214344978333
Sample 2,Moirai,0.16067862510681152
Sample 3,Chronos,0.5973984599113464
Sample 3,Timer,0.4026015102863312
Sample 4,Timer,0.5037341117858887
Sample 4,TimesFM,0.49626588821411133
Sample 5,Chronos,0.5310352444648743
Sample 5,Time-MoE,0.46896475553512573
Sample 6,Time-MoE,0.8204456567764282
Sample 6,Chronos,0.17955435812473297
Sample 7,Moirai,0.6129072904586792
Sample 7,TimesFM,0.3870927393436432
Sample 8,Moirai,0.6950991153717041
Sample 8,TimesFM,0.3049008846282959
Sample 9,Chronos,0.654395580291748
Sample 9,Timer,0.34560438990592957
Sample 10,TimesFM,0.8322388529777527
Sample 10,Moirai,0.1677611768245697
Sample 11,Chronos,0.5861008763313293
Sample 11,Timer,0.41389912366867065
Sample 12,Timer,0.6041163802146912
Sample 12,TimesFM,0.39588356018066406
Sample 13,Timer,0.8132158517837524
Sample 13,TimesFM,0.18678414821624756
Sample 14,Moirai,0.8260791897773743
Sample 14,Time-MoE,0.17392075061798096
Sample 15,Time-MoE,0.6137494444847107
Sample 15,Moirai,0.3862506151199341
Sample 16,Moirai,0.723558247089386
Sample 16,TimesFM,0.276441752910614
Sample 17,Chronos,0.6508046388626099
Sample 17,Timer,0.3491953909397125
Sample 18,TimesFM,0.5667466521263123
Sample 18,Time-MoE,0.43325334787368774
Sample 19,Chronos,0.6515378952026367
Sample 19,Timer,0.3484620749950409
Sample 20,Time-MoE,0.535685658454895
Sample 20,Chronos,0.46431437134742737
Sample 21,Timer,0.596118688583374
Sample 21,Chronos,0.403881311416626
Sample 22,Time-MoE,0.9358345866203308
Sample 22,TimesFM,0.06416543573141098
Sample 23,Moirai,0.6017226576805115
Sample 23,TimesFM,0.39827731251716614
Sample 24,Moirai,0.8104088306427002
Sample 24,TimesFM,0.1895911544561386
Sample 25,Chronos,0.6679741144180298
Sample 25,Timer,0.3320258855819702
Sample 26,Time-MoE,0.7361221313476562
Sample 26,TimesFM,0.26387789845466614
Sample 27,Chronos,0.6064353585243225
Sample 27,Time-MoE,0.3935646414756775
Sample 28,Moirai,0.7866594195365906
Sample 28,Time-MoE,0.2133406102657318
Sample 29,Time-MoE,0.7084007263183594
Sample 29,Chronos,0.291599303483963
Sample 30,Time-MoE,0.7454139590263367
Sample 30,TimesFM,0.25458598136901855
Sample 31,Timer,0.5480140447616577
Sample 31,Time-MoE,0.4519858956336975
Sample 0,Timer,0.5083639621734619
Sample 0,Chronos,0.49163609743118286
Sample 1,Chronos,0.6747579574584961
Sample 1,Time-MoE,0.3252420425415039
Sample 2,Time-MoE,0.8378034830093384
Sample 2,Moirai,0.162196546792984
Sample 3,Timer,0.5882072448730469
Sample 3,Chronos,0.41179272532463074
Sample 4,TimesFM,0.7767994999885559
Sample 4,Timer,0.22320055961608887
Sample 5,Timer,0.562930166721344
Sample 5,Chronos,0.437069833278656
Sample 6,Timer,0.7652673125267029
Sample 6,TimesFM,0.23473265767097473
Sample 7,Moirai,0.531853437423706
Sample 7,Time-MoE,0.46814656257629395
Sample 8,Moirai,0.8356159925460815
Sample 8,TimesFM,0.16438394784927368
Sample 9,Chronos,0.713102400302887
Sample 9,Timer,0.28689759969711304
Sample 10,Time-MoE,0.8088418245315552
Sample 10,Moirai,0.19115814566612244
Sample 11,Chronos,0.6067189574241638
Sample 11,Timer,0.3932810127735138
Sample 12,TimesFM,0.8172057271003723
Sample 12,Chronos,0.1827942132949829
Sample 13,Chronos,0.6150580048561096
Sample 13,TimesFM,0.38494202494621277
Sample 14,Time-MoE,0.72640460729599
Sample 14,Chronos,0.2735954523086548
Sample 15,Moirai,0.664409339427948
Sample 15,TimesFM,0.3355906903743744
Sample 0,Moirai,0.9352895021438599
Sample 0,TimesFM,0.06471047550439835
Sample 1,Chronos,0.7574774026870728
Sample 1,Timer,0.24252259731292725
Sample 2,Timer,0.5911015272140503
Sample 2,TimesFM,0.4088984429836273
Sample 3,Chronos,0.530667781829834
Sample 3,Timer,0.469332218170166
Sample 4,TimesFM,0.8031764030456543
Sample 4,Chronos,0.1968236267566681
Sample 5,Chronos,0.597925066947937
Sample 5,TimesFM,0.4020749628543854
Sample 6,Time-MoE,0.894133448600769
Sample 6,Chronos,0.10586652904748917
Sample 7,Moirai,0.6465578079223633
Sample 7,TimesFM,0.3534422218799591
Sample 8,Moirai,0.9153733849525452
Sample 8,TimesFM,0.08462660014629364
Sample 9,Chronos,0.7557458281517029
Sample 9,Timer,0.24425414204597473
Sample 10,Time-MoE,0.8026313781738281
Sample 10,Moirai,0.19736863672733307
Sample 11,Timer,0.5712203979492188
Sample 11,Chronos,0.42877960205078125
Sample 12,TimesFM,0.7191447615623474
Sample 12,Moirai,0.2808551788330078
Sample 13,Chronos,0.517142653465271
Sample 13,Timer,0.4828573167324066
Sample 14,Time-MoE,0.9080013036727905
Sample 14,Chronos,0.09199872612953186
Sample 15,Moirai,0.6011324524879456
Sample 15,TimesFM,0.39886754751205444
Sample 16,Moirai,0.7943249344825745
Sample 16,TimesFM,0.20567506551742554
Sample 17,Chronos,0.6598585247993469
Sample 17,Timer,0.3401414752006531
Sample 18,TimesFM,0.7440341711044312
Sample 18,Timer,0.25596582889556885
Sample 19,Chronos,0.5960150361061096
Sample 19,Timer,0.40398499369621277
Sample 20,Moirai,0.7574132680892944
Sample 20,Time-MoE,0.24258673191070557
Sample 21,Timer,0.7540461421012878
Sample 21,Chronos,0.24595390260219574
Sample 22,Time-MoE,0.6517720818519592
Sample 22,Chronos,0.34822791814804077
Sample 23,TimesFM,0.6752153038978577
Sample 23,Timer,0.32478469610214233
Sample 24,Moirai,0.7593014240264893
Sample 24,TimesFM,0.24069857597351074
Sample 25,Chronos,0.695026695728302
Sample 25,Timer,0.3049732744693756
Sample 26,Time-MoE,0.6212924718856812
Sample 26,Chronos,0.37870755791664124
Sample 27,TimesFM,0.6430651545524597
Sample 27,Timer,0.3569348454475403
Sample 28,TimesFM,0.8332009315490723
Sample 28,Timer,0.16679908335208893
Sample 29,Timer,0.6500986218452454
Sample 29,Chronos,0.34990137815475464
Sample 30,Time-MoE,0.8012310862541199
Sample 30,Moirai,0.1987689584493637
Sample 31,Moirai,0.5555888414382935
Sample 31,Time-MoE,0.44441112875938416
Sample 0,Timer,0.5945639610290527
Sample 0,Moirai,0.40543606877326965
Sample 1,Chronos,0.6991785764694214
Sample 1,Time-MoE,0.300821453332901
Sample 2,Moirai,0.5854055285453796
Sample 2,TimesFM,0.414594441652298
Sample 3,Chronos,0.5488215088844299
Sample 3,Timer,0.45117852091789246
Sample 4,Time-MoE,0.5971835851669312
Sample 4,Timer,0.40281644463539124
Sample 5,Chronos,0.571435272693634
Sample 5,Timer,0.4285646975040436
Sample 6,Time-MoE,0.8048577308654785
Sample 6,Chronos,0.1951422244310379
Sample 7,Moirai,0.6223627924919128
Sample 7,TimesFM,0.37763723731040955
Sample 8,Moirai,0.7320330142974854
Sample 8,TimesFM,0.26796698570251465
Sample 9,Chronos,0.6828830242156982
Sample 9,Timer,0.31711697578430176
Sample 10,Chronos,0.8685519099235535
Sample 10,TimesFM,0.13144813477993011
Sample 11,Timer,0.6386617422103882
Sample 11,Time-MoE,0.3613382577896118
Sample 12,TimesFM,0.9496036767959595
Sample 12,Time-MoE,0.050396375358104706
Sample 13,Timer,0.5852559208869934
Sample 13,Chronos,0.414744108915329
Sample 14,Time-MoE,0.6480674147605896
Sample 14,Timer,0.3519325852394104
Sample 15,Time-MoE,0.5511040091514587
Sample 15,Moirai,0.44889599084854126
Sample 16,Moirai,0.8937740325927734
Sample 16,TimesFM,0.10622598230838776
Sample 17,Chronos,0.6861324906349182
Sample 17,Timer,0.3138674795627594
Sample 18,Time-MoE,0.783523678779602
Sample 18,Moirai,0.21647636592388153
Sample 19,Chronos,0.5711669325828552
Sample 19,Timer,0.4288330376148224
Sample 20,TimesFM,0.7467023730278015
Sample 20,Chronos,0.25329768657684326
Sample 21,Chronos,0.508193850517273
Sample 21,Timer,0.49180614948272705
Sample 22,Time-MoE,0.9215303659439087
Sample 22,Moirai,0.0784696489572525
Sample 23,TimesFM,0.5814881920814514
Sample 23,Moirai,0.4185118079185486
Sample 24,Moirai,0.5745223760604858
Sample 24,Chronos,0.42547765374183655
Sample 25,Chronos,0.7398114800453186
Sample 25,Time-MoE,0.2601884603500366
Sample 26,Time-MoE,0.8170844912528992
Sample 26,Chronos,0.18291543424129486
Sample 27,Timer,0.6913605332374573
Sample 27,TimesFM,0.30863940715789795
Sample 28,Timer,0.5539115071296692
Sample 28,TimesFM,0.4460884928703308
Sample 29,Timer,0.6457629799842834
Sample 29,Chronos,0.35423702001571655
Sample 30,Time-MoE,0.7840315699577332
Sample 30,Chronos,0.21596841514110565
Sample 31,Moirai,0.5275622606277466
Sample 31,TimesFM,0.4724377691745758
Sample 0,Moirai,0.7548671960830688
Sample 0,Time-MoE,0.24513278901576996
Sample 1,Chronos,0.5703381896018982
Sample 1,Timer,0.4296617805957794
Sample 2,Timer,0.944911539554596
Sample 2,Chronos,0.055088482797145844
Sample 3,Chronos,0.609659731388092
Sample 3,Timer,0.39034032821655273
Sample 4,Moirai,0.5118008852005005
Sample 4,TimesFM,0.4881991446018219
Sample 5,Time-MoE,0.6463432312011719
Sample 5,TimesFM,0.35365673899650574
Sample 6,Time-MoE,0.8309447169303894
Sample 6,TimesFM,0.16905532777309418
Sample 7,Moirai,0.5488325357437134
Sample 7,Time-MoE,0.451167494058609
Sample 8,Moirai,0.7933940887451172
Sample 8,TimesFM,0.20660589635372162
Sample 9,Chronos,0.6997756361961365
Sample 9,Timer,0.3002243936061859
Sample 10,Chronos,0.7233186960220337
Sample 10,Time-MoE,0.2766813635826111
Sample 11,Timer,0.6723819971084595
Sample 11,TimesFM,0.3276180326938629
Sample 12,TimesFM,0.6089475154876709
Sample 12,Timer,0.3910525143146515
Sample 13,Timer,0.5688863396644592
Sample 13,Chronos,0.43111366033554077
Sample 14,Time-MoE,0.6329700946807861
Sample 14,Chronos,0.36702990531921387
Sample 15,Moirai,0.5076497197151184
Sample 15,Time-MoE,0.4923502504825592
Sample 16,Chronos,0.5312660932540894
Sample 16,Timer,0.46873384714126587
Sample 17,Chronos,0.6672016978263855
Sample 17,Time-MoE,0.3327983021736145
Sample 18,Chronos,0.5380502343177795
Sample 18,Time-MoE,0.46194979548454285
Sample 19,Time-MoE,0.5280845165252686
Sample 19,Timer,0.47191542387008667
Sample 20,TimesFM,0.5221535563468933
Sample 20,Timer,0.4778464734554291
Sample 21,Timer,0.747298538684845
Sample 21,Chronos,0.25270140171051025
Sample 22,Time-MoE,0.9116992950439453
Sample 22,TimesFM,0.08830070495605469
Sample 23,Time-MoE,0.706973671913147
Sample 23,Timer,0.293026328086853
Sample 24,Moirai,0.6708610653877258
Sample 24,TimesFM,0.32913896441459656
Sample 25,Chronos,0.7318676114082336
Sample 25,Timer,0.26813235878944397
Sample 26,Moirai,0.7761067748069763
Sample 26,Chronos,0.22389326989650726
Sample 27,Timer,0.5435442924499512
Sample 27,TimesFM,0.45645567774772644
Sample 28,TimesFM,0.6404942274093628
Sample 28,Timer,0.3595057427883148
Sample 29,Timer,0.624156653881073
Sample 29,Chronos,0.3758433163166046
Sample 30,Time-MoE,0.7275511622428894
Sample 30,Chronos,0.2724488377571106
Sample 31,TimesFM,0.5377501845359802
Sample 31,Moirai,0.46224984526634216
Sample 0,Moirai,0.7113510966300964
Sample 0,TimesFM,0.28864893317222595
Sample 1,Chronos,0.5280685424804688
Sample 1,Timer,0.47193145751953125
Sample 2,Timer,0.6723421812057495
Sample 2,Time-MoE,0.3276578187942505
Sample 3,Timer,0.6093813180923462
Sample 3,Chronos,0.3906187117099762
Sample 4,Chronos,0.8229713439941406
Sample 4,Time-MoE,0.1770285964012146
Sample 5,Timer,0.8650332689285278
Sample 5,TimesFM,0.13496674597263336
Sample 6,Moirai,0.8670664429664612
Sample 6,Time-MoE,0.13293348252773285
Sample 7,Time-MoE,0.5569994449615479
Sample 7,Moirai,0.44300055503845215
Sample 8,Moirai,0.8897812962532043
Sample 8,TimesFM,0.11021870374679565
Sample 9,Chronos,0.7222017049789429
Sample 9,Time-MoE,0.27779826521873474
Sample 10,Timer,0.5662935376167297
Sample 10,TimesFM,0.43370649218559265
Sample 11,Timer,0.5820451974868774
Sample 11,Chronos,0.41795477271080017
Sample 12,TimesFM,0.6763413548469543
Sample 12,Moirai,0.32365861535072327
Sample 13,Chronos,0.5863427519798279
Sample 13,Time-MoE,0.4136572480201721
Sample 14,Time-MoE,0.8918914198875427
Sample 14,Chronos,0.10810858011245728
Sample 15,TimesFM,0.7535150051116943
Sample 15,Moirai,0.24648497998714447
Sample 16,Moirai,0.8038650155067444
Sample 16,TimesFM,0.19613496959209442
Sample 17,Chronos,0.8164913654327393
Sample 17,Time-MoE,0.18350857496261597
Sample 18,Time-MoE,0.724397599697113
Sample 18,Moirai,0.27560243010520935
Sample 19,Timer,0.522566020488739
Sample 19,TimesFM,0.4774339497089386
Sample 20,TimesFM,0.5385224223136902
Sample 20,Timer,0.4614775776863098
Sample 21,Time-MoE,0.6972551941871643
Sample 21,Chronos,0.3027448356151581
Sample 22,Time-MoE,0.9181775450706482
Sample 22,Moirai,0.08182240277528763
Sample 23,Moirai,0.5490354895591736
Sample 23,Time-MoE,0.45096448063850403
Sample 24,Moirai,0.5362269878387451
Sample 24,TimesFM,0.46377304196357727
Sample 25,Chronos,0.7123201489448547
Sample 25,Time-MoE,0.28767985105514526
Sample 26,Time-MoE,0.6791850924491882
Sample 26,Moirai,0.32081490755081177
Sample 27,Chronos,0.5143032670021057
Sample 27,Timer,0.48569679260253906
Sample 28,TimesFM,0.544864296913147
Sample 28,Moirai,0.45513564348220825
Sample 29,Timer,0.6477383375167847
Sample 29,Chronos,0.35226160287857056
Sample 30,Time-MoE,0.7741288542747498
Sample 30,Chronos,0.22587116062641144
Sample 31,Moirai,0.5332096219062805
Sample 31,TimesFM,0.46679043769836426
Sample 0,Moirai,0.9213299751281738
Sample 0,Timer,0.07867003977298737
Sample 1,Chronos,0.7061131000518799
Sample 1,Timer,0.2938869595527649
Sample 2,Chronos,0.5203215479850769
Sample 2,Timer,0.4796784520149231
Sample 3,Timer,0.5170381665229797
Sample 3,Chronos,0.4829618036746979
Sample 4,TimesFM,0.774553656578064
Sample 4,Chronos,0.2254464030265808
Sample 5,Chronos,0.5811700820922852
Sample 5,Time-MoE,0.41882991790771484
Sample 6,Time-MoE,0.7216418981552124
Sample 6,Chronos,0.2783580422401428
Sample 7,Time-MoE,0.553442656993866
Sample 7,Moirai,0.4465573728084564
Sample 8,Moirai,0.7433150410652161
Sample 8,TimesFM,0.2566850185394287
Sample 9,Chronos,0.6846619248390198
Sample 9,Timer,0.3153381049633026
Sample 10,Time-MoE,0.6021991968154907
Sample 10,Moirai,0.39780086278915405
Sample 11,Timer,0.6184733510017395
Sample 11,TimesFM,0.3815266191959381
Sample 12,TimesFM,0.7851446866989136
Sample 12,Chronos,0.2148553878068924
Sample 13,Timer,0.8188034892082214
Sample 13,TimesFM,0.18119657039642334
Sample 14,Time-MoE,0.8745880722999573
Sample 14,Moirai,0.12541186809539795
Sample 15,Chronos,0.5844865441322327
Sample 15,Time-MoE,0.41551342606544495
Sample 16,Timer,0.6368703842163086
Sample 16,Moirai,0.3631296455860138
Sample 17,Chronos,0.597071647644043
Sample 17,Time-MoE,0.40292832255363464
Sample 18,Time-MoE,0.9340710043907166
Sample 18,Moirai,0.06592895835638046
Sample 19,Timer,0.6187576055526733
Sample 19,Chronos,0.3812423646450043
Sample 20,TimesFM,0.6625348329544067
Sample 20,Timer,0.33746519684791565
Sample 21,Timer,0.6491541862487793
Sample 21,Chronos,0.3508458435535431
Sample 22,Time-MoE,0.8165122866630554
Sample 22,Chronos,0.18348772823810577
Sample 23,Moirai,0.5408503413200378
Sample 23,Time-MoE,0.45914968848228455
Sample 24,Moirai,0.937442421913147
Sample 24,TimesFM,0.06255762279033661
Sample 25,Chronos,0.6881099343299866
Sample 25,Timer,0.31189000606536865
Sample 26,TimesFM,0.5854167938232422
Sample 26,Time-MoE,0.4145831763744354
Sample 27,Timer,0.5860176086425781
Sample 27,Chronos,0.41398242115974426
Sample 28,TimesFM,0.5719851851463318
Sample 28,Moirai,0.4280148446559906
Sample 29,Chronos,0.5566300749778748
Sample 29,Moirai,0.44336995482444763
Sample 30,Time-MoE,0.9099417328834534
Sample 30,Chronos,0.09005831182003021
Sample 31,Moirai,0.5264872312545776
Sample 31,Time-MoE,0.47351276874542236
Sample 0,Moirai,0.910671055316925
Sample 0,TimesFM,0.08932901918888092
Sample 1,Chronos,0.7159022688865662
Sample 1,Timer,0.28409770131111145
Sample 2,TimesFM,0.8355720639228821
Sample 2,Moirai,0.1644279509782791
Sample 3,Chronos,0.5387824773788452
Sample 3,Timer,0.4612174928188324
Sample 4,TimesFM,0.5138607621192932
Sample 4,Timer,0.48613929748535156
Sample 5,Chronos,0.5310677886009216
Sample 5,Time-MoE,0.46893221139907837
Sample 6,Time-MoE,0.8269147872924805
Sample 6,Chronos,0.17308524250984192
Sample 7,Moirai,0.6110114455223083
Sample 7,TimesFM,0.38898852467536926
Sample 8,Moirai,0.6819067597389221
Sample 8,TimesFM,0.3180932104587555
Sample 9,Chronos,0.591785192489624
Sample 9,Timer,0.4082147777080536
Sample 10,TimesFM,0.8097993731498718
Sample 10,Moirai,0.19020067155361176
Sample 11,Chronos,0.5273776650428772
Sample 11,Timer,0.4726223945617676
Sample 12,Timer,0.6080567240715027
Sample 12,TimesFM,0.3919432461261749
Sample 13,Timer,0.8131766319274902
Sample 13,TimesFM,0.18682336807250977
Sample 14,Moirai,0.8364677429199219
Sample 14,Time-MoE,0.16353225708007812
Sample 15,Time-MoE,0.6167309880256653
Sample 15,Moirai,0.3832690119743347
Sample 16,Moirai,0.7141912579536438
Sample 16,TimesFM,0.2858087718486786
Sample 17,Chronos,0.5869261622428894
Sample 17,Timer,0.413073867559433
Sample 18,TimesFM,0.5449433922767639
Sample 18,Time-MoE,0.45505663752555847
Sample 19,Chronos,0.5916153192520142
Sample 19,Timer,0.4083847403526306
Sample 20,Time-MoE,0.5352217555046082
Sample 20,Chronos,0.46477818489074707
Sample 21,Timer,0.6670337915420532
Sample 21,Chronos,0.33296623826026917
Sample 22,Time-MoE,0.9396815896034241
Sample 22,TimesFM,0.060318462550640106
Sample 23,Moirai,0.5805765390396118
Sample 23,Time-MoE,0.4194234013557434
Sample 24,Moirai,0.7899889945983887
Sample 24,Timer,0.21001100540161133
Sample 25,Chronos,0.6093587279319763
Sample 25,Timer,0.39064130187034607
Sample 26,Time-MoE,0.7403882741928101
Sample 26,Moirai,0.25961172580718994
Sample 27,Chronos,0.6002725958824158
Sample 27,Time-MoE,0.3997274339199066
Sample 28,Moirai,0.7975863218307495
Sample 28,TimesFM,0.20241370797157288
Sample 29,Time-MoE,0.7162545323371887
Sample 29,Chronos,0.28374549746513367
Sample 30,Time-MoE,0.7458400726318359
Sample 30,TimesFM,0.25415992736816406
Sample 31,Timer,0.5090792179107666
Sample 31,Time-MoE,0.4909207820892334
Sample 0,Timer,0.5916904211044312
Sample 0,Chronos,0.40830957889556885
Sample 1,Chronos,0.6571490168571472
Sample 1,Time-MoE,0.3428509533405304
Sample 2,Time-MoE,0.822539210319519
Sample 2,Moirai,0.17746074497699738
Sample 3,Timer,0.660161554813385
Sample 3,Chronos,0.3398384153842926
Sample 4,TimesFM,0.7944782972335815
Sample 4,Timer,0.20552170276641846
Sample 5,Timer,0.6340071558952332
Sample 5,TimesFM,0.36599281430244446
Sample 6,Timer,0.8109617829322815
Sample 6,Time-MoE,0.1890382021665573
Sample 7,Moirai,0.5143285393714905
Sample 7,Time-MoE,0.48567143082618713
Sample 8,Moirai,0.8322437405586243
Sample 8,TimesFM,0.1677563190460205
Sample 9,Chronos,0.6459311842918396
Sample 9,Timer,0.3540688157081604
Sample 10,Time-MoE,0.8023570775985718
Sample 10,Moirai,0.19764293730258942
Sample 11,Chronos,0.5361374616622925
Sample 11,Timer,0.4638625979423523
Sample 12,TimesFM,0.81724613904953
Sample 12,Chronos,0.18275386095046997
Sample 13,Chronos,0.5375823378562927
Sample 13,Timer,0.4624176621437073
Sample 14,Time-MoE,0.7450863718986511
Sample 14,Chronos,0.2549136281013489
Sample 15,Moirai,0.6452751755714417
Sample 15,TimesFM,0.35472485423088074
Sample 0,Moirai,0.9354821443557739
Sample 0,TimesFM,0.06451781839132309
Sample 1,Chronos,0.7009660601615906
Sample 1,Timer,0.2990339398384094
Sample 2,Timer,0.5818523168563843
Sample 2,TimesFM,0.4181476831436157
Sample 3,Timer,0.5455083847045898
Sample 3,Chronos,0.45449158549308777
Sample 4,TimesFM,0.811553418636322
Sample 4,Chronos,0.18844661116600037
Sample 5,Chronos,0.564240574836731
Sample 5,Timer,0.43575942516326904
Sample 6,Time-MoE,0.90302574634552
Sample 6,Moirai,0.09697422385215759
Sample 7,Moirai,0.6249141097068787
Sample 7,TimesFM,0.3750859200954437
Sample 8,Moirai,0.9179083108901978
Sample 8,TimesFM,0.08209165930747986
Sample 9,Chronos,0.6984626054763794
Sample 9,Timer,0.3015373945236206
Sample 10,Time-MoE,0.7933546304702759
Sample 10,Moirai,0.20664538443088531
Sample 11,Timer,0.6515635848045349
Sample 11,Chronos,0.3484364151954651
Sample 12,TimesFM,0.7332556843757629
Sample 12,Moirai,0.2667442858219147
Sample 13,Timer,0.5710833668708801
Sample 13,Chronos,0.4289166331291199
Sample 14,Time-MoE,0.9117012619972229
Sample 14,Moirai,0.08829870820045471
Sample 15,Moirai,0.577106773853302
Sample 15,TimesFM,0.4228931963443756
Sample 16,Moirai,0.7884978652000427
Sample 16,TimesFM,0.21150213479995728
Sample 17,Chronos,0.5829330086708069
Sample 17,Timer,0.4170670211315155
Sample 18,TimesFM,0.7449288964271545
Sample 18,Timer,0.25507107377052307
Sample 19,Chronos,0.5207201838493347
Sample 19,Timer,0.4792798161506653
Sample 20,Moirai,0.766852855682373
Sample 20,Time-MoE,0.23314709961414337
Sample 21,Timer,0.800272524356842
Sample 21,TimesFM,0.19972747564315796
Sample 22,Time-MoE,0.6536158323287964
Sample 22,Chronos,0.346384197473526
Sample 23,TimesFM,0.6813580393791199
Sample 23,Timer,0.3186419904232025
Sample 24,Moirai,0.734436571598053
Sample 24,TimesFM,0.26556339859962463
Sample 25,Chronos,0.6288682222366333
Sample 25,Timer,0.3711318075656891
Sample 26,Time-MoE,0.6296684145927429
Sample 26,Timer,0.37033161520957947
Sample 27,TimesFM,0.6206362247467041
Sample 27,Timer,0.3793637752532959
Sample 28,TimesFM,0.8580352067947388
Sample 28,Timer,0.14196473360061646
Sample 29,Timer,0.7011232972145081
Sample 29,TimesFM,0.29887670278549194
Sample 30,Time-MoE,0.7747330665588379
Sample 30,Moirai,0.2252669483423233
Sample 31,Moirai,0.5330959558486938
Sample 31,Time-MoE,0.46690401434898376
Sample 0,Timer,0.6110238432884216
Sample 0,Moirai,0.388976126909256
Sample 1,Chronos,0.6732221245765686
Sample 1,Time-MoE,0.3267779052257538
Sample 2,Moirai,0.5720415115356445
Sample 2,TimesFM,0.4279584288597107
Sample 3,Timer,0.5196389555931091
Sample 3,Chronos,0.48036104440689087
Sample 4,Time-MoE,0.600327730178833
Sample 4,Timer,0.399672269821167
Sample 5,Timer,0.5104717016220093
Sample 5,Chronos,0.48952826857566833
Sample 6,Time-MoE,0.8192908763885498
Sample 6,Chronos,0.1807090789079666
Sample 7,Moirai,0.5974091291427612
Sample 7,TimesFM,0.40259087085723877
Sample 8,Moirai,0.7346050143241882
Sample 8,TimesFM,0.26539498567581177
Sample 9,Chronos,0.6180071830749512
Sample 9,Timer,0.38199278712272644
Sample 10,Chronos,0.8747376203536987
Sample 10,Time-MoE,0.1252623349428177
Sample 11,Timer,0.6745697259902954
Sample 11,Time-MoE,0.3254302442073822
Sample 12,TimesFM,0.9489926099777222
Sample 12,Time-MoE,0.05100739747285843
Sample 13,Timer,0.6608283519744873
Sample 13,Chronos,0.3391716480255127
Sample 14,Time-MoE,0.6135432124137878
Sample 14,Timer,0.38645675778388977
Sample 15,Time-MoE,0.5688633322715759
Sample 15,Moirai,0.43113669753074646
Sample 16,Moirai,0.8874221444129944
Sample 16,TimesFM,0.1125779002904892
Sample 17,Chronos,0.6204883456230164
Sample 17,Timer,0.37951168417930603
Sample 18,Time-MoE,0.7828554511070251
Sample 18,Moirai,0.21714454889297485
Sample 19,Chronos,0.5005807280540466
Sample 19,Timer,0.49941927194595337
Sample 20,TimesFM,0.7601654529571533
Sample 20,Time-MoE,0.2398345172405243
Sample 21,Timer,0.573291003704071
Sample 21,Chronos,0.42670902609825134
Sample 22,Time-MoE,0.9207189679145813
Sample 22,Moirai,0.0792810320854187
Sample 23,TimesFM,0.6192666888237
Sample 23,Moirai,0.3807332515716553
Sample 24,Moirai,0.615535318851471
Sample 24,Chronos,0.3844646215438843
Sample 25,Chronos,0.6873433589935303
Sample 25,Timer,0.31265661120414734
Sample 26,Time-MoE,0.8293343782424927
Sample 26,Chronos,0.17066557705402374
Sample 27,Timer,0.7320894598960876
Sample 27,TimesFM,0.26791056990623474
Sample 28,Timer,0.5133247375488281
Sample 28,TimesFM,0.4866752326488495
Sample 29,Timer,0.7167902588844299
Sample 29,Chronos,0.2832097113132477
Sample 30,Time-MoE,0.799157977104187
Sample 30,Chronos,0.2008419632911682
Sample 31,TimesFM,0.5024516582489014
Sample 31,Moirai,0.49754834175109863
Sample 0,Moirai,0.734859049320221
Sample 0,Time-MoE,0.26514095067977905
Sample 1,Chronos,0.5068861842155457
Sample 1,Timer,0.49311384558677673
Sample 2,Timer,0.9487727880477905
Sample 2,Moirai,0.051227208226919174
Sample 3,Chronos,0.5510117411613464
Sample 3,Timer,0.44898828864097595
Sample 4,Moirai,0.5037696957588196
Sample 4,TimesFM,0.4962303042411804
Sample 5,Time-MoE,0.6582024097442627
Sample 5,TimesFM,0.3417975902557373
Sample 6,Time-MoE,0.8464866280555725
Sample 6,Chronos,0.15351338684558868
Sample 7,Moirai,0.5437353253364563
Sample 7,Time-MoE,0.4562647044658661
Sample 8,Moirai,0.761624813079834
Sample 8,TimesFM,0.23837518692016602
Sample 9,Chronos,0.6487572193145752
Sample 9,Timer,0.3512427806854248
Sample 10,Chronos,0.7131697535514832
Sample 10,Moirai,0.28683018684387207
Sample 11,Timer,0.6959906220436096
Sample 11,TimesFM,0.30400940775871277
Sample 12,TimesFM,0.6528303027153015
Sample 12,Timer,0.3471697270870209
Sample 13,Timer,0.6394893527030945
Sample 13,Chronos,0.3605106770992279
Sample 14,Time-MoE,0.6514988541603088
Sample 14,Chronos,0.34850114583969116
Sample 15,Time-MoE,0.5208717584609985
Sample 15,Moirai,0.47912827134132385
Sample 16,Timer,0.5246466398239136
Sample 16,Chronos,0.47535333037376404
Sample 17,Chronos,0.6532694101333618
Sample 17,Timer,0.3467305600643158
Sample 18,Chronos,0.5604749917984009
Sample 18,Time-MoE,0.4395250082015991
Sample 19,Timer,0.5069789886474609
Sample 19,Time-MoE,0.4930209815502167
Sample 20,TimesFM,0.5586414933204651
Sample 20,Timer,0.4413585066795349
Sample 21,Timer,0.7973235845565796
Sample 21,Chronos,0.202676460146904
Sample 22,Time-MoE,0.9132347106933594
Sample 22,Moirai,0.08676525205373764
Sample 23,Time-MoE,0.70671147108078
Sample 23,Timer,0.2932884991168976
Sample 24,Moirai,0.6338899731636047
Sample 24,TimesFM,0.36611008644104004
Sample 25,Chronos,0.6852386593818665
Sample 25,Timer,0.3147614002227783
Sample 26,Moirai,0.7783688306808472
Sample 26,Chronos,0.22163112461566925
Sample 27,Timer,0.5788044929504395
Sample 27,TimesFM,0.42119553685188293
Sample 28,TimesFM,0.6766383051872253
Sample 28,Timer,0.32336169481277466
Sample 29,Timer,0.6877202391624451
Sample 29,Chronos,0.31227976083755493
Sample 30,Time-MoE,0.7388883829116821
Sample 30,Chronos,0.26111164689064026
Sample 31,TimesFM,0.5694202780723572
Sample 31,Moirai,0.4305797219276428
Sample 0,Moirai,0.6926354169845581
Sample 0,TimesFM,0.3073645830154419
Sample 1,Timer,0.5186299681663513
Sample 1,Chronos,0.4813700318336487
Sample 2,Timer,0.6820924878120422
Sample 2,Time-MoE,0.3179074823856354
Sample 3,Timer,0.6557281613349915
Sample 3,Chronos,0.34427180886268616
Sample 4,Chronos,0.8282351493835449
Sample 4,Time-MoE,0.17176486551761627
Sample 5,Timer,0.8612019419670105
Sample 5,TimesFM,0.1387980431318283
Sample 6,Moirai,0.8713380098342896
Sample 6,Time-MoE,0.12866196036338806
Sample 7,Time-MoE,0.5674383640289307
Sample 7,Moirai,0.4325616955757141
Sample 8,Moirai,0.878278374671936
Sample 8,TimesFM,0.12172160297632217
Sample 9,Chronos,0.7038005590438843
Sample 9,Timer,0.29619941115379333
Sample 10,Timer,0.5727784037590027
Sample 10,TimesFM,0.4272215962409973
Sample 11,Timer,0.6373803019523621
Sample 11,Chronos,0.36261966824531555
Sample 12,TimesFM,0.6949872374534607
Sample 12,Moirai,0.3050127625465393
Sample 13,Chronos,0.5815973877906799
Sample 13,TimesFM,0.4184025824069977
Sample 14,Time-MoE,0.8973702192306519
Sample 14,Chronos,0.10262979567050934
Sample 15,TimesFM,0.7743107080459595
Sample 15,Moirai,0.2256893515586853
Sample 16,Moirai,0.78826904296875
Sample 16,TimesFM,0.21173095703125
Sample 17,Chronos,0.8281270265579224
Sample 17,Time-MoE,0.17187300324440002
Sample 18,Time-MoE,0.7443599104881287
Sample 18,Moirai,0.25564005970954895
Sample 19,Timer,0.551322340965271
Sample 19,TimesFM,0.448677659034729
Sample 20,TimesFM,0.56182861328125
Sample 20,Timer,0.4381713569164276
Sample 21,Time-MoE,0.7009304761886597
Sample 21,Chronos,0.29906946420669556
Sample 22,Time-MoE,0.9204007387161255
Sample 22,Moirai,0.07959921658039093
Sample 23,Moirai,0.5305449962615967
Sample 23,Time-MoE,0.46945497393608093
Sample 24,TimesFM,0.5153926014900208
Sample 24,Moirai,0.48460739850997925
Sample 25,Chronos,0.696491539478302
Sample 25,Timer,0.303508460521698
Sample 26,Time-MoE,0.7082789540290833
Sample 26,Moirai,0.2917211055755615
Sample 27,Timer,0.5414770245552063
Sample 27,Chronos,0.4585229456424713
Sample 28,TimesFM,0.5610264539718628
Sample 28,Moirai,0.4389735758304596
Sample 29,Timer,0.7089971899986267
Sample 29,Chronos,0.2910028398036957
Sample 30,Time-MoE,0.7805824279785156
Sample 30,Chronos,0.21941758692264557
Sample 31,Moirai,0.5127861499786377
Sample 31,TimesFM,0.4872138500213623
Sample 0,Moirai,0.9249671697616577
Sample 0,Timer,0.07503285259008408
Sample 1,Chronos,0.6830235123634338
Sample 1,Timer,0.31697648763656616
Sample 2,Timer,0.5098180770874023
Sample 2,Chronos,0.49018189311027527
Sample 3,Timer,0.552419126033783
Sample 3,Chronos,0.44758084416389465
Sample 4,TimesFM,0.7771537899971008
Sample 4,Chronos,0.22284622490406036
Sample 5,Chronos,0.5917233228683472
Sample 5,Time-MoE,0.40827664732933044
Sample 6,Time-MoE,0.721375048160553
Sample 6,Chronos,0.2786249816417694
Sample 7,Time-MoE,0.5701969861984253
Sample 7,Moirai,0.4298030436038971
Sample 8,Moirai,0.7186505794525146
Sample 8,TimesFM,0.2813493609428406
Sample 9,Chronos,0.6631364822387695
Sample 9,Timer,0.33686354756355286
Sample 10,Time-MoE,0.5997388958930969
Sample 10,Moirai,0.40026113390922546
Sample 11,Timer,0.6222875714302063
Sample 11,TimesFM,0.3777124881744385
Sample 12,TimesFM,0.7747557759284973
Sample 12,Chronos,0.22524414956569672
Sample 13,Timer,0.8318502902984619
Sample 13,TimesFM,0.16814975440502167
Sample 14,Time-MoE,0.877592921257019
Sample 14,Moirai,0.12240708619356155
Sample 15,Chronos,0.5943301916122437
Sample 15,Time-MoE,0.40566977858543396
Sample 16,Timer,0.6404293179512024
Sample 16,Moirai,0.35957071185112
Sample 17,Chronos,0.6082693934440613
Sample 17,Time-MoE,0.3917306065559387
Sample 18,Time-MoE,0.9371689558029175
Sample 18,Timer,0.06283099949359894
Sample 19,Timer,0.6611582636833191
Sample 19,Chronos,0.3388417065143585
Sample 20,TimesFM,0.6843923330307007
Sample 20,Timer,0.31560763716697693
Sample 21,Timer,0.6920455098152161
Sample 21,TimesFM,0.30795449018478394
Sample 22,Time-MoE,0.8194952011108398
Sample 22,Chronos,0.18050473928451538
Sample 23,Moirai,0.5346243977546692
Sample 23,Time-MoE,0.4653756022453308
Sample 24,Moirai,0.9309442043304443
Sample 24,TimesFM,0.06905573606491089
Sample 25,Chronos,0.6682115793228149
Sample 25,Timer,0.33178839087486267
Sample 26,TimesFM,0.5888248085975647
Sample 26,Time-MoE,0.4111752212047577
Sample 27,Timer,0.6215853095054626
Sample 27,Chronos,0.37841466069221497
Sample 28,TimesFM,0.5843993425369263
Sample 28,Moirai,0.41560065746307373
Sample 29,Chronos,0.5458086729049683
Sample 29,Moirai,0.45419126749038696
Sample 30,Time-MoE,0.9112100601196289
Sample 30,Chronos,0.08878990262746811
Sample 31,Moirai,0.5112814903259277
Sample 31,Time-MoE,0.48871850967407227
Sample 0,Moirai,0.906232476234436
Sample 0,TimesFM,0.09376751631498337
Sample 1,Chronos,0.7153871059417725
Sample 1,Timer,0.28461283445358276
Sample 2,TimesFM,0.846713125705719
Sample 2,Time-MoE,0.15328682959079742
Sample 3,Chronos,0.527646541595459
Sample 3,Timer,0.472353458404541
Sample 4,TimesFM,0.5232701897621155
Sample 4,Timer,0.47672978043556213
Sample 5,Chronos,0.5540682673454285
Sample 5,Time-MoE,0.4459317624568939
Sample 6,Time-MoE,0.8229414224624634
Sample 6,Chronos,0.17705857753753662
Sample 7,Moirai,0.6074352264404297
Sample 7,Time-MoE,0.3925647735595703
Sample 8,Moirai,0.6542573571205139
Sample 8,TimesFM,0.3457425832748413
Sample 9,Chronos,0.5861433148384094
Sample 9,Timer,0.4138566851615906
Sample 10,TimesFM,0.7976496815681458
Sample 10,Moirai,0.20235030353069305
Sample 11,Chronos,0.5276812314987183
Sample 11,Timer,0.47231876850128174
Sample 12,Timer,0.6133441925048828
Sample 12,TimesFM,0.3866558074951172
Sample 13,Timer,0.8338053822517395
Sample 13,TimesFM,0.1661946028470993
Sample 14,Moirai,0.8336361646652222
Sample 14,Time-MoE,0.16636380553245544
Sample 15,Time-MoE,0.6233232021331787
Sample 15,Moirai,0.3766767382621765
Sample 16,Moirai,0.7058484554290771
Sample 16,TimesFM,0.29415157437324524
Sample 17,Chronos,0.5819472670555115
Sample 17,Timer,0.4180527329444885
Sample 18,TimesFM,0.529128909111023
Sample 18,Time-MoE,0.47087109088897705
Sample 19,Chronos,0.5838220715522766
Sample 19,Timer,0.4161779582500458
Sample 20,Time-MoE,0.5234126448631287
Sample 20,Chronos,0.47658732533454895
Sample 21,Timer,0.6855790615081787
Sample 21,Chronos,0.3144209384918213
Sample 22,Time-MoE,0.9462899565696716
Sample 22,TimesFM,0.053709983825683594
Sample 23,Moirai,0.5627549886703491
Sample 23,Time-MoE,0.43724507093429565
Sample 24,Moirai,0.7962771654129028
Sample 24,TimesFM,0.20372284948825836
Sample 25,Chronos,0.6005374193191528
Sample 25,Timer,0.39946264028549194
Sample 26,Time-MoE,0.7563591003417969
Sample 26,Moirai,0.2436409294605255
Sample 27,Chronos,0.6022840738296509
Sample 27,Timer,0.3977159559726715
Sample 28,Moirai,0.780052900314331
Sample 28,Time-MoE,0.21994702517986298
Sample 29,Time-MoE,0.7091797590255737
Sample 29,Chronos,0.2908201813697815
Sample 30,Time-MoE,0.7600250840187073
Sample 30,TimesFM,0.2399749457836151
Sample 31,Timer,0.5115107893943787
Sample 31,Time-MoE,0.48848918080329895
Sample 0,Timer,0.5778096318244934
Sample 0,Chronos,0.4221903681755066
Sample 1,Chronos,0.6920452117919922
Sample 1,Time-MoE,0.3079548180103302
Sample 2,Time-MoE,0.8321506977081299
Sample 2,Moirai,0.1678493171930313
Sample 3,Timer,0.6663614511489868
Sample 3,Chronos,0.3336385190486908
Sample 4,TimesFM,0.7753461003303528
Sample 4,Timer,0.2246539443731308
Sample 5,Timer,0.632870078086853
Sample 5,TimesFM,0.367129921913147
Sample 6,Timer,0.8288737535476685
Sample 6,Time-MoE,0.17112623155117035
Sample 7,Moirai,0.5115671753883362
Sample 7,Time-MoE,0.4884328544139862
Sample 8,Moirai,0.8205408453941345
Sample 8,TimesFM,0.17945916950702667
Sample 9,Chronos,0.6601533889770508
Sample 9,Timer,0.3398466110229492
Sample 10,Time-MoE,0.8152530193328857
Sample 10,Moirai,0.18474693596363068
Sample 11,Chronos,0.5458301305770874
Sample 11,Timer,0.454169899225235
Sample 12,TimesFM,0.8131909370422363
Sample 12,Chronos,0.18680907785892487
Sample 13,Chronos,0.5426605939865112
Sample 13,Timer,0.45733940601348877
Sample 14,Time-MoE,0.7257192730903625
Sample 14,Chronos,0.27428072690963745
Sample 15,Moirai,0.656890869140625
Sample 15,TimesFM,0.343109130859375
Sample 0,Moirai,0.9318856596946716
Sample 0,TimesFM,0.06811440736055374
Sample 1,Chronos,0.7294000387191772
Sample 1,Timer,0.27060002088546753
Sample 2,Timer,0.6005252599716187
Sample 2,TimesFM,0.3994746804237366
Sample 3,Timer,0.5289216041564941
Sample 3,Chronos,0.4710783362388611
Sample 4,TimesFM,0.8084149360656738
Sample 4,Chronos,0.19158503413200378
Sample 5,Chronos,0.5819575190544128
Sample 5,TimesFM,0.41804245114326477
Sample 6,Time-MoE,0.9030240178108215
Sample 6,Chronos,0.09697597473859787
Sample 7,Moirai,0.6427914500236511
Sample 7,TimesFM,0.3572085201740265
Sample 8,Moirai,0.9097898602485657
Sample 8,TimesFM,0.09021015465259552
Sample 9,Chronos,0.7253428101539612
Sample 9,Timer,0.2746571898460388
Sample 10,Time-MoE,0.8099731206893921
Sample 10,Moirai,0.19002684950828552
Sample 11,Timer,0.6471182703971863
Sample 11,Chronos,0.3528817594051361
Sample 12,TimesFM,0.7295836210250854
Sample 12,Moirai,0.27041640877723694
Sample 13,Timer,0.5620346069335938
Sample 13,Chronos,0.437965452671051
Sample 14,Time-MoE,0.910557746887207
Sample 14,Chronos,0.0894421935081482
Sample 15,Moirai,0.5950475335121155
Sample 15,TimesFM,0.40495243668556213
Sample 16,Moirai,0.7755966186523438
Sample 16,TimesFM,0.22440333664417267
Sample 17,Chronos,0.6092669367790222
Sample 17,Timer,0.39073309302330017
Sample 18,TimesFM,0.728937029838562
Sample 18,Timer,0.2710629403591156
Sample 19,Chronos,0.5434839725494385
Sample 19,Timer,0.4565160274505615
Sample 20,Moirai,0.7179688811302185
Sample 20,Time-MoE,0.2820311188697815
Sample 21,Timer,0.8043975830078125
Sample 21,TimesFM,0.1956024169921875
Sample 22,Time-MoE,0.6480478048324585
Sample 22,Chronos,0.3519521653652191
Sample 23,TimesFM,0.6854903101921082
Sample 23,Timer,0.31450968980789185
Sample 24,Moirai,0.7248367071151733
Sample 24,TimesFM,0.2751632630825043
Sample 25,Chronos,0.6561572551727295
Sample 25,Timer,0.3438427150249481
Sample 26,Time-MoE,0.6313973665237427
Sample 26,Timer,0.36860260367393494
Sample 27,TimesFM,0.6391981840133667
Sample 27,Timer,0.3608017861843109
Sample 28,TimesFM,0.8561537265777588
Sample 28,Timer,0.14384622871875763
Sample 29,Timer,0.6989055871963501
Sample 29,TimesFM,0.3010944426059723
Sample 30,Time-MoE,0.7906480431556702
Sample 30,Moirai,0.20935198664665222
Sample 31,Moirai,0.5301611423492432
Sample 31,Time-MoE,0.46983885765075684
Sample 0,Timer,0.5833309888839722
Sample 0,Moirai,0.41666901111602783
Sample 1,Chronos,0.7252185344696045
Sample 1,Time-MoE,0.2747814655303955
Sample 2,Moirai,0.5501514673233032
Sample 2,Time-MoE,0.44984856247901917
Sample 3,Chronos,0.5173430442810059
Sample 3,Timer,0.48265698552131653
Sample 4,Time-MoE,0.5981134176254272
Sample 4,Timer,0.40188661217689514
Sample 5,Chronos,0.5112457275390625
Sample 5,Timer,0.4887542426586151
Sample 6,Time-MoE,0.8002274036407471
Sample 6,Chronos,0.19977259635925293
Sample 7,Moirai,0.6152267456054688
Sample 7,TimesFM,0.38477325439453125
Sample 8,Moirai,0.702231764793396
Sample 8,TimesFM,0.297768235206604
Sample 9,Chronos,0.6542829871177673
Sample 9,Timer,0.34571701288223267
Sample 10,Chronos,0.8901573419570923
Sample 10,TimesFM,0.10984262824058533
Sample 11,Timer,0.6781750321388245
Sample 11,TimesFM,0.32182496786117554
Sample 12,TimesFM,0.9487447738647461
Sample 12,Time-MoE,0.051255252212285995
Sample 13,Timer,0.6385537385940552
Sample 13,Chronos,0.3614462614059448
Sample 14,Time-MoE,0.5865733027458191
Sample 14,Timer,0.4134266674518585
Sample 15,Time-MoE,0.5749624371528625
Sample 15,Moirai,0.42503753304481506
Sample 16,Moirai,0.8774250149726868
Sample 16,TimesFM,0.12257501482963562
Sample 17,Chronos,0.6579704284667969
Sample 17,Timer,0.34202954173088074
Sample 18,Time-MoE,0.7936689257621765
Sample 18,Timer,0.20633113384246826
Sample 19,Chronos,0.537736713886261
Sample 19,Timer,0.46226322650909424
Sample 20,TimesFM,0.7671465873718262
Sample 20,Chronos,0.23285341262817383
Sample 21,Timer,0.5482160449028015
Sample 21,Chronos,0.4517839252948761
Sample 22,Time-MoE,0.9296883940696716
Sample 22,Moirai,0.07031157612800598
Sample 23,TimesFM,0.6005876660346985
Sample 23,Moirai,0.3994123339653015
Sample 24,Moirai,0.5770169496536255
Sample 24,Chronos,0.4229830801486969
Sample 25,Chronos,0.7184522151947021
Sample 25,Timer,0.28154778480529785
Sample 26,Time-MoE,0.8135940432548523
Sample 26,Chronos,0.18640592694282532
Sample 27,Timer,0.7281715869903564
Sample 27,TimesFM,0.27182841300964355
Sample 28,Timer,0.5099961757659912
Sample 28,TimesFM,0.4900037944316864
Sample 29,Timer,0.7005960941314697
Sample 29,Chronos,0.2994039058685303
Sample 30,Time-MoE,0.7828012704849243
Sample 30,Chronos,0.21719877421855927
Sample 31,Moirai,0.5187803506851196
Sample 31,TimesFM,0.48121964931488037
Sample 0,Moirai,0.710517942905426
Sample 0,Time-MoE,0.28948208689689636
Sample 1,Chronos,0.5498157143592834
Sample 1,Timer,0.45018428564071655
Sample 2,Timer,0.9541770219802856
Sample 2,Moirai,0.045823004096746445
Sample 3,Chronos,0.583164632320404
Sample 3,Timer,0.41683536767959595
Sample 4,Moirai,0.5077595114707947
Sample 4,TimesFM,0.4922404885292053
Sample 5,Time-MoE,0.6589055061340332
Sample 5,TimesFM,0.3410945236682892
Sample 6,Time-MoE,0.8386296629905701
Sample 6,Chronos,0.16137035191059113
Sample 7,Moirai,0.5426297187805176
Sample 7,Time-MoE,0.4573702812194824
Sample 8,Moirai,0.7638000845909119
Sample 8,TimesFM,0.23619991540908813
Sample 9,Chronos,0.6916161775588989
Sample 9,Timer,0.3083837926387787
Sample 10,Chronos,0.7494627833366394
Sample 10,Moirai,0.2505372166633606
Sample 11,Timer,0.6813919544219971
Sample 11,TimesFM,0.31860804557800293
Sample 12,TimesFM,0.6452168226242065
Sample 12,Timer,0.35478314757347107
Sample 13,Timer,0.616856038570404
Sample 13,Chronos,0.38314396142959595
Sample 14,Time-MoE,0.623387336730957
Sample 14,Chronos,0.37661269307136536
Sample 15,Time-MoE,0.5254195332527161
Sample 15,Moirai,0.47458046674728394
Sample 16,Chronos,0.5248452425003052
Sample 16,Timer,0.4751547873020172
Sample 17,Chronos,0.6899011731147766
Sample 17,Timer,0.310098797082901
Sample 18,Chronos,0.5448096394538879
Sample 18,Time-MoE,0.45519039034843445
Sample 19,Moirai,0.506441593170166
Sample 19,Timer,0.49355846643447876
Sample 20,TimesFM,0.5650578141212463
Sample 20,Timer,0.4349421560764313
Sample 21,Timer,0.7823503017425537
Sample 21,Chronos,0.21764971315860748
Sample 22,Time-MoE,0.9148118495941162
Sample 22,Chronos,0.085188128054142
Sample 23,Time-MoE,0.6955497860908508
Sample 23,Timer,0.30445024371147156
Sample 24,Moirai,0.6429604291915894
Sample 24,TimesFM,0.35703960061073303
Sample 25,Chronos,0.7281705737113953
Sample 25,Timer,0.2718294560909271
Sample 26,Moirai,0.7730070352554321
Sample 26,Chronos,0.22699296474456787
Sample 27,Timer,0.5842990279197693
Sample 27,TimesFM,0.4157009422779083
Sample 28,TimesFM,0.6643204092979431
Sample 28,Timer,0.3356795310974121
Sample 29,Timer,0.6660621166229248
Sample 29,Chronos,0.3339378833770752
Sample 30,Time-MoE,0.7117257118225098
Sample 30,Chronos,0.28827425837516785
Sample 31,TimesFM,0.5512285828590393
Sample 31,Moirai,0.4487714171409607
Sample 0,Moirai,0.6979633569717407
Sample 0,TimesFM,0.3020366430282593
Sample 1,Chronos,0.5291593670845032
Sample 1,Timer,0.4708406627178192
Sample 2,Timer,0.6938743591308594
Sample 2,Time-MoE,0.30612558126449585
Sample 3,Timer,0.6197679042816162
Sample 3,Chronos,0.3802320957183838
Sample 4,Chronos,0.84861820936203
Sample 4,Time-MoE,0.15138180553913116
Sample 5,Timer,0.8420208096504211
Sample 5,TimesFM,0.15797917544841766
Sample 6,Moirai,0.8743435740470886
Sample 6,Time-MoE,0.12565641105175018
Sample 7,Time-MoE,0.5746902227401733
Sample 7,Moirai,0.42530977725982666
Sample 8,Moirai,0.8805921673774719
Sample 8,TimesFM,0.11940784752368927
Sample 9,Chronos,0.7477312684059143
Sample 9,Timer,0.2522687315940857
Sample 10,Timer,0.5839086771011353
Sample 10,TimesFM,0.41609132289886475
Sample 11,Timer,0.6197099089622498
Sample 11,Chronos,0.38029012084007263
Sample 12,TimesFM,0.6905893683433533
Sample 12,Moirai,0.30941060185432434
Sample 13,Chronos,0.6063463687896729
Sample 13,TimesFM,0.39365363121032715
Sample 14,Time-MoE,0.8893141746520996
Sample 14,Chronos,0.11068585515022278
Sample 15,TimesFM,0.773699164390564
Sample 15,Moirai,0.22630082070827484
Sample 16,Moirai,0.7891404032707214
Sample 16,TimesFM,0.21085959672927856
Sample 17,Chronos,0.8573522567749023
Sample 17,Time-MoE,0.14264774322509766
Sample 18,Time-MoE,0.7577589154243469
Sample 18,Moirai,0.2422410547733307
Sample 19,Timer,0.5503900647163391
Sample 19,TimesFM,0.4496099352836609
Sample 20,TimesFM,0.5595797300338745
Sample 20,Timer,0.4404202401638031
Sample 21,Time-MoE,0.6641217470169067
Sample 21,Chronos,0.3358782231807709
Sample 22,Time-MoE,0.9251235723495483
Sample 22,Moirai,0.07487647235393524
Sample 23,Moirai,0.5236546397209167
Sample 23,Time-MoE,0.47634536027908325
Sample 24,TimesFM,0.5195174813270569
Sample 24,Moirai,0.4804825782775879
Sample 25,Chronos,0.7309057116508484
Sample 25,Timer,0.2690942585468292
Sample 26,Time-MoE,0.7287638783454895
Sample 26,Moirai,0.2712361216545105
Sample 27,Timer,0.5150041580200195
Sample 27,Chronos,0.48499584197998047
Sample 28,TimesFM,0.5471817255020142
Sample 28,Moirai,0.45281824469566345
Sample 29,Timer,0.7168298363685608
Sample 29,Chronos,0.2831701934337616
Sample 30,Time-MoE,0.7525231242179871
Sample 30,Chronos,0.24747686088085175
Sample 31,Moirai,0.524196445941925
Sample 31,TimesFM,0.4758034944534302
Sample 0,Moirai,0.9315690398216248
Sample 0,TimesFM,0.06843089312314987
Sample 1,Chronos,0.7299799919128418
Sample 1,Timer,0.2700200080871582
Sample 2,Chronos,0.5209802985191345
Sample 2,Timer,0.4790196716785431
Sample 3,Timer,0.5116679072380066
Sample 3,Chronos,0.4883320927619934
Sample 4,TimesFM,0.7666636109352112
Sample 4,Chronos,0.23333634436130524
Sample 5,Chronos,0.6478955149650574
Sample 5,Time-MoE,0.35210445523262024
Sample 6,Time-MoE,0.6786659359931946
Sample 6,Chronos,0.3213341236114502
Sample 7,Time-MoE,0.5803360342979431
Sample 7,Moirai,0.4196639657020569
Sample 8,Moirai,0.7141474485397339
Sample 8,TimesFM,0.2858525216579437
Sample 9,Chronos,0.7139463424682617
Sample 9,Timer,0.28605368733406067
Sample 10,Time-MoE,0.6168026924133301
Sample 10,Moirai,0.3831973373889923
Sample 11,Timer,0.5975148677825928
Sample 11,TimesFM,0.40248510241508484
Sample 12,TimesFM,0.7715245485305786
Sample 12,Chronos,0.2284754514694214
Sample 13,Timer,0.8265202641487122
Sample 13,TimesFM,0.17347973585128784
Sample 14,Time-MoE,0.8765406608581543
Sample 14,Moirai,0.1234593316912651
Sample 15,Chronos,0.5828824639320374
Sample 15,Timer,0.41711750626564026
Sample 16,Timer,0.6181027889251709
Sample 16,Moirai,0.3818972408771515
Sample 17,Chronos,0.6639312505722046
Sample 17,Time-MoE,0.3360687792301178
Sample 18,Time-MoE,0.9394943714141846
Sample 18,Moirai,0.06050562858581543
Sample 19,Timer,0.6670863628387451
Sample 19,Chronos,0.3329136371612549
Sample 20,TimesFM,0.682969868183136
Sample 20,Timer,0.3170301616191864
Sample 21,Timer,0.6696575880050659
Sample 21,Chronos,0.3303424119949341
Sample 22,Time-MoE,0.792228639125824
Sample 22,Chronos,0.2077714055776596
Sample 23,Moirai,0.5212627053260803
Sample 23,Time-MoE,0.47873732447624207
Sample 24,Moirai,0.9341882467269897
Sample 24,TimesFM,0.06581171602010727
Sample 25,Chronos,0.7195597887039185
Sample 25,Timer,0.28044024109840393
Sample 26,TimesFM,0.5930476784706116
Sample 26,Time-MoE,0.4069523513317108
Sample 27,Timer,0.5868819952011108
Sample 27,Chronos,0.4131179749965668
Sample 28,TimesFM,0.5858007669448853
Sample 28,Moirai,0.41419923305511475
Sample 29,Chronos,0.5694344639778137
Sample 29,Moirai,0.4305655360221863
Sample 30,Time-MoE,0.8978093266487122
Sample 30,Chronos,0.10219063609838486
Sample 31,Moirai,0.5053783655166626
Sample 31,Time-MoE,0.4946215748786926
Sample 0,Moirai,0.910986602306366
Sample 0,TimesFM,0.08901337534189224
Sample 1,Chronos,0.7523918747901917
Sample 1,Timer,0.24760811030864716
Sample 2,TimesFM,0.8562530279159546
Sample 2,Time-MoE,0.143747016787529
Sample 3,Chronos,0.5593818426132202
Sample 3,Timer,0.440618097782135
Sample 4,TimesFM,0.5410528779029846
Sample 4,Timer,0.45894715189933777
Sample 5,Chronos,0.6062623858451843
Sample 5,Time-MoE,0.39373764395713806
Sample 6,Time-MoE,0.8062149882316589
Sample 6,Chronos,0.19378504157066345
Sample 7,Moirai,0.5817975997924805
Sample 7,Time-MoE,0.41820240020751953
Sample 8,Moirai,0.6596977710723877
Sample 8,TimesFM,0.3403022289276123
Sample 9,Chronos,0.6259398460388184
Sample 9,Timer,0.37406012415885925
Sample 10,TimesFM,0.7758316993713379
Sample 10,Moirai,0.2241683155298233
Sample 11,Chronos,0.5710183382034302
Sample 11,Timer,0.42898163199424744
Sample 12,Timer,0.6104547381401062
Sample 12,TimesFM,0.3895452916622162
Sample 13,Timer,0.8392990231513977
Sample 13,TimesFM,0.16070102155208588
Sample 14,Moirai,0.8417097926139832
Sample 14,Time-MoE,0.15829020738601685
Sample 15,Time-MoE,0.6275413632392883
Sample 15,Moirai,0.37245866656303406
Sample 16,Moirai,0.7120107412338257
Sample 16,TimesFM,0.2879892885684967
Sample 17,Chronos,0.6217507719993591
Sample 17,Timer,0.37824925780296326
Sample 18,TimesFM,0.5127946734428406
Sample 18,Time-MoE,0.48720529675483704
Sample 19,Chronos,0.618996798992157
Sample 19,Timer,0.381003201007843
Sample 20,Chronos,0.5117425918579102
Sample 20,Time-MoE,0.48825740814208984
Sample 21,Timer,0.6665295958518982
Sample 21,Chronos,0.3334704339504242
Sample 22,Time-MoE,0.9474247694015503
Sample 22,TimesFM,0.052575211971998215
Sample 23,Moirai,0.5418124198913574
Sample 23,Time-MoE,0.4581875205039978
Sample 24,Moirai,0.8014691472053528
Sample 24,TimesFM,0.19853082299232483
Sample 25,Chronos,0.6352763175964355
Sample 25,Timer,0.36472371220588684
Sample 26,Time-MoE,0.7608482837677002
Sample 26,Moirai,0.239151731133461
Sample 27,Chronos,0.625435471534729
Sample 27,Timer,0.3745644986629486
Sample 28,Moirai,0.7762585282325745
Sample 28,Time-MoE,0.22374145686626434
Sample 29,Time-MoE,0.6794948577880859
Sample 29,Chronos,0.32050517201423645
Sample 30,Time-MoE,0.7668499946594238
Sample 30,TimesFM,0.23315003514289856
Sample 31,Timer,0.5205522775650024
Sample 31,Time-MoE,0.47944775223731995
Sample 0,Timer,0.5466686487197876
Sample 0,Chronos,0.4533313512802124
Sample 1,Chronos,0.7316130995750427
Sample 1,Time-MoE,0.2683868706226349
Sample 2,Time-MoE,0.8276501893997192
Sample 2,Moirai,0.17234976589679718
Sample 3,Timer,0.6572487354278564
Sample 3,Chronos,0.34275129437446594
Sample 4,TimesFM,0.7779707908630371
Sample 4,Timer,0.2220291793346405
Sample 5,Timer,0.634300172328949
Sample 5,Chronos,0.36569979786872864
Sample 6,Timer,0.8244397044181824
Sample 6,Chronos,0.1755603551864624
Sample 7,Time-MoE,0.5000947117805481
Sample 7,Moirai,0.49990522861480713
Sample 8,Moirai,0.8264709115028381
Sample 8,TimesFM,0.17352910339832306
Sample 9,Chronos,0.6913964152336121
Sample 9,Timer,0.30860358476638794
Sample 10,Time-MoE,0.8125865459442139
Sample 10,Moirai,0.18741342425346375
Sample 11,Chronos,0.5738881230354309
Sample 11,Timer,0.4261118471622467
Sample 12,TimesFM,0.8101618885993958
Sample 12,Chronos,0.18983815610408783
Sample 13,Chronos,0.5660289525985718
Sample 13,Timer,0.4339710474014282
Sample 14,Time-MoE,0.6982739567756653
Sample 14,Chronos,0.3017260432243347
Sample 15,Moirai,0.6532338261604309
Sample 15,Time-MoE,0.3467661738395691
Sample 0,Moirai,0.9364292621612549
Sample 0,TimesFM,0.0635707825422287
Sample 1,Chronos,0.7405307292938232
Sample 1,Timer,0.25946930050849915
Sample 2,Timer,0.5845269560813904
Sample 2,TimesFM,0.4154731035232544
Sample 3,Timer,0.533274233341217
Sample 3,Chronos,0.46672576665878296
Sample 4,TimesFM,0.8044295907020569
Sample 4,Chronos,0.1955704391002655
Sample 5,Chronos,0.5822057127952576
Sample 5,Timer,0.41779428720474243
Sample 6,Time-MoE,0.9052239656448364
Sample 6,Timer,0.09477607160806656
Sample 7,Moirai,0.6343207955360413
Sample 7,TimesFM,0.36567920446395874
Sample 8,Moirai,0.9153661131858826
Sample 8,TimesFM,0.08463393151760101
Sample 9,Chronos,0.7350801825523376
Sample 9,Timer,0.26491978764533997
Sample 10,Time-MoE,0.811659038066864
Sample 10,Moirai,0.18834099173545837
Sample 11,Timer,0.6604968905448914
Sample 11,Chronos,0.33950304985046387
Sample 12,TimesFM,0.738288402557373
Sample 12,Moirai,0.26171156764030457
Sample 13,Timer,0.5747528672218323
Sample 13,Chronos,0.4252471625804901
Sample 14,Time-MoE,0.9134899973869324
Sample 14,Chronos,0.08650995790958405
Sample 15,Moirai,0.5863652229309082
Sample 15,TimesFM,0.4136348068714142
Sample 16,Moirai,0.7774811387062073
Sample 16,TimesFM,0.22251884639263153
Sample 17,Chronos,0.6148659586906433
Sample 17,Timer,0.3851339817047119
Sample 18,TimesFM,0.7236508131027222
Sample 18,Timer,0.27634915709495544
Sample 19,Chronos,0.5453202724456787
Sample 19,Timer,0.4546797573566437
Sample 20,Moirai,0.7068179845809937
Sample 20,Time-MoE,0.29318201541900635
Sample 21,Timer,0.8246738314628601
Sample 21,Chronos,0.1753261387348175
Sample 22,Time-MoE,0.6563527584075928
Sample 22,Chronos,0.3436472415924072
Sample 23,TimesFM,0.6900873184204102
Sample 23,Moirai,0.30991271138191223
Sample 24,Moirai,0.7178656458854675
Sample 24,TimesFM,0.28213435411453247
Sample 25,Chronos,0.6643818616867065
Sample 25,Timer,0.33561813831329346
Sample 26,Time-MoE,0.6268686056137085
Sample 26,Timer,0.3731314241886139
Sample 27,TimesFM,0.6330729126930237
Sample 27,Moirai,0.3669270873069763
Sample 28,TimesFM,0.8678162097930908
Sample 28,Timer,0.13218386471271515
Sample 29,Timer,0.7258329391479492
Sample 29,TimesFM,0.2741670608520508
Sample 30,Time-MoE,0.7778175473213196
Sample 30,Moirai,0.2221824675798416
Sample 31,Moirai,0.5078639984130859
Sample 31,Time-MoE,0.49213603138923645
Sample 0,Timer,0.5888400077819824
Sample 0,Moirai,0.4111599326133728
Sample 1,Chronos,0.7308358550071716
Sample 1,Timer,0.269164115190506
Sample 2,Moirai,0.5701399445533752
Sample 2,Time-MoE,0.42986002564430237
Sample 3,Chronos,0.5107802748680115
Sample 3,Timer,0.4892197549343109
Sample 4,Time-MoE,0.6006609797477722
Sample 4,Timer,0.3993390202522278
Sample 5,Timer,0.5116876363754272
Sample 5,Chronos,0.48831233382225037
Sample 6,Time-MoE,0.8057090044021606
Sample 6,Chronos,0.19429096579551697
Sample 7,Moirai,0.5982286930084229
Sample 7,Time-MoE,0.40177127718925476
Sample 8,Moirai,0.7068356275558472
Sample 8,TimesFM,0.29316437244415283
Sample 9,Chronos,0.6494776606559753
Sample 9,Timer,0.35052230954170227
Sample 10,Chronos,0.9004238843917847
Sample 10,TimesFM,0.09957612305879593
Sample 11,Timer,0.6936358213424683
Sample 11,TimesFM,0.3063642084598541
Sample 12,TimesFM,0.9518435001373291
Sample 12,Time-MoE,0.0481564924120903
Sample 13,Timer,0.655038058757782
Sample 13,Chronos,0.344961941242218
Sample 14,Time-MoE,0.56402987241745
Sample 14,Timer,0.43597009778022766
Sample 15,Time-MoE,0.5946874022483826
Sample 15,Moirai,0.4053126573562622
Sample 16,Moirai,0.879059374332428
Sample 16,TimesFM,0.12094060331583023
Sample 17,Chronos,0.6541184782981873
Sample 17,Timer,0.34588155150413513
Sample 18,Time-MoE,0.8008924126625061
Sample 18,Moirai,0.19910761713981628
Sample 19,Chronos,0.5305038094520569
Sample 19,Timer,0.4694961905479431
Sample 20,TimesFM,0.7683483362197876
Sample 20,Chronos,0.2316516488790512
Sample 21,Timer,0.5669565796852112
Sample 21,Chronos,0.4330434203147888
Sample 22,Time-MoE,0.9271767735481262
Sample 22,Moirai,0.07282321900129318
Sample 23,TimesFM,0.614834189414978
Sample 23,Moirai,0.38516587018966675
Sample 24,Moirai,0.5638068318367004
Sample 24,Chronos,0.4361931383609772
Sample 25,Chronos,0.7125069499015808
Sample 25,Timer,0.2874930799007416
Sample 26,Time-MoE,0.8127511739730835
Sample 26,Chronos,0.18724879622459412
Sample 27,Timer,0.7439146041870117
Sample 27,TimesFM,0.2560853958129883
Sample 28,TimesFM,0.5299638509750366
Sample 28,Timer,0.47003617882728577
Sample 29,Timer,0.7185936570167542
Sample 29,Chronos,0.28140637278556824
Sample 30,Time-MoE,0.7919127941131592
Sample 30,Chronos,0.20808717608451843
Sample 31,Moirai,0.503885805606842
Sample 31,TimesFM,0.49611416459083557
Sample 0,Moirai,0.693968653678894
Sample 0,Time-MoE,0.30603131651878357
Sample 1,Chronos,0.5249919295310974
Sample 1,Timer,0.4750080704689026
Sample 2,Timer,0.9586154222488403
Sample 2,Moirai,0.04138454794883728
Sample 3,Chronos,0.552768886089325
Sample 3,Timer,0.44723111391067505
Sample 4,TimesFM,0.5006086230278015
Sample 4,Moirai,0.4993913769721985
Sample 5,Time-MoE,0.6587986946105957
Sample 5,TimesFM,0.3412012755870819
Sample 6,Time-MoE,0.8444493412971497
Sample 6,Timer,0.15555065870285034
Sample 7,Moirai,0.5241379141807556
Sample 7,Time-MoE,0.475862056016922
Sample 8,Moirai,0.7578239440917969
Sample 8,TimesFM,0.24217607080936432
Sample 9,Chronos,0.6750147938728333
Sample 9,Timer,0.32498523592948914
Sample 10,Chronos,0.7408750653266907
Sample 10,Moirai,0.2591249644756317
Sample 11,Timer,0.6650214791297913
Sample 11,TimesFM,0.33497855067253113
Sample 12,TimesFM,0.6732483506202698
Sample 12,Timer,0.3267516493797302
Sample 13,Timer,0.6543716192245483
Sample 13,Chronos,0.34562844038009644
Sample 14,Time-MoE,0.6479281187057495
Sample 14,Chronos,0.3520718812942505
Sample 15,Time-MoE,0.546497642993927
Sample 15,Moirai,0.4535023272037506
Sample 16,Chronos,0.5140082240104675
Sample 16,Timer,0.4859917461872101
Sample 17,Chronos,0.6663110256195068
Sample 17,Timer,0.3336889445781708
Sample 18,Chronos,0.5469382405281067
Sample 18,Time-MoE,0.4530617892742157
Sample 19,Timer,0.5046014785766602
Sample 19,Moirai,0.49539855122566223
Sample 20,TimesFM,0.6058868765830994
Sample 20,Timer,0.394113153219223
Sample 21,Timer,0.8059129118919373
Sample 21,Chronos,0.19408708810806274
Sample 22,Time-MoE,0.920610785484314
Sample 22,Moirai,0.07938923686742783
Sample 23,Time-MoE,0.6904712319374084
Sample 23,Timer,0.30952882766723633
Sample 24,Moirai,0.6308948993682861
Sample 24,TimesFM,0.3691050708293915
Sample 25,Chronos,0.712780237197876
Sample 25,Timer,0.28721973299980164
Sample 26,Moirai,0.7746280431747437
Sample 26,Chronos,0.22537195682525635
Sample 27,Timer,0.588591456413269
Sample 27,TimesFM,0.41140857338905334
Sample 28,TimesFM,0.6867557168006897
Sample 28,Timer,0.3132442533969879
Sample 29,Timer,0.6980646848678589
Sample 29,Chronos,0.3019352853298187
Sample 30,Time-MoE,0.731440544128418
Sample 30,Chronos,0.2685594856739044
Sample 31,TimesFM,0.5680202841758728
Sample 31,Moirai,0.4319797158241272
Sample 0,Moirai,0.6894719004631042
Sample 0,TimesFM,0.31052812933921814
Sample 1,Timer,0.5023012161254883
Sample 1,Chronos,0.49769875407218933
Sample 2,Timer,0.7134735584259033
Sample 2,Time-MoE,0.2865264117717743
Sample 3,Timer,0.6546755433082581
Sample 3,Chronos,0.34532448649406433
Sample 4,Chronos,0.8449022173881531
Sample 4,Time-MoE,0.15509776771068573
Sample 5,Timer,0.8381096720695496
Sample 5,TimesFM,0.16189028322696686
Sample 6,Moirai,0.8812586069107056
Sample 6,Time-MoE,0.11874139308929443
Sample 7,Time-MoE,0.584350049495697
Sample 7,Moirai,0.4156499207019806
Sample 8,Moirai,0.8816190361976624
Sample 8,TimesFM,0.11838097870349884
Sample 9,Chronos,0.7238925099372864
Sample 9,Timer,0.2761075496673584
Sample 10,Timer,0.5792332291603088
Sample 10,TimesFM,0.42076677083969116
Sample 11,Timer,0.6667974591255188
Sample 11,Chronos,0.333202600479126
Sample 12,TimesFM,0.6958590745925903
Sample 12,Moirai,0.30414095520973206
Sample 13,Chronos,0.5788460373878479
Sample 13,TimesFM,0.4211539030075073
Sample 14,Time-MoE,0.905585527420044
Sample 14,Chronos,0.09441446512937546
Sample 15,TimesFM,0.7817322611808777
Sample 15,Moirai,0.21826770901679993
Sample 16,Moirai,0.7843734622001648
Sample 16,TimesFM,0.2156265377998352
Sample 17,Chronos,0.8475735783576965
Sample 17,Time-MoE,0.15242640674114227
Sample 18,Time-MoE,0.768063485622406
Sample 18,Moirai,0.2319365292787552
Sample 19,Timer,0.5532675385475159
Sample 19,TimesFM,0.44673243165016174
Sample 20,TimesFM,0.5888258814811707
Sample 20,Timer,0.41117405891418457
Sample 21,Time-MoE,0.6790019869804382
Sample 21,Timer,0.32099801301956177
Sample 22,Time-MoE,0.9305355548858643
Sample 22,Moirai,0.06946443766355515
Sample 23,Moirai,0.5176977515220642
Sample 23,Time-MoE,0.4823022484779358
Sample 24,TimesFM,0.5334838032722473
Sample 24,Moirai,0.4665161669254303
Sample 25,Chronos,0.6988697648048401
Sample 25,Timer,0.3011302053928375
Sample 26,Time-MoE,0.7334536910057068
Sample 26,Moirai,0.2665463089942932
Sample 27,Timer,0.5631610155105591
Sample 27,Chronos,0.43683895468711853
Sample 28,TimesFM,0.5420234799385071
Sample 28,Moirai,0.4579765498638153
Sample 29,Timer,0.7507458925247192
Sample 29,TimesFM,0.249254047870636
Sample 30,Time-MoE,0.7818032503128052
Sample 30,Chronos,0.21819671988487244
Sample 31,Moirai,0.5171036720275879
Sample 31,TimesFM,0.4828963577747345
Sample 0,Moirai,0.9311765432357788
Sample 0,Chronos,0.06882350891828537
Sample 1,Chronos,0.7010928392410278
Sample 1,Timer,0.29890716075897217
Sample 2,Timer,0.5295433402061462
Sample 2,Chronos,0.47045668959617615
Sample 3,Timer,0.5551251173019409
Sample 3,Chronos,0.44487491250038147
Sample 4,TimesFM,0.7812615633010864
Sample 4,Chronos,0.21873839199543
Sample 5,Chronos,0.6097880005836487
Sample 5,Timer,0.3902119994163513
Sample 6,Time-MoE,0.7231190204620361
Sample 6,Chronos,0.2768809497356415
Sample 7,Time-MoE,0.5847480893135071
Sample 7,Moirai,0.4152519404888153
Sample 8,Moirai,0.700568675994873
Sample 8,TimesFM,0.29943132400512695
Sample 9,Chronos,0.6877251863479614
Sample 9,Timer,0.3122747838497162
Sample 10,Time-MoE,0.6367440223693848
Sample 10,Moirai,0.3632560074329376
Sample 11,Timer,0.5935478210449219
Sample 11,TimesFM,0.40645211935043335
Sample 12,TimesFM,0.7832706570625305
Sample 12,Chronos,0.2167292833328247
Sample 13,Timer,0.8360229134559631
Sample 13,TimesFM,0.16397707164287567
Sample 14,Time-MoE,0.8766981363296509
Sample 14,Moirai,0.12330188602209091
Sample 15,Chronos,0.5950449705123901
Sample 15,Timer,0.40495502948760986
Sample 16,Timer,0.6356528997421265
Sample 16,Moirai,0.36434707045555115
Sample 17,Chronos,0.6222448348999023
Sample 17,Time-MoE,0.37775513529777527
Sample 18,Time-MoE,0.9438808560371399
Sample 18,Timer,0.05611912161111832
Sample 19,Timer,0.7128320336341858
Sample 19,Chronos,0.2871679961681366
Sample 20,TimesFM,0.7117829918861389
Sample 20,Timer,0.2882170081138611
Sample 21,Timer,0.7086432576179504
Sample 21,TimesFM,0.2913567125797272
Sample 22,Time-MoE,0.8299509286880493
Sample 22,Chronos,0.17004908621311188
Sample 23,Moirai,0.5317962169647217
Sample 23,Time-MoE,0.46820372343063354
Sample 24,Moirai,0.9358454346656799
Sample 24,TimesFM,0.06415456533432007
Sample 25,Chronos,0.6947256326675415
Sample 25,Timer,0.3052743077278137
Sample 26,TimesFM,0.5898123383522034
Sample 26,Time-MoE,0.4101877212524414
Sample 27,Timer,0.6304529905319214
Sample 27,Chronos,0.3695470690727234
Sample 28,TimesFM,0.5944186449050903
Sample 28,Moirai,0.40558138489723206
Sample 29,Chronos,0.5574149489402771
Sample 29,Moirai,0.4425850808620453
Sample 30,Time-MoE,0.913826048374176
Sample 30,Chronos,0.0861739069223404
Sample 31,Moirai,0.501562237739563
Sample 31,Time-MoE,0.4984378218650818
Sample 0,Moirai,0.9123303294181824
Sample 0,TimesFM,0.08766969293355942
Sample 1,Chronos,0.7271226644515991
Sample 1,Timer,0.2728772759437561
Sample 2,TimesFM,0.8678132891654968
Sample 2,Time-MoE,0.13218674063682556
Sample 3,Chronos,0.5157127380371094
Sample 3,Timer,0.48428723216056824
Sample 4,TimesFM,0.574286699295044
Sample 4,Timer,0.42571333050727844
Sample 5,Chronos,0.5564671754837036
Sample 5,Time-MoE,0.443532794713974
Sample 6,Time-MoE,0.835215151309967
Sample 6,Chronos,0.16478483378887177
Sample 7,Moirai,0.5740218162536621
Sample 7,Time-MoE,0.4259781837463379
Sample 8,Moirai,0.6530054807662964
Sample 8,TimesFM,0.3469944894313812
Sample 9,Chronos,0.5887930989265442
Sample 9,Timer,0.4112069010734558
Sample 10,TimesFM,0.7459570169448853
Sample 10,Moirai,0.25404298305511475
Sample 11,Chronos,0.540462076663971
Sample 11,Timer,0.45953795313835144
Sample 12,Timer,0.6059531569480896
Sample 12,TimesFM,0.394046813249588
Sample 13,Timer,0.8343631029129028
Sample 13,TimesFM,0.16563691198825836
Sample 14,Moirai,0.8504325747489929
Sample 14,Time-MoE,0.1495674103498459
Sample 15,Time-MoE,0.6303412914276123
Sample 15,Moirai,0.3696587383747101
Sample 16,Moirai,0.7060241103172302
Sample 16,TimesFM,0.2939758896827698
Sample 17,Chronos,0.5869917869567871
Sample 17,Timer,0.4130082130432129
Sample 18,TimesFM,0.5209212303161621
Sample 18,Time-MoE,0.4790787398815155
Sample 19,Chronos,0.5823380351066589
Sample 19,Timer,0.41766196489334106
Sample 20,Time-MoE,0.5271400809288025
Sample 20,Chronos,0.4728598892688751
Sample 21,Timer,0.7097035050392151
Sample 21,Chronos,0.2902964949607849
Sample 22,Time-MoE,0.9522019624710083
Sample 22,TimesFM,0.047798022627830505
Sample 23,Moirai,0.5537397265434265
Sample 23,Time-MoE,0.4462602734565735
Sample 24,Moirai,0.7946625351905823
Sample 24,Timer,0.20533744990825653
Sample 25,Chronos,0.5967457890510559
Sample 25,Timer,0.4032542407512665
Sample 26,Time-MoE,0.7613569498062134
Sample 26,Moirai,0.23864303529262543
Sample 27,Chronos,0.5785143375396729
Sample 27,Timer,0.4214857220649719
Sample 28,Moirai,0.791710615158081
Sample 28,Time-MoE,0.20828941464424133
Sample 29,Time-MoE,0.7356306314468384
Sample 29,Chronos,0.264369398355484
Sample 30,Time-MoE,0.7660412788391113
Sample 30,TimesFM,0.23395870625972748
Sample 31,Timer,0.5427442789077759
Sample 31,Time-MoE,0.4572557210922241
Sample 0,Timer,0.5679771900177002
Sample 0,Chronos,0.4320228099822998
Sample 1,Chronos,0.6801897883415222
Sample 1,Time-MoE,0.3198102116584778
Sample 2,Time-MoE,0.8486587405204773
Sample 2,Moirai,0.1513412892818451
Sample 3,Timer,0.6888175010681152
Sample 3,Chronos,0.3111824691295624
Sample 4,TimesFM,0.7841629385948181
Sample 4,Timer,0.21583709120750427
Sample 5,Timer,0.6442500948905945
Sample 5,TimesFM,0.3557499349117279
Sample 6,Timer,0.8256810903549194
Sample 6,Time-MoE,0.1743188500404358
Sample 7,Moirai,0.5242395997047424
Sample 7,Time-MoE,0.47576045989990234
Sample 8,Moirai,0.8228538036346436
Sample 8,TimesFM,0.17714613676071167
Sample 9,Chronos,0.6695652604103088
Sample 9,Timer,0.3304347097873688
Sample 10,Time-MoE,0.817287266254425
Sample 10,Moirai,0.18271270394325256
Sample 11,Chronos,0.5460279583930969
Sample 11,Timer,0.45397207140922546
Sample 12,TimesFM,0.8256606459617615
Sample 12,Chronos,0.1743393987417221
Sample 13,Chronos,0.529173731803894
Sample 13,Timer,0.47082626819610596
Sample 14,Time-MoE,0.7529500722885132
Sample 14,Chronos,0.24704989790916443
Sample 15,Moirai,0.659953773021698
Sample 15,TimesFM,0.3400461673736572
Sample 0,Moirai,0.9393373131752014
Sample 0,TimesFM,0.060662660747766495
Sample 1,Chronos,0.7415688037872314
Sample 1,Timer,0.25843116641044617
Sample 2,Timer,0.571200430393219
Sample 2,TimesFM,0.428799569606781
Sample 3,Timer,0.5475476980209351
Sample 3,Chronos,0.45245227217674255
Sample 4,TimesFM,0.8198511600494385
Sample 4,Chronos,0.1801488697528839
Sample 5,Chronos,0.5721204280853271
Sample 5,Timer,0.42787957191467285
Sample 6,Time-MoE,0.9223837852478027
Sample 6,Timer,0.07761619985103607
Sample 7,Moirai,0.6412421464920044
Sample 7,TimesFM,0.3587578535079956
Sample 8,Moirai,0.9137860536575317
Sample 8,Time-MoE,0.08621392399072647
Sample 9,Chronos,0.7358933091163635
Sample 9,Timer,0.2641066908836365
Sample 10,Time-MoE,0.8329341411590576
Sample 10,Moirai,0.16706590354442596
Sample 11,Timer,0.6776826977729797
Sample 11,Chronos,0.32231730222702026
Sample 12,TimesFM,0.7466745376586914
Sample 12,Moirai,0.2533254027366638
Sample 13,Timer,0.5947118997573853
Sample 13,Chronos,0.40528807044029236
Sample 14,Time-MoE,0.9286169409751892
Sample 14,Chronos,0.07138313353061676
Sample 15,Moirai,0.5910775661468506
Sample 15,TimesFM,0.408922404050827
Sample 16,Moirai,0.7791047096252441
Sample 16,TimesFM,0.22089533507823944
Sample 17,Chronos,0.6109562516212463
Sample 17,Timer,0.3890437185764313
Sample 18,TimesFM,0.7243481278419495
Sample 18,Timer,0.27565187215805054
Sample 19,Chronos,0.5381806492805481
Sample 19,Timer,0.4618193805217743
Sample 20,Moirai,0.6983121037483215
Sample 20,Time-MoE,0.30168795585632324
Sample 21,Timer,0.829188883304596
Sample 21,TimesFM,0.17081108689308167
Sample 22,Time-MoE,0.6941739916801453
Sample 22,Chronos,0.30582597851753235
Sample 23,TimesFM,0.6889559626579285
Sample 23,Moirai,0.31104400753974915
Sample 24,Moirai,0.7241393327713013
Sample 24,TimesFM,0.27586066722869873
Sample 25,Chronos,0.6631935834884644
Sample 25,Timer,0.33680644631385803
Sample 26,Time-MoE,0.6686329245567322
Sample 26,Timer,0.3313670754432678
Sample 27,TimesFM,0.6503499746322632
Sample 27,Timer,0.34964999556541443
Sample 28,TimesFM,0.8674017786979675
Sample 28,Timer,0.13259826600551605
Sample 29,Timer,0.7197132110595703
Sample 29,TimesFM,0.2802867889404297
Sample 30,Time-MoE,0.8067416548728943
Sample 30,Moirai,0.19325828552246094
Sample 31,Moirai,0.5184531211853027
Sample 31,Time-MoE,0.48154690861701965
Sample 0,Timer,0.5536984801292419
Sample 0,Moirai,0.44630154967308044
Sample 1,Chronos,0.7013821005821228
Sample 1,Time-MoE,0.2986178696155548
Sample 2,Moirai,0.5707157850265503
Sample 2,TimesFM,0.4292842447757721
Sample 3,Chronos,0.5280942916870117
Sample 3,Timer,0.47190573811531067
Sample 4,Time-MoE,0.5959664583206177
Sample 4,Timer,0.40403351187705994
Sample 5,Timer,0.5069589018821716
Sample 5,Chronos,0.49304115772247314
Sample 6,Time-MoE,0.8424408435821533
Sample 6,Chronos,0.15755915641784668
Sample 7,Moirai,0.612034022808075
Sample 7,TimesFM,0.38796597719192505
Sample 8,Moirai,0.6976804137229919
Sample 8,TimesFM,0.30231955647468567
Sample 9,Chronos,0.6661942601203918
Sample 9,Timer,0.33380576968193054
Sample 10,Chronos,0.8904775977134705
Sample 10,Time-MoE,0.10952238738536835
Sample 11,Timer,0.6831209659576416
Sample 11,TimesFM,0.316879004240036
Sample 12,TimesFM,0.9540036916732788
Sample 12,Time-MoE,0.0459962859749794
Sample 13,Timer,0.6472782492637634
Sample 13,Chronos,0.35272181034088135
Sample 14,Time-MoE,0.6082291007041931
Sample 14,Timer,0.39177095890045166
Sample 15,Time-MoE,0.5915862321853638
Sample 15,Moirai,0.40841376781463623
Sample 16,Moirai,0.8823192715644836
Sample 16,TimesFM,0.11768074333667755
Sample 17,Chronos,0.6717551350593567
Sample 17,Timer,0.3282449245452881
Sample 18,Time-MoE,0.8074274063110352
Sample 18,Timer,0.19257260859012604
Sample 19,Chronos,0.5477410554885864
Sample 19,Timer,0.45225900411605835
Sample 20,TimesFM,0.7815273404121399
Sample 20,Chronos,0.21847271919250488
Sample 21,Timer,0.5586600303649902
Sample 21,Chronos,0.4413399398326874
Sample 22,Time-MoE,0.9439335465431213
Sample 22,Moirai,0.05606650933623314
Sample 23,TimesFM,0.6082802414894104
Sample 23,Moirai,0.3917197585105896
Sample 24,Moirai,0.5542382001876831
Sample 24,Chronos,0.4457618296146393
Sample 25,Chronos,0.7266388535499573
Sample 25,Timer,0.2733611464500427
Sample 26,Time-MoE,0.8343100547790527
Sample 26,Chronos,0.16568996012210846
Sample 27,Timer,0.7272775173187256
Sample 27,TimesFM,0.27272242307662964
Sample 28,TimesFM,0.551097571849823
Sample 28,Timer,0.4489023685455322
Sample 29,Timer,0.7150987386703491
Sample 29,Chronos,0.28490129113197327
Sample 30,Time-MoE,0.8264682292938232
Sample 30,Chronos,0.17353181540966034
Sample 31,Moirai,0.5123065114021301
Sample 31,TimesFM,0.48769351840019226
Sample 0,Moirai,0.7031151056289673
Sample 0,Time-MoE,0.2968849241733551
Sample 1,Chronos,0.5593700408935547
Sample 1,Timer,0.4406299591064453
Sample 2,Timer,0.9610269069671631
Sample 2,Moirai,0.03897310420870781
Sample 3,Chronos,0.5778292417526245
Sample 3,Timer,0.4221707284450531
Sample 4,TimesFM,0.5086969137191772
Sample 4,Moirai,0.49130314588546753
Sample 5,Time-MoE,0.6838294863700867
Sample 5,TimesFM,0.31617051362991333
Sample 6,Time-MoE,0.8549079298973083
Sample 6,TimesFM,0.14509204030036926
Sample 7,Moirai,0.5257644653320312
Sample 7,Time-MoE,0.47423556447029114
Sample 8,Moirai,0.7673259377479553
Sample 8,TimesFM,0.23267410695552826
Sample 9,Chronos,0.7087726593017578
Sample 9,Timer,0.2912273705005646
Sample 10,Chronos,0.7283200025558472
Sample 10,Time-MoE,0.27167996764183044
Sample 11,Timer,0.6258163452148438
Sample 11,TimesFM,0.37418365478515625
Sample 12,TimesFM,0.6676080822944641
Sample 12,Timer,0.3323918879032135
Sample 13,Timer,0.635266125202179
Sample 13,Chronos,0.36473390460014343
Sample 14,Time-MoE,0.684752881526947
Sample 14,Chronos,0.315247118473053
Sample 15,Time-MoE,0.5123821496963501
Sample 15,Moirai,0.4876178801059723
Sample 16,Chronos,0.5550632476806641
Sample 16,Timer,0.44493672251701355
Sample 17,Chronos,0.67376309633255
Sample 17,Time-MoE,0.32623690366744995
Sample 18,Chronos,0.5592085719108582
Sample 18,Time-MoE,0.4407914876937866
Sample 19,Time-MoE,0.5193493366241455
Sample 19,Moirai,0.48065072298049927
Sample 20,TimesFM,0.6207789182662964
Sample 20,Timer,0.3792210817337036
Sample 21,Timer,0.794015645980835
Sample 21,Chronos,0.20598430931568146
Sample 22,Time-MoE,0.9382893443107605
Sample 22,Chronos,0.06171068921685219
Sample 23,Time-MoE,0.6756530404090881
Sample 23,Timer,0.32434695959091187
Sample 24,Moirai,0.6357818841934204
Sample 24,TimesFM,0.364218145608902
Sample 25,Chronos,0.7444381713867188
Sample 25,Timer,0.25556185841560364
Sample 26,Moirai,0.7596316933631897
Sample 26,Chronos,0.24036836624145508
Sample 27,Timer,0.5706914067268372
Sample 27,TimesFM,0.42930862307548523
Sample 28,TimesFM,0.6775575280189514
Sample 28,Timer,0.32244250178337097
Sample 29,Timer,0.6802514791488647
Sample 29,Chronos,0.31974855065345764
Sample 30,Time-MoE,0.7626233100891113
Sample 30,Chronos,0.2373766452074051
Sample 31,TimesFM,0.5630494952201843
Sample 31,Moirai,0.4369505047798157
Sample 0,Moirai,0.6894087195396423
Sample 0,TimesFM,0.31059128046035767
Sample 1,Chronos,0.5483452081680298
Sample 1,Timer,0.4516547620296478
Sample 2,Timer,0.7006945610046387
Sample 2,Time-MoE,0.29930543899536133
Sample 3,Timer,0.6161444187164307
Sample 3,Chronos,0.3838556110858917
Sample 4,Chronos,0.8431904315948486
Sample 4,Time-MoE,0.15680955350399017
Sample 5,Timer,0.8192564845085144
Sample 5,TimesFM,0.1807435005903244
Sample 6,Moirai,0.8827742338180542
Sample 6,Time-MoE,0.1172257587313652
Sample 7,Time-MoE,0.5794482231140137
Sample 7,Moirai,0.4205518364906311
Sample 8,Moirai,0.8869482278823853
Sample 8,TimesFM,0.11305175721645355
Sample 9,Chronos,0.744291365146637
Sample 9,Time-MoE,0.25570860505104065
Sample 10,Timer,0.5829958319664001
Sample 10,TimesFM,0.41700413823127747
Sample 11,Timer,0.6426573991775513
Sample 11,Chronos,0.3573426306247711
Sample 12,TimesFM,0.7090771198272705
Sample 12,Moirai,0.2909228205680847
Sample 13,Chronos,0.5969421863555908
Sample 13,Time-MoE,0.40305784344673157
Sample 14,Time-MoE,0.9153425097465515
Sample 14,Chronos,0.08465750515460968
Sample 15,TimesFM,0.7842621803283691
Sample 15,Moirai,0.21573780477046967
Sample 16,Moirai,0.7832381129264832
Sample 16,TimesFM,0.21676190197467804
Sample 17,Chronos,0.8418128490447998
Sample 17,Time-MoE,0.158187136054039
Sample 18,Time-MoE,0.7685442566871643
Sample 18,Moirai,0.23145578801631927
Sample 19,Timer,0.5405033826828003
Sample 19,TimesFM,0.4594966173171997
Sample 20,TimesFM,0.591306209564209
Sample 20,Timer,0.408693790435791
Sample 21,Time-MoE,0.7131076455116272
Sample 21,Timer,0.2868923842906952
Sample 22,Time-MoE,0.9413840174674988
Sample 22,Moirai,0.05861601606011391
Sample 23,Moirai,0.5443974137306213
Sample 23,Time-MoE,0.4556025266647339
Sample 24,TimesFM,0.5316916108131409
Sample 24,Moirai,0.46830835938453674
Sample 25,Chronos,0.734491765499115
Sample 25,Time-MoE,0.2655082046985626
Sample 26,Time-MoE,0.7279956340789795
Sample 26,Moirai,0.2720043361186981
Sample 27,Timer,0.5315213799476624
Sample 27,Chronos,0.46847856044769287
Sample 28,TimesFM,0.5499285459518433
Sample 28,Moirai,0.4500714838504791
Sample 29,Timer,0.7598168849945068
Sample 29,TimesFM,0.24018308520317078
Sample 30,Time-MoE,0.7986458539962769
Sample 30,Chronos,0.20135413110256195
Sample 31,Moirai,0.5119642615318298
Sample 31,TimesFM,0.48803576827049255
Sample 0,Moirai,0.935856819152832
Sample 0,Chronos,0.06414312869310379
Sample 1,Chronos,0.7482216954231262
Sample 1,Time-MoE,0.2517783045768738
Sample 2,Timer,0.5232210755348206
Sample 2,Chronos,0.47677892446517944
Sample 3,Timer,0.5031182169914246
Sample 3,Chronos,0.4968818128108978
Sample 4,TimesFM,0.7842181921005249
Sample 4,Chronos,0.21578174829483032
Sample 5,Chronos,0.6136033535003662
Sample 5,Time-MoE,0.3863966166973114
Sample 6,Time-MoE,0.7295527458190918
Sample 6,Chronos,0.2704472541809082
Sample 7,Time-MoE,0.5745522975921631
Sample 7,Moirai,0.4254477620124817
Sample 8,Moirai,0.70676189661026
Sample 8,TimesFM,0.29323810338974
Sample 9,Chronos,0.7429307699203491
Sample 9,Timer,0.2570692300796509
Sample 10,Time-MoE,0.6554561853408813
Sample 10,Moirai,0.34454384446144104
Sample 11,Timer,0.5410792231559753
Sample 11,TimesFM,0.4589207172393799
Sample 12,TimesFM,0.7995702624320984
Sample 12,Chronos,0.200429767370224
Sample 13,Timer,0.819129467010498
Sample 13,TimesFM,0.18087051808834076
Sample 14,Time-MoE,0.8872204422950745
Sample 14,Moirai,0.11277953535318375
Sample 15,Chronos,0.5777763724327087
Sample 15,Timer,0.42222359776496887
Sample 16,Timer,0.583759069442749
Sample 16,Moirai,0.416240930557251
Sample 17,Chronos,0.6249564290046692
Sample 17,Time-MoE,0.37504351139068604
Sample 18,Time-MoE,0.953316330909729
Sample 18,Moirai,0.04668360948562622
Sample 19,Timer,0.7086217999458313
Sample 19,Chronos,0.2913782298564911
Sample 20,TimesFM,0.6991880536079407
Sample 20,Timer,0.3008119761943817
Sample 21,Timer,0.6856455206871033
Sample 21,Chronos,0.3143545091152191
Sample 22,Time-MoE,0.8364841938018799
Sample 22,Chronos,0.1635158210992813
Sample 23,Moirai,0.5464186072349548
Sample 23,Time-MoE,0.45358139276504517
Sample 24,Moirai,0.9403632283210754
Sample 24,TimesFM,0.05963681638240814
Sample 25,Chronos,0.7493315935134888
Sample 25,Timer,0.25066840648651123
Sample 26,TimesFM,0.5880499482154846
Sample 26,Time-MoE,0.4119499921798706
Sample 27,Timer,0.5864074230194092
Sample 27,Chronos,0.4135925769805908
Sample 28,TimesFM,0.6032012104988098
Sample 28,Moirai,0.3967987596988678
Sample 29,Chronos,0.5833824276924133
Sample 29,Moirai,0.41661757230758667
Sample 30,Time-MoE,0.9177478551864624
Sample 30,Chronos,0.08225210756063461
Sample 31,Moirai,0.5160893797874451
Sample 31,Time-MoE,0.48391059041023254
Sample 0,Moirai,0.913198709487915
Sample 0,TimesFM,0.08680130541324615
Sample 1,Chronos,0.772699773311615
Sample 1,Time-MoE,0.2273002564907074
Sample 2,TimesFM,0.8830052614212036
Sample 2,Time-MoE,0.11699475347995758
Sample 3,Chronos,0.5710257291793823
Sample 3,Timer,0.42897430062294006
Sample 4,TimesFM,0.5858638882637024
Sample 4,Timer,0.41413614153862
Sample 5,Chronos,0.5798699855804443
Sample 5,Time-MoE,0.42013001441955566
Sample 6,Time-MoE,0.8301529288291931
Sample 6,Chronos,0.16984707117080688
Sample 7,Moirai,0.5753929018974304
Sample 7,Time-MoE,0.4246070683002472
Sample 8,Moirai,0.6414194703102112
Sample 8,TimesFM,0.35858049988746643
Sample 9,Chronos,0.6501381993293762
Sample 9,Timer,0.34986186027526855
Sample 10,TimesFM,0.7389878630638123
Sample 10,Moirai,0.26101213693618774
Sample 11,Chronos,0.6002602577209473
Sample 11,Timer,0.3997398018836975
Sample 12,Timer,0.6061588525772095
Sample 12,TimesFM,0.3938411474227905
Sample 13,Timer,0.8425120711326599
Sample 13,TimesFM,0.1574878990650177
Sample 14,Moirai,0.8526841998100281
Sample 14,Time-MoE,0.14731581509113312
Sample 15,Time-MoE,0.6262133717536926
Sample 15,Moirai,0.3737865686416626
Sample 16,Moirai,0.6997001767158508
Sample 16,TimesFM,0.30029982328414917
Sample 17,Chronos,0.649409294128418
Sample 17,Timer,0.35059070587158203
Sample 18,TimesFM,0.5351523756980896
Sample 18,Time-MoE,0.4648475646972656
Sample 19,Chronos,0.6406083703041077
Sample 19,Timer,0.3593916594982147
Sample 20,Time-MoE,0.5062393546104431
Sample 20,Chronos,0.4937606751918793
Sample 21,Timer,0.6664234399795532
Sample 21,Chronos,0.3335765302181244
Sample 22,Time-MoE,0.9533470273017883
Sample 22,TimesFM,0.04665299132466316
Sample 23,Moirai,0.5575635433197021
Sample 23,Time-MoE,0.44243642687797546
Sample 24,Moirai,0.8076425194740295
Sample 24,TimesFM,0.19235749542713165
Sample 25,Chronos,0.6546472311019897
Sample 25,Timer,0.34535279870033264
Sample 26,Time-MoE,0.7602265477180481
Sample 26,Moirai,0.2397734820842743
Sample 27,Chronos,0.6265035271644592
Sample 27,Timer,0.37349647283554077
Sample 28,Moirai,0.8000174164772034
Sample 28,Time-MoE,0.19998259842395782
Sample 29,Time-MoE,0.7313162088394165
Sample 29,Chronos,0.2686837315559387
Sample 30,Time-MoE,0.7592812180519104
Sample 30,TimesFM,0.2407187521457672
Sample 31,Timer,0.5870014429092407
Sample 31,Time-MoE,0.4129985570907593
Sample 0,Timer,0.5121446251869202
Sample 0,Chronos,0.48785537481307983
Sample 1,Chronos,0.715036153793335
Sample 1,Time-MoE,0.2849638760089874
Sample 2,Time-MoE,0.8528887033462524
Sample 2,Moirai,0.14711128175258636
Sample 3,Timer,0.6532248854637146
Sample 3,Chronos,0.346775084733963
Sample 4,TimesFM,0.7591326236724854
Sample 4,Timer,0.24086740612983704
Sample 5,Timer,0.6187283396720886
Sample 5,TimesFM,0.3812716603279114
Sample 6,Timer,0.8221936225891113
Sample 6,TimesFM,0.1778063327074051
Sample 7,Moirai,0.5146406292915344
Sample 7,Time-MoE,0.48535940051078796
Sample 8,Moirai,0.8108314871788025
Sample 8,TimesFM,0.1891685277223587
Sample 9,Chronos,0.7228560447692871
Sample 9,Timer,0.2771439254283905
Sample 10,Time-MoE,0.8252904415130615
Sample 10,Moirai,0.1747095286846161
Sample 11,Chronos,0.599692702293396
Sample 11,Timer,0.4003073275089264
Sample 12,TimesFM,0.8362177014350891
Sample 12,Chronos,0.16378231346607208
Sample 13,Chronos,0.58039391040802
Sample 13,Timer,0.41960608959198
Sample 14,Time-MoE,0.727951169013977
Sample 14,Chronos,0.27204883098602295
Sample 15,Moirai,0.6523886919021606
Sample 15,TimesFM,0.34761127829551697
Sample 0,Moirai,0.934763491153717
Sample 0,TimesFM,0.06523648649454117
Sample 1,Chronos,0.7835574746131897
Sample 1,Timer,0.2164425104856491
Sample 2,Timer,0.5791441202163696
Sample 2,TimesFM,0.42085593938827515
Sample 3,Timer,0.508176326751709
Sample 3,Chronos,0.49182364344596863
Sample 4,TimesFM,0.819782555103302
Sample 4,Chronos,0.1802174597978592
Sample 5,Chronos,0.6134862303733826
Sample 5,TimesFM,0.3865137994289398
Sample 6,Time-MoE,0.9198722243309021
Sample 6,Chronos,0.08012779802083969
Sample 7,Moirai,0.6207585334777832
Sample 7,TimesFM,0.3792414665222168
Sample 8,Moirai,0.9128480553627014
Sample 8,TimesFM,0.08715196698904037
Sample 9,Chronos,0.7777985334396362
Sample 9,Timer,0.22220143675804138
Sample 10,Time-MoE,0.842381477355957
Sample 10,Moirai,0.15761855244636536
Sample 11,Timer,0.6470332145690918
Sample 11,Chronos,0.3529668152332306
Sample 12,TimesFM,0.7706376314163208
Sample 12,Moirai,0.22936241328716278
Sample 13,Timer,0.5584871172904968
Sample 13,Chronos,0.4415128529071808
Sample 14,Time-MoE,0.9240922331809998
Sample 14,Chronos,0.07590779662132263
Sample 15,Moirai,0.568686306476593
Sample 15,TimesFM,0.431313693523407
Sample 16,Moirai,0.7579696178436279
Sample 16,TimesFM,0.24203039705753326
Sample 17,Chronos,0.6601511240005493
Sample 17,Timer,0.3398488759994507
Sample 18,TimesFM,0.7030311822891235
Sample 18,Timer,0.29696884751319885
Sample 19,Chronos,0.5843936204910278
Sample 19,Timer,0.41560640931129456
Sample 20,Moirai,0.7056386470794678
Sample 20,Time-MoE,0.2943613827228546
Sample 21,Timer,0.8263899087905884
Sample 21,Chronos,0.17361006140708923
Sample 22,Time-MoE,0.6890639066696167
Sample 22,Chronos,0.3109361231327057
Sample 23,TimesFM,0.6912509202957153
Sample 23,Moirai,0.30874910950660706
Sample 24,Moirai,0.6950533390045166
Sample 24,TimesFM,0.304946631193161
Sample 25,Chronos,0.7103292346000671
Sample 25,Timer,0.28967076539993286
Sample 26,Time-MoE,0.6433206796646118
Sample 26,Chronos,0.3566792905330658
Sample 27,TimesFM,0.6592420339584351
Sample 27,Moirai,0.34075793623924255
Sample 28,TimesFM,0.8621841669082642
Sample 28,Timer,0.13781583309173584
Sample 29,Timer,0.7168723344802856
Sample 29,TimesFM,0.28312769532203674
Sample 30,Time-MoE,0.7960674166679382
Sample 30,Moirai,0.20393264293670654
Sample 31,Time-MoE,0.5029041767120361
Sample 31,Moirai,0.49709582328796387
Sample 0,Timer,0.5366491675376892
Sample 0,Moirai,0.4633508324623108
Sample 1,Chronos,0.7413175106048584
Sample 1,Time-MoE,0.258682519197464
Sample 2,Moirai,0.56179279088974
Sample 2,TimesFM,0.4382072389125824
Sample 3,Chronos,0.5645102858543396
Sample 3,Timer,0.4354897737503052
Sample 4,Time-MoE,0.6042382121086121
Sample 4,Timer,0.39576172828674316
Sample 5,Chronos,0.5204506516456604
Sample 5,Timer,0.4795493185520172
Sample 6,Time-MoE,0.8340627551078796
Sample 6,Chronos,0.16593724489212036
Sample 7,Moirai,0.5824378728866577
Sample 7,TimesFM,0.4175620973110199
Sample 8,Moirai,0.6753659248352051
Sample 8,TimesFM,0.3246341049671173
Sample 9,Chronos,0.700886607170105
Sample 9,Timer,0.299113392829895
Sample 10,Chronos,0.9047171473503113
Sample 10,Time-MoE,0.0952829048037529
Sample 11,Timer,0.6897844076156616
Sample 11,Time-MoE,0.31021562218666077
Sample 12,TimesFM,0.9578693509101868
Sample 12,Time-MoE,0.042130619287490845
Sample 13,Timer,0.6213070154190063
Sample 13,Chronos,0.3786929249763489
Sample 14,Time-MoE,0.5982376933097839
Sample 14,Timer,0.40176230669021606
Sample 15,Time-MoE,0.6122110486030579
Sample 15,Moirai,0.38778895139694214
Sample 16,Moirai,0.8676810264587402
Sample 16,TimesFM,0.13231903314590454
Sample 17,Chronos,0.706765353679657
Sample 17,Timer,0.293234646320343
Sample 18,Time-MoE,0.8107115030288696
Sample 18,Timer,0.18928851187229156
Sample 19,Chronos,0.5845993757247925
Sample 19,Timer,0.4154006242752075
Sample 20,TimesFM,0.7696369290351868
Sample 20,Chronos,0.23036307096481323
Sample 21,Timer,0.5300572514533997
Sample 21,Chronos,0.46994274854660034
Sample 22,Time-MoE,0.9433590173721313
Sample 22,Moirai,0.05664101243019104
Sample 23,TimesFM,0.6251863241195679
Sample 23,Moirai,0.37481367588043213
Sample 24,Moirai,0.5322827100753784
Sample 24,Chronos,0.4677172899246216
Sample 25,Chronos,0.7573040723800659
Sample 25,Timer,0.2426958978176117
Sample 26,Time-MoE,0.818389356136322
Sample 26,Chronos,0.18161064386367798
Sample 27,Timer,0.7415173053741455
Sample 27,TimesFM,0.2584826648235321
Sample 28,TimesFM,0.5737607479095459
Sample 28,Timer,0.4262392222881317
Sample 29,Timer,0.6942141056060791
Sample 29,Chronos,0.3057858645915985
Sample 30,Time-MoE,0.8088635206222534
Sample 30,Chronos,0.19113650918006897
Sample 31,TimesFM,0.5180341005325317
Sample 31,Moirai,0.48196589946746826
Sample 0,Moirai,0.6810473799705505
Sample 0,Time-MoE,0.3189525604248047
Sample 1,Chronos,0.5798249244689941
Sample 1,Timer,0.42017510533332825
Sample 2,Timer,0.9633982181549072
Sample 2,Chronos,0.03660177066922188
Sample 3,Chronos,0.5925710201263428
Sample 3,Timer,0.4074289798736572
Sample 4,TimesFM,0.5266476273536682
Sample 4,Moirai,0.4733524024486542
Sample 5,Time-MoE,0.6795781254768372
Sample 5,TimesFM,0.32042181491851807
Sample 6,Time-MoE,0.8643923401832581
Sample 6,TimesFM,0.13560767471790314
Sample 7,Moirai,0.5035008192062378
Sample 7,Time-MoE,0.49649912118911743
Sample 8,Moirai,0.7303072810173035
Sample 8,TimesFM,0.2696927487850189
Sample 9,Chronos,0.7299802899360657
Sample 9,Timer,0.2700197100639343
Sample 10,Chronos,0.7602224349975586
Sample 10,Time-MoE,0.2397775650024414
Sample 11,Timer,0.6309962272644043
Sample 11,TimesFM,0.3690037131309509
Sample 12,TimesFM,0.6850292086601257
Sample 12,Timer,0.31497082114219666
Sample 13,Timer,0.6251408457756042
Sample 13,Chronos,0.37485915422439575
Sample 14,Time-MoE,0.6618137955665588
Sample 14,Chronos,0.33818623423576355
Sample 15,Time-MoE,0.5440947413444519
Sample 15,TimesFM,0.4559052586555481
Sample 16,Chronos,0.5780535936355591
Sample 16,Timer,0.4219464063644409
Sample 17,Chronos,0.7095330953598022
Sample 17,Time-MoE,0.29046690464019775
Sample 18,Chronos,0.5475951433181763
Sample 18,Time-MoE,0.4524048864841461
Sample 19,Time-MoE,0.5084835290908813
Sample 19,Moirai,0.49151647090911865
Sample 20,TimesFM,0.6431923508644104
Sample 20,Timer,0.3568076491355896
Sample 21,Timer,0.788700520992279
Sample 21,Chronos,0.21129947900772095
Sample 22,Time-MoE,0.9350194931030273
Sample 22,Chronos,0.06498047709465027
Sample 23,Time-MoE,0.679481565952301
Sample 23,Timer,0.320518434047699
Sample 24,Moirai,0.5868146419525146
Sample 24,TimesFM,0.41318535804748535
Sample 25,Chronos,0.7642145156860352
Sample 25,Timer,0.23578543961048126
Sample 26,Moirai,0.7592923641204834
Sample 26,Chronos,0.240707665681839
Sample 27,Timer,0.6008408069610596
Sample 27,TimesFM,0.3991592228412628
Sample 28,TimesFM,0.6872997879981995
Sample 28,Timer,0.3127002418041229
Sample 29,Timer,0.6718701720237732
Sample 29,Chronos,0.3281298279762268
Sample 30,Time-MoE,0.7368003129959106
Sample 30,Chronos,0.26319968700408936
Sample 31,TimesFM,0.5892606377601624
Sample 31,Moirai,0.41073939204216003
Sample 0,Moirai,0.6349515318870544
Sample 0,TimesFM,0.36504846811294556
Sample 1,Chronos,0.5576581954956055
Sample 1,Timer,0.44234177470207214
Sample 2,Timer,0.6899709701538086
Sample 2,Time-MoE,0.31002897024154663
Sample 3,Timer,0.6118889451026917
Sample 3,Chronos,0.38811108469963074
Sample 4,Chronos,0.8568915128707886
Sample 4,Time-MoE,0.14310850203037262
Sample 5,Timer,0.8080458641052246
Sample 5,TimesFM,0.1919541358947754
Sample 6,Moirai,0.8954879641532898
Sample 6,Time-MoE,0.10451198369264603
Sample 7,Time-MoE,0.6122607588768005
Sample 7,Moirai,0.38773924112319946
Sample 8,Moirai,0.8636074662208557
Sample 8,TimesFM,0.1363924741744995
Sample 9,Chronos,0.7756829857826233
Sample 9,Timer,0.22431698441505432
Sample 10,Timer,0.5953835844993591
Sample 10,TimesFM,0.40461647510528564
Sample 11,Timer,0.6467811465263367
Sample 11,Chronos,0.3532188832759857
Sample 12,TimesFM,0.7339749336242676
Sample 12,Moirai,0.2660250961780548
Sample 13,Chronos,0.6336377263069153
Sample 13,TimesFM,0.36636224389076233
Sample 14,Time-MoE,0.9080168008804321
Sample 14,Chronos,0.09198323637247086
Sample 15,TimesFM,0.8136395812034607
Sample 15,Moirai,0.1863604187965393
Sample 16,Moirai,0.7356446981430054
Sample 16,TimesFM,0.264355331659317
Sample 17,Chronos,0.8602303862571716
Sample 17,Time-MoE,0.13976964354515076
Sample 18,Time-MoE,0.7876492738723755
Sample 18,Moirai,0.2123507559299469
Sample 19,Timer,0.5738303661346436
Sample 19,TimesFM,0.42616963386535645
Sample 20,TimesFM,0.6114938259124756
Sample 20,Timer,0.3885061740875244
Sample 21,Time-MoE,0.6752495765686035
Sample 21,Timer,0.3247504234313965
Sample 22,Time-MoE,0.9444813132286072
Sample 22,Moirai,0.0555187426507473
Sample 23,Time-MoE,0.5054333806037903
Sample 23,Moirai,0.49456658959388733
Sample 24,TimesFM,0.5928038358688354
Sample 24,Moirai,0.4071962237358093
Sample 25,Chronos,0.742522120475769
Sample 25,Timer,0.25747790932655334
Sample 26,Time-MoE,0.7520511746406555
Sample 26,Moirai,0.24794882535934448
Sample 27,Timer,0.5305055379867554
Sample 27,Chronos,0.46949443221092224
Sample 28,TimesFM,0.583423376083374
Sample 28,Moirai,0.41657665371894836
Sample 29,Timer,0.7851347923278809
Sample 29,Chronos,0.21486523747444153
Sample 30,Time-MoE,0.7785322666168213
Sample 30,Chronos,0.2214677482843399
Sample 31,TimesFM,0.5310497879981995
Sample 31,Moirai,0.46895021200180054
Sample 0,Moirai,0.9349203109741211
Sample 0,TimesFM,0.06507965922355652
Sample 1,Chronos,0.7544708251953125
Sample 1,Timer,0.2455291748046875
Sample 2,Timer,0.5566293597221375
Sample 2,Chronos,0.44337061047554016
Sample 3,Timer,0.5091865062713623
Sample 3,Chronos,0.4908134937286377
Sample 4,TimesFM,0.7876244187355042
Sample 4,Chronos,0.21237561106681824
Sample 5,Chronos,0.6436672806739807
Sample 5,Timer,0.3563326895236969
Sample 6,Time-MoE,0.7118648290634155
Sample 6,Chronos,0.28813520073890686
Sample 7,Time-MoE,0.6211114525794983
Sample 7,Moirai,0.3788885772228241
Sample 8,Moirai,0.6615949869155884
Sample 8,TimesFM,0.3384050130844116
Sample 9,Chronos,0.7455117106437683
Sample 9,Timer,0.2544882893562317
Sample 10,Time-MoE,0.6718109846115112
Sample 10,Moirai,0.32818904519081116
Sample 11,Timer,0.5295122265815735
Sample 11,TimesFM,0.4704877436161041
Sample 12,TimesFM,0.8110404014587402
Sample 12,Chronos,0.18895958364009857
Sample 13,Timer,0.8343925476074219
Sample 13,TimesFM,0.16560743749141693
Sample 14,Time-MoE,0.87589031457901
Sample 14,Moirai,0.12410968542098999
Sample 15,Chronos,0.5831351280212402
Sample 15,Timer,0.41686487197875977
Sample 16,Timer,0.5934125185012817
Sample 16,Moirai,0.40658748149871826
Sample 17,Chronos,0.6605474352836609
Sample 17,Time-MoE,0.33945250511169434
Sample 18,Time-MoE,0.9541266560554504
Sample 18,Moirai,0.04587332531809807
Sample 19,Timer,0.7219432592391968
Sample 19,Chronos,0.2780567407608032
Sample 20,TimesFM,0.7242443561553955
Sample 20,Timer,0.2757556140422821
Sample 21,Timer,0.6998803019523621
Sample 21,Chronos,0.30011969804763794
Sample 22,Time-MoE,0.8248944878578186
Sample 22,Chronos,0.1751055121421814
Sample 23,Time-MoE,0.5055527091026306
Sample 23,Moirai,0.4944473206996918
Sample 24,Moirai,0.9255213141441345
Sample 24,TimesFM,0.07447870075702667
Sample 25,Chronos,0.7525277137756348
Sample 25,Timer,0.24747228622436523
Sample 26,TimesFM,0.5976555943489075
Sample 26,Time-MoE,0.40234434604644775
Sample 27,Timer,0.5953201055526733
Sample 27,Chronos,0.4046798646450043
Sample 28,TimesFM,0.6360973715782166
Sample 28,Moirai,0.36390256881713867
Sample 29,Chronos,0.579465925693512
Sample 29,Moirai,0.4205341041088104
Sample 30,Time-MoE,0.9135528802871704
Sample 30,Chronos,0.08644711971282959
Sample 31,Time-MoE,0.5401731133460999
Sample 31,Moirai,0.45982682704925537
Sample 0,Moirai,0.8947658538818359
Sample 0,TimesFM,0.10523417592048645
Sample 1,Chronos,0.771973729133606
Sample 1,Timer,0.22802622616291046
Sample 2,TimesFM,0.8920040130615234
Sample 2,Time-MoE,0.10799601674079895
Sample 3,Chronos,0.5550088882446289
Sample 3,Timer,0.4449911117553711
Sample 4,TimesFM,0.6190187335014343
Sample 4,Timer,0.3809812664985657
Sample 5,Chronos,0.6083639860153198
Sample 5,Time-MoE,0.3916360139846802
Sample 6,Time-MoE,0.8290528655052185
Sample 6,Chronos,0.1709471493959427
Sample 7,Moirai,0.5353700518608093
Sample 7,Time-MoE,0.46462997794151306
Sample 8,Moirai,0.580473780632019
Sample 8,TimesFM,0.41952618956565857
Sample 9,Chronos,0.6364393830299377
Sample 9,Timer,0.36356064677238464
Sample 10,TimesFM,0.7325476408004761
Sample 10,Moirai,0.2674524188041687
Sample 11,Chronos,0.58894282579422
Sample 11,Timer,0.41105714440345764
Sample 12,Timer,0.6083153486251831
Sample 12,TimesFM,0.3916846811771393
Sample 13,Timer,0.8651179075241089
Sample 13,TimesFM,0.1348821222782135
Sample 14,Moirai,0.8645349740982056
Sample 14,Time-MoE,0.13546501100063324
Sample 15,Time-MoE,0.6558355689048767
Sample 15,Moirai,0.3441644608974457
Sample 16,Moirai,0.6396015882492065
Sample 16,TimesFM,0.36039838194847107
Sample 17,Chronos,0.6363146901130676
Sample 17,Timer,0.3636853098869324
Sample 18,TimesFM,0.5290418863296509
Sample 18,Time-MoE,0.4709581136703491
Sample 19,Chronos,0.6268782019615173
Sample 19,Timer,0.3731217682361603
Sample 20,Chronos,0.5250276923179626
Sample 20,Time-MoE,0.47497233748435974
Sample 21,Timer,0.6885581612586975
Sample 21,Chronos,0.3114418387413025
Sample 22,Time-MoE,0.9523569941520691
Sample 22,Moirai,0.04764305800199509
Sample 23,Moirai,0.5009230375289917
Sample 23,Time-MoE,0.4990769624710083
Sample 24,Moirai,0.7928024530410767
Sample 24,TimesFM,0.20719751715660095
Sample 25,Chronos,0.640582263469696
Sample 25,Timer,0.35941773653030396
Sample 26,Time-MoE,0.7961245775222778
Sample 26,TimesFM,0.2038753777742386
Sample 27,Chronos,0.6083654165267944
Sample 27,Timer,0.39163461327552795
Sample 28,Moirai,0.8060684204101562
Sample 28,TimesFM,0.19393160939216614
Sample 29,Time-MoE,0.7215409278869629
Sample 29,Chronos,0.2784590721130371
Sample 30,Time-MoE,0.7465735077857971
Sample 30,TimesFM,0.25342652201652527
Sample 31,Timer,0.5640109777450562
Sample 31,Time-MoE,0.43598902225494385
Sample 0,Timer,0.5381841063499451
Sample 0,Chronos,0.4618159234523773
Sample 1,Chronos,0.7285473346710205
Sample 1,Time-MoE,0.2714526057243347
Sample 2,Time-MoE,0.8540751338005066
Sample 2,Moirai,0.1459248960018158
Sample 3,Timer,0.6758719086647034
Sample 3,Chronos,0.32412806153297424
Sample 4,TimesFM,0.7542120814323425
Sample 4,Timer,0.2457878440618515
Sample 5,Timer,0.6545421481132507
Sample 5,Chronos,0.3454578220844269
Sample 6,Timer,0.848635196685791
Sample 6,Time-MoE,0.1513647586107254
Sample 7,Time-MoE,0.5295665860176086
Sample 7,Moirai,0.47043341398239136
Sample 8,Moirai,0.7757972478866577
Sample 8,TimesFM,0.22420276701450348
Sample 9,Chronos,0.7069674730300903
Sample 9,Timer,0.29303255677223206
Sample 10,Time-MoE,0.8357869982719421
Sample 10,Moirai,0.16421297192573547
Sample 11,Chronos,0.5801177620887756
Sample 11,Timer,0.41988223791122437
Sample 12,TimesFM,0.840485692024231
Sample 12,Chronos,0.15951424837112427
Sample 13,Chronos,0.5532030463218689
Sample 13,Timer,0.4467969536781311
Sample 14,Time-MoE,0.7206778526306152
Sample 14,Chronos,0.27932214736938477
Sample 15,Moirai,0.6069349646568298
Sample 15,TimesFM,0.39306503534317017
Sample 0,Moirai,0.9234980344772339
Sample 0,TimesFM,0.0765020102262497
Sample 1,Chronos,0.7670767307281494
Sample 1,Timer,0.232923224568367
Sample 2,Timer,0.5819937586784363
Sample 2,TimesFM,0.4180062711238861
Sample 3,Timer,0.5407814979553223
Sample 3,Chronos,0.45921850204467773
Sample 4,TimesFM,0.8227573037147522
Sample 4,Chronos,0.1772427260875702
Sample 5,Chronos,0.5847721695899963
Sample 5,Timer,0.4152278006076813
Sample 6,Time-MoE,0.920208752155304
Sample 6,Moirai,0.07979132980108261
Sample 7,Moirai,0.5753036737442017
Sample 7,TimesFM,0.42469632625579834
Sample 8,Moirai,0.902350127696991
Sample 8,TimesFM,0.09764979034662247
Sample 9,Chronos,0.7602502703666687
Sample 9,Timer,0.2397497296333313
Sample 10,Time-MoE,0.8483829498291016
Sample 10,Moirai,0.15161700546741486
Sample 11,Timer,0.6810522675514221
Sample 11,Chronos,0.31894776225090027
Sample 12,TimesFM,0.8028273582458496
Sample 12,Moirai,0.19717265665531158
Sample 13,Timer,0.5976099371910095
Sample 13,Chronos,0.40239009261131287
Sample 14,Time-MoE,0.9231967926025391
Sample 14,Chronos,0.07680321484804153
Sample 15,Moirai,0.5246396660804749
Sample 15,TimesFM,0.4753603935241699
Sample 16,Moirai,0.7036358714103699
Sample 16,TimesFM,0.2963641583919525
Sample 17,Chronos,0.63090980052948
Sample 17,Timer,0.36909016966819763
Sample 18,TimesFM,0.7152913808822632
Sample 18,Timer,0.2847086787223816
Sample 19,Chronos,0.5543707013130188
Sample 19,Timer,0.4456293284893036
Sample 20,Moirai,0.711596667766571
Sample 20,Time-MoE,0.28840336203575134
Sample 21,Timer,0.8499407768249512
Sample 21,Chronos,0.15005916357040405
Sample 22,Time-MoE,0.6905921697616577
Sample 22,Chronos,0.3094078302383423
Sample 23,TimesFM,0.6918078660964966
Sample 23,Moirai,0.3081921339035034
Sample 24,Moirai,0.6306697726249695
Sample 24,TimesFM,0.3693302571773529
Sample 25,Chronos,0.688169002532959
Sample 25,Timer,0.3118310272693634
Sample 26,Time-MoE,0.6704466342926025
Sample 26,Chronos,0.32955342531204224
Sample 27,TimesFM,0.6585695743560791
Sample 27,Moirai,0.3414303958415985
Sample 28,TimesFM,0.8746825456619263
Sample 28,Timer,0.12531748414039612
Sample 29,Timer,0.7501657009124756
Sample 29,TimesFM,0.24983426928520203
Sample 30,Time-MoE,0.7746503949165344
Sample 30,Moirai,0.22534959018230438
Sample 31,Time-MoE,0.5349782109260559
Sample 31,Moirai,0.4650218188762665
Sample 0,Timer,0.5584750771522522
Sample 0,Moirai,0.4415249526500702
Sample 1,Chronos,0.7332500219345093
Sample 1,Time-MoE,0.2667499780654907
Sample 2,Moirai,0.564464807510376
Sample 2,TimesFM,0.435535192489624
Sample 3,Chronos,0.5315232276916504
Sample 3,Timer,0.468476802110672
Sample 4,Time-MoE,0.613006055355072
Sample 4,Timer,0.3869938850402832
Sample 5,Timer,0.5236685872077942
Sample 5,Chronos,0.4763314127922058
Sample 6,Time-MoE,0.8430361747741699
Sample 6,Chronos,0.1569637954235077
Sample 7,Moirai,0.5432887077331543
Sample 7,TimesFM,0.4567112922668457
Sample 8,Moirai,0.631524384021759
Sample 8,TimesFM,0.3684755563735962
Sample 9,Chronos,0.6713757514953613
Sample 9,Timer,0.32862424850463867
Sample 10,Chronos,0.9060611724853516
Sample 10,Time-MoE,0.09393882006406784
Sample 11,Timer,0.6996678709983826
Sample 11,Time-MoE,0.30033209919929504
Sample 12,TimesFM,0.9608607292175293
Sample 12,Time-MoE,0.0391392782330513
Sample 13,Timer,0.6615898013114929
Sample 13,Chronos,0.33841022849082947
Sample 14,Time-MoE,0.5804475545883179
Sample 14,Timer,0.4195525050163269
Sample 15,Time-MoE,0.6392558217048645
Sample 15,Moirai,0.3607441186904907
Sample 16,Moirai,0.8367288112640381
Sample 16,TimesFM,0.16327112913131714
Sample 17,Chronos,0.6764607429504395
Sample 17,Timer,0.32353922724723816
Sample 18,Time-MoE,0.8249785304069519
Sample 18,Timer,0.17502142488956451
Sample 19,Chronos,0.5504440665245056
Sample 19,Timer,0.4495559334754944
Sample 20,TimesFM,0.7804689407348633
Sample 20,Chronos,0.2195311039686203
Sample 21,Timer,0.5743202567100525
Sample 21,Chronos,0.4256797730922699
Sample 22,Time-MoE,0.9409822225570679
Sample 22,Moirai,0.05901773273944855
Sample 23,TimesFM,0.6430108547210693
Sample 23,Moirai,0.3569890856742859
Sample 24,Moirai,0.5383256673812866
Sample 24,Chronos,0.4616743326187134
Sample 25,Chronos,0.7359702587127686
Sample 25,Timer,0.2640298008918762
Sample 26,Time-MoE,0.8221507668495178
Sample 26,Chronos,0.17784929275512695
Sample 27,Timer,0.7700992822647095
Sample 27,TimesFM,0.22990071773529053
Sample 28,TimesFM,0.6016513109207153
Sample 28,Timer,0.3983486294746399
Sample 29,Timer,0.7298597097396851
Sample 29,Chronos,0.27014032006263733
Sample 30,Time-MoE,0.8117010593414307
Sample 30,Chronos,0.18829892575740814
Sample 31,TimesFM,0.5400545001029968
Sample 31,Time-MoE,0.4599454700946808
Sample 0,Moirai,0.656194269657135
Sample 0,Time-MoE,0.3438056707382202
Sample 1,Chronos,0.5363638401031494
Sample 1,Timer,0.4636361300945282
Sample 2,Timer,0.9680542349815369
Sample 2,Chronos,0.03194581717252731
Sample 3,Chronos,0.5546742081642151
Sample 3,Timer,0.4453257620334625
Sample 4,TimesFM,0.5444884300231934
Sample 4,Moirai,0.45551154017448425
Sample 5,Time-MoE,0.6628175377845764
Sample 5,TimesFM,0.3371824622154236
Sample 6,Time-MoE,0.8652443289756775
Sample 6,Timer,0.13475565612316132
Sample 7,Time-MoE,0.5197271108627319
Sample 7,Moirai,0.4802728295326233
Sample 8,Moirai,0.6815859079360962
Sample 8,TimesFM,0.3184140920639038
Sample 9,Chronos,0.6991475820541382
Sample 9,Timer,0.3008524179458618
Sample 10,Chronos,0.752677321434021
Sample 10,Moirai,0.2473226636648178
Sample 11,Timer,0.648596465587616
Sample 11,TimesFM,0.35140350461006165
Sample 12,TimesFM,0.708091139793396
Sample 12,Timer,0.2919088304042816
Sample 13,Timer,0.6688058376312256
Sample 13,Chronos,0.3311942219734192
Sample 14,Time-MoE,0.677834689617157
Sample 14,Chronos,0.3221653401851654
Sample 15,Time-MoE,0.5481014251708984
Sample 15,TimesFM,0.45189857482910156
Sample 16,Chronos,0.5339305996894836
Sample 16,Timer,0.46606940031051636
Sample 17,Chronos,0.6817115545272827
Sample 17,Timer,0.3182884454727173
Sample 18,Chronos,0.5627231597900391
Sample 18,Time-MoE,0.43727684020996094
Sample 19,Time-MoE,0.5116801261901855
Sample 19,Timer,0.48831990361213684
Sample 20,TimesFM,0.6620208621025085
Sample 20,Timer,0.33797910809516907
Sample 21,Timer,0.8196506500244141
Sample 21,Chronos,0.18034933507442474
Sample 22,Time-MoE,0.9363448023796082
Sample 22,Moirai,0.06365519016981125
Sample 23,Time-MoE,0.6847735047340393
Sample 23,Timer,0.31522655487060547
Sample 24,Moirai,0.5312639474868774
Sample 24,TimesFM,0.46873608231544495
Sample 25,Chronos,0.7372311949729919
Sample 25,Timer,0.26276883482933044
Sample 26,Moirai,0.76772141456604
Sample 26,Chronos,0.23227860033512115
Sample 27,Timer,0.6184964776039124
Sample 27,TimesFM,0.38150349259376526
Sample 28,TimesFM,0.7053873538970947
Sample 28,Timer,0.2946126461029053
Sample 29,Timer,0.7111994028091431
Sample 29,Chronos,0.2888006567955017
Sample 30,Time-MoE,0.7445359826087952
Sample 30,Chronos,0.2554640471935272
Sample 31,TimesFM,0.6073105335235596
Sample 31,Time-MoE,0.39268943667411804
Sample 0,Moirai,0.5877091884613037
Sample 0,TimesFM,0.4122908115386963
Sample 1,Chronos,0.512144148349762
Sample 1,Timer,0.48785579204559326
Sample 2,Timer,0.6848874688148499
Sample 2,Time-MoE,0.31511250138282776
Sample 3,Timer,0.6553851962089539
Sample 3,Chronos,0.34461480379104614
Sample 4,Chronos,0.8542530536651611
Sample 4,Time-MoE,0.14574690163135529
Sample 5,Timer,0.8220246434211731
Sample 5,TimesFM,0.17797531187534332
Sample 6,Moirai,0.9033522009849548
Sample 6,Time-MoE,0.09664780646562576
Sample 7,Time-MoE,0.6353564262390137
Sample 7,Moirai,0.3646436035633087
Sample 8,Moirai,0.8381514549255371
Sample 8,TimesFM,0.1618485301733017
Sample 9,Chronos,0.7468122839927673
Sample 9,Timer,0.2531876862049103
Sample 10,Timer,0.5958700776100159
Sample 10,TimesFM,0.40412986278533936
Sample 11,Timer,0.6849424242973328
Sample 11,Chronos,0.31505757570266724
Sample 12,TimesFM,0.7447606921195984
Sample 12,Moirai,0.2552393674850464
Sample 13,Chronos,0.6106449365615845
Sample 13,Timer,0.3893550932407379
Sample 14,Time-MoE,0.9147922992706299
Sample 14,Chronos,0.08520766347646713
Sample 15,TimesFM,0.8302797079086304
Sample 15,Moirai,0.16972032189369202
Sample 16,Moirai,0.6878138780593872
Sample 16,TimesFM,0.31218618154525757
Sample 17,Chronos,0.8572214841842651
Sample 17,Time-MoE,0.14277851581573486
Sample 18,Time-MoE,0.8015086054801941
Sample 18,Moirai,0.19849146902561188
Sample 19,Timer,0.5814552307128906
Sample 19,TimesFM,0.4185447692871094
Sample 20,TimesFM,0.6197393536567688
Sample 20,Timer,0.3802606463432312
Sample 21,Time-MoE,0.6584631204605103
Sample 21,Timer,0.34153684973716736
Sample 22,Time-MoE,0.9495229721069336
Sample 22,Moirai,0.05047702044248581
Sample 23,Time-MoE,0.5354962944984436
Sample 23,Moirai,0.4645037055015564
Sample 24,TimesFM,0.6395851969718933
Sample 24,Moirai,0.3604148328304291
Sample 25,Chronos,0.71263188123703
Sample 25,Timer,0.2873680591583252
Sample 26,Time-MoE,0.7618336081504822
Sample 26,Moirai,0.2381664216518402
Sample 27,Timer,0.5691845417022705
Sample 27,Chronos,0.4308154582977295
Sample 28,TimesFM,0.5988389849662781
Sample 28,Moirai,0.4011610448360443
Sample 29,Timer,0.8143624663352966
Sample 29,Chronos,0.18563750386238098
Sample 30,Time-MoE,0.7950366139411926
Sample 30,Chronos,0.20496341586112976
Sample 31,TimesFM,0.5543913245201111
Sample 31,Moirai,0.4456087350845337
Sample 0,Moirai,0.9271745681762695
Sample 0,TimesFM,0.07282546162605286
Sample 1,Chronos,0.7210706472396851
Sample 1,Timer,0.27892932295799255
Sample 2,Timer,0.5643646717071533
Sample 2,Time-MoE,0.4356352984905243
Sample 3,Timer,0.553413450717926
Sample 3,Chronos,0.446586549282074
Sample 4,TimesFM,0.8041576743125916
Sample 4,Chronos,0.19584235548973083
Sample 5,Chronos,0.6015403866767883
Sample 5,Timer,0.39845967292785645
Sample 6,Time-MoE,0.7481538653373718
Sample 6,Chronos,0.2518460750579834
Sample 7,Time-MoE,0.6470696330070496
Sample 7,Moirai,0.35293036699295044
Sample 8,Moirai,0.6044580340385437
Sample 8,TimesFM,0.3955419361591339
Sample 9,Chronos,0.712687075138092
Sample 9,Timer,0.28731289505958557
Sample 10,Time-MoE,0.6770819425582886
Sample 10,Moirai,0.32291802763938904
Sample 11,Timer,0.5386093258857727
Sample 11,TimesFM,0.4613906741142273
Sample 12,TimesFM,0.8135191202163696
Sample 12,Chronos,0.18648086488246918
Sample 13,Timer,0.8436756730079651
Sample 13,TimesFM,0.1563243418931961
Sample 14,Time-MoE,0.8671078085899353
Sample 14,Moirai,0.1328921914100647
Sample 15,Chronos,0.6004653573036194
Sample 15,Timer,0.3995346128940582
Sample 16,Timer,0.6481996178627014
Sample 16,Moirai,0.3518003523349762
Sample 17,Chronos,0.6332237720489502
Sample 17,Time-MoE,0.36677616834640503
Sample 18,Time-MoE,0.956278383731842
Sample 18,Timer,0.04372158274054527
Sample 19,Timer,0.7398600578308105
Sample 19,Chronos,0.26013991236686707
Sample 20,TimesFM,0.73512202501297
Sample 20,Timer,0.2648780047893524
Sample 21,Timer,0.7260141968727112
Sample 21,TimesFM,0.2739858031272888
Sample 22,Time-MoE,0.8482905626296997
Sample 22,Chronos,0.1517094522714615
Sample 23,Time-MoE,0.5129305720329285
Sample 23,Moirai,0.4870694577693939
Sample 24,Moirai,0.9118039011955261
Sample 24,TimesFM,0.08819602429866791
Sample 25,Chronos,0.7212889194488525
Sample 25,Timer,0.27871108055114746
Sample 26,TimesFM,0.6046088337898254
Sample 26,Time-MoE,0.3953911364078522
Sample 27,Timer,0.6295991539955139
Sample 27,TimesFM,0.37040087580680847
Sample 28,TimesFM,0.640447199344635
Sample 28,Moirai,0.35955286026000977
Sample 29,Chronos,0.557019054889679
Sample 29,Moirai,0.44298097491264343
Sample 30,Time-MoE,0.9265897870063782
Sample 30,Chronos,0.07341020554304123
Sample 31,Time-MoE,0.5754168033599854
Sample 31,Moirai,0.42458319664001465
Sample 0,Moirai,0.8853521347045898
Sample 0,TimesFM,0.11464786529541016
Sample 1,Chronos,0.7479743361473083
Sample 1,Timer,0.25202563405036926
Sample 2,TimesFM,0.9034655690193176
Sample 2,Time-MoE,0.09653446078300476
Sample 3,Chronos,0.5214281678199768
Sample 3,Timer,0.4785718023777008
Sample 4,TimesFM,0.6218633055686951
Sample 4,Timer,0.37813663482666016
Sample 5,Chronos,0.5791317224502563
Sample 5,Time-MoE,0.42086830735206604
Sample 6,Time-MoE,0.8455782532691956
Sample 6,Chronos,0.15442177653312683
Sample 7,Moirai,0.522101104259491
Sample 7,Time-MoE,0.4778989255428314
Sample 8,Moirai,0.5274290442466736
Sample 8,TimesFM,0.47257092595100403
Sample 9,Chronos,0.598950207233429
Sample 9,Timer,0.40104982256889343
Sample 10,TimesFM,0.7600080370903015
Sample 10,Moirai,0.2399919182062149
Sample 11,Chronos,0.556464433670044
Sample 11,Timer,0.44353553652763367
Sample 12,Timer,0.6008906960487366
Sample 12,TimesFM,0.39910927414894104
Sample 13,Timer,0.864406406879425
Sample 13,TimesFM,0.13559362292289734
Sample 14,Moirai,0.8777267336845398
Sample 14,Time-MoE,0.12227329611778259
Sample 15,Time-MoE,0.670863926410675
Sample 15,Moirai,0.32913607358932495
Sample 16,Moirai,0.6105493307113647
Sample 16,TimesFM,0.38945072889328003
Sample 17,Chronos,0.5974549651145935
Sample 17,Timer,0.4025450050830841
Sample 18,TimesFM,0.521230161190033
Sample 18,Time-MoE,0.47876986861228943
Sample 19,Chronos,0.5910195708274841
Sample 19,Timer,0.40898045897483826
Sample 20,Chronos,0.5046660900115967
Sample 20,Time-MoE,0.49533388018608093
Sample 21,Timer,0.730278491973877
Sample 21,Chronos,0.26972153782844543
Sample 22,Time-MoE,0.9541281461715698
Sample 22,Moirai,0.045871879905462265
Sample 23,Time-MoE,0.5129653811454773
Sample 23,Moirai,0.4870345890522003
Sample 24,Moirai,0.7652491331100464
Sample 24,TimesFM,0.2347508817911148
Sample 25,Chronos,0.6046492457389832
Sample 25,Timer,0.39535075426101685
Sample 26,Time-MoE,0.8017820715904236
Sample 26,TimesFM,0.19821792840957642
Sample 27,Chronos,0.5735626816749573
Sample 27,Timer,0.42643728852272034
Sample 28,Moirai,0.8096985220909119
Sample 28,TimesFM,0.19030150771141052
Sample 29,Time-MoE,0.7474873661994934
Sample 29,Timer,0.252512663602829
Sample 30,Time-MoE,0.7296002507209778
Sample 30,TimesFM,0.27039971947669983
Sample 31,Timer,0.5613577365875244
Sample 31,Time-MoE,0.4386422634124756
Sample 0,Timer,0.5809237957000732
Sample 0,Chronos,0.41907620429992676
Sample 1,Chronos,0.7020106911659241
Sample 1,Time-MoE,0.2979893088340759
Sample 2,Time-MoE,0.8555393815040588
Sample 2,Moirai,0.14446066319942474
Sample 3,Timer,0.6987596750259399
Sample 3,Chronos,0.30124029517173767
Sample 4,TimesFM,0.7693736553192139
Sample 4,Timer,0.23062635958194733
Sample 5,Timer,0.6392041444778442
Sample 5,TimesFM,0.3607958257198334
Sample 6,Timer,0.8476223349571228
Sample 6,Time-MoE,0.1523776352405548
Sample 7,Time-MoE,0.5314681529998779
Sample 7,Moirai,0.4685318171977997
Sample 8,Moirai,0.7410253882408142
Sample 8,TimesFM,0.2589746415615082
Sample 9,Chronos,0.6850879788398743
Sample 9,Timer,0.31491199135780334
Sample 10,Time-MoE,0.8379679322242737
Sample 10,Moirai,0.16203202307224274
Sample 11,Chronos,0.5592638850212097
Sample 11,Timer,0.44073617458343506
Sample 12,TimesFM,0.8474446535110474
Sample 12,Chronos,0.15255531668663025
Sample 13,Chronos,0.5207204818725586
Sample 13,Timer,0.479279488325119
Sample 14,Time-MoE,0.7469275593757629
Sample 14,Chronos,0.25307247042655945
Sample 15,Moirai,0.6198978424072266
Sample 15,TimesFM,0.38010212779045105
