Sample,Learner,Weight
Sample 0,Time-MoE,0.5
Sample 0,Moirai,0.5
Sample 1,Time-MoE,0.5
Sample 1,Moirai,0.5
Sample 2,Time-MoE,0.5
Sample 2,Moirai,0.5
Sample 3,Time-MoE,0.5
Sample 3,Moirai,0.5
Sample 4,Time-MoE,0.5
Sample 4,Moirai,0.5
Sample 5,Time-MoE,0.5
Sample 5,Moirai,0.5
Sample 6,Time-MoE,0.5
Sample 6,Moirai,0.5
Sample 7,Time-MoE,0.5
Sample 7,Moirai,0.5
Sample 8,Time-MoE,0.5
Sample 8,Moirai,0.5
Sample 9,Time-MoE,0.5
Sample 9,Moirai,0.5
Sample 10,Time-MoE,0.5
Sample 10,Moirai,0.5
Sample 11,Time-MoE,0.5
Sample 11,Moirai,0.5
Sample 12,Time-MoE,0.5
Sample 12,Moirai,0.5
Sample 13,Time-MoE,0.5
Sample 13,Moirai,0.5
Sample 14,Time-MoE,0.5
Sample 14,Moirai,0.5
Sample 15,Time-MoE,0.5
Sample 15,Moirai,0.5
Sample 16,Time-MoE,0.5
Sample 16,Moirai,0.5
Sample 17,Time-MoE,0.5
Sample 17,Moirai,0.5
Sample 18,Time-MoE,0.5
Sample 18,Moirai,0.5
Sample 19,Time-MoE,0.5
Sample 19,Moirai,0.5
Sample 20,Time-MoE,0.5
Sample 20,Moirai,0.5
Sample 21,Time-MoE,0.5
Sample 21,Moirai,0.5
Sample 22,Time-MoE,0.5
Sample 22,Moirai,0.5
Sample 23,Time-MoE,0.5
Sample 23,Moirai,0.5
Sample 24,Time-MoE,0.5
Sample 24,Moirai,0.5
Sample 25,Time-MoE,0.5
Sample 25,Moirai,0.5
Sample 26,Time-MoE,0.5
Sample 26,Moirai,0.5
Sample 27,Time-MoE,0.5
Sample 27,Moirai,0.5
Sample 28,Time-MoE,0.5
Sample 28,Moirai,0.5
Sample 29,Time-MoE,0.5
Sample 29,Moirai,0.5
Sample 30,Time-MoE,0.5
Sample 30,Moirai,0.5
Sample 31,Time-MoE,0.5
Sample 31,Moirai,0.5
Sample 0,Timer,0.5
Sample 0,TimesFM,0.5
Sample 1,Moirai,0.500258207321167
Sample 1,TimesFM,0.4997418224811554
Sample 2,Time-MoE,0.5009627938270569
Sample 2,TimesFM,0.4990372061729431
Sample 3,Moirai,0.5003557205200195
Sample 3,TimesFM,0.49964430928230286
Sample 4,Time-MoE,0.5029035210609436
Sample 4,TimesFM,0.4970965087413788
Sample 5,Moirai,0.500462532043457
Sample 5,TimesFM,0.49953749775886536
Sample 6,Timer,0.5
Sample 6,TimesFM,0.5
Sample 7,Time-MoE,0.5083597898483276
Sample 7,TimesFM,0.49164021015167236
Sample 8,Timer,0.5
Sample 8,TimesFM,0.5
Sample 9,Moirai,0.5004606246948242
Sample 9,TimesFM,0.4995393753051758
Sample 10,Timer,0.5
Sample 10,TimesFM,0.5
Sample 11,Timer,0.5
Sample 11,TimesFM,0.5
Sample 12,Timer,0.5
Sample 12,TimesFM,0.5
Sample 13,Moirai,0.5005054473876953
Sample 13,TimesFM,0.4994945526123047
Sample 14,Moirai,0.5004899501800537
Sample 14,TimesFM,0.4995100796222687
Sample 15,Time-MoE,0.5040096640586853
Sample 15,TimesFM,0.4959903657436371
Sample 16,Timer,0.5
Sample 16,TimesFM,0.5
Sample 17,Moirai,0.5004143714904785
Sample 17,TimesFM,0.4995856285095215
Sample 18,Time-MoE,0.5013285279273987
Sample 18,TimesFM,0.4986714720726013
Sample 19,Moirai,0.5003247261047363
Sample 19,TimesFM,0.49967527389526367
Sample 20,Moirai,0.5003707408905029
Sample 20,TimesFM,0.49962925910949707
Sample 21,Moirai,0.5003457069396973
Sample 21,TimesFM,0.49965429306030273
Sample 22,Timer,0.5
Sample 22,TimesFM,0.5
Sample 23,Time-MoE,0.5123235583305359
Sample 23,TimesFM,0.4876764118671417
Sample 24,Timer,0.5
Sample 24,TimesFM,0.5
Sample 25,Moirai,0.5006251335144043
Sample 25,TimesFM,0.4993748962879181
Sample 26,Timer,0.5
Sample 26,TimesFM,0.5
Sample 27,Moirai,0.5013327598571777
Sample 27,TimesFM,0.49866724014282227
Sample 28,Time-MoE,0.5097564458847046
Sample 28,TimesFM,0.490243524312973
Sample 29,Moirai,0.5008814334869385
Sample 29,TimesFM,0.4991185963153839
Sample 30,Timer,0.5
Sample 30,TimesFM,0.5
Sample 31,Time-MoE,0.5099758505821228
Sample 31,TimesFM,0.4900241792201996
Sample 0,Time-MoE,0.5037567019462585
Sample 0,TimesFM,0.49624326825141907
Sample 1,Chronos,0.5015202164649963
Sample 1,Moirai,0.4984797239303589
Sample 2,Chronos,0.500615119934082
Sample 2,Moirai,0.49938493967056274
Sample 3,Chronos,0.5007901787757874
Sample 3,Moirai,0.49920979142189026
Sample 4,Time-MoE,0.5026906132698059
Sample 4,TimesFM,0.4973093867301941
Sample 5,Chronos,0.5011917352676392
Sample 5,Moirai,0.4988083243370056
Sample 6,Chronos,0.5020685195922852
Sample 6,Timer,0.49793148040771484
Sample 7,Time-MoE,0.5039411187171936
Sample 7,TimesFM,0.496058851480484
Sample 8,Time-MoE,0.5083873271942139
Sample 8,TimesFM,0.4916127324104309
Sample 9,Chronos,0.5010481476783752
Sample 9,Moirai,0.49895182251930237
Sample 10,Chronos,0.5028456449508667
Sample 10,Timer,0.4971543848514557
Sample 11,Chronos,0.5003207921981812
Sample 11,Timer,0.49967920780181885
Sample 12,Time-MoE,0.5159879326820374
Sample 12,TimesFM,0.48401209712028503
Sample 13,Chronos,0.5008820295333862
Sample 13,Moirai,0.49911800026893616
Sample 14,Chronos,0.5013434290885925
Sample 14,Moirai,0.4986565411090851
Sample 15,Time-MoE,0.5126240253448486
Sample 15,TimesFM,0.48737600445747375
Sample 16,Chronos,0.5024212598800659
Sample 16,Timer,0.4975787401199341
Sample 17,Chronos,0.5010312795639038
Sample 17,Moirai,0.4989687502384186
Sample 18,Time-MoE,0.5069511532783508
Sample 18,TimesFM,0.49304884672164917
Sample 19,Chronos,0.5011106133460999
Sample 19,Moirai,0.49888932704925537
Sample 20,Time-MoE,0.5127788782119751
Sample 20,TimesFM,0.4872211217880249
Sample 21,Chronos,0.5003791451454163
Sample 21,Moirai,0.49962082505226135
Sample 22,Chronos,0.5033079385757446
Sample 22,Timer,0.49669206142425537
Sample 23,Time-MoE,0.5023747682571411
Sample 23,TimesFM,0.4976252019405365
Sample 24,Time-MoE,0.5105723142623901
Sample 24,TimesFM,0.4894276559352875
Sample 25,Chronos,0.501756489276886
Sample 25,Moirai,0.4982434809207916
Sample 26,Chronos,0.5003889799118042
Sample 26,Timer,0.4996110498905182
Sample 27,Moirai,0.5006449818611145
Sample 27,Chronos,0.4993550479412079
Sample 28,Time-MoE,0.5146619081497192
Sample 28,TimesFM,0.4853380620479584
Sample 29,Chronos,0.5012658834457397
Sample 29,Moirai,0.49873414635658264
Sample 30,Chronos,0.5021597146987915
Sample 30,Moirai,0.4978402554988861
Sample 31,Time-MoE,0.5133223533630371
Sample 31,TimesFM,0.4866776764392853
Sample 0,Time-MoE,0.5049580335617065
Sample 0,TimesFM,0.49504196643829346
Sample 1,Chronos,0.50462806224823
Sample 1,Moirai,0.4953719675540924
Sample 2,Timer,0.500829815864563
Sample 2,Chronos,0.4991702139377594
Sample 3,Chronos,0.5047605633735657
Sample 3,Moirai,0.49523937702178955
Sample 4,Chronos,0.5021758079528809
Sample 4,Moirai,0.49782422184944153
Sample 5,Timer,0.5008888244628906
Sample 5,Chronos,0.4991111159324646
Sample 6,Chronos,0.5029910206794739
Sample 6,Timer,0.49700894951820374
Sample 7,Time-MoE,0.5021209716796875
Sample 7,TimesFM,0.4978789985179901
Sample 8,Timer,0.5022187232971191
Sample 8,Chronos,0.49778124690055847
Sample 9,Chronos,0.5046142339706421
Sample 9,Moirai,0.4953857958316803
Sample 10,Time-MoE,0.5036416053771973
Sample 10,TimesFM,0.49635836482048035
Sample 11,Chronos,0.5023133754730225
Sample 11,Moirai,0.4976866543292999
Sample 12,Time-MoE,0.5134360194206238
Sample 12,TimesFM,0.4865640103816986
Sample 13,Chronos,0.5035204291343689
Sample 13,Moirai,0.4964795708656311
Sample 14,Chronos,0.5035531520843506
Sample 14,Moirai,0.4964469075202942
Sample 15,Time-MoE,0.5112965106964111
Sample 15,TimesFM,0.4887034296989441
Sample 16,Timer,0.5018126964569092
Sample 16,Chronos,0.4981873333454132
Sample 17,Chronos,0.503878116607666
Sample 17,Timer,0.4961218535900116
Sample 18,Time-MoE,0.504198431968689
Sample 18,TimesFM,0.4958016276359558
Sample 19,Moirai,0.5004467964172363
Sample 19,Chronos,0.49955320358276367
Sample 20,Time-MoE,0.5143179297447205
Sample 20,TimesFM,0.48568207025527954
Sample 21,Chronos,0.5040863752365112
Sample 21,Moirai,0.4959135949611664
Sample 22,Chronos,0.5045560598373413
Sample 22,Timer,0.4954439401626587
Sample 23,Time-MoE,0.5108149647712708
Sample 23,TimesFM,0.48918506503105164
Sample 24,Time-MoE,0.5084170699119568
Sample 24,TimesFM,0.4915829598903656
Sample 25,Chronos,0.5033060908317566
Sample 25,Moirai,0.4966939091682434
Sample 26,Time-MoE,0.5081124901771545
Sample 26,TimesFM,0.49188750982284546
Sample 27,Chronos,0.5017898082733154
Sample 27,Moirai,0.49821022152900696
Sample 28,Time-MoE,0.5140799283981323
Sample 28,TimesFM,0.4859200417995453
Sample 29,Chronos,0.501059353351593
Sample 29,Moirai,0.498940646648407
Sample 30,Chronos,0.5058603882789612
Sample 30,Moirai,0.4941396415233612
Sample 31,Time-MoE,0.5135989785194397
Sample 31,TimesFM,0.4864010512828827
Sample 0,Timer,0.504402220249176
Sample 0,Chronos,0.49559783935546875
Sample 1,Chronos,0.5072177052497864
Sample 1,Moirai,0.49278226494789124
Sample 2,Chronos,0.5057145953178406
Sample 2,Moirai,0.49428534507751465
Sample 3,Chronos,0.5061305165290833
Sample 3,Moirai,0.49386951327323914
Sample 4,Chronos,0.5027486085891724
Sample 4,Timer,0.49725139141082764
Sample 5,Chronos,0.505984365940094
Sample 5,Moirai,0.494015634059906
Sample 6,Chronos,0.5073907971382141
Sample 6,Moirai,0.4926092326641083
Sample 7,Time-MoE,0.5041237473487854
Sample 7,TimesFM,0.4958762526512146
Sample 8,Timer,0.5004144906997681
Sample 8,Chronos,0.49958550930023193
Sample 9,Chronos,0.5069843530654907
Sample 9,Moirai,0.4930156171321869
Sample 10,Time-MoE,0.5001144409179688
Sample 10,TimesFM,0.49988552927970886
Sample 11,Timer,0.5004502534866333
Sample 11,Chronos,0.4995497167110443
Sample 12,Timer,0.5015765428543091
Sample 12,Chronos,0.49842342734336853
Sample 13,Chronos,0.5063982009887695
Sample 13,Moirai,0.49360179901123047
Sample 14,Chronos,0.5068299174308777
Sample 14,Moirai,0.4931701123714447
Sample 15,Time-MoE,0.5070567727088928
Sample 15,TimesFM,0.49294325709342957
Sample 16,Timer,0.5012837648391724
Sample 16,Chronos,0.49871620535850525
Sample 17,Chronos,0.5071418881416321
Sample 17,Moirai,0.49285805225372314
Sample 18,Chronos,0.5081808567047119
Sample 18,Timer,0.4918191730976105
Sample 19,Chronos,0.5017699003219604
Sample 19,Moirai,0.4982301592826843
Sample 20,Time-MoE,0.5165828466415405
Sample 20,TimesFM,0.4834171235561371
Sample 21,Chronos,0.5059848427772522
Sample 21,Moirai,0.4940151572227478
Sample 22,Chronos,0.5092635154724121
Sample 22,Moirai,0.4907365143299103
Sample 23,Time-MoE,0.5134674310684204
Sample 23,TimesFM,0.486532598733902
Sample 24,Timer,0.502921998500824
Sample 24,TimesFM,0.49707797169685364
Sample 25,Chronos,0.5068137049674988
Sample 25,Moirai,0.4931863248348236
Sample 26,Moirai,0.5000205636024475
Sample 26,Chronos,0.4999794363975525
Sample 27,Chronos,0.5052763223648071
Sample 27,Moirai,0.4947236180305481
Sample 28,Time-MoE,0.5114056468009949
Sample 28,TimesFM,0.4885943531990051
Sample 29,Chronos,0.5039718151092529
Sample 29,Moirai,0.4960281550884247
Sample 30,Chronos,0.5070469379425049
Sample 30,Moirai,0.4929530620574951
Sample 31,Time-MoE,0.5047191381454468
Sample 31,TimesFM,0.49528080224990845
Sample 0,Timer,0.506946861743927
Sample 0,Time-MoE,0.4930531680583954
Sample 1,Chronos,0.5064861178398132
Sample 1,Moirai,0.49351388216018677
Sample 2,Chronos,0.5025554895401001
Sample 2,Moirai,0.4974445402622223
Sample 3,Chronos,0.5065216422080994
Sample 3,Moirai,0.49347832798957825
Sample 4,Time-MoE,0.5121579170227051
Sample 4,TimesFM,0.4878421127796173
Sample 5,Chronos,0.5071209073066711
Sample 5,Moirai,0.49287909269332886
Sample 6,Chronos,0.5057562589645386
Sample 6,Timer,0.49424371123313904
Sample 7,Time-MoE,0.5031515955924988
Sample 7,TimesFM,0.4968484044075012
Sample 8,Timer,0.504192590713501
Sample 8,TimesFM,0.495807409286499
Sample 9,Chronos,0.5063495635986328
Sample 9,Moirai,0.4936504662036896
Sample 10,Chronos,0.5034292936325073
Sample 10,Timer,0.4965706765651703
Sample 11,Chronos,0.506005585193634
Sample 11,Timer,0.49399444460868835
Sample 12,Time-MoE,0.5011380910873413
Sample 12,Chronos,0.4988619089126587
Sample 13,Chronos,0.5018939971923828
Sample 13,Moirai,0.4981060326099396
Sample 14,Time-MoE,0.5018285512924194
Sample 14,TimesFM,0.49817144870758057
Sample 15,Timer,0.5012078881263733
Sample 15,Time-MoE,0.4987920820713043
Sample 16,Timer,0.501176118850708
Sample 16,Time-MoE,0.498823881149292
Sample 17,Chronos,0.5057154297828674
Sample 17,Moirai,0.49428457021713257
Sample 18,Time-MoE,0.5049243569374084
Sample 18,TimesFM,0.49507564306259155
Sample 19,Chronos,0.5056794285774231
Sample 19,Moirai,0.4943206012248993
Sample 20,Chronos,0.5032746195793152
Sample 20,Moirai,0.4967253804206848
Sample 21,Chronos,0.5044872164726257
Sample 21,Moirai,0.49551278352737427
Sample 22,Chronos,0.5083378553390503
Sample 22,Moirai,0.4916621446609497
Sample 23,Time-MoE,0.5129880309104919
Sample 23,TimesFM,0.48701193928718567
Sample 24,Timer,0.5082670450210571
Sample 24,Chronos,0.4917329251766205
Sample 25,Chronos,0.5060405731201172
Sample 25,Moirai,0.4939594268798828
Sample 26,TimesFM,0.5021712779998779
Sample 26,Time-MoE,0.49782872200012207
Sample 27,Chronos,0.5070508122444153
Sample 27,Moirai,0.49294915795326233
Sample 28,TimesFM,0.5052610039710999
Sample 28,Time-MoE,0.49473902583122253
Sample 29,Chronos,0.5073180198669434
Sample 29,Moirai,0.49268195033073425
Sample 30,TimesFM,0.503985583782196
Sample 30,Time-MoE,0.49601441621780396
Sample 31,Time-MoE,0.5160388350486755
Sample 31,TimesFM,0.4839611053466797
Sample 0,Chronos,0.505669116973877
Sample 0,Timer,0.49433082342147827
Sample 1,Chronos,0.5057612061500549
Sample 1,Moirai,0.49423882365226746
Sample 2,Chronos,0.5062591433525085
Sample 2,Moirai,0.49374085664749146
Sample 3,Chronos,0.5043609142303467
Sample 3,Moirai,0.4956391155719757
Sample 4,Time-MoE,0.5058810710906982
Sample 4,TimesFM,0.49411895871162415
Sample 5,Chronos,0.5064770579338074
Sample 5,Moirai,0.4935229420661926
Sample 6,Chronos,0.508512556552887
Sample 6,Moirai,0.49148741364479065
Sample 7,Time-MoE,0.5098692774772644
Sample 7,TimesFM,0.4901307225227356
Sample 8,Timer,0.508484423160553
Sample 8,TimesFM,0.4915156066417694
Sample 9,Chronos,0.5064321160316467
Sample 9,Moirai,0.49356788396835327
Sample 10,Chronos,0.50064617395401
Sample 10,TimesFM,0.49935382604599
Sample 11,Chronos,0.5053834319114685
Sample 11,Moirai,0.4946165680885315
Sample 12,Timer,0.5037288665771484
Sample 12,Chronos,0.49627113342285156
Sample 13,Chronos,0.5071127414703369
Sample 13,Moirai,0.4928872883319855
Sample 14,Chronos,0.5065088272094727
Sample 14,Moirai,0.49349114298820496
Sample 15,Time-MoE,0.5123182535171509
Sample 15,TimesFM,0.4876817762851715
Sample 0,Timer,0.5052810311317444
Sample 0,TimesFM,0.4947189688682556
Sample 1,Chronos,0.5039824843406677
Sample 1,Moirai,0.4960174858570099
Sample 2,Time-MoE,0.5095089077949524
Sample 2,TimesFM,0.4904910624027252
Sample 3,Chronos,0.5033404231071472
Sample 3,Moirai,0.4966595470905304
Sample 4,Timer,0.5025947690010071
Sample 4,Chronos,0.4974052309989929
Sample 5,Chronos,0.5044123530387878
Sample 5,Moirai,0.49558767676353455
Sample 6,Chronos,0.5070481896400452
Sample 6,Moirai,0.4929518401622772
Sample 7,Time-MoE,0.5117033123970032
Sample 7,TimesFM,0.4882967472076416
Sample 8,Timer,0.5007863640785217
Sample 8,Chronos,0.49921363592147827
Sample 9,Chronos,0.5031015872955322
Sample 9,Moirai,0.49689844250679016
Sample 10,Chronos,0.5038327574729919
Sample 10,Moirai,0.49616727232933044
Sample 11,Chronos,0.5019097328186035
Sample 11,Moirai,0.4980902373790741
Sample 12,Time-MoE,0.5060262680053711
Sample 12,TimesFM,0.4939737617969513
Sample 13,Chronos,0.5044370889663696
Sample 13,Moirai,0.495562881231308
Sample 14,Chronos,0.5028098225593567
Sample 14,Moirai,0.49719011783599854
Sample 15,Time-MoE,0.512055516242981
Sample 15,TimesFM,0.48794451355934143
Sample 16,TimesFM,0.5089316368103027
Sample 16,Time-MoE,0.49106839299201965
Sample 17,Chronos,0.5039851069450378
Sample 17,Moirai,0.49601489305496216
Sample 18,TimesFM,0.5035265684127808
Sample 18,Time-MoE,0.49647340178489685
Sample 19,Chronos,0.5051015019416809
Sample 19,Moirai,0.4948984682559967
Sample 20,TimesFM,0.502160906791687
Sample 20,Chronos,0.4978391230106354
Sample 21,Chronos,0.5012782216072083
Sample 21,Moirai,0.4987218379974365
Sample 22,Chronos,0.5022032856941223
Sample 22,Timer,0.4977967441082001
Sample 23,Time-MoE,0.5005049109458923
Sample 23,TimesFM,0.49949508905410767
Sample 24,Time-MoE,0.5007043480873108
Sample 24,TimesFM,0.4992956817150116
Sample 25,Chronos,0.5035857558250427
Sample 25,Moirai,0.4964142441749573
Sample 26,Chronos,0.5016950964927673
Sample 26,Timer,0.49830493330955505
Sample 27,Chronos,0.5024995803833008
Sample 27,Moirai,0.4975004196166992
Sample 28,Time-MoE,0.5131546258926392
Sample 28,TimesFM,0.48684537410736084
Sample 29,Chronos,0.5039262175559998
Sample 29,Moirai,0.49607378244400024
Sample 30,Chronos,0.5050055384635925
Sample 30,Moirai,0.4949944019317627
Sample 31,Time-MoE,0.5104803442955017
Sample 31,TimesFM,0.4895196557044983
Sample 0,Timer,0.508745551109314
Sample 0,Chronos,0.49125438928604126
Sample 1,Chronos,0.5015391707420349
Sample 1,Moirai,0.4984608590602875
Sample 2,TimesFM,0.5009620785713196
Sample 2,Time-MoE,0.4990379512310028
Sample 3,Chronos,0.5019351840019226
Sample 3,Moirai,0.4980648458003998
Sample 4,Time-MoE,0.5068714618682861
Sample 4,TimesFM,0.49312853813171387
Sample 5,Chronos,0.5011629462242126
Sample 5,Moirai,0.49883705377578735
Sample 6,Chronos,0.5028527975082397
Sample 6,Timer,0.49714720249176025
Sample 7,Time-MoE,0.5108354687690735
Sample 7,TimesFM,0.4891645610332489
Sample 8,Chronos,0.5058163404464722
Sample 8,TimesFM,0.49418362975120544
Sample 9,Chronos,0.500964343547821
Sample 9,Moirai,0.49903568625450134
Sample 10,Chronos,0.5018226504325867
Sample 10,Moirai,0.49817734956741333
Sample 11,Chronos,0.5015337467193604
Sample 11,Timer,0.49846625328063965
Sample 12,Chronos,0.5003479719161987
Sample 12,Timer,0.4996519982814789
Sample 13,Chronos,0.5021001696586609
Sample 13,Moirai,0.4978998303413391
Sample 14,Chronos,0.500950038433075
Sample 14,Moirai,0.49904999136924744
Sample 15,Time-MoE,0.5056989789009094
Sample 15,TimesFM,0.4943010210990906
Sample 16,TimesFM,0.5103976130485535
Sample 16,Chronos,0.48960238695144653
Sample 17,Chronos,0.5015293955802917
Sample 17,Moirai,0.49847063422203064
Sample 18,Time-MoE,0.5019115805625916
Sample 18,TimesFM,0.49808841943740845
Sample 19,Chronos,0.5020719766616821
Sample 19,Moirai,0.4979279637336731
Sample 20,Moirai,0.5010793805122375
Sample 20,Chronos,0.49892061948776245
Sample 21,Chronos,0.5018932223320007
Sample 21,Moirai,0.4981067478656769
Sample 22,Chronos,0.5039728283882141
Sample 22,Timer,0.4960271120071411
Sample 23,Time-MoE,0.5179718732833862
Sample 23,TimesFM,0.48202818632125854
Sample 24,Chronos,0.504798412322998
Sample 24,Moirai,0.49520155787467957
Sample 25,Chronos,0.5004691481590271
Sample 25,Moirai,0.4995308518409729
Sample 26,Chronos,0.50299072265625
Sample 26,Moirai,0.4970092475414276
Sample 27,Chronos,0.5001961588859558
Sample 27,Moirai,0.4998038411140442
Sample 28,Time-MoE,0.514476478099823
Sample 28,TimesFM,0.485523521900177
Sample 29,Chronos,0.502668559551239
Sample 29,Moirai,0.49733150005340576
Sample 30,Chronos,0.5015046000480652
Sample 30,Moirai,0.4984953999519348
Sample 31,Time-MoE,0.5135207176208496
Sample 31,TimesFM,0.4864792823791504
Sample 0,TimesFM,0.5050612688064575
Sample 0,Time-MoE,0.4949387013912201
Sample 1,Moirai,0.5015180110931396
Sample 1,Chronos,0.49848201870918274
Sample 2,Moirai,0.5071236491203308
Sample 2,Chronos,0.4928763210773468
Sample 3,Moirai,0.5026256442070007
Sample 3,Chronos,0.4973743259906769
Sample 4,Time-MoE,0.5008506178855896
Sample 4,TimesFM,0.4991494119167328
Sample 5,Moirai,0.5033774971961975
Sample 5,Chronos,0.4966225028038025
Sample 6,Timer,0.5040329098701477
Sample 6,Moirai,0.4959670901298523
Sample 7,Time-MoE,0.5030486583709717
Sample 7,TimesFM,0.4969513416290283
Sample 8,Time-MoE,0.5003463625907898
Sample 8,TimesFM,0.4996536672115326
Sample 9,Moirai,0.5029218196868896
Sample 9,Chronos,0.49707821011543274
Sample 10,Chronos,0.5021471977233887
Sample 10,Moirai,0.49785280227661133
Sample 11,Timer,0.5071318745613098
Sample 11,Chronos,0.4928681552410126
Sample 12,Time-MoE,0.5189841985702515
Sample 12,TimesFM,0.4810158610343933
Sample 13,Moirai,0.5016460418701172
Sample 13,Chronos,0.4983539581298828
Sample 14,Moirai,0.5023112893104553
Sample 14,Chronos,0.4976886510848999
Sample 15,Time-MoE,0.5150179266929626
Sample 15,TimesFM,0.48498210310935974
Sample 16,Chronos,0.5027963519096375
Sample 16,Moirai,0.49720361828804016
Sample 17,Moirai,0.504421591758728
Sample 17,Chronos,0.495578408241272
Sample 18,Time-MoE,0.5133355855941772
Sample 18,TimesFM,0.48666444420814514
Sample 19,Chronos,0.5031329989433289
Sample 19,Moirai,0.49686697125434875
Sample 20,Time-MoE,0.5163546204566956
Sample 20,TimesFM,0.48364537954330444
Sample 21,Chronos,0.500645637512207
Sample 21,Moirai,0.49935436248779297
Sample 22,Chronos,0.5018045902252197
Sample 22,Moirai,0.4981954097747803
Sample 23,Time-MoE,0.5059581995010376
Sample 23,TimesFM,0.4940418303012848
Sample 24,Time-MoE,0.5059217214584351
Sample 24,TimesFM,0.49407827854156494
Sample 25,Moirai,0.5019137263298035
Sample 25,Chronos,0.49808621406555176
Sample 26,Timer,0.50202876329422
Sample 26,Moirai,0.4979712963104248
Sample 27,Moirai,0.5018541216850281
Sample 27,Chronos,0.4981458783149719
Sample 28,Time-MoE,0.517149806022644
Sample 28,TimesFM,0.48285019397735596
Sample 29,Chronos,0.5024421215057373
Sample 29,Moirai,0.4975579082965851
Sample 30,Moirai,0.5028095841407776
Sample 30,Chronos,0.49719035625457764
Sample 31,Time-MoE,0.5161185264587402
Sample 31,TimesFM,0.483881413936615
Sample 0,TimesFM,0.5021786093711853
Sample 0,Time-MoE,0.4978214502334595
Sample 1,Moirai,0.5019137263298035
Sample 1,Chronos,0.49808627367019653
Sample 2,Timer,0.5006895661354065
Sample 2,Chronos,0.4993104040622711
Sample 3,Moirai,0.5003215670585632
Sample 3,Chronos,0.49967843294143677
Sample 4,Chronos,0.5005961060523987
Sample 4,Moirai,0.4994039237499237
Sample 5,Chronos,0.500197172164917
Sample 5,Timer,0.4998027980327606
Sample 6,Chronos,0.5015930533409119
Sample 6,Moirai,0.49840694665908813
Sample 7,Time-MoE,0.5014404654502869
Sample 7,TimesFM,0.49855953454971313
Sample 8,TimesFM,0.5093600749969482
Sample 8,Timer,0.49063995480537415
Sample 9,Moirai,0.5043757557868958
Sample 9,Chronos,0.49562421441078186
Sample 10,Time-MoE,0.5016469359397888
Sample 10,TimesFM,0.4983530640602112
Sample 11,Moirai,0.5053062438964844
Sample 11,Chronos,0.49469372630119324
Sample 12,Time-MoE,0.5137819051742554
Sample 12,TimesFM,0.48621803522109985
Sample 13,Moirai,0.5064924359321594
Sample 13,Chronos,0.49350759387016296
Sample 14,Moirai,0.5076770186424255
Sample 14,Chronos,0.49232298135757446
Sample 15,Time-MoE,0.5103362798690796
Sample 15,TimesFM,0.489663690328598
Sample 16,TimesFM,0.5092167258262634
Sample 16,Timer,0.4907832741737366
Sample 17,Timer,0.5051549673080444
Sample 17,Moirai,0.49484509229660034
Sample 18,Time-MoE,0.5033411979675293
Sample 18,TimesFM,0.4966587722301483
Sample 19,Moirai,0.504311740398407
Sample 19,Timer,0.49568819999694824
Sample 20,Time-MoE,0.5164220333099365
Sample 20,TimesFM,0.4835779368877411
Sample 21,Moirai,0.5059048533439636
Sample 21,Chronos,0.494095116853714
Sample 22,Timer,0.5005092024803162
Sample 22,Chronos,0.49949079751968384
Sample 23,Time-MoE,0.5129216313362122
Sample 23,TimesFM,0.48707836866378784
Sample 24,TimesFM,0.5006473660469055
Sample 24,Time-MoE,0.49935266375541687
Sample 25,Moirai,0.505853533744812
Sample 25,Chronos,0.4941464066505432
Sample 26,Time-MoE,0.5043054819107056
Sample 26,TimesFM,0.4956945776939392
Sample 27,Moirai,0.5060409307479858
Sample 27,Chronos,0.4939590394496918
Sample 28,Time-MoE,0.5135157108306885
Sample 28,TimesFM,0.4864843189716339
Sample 29,Moirai,0.5060285925865173
Sample 29,Chronos,0.4939713776111603
Sample 30,Moirai,0.5037159323692322
Sample 30,Timer,0.49628403782844543
Sample 31,Time-MoE,0.5139278769493103
Sample 31,TimesFM,0.4860721528530121
Sample 0,Chronos,0.5017272233963013
Sample 0,Timer,0.4982728064060211
Sample 1,Moirai,0.5048379898071289
Sample 1,Timer,0.4951619803905487
Sample 2,Timer,0.5018192529678345
Sample 2,Moirai,0.4981807768344879
Sample 3,Moirai,0.5031090378761292
Sample 3,Timer,0.4968909025192261
Sample 4,Timer,0.5108182430267334
Sample 4,Moirai,0.4891817271709442
Sample 5,Moirai,0.508436918258667
Sample 5,Chronos,0.4915631115436554
Sample 6,Moirai,0.5052592158317566
Sample 6,Timer,0.494740754365921
Sample 7,Time-MoE,0.5024862885475159
Sample 7,TimesFM,0.49751371145248413
Sample 8,TimesFM,0.5026046633720398
Sample 8,Chronos,0.4973953366279602
Sample 9,Moirai,0.5028063058853149
Sample 9,Timer,0.49719366431236267
Sample 10,Time-MoE,0.502739429473877
Sample 10,TimesFM,0.49726051092147827
Sample 11,Timer,0.5027474164962769
Sample 11,Chronos,0.49725255370140076
Sample 12,Timer,0.5103144645690918
Sample 12,TimesFM,0.4896855354309082
Sample 13,Chronos,0.5016534924507141
Sample 13,Timer,0.4983464479446411
Sample 14,Moirai,0.5030659437179565
Sample 14,Timer,0.49693405628204346
Sample 15,Time-MoE,0.5135225057601929
Sample 15,Moirai,0.4864775240421295
Sample 16,Chronos,0.501926064491272
Sample 16,Timer,0.4980739653110504
Sample 17,Moirai,0.5064790844917297
Sample 17,Timer,0.49352094531059265
Sample 18,Timer,0.5004618167877197
Sample 18,Chronos,0.4995381832122803
Sample 19,Moirai,0.5072923898696899
Sample 19,Timer,0.49270761013031006
Sample 20,Time-MoE,0.5188314318656921
Sample 20,TimesFM,0.4811685085296631
Sample 21,Moirai,0.5060520172119141
Sample 21,Chronos,0.49394798278808594
Sample 22,Moirai,0.5044415593147278
Sample 22,Timer,0.4955584704875946
Sample 23,Time-MoE,0.5184267163276672
Sample 23,TimesFM,0.48157331347465515
Sample 24,TimesFM,0.5140066146850586
Sample 24,Chronos,0.4859933853149414
Sample 25,Moirai,0.5018702745437622
Sample 25,Timer,0.4981296956539154
Sample 26,Moirai,0.5052999258041382
Sample 26,Chronos,0.4947001039981842
Sample 27,Moirai,0.5035009980201721
Sample 27,Timer,0.4964989423751831
Sample 28,Time-MoE,0.5125831365585327
Sample 28,TimesFM,0.4874168336391449
Sample 29,Moirai,0.5083630681037903
Sample 29,Timer,0.4916369318962097
Sample 30,Moirai,0.5058636665344238
Sample 30,Timer,0.49413633346557617
Sample 31,Time-MoE,0.5024715065956116
Sample 31,TimesFM,0.4975284934043884
Sample 0,TimesFM,0.5080309510231018
Sample 0,Time-MoE,0.4919690787792206
Sample 1,Moirai,0.5054935216903687
Sample 1,Timer,0.4945065379142761
Sample 2,Chronos,0.5002276301383972
Sample 2,Moirai,0.4997723698616028
Sample 3,Moirai,0.5058496594429016
Sample 3,Timer,0.4941503405570984
Sample 4,Time-MoE,0.5128240585327148
Sample 4,TimesFM,0.4871758818626404
Sample 5,Moirai,0.5083939433097839
Sample 5,Chronos,0.49160605669021606
Sample 6,Timer,0.5021428465843201
Sample 6,Moirai,0.49785712361335754
Sample 7,Time-MoE,0.5009326338768005
Sample 7,TimesFM,0.4990673363208771
Sample 8,TimesFM,0.5166515111923218
Sample 8,Chronos,0.4833484888076782
Sample 9,Moirai,0.5065409541130066
Sample 9,Timer,0.4934590458869934
Sample 10,Moirai,0.502257227897644
Sample 10,Chronos,0.49774277210235596
Sample 11,Timer,0.5015727877616882
Sample 11,Moirai,0.49842727184295654
Sample 12,Time-MoE,0.5008251070976257
Sample 12,Moirai,0.4991748631000519
Sample 13,Timer,0.5049335956573486
Sample 13,Moirai,0.49506643414497375
Sample 14,TimesFM,0.5010522603988647
Sample 14,Time-MoE,0.49894770979881287
Sample 15,TimesFM,0.5011270046234131
Sample 15,Time-MoE,0.4988730251789093
Sample 16,TimesFM,0.5032421946525574
Sample 16,Time-MoE,0.4967578053474426
Sample 17,Moirai,0.5057588219642639
Sample 17,Timer,0.49424120783805847
Sample 18,Time-MoE,0.5018755197525024
Sample 18,TimesFM,0.49812453985214233
Sample 19,Moirai,0.5058882832527161
Sample 19,Timer,0.4941117465496063
Sample 20,Moirai,0.5124523639678955
Sample 20,Chronos,0.48754769563674927
Sample 21,Moirai,0.5069870352745056
Sample 21,Chronos,0.4930129647254944
Sample 22,Moirai,0.5003533959388733
Sample 22,Timer,0.4996466338634491
Sample 23,Time-MoE,0.5147615075111389
Sample 23,TimesFM,0.4852384626865387
Sample 24,Chronos,0.5099396109580994
Sample 24,Moirai,0.49006035923957825
Sample 25,Moirai,0.5078749656677246
Sample 25,Chronos,0.49212509393692017
Sample 26,TimesFM,0.5069316029548645
Sample 26,Time-MoE,0.4930683970451355
Sample 27,Moirai,0.5071572661399841
Sample 27,Chronos,0.49284276366233826
Sample 28,TimesFM,0.5130630135536194
Sample 28,Time-MoE,0.486937016248703
Sample 29,Moirai,0.5074077844619751
Sample 29,Timer,0.4925922155380249
Sample 30,TimesFM,0.5124051570892334
Sample 30,Time-MoE,0.4875948429107666
Sample 31,Time-MoE,0.5256457328796387
Sample 31,TimesFM,0.4743542969226837
Sample 0,Moirai,0.5005013942718506
Sample 0,Chronos,0.4994986057281494
Sample 1,Moirai,0.5088849067687988
Sample 1,Timer,0.49111509323120117
Sample 2,Moirai,0.5060752630233765
Sample 2,TimesFM,0.4939247965812683
Sample 3,Moirai,0.5044928193092346
Sample 3,Timer,0.495507150888443
Sample 4,Time-MoE,0.5066384673118591
Sample 4,TimesFM,0.49336153268814087
Sample 5,Moirai,0.5059619545936584
Sample 5,Chronos,0.49403804540634155
Sample 6,Timer,0.5029984712600708
Sample 6,Moirai,0.4970015287399292
Sample 7,Time-MoE,0.5131990313529968
Sample 7,TimesFM,0.4868009090423584
Sample 8,TimesFM,0.5097583532333374
Sample 8,Chronos,0.490241676568985
Sample 9,Moirai,0.5053427219390869
Sample 9,Timer,0.49465733766555786
Sample 10,TimesFM,0.5020710229873657
Sample 10,Moirai,0.4979289174079895
Sample 11,Moirai,0.502545177936554
Sample 11,Timer,0.49745476245880127
Sample 12,Timer,0.5147742629051208
Sample 12,Moirai,0.48522576689720154
Sample 13,Moirai,0.5071693658828735
Sample 13,Timer,0.4928306043148041
Sample 14,Moirai,0.5107290148735046
Sample 14,Timer,0.489270955324173
Sample 15,Time-MoE,0.5142526030540466
Sample 15,TimesFM,0.48574739694595337
Sample 0,TimesFM,0.5084631443023682
Sample 0,Chronos,0.49153682589530945
Sample 1,Moirai,0.5055052042007446
Sample 1,Timer,0.49449482560157776
Sample 2,Time-MoE,0.5121949911117554
Sample 2,TimesFM,0.48780500888824463
Sample 3,Moirai,0.5045832991600037
Sample 3,Timer,0.49541670083999634
Sample 4,Timer,0.510455846786499
Sample 4,Moirai,0.48954418301582336
Sample 5,Moirai,0.5098094940185547
Sample 5,Timer,0.4901905059814453
Sample 6,Timer,0.5005224347114563
Sample 6,Moirai,0.4994775950908661
Sample 7,Time-MoE,0.5121527910232544
Sample 7,TimesFM,0.4878471791744232
Sample 8,Chronos,0.5016435384750366
Sample 8,TimesFM,0.498356431722641
Sample 9,Moirai,0.5064753890037537
Sample 9,Timer,0.49352458119392395
Sample 10,Moirai,0.5065715312957764
Sample 10,Chronos,0.49342840909957886
Sample 11,Moirai,0.5088855624198914
Sample 11,Chronos,0.49111440777778625
Sample 12,Time-MoE,0.503459095954895
Sample 12,TimesFM,0.49654096364974976
Sample 13,Moirai,0.5091077089309692
Sample 13,Chronos,0.49089229106903076
Sample 14,Moirai,0.5152137875556946
Sample 14,Timer,0.4847862422466278
Sample 15,Time-MoE,0.5124411582946777
Sample 15,TimesFM,0.48755890130996704
Sample 16,TimesFM,0.5228837132453918
Sample 16,Time-MoE,0.47711625695228577
Sample 17,Moirai,0.5088419318199158
Sample 17,Chronos,0.49115806818008423
Sample 18,TimesFM,0.5113459229469299
Sample 18,Time-MoE,0.48865407705307007
Sample 19,Moirai,0.5037500858306885
Sample 19,Timer,0.4962499141693115
Sample 20,TimesFM,0.50864577293396
Sample 20,Chronos,0.4913542866706848
Sample 21,Moirai,0.5066771507263184
Sample 21,Chronos,0.49332281947135925
Sample 22,Timer,0.5059188604354858
Sample 22,Moirai,0.4940811097621918
Sample 23,Time-MoE,0.5011693239212036
Sample 23,TimesFM,0.498830646276474
Sample 24,TimesFM,0.509665310382843
Sample 24,Time-MoE,0.4903346598148346
Sample 25,Moirai,0.5076407790184021
Sample 25,Timer,0.4923592209815979
Sample 26,Moirai,0.5005043148994446
Sample 26,Timer,0.4994956851005554
Sample 27,Chronos,0.5004406571388245
Sample 27,Moirai,0.49955934286117554
Sample 28,Time-MoE,0.5176143646240234
Sample 28,TimesFM,0.48238563537597656
Sample 29,Moirai,0.5098615288734436
Sample 29,Chronos,0.490138441324234
Sample 30,Moirai,0.5107730031013489
Sample 30,Chronos,0.4892270267009735
Sample 31,Time-MoE,0.5129276514053345
Sample 31,TimesFM,0.4870723485946655
Sample 0,Timer,0.5022792220115662
Sample 0,Chronos,0.4977208077907562
Sample 1,Moirai,0.5104308128356934
Sample 1,Timer,0.48956915736198425
Sample 2,TimesFM,0.5038934350013733
Sample 2,Timer,0.4961066246032715
Sample 3,Moirai,0.5018378496170044
Sample 3,Timer,0.498162180185318
Sample 4,Time-MoE,0.5093976855278015
Sample 4,Timer,0.4906023442745209
Sample 5,Moirai,0.5107281804084778
Sample 5,Chronos,0.4892718195915222
Sample 6,Timer,0.5053736567497253
Sample 6,Moirai,0.49462634325027466
Sample 7,Time-MoE,0.5101713538169861
Sample 7,TimesFM,0.4898286461830139
Sample 8,TimesFM,0.5099916458129883
Sample 8,Chronos,0.49000832438468933
Sample 9,Moirai,0.5097907185554504
Sample 9,Timer,0.49020931124687195
Sample 10,Moirai,0.5063755512237549
Sample 10,Timer,0.4936244487762451
Sample 11,Timer,0.50026535987854
Sample 11,Chronos,0.4997345805168152
Sample 12,Timer,0.5029102563858032
Sample 12,TimesFM,0.4970897436141968
Sample 13,Moirai,0.5065556764602661
Sample 13,Chronos,0.4934442937374115
Sample 14,Moirai,0.5074010491371155
Sample 14,Timer,0.4925989806652069
Sample 15,Time-MoE,0.5046187043190002
Sample 15,TimesFM,0.495381236076355
Sample 16,TimesFM,0.5231016278266907
Sample 16,Chronos,0.4768984317779541
Sample 17,Moirai,0.5096962451934814
Sample 17,Chronos,0.49030375480651855
Sample 18,Time-MoE,0.5028355121612549
Sample 18,TimesFM,0.49716445803642273
Sample 19,Moirai,0.5051960349082947
Sample 19,Timer,0.4948039948940277
Sample 20,Moirai,0.5096818208694458
Sample 20,Timer,0.4903182089328766
Sample 21,Moirai,0.5083568096160889
Sample 21,Chronos,0.4916432201862335
Sample 22,Timer,0.5031141042709351
Sample 22,Moirai,0.49688583612442017
Sample 23,Time-MoE,0.522124171257019
Sample 23,TimesFM,0.47787585854530334
Sample 24,Moirai,0.5029556155204773
Sample 24,Chronos,0.49704432487487793
Sample 25,Moirai,0.508053183555603
Sample 25,Timer,0.491946816444397
Sample 26,Moirai,0.5094490051269531
Sample 26,Chronos,0.4905509352684021
Sample 27,Moirai,0.5054260492324829
Sample 27,Timer,0.4945739209651947
Sample 28,Time-MoE,0.5139521360397339
Sample 28,TimesFM,0.4860478639602661
Sample 29,Moirai,0.5049673318862915
Sample 29,Chronos,0.4950326681137085
Sample 30,Moirai,0.5105506777763367
Sample 30,Timer,0.48944932222366333
Sample 31,Time-MoE,0.5142921805381775
Sample 31,TimesFM,0.4857078194618225
Sample 0,TimesFM,0.5155847072601318
Sample 0,Time-MoE,0.48441529273986816
Sample 1,Moirai,0.5088172554969788
Sample 1,Chronos,0.49118268489837646
Sample 2,Moirai,0.5158883333206177
Sample 2,Chronos,0.4841116666793823
Sample 3,Moirai,0.5090318322181702
Sample 3,Chronos,0.49096816778182983
Sample 4,TimesFM,0.5024605989456177
Sample 4,Time-MoE,0.4975394308567047
Sample 5,Moirai,0.5139157176017761
Sample 5,Chronos,0.4860842525959015
Sample 6,Timer,0.5099511742591858
Sample 6,Moirai,0.4900487959384918
Sample 7,Time-MoE,0.5012331604957581
Sample 7,TimesFM,0.49876683950424194
Sample 8,TimesFM,0.5099861025810242
Sample 8,Time-MoE,0.4900139272212982
Sample 9,Moirai,0.5116389989852905
Sample 9,Chronos,0.48836103081703186
Sample 10,Moirai,0.5053120851516724
Sample 10,Chronos,0.49468788504600525
Sample 11,Timer,0.5163378715515137
Sample 11,Chronos,0.48366209864616394
Sample 12,Time-MoE,0.5189539194107056
Sample 12,TimesFM,0.48104605078697205
Sample 13,Moirai,0.508706271648407
Sample 13,Chronos,0.4912937581539154
Sample 14,Moirai,0.5119484066963196
Sample 14,Chronos,0.4880515933036804
Sample 15,Time-MoE,0.5161250233650208
Sample 15,TimesFM,0.48387497663497925
Sample 16,Moirai,0.5011278390884399
Sample 16,Chronos,0.49887222051620483
Sample 17,Moirai,0.5099617838859558
Sample 17,Timer,0.4900381863117218
Sample 18,Time-MoE,0.5167151093482971
Sample 18,Timer,0.48328495025634766
Sample 19,Chronos,0.5025604963302612
Sample 19,Moirai,0.4974394738674164
Sample 20,Time-MoE,0.515451192855835
Sample 20,TimesFM,0.48454880714416504
Sample 21,Moirai,0.5023770928382874
Sample 21,Chronos,0.49762290716171265
Sample 22,Moirai,0.5022602677345276
Sample 22,Timer,0.4977397620677948
Sample 23,Time-MoE,0.5099968314170837
Sample 23,Chronos,0.49000322818756104
Sample 24,TimesFM,0.5017521977424622
Sample 24,Time-MoE,0.49824780225753784
Sample 25,Moirai,0.5085951685905457
Sample 25,Timer,0.49140480160713196
Sample 26,Moirai,0.5021209716796875
Sample 26,Timer,0.4978789985179901
Sample 27,Timer,0.5036268830299377
Sample 27,Moirai,0.49637308716773987
Sample 28,Time-MoE,0.5173479318618774
Sample 28,TimesFM,0.48265206813812256
Sample 29,Moirai,0.5004783868789673
Sample 29,Chronos,0.4995216727256775
Sample 30,Moirai,0.512866735458374
Sample 30,Timer,0.48713329434394836
Sample 31,Time-MoE,0.5171231031417847
Sample 31,TimesFM,0.48287686705589294
Sample 0,TimesFM,0.5111545920372009
Sample 0,Time-MoE,0.4888453781604767
Sample 1,Moirai,0.5053829550743103
Sample 1,Chronos,0.4946170151233673
Sample 2,Timer,0.5017194151878357
Sample 2,Chronos,0.4982806146144867
Sample 3,Moirai,0.5014368891716003
Sample 3,Chronos,0.49856314063072205
Sample 4,Chronos,0.5008719563484192
Sample 4,Moirai,0.4991280436515808
Sample 5,Chronos,0.5035134553909302
Sample 5,Timer,0.49648648500442505
Sample 6,TimesFM,0.5010865926742554
Sample 6,Moirai,0.49891340732574463
Sample 7,Time-MoE,0.5007668733596802
Sample 7,TimesFM,0.4992331266403198
Sample 8,TimesFM,0.5236724615097046
Sample 8,Chronos,0.47632747888565063
Sample 9,Moirai,0.5105845928192139
Sample 9,Chronos,0.48941540718078613
Sample 10,TimesFM,0.5005848407745361
Sample 10,Time-MoE,0.4994151294231415
Sample 11,Moirai,0.5074809193611145
Sample 11,Chronos,0.4925190508365631
Sample 12,Time-MoE,0.5103231072425842
Sample 12,TimesFM,0.48967689275741577
Sample 13,Moirai,0.5141751170158386
Sample 13,Chronos,0.4858248829841614
Sample 14,Moirai,0.5180375576019287
Sample 14,Chronos,0.4819624423980713
Sample 15,Time-MoE,0.5075174570083618
Sample 15,TimesFM,0.4924825131893158
Sample 16,TimesFM,0.5235532522201538
Sample 16,Chronos,0.4764467179775238
Sample 17,Timer,0.5043762922286987
Sample 17,Moirai,0.49562373757362366
Sample 18,Time-MoE,0.5022133588790894
Sample 18,TimesFM,0.4977867007255554
Sample 19,Moirai,0.5019019842147827
Sample 19,Timer,0.4980979859828949
Sample 20,Time-MoE,0.5148267149925232
Sample 20,TimesFM,0.4851732850074768
Sample 21,Moirai,0.5139189958572388
Sample 21,Chronos,0.486081063747406
Sample 22,Moirai,0.5029616951942444
Sample 22,Timer,0.4970383644104004
Sample 23,Time-MoE,0.5138006806373596
Sample 23,TimesFM,0.48619934916496277
Sample 24,TimesFM,0.5142982006072998
Sample 24,Time-MoE,0.4857018291950226
Sample 25,Moirai,0.5116536021232605
Sample 25,Chronos,0.4883463978767395
Sample 26,Time-MoE,0.5002498626708984
Sample 26,TimesFM,0.49975016713142395
Sample 27,Moirai,0.509168267250061
Sample 27,Chronos,0.49083176255226135
Sample 28,Time-MoE,0.5088393688201904
Sample 28,TimesFM,0.49116063117980957
Sample 29,Moirai,0.5092666149139404
Sample 29,Chronos,0.49073341488838196
Sample 30,Moirai,0.5097832083702087
Sample 30,Timer,0.49021676182746887
Sample 31,Time-MoE,0.5113155245780945
Sample 31,TimesFM,0.48868444561958313
Sample 0,TimesFM,0.5021334290504456
Sample 0,Chronos,0.49786660075187683
Sample 1,Moirai,0.5092480182647705
Sample 1,Chronos,0.4907519817352295
Sample 2,Moirai,0.500183641910553
Sample 2,Timer,0.4998163878917694
Sample 3,Moirai,0.5057486295700073
Sample 3,Chronos,0.4942513704299927
Sample 4,Timer,0.5092509984970093
Sample 4,Moirai,0.49074897170066833
Sample 5,Moirai,0.5127978324890137
Sample 5,Chronos,0.4872022271156311
Sample 6,Moirai,0.5106831789016724
Sample 6,Chronos,0.48931676149368286
Sample 7,TimesFM,0.5006261467933655
Sample 7,Time-MoE,0.4993738830089569
Sample 8,TimesFM,0.519411563873291
Sample 8,Chronos,0.4805884063243866
Sample 9,Moirai,0.507039487361908
Sample 9,Chronos,0.4929605722427368
Sample 10,Time-MoE,0.5020768642425537
Sample 10,Moirai,0.4979231655597687
Sample 11,Chronos,0.5000685453414917
Sample 11,Timer,0.4999314248561859
Sample 12,Timer,0.5083395838737488
Sample 12,TimesFM,0.49166035652160645
Sample 13,Chronos,0.5063786506652832
Sample 13,Moirai,0.4936213493347168
Sample 14,Moirai,0.5079894661903381
Sample 14,Timer,0.49201053380966187
Sample 15,Time-MoE,0.5146421790122986
Sample 15,Moirai,0.48535779118537903
Sample 16,Chronos,0.5071567296981812
Sample 16,Timer,0.49284327030181885
Sample 17,Moirai,0.5141395926475525
Sample 17,Chronos,0.4858604371547699
Sample 18,Moirai,0.5010991096496582
Sample 18,Chronos,0.4989008903503418
Sample 19,Moirai,0.5077313184738159
Sample 19,Timer,0.4922686815261841
Sample 20,Time-MoE,0.5165220499038696
Sample 20,TimesFM,0.48347795009613037
Sample 21,Moirai,0.507270872592926
Sample 21,Chronos,0.4927290678024292
Sample 22,Moirai,0.5108813643455505
Sample 22,Chronos,0.48911863565444946
Sample 23,Time-MoE,0.520997941493988
Sample 23,TimesFM,0.4790019989013672
Sample 24,TimesFM,0.5307640433311462
Sample 24,Chronos,0.46923595666885376
Sample 25,Moirai,0.5081063508987427
Sample 25,Chronos,0.49189361929893494
Sample 26,Moirai,0.510064423084259
Sample 26,Chronos,0.4899355471134186
Sample 27,Moirai,0.506648063659668
Sample 27,Chronos,0.49335193634033203
Sample 28,Time-MoE,0.5098378658294678
Sample 28,TimesFM,0.4901621341705322
Sample 29,Moirai,0.5170847773551941
Sample 29,Chronos,0.4829152524471283
Sample 30,Moirai,0.5175372362136841
Sample 30,Chronos,0.4824627935886383
Sample 31,TimesFM,0.5017356276512146
Sample 31,Time-MoE,0.4982643723487854
Sample 0,TimesFM,0.5234001874923706
Sample 0,Time-MoE,0.4765998423099518
Sample 1,Moirai,0.5083666443824768
Sample 1,Chronos,0.4916333258152008
Sample 2,Chronos,0.5016055107116699
Sample 2,Moirai,0.49839451909065247
Sample 3,Moirai,0.5059810876846313
Sample 3,Chronos,0.49401894211769104
Sample 4,Time-MoE,0.5070749521255493
Sample 4,TimesFM,0.49292507767677307
Sample 5,Moirai,0.5102723836898804
Sample 5,Chronos,0.48972761631011963
Sample 6,Moirai,0.5034066438674927
Sample 6,Timer,0.49659332633018494
Sample 7,TimesFM,0.5039016604423523
Sample 7,Time-MoE,0.4960983097553253
Sample 8,TimesFM,0.5370780825614929
Sample 8,Chronos,0.4629219174385071
Sample 9,Moirai,0.5064404606819153
Sample 9,Chronos,0.4935595691204071
Sample 10,Moirai,0.5034837126731873
Sample 10,Chronos,0.49651628732681274
Sample 11,Chronos,0.5002022385597229
Sample 11,Moirai,0.4997977316379547
Sample 12,Time-MoE,0.5008082389831543
Sample 12,Moirai,0.4991917908191681
Sample 13,Timer,0.5106717944145203
Sample 13,Chronos,0.48932820558547974
Sample 14,TimesFM,0.5039294362068176
Sample 14,Time-MoE,0.49607053399086
Sample 15,TimesFM,0.5035755038261414
Sample 15,Time-MoE,0.49642449617385864
Sample 16,TimesFM,0.5161051154136658
Sample 16,Time-MoE,0.48389488458633423
Sample 17,Moirai,0.5055123567581177
Sample 17,Chronos,0.49448758363723755
Sample 18,TimesFM,0.5051280856132507
Sample 18,Time-MoE,0.4948718845844269
Sample 19,Moirai,0.5054263472557068
Sample 19,Chronos,0.4945736527442932
Sample 20,Moirai,0.5151172280311584
Sample 20,Chronos,0.48488277196884155
Sample 21,Moirai,0.5048103332519531
Sample 21,Chronos,0.4951896667480469
Sample 22,Moirai,0.5044569969177246
Sample 22,Timer,0.4955430030822754
Sample 23,Time-MoE,0.5106109380722046
Sample 23,TimesFM,0.489389032125473
Sample 24,Chronos,0.5023283958435059
Sample 24,TimesFM,0.49767160415649414
Sample 25,Moirai,0.5073717832565308
Sample 25,Chronos,0.4926282465457916
Sample 26,TimesFM,0.5102227330207825
Sample 26,Time-MoE,0.48977726697921753
Sample 27,Moirai,0.5072766542434692
Sample 27,Chronos,0.49272337555885315
Sample 28,TimesFM,0.5146838426589966
Sample 28,Moirai,0.4853161573410034
Sample 29,Moirai,0.5087228417396545
Sample 29,Chronos,0.49127712845802307
Sample 30,TimesFM,0.5167041420936584
Sample 30,Moirai,0.48329585790634155
Sample 31,Time-MoE,0.5341980457305908
Sample 31,TimesFM,0.4658019542694092
Sample 0,Chronos,0.5031034350395203
Sample 0,Moirai,0.49689656496047974
Sample 1,Moirai,0.5119532942771912
Sample 1,Chronos,0.48804670572280884
Sample 2,Moirai,0.5186614394187927
Sample 2,Timer,0.4813385307788849
Sample 3,Moirai,0.5004184246063232
Sample 3,Chronos,0.49958154559135437
Sample 4,Time-MoE,0.5078995227813721
Sample 4,TimesFM,0.49210047721862793
Sample 5,Moirai,0.5017741918563843
Sample 5,Chronos,0.4982258379459381
Sample 6,Timer,0.503805935382843
Sample 6,Moirai,0.496194064617157
Sample 7,Time-MoE,0.5123184323310852
Sample 7,TimesFM,0.4876815974712372
Sample 8,TimesFM,0.5293907523155212
Sample 8,Chronos,0.47060927748680115
Sample 9,Moirai,0.5054826140403748
Sample 9,Chronos,0.49451738595962524
Sample 10,Moirai,0.5016038417816162
Sample 10,TimesFM,0.4983961880207062
Sample 11,Moirai,0.5028743147850037
Sample 11,Chronos,0.4971257150173187
Sample 12,Timer,0.5137482285499573
Sample 12,TimesFM,0.4862518012523651
Sample 13,Moirai,0.5070448517799377
Sample 13,Chronos,0.49295511841773987
Sample 14,Moirai,0.5182281732559204
Sample 14,Chronos,0.4817718267440796
Sample 15,Time-MoE,0.5095747709274292
Sample 15,TimesFM,0.4904252290725708
Sample 0,TimesFM,0.5238868594169617
Sample 0,Chronos,0.4761132001876831
Sample 1,Moirai,0.506894588470459
Sample 1,Chronos,0.49310538172721863
Sample 2,Time-MoE,0.5092115998268127
Sample 2,TimesFM,0.49078840017318726
Sample 3,Moirai,0.5032951235771179
Sample 3,Chronos,0.49670490622520447
Sample 4,Timer,0.5119507312774658
Sample 4,Moirai,0.4880492091178894
Sample 5,Moirai,0.5088908672332764
Sample 5,Chronos,0.491109162569046
Sample 6,Moirai,0.5021301507949829
Sample 6,Timer,0.4978698492050171
Sample 7,Time-MoE,0.5066566467285156
Sample 7,TimesFM,0.4933433532714844
Sample 8,TimesFM,0.5102099180221558
Sample 8,Chronos,0.4897901117801666
Sample 9,Moirai,0.508023738861084
Sample 9,Chronos,0.4919762909412384
Sample 10,Moirai,0.5164187550544739
Sample 10,Chronos,0.4835812747478485
Sample 11,Moirai,0.5034087896347046
Sample 11,Chronos,0.49659115076065063
Sample 12,TimesFM,0.5023542046546936
Sample 12,Time-MoE,0.4976458251476288
Sample 13,Moirai,0.5049799084663391
Sample 13,Chronos,0.4950201213359833
Sample 14,Moirai,0.5227282643318176
Sample 14,Chronos,0.47727179527282715
Sample 15,Time-MoE,0.506643533706665
Sample 15,TimesFM,0.49335646629333496
Sample 16,TimesFM,0.5373558402061462
Sample 16,Time-MoE,0.46264412999153137
Sample 17,Moirai,0.5046413540840149
Sample 17,Chronos,0.4953586161136627
Sample 18,TimesFM,0.5178161859512329
Sample 18,Timer,0.4821838140487671
Sample 19,Chronos,0.5004959106445312
Sample 19,Moirai,0.49950405955314636
Sample 20,TimesFM,0.5145378708839417
Sample 20,Chronos,0.4854620695114136
Sample 21,Chronos,0.5012672543525696
Sample 21,Moirai,0.4987328052520752
Sample 22,Timer,0.506134569644928
Sample 22,Moirai,0.49386537075042725
Sample 23,Time-MoE,0.5015942454338074
Sample 23,TimesFM,0.498405784368515
Sample 24,TimesFM,0.5249703526496887
Sample 24,Time-MoE,0.47502970695495605
Sample 25,Moirai,0.5071067810058594
Sample 25,Chronos,0.492893248796463
Sample 26,Chronos,0.501063346862793
Sample 26,Moirai,0.49893662333488464
Sample 27,Chronos,0.5054083466529846
Sample 27,Moirai,0.4945916533470154
Sample 28,Time-MoE,0.5168356895446777
Sample 28,TimesFM,0.48316431045532227
Sample 29,Moirai,0.5070571899414062
Sample 29,Chronos,0.49294283986091614
Sample 30,Moirai,0.5146816968917847
Sample 30,Chronos,0.48531827330589294
Sample 31,Time-MoE,0.5103533267974854
Sample 31,TimesFM,0.48964667320251465
Sample 0,TimesFM,0.5018848180770874
Sample 0,Timer,0.4981151521205902
Sample 1,Moirai,0.5070664286613464
Sample 1,Chronos,0.49293360114097595
Sample 2,TimesFM,0.5077564716339111
Sample 2,Timer,0.49224352836608887
Sample 3,Timer,0.5005460381507874
Sample 3,Chronos,0.49945393204689026
Sample 4,Time-MoE,0.5088189840316772
Sample 4,Timer,0.49118098616600037
Sample 5,Moirai,0.5070852637290955
Sample 5,Chronos,0.49291476607322693
Sample 6,Timer,0.5071240067481995
Sample 6,Moirai,0.49287599325180054
Sample 7,Time-MoE,0.5047468543052673
Sample 7,TimesFM,0.4952531158924103
Sample 8,TimesFM,0.5209911465644836
Sample 8,Moirai,0.47900882363319397
Sample 9,Moirai,0.5069169402122498
Sample 9,Chronos,0.49308305978775024
Sample 10,Moirai,0.5120142102241516
Sample 10,Timer,0.48798584938049316
Sample 11,Chronos,0.5025750398635864
Sample 11,Timer,0.4974249601364136
Sample 12,Timer,0.5010637640953064
Sample 12,TimesFM,0.4989362061023712
Sample 13,Moirai,0.5004228353500366
Sample 13,Chronos,0.499577134847641
Sample 14,Moirai,0.504941463470459
Sample 14,Chronos,0.495058536529541
Sample 15,Time-MoE,0.501363217830658
Sample 15,TimesFM,0.49863675236701965
Sample 16,TimesFM,0.5408951044082642
Sample 16,Chronos,0.4591049253940582
Sample 17,Moirai,0.505323588848114
Sample 17,Chronos,0.4946763813495636
Sample 18,Time-MoE,0.5029141306877136
Sample 18,TimesFM,0.4970858693122864
Sample 19,Moirai,0.5013622045516968
Sample 19,Chronos,0.49863776564598083
Sample 20,Moirai,0.5122008323669434
Sample 20,Timer,0.48779913783073425
Sample 21,Moirai,0.5034240484237671
Sample 21,Chronos,0.4965759813785553
Sample 22,Timer,0.5023736357688904
Sample 22,Moirai,0.497626394033432
Sample 23,Time-MoE,0.5186015963554382
Sample 23,TimesFM,0.4813983738422394
Sample 24,Moirai,0.5009254813194275
Sample 24,Chronos,0.4990745782852173
Sample 25,Moirai,0.5080460906028748
Sample 25,Chronos,0.49195393919944763
Sample 26,Moirai,0.5116822719573975
Sample 26,Chronos,0.48831769824028015
Sample 27,Chronos,0.5022321343421936
Sample 27,Moirai,0.497767835855484
Sample 28,Time-MoE,0.5060738921165466
Sample 28,TimesFM,0.49392613768577576
Sample 29,Chronos,0.5023501515388489
Sample 29,Moirai,0.4976498484611511
Sample 30,Moirai,0.5124838352203369
Sample 30,Timer,0.4875161349773407
Sample 31,Time-MoE,0.5095596313476562
Sample 31,TimesFM,0.49044036865234375
Sample 0,TimesFM,0.5267773270606995
Sample 0,Time-MoE,0.47322267293930054
Sample 1,Moirai,0.5034281015396118
Sample 1,Chronos,0.4965718984603882
Sample 2,Moirai,0.5203956365585327
Sample 2,Chronos,0.4796043634414673
Sample 3,Moirai,0.5040832757949829
Sample 3,Chronos,0.4959167540073395
Sample 4,TimesFM,0.506599485874176
Sample 4,Time-MoE,0.4934004545211792
Sample 5,Moirai,0.5170705318450928
Sample 5,Chronos,0.4829294979572296
Sample 6,Timer,0.5169672966003418
Sample 6,Moirai,0.4830327332019806
Sample 7,TimesFM,0.5015092492103577
Sample 7,Time-MoE,0.49849075078964233
Sample 8,TimesFM,0.524162232875824
Sample 8,Time-MoE,0.475837767124176
Sample 9,Moirai,0.5074297189712524
Sample 9,Chronos,0.49257031083106995
Sample 10,Moirai,0.5018817782402039
Sample 10,Chronos,0.49811822175979614
Sample 11,Timer,0.5193344950675964
Sample 11,Chronos,0.48066550493240356
Sample 12,Time-MoE,0.5110408663749695
Sample 12,TimesFM,0.4889591336250305
Sample 13,Moirai,0.5033172369003296
Sample 13,Chronos,0.496682733297348
Sample 14,Moirai,0.5112234950065613
Sample 14,Chronos,0.48877647519111633
Sample 15,Time-MoE,0.5120269060134888
Sample 15,TimesFM,0.48797309398651123
Sample 16,Chronos,0.5053158402442932
Sample 16,Moirai,0.4946841299533844
Sample 17,Moirai,0.5084053874015808
Sample 17,Timer,0.4915946125984192
Sample 18,Time-MoE,0.5167733430862427
Sample 18,Timer,0.4832266867160797
Sample 19,Chronos,0.5095487236976624
Sample 19,Moirai,0.49045124650001526
Sample 20,Time-MoE,0.5084092617034912
Sample 20,TimesFM,0.4915907680988312
Sample 21,Chronos,0.5065218806266785
Sample 21,Moirai,0.49347811937332153
Sample 22,Moirai,0.5004880428314209
Sample 22,Timer,0.4995119273662567
Sample 23,Time-MoE,0.5093152523040771
Sample 23,Chronos,0.49068474769592285
Sample 24,TimesFM,0.513589084148407
Sample 24,Time-MoE,0.486410915851593
Sample 25,Moirai,0.5062547326087952
Sample 25,Chronos,0.49374520778656006
Sample 26,Moirai,0.507108747959137
Sample 26,Time-MoE,0.49289125204086304
Sample 27,Timer,0.5063892006874084
Sample 27,Chronos,0.4936107397079468
Sample 28,Time-MoE,0.510233461856842
Sample 28,TimesFM,0.48976653814315796
Sample 29,Chronos,0.508794367313385
Sample 29,Moirai,0.4912055730819702
Sample 30,Moirai,0.5133577585220337
Sample 30,Timer,0.4866422414779663
Sample 31,Time-MoE,0.512039303779602
Sample 31,TimesFM,0.48796072602272034
Sample 0,TimesFM,0.5196923017501831
Sample 0,Time-MoE,0.4803076982498169
Sample 1,Chronos,0.501642644405365
Sample 1,Moirai,0.4983573853969574
Sample 2,Timer,0.5004518628120422
Sample 2,Chronos,0.4995481073856354
Sample 3,Chronos,0.5061566829681396
Sample 3,Timer,0.4938432574272156
Sample 4,Chronos,0.5076225399971008
Sample 4,Moirai,0.49237746000289917
Sample 5,Chronos,0.5074453949928284
Sample 5,Timer,0.49255460500717163
Sample 6,TimesFM,0.5006587505340576
Sample 6,Moirai,0.49934130907058716
Sample 7,Time-MoE,0.5002936124801636
Sample 7,TimesFM,0.49970635771751404
Sample 8,TimesFM,0.5374363660812378
Sample 8,Chronos,0.4625636637210846
Sample 9,Moirai,0.5057762265205383
Sample 9,Chronos,0.4942237436771393
Sample 10,TimesFM,0.5061101913452148
Sample 10,Time-MoE,0.49388983845710754
Sample 11,Moirai,0.5016327500343323
Sample 11,Chronos,0.49836722016334534
Sample 12,Time-MoE,0.5030321478843689
Sample 12,TimesFM,0.4969679117202759
Sample 13,Moirai,0.511515736579895
Sample 13,Chronos,0.48848432302474976
Sample 14,Moirai,0.520630419254303
Sample 14,Timer,0.479369580745697
Sample 15,Time-MoE,0.5000798106193542
Sample 15,TimesFM,0.49992021918296814
Sample 16,TimesFM,0.5353867411613464
Sample 16,Time-MoE,0.46461325883865356
Sample 17,Timer,0.5097267627716064
Sample 17,Moirai,0.49027323722839355
Sample 18,Time-MoE,0.5002560019493103
Sample 18,TimesFM,0.4997440278530121
Sample 19,Timer,0.5059231519699097
Sample 19,Moirai,0.49407684803009033
Sample 20,Time-MoE,0.507492184638977
Sample 20,TimesFM,0.49250784516334534
Sample 21,Moirai,0.5133159160614014
Sample 21,Chronos,0.48668402433395386
Sample 22,Moirai,0.5006188154220581
Sample 22,Timer,0.4993811845779419
Sample 23,Time-MoE,0.5110438466072083
Sample 23,TimesFM,0.48895615339279175
Sample 24,TimesFM,0.5286563038825989
Sample 24,Time-MoE,0.47134366631507874
Sample 25,Moirai,0.5073118805885315
Sample 25,Chronos,0.4926881492137909
Sample 26,TimesFM,0.5070469975471497
Sample 26,Time-MoE,0.49295300245285034
Sample 27,Moirai,0.5031889081001282
Sample 27,Chronos,0.4968111217021942
Sample 28,Time-MoE,0.5007724165916443
Sample 28,TimesFM,0.4992275834083557
Sample 29,Moirai,0.5046570897102356
Sample 29,Chronos,0.4953429102897644
Sample 30,Moirai,0.5065299272537231
Sample 30,Timer,0.49347004294395447
Sample 31,Time-MoE,0.5048783421516418
Sample 31,TimesFM,0.49512168765068054
Sample 0,TimesFM,0.503991425037384
Sample 0,Chronos,0.49600857496261597
Sample 1,Moirai,0.5041420459747314
Sample 1,Chronos,0.49585795402526855
Sample 2,Timer,0.5068248510360718
Sample 2,Moirai,0.49317511916160583
Sample 3,Chronos,0.5004509091377258
Sample 3,Timer,0.4995490610599518
Sample 4,Timer,0.5151321887969971
Sample 4,Moirai,0.4848678410053253
Sample 5,Moirai,0.5098230838775635
Sample 5,Chronos,0.4901769161224365
Sample 6,Moirai,0.5075688362121582
Sample 6,Chronos,0.4924311637878418
Sample 7,TimesFM,0.5034347176551819
Sample 7,Time-MoE,0.4965653121471405
Sample 8,TimesFM,0.5274837017059326
Sample 8,Moirai,0.4725162982940674
Sample 9,Moirai,0.5006032586097717
Sample 9,Chronos,0.49939674139022827
Sample 10,Time-MoE,0.5002452731132507
Sample 10,Moirai,0.49975472688674927
Sample 11,Chronos,0.500110924243927
Sample 11,Timer,0.499889075756073
Sample 12,Timer,0.510282039642334
Sample 12,TimesFM,0.48971793055534363
Sample 13,Chronos,0.5105051398277283
Sample 13,Timer,0.48949483036994934
Sample 14,Moirai,0.505942702293396
Sample 14,Timer,0.494057297706604
Sample 15,Time-MoE,0.5114721059799194
Sample 15,Moirai,0.4885278642177582
Sample 16,Chronos,0.5093852281570435
Sample 16,Timer,0.49061474204063416
Sample 17,Moirai,0.5114483833312988
Sample 17,Timer,0.4885515570640564
Sample 18,Chronos,0.5010724663734436
Sample 18,Timer,0.4989275336265564
Sample 19,Moirai,0.5017709136009216
Sample 19,Timer,0.49822911620140076
Sample 20,Time-MoE,0.5069258809089661
Sample 20,TimesFM,0.49307411909103394
Sample 21,Moirai,0.5014565587043762
Sample 21,Chronos,0.4985434114933014
Sample 22,Moirai,0.5090022683143616
Sample 22,Chronos,0.4909977316856384
Sample 23,Time-MoE,0.5181597471237183
Sample 23,TimesFM,0.48184025287628174
Sample 24,TimesFM,0.5416913032531738
Sample 24,Time-MoE,0.4583086669445038
Sample 25,Moirai,0.501857340335846
Sample 25,Chronos,0.49814262986183167
Sample 26,Moirai,0.5142053365707397
Sample 26,Chronos,0.48579469323158264
Sample 27,Timer,0.501266598701477
Sample 27,Moirai,0.4987334609031677
Sample 28,Time-MoE,0.503994882106781
Sample 28,TimesFM,0.4960051476955414
Sample 29,Moirai,0.5197439789772034
Sample 29,Chronos,0.48025602102279663
Sample 30,Moirai,0.5189923644065857
Sample 30,Timer,0.4810076355934143
Sample 31,TimesFM,0.5050724148750305
Sample 31,Time-MoE,0.4949275851249695
Sample 0,TimesFM,0.5317445993423462
Sample 0,Time-MoE,0.4682554304599762
Sample 1,Moirai,0.5024256706237793
Sample 1,Chronos,0.4975742697715759
Sample 2,Chronos,0.5025741457939148
Sample 2,TimesFM,0.4974258542060852
Sample 3,Chronos,0.5001460909843445
Sample 3,Moirai,0.4998539090156555
Sample 4,Time-MoE,0.5001146197319031
Sample 4,TimesFM,0.49988535046577454
Sample 5,Moirai,0.5069369077682495
Sample 5,Chronos,0.4930631220340729
Sample 6,Timer,0.5025762319564819
Sample 6,Moirai,0.49742376804351807
Sample 7,TimesFM,0.5091300010681152
Sample 7,Time-MoE,0.49087002873420715
Sample 8,TimesFM,0.5518013834953308
Sample 8,Time-MoE,0.4481985867023468
Sample 9,Chronos,0.5003885626792908
Sample 9,Moirai,0.4996114671230316
Sample 10,Moirai,0.5010908246040344
Sample 10,TimesFM,0.4989091455936432
Sample 11,Timer,0.5004439353942871
Sample 11,Chronos,0.49955612421035767
Sample 12,Time-MoE,0.500732421875
Sample 12,Moirai,0.499267578125
Sample 13,Timer,0.513597846031189
Sample 13,Chronos,0.4864021837711334
Sample 14,TimesFM,0.5085929036140442
Sample 14,Time-MoE,0.4914071559906006
Sample 15,TimesFM,0.5049809813499451
Sample 15,Time-MoE,0.49501895904541016
Sample 16,TimesFM,0.5234869122505188
Sample 16,Time-MoE,0.4765130281448364
Sample 17,Chronos,0.5020307898521423
Sample 17,Moirai,0.4979691803455353
Sample 18,TimesFM,0.5114023089408875
Sample 18,Time-MoE,0.4885976314544678
Sample 19,Chronos,0.5019215941429138
Sample 19,Moirai,0.4980784058570862
Sample 20,Moirai,0.5155353546142578
Sample 20,Chronos,0.4844646751880646
Sample 21,Chronos,0.5033937692642212
Sample 21,Moirai,0.4966062009334564
Sample 22,Timer,0.5004384517669678
Sample 22,Moirai,0.49956151843070984
Sample 23,Time-MoE,0.5050662159919739
Sample 23,TimesFM,0.4949338436126709
Sample 24,Chronos,0.5034782290458679
Sample 24,TimesFM,0.4965217411518097
Sample 25,Moirai,0.5011518597602844
Sample 25,Chronos,0.4988481402397156
Sample 26,TimesFM,0.5134105086326599
Sample 26,Time-MoE,0.4865894913673401
Sample 27,Moirai,0.5027313232421875
Sample 27,Chronos,0.4972686469554901
Sample 28,TimesFM,0.5183570384979248
Sample 28,Moirai,0.4816429316997528
Sample 29,Moirai,0.5059020519256592
Sample 29,Chronos,0.49409791827201843
Sample 30,TimesFM,0.5197750329971313
Sample 30,Moirai,0.48022496700286865
Sample 31,Time-MoE,0.5331659913063049
Sample 31,TimesFM,0.46683400869369507
Sample 0,Chronos,0.5126006007194519
Sample 0,Moirai,0.4873994290828705
Sample 1,Moirai,0.5082394480705261
Sample 1,Chronos,0.4917605221271515
Sample 2,Moirai,0.5247049927711487
Sample 2,TimesFM,0.47529494762420654
Sample 3,Chronos,0.5049121379852295
Sample 3,Timer,0.4950878620147705
Sample 4,Time-MoE,0.5027456879615784
Sample 4,TimesFM,0.4972543716430664
Sample 5,Chronos,0.5071858167648315
Sample 5,Moirai,0.49281418323516846
Sample 6,Timer,0.5096303820610046
Sample 6,Chronos,0.490369588136673
Sample 7,Time-MoE,0.5092894434928894
Sample 7,TimesFM,0.4907105565071106
Sample 8,TimesFM,0.539808452129364
Sample 8,Timer,0.460191547870636
Sample 9,Chronos,0.5018373131752014
Sample 9,Moirai,0.4981626570224762
Sample 10,Moirai,0.5020739436149597
Sample 10,TimesFM,0.49792611598968506
Sample 11,Timer,0.5004090070724487
Sample 11,Chronos,0.49959102272987366
Sample 12,Timer,0.5209993720054626
Sample 12,TimesFM,0.47900062799453735
Sample 13,Moirai,0.5007238388061523
Sample 13,Chronos,0.49927619099617004
Sample 14,Moirai,0.5174427628517151
Sample 14,Timer,0.4825572669506073
Sample 15,Time-MoE,0.5037578344345093
Sample 15,TimesFM,0.4962421655654907
Sample 0,TimesFM,0.5345984101295471
Sample 0,Chronos,0.4654015898704529
Sample 1,Chronos,0.5007109045982361
Sample 1,Timer,0.49928906559944153
Sample 2,Time-MoE,0.5042476654052734
Sample 2,Timer,0.49575233459472656
Sample 3,Timer,0.5019075870513916
Sample 3,Chronos,0.4980924129486084
Sample 4,Timer,0.5198514461517334
Sample 4,Moirai,0.480148583650589
Sample 5,Moirai,0.502285361289978
Sample 5,Chronos,0.497714638710022
Sample 6,Timer,0.5029692649841309
Sample 6,Moirai,0.49703076481819153
Sample 7,TimesFM,0.5001423358917236
Sample 7,Time-MoE,0.49985769391059875
Sample 8,TimesFM,0.5169937610626221
Sample 8,Chronos,0.48300623893737793
Sample 9,Moirai,0.5007497072219849
Sample 9,Chronos,0.49925026297569275
Sample 10,Moirai,0.522354245185852
Sample 10,Time-MoE,0.47764578461647034
Sample 11,Chronos,0.5053039789199829
Sample 11,Moirai,0.4946959912776947
Sample 12,TimesFM,0.5084084272384644
Sample 12,Time-MoE,0.49159154295921326
Sample 13,Chronos,0.5031989216804504
Sample 13,Moirai,0.49680110812187195
Sample 14,Moirai,0.5261984467506409
Sample 14,Timer,0.4738015830516815
Sample 15,Time-MoE,0.5001506805419922
Sample 15,TimesFM,0.4998492896556854
Sample 16,TimesFM,0.5517781972885132
Sample 16,Time-MoE,0.4482218027114868
Sample 17,Chronos,0.5042412281036377
Sample 17,Moirai,0.4957587718963623
Sample 18,TimesFM,0.5208824872970581
Sample 18,Timer,0.4791175425052643
Sample 19,Chronos,0.5029112696647644
Sample 19,Timer,0.4970887303352356
Sample 20,TimesFM,0.5212550759315491
Sample 20,Moirai,0.4787449538707733
Sample 21,Chronos,0.5097655653953552
Sample 21,Timer,0.49023446440696716
Sample 22,Timer,0.5110893845558167
Sample 22,Moirai,0.48891064524650574
Sample 23,Time-MoE,0.5009635090827942
Sample 23,TimesFM,0.4990365207195282
Sample 24,TimesFM,0.5407933592796326
Sample 24,Time-MoE,0.45920661091804504
Sample 25,Chronos,0.5003024339675903
Sample 25,Moirai,0.49969759583473206
Sample 26,Chronos,0.504485011100769
Sample 26,Timer,0.49551501870155334
Sample 27,Chronos,0.5127447843551636
Sample 27,Timer,0.4872552752494812
Sample 28,Time-MoE,0.5130780935287476
Sample 28,TimesFM,0.48692187666893005
Sample 29,Moirai,0.5002249479293823
Sample 29,Chronos,0.4997750520706177
Sample 30,Moirai,0.5166913866996765
Sample 30,Chronos,0.4833086133003235
Sample 31,Time-MoE,0.5059828162193298
Sample 31,TimesFM,0.4940171539783478
Sample 0,TimesFM,0.5012285113334656
Sample 0,Timer,0.4987715482711792
Sample 1,Chronos,0.5018537640571594
Sample 1,Moirai,0.4981462359428406
Sample 2,TimesFM,0.5115272998809814
Sample 2,Timer,0.48847272992134094
Sample 3,Timer,0.5011953711509705
Sample 3,Chronos,0.49880459904670715
Sample 4,Time-MoE,0.5080267190933228
Sample 4,Timer,0.49197328090667725
Sample 5,Chronos,0.5016334652900696
Sample 5,Moirai,0.4983665347099304
Sample 6,Timer,0.5154791474342346
Sample 6,Moirai,0.4845207929611206
Sample 7,TimesFM,0.5018298625946045
Sample 7,Time-MoE,0.4981701672077179
Sample 8,TimesFM,0.5388290286064148
Sample 8,Chronos,0.4611710011959076
Sample 9,Chronos,0.5018704533576965
Sample 9,Moirai,0.49812954664230347
Sample 10,Moirai,0.5102406144142151
Sample 10,Timer,0.4897594153881073
Sample 11,Chronos,0.5036172270774841
Sample 11,Timer,0.4963827431201935
Sample 12,Timer,0.501183271408081
Sample 12,TimesFM,0.49881675839424133
Sample 13,Chronos,0.5109076499938965
Sample 13,Moirai,0.48909232020378113
Sample 14,Moirai,0.500445544719696
Sample 14,Chronos,0.49955448508262634
Sample 15,TimesFM,0.5029383897781372
Sample 15,Time-MoE,0.4970616102218628
Sample 16,TimesFM,0.5578658580780029
Sample 16,Chronos,0.44213414192199707
Sample 17,Chronos,0.5041234493255615
Sample 17,Moirai,0.49587658047676086
Sample 18,Time-MoE,0.5008261203765869
Sample 18,TimesFM,0.4991738498210907
Sample 19,Chronos,0.502777099609375
Sample 19,Timer,0.497222900390625
Sample 20,Moirai,0.506739616394043
Sample 20,Timer,0.49326035380363464
Sample 21,Chronos,0.5068439245223999
Sample 21,Moirai,0.4931560754776001
Sample 22,Timer,0.5071322917938232
Sample 22,Moirai,0.49286770820617676
Sample 23,Time-MoE,0.5126401782035828
Sample 23,TimesFM,0.48735979199409485
Sample 24,Chronos,0.5088849663734436
Sample 24,Timer,0.4911150336265564
Sample 25,Moirai,0.5006243586540222
Sample 25,Chronos,0.49937567114830017
Sample 26,Moirai,0.5109027028083801
Sample 26,Chronos,0.4890972375869751
Sample 27,Chronos,0.5016679763793945
Sample 27,Timer,0.4983319938182831
Sample 28,TimesFM,0.5009701251983643
Sample 28,Time-MoE,0.49902987480163574
Sample 29,Chronos,0.5137514472007751
Sample 29,Moirai,0.48624855279922485
Sample 30,Moirai,0.5084168910980225
Sample 30,Timer,0.49158307909965515
Sample 31,Time-MoE,0.5030839443206787
Sample 31,TimesFM,0.4969160854816437
Sample 0,TimesFM,0.5403723120689392
Sample 0,Time-MoE,0.4596277177333832
Sample 1,Chronos,0.5063306093215942
Sample 1,Moirai,0.49366939067840576
Sample 2,Moirai,0.5242599248886108
Sample 2,Chronos,0.4757400453090668
Sample 3,Chronos,0.504226565361023
Sample 3,Moirai,0.49577343463897705
Sample 4,TimesFM,0.5117487907409668
Sample 4,Time-MoE,0.4882511794567108
Sample 5,Moirai,0.5175299644470215
Sample 5,Chronos,0.4824700653553009
Sample 6,Timer,0.525496244430542
Sample 6,Moirai,0.4745037257671356
Sample 7,TimesFM,0.5053537487983704
Sample 7,Time-MoE,0.49464625120162964
Sample 8,TimesFM,0.5420829653739929
Sample 8,Time-MoE,0.45791706442832947
Sample 9,Chronos,0.5004515647888184
Sample 9,Moirai,0.49954846501350403
Sample 10,Chronos,0.5027984976768494
Sample 10,Timer,0.49720150232315063
Sample 11,Timer,0.5242993235588074
Sample 11,Chronos,0.475700706243515
Sample 12,Time-MoE,0.5015847086906433
Sample 12,TimesFM,0.4984152615070343
Sample 13,Chronos,0.5053844451904297
Sample 13,Moirai,0.4946155548095703
Sample 14,Moirai,0.5076642036437988
Sample 14,Chronos,0.49233579635620117
Sample 15,Time-MoE,0.5056797862052917
Sample 15,TimesFM,0.4943201541900635
Sample 16,Chronos,0.5134564638137817
Sample 16,Timer,0.48654359579086304
Sample 17,Moirai,0.5014262199401855
Sample 17,Timer,0.49857378005981445
Sample 18,Time-MoE,0.5166124105453491
Sample 18,Timer,0.4833875298500061
Sample 19,Chronos,0.5177918672561646
Sample 19,Timer,0.48220816254615784
Sample 20,Time-MoE,0.5020937323570251
Sample 20,TimesFM,0.49790626764297485
Sample 21,Chronos,0.5139197707176208
Sample 21,Timer,0.48608019948005676
Sample 22,Timer,0.508419394493103
Sample 22,Moirai,0.49158063530921936
Sample 23,Time-MoE,0.5088762640953064
Sample 23,Chronos,0.4911237359046936
Sample 24,TimesFM,0.528449535369873
Sample 24,Time-MoE,0.47155043482780457
Sample 25,Chronos,0.5002396106719971
Sample 25,Timer,0.4997604191303253
Sample 26,Moirai,0.5092051029205322
Sample 26,Time-MoE,0.4907948672771454
Sample 27,Timer,0.5111087560653687
Sample 27,Chronos,0.4888913035392761
Sample 28,Time-MoE,0.5014683604240417
Sample 28,TimesFM,0.49853160977363586
Sample 29,Chronos,0.5137801766395569
Sample 29,Timer,0.4862197935581207
Sample 30,Moirai,0.5083880424499512
Sample 30,Timer,0.49161195755004883
Sample 31,Time-MoE,0.5049887299537659
Sample 31,TimesFM,0.49501127004623413
Sample 0,TimesFM,0.5307161211967468
Sample 0,Time-MoE,0.4692838788032532
Sample 1,Chronos,0.5089457631111145
Sample 1,Timer,0.4910542666912079
Sample 2,Timer,0.5001712441444397
Sample 2,Chronos,0.4998287856578827
Sample 3,Chronos,0.5062651038169861
Sample 3,Timer,0.49373486638069153
Sample 4,Chronos,0.5131869912147522
Sample 4,Timer,0.4868130087852478
Sample 5,Chronos,0.5095139145851135
Sample 5,Timer,0.4904860854148865
Sample 6,TimesFM,0.5030519366264343
Sample 6,Moirai,0.4969480633735657
Sample 7,TimesFM,0.5007869005203247
Sample 7,Time-MoE,0.4992130994796753
Sample 8,TimesFM,0.5493437051773071
Sample 8,Timer,0.4506562650203705
Sample 9,Chronos,0.5015021562576294
Sample 9,Moirai,0.49849778413772583
Sample 10,TimesFM,0.5113086700439453
Sample 10,Timer,0.4886913597583771
Sample 11,Chronos,0.5008490085601807
Sample 11,Timer,0.49915096163749695
Sample 12,TimesFM,0.5043641924858093
Sample 12,Time-MoE,0.4956358075141907
Sample 13,Moirai,0.5065779089927673
Sample 13,Chronos,0.49342209100723267
Sample 14,Moirai,0.5202456712722778
Sample 14,Timer,0.47975432872772217
Sample 15,TimesFM,0.5093432664871216
Sample 15,Time-MoE,0.49065670371055603
Sample 16,TimesFM,0.5456824898719788
Sample 16,Timer,0.45431753993034363
Sample 17,Timer,0.5164543390274048
Sample 17,Moirai,0.4835456311702728
Sample 18,TimesFM,0.5025697946548462
Sample 18,Time-MoE,0.4974302053451538
Sample 19,Timer,0.511808454990387
Sample 19,Chronos,0.4881915748119354
Sample 20,Time-MoE,0.5003919005393982
Sample 20,TimesFM,0.4996080994606018
Sample 21,Moirai,0.5108470320701599
Sample 21,Chronos,0.4891529381275177
Sample 22,Timer,0.5046023726463318
Sample 22,Moirai,0.49539756774902344
Sample 23,Time-MoE,0.5063276290893555
Sample 23,TimesFM,0.4936724305152893
Sample 24,TimesFM,0.5448114275932312
Sample 24,Time-MoE,0.4551885724067688
Sample 25,Moirai,0.5013126134872437
Sample 25,Chronos,0.4986874461174011
Sample 26,TimesFM,0.5153653621673584
Sample 26,Time-MoE,0.4846346378326416
Sample 27,Chronos,0.5036324262619019
Sample 27,Moirai,0.4963676333427429
Sample 28,TimesFM,0.5072734355926514
Sample 28,Time-MoE,0.49272656440734863
Sample 29,Chronos,0.5001725554466248
Sample 29,Moirai,0.49982741475105286
Sample 30,Moirai,0.5002602338790894
Sample 30,Timer,0.49973976612091064
Sample 31,TimesFM,0.5029879212379456
Sample 31,Time-MoE,0.49701210856437683
Sample 0,TimesFM,0.5059753656387329
Sample 0,Chronos,0.4940246343612671
Sample 1,Chronos,0.5019629001617432
Sample 1,Moirai,0.49803707003593445
Sample 2,Timer,0.5135043859481812
Sample 2,Moirai,0.48649558424949646
Sample 3,Timer,0.5012447834014893
Sample 3,Chronos,0.49875518679618835
Sample 4,Timer,0.5213350057601929
Sample 4,Moirai,0.47866496443748474
Sample 5,Moirai,0.5060824155807495
Sample 5,Chronos,0.4939175248146057
Sample 6,Moirai,0.5035240054130554
Sample 6,Chronos,0.4964759945869446
Sample 7,TimesFM,0.5077658295631409
Sample 7,Time-MoE,0.4922342002391815
Sample 8,TimesFM,0.539893627166748
Sample 8,Chronos,0.46010640263557434
Sample 9,Chronos,0.5044547319412231
Sample 9,Timer,0.49554526805877686
Sample 10,Moirai,0.501764178276062
Sample 10,Time-MoE,0.4982357919216156
Sample 11,Timer,0.500514030456543
Sample 11,Chronos,0.49948593974113464
Sample 12,Timer,0.5140454769134521
Sample 12,TimesFM,0.48595455288887024
Sample 13,Chronos,0.5126103758811951
Sample 13,Timer,0.48738962411880493
Sample 14,Moirai,0.503883957862854
Sample 14,Timer,0.496116042137146
Sample 15,Time-MoE,0.505931556224823
Sample 15,Moirai,0.494068443775177
Sample 16,Chronos,0.5098503828048706
Sample 16,Timer,0.490149587392807
Sample 17,Moirai,0.5075884461402893
Sample 17,Timer,0.4924115240573883
Sample 18,Timer,0.5000745058059692
Sample 18,Chronos,0.49992549419403076
Sample 19,Timer,0.5024611949920654
Sample 19,Moirai,0.4975387454032898
Sample 20,TimesFM,0.503099262714386
Sample 20,Time-MoE,0.496900737285614
Sample 21,Chronos,0.504984438419342
Sample 21,Moirai,0.4950155019760132
Sample 22,Moirai,0.5053033828735352
Sample 22,Timer,0.49469661712646484
Sample 23,Time-MoE,0.5134434700012207
Sample 23,TimesFM,0.4865565299987793
Sample 24,TimesFM,0.5552364587783813
Sample 24,Time-MoE,0.44476351141929626
Sample 25,Chronos,0.5014936923980713
Sample 25,Timer,0.4985063374042511
Sample 26,Moirai,0.5173343420028687
Sample 26,Chronos,0.48266565799713135
Sample 27,Timer,0.5037868022918701
Sample 27,Chronos,0.49621325731277466
Sample 28,TimesFM,0.5030831694602966
Sample 28,Time-MoE,0.49691686034202576
Sample 29,Moirai,0.5206515789031982
Sample 29,Chronos,0.47934839129447937
Sample 30,Moirai,0.520438551902771
Sample 30,Timer,0.479561448097229
Sample 31,TimesFM,0.5103041529655457
Sample 31,Time-MoE,0.48969587683677673
Sample 0,TimesFM,0.5385259389877319
Sample 0,Timer,0.46147406101226807
Sample 1,Chronos,0.5020633935928345
Sample 1,Moirai,0.4979366064071655
Sample 2,Chronos,0.5016687512397766
Sample 2,TimesFM,0.4983312487602234
Sample 3,Chronos,0.5009093880653381
Sample 3,Timer,0.49909064173698425
Sample 4,TimesFM,0.5064680576324463
Sample 4,Time-MoE,0.4935319125652313
Sample 5,Moirai,0.5043903589248657
Sample 5,Chronos,0.4956096410751343
Sample 6,Timer,0.5070006251335144
Sample 6,Moirai,0.49299943447113037
Sample 7,TimesFM,0.5144653916358948
Sample 7,Time-MoE,0.48553466796875
Sample 8,TimesFM,0.5617094039916992
Sample 8,Timer,0.438290536403656
Sample 9,Chronos,0.5057598352432251
Sample 9,Moirai,0.4942401647567749
Sample 10,TimesFM,0.5007931590080261
Sample 10,Moirai,0.49920687079429626
Sample 11,Timer,0.5016691088676453
Sample 11,Chronos,0.49833086133003235
Sample 12,Time-MoE,0.5013319253921509
Sample 12,Moirai,0.49866801500320435
Sample 13,Timer,0.5166354179382324
Sample 13,Chronos,0.4833645522594452
Sample 14,TimesFM,0.5130788087844849
Sample 14,Time-MoE,0.48692116141319275
Sample 15,TimesFM,0.5065242052078247
Sample 15,Chronos,0.4934757649898529
Sample 16,TimesFM,0.5307850241661072
Sample 16,Time-MoE,0.46921494603157043
Sample 17,Chronos,0.5072805881500244
Sample 17,Timer,0.4927194118499756
Sample 18,TimesFM,0.517647385597229
Sample 18,Time-MoE,0.4823526442050934
Sample 19,Chronos,0.5048884153366089
Sample 19,Timer,0.4951115548610687
Sample 20,Moirai,0.5163058042526245
Sample 20,Chronos,0.4836942255496979
Sample 21,Chronos,0.5097687840461731
Sample 21,Moirai,0.4902312159538269
Sample 22,Timer,0.5027180314064026
Sample 22,Moirai,0.4972819685935974
Sample 23,TimesFM,0.5013185143470764
Sample 23,Time-MoE,0.49868151545524597
Sample 24,Chronos,0.506316065788269
Sample 24,TimesFM,0.49368390440940857
Sample 25,Chronos,0.5035684704780579
Sample 25,Moirai,0.49643149971961975
Sample 26,TimesFM,0.5169180631637573
Sample 26,Time-MoE,0.4830819368362427
Sample 27,Chronos,0.5007272958755493
Sample 27,Moirai,0.4992727041244507
Sample 28,TimesFM,0.5258728265762329
Sample 28,Moirai,0.4741271436214447
Sample 29,Moirai,0.5045504570007324
Sample 29,Chronos,0.4954495429992676
Sample 30,TimesFM,0.5236968994140625
Sample 30,Moirai,0.4763031005859375
Sample 31,Time-MoE,0.5302512049674988
Sample 31,TimesFM,0.4697488248348236
Sample 0,Chronos,0.5134397149085999
Sample 0,Timer,0.48656031489372253
Sample 1,Moirai,0.5076735615730286
Sample 1,Chronos,0.49232643842697144
Sample 2,Moirai,0.5295150279998779
Sample 2,Time-MoE,0.47048500180244446
Sample 3,Chronos,0.5048642158508301
Sample 3,Timer,0.49513575434684753
Sample 4,TimesFM,0.5054276585578918
Sample 4,Time-MoE,0.49457231163978577
Sample 5,Chronos,0.5121251344680786
Sample 5,Moirai,0.4878748655319214
Sample 6,Timer,0.513043999671936
Sample 6,Chronos,0.48695600032806396
Sample 7,Time-MoE,0.505710780620575
Sample 7,TimesFM,0.49428918957710266
Sample 8,TimesFM,0.5417578220367432
Sample 8,Timer,0.45824217796325684
Sample 9,Chronos,0.5051926374435425
Sample 9,Timer,0.49480733275413513
Sample 10,Moirai,0.5025088787078857
Sample 10,TimesFM,0.49749115109443665
Sample 11,Timer,0.5019217133522034
Sample 11,Chronos,0.49807828664779663
Sample 12,Timer,0.5276017189025879
Sample 12,Time-MoE,0.4723983108997345
Sample 13,Chronos,0.5018728971481323
Sample 13,Moirai,0.4981270730495453
Sample 14,Moirai,0.5194547772407532
Sample 14,Timer,0.48054519295692444
Sample 15,TimesFM,0.5019538998603821
Sample 15,Time-MoE,0.4980461597442627
Sample 0,TimesFM,0.536874532699585
Sample 0,Chronos,0.46312543749809265
Sample 1,Chronos,0.5020487904548645
Sample 1,Moirai,0.4979511499404907
Sample 2,TimesFM,0.5016300082206726
Sample 2,Timer,0.498369961977005
Sample 3,Timer,0.5038170218467712
Sample 3,Chronos,0.49618300795555115
Sample 4,Timer,0.5224737524986267
Sample 4,Moirai,0.4775262176990509
Sample 5,Moirai,0.5020648241043091
Sample 5,Chronos,0.4979351758956909
Sample 6,Timer,0.5006421804428101
Sample 6,Moirai,0.49935781955718994
Sample 7,TimesFM,0.5055722594261169
Sample 7,Time-MoE,0.49442771077156067
Sample 8,TimesFM,0.5166981220245361
Sample 8,Chronos,0.48330190777778625
Sample 9,Chronos,0.5002976655960083
Sample 9,Moirai,0.4997023642063141
Sample 10,Moirai,0.5283687114715576
Sample 10,Time-MoE,0.4716312885284424
Sample 11,Chronos,0.5074112415313721
Sample 11,Moirai,0.49258872866630554
Sample 12,TimesFM,0.5127530694007874
Sample 12,Time-MoE,0.48724693059921265
Sample 13,Chronos,0.5045060515403748
Sample 13,Moirai,0.49549391865730286
Sample 14,Moirai,0.5354477167129517
Sample 14,Timer,0.46455222368240356
Sample 15,TimesFM,0.5048616528511047
Sample 15,Time-MoE,0.49513834714889526
Sample 16,TimesFM,0.5620815753936768
Sample 16,Time-MoE,0.43791836500167847
Sample 17,Chronos,0.506300687789917
Sample 17,Moirai,0.493699312210083
Sample 18,TimesFM,0.5220624804496765
Sample 18,Timer,0.4779375195503235
Sample 19,Chronos,0.5026008486747742
Sample 19,Timer,0.49739912152290344
Sample 20,TimesFM,0.5248066782951355
Sample 20,Moirai,0.4751932919025421
Sample 21,Chronos,0.5099161863327026
Sample 21,Timer,0.49008381366729736
Sample 22,Timer,0.5116984248161316
Sample 22,Moirai,0.4883015751838684
Sample 23,TimesFM,0.5000374913215637
Sample 23,Time-MoE,0.49996253848075867
Sample 24,TimesFM,0.5525795221328735
Sample 24,Time-MoE,0.44742050766944885
Sample 25,Chronos,0.5014113187789917
Sample 25,Moirai,0.4985887408256531
Sample 26,Chronos,0.506445050239563
Sample 26,Timer,0.4935549795627594
Sample 27,Chronos,0.5140905976295471
Sample 27,Timer,0.4859094023704529
Sample 28,Time-MoE,0.5069881081581116
Sample 28,TimesFM,0.4930118918418884
Sample 29,Chronos,0.5000120401382446
Sample 29,Moirai,0.49998798966407776
Sample 30,Moirai,0.5230922698974609
Sample 30,Chronos,0.47690773010253906
Sample 31,Time-MoE,0.501671552658081
Sample 31,TimesFM,0.49832838773727417
Sample 0,Timer,0.5029522776603699
Sample 0,Chronos,0.4970477819442749
Sample 1,Chronos,0.5017874240875244
Sample 1,Moirai,0.4982125461101532
Sample 2,TimesFM,0.5177579522132874
Sample 2,Timer,0.48224198818206787
Sample 3,Timer,0.5012919306755066
Sample 3,Chronos,0.4987080693244934
Sample 4,Time-MoE,0.5070291757583618
Sample 4,Timer,0.4929708242416382
Sample 5,Chronos,0.5010557174682617
Sample 5,Moirai,0.4989442527294159
Sample 6,Timer,0.513884425163269
Sample 6,Moirai,0.48611563444137573
Sample 7,TimesFM,0.5058637261390686
Sample 7,Time-MoE,0.4941362738609314
Sample 8,TimesFM,0.5463089346885681
Sample 8,Moirai,0.4536910653114319
Sample 9,Chronos,0.5018227100372314
Sample 9,Moirai,0.49817726016044617
Sample 10,Moirai,0.5172510743141174
Sample 10,Timer,0.4827488958835602
Sample 11,Chronos,0.5045714974403381
Sample 11,Timer,0.49542853236198425
Sample 12,TimesFM,0.5010908246040344
Sample 12,Timer,0.4989091455936432
Sample 13,Chronos,0.51296067237854
Sample 13,Moirai,0.48703935742378235
Sample 14,Moirai,0.5026476979255676
Sample 14,Chronos,0.49735227227211
Sample 15,TimesFM,0.5045003294944763
Sample 15,Time-MoE,0.49549970030784607
Sample 16,TimesFM,0.5657910108566284
Sample 16,Chronos,0.4342089593410492
Sample 17,Chronos,0.5047117471694946
Sample 17,Moirai,0.49528825283050537
Sample 18,TimesFM,0.503179132938385
Sample 18,Time-MoE,0.496820867061615
Sample 19,Chronos,0.5036861896514893
Sample 19,Timer,0.49631381034851074
Sample 20,Moirai,0.5097195506095886
Sample 20,Timer,0.4902803897857666
Sample 21,Chronos,0.5077491998672485
Sample 21,Moirai,0.49225082993507385
Sample 22,Timer,0.5022138357162476
Sample 22,Moirai,0.49778619408607483
Sample 23,Time-MoE,0.5048463344573975
Sample 23,TimesFM,0.49515366554260254
Sample 24,Chronos,0.5076584219932556
Sample 24,Timer,0.4923415780067444
Sample 25,Moirai,0.5013599395751953
Sample 25,Chronos,0.4986400902271271
Sample 26,Moirai,0.5162519812583923
Sample 26,Chronos,0.48374804854393005
Sample 27,Chronos,0.5002992749214172
Sample 27,Timer,0.49970075488090515
Sample 28,TimesFM,0.508583128452301
Sample 28,Timer,0.49141690135002136
Sample 29,Chronos,0.5161489248275757
Sample 29,Moirai,0.48385104537010193
Sample 30,Moirai,0.5151642560958862
Sample 30,Timer,0.48483577370643616
Sample 31,TimesFM,0.5016745328903198
Sample 31,Time-MoE,0.49832549691200256
Sample 0,TimesFM,0.5467800498008728
Sample 0,Time-MoE,0.4532199203968048
Sample 1,Chronos,0.5064967274665833
Sample 1,Moirai,0.49350327253341675
Sample 2,Moirai,0.5299587845802307
Sample 2,TimesFM,0.4700412154197693
Sample 3,Chronos,0.5035942792892456
Sample 3,Moirai,0.496405690908432
Sample 4,TimesFM,0.5137838125228882
Sample 4,Time-MoE,0.4862162172794342
Sample 5,Moirai,0.5245562195777893
Sample 5,Chronos,0.4754437804222107
Sample 6,Timer,0.5258225202560425
Sample 6,Moirai,0.47417742013931274
Sample 7,TimesFM,0.5058228373527527
Sample 7,Time-MoE,0.4941771626472473
Sample 8,TimesFM,0.5536720156669617
Sample 8,Time-MoE,0.4463280141353607
Sample 9,Moirai,0.5007560849189758
Sample 9,Chronos,0.49924394488334656
Sample 10,Chronos,0.5065253376960754
Sample 10,Moirai,0.49347466230392456
Sample 11,Timer,0.5286008715629578
Sample 11,Chronos,0.4713991582393646
Sample 12,TimesFM,0.5091238617897034
Sample 12,Time-MoE,0.490876168012619
Sample 13,Chronos,0.5042883157730103
Sample 13,Moirai,0.49571171402931213
Sample 14,Moirai,0.5112361311912537
Sample 14,Chronos,0.48876386880874634
Sample 15,Time-MoE,0.501139760017395
Sample 15,TimesFM,0.4988602101802826
Sample 16,Chronos,0.515646755695343
Sample 16,Timer,0.484353244304657
Sample 17,Moirai,0.506301760673523
Sample 17,Timer,0.49369823932647705
Sample 18,Time-MoE,0.515291690826416
Sample 18,Moirai,0.4847082793712616
Sample 19,Chronos,0.5213216543197632
Sample 19,Timer,0.4786783456802368
Sample 20,TimesFM,0.5063962340354919
Sample 20,Time-MoE,0.4936037063598633
Sample 21,Chronos,0.5174621939659119
Sample 21,Timer,0.48253774642944336
Sample 22,Timer,0.5050071477890015
Sample 22,Moirai,0.49499285221099854
Sample 23,Time-MoE,0.509117841720581
Sample 23,Chronos,0.49088215827941895
Sample 24,TimesFM,0.5375708937644958
Sample 24,Time-MoE,0.46242910623550415
Sample 25,Chronos,0.5009068846702576
Sample 25,Moirai,0.49909311532974243
Sample 26,Moirai,0.5141263008117676
Sample 26,Time-MoE,0.48587366938591003
Sample 27,Timer,0.5159752368927002
Sample 27,Chronos,0.4840247929096222
Sample 28,TimesFM,0.5088201761245728
Sample 28,Time-MoE,0.49117979407310486
Sample 29,Chronos,0.5174198150634766
Sample 29,Timer,0.48258015513420105
Sample 30,Moirai,0.5156594514846802
Sample 30,Timer,0.48434051871299744
Sample 31,TimesFM,0.5015031099319458
Sample 31,Time-MoE,0.4984969198703766
Sample 0,TimesFM,0.5333207845687866
Sample 0,Time-MoE,0.4666792154312134
Sample 1,Chronos,0.5119414329528809
Sample 1,Timer,0.48805859684944153
Sample 2,Timer,0.5002148747444153
Sample 2,Chronos,0.4997851252555847
Sample 3,Chronos,0.507575273513794
Sample 3,Timer,0.49242469668388367
Sample 4,Chronos,0.5185934901237488
Sample 4,Moirai,0.48140648007392883
Sample 5,Chronos,0.5102351903915405
Sample 5,Timer,0.4897648096084595
Sample 6,Moirai,0.5007702708244324
Sample 6,TimesFM,0.4992297291755676
Sample 7,Chronos,0.5006048679351807
Sample 7,Time-MoE,0.49939513206481934
Sample 8,TimesFM,0.5438818335533142
Sample 8,Timer,0.4561181366443634
Sample 9,Chronos,0.5000984072685242
Sample 9,Moirai,0.49990153312683105
Sample 10,TimesFM,0.5178917646408081
Sample 10,Timer,0.4821082651615143
Sample 11,Chronos,0.5002211332321167
Sample 11,Timer,0.4997788667678833
Sample 12,TimesFM,0.510640561580658
Sample 12,Time-MoE,0.48935943841934204
Sample 13,Moirai,0.5099886655807495
Sample 13,Chronos,0.4900113344192505
Sample 14,Moirai,0.5309070348739624
Sample 14,Timer,0.4690930247306824
Sample 15,TimesFM,0.5156413316726685
Sample 15,Time-MoE,0.48435863852500916
Sample 16,TimesFM,0.539433479309082
Sample 16,Timer,0.4605664908885956
Sample 17,Timer,0.5141618251800537
Sample 17,Moirai,0.4858382046222687
Sample 18,TimesFM,0.5033131241798401
Sample 18,Time-MoE,0.4966868460178375
Sample 19,Timer,0.515941858291626
Sample 19,Chronos,0.4840581715106964
Sample 20,TimesFM,0.5086186528205872
Sample 20,Time-MoE,0.49138131737709045
Sample 21,Moirai,0.5170014500617981
Sample 21,Chronos,0.4829985797405243
Sample 22,Timer,0.5024754405021667
Sample 22,Moirai,0.49752455949783325
Sample 23,Time-MoE,0.503808319568634
Sample 23,TimesFM,0.49619171023368835
Sample 24,TimesFM,0.5524815917015076
Sample 24,Time-MoE,0.44751834869384766
Sample 25,Moirai,0.5039698481559753
Sample 25,Chronos,0.49603015184402466
Sample 26,TimesFM,0.5224696397781372
Sample 26,Time-MoE,0.4775303602218628
Sample 27,Chronos,0.5019668936729431
Sample 27,Moirai,0.4980330467224121
Sample 28,TimesFM,0.5137830376625061
Sample 28,Time-MoE,0.4862169325351715
Sample 29,Moirai,0.5027115345001221
Sample 29,Chronos,0.49728846549987793
Sample 30,Moirai,0.5056678056716919
Sample 30,Timer,0.4943321645259857
Sample 31,TimesFM,0.5078211426734924
Sample 31,Time-MoE,0.4921788275241852
Sample 0,Chronos,0.503448486328125
Sample 0,Timer,0.4965514838695526
Sample 1,Chronos,0.5000564455986023
Sample 1,Moirai,0.4999435544013977
Sample 2,Timer,0.512702226638794
Sample 2,Moirai,0.48729774355888367
Sample 3,Timer,0.5013634562492371
Sample 3,Chronos,0.4986365735530853
Sample 4,Timer,0.5238685011863708
Sample 4,Moirai,0.47613149881362915
Sample 5,Moirai,0.5105873346328735
Sample 5,Chronos,0.48941266536712646
Sample 6,Moirai,0.5071864128112793
Sample 6,Chronos,0.4928135573863983
Sample 7,TimesFM,0.507844865322113
Sample 7,Time-MoE,0.49215516448020935
Sample 8,TimesFM,0.5369297862052917
Sample 8,Timer,0.4630701541900635
Sample 9,Chronos,0.5056118369102478
Sample 9,Moirai,0.4943881332874298
Sample 10,Moirai,0.5059682726860046
Sample 10,Time-MoE,0.49403175711631775
Sample 11,Timer,0.5023530721664429
Sample 11,Chronos,0.49764689803123474
Sample 12,Timer,0.5172923803329468
Sample 12,TimesFM,0.4827076494693756
Sample 13,Chronos,0.5147953629493713
Sample 13,Timer,0.48520466685295105
Sample 14,Moirai,0.5097469687461853
Sample 14,TimesFM,0.4902530312538147
Sample 15,Time-MoE,0.5027326345443726
Sample 15,Moirai,0.49726736545562744
Sample 16,Chronos,0.5089660286903381
Sample 16,Timer,0.4910339415073395
Sample 17,Moirai,0.5143100619316101
Sample 17,Chronos,0.4856899380683899
Sample 18,Chronos,0.5011789798736572
Sample 18,Timer,0.49882107973098755
Sample 19,Moirai,0.5004560947418213
Sample 19,Timer,0.4995439350605011
Sample 20,TimesFM,0.5153434872627258
Sample 20,Time-MoE,0.48465651273727417
Sample 21,Chronos,0.5028330683708191
Sample 21,Moirai,0.4971669614315033
Sample 22,Moirai,0.5108168125152588
Sample 22,Chronos,0.4891831576824188
Sample 23,Time-MoE,0.5090056657791138
Sample 23,TimesFM,0.4909943640232086
Sample 24,TimesFM,0.5535565614700317
Sample 24,Chronos,0.44644346833229065
Sample 25,Chronos,0.504118025302887
Sample 25,Moirai,0.49588191509246826
Sample 26,Moirai,0.5212724208831787
Sample 26,Chronos,0.4787275791168213
Sample 27,Timer,0.5045388340950012
Sample 27,Chronos,0.49546119570732117
Sample 28,TimesFM,0.5080721378326416
Sample 28,Time-MoE,0.4919278621673584
Sample 29,Moirai,0.5267877578735352
Sample 29,Chronos,0.47321224212646484
Sample 30,Moirai,0.5283476114273071
Sample 30,Chronos,0.47165241837501526
Sample 31,TimesFM,0.5101511478424072
Sample 31,Time-MoE,0.4898488223552704
Sample 0,TimesFM,0.5290538668632507
Sample 0,Timer,0.47094613313674927
Sample 1,Chronos,0.5002198219299316
Sample 1,Moirai,0.49978017807006836
Sample 2,Chronos,0.5005584955215454
Sample 2,TimesFM,0.4994415044784546
Sample 3,Timer,0.5001974701881409
Sample 3,Chronos,0.49980252981185913
Sample 4,TimesFM,0.5101275444030762
Sample 4,Timer,0.4898724853992462
Sample 5,Moirai,0.5083121657371521
Sample 5,Chronos,0.4916878044605255
Sample 6,Timer,0.5050774812698364
Sample 6,Moirai,0.4949225187301636
Sample 7,TimesFM,0.51638263463974
Sample 7,Time-MoE,0.4836173951625824
Sample 8,TimesFM,0.5598371624946594
Sample 8,Timer,0.44016286730766296
Sample 9,Chronos,0.5046395063400269
Sample 9,Moirai,0.4953605532646179
Sample 10,Moirai,0.503093421459198
Sample 10,TimesFM,0.4969065487384796
Sample 11,Timer,0.5027919411659241
Sample 11,Chronos,0.4972080886363983
Sample 12,Time-MoE,0.5020985007286072
Sample 12,Moirai,0.4979014992713928
Sample 13,Timer,0.5195767283439636
Sample 13,Chronos,0.48042330145835876
Sample 14,TimesFM,0.5190659761428833
Sample 14,Time-MoE,0.4809340238571167
Sample 15,TimesFM,0.5027634501457214
Sample 15,Chronos,0.4972365200519562
Sample 16,TimesFM,0.529832661151886
Sample 16,Timer,0.470167338848114
Sample 17,Chronos,0.507911741733551
Sample 17,Moirai,0.49208828806877136
Sample 18,TimesFM,0.5201663374900818
Sample 18,Timer,0.4798336327075958
Sample 19,Chronos,0.5050482749938965
Sample 19,Timer,0.4949517250061035
Sample 20,Moirai,0.5226809978485107
Sample 20,Chronos,0.47731900215148926
Sample 21,Chronos,0.5095944404602051
Sample 21,Moirai,0.4904055595397949
Sample 22,Moirai,0.5024508833885193
Sample 22,Timer,0.4975491166114807
Sample 23,TimesFM,0.505514919757843
Sample 23,Time-MoE,0.4944850504398346
Sample 24,Chronos,0.5190790891647339
Sample 24,TimesFM,0.4809208810329437
Sample 25,Chronos,0.501753568649292
Sample 25,Moirai,0.498246431350708
Sample 26,TimesFM,0.5175591707229614
Sample 26,Timer,0.4824408292770386
Sample 27,Moirai,0.5023255348205566
Sample 27,Chronos,0.49767446517944336
Sample 28,TimesFM,0.5315113663673401
Sample 28,Moirai,0.4684886634349823
Sample 29,Moirai,0.5092521905899048
Sample 29,Chronos,0.4907478094100952
Sample 30,TimesFM,0.5243676900863647
Sample 30,Moirai,0.47563233971595764
Sample 31,Time-MoE,0.5217604637145996
Sample 31,TimesFM,0.478239506483078
Sample 0,Chronos,0.5126073956489563
Sample 0,Timer,0.4873926341533661
Sample 1,Moirai,0.5120153427124023
Sample 1,Chronos,0.48798465728759766
Sample 2,Moirai,0.5358961224555969
Sample 2,Time-MoE,0.4641038477420807
Sample 3,Chronos,0.5035499930381775
Sample 3,Timer,0.4964499771595001
Sample 4,TimesFM,0.5196599364280701
Sample 4,Time-MoE,0.4803400933742523
Sample 5,Chronos,0.5124739408493042
Sample 5,Moirai,0.4875260591506958
Sample 6,Timer,0.5165184140205383
Sample 6,Chronos,0.4834815561771393
Sample 7,Time-MoE,0.5031547546386719
Sample 7,TimesFM,0.49684521555900574
Sample 8,TimesFM,0.5329151749610901
Sample 8,Timer,0.4670847952365875
Sample 9,Chronos,0.5044828057289124
Sample 9,Moirai,0.49551713466644287
Sample 10,Moirai,0.5045934915542603
Sample 10,TimesFM,0.49540650844573975
Sample 11,Timer,0.5042433142662048
Sample 11,Chronos,0.49575668573379517
Sample 12,Timer,0.5317606925964355
Sample 12,Time-MoE,0.46823927760124207
Sample 13,Moirai,0.5000287294387817
Sample 13,Chronos,0.4999712407588959
Sample 14,Moirai,0.526725709438324
Sample 14,Timer,0.473274290561676
Sample 15,TimesFM,0.5060608386993408
Sample 15,Time-MoE,0.4939391613006592
Sample 0,TimesFM,0.5279117822647095
Sample 0,Timer,0.47208818793296814
Sample 1,Chronos,0.5002604722976685
Sample 1,Timer,0.49973952770233154
Sample 2,TimesFM,0.5093774199485779
Sample 2,Timer,0.4906225800514221
Sample 3,Timer,0.5084100365638733
Sample 3,Chronos,0.4915899932384491
Sample 4,Timer,0.5260535478591919
Sample 4,Moirai,0.4739464521408081
Sample 5,Moirai,0.5038570761680603
Sample 5,Chronos,0.4961429238319397
Sample 6,Moirai,0.5017800331115723
Sample 6,Timer,0.49821993708610535
Sample 7,TimesFM,0.5096405744552612
Sample 7,Time-MoE,0.49035948514938354
Sample 8,TimesFM,0.5069360733032227
Sample 8,Chronos,0.49306389689445496
Sample 9,Moirai,0.5010120868682861
Sample 9,Chronos,0.4989878833293915
Sample 10,Moirai,0.5345097780227661
Sample 10,Time-MoE,0.46549028158187866
Sample 11,Chronos,0.5052725672721863
Sample 11,Timer,0.4947274625301361
Sample 12,TimesFM,0.5172454714775085
Sample 12,Time-MoE,0.48275455832481384
Sample 13,Chronos,0.503435492515564
Sample 13,Moirai,0.49656444787979126
Sample 14,Moirai,0.53814697265625
Sample 14,TimesFM,0.4618529975414276
Sample 15,TimesFM,0.5091164112091064
Sample 15,Time-MoE,0.49088358879089355
Sample 16,TimesFM,0.5662184357643127
Sample 16,Time-MoE,0.43378159403800964
Sample 17,Chronos,0.5061952471733093
Sample 17,Moirai,0.49380478262901306
Sample 18,TimesFM,0.5239443182945251
Sample 18,Timer,0.47605574131011963
Sample 19,Timer,0.5007671117782593
Sample 19,Chronos,0.4992328882217407
Sample 20,TimesFM,0.5249425768852234
Sample 20,Moirai,0.4750574231147766
Sample 21,Chronos,0.5075371265411377
Sample 21,Timer,0.4924628436565399
Sample 22,Timer,0.5111886858940125
Sample 22,Moirai,0.48881134390830994
Sample 23,TimesFM,0.5023747682571411
Sample 23,Time-MoE,0.4976252019405365
Sample 24,TimesFM,0.5590030550956726
Sample 24,Time-MoE,0.4409968852996826
Sample 25,Chronos,0.5002419948577881
Sample 25,Moirai,0.4997580349445343
Sample 26,Chronos,0.5059381127357483
Sample 26,Timer,0.4940618872642517
Sample 27,Chronos,0.5130710601806641
Sample 27,Timer,0.48692893981933594
Sample 28,TimesFM,0.502078115940094
Sample 28,Time-MoE,0.497921884059906
Sample 29,Moirai,0.501755952835083
Sample 29,Chronos,0.4982440173625946
Sample 30,Moirai,0.5285801887512207
Sample 30,TimesFM,0.4714198112487793
Sample 31,TimesFM,0.5021128058433533
Sample 31,Time-MoE,0.49788716435432434
Sample 0,Timer,0.5046750903129578
Sample 0,Chronos,0.495324969291687
Sample 1,Chronos,0.5020126104354858
Sample 1,Moirai,0.4979873597621918
Sample 2,TimesFM,0.5262508392333984
Sample 2,Timer,0.47374919056892395
Sample 3,Timer,0.5059232711791992
Sample 3,Chronos,0.4940767288208008
Sample 4,Time-MoE,0.504818856716156
Sample 4,TimesFM,0.4951811730861664
Sample 5,Chronos,0.5006667971611023
Sample 5,Moirai,0.4993332326412201
Sample 6,Timer,0.5161468386650085
Sample 6,Moirai,0.48385316133499146
Sample 7,TimesFM,0.5088373422622681
Sample 7,Time-MoE,0.4911626875400543
Sample 8,TimesFM,0.5475972294807434
Sample 8,Chronos,0.452402800321579
Sample 9,Chronos,0.5019225478172302
Sample 9,Moirai,0.49807751178741455
Sample 10,Moirai,0.5204446315765381
Sample 10,Timer,0.4795553982257843
Sample 11,Chronos,0.5032889246940613
Sample 11,Timer,0.4967110753059387
Sample 12,TimesFM,0.5051836967468262
Sample 12,Timer,0.49481630325317383
Sample 13,Chronos,0.5124545097351074
Sample 13,Timer,0.4875454604625702
Sample 14,Moirai,0.5054295063018799
Sample 14,Timer,0.4945705235004425
Sample 15,TimesFM,0.5043351650238037
Sample 15,Time-MoE,0.4956648647785187
Sample 16,TimesFM,0.5630818009376526
Sample 16,Chronos,0.4369181990623474
Sample 17,Chronos,0.5053779482841492
Sample 17,Moirai,0.4946220815181732
Sample 18,TimesFM,0.5071487426757812
Sample 18,Moirai,0.49285125732421875
Sample 19,Timer,0.5001409649848938
Sample 19,Chronos,0.499859094619751
Sample 20,Moirai,0.5080769658088684
Sample 20,Timer,0.491923063993454
Sample 21,Chronos,0.5088972449302673
Sample 21,Moirai,0.49110275506973267
Sample 22,Timer,0.5012298226356506
Sample 22,Moirai,0.49877017736434937
Sample 23,TimesFM,0.5050404667854309
Sample 23,Time-MoE,0.4949595630168915
Sample 24,Chronos,0.5038114786148071
Sample 24,Timer,0.4961884915828705
Sample 25,Moirai,0.502866804599762
Sample 25,Chronos,0.4971332252025604
Sample 26,Moirai,0.5205579996109009
Sample 26,Chronos,0.4794420003890991
Sample 27,Timer,0.5048142671585083
Sample 27,Chronos,0.4951857328414917
Sample 28,TimesFM,0.5118052959442139
Sample 28,Timer,0.48819467425346375
Sample 29,Chronos,0.5157263875007629
Sample 29,Timer,0.48427364230155945
Sample 30,Moirai,0.5182164907455444
Sample 30,Timer,0.48178350925445557
Sample 31,TimesFM,0.5057820677757263
Sample 31,Time-MoE,0.4942179024219513
Sample 0,TimesFM,0.5488640069961548
Sample 0,Time-MoE,0.4511359632015228
Sample 1,Chronos,0.5072429776191711
Sample 1,Timer,0.49275702238082886
Sample 2,Moirai,0.5346439480781555
Sample 2,Timer,0.4653560519218445
Sample 3,Chronos,0.5034251809120178
Sample 3,Timer,0.49657484889030457
Sample 4,TimesFM,0.5140637159347534
Sample 4,Time-MoE,0.4859362840652466
Sample 5,Moirai,0.5302529335021973
Sample 5,Chronos,0.4697470963001251
Sample 6,Timer,0.5293545722961426
Sample 6,Moirai,0.47064539790153503
Sample 7,TimesFM,0.5047550797462463
Sample 7,Time-MoE,0.49524492025375366
Sample 8,TimesFM,0.5612300634384155
Sample 8,Time-MoE,0.43876996636390686
Sample 9,Moirai,0.5014826655387878
Sample 9,Chronos,0.49851736426353455
Sample 10,Chronos,0.5059419274330139
Sample 10,Timer,0.4940580427646637
Sample 11,Timer,0.5341036319732666
Sample 11,Chronos,0.465896338224411
Sample 12,TimesFM,0.5218994617462158
Sample 12,Time-MoE,0.4781005382537842
Sample 13,Chronos,0.503730058670044
Sample 13,Moirai,0.49626994132995605
Sample 14,Moirai,0.5141738653182983
Sample 14,Chronos,0.4858261048793793
Sample 15,TimesFM,0.5031976103782654
Sample 15,Time-MoE,0.496802419424057
Sample 16,Chronos,0.5133185982704163
Sample 16,Timer,0.48668140172958374
Sample 17,Moirai,0.5055163502693176
Sample 17,Timer,0.49448367953300476
Sample 18,Time-MoE,0.5099256634712219
Sample 18,Moirai,0.4900742769241333
Sample 19,Chronos,0.5211123824119568
Sample 19,Timer,0.4788876175880432
Sample 20,TimesFM,0.5161879062652588
Sample 20,Timer,0.4838120937347412
Sample 21,Chronos,0.5162395238876343
Sample 21,Timer,0.4837604761123657
Sample 22,Timer,0.5071620345115662
Sample 22,Moirai,0.4928379952907562
Sample 23,Time-MoE,0.5067749619483948
Sample 23,TimesFM,0.4932250678539276
Sample 24,TimesFM,0.5438719391822815
Sample 24,Time-MoE,0.4561280310153961
Sample 25,Timer,0.5007609128952026
Sample 25,Chronos,0.49923908710479736
Sample 26,Moirai,0.518740713596344
Sample 26,Time-MoE,0.481259286403656
Sample 27,Timer,0.5158290863037109
Sample 27,TimesFM,0.4841708540916443
Sample 28,TimesFM,0.5212802886962891
Sample 28,Time-MoE,0.4787197411060333
Sample 29,Chronos,0.5158217549324036
Sample 29,Timer,0.48417821526527405
Sample 30,Moirai,0.5174763798713684
Sample 30,Timer,0.482523649930954
Sample 31,TimesFM,0.5091158151626587
Sample 31,Time-MoE,0.4908841848373413
Sample 0,TimesFM,0.5322324633598328
Sample 0,Time-MoE,0.4677675664424896
Sample 1,Chronos,0.5094698667526245
Sample 1,Timer,0.4905301630496979
Sample 2,Timer,0.504057765007019
Sample 2,Chronos,0.49594226479530334
Sample 3,Chronos,0.5039544105529785
Sample 3,Timer,0.49604561924934387
Sample 4,Chronos,0.5210935473442078
Sample 4,Timer,0.47890645265579224
Sample 5,Chronos,0.5091800689697266
Sample 5,Timer,0.49081993103027344
Sample 6,Moirai,0.505332887172699
Sample 6,TimesFM,0.4946671426296234
Sample 7,Chronos,0.5033391714096069
Sample 7,Time-MoE,0.49666085839271545
Sample 8,TimesFM,0.5324428081512451
Sample 8,Timer,0.4675571918487549
Sample 9,Moirai,0.501301109790802
Sample 9,Chronos,0.498698890209198
Sample 10,TimesFM,0.5277908444404602
Sample 10,Timer,0.4722091555595398
Sample 11,Timer,0.504550039768219
Sample 11,Chronos,0.495449960231781
Sample 12,TimesFM,0.517821729183197
Sample 12,Time-MoE,0.482178270816803
Sample 13,Moirai,0.5131083130836487
Sample 13,Chronos,0.4868916869163513
Sample 14,Moirai,0.5354457497596741
Sample 14,Timer,0.4645542800426483
Sample 15,TimesFM,0.5210002660751343
Sample 15,Time-MoE,0.4789997339248657
Sample 16,TimesFM,0.5274951457977295
Sample 16,Timer,0.4725048243999481
Sample 17,Timer,0.5145002007484436
Sample 17,Moirai,0.485499769449234
Sample 18,TimesFM,0.5019217729568481
Sample 18,Timer,0.49807822704315186
Sample 19,Timer,0.5219665765762329
Sample 19,Chronos,0.4780334532260895
Sample 20,TimesFM,0.517993688583374
Sample 20,Timer,0.482006311416626
Sample 21,Moirai,0.5201543569564819
Sample 21,Timer,0.47984564304351807
Sample 22,Timer,0.5037705898284912
Sample 22,Moirai,0.4962294101715088
Sample 23,Time-MoE,0.5015250444412231
Sample 23,TimesFM,0.49847492575645447
Sample 24,TimesFM,0.5489381551742554
Sample 24,Timer,0.45106184482574463
Sample 25,Moirai,0.5063798427581787
Sample 25,Chronos,0.4936201870441437
Sample 26,TimesFM,0.5296949148178101
Sample 26,Time-MoE,0.47030505537986755
Sample 27,Chronos,0.5001155734062195
Sample 27,Moirai,0.4998844265937805
Sample 28,TimesFM,0.5180822610855103
Sample 28,Timer,0.48191773891448975
Sample 29,Moirai,0.5055551528930664
Sample 29,Chronos,0.4944448173046112
Sample 30,Moirai,0.5058165192604065
Sample 30,Timer,0.4941835105419159
Sample 31,TimesFM,0.5123579502105713
Sample 31,Time-MoE,0.4876420795917511
Sample 0,Chronos,0.5013296604156494
Sample 0,Timer,0.4986703395843506
Sample 1,Moirai,0.5021780729293823
Sample 1,Chronos,0.4978218674659729
Sample 2,Timer,0.5140150189399719
Sample 2,Moirai,0.4859849810600281
Sample 3,Timer,0.50572270154953
Sample 3,Chronos,0.4942772686481476
Sample 4,Timer,0.5252472758293152
Sample 4,Moirai,0.4747527241706848
Sample 5,Moirai,0.5145943760871887
Sample 5,Chronos,0.4854055643081665
Sample 6,Moirai,0.510675847530365
Sample 6,Chronos,0.48932409286499023
Sample 7,TimesFM,0.5059012770652771
Sample 7,Time-MoE,0.4940986931324005
Sample 8,TimesFM,0.5267454981803894
Sample 8,Timer,0.4732545018196106
Sample 9,Chronos,0.5041658878326416
Sample 9,Moirai,0.4958341717720032
Sample 10,Moirai,0.5096931457519531
Sample 10,Time-MoE,0.49030688405036926
Sample 11,Timer,0.5061046481132507
Sample 11,Chronos,0.49389535188674927
Sample 12,Timer,0.5174640417098999
Sample 12,TimesFM,0.4825359582901001
Sample 13,Chronos,0.5133978128433228
Sample 13,Timer,0.48660215735435486
Sample 14,Moirai,0.5053293108940125
Sample 14,TimesFM,0.49467065930366516
Sample 15,Moirai,0.5008446574211121
Sample 15,Time-MoE,0.49915531277656555
Sample 16,Chronos,0.5061978697776794
Sample 16,Timer,0.49380216002464294
Sample 17,Moirai,0.5176746249198914
Sample 17,Timer,0.48232531547546387
Sample 18,Timer,0.5013246536254883
Sample 18,Chronos,0.4986753463745117
Sample 19,Moirai,0.5004039406776428
Sample 19,Timer,0.4995960593223572
Sample 20,TimesFM,0.5283195972442627
Sample 20,Time-MoE,0.4716803729534149
Sample 21,Chronos,0.5007556080818176
Sample 21,Moirai,0.49924442172050476
Sample 22,Moirai,0.5144997239112854
Sample 22,Timer,0.4855002760887146
Sample 23,Time-MoE,0.5045895576477051
Sample 23,TimesFM,0.4954104423522949
Sample 24,TimesFM,0.542592465877533
Sample 24,Chronos,0.45740753412246704
Sample 25,Chronos,0.5019605159759521
Sample 25,Timer,0.49803948402404785
Sample 26,Moirai,0.5247418284416199
Sample 26,Chronos,0.47525814175605774
Sample 27,Timer,0.5092626810073853
Sample 27,Chronos,0.49073731899261475
Sample 28,TimesFM,0.5118445754051208
Sample 28,Time-MoE,0.48815545439720154
Sample 29,Moirai,0.5318855047225952
Sample 29,Chronos,0.4681144952774048
Sample 30,Moirai,0.5349335670471191
Sample 30,Chronos,0.46506640315055847
Sample 31,TimesFM,0.5074126124382019
Sample 31,Time-MoE,0.4925874173641205
Sample 0,TimesFM,0.5150150060653687
Sample 0,Timer,0.48498499393463135
Sample 1,Moirai,0.5019370317459106
Sample 1,Chronos,0.49806296825408936
Sample 2,TimesFM,0.5006722807884216
Sample 2,Chronos,0.499327689409256
Sample 3,Timer,0.5037714838981628
Sample 3,Chronos,0.49622857570648193
Sample 4,TimesFM,0.5111305713653564
Sample 4,Timer,0.48886942863464355
Sample 5,Moirai,0.5115373134613037
Sample 5,Chronos,0.4884627163410187
Sample 6,Timer,0.5048849582672119
Sample 6,Moirai,0.4951150119304657
Sample 7,TimesFM,0.5151842832565308
Sample 7,Timer,0.48481568694114685
Sample 8,TimesFM,0.5518944263458252
Sample 8,Timer,0.4481055736541748
Sample 9,Chronos,0.5031102895736694
Sample 9,Moirai,0.49688977003097534
Sample 10,Moirai,0.5044158697128296
Sample 10,Timer,0.4955841302871704
Sample 11,Timer,0.5061749219894409
Sample 11,Chronos,0.4938250482082367
Sample 12,Time-MoE,0.5073928236961365
Sample 12,Moirai,0.49260714650154114
Sample 13,Timer,0.5172872543334961
Sample 13,TimesFM,0.4827127456665039
Sample 14,TimesFM,0.5243760347366333
Sample 14,Time-MoE,0.4756239652633667
Sample 15,Chronos,0.5022081732749939
Sample 15,Timer,0.4977917969226837
Sample 16,TimesFM,0.5167958736419678
Sample 16,Timer,0.4832041263580322
Sample 17,Chronos,0.5063146352767944
Sample 17,Timer,0.4936853051185608
Sample 18,TimesFM,0.5155882835388184
Sample 18,Timer,0.48441174626350403
Sample 19,Chronos,0.5023167133331299
Sample 19,Timer,0.4976832866668701
Sample 20,Moirai,0.5270162224769592
Sample 20,Chronos,0.47298377752304077
Sample 21,Chronos,0.5090375542640686
Sample 21,Moirai,0.490962415933609
Sample 22,Moirai,0.5056692361831665
Sample 22,Timer,0.4943307340145111
Sample 23,TimesFM,0.507908046245575
Sample 23,Time-MoE,0.49209195375442505
Sample 24,Chronos,0.5235352516174316
Sample 24,Timer,0.47646474838256836
Sample 25,Moirai,0.5001305341720581
Sample 25,Chronos,0.4998694658279419
Sample 26,TimesFM,0.5167553424835205
Sample 26,Timer,0.4832446873188019
Sample 27,Moirai,0.504732072353363
Sample 27,Chronos,0.4952678680419922
Sample 28,TimesFM,0.5372557640075684
Sample 28,Moirai,0.46274423599243164
Sample 29,Moirai,0.5125352740287781
Sample 29,Timer,0.4874647855758667
Sample 30,TimesFM,0.523681104183197
Sample 30,Moirai,0.47631892561912537
Sample 31,Time-MoE,0.5099958777427673
Sample 31,TimesFM,0.4900040924549103
Sample 0,Chronos,0.513392984867096
Sample 0,Timer,0.48660704493522644
Sample 1,Moirai,0.5156264901161194
Sample 1,Chronos,0.48437345027923584
Sample 2,Moirai,0.5398653149604797
Sample 2,Time-MoE,0.46013468503952026
Sample 3,Chronos,0.5023207664489746
Sample 3,Timer,0.497679203748703
Sample 4,TimesFM,0.5360944867134094
Sample 4,Time-MoE,0.4639055132865906
Sample 5,Chronos,0.5128350257873535
Sample 5,Moirai,0.4871649444103241
Sample 6,Timer,0.5189353823661804
Sample 6,Chronos,0.4810645878314972
Sample 7,Time-MoE,0.502234697341919
Sample 7,TimesFM,0.49776527285575867
Sample 8,TimesFM,0.520376980304718
Sample 8,Timer,0.4796229898929596
Sample 9,Chronos,0.5035461187362671
Sample 9,Moirai,0.4964538514614105
Sample 10,Moirai,0.5059755444526672
Sample 10,TimesFM,0.49402445554733276
Sample 11,Timer,0.506291925907135
Sample 11,Chronos,0.4937081038951874
Sample 12,Timer,0.5331580638885498
Sample 12,Time-MoE,0.4668419063091278
Sample 13,Moirai,0.5016823410987854
Sample 13,Chronos,0.4983177185058594
Sample 14,Moirai,0.5324702858924866
Sample 14,Timer,0.4675297737121582
Sample 15,TimesFM,0.5071792006492615
Sample 15,Time-MoE,0.49282076954841614
Sample 0,TimesFM,0.5126227736473083
Sample 0,Chronos,0.48737725615501404
Sample 1,Moirai,0.5008959174156189
Sample 1,Chronos,0.4991040527820587
Sample 2,TimesFM,0.5148581266403198
Sample 2,Timer,0.4851418733596802
Sample 3,Timer,0.5099316835403442
Sample 3,Chronos,0.490068256855011
Sample 4,Timer,0.5250276923179626
Sample 4,Chronos,0.47497230768203735
Sample 5,Moirai,0.5058600306510925
Sample 5,Chronos,0.4941399395465851
Sample 6,Moirai,0.5063775777816772
Sample 6,Timer,0.49362248182296753
Sample 7,TimesFM,0.5095356702804565
Sample 7,Time-MoE,0.49046429991722107
Sample 8,Chronos,0.508216381072998
Sample 8,TimesFM,0.49178364872932434
Sample 9,Moirai,0.5028757452964783
Sample 9,Chronos,0.49712425470352173
Sample 10,Moirai,0.5395058989524841
Sample 10,Time-MoE,0.46049410104751587
Sample 11,Chronos,0.5052366256713867
Sample 11,Timer,0.4947633743286133
Sample 12,TimesFM,0.5177295804023743
Sample 12,Time-MoE,0.4822704493999481
Sample 13,Chronos,0.5021975040435791
Sample 13,Moirai,0.4978024959564209
Sample 14,Moirai,0.5341611504554749
Sample 14,TimesFM,0.46583878993988037
Sample 15,TimesFM,0.5091507434844971
Sample 15,Time-MoE,0.49084922671318054
Sample 16,TimesFM,0.5599063038825989
Sample 16,Chronos,0.4400936961174011
Sample 17,Chronos,0.505699872970581
Sample 17,Moirai,0.49430009722709656
Sample 18,TimesFM,0.5241895914077759
Sample 18,Timer,0.47581037878990173
Sample 19,Timer,0.5010095238685608
Sample 19,Chronos,0.4989905059337616
Sample 20,TimesFM,0.5240519046783447
Sample 20,Moirai,0.4759480655193329
Sample 21,Chronos,0.5087718963623047
Sample 21,Timer,0.4912280738353729
Sample 22,Timer,0.505981981754303
Sample 22,TimesFM,0.494018018245697
Sample 23,TimesFM,0.5043768286705017
Sample 23,Time-MoE,0.4956231713294983
Sample 24,TimesFM,0.5586471557617188
Sample 24,Time-MoE,0.44135284423828125
Sample 25,Moirai,0.5014719367027283
Sample 25,Chronos,0.49852800369262695
Sample 26,Chronos,0.5099809765815735
Sample 26,Timer,0.4900190234184265
Sample 27,Chronos,0.5158937573432922
Sample 27,Timer,0.4841062128543854
Sample 28,TimesFM,0.5100576281547546
Sample 28,Time-MoE,0.48994237184524536
Sample 29,Moirai,0.5032891631126404
Sample 29,Chronos,0.4967108368873596
Sample 30,Moirai,0.5267637372016907
Sample 30,TimesFM,0.4732362627983093
Sample 31,TimesFM,0.5032007098197937
Sample 31,Time-MoE,0.4967992901802063
Sample 0,Chronos,0.5000051259994507
Sample 0,Timer,0.4999949038028717
Sample 1,Chronos,0.5013371706008911
Sample 1,Moirai,0.4986628592014313
Sample 2,TimesFM,0.5325969457626343
Sample 2,Timer,0.4674030542373657
Sample 3,Timer,0.5059369802474976
Sample 3,Chronos,0.49406304955482483
Sample 4,Time-MoE,0.5005548000335693
Sample 4,TimesFM,0.4994451403617859
Sample 5,Moirai,0.5003258585929871
Sample 5,Chronos,0.4996742010116577
Sample 6,Timer,0.5138846635818481
Sample 6,Moirai,0.48611533641815186
Sample 7,TimesFM,0.5071496367454529
Sample 7,Time-MoE,0.49285033345222473
Sample 8,TimesFM,0.5435623526573181
Sample 8,Chronos,0.4564376473426819
Sample 9,Chronos,0.5009346604347229
Sample 9,Moirai,0.4990653097629547
Sample 10,Moirai,0.5283278822898865
Sample 10,Timer,0.4716721475124359
Sample 11,Chronos,0.5062307715415955
Sample 11,Timer,0.4937692880630493
Sample 12,TimesFM,0.510067343711853
Sample 12,Timer,0.489932656288147
Sample 13,Chronos,0.5163431167602539
Sample 13,Moirai,0.4836569130420685
Sample 14,Moirai,0.5092206597328186
Sample 14,Timer,0.4907793700695038
Sample 15,TimesFM,0.5011605024337769
Sample 15,Time-MoE,0.49883952736854553
Sample 16,TimesFM,0.553128182888031
Sample 16,Chronos,0.446871817111969
Sample 17,Chronos,0.5051244497299194
Sample 17,Moirai,0.4948755204677582
Sample 18,TimesFM,0.5097430944442749
Sample 18,Moirai,0.4902569055557251
Sample 19,Chronos,0.501144289970398
Sample 19,Timer,0.49885573983192444
Sample 20,Moirai,0.511711061000824
Sample 20,Chronos,0.4882889986038208
Sample 21,Chronos,0.5092077255249023
Sample 21,Moirai,0.49079227447509766
Sample 22,Moirai,0.5037912726402283
Sample 22,Timer,0.49620872735977173
Sample 23,TimesFM,0.511475145816803
Sample 23,Time-MoE,0.48852479457855225
Sample 24,Chronos,0.5092713832855225
Sample 24,Timer,0.49072861671447754
Sample 25,Moirai,0.5057171583175659
Sample 25,Chronos,0.4942828118801117
Sample 26,Moirai,0.5243359208106995
Sample 26,Chronos,0.4756641089916229
Sample 27,Timer,0.5070599317550659
Sample 27,Chronos,0.4929400384426117
Sample 28,TimesFM,0.5075197815895081
Sample 28,Timer,0.49248015880584717
Sample 29,Chronos,0.5189948081970215
Sample 29,Moirai,0.4810051918029785
Sample 30,Moirai,0.5235885977745056
Sample 30,Timer,0.476411372423172
Sample 31,TimesFM,0.5055952072143555
Sample 31,Time-MoE,0.49440479278564453
Sample 0,TimesFM,0.5451760292053223
Sample 0,Time-MoE,0.45482394099235535
Sample 1,Chronos,0.507364809513092
Sample 1,Moirai,0.49263519048690796
Sample 2,Moirai,0.5398436784744263
Sample 2,Timer,0.46015629172325134
Sample 3,Chronos,0.5019532442092896
Sample 3,Moirai,0.49804675579071045
Sample 4,TimesFM,0.5117426514625549
Sample 4,Time-MoE,0.48825734853744507
Sample 5,Moirai,0.5282489657402039
Sample 5,TimesFM,0.47175106406211853
Sample 6,Timer,0.5313538312911987
Sample 6,Time-MoE,0.46864616870880127
Sample 7,TimesFM,0.5013769268989563
Sample 7,Time-MoE,0.4986230134963989
Sample 8,TimesFM,0.5621068477630615
Sample 8,Time-MoE,0.43789318203926086
Sample 9,Moirai,0.5030916929244995
Sample 9,Chronos,0.4969083368778229
Sample 10,Chronos,0.5071378946304321
Sample 10,Moirai,0.49286210536956787
Sample 11,Timer,0.5318505167961121
Sample 11,TimesFM,0.4681495130062103
Sample 12,TimesFM,0.5289440751075745
Sample 12,Time-MoE,0.47105589509010315
Sample 13,Chronos,0.5025399327278137
Sample 13,Moirai,0.4974600076675415
Sample 14,Moirai,0.5183704495429993
Sample 14,Chronos,0.48162955045700073
Sample 15,TimesFM,0.5032522678375244
Sample 15,Time-MoE,0.4967477321624756
Sample 16,Chronos,0.5208654999732971
Sample 16,Timer,0.4791345000267029
Sample 17,Moirai,0.5081102252006531
Sample 17,Timer,0.4918898046016693
Sample 18,Time-MoE,0.5032893419265747
Sample 18,TimesFM,0.4967106580734253
Sample 19,Chronos,0.5295461416244507
Sample 19,Timer,0.47045382857322693
Sample 20,TimesFM,0.5127966403961182
Sample 20,Timer,0.48720335960388184
Sample 21,Chronos,0.5202866196632385
Sample 21,Timer,0.4797133505344391
Sample 22,Timer,0.5030044317245483
Sample 22,Moirai,0.49699556827545166
Sample 23,Time-MoE,0.5030032992362976
Sample 23,TimesFM,0.4969967305660248
Sample 24,TimesFM,0.5433865189552307
Sample 24,Time-MoE,0.4566134214401245
Sample 25,Moirai,0.5018677115440369
Sample 25,Timer,0.4981323182582855
Sample 26,Moirai,0.5236039757728577
Sample 26,Time-MoE,0.47639602422714233
Sample 27,Timer,0.50913405418396
Sample 27,TimesFM,0.49086591601371765
Sample 28,TimesFM,0.5285289287567139
Sample 28,Time-MoE,0.47147104144096375
Sample 29,Chronos,0.5191074013710022
Sample 29,Timer,0.4808926284313202
Sample 30,Moirai,0.521918535232544
Sample 30,Timer,0.47808146476745605
Sample 31,TimesFM,0.5117511749267578
Sample 31,Time-MoE,0.4882487952709198
Sample 0,TimesFM,0.5230051875114441
Sample 0,Chronos,0.4769948422908783
Sample 1,Chronos,0.5137256979942322
Sample 1,Timer,0.4862743020057678
Sample 2,Chronos,0.5025498867034912
Sample 2,Timer,0.4974500834941864
Sample 3,Chronos,0.5060608386993408
Sample 3,Timer,0.4939391613006592
Sample 4,Chronos,0.5241115093231201
Sample 4,Moirai,0.47588852047920227
Sample 5,Chronos,0.5155842304229736
Sample 5,Timer,0.48441576957702637
Sample 6,Moirai,0.5110151767730713
Sample 6,TimesFM,0.4889848828315735
Sample 7,Chronos,0.5073867440223694
Sample 7,Time-MoE,0.4926132261753082
Sample 8,TimesFM,0.5210254192352295
Sample 8,Chronos,0.4789746403694153
Sample 9,Moirai,0.5026570558547974
Sample 9,Chronos,0.49734294414520264
Sample 10,TimesFM,0.533108115196228
Sample 10,Timer,0.466891884803772
Sample 11,Timer,0.5065935254096985
Sample 11,Chronos,0.4934064745903015
Sample 12,TimesFM,0.5115429759025574
Sample 12,Timer,0.48845699429512024
Sample 13,Moirai,0.5167810916900635
Sample 13,Chronos,0.48321884870529175
Sample 14,Moirai,0.5362539291381836
Sample 14,TimesFM,0.4637460708618164
Sample 15,TimesFM,0.520969569683075
Sample 15,Time-MoE,0.47903040051460266
Sample 16,TimesFM,0.5155251622200012
Sample 16,Chronos,0.48447486758232117
Sample 17,Timer,0.5156189203262329
Sample 17,Moirai,0.4843811094760895
Sample 18,Timer,0.5006927847862244
Sample 18,Chronos,0.49930718541145325
Sample 19,Timer,0.5214486718177795
Sample 19,TimesFM,0.47855132818222046
Sample 20,TimesFM,0.5128081440925598
Sample 20,Timer,0.4871918559074402
Sample 21,Moirai,0.5250190496444702
Sample 21,Timer,0.4749809801578522
Sample 22,Moirai,0.5014584064483643
Sample 22,Timer,0.49854162335395813
Sample 23,Time-MoE,0.502825140953064
Sample 23,TimesFM,0.49717485904693604
Sample 24,TimesFM,0.5426753759384155
Sample 24,Timer,0.4573246240615845
Sample 25,Moirai,0.5094150900840759
Sample 25,Chronos,0.4905848801136017
Sample 26,TimesFM,0.532313883304596
Sample 26,Time-MoE,0.46768611669540405
Sample 27,Moirai,0.5027006268501282
Sample 27,Chronos,0.49729931354522705
Sample 28,TimesFM,0.5105248689651489
Sample 28,Timer,0.4894751310348511
Sample 29,Moirai,0.5097088813781738
Sample 29,Chronos,0.49029114842414856
Sample 30,Moirai,0.5092170834541321
Sample 30,Timer,0.49078288674354553
Sample 31,TimesFM,0.5112274885177612
Sample 31,Time-MoE,0.48877251148223877
Sample 0,Chronos,0.5147181153297424
Sample 0,Timer,0.4852818548679352
Sample 1,Moirai,0.5027716159820557
Sample 1,Chronos,0.49722838401794434
Sample 2,Timer,0.5144834518432617
Sample 2,Moirai,0.48551657795906067
Sample 3,Timer,0.5062633752822876
Sample 3,Chronos,0.4937366545200348
Sample 4,Timer,0.5275237560272217
Sample 4,Moirai,0.4724762737751007
Sample 5,Moirai,0.5174953937530518
Sample 5,Chronos,0.48250457644462585
Sample 6,Moirai,0.5119175314903259
Sample 6,Chronos,0.48808249831199646
Sample 7,Chronos,0.5020413994789124
Sample 7,TimesFM,0.49795857071876526
Sample 8,TimesFM,0.5218388438224792
Sample 8,Chronos,0.47816118597984314
Sample 9,Chronos,0.5043378472328186
Sample 9,Moirai,0.495662122964859
Sample 10,Moirai,0.5133752822875977
Sample 10,Time-MoE,0.48662471771240234
Sample 11,Timer,0.5001046061515808
Sample 11,Chronos,0.4998953938484192
Sample 12,Timer,0.5209266543388367
Sample 12,TimesFM,0.47907331585884094
Sample 13,Chronos,0.5195792317390442
Sample 13,Timer,0.4804207980632782
Sample 14,TimesFM,0.5005228519439697
Sample 14,Moirai,0.49947717785835266
Sample 15,Moirai,0.5058096051216125
Sample 15,Time-MoE,0.49419039487838745
Sample 16,Chronos,0.5167750716209412
Sample 16,Timer,0.48322489857673645
Sample 17,Moirai,0.5211383104324341
Sample 17,Timer,0.4788616895675659
Sample 18,Chronos,0.5047175288200378
Sample 18,Timer,0.49528247117996216
Sample 19,Timer,0.5021774768829346
Sample 19,Moirai,0.49782249331474304
Sample 20,TimesFM,0.5331129431724548
Sample 20,Timer,0.46688708662986755
Sample 21,Chronos,0.5000655651092529
Sample 21,Moirai,0.49993446469306946
Sample 22,Moirai,0.5187911987304688
Sample 22,Chronos,0.48120880126953125
Sample 23,Time-MoE,0.5032919645309448
Sample 23,TimesFM,0.49670806527137756
Sample 24,TimesFM,0.5243717432022095
Sample 24,Chronos,0.47562819719314575
Sample 25,Chronos,0.5022565722465515
Sample 25,Moirai,0.4977433979511261
Sample 26,Moirai,0.5264086127281189
Sample 26,Chronos,0.47359132766723633
Sample 27,Timer,0.510669469833374
Sample 27,Chronos,0.489330530166626
Sample 28,TimesFM,0.5116994380950928
Sample 28,Time-MoE,0.4883005917072296
Sample 29,Moirai,0.5358066558837891
Sample 29,Chronos,0.46419331431388855
Sample 30,Moirai,0.5392488837242126
Sample 30,Chronos,0.46075111627578735
Sample 31,TimesFM,0.5002812743186951
Sample 31,Chronos,0.4997187852859497
Sample 0,TimesFM,0.5102909803390503
Sample 0,Timer,0.4897090494632721
Sample 1,Moirai,0.5026800036430359
Sample 1,Chronos,0.4973200559616089
Sample 2,TimesFM,0.5018988847732544
Sample 2,Chronos,0.4981011748313904
Sample 3,Timer,0.5016676783561707
Sample 3,Moirai,0.49833235144615173
Sample 4,TimesFM,0.5046099424362183
Sample 4,Timer,0.49539005756378174
Sample 5,Moirai,0.5131386518478394
Sample 5,Chronos,0.48686131834983826
Sample 6,Timer,0.5023000240325928
Sample 6,Moirai,0.497700035572052
Sample 7,TimesFM,0.5089918375015259
Sample 7,Chronos,0.4910081923007965
Sample 8,TimesFM,0.5489347577095032
Sample 8,Chronos,0.4510652720928192
Sample 9,Chronos,0.5036284923553467
Sample 9,Moirai,0.4963715076446533
Sample 10,Moirai,0.5070441961288452
Sample 10,Chronos,0.4929557740688324
Sample 11,Timer,0.5049692988395691
Sample 11,Chronos,0.4950307011604309
Sample 12,Time-MoE,0.510576069355011
Sample 12,Moirai,0.4894239008426666
Sample 13,Timer,0.5151606798171997
Sample 13,TimesFM,0.4848393201828003
Sample 14,TimesFM,0.5271372199058533
Sample 14,Time-MoE,0.47286272048950195
Sample 15,Chronos,0.5089440941810608
Sample 15,Timer,0.4910559058189392
Sample 16,TimesFM,0.5087919235229492
Sample 16,Chronos,0.49120810627937317
Sample 17,Chronos,0.5084502100944519
Sample 17,Moirai,0.4915497601032257
Sample 18,TimesFM,0.5124755501747131
Sample 18,Timer,0.48752447962760925
Sample 19,Chronos,0.5045065879821777
Sample 19,Timer,0.49549341201782227
Sample 20,Moirai,0.5317531228065491
Sample 20,Chronos,0.4682468771934509
Sample 21,Chronos,0.5108171105384827
Sample 21,Moirai,0.4891829192638397
Sample 22,Moirai,0.508285403251648
Sample 22,Timer,0.49171456694602966
Sample 23,TimesFM,0.5065378546714783
Sample 23,Time-MoE,0.49346214532852173
Sample 24,Chronos,0.5464260578155518
Sample 24,Timer,0.45357391238212585
Sample 25,Moirai,0.5004391074180603
Sample 25,Chronos,0.4995608925819397
Sample 26,TimesFM,0.5186558961868286
Sample 26,Timer,0.4813440442085266
Sample 27,Moirai,0.5058950185775757
Sample 27,Chronos,0.49410495162010193
Sample 28,TimesFM,0.5406298637390137
Sample 28,Moirai,0.45937010645866394
Sample 29,Moirai,0.5166499614715576
Sample 29,Timer,0.48335006833076477
Sample 30,TimesFM,0.5222868323326111
Sample 30,Moirai,0.4777131676673889
Sample 31,Time-MoE,0.5018057227134705
Sample 31,TimesFM,0.49819430708885193
Sample 0,Chronos,0.5248571634292603
Sample 0,Timer,0.4751428961753845
Sample 1,Moirai,0.5196889042854309
Sample 1,Timer,0.48031115531921387
Sample 2,Moirai,0.5440744161605835
Sample 2,Time-MoE,0.4559256136417389
Sample 3,Chronos,0.5006189346313477
Sample 3,Timer,0.49938103556632996
Sample 4,TimesFM,0.546123743057251
Sample 4,Timer,0.4538762867450714
Sample 5,Chronos,0.5145254135131836
Sample 5,Moirai,0.4854745864868164
Sample 6,Timer,0.5235171914100647
Sample 6,Moirai,0.4764827787876129
Sample 7,Time-MoE,0.5030049085617065
Sample 7,TimesFM,0.49699512124061584
Sample 8,TimesFM,0.516319751739502
Sample 8,Chronos,0.48368024826049805
Sample 9,Chronos,0.5036424398422241
Sample 9,Moirai,0.49635758996009827
Sample 10,Moirai,0.5067237019538879
Sample 10,TimesFM,0.4932762682437897
Sample 11,Timer,0.5084969997406006
Sample 11,Chronos,0.491502970457077
Sample 12,Timer,0.5364638566970825
Sample 12,Time-MoE,0.4635361135005951
Sample 13,Moirai,0.5023167133331299
Sample 13,Chronos,0.4976832866668701
Sample 14,Moirai,0.5369762778282166
Sample 14,Timer,0.46302372217178345
Sample 15,TimesFM,0.50584876537323
Sample 15,Time-MoE,0.49415123462677
Sample 0,Chronos,0.5005054473876953
Sample 0,TimesFM,0.4994945824146271
Sample 1,Moirai,0.5020464062690735
Sample 1,Chronos,0.4979536235332489
Sample 2,TimesFM,0.5115793943405151
Sample 2,Timer,0.48842063546180725
Sample 3,Timer,0.5115959644317627
Sample 3,Chronos,0.4884040951728821
Sample 4,Timer,0.5293103456497192
Sample 4,Moirai,0.470689594745636
Sample 5,Moirai,0.5068587064743042
Sample 5,Chronos,0.4931413233280182
Sample 6,Moirai,0.5090876817703247
Sample 6,Timer,0.4909123182296753
Sample 7,TimesFM,0.5085731744766235
Sample 7,Time-MoE,0.49142682552337646
Sample 8,Chronos,0.5206358432769775
Sample 8,TimesFM,0.4793641269207001
Sample 9,Moirai,0.5040578246116638
Sample 9,Chronos,0.4959421455860138
Sample 10,Moirai,0.5448819398880005
Sample 10,Time-MoE,0.4551180601119995
Sample 11,Chronos,0.5058595538139343
Sample 11,Moirai,0.49414050579071045
Sample 12,TimesFM,0.5141556859016418
Sample 12,Timer,0.48584431409835815
Sample 13,Chronos,0.5021151304244995
Sample 13,Moirai,0.4978848099708557
Sample 14,Moirai,0.5296156406402588
Sample 14,TimesFM,0.4703843593597412
Sample 15,TimesFM,0.5077494382858276
Sample 15,Timer,0.49225053191185
Sample 16,TimesFM,0.5526638627052307
Sample 16,Chronos,0.4473361372947693
Sample 17,Chronos,0.506889820098877
Sample 17,Moirai,0.49311020970344543
Sample 18,TimesFM,0.5247290730476379
Sample 18,Timer,0.4752708673477173
Sample 19,Timer,0.5003386735916138
Sample 19,Chronos,0.49966132640838623
Sample 20,TimesFM,0.5240626335144043
Sample 20,Moirai,0.4759373068809509
Sample 21,Chronos,0.5128263831138611
Sample 21,Timer,0.4871736466884613
Sample 22,Timer,0.5036947131156921
Sample 22,TimesFM,0.49630528688430786
Sample 23,TimesFM,0.5038326382637024
Sample 23,Timer,0.49616739153862
Sample 24,TimesFM,0.5589842200279236
Sample 24,Time-MoE,0.4410158097743988
Sample 25,Moirai,0.5023425221443176
Sample 25,Chronos,0.4976574778556824
Sample 26,Chronos,0.5181950926780701
Sample 26,Timer,0.48180490732192993
Sample 27,Chronos,0.5236949920654297
Sample 27,Timer,0.4763050079345703
Sample 28,TimesFM,0.5112453103065491
Sample 28,Timer,0.4887547194957733
Sample 29,Moirai,0.5029194355010986
Sample 29,Chronos,0.4970805048942566
Sample 30,Moirai,0.5224968194961548
Sample 30,TimesFM,0.4775031507015228
Sample 31,TimesFM,0.5031799674034119
Sample 31,Time-MoE,0.49682003259658813
Sample 0,Chronos,0.5120536684989929
Sample 0,Timer,0.4879463315010071
Sample 1,Chronos,0.5026583671569824
Sample 1,Moirai,0.49734166264533997
Sample 2,TimesFM,0.5374830961227417
Sample 2,Timer,0.4625169634819031
Sample 3,Timer,0.5053163766860962
Sample 3,Chronos,0.4946835935115814
Sample 4,TimesFM,0.5014004707336426
Sample 4,Time-MoE,0.4985995292663574
Sample 5,Chronos,0.5006837844848633
Sample 5,Moirai,0.4993162155151367
Sample 6,Timer,0.5137264728546143
Sample 6,Moirai,0.48627349734306335
Sample 7,TimesFM,0.5062068104743958
Sample 7,Time-MoE,0.49379315972328186
Sample 8,TimesFM,0.5436902642250061
Sample 8,Chronos,0.4563097655773163
Sample 9,Chronos,0.5017011165618896
Sample 9,Moirai,0.49829885363578796
Sample 10,Moirai,0.5353556871414185
Sample 10,Timer,0.46464428305625916
Sample 11,Chronos,0.5108899474143982
Sample 11,Timer,0.4891100525856018
Sample 12,TimesFM,0.5133929252624512
Sample 12,Timer,0.4866071343421936
Sample 13,Chronos,0.5196953415870667
Sample 13,Moirai,0.48030465841293335
Sample 14,Moirai,0.5118116736412048
Sample 14,Timer,0.48818832635879517
Sample 15,Chronos,0.5065931081771851
Sample 15,Time-MoE,0.49340692162513733
Sample 16,TimesFM,0.5472378134727478
Sample 16,Chronos,0.4527622163295746
Sample 17,Chronos,0.5069401860237122
Sample 17,Moirai,0.49305984377861023
Sample 18,TimesFM,0.50972580909729
Sample 18,Moirai,0.4902741312980652
Sample 19,Chronos,0.5036006569862366
Sample 19,Timer,0.49639931321144104
Sample 20,Moirai,0.5127578973770142
Sample 20,Chronos,0.4872421622276306
Sample 21,Chronos,0.5116024613380432
Sample 21,Moirai,0.4883975386619568
Sample 22,Moirai,0.5039315819740295
Sample 22,TimesFM,0.49606844782829285
Sample 23,TimesFM,0.5136186480522156
Sample 23,Timer,0.4863813817501068
Sample 24,Chronos,0.5220605134963989
Sample 24,Timer,0.47793954610824585
Sample 25,Moirai,0.5076168179512024
Sample 25,Chronos,0.49238312244415283
Sample 26,Moirai,0.5262582302093506
Sample 26,Chronos,0.4737417697906494
Sample 27,Timer,0.5094060301780701
Sample 27,Chronos,0.49059394001960754
Sample 28,Timer,0.5013851523399353
Sample 28,TimesFM,0.4986148774623871
Sample 29,Chronos,0.5218807458877563
Sample 29,Moirai,0.47811928391456604
Sample 30,Moirai,0.525198221206665
Sample 30,Timer,0.47480177879333496
Sample 31,TimesFM,0.5056864023208618
Sample 31,Time-MoE,0.4943135678768158
Sample 0,TimesFM,0.5380809903144836
Sample 0,Chronos,0.46191903948783875
Sample 1,Chronos,0.5100356936454773
Sample 1,Moirai,0.4899642765522003
Sample 2,Moirai,0.5421052575111389
Sample 2,TimesFM,0.4578947424888611
Sample 3,Chronos,0.5018905401229858
Sample 3,Moirai,0.49810945987701416
Sample 4,TimesFM,0.5081284642219543
Sample 4,Chronos,0.49187156558036804
Sample 5,Moirai,0.5250876545906067
Sample 5,TimesFM,0.4749123156070709
Sample 6,Timer,0.5296888947486877
Sample 6,Time-MoE,0.47031110525131226
Sample 7,Chronos,0.5044260621070862
Sample 7,TimesFM,0.4955739676952362
Sample 8,TimesFM,0.5665741562843323
Sample 8,Time-MoE,0.4334258437156677
Sample 9,Moirai,0.5021165609359741
Sample 9,Chronos,0.49788346886634827
Sample 10,Chronos,0.5082944631576538
Sample 10,Moirai,0.4917055666446686
Sample 11,Timer,0.534189760684967
Sample 11,TimesFM,0.46581023931503296
Sample 12,TimesFM,0.5257338881492615
Sample 12,Timer,0.4742661416530609
Sample 13,Chronos,0.5038867592811584
Sample 13,Moirai,0.49611327052116394
Sample 14,Moirai,0.5206805467605591
Sample 14,Chronos,0.4793194532394409
Sample 15,TimesFM,0.5044011473655701
Sample 15,Time-MoE,0.49559885263442993
Sample 16,Chronos,0.5344675183296204
Sample 16,Timer,0.46553242206573486
Sample 17,Moirai,0.5085451602935791
Sample 17,Timer,0.4914548695087433
Sample 18,TimesFM,0.5003169775009155
Sample 18,Moirai,0.4996829628944397
Sample 19,Chronos,0.5419253706932068
Sample 19,Moirai,0.4580746293067932
Sample 20,TimesFM,0.5036075115203857
Sample 20,Timer,0.49639251828193665
Sample 21,Chronos,0.5269235968589783
Sample 21,Timer,0.4730764329433441
Sample 22,Moirai,0.5004542469978333
Sample 22,Timer,0.49954578280448914
Sample 23,Time-MoE,0.5019482374191284
Sample 23,TimesFM,0.49805179238319397
Sample 24,TimesFM,0.5464876890182495
Sample 24,Time-MoE,0.4535123407840729
Sample 25,Moirai,0.5018297433853149
Sample 25,Chronos,0.49817028641700745
Sample 26,Moirai,0.5254818797111511
Sample 26,TimesFM,0.4745180606842041
Sample 27,Timer,0.5066391229629517
Sample 27,TimesFM,0.49336087703704834
Sample 28,TimesFM,0.5257464647293091
Sample 28,Timer,0.4742535352706909
Sample 29,Chronos,0.5245116949081421
Sample 29,Timer,0.4754883050918579
Sample 30,Moirai,0.524134635925293
Sample 30,Timer,0.47586536407470703
Sample 31,TimesFM,0.5138986110687256
Sample 31,Time-MoE,0.486101359128952
Sample 0,TimesFM,0.5154457688331604
Sample 0,Chronos,0.484554260969162
Sample 1,Chronos,0.5184726119041443
Sample 1,Moirai,0.4815273582935333
Sample 2,Chronos,0.5139865279197693
Sample 2,Moirai,0.4860134720802307
Sample 3,Chronos,0.5111391544342041
Sample 3,Timer,0.4888609051704407
Sample 4,Chronos,0.5296685099601746
Sample 4,Moirai,0.47033149003982544
Sample 5,Chronos,0.5264584422111511
Sample 5,Timer,0.4735414981842041
Sample 6,Moirai,0.5136650204658508
Sample 6,TimesFM,0.48633497953414917
Sample 7,Chronos,0.5114728808403015
Sample 7,Time-MoE,0.4885271191596985
Sample 8,TimesFM,0.5148845314979553
Sample 8,Chronos,0.4851154386997223
Sample 9,Moirai,0.500710666179657
Sample 9,Chronos,0.49928930401802063
Sample 10,TimesFM,0.5345355868339539
Sample 10,Timer,0.46546438336372375
Sample 11,Timer,0.5067736506462097
Sample 11,Moirai,0.4932263195514679
Sample 12,TimesFM,0.5060678124427795
Sample 12,Timer,0.49393218755722046
Sample 13,Moirai,0.5177373290061951
Sample 13,Chronos,0.4822627007961273
Sample 14,Moirai,0.5330917835235596
Sample 14,TimesFM,0.46690818667411804
Sample 15,TimesFM,0.5225595831871033
Sample 15,Timer,0.47744041681289673
Sample 16,TimesFM,0.5081124305725098
Sample 16,Chronos,0.49188753962516785
Sample 17,Timer,0.5202988982200623
Sample 17,Moirai,0.47970110177993774
Sample 18,Chronos,0.5033633708953857
Sample 18,Timer,0.49663665890693665
Sample 19,Timer,0.5194340944290161
Sample 19,TimesFM,0.4805659353733063
Sample 20,TimesFM,0.5044277906417847
Sample 20,Timer,0.4955722391605377
Sample 21,Moirai,0.5278372168540955
Sample 21,TimesFM,0.47216272354125977
Sample 22,Moirai,0.5024719834327698
Sample 22,Chronos,0.49752798676490784
Sample 23,Time-MoE,0.5018232464790344
Sample 23,Chronos,0.4981767237186432
Sample 24,TimesFM,0.5438576936721802
Sample 24,Chronos,0.45614227652549744
Sample 25,Moirai,0.5095176696777344
Sample 25,Chronos,0.49048230051994324
Sample 26,TimesFM,0.5349175930023193
Sample 26,Timer,0.4650823771953583
Sample 27,Moirai,0.5028550028800964
Sample 27,Chronos,0.49714499711990356
Sample 28,TimesFM,0.5056877136230469
Sample 28,Timer,0.4943122863769531
Sample 29,Moirai,0.5102001428604126
Sample 29,Timer,0.4897998571395874
Sample 30,Moirai,0.5106943845748901
Sample 30,Timer,0.4893055558204651
Sample 31,TimesFM,0.5100822448730469
Sample 31,Timer,0.48991769552230835
Sample 0,Chronos,0.5324853658676147
Sample 0,Timer,0.46751463413238525
Sample 1,Chronos,0.5001599192619324
Sample 1,Moirai,0.49984005093574524
Sample 2,Timer,0.5150328874588013
Sample 2,Moirai,0.48496711254119873
Sample 3,Timer,0.5041131973266602
Sample 3,Chronos,0.49588683247566223
Sample 4,Timer,0.5291019082069397
Sample 4,Chronos,0.4708980619907379
Sample 5,Moirai,0.5169763565063477
Sample 5,Chronos,0.4830237030982971
Sample 6,Moirai,0.5094400644302368
Sample 6,Chronos,0.4905599057674408
Sample 7,Chronos,0.508458137512207
Sample 7,TimesFM,0.49154192209243774
Sample 8,TimesFM,0.5210047364234924
Sample 8,Chronos,0.4789952337741852
Sample 9,Chronos,0.5080757141113281
Sample 9,Moirai,0.49192434549331665
Sample 10,Moirai,0.5160499811172485
Sample 10,Time-MoE,0.4839499890804291
Sample 11,Chronos,0.5090631246566772
Sample 11,Timer,0.49093684554100037
Sample 12,Timer,0.5232802033424377
Sample 12,TimesFM,0.47671976685523987
Sample 13,Chronos,0.5290504693984985
Sample 13,Timer,0.47094959020614624
Sample 14,TimesFM,0.5041577816009521
Sample 14,Moirai,0.49584218859672546
Sample 15,Moirai,0.5135183930397034
Sample 15,Time-MoE,0.486481636762619
Sample 16,Chronos,0.5322906970977783
Sample 16,Timer,0.4677093029022217
Sample 17,Moirai,0.5230284929275513
Sample 17,Timer,0.47697147727012634
Sample 18,Chronos,0.5101484060287476
Sample 18,Moirai,0.48985162377357483
Sample 19,Timer,0.5062302947044373
Sample 19,Moirai,0.49376964569091797
Sample 20,TimesFM,0.5245888829231262
Sample 20,Timer,0.4754111170768738
Sample 21,Chronos,0.5024771094322205
Sample 21,Moirai,0.49752289056777954
Sample 22,Moirai,0.5187016129493713
Sample 22,Chronos,0.48129841685295105
Sample 23,Time-MoE,0.500347912311554
Sample 23,TimesFM,0.49965205788612366
Sample 24,TimesFM,0.5190617442131042
Sample 24,Chronos,0.48093822598457336
Sample 25,Chronos,0.5055369734764099
Sample 25,Moirai,0.4944630265235901
Sample 26,Moirai,0.5272223353385925
Sample 26,Chronos,0.47277766466140747
Sample 27,Timer,0.5095568299293518
Sample 27,Chronos,0.4904431700706482
Sample 28,TimesFM,0.5145237445831299
Sample 28,Time-MoE,0.4854762554168701
Sample 29,Moirai,0.5376789569854736
Sample 29,Chronos,0.462321013212204
Sample 30,Moirai,0.5403105020523071
Sample 30,Chronos,0.45968949794769287
Sample 31,Chronos,0.5071200728416443
Sample 31,TimesFM,0.4928799271583557
Sample 0,TimesFM,0.5082407593727112
Sample 0,Chronos,0.4917592406272888
Sample 1,Chronos,0.5005103945732117
Sample 1,Moirai,0.4994896352291107
Sample 2,TimesFM,0.5020474195480347
Sample 2,Chronos,0.4979526102542877
Sample 3,Chronos,0.5005900263786316
Sample 3,Moirai,0.4994100034236908
Sample 4,Timer,0.5007829666137695
Sample 4,TimesFM,0.49921703338623047
Sample 5,Moirai,0.5113198161125183
Sample 5,Chronos,0.4886801838874817
Sample 6,Moirai,0.5005000829696655
Sample 6,Timer,0.4994998872280121
Sample 7,TimesFM,0.5052822232246399
Sample 7,Chronos,0.4947177469730377
Sample 8,TimesFM,0.5503994226455688
Sample 8,Chronos,0.44960054755210876
Sample 9,Chronos,0.5078089237213135
Sample 9,Moirai,0.4921910762786865
Sample 10,Moirai,0.5060604214668274
Sample 10,Chronos,0.4939395785331726
Sample 11,Timer,0.500684916973114
Sample 11,Chronos,0.499315083026886
Sample 12,Time-MoE,0.5130941271781921
Sample 12,Moirai,0.48690587282180786
Sample 13,Timer,0.5214247107505798
Sample 13,TimesFM,0.4785752296447754
Sample 14,TimesFM,0.5287820100784302
Sample 14,Time-MoE,0.4712179899215698
Sample 15,Chronos,0.5127352476119995
Sample 15,Time-MoE,0.4872647821903229
Sample 16,TimesFM,0.5039710402488708
Sample 16,Chronos,0.49602892994880676
Sample 17,Chronos,0.5133970379829407
Sample 17,Moirai,0.4866029918193817
Sample 18,TimesFM,0.5143026113510132
Sample 18,Timer,0.48569735884666443
Sample 19,Chronos,0.5102866291999817
Sample 19,Timer,0.4897134006023407
Sample 20,Moirai,0.5330517888069153
Sample 20,Chronos,0.46694818139076233
Sample 21,Chronos,0.516209065914154
Sample 21,Moirai,0.48379090428352356
Sample 22,Moirai,0.5044478178024292
Sample 22,TimesFM,0.4955521523952484
Sample 23,TimesFM,0.5036650896072388
Sample 23,Timer,0.49633485078811646
Sample 24,Chronos,0.561793863773346
Sample 24,Time-MoE,0.43820619583129883
Sample 25,Chronos,0.5030592679977417
Sample 25,Moirai,0.4969407320022583
Sample 26,TimesFM,0.5205088257789612
Sample 26,Time-MoE,0.47949114441871643
Sample 27,Moirai,0.5034239888191223
Sample 27,Chronos,0.4965760409832001
Sample 28,TimesFM,0.5415297150611877
Sample 28,Moirai,0.45847034454345703
Sample 29,Moirai,0.5175300240516663
Sample 29,Chronos,0.48247000575065613
Sample 30,TimesFM,0.5222474932670593
Sample 30,Moirai,0.4777525067329407
Sample 31,TimesFM,0.5022974014282227
Sample 31,Timer,0.49770259857177734
Sample 0,Chronos,0.5378282070159912
Sample 0,Moirai,0.4621717929840088
Sample 1,Moirai,0.5193431377410889
Sample 1,Chronos,0.48065686225891113
Sample 2,Moirai,0.5481364727020264
Sample 2,Time-MoE,0.45186352729797363
Sample 3,Chronos,0.5020613074302673
Sample 3,Timer,0.4979386627674103
Sample 4,TimesFM,0.5412622094154358
Sample 4,Timer,0.4587377905845642
Sample 5,Chronos,0.5194976925849915
Sample 5,Moirai,0.48050230741500854
Sample 6,Timer,0.5194990038871765
Sample 6,TimesFM,0.4805010259151459
Sample 7,Time-MoE,0.5006932020187378
Sample 7,Chronos,0.4993067979812622
Sample 8,TimesFM,0.5175077319145203
Sample 8,Chronos,0.48249226808547974
Sample 9,Chronos,0.5074334740638733
Sample 9,Moirai,0.4925665259361267
Sample 10,Moirai,0.510006308555603
Sample 10,TimesFM,0.4899936616420746
Sample 11,Timer,0.5076351761817932
Sample 11,Chronos,0.4923648238182068
Sample 12,Timer,0.5388403534889221
Sample 12,Time-MoE,0.4611596465110779
Sample 13,Chronos,0.5006024837493896
Sample 13,Moirai,0.49939748644828796
Sample 14,Moirai,0.5387268662452698
Sample 14,Time-MoE,0.4612731337547302
Sample 15,TimesFM,0.50819993019104
Sample 15,Timer,0.4918000400066376
Sample 0,Chronos,0.5004144906997681
Sample 0,TimesFM,0.4995855391025543
Sample 1,Chronos,0.5002818703651428
Sample 1,Moirai,0.49971818923950195
Sample 2,TimesFM,0.5064495205879211
Sample 2,Timer,0.49355047941207886
Sample 3,Timer,0.5113340020179749
Sample 3,Chronos,0.48866602778434753
Sample 4,Timer,0.5334381461143494
Sample 4,Time-MoE,0.46656182408332825
Sample 5,Moirai,0.5049057602882385
Sample 5,Chronos,0.49509426951408386
Sample 6,Moirai,0.511132538318634
Sample 6,Timer,0.4888674318790436
Sample 7,TimesFM,0.5113331079483032
Sample 7,Timer,0.4886668622493744
Sample 8,Chronos,0.521099865436554
Sample 8,TimesFM,0.47890013456344604
Sample 9,Moirai,0.5017825961112976
Sample 9,Chronos,0.49821737408638
Sample 10,Moirai,0.5506882667541504
Sample 10,Time-MoE,0.449311763048172
Sample 11,Chronos,0.5086913704872131
Sample 11,Moirai,0.4913085699081421
Sample 12,TimesFM,0.5127642154693604
Sample 12,Timer,0.48723575472831726
Sample 13,Chronos,0.5052376389503479
Sample 13,Moirai,0.4947623312473297
Sample 14,Moirai,0.5270628333091736
Sample 14,TimesFM,0.4729371666908264
Sample 15,TimesFM,0.5045910477638245
Sample 15,Timer,0.49540895223617554
Sample 16,TimesFM,0.554946780204773
Sample 16,Chronos,0.44505321979522705
Sample 17,Chronos,0.5108187198638916
Sample 17,Moirai,0.4891812801361084
Sample 18,TimesFM,0.52687668800354
Sample 18,Timer,0.47312331199645996
Sample 19,Chronos,0.502006471157074
Sample 19,Timer,0.4979935586452484
Sample 20,TimesFM,0.5249727368354797
Sample 20,Moirai,0.4750272035598755
Sample 21,Chronos,0.5183587074279785
Sample 21,Timer,0.4816412925720215
Sample 22,Timer,0.5020473003387451
Sample 22,TimesFM,0.4979526996612549
Sample 23,TimesFM,0.5027864575386047
Sample 23,Timer,0.49721354246139526
Sample 24,TimesFM,0.5636512637138367
Sample 24,Chronos,0.43634873628616333
Sample 25,Chronos,0.5002644062042236
Sample 25,Moirai,0.499735563993454
Sample 26,Chronos,0.5256160497665405
Sample 26,Timer,0.47438398003578186
Sample 27,Chronos,0.5262532234191895
Sample 27,Time-MoE,0.47374680638313293
Sample 28,TimesFM,0.502372682094574
Sample 28,Timer,0.4976273477077484
Sample 29,Moirai,0.5000490546226501
Sample 29,Chronos,0.49995091557502747
Sample 30,Moirai,0.5186094045639038
Sample 30,TimesFM,0.4813906252384186
Sample 31,TimesFM,0.5052837133407593
Sample 31,Time-MoE,0.49471625685691833
Sample 0,Chronos,0.5194993615150452
Sample 0,Timer,0.48050060868263245
Sample 1,Chronos,0.5058239698410034
Sample 1,Moirai,0.49417605996131897
Sample 2,TimesFM,0.5429168343544006
Sample 2,Timer,0.45708316564559937
Sample 3,Timer,0.5054272413253784
Sample 3,Chronos,0.49457281827926636
Sample 4,Time-MoE,0.500097393989563
Sample 4,TimesFM,0.4999025762081146
Sample 5,Chronos,0.5036771893501282
Sample 5,Moirai,0.4963228106498718
Sample 6,Timer,0.5138051509857178
Sample 6,Time-MoE,0.4861948490142822
Sample 7,TimesFM,0.5069929361343384
Sample 7,Chronos,0.49300703406333923
Sample 8,TimesFM,0.5518670082092285
Sample 8,Chronos,0.4481329917907715
Sample 9,Chronos,0.5045273303985596
Sample 9,Moirai,0.49547266960144043
Sample 10,Moirai,0.5345054864883423
Sample 10,Time-MoE,0.4654945135116577
Sample 11,Chronos,0.5141063928604126
Sample 11,Timer,0.485893577337265
Sample 12,TimesFM,0.5166797041893005
Sample 12,Timer,0.4833202660083771
Sample 13,Chronos,0.524223804473877
Sample 13,Moirai,0.47577622532844543
Sample 14,Moirai,0.5118255019187927
Sample 14,Time-MoE,0.4881744980812073
Sample 15,Chronos,0.510146975517273
Sample 15,TimesFM,0.48985305428504944
Sample 16,TimesFM,0.5518966913223267
Sample 16,Chronos,0.4481033384799957
Sample 17,Chronos,0.5105545520782471
Sample 17,Moirai,0.48944544792175293
Sample 18,TimesFM,0.5072514414787292
Sample 18,Moirai,0.49274852871894836
Sample 19,Chronos,0.504950761795044
Sample 19,Timer,0.4950491786003113
Sample 20,Moirai,0.5127748847007751
Sample 20,Chronos,0.48722511529922485
Sample 21,Chronos,0.5155940651893616
Sample 21,Moirai,0.48440590500831604
Sample 22,Moirai,0.5006781816482544
Sample 22,TimesFM,0.4993218183517456
Sample 23,TimesFM,0.5071030259132385
Sample 23,Timer,0.4928969740867615
Sample 24,Chronos,0.5269871354103088
Sample 24,Moirai,0.4730128347873688
Sample 25,Moirai,0.505135178565979
Sample 25,Timer,0.4948647916316986
Sample 26,Moirai,0.526591956615448
Sample 26,Chronos,0.4734079837799072
Sample 27,Timer,0.5105775594711304
Sample 27,Chronos,0.48942241072654724
Sample 28,Timer,0.507346510887146
Sample 28,TimesFM,0.4926534593105316
Sample 29,Chronos,0.5266246199607849
Sample 29,Moirai,0.4733754098415375
Sample 30,Moirai,0.5228045582771301
Sample 30,TimesFM,0.47719547152519226
Sample 31,TimesFM,0.5086602568626404
Sample 31,Timer,0.491339772939682
Sample 0,TimesFM,0.5387226939201355
Sample 0,Chronos,0.4612773656845093
Sample 1,Chronos,0.5130975246429443
Sample 1,Moirai,0.48690250515937805
Sample 2,Moirai,0.5453943014144897
Sample 2,TimesFM,0.45460566878318787
Sample 3,Chronos,0.5043549537658691
Sample 3,Moirai,0.49564501643180847
Sample 4,TimesFM,0.507867693901062
Sample 4,Chronos,0.492132306098938
Sample 5,Moirai,0.5228267908096313
Sample 5,TimesFM,0.47717323899269104
Sample 6,Timer,0.524374783039093
Sample 6,Time-MoE,0.47562524676322937
Sample 7,Chronos,0.5075976848602295
Sample 7,TimesFM,0.4924022853374481
Sample 8,TimesFM,0.5792716145515442
Sample 8,Time-MoE,0.4207284152507782
Sample 9,Chronos,0.5000890493392944
Sample 9,Moirai,0.49991095066070557
Sample 10,Chronos,0.5112229585647583
Sample 10,Moirai,0.4887770414352417
Sample 11,Timer,0.537038266658783
Sample 11,TimesFM,0.46296173334121704
Sample 12,TimesFM,0.5210058093070984
Sample 12,Timer,0.4789941608905792
Sample 13,Chronos,0.5067200064659119
Sample 13,Moirai,0.49327999353408813
Sample 14,Moirai,0.5178995728492737
Sample 14,Time-MoE,0.4821004569530487
Sample 15,TimesFM,0.5068508982658386
Sample 15,Chronos,0.4931491017341614
Sample 16,Chronos,0.541057288646698
Sample 16,Moirai,0.458942711353302
Sample 17,Moirai,0.5050477981567383
Sample 17,Timer,0.4949522018432617
Sample 18,Timer,0.5009921193122864
Sample 18,Moirai,0.49900785088539124
Sample 19,Chronos,0.5449206829071045
Sample 19,Time-MoE,0.4550793468952179
Sample 20,Timer,0.5021644830703735
Sample 20,TimesFM,0.49783557653427124
Sample 21,Chronos,0.5302234888076782
Sample 21,Timer,0.4697765111923218
Sample 22,Moirai,0.5000938773155212
Sample 22,Timer,0.49990609288215637
Sample 23,Time-MoE,0.5057218670845032
Sample 23,Timer,0.49427810311317444
Sample 24,TimesFM,0.5570168495178223
Sample 24,Time-MoE,0.44298315048217773
Sample 25,Moirai,0.5002278089523315
Sample 25,Chronos,0.49977222084999084
Sample 26,Moirai,0.5262020826339722
Sample 26,TimesFM,0.4737979769706726
Sample 27,Timer,0.5060428380966187
Sample 27,TimesFM,0.49395719170570374
Sample 28,TimesFM,0.520880401134491
Sample 28,Timer,0.4791196286678314
Sample 29,Chronos,0.5267652869224548
Sample 29,Timer,0.47323471307754517
Sample 30,Moirai,0.5223421454429626
Sample 30,Timer,0.47765788435935974
Sample 31,TimesFM,0.5102328658103943
Sample 31,Timer,0.4897671639919281
Sample 0,TimesFM,0.5160368084907532
Sample 0,Chronos,0.4839631915092468
Sample 1,Chronos,0.5212904810905457
Sample 1,Moirai,0.47870951890945435
Sample 2,Chronos,0.5079703330993652
Sample 2,Moirai,0.49202969670295715
Sample 3,Chronos,0.511169970035553
Sample 3,Timer,0.4888300597667694
Sample 4,Chronos,0.5345770716667175
Sample 4,Time-MoE,0.4654228985309601
Sample 5,Chronos,0.5308540463447571
Sample 5,Timer,0.46914592385292053
Sample 6,Moirai,0.5152648091316223
Sample 6,TimesFM,0.4847352206707001
Sample 7,Chronos,0.5163097977638245
Sample 7,Time-MoE,0.48369020223617554
Sample 8,TimesFM,0.5198006629943848
Sample 8,Chronos,0.48019933700561523
Sample 9,Chronos,0.5005499720573425
Sample 9,Moirai,0.49945002794265747
Sample 10,TimesFM,0.5376814007759094
Sample 10,Timer,0.46231865882873535
Sample 11,Timer,0.5093039274215698
Sample 11,Chronos,0.4906960725784302
Sample 12,TimesFM,0.5043910145759583
Sample 12,Timer,0.495608925819397
Sample 13,Moirai,0.5181888341903687
Sample 13,Chronos,0.48181116580963135
Sample 14,Moirai,0.5298521518707275
Sample 14,TimesFM,0.47014784812927246
Sample 15,TimesFM,0.5227652192115784
Sample 15,Timer,0.47723478078842163
Sample 16,TimesFM,0.5117839574813843
Sample 16,Chronos,0.4882160723209381
Sample 17,Timer,0.5275802612304688
Sample 17,Moirai,0.472419798374176
Sample 18,Chronos,0.5052204728126526
Sample 18,TimesFM,0.494779497385025
Sample 19,Timer,0.5192539095878601
Sample 19,TimesFM,0.4807460904121399
Sample 20,TimesFM,0.5003533959388733
Sample 20,Timer,0.4996465742588043
Sample 21,Moirai,0.5233859419822693
Sample 21,TimesFM,0.4766140282154083
Sample 22,Moirai,0.5029913783073425
Sample 22,Chronos,0.49700862169265747
Sample 23,Chronos,0.5051125884056091
Sample 23,TimesFM,0.49488741159439087
Sample 24,TimesFM,0.5467761158943176
Sample 24,Chronos,0.4532238841056824
Sample 25,Moirai,0.5084123015403748
Sample 25,Chronos,0.49158766865730286
Sample 26,TimesFM,0.535348117351532
Sample 26,Timer,0.4646519422531128
Sample 27,Timer,0.5004534125328064
Sample 27,Moirai,0.4995465576648712
Sample 28,TimesFM,0.5048856139183044
Sample 28,Timer,0.49511441588401794
Sample 29,Moirai,0.5072037577629089
Sample 29,Timer,0.49279624223709106
Sample 30,Moirai,0.5081580281257629
Sample 30,Timer,0.4918419122695923
Sample 31,TimesFM,0.5094262361526489
Sample 31,Timer,0.4905737042427063
Sample 0,Chronos,0.5387377142906189
Sample 0,TimesFM,0.4612622857093811
Sample 1,Chronos,0.5021517276763916
Sample 1,Moirai,0.4978482723236084
Sample 2,Timer,0.5134928226470947
Sample 2,Time-MoE,0.4865071773529053
Sample 3,Timer,0.5078761577606201
Sample 3,Chronos,0.49212387204170227
Sample 4,Timer,0.5365275740623474
Sample 4,Time-MoE,0.4634723663330078
Sample 5,Moirai,0.5163623094558716
Sample 5,Chronos,0.4836377203464508
Sample 6,Moirai,0.507234513759613
Sample 6,Chronos,0.49276548624038696
Sample 7,Chronos,0.5114492177963257
Sample 7,TimesFM,0.48855075240135193
Sample 8,TimesFM,0.5291714072227478
Sample 8,Chronos,0.470828652381897
Sample 9,Chronos,0.5106194615364075
Sample 9,Moirai,0.48938047885894775
Sample 10,Moirai,0.5190078020095825
Sample 10,Time-MoE,0.4809921681880951
Sample 11,Chronos,0.5095403790473938
Sample 11,Timer,0.4904595911502838
Sample 12,Timer,0.5251089334487915
Sample 12,TimesFM,0.4748910665512085
Sample 13,Chronos,0.5308945178985596
Sample 13,Timer,0.4691055119037628
Sample 14,TimesFM,0.5077235698699951
Sample 14,Moirai,0.49227645993232727
Sample 15,Moirai,0.5155885219573975
Sample 15,Time-MoE,0.48441144824028015
Sample 16,Chronos,0.5372600555419922
Sample 16,Timer,0.4627399444580078
Sample 17,Moirai,0.5184949636459351
Sample 17,Timer,0.48150497674942017
Sample 18,Chronos,0.5115525722503662
Sample 18,Moirai,0.4884474575519562
Sample 19,Timer,0.5116348266601562
Sample 19,Moirai,0.48836514353752136
Sample 20,TimesFM,0.5223995447158813
Sample 20,Timer,0.4776005148887634
Sample 21,Chronos,0.5044297575950623
Sample 21,Moirai,0.49557027220726013
Sample 22,Moirai,0.5175882577896118
Sample 22,Time-MoE,0.4824117124080658
Sample 23,TimesFM,0.5006799697875977
Sample 23,Time-MoE,0.49931997060775757
Sample 24,TimesFM,0.522903561592102
Sample 24,Chronos,0.47709640860557556
Sample 25,Chronos,0.504445493221283
Sample 25,Timer,0.49555450677871704
Sample 26,Moirai,0.5286622047424316
Sample 26,Chronos,0.47133782505989075
Sample 27,Timer,0.5137491822242737
Sample 27,Chronos,0.4862508177757263
Sample 28,TimesFM,0.5187790393829346
Sample 28,Time-MoE,0.48122096061706543
Sample 29,Moirai,0.5392522215843201
Sample 29,Chronos,0.46074771881103516
Sample 30,Moirai,0.5369998216629028
Sample 30,Time-MoE,0.46300023794174194
Sample 31,Chronos,0.5097971558570862
Sample 31,TimesFM,0.4902028441429138
Sample 0,TimesFM,0.5104921460151672
Sample 0,Chronos,0.4895078241825104
Sample 1,Chronos,0.5030402541160583
Sample 1,Moirai,0.4969596862792969
Sample 2,TimesFM,0.5026006698608398
Sample 2,Chronos,0.49739930033683777
Sample 3,Timer,0.5019783973693848
Sample 3,Chronos,0.49802160263061523
Sample 4,Timer,0.5012699365615845
Sample 4,TimesFM,0.4987300932407379
Sample 5,Moirai,0.5097655653953552
Sample 5,Chronos,0.49023446440696716
Sample 6,Timer,0.5041096806526184
Sample 6,Moirai,0.495890349149704
Sample 7,TimesFM,0.5032827258110046
Sample 7,Chronos,0.49671727418899536
Sample 8,TimesFM,0.557654082775116
Sample 8,Chronos,0.44234591722488403
Sample 9,Chronos,0.5107402801513672
Sample 9,Moirai,0.48925966024398804
Sample 10,Moirai,0.5050114393234253
Sample 10,TimesFM,0.4949885308742523
Sample 11,Timer,0.503930926322937
Sample 11,Chronos,0.4960690438747406
Sample 12,Time-MoE,0.5174831748008728
Sample 12,Moirai,0.4825168550014496
Sample 13,Timer,0.5244247913360596
Sample 13,Time-MoE,0.47557517886161804
Sample 14,TimesFM,0.5266712307929993
Sample 14,Time-MoE,0.47332876920700073
Sample 15,Chronos,0.5169505476951599
Sample 15,TimesFM,0.4830494225025177
Sample 16,TimesFM,0.5049747228622437
Sample 16,Chronos,0.49502527713775635
Sample 17,Chronos,0.5166878700256348
Sample 17,Moirai,0.48331212997436523
Sample 18,TimesFM,0.5181505680084229
Sample 18,Timer,0.48184940218925476
Sample 19,Chronos,0.5079684853553772
Sample 19,Timer,0.4920315444469452
Sample 20,Moirai,0.53233402967453
Sample 20,Time-MoE,0.46766600012779236
Sample 21,Chronos,0.5192794799804688
Sample 21,Moirai,0.48072052001953125
Sample 22,TimesFM,0.5001615285873413
Sample 22,Moirai,0.4998384416103363
Sample 23,TimesFM,0.5044569969177246
Sample 23,Timer,0.4955430030822754
Sample 24,Chronos,0.5642606616020203
Sample 24,TimesFM,0.4357393980026245
Sample 25,Chronos,0.5057659149169922
Sample 25,Moirai,0.4942340552806854
Sample 26,TimesFM,0.5227159857749939
Sample 26,Chronos,0.4772839844226837
Sample 27,Moirai,0.5007531642913818
Sample 27,Chronos,0.49924686551094055
Sample 28,TimesFM,0.5431833863258362
Sample 28,Moirai,0.4568166434764862
Sample 29,Moirai,0.5161182880401611
Sample 29,Chronos,0.48388174176216125
Sample 30,TimesFM,0.523868203163147
Sample 30,Moirai,0.4761318266391754
Sample 31,Time-MoE,0.5039032697677612
Sample 31,Timer,0.496096670627594
Sample 0,Chronos,0.5402591228485107
Sample 0,Timer,0.4597408175468445
Sample 1,Moirai,0.5136318206787109
Sample 1,Timer,0.48636817932128906
Sample 2,Moirai,0.5524032711982727
Sample 2,TimesFM,0.4475966989994049
Sample 3,Timer,0.5017906427383423
Sample 3,Chronos,0.4982093870639801
Sample 4,TimesFM,0.540913462638855
Sample 4,Timer,0.459086537361145
Sample 5,Chronos,0.5231468081474304
Sample 5,Moirai,0.4768531620502472
Sample 6,Timer,0.5179232954978943
Sample 6,Time-MoE,0.4820767045021057
Sample 7,Chronos,0.5046224594116211
Sample 7,Time-MoE,0.49537748098373413
Sample 8,TimesFM,0.523862361907959
Sample 8,Chronos,0.47613760828971863
Sample 9,Chronos,0.5096908211708069
Sample 9,Timer,0.49030911922454834
Sample 10,Moirai,0.5137442350387573
Sample 10,TimesFM,0.4862557351589203
Sample 11,Timer,0.5126339197158813
Sample 11,Chronos,0.48736611008644104
Sample 12,Timer,0.5445893406867981
Sample 12,Time-MoE,0.4554106593132019
Sample 13,Chronos,0.5032682418823242
Sample 13,Moirai,0.4967317283153534
Sample 14,Moirai,0.5317214131355286
Sample 14,Time-MoE,0.46827858686447144
Sample 15,TimesFM,0.5098370909690857
Sample 15,Timer,0.4901629090309143
Sample 0,TimesFM,0.5023183226585388
Sample 0,Chronos,0.49768170714378357
Sample 1,Timer,0.5016884803771973
Sample 1,Chronos,0.49831148982048035
Sample 2,TimesFM,0.50766521692276
Sample 2,Timer,0.49233484268188477
Sample 3,Timer,0.5162180066108704
Sample 3,Chronos,0.48378199338912964
Sample 4,Timer,0.5381224155426025
Sample 4,Time-MoE,0.46187758445739746
Sample 5,Moirai,0.502198338508606
Sample 5,Chronos,0.49780163168907166
Sample 6,Moirai,0.5063875913619995
Sample 6,Timer,0.4936123788356781
Sample 7,TimesFM,0.514259397983551
Sample 7,Timer,0.4857405424118042
Sample 8,Chronos,0.5194038152694702
Sample 8,TimesFM,0.48059624433517456
Sample 9,Timer,0.5015974044799805
Sample 9,Chronos,0.49840256571769714
Sample 10,Moirai,0.5552759170532227
Sample 10,Chronos,0.44472405314445496
Sample 11,Chronos,0.5082432627677917
Sample 11,Timer,0.49175673723220825
Sample 12,TimesFM,0.5152744054794312
Sample 12,Timer,0.48472556471824646
Sample 13,Chronos,0.5090668797492981
Sample 13,Moirai,0.4909331202507019
Sample 14,Moirai,0.5238613486289978
Sample 14,TimesFM,0.4761386513710022
Sample 15,TimesFM,0.5069639086723328
Sample 15,Timer,0.49303609132766724
Sample 16,TimesFM,0.5593906044960022
Sample 16,Chronos,0.4406094253063202
Sample 17,Chronos,0.514943540096283
Sample 17,Moirai,0.48505648970603943
Sample 18,TimesFM,0.5306342840194702
Sample 18,Timer,0.4693657159805298
Sample 19,Timer,0.5012913346290588
Sample 19,Chronos,0.49870869517326355
Sample 20,TimesFM,0.5250430703163147
Sample 20,Moirai,0.4749569594860077
Sample 21,Chronos,0.5180652141571045
Sample 21,Timer,0.4819348454475403
Sample 22,Timer,0.5019819736480713
Sample 22,TimesFM,0.49801796674728394
Sample 23,TimesFM,0.5028554201126099
Sample 23,Timer,0.49714457988739014
Sample 24,TimesFM,0.5691324472427368
Sample 24,Chronos,0.4308675229549408
Sample 25,Chronos,0.5031713843345642
Sample 25,Timer,0.4968286156654358
Sample 26,Chronos,0.526369571685791
Sample 26,Timer,0.4736303687095642
Sample 27,Chronos,0.527373194694519
Sample 27,Time-MoE,0.47262680530548096
Sample 28,TimesFM,0.5010205507278442
Sample 28,Timer,0.4989794194698334
Sample 29,Chronos,0.503012478351593
Sample 29,Moirai,0.49698755145072937
Sample 30,Moirai,0.515357494354248
Sample 30,TimesFM,0.48464253544807434
Sample 31,TimesFM,0.5086941719055176
Sample 31,Time-MoE,0.49130579829216003
Sample 0,Chronos,0.5223101377487183
Sample 0,Timer,0.47768983244895935
Sample 1,Chronos,0.5106005072593689
Sample 1,Moirai,0.4893994927406311
Sample 2,TimesFM,0.545853316783905
Sample 2,Time-MoE,0.4541466534137726
Sample 3,Timer,0.5099741816520691
Sample 3,Chronos,0.4900258183479309
Sample 4,Time-MoE,0.5016556978225708
Sample 4,TimesFM,0.4983443021774292
Sample 5,Chronos,0.5076377391815186
Sample 5,Moirai,0.49236229062080383
Sample 6,Timer,0.5105080604553223
Sample 6,Time-MoE,0.4894919693470001
Sample 7,TimesFM,0.5057414770126343
Sample 7,Chronos,0.4942585229873657
Sample 8,TimesFM,0.5589728355407715
Sample 8,Chronos,0.4410271644592285
Sample 9,Chronos,0.5086494088172913
Sample 9,Timer,0.4913506507873535
Sample 10,Moirai,0.5338226556777954
Sample 10,TimesFM,0.466177374124527
Sample 11,Chronos,0.5153927206993103
Sample 11,Timer,0.4846072494983673
Sample 12,TimesFM,0.5194405913352966
Sample 12,Timer,0.480559378862381
Sample 13,Chronos,0.5284334421157837
Sample 13,Moirai,0.4715665280818939
Sample 14,Moirai,0.500740110874176
Sample 14,Time-MoE,0.499259889125824
Sample 15,Chronos,0.5111910104751587
Sample 15,TimesFM,0.4888089597225189
Sample 16,TimesFM,0.5576806664466858
Sample 16,Chronos,0.4423193335533142
Sample 17,Chronos,0.5155006647109985
Sample 17,Moirai,0.48449933528900146
Sample 18,TimesFM,0.5047940015792847
Sample 18,Moirai,0.4952060282230377
Sample 19,Chronos,0.5014004111289978
Sample 19,Timer,0.4985995888710022
Sample 20,Moirai,0.511133074760437
Sample 20,Timer,0.4888668656349182
Sample 21,Chronos,0.520239531993866
Sample 21,Moirai,0.47976040840148926
Sample 22,Time-MoE,0.5019522905349731
Sample 22,TimesFM,0.49804767966270447
Sample 23,TimesFM,0.5097227096557617
Sample 23,Timer,0.4902772307395935
Sample 24,Chronos,0.5306466221809387
Sample 24,Moirai,0.46935343742370605
Sample 25,Timer,0.5033706426620483
Sample 25,Moirai,0.49662941694259644
Sample 26,Moirai,0.5256243944168091
Sample 26,Chronos,0.47437557578086853
Sample 27,Timer,0.5150740146636963
Sample 27,Chronos,0.4849259555339813
Sample 28,Timer,0.5041802525520325
Sample 28,TimesFM,0.49581974744796753
Sample 29,Chronos,0.5288860201835632
Sample 29,Timer,0.47111403942108154
Sample 30,Moirai,0.5114699602127075
Sample 30,Time-MoE,0.4885299801826477
Sample 31,TimesFM,0.5085902214050293
Sample 31,Chronos,0.4914097487926483
Sample 0,TimesFM,0.539958655834198
Sample 0,Chronos,0.460041344165802
Sample 1,Chronos,0.517332136631012
Sample 1,Timer,0.48266786336898804
Sample 2,Moirai,0.5505439639091492
Sample 2,Time-MoE,0.44945603609085083
Sample 3,Chronos,0.5015131235122681
Sample 3,Timer,0.4984869062900543
Sample 4,TimesFM,0.5093064308166504
Sample 4,Chronos,0.4906935393810272
Sample 5,Moirai,0.5224166512489319
Sample 5,TimesFM,0.4775833189487457
Sample 6,Timer,0.5207574367523193
Sample 6,Time-MoE,0.4792425036430359
Sample 7,Chronos,0.5108380317687988
Sample 7,TimesFM,0.4891619384288788
Sample 8,TimesFM,0.5863983631134033
Sample 8,Moirai,0.41360166668891907
Sample 9,Chronos,0.505490243434906
Sample 9,Moirai,0.494509756565094
Sample 10,Chronos,0.5115118026733398
Sample 10,Timer,0.48848825693130493
Sample 11,Timer,0.5385571718215942
Sample 11,TimesFM,0.46144282817840576
Sample 12,TimesFM,0.5265220999717712
Sample 12,Timer,0.47347790002822876
Sample 13,Chronos,0.5117203593254089
Sample 13,Moirai,0.48827964067459106
Sample 14,Moirai,0.5069110989570618
Sample 14,Time-MoE,0.49308887124061584
Sample 15,TimesFM,0.5059148669242859
Sample 15,Chronos,0.4940851628780365
Sample 16,Chronos,0.5425810217857361
Sample 16,Timer,0.4574189782142639
Sample 17,Timer,0.5036458969116211
Sample 17,Moirai,0.4963540732860565
Sample 18,Moirai,0.5005492568016052
Sample 18,Timer,0.49945077300071716
Sample 19,Chronos,0.5497872829437256
Sample 19,Time-MoE,0.450212687253952
Sample 20,TimesFM,0.5015791058540344
Sample 20,Timer,0.4984208643436432
Sample 21,Chronos,0.5306280851364136
Sample 21,Timer,0.4693719446659088
Sample 22,Timer,0.5032274723052979
Sample 22,Time-MoE,0.49677249789237976
Sample 23,Time-MoE,0.5077284574508667
Sample 23,TimesFM,0.4922716021537781
Sample 24,TimesFM,0.5628166794776917
Sample 24,Chronos,0.43718329071998596
Sample 25,Timer,0.5022526979446411
Sample 25,Chronos,0.4977473020553589
Sample 26,Moirai,0.5277009010314941
Sample 26,TimesFM,0.47229912877082825
Sample 27,Timer,0.5066718459129333
Sample 27,TimesFM,0.49332812428474426
Sample 28,TimesFM,0.5260066390037537
Sample 28,Timer,0.47399336099624634
Sample 29,Chronos,0.5264610052108765
Sample 29,Timer,0.47353893518447876
Sample 30,Moirai,0.5125687122344971
Sample 30,Time-MoE,0.48743128776550293
Sample 31,TimesFM,0.5140141844749451
Sample 31,Timer,0.48598575592041016
Sample 0,TimesFM,0.5165880918502808
Sample 0,Chronos,0.48341190814971924
Sample 1,Chronos,0.5224720239639282
Sample 1,Timer,0.47752800583839417
Sample 2,Moirai,0.5031445622444153
Sample 2,Chronos,0.4968554377555847
Sample 3,Chronos,0.5101528763771057
Sample 3,Timer,0.4898471534252167
Sample 4,Chronos,0.5378302335739136
Sample 4,Time-MoE,0.46216973662376404
Sample 5,Chronos,0.5313894152641296
Sample 5,Timer,0.46861061453819275
Sample 6,Moirai,0.5184080600738525
Sample 6,TimesFM,0.4815919101238251
Sample 7,Chronos,0.5206677913665771
Sample 7,Time-MoE,0.47933220863342285
Sample 8,TimesFM,0.5235832929611206
Sample 8,Chronos,0.4764167070388794
Sample 9,Chronos,0.5076212286949158
Sample 9,Moirai,0.49237877130508423
Sample 10,TimesFM,0.5410854816436768
Sample 10,Time-MoE,0.45891451835632324
Sample 11,Timer,0.5116013288497925
Sample 11,Time-MoE,0.4883986711502075
Sample 12,TimesFM,0.5081179141998291
Sample 12,Timer,0.4918820559978485
Sample 13,Moirai,0.5130628943443298
Sample 13,Timer,0.48693710565567017
Sample 14,Moirai,0.5239806771278381
Sample 14,Time-MoE,0.4760192930698395
Sample 15,TimesFM,0.5272799134254456
Sample 15,Timer,0.47272005677223206
Sample 16,TimesFM,0.5125634670257568
Sample 16,Chronos,0.4874364733695984
Sample 17,Timer,0.5323114395141602
Sample 17,Time-MoE,0.46768853068351746
Sample 18,Chronos,0.5082756280899048
Sample 18,TimesFM,0.49172443151474
Sample 19,Timer,0.521221399307251
Sample 19,TimesFM,0.478778600692749
Sample 20,TimesFM,0.5048757791519165
Sample 20,Timer,0.4951242208480835
Sample 21,Moirai,0.514845073223114
Sample 21,Time-MoE,0.485154926776886
Sample 22,Chronos,0.5058380961418152
Sample 22,Time-MoE,0.4941619038581848
Sample 23,Chronos,0.5067736506462097
Sample 23,TimesFM,0.49322637915611267
Sample 24,TimesFM,0.5536285042762756
Sample 24,Chronos,0.44637149572372437
Sample 25,Moirai,0.501679539680481
Sample 25,Chronos,0.49832040071487427
Sample 26,TimesFM,0.537503719329834
Sample 26,Timer,0.46249625086784363
Sample 27,Timer,0.503631055355072
Sample 27,Chronos,0.49636897444725037
Sample 28,TimesFM,0.5089450478553772
Sample 28,Timer,0.4910550117492676
Sample 29,Moirai,0.5012529492378235
Sample 29,Time-MoE,0.4987470507621765
Sample 30,Timer,0.5001856684684753
Sample 30,Moirai,0.49981433153152466
Sample 31,TimesFM,0.5128822922706604
Sample 31,Timer,0.487117737531662
Sample 0,Chronos,0.540839672088623
Sample 0,TimesFM,0.45916032791137695
Sample 1,Chronos,0.5078675746917725
Sample 1,Moirai,0.49213239550590515
Sample 2,Timer,0.510992169380188
Sample 2,Time-MoE,0.4890078008174896
Sample 3,Timer,0.5099191069602966
Sample 3,Chronos,0.49008092284202576
Sample 4,Timer,0.5406752824783325
Sample 4,Time-MoE,0.45932477712631226
Sample 5,Moirai,0.5126328468322754
Sample 5,Chronos,0.4873671531677246
Sample 6,Moirai,0.5000391602516174
Sample 6,Chronos,0.49996083974838257
Sample 7,Chronos,0.514803946018219
Sample 7,TimesFM,0.485196053981781
Sample 8,TimesFM,0.5318562388420105
Sample 8,Chronos,0.4681437909603119
Sample 9,Chronos,0.5114229917526245
Sample 9,Timer,0.4885770082473755
Sample 10,Moirai,0.5223850607872009
Sample 10,Time-MoE,0.4776149392127991
Sample 11,Chronos,0.5094056725502014
Sample 11,Timer,0.49059438705444336
Sample 12,Timer,0.5264798402786255
Sample 12,TimesFM,0.4735201299190521
Sample 13,Chronos,0.5332255363464355
Sample 13,Timer,0.46677443385124207
Sample 14,TimesFM,0.5111153721809387
Sample 14,Moirai,0.48888468742370605
Sample 15,Moirai,0.5217131972312927
Sample 15,Time-MoE,0.4782868027687073
Sample 16,Chronos,0.5386841297149658
Sample 16,Timer,0.46131590008735657
Sample 17,Moirai,0.5122612118721008
Sample 17,Time-MoE,0.48773878812789917
Sample 18,Chronos,0.5115979909896851
Sample 18,Time-MoE,0.48840200901031494
Sample 19,Timer,0.5070360898971558
Sample 19,Time-MoE,0.49296391010284424
Sample 20,TimesFM,0.5279989838600159
Sample 20,Timer,0.47200098633766174
Sample 21,Chronos,0.5094461441040039
Sample 21,Moirai,0.4905538558959961
Sample 22,Moirai,0.5069658160209656
Sample 22,Time-MoE,0.4930341839790344
Sample 23,TimesFM,0.5050469040870667
Sample 23,Time-MoE,0.49495312571525574
Sample 24,TimesFM,0.5253894925117493
Sample 24,Chronos,0.47461047768592834
Sample 25,Chronos,0.5039633512496948
Sample 25,Timer,0.4960366487503052
Sample 26,Moirai,0.5292075276374817
Sample 26,Chronos,0.4707925319671631
Sample 27,Timer,0.5156005024909973
Sample 27,Time-MoE,0.4843995273113251
Sample 28,TimesFM,0.5240834951400757
Sample 28,Time-MoE,0.4759165048599243
Sample 29,Moirai,0.536415696144104
Sample 29,Time-MoE,0.4635842740535736
Sample 30,Moirai,0.533717155456543
Sample 30,Time-MoE,0.46628284454345703
Sample 31,Chronos,0.5125107765197754
Sample 31,TimesFM,0.4874892234802246
Sample 0,TimesFM,0.5116192102432251
Sample 0,Chronos,0.4883807599544525
Sample 1,Chronos,0.5083242654800415
Sample 1,Moirai,0.4916757047176361
Sample 2,TimesFM,0.5015354752540588
Sample 2,Chronos,0.4984644949436188
Sample 3,Timer,0.5015445351600647
Sample 3,Chronos,0.4984554648399353
Sample 4,TimesFM,0.5010396242141724
Sample 4,Timer,0.49896040558815
Sample 5,Moirai,0.5064345002174377
Sample 5,Chronos,0.49356549978256226
Sample 6,Timer,0.5060626864433289
Sample 6,Time-MoE,0.49393731355667114
Sample 7,TimesFM,0.5032243728637695
Sample 7,Chronos,0.49677562713623047
Sample 8,TimesFM,0.563612699508667
Sample 8,Chronos,0.436387300491333
Sample 9,Chronos,0.5159204602241516
Sample 9,Moirai,0.4840795397758484
Sample 10,Moirai,0.5090745091438293
Sample 10,Chronos,0.49092552065849304
Sample 11,Timer,0.5036802291870117
Sample 11,Chronos,0.49631980061531067
Sample 12,Time-MoE,0.5201476216316223
Sample 12,Chronos,0.4798523485660553
Sample 13,Timer,0.5186348557472229
Sample 13,Time-MoE,0.4813651144504547
Sample 14,TimesFM,0.5239867568016052
Sample 14,Time-MoE,0.4760132133960724
Sample 15,Chronos,0.5196917653083801
Sample 15,TimesFM,0.4803082048892975
Sample 16,TimesFM,0.5052999258041382
Sample 16,Chronos,0.4947001039981842
Sample 17,Chronos,0.5192901492118835
Sample 17,Timer,0.48070988059043884
Sample 18,TimesFM,0.5199397802352905
Sample 18,Timer,0.4800602197647095
Sample 19,Chronos,0.5090755224227905
Sample 19,Timer,0.4909244775772095
Sample 20,Moirai,0.5266313552856445
Sample 20,Time-MoE,0.47336864471435547
Sample 21,Chronos,0.5235435366630554
Sample 21,Moirai,0.47645649313926697
Sample 22,Time-MoE,0.5021352171897888
Sample 22,TimesFM,0.4978647530078888
Sample 23,TimesFM,0.5056615471839905
Sample 23,Timer,0.49433839321136475
Sample 24,Chronos,0.5698845386505127
Sample 24,TimesFM,0.4301154613494873
Sample 25,Chronos,0.5109168291091919
Sample 25,Moirai,0.4890831708908081
Sample 26,TimesFM,0.5211721062660217
Sample 26,Moirai,0.47882789373397827
Sample 27,Chronos,0.503968358039856
Sample 27,Moirai,0.49603167176246643
Sample 28,TimesFM,0.5454667210578918
Sample 28,Moirai,0.45453330874443054
Sample 29,Moirai,0.507556140422821
Sample 29,Time-MoE,0.4924437999725342
Sample 30,TimesFM,0.5225432515144348
Sample 30,Moirai,0.4774567484855652
Sample 31,Time-MoE,0.504422128200531
Sample 31,Timer,0.495577871799469
Sample 0,Chronos,0.5436946153640747
Sample 0,Timer,0.4563053548336029
Sample 1,Moirai,0.5119541883468628
Sample 1,Timer,0.4880458414554596
Sample 2,Moirai,0.559192955493927
Sample 2,Time-MoE,0.440807044506073
Sample 3,Timer,0.5001413226127625
Sample 3,Chronos,0.49985867738723755
Sample 4,TimesFM,0.5458815097808838
Sample 4,Time-MoE,0.4541184604167938
Sample 5,Chronos,0.5276753902435303
Sample 5,Moirai,0.47232457995414734
Sample 6,Timer,0.5082829594612122
Sample 6,Time-MoE,0.49171704053878784
Sample 7,Chronos,0.5051530599594116
Sample 7,TimesFM,0.494846910238266
Sample 8,TimesFM,0.5270248651504517
Sample 8,Chronos,0.4729751944541931
Sample 9,Chronos,0.5129712820053101
Sample 9,Timer,0.48702871799468994
Sample 10,Moirai,0.5209476351737976
Sample 10,TimesFM,0.47905233502388
Sample 11,Timer,0.5113161206245422
Sample 11,Chronos,0.48868387937545776
Sample 12,Timer,0.5478653907775879
Sample 12,Time-MoE,0.4521346092224121
Sample 13,Chronos,0.5073344111442566
Sample 13,Moirai,0.492665559053421
Sample 14,Moirai,0.5243332386016846
Sample 14,Time-MoE,0.47566676139831543
Sample 15,TimesFM,0.5099110007286072
Sample 15,Timer,0.4900890290737152
Sample 0,TimesFM,0.502875804901123
Sample 0,Chronos,0.49712416529655457
Sample 1,Chronos,0.5027068853378296
Sample 1,Timer,0.4972931742668152
Sample 2,TimesFM,0.5115485191345215
Sample 2,Timer,0.4884514808654785
Sample 3,Timer,0.512323260307312
Sample 3,Time-MoE,0.4876767694950104
Sample 4,Timer,0.5398070216178894
Sample 4,Time-MoE,0.4601929783821106
Sample 5,Chronos,0.5002979636192322
Sample 5,Moirai,0.49970200657844543
Sample 6,Time-MoE,0.5033407807350159
Sample 6,Moirai,0.49665921926498413
Sample 7,TimesFM,0.5135216116905212
Sample 7,Timer,0.48647838830947876
Sample 8,Chronos,0.5213528275489807
Sample 8,TimesFM,0.4786471724510193
Sample 9,Chronos,0.5026779770851135
Sample 9,Timer,0.4973220229148865
Sample 10,Moirai,0.5641161203384399
Sample 10,Chronos,0.43588387966156006
Sample 11,Chronos,0.5118022561073303
Sample 11,Timer,0.48819777369499207
Sample 12,TimesFM,0.5142444372177124
Sample 12,Timer,0.4857555627822876
Sample 13,Chronos,0.5132198333740234
Sample 13,Moirai,0.48678019642829895
Sample 14,Moirai,0.5232574939727783
Sample 14,TimesFM,0.4767424762248993
Sample 15,TimesFM,0.5057882070541382
Sample 15,Timer,0.4942117929458618
Sample 16,TimesFM,0.564267098903656
Sample 16,Chronos,0.4357328712940216
Sample 17,Chronos,0.5190287232398987
Sample 17,Moirai,0.4809712767601013
Sample 18,TimesFM,0.5334863662719727
Sample 18,Timer,0.46651363372802734
Sample 19,Chronos,0.5024989247322083
Sample 19,Timer,0.49750107526779175
Sample 20,TimesFM,0.5221365094184875
Sample 20,Moirai,0.47786349058151245
Sample 21,Chronos,0.523615300655365
Sample 21,Timer,0.4763847589492798
Sample 22,TimesFM,0.5001317858695984
Sample 22,Timer,0.4998682737350464
Sample 23,TimesFM,0.5025418400764465
Sample 23,Timer,0.49745818972587585
Sample 24,TimesFM,0.5767214894294739
Sample 24,Chronos,0.4232785105705261
Sample 25,Chronos,0.5075283646583557
Sample 25,Timer,0.49247169494628906
Sample 26,Chronos,0.5296298265457153
Sample 26,Timer,0.4703701436519623
Sample 27,Chronos,0.5263856649398804
Sample 27,Time-MoE,0.473614364862442
Sample 28,TimesFM,0.5011774301528931
Sample 28,Timer,0.49882251024246216
Sample 29,Chronos,0.5054891109466553
Sample 29,Moirai,0.4945109188556671
Sample 30,Moirai,0.516951858997345
Sample 30,TimesFM,0.4830481708049774
Sample 31,TimesFM,0.5141168236732483
Sample 31,Time-MoE,0.4858831763267517
Sample 0,Chronos,0.520901083946228
Sample 0,Timer,0.47909894585609436
Sample 1,Chronos,0.5136253237724304
Sample 1,Moirai,0.4863746762275696
Sample 2,TimesFM,0.5426673889160156
Sample 2,Time-MoE,0.457332581281662
Sample 3,Timer,0.5058737397193909
Sample 3,Chronos,0.49412626028060913
Sample 4,Time-MoE,0.5010306239128113
Sample 4,TimesFM,0.4989694356918335
Sample 5,Chronos,0.5102061629295349
Sample 5,Moirai,0.4897937774658203
Sample 6,Timer,0.5000461339950562
Sample 6,Time-MoE,0.49995383620262146
Sample 7,TimesFM,0.5082108378410339
Sample 7,Chronos,0.49178919196128845
Sample 8,TimesFM,0.5635943412780762
Sample 8,Chronos,0.43640562891960144
Sample 9,Chronos,0.5122105479240417
Sample 9,Moirai,0.48778948187828064
Sample 10,Moirai,0.5361024737358093
Sample 10,Time-MoE,0.4638974964618683
Sample 11,Chronos,0.5178468823432922
Sample 11,Timer,0.48215314745903015
Sample 12,TimesFM,0.5218644738197327
Sample 12,Timer,0.47813549637794495
Sample 13,Chronos,0.5312998294830322
Sample 13,Moirai,0.46870020031929016
Sample 14,Time-MoE,0.5100016593933105
Sample 14,Moirai,0.48999834060668945
Sample 15,Chronos,0.5099126696586609
Sample 15,TimesFM,0.4900873303413391
Sample 16,TimesFM,0.5635768175125122
Sample 16,Chronos,0.4364231526851654
Sample 17,Chronos,0.518909215927124
Sample 17,Moirai,0.481090784072876
Sample 18,TimesFM,0.5021440386772156
Sample 18,Moirai,0.4978560209274292
Sample 19,Chronos,0.5063765048980713
Sample 19,Timer,0.4936234652996063
Sample 20,Moirai,0.512757420539856
Sample 20,Chronos,0.48724257946014404
Sample 21,Chronos,0.5234262347221375
Sample 21,Moirai,0.47657373547554016
Sample 22,Time-MoE,0.5120750069618225
Sample 22,TimesFM,0.4879249930381775
Sample 23,TimesFM,0.5106452703475952
Sample 23,Timer,0.4893547594547272
Sample 24,Chronos,0.5301794409751892
Sample 24,Moirai,0.4698205590248108
Sample 25,Chronos,0.5011473894119263
Sample 25,Timer,0.49885261058807373
Sample 26,Moirai,0.5271180868148804
Sample 26,Chronos,0.472881942987442
Sample 27,Timer,0.509905993938446
Sample 27,Time-MoE,0.49009403586387634
Sample 28,Timer,0.5020800232887268
Sample 28,TimesFM,0.4979199767112732
Sample 29,Chronos,0.5355391502380371
Sample 29,Time-MoE,0.4644608795642853
Sample 30,Moirai,0.5019536018371582
Sample 30,Time-MoE,0.4980464577674866
Sample 31,TimesFM,0.5094529390335083
Sample 31,Timer,0.4905470609664917
Sample 0,TimesFM,0.5450022220611572
Sample 0,Chronos,0.45499780774116516
Sample 1,Chronos,0.5228700637817383
Sample 1,Moirai,0.4771299362182617
Sample 2,Moirai,0.5599153637886047
Sample 2,Time-MoE,0.44008469581604004
Sample 3,Chronos,0.5096640586853027
Sample 3,Timer,0.4903358817100525
Sample 4,TimesFM,0.5102346539497375
Sample 4,Moirai,0.4897652864456177
Sample 5,Moirai,0.5265411138534546
Sample 5,TimesFM,0.47345882654190063
Sample 6,Timer,0.5135748982429504
Sample 6,Time-MoE,0.4864250719547272
Sample 7,Chronos,0.5117656588554382
Sample 7,TimesFM,0.4882343113422394
Sample 8,TimesFM,0.5887691378593445
Sample 8,Moirai,0.4112309217453003
Sample 9,Chronos,0.510209321975708
Sample 9,Moirai,0.489790678024292
Sample 10,Chronos,0.5177662372589111
Sample 10,Time-MoE,0.48223382234573364
Sample 11,Timer,0.5345203280448914
Sample 11,Time-MoE,0.46547964215278625
Sample 12,TimesFM,0.5286494493484497
Sample 12,Timer,0.4713505506515503
Sample 13,Chronos,0.5167307257652283
Sample 13,Moirai,0.48326924443244934
Sample 14,Moirai,0.5013942122459412
Sample 14,Time-MoE,0.4986058175563812
Sample 15,TimesFM,0.5103371143341064
Sample 15,Chronos,0.48966291546821594
Sample 16,Chronos,0.5486987829208374
Sample 16,Moirai,0.451301246881485
Sample 17,Timer,0.5004815459251404
Sample 17,Moirai,0.49951842427253723
Sample 18,Moirai,0.5006175637245178
Sample 18,Timer,0.4993824362754822
Sample 19,Chronos,0.5547949075698853
Sample 19,Time-MoE,0.44520512223243713
Sample 20,TimesFM,0.5037646293640137
Sample 20,Timer,0.49623537063598633
Sample 21,Chronos,0.5400193929672241
Sample 21,Timer,0.45998063683509827
Sample 22,Time-MoE,0.5048046112060547
Sample 22,Timer,0.4951953589916229
Sample 23,Time-MoE,0.5076862573623657
Sample 23,TimesFM,0.4923136830329895
Sample 24,TimesFM,0.5671069025993347
Sample 24,Timer,0.43289312720298767
Sample 25,Chronos,0.5059707164764404
Sample 25,Timer,0.4940292537212372
Sample 26,Moirai,0.5334125757217407
Sample 26,TimesFM,0.46658745408058167
Sample 27,Timer,0.5016844868659973
Sample 27,TimesFM,0.4983155131340027
Sample 28,TimesFM,0.5280386805534363
Sample 28,Timer,0.4719613194465637
Sample 29,Chronos,0.5357480049133301
Sample 29,Timer,0.4642520248889923
Sample 30,Moirai,0.5072329044342041
Sample 30,Time-MoE,0.4927670657634735
Sample 31,TimesFM,0.5130943655967712
Sample 31,Timer,0.48690563440322876
Sample 0,TimesFM,0.5223039984703064
Sample 0,Chronos,0.47769594192504883
Sample 1,Chronos,0.5325778126716614
Sample 1,Moirai,0.4674221873283386
Sample 2,Moirai,0.5224552154541016
Sample 2,Chronos,0.4775448143482208
Sample 3,Chronos,0.5202366709709167
Sample 3,Timer,0.47976332902908325
Sample 4,Chronos,0.5452377200126648
Sample 4,Time-MoE,0.45476222038269043
Sample 5,Chronos,0.5332168340682983
Sample 5,Timer,0.46678319573402405
Sample 6,Moirai,0.5266664624214172
Sample 6,TimesFM,0.47333353757858276
Sample 7,Chronos,0.5218479633331299
Sample 7,Time-MoE,0.4781520664691925
Sample 8,TimesFM,0.5293911099433899
Sample 8,Chronos,0.4706088900566101
Sample 9,Chronos,0.5127238631248474
Sample 9,Moirai,0.487276166677475
Sample 10,TimesFM,0.5379467606544495
Sample 10,Time-MoE,0.4620532691478729
Sample 11,Timer,0.5026602149009705
Sample 11,Chronos,0.49733975529670715
Sample 12,TimesFM,0.5065807104110718
Sample 12,Timer,0.49341925978660583
Sample 13,Moirai,0.5093714594841003
Sample 13,Chronos,0.49062854051589966
Sample 14,Moirai,0.5223569869995117
Sample 14,Time-MoE,0.4776430130004883
Sample 15,TimesFM,0.5268383622169495
Sample 15,Timer,0.47316160798072815
Sample 16,TimesFM,0.5162737369537354
Sample 16,Chronos,0.48372629284858704
Sample 17,Timer,0.528768002986908
Sample 17,Time-MoE,0.47123196721076965
Sample 18,Chronos,0.5085288882255554
Sample 18,TimesFM,0.4914710819721222
Sample 19,Timer,0.5170377492904663
Sample 19,TimesFM,0.4829621911048889
Sample 20,TimesFM,0.5058532953262329
Sample 20,Timer,0.4941466748714447
Sample 21,Moirai,0.515123188495636
Sample 21,Time-MoE,0.4848767817020416
Sample 22,Chronos,0.5069559216499329
Sample 22,Moirai,0.49304401874542236
Sample 23,Chronos,0.5023233890533447
Sample 23,Timer,0.4976766109466553
Sample 24,TimesFM,0.5644131898880005
Sample 24,Chronos,0.4355868101119995
Sample 25,Chronos,0.5056760311126709
Sample 25,Moirai,0.4943239390850067
Sample 26,TimesFM,0.5351142287254333
Sample 26,Timer,0.46488577127456665
Sample 27,Chronos,0.5078030824661255
Sample 27,Timer,0.4921969771385193
Sample 28,TimesFM,0.5077667236328125
Sample 28,Timer,0.4922332763671875
Sample 29,Time-MoE,0.5013304352760315
Sample 29,Chronos,0.4986695647239685
Sample 30,Moirai,0.5049147009849548
Sample 30,Timer,0.49508529901504517
Sample 31,TimesFM,0.5097299814224243
Sample 31,Timer,0.4902700185775757
Sample 0,Chronos,0.5414720773696899
Sample 0,Timer,0.4585278630256653
Sample 1,Chronos,0.5142088532447815
Sample 1,Moirai,0.4857911169528961
Sample 2,Timer,0.510233461856842
Sample 2,Time-MoE,0.48976653814315796
Sample 3,Chronos,0.5019038319587708
Sample 3,Timer,0.49809619784355164
Sample 4,Timer,0.5413475632667542
Sample 4,Chronos,0.45865240693092346
Sample 5,Moirai,0.5066909193992615
Sample 5,Chronos,0.49330902099609375
Sample 6,Chronos,0.5055972337722778
Sample 6,Moirai,0.49440276622772217
Sample 7,Chronos,0.513329267501831
Sample 7,TimesFM,0.48667070269584656
Sample 8,TimesFM,0.5346425771713257
Sample 8,Chronos,0.4653574228286743
Sample 9,Chronos,0.5238840579986572
Sample 9,Moirai,0.4761159121990204
Sample 10,Moirai,0.5276680588722229
Sample 10,Time-MoE,0.4723319709300995
Sample 11,Chronos,0.5110253691673279
Sample 11,Timer,0.4889746606349945
Sample 12,Timer,0.5283075571060181
Sample 12,TimesFM,0.47169244289398193
Sample 13,Chronos,0.5460742712020874
Sample 13,Timer,0.453925758600235
Sample 14,TimesFM,0.5116855502128601
Sample 14,Moirai,0.4883144497871399
Sample 15,Moirai,0.5239280462265015
Sample 15,Time-MoE,0.4760719835758209
Sample 16,Chronos,0.5426096320152283
Sample 16,Timer,0.4573903977870941
Sample 17,Moirai,0.5130798816680908
Sample 17,Chronos,0.4869200885295868
Sample 18,Chronos,0.5188999176025391
Sample 18,Moirai,0.48110005259513855
Sample 19,Timer,0.5009403824806213
Sample 19,Time-MoE,0.49905967712402344
Sample 20,TimesFM,0.529705822467804
Sample 20,Timer,0.47029414772987366
Sample 21,Chronos,0.5167284607887268
Sample 21,Moirai,0.4832715392112732
Sample 22,Moirai,0.503961980342865
Sample 22,Chronos,0.496038019657135
Sample 23,TimesFM,0.5028913617134094
Sample 23,Timer,0.49710866808891296
Sample 24,TimesFM,0.5318712592124939
Sample 24,Chronos,0.4681287407875061
Sample 25,Chronos,0.51640784740448
Sample 25,Timer,0.48359215259552
Sample 26,Moirai,0.5326410531997681
Sample 26,Chronos,0.46735888719558716
Sample 27,Timer,0.5050711631774902
Sample 27,Chronos,0.494928777217865
Sample 28,TimesFM,0.5246500372886658
Sample 28,Time-MoE,0.475350022315979
Sample 29,Moirai,0.5390651822090149
Sample 29,Chronos,0.4609347879886627
Sample 30,Moirai,0.5394025444984436
Sample 30,Chronos,0.4605974555015564
Sample 31,Chronos,0.5097757577896118
Sample 31,TimesFM,0.4902242124080658
Sample 0,TimesFM,0.5175106525421143
Sample 0,Chronos,0.48248928785324097
Sample 1,Chronos,0.5159300565719604
Sample 1,Moirai,0.48406994342803955
Sample 2,Chronos,0.5006709694862366
Sample 2,TimesFM,0.4993290603160858
Sample 3,Chronos,0.5111309885978699
Sample 3,Timer,0.4888690412044525
Sample 4,TimesFM,0.5001193881034851
Sample 4,Timer,0.4998806118965149
Sample 5,Moirai,0.5009934306144714
Sample 5,Chronos,0.4990065395832062
Sample 6,Timer,0.5032721161842346
Sample 6,Moirai,0.496727854013443
Sample 7,TimesFM,0.5072855353355408
Sample 7,Chronos,0.49271446466445923
Sample 8,TimesFM,0.5733329057693481
Sample 8,Chronos,0.42666706442832947
Sample 9,Chronos,0.5231234431266785
Sample 9,Moirai,0.47687649726867676
Sample 10,Moirai,0.5124801397323608
Sample 10,Chronos,0.4875198304653168
Sample 11,Chronos,0.5068367719650269
Sample 11,Timer,0.49316319823265076
Sample 12,Time-MoE,0.5189856290817261
Sample 12,Chronos,0.4810143709182739
Sample 13,Timer,0.5119647979736328
Sample 13,Time-MoE,0.4880351722240448
Sample 14,TimesFM,0.5190898776054382
Sample 14,Time-MoE,0.480910062789917
Sample 15,Chronos,0.5194957852363586
Sample 15,Time-MoE,0.48050424456596375
Sample 16,TimesFM,0.5120800137519836
Sample 16,Chronos,0.48791995644569397
Sample 17,Chronos,0.5291878581047058
Sample 17,Moirai,0.4708121418952942
Sample 18,TimesFM,0.5180411338806152
Sample 18,Timer,0.48195889592170715
Sample 19,Chronos,0.5221620202064514
Sample 19,Timer,0.4778379499912262
Sample 20,Moirai,0.523762583732605
Sample 20,Chronos,0.47623735666275024
Sample 21,Chronos,0.5305463075637817
Sample 21,Moirai,0.46945372223854065
Sample 22,Time-MoE,0.5042997598648071
Sample 22,Moirai,0.49570026993751526
Sample 23,TimesFM,0.5022478699684143
Sample 23,Timer,0.4977521002292633
Sample 24,Chronos,0.5723736882209778
Sample 24,Moirai,0.4276263415813446
Sample 25,Chronos,0.5191002488136292
Sample 25,Moirai,0.48089978098869324
Sample 26,TimesFM,0.5172953009605408
Sample 26,Moirai,0.48270469903945923
Sample 27,Chronos,0.5120073556900024
Sample 27,Moirai,0.48799264430999756
Sample 28,TimesFM,0.5507081747055054
Sample 28,Moirai,0.449291855096817
Sample 29,Moirai,0.5031178593635559
Sample 29,Chronos,0.4968821704387665
Sample 30,TimesFM,0.5215454697608948
Sample 30,Moirai,0.47845458984375
Sample 31,Time-MoE,0.5096990466117859
Sample 31,Timer,0.4903009235858917
Sample 0,Chronos,0.5484697818756104
Sample 0,Moirai,0.45153024792671204
Sample 1,Moirai,0.5028154253959656
Sample 1,Chronos,0.49718451499938965
Sample 2,Moirai,0.5700116753578186
Sample 2,Time-MoE,0.429988294839859
Sample 3,Chronos,0.5125060081481934
Sample 3,Timer,0.48749402165412903
Sample 4,TimesFM,0.5429745316505432
Sample 4,Time-MoE,0.4570254683494568
Sample 5,Chronos,0.5361522436141968
Sample 5,Moirai,0.46384772658348083
Sample 6,Timer,0.5049513578414917
Sample 6,Time-MoE,0.4950486719608307
Sample 7,Time-MoE,0.5013694763183594
Sample 7,TimesFM,0.498630553483963
Sample 8,TimesFM,0.5354910492897034
Sample 8,Chronos,0.46450892090797424
Sample 9,Chronos,0.5239903926849365
Sample 9,Moirai,0.4760096073150635
Sample 10,Moirai,0.5285441875457764
Sample 10,TimesFM,0.471455842256546
Sample 11,Chronos,0.5013135075569153
Sample 11,Timer,0.4986865222454071
Sample 12,Timer,0.5530884861946106
Sample 12,Time-MoE,0.4469115436077118
Sample 13,Chronos,0.5148481726646423
Sample 13,Moirai,0.48515182733535767
Sample 14,Moirai,0.53076171875
Sample 14,Time-MoE,0.4692383110523224
Sample 15,TimesFM,0.5062077641487122
Sample 15,Timer,0.49379226565361023
Sample 0,TimesFM,0.5098246335983276
Sample 0,Chronos,0.49017536640167236
Sample 1,Chronos,0.516650378704071
Sample 1,Timer,0.48334965109825134
Sample 2,TimesFM,0.5108027458190918
Sample 2,Time-MoE,0.4891972839832306
Sample 3,Timer,0.5005487203598022
Sample 3,Chronos,0.49945124983787537
Sample 4,Timer,0.5456738471984863
Sample 4,Chronos,0.45432615280151367
Sample 5,Chronos,0.5074576139450073
Sample 5,Moirai,0.4925423860549927
Sample 6,Time-MoE,0.5048916339874268
Sample 6,Moirai,0.49510836601257324
Sample 7,TimesFM,0.5105015635490417
Sample 7,Timer,0.48949843645095825
Sample 8,Chronos,0.5188685655593872
Sample 8,TimesFM,0.4811314344406128
Sample 9,Chronos,0.5156251192092896
Sample 9,Moirai,0.48437488079071045
Sample 10,Moirai,0.573595404624939
Sample 10,Chronos,0.4264046251773834
Sample 11,Chronos,0.5243998765945435
Sample 11,Moirai,0.47560012340545654
Sample 12,TimesFM,0.5117323994636536
Sample 12,Timer,0.48826760053634644
Sample 13,Chronos,0.5234655141830444
Sample 13,Moirai,0.47653448581695557
Sample 14,Moirai,0.5227510333061218
Sample 14,TimesFM,0.4772489666938782
Sample 15,TimesFM,0.5023017525672913
Sample 15,Timer,0.49769824743270874
Sample 16,TimesFM,0.5766022801399231
Sample 16,Chronos,0.4233977794647217
Sample 17,Chronos,0.5282144546508789
Sample 17,Moirai,0.4717855453491211
Sample 18,TimesFM,0.535676121711731
Sample 18,Timer,0.46432387828826904
Sample 19,Chronos,0.5160249471664429
Sample 19,Timer,0.4839750826358795
Sample 20,TimesFM,0.519592821598053
Sample 20,Moirai,0.4804072082042694
Sample 21,Chronos,0.5386608242988586
Sample 21,Timer,0.46133920550346375
Sample 22,TimesFM,0.5034986734390259
Sample 22,Timer,0.49650129675865173
Sample 23,TimesFM,0.5017482042312622
Sample 23,Timer,0.4982518255710602
Sample 24,TimesFM,0.5855095386505127
Sample 24,Timer,0.4144904315471649
Sample 25,Chronos,0.5180482864379883
Sample 25,Moirai,0.4819517135620117
Sample 26,Chronos,0.5361745357513428
Sample 26,Timer,0.463825523853302
Sample 27,Chronos,0.5333260893821716
Sample 27,Time-MoE,0.46667394042015076
Sample 28,Timer,0.5014531016349792
Sample 28,TimesFM,0.49854689836502075
Sample 29,Chronos,0.5136691927909851
Sample 29,Moirai,0.48633086681365967
Sample 30,Moirai,0.5184939503669739
Sample 30,TimesFM,0.4815060794353485
Sample 31,TimesFM,0.5114859342575073
Sample 31,Time-MoE,0.4885140657424927
Sample 0,Chronos,0.5159034132957458
Sample 0,Timer,0.48409658670425415
Sample 1,Chronos,0.5219159722328186
Sample 1,Moirai,0.4780840575695038
Sample 2,TimesFM,0.5347551107406616
Sample 2,Time-MoE,0.465244859457016
Sample 3,Chronos,0.5050266981124878
Sample 3,Timer,0.4949733018875122
Sample 4,Time-MoE,0.5038747191429138
Sample 4,TimesFM,0.4961252510547638
Sample 5,Chronos,0.5190104246139526
Sample 5,Moirai,0.4809895157814026
Sample 6,Time-MoE,0.5027624368667603
Sample 6,Timer,0.49723756313323975
Sample 7,TimesFM,0.5104777216911316
Sample 7,Timer,0.4895223081111908
Sample 8,TimesFM,0.5653825402259827
Sample 8,Moirai,0.43461742997169495
Sample 9,Chronos,0.5212743878364563
Sample 9,Moirai,0.4787256121635437
Sample 10,Moirai,0.5468369126319885
Sample 10,Time-MoE,0.4531630873680115
Sample 11,Chronos,0.5208548307418823
Sample 11,Timer,0.4791451692581177
Sample 12,TimesFM,0.5164307951927185
Sample 12,Time-MoE,0.4835692048072815
Sample 13,Chronos,0.5399312376976013
Sample 13,Moirai,0.4600687623023987
Sample 14,Time-MoE,0.5073744058609009
Sample 14,Chronos,0.49262556433677673
Sample 15,Chronos,0.5012046694755554
Sample 15,Moirai,0.49879536032676697
Sample 16,TimesFM,0.5772637128829956
Sample 16,Chronos,0.4227362871170044
Sample 17,Chronos,0.5276177525520325
Sample 17,Moirai,0.4723822772502899
Sample 18,Moirai,0.5010039210319519
Sample 18,TimesFM,0.4989960491657257
Sample 19,Chronos,0.5182114243507385
Sample 19,Timer,0.4817885458469391
Sample 20,Moirai,0.5103263258934021
Sample 20,Chronos,0.4896736741065979
Sample 21,Chronos,0.5321803689002991
Sample 21,Moirai,0.46781960129737854
Sample 22,Time-MoE,0.5149679183959961
Sample 22,Moirai,0.4850320518016815
Sample 23,TimesFM,0.5091831088066101
Sample 23,Timer,0.4908168911933899
Sample 24,Chronos,0.5309721231460571
Sample 24,Moirai,0.4690278470516205
Sample 25,Chronos,0.5146759748458862
Sample 25,Moirai,0.48532402515411377
Sample 26,Moirai,0.5229961276054382
Sample 26,Chronos,0.47700390219688416
Sample 27,Chronos,0.5021403431892395
Sample 27,Timer,0.4978596866130829
Sample 28,Timer,0.5022446513175964
Sample 28,TimesFM,0.49775534868240356
Sample 29,Chronos,0.5471521615982056
Sample 29,Moirai,0.45284777879714966
Sample 30,Moirai,0.5031612515449524
Sample 30,Time-MoE,0.49683877825737
Sample 31,TimesFM,0.5069361329078674
Sample 31,Timer,0.49306386709213257
Sample 0,TimesFM,0.5541203022003174
Sample 0,Moirai,0.445879727602005
Sample 1,Chronos,0.5308931469917297
Sample 1,Moirai,0.46910685300827026
Sample 2,Moirai,0.5642743110656738
Sample 2,Chronos,0.43572571873664856
Sample 3,Chronos,0.5212118625640869
Sample 3,Timer,0.4787881672382355
Sample 4,TimesFM,0.5081812739372253
Sample 4,Moirai,0.49181872606277466
Sample 5,Moirai,0.5281625986099243
Sample 5,TimesFM,0.4718374013900757
Sample 6,Timer,0.5106710195541382
Sample 6,Time-MoE,0.48932895064353943
Sample 7,Chronos,0.507779061794281
Sample 7,TimesFM,0.4922209084033966
Sample 8,TimesFM,0.5930495858192444
Sample 8,Moirai,0.4069503843784332
Sample 9,Chronos,0.5189781785011292
Sample 9,Moirai,0.48102182149887085
Sample 10,Chronos,0.5266193747520447
Sample 10,Timer,0.4733806252479553
Sample 11,Timer,0.5301889777183533
Sample 11,Time-MoE,0.46981102228164673
Sample 12,TimesFM,0.5284109711647034
Sample 12,Timer,0.47158902883529663
Sample 13,Chronos,0.5273634791374207
Sample 13,Moirai,0.47263652086257935
Sample 14,Chronos,0.5082184076309204
Sample 14,Moirai,0.49178165197372437
Sample 15,TimesFM,0.5107453465461731
Sample 15,Time-MoE,0.4892546534538269
Sample 16,Chronos,0.5521474480628967
Sample 16,Moirai,0.44785258173942566
Sample 17,Chronos,0.5036163926124573
Sample 17,Moirai,0.4963836371898651
Sample 18,Time-MoE,0.5024794340133667
Sample 18,Moirai,0.4975205063819885
Sample 19,Chronos,0.5565357208251953
Sample 19,Moirai,0.4434642791748047
Sample 20,TimesFM,0.5031903982162476
Sample 20,Timer,0.49680957198143005
Sample 21,Chronos,0.552270770072937
Sample 21,Timer,0.447729229927063
Sample 22,Time-MoE,0.5073806047439575
Sample 22,Timer,0.49261942505836487
Sample 23,Time-MoE,0.5110412836074829
Sample 23,TimesFM,0.4889586567878723
Sample 24,TimesFM,0.5694544315338135
Sample 24,Timer,0.43054553866386414
Sample 25,Chronos,0.5159646272659302
Sample 25,Timer,0.48403531312942505
Sample 26,Moirai,0.5359048247337341
Sample 26,Time-MoE,0.46409523487091064
Sample 27,TimesFM,0.5009955763816833
Sample 27,Timer,0.49900445342063904
Sample 28,TimesFM,0.5273863077163696
Sample 28,Timer,0.4726136326789856
Sample 29,Chronos,0.5477930307388306
Sample 29,Timer,0.45220693945884705
Sample 30,Moirai,0.5080881714820862
Sample 30,Time-MoE,0.4919118285179138
Sample 31,TimesFM,0.5109292268753052
Sample 31,Timer,0.4890707731246948
Sample 0,TimesFM,0.5349788069725037
Sample 0,Chronos,0.46502116322517395
Sample 1,Chronos,0.5394054651260376
Sample 1,Moirai,0.4605945646762848
Sample 2,Moirai,0.5418939590454102
Sample 2,Chronos,0.45810607075691223
Sample 3,Chronos,0.5282235145568848
Sample 3,Timer,0.4717765152454376
Sample 4,Chronos,0.5513203740119934
Sample 4,Timer,0.4486796259880066
Sample 5,Chronos,0.5336870551109314
Sample 5,Timer,0.4663130044937134
Sample 6,Moirai,0.5303282141685486
Sample 6,TimesFM,0.46967172622680664
Sample 7,Chronos,0.5194268822669983
Sample 7,Time-MoE,0.4805731177330017
Sample 8,TimesFM,0.5442972779273987
Sample 8,Chronos,0.4557027816772461
Sample 9,Chronos,0.5199371576309204
Sample 9,Moirai,0.4800628423690796
Sample 10,TimesFM,0.5311406254768372
Sample 10,Time-MoE,0.46885940432548523
Sample 11,Chronos,0.506369948387146
Sample 11,Timer,0.493630051612854
Sample 12,TimesFM,0.5044758319854736
Sample 12,Timer,0.49552419781684875
Sample 13,Moirai,0.5026347637176514
Sample 13,Chronos,0.49736523628234863
Sample 14,Moirai,0.520521879196167
Sample 14,Time-MoE,0.47947806119918823
Sample 15,TimesFM,0.5275188088417053
Sample 15,Timer,0.47248122096061707
Sample 16,TimesFM,0.5302281975746155
Sample 16,Chronos,0.46977177262306213
Sample 17,Timer,0.5299052000045776
Sample 17,Time-MoE,0.4700947701931
Sample 18,Chronos,0.5064017176628113
Sample 18,TimesFM,0.4935983419418335
Sample 19,Timer,0.5148721933364868
Sample 19,TimesFM,0.4851277768611908
Sample 20,TimesFM,0.5036317110061646
Sample 20,Timer,0.4963682293891907
Sample 21,Moirai,0.5155568718910217
Sample 21,Chronos,0.48444312810897827
Sample 22,Chronos,0.5063837170600891
Sample 22,Moirai,0.4936162531375885
Sample 23,Timer,0.5022151470184326
Sample 23,Time-MoE,0.4977848529815674
Sample 24,TimesFM,0.5683573484420776
Sample 24,Timer,0.43164268136024475
Sample 25,Chronos,0.5161545872688293
Sample 25,Moirai,0.48384541273117065
Sample 26,TimesFM,0.5299258828163147
Sample 26,Time-MoE,0.4700741171836853
Sample 27,Chronos,0.5183269381523132
Sample 27,Timer,0.48167312145233154
Sample 28,TimesFM,0.5066138505935669
Sample 28,Timer,0.4933861792087555
Sample 29,Chronos,0.5113398432731628
Sample 29,Time-MoE,0.48866012692451477
Sample 30,Moirai,0.5038787722587585
Sample 30,Timer,0.49612119793891907
Sample 31,TimesFM,0.5073079466819763
Sample 31,Timer,0.4926920533180237
Sample 0,Chronos,0.5369739532470703
Sample 0,TimesFM,0.4630260169506073
Sample 1,Chronos,0.5199357271194458
Sample 1,Moirai,0.4800642728805542
Sample 2,Timer,0.5105516314506531
Sample 2,Time-MoE,0.4894484281539917
Sample 3,Chronos,0.5076863169670105
Sample 3,Timer,0.4923136532306671
Sample 4,Timer,0.549040675163269
Sample 4,Moirai,0.45095935463905334
Sample 5,Moirai,0.5001988410949707
Sample 5,Chronos,0.4998011291027069
Sample 6,Chronos,0.5108146071434021
Sample 6,Moirai,0.4891853630542755
Sample 7,Chronos,0.5095396637916565
Sample 7,TimesFM,0.4904603064060211
Sample 8,TimesFM,0.5479487776756287
Sample 8,Moirai,0.45205122232437134
Sample 9,Chronos,0.5297135710716248
Sample 9,Moirai,0.47028639912605286
Sample 10,Moirai,0.5303764939308167
Sample 10,Time-MoE,0.4696234464645386
Sample 11,Chronos,0.5063178539276123
Sample 11,Timer,0.4936821460723877
Sample 12,Timer,0.5312344431877136
Sample 12,TimesFM,0.46876561641693115
Sample 13,Chronos,0.5529396533966064
Sample 13,Timer,0.44706034660339355
Sample 14,TimesFM,0.5103669166564941
Sample 14,Time-MoE,0.48963308334350586
Sample 15,Moirai,0.5298030972480774
Sample 15,Timer,0.4701968729496002
Sample 16,Chronos,0.5418455004692078
Sample 16,Timer,0.45815446972846985
Sample 17,Moirai,0.5060643553733826
Sample 17,Chronos,0.49393561482429504
Sample 18,Chronos,0.5198484659194946
Sample 18,Moirai,0.48015153408050537
Sample 19,Time-MoE,0.500059962272644
Sample 19,Timer,0.49994000792503357
Sample 20,TimesFM,0.527655839920044
Sample 20,Timer,0.47234413027763367
Sample 21,Chronos,0.5249038338661194
Sample 21,Moirai,0.4750961363315582
Sample 22,Chronos,0.502290666103363
Sample 22,Moirai,0.4977093040943146
Sample 23,Timer,0.500825047492981
Sample 23,TimesFM,0.49917495250701904
Sample 24,TimesFM,0.5460972189903259
Sample 24,Chronos,0.4539027512073517
Sample 25,Chronos,0.5212313532829285
Sample 25,Timer,0.4787686765193939
Sample 26,Moirai,0.5355738401412964
Sample 26,Chronos,0.4644261598587036
Sample 27,Chronos,0.5005493760108948
Sample 27,Timer,0.49945059418678284
Sample 28,TimesFM,0.5233811140060425
Sample 28,Timer,0.47661885619163513
Sample 29,Moirai,0.5387817025184631
Sample 29,Chronos,0.46121829748153687
Sample 30,Moirai,0.539455771446228
Sample 30,Chronos,0.46054425835609436
Sample 31,Chronos,0.503691554069519
Sample 31,TimesFM,0.49630844593048096
Sample 0,TimesFM,0.52699875831604
Sample 0,Timer,0.4730012118816376
Sample 1,Chronos,0.5211521983146667
Sample 1,Moirai,0.4788477420806885
Sample 2,Time-MoE,0.500564694404602
Sample 2,Chronos,0.4994353652000427
Sample 3,Chronos,0.5160183906555176
Sample 3,Timer,0.4839816093444824
Sample 4,Timer,0.5039401054382324
Sample 4,TimesFM,0.4960598647594452
Sample 5,Chronos,0.5042129158973694
Sample 5,Moirai,0.4957871437072754
Sample 6,Timer,0.5014777779579163
Sample 6,Time-MoE,0.49852222204208374
Sample 7,TimesFM,0.510308563709259
Sample 7,Chronos,0.48969143629074097
Sample 8,TimesFM,0.589174747467041
Sample 8,Chronos,0.410825252532959
Sample 9,Chronos,0.5284963250160217
Sample 9,Moirai,0.47150367498397827
Sample 10,Moirai,0.5143916606903076
Sample 10,TimesFM,0.48560830950737
Sample 11,Chronos,0.5094214677810669
Sample 11,Timer,0.4905785322189331
Sample 12,Time-MoE,0.517204225063324
Sample 12,Chronos,0.48279574513435364
Sample 13,Timer,0.5078779458999634
Sample 13,Time-MoE,0.492122083902359
Sample 14,TimesFM,0.512231707572937
Sample 14,Time-MoE,0.4877682626247406
Sample 15,Chronos,0.516316831111908
Sample 15,Time-MoE,0.48368319869041443
Sample 16,TimesFM,0.5241459608078003
Sample 16,Timer,0.4758540093898773
Sample 17,Chronos,0.5343721508979797
Sample 17,Moirai,0.46562790870666504
Sample 18,TimesFM,0.5168482661247253
Sample 18,Timer,0.48315173387527466
Sample 19,Chronos,0.527062177658081
Sample 19,Timer,0.47293776273727417
Sample 20,Moirai,0.5158485770225525
Sample 20,Chronos,0.4841514527797699
Sample 21,Chronos,0.53568434715271
Sample 21,Moirai,0.46431562304496765
Sample 22,Time-MoE,0.5088903307914734
Sample 22,TimesFM,0.4911096692085266
Sample 23,Timer,0.5017935037612915
Sample 23,TimesFM,0.4982064962387085
Sample 24,Chronos,0.5679332613945007
Sample 24,TimesFM,0.43206679821014404
Sample 25,Chronos,0.5256085395812988
Sample 25,Moirai,0.47439152002334595
Sample 26,TimesFM,0.5157777667045593
Sample 26,Moirai,0.4842221736907959
Sample 27,Chronos,0.5200226306915283
Sample 27,Moirai,0.4799773693084717
Sample 28,TimesFM,0.5574901700019836
Sample 28,Moirai,0.44250985980033875
Sample 29,Chronos,0.5035327076911926
Sample 29,Moirai,0.4964672923088074
Sample 30,TimesFM,0.5257177352905273
Sample 30,Moirai,0.47428223490715027
Sample 31,Time-MoE,0.5114128589630127
Sample 31,Timer,0.4885871708393097
Sample 0,Chronos,0.5513021945953369
Sample 0,Moirai,0.4486977458000183
Sample 1,Chronos,0.502858579158783
Sample 1,Moirai,0.49714145064353943
Sample 2,Moirai,0.5737107992172241
Sample 2,Time-MoE,0.4262891709804535
Sample 3,Chronos,0.5174545049667358
Sample 3,Timer,0.4825454652309418
Sample 4,TimesFM,0.5382084846496582
Sample 4,Time-MoE,0.4617914855480194
Sample 5,Chronos,0.5414136648178101
Sample 5,Moirai,0.45858636498451233
Sample 6,Time-MoE,0.5018606781959534
Sample 6,Timer,0.4981393814086914
Sample 7,Time-MoE,0.500300407409668
Sample 7,Timer,0.4996996223926544
Sample 8,TimesFM,0.5533075928688049
Sample 8,Chronos,0.44669243693351746
Sample 9,Chronos,0.5282549262046814
Sample 9,Moirai,0.4717450439929962
Sample 10,Moirai,0.5327135920524597
Sample 10,TimesFM,0.4672863781452179
Sample 11,Chronos,0.505329430103302
Sample 11,Timer,0.4946705400943756
Sample 12,Timer,0.5571485161781311
Sample 12,Time-MoE,0.4428514838218689
Sample 13,Chronos,0.5193421244621277
Sample 13,Moirai,0.4806579351425171
Sample 14,Moirai,0.5262216925621033
Sample 14,Time-MoE,0.4737783670425415
Sample 15,TimesFM,0.501575231552124
Sample 15,Timer,0.4984247386455536
Sample 0,TimesFM,0.5245003700256348
Sample 0,Chronos,0.47549962997436523
Sample 1,Chronos,0.5202229619026184
Sample 1,Timer,0.4797770082950592
Sample 2,TimesFM,0.500318706035614
Sample 2,Time-MoE,0.4996812641620636
Sample 3,Chronos,0.5030978918075562
Sample 3,Timer,0.49690213799476624
Sample 4,Timer,0.5514708757400513
Sample 4,Time-MoE,0.44852912425994873
Sample 5,Chronos,0.5102546215057373
Sample 5,Moirai,0.4897454082965851
Sample 6,Time-MoE,0.5141772627830505
Sample 6,TimesFM,0.48582273721694946
Sample 7,TimesFM,0.5061323046684265
Sample 7,Timer,0.4938677251338959
Sample 8,Chronos,0.5046348571777344
Sample 8,TimesFM,0.49536511301994324
Sample 9,Chronos,0.5190796852111816
Sample 9,Moirai,0.48092028498649597
Sample 10,Moirai,0.5802415013313293
Sample 10,Chronos,0.41975852847099304
Sample 11,Chronos,0.5301761627197266
Sample 11,Moirai,0.46982383728027344
Sample 12,TimesFM,0.5092052221298218
Sample 12,Timer,0.49079474806785583
Sample 13,Chronos,0.5293014049530029
Sample 13,Moirai,0.47069862484931946
Sample 14,Moirai,0.5165521502494812
Sample 14,TimesFM,0.4834478497505188
Sample 15,Timer,0.5027468204498291
Sample 15,TimesFM,0.4972531795501709
Sample 16,TimesFM,0.5914680361747742
Sample 16,Chronos,0.4085319936275482
Sample 17,Chronos,0.5324339270591736
Sample 17,Moirai,0.4675661027431488
Sample 18,TimesFM,0.5383712649345398
Sample 18,Timer,0.4616287052631378
Sample 19,Chronos,0.5205633640289307
Sample 19,Timer,0.4794366657733917
Sample 20,TimesFM,0.526033341884613
Sample 20,Moirai,0.47396668791770935
Sample 21,Chronos,0.5452920198440552
Sample 21,Timer,0.4547080099582672
Sample 22,Time-MoE,0.5021244287490845
Sample 22,TimesFM,0.49787554144859314
Sample 23,Timer,0.5000978112220764
Sample 23,TimesFM,0.4999021291732788
Sample 24,TimesFM,0.5907402038574219
Sample 24,Timer,0.40925976634025574
Sample 25,Chronos,0.5221807956695557
Sample 25,Moirai,0.4778192341327667
Sample 26,Chronos,0.5336453914642334
Sample 26,Timer,0.466354638338089
Sample 27,Chronos,0.5305760502815247
Sample 27,Time-MoE,0.46942391991615295
Sample 28,Timer,0.5093361139297485
Sample 28,TimesFM,0.49066391587257385
Sample 29,Chronos,0.5182130336761475
Sample 29,Moirai,0.48178693652153015
Sample 30,Moirai,0.5088728666305542
Sample 30,TimesFM,0.4911271333694458
Sample 31,TimesFM,0.5117694735527039
Sample 31,Time-MoE,0.48823052644729614
Sample 0,Chronos,0.5094588994979858
Sample 0,Timer,0.4905410408973694
Sample 1,Chronos,0.5253065228462219
Sample 1,Moirai,0.4746934771537781
Sample 2,TimesFM,0.5288511514663696
Sample 2,Time-MoE,0.47114884853363037
Sample 3,Chronos,0.5076165199279785
Sample 3,Timer,0.4923834800720215
Sample 4,Time-MoE,0.5064332485198975
Sample 4,TimesFM,0.4935667812824249
Sample 5,Chronos,0.5235121846199036
Sample 5,Moirai,0.47648781538009644
Sample 6,Time-MoE,0.5148044228553772
Sample 6,Timer,0.4851955771446228
Sample 7,TimesFM,0.5063377022743225
Sample 7,Timer,0.4936623275279999
Sample 8,TimesFM,0.5876978635787964
Sample 8,Moirai,0.4123021066188812
Sample 9,Chronos,0.5250779986381531
Sample 9,Moirai,0.4749220311641693
Sample 10,Moirai,0.5415474772453308
Sample 10,TimesFM,0.45845258235931396
Sample 11,Chronos,0.5198628902435303
Sample 11,Timer,0.4801371097564697
Sample 12,TimesFM,0.5113709568977356
Sample 12,Time-MoE,0.488629013299942
Sample 13,Chronos,0.5441758036613464
Sample 13,Moirai,0.45582425594329834
Sample 14,Time-MoE,0.512285053730011
Sample 14,Chronos,0.4877149760723114
Sample 15,Moirai,0.503142237663269
Sample 15,TimesFM,0.49685773253440857
Sample 16,TimesFM,0.5951833128929138
Sample 16,Chronos,0.4048166573047638
Sample 17,Chronos,0.530985414981842
Sample 17,Moirai,0.46901458501815796
Sample 18,Moirai,0.504142165184021
Sample 18,TimesFM,0.495857834815979
Sample 19,Chronos,0.5216073989868164
Sample 19,Timer,0.478392630815506
Sample 20,Moirai,0.5117880702018738
Sample 20,Chronos,0.48821189999580383
Sample 21,Chronos,0.5367144346237183
Sample 21,Moirai,0.4632855951786041
Sample 22,Time-MoE,0.5250594615936279
Sample 22,TimesFM,0.47494053840637207
Sample 23,TimesFM,0.5016991496086121
Sample 23,Timer,0.4983009099960327
Sample 24,Chronos,0.5342169404029846
Sample 24,Moirai,0.465783029794693
Sample 25,Chronos,0.5187445282936096
Sample 25,Moirai,0.48125550150871277
Sample 26,Moirai,0.5211405158042908
Sample 26,Chronos,0.47885945439338684
Sample 27,Chronos,0.507912814617157
Sample 27,Timer,0.4920872151851654
Sample 28,Timer,0.5078514218330383
Sample 28,TimesFM,0.49214857816696167
Sample 29,Chronos,0.5529392957687378
Sample 29,Moirai,0.44706064462661743
Sample 30,Time-MoE,0.5065930485725403
Sample 30,Moirai,0.4934069514274597
Sample 31,TimesFM,0.5015822649002075
Sample 31,Timer,0.4984177350997925
Sample 0,TimesFM,0.5630568861961365
Sample 0,Moirai,0.4369431436061859
Sample 1,Chronos,0.534856915473938
Sample 1,Moirai,0.4651431143283844
Sample 2,Moirai,0.5677074790000916
Sample 2,Chronos,0.43229249119758606
Sample 3,Chronos,0.5251690745353699
Sample 3,Time-MoE,0.47483086585998535
Sample 4,TimesFM,0.5095833539962769
Sample 4,Moirai,0.49041667580604553
Sample 5,Moirai,0.5226223468780518
Sample 5,TimesFM,0.47737768292427063
Sample 6,Timer,0.5029494166374207
Sample 6,Time-MoE,0.49705058336257935
Sample 7,Chronos,0.5043033957481384
Sample 7,TimesFM,0.4956966042518616
Sample 8,TimesFM,0.605343759059906
Sample 8,Moirai,0.394656240940094
Sample 9,Chronos,0.5223001837730408
Sample 9,Moirai,0.47769978642463684
Sample 10,Chronos,0.52315753698349
Sample 10,Time-MoE,0.4768424928188324
Sample 11,Timer,0.5228530168533325
Sample 11,Time-MoE,0.4771469831466675
Sample 12,TimesFM,0.5222552418708801
Sample 12,Timer,0.4777447283267975
Sample 13,Chronos,0.5330195426940918
Sample 13,Moirai,0.4669804275035858
Sample 14,Chronos,0.5068273544311523
Sample 14,Time-MoE,0.49317264556884766
Sample 15,TimesFM,0.508550763130188
Sample 15,Timer,0.4914492070674896
Sample 16,Chronos,0.5550150871276855
Sample 16,Moirai,0.44498494267463684
Sample 17,Chronos,0.5060226321220398
Sample 17,Moirai,0.4939773678779602
Sample 18,Moirai,0.5016363263130188
Sample 18,Time-MoE,0.4983636736869812
Sample 19,Chronos,0.5574547648429871
Sample 19,Moirai,0.44254520535469055
Sample 20,Timer,0.5026711821556091
Sample 20,TimesFM,0.49732884764671326
Sample 21,Chronos,0.5586117506027222
Sample 21,Moirai,0.44138824939727783
Sample 22,Time-MoE,0.514175534248352
Sample 22,TimesFM,0.48582449555397034
Sample 23,Time-MoE,0.5124911665916443
Sample 23,Timer,0.4875088334083557
Sample 24,TimesFM,0.5711215138435364
Sample 24,Timer,0.42887842655181885
Sample 25,Chronos,0.5204346179962158
Sample 25,Timer,0.4795653522014618
Sample 26,Moirai,0.5351033806800842
Sample 26,Time-MoE,0.4648965895175934
Sample 27,TimesFM,0.5034058094024658
Sample 27,Timer,0.49659422039985657
Sample 28,TimesFM,0.5210649371147156
Sample 28,Timer,0.4789350926876068
Sample 29,Chronos,0.5514638423919678
Sample 29,Time-MoE,0.44853612780570984
Sample 30,Time-MoE,0.5026889443397522
Sample 30,Moirai,0.497310996055603
Sample 31,TimesFM,0.5042852759361267
Sample 31,Timer,0.4957147240638733
Sample 0,TimesFM,0.5472807884216309
Sample 0,Chronos,0.45271924138069153
Sample 1,Chronos,0.5428754687309265
Sample 1,Moirai,0.4571245312690735
Sample 2,Moirai,0.5576999187469482
Sample 2,Timer,0.44230005145072937
Sample 3,Chronos,0.5324260592460632
Sample 3,Timer,0.4675739109516144
Sample 4,Chronos,0.5513722896575928
Sample 4,Time-MoE,0.4486277401447296
Sample 5,Chronos,0.5335978269577026
Sample 5,Timer,0.46640220284461975
Sample 6,Moirai,0.5282585620880127
Sample 6,Time-MoE,0.4717414379119873
Sample 7,Chronos,0.518770694732666
Sample 7,Time-MoE,0.48122936487197876
Sample 8,TimesFM,0.5602090954780579
Sample 8,Chronos,0.43979090452194214
Sample 9,Chronos,0.5230027437210083
Sample 9,Moirai,0.4769973158836365
Sample 10,TimesFM,0.5261140465736389
Sample 10,Time-MoE,0.4738859236240387
Sample 11,Chronos,0.5082308650016785
Sample 11,Time-MoE,0.49176910519599915
Sample 12,TimesFM,0.5003500580787659
Sample 12,Timer,0.4996499717235565
Sample 13,Chronos,0.500140905380249
Sample 13,Moirai,0.499859094619751
Sample 14,Moirai,0.5085346102714539
Sample 14,Time-MoE,0.49146541953086853
Sample 15,TimesFM,0.5270358324050903
Sample 15,Timer,0.47296416759490967
Sample 16,TimesFM,0.5463271141052246
Sample 16,Chronos,0.4536729156970978
Sample 17,Timer,0.5212532877922058
Sample 17,Time-MoE,0.4787467420101166
Sample 18,Chronos,0.5038436055183411
Sample 18,Timer,0.49615639448165894
Sample 19,Timer,0.5125837922096252
Sample 19,Time-MoE,0.48741617798805237
Sample 20,Timer,0.502325713634491
Sample 20,TimesFM,0.49767428636550903
Sample 21,Moirai,0.5062507390975952
Sample 21,Time-MoE,0.4937492311000824
Sample 22,Chronos,0.5005219578742981
Sample 22,Time-MoE,0.4994780123233795
Sample 23,Timer,0.5080246925354004
Sample 23,TimesFM,0.4919753670692444
Sample 24,TimesFM,0.5716413259506226
Sample 24,Timer,0.42835870385169983
Sample 25,Chronos,0.5210293531417847
Sample 25,Moirai,0.4789706766605377
Sample 26,TimesFM,0.5293898582458496
Sample 26,Time-MoE,0.4706101715564728
Sample 27,Chronos,0.519973635673523
Sample 27,Time-MoE,0.48002639412879944
Sample 28,TimesFM,0.5035741329193115
Sample 28,Timer,0.4964258670806885
Sample 29,Chronos,0.5112024545669556
Sample 29,Time-MoE,0.4887976050376892
Sample 30,Time-MoE,0.503633439540863
Sample 30,Moirai,0.49636656045913696
Sample 31,TimesFM,0.5035859942436218
Sample 31,Timer,0.4964139461517334
Sample 0,Chronos,0.5272151827812195
Sample 0,TimesFM,0.4727848768234253
Sample 1,Chronos,0.5229706168174744
Sample 1,Moirai,0.47702932357788086
Sample 2,Timer,0.5039423108100891
Sample 2,Time-MoE,0.4960576593875885
Sample 3,Chronos,0.5101267695426941
Sample 3,Timer,0.4898732304573059
Sample 4,Timer,0.5539868474006653
Sample 4,Moirai,0.4460132122039795
Sample 5,Chronos,0.5031172633171082
Sample 5,Moirai,0.49688276648521423
Sample 6,Chronos,0.5136715173721313
Sample 6,Moirai,0.48632848262786865
Sample 7,Chronos,0.505485475063324
Sample 7,TimesFM,0.4945145547389984
Sample 8,TimesFM,0.5691912174224854
Sample 8,Chronos,0.43080881237983704
Sample 9,Chronos,0.5322526693344116
Sample 9,Moirai,0.4677472710609436
Sample 10,Moirai,0.531022846698761
Sample 10,Time-MoE,0.4689772129058838
Sample 11,Chronos,0.5015784502029419
Sample 11,Timer,0.4984215199947357
Sample 12,Timer,0.5320324301719666
Sample 12,TimesFM,0.46796756982803345
Sample 13,Chronos,0.5574626922607422
Sample 13,Timer,0.4425373077392578
Sample 14,TimesFM,0.5024812817573547
Sample 14,Time-MoE,0.49751877784729004
Sample 15,Moirai,0.5379899740219116
Sample 15,Timer,0.4620100259780884
Sample 16,Chronos,0.5399460196495056
Sample 16,Timer,0.4600540101528168
Sample 17,Moirai,0.5027287006378174
Sample 17,Chronos,0.49727126955986023
Sample 18,Chronos,0.511285126209259
Sample 18,Time-MoE,0.48871490359306335
Sample 19,Time-MoE,0.5065507292747498
Sample 19,Timer,0.49344927072525024
Sample 20,TimesFM,0.523926317691803
Sample 20,Timer,0.476073682308197
Sample 21,Chronos,0.5303687453269958
Sample 21,Moirai,0.46963122487068176
Sample 22,Chronos,0.5018308758735657
Sample 22,Time-MoE,0.4981691241264343
Sample 23,Timer,0.5042105913162231
Sample 23,TimesFM,0.49578937888145447
Sample 24,TimesFM,0.5620887279510498
Sample 24,Chronos,0.4379112124443054
Sample 25,Chronos,0.5234378576278687
Sample 25,Timer,0.47656217217445374
Sample 26,Moirai,0.5371438264846802
Sample 26,Chronos,0.4628561735153198
Sample 27,Chronos,0.5028189420700073
Sample 27,Timer,0.49718108773231506
Sample 28,TimesFM,0.5219756364822388
Sample 28,Timer,0.47802433371543884
Sample 29,Moirai,0.5380450487136841
Sample 29,Time-MoE,0.4619549512863159
Sample 30,Moirai,0.5402853488922119
Sample 30,Chronos,0.4597145915031433
Sample 31,TimesFM,0.5025997161865234
Sample 31,Chronos,0.49740034341812134
Sample 0,TimesFM,0.531129002571106
Sample 0,Timer,0.46887102723121643
Sample 1,Chronos,0.5238699316978455
Sample 1,Moirai,0.47613000869750977
Sample 2,Time-MoE,0.5044503808021545
Sample 2,Chronos,0.49554961919784546
Sample 3,Chronos,0.5141720771789551
Sample 3,Time-MoE,0.4858279228210449
Sample 4,Timer,0.5069139003753662
Sample 4,TimesFM,0.4930861294269562
Sample 5,Chronos,0.5080761909484863
Sample 5,Moirai,0.4919237792491913
Sample 6,Time-MoE,0.5093555450439453
Sample 6,Timer,0.4906444251537323
Sample 7,TimesFM,0.5130332708358765
Sample 7,Chronos,0.48696672916412354
Sample 8,TimesFM,0.6046169400215149
Sample 8,Time-MoE,0.3953830897808075
Sample 9,Chronos,0.5319020748138428
Sample 9,Moirai,0.4680979251861572
Sample 10,Moirai,0.5116653442382812
Sample 10,TimesFM,0.48833465576171875
Sample 11,Chronos,0.5097943544387817
Sample 11,Timer,0.4902056157588959
Sample 12,Time-MoE,0.5166704058647156
Sample 12,Chronos,0.4833296239376068
Sample 13,Timer,0.503734290599823
Sample 13,Time-MoE,0.4962656497955322
Sample 14,TimesFM,0.5062893629074097
Sample 14,Time-MoE,0.49371063709259033
Sample 15,Chronos,0.5150304436683655
Sample 15,TimesFM,0.48496952652931213
Sample 16,TimesFM,0.5278789401054382
Sample 16,Timer,0.4721210300922394
Sample 17,Chronos,0.5376580953598022
Sample 17,Moirai,0.46234196424484253
Sample 18,TimesFM,0.5180298089981079
Sample 18,Timer,0.4819702208042145
Sample 19,Chronos,0.5290554761886597
Sample 19,Timer,0.4709445536136627
Sample 20,Moirai,0.5101699829101562
Sample 20,Chronos,0.48982998728752136
Sample 21,Chronos,0.5386410355567932
Sample 21,Moirai,0.4613589644432068
Sample 22,Time-MoE,0.5203247666358948
Sample 22,TimesFM,0.4796752631664276
Sample 23,Timer,0.5031196475028992
Sample 23,TimesFM,0.4968803822994232
Sample 24,Chronos,0.5609645843505859
Sample 24,TimesFM,0.43903541564941406
Sample 25,Chronos,0.5296133756637573
Sample 25,Moirai,0.4703866243362427
Sample 26,TimesFM,0.5167853832244873
Sample 26,Moirai,0.4832146465778351
Sample 27,Chronos,0.5200297832489014
Sample 27,Time-MoE,0.47997021675109863
Sample 28,TimesFM,0.5687595009803772
Sample 28,Moirai,0.431240439414978
Sample 29,Time-MoE,0.500946044921875
Sample 29,Chronos,0.4990539252758026
Sample 30,TimesFM,0.534826397895813
Sample 30,Moirai,0.465173602104187
Sample 31,Time-MoE,0.5057415962219238
Sample 31,Timer,0.49425843358039856
Sample 0,Chronos,0.5547083616256714
Sample 0,Timer,0.445291668176651
Sample 1,Chronos,0.5057929754257202
Sample 1,Moirai,0.4942069947719574
Sample 2,Moirai,0.5727497339248657
Sample 2,Time-MoE,0.4272502362728119
Sample 3,Chronos,0.5190304517745972
Sample 3,Timer,0.48096954822540283
Sample 4,TimesFM,0.5373945236206055
Sample 4,Time-MoE,0.46260547637939453
Sample 5,Chronos,0.5455197095870972
Sample 5,Moirai,0.4544803500175476
Sample 6,Time-MoE,0.5145729780197144
Sample 6,Timer,0.48542705178260803
Sample 7,Timer,0.5035021305084229
Sample 7,TimesFM,0.4964979290962219
Sample 8,TimesFM,0.5690464973449707
Sample 8,Timer,0.4309535324573517
Sample 9,Chronos,0.5307724475860596
Sample 9,Moirai,0.46922755241394043
Sample 10,Moirai,0.5348309874534607
Sample 10,Time-MoE,0.4651690423488617
Sample 11,Chronos,0.5056878328323364
Sample 11,Timer,0.4943121373653412
Sample 12,Timer,0.5588642954826355
Sample 12,Time-MoE,0.4411356747150421
Sample 13,Chronos,0.5225878953933716
Sample 13,Moirai,0.47741207480430603
Sample 14,Moirai,0.5124021172523499
Sample 14,Time-MoE,0.48759791254997253
Sample 15,TimesFM,0.502512514591217
Sample 15,Timer,0.49748745560646057
Sample 0,TimesFM,0.5359464287757874
Sample 0,Chronos,0.46405360102653503
Sample 1,Chronos,0.5190291404724121
Sample 1,Time-MoE,0.4809708297252655
Sample 2,Time-MoE,0.5032089352607727
Sample 2,TimesFM,0.4967910349369049
Sample 3,Chronos,0.500919759273529
Sample 3,Time-MoE,0.49908024072647095
Sample 4,Timer,0.5530334115028381
Sample 4,Time-MoE,0.4469665586948395
Sample 5,Chronos,0.5124902725219727
Sample 5,Moirai,0.48750975728034973
Sample 6,Time-MoE,0.5289002060890198
Sample 6,TimesFM,0.4710998237133026
Sample 7,TimesFM,0.5094859004020691
Sample 7,Timer,0.4905140995979309
Sample 8,TimesFM,0.5051770210266113
Sample 8,Chronos,0.49482297897338867
Sample 9,Chronos,0.5205091238021851
Sample 9,Timer,0.47949090600013733
Sample 10,Moirai,0.5855823159217834
Sample 10,Chronos,0.41441768407821655
Sample 11,Chronos,0.5234357118606567
Sample 11,Time-MoE,0.4765642583370209
Sample 12,TimesFM,0.5112427473068237
Sample 12,Timer,0.4887572228908539
Sample 13,Chronos,0.5306661128997803
Sample 13,Time-MoE,0.4693338871002197
Sample 14,Moirai,0.5089481472969055
Sample 14,Time-MoE,0.4910518229007721
Sample 15,Timer,0.5004235506057739
Sample 15,TimesFM,0.49957647919654846
Sample 16,TimesFM,0.6048906445503235
Sample 16,Chronos,0.3951093852519989
Sample 17,Chronos,0.5357345938682556
Sample 17,Moirai,0.4642654061317444
Sample 18,TimesFM,0.5426504015922546
Sample 18,Timer,0.45734962821006775
Sample 19,Chronos,0.5131609439849854
Sample 19,Time-MoE,0.48683908581733704
Sample 20,TimesFM,0.5342423319816589
Sample 20,Moirai,0.46575769782066345
Sample 21,Chronos,0.5433444976806641
Sample 21,Time-MoE,0.45665544271469116
Sample 22,Time-MoE,0.5144044160842896
Sample 22,TimesFM,0.48559558391571045
Sample 23,Timer,0.500658392906189
Sample 23,TimesFM,0.49934160709381104
Sample 24,TimesFM,0.6003566980361938
Sample 24,Timer,0.39964333176612854
Sample 25,Chronos,0.5223581790924072
Sample 25,Time-MoE,0.4776418209075928
Sample 26,Chronos,0.5321242809295654
Sample 26,Timer,0.46787577867507935
Sample 27,Chronos,0.5244930982589722
Sample 27,Time-MoE,0.4755069613456726
Sample 28,Timer,0.511691689491272
Sample 28,TimesFM,0.48830828070640564
Sample 29,Chronos,0.5216565132141113
Sample 29,Moirai,0.47834348678588867
Sample 30,Moirai,0.5021772384643555
Sample 30,TimesFM,0.49782276153564453
Sample 31,TimesFM,0.515646755695343
Sample 31,Timer,0.48435327410697937
Sample 0,Chronos,0.5064060688018799
Sample 0,Timer,0.4935939610004425
Sample 1,Chronos,0.529975950717926
Sample 1,Moirai,0.47002407908439636
Sample 2,TimesFM,0.5228220224380493
Sample 2,Time-MoE,0.47717800736427307
Sample 3,Chronos,0.5074276924133301
Sample 3,Timer,0.4925723075866699
Sample 4,Time-MoE,0.5063642263412476
Sample 4,TimesFM,0.49363574385643005
Sample 5,Chronos,0.5292104482650757
Sample 5,Moirai,0.4707895815372467
Sample 6,Time-MoE,0.5282721519470215
Sample 6,Timer,0.4717278480529785
Sample 7,TimesFM,0.5112810730934143
Sample 7,Timer,0.4887189567089081
Sample 8,TimesFM,0.6021188497543335
Sample 8,Chronos,0.3978811502456665
Sample 9,Chronos,0.5299187302589417
Sample 9,Moirai,0.47008129954338074
Sample 10,Moirai,0.538407564163208
Sample 10,Time-MoE,0.461592435836792
Sample 11,Chronos,0.5189348459243774
Sample 11,Time-MoE,0.4810650944709778
Sample 12,TimesFM,0.5022450089454651
Sample 12,Time-MoE,0.49775493144989014
Sample 13,Chronos,0.5498204827308655
Sample 13,Moirai,0.45017945766448975
Sample 14,Time-MoE,0.52152419090271
Sample 14,Chronos,0.47847580909729004
Sample 15,Moirai,0.5029935240745544
Sample 15,TimesFM,0.49700644612312317
Sample 16,TimesFM,0.6092501878738403
Sample 16,Chronos,0.39074981212615967
Sample 17,Chronos,0.5355069637298584
Sample 17,Moirai,0.4644930362701416
Sample 18,Moirai,0.5070971250534058
Sample 18,TimesFM,0.49290287494659424
Sample 19,Chronos,0.5221037864685059
Sample 19,Timer,0.47789624333381653
Sample 20,Moirai,0.5115726590156555
Sample 20,Chronos,0.48842737078666687
Sample 21,Chronos,0.5424817800521851
Sample 21,Moirai,0.45751821994781494
Sample 22,Time-MoE,0.5417720675468445
Sample 22,Moirai,0.4582279622554779
Sample 23,TimesFM,0.5044532418251038
Sample 23,Timer,0.49554675817489624
Sample 24,Chronos,0.5352022647857666
Sample 24,TimesFM,0.4647977352142334
Sample 25,Chronos,0.5160992741584778
Sample 25,Time-MoE,0.4839007258415222
Sample 26,Moirai,0.518816351890564
Sample 26,Chronos,0.48118364810943604
Sample 27,Chronos,0.5093669295310974
Sample 27,Timer,0.4906330406665802
Sample 28,Timer,0.5068999528884888
Sample 28,TimesFM,0.49310004711151123
Sample 29,Chronos,0.5592083930969238
Sample 29,Time-MoE,0.44079163670539856
Sample 30,Time-MoE,0.5212885737419128
Sample 30,Moirai,0.47871142625808716
Sample 31,TimesFM,0.506477415561676
Sample 31,Timer,0.493522584438324
Sample 0,TimesFM,0.5709278583526611
Sample 0,Moirai,0.4290720820426941
Sample 1,Chronos,0.5424546003341675
Sample 1,Moirai,0.4575454294681549
Sample 2,Moirai,0.5696314573287964
Sample 2,Chronos,0.4303685128688812
Sample 3,Chronos,0.5265251994132996
Sample 3,Time-MoE,0.4734748303890228
Sample 4,TimesFM,0.5120869278907776
Sample 4,Moirai,0.4879130423069
Sample 5,Moirai,0.5234382748603821
Sample 5,TimesFM,0.4765617251396179
Sample 6,Time-MoE,0.501670241355896
Sample 6,Timer,0.4983297288417816
Sample 7,TimesFM,0.5006999969482422
Sample 7,Chronos,0.49929994344711304
Sample 8,TimesFM,0.6188814640045166
Sample 8,Moirai,0.381118506193161
Sample 9,Chronos,0.5291767120361328
Sample 9,Moirai,0.4708232581615448
Sample 10,Chronos,0.521737277507782
Sample 10,Time-MoE,0.4782627522945404
Sample 11,Timer,0.5207775235176086
Sample 11,Time-MoE,0.47922250628471375
Sample 12,TimesFM,0.5269284248352051
Sample 12,Timer,0.4730716049671173
Sample 13,Chronos,0.5424115061759949
Sample 13,Moirai,0.45758846402168274
Sample 14,Chronos,0.505499005317688
Sample 14,Time-MoE,0.4945010542869568
Sample 15,TimesFM,0.5095080137252808
Sample 15,Moirai,0.4904920160770416
Sample 16,Chronos,0.5595428347587585
Sample 16,Timer,0.44045719504356384
Sample 17,Chronos,0.5119184851646423
Sample 17,Moirai,0.48808151483535767
Sample 18,Moirai,0.5047048330307007
Sample 18,Time-MoE,0.4952951967716217
Sample 19,Chronos,0.5610086917877197
Sample 19,Moirai,0.4389913082122803
Sample 20,Timer,0.5017010569572449
Sample 20,TimesFM,0.4982989430427551
Sample 21,Chronos,0.5649433135986328
Sample 21,Timer,0.43505674600601196
Sample 22,Time-MoE,0.5278931856155396
Sample 22,TimesFM,0.47210684418678284
Sample 23,Time-MoE,0.5126861929893494
Sample 23,Timer,0.48731380701065063
Sample 24,TimesFM,0.5813720226287842
Sample 24,Timer,0.41862791776657104
Sample 25,Chronos,0.5231220722198486
Sample 25,Timer,0.4768778681755066
Sample 26,Moirai,0.5346060395240784
Sample 26,Time-MoE,0.46539396047592163
Sample 27,Timer,0.5007303357124329
Sample 27,TimesFM,0.49926966428756714
Sample 28,TimesFM,0.5256935358047485
Sample 28,Timer,0.47430652379989624
Sample 29,Chronos,0.5553363561630249
Sample 29,Time-MoE,0.4446636736392975
Sample 30,Time-MoE,0.5140543580055237
Sample 30,Moirai,0.4859456419944763
Sample 31,TimesFM,0.5094403028488159
Sample 31,Timer,0.4905596673488617
Sample 0,TimesFM,0.5591983795166016
Sample 0,Moirai,0.44080156087875366
Sample 1,Chronos,0.5506390929222107
Sample 1,Timer,0.4493608772754669
Sample 2,Moirai,0.5714836120605469
Sample 2,Time-MoE,0.4285164177417755
Sample 3,Chronos,0.5372629761695862
Sample 3,Timer,0.4627370238304138
Sample 4,Chronos,0.5566169619560242
Sample 4,Time-MoE,0.4433830678462982
Sample 5,Chronos,0.5359240770339966
Sample 5,Timer,0.4640759527683258
Sample 6,Moirai,0.5247985124588013
Sample 6,Time-MoE,0.4752015471458435
Sample 7,Chronos,0.5191285610198975
Sample 7,Time-MoE,0.48087143898010254
Sample 8,TimesFM,0.5737468600273132
Sample 8,Chronos,0.42625319957733154
Sample 9,Chronos,0.5320432186126709
Sample 9,Moirai,0.4679567813873291
Sample 10,TimesFM,0.5220311880111694
Sample 10,Time-MoE,0.47796881198883057
Sample 11,Chronos,0.514887809753418
Sample 11,Time-MoE,0.48511219024658203
Sample 12,TimesFM,0.5041888952255249
Sample 12,Timer,0.4958111047744751
Sample 13,Chronos,0.5086405277252197
Sample 13,Moirai,0.49135953187942505
Sample 14,Time-MoE,0.5013272762298584
Sample 14,Moirai,0.4986726939678192
Sample 15,TimesFM,0.533491313457489
Sample 15,Timer,0.4665087163448334
Sample 16,TimesFM,0.5587388873100281
Sample 16,Chronos,0.4412611126899719
Sample 17,Timer,0.5206236839294434
Sample 17,Time-MoE,0.4793763756752014
Sample 18,Chronos,0.5022123456001282
Sample 18,TimesFM,0.4977877140045166
Sample 19,Timer,0.5154966115951538
Sample 19,Time-MoE,0.4845033884048462
Sample 20,TimesFM,0.500714898109436
Sample 20,Timer,0.49928513169288635
Sample 21,Moirai,0.5004166960716248
Sample 21,Time-MoE,0.49958327412605286
Sample 22,Time-MoE,0.5013403296470642
Sample 22,Chronos,0.4986597001552582
Sample 23,Timer,0.5023305416107178
Sample 23,TimesFM,0.4976694583892822
Sample 24,TimesFM,0.5806010365486145
Sample 24,Timer,0.4193989634513855
Sample 25,Chronos,0.5322830080986023
Sample 25,Moirai,0.4677169620990753
Sample 26,TimesFM,0.5296609401702881
Sample 26,Time-MoE,0.4703390598297119
Sample 27,Chronos,0.5283122658729553
Sample 27,Time-MoE,0.4716877341270447
Sample 28,TimesFM,0.5082200765609741
Sample 28,Timer,0.49177998304367065
Sample 29,Chronos,0.5202962756156921
Sample 29,Time-MoE,0.47970375418663025
Sample 30,Time-MoE,0.5065513849258423
Sample 30,Timer,0.4934486150741577
Sample 31,TimesFM,0.5093674063682556
Sample 31,Timer,0.4906325936317444
Sample 0,Chronos,0.525040864944458
Sample 0,TimesFM,0.47495919466018677
Sample 1,Chronos,0.5337196588516235
Sample 1,Moirai,0.46628034114837646
Sample 2,Timer,0.5068219304084778
Sample 2,Time-MoE,0.493178129196167
Sample 3,Chronos,0.5156436562538147
Sample 3,Timer,0.4843563437461853
Sample 4,Timer,0.5574935078620911
Sample 4,Moirai,0.44250646233558655
Sample 5,Chronos,0.5145686268806458
Sample 5,Moirai,0.48543140292167664
Sample 6,Chronos,0.5230912566184998
Sample 6,Moirai,0.47690877318382263
Sample 7,Chronos,0.5000396370887756
Sample 7,TimesFM,0.499960333108902
Sample 8,TimesFM,0.5780431032180786
Sample 8,Chronos,0.4219568371772766
Sample 9,Chronos,0.5404181480407715
Sample 9,Timer,0.45958182215690613
Sample 10,Moirai,0.5321081876754761
Sample 10,Time-MoE,0.4678918421268463
Sample 11,Chronos,0.5032261610031128
Sample 11,Timer,0.4967738091945648
Sample 12,Timer,0.5348304510116577
Sample 12,TimesFM,0.4651695191860199
Sample 13,Chronos,0.5674040913581848
Sample 13,Timer,0.4325959086418152
Sample 14,Time-MoE,0.5046296715736389
Sample 14,TimesFM,0.4953703284263611
Sample 15,Moirai,0.5435526967048645
Sample 15,Chronos,0.4564473032951355
Sample 16,Chronos,0.5422707796096802
Sample 16,Timer,0.4577292203903198
Sample 17,Chronos,0.5084932446479797
Sample 17,Moirai,0.49150678515434265
Sample 18,Chronos,0.5180112719535828
Sample 18,Time-MoE,0.48198869824409485
Sample 19,Time-MoE,0.5026153326034546
Sample 19,Timer,0.4973846673965454
Sample 20,TimesFM,0.5295131206512451
Sample 20,Timer,0.47048693895339966
Sample 21,Chronos,0.5441007018089294
Sample 21,Moirai,0.45589932799339294
Sample 22,Chronos,0.5093520879745483
Sample 22,Time-MoE,0.49064791202545166
Sample 23,Moirai,0.5012202858924866
Sample 23,TimesFM,0.49877968430519104
Sample 24,TimesFM,0.5760425329208374
Sample 24,Chronos,0.423957496881485
Sample 25,Chronos,0.5297026038169861
Sample 25,Timer,0.47029733657836914
Sample 26,Moirai,0.5391764640808105
Sample 26,Chronos,0.4608234763145447
Sample 27,Chronos,0.5077326893806458
Sample 27,Timer,0.49226734042167664
Sample 28,TimesFM,0.5284990668296814
Sample 28,Timer,0.471500962972641
Sample 29,Moirai,0.536033034324646
Sample 29,Chronos,0.463966965675354
Sample 30,Moirai,0.5360587239265442
Sample 30,Chronos,0.4639412462711334
Sample 31,TimesFM,0.5029745697975159
Sample 31,Moirai,0.4970254600048065
Sample 0,TimesFM,0.5370178818702698
Sample 0,Timer,0.4629821479320526
Sample 1,Chronos,0.5362456440925598
Sample 1,Moirai,0.4637543559074402
Sample 2,Time-MoE,0.5025923848152161
Sample 2,Chronos,0.49740761518478394
Sample 3,Chronos,0.5250829458236694
Sample 3,Timer,0.47491705417633057
Sample 4,Timer,0.5040342211723328
Sample 4,TimesFM,0.49596577882766724
Sample 5,Chronos,0.5205429792404175
Sample 5,Moirai,0.4794570505619049
Sample 6,Time-MoE,0.5062767267227173
Sample 6,Timer,0.4937233030796051
Sample 7,TimesFM,0.5164476037025452
Sample 7,Time-MoE,0.4835524260997772
Sample 8,TimesFM,0.6117050051689148
Sample 8,Time-MoE,0.3882949650287628
Sample 9,Chronos,0.5447754859924316
Sample 9,Moirai,0.45522451400756836
Sample 10,Moirai,0.5150794982910156
Sample 10,Chronos,0.4849205017089844
Sample 11,Chronos,0.5153260231018066
Sample 11,Timer,0.48467400670051575
Sample 12,Time-MoE,0.5161000490188599
Sample 12,Chronos,0.48389989137649536
Sample 13,Timer,0.503119707107544
Sample 13,Time-MoE,0.49688029289245605
Sample 14,Time-MoE,0.5010803937911987
Sample 14,TimesFM,0.49891963601112366
Sample 15,Chronos,0.5134477615356445
Sample 15,TimesFM,0.48655226826667786
Sample 16,TimesFM,0.5341644883155823
Sample 16,Timer,0.4658355414867401
Sample 17,Chronos,0.5475635528564453
Sample 17,Timer,0.4524364769458771
Sample 18,TimesFM,0.5229508876800537
Sample 18,Timer,0.4770490825176239
Sample 19,Chronos,0.5370883345603943
Sample 19,Timer,0.4629116654396057
Sample 20,Chronos,0.5038658976554871
Sample 20,Moirai,0.49613410234451294
Sample 21,Chronos,0.5516486167907715
Sample 21,Moirai,0.4483514428138733
Sample 22,Time-MoE,0.5272938013076782
Sample 22,TimesFM,0.4727061986923218
Sample 23,TimesFM,0.5028043985366821
Sample 23,Timer,0.4971955418586731
Sample 24,Chronos,0.5636151432991028
Sample 24,TimesFM,0.4363848567008972
Sample 25,Chronos,0.5436028838157654
Sample 25,Moirai,0.456397145986557
Sample 26,TimesFM,0.5149271488189697
Sample 26,Moirai,0.4850728213787079
Sample 27,Chronos,0.5361132621765137
Sample 27,Time-MoE,0.46388673782348633
Sample 28,TimesFM,0.5791887044906616
Sample 28,Moirai,0.420811265707016
Sample 29,Chronos,0.5109802484512329
Sample 29,Time-MoE,0.48901981115341187
Sample 30,TimesFM,0.5388884544372559
Sample 30,Moirai,0.46111151576042175
Sample 31,Time-MoE,0.5139263868331909
Sample 31,Timer,0.4860735535621643
Sample 0,Chronos,0.5622403025627136
Sample 0,Timer,0.4377596974372864
Sample 1,Chronos,0.5209210515022278
Sample 1,Moirai,0.479079008102417
Sample 2,Moirai,0.5782255530357361
Sample 2,Time-MoE,0.4217744469642639
Sample 3,Chronos,0.5290164351463318
Sample 3,Timer,0.470983624458313
Sample 4,TimesFM,0.5293633341789246
Sample 4,Time-MoE,0.47063666582107544
Sample 5,Chronos,0.5607213973999023
Sample 5,Moirai,0.43927860260009766
Sample 6,Time-MoE,0.5087998509407043
Sample 6,Timer,0.4912000894546509
Sample 7,TimesFM,0.5005878806114197
Sample 7,Timer,0.4994121193885803
Sample 8,TimesFM,0.5721107125282288
Sample 8,Timer,0.42788931727409363
Sample 9,Chronos,0.5417083501815796
Sample 9,Timer,0.4582916498184204
Sample 10,Moirai,0.5406880378723145
Sample 10,TimesFM,0.4593120217323303
Sample 11,Chronos,0.5147348642349243
Sample 11,Timer,0.4852651357650757
Sample 12,Timer,0.564403235912323
Sample 12,Time-MoE,0.435596764087677
Sample 13,Chronos,0.536532461643219
Sample 13,Moirai,0.46346747875213623
Sample 14,Moirai,0.5149123072624207
Sample 14,Time-MoE,0.48508772253990173
Sample 15,TimesFM,0.5073479413986206
Sample 15,Timer,0.492652028799057
Sample 0,TimesFM,0.542678713798523
Sample 0,Chronos,0.45732125639915466
Sample 1,Chronos,0.5319201946258545
Sample 1,Timer,0.4680798351764679
Sample 2,Time-MoE,0.5149868130683899
Sample 2,TimesFM,0.4850132167339325
Sample 3,Chronos,0.5127062201499939
Sample 3,Timer,0.4872938096523285
Sample 4,Timer,0.5615777969360352
Sample 4,Moirai,0.43842217326164246
Sample 5,Chronos,0.5261115431785583
Sample 5,Moirai,0.4738883972167969
Sample 6,Time-MoE,0.5302897691726685
Sample 6,TimesFM,0.4697102904319763
Sample 7,TimesFM,0.5133671760559082
Sample 7,Timer,0.4866328239440918
Sample 8,TimesFM,0.5057649612426758
Sample 8,Chronos,0.49423500895500183
Sample 9,Chronos,0.5322124361991882
Sample 9,Timer,0.46778756380081177
Sample 10,Moirai,0.591867983341217
Sample 10,Chronos,0.40813198685646057
Sample 11,Chronos,0.5434426069259644
Sample 11,Timer,0.45655739307403564
Sample 12,TimesFM,0.511712908744812
Sample 12,Timer,0.4882871210575104
Sample 13,Chronos,0.5513538122177124
Sample 13,Moirai,0.44864621758461
Sample 14,Moirai,0.5044413208961487
Sample 14,Time-MoE,0.4955587089061737
Sample 15,TimesFM,0.5025377869606018
Sample 15,Timer,0.4974622130393982
Sample 16,TimesFM,0.6109622120857239
Sample 16,Moirai,0.3890377879142761
Sample 17,Chronos,0.55142742395401
Sample 17,Moirai,0.44857263565063477
Sample 18,TimesFM,0.5457324385643005
Sample 18,Timer,0.45426756143569946
Sample 19,Chronos,0.5319463014602661
Sample 19,Timer,0.4680537283420563
Sample 20,TimesFM,0.5387476682662964
Sample 20,Moirai,0.4612523019313812
Sample 21,Chronos,0.5621722936630249
Sample 21,Timer,0.4378277063369751
Sample 22,Time-MoE,0.5196502804756165
Sample 22,TimesFM,0.4803497791290283
Sample 23,Time-MoE,0.5013747215270996
Sample 23,Timer,0.4986253082752228
Sample 24,TimesFM,0.6065235733985901
Sample 24,Timer,0.3934764266014099
Sample 25,Chronos,0.5378108024597168
Sample 25,Timer,0.4621892273426056
Sample 26,Chronos,0.5385066866874695
Sample 26,Timer,0.4614933133125305
Sample 27,Chronos,0.5381975173950195
Sample 27,Time-MoE,0.46180251240730286
Sample 28,Timer,0.5105483531951904
Sample 28,TimesFM,0.48945164680480957
Sample 29,Chronos,0.5373687148094177
Sample 29,Moirai,0.4626312553882599
Sample 30,TimesFM,0.5007551908493042
Sample 30,Moirai,0.4992448389530182
Sample 31,TimesFM,0.5178250670433044
Sample 31,Time-MoE,0.48217493295669556
Sample 0,Chronos,0.5021560192108154
Sample 0,Timer,0.4978439509868622
Sample 1,Chronos,0.5437682867050171
Sample 1,Moirai,0.4562317430973053
Sample 2,TimesFM,0.5146452188491821
Sample 2,Time-MoE,0.4853547513484955
Sample 3,Chronos,0.517046332359314
Sample 3,Timer,0.4829537272453308
Sample 4,Time-MoE,0.5093612670898438
Sample 4,TimesFM,0.49063873291015625
Sample 5,Chronos,0.544417142868042
Sample 5,Moirai,0.4555828273296356
Sample 6,Time-MoE,0.5255398154258728
Sample 6,Timer,0.4744601249694824
Sample 7,TimesFM,0.513729989528656
Sample 7,Timer,0.4862699508666992
Sample 8,TimesFM,0.6057751178741455
Sample 8,Chronos,0.3942248225212097
Sample 9,Chronos,0.5435464382171631
Sample 9,Timer,0.45645350217819214
Sample 10,Moirai,0.546445369720459
Sample 10,TimesFM,0.453554630279541
Sample 11,Chronos,0.5237681865692139
Sample 11,Timer,0.4762318432331085
Sample 12,Time-MoE,0.5051209926605225
Sample 12,TimesFM,0.49487897753715515
Sample 13,Chronos,0.5647298097610474
Sample 13,Moirai,0.4352702498435974
Sample 14,Time-MoE,0.5079289078712463
Sample 14,Chronos,0.49207109212875366
Sample 15,Moirai,0.5069082975387573
Sample 15,TimesFM,0.4930917024612427
Sample 16,TimesFM,0.6201752424240112
Sample 16,Chronos,0.37982475757598877
Sample 17,Chronos,0.5493545532226562
Sample 17,Moirai,0.450645387172699
Sample 18,Moirai,0.5055146217346191
Sample 18,Time-MoE,0.49448537826538086
Sample 19,Chronos,0.5325246453285217
Sample 19,Timer,0.46747538447380066
Sample 20,Moirai,0.5043087005615234
Sample 20,Chronos,0.49569129943847656
Sample 21,Chronos,0.5573466420173645
Sample 21,Moirai,0.4426533281803131
Sample 22,Time-MoE,0.5440207123756409
Sample 22,Moirai,0.45597928762435913
Sample 23,TimesFM,0.5084801912307739
Sample 23,Timer,0.4915197789669037
Sample 24,Chronos,0.5407251715660095
Sample 24,Timer,0.4592747986316681
Sample 25,Chronos,0.5352168083190918
Sample 25,Timer,0.4647831618785858
Sample 26,Moirai,0.5100138783454895
Sample 26,Chronos,0.4899861514568329
Sample 27,Chronos,0.5211536884307861
Sample 27,Timer,0.4788462817668915
Sample 28,Timer,0.5055763125419617
Sample 28,TimesFM,0.4944237172603607
Sample 29,Chronos,0.57657390832901
Sample 29,Timer,0.4234261214733124
Sample 30,Time-MoE,0.5161439776420593
Sample 30,Chronos,0.48385608196258545
Sample 31,TimesFM,0.5096707344055176
Sample 31,Timer,0.4903292953968048
Sample 0,TimesFM,0.5693519711494446
Sample 0,Moirai,0.43064799904823303
Sample 1,Chronos,0.5525832176208496
Sample 1,Timer,0.4474168121814728
Sample 2,Moirai,0.5702263116836548
Sample 2,Chronos,0.4297736883163452
Sample 3,Chronos,0.5402066111564636
Sample 3,Timer,0.45979341864585876
Sample 4,TimesFM,0.5106141567230225
Sample 4,Moirai,0.4893858730792999
Sample 5,Moirai,0.5240302681922913
Sample 5,Chronos,0.4759697914123535
Sample 6,Time-MoE,0.5011003017425537
Sample 6,Timer,0.4988997280597687
Sample 7,TimesFM,0.5026016235351562
Sample 7,Moirai,0.49739837646484375
Sample 8,TimesFM,0.6247444748878479
Sample 8,Moirai,0.3752554655075073
Sample 9,Chronos,0.5411714911460876
Sample 9,Moirai,0.45882850885391235
Sample 10,Chronos,0.5363250970840454
Sample 10,Time-MoE,0.4636749029159546
Sample 11,Timer,0.5213175415992737
Sample 11,Time-MoE,0.4786824882030487
Sample 12,TimesFM,0.5319620370864868
Sample 12,Timer,0.46803799271583557
Sample 13,Chronos,0.557149350643158
Sample 13,Moirai,0.44285067915916443
Sample 14,Chronos,0.517875075340271
Sample 14,Time-MoE,0.4821249544620514
Sample 15,TimesFM,0.5074792504310608
Sample 15,Moirai,0.4925207495689392
Sample 16,Chronos,0.5657019019126892
Sample 16,Timer,0.4342980980873108
Sample 17,Chronos,0.5228366255760193
Sample 17,Timer,0.4771633744239807
Sample 18,Time-MoE,0.5015605092048645
Sample 18,Moirai,0.4984394907951355
Sample 19,Chronos,0.5649541616439819
Sample 19,Moirai,0.43504586815834045
Sample 20,TimesFM,0.5000661611557007
Sample 20,Timer,0.4999338686466217
Sample 21,Chronos,0.5772687792778015
Sample 21,Timer,0.4227311611175537
Sample 22,Time-MoE,0.5264222621917725
Sample 22,Chronos,0.47357770800590515
Sample 23,Time-MoE,0.5146411657333374
Sample 23,TimesFM,0.4853588342666626
Sample 24,TimesFM,0.5857308506965637
Sample 24,Timer,0.41426917910575867
Sample 25,Chronos,0.5318649411201477
Sample 25,Timer,0.4681350886821747
Sample 26,Moirai,0.5352909564971924
Sample 26,Time-MoE,0.46470907330513
Sample 27,Timer,0.5012844800949097
Sample 27,TimesFM,0.49871551990509033
Sample 28,TimesFM,0.5309546589851379
Sample 28,Timer,0.46904537081718445
Sample 29,Chronos,0.5719159245491028
Sample 29,Timer,0.4280840754508972
Sample 30,Time-MoE,0.5028049349784851
Sample 30,Chronos,0.4971950650215149
Sample 31,TimesFM,0.5131637454032898
Sample 31,Timer,0.4868362545967102
Sample 0,TimesFM,0.554679811000824
Sample 0,Moirai,0.44532015919685364
Sample 1,Chronos,0.5569785833358765
Sample 1,Timer,0.44302138686180115
Sample 2,Moirai,0.5885489583015442
Sample 2,Chronos,0.4114510416984558
Sample 3,Chronos,0.5428922176361084
Sample 3,Timer,0.4571077823638916
Sample 4,Chronos,0.5633292198181152
Sample 4,Timer,0.43667078018188477
Sample 5,Chronos,0.536468505859375
Sample 5,Timer,0.463531494140625
Sample 6,Moirai,0.5253756642341614
Sample 6,Time-MoE,0.47462430596351624
Sample 7,Chronos,0.5195133090019226
Sample 7,Moirai,0.4804866909980774
Sample 8,TimesFM,0.5748273134231567
Sample 8,Timer,0.4251726567745209
Sample 9,Chronos,0.5403869152069092
Sample 9,Moirai,0.4596130847930908
Sample 10,TimesFM,0.5155470967292786
Sample 10,Time-MoE,0.48445287346839905
Sample 11,Chronos,0.5211173295974731
Sample 11,Timer,0.47888264060020447
Sample 12,TimesFM,0.5045643448829651
Sample 12,Timer,0.4954356849193573
Sample 13,Chronos,0.5167186260223389
Sample 13,Moirai,0.48328131437301636
Sample 14,Time-MoE,0.5075207948684692
Sample 14,Moirai,0.4924791753292084
Sample 15,TimesFM,0.535975456237793
Sample 15,Timer,0.46402454376220703
Sample 16,TimesFM,0.5595507025718689
Sample 16,Timer,0.4404493570327759
Sample 17,Timer,0.5245587229728699
Sample 17,Time-MoE,0.4754413068294525
Sample 18,Chronos,0.5021628141403198
Sample 18,TimesFM,0.4978371858596802
Sample 19,Timer,0.5188813805580139
Sample 19,TimesFM,0.48111864924430847
Sample 20,TimesFM,0.5029418468475342
Sample 20,Timer,0.4970581531524658
Sample 21,Chronos,0.5085055828094482
Sample 21,Moirai,0.49149441719055176
Sample 22,Chronos,0.5052480697631836
Sample 22,Time-MoE,0.4947519302368164
Sample 23,Moirai,0.5000877976417542
Sample 23,Timer,0.4999121427536011
Sample 24,TimesFM,0.5805606842041016
Sample 24,Timer,0.4194393455982208
Sample 25,Chronos,0.5437572002410889
Sample 25,Moirai,0.45624274015426636
Sample 26,TimesFM,0.5266371965408325
Sample 26,Time-MoE,0.4733628034591675
Sample 27,Chronos,0.538443386554718
Sample 27,Timer,0.4615565538406372
Sample 28,TimesFM,0.5088115334510803
Sample 28,Timer,0.4911884367465973
Sample 29,Chronos,0.533661425113678
Sample 29,Time-MoE,0.466338574886322
Sample 30,Time-MoE,0.5014815330505371
Sample 30,Timer,0.4985184669494629
Sample 31,TimesFM,0.5100730657577515
Sample 31,Timer,0.48992693424224854
Sample 0,Chronos,0.5272715091705322
Sample 0,Timer,0.4727284610271454
Sample 1,Chronos,0.5389847159385681
Sample 1,Moirai,0.4610153138637543
Sample 2,Timer,0.5109593272209167
Sample 2,Time-MoE,0.48904067277908325
Sample 3,Chronos,0.5181239247322083
Sample 3,Timer,0.481876015663147
Sample 4,Timer,0.5609667897224426
Sample 4,Moirai,0.4390332102775574
Sample 5,Chronos,0.5203790068626404
Sample 5,Moirai,0.4796209931373596
Sample 6,Chronos,0.5269697308540344
Sample 6,Moirai,0.47303029894828796
Sample 7,TimesFM,0.500026524066925
Sample 7,Chronos,0.49997350573539734
Sample 8,TimesFM,0.5759813785552979
Sample 8,Moirai,0.42401859164237976
Sample 9,Chronos,0.5439911484718323
Sample 9,Timer,0.45600882172584534
Sample 10,Moirai,0.5343420505523682
Sample 10,Time-MoE,0.4656579792499542
Sample 11,Chronos,0.5017801523208618
Sample 11,Timer,0.4982198178768158
Sample 12,Timer,0.5402887463569641
Sample 12,TimesFM,0.45971131324768066
Sample 13,Chronos,0.5739033818244934
Sample 13,Timer,0.4260965883731842
Sample 14,Time-MoE,0.5088244080543518
Sample 14,TimesFM,0.4911755919456482
Sample 15,Moirai,0.5455787777900696
Sample 15,Chronos,0.4544212222099304
Sample 16,Chronos,0.5406341552734375
Sample 16,Timer,0.4593658447265625
Sample 17,Chronos,0.5145430564880371
Sample 17,Moirai,0.4854569733142853
Sample 18,Chronos,0.5262876749038696
Sample 18,Time-MoE,0.47371232509613037
Sample 19,Time-MoE,0.5034210085868835
Sample 19,Timer,0.49657902121543884
Sample 20,TimesFM,0.5342280268669128
Sample 20,Timer,0.4657719135284424
Sample 21,Chronos,0.5518147945404053
Sample 21,Moirai,0.44818517565727234
Sample 22,Chronos,0.515540599822998
Sample 22,Time-MoE,0.4844593405723572
Sample 23,Moirai,0.5048270225524902
Sample 23,TimesFM,0.4951729476451874
Sample 24,TimesFM,0.58006352186203
Sample 24,Chronos,0.41993650794029236
Sample 25,Chronos,0.5326545834541321
Sample 25,Timer,0.46734535694122314
Sample 26,Moirai,0.5441604852676392
Sample 26,Chronos,0.4558395743370056
Sample 27,Chronos,0.5097612142562866
Sample 27,Timer,0.4902387857437134
Sample 28,TimesFM,0.530422568321228
Sample 28,Timer,0.469577431678772
Sample 29,Moirai,0.5364758968353271
Sample 29,Chronos,0.46352410316467285
Sample 30,Moirai,0.5369018912315369
Sample 30,Chronos,0.46309804916381836
Sample 31,Moirai,0.5058028101921082
Sample 31,TimesFM,0.49419721961021423
Sample 0,TimesFM,0.5297490358352661
Sample 0,Timer,0.4702509939670563
Sample 1,Chronos,0.5386936664581299
Sample 1,Timer,0.46130630373954773
Sample 2,Time-MoE,0.502777099609375
Sample 2,Chronos,0.497222900390625
Sample 3,Chronos,0.5251789093017578
Sample 3,Timer,0.4748211205005646
Sample 4,Timer,0.5048542618751526
Sample 4,TimesFM,0.4951457679271698
Sample 5,Chronos,0.5228105783462524
Sample 5,Moirai,0.47718942165374756
Sample 6,Time-MoE,0.5040268898010254
Sample 6,Timer,0.4959730803966522
Sample 7,TimesFM,0.517307460308075
Sample 7,Time-MoE,0.48269250988960266
Sample 8,TimesFM,0.614554762840271
Sample 8,Time-MoE,0.385445237159729
Sample 9,Chronos,0.5478144884109497
Sample 9,Timer,0.4521855115890503
Sample 10,Moirai,0.5193148851394653
Sample 10,Chronos,0.48068511486053467
Sample 11,Chronos,0.5143715739250183
Sample 11,Timer,0.4856284260749817
Sample 12,Time-MoE,0.5163397789001465
Sample 12,Chronos,0.4836602509021759
Sample 13,Time-MoE,0.5017043948173523
Sample 13,Timer,0.4982955753803253
Sample 14,Time-MoE,0.5067205429077148
Sample 14,TimesFM,0.49327945709228516
Sample 15,Chronos,0.5108091235160828
Sample 15,Moirai,0.48919081687927246
Sample 16,TimesFM,0.5287372469902039
Sample 16,Timer,0.47126278281211853
Sample 17,Chronos,0.5484088063240051
Sample 17,Timer,0.4515911638736725
Sample 18,TimesFM,0.5217970013618469
Sample 18,Timer,0.4782029688358307
Sample 19,Chronos,0.5377458333969116
Sample 19,Timer,0.4622541666030884
Sample 20,Chronos,0.5092821717262268
Sample 20,Moirai,0.4907178282737732
Sample 21,Chronos,0.5549809336662292
Sample 21,Moirai,0.44501909613609314
Sample 22,Time-MoE,0.5314159393310547
Sample 22,TimesFM,0.4685840904712677
Sample 23,TimesFM,0.5021236538887024
Sample 23,Timer,0.4978763461112976
Sample 24,Chronos,0.5701324343681335
Sample 24,TimesFM,0.42986753582954407
Sample 25,Chronos,0.5478430390357971
Sample 25,Moirai,0.4521569609642029
Sample 26,TimesFM,0.5116221308708191
Sample 26,Moirai,0.4883778691291809
Sample 27,Chronos,0.5405271053314209
Sample 27,Time-MoE,0.4594728648662567
Sample 28,TimesFM,0.5857070684432983
Sample 28,Time-MoE,0.41429293155670166
Sample 29,Chronos,0.512710690498352
Sample 29,Time-MoE,0.48728933930397034
Sample 30,TimesFM,0.5413771271705627
Sample 30,Moirai,0.45862293243408203
Sample 31,Time-MoE,0.5204166173934937
Sample 31,Moirai,0.47958335280418396
Sample 0,Chronos,0.5587474703788757
Sample 0,Timer,0.4412524700164795
Sample 1,Chronos,0.522795557975769
Sample 1,Moirai,0.47720441222190857
Sample 2,Moirai,0.5814745426177979
Sample 2,TimesFM,0.41852542757987976
Sample 3,Chronos,0.5293983221054077
Sample 3,Timer,0.4706016778945923
Sample 4,TimesFM,0.5261151194572449
Sample 4,Time-MoE,0.4738849103450775
Sample 5,Chronos,0.5626704692840576
Sample 5,Timer,0.4373295307159424
Sample 6,Time-MoE,0.5093034505844116
Sample 6,Timer,0.490696519613266
Sample 7,Moirai,0.503376305103302
Sample 7,TimesFM,0.4966236650943756
Sample 8,TimesFM,0.5655645132064819
Sample 8,Timer,0.43443551659584045
Sample 9,Chronos,0.5404731035232544
Sample 9,Timer,0.459526926279068
Sample 10,Moirai,0.5439842343330383
Sample 10,TimesFM,0.45601576566696167
Sample 11,Chronos,0.5133652687072754
Sample 11,Timer,0.486634761095047
Sample 12,Timer,0.5693167448043823
Sample 12,Time-MoE,0.43068328499794006
Sample 13,Chronos,0.5373440384864807
Sample 13,Moirai,0.4626559615135193
Sample 14,Moirai,0.5112853646278381
Sample 14,Time-MoE,0.48871466517448425
Sample 15,TimesFM,0.50670325756073
Sample 15,Timer,0.49329674243927
Sample 0,TimesFM,0.5435097813606262
Sample 0,Chronos,0.45649027824401855
Sample 1,Chronos,0.5297766327857971
Sample 1,Timer,0.4702233374118805
Sample 2,Time-MoE,0.5195444822311401
Sample 2,TimesFM,0.48045551776885986
Sample 3,Chronos,0.509751558303833
Sample 3,Timer,0.4902484714984894
Sample 4,Timer,0.5644622445106506
Sample 4,Moirai,0.43553778529167175
Sample 5,Chronos,0.524223268032074
Sample 5,Moirai,0.47577670216560364
Sample 6,Time-MoE,0.5359996557235718
Sample 6,TimesFM,0.4640003442764282
Sample 7,TimesFM,0.5122759342193604
Sample 7,Timer,0.4877240061759949
Sample 8,TimesFM,0.5062901973724365
Sample 8,Chronos,0.49370983242988586
Sample 9,Chronos,0.5301436185836792
Sample 9,Timer,0.469856321811676
Sample 10,Moirai,0.5977548360824585
Sample 10,TimesFM,0.4022451937198639
Sample 11,Chronos,0.5418360233306885
Sample 11,Timer,0.4581640064716339
Sample 12,TimesFM,0.5098250508308411
Sample 12,Timer,0.4901749789714813
Sample 13,Chronos,0.5520773530006409
Sample 13,Moirai,0.44792258739471436
Sample 14,Time-MoE,0.5057084560394287
Sample 14,Moirai,0.4942915141582489
Sample 15,TimesFM,0.5007067918777466
Sample 15,Timer,0.4992932081222534
Sample 16,TimesFM,0.6141693592071533
Sample 16,Moirai,0.38583067059516907
Sample 17,Chronos,0.5512268543243408
Sample 17,Moirai,0.44877317547798157
Sample 18,TimesFM,0.5476881861686707
Sample 18,Timer,0.45231184363365173
Sample 19,Chronos,0.5295841693878174
Sample 19,Timer,0.4704158306121826
Sample 20,TimesFM,0.5433653593063354
Sample 20,Moirai,0.45663464069366455
Sample 21,Chronos,0.562992513179779
Sample 21,Timer,0.43700748682022095
Sample 22,Time-MoE,0.525327742099762
Sample 22,TimesFM,0.47467225790023804
Sample 23,Time-MoE,0.5019075274467468
Sample 23,Timer,0.4980924725532532
Sample 24,TimesFM,0.6057385802268982
Sample 24,Timer,0.3942614495754242
Sample 25,Chronos,0.5355842709541321
Sample 25,Timer,0.46441569924354553
Sample 26,Chronos,0.5359112024307251
Sample 26,Timer,0.4640888571739197
Sample 27,Chronos,0.5394758582115173
Sample 27,Timer,0.4605241119861603
Sample 28,Timer,0.5091641545295715
Sample 28,TimesFM,0.49083587527275085
Sample 29,Chronos,0.536618709564209
Sample 29,Moirai,0.46338126063346863
Sample 30,TimesFM,0.5066808462142944
Sample 30,Moirai,0.4933191239833832
Sample 31,TimesFM,0.5194671154022217
Sample 31,Time-MoE,0.4805328845977783
Sample 0,Timer,0.5023228526115417
Sample 0,Chronos,0.49767711758613586
Sample 1,Chronos,0.5415629148483276
Sample 1,Moirai,0.45843705534935
Sample 2,TimesFM,0.5112284421920776
Sample 2,Time-MoE,0.48877158761024475
Sample 3,Chronos,0.5133551955223083
Sample 3,Timer,0.48664483428001404
Sample 4,Time-MoE,0.5097641348838806
Sample 4,TimesFM,0.4902358949184418
Sample 5,Chronos,0.5427364110946655
Sample 5,Moirai,0.45726361870765686
Sample 6,Time-MoE,0.53118896484375
Sample 6,Timer,0.46881103515625
Sample 7,TimesFM,0.5117076635360718
Sample 7,Timer,0.4882923662662506
Sample 8,TimesFM,0.6158228516578674
Sample 8,Chronos,0.38417720794677734
Sample 9,Chronos,0.5402467250823975
Sample 9,Timer,0.45975327491760254
Sample 10,Moirai,0.5476825833320618
Sample 10,TimesFM,0.45231741666793823
Sample 11,Chronos,0.5228201150894165
Sample 11,Timer,0.4771798849105835
Sample 12,Time-MoE,0.5100307464599609
Sample 12,TimesFM,0.48996925354003906
Sample 13,Chronos,0.5639119744300842
Sample 13,Moirai,0.4360879957675934
Sample 14,Time-MoE,0.5154166221618652
Sample 14,Chronos,0.48458337783813477
Sample 15,Moirai,0.5112470984458923
Sample 15,TimesFM,0.4887528717517853
Sample 16,TimesFM,0.627211332321167
Sample 16,Chronos,0.372788667678833
Sample 17,Chronos,0.5473026037216187
Sample 17,Moirai,0.4526973366737366
Sample 18,Moirai,0.503715455532074
Sample 18,Time-MoE,0.49628451466560364
Sample 19,Chronos,0.5289623141288757
Sample 19,Timer,0.4710376560688019
Sample 20,Moirai,0.5099250078201294
Sample 20,Chronos,0.4900749623775482
Sample 21,Chronos,0.5562270283699036
Sample 21,Moirai,0.4437730014324188
Sample 22,Time-MoE,0.5513445734977722
Sample 22,Moirai,0.4486554265022278
Sample 23,TimesFM,0.5097761154174805
Sample 23,Timer,0.49022382497787476
Sample 24,Chronos,0.532720685005188
Sample 24,Timer,0.4672792851924896
Sample 25,Chronos,0.5336222648620605
Sample 25,Timer,0.46637776494026184
Sample 26,Moirai,0.5141674280166626
Sample 26,Chronos,0.4858325719833374
Sample 27,Chronos,0.5201471447944641
Sample 27,Timer,0.4798528552055359
Sample 28,Timer,0.5066075325012207
Sample 28,TimesFM,0.4933924674987793
Sample 29,Chronos,0.5765976309776306
Sample 29,Timer,0.4234023690223694
Sample 30,Time-MoE,0.5257886648178101
Sample 30,Chronos,0.47421130537986755
Sample 31,TimesFM,0.5083041787147522
Sample 31,Timer,0.4916958510875702
Sample 0,TimesFM,0.5718737244606018
Sample 0,Moirai,0.4281262755393982
Sample 1,Chronos,0.5491832494735718
Sample 1,Timer,0.4508167505264282
Sample 2,Moirai,0.5783650875091553
Sample 2,Chronos,0.4216349720954895
Sample 3,Chronos,0.5373836755752563
Sample 3,Timer,0.46261632442474365
Sample 4,TimesFM,0.5110913515090942
Sample 4,Moirai,0.48890864849090576
Sample 5,Moirai,0.5219379663467407
Sample 5,Time-MoE,0.47806206345558167
Sample 6,Time-MoE,0.5067363381385803
Sample 6,Timer,0.4932636618614197
Sample 7,TimesFM,0.500249445438385
Sample 7,Moirai,0.4997505843639374
Sample 8,TimesFM,0.6262618899345398
Sample 8,Timer,0.37373805046081543
Sample 9,Chronos,0.5381802916526794
Sample 9,Moirai,0.4618196487426758
Sample 10,Chronos,0.5312758088111877
Sample 10,Time-MoE,0.46872416138648987
Sample 11,Timer,0.518028199672699
Sample 11,Time-MoE,0.481971800327301
Sample 12,TimesFM,0.5330538153648376
Sample 12,Timer,0.46694621443748474
Sample 13,Chronos,0.5559394359588623
Sample 13,Moirai,0.4440605938434601
Sample 14,Chronos,0.510220468044281
Sample 14,Time-MoE,0.4897795021533966
Sample 15,TimesFM,0.5037771463394165
Sample 15,Moirai,0.4962228834629059
Sample 16,Chronos,0.5609561800956726
Sample 16,Timer,0.4390438497066498
Sample 17,Chronos,0.5202338695526123
Sample 17,Moirai,0.4797661602497101
Sample 18,Time-MoE,0.5010057687759399
Sample 18,Moirai,0.49899423122406006
Sample 19,Chronos,0.5631706118583679
Sample 19,Moirai,0.4368293881416321
Sample 20,Timer,0.500617265701294
Sample 20,TimesFM,0.49938276410102844
Sample 21,Chronos,0.5779564380645752
Sample 21,Timer,0.4220435619354248
Sample 22,Time-MoE,0.5341787934303284
Sample 22,Timer,0.46582117676734924
Sample 23,Time-MoE,0.5143962502479553
Sample 23,TimesFM,0.48560377955436707
Sample 24,TimesFM,0.585174560546875
Sample 24,Timer,0.414825439453125
Sample 25,Chronos,0.528268575668335
Sample 25,Timer,0.47173139452934265
Sample 26,Moirai,0.5356762409210205
Sample 26,Time-MoE,0.4643237590789795
Sample 27,TimesFM,0.5028989315032959
Sample 27,Timer,0.4971010684967041
Sample 28,TimesFM,0.5329118371009827
Sample 28,Timer,0.4670881927013397
Sample 29,Chronos,0.5721268057823181
Sample 29,Timer,0.4278731942176819
Sample 30,Time-MoE,0.513322114944458
Sample 30,Chronos,0.486677885055542
Sample 31,TimesFM,0.5125837326049805
Sample 31,Timer,0.48741623759269714
Sample 0,TimesFM,0.5541748404502869
Sample 0,Moirai,0.44582509994506836
Sample 1,Chronos,0.554655134677887
Sample 1,Timer,0.44534480571746826
Sample 2,Moirai,0.6033737659454346
Sample 2,Chronos,0.39662620425224304
Sample 3,Chronos,0.5404208302497864
Sample 3,Timer,0.45957913994789124
Sample 4,Chronos,0.5651534795761108
Sample 4,Timer,0.43484652042388916
Sample 5,Chronos,0.5346542596817017
Sample 5,Timer,0.46534568071365356
Sample 6,Moirai,0.5194418430328369
Sample 6,Time-MoE,0.4805581271648407
Sample 7,Chronos,0.5186187028884888
Sample 7,Moirai,0.4813813269138336
Sample 8,TimesFM,0.5685789585113525
Sample 8,Timer,0.43142104148864746
Sample 9,Chronos,0.5363521575927734
Sample 9,Moirai,0.4636478126049042
Sample 10,TimesFM,0.5143126845359802
Sample 10,Time-MoE,0.485687255859375
Sample 11,Chronos,0.5187095403671265
Sample 11,Timer,0.4812904894351959
Sample 12,TimesFM,0.5007769465446472
Sample 12,Timer,0.4992230534553528
Sample 13,Chronos,0.5122021436691284
Sample 13,Moirai,0.4877978563308716
Sample 14,Time-MoE,0.5195727348327637
Sample 14,Moirai,0.4804272949695587
Sample 15,TimesFM,0.5333656072616577
Sample 15,Timer,0.4666344225406647
Sample 16,TimesFM,0.5538467764854431
Sample 16,Timer,0.4461531639099121
Sample 17,Timer,0.5176271200180054
Sample 17,Time-MoE,0.482372909784317
Sample 18,Chronos,0.5032691359519958
Sample 18,Timer,0.4967308044433594
Sample 19,Timer,0.5154991745948792
Sample 19,TimesFM,0.48450079560279846
Sample 20,TimesFM,0.5013052821159363
Sample 20,Timer,0.49869468808174133
Sample 21,Time-MoE,0.5010266304016113
Sample 21,Chronos,0.4989733099937439
Sample 22,Time-MoE,0.5004599094390869
Sample 22,Chronos,0.4995400607585907
Sample 23,Moirai,0.5039784908294678
Sample 23,Timer,0.49602147936820984
Sample 24,TimesFM,0.5760783553123474
Sample 24,Timer,0.4239216446876526
Sample 25,Chronos,0.5413983464241028
Sample 25,Moirai,0.4586016833782196
Sample 26,TimesFM,0.5280190110206604
Sample 26,Time-MoE,0.4719810485839844
Sample 27,Chronos,0.5370593667030334
Sample 27,Time-MoE,0.46294069290161133
Sample 28,TimesFM,0.5053489208221436
Sample 28,Timer,0.49465107917785645
Sample 29,Chronos,0.527478814125061
Sample 29,Time-MoE,0.47252124547958374
Sample 30,Time-MoE,0.5089956521987915
Sample 30,Timer,0.4910042881965637
Sample 31,TimesFM,0.5059980750083923
Sample 31,Timer,0.49400195479393005
Sample 0,Chronos,0.5199631452560425
Sample 0,Timer,0.4800368547439575
Sample 1,Chronos,0.5344979763031006
Sample 1,Moirai,0.4655020236968994
Sample 2,Timer,0.5063474774360657
Sample 2,Time-MoE,0.49365249276161194
Sample 3,Chronos,0.5158897638320923
Sample 3,Timer,0.4841102063655853
Sample 4,Timer,0.560470461845398
Sample 4,Moirai,0.43952953815460205
Sample 5,Chronos,0.5156826376914978
Sample 5,Moirai,0.4843173921108246
Sample 6,Chronos,0.5219066739082336
Sample 6,Moirai,0.47809329628944397
Sample 7,Chronos,0.5028780698776245
Sample 7,Moirai,0.4971219003200531
Sample 8,TimesFM,0.5856629610061646
Sample 8,Timer,0.41433703899383545
Sample 9,Chronos,0.5427674055099487
Sample 9,Timer,0.4572325646877289
Sample 10,Moirai,0.5358842015266418
Sample 10,Time-MoE,0.46411579847335815
Sample 11,Timer,0.5011935234069824
Sample 11,Chronos,0.4988064765930176
Sample 12,Timer,0.5426721572875977
Sample 12,TimesFM,0.45732778310775757
Sample 13,Chronos,0.576252281665802
Sample 13,Timer,0.4237476885318756
Sample 14,Time-MoE,0.5123049020767212
Sample 14,TimesFM,0.4876950979232788
Sample 15,Moirai,0.5491767525672913
Sample 15,Chronos,0.45082324743270874
Sample 16,Chronos,0.5353923439979553
Sample 16,Timer,0.4646076261997223
Sample 17,Chronos,0.5090429782867432
Sample 17,Time-MoE,0.49095702171325684
Sample 18,Chronos,0.519778847694397
Sample 18,Time-MoE,0.4802211821079254
Sample 19,Time-MoE,0.5125463604927063
Sample 19,Timer,0.4874536693096161
Sample 20,TimesFM,0.532511293888092
Sample 20,Timer,0.46748873591423035
Sample 21,Chronos,0.5497502088546753
Sample 21,Moirai,0.4502497911453247
Sample 22,Chronos,0.5031492114067078
Sample 22,Time-MoE,0.496850848197937
Sample 23,Moirai,0.5114732980728149
Sample 23,TimesFM,0.48852670192718506
Sample 24,TimesFM,0.5817280411720276
Sample 24,Chronos,0.41827192902565
Sample 25,Chronos,0.5310847163200378
Sample 25,Timer,0.46891531348228455
Sample 26,Moirai,0.5491623878479004
Sample 26,Chronos,0.4508376121520996
Sample 27,Chronos,0.5072831511497498
Sample 27,Timer,0.49271681904792786
Sample 28,TimesFM,0.5263451933860779
Sample 28,Timer,0.47365474700927734
Sample 29,Moirai,0.5396190881729126
Sample 29,Time-MoE,0.4603809118270874
Sample 30,Moirai,0.5446552634239197
Sample 30,Chronos,0.45534470677375793
Sample 31,Moirai,0.5120915174484253
Sample 31,TimesFM,0.4879084825515747
Sample 0,TimesFM,0.5187233686447144
Sample 0,Timer,0.48127663135528564
Sample 1,Chronos,0.5338196754455566
Sample 1,Moirai,0.46618035435676575
Sample 2,Time-MoE,0.5057803988456726
Sample 2,TimesFM,0.494219571352005
Sample 3,Chronos,0.5231159329414368
Sample 3,Timer,0.47688400745391846
Sample 4,Timer,0.5098406672477722
Sample 4,TimesFM,0.49015939235687256
Sample 5,Chronos,0.5175904035568237
Sample 5,Moirai,0.48240962624549866
Sample 6,Time-MoE,0.5124441981315613
Sample 6,Timer,0.4875558018684387
Sample 7,TimesFM,0.5155425071716309
Sample 7,Timer,0.48445749282836914
Sample 8,TimesFM,0.612653911113739
Sample 8,Timer,0.3873460590839386
Sample 9,Chronos,0.5431685447692871
Sample 9,Moirai,0.4568314850330353
Sample 10,Moirai,0.5200127363204956
Sample 10,TimesFM,0.4799872934818268
Sample 11,Chronos,0.5121771097183228
Sample 11,Timer,0.48782289028167725
Sample 12,Time-MoE,0.5170802474021912
Sample 12,Chronos,0.48291975259780884
Sample 13,Time-MoE,0.5088408589363098
Sample 13,Timer,0.4911591410636902
Sample 14,Time-MoE,0.5098831653594971
Sample 14,TimesFM,0.49011683464050293
Sample 15,Chronos,0.5089339017868042
Sample 15,Moirai,0.4910661280155182
Sample 16,TimesFM,0.5183272957801819
Sample 16,Timer,0.4816727340221405
Sample 17,Chronos,0.5469014048576355
Sample 17,Timer,0.4530986249446869
Sample 18,TimesFM,0.5167213678359985
Sample 18,Timer,0.48327863216400146
Sample 19,Chronos,0.5361176133155823
Sample 19,Timer,0.46388235688209534
Sample 20,Chronos,0.5077184438705444
Sample 20,Moirai,0.49228155612945557
Sample 21,Chronos,0.5499793291091919
Sample 21,Moirai,0.4500207006931305
Sample 22,Time-MoE,0.5369514226913452
Sample 22,TimesFM,0.46304863691329956
Sample 23,Timer,0.5050914883613586
Sample 23,TimesFM,0.49490854144096375
Sample 24,Chronos,0.5702791810035706
Sample 24,Moirai,0.42972081899642944
Sample 25,Chronos,0.5436758399009705
Sample 25,Moirai,0.45632416009902954
Sample 26,TimesFM,0.5100846290588379
Sample 26,Moirai,0.4899153411388397
Sample 27,Chronos,0.5284273624420166
Sample 27,Time-MoE,0.4715726673603058
Sample 28,TimesFM,0.5913524627685547
Sample 28,Time-MoE,0.4086475074291229
Sample 29,Time-MoE,0.5001513361930847
Sample 29,Chronos,0.4998486340045929
Sample 30,TimesFM,0.5466623306274414
Sample 30,Moirai,0.4533376097679138
Sample 31,Time-MoE,0.5152195692062378
Sample 31,Moirai,0.4847804605960846
Sample 0,Chronos,0.5537663102149963
Sample 0,Timer,0.44623374938964844
Sample 1,Chronos,0.516911506652832
Sample 1,Moirai,0.48308849334716797
Sample 2,Moirai,0.5837164521217346
Sample 2,Time-MoE,0.41628357768058777
Sample 3,Chronos,0.5296894907951355
Sample 3,Timer,0.4703105092048645
Sample 4,TimesFM,0.5284794569015503
Sample 4,Time-MoE,0.4715205430984497
Sample 5,Chronos,0.5584949851036072
Sample 5,Moirai,0.4415050148963928
Sample 6,Time-MoE,0.522327721118927
Sample 6,Timer,0.477672278881073
Sample 7,Moirai,0.5065941214561462
Sample 7,Timer,0.49340584874153137
Sample 8,TimesFM,0.5554482936859131
Sample 8,Timer,0.4445517361164093
Sample 9,Chronos,0.5393365621566772
Sample 9,Moirai,0.46066346764564514
Sample 10,Moirai,0.5434802770614624
Sample 10,TimesFM,0.4565197825431824
Sample 11,Chronos,0.5122355222702026
Sample 11,Timer,0.48776447772979736
Sample 12,Timer,0.5703449249267578
Sample 12,Time-MoE,0.4296550452709198
Sample 13,Chronos,0.531399667263031
Sample 13,Moirai,0.468600332736969
Sample 14,Moirai,0.5006492137908936
Sample 14,Time-MoE,0.49935081601142883
Sample 15,Timer,0.502126157283783
Sample 15,TimesFM,0.49787387251853943
Sample 0,TimesFM,0.5433564782142639
Sample 0,Chronos,0.45664355158805847
Sample 1,Chronos,0.5296050310134888
Sample 1,Timer,0.4703949987888336
Sample 2,Time-MoE,0.5193537473678589
Sample 2,TimesFM,0.4806462824344635
Sample 3,Chronos,0.5081777572631836
Sample 3,Timer,0.4918222725391388
Sample 4,Timer,0.5585638880729675
Sample 4,Moirai,0.44143611192703247
Sample 5,Chronos,0.5161362290382385
Sample 5,Moirai,0.48386383056640625
Sample 6,Time-MoE,0.5430325269699097
Sample 6,TimesFM,0.4569675028324127
Sample 7,TimesFM,0.5015134811401367
Sample 7,Timer,0.49848654866218567
Sample 8,TimesFM,0.5097086429595947
Sample 8,Chronos,0.49029141664505005
Sample 9,Chronos,0.5278424024581909
Sample 9,Moirai,0.4721575379371643
Sample 10,Moirai,0.600557267665863
Sample 10,TimesFM,0.3994427025318146
Sample 11,Chronos,0.5404802560806274
Sample 11,Timer,0.45951971411705017
Sample 12,TimesFM,0.5008270740509033
Sample 12,Timer,0.49917295575141907
Sample 13,Chronos,0.54674232006073
Sample 13,Moirai,0.45325767993927
Sample 14,Time-MoE,0.5121482610702515
Sample 14,TimesFM,0.48785173892974854
Sample 15,Timer,0.5106731057167053
Sample 15,TimesFM,0.4893268942832947
Sample 16,TimesFM,0.6197451949119568
Sample 16,Moirai,0.3802548050880432
Sample 17,Chronos,0.544593870639801
Sample 17,Moirai,0.4554060995578766
Sample 18,TimesFM,0.5479398369789124
Sample 18,Timer,0.45206013321876526
Sample 19,Chronos,0.525166928768158
Sample 19,Time-MoE,0.47483307123184204
Sample 20,TimesFM,0.5614147782325745
Sample 20,Moirai,0.43858519196510315
Sample 21,Chronos,0.5637302398681641
Sample 21,Timer,0.43626973032951355
Sample 22,Time-MoE,0.531035840511322
Sample 22,TimesFM,0.468964159488678
Sample 23,Time-MoE,0.5005952715873718
Sample 23,Timer,0.49940475821495056
Sample 24,TimesFM,0.595445454120636
Sample 24,Timer,0.404554545879364
Sample 25,Chronos,0.5334106683731079
Sample 25,Moirai,0.4665893018245697
Sample 26,Chronos,0.5334304571151733
Sample 26,Timer,0.46656957268714905
Sample 27,Chronos,0.5340391993522644
Sample 27,Time-MoE,0.4659608006477356
Sample 28,Timer,0.5140994191169739
Sample 28,TimesFM,0.48590055108070374
Sample 29,Chronos,0.5300337672233582
Sample 29,Moirai,0.46996620297431946
Sample 30,TimesFM,0.514184832572937
Sample 30,Time-MoE,0.4858151376247406
Sample 31,TimesFM,0.5119923949241638
Sample 31,Timer,0.4880076050758362
Sample 0,Timer,0.5108159780502319
Sample 0,Chronos,0.48918402194976807
Sample 1,Chronos,0.5332552194595337
Sample 1,Moirai,0.4667448103427887
Sample 2,TimesFM,0.5094114542007446
Sample 2,Time-MoE,0.49058857560157776
Sample 3,Chronos,0.5108842849731445
Sample 3,Timer,0.4891156554222107
Sample 4,Time-MoE,0.5082636475563049
Sample 4,TimesFM,0.49173635244369507
Sample 5,Chronos,0.5353201627731323
Sample 5,Moirai,0.4646798372268677
Sample 6,Time-MoE,0.548758864402771
Sample 6,Timer,0.451241135597229
Sample 7,Timer,0.5000361800193787
Sample 7,TimesFM,0.49996379017829895
Sample 8,TimesFM,0.6280139088630676
Sample 8,Chronos,0.37198612093925476
Sample 9,Chronos,0.534645676612854
Sample 9,Moirai,0.4653543531894684
Sample 10,Moirai,0.5452567934989929
Sample 10,Time-MoE,0.45474323630332947
Sample 11,Chronos,0.5226176977157593
Sample 11,Timer,0.47738224267959595
Sample 12,Time-MoE,0.5143726468086243
Sample 12,TimesFM,0.48562732338905334
Sample 13,Chronos,0.557277262210846
Sample 13,Moirai,0.4427226781845093
Sample 14,Time-MoE,0.5310637354850769
Sample 14,Chronos,0.46893632411956787
Sample 15,Moirai,0.5189266204833984
Sample 15,TimesFM,0.4810733497142792
Sample 16,TimesFM,0.6317174434661865
Sample 16,Chronos,0.3682825565338135
Sample 17,Chronos,0.5390869379043579
Sample 17,Moirai,0.4609130918979645
Sample 18,Moirai,0.5022799372673035
Sample 18,Time-MoE,0.4977200925350189
Sample 19,Chronos,0.5267215967178345
Sample 19,Timer,0.47327837347984314
Sample 20,Moirai,0.520689070224762
Sample 20,Timer,0.47931092977523804
Sample 21,Chronos,0.5492457747459412
Sample 21,Moirai,0.45075419545173645
Sample 22,Time-MoE,0.5614500641822815
Sample 22,Moirai,0.4385499358177185
Sample 23,TimesFM,0.5023332238197327
Sample 23,Timer,0.4976668059825897
Sample 24,Chronos,0.5233942866325378
Sample 24,Timer,0.47660574316978455
Sample 25,Chronos,0.5239176154136658
Sample 25,Time-MoE,0.47608238458633423
Sample 26,Moirai,0.5218469500541687
Sample 26,Chronos,0.4781530797481537
Sample 27,Chronos,0.5203483700752258
Sample 27,Timer,0.47965162992477417
Sample 28,Timer,0.5150725245475769
Sample 28,TimesFM,0.4849274754524231
Sample 29,Chronos,0.5723450779914856
Sample 29,Moirai,0.4276549518108368
Sample 30,Time-MoE,0.5425429940223694
Sample 30,TimesFM,0.4574570059776306
Sample 31,Timer,0.5035136938095093
Sample 31,TimesFM,0.49648627638816833
Sample 0,TimesFM,0.5702456831932068
Sample 0,Moirai,0.4297542870044708
Sample 1,Chronos,0.5449455380439758
Sample 1,Moirai,0.4550544321537018
Sample 2,Moirai,0.5761772394180298
Sample 2,TimesFM,0.4238227307796478
Sample 3,Chronos,0.5264965295791626
Sample 3,Time-MoE,0.473503440618515
Sample 4,TimesFM,0.5081355571746826
Sample 4,Moirai,0.4918644428253174
Sample 5,Moirai,0.5140592455863953
Sample 5,Time-MoE,0.48594075441360474
Sample 6,Time-MoE,0.5197007656097412
Sample 6,Timer,0.4802992343902588
Sample 7,Moirai,0.5024833679199219
Sample 7,Timer,0.4975166320800781
Sample 8,TimesFM,0.6155601143836975
Sample 8,Timer,0.3844398558139801
Sample 9,Chronos,0.5303745865821838
Sample 9,Moirai,0.4696253836154938
Sample 10,Chronos,0.5185142159461975
Sample 10,Time-MoE,0.4814857840538025
Sample 11,Timer,0.510491669178009
Sample 11,Time-MoE,0.48950833082199097
Sample 12,TimesFM,0.5242964625358582
Sample 12,Timer,0.47570350766181946
Sample 13,Chronos,0.5501638054847717
Sample 13,Moirai,0.44983622431755066
Sample 14,Time-MoE,0.5040084719657898
Sample 14,Chronos,0.4959914982318878
Sample 15,Moirai,0.5048608779907227
Sample 15,TimesFM,0.49513915181159973
Sample 16,Chronos,0.554787278175354
Sample 16,Timer,0.4452126622200012
Sample 17,Chronos,0.511556088924408
Sample 17,Moirai,0.48844388127326965
Sample 18,Moirai,0.5030410289764404
Sample 18,Time-MoE,0.4969589412212372
Sample 19,Chronos,0.558120608329773
Sample 19,Moirai,0.44187939167022705
Sample 20,Timer,0.5078075528144836
Sample 20,TimesFM,0.49219244718551636
Sample 21,Chronos,0.5748434066772461
Sample 21,Moirai,0.4251566529273987
Sample 22,Time-MoE,0.545782208442688
Sample 22,TimesFM,0.4542177617549896
Sample 23,Time-MoE,0.5120784044265747
Sample 23,TimesFM,0.4879215955734253
Sample 24,TimesFM,0.5717346668243408
Sample 24,Timer,0.42826536297798157
Sample 25,Chronos,0.5252313017845154
Sample 25,Time-MoE,0.4747686982154846
Sample 26,Moirai,0.5370270609855652
Sample 26,Time-MoE,0.46297287940979004
Sample 27,TimesFM,0.5150731205940247
Sample 27,Timer,0.48492687940597534
Sample 28,TimesFM,0.5259523987770081
Sample 28,Timer,0.47404760122299194
Sample 29,Chronos,0.5678185820579529
Sample 29,Time-MoE,0.43218138813972473
Sample 30,Time-MoE,0.5308418869972229
Sample 30,Chronos,0.4691580832004547
Sample 31,TimesFM,0.502328634262085
Sample 31,Timer,0.49767136573791504
Sample 0,TimesFM,0.5418757796287537
Sample 0,Timer,0.45812422037124634
Sample 1,Chronos,0.5514622926712036
Sample 1,Moirai,0.4485377371311188
Sample 2,Moirai,0.616516649723053
Sample 2,Timer,0.383483350276947
Sample 3,Chronos,0.5372607111930847
Sample 3,Timer,0.46273934841156006
Sample 4,Chronos,0.5624490976333618
Sample 4,Time-MoE,0.4375509023666382
Sample 5,Chronos,0.5288886427879333
Sample 5,Timer,0.47111135721206665
Sample 6,Moirai,0.5114824771881104
Sample 6,Time-MoE,0.4885175824165344
Sample 7,Chronos,0.5174369812011719
Sample 7,Moirai,0.4825630187988281
Sample 8,TimesFM,0.5519286394119263
Sample 8,Timer,0.4480713903903961
Sample 9,Chronos,0.5285798907279968
Sample 9,Moirai,0.47142013907432556
Sample 10,TimesFM,0.5144945383071899
Sample 10,Time-MoE,0.48550543189048767
Sample 11,Chronos,0.5072270631790161
Sample 11,Time-MoE,0.49277299642562866
Sample 12,Timer,0.5105403065681458
Sample 12,TimesFM,0.48945966362953186
Sample 13,Chronos,0.504326581954956
Sample 13,Moirai,0.49567341804504395
Sample 14,Time-MoE,0.5341120958328247
Sample 14,Moirai,0.4658878445625305
Sample 15,TimesFM,0.5217142105102539
Sample 15,Timer,0.47828584909439087
Sample 16,TimesFM,0.5386307239532471
Sample 16,Timer,0.46136927604675293
Sample 17,Timer,0.5032045245170593
Sample 17,Time-MoE,0.4967954754829407
Sample 18,Chronos,0.5037400126457214
Sample 18,Timer,0.49626001715660095
Sample 19,Timer,0.5055714845657349
Sample 19,TimesFM,0.4944285452365875
Sample 20,Timer,0.5062617063522339
Sample 20,TimesFM,0.4937382936477661
Sample 21,Time-MoE,0.517112672328949
Sample 21,Moirai,0.482887327671051
Sample 22,Time-MoE,0.5030150413513184
Sample 22,Moirai,0.49698498845100403
Sample 23,Moirai,0.5053059458732605
Sample 23,Timer,0.4946941137313843
Sample 24,TimesFM,0.5593981146812439
Sample 24,Timer,0.4406018555164337
Sample 25,Chronos,0.5308389663696289
Sample 25,Time-MoE,0.4691610038280487
Sample 26,TimesFM,0.5275018215179443
Sample 26,Time-MoE,0.4724981486797333
Sample 27,Chronos,0.5235617756843567
Sample 27,Time-MoE,0.4764382541179657
Sample 28,Timer,0.5062214136123657
Sample 28,TimesFM,0.4937785565853119
Sample 29,Chronos,0.515828013420105
Sample 29,Time-MoE,0.484171986579895
Sample 30,Time-MoE,0.5192366242408752
Sample 30,TimesFM,0.48076337575912476
Sample 31,Timer,0.5067529678344727
Sample 31,TimesFM,0.49324700236320496
Sample 0,Chronos,0.5080081224441528
Sample 0,Timer,0.49199190735816956
Sample 1,Chronos,0.5274860262870789
Sample 1,Moirai,0.47251400351524353
Sample 2,Time-MoE,0.5020765662193298
Sample 2,Timer,0.49792343378067017
Sample 3,Chronos,0.5124595761299133
Sample 3,Timer,0.4875403642654419
Sample 4,Timer,0.5564724802970886
Sample 4,Moirai,0.44352754950523376
Sample 5,Chronos,0.5086780190467834
Sample 5,Moirai,0.49132195115089417
Sample 6,Chronos,0.5118145942687988
Sample 6,Time-MoE,0.48818540573120117
Sample 7,Chronos,0.5014042854309082
Sample 7,Moirai,0.4985957145690918
Sample 8,TimesFM,0.5793384313583374
Sample 8,Timer,0.4206615686416626
Sample 9,Chronos,0.5366147756576538
Sample 9,Moirai,0.4633851945400238
Sample 10,Moirai,0.5388152599334717
Sample 10,Time-MoE,0.4611847698688507
Sample 11,Timer,0.5065351128578186
Sample 11,Chronos,0.4934648871421814
Sample 12,Timer,0.5467382073402405
Sample 12,TimesFM,0.4532617926597595
Sample 13,Chronos,0.5764104723930359
Sample 13,Timer,0.4235895574092865
Sample 14,Time-MoE,0.5160735845565796
Sample 14,TimesFM,0.4839264154434204
Sample 15,Moirai,0.5511505007743835
Sample 15,Chronos,0.44884946942329407
Sample 16,Chronos,0.5256416201591492
Sample 16,Timer,0.47435837984085083
Sample 17,Time-MoE,0.5083924531936646
Sample 17,Chronos,0.49160754680633545
Sample 18,Chronos,0.5076901912689209
Sample 18,Time-MoE,0.4923097491264343
Sample 19,Time-MoE,0.515676736831665
Sample 19,TimesFM,0.48432326316833496
Sample 20,TimesFM,0.5252732634544373
Sample 20,Timer,0.47472673654556274
Sample 21,Chronos,0.5433919429779053
Sample 21,Time-MoE,0.45660799741744995
Sample 22,Time-MoE,0.5151581168174744
Sample 22,Chronos,0.48484185338020325
Sample 23,Moirai,0.5173397660255432
Sample 23,Timer,0.48266029357910156
Sample 24,TimesFM,0.5693596005439758
Sample 24,Timer,0.43064039945602417
Sample 25,Chronos,0.5286245346069336
Sample 25,Timer,0.4713755249977112
Sample 26,Moirai,0.5546703338623047
Sample 26,Chronos,0.4453296959400177
Sample 27,Chronos,0.501789391040802
Sample 27,Time-MoE,0.4982106387615204
Sample 28,TimesFM,0.516648530960083
Sample 28,Timer,0.4833514988422394
Sample 29,Moirai,0.5348399877548218
Sample 29,Time-MoE,0.4651600420475006
Sample 30,Moirai,0.5402933955192566
Sample 30,Time-MoE,0.459706574678421
Sample 31,Moirai,0.5225812792778015
Sample 31,TimesFM,0.47741878032684326
Sample 0,TimesFM,0.5013629794120789
Sample 0,Timer,0.49863699078559875
Sample 1,Chronos,0.5271434783935547
Sample 1,Moirai,0.4728564918041229
Sample 2,Time-MoE,0.5069350600242615
Sample 2,TimesFM,0.4930649995803833
Sample 3,Chronos,0.5125151872634888
Sample 3,Time-MoE,0.48748481273651123
Sample 4,Timer,0.515403687953949
Sample 4,Time-MoE,0.4845963716506958
Sample 5,Chronos,0.5105912089347839
Sample 5,Time-MoE,0.4894087612628937
Sample 6,Time-MoE,0.5224937796592712
Sample 6,Timer,0.47750625014305115
Sample 7,TimesFM,0.5099701285362244
Sample 7,Chronos,0.490029901266098
Sample 8,TimesFM,0.6021185517311096
Sample 8,Timer,0.3978814482688904
Sample 9,Chronos,0.5369740724563599
Sample 9,Moirai,0.4630259573459625
Sample 10,Moirai,0.5205423831939697
Sample 10,TimesFM,0.47945764660835266
Sample 11,Chronos,0.507906436920166
Sample 11,Timer,0.4920935332775116
Sample 12,Time-MoE,0.5171868205070496
Sample 12,Chronos,0.48281317949295044
Sample 13,Time-MoE,0.5164850354194641
Sample 13,Timer,0.4835149645805359
Sample 14,Time-MoE,0.5149645805358887
Sample 14,TimesFM,0.48503538966178894
Sample 15,Chronos,0.5069934129714966
Sample 15,Moirai,0.4930065870285034
Sample 16,TimesFM,0.5027694702148438
Sample 16,Timer,0.49723052978515625
Sample 17,Chronos,0.5428957343101501
Sample 17,Moirai,0.45710429549217224
Sample 18,TimesFM,0.5087010860443115
Sample 18,Timer,0.49129894375801086
Sample 19,Chronos,0.5325988531112671
Sample 19,Timer,0.4674011170864105
Sample 20,Chronos,0.5048679113388062
Sample 20,Moirai,0.49513205885887146
Sample 21,Chronos,0.543871283531189
Sample 21,Moirai,0.45612868666648865
Sample 22,Time-MoE,0.5428638458251953
Sample 22,TimesFM,0.4571361839771271
Sample 23,Timer,0.5153658390045166
Sample 23,TimesFM,0.484634131193161
Sample 24,Chronos,0.5682492256164551
Sample 24,Moirai,0.43175074458122253
Sample 25,Chronos,0.5382283926010132
Sample 25,Moirai,0.4617716073989868
Sample 26,TimesFM,0.5063705444335938
Sample 26,Moirai,0.49362948536872864
Sample 27,Chronos,0.5132135152816772
Sample 27,Time-MoE,0.48678648471832275
Sample 28,TimesFM,0.5960686206817627
Sample 28,Time-MoE,0.4039314091205597
Sample 29,Time-MoE,0.515526533126831
Sample 29,Chronos,0.48447346687316895
Sample 30,TimesFM,0.5458788871765137
Sample 30,Moirai,0.45412111282348633
Sample 31,Time-MoE,0.5083328485488892
Sample 31,Moirai,0.4916672110557556
Sample 0,Chronos,0.5456278324127197
Sample 0,Timer,0.4543721079826355
Sample 1,Chronos,0.5086875557899475
Sample 1,Time-MoE,0.4913124740123749
Sample 2,Moirai,0.587074339389801
Sample 2,Time-MoE,0.4129256010055542
Sample 3,Chronos,0.5277194976806641
Sample 3,Timer,0.4722805321216583
Sample 4,TimesFM,0.5306832790374756
Sample 4,Time-MoE,0.469316691160202
Sample 5,Chronos,0.5536734461784363
Sample 5,Moirai,0.4463265836238861
Sample 6,Time-MoE,0.5339899063110352
Sample 6,Timer,0.46601003408432007
Sample 7,Moirai,0.5098934173583984
Sample 7,Timer,0.49010658264160156
Sample 8,TimesFM,0.5411085486412048
Sample 8,Timer,0.45889148116111755
Sample 9,Chronos,0.5329641699790955
Sample 9,Moirai,0.46703577041625977
Sample 10,Moirai,0.5452344417572021
Sample 10,TimesFM,0.45476555824279785
Sample 11,Chronos,0.5084323287010193
Sample 11,Timer,0.49156761169433594
Sample 12,Timer,0.5700784921646118
Sample 12,Moirai,0.4299215078353882
Sample 13,Chronos,0.5249630212783813
Sample 13,Moirai,0.47503694891929626
Sample 14,Time-MoE,0.5074728727340698
Sample 14,Moirai,0.4925270974636078
Sample 15,Timer,0.5106564164161682
Sample 15,TimesFM,0.4893435835838318
Sample 0,TimesFM,0.5301072597503662
Sample 0,Timer,0.4698927700519562
Sample 1,Chronos,0.5215022563934326
Sample 1,Time-MoE,0.47849777340888977
Sample 2,Time-MoE,0.52130526304245
Sample 2,TimesFM,0.47869473695755005
Sample 3,Time-MoE,0.5006330609321594
Sample 3,Chronos,0.4993668794631958
Sample 4,Timer,0.5530573725700378
Sample 4,Moirai,0.44694268703460693
Sample 5,Chronos,0.5086854100227356
Sample 5,Moirai,0.4913145899772644
Sample 6,Time-MoE,0.5504079461097717
Sample 6,TimesFM,0.44959208369255066
Sample 7,Timer,0.5060170888900757
Sample 7,TimesFM,0.4939829111099243
Sample 8,TimesFM,0.5115220546722412
Sample 8,Chronos,0.4884779453277588
Sample 9,Chronos,0.5212802886962891
Sample 9,Moirai,0.47871971130371094
Sample 10,Moirai,0.6060158014297485
Sample 10,TimesFM,0.3939841389656067
Sample 11,Chronos,0.5314394235610962
Sample 11,Time-MoE,0.4685605764389038
Sample 12,Timer,0.5068950653076172
Sample 12,TimesFM,0.4931049942970276
Sample 13,Chronos,0.5365808010101318
Sample 13,Time-MoE,0.46341922879219055
Sample 14,Time-MoE,0.5149641036987305
Sample 14,TimesFM,0.48503583669662476
Sample 15,Timer,0.5188420414924622
Sample 15,TimesFM,0.48115795850753784
Sample 16,TimesFM,0.6196384429931641
Sample 16,Moirai,0.3803616166114807
Sample 17,Chronos,0.5387147068977356
Sample 17,Moirai,0.4612853229045868
Sample 18,TimesFM,0.5463520288467407
Sample 18,Timer,0.4536479413509369
Sample 19,Chronos,0.5133872628211975
Sample 19,Time-MoE,0.4866127371788025
Sample 20,TimesFM,0.5687791109085083
Sample 20,Chronos,0.4312208890914917
Sample 21,Chronos,0.561771035194397
Sample 21,Timer,0.438228964805603
Sample 22,Time-MoE,0.5384222865104675
Sample 22,TimesFM,0.46157771348953247
Sample 23,Timer,0.5002045035362244
Sample 23,Time-MoE,0.49979549646377563
Sample 24,TimesFM,0.5843826532363892
Sample 24,Timer,0.41561734676361084
Sample 25,Chronos,0.5253782272338867
Sample 25,Time-MoE,0.4746217727661133
Sample 26,Chronos,0.5297231078147888
Sample 26,Timer,0.47027695178985596
Sample 27,Chronos,0.5286480784416199
Sample 27,Time-MoE,0.4713519215583801
Sample 28,Timer,0.5168009400367737
Sample 28,TimesFM,0.4831991195678711
Sample 29,Chronos,0.5240409970283508
Sample 29,Moirai,0.47595906257629395
Sample 30,TimesFM,0.5125172138214111
Sample 30,Time-MoE,0.48748281598091125
Sample 31,TimesFM,0.5073330402374268
Sample 31,Timer,0.49266690015792847
Sample 0,Timer,0.5195352435112
Sample 0,Chronos,0.48046475648880005
Sample 1,Chronos,0.5269384980201721
Sample 1,Moirai,0.4730615019798279
Sample 2,TimesFM,0.5047826170921326
Sample 2,Time-MoE,0.4952174127101898
Sample 3,Chronos,0.5062465667724609
Sample 3,Timer,0.4937534034252167
Sample 4,Time-MoE,0.5076103806495667
Sample 4,TimesFM,0.49238958954811096
Sample 5,Chronos,0.5297363996505737
Sample 5,Moirai,0.47026363015174866
Sample 6,Time-MoE,0.5600864291191101
Sample 6,Timer,0.4399135410785675
Sample 7,Timer,0.5065885186195374
Sample 7,TimesFM,0.4934115409851074
Sample 8,TimesFM,0.631247341632843
Sample 8,Time-MoE,0.3687526285648346
Sample 9,Chronos,0.5289344787597656
Sample 9,Moirai,0.471065491437912
Sample 10,Moirai,0.5464528799057007
Sample 10,Time-MoE,0.45354709029197693
Sample 11,Chronos,0.5224083662033081
Sample 11,Timer,0.4775916635990143
Sample 12,Time-MoE,0.5210739374160767
Sample 12,TimesFM,0.4789260923862457
Sample 13,Chronos,0.5528650283813477
Sample 13,Moirai,0.44713500142097473
Sample 14,Time-MoE,0.5423458814620972
Sample 14,Chronos,0.45765408873558044
Sample 15,Moirai,0.5248928070068359
Sample 15,TimesFM,0.47510722279548645
Sample 16,TimesFM,0.625002920627594
Sample 16,Timer,0.3749971091747284
Sample 17,Chronos,0.5331140160560608
Sample 17,Moirai,0.4668859839439392
Sample 18,Moirai,0.5018621683120728
Sample 18,Time-MoE,0.49813780188560486
Sample 19,Chronos,0.522320032119751
Sample 19,Timer,0.47767993807792664
Sample 20,Moirai,0.5257527828216553
Sample 20,Timer,0.4742472171783447
Sample 21,Chronos,0.5442076921463013
Sample 21,Moirai,0.4557923376560211
Sample 22,Time-MoE,0.5676136612892151
Sample 22,Moirai,0.4323863685131073
Sample 23,Timer,0.5000976920127869
Sample 23,TimesFM,0.49990230798721313
Sample 24,Chronos,0.5124377608299255
Sample 24,Timer,0.48756223917007446
Sample 25,Chronos,0.5149433016777039
Sample 25,Time-MoE,0.48505669832229614
Sample 26,Moirai,0.5281903743743896
Sample 26,Chronos,0.47180959582328796
Sample 27,Chronos,0.5160182118415833
Sample 27,Time-MoE,0.483981728553772
Sample 28,Timer,0.5204407572746277
Sample 28,TimesFM,0.47955918312072754
Sample 29,Chronos,0.5694039463996887
Sample 29,Moirai,0.4305960536003113
Sample 30,Time-MoE,0.5462921857833862
Sample 30,TimesFM,0.4537077844142914
Sample 31,Timer,0.5084614753723145
Sample 31,Moirai,0.49153852462768555
Sample 0,TimesFM,0.5665470361709595
Sample 0,Moirai,0.43345293402671814
Sample 1,Chronos,0.5403844118118286
Sample 1,Moirai,0.4596155881881714
Sample 2,Moirai,0.5782021880149841
Sample 2,TimesFM,0.4217977821826935
Sample 3,Chronos,0.5197663307189941
Sample 3,Time-MoE,0.48023366928100586
Sample 4,TimesFM,0.50556480884552
Sample 4,Moirai,0.49443522095680237
Sample 5,Moirai,0.5135679244995117
Sample 5,Time-MoE,0.4864320755004883
Sample 6,Time-MoE,0.5282858610153198
Sample 6,Timer,0.4717141091823578
Sample 7,Moirai,0.5014311075210571
Sample 7,Timer,0.49856892228126526
Sample 8,TimesFM,0.6079546213150024
Sample 8,Timer,0.39204540848731995
Sample 9,Chronos,0.5252452492713928
Sample 9,Moirai,0.47475478053092957
Sample 10,Chronos,0.5123128294944763
Sample 10,Time-MoE,0.4876871407032013
Sample 11,Timer,0.5047100186347961
Sample 11,Time-MoE,0.49528998136520386
Sample 12,TimesFM,0.521538496017456
Sample 12,Timer,0.47846147418022156
Sample 13,Chronos,0.5469407439231873
Sample 13,Moirai,0.45305925607681274
Sample 14,Time-MoE,0.5108267664909363
Sample 14,Chronos,0.4891732633113861
Sample 15,Moirai,0.5091419816017151
Sample 15,TimesFM,0.4908579885959625
Sample 16,Chronos,0.5484552979469299
Sample 16,Timer,0.45154476165771484
Sample 17,Chronos,0.5055845379829407
Sample 17,Time-MoE,0.4944154620170593
Sample 18,Moirai,0.5050235390663147
Sample 18,Time-MoE,0.4949764609336853
Sample 19,Chronos,0.5551430583000183
Sample 19,Moirai,0.4448569715023041
Sample 20,Timer,0.510933518409729
Sample 20,TimesFM,0.4890664219856262
Sample 21,Chronos,0.572666347026825
Sample 21,Moirai,0.42733362317085266
Sample 22,Time-MoE,0.5541559457778931
Sample 22,Moirai,0.44584402441978455
Sample 23,Time-MoE,0.5103240013122559
Sample 23,TimesFM,0.48967599868774414
Sample 24,TimesFM,0.5635245442390442
Sample 24,Timer,0.4364754259586334
Sample 25,Chronos,0.517890989780426
Sample 25,Time-MoE,0.482109010219574
Sample 26,Moirai,0.5407081842422485
Sample 26,Time-MoE,0.45929184556007385
Sample 27,TimesFM,0.5187694430351257
Sample 27,Time-MoE,0.48123055696487427
Sample 28,TimesFM,0.5248751044273376
Sample 28,Timer,0.47512489557266235
Sample 29,Chronos,0.5641958117485046
Sample 29,Time-MoE,0.435804158449173
Sample 30,Time-MoE,0.5395010113716125
Sample 30,Chronos,0.46049898862838745
Sample 31,Timer,0.5006346702575684
Sample 31,TimesFM,0.49936532974243164
Sample 0,TimesFM,0.5329746007919312
Sample 0,Timer,0.46702539920806885
Sample 1,Chronos,0.5482516884803772
Sample 1,Moirai,0.4517483413219452
Sample 2,Moirai,0.6300915479660034
Sample 2,Timer,0.3699084520339966
Sample 3,Chronos,0.5341189503669739
Sample 3,Timer,0.4658810496330261
Sample 4,Chronos,0.5623506307601929
Sample 4,Time-MoE,0.4376493990421295
Sample 5,Chronos,0.5242191553115845
Sample 5,Timer,0.4757808446884155
Sample 6,Moirai,0.5101404190063477
Sample 6,Time-MoE,0.4898596405982971
Sample 7,Chronos,0.5167192220687866
Sample 7,Moirai,0.4832807779312134
Sample 8,TimesFM,0.538150429725647
Sample 8,Timer,0.46184954047203064
Sample 9,Chronos,0.5239184498786926
Sample 9,Moirai,0.476081520318985
Sample 10,TimesFM,0.5116933584213257
Sample 10,Time-MoE,0.4883066713809967
Sample 11,Chronos,0.5019864439964294
Sample 11,Time-MoE,0.49801352620124817
Sample 12,Timer,0.5159199833869934
Sample 12,TimesFM,0.4840799868106842
Sample 13,Moirai,0.500801146030426
Sample 13,Chronos,0.49919891357421875
Sample 14,Time-MoE,0.5381824374198914
Sample 14,TimesFM,0.46181756258010864
Sample 15,TimesFM,0.5152809023857117
Sample 15,Timer,0.4847191274166107
Sample 16,TimesFM,0.5265937447547913
Sample 16,Timer,0.47340628504753113
Sample 17,Time-MoE,0.5043155550956726
Sample 17,Timer,0.4956844449043274
Sample 18,Chronos,0.5054109692573547
Sample 18,Timer,0.49458906054496765
Sample 19,Timer,0.5008667707443237
Sample 19,TimesFM,0.49913325905799866
Sample 20,Timer,0.5084068775177002
Sample 20,TimesFM,0.49159306287765503
Sample 21,Time-MoE,0.518014669418335
Sample 21,TimesFM,0.4819853901863098
Sample 22,Time-MoE,0.5000636577606201
Sample 22,Moirai,0.4999363124370575
Sample 23,Moirai,0.5087915062904358
Sample 23,Timer,0.4912084937095642
Sample 24,TimesFM,0.5483639240264893
Sample 24,Timer,0.45163604617118835
Sample 25,Chronos,0.5274609923362732
Sample 25,Time-MoE,0.4725389778614044
Sample 26,TimesFM,0.5241985321044922
Sample 26,Time-MoE,0.4758014678955078
Sample 27,Chronos,0.5196953415870667
Sample 27,Time-MoE,0.4803047180175781
Sample 28,Timer,0.5122202038764954
Sample 28,TimesFM,0.487779825925827
Sample 29,Chronos,0.5139374136924744
Sample 29,Time-MoE,0.486062616109848
Sample 30,Time-MoE,0.5201520323753357
Sample 30,TimesFM,0.4798479676246643
Sample 31,Timer,0.5124625563621521
Sample 31,TimesFM,0.4875374734401703
Sample 0,Timer,0.5015615820884705
Sample 0,Chronos,0.49843841791152954
Sample 1,Chronos,0.5237997770309448
Sample 1,Moirai,0.4762002229690552
Sample 2,Time-MoE,0.5038473010063171
Sample 2,Timer,0.49615272879600525
Sample 3,Chronos,0.5104719996452332
Sample 3,Timer,0.48952800035476685
Sample 4,Timer,0.5515547394752502
Sample 4,Moirai,0.44844523072242737
Sample 5,Chronos,0.5049091577529907
Sample 5,Moirai,0.49509087204933167
Sample 6,Chronos,0.5089271664619446
Sample 6,Time-MoE,0.4910728633403778
Sample 7,Moirai,0.5003275871276855
Sample 7,Chronos,0.49967241287231445
Sample 8,TimesFM,0.5719287991523743
Sample 8,Timer,0.42807114124298096
Sample 9,Chronos,0.533285915851593
Sample 9,Moirai,0.466714084148407
Sample 10,Moirai,0.5436763763427734
Sample 10,Time-MoE,0.45632362365722656
Sample 11,Timer,0.5086596012115479
Sample 11,Chronos,0.4913403391838074
Sample 12,Timer,0.5485435128211975
Sample 12,Time-MoE,0.45145654678344727
Sample 13,Chronos,0.5788832902908325
Sample 13,Timer,0.4211167097091675
Sample 14,Time-MoE,0.5189141631126404
Sample 14,TimesFM,0.4810858368873596
Sample 15,Moirai,0.5523532629013062
Sample 15,Chronos,0.4476466774940491
Sample 16,Chronos,0.5181493759155273
Sample 16,Timer,0.48185068368911743
Sample 17,Time-MoE,0.5107304453849792
Sample 17,Moirai,0.489269495010376
Sample 18,Chronos,0.506168007850647
Sample 18,Time-MoE,0.493831992149353
Sample 19,Time-MoE,0.5115694403648376
Sample 19,TimesFM,0.48843052983283997
Sample 20,TimesFM,0.5229962468147278
Sample 20,Timer,0.47700372338294983
Sample 21,Chronos,0.543011486530304
Sample 21,Time-MoE,0.45698851346969604
Sample 22,Time-MoE,0.5193006992340088
Sample 22,Chronos,0.4806993007659912
Sample 23,Moirai,0.5211356282234192
Sample 23,Timer,0.4788643419742584
Sample 24,TimesFM,0.5570585131645203
Sample 24,Timer,0.4429415464401245
Sample 25,Chronos,0.5252761244773865
Sample 25,Moirai,0.4747239351272583
Sample 26,Moirai,0.559565007686615
Sample 26,Chronos,0.440434992313385
Sample 27,Time-MoE,0.5022730231285095
Sample 27,Chronos,0.4977269768714905
Sample 28,TimesFM,0.513399064540863
Sample 28,Timer,0.4866009056568146
Sample 29,Moirai,0.5385327339172363
Sample 29,Time-MoE,0.4614672362804413
Sample 30,Moirai,0.5466920137405396
Sample 30,Time-MoE,0.45330801606178284
Sample 31,Moirai,0.5259836316108704
Sample 31,Chronos,0.474016398191452
Sample 0,Timer,0.5104662179946899
Sample 0,TimesFM,0.4895337224006653
Sample 1,Chronos,0.524158775806427
Sample 1,Moirai,0.475841224193573
Sample 2,Time-MoE,0.5081602931022644
Sample 2,TimesFM,0.4918397068977356
Sample 3,Chronos,0.5112537145614624
Sample 3,Time-MoE,0.4887462556362152
Sample 4,Timer,0.5108287930488586
Sample 4,Time-MoE,0.4891711473464966
Sample 5,Chronos,0.5077440738677979
Sample 5,Moirai,0.49225592613220215
Sample 6,Time-MoE,0.5249661803245544
Sample 6,Timer,0.47503381967544556
Sample 7,TimesFM,0.5073630213737488
Sample 7,Chronos,0.4926370084285736
Sample 8,TimesFM,0.5932478904724121
Sample 8,Timer,0.4067520797252655
Sample 9,Chronos,0.5345041155815125
Sample 9,Moirai,0.46549585461616516
Sample 10,Moirai,0.5258936285972595
Sample 10,TimesFM,0.4741063416004181
Sample 11,Chronos,0.5056028366088867
Sample 11,Timer,0.4943971633911133
Sample 12,Time-MoE,0.5159946084022522
Sample 12,Chronos,0.4840053915977478
Sample 13,Time-MoE,0.5228032469749451
Sample 13,Timer,0.47719672322273254
Sample 14,Time-MoE,0.5213617086410522
Sample 14,TimesFM,0.47863829135894775
Sample 15,Chronos,0.5051915645599365
Sample 15,Moirai,0.4948084056377411
Sample 16,Timer,0.5063209533691406
Sample 16,TimesFM,0.493679016828537
Sample 17,Chronos,0.5405471324920654
Sample 17,Moirai,0.45945292711257935
Sample 18,TimesFM,0.5058971047401428
Sample 18,Timer,0.4941028654575348
Sample 19,Chronos,0.5317085385322571
Sample 19,Timer,0.46829143166542053
Sample 20,Chronos,0.5041576027870178
Sample 20,Moirai,0.49584242701530457
Sample 21,Chronos,0.5418052673339844
Sample 21,Moirai,0.4581947922706604
Sample 22,Time-MoE,0.5460837483406067
Sample 22,TimesFM,0.45391619205474854
Sample 23,Timer,0.5186706781387329
Sample 23,TimesFM,0.4813292920589447
Sample 24,Chronos,0.5627655982971191
Sample 24,Timer,0.43723440170288086
Sample 25,Chronos,0.5364291071891785
Sample 25,Moirai,0.46357086300849915
Sample 26,TimesFM,0.5022095441818237
Sample 26,Moirai,0.49779048562049866
Sample 27,Chronos,0.5125976204872131
Sample 27,Time-MoE,0.48740237951278687
Sample 28,TimesFM,0.5990070104598999
Sample 28,Time-MoE,0.4009929597377777
Sample 29,Time-MoE,0.5180959105491638
Sample 29,Chronos,0.4819040596485138
Sample 30,TimesFM,0.5409873127937317
Sample 30,Moirai,0.45901262760162354
Sample 31,Time-MoE,0.5096162557601929
Sample 31,Moirai,0.49038368463516235
Sample 0,Chronos,0.5443844199180603
Sample 0,Timer,0.4556156098842621
Sample 1,Chronos,0.5088207721710205
Sample 1,Moirai,0.4911792278289795
Sample 2,Moirai,0.5958792567253113
Sample 2,Time-MoE,0.4041207730770111
Sample 3,Chronos,0.52878338098526
Sample 3,Timer,0.4712166488170624
Sample 4,TimesFM,0.52918940782547
Sample 4,Time-MoE,0.47081059217453003
Sample 5,Chronos,0.5536763072013855
Sample 5,Moirai,0.4463236927986145
Sample 6,Time-MoE,0.5375446677207947
Sample 6,Timer,0.46245530247688293
Sample 7,Moirai,0.5147298574447632
Sample 7,Timer,0.48527011275291443
Sample 8,TimesFM,0.531681478023529
Sample 8,Timer,0.46831855177879333
Sample 9,Chronos,0.5312543511390686
Sample 9,Moirai,0.4687456488609314
Sample 10,Moirai,0.5503206253051758
Sample 10,TimesFM,0.44967931509017944
Sample 11,Chronos,0.5079613924026489
Sample 11,Timer,0.4920386075973511
Sample 12,Timer,0.565039336681366
Sample 12,Moirai,0.43496063351631165
Sample 13,Chronos,0.5232008695602417
Sample 13,Moirai,0.4767991006374359
Sample 14,Time-MoE,0.5040373802185059
Sample 14,Moirai,0.49596261978149414
Sample 15,Timer,0.5103462934494019
Sample 15,Moirai,0.48965373635292053
Sample 0,TimesFM,0.5226690173149109
Sample 0,Timer,0.4773309528827667
Sample 1,Chronos,0.522983968257904
Sample 1,Moirai,0.47701603174209595
Sample 2,Time-MoE,0.5268365144729614
Sample 2,TimesFM,0.4731634557247162
Sample 3,Chronos,0.5007895231246948
Sample 3,Time-MoE,0.4992104768753052
Sample 4,Timer,0.5464088320732117
Sample 4,Moirai,0.4535911977291107
Sample 5,Chronos,0.5072673559188843
Sample 5,Moirai,0.49273261427879333
Sample 6,Time-MoE,0.5530126094818115
Sample 6,TimesFM,0.4469873905181885
Sample 7,Timer,0.5072326064109802
Sample 7,TimesFM,0.4927673935890198
Sample 8,TimesFM,0.5068209171295166
Sample 8,Chronos,0.4931791126728058
Sample 9,Chronos,0.5203818082809448
Sample 9,Moirai,0.47961822152137756
Sample 10,Moirai,0.6151686310768127
Sample 10,TimesFM,0.38483139872550964
Sample 11,Chronos,0.535484254360199
Sample 11,Time-MoE,0.46451571583747864
Sample 12,Timer,0.5097774863243103
Sample 12,TimesFM,0.4902225136756897
Sample 13,Chronos,0.5419177412986755
Sample 13,Time-MoE,0.4580822288990021
Sample 14,Time-MoE,0.5137897729873657
Sample 14,TimesFM,0.4862101674079895
Sample 15,Timer,0.5207276344299316
Sample 15,TimesFM,0.47927233576774597
Sample 16,TimesFM,0.6170188188552856
Sample 16,Moirai,0.38298115134239197
Sample 17,Chronos,0.5389485955238342
Sample 17,Moirai,0.46105143427848816
Sample 18,TimesFM,0.5443252921104431
Sample 18,Timer,0.4556747376918793
Sample 19,Chronos,0.5151300430297852
Sample 19,Time-MoE,0.48486995697021484
Sample 20,TimesFM,0.5701708793640137
Sample 20,Chronos,0.42982909083366394
Sample 21,Chronos,0.5654839873313904
Sample 21,Timer,0.434516042470932
Sample 22,Time-MoE,0.5435075759887695
Sample 22,TimesFM,0.45649245381355286
Sample 23,Time-MoE,0.5000278353691101
Sample 23,Timer,0.4999721944332123
Sample 24,TimesFM,0.5783258676528931
Sample 24,Timer,0.42167413234710693
Sample 25,Chronos,0.5268954634666443
Sample 25,Moirai,0.4731045365333557
Sample 26,Chronos,0.533278226852417
Sample 26,Moirai,0.466721773147583
Sample 27,Chronos,0.5316179394721985
Sample 27,Time-MoE,0.4683820903301239
Sample 28,Timer,0.5191805958747864
Sample 28,TimesFM,0.48081934452056885
Sample 29,Chronos,0.5242856740951538
Sample 29,Moirai,0.4757143259048462
Sample 30,TimesFM,0.5153822302818298
Sample 30,Time-MoE,0.48461776971817017
Sample 31,TimesFM,0.507172703742981
Sample 31,Timer,0.49282726645469666
Sample 0,Timer,0.518250048160553
Sample 0,Chronos,0.481749951839447
Sample 1,Chronos,0.5273697972297668
Sample 1,Moirai,0.4726301431655884
Sample 2,Time-MoE,0.5003302097320557
Sample 2,TimesFM,0.49966979026794434
Sample 3,Chronos,0.5085172653198242
Sample 3,Timer,0.491482675075531
Sample 4,Time-MoE,0.5082169771194458
Sample 4,TimesFM,0.4917830526828766
Sample 5,Chronos,0.5310429334640503
Sample 5,Moirai,0.4689570367336273
Sample 6,Time-MoE,0.5652783513069153
Sample 6,Timer,0.4347216486930847
Sample 7,Timer,0.5047372579574585
Sample 7,Moirai,0.4952627420425415
Sample 8,TimesFM,0.6305115818977356
Sample 8,Timer,0.3694884181022644
Sample 9,Chronos,0.5297987461090088
Sample 9,Moirai,0.4702012538909912
Sample 10,Moirai,0.5538697242736816
Sample 10,Time-MoE,0.44613027572631836
Sample 11,Chronos,0.5275372266769409
Sample 11,Timer,0.4724627435207367
Sample 12,Time-MoE,0.526339054107666
Sample 12,TimesFM,0.4736608862876892
Sample 13,Chronos,0.555436909198761
Sample 13,Moirai,0.4445630609989166
Sample 14,Time-MoE,0.5444581508636475
Sample 14,Chronos,0.45554181933403015
Sample 15,Moirai,0.5300117135047913
Sample 15,TimesFM,0.46998831629753113
Sample 16,TimesFM,0.6221734881401062
Sample 16,Timer,0.3778265118598938
Sample 17,Chronos,0.5338525176048279
Sample 17,Moirai,0.4661475121974945
Sample 18,Moirai,0.5012080669403076
Sample 18,Time-MoE,0.49879196286201477
Sample 19,Chronos,0.5257430076599121
Sample 19,Timer,0.4742569625377655
Sample 20,Moirai,0.5323547720909119
Sample 20,Chronos,0.46764519810676575
Sample 21,Chronos,0.5460988283157349
Sample 21,Moirai,0.45390114188194275
Sample 22,Time-MoE,0.5691432952880859
Sample 22,Moirai,0.4308566749095917
Sample 23,Timer,0.5012272596359253
Sample 23,TimesFM,0.4987727403640747
Sample 24,Chronos,0.5160027742385864
Sample 24,Timer,0.4839971959590912
Sample 25,Chronos,0.5191190242767334
Sample 25,Time-MoE,0.4808809757232666
Sample 26,Moirai,0.5295006036758423
Sample 26,Chronos,0.4704993665218353
Sample 27,Chronos,0.5187453627586365
Sample 27,Timer,0.4812546372413635
Sample 28,Timer,0.5246524810791016
Sample 28,TimesFM,0.47534748911857605
Sample 29,Chronos,0.572755753993988
Sample 29,Moirai,0.42724427580833435
Sample 30,Time-MoE,0.5446633696556091
Sample 30,TimesFM,0.45533663034439087
Sample 31,Timer,0.5041914582252502
Sample 31,Moirai,0.49580854177474976
Sample 0,TimesFM,0.5615674257278442
Sample 0,Moirai,0.4384325444698334
Sample 1,Chronos,0.5423862934112549
Sample 1,Moirai,0.4576137661933899
Sample 2,Moirai,0.584182858467102
Sample 2,TimesFM,0.41581717133522034
Sample 3,Chronos,0.5240605473518372
Sample 3,Time-MoE,0.47593948245048523
Sample 4,TimesFM,0.5023032426834106
Sample 4,Moirai,0.49769678711891174
Sample 5,Moirai,0.5184895396232605
Sample 5,Time-MoE,0.4815104603767395
Sample 6,Time-MoE,0.5304129719734192
Sample 6,Timer,0.4695870578289032
Sample 7,Moirai,0.502988874912262
Sample 7,Chronos,0.49701112508773804
Sample 8,TimesFM,0.6047403216362
Sample 8,Timer,0.39525967836380005
Sample 9,Chronos,0.5259729623794556
Sample 9,Moirai,0.4740270674228668
Sample 10,Chronos,0.5167800784111023
Sample 10,Time-MoE,0.4832199513912201
Sample 11,Timer,0.5050057768821716
Sample 11,Time-MoE,0.494994193315506
Sample 12,TimesFM,0.5177526473999023
Sample 12,Timer,0.48224732279777527
Sample 13,Chronos,0.5497632622718811
Sample 13,Moirai,0.4502367675304413
Sample 14,Time-MoE,0.5082159638404846
Sample 14,Chronos,0.4917840361595154
Sample 15,Moirai,0.5126773715019226
Sample 15,TimesFM,0.487322598695755
Sample 16,Chronos,0.5561296343803406
Sample 16,Timer,0.4438703954219818
Sample 17,Chronos,0.5050200819969177
Sample 17,Moirai,0.4949798882007599
Sample 18,Moirai,0.5035925507545471
Sample 18,Time-MoE,0.4964074194431305
Sample 19,Chronos,0.5577736496925354
Sample 19,Moirai,0.4422262907028198
Sample 20,Timer,0.5154688358306885
Sample 20,TimesFM,0.4845311939716339
Sample 21,Chronos,0.5760731101036072
Sample 21,Moirai,0.4239268898963928
Sample 22,Time-MoE,0.5532764792442322
Sample 22,Moirai,0.44672349095344543
Sample 23,Time-MoE,0.5101919770240784
Sample 23,TimesFM,0.489808052778244
Sample 24,TimesFM,0.5613449811935425
Sample 24,Timer,0.43865498900413513
Sample 25,Chronos,0.5227665901184082
Sample 25,Time-MoE,0.4772333800792694
Sample 26,Moirai,0.5456123352050781
Sample 26,Time-MoE,0.4543876647949219
Sample 27,TimesFM,0.5216556191444397
Sample 27,Time-MoE,0.4783443808555603
Sample 28,TimesFM,0.5227335691452026
Sample 28,Timer,0.477266401052475
Sample 29,Chronos,0.5718154311180115
Sample 29,Time-MoE,0.42818453907966614
Sample 30,Time-MoE,0.5375619530677795
Sample 30,Chronos,0.46243807673454285
Sample 31,Timer,0.5006271600723267
Sample 31,TimesFM,0.49937281012535095
Sample 0,TimesFM,0.5336562991142273
Sample 0,Moirai,0.4663437008857727
Sample 1,Chronos,0.5505844950675964
Sample 1,Moirai,0.44941550493240356
Sample 2,Moirai,0.6417117714881897
Sample 2,Chronos,0.3582882583141327
Sample 3,Chronos,0.5372266173362732
Sample 3,Timer,0.46277332305908203
Sample 4,Chronos,0.5678952932357788
Sample 4,Time-MoE,0.4321047067642212
Sample 5,Chronos,0.5301142334938049
Sample 5,Timer,0.4698857367038727
Sample 6,Moirai,0.5124152898788452
Sample 6,Time-MoE,0.4875847399234772
Sample 7,Chronos,0.5169875025749207
Sample 7,Moirai,0.48301246762275696
Sample 8,TimesFM,0.536829948425293
Sample 8,Timer,0.46317005157470703
Sample 9,Chronos,0.5245388746261597
Sample 9,Moirai,0.4754611849784851
Sample 10,TimesFM,0.5076264142990112
Sample 10,Time-MoE,0.4923735558986664
Sample 11,Chronos,0.504492998123169
Sample 11,Time-MoE,0.49550700187683105
Sample 12,Timer,0.517781674861908
Sample 12,TimesFM,0.48221835494041443
Sample 13,Moirai,0.5015996694564819
Sample 13,Chronos,0.49840036034584045
Sample 14,Time-MoE,0.5374135375022888
Sample 14,Moirai,0.46258652210235596
Sample 15,TimesFM,0.512435257434845
Sample 15,Timer,0.4875647723674774
Sample 16,TimesFM,0.5284273624420166
Sample 16,Timer,0.4715726673603058
Sample 17,Time-MoE,0.5043230056762695
Sample 17,Timer,0.49567702412605286
Sample 18,Chronos,0.511085569858551
Sample 18,Timer,0.488914430141449
Sample 19,Timer,0.5015932321548462
Sample 19,TimesFM,0.4984067380428314
Sample 20,Timer,0.5108649730682373
Sample 20,TimesFM,0.4891350269317627
Sample 21,Time-MoE,0.5134556293487549
Sample 21,TimesFM,0.48654434084892273
Sample 22,Moirai,0.5057138800621033
Sample 22,Time-MoE,0.49428611993789673
Sample 23,Moirai,0.5165627002716064
Sample 23,Timer,0.48343735933303833
Sample 24,TimesFM,0.5465483069419861
Sample 24,Timer,0.45345166325569153
Sample 25,Chronos,0.533758819103241
Sample 25,Time-MoE,0.46624118089675903
Sample 26,TimesFM,0.5196653604507446
Sample 26,Time-MoE,0.48033463954925537
Sample 27,Chronos,0.5239521265029907
Sample 27,Time-MoE,0.4760478734970093
Sample 28,Timer,0.5146880745887756
Sample 28,TimesFM,0.485311895608902
Sample 29,Chronos,0.5186864137649536
Sample 29,Time-MoE,0.4813135862350464
Sample 30,Time-MoE,0.516315758228302
Sample 30,TimesFM,0.483684241771698
Sample 31,Timer,0.5119727849960327
Sample 31,TimesFM,0.4880272150039673
Sample 0,Chronos,0.5084645748138428
Sample 0,Timer,0.4915354251861572
Sample 1,Chronos,0.5247089266777039
Sample 1,Moirai,0.47529107332229614
Sample 2,Time-MoE,0.5016104578971863
Sample 2,Timer,0.4983895719051361
Sample 3,Chronos,0.5113473534584045
Sample 3,Timer,0.48865264654159546
Sample 4,Timer,0.5424985289573669
Sample 4,Moirai,0.45750144124031067
Sample 5,Chronos,0.5051199197769165
Sample 5,Moirai,0.4948801100254059
Sample 6,Chronos,0.5099040865898132
Sample 6,Moirai,0.49009591341018677
Sample 7,Moirai,0.5008386969566345
Sample 7,Chronos,0.4991613030433655
Sample 8,TimesFM,0.5762272477149963
Sample 8,Timer,0.42377275228500366
Sample 9,Chronos,0.5343136191368103
Sample 9,Moirai,0.4656864404678345
Sample 10,Moirai,0.5490288138389587
Sample 10,Time-MoE,0.45097115635871887
Sample 11,Chronos,0.5007249116897583
Sample 11,Timer,0.4992750883102417
Sample 12,Timer,0.5452334880828857
Sample 12,Time-MoE,0.45476654171943665
Sample 13,Chronos,0.5865057706832886
Sample 13,Moirai,0.4134942293167114
Sample 14,Time-MoE,0.5184263586997986
Sample 14,TimesFM,0.4815736711025238
Sample 15,Moirai,0.5567619800567627
Sample 15,Chronos,0.4432379901409149
Sample 16,Chronos,0.5266212821006775
Sample 16,Timer,0.4733787178993225
Sample 17,Time-MoE,0.5057306289672852
Sample 17,Moirai,0.49426934123039246
Sample 18,Chronos,0.5130165815353394
Sample 18,Time-MoE,0.48698338866233826
Sample 19,Time-MoE,0.5054810047149658
Sample 19,TimesFM,0.49451902508735657
Sample 20,TimesFM,0.5175559520721436
Sample 20,Timer,0.48244404792785645
Sample 21,Chronos,0.5472661256790161
Sample 21,Moirai,0.4527339041233063
Sample 22,Time-MoE,0.5147454738616943
Sample 22,Chronos,0.48525452613830566
Sample 23,Moirai,0.5267479419708252
Sample 23,Timer,0.4732520580291748
Sample 24,TimesFM,0.5571976900100708
Sample 24,Timer,0.4428022801876068
Sample 25,Chronos,0.5254045724868774
Sample 25,Moirai,0.47459545731544495
Sample 26,Moirai,0.561866819858551
Sample 26,Chronos,0.438133180141449
Sample 27,Chronos,0.5001835823059082
Sample 27,Time-MoE,0.4998164474964142
Sample 28,TimesFM,0.5130596160888672
Sample 28,Moirai,0.4869403541088104
Sample 29,Moirai,0.5452412366867065
Sample 29,Time-MoE,0.45475879311561584
Sample 30,Moirai,0.557824969291687
Sample 30,Time-MoE,0.4421749711036682
Sample 31,Moirai,0.5275311470031738
Sample 31,Chronos,0.47246888279914856
Sample 0,Timer,0.5093127489089966
Sample 0,TimesFM,0.49068722128868103
Sample 1,Chronos,0.5251079797744751
Sample 1,Moirai,0.4748920798301697
Sample 2,Time-MoE,0.5090949535369873
Sample 2,TimesFM,0.4909050166606903
Sample 3,Chronos,0.5151495337486267
Sample 3,Time-MoE,0.4848504960536957
Sample 4,Timer,0.5056354403495789
Sample 4,Time-MoE,0.49436458945274353
Sample 5,Chronos,0.5093950629234314
Sample 5,Moirai,0.4906049072742462
Sample 6,Time-MoE,0.5266600847244263
Sample 6,Timer,0.47333988547325134
Sample 7,TimesFM,0.5037199258804321
Sample 7,Chronos,0.4962800443172455
Sample 8,TimesFM,0.5945347547531128
Sample 8,Timer,0.4054652154445648
Sample 9,Chronos,0.5367070436477661
Sample 9,Moirai,0.4632929563522339
Sample 10,Moirai,0.5297763347625732
Sample 10,TimesFM,0.470223605632782
Sample 11,Chronos,0.5081525444984436
Sample 11,Timer,0.4918473958969116
Sample 12,Time-MoE,0.5156235098838806
Sample 12,Chronos,0.4843764901161194
Sample 13,Time-MoE,0.5193755030632019
Sample 13,Timer,0.4806244671344757
Sample 14,Time-MoE,0.5270795226097107
Sample 14,TimesFM,0.4729204773902893
Sample 15,Chronos,0.5051743984222412
Sample 15,Moirai,0.4948256015777588
Sample 16,Timer,0.5031725168228149
Sample 16,TimesFM,0.49682754278182983
Sample 17,Chronos,0.5427356958389282
Sample 17,Moirai,0.4572643041610718
Sample 18,TimesFM,0.5086175799369812
Sample 18,Timer,0.4913824200630188
Sample 19,Chronos,0.5350515842437744
Sample 19,Timer,0.464948445558548
Sample 20,Chronos,0.5027518272399902
Sample 20,TimesFM,0.49724817276000977
Sample 21,Chronos,0.5443798899650574
Sample 21,Moirai,0.455620139837265
Sample 22,Time-MoE,0.5453810691833496
Sample 22,TimesFM,0.4546188712120056
Sample 23,Timer,0.5177266597747803
Sample 23,TimesFM,0.4822733402252197
Sample 24,Chronos,0.5747973322868347
Sample 24,Moirai,0.4252026677131653
Sample 25,Chronos,0.5388568639755249
Sample 25,Moirai,0.4611431062221527
Sample 26,Moirai,0.5014017820358276
Sample 26,TimesFM,0.49859818816185
Sample 27,Chronos,0.5179080963134766
Sample 27,Time-MoE,0.48209187388420105
Sample 28,TimesFM,0.6001235246658325
Sample 28,Time-MoE,0.39987653493881226
Sample 29,Time-MoE,0.5162293910980225
Sample 29,Chronos,0.4837706387042999
Sample 30,TimesFM,0.5359176397323608
Sample 30,Moirai,0.46408239006996155
Sample 31,Time-MoE,0.5131712555885315
Sample 31,Moirai,0.4868288040161133
Sample 0,Chronos,0.5511487126350403
Sample 0,Timer,0.4488513171672821
Sample 1,Chronos,0.5083388686180115
Sample 1,Moirai,0.4916611611843109
Sample 2,Moirai,0.6042664647102356
Sample 2,Time-MoE,0.395733505487442
Sample 3,Chronos,0.5272969603538513
Sample 3,Timer,0.4727030098438263
Sample 4,TimesFM,0.527208685874939
Sample 4,Time-MoE,0.47279128432273865
Sample 5,Chronos,0.556903064250946
Sample 5,Moirai,0.44309693574905396
Sample 6,Time-MoE,0.5371875166893005
Sample 6,Timer,0.46281248331069946
Sample 7,Moirai,0.5220102667808533
Sample 7,Chronos,0.47798970341682434
Sample 8,TimesFM,0.5327534079551697
Sample 8,Timer,0.4672466218471527
Sample 9,Chronos,0.5320777297019958
Sample 9,Moirai,0.46792224049568176
Sample 10,Moirai,0.5543779134750366
Sample 10,TimesFM,0.445622056722641
Sample 11,Chronos,0.5057063698768616
Sample 11,Timer,0.4942936301231384
Sample 12,Timer,0.5586490631103516
Sample 12,Moirai,0.44135093688964844
Sample 13,Chronos,0.5245504975318909
Sample 13,Moirai,0.4754495322704315
Sample 14,Time-MoE,0.5012743473052979
Sample 14,Moirai,0.4987255930900574
Sample 15,Timer,0.5027815103530884
Sample 15,Moirai,0.497218519449234
