Sample,Learner,Weight
Sample 0,Timer,0.537786602973938
Sample 0,Chronos,0.462213397026062
Sample 1,TimesFM,0.5156636834144592
Sample 1,Timer,0.48433631658554077
Sample 2,Chronos,0.5131476521492004
Sample 2,Time-MoE,0.48685240745544434
Sample 3,Chronos,0.5047380328178406
Sample 3,TimesFM,0.4952619671821594
Sample 4,Chronos,0.5717212557792664
Sample 4,Moirai,0.42827871441841125
Sample 5,Time-MoE,0.7353928089141846
Sample 5,TimesFM,0.2646072506904602
Sample 6,Moirai,0.7728071212768555
Sample 6,Timer,0.22719284892082214
Sample 7,Chronos,0.5167017579078674
Sample 7,Timer,0.48329824209213257
Sample 8,Time-MoE,0.5089491605758667
Sample 8,TimesFM,0.4910508096218109
Sample 9,Moirai,0.5839604139328003
Sample 9,Chronos,0.4160395562648773
Sample 10,TimesFM,0.6491115093231201
Sample 10,Moirai,0.3508884608745575
Sample 11,Chronos,0.6340133547782898
Sample 11,Moirai,0.36598658561706543
Sample 12,TimesFM,0.5514923334121704
Sample 12,Moirai,0.4485076665878296
Sample 13,Time-MoE,0.6698994636535645
Sample 13,Chronos,0.33010053634643555
Sample 14,Chronos,0.5080992579460144
Sample 14,Moirai,0.4919007420539856
Sample 15,Timer,0.568640410900116
Sample 15,Time-MoE,0.4313596487045288
Sample 16,Time-MoE,0.6347129940986633
Sample 16,Timer,0.36528700590133667
Sample 17,Moirai,0.6951019763946533
Sample 17,TimesFM,0.30489805340766907
Sample 18,Chronos,0.5505433082580566
Sample 18,Time-MoE,0.44945669174194336
Sample 19,Time-MoE,0.5449203848838806
Sample 19,Timer,0.4550796449184418
Sample 20,TimesFM,0.5353140234947205
Sample 20,Timer,0.46468597650527954
Sample 21,Time-MoE,0.5692160129547119
Sample 21,Moirai,0.4307839572429657
Sample 22,TimesFM,0.8201014995574951
Sample 22,Chronos,0.17989857494831085
Sample 23,Timer,0.6128614544868469
Sample 23,Chronos,0.3871385455131531
Sample 24,Moirai,0.6585866808891296
Sample 24,TimesFM,0.341413289308548
Sample 25,Moirai,0.5011914372444153
Sample 25,TimesFM,0.4988085627555847
Sample 26,Time-MoE,0.6694788336753845
Sample 26,Timer,0.3305211365222931
Sample 27,Time-MoE,0.5833053588867188
Sample 27,Timer,0.4166945815086365
Sample 28,TimesFM,0.5448244214057922
Sample 28,Moirai,0.4551755487918854
Sample 29,TimesFM,0.6983776688575745
Sample 29,Moirai,0.3016223609447479
Sample 30,Time-MoE,0.5148515701293945
Sample 30,TimesFM,0.48514845967292786
Sample 31,TimesFM,0.6060795783996582
Sample 31,Time-MoE,0.3939204216003418
Sample 0,Timer,0.6012393236160278
Sample 0,TimesFM,0.3987606465816498
Sample 1,Chronos,0.5621725916862488
Sample 1,Time-MoE,0.4378274381160736
Sample 2,Chronos,0.5901849269866943
Sample 2,TimesFM,0.40981510281562805
Sample 3,Chronos,0.6742140650749207
Sample 3,TimesFM,0.32578590512275696
Sample 4,Chronos,0.6695325970649719
Sample 4,Timer,0.33046743273735046
Sample 5,Chronos,0.7646495699882507
Sample 5,Timer,0.23535047471523285
Sample 6,Time-MoE,0.5120189189910889
Sample 6,Timer,0.48798108100891113
Sample 7,Moirai,0.5938429832458496
Sample 7,Time-MoE,0.4061570167541504
Sample 8,Timer,0.5476787686347961
Sample 8,Moirai,0.45232126116752625
Sample 9,Chronos,0.5399177670478821
Sample 9,TimesFM,0.4600822627544403
Sample 10,Moirai,0.6576282978057861
Sample 10,Timer,0.34237173199653625
Sample 11,Moirai,0.5173096656799316
Sample 11,TimesFM,0.48269033432006836
Sample 12,Time-MoE,0.6479101181030273
Sample 12,Moirai,0.35208985209465027
Sample 13,TimesFM,0.6463205218315125
Sample 13,Chronos,0.3536795377731323
Sample 14,TimesFM,0.6605015397071838
Sample 14,Timer,0.33949846029281616
Sample 15,Moirai,0.6305168867111206
Sample 15,TimesFM,0.3694831132888794
Sample 16,Moirai,0.6974816918373108
Sample 16,Chronos,0.3025182783603668
Sample 17,Moirai,0.5218042731285095
Sample 17,Chronos,0.47819575667381287
Sample 18,Moirai,0.6366134285926819
Sample 18,TimesFM,0.3633865714073181
Sample 19,Chronos,0.6995424628257751
Sample 19,Timer,0.30045759677886963
Sample 20,TimesFM,0.5061711668968201
Sample 20,Chronos,0.49382883310317993
Sample 21,Chronos,0.6719119548797607
Sample 21,TimesFM,0.32808804512023926
Sample 22,Time-MoE,0.6563675403594971
Sample 22,TimesFM,0.3436325192451477
Sample 23,Timer,0.6480457782745361
Sample 23,Moirai,0.35195422172546387
Sample 24,Time-MoE,0.7563415765762329
Sample 24,TimesFM,0.2436584085226059
Sample 25,TimesFM,0.5651171207427979
Sample 25,Chronos,0.43488284945487976
Sample 26,Chronos,0.5982269644737244
Sample 26,Timer,0.40177297592163086
Sample 27,Chronos,0.6312592029571533
Sample 27,Timer,0.36874082684516907
Sample 28,Time-MoE,0.6179329752922058
Sample 28,TimesFM,0.3820669949054718
Sample 29,Time-MoE,0.5796682238578796
Sample 29,Timer,0.42033177614212036
Sample 30,Moirai,0.7590734362602234
Sample 30,Timer,0.24092654883861542
Sample 31,Timer,0.9689903855323792
Sample 31,TimesFM,0.03100958839058876
Sample 0,Timer,0.5393625497817993
Sample 0,TimesFM,0.4606374502182007
Sample 1,Timer,0.5671425461769104
Sample 1,Chronos,0.4328574538230896
Sample 2,Time-MoE,0.5104811191558838
Sample 2,Chronos,0.4895188808441162
Sample 3,Timer,0.5676066875457764
Sample 3,Time-MoE,0.43239331245422363
Sample 4,Chronos,0.6182714700698853
Sample 4,Moirai,0.38172852993011475
Sample 5,Moirai,0.5745582580566406
Sample 5,Timer,0.425441712141037
Sample 6,Timer,0.6265692114830017
Sample 6,TimesFM,0.3734307587146759
Sample 7,Time-MoE,0.8120999932289124
Sample 7,Moirai,0.18789997696876526
Sample 8,Time-MoE,0.6006758213043213
Sample 8,Moirai,0.3993241786956787
Sample 9,TimesFM,0.6498575210571289
Sample 9,Timer,0.3501424193382263
Sample 10,Chronos,0.6784396171569824
Sample 10,Timer,0.32156041264533997
Sample 11,Moirai,0.6337985992431641
Sample 11,TimesFM,0.36620137095451355
Sample 12,Time-MoE,0.5972559452056885
Sample 12,Timer,0.40274399518966675
Sample 13,Chronos,0.5885511040687561
Sample 13,Timer,0.41144895553588867
Sample 14,Chronos,0.5791915655136108
Sample 14,Timer,0.42080843448638916
Sample 15,Timer,0.5520772337913513
Sample 15,Moirai,0.44792282581329346
Sample 16,TimesFM,0.5045456886291504
Sample 16,Chronos,0.4954543113708496
Sample 17,Chronos,0.5279804468154907
Sample 17,TimesFM,0.47201961278915405
Sample 18,TimesFM,0.8530368208885193
Sample 18,Moirai,0.14696314930915833
Sample 19,Timer,0.7401700615882874
Sample 19,TimesFM,0.25982987880706787
Sample 20,Time-MoE,0.5321142673492432
Sample 20,Moirai,0.4678857624530792
Sample 21,Time-MoE,0.5434956550598145
Sample 21,Chronos,0.45650428533554077
Sample 22,TimesFM,0.935064435005188
Sample 22,Time-MoE,0.06493552029132843
Sample 23,Moirai,0.5261261463165283
Sample 23,Time-MoE,0.4738738536834717
Sample 24,Moirai,0.9022003412246704
Sample 24,Time-MoE,0.09779968857765198
Sample 25,Timer,0.6343814730644226
Sample 25,Chronos,0.365618497133255
Sample 26,Chronos,0.5437296628952026
Sample 26,Moirai,0.456270307302475
Sample 27,Time-MoE,0.5798923373222351
Sample 27,Chronos,0.4201076328754425
Sample 28,Time-MoE,0.5102719068527222
Sample 28,Timer,0.4897281229496002
Sample 29,Timer,0.646843671798706
Sample 29,Moirai,0.35315626859664917
Sample 30,Chronos,0.8605605959892273
Sample 30,Timer,0.13943937420845032
Sample 31,Time-MoE,0.5796746611595154
Sample 31,Chronos,0.4203253388404846
Sample 0,TimesFM,0.5922135710716248
Sample 0,Chronos,0.40778642892837524
Sample 1,Chronos,0.5039934515953064
Sample 1,Timer,0.4960065186023712
Sample 2,TimesFM,0.6870200037956238
Sample 2,Time-MoE,0.31297996640205383
Sample 3,Moirai,0.7034286856651306
Sample 3,TimesFM,0.2965713441371918
Sample 4,Moirai,0.5947590470314026
Sample 4,Timer,0.405240923166275
Sample 5,Chronos,0.6673984527587891
Sample 5,Timer,0.33260154724121094
Sample 6,Moirai,0.5718205571174622
Sample 6,Timer,0.42817944288253784
Sample 7,Chronos,0.5449597835540771
Sample 7,Moirai,0.45504021644592285
Sample 8,Chronos,0.6465383768081665
Sample 8,TimesFM,0.3534616529941559
Sample 9,TimesFM,0.6055068969726562
Sample 9,Chronos,0.394493043422699
Sample 10,TimesFM,0.6360560059547424
Sample 10,Chronos,0.3639439642429352
Sample 11,TimesFM,0.5053364634513855
Sample 11,Chronos,0.4946634769439697
Sample 12,Time-MoE,0.6937698721885681
Sample 12,Moirai,0.3062301278114319
Sample 13,Chronos,0.5204063653945923
Sample 13,Timer,0.4795936048030853
Sample 14,Time-MoE,0.5369561910629272
Sample 14,TimesFM,0.46304383873939514
Sample 15,Time-MoE,0.645728349685669
Sample 15,Chronos,0.35427165031433105
Sample 16,Time-MoE,0.613031268119812
Sample 16,Moirai,0.386968731880188
Sample 17,Chronos,0.8542287945747375
Sample 17,Timer,0.14577123522758484
Sample 18,TimesFM,0.5095560550689697
Sample 18,Moirai,0.49044397473335266
Sample 19,Moirai,0.5756363868713379
Sample 19,Timer,0.4243636131286621
Sample 20,Time-MoE,0.5590840578079224
Sample 20,Moirai,0.44091591238975525
Sample 21,Timer,0.5113832950592041
Sample 21,Chronos,0.4886166751384735
Sample 22,TimesFM,0.7273553609848022
Sample 22,Time-MoE,0.27264460921287537
Sample 23,Time-MoE,0.6968562602996826
Sample 23,Chronos,0.3031437397003174
Sample 24,Time-MoE,0.795006513595581
Sample 24,TimesFM,0.20499345660209656
Sample 25,Chronos,0.8048575520515442
Sample 25,Timer,0.19514238834381104
Sample 26,Chronos,0.7830440998077393
Sample 26,Moirai,0.21695588529109955
Sample 27,Chronos,0.5212348103523254
Sample 27,Timer,0.47876521944999695
Sample 28,Chronos,0.5300993323326111
Sample 28,Moirai,0.4699006974697113
Sample 29,TimesFM,0.7222868800163269
Sample 29,Chronos,0.2777131199836731
Sample 30,Timer,0.6217378973960876
Sample 30,Chronos,0.37826210260391235
Sample 31,Time-MoE,0.7250608801841736
Sample 31,Moirai,0.2749391198158264
Sample 0,Timer,0.5798848867416382
Sample 0,Moirai,0.4201151132583618
Sample 1,Timer,0.6100730299949646
Sample 1,TimesFM,0.3899269998073578
Sample 2,Moirai,0.5394116044044495
Sample 2,Timer,0.4605884253978729
Sample 3,Chronos,0.6077926158905029
Sample 3,Timer,0.39220738410949707
Sample 4,Chronos,0.5344462394714355
Sample 4,TimesFM,0.46555379033088684
Sample 5,Chronos,0.5084717869758606
Sample 5,TimesFM,0.491528183221817
Sample 6,Chronos,0.6252329349517822
Sample 6,Timer,0.37476709485054016
Sample 7,Chronos,0.5866146087646484
Sample 7,TimesFM,0.41338542103767395
Sample 8,Timer,0.5590925812721252
Sample 8,Chronos,0.44090747833251953
Sample 9,Timer,0.6372538208961487
Sample 9,Chronos,0.3627461791038513
Sample 10,Time-MoE,0.5635858774185181
Sample 10,Moirai,0.43641412258148193
Sample 11,Chronos,0.7804306149482727
Sample 11,Timer,0.21956942975521088
Sample 12,Timer,0.5257037878036499
Sample 12,Chronos,0.4742962419986725
Sample 13,TimesFM,0.612434446811676
Sample 13,Timer,0.3875655233860016
Sample 14,TimesFM,0.7150875926017761
Sample 14,Timer,0.2849123775959015
Sample 15,Time-MoE,0.6811472773551941
Sample 15,Chronos,0.3188526928424835
Sample 16,Timer,0.6036327481269836
Sample 16,TimesFM,0.39636722207069397
Sample 17,TimesFM,0.6848126649856567
Sample 17,Timer,0.3151873052120209
Sample 18,Timer,0.6163961887359619
Sample 18,TimesFM,0.3836038112640381
Sample 19,TimesFM,0.6482159495353699
Sample 19,Chronos,0.35178402066230774
Sample 20,Time-MoE,0.7506361603736877
Sample 20,Timer,0.24936391413211823
Sample 21,Timer,0.6077830195426941
Sample 21,Chronos,0.39221692085266113
Sample 22,Timer,0.5148638486862183
Sample 22,Moirai,0.48513615131378174
Sample 23,Time-MoE,0.5613493919372559
Sample 23,Moirai,0.43865054845809937
Sample 24,Time-MoE,0.5447484254837036
Sample 24,Timer,0.455251544713974
Sample 25,Timer,0.6579824686050415
Sample 25,Chronos,0.3420175611972809
Sample 26,Chronos,0.6262690424919128
Sample 26,Timer,0.37373098731040955
Sample 27,TimesFM,0.504686713218689
Sample 27,Timer,0.4953133165836334
Sample 28,Chronos,0.7159307599067688
Sample 28,TimesFM,0.2840692698955536
Sample 29,TimesFM,0.5384020209312439
Sample 29,Timer,0.4615979790687561
Sample 30,Timer,0.6448073387145996
Sample 30,Moirai,0.35519272089004517
Sample 31,Timer,0.8051252365112305
Sample 31,TimesFM,0.19487473368644714
Sample 0,Timer,0.522872805595398
Sample 0,Moirai,0.4771272540092468
Sample 1,Chronos,0.5019707083702087
Sample 1,Timer,0.49802929162979126
Sample 2,Timer,0.5660603642463684
Sample 2,Chronos,0.43393969535827637
Sample 3,Timer,0.5443326830863953
Sample 3,TimesFM,0.45566728711128235
Sample 4,Time-MoE,0.6898820400238037
Sample 4,Moirai,0.3101179897785187
Sample 5,TimesFM,0.5943921804428101
Sample 5,Timer,0.40560784935951233
Sample 6,Timer,0.564561128616333
Sample 6,TimesFM,0.435438871383667
Sample 7,Time-MoE,0.6152930855751038
Sample 7,TimesFM,0.38470688462257385
Sample 8,Time-MoE,0.813554048538208
Sample 8,Timer,0.18644596636295319
Sample 9,Timer,0.6016422510147095
Sample 9,TimesFM,0.3983577489852905
Sample 10,Timer,0.5504185557365417
Sample 10,Moirai,0.44958147406578064
Sample 11,Timer,0.5645571351051331
Sample 11,TimesFM,0.43544280529022217
Sample 12,TimesFM,0.825814962387085
Sample 12,Timer,0.17418502271175385
Sample 13,Chronos,0.6464506983757019
Sample 13,Moirai,0.3535493016242981
Sample 14,Time-MoE,0.7380087971687317
Sample 14,Timer,0.26199114322662354
Sample 15,Chronos,0.623226523399353
Sample 15,Time-MoE,0.376773476600647
Sample 16,Timer,0.5802478790283203
Sample 16,Time-MoE,0.4197520911693573
Sample 17,Chronos,0.5363532900810242
Sample 17,TimesFM,0.4636467695236206
Sample 18,Time-MoE,0.8297014236450195
Sample 18,Chronos,0.17029865086078644
Sample 19,Timer,0.6808326244354248
Sample 19,TimesFM,0.3191674053668976
Sample 20,Timer,0.5272918343544006
Sample 20,Chronos,0.47270819544792175
Sample 21,Timer,0.6497752070426941
Sample 21,Chronos,0.3502247631549835
Sample 22,Moirai,0.8395800590515137
Sample 22,TimesFM,0.16041991114616394
Sample 23,Moirai,0.730830729007721
Sample 23,TimesFM,0.26916930079460144
Sample 24,Time-MoE,0.6581742763519287
Sample 24,Chronos,0.3418257534503937
Sample 25,Chronos,0.5390684604644775
Sample 25,Timer,0.4609315097332001
Sample 26,Time-MoE,0.5767731070518494
Sample 26,Moirai,0.423226922750473
Sample 27,Chronos,0.5021132230758667
Sample 27,Timer,0.4978867769241333
Sample 28,Moirai,0.8262670040130615
Sample 28,TimesFM,0.1737329661846161
Sample 29,TimesFM,0.5529685616493225
Sample 29,Timer,0.4470314085483551
Sample 30,Moirai,0.8640577793121338
Sample 30,Time-MoE,0.13594220578670502
Sample 31,Time-MoE,0.5839031338691711
Sample 31,Chronos,0.41609686613082886
Sample 0,TimesFM,0.6301056742668152
Sample 0,Timer,0.3698943853378296
Sample 1,TimesFM,0.7165513634681702
Sample 1,Timer,0.2834486961364746
Sample 2,Timer,0.7215196490287781
Sample 2,TimesFM,0.27848032116889954
Sample 3,TimesFM,0.6493578553199768
Sample 3,Timer,0.3506421446800232
Sample 4,Time-MoE,0.5959956049919128
Sample 4,Timer,0.40400445461273193
Sample 5,TimesFM,0.6236908435821533
Sample 5,Timer,0.3763091266155243
Sample 6,Chronos,0.561459481716156
Sample 6,Timer,0.438540518283844
Sample 7,Moirai,0.5142109394073486
Sample 7,Time-MoE,0.48578906059265137
Sample 8,Moirai,0.6316988468170166
Sample 8,Timer,0.3683012127876282
Sample 9,TimesFM,0.6118369698524475
Sample 9,Timer,0.3881630003452301
Sample 10,Timer,0.6217881441116333
Sample 10,Time-MoE,0.3782118558883667
Sample 11,TimesFM,0.7897056341171265
Sample 11,Timer,0.21029432117938995
Sample 12,Timer,0.5244878530502319
Sample 12,Moirai,0.47551217675209045
Sample 13,TimesFM,0.57582026720047
Sample 13,Timer,0.42417973279953003
Sample 14,Timer,0.7943665981292725
Sample 14,Time-MoE,0.20563340187072754
Sample 15,Timer,0.5906064510345459
Sample 15,Time-MoE,0.4093935489654541
Sample 0,Time-MoE,0.7466811537742615
Sample 0,Moirai,0.2533188462257385
Sample 1,TimesFM,0.7148050665855408
Sample 1,Timer,0.28519493341445923
Sample 2,Moirai,0.5492224097251892
Sample 2,Time-MoE,0.4507776200771332
Sample 3,Chronos,0.657508909702301
Sample 3,TimesFM,0.34249112010002136
Sample 4,TimesFM,0.5105026960372925
Sample 4,Chronos,0.4894973337650299
Sample 5,TimesFM,0.6484395265579224
Sample 5,Timer,0.35156044363975525
Sample 6,Timer,0.6600260734558105
Sample 6,TimesFM,0.33997392654418945
Sample 7,Time-MoE,0.5265761613845825
Sample 7,Timer,0.47342386841773987
Sample 8,Time-MoE,0.5202802419662476
Sample 8,Timer,0.47971978783607483
Sample 9,Timer,0.7705057859420776
Sample 9,TimesFM,0.22949422895908356
Sample 10,TimesFM,0.55209881067276
Sample 10,Chronos,0.4479011595249176
Sample 11,Timer,0.5668478608131409
Sample 11,Chronos,0.4331521689891815
Sample 12,Time-MoE,0.7239798307418823
Sample 12,TimesFM,0.2760201394557953
Sample 13,TimesFM,0.7405669689178467
Sample 13,Timer,0.2594330608844757
Sample 14,Timer,0.5454631447792053
Sample 14,Moirai,0.4545368254184723
Sample 15,Timer,0.545757532119751
Sample 15,Time-MoE,0.454242467880249
Sample 16,Time-MoE,0.6753530502319336
Sample 16,Timer,0.3246469795703888
Sample 17,TimesFM,0.5644202828407288
Sample 17,Chronos,0.435579776763916
Sample 18,Time-MoE,0.818814754486084
Sample 18,Moirai,0.1811852604150772
Sample 19,Timer,0.5398779511451721
Sample 19,TimesFM,0.4601220488548279
Sample 20,Time-MoE,0.5470222234725952
Sample 20,Timer,0.4529777467250824
Sample 21,TimesFM,0.5232863426208496
Sample 21,Timer,0.4767136573791504
Sample 22,TimesFM,0.7741192579269409
Sample 22,Time-MoE,0.22588075697422028
Sample 23,TimesFM,0.5918450355529785
Sample 23,Moirai,0.4081549346446991
Sample 24,Time-MoE,0.5328665971755981
Sample 24,Moirai,0.4671333432197571
Sample 25,Chronos,0.5623009204864502
Sample 25,Timer,0.4376990795135498
Sample 26,TimesFM,0.6446513533592224
Sample 26,Timer,0.35534870624542236
Sample 27,TimesFM,0.627078115940094
Sample 27,Moirai,0.3729219138622284
Sample 28,Time-MoE,0.5993656516075134
Sample 28,Chronos,0.4006343185901642
Sample 29,Timer,0.6813328862190247
Sample 29,TimesFM,0.31866714358329773
Sample 30,Timer,0.6726171374320984
Sample 30,Chronos,0.32738280296325684
Sample 31,Time-MoE,0.5859479904174805
Sample 31,Moirai,0.4140520393848419
Sample 0,Chronos,0.5301424860954285
Sample 0,Moirai,0.4698575437068939
Sample 1,TimesFM,0.8220763206481934
Sample 1,Timer,0.17792370915412903
Sample 2,Time-MoE,0.5030383467674255
Sample 2,Moirai,0.49696168303489685
Sample 3,Chronos,0.5749675035476685
Sample 3,TimesFM,0.42503246665000916
Sample 4,TimesFM,0.7442259788513184
Sample 4,Time-MoE,0.25577402114868164
Sample 5,Timer,0.5091002583503723
Sample 5,TimesFM,0.4908997416496277
Sample 6,Chronos,0.7404984831809998
Sample 6,Timer,0.25950154662132263
Sample 7,Moirai,0.8028160333633423
Sample 7,Time-MoE,0.19718396663665771
Sample 8,Timer,0.6796996593475342
Sample 8,Chronos,0.3203003406524658
Sample 9,Timer,0.5391613841056824
Sample 9,Chronos,0.46083858609199524
Sample 10,TimesFM,0.6372897028923035
Sample 10,Timer,0.36271029710769653
Sample 11,Moirai,0.5116662383079529
Sample 11,TimesFM,0.4883337616920471
Sample 12,TimesFM,0.5042572021484375
Sample 12,Chronos,0.4957427978515625
Sample 13,TimesFM,0.5193658471107483
Sample 13,Timer,0.4806341528892517
Sample 14,Chronos,0.5120570659637451
Sample 14,TimesFM,0.48794296383857727
Sample 15,Chronos,0.5032443404197693
Sample 15,Moirai,0.4967556893825531
Sample 16,Timer,0.5465393662452698
Sample 16,Time-MoE,0.4534606337547302
Sample 17,TimesFM,0.5016212463378906
Sample 17,Moirai,0.498378723859787
Sample 18,Timer,0.5827150940895081
Sample 18,Time-MoE,0.41728487610816956
Sample 19,Chronos,0.5920366644859314
Sample 19,Timer,0.4079633057117462
Sample 20,TimesFM,0.6757726669311523
Sample 20,Timer,0.32422730326652527
Sample 21,TimesFM,0.6715506911277771
Sample 21,Timer,0.3284493386745453
Sample 22,Timer,0.5770818591117859
Sample 22,Chronos,0.4229181408882141
Sample 23,Time-MoE,0.7259214520454407
Sample 23,Timer,0.2740785777568817
Sample 24,Moirai,0.5435288548469543
Sample 24,TimesFM,0.45647117495536804
Sample 25,Chronos,0.5494030117988586
Sample 25,TimesFM,0.45059701800346375
Sample 26,Chronos,0.5913971066474915
Sample 26,Timer,0.40860289335250854
Sample 27,Timer,0.6529499888420105
Sample 27,TimesFM,0.3470499515533447
Sample 28,Time-MoE,0.7048572897911072
Sample 28,Timer,0.29514268040657043
Sample 29,TimesFM,0.5101038813591003
Sample 29,Timer,0.48989611864089966
Sample 30,Time-MoE,0.7027167081832886
Sample 30,Chronos,0.2972832918167114
Sample 31,Time-MoE,0.7786962389945984
Sample 31,Timer,0.2213038057088852
Sample 0,Time-MoE,0.8875396847724915
Sample 0,Moirai,0.11246030032634735
Sample 1,TimesFM,0.7782341837882996
Sample 1,Chronos,0.22176586091518402
Sample 2,Timer,0.5038206577301025
Sample 2,TimesFM,0.4961793124675751
Sample 3,TimesFM,0.8992125391960144
Sample 3,Moirai,0.10078748315572739
Sample 4,Chronos,0.6922793388366699
Sample 4,Time-MoE,0.3077206611633301
Sample 5,Chronos,0.7457973957061768
Sample 5,Timer,0.254202663898468
Sample 6,Chronos,0.6076514720916748
Sample 6,Moirai,0.3923485577106476
Sample 7,Moirai,0.5514863133430481
Sample 7,Time-MoE,0.4485136866569519
Sample 8,Time-MoE,0.6400195360183716
Sample 8,Chronos,0.35998043417930603
Sample 9,TimesFM,0.7359973788261414
Sample 9,Chronos,0.2640026807785034
Sample 10,Moirai,0.5193228721618652
Sample 10,Timer,0.48067712783813477
Sample 11,TimesFM,0.6316149234771729
Sample 11,Chronos,0.36838504672050476
Sample 12,Time-MoE,0.8238460421562195
Sample 12,Timer,0.17615394294261932
Sample 13,TimesFM,0.774249255657196
Sample 13,Timer,0.22575080394744873
Sample 14,TimesFM,0.5181065797805786
Sample 14,Timer,0.4818934202194214
Sample 15,Time-MoE,0.5749342441558838
Sample 15,Timer,0.4250657856464386
Sample 16,TimesFM,0.5519216060638428
Sample 16,Chronos,0.4480784237384796
Sample 17,Chronos,0.5981690287590027
Sample 17,TimesFM,0.4018309712409973
Sample 18,Time-MoE,0.6243034601211548
Sample 18,Timer,0.37569659948349
Sample 19,TimesFM,0.6203852891921997
Sample 19,Chronos,0.3796147108078003
Sample 20,Time-MoE,0.6077888607978821
Sample 20,Timer,0.3922111988067627
Sample 21,Chronos,0.5106703639030457
Sample 21,TimesFM,0.48932966589927673
Sample 22,TimesFM,0.7006357908248901
Sample 22,Chronos,0.2993641793727875
Sample 23,Chronos,0.5132483839988708
Sample 23,Timer,0.4867515563964844
Sample 24,Moirai,0.6245792508125305
Sample 24,Time-MoE,0.3754206895828247
Sample 25,Timer,0.6335298418998718
Sample 25,Moirai,0.36647018790245056
Sample 26,Moirai,0.6549081206321716
Sample 26,TimesFM,0.34509187936782837
Sample 27,Moirai,0.6095995306968689
Sample 27,Timer,0.3904004991054535
Sample 28,Chronos,0.5062375664710999
Sample 28,Time-MoE,0.49376237392425537
Sample 29,TimesFM,0.7318559288978577
Sample 29,Timer,0.26814404129981995
Sample 30,Timer,0.5019997954368591
Sample 30,Moirai,0.49800026416778564
Sample 31,Timer,0.9015405774116516
Sample 31,Time-MoE,0.09845941513776779
Sample 0,Moirai,0.6917814016342163
Sample 0,Timer,0.3082185387611389
Sample 1,Timer,0.5387023091316223
Sample 1,Chronos,0.4612977206707001
Sample 2,Timer,0.5202494263648987
Sample 2,Moirai,0.4797505736351013
Sample 3,TimesFM,0.743671715259552
Sample 3,Moirai,0.2563283443450928
Sample 4,Timer,0.5992303490638733
Sample 4,Time-MoE,0.40076959133148193
Sample 5,TimesFM,0.5597198605537415
Sample 5,Timer,0.44028007984161377
Sample 6,TimesFM,0.7762166261672974
Sample 6,Chronos,0.22378337383270264
Sample 7,Moirai,0.5577653646469116
Sample 7,TimesFM,0.442234605550766
Sample 8,Moirai,0.5395585894584656
Sample 8,Timer,0.4604414105415344
Sample 9,TimesFM,0.781683623790741
Sample 9,Chronos,0.21831640601158142
Sample 10,Time-MoE,0.6323946118354797
Sample 10,Chronos,0.3676053583621979
Sample 11,TimesFM,0.882860541343689
Sample 11,Chronos,0.11713943630456924
Sample 12,Time-MoE,0.6685186624526978
Sample 12,Timer,0.33148130774497986
Sample 13,TimesFM,0.5637354254722595
Sample 13,Chronos,0.4362645745277405
Sample 14,Moirai,0.6894413232803345
Sample 14,Timer,0.3105586767196655
Sample 15,Time-MoE,0.659520149230957
Sample 15,Timer,0.34047988057136536
Sample 16,Chronos,0.5156263113021851
Sample 16,Moirai,0.48437371850013733
Sample 17,Moirai,0.7258375287055969
Sample 17,Chronos,0.27416250109672546
Sample 18,Time-MoE,0.7545705437660217
Sample 18,Chronos,0.24542950093746185
Sample 19,TimesFM,0.7088977694511414
Sample 19,Timer,0.29110220074653625
Sample 20,Time-MoE,0.6817663311958313
Sample 20,Timer,0.3182336390018463
Sample 21,TimesFM,0.6757127642631531
Sample 21,Timer,0.3242872357368469
Sample 22,Chronos,0.8110026121139526
Sample 22,Moirai,0.18899737298488617
Sample 23,Time-MoE,0.7012269496917725
Sample 23,Moirai,0.29877305030822754
Sample 24,Timer,0.5046451687812805
Sample 24,Time-MoE,0.4953548312187195
Sample 25,Chronos,0.5360477566719055
Sample 25,TimesFM,0.4639522433280945
Sample 26,Time-MoE,0.5799767374992371
Sample 26,Moirai,0.4200232923030853
Sample 27,Chronos,0.540169894695282
Sample 27,TimesFM,0.459830105304718
Sample 28,Moirai,0.550504744052887
Sample 28,Time-MoE,0.4494952857494354
Sample 29,Timer,0.5680496096611023
Sample 29,TimesFM,0.4319504201412201
Sample 30,TimesFM,0.8614435195922852
Sample 30,Moirai,0.13855640590190887
Sample 31,Timer,0.7680317759513855
Sample 31,Time-MoE,0.2319682240486145
Sample 0,Moirai,0.5481520295143127
Sample 0,TimesFM,0.45184797048568726
Sample 1,TimesFM,0.8605377674102783
Sample 1,Timer,0.13946226239204407
Sample 2,Timer,0.5221112370491028
Sample 2,Chronos,0.47788870334625244
Sample 3,TimesFM,0.5108867287635803
Sample 3,Chronos,0.48911330103874207
Sample 4,TimesFM,0.6581164598464966
Sample 4,Chronos,0.34188351035118103
Sample 5,Chronos,0.7817365527153015
Sample 5,Timer,0.2182634472846985
Sample 6,TimesFM,0.5758455395698547
Sample 6,Chronos,0.42415449023246765
Sample 7,Timer,0.8514790534973145
Sample 7,Time-MoE,0.14852097630500793
Sample 8,Timer,0.5503761172294617
Sample 8,TimesFM,0.44962385296821594
Sample 9,TimesFM,0.7819607853889465
Sample 9,Timer,0.21803922951221466
Sample 10,Time-MoE,0.5633993744850159
Sample 10,TimesFM,0.43660062551498413
Sample 11,TimesFM,0.6366224884986877
Sample 11,Timer,0.36337754130363464
Sample 12,Moirai,0.5132786631584167
Sample 12,Chronos,0.48672133684158325
Sample 13,Chronos,0.6676159501075745
Sample 13,TimesFM,0.33238404989242554
Sample 14,Moirai,0.692902147769928
Sample 14,Time-MoE,0.307097852230072
Sample 15,Time-MoE,0.5791659951210022
Sample 15,Chronos,0.4208340048789978
Sample 16,TimesFM,0.6139756441116333
Sample 16,Timer,0.3860243558883667
Sample 17,TimesFM,0.7335982918739319
Sample 17,Timer,0.26640164852142334
Sample 18,TimesFM,0.5976696610450745
Sample 18,Timer,0.40233033895492554
Sample 19,Moirai,0.6367230415344238
Sample 19,TimesFM,0.3632769286632538
Sample 20,Time-MoE,0.6611066460609436
Sample 20,Timer,0.3388933837413788
Sample 21,TimesFM,0.7144051194190979
Sample 21,Moirai,0.2855948805809021
Sample 22,TimesFM,0.5541431307792664
Sample 22,Chronos,0.44585686922073364
Sample 23,Chronos,0.5643091201782227
Sample 23,Time-MoE,0.43569087982177734
Sample 24,Time-MoE,0.6312717795372009
Sample 24,Moirai,0.36872828006744385
Sample 25,Chronos,0.7211308479309082
Sample 25,TimesFM,0.2788691222667694
Sample 26,TimesFM,0.5508145093917847
Sample 26,Moirai,0.44918549060821533
Sample 27,TimesFM,0.7193552851676941
Sample 27,Moirai,0.2806446850299835
Sample 28,Timer,0.8066888451576233
Sample 28,Time-MoE,0.1933111846446991
Sample 29,Moirai,0.5924193859100342
Sample 29,TimesFM,0.4075806140899658
Sample 30,TimesFM,0.7360060811042786
Sample 30,Chronos,0.2639939486980438
Sample 31,Time-MoE,0.6430062651634216
Sample 31,Moirai,0.35699379444122314
Sample 0,Moirai,0.774990975856781
Sample 0,Chronos,0.2250089943408966
Sample 1,TimesFM,0.7554319500923157
Sample 1,Chronos,0.24456802010536194
Sample 2,Chronos,0.5437700152397156
Sample 2,Timer,0.4562300443649292
Sample 3,TimesFM,0.679583728313446
Sample 3,Chronos,0.32041627168655396
Sample 4,Time-MoE,0.5899282693862915
Sample 4,Moirai,0.4100717604160309
Sample 5,TimesFM,0.8857410550117493
Sample 5,Timer,0.11425898969173431
Sample 6,Chronos,0.7553804516792297
Sample 6,TimesFM,0.24461956322193146
Sample 7,Timer,0.5773999691009521
Sample 7,Time-MoE,0.42260003089904785
Sample 8,Moirai,0.5408608317375183
Sample 8,Time-MoE,0.4591391086578369
Sample 9,TimesFM,0.7096357941627502
Sample 9,Timer,0.29036423563957214
Sample 10,Timer,0.6179081797599792
Sample 10,Moirai,0.382091760635376
Sample 11,TimesFM,0.5273171663284302
Sample 11,Chronos,0.4726828634738922
Sample 12,Timer,0.56153804063797
Sample 12,Chronos,0.43846192955970764
Sample 13,Timer,0.6004055142402649
Sample 13,Moirai,0.3995944857597351
Sample 14,Moirai,0.8738732933998108
Sample 14,Time-MoE,0.1261267066001892
Sample 15,TimesFM,0.6462889313697815
Sample 15,Time-MoE,0.3537110984325409
Sample 16,Moirai,0.5555937886238098
Sample 16,Time-MoE,0.44440627098083496
Sample 17,TimesFM,0.8247588276863098
Sample 17,Chronos,0.1752411425113678
Sample 18,Time-MoE,0.658607006072998
Sample 18,Chronos,0.3413929343223572
Sample 19,TimesFM,0.7995517253875732
Sample 19,Chronos,0.20044830441474915
Sample 20,Chronos,0.5523434281349182
Sample 20,Timer,0.4476565718650818
Sample 21,TimesFM,0.7239517569541931
Sample 21,Timer,0.2760482132434845
Sample 22,Chronos,0.7077406048774719
Sample 22,TimesFM,0.2922593951225281
Sample 23,Time-MoE,0.8724218010902405
Sample 23,Moirai,0.12757819890975952
Sample 24,Moirai,0.5315552949905396
Sample 24,TimesFM,0.46844467520713806
Sample 25,TimesFM,0.8802009224891663
Sample 25,Timer,0.11979902535676956
Sample 26,TimesFM,0.6499696969985962
Sample 26,Time-MoE,0.35003024339675903
Sample 27,TimesFM,0.6393500566482544
Sample 27,Chronos,0.360649973154068
Sample 28,Time-MoE,0.84984290599823
Sample 28,Moirai,0.15015707910060883
Sample 29,TimesFM,0.5978608131408691
Sample 29,Chronos,0.40213915705680847
Sample 30,TimesFM,0.6401084065437317
Sample 30,Timer,0.3598916232585907
Sample 31,Timer,0.7797400951385498
Sample 31,Moirai,0.22025983035564423
Sample 0,TimesFM,0.6871595978736877
Sample 0,Moirai,0.31284037232398987
Sample 1,TimesFM,0.6733994483947754
Sample 1,Moirai,0.3266005516052246
Sample 2,Moirai,0.6046754717826843
Sample 2,TimesFM,0.39532455801963806
Sample 3,TimesFM,0.8417726755142212
Sample 3,Moirai,0.15822733938694
Sample 4,Time-MoE,0.8215053677558899
Sample 4,TimesFM,0.17849469184875488
Sample 5,TimesFM,0.7518876791000366
Sample 5,Timer,0.24811230599880219
Sample 6,TimesFM,0.5132275223731995
Sample 6,Chronos,0.4867725074291229
Sample 7,Time-MoE,0.9458559155464172
Sample 7,Chronos,0.05414405092597008
Sample 8,Moirai,0.9305160641670227
Sample 8,Chronos,0.06948389858007431
Sample 9,TimesFM,0.9126576781272888
Sample 9,Timer,0.08734234422445297
Sample 10,Moirai,0.5809609889984131
Sample 10,Timer,0.4190390110015869
Sample 11,TimesFM,0.9030607342720032
Sample 11,Chronos,0.09693923592567444
Sample 12,Timer,0.5045392513275146
Sample 12,TimesFM,0.49546071887016296
Sample 13,Chronos,0.648703396320343
Sample 13,Moirai,0.35129663348197937
Sample 14,TimesFM,0.6654080748558044
Sample 14,Timer,0.33459195494651794
Sample 15,Time-MoE,0.8905030488967896
Sample 15,Timer,0.10949697345495224
Sample 0,Moirai,0.9360690712928772
Sample 0,Timer,0.06393099576234818
Sample 1,TimesFM,0.6688442826271057
Sample 1,Chronos,0.3311557471752167
Sample 2,Time-MoE,0.8298680782318115
Sample 2,Chronos,0.1701318919658661
Sample 3,TimesFM,0.9320713877677917
Sample 3,Moirai,0.06792859733104706
Sample 4,Timer,0.6587743163108826
Sample 4,TimesFM,0.34122568368911743
Sample 5,Chronos,0.5425172448158264
Sample 5,TimesFM,0.4574827551841736
Sample 6,TimesFM,0.9146100878715515
Sample 6,Timer,0.08538994938135147
Sample 7,Time-MoE,0.8043085336685181
Sample 7,Moirai,0.19569145143032074
Sample 8,Moirai,0.7226563096046448
Sample 8,Chronos,0.2773436903953552
Sample 9,Chronos,0.7005659937858582
Sample 9,TimesFM,0.29943403601646423
Sample 10,Chronos,0.6183894872665405
Sample 10,Moirai,0.3816104829311371
Sample 11,Chronos,0.6584010124206543
Sample 11,TimesFM,0.3415989577770233
Sample 12,Time-MoE,0.5126638412475586
Sample 12,Moirai,0.4873361587524414
Sample 13,Chronos,0.5212794542312622
Sample 13,TimesFM,0.4787205457687378
Sample 14,Timer,0.5516999959945679
Sample 14,Chronos,0.44830000400543213
Sample 15,Time-MoE,0.7790316343307495
Sample 15,Moirai,0.22096841037273407
Sample 16,Timer,0.6328709125518799
Sample 16,Time-MoE,0.36712902784347534
Sample 17,Chronos,0.8304506540298462
Sample 17,TimesFM,0.16954933106899261
Sample 18,Moirai,0.6141020059585571
Sample 18,Timer,0.3858979344367981
Sample 19,TimesFM,0.8713540434837341
Sample 19,Chronos,0.12864592671394348
Sample 20,Moirai,0.5528432726860046
Sample 20,Time-MoE,0.44715675711631775
Sample 21,Chronos,0.6183979511260986
Sample 21,TimesFM,0.381602019071579
Sample 22,TimesFM,0.546619713306427
Sample 22,Time-MoE,0.453380286693573
Sample 23,TimesFM,0.7774590849876404
Sample 23,Time-MoE,0.22254087030887604
Sample 24,Time-MoE,0.8412868976593018
Sample 24,Timer,0.15871307253837585
Sample 25,Chronos,0.5697038173675537
Sample 25,TimesFM,0.4302961826324463
Sample 26,Chronos,0.6267290711402893
Sample 26,TimesFM,0.3732709288597107
Sample 27,TimesFM,0.6557207703590393
Sample 27,Moirai,0.3442792594432831
Sample 28,Time-MoE,0.902709424495697
Sample 28,Timer,0.09729060530662537
Sample 29,TimesFM,0.7609689831733704
Sample 29,Chronos,0.23903100192546844
Sample 30,Timer,0.6135134100914001
Sample 30,Moirai,0.38648658990859985
Sample 31,Time-MoE,0.7534156441688538
Sample 31,Chronos,0.24658438563346863
Sample 0,Moirai,0.6486715078353882
Sample 0,TimesFM,0.3513285517692566
Sample 1,TimesFM,0.7300376892089844
Sample 1,Moirai,0.269962340593338
Sample 2,Time-MoE,0.6143330931663513
Sample 2,Moirai,0.3856668472290039
Sample 3,Chronos,0.7487503290176392
Sample 3,Moirai,0.25124967098236084
Sample 4,Time-MoE,0.852571427822113
Sample 4,Chronos,0.14742852747440338
Sample 5,Chronos,0.5018794536590576
Sample 5,TimesFM,0.49812057614326477
Sample 6,Moirai,0.5425925850868225
Sample 6,Timer,0.4574074447154999
Sample 7,Time-MoE,0.8687081336975098
Sample 7,Chronos,0.13129188120365143
Sample 8,Moirai,0.6792083978652954
Sample 8,Timer,0.32079166173934937
Sample 9,TimesFM,0.7870175838470459
Sample 9,Timer,0.2129823863506317
Sample 10,TimesFM,0.531932532787323
Sample 10,Moirai,0.468067467212677
Sample 11,TimesFM,0.6471982002258301
Sample 11,Moirai,0.3528018295764923
Sample 12,Timer,0.5361014008522034
Sample 12,Moirai,0.46389856934547424
Sample 13,TimesFM,0.5280821323394775
Sample 13,Chronos,0.47191786766052246
Sample 14,TimesFM,0.8888769149780273
Sample 14,Timer,0.11112309992313385
Sample 15,Time-MoE,0.7394177913665771
Sample 15,Timer,0.26058220863342285
Sample 16,Moirai,0.6589521765708923
Sample 16,Time-MoE,0.34104782342910767
Sample 17,TimesFM,0.8798468112945557
Sample 17,Timer,0.12015324831008911
Sample 18,Time-MoE,0.5842171907424927
Sample 18,Moirai,0.4157828092575073
Sample 19,TimesFM,0.5553412437438965
Sample 19,Chronos,0.4446587562561035
Sample 20,TimesFM,0.6730653047561646
Sample 20,Chronos,0.32693469524383545
Sample 21,TimesFM,0.7447429895401001
Sample 21,Timer,0.2552569508552551
Sample 22,TimesFM,0.5400786995887756
Sample 22,Time-MoE,0.45992136001586914
Sample 23,Time-MoE,0.8183326125144958
Sample 23,Moirai,0.18166735768318176
Sample 24,TimesFM,0.60631263256073
Sample 24,Timer,0.39368733763694763
Sample 25,TimesFM,0.7001305222511292
Sample 25,Chronos,0.29986950755119324
Sample 26,Timer,0.5572988986968994
Sample 26,Time-MoE,0.4427010715007782
Sample 27,Timer,0.577684760093689
Sample 27,Moirai,0.42231521010398865
Sample 28,Moirai,0.536176860332489
Sample 28,Time-MoE,0.4638231098651886
Sample 29,TimesFM,0.7745580673217773
Sample 29,Timer,0.22544194757938385
Sample 30,Moirai,0.5426306128501892
Sample 30,Chronos,0.4573693871498108
Sample 31,Time-MoE,0.8119189143180847
Sample 31,Moirai,0.18808114528656006
Sample 0,Time-MoE,0.6701793670654297
Sample 0,Moirai,0.3298206031322479
Sample 1,TimesFM,0.7354379892349243
Sample 1,Timer,0.2645620107650757
Sample 2,TimesFM,0.5931306481361389
Sample 2,Timer,0.4068692922592163
Sample 3,TimesFM,0.6753858327865601
Sample 3,Chronos,0.32461413741111755
Sample 4,Time-MoE,0.7187204957008362
Sample 4,Moirai,0.28127947449684143
Sample 5,TimesFM,0.6671231389045715
Sample 5,Chronos,0.33287686109542847
Sample 6,TimesFM,0.6179174780845642
Sample 6,Moirai,0.3820824921131134
Sample 7,Time-MoE,0.5209041237831116
Sample 7,Moirai,0.4790958762168884
Sample 8,Time-MoE,0.9252350926399231
Sample 8,Moirai,0.07476493716239929
Sample 9,Chronos,0.6565825939178467
Sample 9,TimesFM,0.3434174656867981
Sample 10,TimesFM,0.65308678150177
Sample 10,Moirai,0.3469131886959076
Sample 11,Moirai,0.5061730146408081
Sample 11,TimesFM,0.4938269853591919
Sample 12,Time-MoE,0.7131543159484863
Sample 12,Moirai,0.28684568405151367
Sample 13,TimesFM,0.5648230314254761
Sample 13,Chronos,0.4351769685745239
Sample 14,TimesFM,0.7312037944793701
Sample 14,Chronos,0.2687961757183075
Sample 15,Time-MoE,0.9265919923782349
Sample 15,Chronos,0.07340797781944275
Sample 16,Chronos,0.5217364430427551
Sample 16,TimesFM,0.4782635569572449
Sample 17,TimesFM,0.7728068232536316
Sample 17,Timer,0.2271932065486908
Sample 18,Timer,0.5741469860076904
Sample 18,Time-MoE,0.42585304379463196
Sample 19,TimesFM,0.5713638663291931
Sample 19,Chronos,0.4286361038684845
Sample 20,Time-MoE,0.7729968428611755
Sample 20,Timer,0.22700314223766327
Sample 21,TimesFM,0.6751753687858582
Sample 21,Chronos,0.32482460141181946
Sample 22,Moirai,0.8917904496192932
Sample 22,TimesFM,0.1082095354795456
Sample 23,Timer,0.8706614375114441
Sample 23,TimesFM,0.12933854758739471
Sample 24,Time-MoE,0.932014524936676
Sample 24,Moirai,0.06798551976680756
Sample 25,Moirai,0.5373554229736328
Sample 25,Chronos,0.46264463663101196
Sample 26,Time-MoE,0.5790109634399414
Sample 26,Timer,0.420989066362381
Sample 27,TimesFM,0.6349312663078308
Sample 27,Chronos,0.3650687038898468
Sample 28,Time-MoE,0.7891463041305542
Sample 28,Moirai,0.2108536809682846
Sample 29,TimesFM,0.782832682132721
Sample 29,Moirai,0.21716731786727905
Sample 30,Timer,0.6101316809654236
Sample 30,Moirai,0.3898683488368988
Sample 31,Time-MoE,0.7858413457870483
Sample 31,Chronos,0.21415863931179047
Sample 0,Moirai,0.8142022490501404
Sample 0,Time-MoE,0.18579769134521484
Sample 1,Moirai,0.7266106009483337
Sample 1,TimesFM,0.27338942885398865
Sample 2,Chronos,0.6278061270713806
Sample 2,Moirai,0.3721938729286194
Sample 3,TimesFM,0.5376644730567932
Sample 3,Chronos,0.4623355269432068
Sample 4,TimesFM,0.5927780270576477
Sample 4,Chronos,0.40722203254699707
Sample 5,Moirai,0.6486986875534058
Sample 5,Chronos,0.35130128264427185
Sample 6,Moirai,0.6583700776100159
Sample 6,Chronos,0.34162986278533936
Sample 7,Moirai,0.7651684284210205
Sample 7,Timer,0.2348315566778183
Sample 8,Moirai,0.7262937426567078
Sample 8,Timer,0.27370625734329224
Sample 9,TimesFM,0.5734100937843323
Sample 9,Chronos,0.4265899360179901
Sample 10,TimesFM,0.8670632243156433
Sample 10,Time-MoE,0.1329367756843567
Sample 11,Chronos,0.5720802545547485
Sample 11,TimesFM,0.42791974544525146
Sample 12,Timer,0.5038771033287048
Sample 12,Time-MoE,0.49612289667129517
Sample 13,TimesFM,0.764477014541626
Sample 13,Chronos,0.23552292585372925
Sample 14,TimesFM,0.5535852313041687
Sample 14,Chronos,0.4464147686958313
Sample 15,Time-MoE,0.7013684511184692
Sample 15,Timer,0.298631489276886
Sample 16,Moirai,0.8969383835792542
Sample 16,Timer,0.10306159406900406
Sample 17,Chronos,0.5789107084274292
Sample 17,Timer,0.4210893213748932
Sample 18,Chronos,0.5136569738388062
Sample 18,Moirai,0.48634302616119385
Sample 19,TimesFM,0.8956788182258606
Sample 19,Moirai,0.10432115942239761
Sample 20,Time-MoE,0.5588417649269104
Sample 20,Chronos,0.4411582052707672
Sample 21,Moirai,0.543980598449707
Sample 21,TimesFM,0.45601940155029297
Sample 22,Timer,0.520081102848053
Sample 22,TimesFM,0.47991886734962463
Sample 23,Time-MoE,0.774847686290741
Sample 23,TimesFM,0.22515232861042023
Sample 24,Timer,0.5575891137123108
Sample 24,Moirai,0.4424108564853668
Sample 25,TimesFM,0.6093670725822449
Sample 25,Moirai,0.3906329572200775
Sample 26,Time-MoE,0.8007336258888245
Sample 26,Moirai,0.19926635921001434
Sample 27,TimesFM,0.7047550678253174
Sample 27,Chronos,0.29524487257003784
Sample 28,Time-MoE,0.5878020524978638
Sample 28,Chronos,0.4121979773044586
Sample 29,TimesFM,0.8241757750511169
Sample 29,Timer,0.17582425475120544
Sample 30,Chronos,0.5932913422584534
Sample 30,TimesFM,0.406708687543869
Sample 31,Time-MoE,0.7735953330993652
Sample 31,Moirai,0.22640460729599
Sample 0,Moirai,0.6384991407394409
Sample 0,Timer,0.36150091886520386
Sample 1,TimesFM,0.5295840501785278
Sample 1,Chronos,0.4704159200191498
Sample 2,Chronos,0.6482113599777222
Sample 2,TimesFM,0.35178861021995544
Sample 3,Chronos,0.7013080716133118
Sample 3,TimesFM,0.29869189858436584
Sample 4,Moirai,0.5942943692207336
Sample 4,Chronos,0.40570560097694397
Sample 5,Moirai,0.5166028141975403
Sample 5,Timer,0.4833972156047821
Sample 6,Chronos,0.8512514233589172
Sample 6,TimesFM,0.14874856173992157
Sample 7,Time-MoE,0.6377530097961426
Sample 7,Timer,0.3622470200061798
Sample 8,Moirai,0.834614098072052
Sample 8,Chronos,0.1653858721256256
Sample 9,Chronos,0.730391800403595
Sample 9,TimesFM,0.26960816979408264
Sample 10,Timer,0.6934192180633545
Sample 10,Moirai,0.3065807521343231
Sample 11,Moirai,0.542167067527771
Sample 11,Chronos,0.457832932472229
Sample 12,Chronos,0.7160193920135498
Sample 12,Moirai,0.2839806079864502
Sample 13,Moirai,0.6177129745483398
Sample 13,TimesFM,0.38228705525398254
Sample 14,Moirai,0.679442286491394
Sample 14,Time-MoE,0.32055768370628357
Sample 15,Chronos,0.6363955140113831
Sample 15,Moirai,0.36360448598861694
Sample 16,Chronos,0.714643120765686
Sample 16,TimesFM,0.2853568494319916
Sample 17,Chronos,0.8690677881240845
Sample 17,Moirai,0.13093219697475433
Sample 18,TimesFM,0.6031004190444946
Sample 18,Timer,0.396899551153183
Sample 19,TimesFM,0.6984309554100037
Sample 19,Chronos,0.3015691041946411
Sample 20,Time-MoE,0.9721558094024658
Sample 20,Moirai,0.027844224125146866
Sample 21,Timer,0.5158580541610718
Sample 21,TimesFM,0.4841419458389282
Sample 22,Chronos,0.8104480504989624
Sample 22,Timer,0.18955200910568237
Sample 23,Timer,0.5300743579864502
Sample 23,Time-MoE,0.4699256718158722
Sample 24,Moirai,0.8597899079322815
Sample 24,Timer,0.1402101367712021
Sample 25,Moirai,0.7101921439170837
Sample 25,TimesFM,0.28980785608291626
Sample 26,Moirai,0.5312485098838806
Sample 26,Timer,0.4687515199184418
Sample 27,Chronos,0.6848242282867432
Sample 27,TimesFM,0.31517574191093445
Sample 28,Moirai,0.6287621259689331
Sample 28,Time-MoE,0.3712378740310669
Sample 29,Chronos,0.6539508104324341
Sample 29,Time-MoE,0.3460491895675659
Sample 30,TimesFM,0.7263412475585938
Sample 30,Chronos,0.273658812046051
Sample 31,Timer,0.7139739394187927
Sample 31,Moirai,0.28602609038352966
Sample 0,Moirai,0.6398374438285828
Sample 0,Time-MoE,0.3601625859737396
Sample 1,TimesFM,0.5302249193191528
Sample 1,Moirai,0.46977508068084717
Sample 2,Chronos,0.8422271013259888
Sample 2,Timer,0.15777288377285004
Sample 3,TimesFM,0.7212607860565186
Sample 3,Chronos,0.27873915433883667
Sample 4,Timer,0.7734066247940063
Sample 4,Time-MoE,0.22659333050251007
Sample 5,Timer,0.5069714188575745
Sample 5,TimesFM,0.49302855134010315
Sample 6,Moirai,0.717139720916748
Sample 6,Timer,0.28286024928092957
Sample 7,Time-MoE,0.5260554552078247
Sample 7,Timer,0.4739445447921753
Sample 8,Moirai,0.900903582572937
Sample 8,Chronos,0.0990963950753212
Sample 9,Chronos,0.5646214485168457
Sample 9,TimesFM,0.4353785216808319
Sample 10,Moirai,0.7990864515304565
Sample 10,TimesFM,0.20091356337070465
Sample 11,Chronos,0.670907199382782
Sample 11,Timer,0.32909274101257324
Sample 12,Chronos,0.6314390301704407
Sample 12,Timer,0.36856094002723694
Sample 13,TimesFM,0.5813472867012024
Sample 13,Chronos,0.41865265369415283
Sample 14,Timer,0.5319870710372925
Sample 14,Time-MoE,0.4680129587650299
Sample 15,Timer,0.8255195617675781
Sample 15,Time-MoE,0.17448042333126068
Sample 16,Moirai,0.6277028918266296
Sample 16,Time-MoE,0.372297078371048
Sample 17,Chronos,0.9468317031860352
Sample 17,TimesFM,0.05316828936338425
Sample 18,Time-MoE,0.5040420293807983
Sample 18,Moirai,0.49595797061920166
Sample 19,TimesFM,0.7065128684043884
Sample 19,Chronos,0.29348719120025635
Sample 20,Chronos,0.5289730429649353
Sample 20,TimesFM,0.4710269868373871
Sample 21,TimesFM,0.8847288489341736
Sample 21,Moirai,0.11527111381292343
Sample 22,TimesFM,0.5629070997238159
Sample 22,Moirai,0.4370929002761841
Sample 23,Time-MoE,0.9284513592720032
Sample 23,Moirai,0.0715487077832222
Sample 24,Moirai,0.8977888822555542
Sample 24,TimesFM,0.10221114009618759
Sample 25,TimesFM,0.7971891760826111
Sample 25,Chronos,0.20281080901622772
Sample 26,Moirai,0.518991231918335
Sample 26,Timer,0.4810087978839874
Sample 27,Chronos,0.5577254295349121
Sample 27,TimesFM,0.4422745406627655
Sample 28,Timer,0.5475717186927795
Sample 28,Time-MoE,0.45242831110954285
Sample 29,Moirai,0.733127772808075
Sample 29,TimesFM,0.26687219738960266
Sample 30,Moirai,0.7930875420570374
Sample 30,Timer,0.20691248774528503
Sample 31,Timer,0.6229940056800842
Sample 31,Time-MoE,0.37700599431991577
Sample 0,Moirai,0.5760846138000488
Sample 0,Chronos,0.42391538619995117
Sample 1,Chronos,0.7924711108207703
Sample 1,Timer,0.20752891898155212
Sample 2,Moirai,0.6657570600509644
Sample 2,Time-MoE,0.33424296975135803
Sample 3,TimesFM,0.6863869428634644
Sample 3,Moirai,0.31361302733421326
Sample 4,TimesFM,0.5078542232513428
Sample 4,Time-MoE,0.4921458065509796
Sample 5,Chronos,0.8252791166305542
Sample 5,TimesFM,0.1747208684682846
Sample 6,Chronos,0.7400943636894226
Sample 6,Timer,0.2599056363105774
Sample 7,Time-MoE,0.9694308042526245
Sample 7,Moirai,0.030569208785891533
Sample 8,Moirai,0.773423433303833
Sample 8,Chronos,0.2265765517950058
Sample 9,TimesFM,0.5028648376464844
Sample 9,Chronos,0.497135192155838
Sample 10,Moirai,0.5224336981773376
Sample 10,Time-MoE,0.47756627202033997
Sample 11,Chronos,0.707186222076416
Sample 11,TimesFM,0.29281383752822876
Sample 12,Moirai,0.6999924778938293
Sample 12,Chronos,0.30000752210617065
Sample 13,Chronos,0.7802659273147583
Sample 13,TimesFM,0.21973399817943573
Sample 14,Moirai,0.600907564163208
Sample 14,Chronos,0.399092435836792
Sample 15,Timer,0.8098581433296204
Sample 15,Time-MoE,0.19014179706573486
Sample 0,Moirai,0.8830835223197937
Sample 0,Chronos,0.11691644787788391
Sample 1,Chronos,0.5663248300552368
Sample 1,TimesFM,0.4336751699447632
Sample 2,Time-MoE,0.7938550710678101
Sample 2,Chronos,0.20614488422870636
Sample 3,TimesFM,0.7504522800445557
Sample 3,Chronos,0.24954769015312195
Sample 4,Chronos,0.8589907288551331
Sample 4,Moirai,0.14100922644138336
Sample 5,TimesFM,0.7998501658439636
Sample 5,Chronos,0.2001497894525528
Sample 6,TimesFM,0.5059328079223633
Sample 6,Moirai,0.4940672218799591
Sample 7,Time-MoE,0.5113800168037415
Sample 7,Moirai,0.48861995339393616
Sample 8,Moirai,0.6274157166481018
Sample 8,Chronos,0.3725843131542206
Sample 9,Chronos,0.8764331340789795
Sample 9,Timer,0.12356680631637573
Sample 10,Time-MoE,0.5616087913513184
Sample 10,Chronos,0.43839123845100403
Sample 11,TimesFM,0.5480465292930603
Sample 11,Moirai,0.4519535303115845
Sample 12,Time-MoE,0.5954103469848633
Sample 12,Moirai,0.4045896828174591
Sample 13,TimesFM,0.6620747447013855
Sample 13,Moirai,0.3379252552986145
Sample 14,Chronos,0.5545584559440613
Sample 14,Timer,0.4454415440559387
Sample 15,Time-MoE,0.7748882174491882
Sample 15,Moirai,0.22511178255081177
Sample 16,Time-MoE,0.5584027767181396
Sample 16,Moirai,0.44159725308418274
Sample 17,Chronos,0.8448355793952942
Sample 17,Moirai,0.15516448020935059
Sample 18,Moirai,0.6731755137443542
Sample 18,Time-MoE,0.32682448625564575
Sample 19,Chronos,0.7764000296592712
Sample 19,TimesFM,0.22359991073608398
Sample 20,Moirai,0.8561304211616516
Sample 20,Chronos,0.1438695788383484
Sample 21,Chronos,0.8356507420539856
Sample 21,Moirai,0.16434921324253082
Sample 22,Chronos,0.706939160823822
Sample 22,TimesFM,0.29306086897850037
Sample 23,Time-MoE,0.7130512595176697
Sample 23,Timer,0.2869487702846527
Sample 24,Moirai,0.5012105107307434
Sample 24,Timer,0.4987894892692566
Sample 25,TimesFM,0.697539746761322
Sample 25,Chronos,0.302460253238678
Sample 26,TimesFM,0.5384180545806885
Sample 26,Chronos,0.46158191561698914
Sample 27,Moirai,0.6679543852806091
Sample 27,Time-MoE,0.33204561471939087
Sample 28,Time-MoE,0.8308389782905579
Sample 28,Timer,0.16916105151176453
Sample 29,Chronos,0.7843719124794006
Sample 29,TimesFM,0.21562810242176056
Sample 30,TimesFM,0.5774509310722351
Sample 30,Moirai,0.4225490093231201
Sample 31,Time-MoE,0.823265016078949
Sample 31,TimesFM,0.17673495411872864
Sample 0,Moirai,0.7120738625526428
Sample 0,Chronos,0.28792616724967957
Sample 1,TimesFM,0.550309419631958
Sample 1,Chronos,0.449690580368042
Sample 2,Timer,0.6002987027168274
Sample 2,Time-MoE,0.39970123767852783
Sample 3,Chronos,0.6045178771018982
Sample 3,TimesFM,0.3954821228981018
Sample 4,TimesFM,0.8228415846824646
Sample 4,Time-MoE,0.17715846002101898
Sample 5,TimesFM,0.5411806702613831
Sample 5,Chronos,0.45881927013397217
Sample 6,Moirai,0.8124507069587708
Sample 6,Timer,0.18754932284355164
Sample 7,Time-MoE,0.7303023934364319
Sample 7,Moirai,0.2696976065635681
Sample 8,Moirai,0.899380087852478
Sample 8,Timer,0.10061991214752197
Sample 9,Moirai,0.5210129618644714
Sample 9,TimesFM,0.4789869785308838
Sample 10,Timer,0.68711256980896
Sample 10,Chronos,0.3128874897956848
Sample 11,TimesFM,0.6430936455726624
Sample 11,Chronos,0.35690635442733765
Sample 12,Chronos,0.6585955619812012
Sample 12,Timer,0.3414044976234436
Sample 13,Chronos,0.7106946110725403
Sample 13,Moirai,0.28930535912513733
Sample 14,Chronos,0.7680408954620361
Sample 14,TimesFM,0.23195907473564148
Sample 15,Moirai,0.5146036148071289
Sample 15,Time-MoE,0.4853964149951935
Sample 16,Moirai,0.5914092659950256
Sample 16,Time-MoE,0.408590704202652
Sample 17,Chronos,0.5615537762641907
Sample 17,TimesFM,0.4384462535381317
Sample 18,Moirai,0.8542579412460327
Sample 18,TimesFM,0.14574207365512848
Sample 19,Chronos,0.6802664399147034
Sample 19,TimesFM,0.31973353028297424
Sample 20,Chronos,0.6642844676971436
Sample 20,Moirai,0.33571553230285645
Sample 21,Chronos,0.7573360800743103
Sample 21,TimesFM,0.24266394972801208
Sample 22,Time-MoE,0.701026439666748
Sample 22,Timer,0.29897356033325195
Sample 23,Time-MoE,0.8600829839706421
Sample 23,Moirai,0.1399170309305191
Sample 24,Moirai,0.6500714421272278
Sample 24,TimesFM,0.3499285876750946
Sample 25,TimesFM,0.5734543800354004
Sample 25,Chronos,0.42654556035995483
Sample 26,TimesFM,0.5682063102722168
Sample 26,Timer,0.4317936599254608
Sample 27,Chronos,0.5407415628433228
Sample 27,TimesFM,0.45925840735435486
Sample 28,Time-MoE,0.5053458213806152
Sample 28,Timer,0.4946541488170624
Sample 29,TimesFM,0.5844821333885193
Sample 29,Chronos,0.4155178964138031
Sample 30,TimesFM,0.7327306270599365
Sample 30,Timer,0.2672693133354187
Sample 31,Time-MoE,0.9374344944953918
Sample 31,Moirai,0.06256548315286636
Sample 0,Moirai,0.6845076084136963
Sample 0,Time-MoE,0.3154923617839813
Sample 1,TimesFM,0.8293479084968567
Sample 1,Moirai,0.1706520915031433
Sample 2,Time-MoE,0.5533363819122314
Sample 2,TimesFM,0.44666358828544617
Sample 3,Moirai,0.5268059968948364
Sample 3,Chronos,0.47319403290748596
Sample 4,Moirai,0.6401882171630859
Sample 4,Chronos,0.3598117530345917
Sample 5,Chronos,0.5235042572021484
Sample 5,Timer,0.47649577260017395
Sample 6,Chronos,0.6559603214263916
Sample 6,TimesFM,0.3440397083759308
Sample 7,Time-MoE,0.7312812805175781
Sample 7,Chronos,0.2687187194824219
Sample 8,Time-MoE,0.62408047914505
Sample 8,Moirai,0.37591949105262756
Sample 9,TimesFM,0.5348949432373047
Sample 9,Timer,0.4651050567626953
Sample 10,Moirai,0.5220086574554443
Sample 10,TimesFM,0.47799137234687805
Sample 11,Timer,0.5050121545791626
Sample 11,TimesFM,0.4949878454208374
Sample 12,Time-MoE,0.9264546632766724
Sample 12,Moirai,0.07354535162448883
Sample 13,TimesFM,0.754321277141571
Sample 13,Timer,0.24567872285842896
Sample 14,Timer,0.6340279579162598
Sample 14,Chronos,0.36597201228141785
Sample 15,Time-MoE,0.9071589708328247
Sample 15,Moirai,0.09284103661775589
Sample 16,TimesFM,0.5315217971801758
Sample 16,Chronos,0.46847814321517944
Sample 17,TimesFM,0.5973696112632751
Sample 17,Moirai,0.40263035893440247
Sample 18,TimesFM,0.6141502261161804
Sample 18,Timer,0.3858497738838196
Sample 19,Chronos,0.5947284698486328
Sample 19,TimesFM,0.4052715301513672
Sample 20,Time-MoE,0.9551800489425659
Sample 20,Chronos,0.044819992035627365
Sample 21,Chronos,0.707097053527832
Sample 21,TimesFM,0.2929029166698456
Sample 22,Chronos,0.5789841413497925
Sample 22,Timer,0.4210159182548523
Sample 23,Time-MoE,0.7809390425682068
Sample 23,Timer,0.2190609574317932
Sample 24,Time-MoE,0.7571020722389221
Sample 24,Moirai,0.2428978830575943
Sample 25,TimesFM,0.7251065373420715
Sample 25,Chronos,0.27489352226257324
Sample 26,Moirai,0.5881905555725098
Sample 26,Timer,0.41180938482284546
Sample 27,Chronos,0.8018671274185181
Sample 27,TimesFM,0.19813288748264313
Sample 28,Time-MoE,0.5190474987030029
Sample 28,Moirai,0.48095250129699707
Sample 29,Chronos,0.6614184975624084
Sample 29,TimesFM,0.33858150243759155
Sample 30,TimesFM,0.5079933404922485
Sample 30,Chronos,0.4920066297054291
Sample 31,Time-MoE,0.980536937713623
Sample 31,Moirai,0.019463079050183296
Sample 0,Time-MoE,0.5042753219604492
Sample 0,Moirai,0.49572470784187317
Sample 1,Chronos,0.7194339632987976
Sample 1,TimesFM,0.28056600689888
Sample 2,TimesFM,0.5468295216560364
Sample 2,Moirai,0.45317044854164124
Sample 3,Chronos,0.8595572113990784
Sample 3,Moirai,0.14044275879859924
Sample 4,Chronos,0.5351817011833191
Sample 4,TimesFM,0.4648182690143585
Sample 5,Chronos,0.5956190228462219
Sample 5,Moirai,0.4043809473514557
Sample 6,Chronos,0.7354554533958435
Sample 6,Moirai,0.2645445168018341
Sample 7,Time-MoE,0.5328510999679565
Sample 7,Moirai,0.4671488404273987
Sample 8,Time-MoE,0.8490944504737854
Sample 8,Timer,0.15090560913085938
Sample 9,TimesFM,0.6144979000091553
Sample 9,Chronos,0.3855020999908447
Sample 10,Time-MoE,0.7046270966529846
Sample 10,Moirai,0.295372873544693
Sample 11,TimesFM,0.5899364352226257
Sample 11,Chronos,0.41006359457969666
Sample 12,Time-MoE,0.8410928845405579
Sample 12,Timer,0.15890705585479736
Sample 13,TimesFM,0.6216550469398499
Sample 13,Timer,0.37834498286247253
Sample 14,Moirai,0.7258522510528564
Sample 14,Timer,0.2741476893424988
Sample 15,Time-MoE,0.833389937877655
Sample 15,Moirai,0.16661004722118378
Sample 16,Moirai,0.7431751489639282
Sample 16,Time-MoE,0.2568248510360718
Sample 17,Chronos,0.7647218108177185
Sample 17,TimesFM,0.23527821898460388
Sample 18,Chronos,0.5460770130157471
Sample 18,Moirai,0.45392298698425293
Sample 19,Chronos,0.6184399127960205
Sample 19,TimesFM,0.3815601170063019
Sample 20,Time-MoE,0.843612015247345
Sample 20,TimesFM,0.15638794004917145
Sample 21,Moirai,0.5293849110603333
Sample 21,Chronos,0.47061508893966675
Sample 22,Timer,0.5256282687187195
Sample 22,Time-MoE,0.47437167167663574
Sample 23,Time-MoE,0.9335439205169678
Sample 23,Timer,0.06645607948303223
Sample 24,Time-MoE,0.6290348768234253
Sample 24,Moirai,0.3709651231765747
Sample 25,TimesFM,0.7595359086990356
Sample 25,Chronos,0.24046404659748077
Sample 26,Time-MoE,0.9217557907104492
Sample 26,Moirai,0.07824421674013138
Sample 27,Chronos,0.6336861252784729
Sample 27,TimesFM,0.3663138449192047
Sample 28,Time-MoE,0.8544237613677979
Sample 28,Moirai,0.14557617902755737
Sample 29,Chronos,0.770057201385498
Sample 29,Moirai,0.22994281351566315
Sample 30,Moirai,0.5355933308601379
Sample 30,Timer,0.46440666913986206
Sample 31,Time-MoE,0.7435424327850342
Sample 31,Moirai,0.25645753741264343
Sample 0,Moirai,0.7780838012695312
Sample 0,Timer,0.22191619873046875
Sample 1,TimesFM,0.7720274925231934
Sample 1,Timer,0.22797253727912903
Sample 2,Moirai,0.8185649514198303
Sample 2,TimesFM,0.18143503367900848
Sample 3,Chronos,0.5896797776222229
Sample 3,TimesFM,0.4103202223777771
Sample 4,Moirai,0.609787106513977
Sample 4,Chronos,0.39021292328834534
Sample 5,Moirai,0.5307164788246155
Sample 5,Timer,0.4692835211753845
Sample 6,TimesFM,0.623464822769165
Sample 6,Timer,0.37653520703315735
Sample 7,Time-MoE,0.8998963832855225
Sample 7,TimesFM,0.10010360181331635
Sample 8,Moirai,0.613151490688324
Sample 8,Timer,0.38684847950935364
Sample 9,TimesFM,0.5625784993171692
Sample 9,Moirai,0.4374214708805084
Sample 10,Time-MoE,0.8487094044685364
Sample 10,Timer,0.15129059553146362
Sample 11,Chronos,0.6915609240531921
Sample 11,Moirai,0.3084390163421631
Sample 12,Time-MoE,0.5134314894676208
Sample 12,Moirai,0.48656851053237915
Sample 13,TimesFM,0.6779748201370239
Sample 13,Moirai,0.3220251500606537
Sample 14,Timer,0.5260099768638611
Sample 14,TimesFM,0.4739900231361389
Sample 15,Time-MoE,0.6166160106658936
Sample 15,Moirai,0.38338395953178406
Sample 16,Moirai,0.7312723398208618
Sample 16,Chronos,0.26872768998146057
Sample 17,TimesFM,0.6316582560539246
Sample 17,Timer,0.36834174394607544
Sample 18,Chronos,0.6596167087554932
Sample 18,TimesFM,0.3403833210468292
Sample 19,Timer,0.5103136897087097
Sample 19,Chronos,0.4896862804889679
Sample 20,Time-MoE,0.9765282273292542
Sample 20,Moirai,0.02347172610461712
Sample 21,TimesFM,0.5208237171173096
Sample 21,Timer,0.47917622327804565
Sample 22,TimesFM,0.58989417552948
Sample 22,Timer,0.41010582447052
Sample 23,Time-MoE,0.9121719598770142
Sample 23,Moirai,0.08782798051834106
Sample 24,Moirai,0.9659709930419922
Sample 24,Timer,0.0340290442109108
Sample 25,Moirai,0.6035105586051941
Sample 25,Timer,0.3964894413948059
Sample 26,TimesFM,0.5748406052589417
Sample 26,Timer,0.42515939474105835
Sample 27,Chronos,0.5695244073867798
Sample 27,TimesFM,0.4304755628108978
Sample 28,Time-MoE,0.7224065661430359
Sample 28,Moirai,0.2775934040546417
Sample 29,Timer,0.5695245265960693
Sample 29,TimesFM,0.4304754137992859
Sample 30,Timer,0.6185595989227295
Sample 30,TimesFM,0.3814404606819153
Sample 31,Time-MoE,0.9670184850692749
Sample 31,Chronos,0.03298147767782211
Sample 0,Moirai,0.8386234641075134
Sample 0,Time-MoE,0.16137653589248657
Sample 1,Chronos,0.6463782787322998
Sample 1,TimesFM,0.3536217212677002
Sample 2,Moirai,0.6021496653556824
Sample 2,TimesFM,0.3978503942489624
Sample 3,TimesFM,0.5210399627685547
Sample 3,Chronos,0.4789600670337677
Sample 4,Time-MoE,0.9291162490844727
Sample 4,TimesFM,0.07088375836610794
Sample 5,TimesFM,0.6772797107696533
Sample 5,Moirai,0.32272031903266907
Sample 6,Timer,0.5753194093704224
Sample 6,Chronos,0.4246806204319
Sample 7,Time-MoE,0.7826777696609497
Sample 7,TimesFM,0.2173222303390503
Sample 8,Moirai,0.922393262386322
Sample 8,Chronos,0.07760673761367798
Sample 9,TimesFM,0.5121250152587891
Sample 9,Chronos,0.4878750145435333
Sample 10,Moirai,0.6358882188796997
Sample 10,Timer,0.3641117513179779
Sample 11,Chronos,0.7578261494636536
Sample 11,Timer,0.24217380583286285
Sample 12,Timer,0.6148799657821655
Sample 12,Moirai,0.38512009382247925
Sample 13,Chronos,0.5717343091964722
Sample 13,Time-MoE,0.42826569080352783
Sample 14,Time-MoE,0.9085350036621094
Sample 14,Moirai,0.09146502614021301
Sample 15,Timer,0.920341968536377
Sample 15,Chronos,0.07965799421072006
Sample 16,Moirai,0.7052041888237
Sample 16,Time-MoE,0.29479581117630005
Sample 17,Chronos,0.6211267709732056
Sample 17,Moirai,0.3788732588291168
Sample 18,Time-MoE,0.6953362226486206
Sample 18,Moirai,0.3046637773513794
Sample 19,Timer,0.5821694731712341
Sample 19,TimesFM,0.41783055663108826
Sample 20,Chronos,0.6163626313209534
Sample 20,TimesFM,0.38363736867904663
Sample 21,TimesFM,0.6208149194717407
Sample 21,Moirai,0.3791850805282593
Sample 22,Timer,0.5245522856712341
Sample 22,TimesFM,0.4754476547241211
Sample 23,Time-MoE,0.873163104057312
Sample 23,Timer,0.126836895942688
Sample 24,Moirai,0.6893688440322876
Sample 24,Timer,0.3106312155723572
Sample 25,Timer,0.6648964881896973
Sample 25,Chronos,0.33510351181030273
Sample 26,Time-MoE,0.550054132938385
Sample 26,Moirai,0.4499458372592926
Sample 27,Timer,0.558693528175354
Sample 27,Chronos,0.4413065016269684
Sample 28,Time-MoE,0.8626682162284851
Sample 28,Timer,0.13733184337615967
Sample 29,Moirai,0.5570324659347534
Sample 29,Timer,0.4429675042629242
Sample 30,Time-MoE,0.7912853956222534
Sample 30,Moirai,0.20871461927890778
Sample 31,Time-MoE,0.8777490258216858
Sample 31,TimesFM,0.12225092947483063
Sample 0,Chronos,0.5492461919784546
Sample 0,TimesFM,0.4507538080215454
Sample 1,Chronos,0.6783614158630371
Sample 1,Timer,0.3216385841369629
Sample 2,Time-MoE,0.5771281123161316
Sample 2,Timer,0.4228719174861908
Sample 3,TimesFM,0.7651181221008301
Sample 3,Timer,0.23488189280033112
Sample 4,Time-MoE,0.5002718567848206
Sample 4,Timer,0.49972814321517944
Sample 5,TimesFM,0.5551902651786804
Sample 5,Timer,0.44480979442596436
Sample 6,TimesFM,0.8450490832328796
Sample 6,Timer,0.15495091676712036
Sample 7,Time-MoE,0.728187084197998
Sample 7,Moirai,0.27181294560432434
Sample 8,Moirai,0.8493198156356812
Sample 8,Timer,0.15068013966083527
Sample 9,TimesFM,0.6011627912521362
Sample 9,Timer,0.39883720874786377
Sample 10,Moirai,0.5237292647361755
Sample 10,Time-MoE,0.47627076506614685
Sample 11,Timer,0.5069696307182312
Sample 11,TimesFM,0.4930303692817688
Sample 12,Chronos,0.6103503704071045
Sample 12,Moirai,0.3896496593952179
Sample 13,TimesFM,0.6804965734481812
Sample 13,Moirai,0.3195033669471741
Sample 14,Timer,0.5195121169090271
Sample 14,Moirai,0.4804878532886505
Sample 15,Time-MoE,0.8638153076171875
Sample 15,Moirai,0.1361847221851349
Sample 0,Moirai,0.7360145449638367
Sample 0,Time-MoE,0.26398542523384094
Sample 1,TimesFM,0.7010052800178528
Sample 1,Timer,0.2989947199821472
Sample 2,Time-MoE,0.8194186687469482
Sample 2,TimesFM,0.18058133125305176
Sample 3,Timer,0.5654410719871521
Sample 3,Moirai,0.4345588684082031
Sample 4,Moirai,0.6668401956558228
Sample 4,Timer,0.33315983414649963
Sample 5,Timer,0.546912670135498
Sample 5,TimesFM,0.45308732986450195
Sample 6,Timer,0.5588086247444153
Sample 6,Moirai,0.4411913752555847
Sample 7,Time-MoE,0.8857247829437256
Sample 7,Moirai,0.1142752468585968
Sample 8,Moirai,0.5509542226791382
Sample 8,Chronos,0.4490457773208618
Sample 9,TimesFM,0.6700836420059204
Sample 9,Timer,0.329916387796402
Sample 10,Moirai,0.5161349177360535
Sample 10,Timer,0.48386508226394653
Sample 11,Chronos,0.5192949175834656
Sample 11,Timer,0.48070505261421204
Sample 12,Time-MoE,0.828954815864563
Sample 12,Moirai,0.1710452288389206
Sample 13,Chronos,0.643822968006134
Sample 13,Timer,0.3561770021915436
Sample 14,Timer,0.7708746194839478
Sample 14,TimesFM,0.22912538051605225
Sample 15,Time-MoE,0.637026309967041
Sample 15,Timer,0.36297374963760376
Sample 16,Time-MoE,0.8486304879188538
Sample 16,Moirai,0.15136954188346863
Sample 17,Chronos,0.6676135063171387
Sample 17,TimesFM,0.33238643407821655
Sample 18,Chronos,0.6446511149406433
Sample 18,Moirai,0.3553489148616791
Sample 19,Chronos,0.7729975581169128
Sample 19,Timer,0.22700247168540955
Sample 20,Timer,0.6432307362556458
Sample 20,Moirai,0.35676926374435425
Sample 21,Timer,0.6213099360466003
Sample 21,Moirai,0.37869006395339966
Sample 22,Timer,0.7372117638587952
Sample 22,Moirai,0.2627882659435272
Sample 23,Time-MoE,0.6740130186080933
Sample 23,Chronos,0.32598695158958435
Sample 24,Moirai,0.7622209787368774
Sample 24,Time-MoE,0.2377789467573166
Sample 25,TimesFM,0.5726503133773804
Sample 25,Chronos,0.427349716424942
Sample 26,Moirai,0.5673989653587341
Sample 26,TimesFM,0.43260106444358826
Sample 27,Moirai,0.566515326499939
Sample 27,TimesFM,0.43348461389541626
Sample 28,Time-MoE,0.8574590682983398
Sample 28,Chronos,0.14254087209701538
Sample 29,Timer,0.6533966064453125
Sample 29,Chronos,0.3466033935546875
Sample 30,TimesFM,0.7485338449478149
Sample 30,Timer,0.25146615505218506
Sample 31,Time-MoE,0.8912566304206848
Sample 31,Timer,0.1087433323264122
Sample 0,Moirai,0.8621378540992737
Sample 0,Chronos,0.1378621757030487
Sample 1,Chronos,0.6148144006729126
Sample 1,TimesFM,0.385185569524765
Sample 2,Time-MoE,0.8167213797569275
Sample 2,TimesFM,0.1832786500453949
Sample 3,Timer,0.5438105463981628
Sample 3,Chronos,0.45618945360183716
Sample 4,TimesFM,0.5469457507133484
Sample 4,Time-MoE,0.4530542194843292
Sample 5,TimesFM,0.710493266582489
Sample 5,Timer,0.2895067632198334
Sample 6,Chronos,0.6981118321418762
Sample 6,Moirai,0.3018881678581238
Sample 7,Time-MoE,0.9542287588119507
Sample 7,Moirai,0.04577116668224335
Sample 8,Moirai,0.6360912322998047
Sample 8,Timer,0.3639087677001953
Sample 9,TimesFM,0.5773598551750183
Sample 9,Timer,0.4226401746273041
Sample 10,Chronos,0.5119988322257996
Sample 10,Moirai,0.4880012273788452
Sample 11,TimesFM,0.6984549164772034
Sample 11,Timer,0.30154505372047424
Sample 12,Time-MoE,0.5890505909919739
Sample 12,Moirai,0.41094937920570374
Sample 13,TimesFM,0.7049872875213623
Sample 13,Chronos,0.2950126826763153
Sample 14,Timer,0.6905501484870911
Sample 14,TimesFM,0.30944982171058655
Sample 15,Time-MoE,0.5846083164215088
Sample 15,Moirai,0.4153916537761688
Sample 16,Moirai,0.7173856496810913
Sample 16,Timer,0.2826143503189087
Sample 17,Chronos,0.5051954388618469
Sample 17,TimesFM,0.4948045611381531
Sample 18,Moirai,0.536352813243866
Sample 18,Time-MoE,0.46364718675613403
Sample 19,Chronos,0.7237276434898376
Sample 19,Timer,0.27627235651016235
Sample 20,TimesFM,0.7579549551010132
Sample 20,Moirai,0.24204502999782562
Sample 21,Chronos,0.7009037137031555
Sample 21,Timer,0.2990962564945221
Sample 22,Time-MoE,0.5755947828292847
Sample 22,Timer,0.42440521717071533
Sample 23,Time-MoE,0.8983186483383179
Sample 23,Timer,0.10168135166168213
Sample 24,Moirai,0.7819632887840271
Sample 24,Timer,0.2180367261171341
Sample 25,Timer,0.6070390939712524
Sample 25,TimesFM,0.3929608464241028
Sample 26,Moirai,0.6453779339790344
Sample 26,Timer,0.35462212562561035
Sample 27,TimesFM,0.9018418192863464
Sample 27,Chronos,0.09815818816423416
Sample 28,Time-MoE,0.8698647022247314
Sample 28,Chronos,0.13013531267642975
Sample 29,TimesFM,0.8071895241737366
Sample 29,Moirai,0.192810520529747
Sample 30,TimesFM,0.7352757453918457
Sample 30,Timer,0.2647242546081543
Sample 31,Time-MoE,0.8083400726318359
Sample 31,Moirai,0.19165997207164764
Sample 0,Time-MoE,0.9522374272346497
Sample 0,Moirai,0.04776258394122124
Sample 1,TimesFM,0.5943530797958374
Sample 1,Timer,0.405646950006485
Sample 2,Timer,0.5613377094268799
Sample 2,Moirai,0.43866226077079773
Sample 3,Chronos,0.5009706616401672
Sample 3,Timer,0.49902933835983276
Sample 4,Moirai,0.7879067063331604
Sample 4,Chronos,0.21209333837032318
Sample 5,Timer,0.7428190112113953
Sample 5,Time-MoE,0.2571810483932495
Sample 6,TimesFM,0.6261987090110779
Sample 6,Chronos,0.3738012909889221
Sample 7,Time-MoE,0.5784138441085815
Sample 7,Moirai,0.4215860962867737
Sample 8,Time-MoE,0.8258720636367798
Sample 8,Moirai,0.17412790656089783
Sample 9,Chronos,0.5967864990234375
Sample 9,TimesFM,0.4032135307788849
Sample 10,Chronos,0.7049429416656494
Sample 10,Timer,0.2950570583343506
Sample 11,TimesFM,0.8359981179237366
Sample 11,Moirai,0.16400186717510223
Sample 12,Time-MoE,0.836233913898468
Sample 12,Moirai,0.1637660562992096
Sample 13,TimesFM,0.67705899477005
Sample 13,Chronos,0.32294100522994995
Sample 14,Chronos,0.5958291888237
Sample 14,TimesFM,0.40417078137397766
Sample 15,Time-MoE,0.8723582029342651
Sample 15,Moirai,0.12764178216457367
Sample 16,Moirai,0.5462126731872559
Sample 16,TimesFM,0.45378732681274414
Sample 17,Chronos,0.665372908115387
Sample 17,Timer,0.33462706208229065
Sample 18,Time-MoE,0.5838610529899597
Sample 18,Timer,0.4161389470100403
Sample 19,Moirai,0.5641517043113708
Sample 19,TimesFM,0.43584829568862915
Sample 20,Time-MoE,0.814626932144165
Sample 20,Chronos,0.18537305295467377
Sample 21,Moirai,0.627226710319519
Sample 21,TimesFM,0.37277325987815857
Sample 22,Timer,0.7235214114189148
Sample 22,Chronos,0.2764785587787628
Sample 23,Time-MoE,0.649543821811676
Sample 23,TimesFM,0.35045620799064636
Sample 24,Time-MoE,0.8251113891601562
Sample 24,Moirai,0.17488859593868256
Sample 25,Timer,0.6199243664741516
Sample 25,TimesFM,0.38007569313049316
Sample 26,Time-MoE,0.5308776497840881
Sample 26,Moirai,0.46912238001823425
Sample 27,Timer,0.6015229225158691
Sample 27,Chronos,0.39847707748413086
Sample 28,Time-MoE,0.7155138254165649
Sample 28,Moirai,0.28448620438575745
Sample 29,TimesFM,0.6604615449905396
Sample 29,Chronos,0.33953842520713806
Sample 30,Moirai,0.5487489700317383
Sample 30,Timer,0.45125100016593933
Sample 31,Time-MoE,0.8267446160316467
Sample 31,Moirai,0.17325539886951447
Sample 0,Moirai,0.6546122431755066
Sample 0,Time-MoE,0.345387727022171
Sample 1,Timer,0.5240016579627991
Sample 1,Chronos,0.4759984016418457
Sample 2,Timer,0.51446533203125
Sample 2,Moirai,0.48553466796875
Sample 3,Chronos,0.7939676642417908
Sample 3,Moirai,0.2060323804616928
Sample 4,Chronos,0.5764696598052979
Sample 4,TimesFM,0.42353034019470215
Sample 5,Chronos,0.7080875039100647
Sample 5,Time-MoE,0.2919124960899353
Sample 6,Chronos,0.6381120085716248
Sample 6,Timer,0.36188802123069763
Sample 7,Timer,0.5480557084083557
Sample 7,Chronos,0.4519442915916443
Sample 8,Time-MoE,0.6225869059562683
Sample 8,Timer,0.3774131238460541
Sample 9,TimesFM,0.5019543766975403
Sample 9,Timer,0.4980456531047821
Sample 10,Time-MoE,0.8218831419944763
Sample 10,Chronos,0.1781168282032013
Sample 11,TimesFM,0.6387762427330017
Sample 11,Chronos,0.3612237572669983
Sample 12,Time-MoE,0.6166548728942871
Sample 12,Moirai,0.3833451271057129
Sample 13,TimesFM,0.5599127411842346
Sample 13,Chronos,0.440087229013443
Sample 14,Moirai,0.5038766860961914
Sample 14,Timer,0.4961232542991638
Sample 15,Time-MoE,0.8340553641319275
Sample 15,Timer,0.16594457626342773
Sample 16,Moirai,0.5796716213226318
Sample 16,Time-MoE,0.42032840847969055
Sample 17,Chronos,0.552490770816803
Sample 17,Moirai,0.44750919938087463
Sample 18,Time-MoE,0.6629441976547241
Sample 18,TimesFM,0.3370557725429535
Sample 19,Chronos,0.5229068398475647
Sample 19,Timer,0.4770931601524353
Sample 20,Chronos,0.7023113965988159
Sample 20,Moirai,0.29768863320350647
Sample 21,TimesFM,0.745281457901001
Sample 21,Timer,0.25471848249435425
Sample 22,Timer,0.5271798372268677
Sample 22,Moirai,0.47282013297080994
Sample 23,Time-MoE,0.8745554089546204
Sample 23,Moirai,0.12544451653957367
Sample 24,Time-MoE,0.5947864651679993
Sample 24,Moirai,0.40521350502967834
Sample 25,TimesFM,0.641176700592041
Sample 25,Timer,0.35882335901260376
Sample 26,Time-MoE,0.6631657481193542
Sample 26,Moirai,0.336834192276001
Sample 27,Chronos,0.5736585855484009
Sample 27,TimesFM,0.4263414144515991
Sample 28,Time-MoE,0.5362982749938965
Sample 28,Moirai,0.46370169520378113
Sample 29,Timer,0.5497572422027588
Sample 29,TimesFM,0.4502427577972412
Sample 30,TimesFM,0.6844627261161804
Sample 30,Timer,0.3155372738838196
Sample 31,Time-MoE,0.9551138281822205
Sample 31,Moirai,0.044886134564876556
Sample 0,Moirai,0.7383056879043579
Sample 0,Timer,0.2616943120956421
Sample 1,TimesFM,0.717987596988678
Sample 1,Timer,0.2820124328136444
Sample 2,Timer,0.5763625502586365
Sample 2,Moirai,0.4236374497413635
Sample 3,TimesFM,0.5070171356201172
Sample 3,Timer,0.4929828345775604
Sample 4,Moirai,0.8197841048240662
Sample 4,Time-MoE,0.18021591007709503
Sample 5,TimesFM,0.5804787278175354
Sample 5,Timer,0.4195212721824646
Sample 6,Chronos,0.5406515002250671
Sample 6,Timer,0.45934849977493286
Sample 7,Time-MoE,0.897545576095581
Sample 7,Moirai,0.10245441645383835
Sample 8,Timer,0.7300699949264526
Sample 8,Moirai,0.26993003487586975
Sample 9,Chronos,0.550993800163269
Sample 9,TimesFM,0.44900619983673096
Sample 10,Time-MoE,0.7498894929885864
Sample 10,Moirai,0.25011053681373596
Sample 11,Chronos,0.5422358512878418
Sample 11,TimesFM,0.4577640891075134
Sample 12,Chronos,0.8882242441177368
Sample 12,Moirai,0.11177575588226318
Sample 13,TimesFM,0.5271946787834167
Sample 13,Chronos,0.47280532121658325
Sample 14,Time-MoE,0.547510027885437
Sample 14,Timer,0.452489972114563
Sample 15,Time-MoE,0.7163128852844238
Sample 15,Timer,0.28368711471557617
Sample 16,Moirai,0.7973365783691406
Sample 16,Chronos,0.20266348123550415
Sample 17,Chronos,0.6074185967445374
Sample 17,TimesFM,0.39258140325546265
Sample 18,Moirai,0.5166227221488953
Sample 18,Timer,0.48337724804878235
Sample 19,TimesFM,0.565692126750946
Sample 19,Timer,0.43430787324905396
Sample 20,Time-MoE,0.8528348207473755
Sample 20,TimesFM,0.14716511964797974
Sample 21,TimesFM,0.5765787959098816
Sample 21,Timer,0.4234212338924408
Sample 22,TimesFM,0.7540308237075806
Sample 22,Timer,0.24596914649009705
Sample 23,Time-MoE,0.7486982345581055
Sample 23,Timer,0.25130173563957214
Sample 24,Moirai,0.839948296546936
Sample 24,Time-MoE,0.16005174815654755
Sample 25,Chronos,0.7193759679794312
Sample 25,TimesFM,0.28062403202056885
Sample 26,Moirai,0.5715054869651794
Sample 26,TimesFM,0.42849454283714294
Sample 27,TimesFM,0.5356694459915161
Sample 27,Chronos,0.4643305838108063
Sample 28,Time-MoE,0.7006062269210815
Sample 28,Moirai,0.2993937134742737
Sample 29,Timer,0.6933152675628662
Sample 29,Moirai,0.3066847026348114
Sample 30,Timer,0.7271395921707153
Sample 30,Moirai,0.27286040782928467
Sample 31,Time-MoE,0.555993378162384
Sample 31,Moirai,0.44400662183761597
Sample 0,Moirai,0.8995698094367981
Sample 0,Timer,0.1004301905632019
Sample 1,Timer,0.5254916548728943
Sample 1,Chronos,0.4745083749294281
Sample 2,Moirai,0.5815590620040894
Sample 2,TimesFM,0.41844096779823303
Sample 3,Chronos,0.6754048466682434
Sample 3,Timer,0.3245951533317566
Sample 4,Moirai,0.7565746903419495
Sample 4,Time-MoE,0.24342532455921173
Sample 5,TimesFM,0.5397939085960388
Sample 5,Timer,0.4602060914039612
Sample 6,Moirai,0.5827022790908813
Sample 6,TimesFM,0.4172976613044739
Sample 7,Moirai,0.5257588624954224
Sample 7,Time-MoE,0.4742411673069
Sample 8,Moirai,0.5474731922149658
Sample 8,Chronos,0.4525268077850342
Sample 9,Chronos,0.5209073424339294
Sample 9,Timer,0.47909265756607056
Sample 10,Moirai,0.5637707114219666
Sample 10,Time-MoE,0.43622925877571106
Sample 11,TimesFM,0.7029043436050415
Sample 11,Chronos,0.2970956265926361
Sample 12,Time-MoE,0.5197778940200806
Sample 12,Chronos,0.48022210597991943
Sample 13,Chronos,0.7757706046104431
Sample 13,Moirai,0.22422939538955688
Sample 14,Moirai,0.622148334980011
Sample 14,Timer,0.377851665019989
Sample 15,Time-MoE,0.6933375000953674
Sample 15,Chronos,0.3066624701023102
Sample 16,Time-MoE,0.5773016810417175
Sample 16,Moirai,0.4226982891559601
Sample 17,TimesFM,0.5401298999786377
Sample 17,Chronos,0.4598701596260071
Sample 18,Time-MoE,0.7398476004600525
Sample 18,Moirai,0.2601523697376251
Sample 19,TimesFM,0.5591267943382263
Sample 19,Timer,0.4408732056617737
Sample 20,Chronos,0.7193418145179749
Sample 20,Timer,0.28065821528434753
Sample 21,TimesFM,0.6128517389297485
Sample 21,Chronos,0.38714829087257385
Sample 22,TimesFM,0.8032253980636597
Sample 22,Timer,0.1967746615409851
Sample 23,Time-MoE,0.7554290890693665
Sample 23,Timer,0.24457091093063354
Sample 24,Moirai,0.7456898093223572
Sample 24,Timer,0.2543101906776428
Sample 25,Chronos,0.6343186497688293
Sample 25,Timer,0.36568138003349304
Sample 26,Time-MoE,0.7766720652580261
Sample 26,Moirai,0.22332799434661865
Sample 27,Timer,0.7116166353225708
Sample 27,TimesFM,0.2883833944797516
Sample 28,Timer,0.5628425478935242
Sample 28,Time-MoE,0.43715745210647583
Sample 29,Timer,0.5208579897880554
Sample 29,Chronos,0.4791420102119446
Sample 30,Time-MoE,0.7206500768661499
Sample 30,Moirai,0.2793499231338501
Sample 31,Time-MoE,0.7003163695335388
Sample 31,Chronos,0.2996836304664612
Sample 0,Moirai,0.6508592963218689
Sample 0,Timer,0.34914064407348633
Sample 1,Timer,0.5601053237915039
Sample 1,TimesFM,0.4398947060108185
Sample 2,Time-MoE,0.864020586013794
Sample 2,Timer,0.13597942888736725
Sample 3,TimesFM,0.5753411054611206
Sample 3,Chronos,0.4246589243412018
Sample 4,Time-MoE,0.8917601108551025
Sample 4,TimesFM,0.10823994129896164
Sample 5,Timer,0.5080695748329163
Sample 5,TimesFM,0.49193042516708374
Sample 6,Chronos,0.7370794415473938
Sample 6,TimesFM,0.2629205286502838
Sample 7,Time-MoE,0.9028497338294983
Sample 7,TimesFM,0.09715031087398529
Sample 8,Moirai,0.9389540553092957
Sample 8,Timer,0.06104590371251106
Sample 9,Chronos,0.7360255122184753
Sample 9,Timer,0.26397445797920227
Sample 10,Timer,0.6032103896141052
Sample 10,Time-MoE,0.3967895805835724
Sample 11,TimesFM,0.7936319708824158
Sample 11,Timer,0.20636802911758423
Sample 12,Moirai,0.7108551263809204
Sample 12,Time-MoE,0.2891448438167572
Sample 13,TimesFM,0.5670987367630005
Sample 13,Timer,0.4329012632369995
Sample 14,Timer,0.7845694422721863
Sample 14,Moirai,0.21543054282665253
Sample 15,Time-MoE,0.8765456676483154
Sample 15,Chronos,0.1234542727470398
Sample 0,Moirai,0.9093867540359497
Sample 0,Timer,0.09061329811811447
Sample 1,TimesFM,0.5797984004020691
Sample 1,Chronos,0.4202015995979309
Sample 2,Time-MoE,0.7017943263053894
Sample 2,Chronos,0.2982056140899658
Sample 3,Chronos,0.6391820311546326
Sample 3,Timer,0.36081793904304504
Sample 4,TimesFM,0.526228129863739
Sample 4,Timer,0.473771870136261
Sample 5,Timer,0.6156463623046875
Sample 5,TimesFM,0.3843536078929901
Sample 6,Timer,0.5499545931816101
Sample 6,Chronos,0.4500453770160675
Sample 7,Time-MoE,0.6217135787010193
Sample 7,Timer,0.3782864212989807
Sample 8,Moirai,0.7543076872825623
Sample 8,Timer,0.24569234251976013
Sample 9,Chronos,0.524240255355835
Sample 9,TimesFM,0.47575974464416504
Sample 10,Timer,0.739966094493866
Sample 10,Moirai,0.26003384590148926
Sample 11,TimesFM,0.5018691420555115
Sample 11,Chronos,0.4981308579444885
Sample 12,Time-MoE,0.8320941925048828
Sample 12,Timer,0.167905792593956
Sample 13,Timer,0.506655216217041
Sample 13,TimesFM,0.49334481358528137
Sample 14,TimesFM,0.7785577774047852
Sample 14,Timer,0.22144225239753723
Sample 15,Time-MoE,0.6737500429153442
Sample 15,Moirai,0.3262499272823334
Sample 16,Time-MoE,0.5764734148979187
Sample 16,Moirai,0.4235265552997589
Sample 17,TimesFM,0.5071372389793396
Sample 17,Timer,0.492862731218338
Sample 18,Time-MoE,0.6447193026542664
Sample 18,Moirai,0.35528072714805603
Sample 19,Timer,0.6283819675445557
Sample 19,TimesFM,0.37161800265312195
Sample 20,Chronos,0.5517826676368713
Sample 20,Moirai,0.44821736216545105
Sample 21,Chronos,0.945068359375
Sample 21,TimesFM,0.05493167042732239
Sample 22,Moirai,0.5157511830329895
Sample 22,Time-MoE,0.4842488765716553
Sample 23,Moirai,0.5996853709220886
Sample 23,Time-MoE,0.4003146290779114
Sample 24,Time-MoE,0.73411625623703
Sample 24,Moirai,0.2658836841583252
Sample 25,TimesFM,0.506662130355835
Sample 25,Chronos,0.49333786964416504
Sample 26,TimesFM,0.5981836318969727
Sample 26,Chronos,0.40181636810302734
Sample 27,Chronos,0.7749343514442444
Sample 27,Timer,0.22506564855575562
Sample 28,Time-MoE,0.9098576307296753
Sample 28,Chronos,0.0901423990726471
Sample 29,TimesFM,0.6101327538490295
Sample 29,Timer,0.38986727595329285
Sample 30,Timer,0.7906423211097717
Sample 30,Time-MoE,0.20935770869255066
Sample 31,Time-MoE,0.7542449235916138
Sample 31,TimesFM,0.24575507640838623
Sample 0,Moirai,0.653496503829956
Sample 0,Chronos,0.34650343656539917
Sample 1,TimesFM,0.5194594264030457
Sample 1,Chronos,0.48054054379463196
Sample 2,Time-MoE,0.7455952763557434
Sample 2,Moirai,0.254404753446579
Sample 3,TimesFM,0.5759686231613159
Sample 3,Chronos,0.4240313768386841
Sample 4,Time-MoE,0.803785502910614
Sample 4,TimesFM,0.1962144821882248
Sample 5,Chronos,0.504949152469635
Sample 5,Timer,0.4950508773326874
Sample 6,Timer,0.6194013357162476
Sample 6,Moirai,0.38059863448143005
Sample 7,Time-MoE,0.6217184662818909
Sample 7,Moirai,0.37828153371810913
Sample 8,Timer,0.541968584060669
Sample 8,Moirai,0.45803138613700867
Sample 9,TimesFM,0.6347766518592834
Sample 9,Timer,0.36522337794303894
Sample 10,Moirai,0.6730629801750183
Sample 10,Timer,0.3269370198249817
Sample 11,Chronos,0.6315014958381653
Sample 11,Moirai,0.3684985339641571
Sample 12,Moirai,0.5322553515434265
Sample 12,Timer,0.46774470806121826
Sample 13,TimesFM,0.5059455633163452
Sample 13,Timer,0.4940544664859772
Sample 14,TimesFM,0.9220494627952576
Sample 14,Chronos,0.07795047014951706
Sample 15,Moirai,0.551387369632721
Sample 15,Time-MoE,0.44861260056495667
Sample 16,Time-MoE,0.5079214572906494
Sample 16,Moirai,0.492078572511673
Sample 17,TimesFM,0.5044007897377014
Sample 17,Moirai,0.4955992102622986
Sample 18,Timer,0.6174463629722595
Sample 18,Moirai,0.3825536072254181
Sample 19,TimesFM,0.7565752267837524
Sample 19,Moirai,0.24342475831508636
Sample 20,Chronos,0.6179888844490051
Sample 20,TimesFM,0.38201114535331726
Sample 21,Chronos,0.5661210417747498
Sample 21,Timer,0.43387895822525024
Sample 22,Timer,0.5826460719108582
Sample 22,TimesFM,0.41735389828681946
Sample 23,Time-MoE,0.9297367334365845
Sample 23,Moirai,0.07026324421167374
Sample 24,Moirai,0.7056578397750854
Sample 24,Timer,0.29434213042259216
Sample 25,TimesFM,0.6009385585784912
Sample 25,Timer,0.3990614414215088
Sample 26,Timer,0.5114900469779968
Sample 26,TimesFM,0.4885099530220032
Sample 27,Chronos,0.5031266808509827
Sample 27,TimesFM,0.49687328934669495
Sample 28,Time-MoE,0.6114069819450378
Sample 28,Moirai,0.38859298825263977
Sample 29,TimesFM,0.551376461982727
Sample 29,Timer,0.4486235976219177
Sample 30,TimesFM,0.536912202835083
Sample 30,Timer,0.4630878269672394
Sample 31,Time-MoE,0.6864029765129089
Sample 31,Moirai,0.31359702348709106
Sample 0,Timer,0.6422505378723145
Sample 0,Time-MoE,0.35774946212768555
Sample 1,TimesFM,0.6929425597190857
Sample 1,Timer,0.3070574402809143
Sample 2,Timer,0.9039874076843262
Sample 2,TimesFM,0.09601256996393204
Sample 3,Timer,0.8052262663841248
Sample 3,Moirai,0.19477377831935883
Sample 4,Moirai,0.5620781183242798
Sample 4,Time-MoE,0.4379218816757202
Sample 5,Moirai,0.5695615410804749
Sample 5,Timer,0.4304385185241699
Sample 6,TimesFM,0.7223607897758484
Sample 6,Timer,0.2776392698287964
Sample 7,Time-MoE,0.868570864200592
Sample 7,Timer,0.13142915070056915
Sample 8,Time-MoE,0.602742612361908
Sample 8,Moirai,0.39725735783576965
Sample 9,TimesFM,0.6069530248641968
Sample 9,Chronos,0.39304694533348083
Sample 10,Timer,0.6678901314735413
Sample 10,TimesFM,0.33210989832878113
Sample 11,Chronos,0.6306487917900085
Sample 11,Moirai,0.36935117840766907
Sample 12,Time-MoE,0.9195861220359802
Sample 12,Timer,0.08041393756866455
Sample 13,TimesFM,0.7607989311218262
Sample 13,Chronos,0.23920102417469025
Sample 14,TimesFM,0.6015441417694092
Sample 14,Timer,0.3984558880329132
Sample 15,Time-MoE,0.7392005324363708
Sample 15,Moirai,0.26079943776130676
Sample 16,TimesFM,0.5796157717704773
Sample 16,Chronos,0.4203842282295227
Sample 17,TimesFM,0.8215177655220032
Sample 17,Timer,0.17848223447799683
Sample 18,Timer,0.5002753138542175
Sample 18,Time-MoE,0.49972474575042725
Sample 19,TimesFM,0.5699454545974731
Sample 19,Chronos,0.4300544857978821
Sample 20,Moirai,0.5687715411186218
Sample 20,Time-MoE,0.4312284588813782
Sample 21,Chronos,0.6008522510528564
Sample 21,TimesFM,0.39914777874946594
Sample 22,Chronos,0.5823469758033752
Sample 22,Moirai,0.41765299439430237
Sample 23,TimesFM,0.7790549993515015
Sample 23,Chronos,0.22094497084617615
Sample 24,Time-MoE,0.9418094158172607
Sample 24,Moirai,0.05819055810570717
Sample 25,TimesFM,0.5859140753746033
Sample 25,Chronos,0.41408592462539673
Sample 26,Moirai,0.5300737023353577
Sample 26,Time-MoE,0.4699263572692871
Sample 27,TimesFM,0.7584443092346191
Sample 27,Chronos,0.24155569076538086
Sample 28,Time-MoE,0.9139012098312378
Sample 28,Chronos,0.08609872311353683
Sample 29,TimesFM,0.6788025498390198
Sample 29,Chronos,0.32119742035865784
Sample 30,Chronos,0.8925784826278687
Sample 30,Timer,0.10742154717445374
Sample 31,Time-MoE,0.9515937566757202
Sample 31,Moirai,0.048406314104795456
Sample 0,Moirai,0.7018620371818542
Sample 0,Time-MoE,0.29813796281814575
Sample 1,Chronos,0.5948342084884644
Sample 1,Timer,0.40516573190689087
Sample 2,Chronos,0.6464987993240356
Sample 2,Timer,0.35350123047828674
Sample 3,Chronos,0.7100881338119507
Sample 3,TimesFM,0.28991180658340454
Sample 4,Chronos,0.775208055973053
Sample 4,Timer,0.22479192912578583
Sample 5,Moirai,0.6676148772239685
Sample 5,Chronos,0.3323851227760315
Sample 6,Timer,0.5924971699714661
Sample 6,TimesFM,0.40750283002853394
Sample 7,Timer,0.610802173614502
Sample 7,Moirai,0.38919782638549805
Sample 8,Moirai,0.7643848657608032
Sample 8,Time-MoE,0.2356151044368744
Sample 9,TimesFM,0.5714920163154602
Sample 9,Chronos,0.4285079836845398
Sample 10,Time-MoE,0.6283761858940125
Sample 10,Chronos,0.37162381410598755
Sample 11,Chronos,0.5248162150382996
Sample 11,TimesFM,0.47518375515937805
Sample 12,Time-MoE,0.5553702116012573
Sample 12,Moirai,0.4446297585964203
Sample 13,Chronos,0.7045117020606995
Sample 13,Timer,0.2954883575439453
Sample 14,Timer,0.624091625213623
Sample 14,Chronos,0.37590834498405457
Sample 15,Time-MoE,0.8572186231613159
Sample 15,Moirai,0.1427813172340393
Sample 16,Moirai,0.6094985604286194
Sample 16,Time-MoE,0.3905014097690582
Sample 17,TimesFM,0.592722475528717
Sample 17,Chronos,0.40727755427360535
Sample 18,Moirai,0.5302038788795471
Sample 18,Time-MoE,0.46979615092277527
Sample 19,Chronos,0.8464111089706421
Sample 19,Moirai,0.1535888910293579
Sample 20,Time-MoE,0.647580087184906
Sample 20,Moirai,0.352419912815094
Sample 21,Chronos,0.7629258036613464
Sample 21,Timer,0.23707422614097595
Sample 22,Timer,0.5378029346466064
Sample 22,Moirai,0.46219703555107117
Sample 23,Time-MoE,0.9642532467842102
Sample 23,Moirai,0.035746749490499496
Sample 24,Time-MoE,0.7344228029251099
Sample 24,Moirai,0.26557716727256775
Sample 25,Timer,0.6324856877326965
Sample 25,TimesFM,0.36751437187194824
Sample 26,Time-MoE,0.9645110368728638
Sample 26,Moirai,0.035488978028297424
Sample 27,TimesFM,0.6045310497283936
Sample 27,Timer,0.39546898007392883
Sample 28,Time-MoE,0.7355113625526428
Sample 28,Moirai,0.2644886374473572
Sample 29,TimesFM,0.52104252576828
Sample 29,Chronos,0.47895747423171997
Sample 30,Timer,0.5507475137710571
Sample 30,TimesFM,0.4492524564266205
Sample 31,Time-MoE,0.8573412299156189
Sample 31,Moirai,0.14265874028205872
Sample 0,Moirai,0.6745477318763733
Sample 0,Timer,0.3254522383213043
Sample 1,TimesFM,0.5965955257415771
Sample 1,Chronos,0.40340450406074524
Sample 2,Timer,0.5048321485519409
Sample 2,TimesFM,0.49516788125038147
Sample 3,TimesFM,0.60658198595047
Sample 3,Timer,0.3934180438518524
Sample 4,Moirai,0.6658520698547363
Sample 4,TimesFM,0.33414793014526367
Sample 5,TimesFM,0.55708247423172
Sample 5,Timer,0.44291749596595764
Sample 6,Timer,0.5430769920349121
Sample 6,TimesFM,0.4569230079650879
Sample 7,Time-MoE,0.8877902030944824
Sample 7,Moirai,0.11220976710319519
Sample 8,Moirai,0.6409956812858582
Sample 8,Timer,0.35900428891181946
Sample 9,Chronos,0.7235235571861267
Sample 9,TimesFM,0.2764764428138733
Sample 10,Moirai,0.5130085945129395
Sample 10,Timer,0.48699137568473816
Sample 11,Chronos,0.6022019386291504
Sample 11,Moirai,0.3977980315685272
Sample 12,Chronos,0.6050570607185364
Sample 12,Time-MoE,0.394942969083786
Sample 13,TimesFM,0.7647428512573242
Sample 13,Moirai,0.23525720834732056
Sample 14,Time-MoE,0.6913450360298157
Sample 14,Timer,0.3086549937725067
Sample 15,Moirai,0.7030528783798218
Sample 15,TimesFM,0.296947181224823
Sample 16,Moirai,0.5632895827293396
Sample 16,Chronos,0.4367104172706604
Sample 17,TimesFM,0.596446692943573
Sample 17,Chronos,0.4035532474517822
Sample 18,Moirai,0.5843774676322937
Sample 18,Chronos,0.4156225025653839
Sample 19,Chronos,0.5320055484771729
Sample 19,TimesFM,0.46799445152282715
Sample 20,Time-MoE,0.8979649543762207
Sample 20,Moirai,0.1020350456237793
Sample 21,Chronos,0.5906752943992615
Sample 21,Timer,0.4093247056007385
Sample 22,TimesFM,0.6743725538253784
Sample 22,Timer,0.3256273865699768
Sample 23,Time-MoE,0.8668776154518127
Sample 23,Moirai,0.13312244415283203
Sample 24,Moirai,0.6900550723075867
Sample 24,Time-MoE,0.3099449574947357
Sample 25,TimesFM,0.5356441140174866
Sample 25,Chronos,0.4643559157848358
Sample 26,Moirai,0.5703542232513428
Sample 26,Timer,0.42964574694633484
Sample 27,Chronos,0.6963277459144592
Sample 27,TimesFM,0.30367225408554077
Sample 28,Time-MoE,0.8148140907287598
Sample 28,Moirai,0.18518589437007904
Sample 29,Timer,0.6958730220794678
Sample 29,Moirai,0.3041270077228546
Sample 30,TimesFM,0.5757230520248413
Sample 30,Chronos,0.4242769479751587
Sample 31,Time-MoE,0.6732194423675537
Sample 31,Moirai,0.3267805874347687
Sample 0,Moirai,0.9252031445503235
Sample 0,Time-MoE,0.07479678094387054
Sample 1,TimesFM,0.6465126872062683
Sample 1,Timer,0.3534872829914093
Sample 2,TimesFM,0.637087345123291
Sample 2,Timer,0.3629126250743866
Sample 3,TimesFM,0.7664803862571716
Sample 3,Timer,0.23351959884166718
Sample 4,Time-MoE,0.8078444004058838
Sample 4,Chronos,0.1921556293964386
Sample 5,TimesFM,0.537947952747345
Sample 5,Timer,0.46205204725265503
Sample 6,Moirai,0.5352901816368103
Sample 6,Timer,0.4647098183631897
Sample 7,Time-MoE,0.784149706363678
Sample 7,Moirai,0.21585026383399963
Sample 8,Moirai,0.7667632699012756
Sample 8,Time-MoE,0.23323670029640198
Sample 9,TimesFM,0.610448956489563
Sample 9,Timer,0.3895510733127594
Sample 10,Moirai,0.5736244916915894
Sample 10,Timer,0.42637553811073303
Sample 11,Chronos,0.7641028165817261
Sample 11,TimesFM,0.23589718341827393
Sample 12,Time-MoE,0.6117230653762817
Sample 12,Chronos,0.38827693462371826
Sample 13,Chronos,0.759174108505249
Sample 13,TimesFM,0.24082593619823456
Sample 14,Moirai,0.7801340222358704
Sample 14,Time-MoE,0.21986593306064606
Sample 15,Time-MoE,0.5965161323547363
Sample 15,TimesFM,0.40348389744758606
Sample 16,Moirai,0.5720073580741882
Sample 16,Time-MoE,0.42799264192581177
Sample 17,TimesFM,0.7183772921562195
Sample 17,Timer,0.28162267804145813
Sample 18,Time-MoE,0.9137405753135681
Sample 18,Moirai,0.08625944703817368
Sample 19,Chronos,0.8988873362541199
Sample 19,Timer,0.1011127233505249
Sample 20,TimesFM,0.5972851514816284
Sample 20,Timer,0.4027148485183716
Sample 21,Chronos,0.6635341048240662
Sample 21,TimesFM,0.33646589517593384
Sample 22,TimesFM,0.5855977535247803
Sample 22,Timer,0.4144023060798645
Sample 23,Time-MoE,0.8680608868598938
Sample 23,Moirai,0.131939098238945
Sample 24,Moirai,0.6758638620376587
Sample 24,Timer,0.3241361677646637
Sample 25,TimesFM,0.7737751603126526
Sample 25,Chronos,0.22622480988502502
Sample 26,Time-MoE,0.8536626100540161
Sample 26,Moirai,0.1463373303413391
Sample 27,TimesFM,0.5743712186813354
Sample 27,Timer,0.42562881112098694
Sample 28,Time-MoE,0.563461184501648
Sample 28,Moirai,0.43653881549835205
Sample 29,Timer,0.7886353731155396
Sample 29,TimesFM,0.21136462688446045
Sample 30,Moirai,0.5307329297065735
Sample 30,Time-MoE,0.46926701068878174
Sample 31,Time-MoE,0.7593225836753845
Sample 31,Chronos,0.24067740142345428
Sample 0,Chronos,0.6802730560302734
Sample 0,TimesFM,0.31972697377204895
Sample 1,TimesFM,0.7879489660263062
Sample 1,Timer,0.21205104887485504
Sample 2,Time-MoE,0.9197594523429871
Sample 2,Timer,0.08024057000875473
Sample 3,TimesFM,0.6962143182754517
Sample 3,Timer,0.30378568172454834
Sample 4,Chronos,0.5772479772567749
Sample 4,Time-MoE,0.4227519929409027
Sample 5,Chronos,0.5262613296508789
Sample 5,TimesFM,0.4737386703491211
Sample 6,TimesFM,0.7025352120399475
Sample 6,Timer,0.2974647879600525
Sample 7,Time-MoE,0.7196760177612305
Sample 7,Moirai,0.28032392263412476
Sample 8,Moirai,0.6484176516532898
Sample 8,Time-MoE,0.35158228874206543
Sample 9,Chronos,0.5925911664962769
Sample 9,TimesFM,0.40740886330604553
Sample 10,Time-MoE,0.8488882184028625
Sample 10,Moirai,0.15111181139945984
Sample 11,Chronos,0.8252212405204773
Sample 11,TimesFM,0.17477883398532867
Sample 12,Moirai,0.6949328184127808
Sample 12,Time-MoE,0.30506718158721924
Sample 13,Timer,0.618077278137207
Sample 13,Chronos,0.38192272186279297
Sample 14,Chronos,0.65081387758255
Sample 14,Timer,0.3491861820220947
Sample 15,Time-MoE,0.9691425561904907
Sample 15,Timer,0.030857477337121964
Sample 0,Moirai,0.7361858487129211
Sample 0,Chronos,0.26381412148475647
Sample 1,Chronos,0.5329834222793579
Sample 1,TimesFM,0.4670165777206421
Sample 2,Time-MoE,0.8356634974479675
Sample 2,Chronos,0.16433656215667725
Sample 3,TimesFM,0.8612209558486938
Sample 3,Chronos,0.13877904415130615
Sample 4,TimesFM,0.6804903745651245
Sample 4,Moirai,0.3195095658302307
Sample 5,TimesFM,0.801602840423584
Sample 5,Timer,0.1983971744775772
Sample 6,Timer,0.7483837604522705
Sample 6,Chronos,0.2516162395477295
Sample 7,Time-MoE,0.9414500594139099
Sample 7,Moirai,0.0585499182343483
Sample 8,Moirai,0.8897297382354736
Sample 8,Chronos,0.110270194709301
Sample 9,TimesFM,0.6851158142089844
Sample 9,Timer,0.3148841857910156
Sample 10,Time-MoE,0.5599417090415955
Sample 10,Timer,0.44005829095840454
Sample 11,Chronos,0.820186972618103
Sample 11,TimesFM,0.17981305718421936
Sample 12,Time-MoE,0.6650410294532776
Sample 12,Moirai,0.3349589407444
Sample 13,TimesFM,0.7593740820884705
Sample 13,Timer,0.24062594771385193
Sample 14,TimesFM,0.5054426193237305
Sample 14,Chronos,0.49455735087394714
Sample 15,Moirai,0.5485308766365051
Sample 15,Time-MoE,0.4514690935611725
Sample 16,Time-MoE,0.8948327898979187
Sample 16,Moirai,0.1051671952009201
Sample 17,TimesFM,0.774970293045044
Sample 17,Chronos,0.22502969205379486
Sample 18,Chronos,0.7612954378128052
Sample 18,Timer,0.23870457708835602
Sample 19,TimesFM,0.5463578104972839
Sample 19,Timer,0.45364218950271606
Sample 20,Time-MoE,0.7968838810920715
Sample 20,Timer,0.20311607420444489
Sample 21,TimesFM,0.6224187016487122
Sample 21,Chronos,0.37758132815361023
Sample 22,Chronos,0.5239254236221313
Sample 22,Time-MoE,0.47607457637786865
Sample 23,Time-MoE,0.5024774670600891
Sample 23,Moirai,0.4975225031375885
Sample 24,Moirai,0.7143678069114685
Sample 24,Time-MoE,0.2856321632862091
Sample 25,TimesFM,0.5127699375152588
Sample 25,Timer,0.4872300624847412
Sample 26,TimesFM,0.547710120677948
Sample 26,Chronos,0.4522898495197296
Sample 27,Chronos,0.8282671570777893
Sample 27,Moirai,0.1717328131198883
Sample 28,Time-MoE,0.9427186846733093
Sample 28,Chronos,0.057281289249658585
Sample 29,Timer,0.5875682234764099
Sample 29,TimesFM,0.4124317467212677
Sample 30,Timer,0.7690146565437317
Sample 30,TimesFM,0.23098531365394592
Sample 31,Time-MoE,0.6076960563659668
Sample 31,Moirai,0.3923039436340332
Sample 0,Moirai,0.6966345310211182
Sample 0,Chronos,0.3033655285835266
Sample 1,Chronos,0.7484467029571533
Sample 1,TimesFM,0.2515532970428467
Sample 2,Time-MoE,0.5179128646850586
Sample 2,Chronos,0.482087105512619
Sample 3,Chronos,0.7710206508636475
Sample 3,TimesFM,0.22897937893867493
Sample 4,Time-MoE,0.618497908115387
Sample 4,TimesFM,0.38150206208229065
Sample 5,TimesFM,0.6394169330596924
Sample 5,Timer,0.36058303713798523
Sample 6,Moirai,0.7653713822364807
Sample 6,Timer,0.2346286028623581
Sample 7,Time-MoE,0.8578540086746216
Sample 7,Moirai,0.14214594662189484
Sample 8,Moirai,0.8938462734222412
Sample 8,Timer,0.10615375638008118
Sample 9,Chronos,0.5091594457626343
Sample 9,Timer,0.49084049463272095
Sample 10,Moirai,0.7118097543716431
Sample 10,Timer,0.2881902754306793
Sample 11,TimesFM,0.6563720703125
Sample 11,Chronos,0.3436279594898224
Sample 12,Moirai,0.6432839632034302
Sample 12,TimesFM,0.3567160964012146
Sample 13,TimesFM,0.6849532723426819
Sample 13,Timer,0.31504666805267334
Sample 14,TimesFM,0.6433436274528503
Sample 14,Chronos,0.35665640234947205
Sample 15,Time-MoE,0.6900578737258911
Sample 15,Moirai,0.3099421262741089
Sample 16,Moirai,0.7438877820968628
Sample 16,Timer,0.2561122179031372
Sample 17,TimesFM,0.611137866973877
Sample 17,Timer,0.38886213302612305
Sample 18,Moirai,0.5416169166564941
Sample 18,Time-MoE,0.45838308334350586
Sample 19,Chronos,0.5168372392654419
Sample 19,TimesFM,0.4831628203392029
Sample 20,TimesFM,0.7932513952255249
Sample 20,Timer,0.2067485898733139
Sample 21,Timer,0.5046985149383545
Sample 21,TimesFM,0.4953014850616455
Sample 22,Timer,0.502680242061615
Sample 22,Time-MoE,0.4973197281360626
Sample 23,Time-MoE,0.8836673498153687
Sample 23,Moirai,0.11633269488811493
Sample 24,Moirai,0.9019826054573059
Sample 24,Timer,0.09801742434501648
Sample 25,TimesFM,0.835406482219696
Sample 25,Chronos,0.16459348797798157
Sample 26,Timer,0.7590304613113403
Sample 26,TimesFM,0.24096953868865967
Sample 27,TimesFM,0.782797634601593
Sample 27,Chronos,0.2172023355960846
Sample 28,Moirai,0.5949192047119141
Sample 28,Time-MoE,0.40508076548576355
Sample 29,TimesFM,0.6374243497848511
Sample 29,Chronos,0.36257559061050415
Sample 30,Timer,0.5735665559768677
Sample 30,TimesFM,0.4264334440231323
Sample 31,Time-MoE,0.9638224840164185
Sample 31,Chronos,0.03617746755480766
Sample 0,Moirai,0.5373844504356384
Sample 0,Time-MoE,0.4626155197620392
Sample 1,TimesFM,0.5421341061592102
Sample 1,Timer,0.4578659236431122
Sample 2,Timer,0.7396008968353271
Sample 2,Time-MoE,0.26039910316467285
Sample 3,TimesFM,0.6966622471809387
Sample 3,Chronos,0.3033377528190613
Sample 4,Moirai,0.6754258275032043
Sample 4,Time-MoE,0.32457414269447327
Sample 5,Timer,0.6413933038711548
Sample 5,TimesFM,0.3586066961288452
Sample 6,TimesFM,0.9065379500389099
Sample 6,Timer,0.0934620276093483
Sample 7,Time-MoE,0.553666889667511
Sample 7,Timer,0.4463330805301666
Sample 8,Time-MoE,0.6000939011573792
Sample 8,Moirai,0.39990606904029846
Sample 9,TimesFM,0.5506200194358826
Sample 9,Chronos,0.4493800103664398
Sample 10,TimesFM,0.5465328693389893
Sample 10,Timer,0.45346713066101074
Sample 11,Chronos,0.8709343671798706
Sample 11,TimesFM,0.12906567752361298
Sample 12,Time-MoE,0.79261714220047
Sample 12,Chronos,0.20738281309604645
Sample 13,Chronos,0.760670006275177
Sample 13,Timer,0.239329993724823
Sample 14,Timer,0.6261894702911377
Sample 14,TimesFM,0.3738105595111847
Sample 15,Time-MoE,0.6845594048500061
Sample 15,Timer,0.3154405951499939
Sample 16,TimesFM,0.5734789967536926
Sample 16,Timer,0.4265209436416626
Sample 17,TimesFM,0.8051337599754333
Sample 17,Chronos,0.19486628472805023
Sample 18,Time-MoE,0.6569167375564575
Sample 18,Timer,0.3430832624435425
Sample 19,Chronos,0.7184680104255676
Sample 19,TimesFM,0.28153204917907715
Sample 20,Time-MoE,0.537217915058136
Sample 20,Chronos,0.462782084941864
Sample 21,Chronos,0.6953465342521667
Sample 21,Timer,0.30465343594551086
Sample 22,Moirai,0.7658953070640564
Sample 22,Timer,0.2341046929359436
Sample 23,Time-MoE,0.5702558755874634
Sample 23,TimesFM,0.42974409461021423
Sample 24,Time-MoE,0.8861063122749329
Sample 24,Moirai,0.11389369517564774
Sample 25,TimesFM,0.610907256603241
Sample 25,Timer,0.3890928030014038
Sample 26,Time-MoE,0.8550987243652344
Sample 26,Moirai,0.14490126073360443
Sample 27,Chronos,0.6675633788108826
Sample 27,Timer,0.3324366509914398
Sample 28,Time-MoE,0.8889623880386353
Sample 28,Moirai,0.11103766411542892
Sample 29,TimesFM,0.7562055587768555
Sample 29,Chronos,0.24379445612430573
Sample 30,TimesFM,0.5993139147758484
Sample 30,Timer,0.400686115026474
Sample 31,Time-MoE,0.8859543204307556
Sample 31,Chronos,0.11404571682214737
Sample 0,Time-MoE,0.5733667016029358
Sample 0,Moirai,0.4266333281993866
Sample 1,TimesFM,0.6807264685630798
Sample 1,Timer,0.3192735016345978
Sample 2,Moirai,0.6131113767623901
Sample 2,Chronos,0.38688868284225464
Sample 3,Chronos,0.5433338284492493
Sample 3,TimesFM,0.4566662013530731
Sample 4,TimesFM,0.7300124168395996
Sample 4,Timer,0.2699875235557556
Sample 5,Moirai,0.5862838625907898
Sample 5,TimesFM,0.4137161374092102
Sample 6,Moirai,0.6821547150611877
Sample 6,TimesFM,0.31784531474113464
Sample 7,Moirai,0.5797373652458191
Sample 7,TimesFM,0.4202626943588257
Sample 8,Moirai,0.970156192779541
Sample 8,Timer,0.029843740165233612
Sample 9,Timer,0.6629467010498047
Sample 9,TimesFM,0.3370532989501953
Sample 10,Time-MoE,0.5643481612205505
Sample 10,Chronos,0.4356517791748047
Sample 11,TimesFM,0.5186282992362976
Sample 11,Chronos,0.4813717007637024
Sample 12,Time-MoE,0.7559321522712708
Sample 12,Moirai,0.24406784772872925
Sample 13,Timer,0.5912061929702759
Sample 13,TimesFM,0.40879377722740173
Sample 14,TimesFM,0.7131146192550659
Sample 14,Timer,0.28688544034957886
Sample 15,Time-MoE,0.7073192000389099
Sample 15,Moirai,0.2926807701587677
Sample 16,Moirai,0.5287849307060242
Sample 16,Time-MoE,0.47121503949165344
Sample 17,TimesFM,0.5389736890792847
Sample 17,Timer,0.4610263407230377
Sample 18,Time-MoE,0.8034197092056274
Sample 18,Chronos,0.19658033549785614
Sample 19,Chronos,0.5509357452392578
Sample 19,TimesFM,0.4490642249584198
Sample 20,Chronos,0.5039375424385071
Sample 20,Time-MoE,0.4960624575614929
Sample 21,TimesFM,0.7243906855583191
Sample 21,Timer,0.27560925483703613
Sample 22,Moirai,0.5891817808151245
Sample 22,Timer,0.4108182191848755
Sample 23,Time-MoE,0.7935007214546204
Sample 23,Moirai,0.20649927854537964
Sample 24,Time-MoE,0.7141501307487488
Sample 24,Moirai,0.2858498692512512
Sample 25,Timer,0.5467402935028076
Sample 25,Chronos,0.45325973629951477
Sample 26,Time-MoE,0.9727643132209778
Sample 26,Timer,0.02723565511405468
Sample 27,Chronos,0.7516888976097107
Sample 27,Timer,0.2483111470937729
Sample 28,Time-MoE,0.9001245498657227
Sample 28,Moirai,0.09987543523311615
Sample 29,Chronos,0.5627840757369995
Sample 29,TimesFM,0.4372159242630005
Sample 30,TimesFM,0.768646240234375
Sample 30,Timer,0.231353759765625
Sample 31,Time-MoE,0.7260657548904419
Sample 31,Timer,0.2739342749118805
Sample 0,Moirai,0.6182830929756165
Sample 0,Timer,0.38171684741973877
Sample 1,TimesFM,0.6516576409339905
Sample 1,Timer,0.3483423888683319
Sample 2,Chronos,0.5175140500068665
Sample 2,Timer,0.48248597979545593
Sample 3,TimesFM,0.5784884095191956
Sample 3,Chronos,0.42151159048080444
Sample 4,Timer,0.5954293012619019
Sample 4,TimesFM,0.40457072854042053
Sample 5,TimesFM,0.7869454026222229
Sample 5,Timer,0.21305465698242188
Sample 6,TimesFM,0.5759781002998352
Sample 6,Timer,0.4240219295024872
Sample 7,Time-MoE,0.6026965379714966
Sample 7,Moirai,0.39730343222618103
Sample 8,Moirai,0.5248604416847229
Sample 8,Timer,0.4751395285129547
Sample 9,Timer,0.5560665130615234
Sample 9,TimesFM,0.4439334571361542
Sample 10,Time-MoE,0.8270521759986877
Sample 10,Moirai,0.17294782400131226
Sample 11,Chronos,0.7482872009277344
Sample 11,TimesFM,0.25171276926994324
Sample 12,Chronos,0.5561060309410095
Sample 12,Moirai,0.44389399886131287
Sample 13,Chronos,0.5624091625213623
Sample 13,TimesFM,0.4375908076763153
Sample 14,TimesFM,0.6106524467468262
Sample 14,Timer,0.3893475830554962
Sample 15,Time-MoE,0.8482042551040649
Sample 15,Moirai,0.15179568529129028
Sample 16,Chronos,0.5440911650657654
Sample 16,Timer,0.45590880513191223
Sample 17,Chronos,0.832903265953064
Sample 17,Timer,0.16709674894809723
Sample 18,TimesFM,0.6020758152008057
Sample 18,Moirai,0.3979242146015167
Sample 19,Chronos,0.648006021976471
Sample 19,TimesFM,0.35199394822120667
Sample 20,Time-MoE,0.9213984608650208
Sample 20,Chronos,0.07860155403614044
Sample 21,Chronos,0.7227475047111511
Sample 21,Timer,0.27725252509117126
Sample 22,TimesFM,0.5172935128211975
Sample 22,Timer,0.4827064871788025
Sample 23,Time-MoE,0.7551618218421936
Sample 23,Moirai,0.2448381632566452
Sample 24,Moirai,0.6044663786888123
Sample 24,Time-MoE,0.39553365111351013
Sample 25,Timer,0.5093966126441956
Sample 25,TimesFM,0.49060335755348206
Sample 26,Timer,0.624355673789978
Sample 26,Chronos,0.3756442964076996
Sample 27,Chronos,0.6665491461753845
Sample 27,Timer,0.3334508240222931
Sample 28,Time-MoE,0.8633235096931458
Sample 28,Moirai,0.13667652010917664
Sample 29,Timer,0.6167154312133789
Sample 29,Moirai,0.3832845091819763
Sample 30,Timer,0.6861214637756348
Sample 30,TimesFM,0.3138785660266876
Sample 31,Time-MoE,0.8987173438072205
Sample 31,Moirai,0.10128268599510193
Sample 0,Moirai,0.5059822201728821
Sample 0,Time-MoE,0.4940177798271179
Sample 1,TimesFM,0.5913922190666199
Sample 1,Timer,0.40860775113105774
Sample 2,Time-MoE,0.5004483461380005
Sample 2,Chronos,0.4995517134666443
Sample 3,Chronos,0.8468579053878784
Sample 3,Timer,0.15314210951328278
Sample 4,Time-MoE,0.7987539172172546
Sample 4,Moirai,0.20124606788158417
Sample 5,Timer,0.5982316136360168
Sample 5,TimesFM,0.40176835656166077
Sample 6,Timer,0.6066098213195801
Sample 6,Moirai,0.3933902382850647
Sample 7,Moirai,0.734794020652771
Sample 7,Time-MoE,0.2652059495449066
Sample 8,Moirai,0.7903228998184204
Sample 8,Time-MoE,0.20967711508274078
Sample 9,Timer,0.7119609117507935
Sample 9,TimesFM,0.28803905844688416
Sample 10,Timer,0.6790385246276855
Sample 10,Time-MoE,0.32096147537231445
Sample 11,TimesFM,0.85774165391922
Sample 11,Moirai,0.14225831627845764
Sample 12,TimesFM,0.7986525297164917
Sample 12,Chronos,0.20134742558002472
Sample 13,TimesFM,0.6737452745437622
Sample 13,Chronos,0.3262546956539154
Sample 14,Time-MoE,0.5482153296470642
Sample 14,Timer,0.4517846405506134
Sample 15,Time-MoE,0.7644025087356567
Sample 15,Timer,0.23559746146202087
Sample 16,Moirai,0.9126285910606384
Sample 16,Time-MoE,0.08737149089574814
Sample 17,Chronos,0.6001886129379272
Sample 17,TimesFM,0.39981138706207275
Sample 18,Time-MoE,0.8222107291221619
Sample 18,Moirai,0.1777893453836441
Sample 19,TimesFM,0.762062132358551
Sample 19,Timer,0.2379378378391266
Sample 20,TimesFM,0.7163212895393372
Sample 20,Timer,0.28367874026298523
Sample 21,TimesFM,0.5808252096176147
Sample 21,Timer,0.4191747307777405
Sample 22,Time-MoE,0.5334751605987549
Sample 22,TimesFM,0.4665248692035675
Sample 23,Time-MoE,0.6090267896652222
Sample 23,Moirai,0.39097318053245544
Sample 24,Chronos,0.6095938086509705
Sample 24,Moirai,0.39040616154670715
Sample 25,TimesFM,0.6719523668289185
Sample 25,Timer,0.32804757356643677
Sample 26,Time-MoE,0.8066667914390564
Sample 26,Moirai,0.19333314895629883
Sample 27,Timer,0.8081778287887573
Sample 27,TimesFM,0.19182215631008148
Sample 28,Time-MoE,0.7246994376182556
Sample 28,Timer,0.2753005623817444
Sample 29,Timer,0.619381308555603
Sample 29,TimesFM,0.3806186616420746
Sample 30,Time-MoE,0.9602316617965698
Sample 30,Moirai,0.0397682823240757
Sample 31,Time-MoE,0.8621684312820435
Sample 31,Chronos,0.13783161342144012
Sample 0,Timer,0.709348738193512
Sample 0,TimesFM,0.29065126180648804
Sample 1,Timer,0.509369969367981
Sample 1,TimesFM,0.4906300902366638
Sample 2,Time-MoE,0.6649075746536255
Sample 2,Moirai,0.3350924849510193
Sample 3,Timer,0.7027298212051392
Sample 3,Moirai,0.29727017879486084
Sample 4,Chronos,0.6460521221160889
Sample 4,Time-MoE,0.35394784808158875
Sample 5,TimesFM,0.6292251348495483
Sample 5,Chronos,0.37077486515045166
Sample 6,Chronos,0.7975542545318604
Sample 6,Timer,0.20244576036930084
Sample 7,Time-MoE,0.8461626172065735
Sample 7,Moirai,0.1538374423980713
Sample 8,Moirai,0.924252986907959
Sample 8,Timer,0.0757470354437828
Sample 9,TimesFM,0.6549715995788574
Sample 9,Timer,0.34502843022346497
Sample 10,Time-MoE,0.9888978600502014
Sample 10,Moirai,0.011102097108960152
Sample 11,Chronos,0.7057178616523743
Sample 11,TimesFM,0.29428213834762573
Sample 12,Moirai,0.5272693634033203
Sample 12,Time-MoE,0.4727306663990021
Sample 13,Chronos,0.5293291807174683
Sample 13,TimesFM,0.47067078948020935
Sample 14,Timer,0.8285528421401978
Sample 14,TimesFM,0.17144711315631866
Sample 15,Time-MoE,0.6907821893692017
Sample 15,Moirai,0.30921781063079834
Sample 0,Moirai,0.7517074346542358
Sample 0,Timer,0.24829252064228058
Sample 1,TimesFM,0.7984806895256042
Sample 1,Timer,0.20151932537555695
Sample 2,Time-MoE,0.7598814368247986
Sample 2,Moirai,0.24011851847171783
Sample 3,TimesFM,0.5233576893806458
Sample 3,Chronos,0.47664234042167664
Sample 4,TimesFM,0.6048195958137512
Sample 4,Timer,0.3951803743839264
Sample 5,Timer,0.5830246210098267
Sample 5,TimesFM,0.4169754385948181
Sample 6,TimesFM,0.5668966770172119
Sample 6,Timer,0.4331032931804657
Sample 7,Time-MoE,0.7271554470062256
Sample 7,Moirai,0.272844523191452
Sample 8,Moirai,0.8438188433647156
Sample 8,Timer,0.15618114173412323
Sample 9,Timer,0.5309350490570068
Sample 9,TimesFM,0.46906495094299316
Sample 10,Time-MoE,0.8163489103317261
Sample 10,Moirai,0.18365105986595154
Sample 11,TimesFM,0.7213751673698425
Sample 11,Timer,0.27862483263015747
Sample 12,Time-MoE,0.6848384141921997
Sample 12,Moirai,0.31516164541244507
Sample 13,TimesFM,0.6876973509788513
Sample 13,Chronos,0.31230267882347107
Sample 14,TimesFM,0.7691884636878967
Sample 14,Timer,0.23081155121326447
Sample 15,Moirai,0.6122322082519531
Sample 15,Time-MoE,0.3877677917480469
Sample 16,Time-MoE,0.7703487277030945
Sample 16,Moirai,0.2296512871980667
Sample 17,Timer,0.5691519975662231
Sample 17,Chronos,0.43084800243377686
Sample 18,Moirai,0.6534454226493835
Sample 18,Time-MoE,0.34655463695526123
Sample 19,Chronos,0.5305521488189697
Sample 19,TimesFM,0.46944788098335266
Sample 20,Moirai,0.7778220176696777
Sample 20,Timer,0.22217805683612823
Sample 21,TimesFM,0.6384685039520264
Sample 21,Chronos,0.36153149604797363
Sample 22,Timer,0.8334252834320068
Sample 22,Time-MoE,0.16657468676567078
Sample 23,Moirai,0.5896748304367065
Sample 23,Time-MoE,0.41032513976097107
Sample 24,Moirai,0.5069648623466492
Sample 24,Time-MoE,0.49303513765335083
Sample 25,Timer,0.5006705522537231
Sample 25,TimesFM,0.49932941794395447
Sample 26,TimesFM,0.527006208896637
Sample 26,Timer,0.47299379110336304
Sample 27,Timer,0.5671496987342834
Sample 27,Moirai,0.43285033106803894
Sample 28,Time-MoE,0.9233251810073853
Sample 28,Moirai,0.07667475193738937
Sample 29,Timer,0.600217342376709
Sample 29,TimesFM,0.399782657623291
Sample 30,Chronos,0.5290412306785583
Sample 30,Timer,0.47095873951911926
Sample 31,Time-MoE,0.6948736906051636
Sample 31,Timer,0.3051263093948364
Sample 0,Chronos,0.6037855744361877
Sample 0,Moirai,0.39621442556381226
Sample 1,TimesFM,0.7018330693244934
Sample 1,Timer,0.2981668710708618
Sample 2,Moirai,0.5726683139801025
Sample 2,Timer,0.4273316562175751
Sample 3,Chronos,0.5944771766662598
Sample 3,TimesFM,0.40552282333374023
Sample 4,Chronos,0.5150298476219177
Sample 4,Time-MoE,0.4849701523780823
Sample 5,Timer,0.709357738494873
Sample 5,TimesFM,0.29064226150512695
Sample 6,Chronos,0.8219216465950012
Sample 6,TimesFM,0.17807836830615997
Sample 7,Time-MoE,0.6073105335235596
Sample 7,Moirai,0.39268946647644043
Sample 8,Moirai,0.537312388420105
Sample 8,Timer,0.462687611579895
Sample 9,TimesFM,0.5741344094276428
Sample 9,Timer,0.4258655309677124
Sample 10,Timer,0.560822606086731
Sample 10,TimesFM,0.43917742371559143
Sample 11,Chronos,0.6552850604057312
Sample 11,Moirai,0.3447149097919464
Sample 12,Time-MoE,0.9116984009742737
Sample 12,Moirai,0.08830156922340393
Sample 13,TimesFM,0.5489224791526794
Sample 13,Chronos,0.45107749104499817
Sample 14,TimesFM,0.5931509733200073
Sample 14,Chronos,0.4068490266799927
Sample 15,Time-MoE,0.6855066418647766
Sample 15,Moirai,0.314493328332901
Sample 16,Moirai,0.7147659063339233
Sample 16,Time-MoE,0.2852340638637543
Sample 17,Chronos,0.6822035312652588
Sample 17,Timer,0.3177964985370636
Sample 18,Time-MoE,0.7378812432289124
Sample 18,Moirai,0.26211875677108765
Sample 19,Timer,0.5336891412734985
Sample 19,Chronos,0.4663108289241791
Sample 20,Timer,0.5625296235084534
Sample 20,Moirai,0.437470406293869
Sample 21,TimesFM,0.578253448009491
Sample 21,Timer,0.4217466115951538
Sample 22,Moirai,0.560227632522583
Sample 22,Time-MoE,0.4397723078727722
Sample 23,Time-MoE,0.9169167280197144
Sample 23,Moirai,0.08308328688144684
Sample 24,Timer,0.6252260804176331
Sample 24,Chronos,0.37477388978004456
Sample 25,Chronos,0.6234104633331299
Sample 25,TimesFM,0.3765895366668701
Sample 26,Timer,0.5281487107276917
Sample 26,Chronos,0.47185125946998596
Sample 27,Chronos,0.7693283557891846
Sample 27,TimesFM,0.23067162930965424
Sample 28,Time-MoE,0.792434811592102
Sample 28,Moirai,0.20756515860557556
Sample 29,Chronos,0.6874364018440247
Sample 29,TimesFM,0.31256356835365295
Sample 30,Timer,0.6512829661369324
Sample 30,TimesFM,0.34871700406074524
Sample 31,Time-MoE,0.6288369297981262
Sample 31,Moirai,0.37116310000419617
Sample 0,Time-MoE,0.5844961404800415
Sample 0,Moirai,0.4155038297176361
Sample 1,Chronos,0.6892860531806946
Sample 1,Timer,0.31071391701698303
Sample 2,Timer,0.5597953796386719
Sample 2,Time-MoE,0.4402046203613281
Sample 3,Timer,0.5190708041191101
Sample 3,Chronos,0.4809291660785675
Sample 4,Time-MoE,0.6842792630195618
Sample 4,Chronos,0.31572070717811584
Sample 5,Moirai,0.5744050741195679
Sample 5,TimesFM,0.4255949556827545
Sample 6,Timer,0.5694360733032227
Sample 6,TimesFM,0.43056395649909973
Sample 7,Time-MoE,0.6624956130981445
Sample 7,Moirai,0.33750441670417786
Sample 8,Moirai,0.7401303052902222
Sample 8,Time-MoE,0.25986966490745544
Sample 9,TimesFM,0.5725391507148743
Sample 9,Timer,0.42746078968048096
Sample 10,Timer,0.5464420914649963
Sample 10,Moirai,0.45355790853500366
Sample 11,Chronos,0.6027030348777771
Sample 11,Timer,0.3972969949245453
Sample 12,Time-MoE,0.5160413980484009
Sample 12,Moirai,0.4839586317539215
Sample 13,Chronos,0.5572689175605774
Sample 13,TimesFM,0.4427310824394226
Sample 14,Timer,0.5702999830245972
Sample 14,TimesFM,0.42970001697540283
Sample 15,Time-MoE,0.7944705486297607
Sample 15,Moirai,0.20552940666675568
Sample 16,Chronos,0.5249863862991333
Sample 16,Timer,0.4750136435031891
Sample 17,Timer,0.5796299576759338
Sample 17,TimesFM,0.42037004232406616
Sample 18,Time-MoE,0.937410295009613
Sample 18,Moirai,0.06258968263864517
Sample 19,Timer,0.5109853148460388
Sample 19,TimesFM,0.48901471495628357
Sample 20,Chronos,0.500793993473053
Sample 20,Moirai,0.499206006526947
Sample 21,Timer,0.5010233521461487
Sample 21,Chronos,0.4989766478538513
Sample 22,Chronos,0.8920782804489136
Sample 22,Timer,0.10792171210050583
Sample 23,Time-MoE,0.8126214146614075
Sample 23,Chronos,0.18737858533859253
Sample 24,Moirai,0.5424261689186096
Sample 24,Time-MoE,0.457573801279068
Sample 25,Chronos,0.7086090445518494
Sample 25,TimesFM,0.29139095544815063
Sample 26,Time-MoE,0.5458271503448486
Sample 26,Moirai,0.45417287945747375
Sample 27,TimesFM,0.7908384203910828
Sample 27,Chronos,0.209161639213562
Sample 28,Time-MoE,0.6716606020927429
Sample 28,Moirai,0.3283393681049347
Sample 29,TimesFM,0.5222377777099609
Sample 29,Chronos,0.47776228189468384
Sample 30,Timer,0.5964117050170898
Sample 30,Chronos,0.40358835458755493
Sample 31,Time-MoE,0.7886143326759338
Sample 31,Moirai,0.21138571202754974
Sample 0,Moirai,0.7859755158424377
Sample 0,Time-MoE,0.21402445435523987
Sample 1,Chronos,0.7569919228553772
Sample 1,TimesFM,0.2430080771446228
Sample 2,Time-MoE,0.6227368712425232
Sample 2,Timer,0.3772631883621216
Sample 3,TimesFM,0.5520696043968201
Sample 3,Chronos,0.44793036580085754
Sample 4,TimesFM,0.6500851511955261
Sample 4,Chronos,0.3499148190021515
Sample 5,Chronos,0.5256994366645813
Sample 5,TimesFM,0.4743005633354187
Sample 6,Moirai,0.6959577202796936
Sample 6,Timer,0.3040423095226288
Sample 7,Timer,0.5139908790588379
Sample 7,TimesFM,0.4860090911388397
Sample 8,Moirai,0.8297585844993591
Sample 8,Time-MoE,0.1702413707971573
Sample 9,TimesFM,0.5730284452438354
Sample 9,Timer,0.42697152495384216
Sample 10,Time-MoE,0.5654414296150208
Sample 10,Moirai,0.43455857038497925
Sample 11,TimesFM,0.5455443263053894
Sample 11,Chronos,0.4544556438922882
Sample 12,Time-MoE,0.5810769200325012
Sample 12,Moirai,0.4189230799674988
Sample 13,Chronos,0.7422330975532532
Sample 13,Timer,0.2577669024467468
Sample 14,TimesFM,0.7633863687515259
Sample 14,Chronos,0.23661363124847412
Sample 15,Moirai,0.5704306960105896
Sample 15,Time-MoE,0.4295693337917328
Sample 16,Moirai,0.9862404465675354
Sample 16,Time-MoE,0.013759606517851353
Sample 17,Timer,0.7253451347351074
Sample 17,TimesFM,0.2746548354625702
Sample 18,Time-MoE,0.793362021446228
Sample 18,TimesFM,0.2066379338502884
Sample 19,Chronos,0.6089228987693787
Sample 19,TimesFM,0.3910771310329437
Sample 20,Time-MoE,0.5542804598808289
Sample 20,Moirai,0.44571951031684875
Sample 21,Timer,0.5081949234008789
Sample 21,Chronos,0.4918050467967987
Sample 22,TimesFM,0.6233339905738831
Sample 22,Time-MoE,0.37666600942611694
Sample 23,Time-MoE,0.6935850977897644
Sample 23,Timer,0.3064148724079132
Sample 24,Moirai,0.9381392002105713
Sample 24,Timer,0.0618608221411705
Sample 25,Timer,0.6344192624092102
Sample 25,Chronos,0.3655807375907898
Sample 26,Time-MoE,0.9216375946998596
Sample 26,Moirai,0.07836242765188217
Sample 27,Chronos,0.6482350826263428
Sample 27,Timer,0.3517649173736572
Sample 28,Moirai,0.8959944248199463
Sample 28,Time-MoE,0.10400553047657013
Sample 29,Chronos,0.5059573650360107
Sample 29,TimesFM,0.49404263496398926
Sample 30,Timer,0.5161365270614624
Sample 30,TimesFM,0.4838634729385376
Sample 31,Time-MoE,0.7403445839881897
Sample 31,Moirai,0.2596554160118103
Sample 0,Timer,0.6017715930938721
Sample 0,Moirai,0.3982284665107727
Sample 1,TimesFM,0.7086156606674194
Sample 1,Timer,0.29138436913490295
Sample 2,TimesFM,0.533427894115448
Sample 2,Timer,0.4665720760822296
Sample 3,Chronos,0.7852780818939209
Sample 3,Timer,0.2147219479084015
Sample 4,TimesFM,0.6474707126617432
Sample 4,Moirai,0.35252928733825684
Sample 5,TimesFM,0.5578087568283081
Sample 5,Timer,0.4421912431716919
Sample 6,Timer,0.592106282711029
Sample 6,Chronos,0.40789368748664856
Sample 7,Moirai,0.6199303865432739
Sample 7,Time-MoE,0.3800695538520813
Sample 8,Moirai,0.8473742008209229
Sample 8,Timer,0.15262578427791595
Sample 9,TimesFM,0.5285906791687012
Sample 9,Timer,0.47140932083129883
Sample 10,Time-MoE,0.8103029131889343
Sample 10,Moirai,0.18969707190990448
Sample 11,Chronos,0.7571410536766052
Sample 11,TimesFM,0.24285894632339478
Sample 12,Time-MoE,0.5784441232681274
Sample 12,Moirai,0.42155593633651733
Sample 13,Timer,0.546168327331543
Sample 13,TimesFM,0.45383164286613464
Sample 14,Timer,0.5467422604560852
Sample 14,Time-MoE,0.4532577395439148
Sample 15,TimesFM,0.5798304080963135
Sample 15,Timer,0.4201695919036865
Sample 16,Moirai,0.8288301229476929
Sample 16,Chronos,0.17116983234882355
Sample 17,TimesFM,0.6127024292945862
Sample 17,Timer,0.38729754090309143
Sample 18,Chronos,0.7178352475166321
Sample 18,TimesFM,0.2821648120880127
Sample 19,TimesFM,0.848952054977417
Sample 19,Chronos,0.151047945022583
Sample 20,Time-MoE,0.7858344316482544
Sample 20,Timer,0.21416562795639038
Sample 21,TimesFM,0.5945865511894226
Sample 21,Timer,0.4054134786128998
Sample 22,Timer,0.6392166018486023
Sample 22,Chronos,0.3607834279537201
Sample 23,Time-MoE,0.9177049398422241
Sample 23,Moirai,0.08229504525661469
Sample 24,Moirai,0.7147709131240845
Sample 24,Timer,0.2852290868759155
Sample 25,Timer,0.5073387026786804
Sample 25,Chronos,0.4926612675189972
Sample 26,Chronos,0.5208537578582764
Sample 26,Moirai,0.47914621233940125
Sample 27,Chronos,0.6524437069892883
Sample 27,TimesFM,0.34755629301071167
Sample 28,Moirai,0.6874201893806458
Sample 28,Time-MoE,0.31257978081703186
Sample 29,Timer,0.5663315057754517
Sample 29,Moirai,0.43366849422454834
Sample 30,TimesFM,0.7218115329742432
Sample 30,Timer,0.27818843722343445
Sample 31,Time-MoE,0.7972445487976074
Sample 31,Timer,0.20275546610355377
Sample 0,Moirai,0.7366666197776794
Sample 0,Timer,0.26333338022232056
Sample 1,Timer,0.6105772256851196
Sample 1,Chronos,0.38942283391952515
Sample 2,TimesFM,0.5409754514694214
Sample 2,Timer,0.45902448892593384
Sample 3,TimesFM,0.5898600220680237
Sample 3,Chronos,0.41013994812965393
Sample 4,Moirai,0.6784651279449463
Sample 4,Time-MoE,0.3215348422527313
Sample 5,Timer,0.5973357558250427
Sample 5,Chronos,0.40266427397727966
Sample 6,Time-MoE,0.5050787329673767
Sample 6,Timer,0.4949212372303009
Sample 7,Time-MoE,0.5786039233207703
Sample 7,Timer,0.42139601707458496
Sample 8,Timer,0.6497213244438171
Sample 8,Moirai,0.3502786159515381
Sample 9,TimesFM,0.5170688629150391
Sample 9,Timer,0.4829311668872833
Sample 10,Moirai,0.5131989121437073
Sample 10,Timer,0.48680105805397034
Sample 11,Timer,0.5227099061012268
Sample 11,Chronos,0.4772900938987732
Sample 12,Timer,0.659641683101654
Sample 12,Chronos,0.34035834670066833
Sample 13,Chronos,0.8001776337623596
Sample 13,Timer,0.19982238113880157
Sample 14,Moirai,0.5616334080696106
Sample 14,Time-MoE,0.4383666217327118
Sample 15,Time-MoE,0.7214184999465942
Sample 15,TimesFM,0.27858150005340576
Sample 16,Moirai,0.7882454991340637
Sample 16,Time-MoE,0.21175454556941986
Sample 17,Timer,0.6426461338996887
Sample 17,Chronos,0.3573538362979889
Sample 18,Time-MoE,0.568540632724762
Sample 18,Moirai,0.4314593970775604
Sample 19,TimesFM,0.5492998957633972
Sample 19,Timer,0.4507000744342804
Sample 20,Timer,0.6685858964920044
Sample 20,Chronos,0.3314140737056732
Sample 21,Chronos,0.5749756097793579
Sample 21,TimesFM,0.4250243306159973
Sample 22,TimesFM,0.7922772765159607
Sample 22,Time-MoE,0.20772267878055573
Sample 23,Moirai,0.6481775641441345
Sample 23,Time-MoE,0.35182246565818787
Sample 24,Moirai,0.7543169260025024
Sample 24,Chronos,0.2456829994916916
Sample 25,Chronos,0.7352909445762634
Sample 25,Timer,0.2647090554237366
Sample 26,Timer,0.6296766400337219
Sample 26,Chronos,0.3703233003616333
Sample 27,Chronos,0.5914709568023682
Sample 27,Timer,0.40852904319763184
Sample 28,Timer,0.532217264175415
Sample 28,TimesFM,0.46778276562690735
Sample 29,Timer,0.7642911076545715
Sample 29,TimesFM,0.23570889234542847
Sample 30,Time-MoE,0.7257845997810364
Sample 30,Moirai,0.274215430021286
Sample 31,Time-MoE,0.9053635597229004
Sample 31,Timer,0.09463643282651901
Sample 0,Chronos,0.5386595726013184
Sample 0,TimesFM,0.46134042739868164
Sample 1,TimesFM,0.8481495380401611
Sample 1,Chronos,0.15185041725635529
Sample 2,Time-MoE,0.8882449269294739
Sample 2,Moirai,0.11175509542226791
Sample 3,Chronos,0.7934024930000305
Sample 3,TimesFM,0.2065974920988083
Sample 4,Time-MoE,0.9066020846366882
Sample 4,Chronos,0.09339794516563416
Sample 5,TimesFM,0.6541892290115356
Sample 5,Timer,0.34581074118614197
Sample 6,TimesFM,0.5406610369682312
Sample 6,Moirai,0.4593389630317688
Sample 7,TimesFM,0.53224778175354
Sample 7,Moirai,0.4677521884441376
Sample 8,Moirai,0.7959506511688232
Sample 8,Time-MoE,0.20404937863349915
Sample 9,Chronos,0.683488667011261
Sample 9,TimesFM,0.316511332988739
Sample 10,Time-MoE,0.835325300693512
Sample 10,TimesFM,0.1646747589111328
Sample 11,Timer,0.5052922964096069
Sample 11,Chronos,0.49470773339271545
Sample 12,Time-MoE,0.6834498047828674
Sample 12,Moirai,0.31655022501945496
Sample 13,Chronos,0.6824129223823547
Sample 13,Moirai,0.31758707761764526
Sample 14,TimesFM,0.696206271648407
Sample 14,Timer,0.303793728351593
Sample 15,Moirai,0.8001920580863953
Sample 15,Time-MoE,0.19980791211128235
Sample 0,Moirai,0.889009952545166
Sample 0,Timer,0.11099009215831757
Sample 1,Timer,0.5048801898956299
Sample 1,TimesFM,0.49511978030204773
Sample 2,Time-MoE,0.5342073440551758
Sample 2,Chronos,0.4657926857471466
Sample 3,Chronos,0.5532606840133667
Sample 3,Timer,0.4467393755912781
Sample 4,Moirai,0.5068833827972412
Sample 4,TimesFM,0.4931166470050812
Sample 5,Timer,0.7853488326072693
Sample 5,Moirai,0.21465109288692474
Sample 6,Chronos,0.5721876621246338
Sample 6,Timer,0.4278123080730438
Sample 7,Time-MoE,0.8291230797767639
Sample 7,Moirai,0.1708768755197525
Sample 8,Moirai,0.7979555726051331
Sample 8,Timer,0.20204439759254456
Sample 9,TimesFM,0.5682106614112854
Sample 9,Timer,0.4317893385887146
Sample 10,Time-MoE,0.8469288349151611
Sample 10,Timer,0.15307117998600006
Sample 11,Chronos,0.7991406917572021
Sample 11,TimesFM,0.20085930824279785
Sample 12,Moirai,0.7352574467658997
Sample 12,Time-MoE,0.26474258303642273
Sample 13,Timer,0.5608941912651062
Sample 13,Chronos,0.4391058385372162
Sample 14,Timer,0.7231771349906921
Sample 14,Time-MoE,0.27682289481163025
Sample 15,Moirai,0.5667667984962463
Sample 15,Chronos,0.4332331418991089
Sample 16,Moirai,0.6118976473808289
Sample 16,Timer,0.38810238242149353
Sample 17,TimesFM,0.5978742241859436
Sample 17,Chronos,0.402125746011734
Sample 18,Timer,0.6203005313873291
Sample 18,Moirai,0.3796994686126709
Sample 19,Chronos,0.8041155934333801
Sample 19,Timer,0.19588442146778107
Sample 20,Timer,0.5262106657028198
Sample 20,Moirai,0.4737893342971802
Sample 21,Chronos,0.6469337940216064
Sample 21,TimesFM,0.35306617617607117
Sample 22,Timer,0.8852472305297852
Sample 22,Chronos,0.11475281417369843
Sample 23,Chronos,0.561857283115387
Sample 23,Time-MoE,0.43814268708229065
Sample 24,Moirai,0.5734344720840454
Sample 24,Time-MoE,0.4265654683113098
Sample 25,Chronos,0.8132296204566956
Sample 25,TimesFM,0.1867704540491104
Sample 26,TimesFM,0.5182414054870605
Sample 26,Chronos,0.48175862431526184
Sample 27,Chronos,0.8862049579620361
Sample 27,Moirai,0.11379500478506088
Sample 28,Time-MoE,0.7550559043884277
Sample 28,Moirai,0.24494411051273346
Sample 29,Chronos,0.9283799529075623
Sample 29,Timer,0.07162011414766312
Sample 30,Timer,0.7904453873634338
Sample 30,TimesFM,0.20955458283424377
Sample 31,Time-MoE,0.7390632629394531
Sample 31,TimesFM,0.2609367370605469
Sample 0,Chronos,0.5517224073410034
Sample 0,Moirai,0.4482775926589966
Sample 1,TimesFM,0.6157139539718628
Sample 1,Timer,0.3842860758304596
Sample 2,Chronos,0.7579493522644043
Sample 2,Timer,0.2420506626367569
Sample 3,TimesFM,0.7233769297599792
Sample 3,Timer,0.27662304043769836
Sample 4,Chronos,0.6240466237068176
Sample 4,Time-MoE,0.37595334649086
Sample 5,TimesFM,0.5350248217582703
Sample 5,Chronos,0.46497514843940735
Sample 6,Timer,0.6968126893043518
Sample 6,TimesFM,0.3031873106956482
Sample 7,Time-MoE,0.624763011932373
Sample 7,Moirai,0.37523698806762695
Sample 8,Moirai,0.7334908843040466
Sample 8,Timer,0.26650911569595337
Sample 9,Chronos,0.838686466217041
Sample 9,TimesFM,0.16131356358528137
Sample 10,Moirai,0.6216872930526733
Sample 10,Chronos,0.37831270694732666
Sample 11,Chronos,0.7235544323921204
Sample 11,Timer,0.27644550800323486
Sample 12,Chronos,0.5390222072601318
Sample 12,Moirai,0.46097779273986816
Sample 13,Chronos,0.5074154138565063
Sample 13,TimesFM,0.49258455634117126
Sample 14,Timer,0.5268031358718872
Sample 14,TimesFM,0.473196804523468
Sample 15,Time-MoE,0.6489130854606628
Sample 15,Moirai,0.35108691453933716
Sample 16,Moirai,0.7227650880813599
Sample 16,Timer,0.2772349715232849
Sample 17,TimesFM,0.5618882775306702
Sample 17,Timer,0.43811169266700745
Sample 18,Moirai,0.774138331413269
Sample 18,Time-MoE,0.22586169838905334
Sample 19,Chronos,0.6853920817375183
Sample 19,TimesFM,0.31460797786712646
Sample 20,Chronos,0.6724256873130798
Sample 20,TimesFM,0.32757434248924255
Sample 21,Chronos,0.571984589099884
Sample 21,TimesFM,0.4280153810977936
Sample 22,TimesFM,0.5714654326438904
Sample 22,Timer,0.4285345673561096
Sample 23,Time-MoE,0.7924454212188721
Sample 23,Timer,0.20755457878112793
Sample 24,Timer,0.6871170401573181
Sample 24,Chronos,0.3128829300403595
Sample 25,TimesFM,0.9049054384231567
Sample 25,Timer,0.09509457647800446
Sample 26,Timer,0.5857667922973633
Sample 26,Time-MoE,0.41423317790031433
Sample 27,TimesFM,0.6724300384521484
Sample 27,Chronos,0.3275699317455292
Sample 28,Moirai,0.5372920036315918
Sample 28,Chronos,0.4627080261707306
Sample 29,TimesFM,0.6343997716903687
Sample 29,Timer,0.36560022830963135
Sample 30,TimesFM,0.6375856399536133
Sample 30,Timer,0.36241433024406433
Sample 31,Time-MoE,0.8904798030853271
Sample 31,Moirai,0.10952022671699524
Sample 0,Time-MoE,0.9238737225532532
Sample 0,Moirai,0.07612630724906921
Sample 1,Chronos,0.5216922163963318
Sample 1,TimesFM,0.4783077836036682
Sample 2,TimesFM,0.6384152770042419
Sample 2,Timer,0.36158469319343567
Sample 3,TimesFM,0.6178188920021057
Sample 3,Chronos,0.3821811378002167
Sample 4,Moirai,0.8075457811355591
Sample 4,Time-MoE,0.19245420396327972
Sample 5,Timer,0.5440070629119873
Sample 5,Time-MoE,0.4559929370880127
Sample 6,TimesFM,0.5161236524581909
Sample 6,Chronos,0.4838763475418091
Sample 7,Time-MoE,0.8861514329910278
Sample 7,Moirai,0.11384861916303635
Sample 8,Time-MoE,0.6631107926368713
Sample 8,Moirai,0.33688920736312866
Sample 9,Chronos,0.6483255624771118
Sample 9,TimesFM,0.3516744375228882
Sample 10,Timer,0.7638561725616455
Sample 10,TimesFM,0.23614385724067688
Sample 11,Chronos,0.8590811491012573
Sample 11,TimesFM,0.14091885089874268
Sample 12,Moirai,0.5253689289093018
Sample 12,Time-MoE,0.47463101148605347
Sample 13,TimesFM,0.7371142506599426
Sample 13,Chronos,0.2628857493400574
Sample 14,Chronos,0.5379886031150818
Sample 14,Timer,0.4620113670825958
Sample 15,Timer,0.6028432250022888
Sample 15,Time-MoE,0.3971567749977112
Sample 16,Chronos,0.7371838092803955
Sample 16,TimesFM,0.2628161907196045
Sample 17,Chronos,0.7260807156562805
Sample 17,TimesFM,0.2739192545413971
Sample 18,Time-MoE,0.9138059616088867
Sample 18,Moirai,0.08619403839111328
Sample 19,TimesFM,0.5539503693580627
Sample 19,Moirai,0.44604966044425964
Sample 20,Moirai,0.7160773873329163
Sample 20,Chronos,0.28392261266708374
Sample 21,Chronos,0.5273981690406799
Sample 21,TimesFM,0.47260183095932007
Sample 22,Timer,0.5885051488876343
Sample 22,TimesFM,0.4114948511123657
Sample 23,Time-MoE,0.5567237734794617
Sample 23,TimesFM,0.44327619671821594
Sample 24,Moirai,0.8585370182991028
Sample 24,Time-MoE,0.1414630264043808
Sample 25,Chronos,0.5402117967605591
Sample 25,Timer,0.45978814363479614
Sample 26,Time-MoE,0.7016391158103943
Sample 26,Timer,0.2983608841896057
Sample 27,TimesFM,0.6818947196006775
Sample 27,Chronos,0.3181052803993225
Sample 28,Time-MoE,0.7409481406211853
Sample 28,Moirai,0.2590518593788147
Sample 29,TimesFM,0.5151427984237671
Sample 29,Chronos,0.4848572015762329
Sample 30,Chronos,0.5010339617729187
Sample 30,Timer,0.4989660680294037
Sample 31,Time-MoE,0.9141332507133484
Sample 31,Moirai,0.08586670458316803
Sample 0,Moirai,0.8718159794807434
Sample 0,Time-MoE,0.12818406522274017
Sample 1,TimesFM,0.5736294984817505
Sample 1,Chronos,0.4263705015182495
Sample 2,TimesFM,0.501300036907196
Sample 2,Moirai,0.49869996309280396
Sample 3,Chronos,0.8226761817932129
Sample 3,Timer,0.1773238182067871
Sample 4,Moirai,0.6268720626831055
Sample 4,Time-MoE,0.37312790751457214
Sample 5,Moirai,0.5417481064796448
Sample 5,Timer,0.45825183391571045
Sample 6,Chronos,0.5505597591400146
Sample 6,Timer,0.44944024085998535
Sample 7,Chronos,0.5422513484954834
Sample 7,Time-MoE,0.457748681306839
Sample 8,Moirai,0.9608572721481323
Sample 8,Timer,0.03914271667599678
Sample 9,Chronos,0.6076154708862305
Sample 9,Timer,0.39238449931144714
Sample 10,Time-MoE,0.6979910731315613
Sample 10,TimesFM,0.3020089566707611
Sample 11,Chronos,0.8077747821807861
Sample 11,TimesFM,0.1922251582145691
Sample 12,Time-MoE,0.5644211173057556
Sample 12,Moirai,0.4355788826942444
Sample 13,Timer,0.6428322196006775
Sample 13,TimesFM,0.3571677505970001
Sample 14,TimesFM,0.5267294049263
Sample 14,Moirai,0.47327059507369995
Sample 15,Time-MoE,0.637859046459198
Sample 15,Moirai,0.3621409833431244
Sample 16,Moirai,0.9835157990455627
Sample 16,Time-MoE,0.01648414507508278
Sample 17,TimesFM,0.8354127407073975
Sample 17,Chronos,0.16458728909492493
Sample 18,Chronos,0.6459051370620728
Sample 18,Moirai,0.35409480333328247
Sample 19,Chronos,0.9477343559265137
Sample 19,Timer,0.05226568505167961
Sample 20,Chronos,0.5531590580940247
Sample 20,Time-MoE,0.4468410015106201
Sample 21,TimesFM,0.8958892822265625
Sample 21,Timer,0.10411074012517929
Sample 22,Timer,0.5632233619689941
Sample 22,Time-MoE,0.43677660822868347
Sample 23,Time-MoE,0.8349324464797974
Sample 23,TimesFM,0.16506755352020264
Sample 24,Moirai,0.7878879308700562
Sample 24,Chronos,0.21211203932762146
Sample 25,Chronos,0.6411951780319214
Sample 25,Timer,0.3588047921657562
Sample 26,Time-MoE,0.9339079856872559
Sample 26,Moirai,0.06609202921390533
Sample 27,Chronos,0.5378814339637756
Sample 27,TimesFM,0.46211862564086914
Sample 28,Time-MoE,0.7609476447105408
Sample 28,Moirai,0.23905237019062042
Sample 29,Chronos,0.5999560952186584
Sample 29,TimesFM,0.40004393458366394
Sample 30,TimesFM,0.7215932607650757
Sample 30,Timer,0.2784067988395691
Sample 31,Moirai,0.7264527082443237
Sample 31,Time-MoE,0.2735472619533539
Sample 0,Moirai,0.8702837228775024
Sample 0,Timer,0.12971633672714233
Sample 1,TimesFM,0.7188711166381836
Sample 1,Timer,0.28112882375717163
Sample 2,TimesFM,0.5078758597373962
Sample 2,Chronos,0.49212411046028137
Sample 3,Chronos,0.5248619318008423
Sample 3,Timer,0.4751380980014801
Sample 4,TimesFM,0.5597327351570129
Sample 4,Timer,0.4402672350406647
Sample 5,Chronos,0.6427524089813232
Sample 5,Timer,0.35724762082099915
Sample 6,TimesFM,0.6906176209449768
Sample 6,Timer,0.3093823790550232
Sample 7,Time-MoE,0.805679976940155
Sample 7,Moirai,0.19432000815868378
Sample 8,Moirai,0.8934218287467957
Sample 8,Timer,0.10657815635204315
Sample 9,TimesFM,0.7469676733016968
Sample 9,Timer,0.253032386302948
Sample 10,Time-MoE,0.608227014541626
Sample 10,Timer,0.391772985458374
Sample 11,TimesFM,0.5361072421073914
Sample 11,Chronos,0.46389278769493103
Sample 12,Moirai,0.556984543800354
Sample 12,Time-MoE,0.4430154860019684
Sample 13,Chronos,0.5710470676422119
Sample 13,TimesFM,0.42895299196243286
Sample 14,Time-MoE,0.8809699416160583
Sample 14,Timer,0.11903005838394165
Sample 15,Timer,0.8004968166351318
Sample 15,Moirai,0.19950318336486816
Sample 16,Moirai,0.5248329043388367
Sample 16,Chronos,0.4751671254634857
Sample 17,TimesFM,0.7469853162765503
Sample 17,Timer,0.2530146539211273
Sample 18,TimesFM,0.5834881067276001
Sample 18,Chronos,0.4165119230747223
Sample 19,Chronos,0.8774547576904297
Sample 19,Timer,0.1225452572107315
Sample 20,Moirai,0.6831296682357788
Sample 20,Time-MoE,0.31687039136886597
Sample 21,Chronos,0.7267934679985046
Sample 21,Timer,0.273206502199173
Sample 22,TimesFM,0.7222836017608643
Sample 22,Timer,0.27771642804145813
Sample 23,Time-MoE,0.7726007103919983
Sample 23,Moirai,0.22739924490451813
Sample 24,Moirai,0.8391515016555786
Sample 24,Timer,0.160848468542099
Sample 25,TimesFM,0.8716033697128296
Sample 25,Timer,0.12839661538600922
Sample 26,Timer,0.503208577632904
Sample 26,Moirai,0.49679145216941833
Sample 27,Chronos,0.8899333477020264
Sample 27,TimesFM,0.11006662249565125
Sample 28,Time-MoE,0.7869577407836914
Sample 28,Moirai,0.21304228901863098
Sample 29,Timer,0.5070225596427917
Sample 29,Time-MoE,0.49297741055488586
Sample 30,TimesFM,0.7280101776123047
Sample 30,Timer,0.27198976278305054
Sample 31,Time-MoE,0.6577813625335693
Sample 31,Moirai,0.34221863746643066
Sample 0,Moirai,0.9423760771751404
Sample 0,Chronos,0.057623930275440216
Sample 1,Timer,0.6156364679336548
Sample 1,TimesFM,0.38436359167099
Sample 2,TimesFM,0.7621205449104309
Sample 2,Timer,0.2378794550895691
Sample 3,Chronos,0.7383238077163696
Sample 3,TimesFM,0.261676162481308
Sample 4,Moirai,0.7863507270812988
Sample 4,Time-MoE,0.21364925801753998
Sample 5,TimesFM,0.5062682628631592
Sample 5,Timer,0.4937317669391632
Sample 6,TimesFM,0.5035308599472046
Sample 6,Timer,0.496469110250473
Sample 7,Time-MoE,0.754528820514679
Sample 7,TimesFM,0.24547113478183746
Sample 8,Time-MoE,0.7394973039627075
Sample 8,Moirai,0.26050272583961487
Sample 9,Chronos,0.6933578848838806
Sample 9,TimesFM,0.306642085313797
Sample 10,Moirai,0.5361006259918213
Sample 10,Timer,0.46389931440353394
Sample 11,TimesFM,0.6444196701049805
Sample 11,Chronos,0.35558030009269714
Sample 12,Time-MoE,0.6027446985244751
Sample 12,Moirai,0.3972553312778473
Sample 13,Chronos,0.7557245492935181
Sample 13,TimesFM,0.24427546560764313
Sample 14,Time-MoE,0.9087342023849487
Sample 14,Moirai,0.09126584976911545
Sample 15,Time-MoE,0.579892098903656
Sample 15,Moirai,0.4201078414916992
Sample 16,Moirai,0.9689348936080933
Sample 16,Time-MoE,0.031065136194229126
Sample 17,Chronos,0.6049672961235046
Sample 17,Moirai,0.39503276348114014
Sample 18,Time-MoE,0.5000087022781372
Sample 18,Moirai,0.4999913275241852
Sample 19,Timer,0.5708140730857849
Sample 19,TimesFM,0.4291859567165375
Sample 20,Timer,0.6063635349273682
Sample 20,TimesFM,0.3936364948749542
Sample 21,TimesFM,0.7450109720230103
Sample 21,Timer,0.25498902797698975
Sample 22,Time-MoE,0.900723934173584
Sample 22,TimesFM,0.09927608072757721
Sample 23,Moirai,0.7664317488670349
Sample 23,Time-MoE,0.2335682064294815
Sample 24,Moirai,0.5307999849319458
Sample 24,Chronos,0.4691999852657318
Sample 25,TimesFM,0.6289514899253845
Sample 25,Timer,0.37104853987693787
Sample 26,Time-MoE,0.7689653038978577
Sample 26,Moirai,0.23103468120098114
Sample 27,Timer,0.5234400033950806
Sample 27,Chronos,0.47655996680259705
Sample 28,Time-MoE,0.8539409041404724
Sample 28,Timer,0.14605915546417236
Sample 29,Timer,0.58577561378479
Sample 29,TimesFM,0.41422438621520996
Sample 30,Time-MoE,0.7386837005615234
Sample 30,Moirai,0.26131629943847656
Sample 31,Time-MoE,0.9268209338188171
Sample 31,TimesFM,0.07317911833524704
Sample 0,TimesFM,0.5822092294692993
Sample 0,Timer,0.4177907407283783
Sample 1,TimesFM,0.5379031896591187
Sample 1,Timer,0.46209684014320374
Sample 2,Time-MoE,0.7829193472862244
Sample 2,Moirai,0.21708066761493683
Sample 3,TimesFM,0.6474047899246216
Sample 3,Timer,0.3525952398777008
Sample 4,Time-MoE,0.7114574313163757
Sample 4,Chronos,0.28854259848594666
Sample 5,Chronos,0.6543696522712708
Sample 5,Timer,0.34563034772872925
Sample 6,Chronos,0.7716212868690491
Sample 6,TimesFM,0.2283787876367569
Sample 7,Time-MoE,0.6958389282226562
Sample 7,Moirai,0.30416107177734375
Sample 8,Moirai,0.8544229865074158
Sample 8,Timer,0.14557702839374542
Sample 9,Chronos,0.5562028288841248
Sample 9,Timer,0.44379714131355286
Sample 10,Time-MoE,0.9662640690803528
Sample 10,TimesFM,0.03373594209551811
Sample 11,TimesFM,0.584899365901947
Sample 11,Timer,0.415100634098053
Sample 12,Time-MoE,0.562509298324585
Sample 12,Moirai,0.4374907314777374
Sample 13,Chronos,0.8240785002708435
Sample 13,TimesFM,0.1759214997291565
Sample 14,TimesFM,0.7635700702667236
Sample 14,Timer,0.23642992973327637
Sample 15,Moirai,0.7925662398338318
Sample 15,Time-MoE,0.2074337899684906
Sample 0,Moirai,0.8624099493026733
Sample 0,Timer,0.13759006559848785
Sample 1,Timer,0.5160959362983704
Sample 1,TimesFM,0.483904093503952
Sample 2,Timer,0.686878502368927
Sample 2,Time-MoE,0.313121497631073
Sample 3,Timer,0.5662860870361328
Sample 3,TimesFM,0.4337139129638672
Sample 4,Timer,0.5990144610404968
Sample 4,Moirai,0.40098556876182556
Sample 5,Timer,0.6005818247795105
Sample 5,Chronos,0.3994181752204895
Sample 6,TimesFM,0.6323844790458679
Sample 6,Moirai,0.36761555075645447
Sample 7,Time-MoE,0.5350202322006226
Sample 7,Moirai,0.46497973799705505
Sample 8,Moirai,0.8833928108215332
Sample 8,Timer,0.11660723388195038
Sample 9,TimesFM,0.665883481502533
Sample 9,Timer,0.3341165781021118
Sample 10,Time-MoE,0.7913239002227783
Sample 10,Moirai,0.20867611467838287
Sample 11,Chronos,0.7984082698822021
Sample 11,Timer,0.20159173011779785
Sample 12,Moirai,0.5656591057777405
Sample 12,Time-MoE,0.4343409240245819
Sample 13,Chronos,0.7673521637916565
Sample 13,Timer,0.2326478213071823
Sample 14,Time-MoE,0.7774310111999512
Sample 14,Timer,0.22256897389888763
Sample 15,Moirai,0.5316665768623352
Sample 15,Time-MoE,0.4683333933353424
Sample 16,Time-MoE,0.8829622268676758
Sample 16,Moirai,0.1170378103852272
Sample 17,Chronos,0.5826278924942017
Sample 17,TimesFM,0.41737210750579834
Sample 18,Chronos,0.519035279750824
Sample 18,Moirai,0.480964720249176
Sample 19,Chronos,0.7895801067352295
Sample 19,TimesFM,0.21041984856128693
Sample 20,Time-MoE,0.6487670540809631
Sample 20,Chronos,0.35123294591903687
Sample 21,TimesFM,0.5413829684257507
Sample 21,Chronos,0.45861706137657166
Sample 22,Time-MoE,0.5208691954612732
Sample 22,Chronos,0.4791308343410492
Sample 23,Moirai,0.5818074345588684
Sample 23,TimesFM,0.418192595243454
Sample 24,Moirai,0.9239364862442017
Sample 24,Time-MoE,0.07606349885463715
Sample 25,Chronos,0.5419885516166687
Sample 25,Timer,0.4580114185810089
Sample 26,TimesFM,0.6432620286941528
Sample 26,Moirai,0.35673800110816956
Sample 27,Timer,0.518612265586853
Sample 27,TimesFM,0.481387734413147
Sample 28,Time-MoE,0.8953126668930054
Sample 28,Moirai,0.10468730330467224
Sample 29,TimesFM,0.5394442081451416
Sample 29,Chronos,0.460555762052536
Sample 30,Timer,0.6901611685752869
Sample 30,Time-MoE,0.30983880162239075
Sample 31,Time-MoE,0.7360515594482422
Sample 31,Moirai,0.2639484405517578
Sample 0,Moirai,0.7971085906028748
Sample 0,Chronos,0.20289142429828644
Sample 1,TimesFM,0.5468750596046448
Sample 1,Timer,0.4531249403953552
Sample 2,Moirai,0.8162187337875366
Sample 2,TimesFM,0.18378132581710815
Sample 3,TimesFM,0.6347125172615051
Sample 3,Chronos,0.3652874529361725
Sample 4,TimesFM,0.5460787415504456
Sample 4,Time-MoE,0.45392122864723206
Sample 5,Chronos,0.6548856496810913
Sample 5,TimesFM,0.3451143205165863
Sample 6,Timer,0.5727023482322693
Sample 6,Chronos,0.4272977113723755
Sample 7,Time-MoE,0.7573772072792053
Sample 7,Moirai,0.2426227629184723
Sample 8,Timer,0.6581659317016602
Sample 8,Moirai,0.34183406829833984
Sample 9,Timer,0.632716178894043
Sample 9,Chronos,0.36728379130363464
Sample 10,Moirai,0.791589081287384
Sample 10,Chronos,0.20841094851493835
Sample 11,Chronos,0.6516445875167847
Sample 11,TimesFM,0.3483554422855377
Sample 12,Chronos,0.5747609734535217
Sample 12,Time-MoE,0.4252389669418335
Sample 13,Chronos,0.6269810795783997
Sample 13,TimesFM,0.37301895022392273
Sample 14,TimesFM,0.5784691572189331
Sample 14,Timer,0.4215308129787445
Sample 15,Moirai,0.5027246475219727
Sample 15,Time-MoE,0.4972754120826721
Sample 16,Time-MoE,0.5659689903259277
Sample 16,Moirai,0.43403103947639465
Sample 17,Chronos,0.6183368563652039
Sample 17,Timer,0.38166311383247375
Sample 18,Moirai,0.7664138674736023
Sample 18,Timer,0.23358620703220367
Sample 19,Chronos,0.5291139483451843
Sample 19,TimesFM,0.4708860516548157
Sample 20,TimesFM,0.7168322205543518
Sample 20,Timer,0.2831677794456482
Sample 21,Chronos,0.6032987236976624
Sample 21,TimesFM,0.39670124650001526
Sample 22,Moirai,0.5714482069015503
Sample 22,Time-MoE,0.4285517632961273
Sample 23,Moirai,0.5530300140380859
Sample 23,Time-MoE,0.4469699561595917
Sample 24,Moirai,0.6594922542572021
Sample 24,Timer,0.34050777554512024
Sample 25,TimesFM,0.5312145948410034
Sample 25,Timer,0.46878546476364136
Sample 26,Time-MoE,0.7200952768325806
Sample 26,TimesFM,0.27990472316741943
Sample 27,TimesFM,0.6451978087425232
Sample 27,Chronos,0.3548021614551544
Sample 28,Timer,0.546011209487915
Sample 28,Moirai,0.45398885011672974
Sample 29,Chronos,0.6635919809341431
Sample 29,TimesFM,0.33640798926353455
Sample 30,TimesFM,0.6786717176437378
Sample 30,Chronos,0.3213282823562622
Sample 31,Moirai,0.6757775545120239
Sample 31,Time-MoE,0.3242223858833313
Sample 0,Moirai,0.5977028012275696
Sample 0,Time-MoE,0.4022971987724304
Sample 1,TimesFM,0.7091866135597229
Sample 1,Timer,0.2908133864402771
Sample 2,Timer,0.6653977036476135
Sample 2,Time-MoE,0.3346022665500641
Sample 3,TimesFM,0.789466142654419
Sample 3,Timer,0.21053385734558105
Sample 4,Time-MoE,0.5159900188446045
Sample 4,Chronos,0.4840099811553955
Sample 5,Timer,0.659002959728241
Sample 5,TimesFM,0.34099701046943665
Sample 6,Chronos,0.6288740038871765
Sample 6,Time-MoE,0.3711259663105011
Sample 7,Moirai,0.7216455936431885
Sample 7,Time-MoE,0.2783544659614563
Sample 8,Moirai,0.7296993136405945
Sample 8,Time-MoE,0.2703007161617279
Sample 9,TimesFM,0.6989966034889221
Sample 9,Timer,0.3010033369064331
Sample 10,Timer,0.8195790648460388
Sample 10,TimesFM,0.1804209053516388
Sample 11,Chronos,0.8110652565956116
Sample 11,Time-MoE,0.18893472850322723
Sample 12,Time-MoE,0.6145897507667542
Sample 12,Moirai,0.38541024923324585
Sample 13,TimesFM,0.7545825242996216
Sample 13,Timer,0.24541746079921722
Sample 14,Timer,0.5172824859619141
Sample 14,TimesFM,0.48271745443344116
Sample 15,Time-MoE,0.730044424533844
Sample 15,Moirai,0.2699556350708008
Sample 16,Chronos,0.5690343976020813
Sample 16,Timer,0.4309656322002411
Sample 17,TimesFM,0.5698232650756836
Sample 17,Timer,0.430176705121994
Sample 18,Time-MoE,0.7540945410728455
Sample 18,TimesFM,0.24590550363063812
Sample 19,Moirai,0.5664191246032715
Sample 19,Chronos,0.4335809350013733
Sample 20,Timer,0.63808274269104
Sample 20,Time-MoE,0.36191725730895996
Sample 21,TimesFM,0.5977032780647278
Sample 21,Timer,0.40229666233062744
Sample 22,TimesFM,0.6035600304603577
Sample 22,Timer,0.39643996953964233
Sample 23,Time-MoE,0.5285912752151489
Sample 23,Chronos,0.47140878438949585
Sample 24,Time-MoE,0.8959617614746094
Sample 24,Moirai,0.10403823107481003
Sample 25,Timer,0.6348355412483215
Sample 25,TimesFM,0.36516445875167847
Sample 26,Time-MoE,0.8449936509132385
Sample 26,Moirai,0.15500633418560028
Sample 27,Chronos,0.7319687604904175
Sample 27,TimesFM,0.2680312693119049
Sample 28,Moirai,0.6023432612419128
Sample 28,Time-MoE,0.39765676856040955
Sample 29,Timer,0.5788954496383667
Sample 29,Moirai,0.4211046099662781
Sample 30,Timer,0.7437617778778076
Sample 30,TimesFM,0.25623825192451477
Sample 31,Time-MoE,0.7379437685012817
Sample 31,Moirai,0.2620562016963959
Sample 0,Moirai,0.9289018511772156
Sample 0,Time-MoE,0.07109817117452621
Sample 1,TimesFM,0.5378960967063904
Sample 1,Chronos,0.462103933095932
Sample 2,Moirai,0.6738930344581604
Sample 2,TimesFM,0.326106995344162
Sample 3,TimesFM,0.6521772742271423
Sample 3,Chronos,0.34782272577285767
Sample 4,TimesFM,0.5179277658462524
Sample 4,Time-MoE,0.48207223415374756
Sample 5,Moirai,0.5653083920478821
Sample 5,Chronos,0.4346916079521179
Sample 6,Timer,0.8163731694221497
Sample 6,Chronos,0.18362680077552795
Sample 7,Moirai,0.6729121804237366
Sample 7,Timer,0.32708778977394104
Sample 8,Moirai,0.9082432389259338
Sample 8,Timer,0.09175676107406616
Sample 9,TimesFM,0.7707081437110901
Sample 9,Chronos,0.2292918711900711
Sample 10,Time-MoE,0.6722812056541443
Sample 10,Timer,0.32771873474121094
Sample 11,Chronos,0.8593987822532654
Sample 11,TimesFM,0.14060121774673462
Sample 12,Moirai,0.8418978452682495
Sample 12,Time-MoE,0.1581021249294281
Sample 13,Timer,0.5255216956138611
Sample 13,TimesFM,0.4744783043861389
Sample 14,Time-MoE,0.5678253173828125
Sample 14,Timer,0.4321746826171875
Sample 15,Time-MoE,0.5309922099113464
Sample 15,Chronos,0.46900779008865356
Sample 16,Moirai,0.9352619051933289
Sample 16,Timer,0.06473814696073532
Sample 17,Chronos,0.5704294443130493
Sample 17,Timer,0.4295705258846283
Sample 18,Time-MoE,0.8636358380317688
Sample 18,Timer,0.1363641619682312
Sample 19,Chronos,0.9716402888298035
Sample 19,Timer,0.028359713032841682
Sample 20,Time-MoE,0.5407503247261047
Sample 20,Chronos,0.45924970507621765
Sample 21,Timer,0.7470724582672119
Sample 21,Chronos,0.2529275417327881
Sample 22,Time-MoE,0.6216189861297607
Sample 22,Moirai,0.37838104367256165
Sample 23,Time-MoE,0.5014641284942627
Sample 23,Moirai,0.4985358715057373
Sample 24,Moirai,0.9244821667671204
Sample 24,Timer,0.07551783323287964
Sample 25,TimesFM,0.7887376546859741
Sample 25,Timer,0.21126239001750946
Sample 26,Moirai,0.5716715455055237
Sample 26,Time-MoE,0.42832839488983154
Sample 27,Chronos,0.7539168000221252
Sample 27,TimesFM,0.24608319997787476
Sample 28,Moirai,0.5494686961174011
Sample 28,Time-MoE,0.4505313038825989
Sample 29,Chronos,0.7575716972351074
Sample 29,TimesFM,0.24242830276489258
Sample 30,Timer,0.5023876428604126
Sample 30,TimesFM,0.497612327337265
Sample 31,Moirai,0.5671527981758118
Sample 31,Time-MoE,0.43284720182418823
Sample 0,Moirai,0.9850084781646729
Sample 0,Timer,0.014991465024650097
Sample 1,TimesFM,0.6417757868766785
Sample 1,Chronos,0.3582242429256439
Sample 2,Timer,0.6204413771629333
Sample 2,Time-MoE,0.37955862283706665
Sample 3,Chronos,0.7327401041984558
Sample 3,Timer,0.2672598659992218
Sample 4,Timer,0.5974380373954773
Sample 4,TimesFM,0.4025619328022003
Sample 5,Chronos,0.5260510444641113
Sample 5,TimesFM,0.47394898533821106
Sample 6,Timer,0.6797819137573242
Sample 6,Moirai,0.32021814584732056
Sample 7,Moirai,0.5317602157592773
Sample 7,Time-MoE,0.46823981404304504
Sample 8,Moirai,0.7930148839950562
Sample 8,Timer,0.20698517560958862
Sample 9,Chronos,0.5155740976333618
Sample 9,Timer,0.4844258725643158
Sample 10,Time-MoE,0.8643194437026978
Sample 10,Moirai,0.13568058609962463
Sample 11,Chronos,0.6356002688407898
Sample 11,TimesFM,0.36439967155456543
Sample 12,Time-MoE,0.5728845596313477
Sample 12,Moirai,0.42711547017097473
Sample 13,TimesFM,0.7537764310836792
Sample 13,Chronos,0.2462235987186432
Sample 14,Time-MoE,0.7429381012916565
Sample 14,Timer,0.2570618689060211
Sample 15,TimesFM,0.618096113204956
Sample 15,Moirai,0.38190382719039917
Sample 16,Chronos,0.5553832054138184
Sample 16,Moirai,0.44461682438850403
Sample 17,Timer,0.5452814698219299
Sample 17,TimesFM,0.4547185003757477
Sample 18,TimesFM,0.5447733998298645
Sample 18,Chronos,0.4552265703678131
Sample 19,Chronos,0.5493578314781189
Sample 19,TimesFM,0.4506421685218811
Sample 20,Time-MoE,0.6720014810562134
Sample 20,Chronos,0.32799845933914185
Sample 21,Chronos,0.5222995281219482
Sample 21,TimesFM,0.47770047187805176
Sample 22,Time-MoE,0.6719520688056946
Sample 22,Timer,0.3280479609966278
Sample 23,Time-MoE,0.8419761061668396
Sample 23,TimesFM,0.1580238938331604
Sample 24,Moirai,0.7156134247779846
Sample 24,Timer,0.284386545419693
Sample 25,Chronos,0.5411644577980042
Sample 25,Timer,0.45883554220199585
Sample 26,Time-MoE,0.6308196783065796
Sample 26,Moirai,0.3691803216934204
Sample 27,Chronos,0.5672091841697693
Sample 27,TimesFM,0.4327908158302307
Sample 28,Moirai,0.6277257204055786
Sample 28,Timer,0.372274249792099
Sample 29,Timer,0.5222649574279785
Sample 29,Time-MoE,0.47773510217666626
Sample 30,TimesFM,0.617467999458313
Sample 30,Timer,0.3825320303440094
Sample 31,Moirai,0.6340113282203674
Sample 31,Time-MoE,0.3659886121749878
Sample 0,Moirai,0.9477088451385498
Sample 0,Chronos,0.052291177213191986
Sample 1,Timer,0.574338436126709
Sample 1,TimesFM,0.425661563873291
Sample 2,TimesFM,0.7571936249732971
Sample 2,Time-MoE,0.24280638992786407
Sample 3,Timer,0.5185081958770752
Sample 3,Chronos,0.4814917743206024
Sample 4,Moirai,0.739055335521698
Sample 4,Timer,0.2609446346759796
Sample 5,Timer,0.7719951868057251
Sample 5,TimesFM,0.22800476849079132
Sample 6,Time-MoE,0.5851250886917114
Sample 6,Timer,0.4148749113082886
Sample 7,TimesFM,0.6922016739845276
Sample 7,Time-MoE,0.30779829621315
Sample 8,Moirai,0.6772810220718384
Sample 8,Timer,0.3227189779281616
Sample 9,Chronos,0.7163670659065247
Sample 9,TimesFM,0.28363293409347534
Sample 10,Moirai,0.7414445281028748
Sample 10,TimesFM,0.25855547189712524
Sample 11,Chronos,0.7150483131408691
Sample 11,TimesFM,0.28495168685913086
Sample 12,TimesFM,0.917034387588501
Sample 12,Chronos,0.08296561241149902
Sample 13,Chronos,0.7068694233894348
Sample 13,TimesFM,0.2931305766105652
Sample 14,Time-MoE,0.7920799851417542
Sample 14,Moirai,0.20792002975940704
Sample 15,Moirai,0.5858033299446106
Sample 15,Time-MoE,0.414196640253067
Sample 16,Moirai,0.9401534795761108
Sample 16,Time-MoE,0.05984654650092125
Sample 17,Chronos,0.6439129114151001
Sample 17,Timer,0.3560870885848999
Sample 18,Moirai,0.6400923132896423
Sample 18,Time-MoE,0.3599076569080353
Sample 19,Chronos,0.723931610584259
Sample 19,Timer,0.27606841921806335
Sample 20,Chronos,0.5567181706428528
Sample 20,Timer,0.4432818591594696
Sample 21,Chronos,0.6334072947502136
Sample 21,Timer,0.3665927052497864
Sample 22,TimesFM,0.6446523666381836
Sample 22,Time-MoE,0.3553476333618164
Sample 23,Time-MoE,0.7974184155464172
Sample 23,Moirai,0.20258161425590515
Sample 24,Moirai,0.7770671844482422
Sample 24,Timer,0.2229328453540802
Sample 25,Chronos,0.7354032397270203
Sample 25,Timer,0.2645967900753021
Sample 26,Time-MoE,0.5788761377334595
Sample 26,Moirai,0.42112380266189575
Sample 27,Chronos,0.5881184935569763
Sample 27,TimesFM,0.4118815064430237
Sample 28,Time-MoE,0.819181501865387
Sample 28,TimesFM,0.18081849813461304
Sample 29,Chronos,0.7293287515640259
Sample 29,Timer,0.27067121863365173
Sample 30,Time-MoE,0.9605207443237305
Sample 30,Timer,0.03947930410504341
Sample 31,Time-MoE,0.5588878989219666
Sample 31,Timer,0.44111213088035583
Sample 0,Timer,0.5248239040374756
Sample 0,Moirai,0.4751761257648468
Sample 1,TimesFM,0.5046239495277405
Sample 1,Chronos,0.4953760504722595
Sample 2,Time-MoE,0.7393743991851807
Sample 2,Moirai,0.26062557101249695
Sample 3,Chronos,0.8733786344528198
Sample 3,Timer,0.1266213208436966
Sample 4,Time-MoE,0.9032068848609924
Sample 4,Chronos,0.09679313749074936
Sample 5,Chronos,0.5560795664787292
Sample 5,TimesFM,0.44392043352127075
Sample 6,Chronos,0.5241559147834778
Sample 6,TimesFM,0.47584405541419983
Sample 7,Time-MoE,0.7496562600135803
Sample 7,Timer,0.2503437101840973
Sample 8,Moirai,0.8382230997085571
Sample 8,Timer,0.16177693009376526
Sample 9,Chronos,0.6593434810638428
Sample 9,Timer,0.3406565487384796
Sample 10,Moirai,0.728316068649292
Sample 10,TimesFM,0.2716839909553528
Sample 11,Chronos,0.6193094849586487
Sample 11,Timer,0.38069048523902893
Sample 12,Moirai,0.6158061027526855
Sample 12,Time-MoE,0.38419386744499207
Sample 13,Timer,0.735231876373291
Sample 13,TimesFM,0.264768123626709
Sample 14,TimesFM,0.6265063285827637
Sample 14,Timer,0.37349364161491394
Sample 15,Moirai,0.6096196174621582
Sample 15,Timer,0.3903803825378418
Sample 0,Moirai,0.9766061305999756
Sample 0,Timer,0.023393848910927773
Sample 1,TimesFM,0.7024424076080322
Sample 1,Timer,0.2975575923919678
Sample 2,Time-MoE,0.8388125896453857
Sample 2,TimesFM,0.16118744015693665
Sample 3,Chronos,0.9143146276473999
Sample 3,Timer,0.0856853649020195
Sample 4,Time-MoE,0.5667081475257874
Sample 4,Chronos,0.43329188227653503
Sample 5,Chronos,0.69710773229599
Sample 5,Timer,0.3028923273086548
Sample 6,Timer,0.6286963224411011
Sample 6,Time-MoE,0.3713037073612213
Sample 7,Time-MoE,0.5356320738792419
Sample 7,Moirai,0.46436795592308044
Sample 8,Moirai,0.9465641975402832
Sample 8,Timer,0.053435854613780975
Sample 9,TimesFM,0.6242088675498962
Sample 9,Timer,0.37579113245010376
Sample 10,Time-MoE,0.8098406195640564
Sample 10,Moirai,0.1901593953371048
Sample 11,Chronos,0.8180862069129944
Sample 11,Timer,0.18191373348236084
Sample 12,Time-MoE,0.6646151542663574
Sample 12,Moirai,0.3353848457336426
Sample 13,Chronos,0.8041347861289978
Sample 13,TimesFM,0.19586516916751862
Sample 14,Time-MoE,0.6976764798164368
Sample 14,TimesFM,0.3023235499858856
Sample 15,Moirai,0.8297268152236938
Sample 15,Time-MoE,0.17027316987514496
Sample 16,Moirai,0.8755375742912292
Sample 16,Time-MoE,0.12446235120296478
Sample 17,TimesFM,0.5608900189399719
Sample 17,Chronos,0.43911001086235046
Sample 18,Time-MoE,0.6470930576324463
Sample 18,Moirai,0.35290688276290894
Sample 19,Chronos,0.5863114595413208
Sample 19,TimesFM,0.4136885702610016
Sample 20,Moirai,0.7183204293251038
Sample 20,Timer,0.28167954087257385
Sample 21,Chronos,0.5808090567588806
Sample 21,TimesFM,0.4191909730434418
Sample 22,TimesFM,0.7053012251853943
Sample 22,Time-MoE,0.2946987450122833
Sample 23,TimesFM,0.7024309039115906
Sample 23,Chronos,0.29756906628608704
Sample 24,Moirai,0.9262535572052002
Sample 24,Time-MoE,0.07374648004770279
Sample 25,TimesFM,0.5360285639762878
Sample 25,Chronos,0.46397146582603455
Sample 26,Moirai,0.5923627018928528
Sample 26,TimesFM,0.4076372981071472
Sample 27,Chronos,0.6534824371337891
Sample 27,Timer,0.34651753306388855
Sample 28,Time-MoE,0.5519862174987793
Sample 28,TimesFM,0.4480137825012207
Sample 29,Timer,0.5646244287490845
Sample 29,TimesFM,0.4353756308555603
Sample 30,Time-MoE,0.6413851976394653
Sample 30,Timer,0.3586147725582123
Sample 31,Time-MoE,0.7705438137054443
Sample 31,Moirai,0.22945618629455566
Sample 0,Moirai,0.9028394222259521
Sample 0,Timer,0.09716057777404785
Sample 1,TimesFM,0.7018563151359558
Sample 1,Timer,0.2981436550617218
Sample 2,Time-MoE,0.8779718279838562
Sample 2,Chronos,0.12202813476324081
Sample 3,Timer,0.5671425461769104
Sample 3,TimesFM,0.4328574538230896
Sample 4,TimesFM,0.5739810466766357
Sample 4,Time-MoE,0.42601895332336426
Sample 5,TimesFM,0.6657137274742126
Sample 5,Chronos,0.33428633213043213
Sample 6,Timer,0.5192849040031433
Sample 6,Moirai,0.4807151257991791
Sample 7,Moirai,0.705514132976532
Sample 7,Time-MoE,0.29448583722114563
Sample 8,Moirai,0.8632088899612427
Sample 8,Time-MoE,0.13679106533527374
Sample 9,Timer,0.5085627436637878
Sample 9,TimesFM,0.49143722653388977
Sample 10,Moirai,0.5765177607536316
Sample 10,Timer,0.42348217964172363
Sample 11,Moirai,0.5185372829437256
Sample 11,TimesFM,0.481462687253952
Sample 12,Time-MoE,0.5017319917678833
Sample 12,Chronos,0.4982680082321167
Sample 13,Chronos,0.7009595036506653
Sample 13,TimesFM,0.2990404963493347
Sample 14,Chronos,0.7832069993019104
Sample 14,Time-MoE,0.21679304540157318
Sample 15,Moirai,0.7585326433181763
Sample 15,Timer,0.24146732687950134
Sample 16,Moirai,0.9603427052497864
Sample 16,Timer,0.03965725749731064
Sample 17,TimesFM,0.62167888879776
Sample 17,Timer,0.3783210813999176
Sample 18,Moirai,0.9535175561904907
Sample 18,Time-MoE,0.04648245498538017
Sample 19,Chronos,0.5139720439910889
Sample 19,TimesFM,0.48602795600891113
Sample 20,TimesFM,0.5794427394866943
Sample 20,Chronos,0.4205572307109833
Sample 21,Chronos,0.6320769190788269
Sample 21,Timer,0.3679231107234955
Sample 22,Timer,0.6559486389160156
Sample 22,TimesFM,0.34405142068862915
Sample 23,Time-MoE,0.824845016002655
Sample 23,Moirai,0.17515498399734497
Sample 24,Timer,0.5790929794311523
Sample 24,Moirai,0.42090699076652527
Sample 25,TimesFM,0.778136134147644
Sample 25,Chronos,0.22186388075351715
Sample 26,Time-MoE,0.8107655644416809
Sample 26,TimesFM,0.18923445045948029
Sample 27,Chronos,0.8810425400733948
Sample 27,TimesFM,0.11895745247602463
Sample 28,Moirai,0.5498908162117004
Sample 28,Time-MoE,0.45010918378829956
Sample 29,Chronos,0.5034920573234558
Sample 29,TimesFM,0.4965079426765442
Sample 30,TimesFM,0.7369641661643982
Sample 30,Timer,0.2630358338356018
Sample 31,Time-MoE,0.8364096879959106
Sample 31,Moirai,0.16359029710292816
Sample 0,Moirai,0.6356426477432251
Sample 0,Time-MoE,0.3643572926521301
Sample 1,Moirai,0.5385661125183105
Sample 1,Timer,0.46143391728401184
Sample 2,Timer,0.8212177753448486
Sample 2,Time-MoE,0.17878219485282898
Sample 3,Timer,0.5759772658348083
Sample 3,TimesFM,0.42402276396751404
Sample 4,Moirai,0.7015435099601746
Sample 4,Time-MoE,0.2984565496444702
Sample 5,Moirai,0.5375885963439941
Sample 5,Timer,0.46241140365600586
Sample 6,TimesFM,0.8847984075546265
Sample 6,Time-MoE,0.11520161479711533
Sample 7,Time-MoE,0.6796035766601562
Sample 7,Chronos,0.32039639353752136
Sample 8,Moirai,0.7920793294906616
Sample 8,Timer,0.20792070031166077
Sample 9,TimesFM,0.5779020190238953
Sample 9,Timer,0.4220980405807495
Sample 10,Chronos,0.5970248579978943
Sample 10,Timer,0.4029751121997833
Sample 11,Chronos,0.9590571522712708
Sample 11,TimesFM,0.04094289615750313
Sample 12,Time-MoE,0.610750138759613
Sample 12,Chronos,0.38924989104270935
Sample 13,TimesFM,0.5733858346939087
Sample 13,Chronos,0.4266142249107361
Sample 14,Chronos,0.6164080500602722
Sample 14,Timer,0.3835919499397278
Sample 15,Moirai,0.5684725046157837
Sample 15,Time-MoE,0.43152743577957153
Sample 16,Timer,0.5584423542022705
Sample 16,Moirai,0.4415576159954071
Sample 17,Timer,0.5216426849365234
Sample 17,Chronos,0.4783572852611542
Sample 18,Time-MoE,0.8598746657371521
Sample 18,Moirai,0.1401253044605255
Sample 19,Moirai,0.6914304494857788
Sample 19,Chronos,0.3085695505142212
Sample 20,Chronos,0.6048133969306946
Sample 20,Moirai,0.39518657326698303
Sample 21,Chronos,0.6840249300003052
Sample 21,TimesFM,0.3159750699996948
Sample 22,Timer,0.5379875898361206
Sample 22,Moirai,0.4620124101638794
Sample 23,Chronos,0.5922672748565674
Sample 23,TimesFM,0.40773269534111023
Sample 24,Moirai,0.8646714091300964
Sample 24,Time-MoE,0.13532860577106476
Sample 25,Timer,0.6967973113059998
Sample 25,Chronos,0.30320268869400024
Sample 26,Moirai,0.6718047261238098
Sample 26,Time-MoE,0.3281953036785126
Sample 27,Chronos,0.8906201720237732
Sample 27,Timer,0.10937980562448502
Sample 28,Moirai,0.5163916349411011
Sample 28,Time-MoE,0.4836083650588989
Sample 29,Chronos,0.5016148686408997
Sample 29,TimesFM,0.49838510155677795
Sample 30,TimesFM,0.6872415542602539
Sample 30,Timer,0.3127584755420685
Sample 31,Time-MoE,0.686261773109436
Sample 31,Moirai,0.3137381970882416
Sample 0,Moirai,0.8392319679260254
Sample 0,Timer,0.16076798737049103
Sample 1,Chronos,0.6426519155502319
Sample 1,TimesFM,0.35734808444976807
Sample 2,Moirai,0.6728861927986145
Sample 2,TimesFM,0.3271137773990631
Sample 3,Chronos,0.6779263615608215
Sample 3,TimesFM,0.3220736086368561
Sample 4,TimesFM,0.7383785247802734
Sample 4,Timer,0.26162147521972656
Sample 5,Moirai,0.5729545950889587
Sample 5,Chronos,0.42704537510871887
Sample 6,Time-MoE,0.5153430104255676
Sample 6,TimesFM,0.48465701937675476
Sample 7,Moirai,0.644085705280304
Sample 7,TimesFM,0.35591426491737366
Sample 8,Moirai,0.9670783877372742
Sample 8,Timer,0.03292161971330643
Sample 9,TimesFM,0.6717460751533508
Sample 9,Chronos,0.32825395464897156
Sample 10,TimesFM,0.6478245854377747
Sample 10,Moirai,0.35217538475990295
Sample 11,TimesFM,0.8627951741218567
Sample 11,Chronos,0.13720479607582092
Sample 12,Chronos,0.5604416728019714
Sample 12,Time-MoE,0.43955835700035095
Sample 13,TimesFM,0.5309168696403503
Sample 13,Timer,0.46908313035964966
Sample 14,Time-MoE,0.5775936841964722
Sample 14,Timer,0.4224063456058502
Sample 15,Moirai,0.608428955078125
Sample 15,Time-MoE,0.391571044921875
Sample 16,Moirai,0.9469955563545227
Sample 16,Time-MoE,0.0530044324696064
Sample 17,Timer,0.776584267616272
Sample 17,TimesFM,0.22341574728488922
Sample 18,Moirai,0.5659401416778564
Sample 18,TimesFM,0.43405982851982117
Sample 19,Chronos,0.7664236426353455
Sample 19,TimesFM,0.23357631266117096
Sample 20,Chronos,0.6482322812080383
Sample 20,Moirai,0.3517676889896393
Sample 21,Time-MoE,0.6921557784080505
Sample 21,Timer,0.30784428119659424
Sample 22,Time-MoE,0.55880206823349
Sample 22,Moirai,0.44119793176651
Sample 23,Time-MoE,0.8299943208694458
Sample 23,Chronos,0.1700056940317154
Sample 24,Moirai,0.9694498777389526
Sample 24,Time-MoE,0.030550166964530945
Sample 25,Timer,0.561296284198761
Sample 25,TimesFM,0.4387037456035614
Sample 26,Time-MoE,0.8123595118522644
Sample 26,Moirai,0.1876404881477356
Sample 27,Chronos,0.7620670199394226
Sample 27,TimesFM,0.2379329949617386
Sample 28,Moirai,0.8709030747413635
Sample 28,Timer,0.12909691035747528
Sample 29,TimesFM,0.633431613445282
Sample 29,Timer,0.36656835675239563
Sample 30,Chronos,0.5682045221328735
Sample 30,Timer,0.4317954480648041
Sample 31,Moirai,0.7471603155136108
Sample 31,Time-MoE,0.2528396546840668
Sample 0,Moirai,0.9132235646247864
Sample 0,Timer,0.08677642047405243
Sample 1,TimesFM,0.5678985118865967
Sample 1,Moirai,0.4321014881134033
Sample 2,Time-MoE,0.7313242554664612
Sample 2,Moirai,0.2686757743358612
Sample 3,TimesFM,0.5974501967430115
Sample 3,Chronos,0.40254977345466614
Sample 4,Chronos,0.5684483647346497
Sample 4,Timer,0.43155166506767273
Sample 5,Time-MoE,0.7750917077064514
Sample 5,Timer,0.2249082773923874
Sample 6,Timer,0.6752094626426697
Sample 6,Time-MoE,0.3247905373573303
Sample 7,Time-MoE,0.5805221796035767
Sample 7,Moirai,0.41947779059410095
Sample 8,Moirai,0.8011783361434937
Sample 8,Timer,0.19882170855998993
Sample 9,Chronos,0.564136266708374
Sample 9,Timer,0.43586376309394836
Sample 10,Time-MoE,0.9463067650794983
Sample 10,Timer,0.053693242371082306
Sample 11,Chronos,0.5904040336608887
Sample 11,Moirai,0.40959593653678894
Sample 12,Moirai,0.7321538925170898
Sample 12,Chronos,0.26784613728523254
Sample 13,Chronos,0.5175666809082031
Sample 13,TimesFM,0.4824333190917969
Sample 14,TimesFM,0.8451831936836243
Sample 14,Timer,0.15481679141521454
Sample 15,TimesFM,0.7220214605331421
Sample 15,Moirai,0.2779785096645355
Sample 16,Moirai,0.6883106231689453
Sample 16,Chronos,0.3116894066333771
Sample 17,TimesFM,0.651017427444458
Sample 17,Timer,0.34898263216018677
Sample 18,Moirai,0.5300374031066895
Sample 18,TimesFM,0.46996262669563293
Sample 19,TimesFM,0.576656699180603
Sample 19,Chronos,0.4233432710170746
Sample 20,Time-MoE,0.5502962470054626
Sample 20,Moirai,0.44970372319221497
Sample 21,Chronos,0.621450662612915
Sample 21,TimesFM,0.3785493075847626
Sample 22,Timer,0.5216145515441895
Sample 22,TimesFM,0.4783855080604553
Sample 23,Time-MoE,0.8118466138839722
Sample 23,TimesFM,0.1881534457206726
Sample 24,Moirai,0.9927916526794434
Sample 24,Timer,0.007208351045846939
Sample 25,Timer,0.5128908753395081
Sample 25,TimesFM,0.48710909485816956
Sample 26,Timer,0.7084361910820007
Sample 26,Time-MoE,0.29156380891799927
Sample 27,TimesFM,0.744108259677887
Sample 27,Chronos,0.25589168071746826
Sample 28,Moirai,0.6061705946922302
Sample 28,Time-MoE,0.3938293755054474
Sample 29,Moirai,0.5737992525100708
Sample 29,Timer,0.4262007474899292
Sample 30,TimesFM,0.5872278213500977
Sample 30,Timer,0.41277214884757996
Sample 31,Time-MoE,0.6847661137580872
Sample 31,Moirai,0.3152339458465576
Sample 0,Moirai,0.9422396421432495
Sample 0,Chronos,0.05776030570268631
Sample 1,TimesFM,0.7322729229927063
Sample 1,Timer,0.2677270770072937
Sample 2,Chronos,0.5374858379364014
Sample 2,TimesFM,0.46251413226127625
Sample 3,Timer,0.5538724660873413
Sample 3,TimesFM,0.4461275041103363
Sample 4,Moirai,0.9288700819015503
Sample 4,Chronos,0.07112996280193329
Sample 5,Timer,0.5565014481544495
Sample 5,TimesFM,0.44349852204322815
Sample 6,Timer,0.6180674433708191
Sample 6,TimesFM,0.38193249702453613
Sample 7,TimesFM,0.5499516725540161
Sample 7,Time-MoE,0.4500483274459839
Sample 8,Moirai,0.8892744779586792
Sample 8,Time-MoE,0.1107255145907402
Sample 9,Chronos,0.6590797305107117
Sample 9,Timer,0.34092026948928833
Sample 10,Moirai,0.5619856715202332
Sample 10,Timer,0.43801435828208923
Sample 11,Timer,0.660698413848877
Sample 11,TimesFM,0.33930161595344543
Sample 12,TimesFM,0.7394616007804871
Sample 12,Timer,0.26053836941719055
Sample 13,TimesFM,0.5411089062690735
Sample 13,Chronos,0.4588911235332489
Sample 14,Moirai,0.6777342557907104
Sample 14,Timer,0.3222658038139343
Sample 15,Time-MoE,0.590766191482544
Sample 15,Moirai,0.40923380851745605
Sample 16,Moirai,0.6385170817375183
Sample 16,Time-MoE,0.3614829182624817
Sample 17,Timer,0.5214172601699829
Sample 17,Chronos,0.4785827100276947
Sample 18,Moirai,0.7600626945495605
Sample 18,Time-MoE,0.23993730545043945
Sample 19,Timer,0.5819523334503174
Sample 19,TimesFM,0.41804763674736023
Sample 20,TimesFM,0.553848922252655
Sample 20,Time-MoE,0.4461510479450226
Sample 21,Chronos,0.6065771579742432
Sample 21,Timer,0.3934228718280792
Sample 22,Time-MoE,0.702781617641449
Sample 22,Timer,0.297218382358551
Sample 23,Moirai,0.6414269804954529
Sample 23,Time-MoE,0.3585730493068695
Sample 24,Moirai,0.7788009643554688
Sample 24,Timer,0.22119900584220886
Sample 25,Timer,0.6264747977256775
Sample 25,TimesFM,0.3735252022743225
Sample 26,Time-MoE,0.846210241317749
Sample 26,Timer,0.15378978848457336
Sample 27,Chronos,0.6290438771247864
Sample 27,Timer,0.3709561228752136
Sample 28,Time-MoE,0.9042969942092896
Sample 28,Timer,0.09570294618606567
Sample 29,TimesFM,0.5927530527114868
Sample 29,Chronos,0.4072469472885132
Sample 30,Time-MoE,0.774201512336731
Sample 30,Moirai,0.22579845786094666
Sample 31,Time-MoE,0.8610279560089111
Sample 31,Chronos,0.13897204399108887
Sample 0,TimesFM,0.5131686329841614
Sample 0,Timer,0.4868313670158386
Sample 1,TimesFM,0.6125578284263611
Sample 1,Chronos,0.38744214177131653
Sample 2,Time-MoE,0.8501121997833252
Sample 2,Timer,0.149887815117836
Sample 3,TimesFM,0.5080133676528931
Sample 3,Chronos,0.49198663234710693
Sample 4,Time-MoE,0.9214186072349548
Sample 4,TimesFM,0.07858140766620636
Sample 5,Timer,0.6770985126495361
Sample 5,Moirai,0.32290151715278625
Sample 6,TimesFM,0.6417414546012878
Sample 6,Timer,0.35825860500335693
Sample 7,Time-MoE,0.7585160732269287
Sample 7,Chronos,0.2414839267730713
Sample 8,Moirai,0.9363340139389038
Sample 8,Timer,0.06366601586341858
Sample 9,Timer,0.6375063061714172
Sample 9,Chronos,0.36249372363090515
Sample 10,Time-MoE,0.9043377637863159
Sample 10,Moirai,0.09566222876310349
Sample 11,Chronos,0.6200795769691467
Sample 11,TimesFM,0.3799203932285309
Sample 12,Time-MoE,0.5647304058074951
Sample 12,Moirai,0.43526962399482727
Sample 13,Chronos,0.5879574418067932
Sample 13,Timer,0.4120425581932068
Sample 14,TimesFM,0.5338939428329468
Sample 14,Time-MoE,0.46610602736473083
Sample 15,Time-MoE,0.7161396145820618
Sample 15,Moirai,0.28386038541793823
Sample 0,Moirai,0.9936700463294983
Sample 0,Timer,0.006330013740807772
Sample 1,TimesFM,0.5282027721405029
Sample 1,Timer,0.47179722785949707
Sample 2,Chronos,0.7413697242736816
Sample 2,Timer,0.25863030552864075
Sample 3,Chronos,0.5628407001495361
Sample 3,TimesFM,0.4371592700481415
Sample 4,Time-MoE,0.5146855711936951
Sample 4,Timer,0.48531439900398254
Sample 5,Timer,0.6668036580085754
Sample 5,TimesFM,0.33319634199142456
Sample 6,Chronos,0.6950067281723022
Sample 6,Timer,0.30499330163002014
Sample 7,Moirai,0.7189169526100159
Sample 7,Time-MoE,0.28108304738998413
Sample 8,Moirai,0.8981615304946899
Sample 8,Timer,0.10183847695589066
Sample 9,TimesFM,0.8092929720878601
Sample 9,Chronos,0.19070707261562347
Sample 10,Time-MoE,0.6626818776130676
Sample 10,Timer,0.33731815218925476
Sample 11,TimesFM,0.7126558423042297
Sample 11,Timer,0.2873440980911255
Sample 12,Moirai,0.6103578209877014
Sample 12,Time-MoE,0.3896421492099762
Sample 13,TimesFM,0.6169816255569458
Sample 13,Timer,0.3830184042453766
Sample 14,Time-MoE,0.6938125491142273
Sample 14,TimesFM,0.3061874508857727
Sample 15,Moirai,0.6539245843887329
Sample 15,TimesFM,0.3460754156112671
Sample 16,Moirai,0.5509855151176453
Sample 16,Time-MoE,0.44901448488235474
Sample 17,TimesFM,0.5980040431022644
Sample 17,Timer,0.4019959568977356
Sample 18,Moirai,0.6508929133415222
Sample 18,Time-MoE,0.34910711646080017
Sample 19,Chronos,0.7528454065322876
Sample 19,TimesFM,0.2471545934677124
Sample 20,Timer,0.5374519228935242
Sample 20,Chronos,0.46254807710647583
Sample 21,Chronos,0.7078410387039185
Sample 21,Timer,0.29215896129608154
Sample 22,Time-MoE,0.7926867008209229
Sample 22,Chronos,0.20731328427791595
Sample 23,TimesFM,0.5764527916908264
Sample 23,Chronos,0.42354723811149597
Sample 24,Moirai,0.8224266767501831
Sample 24,Time-MoE,0.1775733232498169
Sample 25,Timer,0.6318277716636658
Sample 25,Chronos,0.36817219853401184
Sample 26,TimesFM,0.612602710723877
Sample 26,Timer,0.38739722967147827
Sample 27,Chronos,0.5578524470329285
Sample 27,Moirai,0.44214752316474915
Sample 28,Time-MoE,0.668150782585144
Sample 28,Chronos,0.33184921741485596
Sample 29,Timer,0.651913046836853
Sample 29,TimesFM,0.348086953163147
Sample 30,Time-MoE,0.7777611017227173
Sample 30,TimesFM,0.22223889827728271
Sample 31,TimesFM,0.5202324986457825
Sample 31,Moirai,0.47976750135421753
Sample 0,Moirai,0.6925317645072937
Sample 0,Chronos,0.3074682056903839
Sample 1,Timer,0.594646155834198
Sample 1,TimesFM,0.405353844165802
Sample 2,Time-MoE,0.5975882411003113
Sample 2,Moirai,0.4024117588996887
Sample 3,TimesFM,0.5406965613365173
Sample 3,Chronos,0.45930343866348267
Sample 4,Chronos,0.5769283771514893
Sample 4,TimesFM,0.42307165265083313
Sample 5,TimesFM,0.7565490007400513
Sample 5,Moirai,0.24345095455646515
Sample 6,Moirai,0.547327995300293
Sample 6,Chronos,0.4526720345020294
Sample 7,Timer,0.6162524223327637
Sample 7,Time-MoE,0.38374757766723633
Sample 8,Moirai,0.9161660671234131
Sample 8,Time-MoE,0.0838339701294899
Sample 9,TimesFM,0.8639163374900818
Sample 9,Timer,0.13608361780643463
Sample 10,Time-MoE,0.7922265529632568
Sample 10,Timer,0.20777343213558197
Sample 11,Chronos,0.7139241099357605
Sample 11,TimesFM,0.2860759496688843
Sample 12,Time-MoE,0.6876801252365112
Sample 12,Chronos,0.31231990456581116
Sample 13,TimesFM,0.9071641564369202
Sample 13,Timer,0.09283585846424103
Sample 14,TimesFM,0.6414916515350342
Sample 14,Chronos,0.35850831866264343
Sample 15,Moirai,0.6729744672775269
Sample 15,Chronos,0.32702553272247314
Sample 16,Moirai,0.8043870329856873
Sample 16,Time-MoE,0.19561295211315155
Sample 17,TimesFM,0.539075493812561
Sample 17,Timer,0.4609244763851166
Sample 18,Time-MoE,0.5916620492935181
Sample 18,Moirai,0.40833792090415955
Sample 19,Chronos,0.6642173528671265
Sample 19,Timer,0.33578264713287354
Sample 20,TimesFM,0.5906115174293518
Sample 20,Timer,0.4093885123729706
Sample 21,TimesFM,0.7004371285438538
Sample 21,Chronos,0.29956287145614624
Sample 22,Time-MoE,0.5389066934585571
Sample 22,Timer,0.46109330654144287
Sample 23,Time-MoE,0.6270462870597839
Sample 23,TimesFM,0.37295371294021606
Sample 24,Moirai,0.6145309209823608
Sample 24,Timer,0.38546907901763916
Sample 25,TimesFM,0.7253695726394653
Sample 25,Timer,0.27463042736053467
Sample 26,Timer,0.6744892001152039
Sample 26,Moirai,0.32551079988479614
Sample 27,Chronos,0.7154909372329712
Sample 27,TimesFM,0.2845090627670288
Sample 28,Chronos,0.6626930236816406
Sample 28,Moirai,0.33730703592300415
Sample 29,TimesFM,0.5995018482208252
Sample 29,Chronos,0.4004981517791748
Sample 30,Time-MoE,0.7655031085014343
Sample 30,Timer,0.23449690639972687
Sample 31,Moirai,0.6860364079475403
Sample 31,TimesFM,0.3139635920524597
Sample 0,Moirai,0.7167274355888367
Sample 0,Time-MoE,0.2832725942134857
Sample 1,Moirai,0.5259023308753967
Sample 1,Timer,0.47409769892692566
Sample 2,Time-MoE,0.896905779838562
Sample 2,Timer,0.10309426486492157
Sample 3,TimesFM,0.6078034043312073
Sample 3,Timer,0.3921966254711151
Sample 4,Moirai,0.5587260127067566
Sample 4,Time-MoE,0.4412740468978882
Sample 5,Time-MoE,0.9602492451667786
Sample 5,Timer,0.039750777184963226
Sample 6,TimesFM,0.5247101783752441
Sample 6,Time-MoE,0.47528979182243347
Sample 7,Time-MoE,0.7497637271881104
Sample 7,Moirai,0.25023624300956726
Sample 8,Moirai,0.6174359321594238
Sample 8,Time-MoE,0.38256406784057617
Sample 9,TimesFM,0.7115107774734497
Sample 9,Timer,0.28848928213119507
Sample 10,Timer,0.7432928681373596
Sample 10,TimesFM,0.256707102060318
Sample 11,Chronos,0.9059624671936035
Sample 11,TimesFM,0.09403755515813828
Sample 12,Time-MoE,0.6256495714187622
Sample 12,Timer,0.3743504285812378
Sample 13,TimesFM,0.6086264848709106
Sample 13,Timer,0.39137351512908936
Sample 14,Timer,0.6284846663475037
Sample 14,TimesFM,0.37151533365249634
Sample 15,Time-MoE,0.620246946811676
Sample 15,Moirai,0.379753053188324
Sample 16,Moirai,0.5124898552894592
Sample 16,Chronos,0.4875101149082184
Sample 17,Chronos,0.8550001382827759
Sample 17,TimesFM,0.1449999064207077
Sample 18,Time-MoE,0.6413763761520386
Sample 18,Timer,0.35862359404563904
Sample 19,Moirai,0.5685150027275085
Sample 19,TimesFM,0.43148502707481384
Sample 20,Moirai,0.7328833937644958
Sample 20,Chronos,0.26711660623550415
Sample 21,TimesFM,0.6356186866760254
Sample 21,Timer,0.3643813133239746
Sample 22,Moirai,0.5061411261558533
Sample 22,Timer,0.4938589036464691
Sample 23,Time-MoE,0.5628655552864075
Sample 23,Chronos,0.4371345043182373
Sample 24,Moirai,0.899700403213501
Sample 24,Time-MoE,0.10029958188533783
Sample 25,TimesFM,0.5622666478157043
Sample 25,Timer,0.43773338198661804
Sample 26,Time-MoE,0.9578829407691956
Sample 26,Timer,0.04211711511015892
Sample 27,Chronos,0.9306967258453369
Sample 27,TimesFM,0.06930321455001831
Sample 28,Time-MoE,0.5352249145507812
Sample 28,Timer,0.46477505564689636
Sample 29,TimesFM,0.8826084136962891
Sample 29,Chronos,0.11739156395196915
Sample 30,Time-MoE,0.5889080166816711
Sample 30,Chronos,0.41109198331832886
Sample 31,Moirai,0.574980616569519
Sample 31,Time-MoE,0.42501938343048096
Sample 0,Moirai,0.9849737882614136
Sample 0,Timer,0.015026240609586239
Sample 1,TimesFM,0.8219674229621887
Sample 1,Timer,0.1780325472354889
Sample 2,Moirai,0.6663773059844971
Sample 2,TimesFM,0.33362266421318054
Sample 3,Chronos,0.5979543924331665
Sample 3,TimesFM,0.4020455479621887
Sample 4,TimesFM,0.5504350662231445
Sample 4,Timer,0.44956496357917786
Sample 5,Moirai,0.7372972369194031
Sample 5,Chronos,0.2627027630805969
Sample 6,Time-MoE,0.5487570762634277
Sample 6,Timer,0.45124292373657227
Sample 7,Time-MoE,0.6916635632514954
Sample 7,Moirai,0.30833640694618225
Sample 8,Moirai,0.9771612882614136
Sample 8,Time-MoE,0.022838760167360306
Sample 9,Chronos,0.5159636735916138
Sample 9,Timer,0.48403629660606384
Sample 10,Time-MoE,0.5535057187080383
Sample 10,Moirai,0.4464942514896393
Sample 11,Chronos,0.6973112225532532
Sample 11,TimesFM,0.30268874764442444
Sample 12,Moirai,0.6699790954589844
Sample 12,Chronos,0.3300209045410156
Sample 13,Time-MoE,0.645607590675354
Sample 13,Timer,0.3543923795223236
Sample 14,Timer,0.5993176102638245
Sample 14,Time-MoE,0.40068233013153076
Sample 15,Moirai,0.5556972026824951
Sample 15,Chronos,0.44430282711982727
Sample 16,Moirai,0.98055499792099
Sample 16,Timer,0.019444964826107025
Sample 17,TimesFM,0.7995104789733887
Sample 17,Time-MoE,0.20048953592777252
Sample 18,Moirai,0.5614917874336243
Sample 18,Chronos,0.43850821256637573
Sample 19,Chronos,0.8360347747802734
Sample 19,TimesFM,0.16396528482437134
Sample 20,Time-MoE,0.6770344376564026
Sample 20,Moirai,0.3229655623435974
Sample 21,Timer,0.5820265412330627
Sample 21,Time-MoE,0.41797348856925964
Sample 22,Time-MoE,0.7907517552375793
Sample 22,TimesFM,0.20924824476242065
Sample 23,Time-MoE,0.8528950810432434
Sample 23,Moirai,0.1471049040555954
Sample 24,Moirai,0.959408700466156
Sample 24,Chronos,0.040591347962617874
Sample 25,TimesFM,0.6563026905059814
Sample 25,Timer,0.34369733929634094
Sample 26,Time-MoE,0.9842658042907715
Sample 26,Moirai,0.01573418453335762
Sample 27,TimesFM,0.7149626016616821
Sample 27,Chronos,0.28503739833831787
Sample 28,Moirai,0.798172116279602
Sample 28,Time-MoE,0.20182783901691437
Sample 29,TimesFM,0.5895719528198242
Sample 29,Chronos,0.41042807698249817
Sample 30,Time-MoE,0.6148677468299866
Sample 30,TimesFM,0.3851322531700134
Sample 31,Time-MoE,0.5178676843643188
Sample 31,Moirai,0.48213228583335876
Sample 0,Moirai,0.8138821721076965
Sample 0,Timer,0.18611778318881989
Sample 1,TimesFM,0.6864598393440247
Sample 1,Timer,0.31354010105133057
Sample 2,Time-MoE,0.6027235984802246
Sample 2,Timer,0.39727646112442017
Sample 3,Chronos,0.5677356123924255
Sample 3,TimesFM,0.43226444721221924
Sample 4,TimesFM,0.6022262573242188
Sample 4,Time-MoE,0.39777377247810364
Sample 5,Timer,0.5766382217407227
Sample 5,Moirai,0.42336171865463257
Sample 6,Timer,0.633224368095398
Sample 6,TimesFM,0.36677560210227966
Sample 7,Time-MoE,0.620642364025116
Sample 7,Moirai,0.37935763597488403
Sample 8,Moirai,0.7566540241241455
Sample 8,Timer,0.2433459311723709
Sample 9,Chronos,0.8275499939918518
Sample 9,TimesFM,0.17244994640350342
Sample 10,Time-MoE,0.9891770482063293
Sample 10,Timer,0.010823016986250877
Sample 11,Chronos,0.7959117889404297
Sample 11,TimesFM,0.2040882408618927
Sample 12,Moirai,0.6983188390731812
Sample 12,Time-MoE,0.3016812205314636
Sample 13,TimesFM,0.6773597002029419
Sample 13,Timer,0.3226403295993805
Sample 14,Time-MoE,0.7720656991004944
Sample 14,TimesFM,0.2279343605041504
Sample 15,Chronos,0.5819584131240845
Sample 15,Timer,0.41804155707359314
Sample 16,Moirai,0.6437972784042358
Sample 16,Chronos,0.3562026917934418
Sample 17,Time-MoE,0.6742624044418335
Sample 17,Timer,0.3257375657558441
Sample 18,Time-MoE,0.6492751836776733
Sample 18,TimesFM,0.35072487592697144
Sample 19,TimesFM,0.7535940408706665
Sample 19,Chronos,0.2464059293270111
Sample 20,Chronos,0.5351153016090393
Sample 20,Moirai,0.4648846685886383
Sample 21,TimesFM,0.7210659980773926
Sample 21,Chronos,0.27893397212028503
Sample 22,Time-MoE,0.6122339963912964
Sample 22,Timer,0.3877660036087036
Sample 23,Time-MoE,0.6287616491317749
Sample 23,Moirai,0.3712383508682251
Sample 24,Moirai,0.9778034687042236
Sample 24,Timer,0.022196583449840546
Sample 25,Timer,0.5928987860679626
Sample 25,Chronos,0.40710127353668213
Sample 26,Time-MoE,0.7241000533103943
Sample 26,Moirai,0.2758999764919281
Sample 27,TimesFM,0.80116206407547
Sample 27,Moirai,0.19883792102336884
Sample 28,Moirai,0.5024975538253784
Sample 28,Time-MoE,0.4975024461746216
Sample 29,Time-MoE,0.5061447620391846
Sample 29,Timer,0.4938552975654602
Sample 30,Timer,0.5694171786308289
Sample 30,Time-MoE,0.43058285117149353
Sample 31,Moirai,0.5561779141426086
Sample 31,Time-MoE,0.44382205605506897
Sample 0,Moirai,0.5852966904640198
Sample 0,Chronos,0.4147033393383026
Sample 1,Timer,0.5489450097084045
Sample 1,Chronos,0.45105496048927307
Sample 2,Time-MoE,0.5116199254989624
Sample 2,TimesFM,0.4883800745010376
Sample 3,TimesFM,0.6129919290542603
Sample 3,Chronos,0.3870081305503845
Sample 4,Timer,0.574068009853363
Sample 4,Chronos,0.42593199014663696
Sample 5,Time-MoE,0.5732467770576477
Sample 5,Timer,0.4267531931400299
Sample 6,Time-MoE,0.5807240009307861
Sample 6,Timer,0.4192759692668915
Sample 7,Moirai,0.9729552268981934
Sample 7,Chronos,0.02704475447535515
Sample 8,Moirai,0.9543442726135254
Sample 8,Timer,0.04565570130944252
Sample 9,TimesFM,0.722876250743866
Sample 9,Moirai,0.27712374925613403
Sample 10,Time-MoE,0.5223294496536255
Sample 10,Moirai,0.4776705205440521
Sample 11,Chronos,0.5977585911750793
Sample 11,Timer,0.40224137902259827
Sample 12,Time-MoE,0.5113285779953003
Sample 12,Timer,0.4886713922023773
Sample 13,Chronos,0.9318903684616089
Sample 13,Time-MoE,0.06810960918664932
Sample 14,Moirai,0.9272748827934265
Sample 14,Timer,0.07272510230541229
Sample 15,Time-MoE,0.6258968710899353
Sample 15,TimesFM,0.3741031587123871
Sample 16,Moirai,0.9850468635559082
Sample 16,Timer,0.014953074976801872
Sample 17,TimesFM,0.5622338652610779
Sample 17,Chronos,0.4377661347389221
Sample 18,Time-MoE,0.5323585271835327
Sample 18,Moirai,0.4676414728164673
Sample 19,Moirai,0.5339216589927673
Sample 19,Chronos,0.46607834100723267
Sample 20,TimesFM,0.5920578241348267
Sample 20,Time-MoE,0.40794214606285095
Sample 21,Timer,0.5768566727638245
Sample 21,TimesFM,0.4231433868408203
Sample 22,Time-MoE,0.5765089988708496
Sample 22,Moirai,0.4234910011291504
Sample 23,Moirai,0.6673301458358765
Sample 23,Chronos,0.3326699137687683
Sample 24,Moirai,0.8165299296379089
Sample 24,Timer,0.18347010016441345
Sample 25,TimesFM,0.7589213252067566
Sample 25,Chronos,0.24107865989208221
Sample 26,Time-MoE,0.774061381816864
Sample 26,TimesFM,0.225938618183136
Sample 27,TimesFM,0.736735999584198
Sample 27,Moirai,0.2632640302181244
Sample 28,Timer,0.5430163741111755
Sample 28,Time-MoE,0.4569835960865021
Sample 29,TimesFM,0.9417954683303833
Sample 29,Timer,0.05820455774664879
Sample 30,Time-MoE,0.7627102136611938
Sample 30,Moirai,0.23728977143764496
Sample 31,Chronos,0.5777379870414734
Sample 31,Time-MoE,0.42226195335388184
Sample 0,Moirai,0.604446291923523
Sample 0,Chronos,0.39555370807647705
Sample 1,Chronos,0.5101836323738098
Sample 1,Time-MoE,0.4898163080215454
Sample 2,Time-MoE,0.9760949611663818
Sample 2,Moirai,0.023905059322714806
Sample 3,Chronos,0.6343062520027161
Sample 3,TimesFM,0.3656937777996063
Sample 4,Time-MoE,0.7130876779556274
Sample 4,Chronos,0.28691232204437256
Sample 5,TimesFM,0.602495551109314
Sample 5,Chronos,0.3975045084953308
Sample 6,Timer,0.7113041281700134
Sample 6,Chronos,0.2886958420276642
Sample 7,Time-MoE,0.739845871925354
Sample 7,Moirai,0.260154128074646
Sample 8,Moirai,0.9521321654319763
Sample 8,Timer,0.047867801040410995
Sample 9,Chronos,0.5658368468284607
Sample 9,Timer,0.4341631531715393
Sample 10,Time-MoE,0.8917527198791504
Sample 10,TimesFM,0.1082473024725914
Sample 11,Chronos,0.6000991463661194
Sample 11,TimesFM,0.3999008238315582
Sample 12,Time-MoE,0.6651115417480469
Sample 12,Moirai,0.3348884880542755
Sample 13,Timer,0.5054157972335815
Sample 13,Time-MoE,0.49458420276641846
Sample 14,Time-MoE,0.5176361799240112
Sample 14,Timer,0.4823637902736664
Sample 15,Timer,0.8158639073371887
Sample 15,Moirai,0.18413615226745605
Sample 0,Moirai,0.9463385343551636
Sample 0,Timer,0.05366140231490135
Sample 1,TimesFM,0.5083723664283752
Sample 1,Time-MoE,0.49162757396698
Sample 2,TimesFM,0.7211660146713257
Sample 2,Chronos,0.2788339853286743
Sample 3,TimesFM,0.6862757205963135
Sample 3,Timer,0.3137243092060089
Sample 4,Timer,0.5274970531463623
Sample 4,Time-MoE,0.4725029468536377
Sample 5,Chronos,0.6267682313919067
Sample 5,Timer,0.37323176860809326
Sample 6,Time-MoE,0.6917763948440552
Sample 6,TimesFM,0.30822354555130005
Sample 7,Time-MoE,0.5499974489212036
Sample 7,Moirai,0.4500025510787964
Sample 8,Moirai,0.9369710087776184
Sample 8,Timer,0.06302891671657562
Sample 9,TimesFM,0.7673083543777466
Sample 9,Chronos,0.2326916754245758
Sample 10,Time-MoE,0.9372812509536743
Sample 10,Moirai,0.06271877139806747
Sample 11,Chronos,0.582496166229248
Sample 11,TimesFM,0.41750380396842957
Sample 12,Moirai,0.7114608883857727
Sample 12,Time-MoE,0.2885390520095825
Sample 13,TimesFM,0.8923845291137695
Sample 13,Timer,0.10761547833681107
Sample 14,Time-MoE,0.9589636325836182
Sample 14,Timer,0.041036348789930344
Sample 15,Timer,0.664670467376709
Sample 15,Moirai,0.335329532623291
Sample 16,Moirai,0.9409130811691284
Sample 16,Timer,0.05908695608377457
Sample 17,Chronos,0.6028895974159241
Sample 17,TimesFM,0.39711037278175354
Sample 18,Time-MoE,0.6391223073005676
Sample 18,Moirai,0.3608776926994324
Sample 19,Timer,0.5694918632507324
Sample 19,Moirai,0.4305081367492676
Sample 20,Time-MoE,0.8943850994110107
Sample 20,Timer,0.10561487078666687
Sample 21,TimesFM,0.5904955267906189
Sample 21,Timer,0.4095044732093811
Sample 22,Time-MoE,0.8168761134147644
Sample 22,TimesFM,0.1831238865852356
Sample 23,Chronos,0.631246030330658
Sample 23,Time-MoE,0.3687540292739868
Sample 24,Moirai,0.6846886277198792
Sample 24,Time-MoE,0.31531137228012085
Sample 25,Chronos,0.5484051704406738
Sample 25,Moirai,0.45159485936164856
Sample 26,TimesFM,0.5456193089485168
Sample 26,Moirai,0.45438066124916077
Sample 27,Chronos,0.6083229780197144
Sample 27,Moirai,0.39167702198028564
Sample 28,Time-MoE,0.720801055431366
Sample 28,Chronos,0.27919888496398926
Sample 29,Chronos,0.5261080265045166
Sample 29,Timer,0.4738919734954834
Sample 30,Time-MoE,0.730640172958374
Sample 30,Timer,0.269359827041626
Sample 31,Moirai,0.5069447159767151
Sample 31,Time-MoE,0.4930553138256073
Sample 0,Moirai,0.521975040435791
Sample 0,Chronos,0.4780249297618866
Sample 1,Chronos,0.5081992149353027
Sample 1,TimesFM,0.4918007552623749
Sample 2,Chronos,0.7606431245803833
Sample 2,Timer,0.2393568903207779
Sample 3,TimesFM,0.6585839986801147
Sample 3,Chronos,0.34141606092453003
Sample 4,TimesFM,0.6483879089355469
Sample 4,Chronos,0.3516121208667755
Sample 5,TimesFM,0.5000269412994385
Sample 5,Chronos,0.4999730885028839
Sample 6,Time-MoE,0.5317092537879944
Sample 6,Timer,0.468290776014328
Sample 7,Moirai,0.9022263884544373
Sample 7,Time-MoE,0.09777357429265976
Sample 8,Time-MoE,0.5812763571739197
Sample 8,Moirai,0.4187237024307251
Sample 9,Chronos,0.6906124353408813
Sample 9,Time-MoE,0.30938756465911865
Sample 10,Time-MoE,0.7300077676773071
Sample 10,Moirai,0.26999229192733765
Sample 11,Chronos,0.5896155834197998
Sample 11,TimesFM,0.4103844165802002
Sample 12,TimesFM,0.7276906967163086
Sample 12,Chronos,0.2723093330860138
Sample 13,TimesFM,0.6005240678787231
Sample 13,Moirai,0.3994758725166321
Sample 14,TimesFM,0.7849382758140564
Sample 14,Time-MoE,0.2150617092847824
Sample 15,Moirai,0.7451831102371216
Sample 15,Time-MoE,0.2548169195652008
Sample 16,Moirai,0.5552937388420105
Sample 16,Time-MoE,0.4447062313556671
Sample 17,TimesFM,0.6874920129776001
Sample 17,Timer,0.3125079870223999
Sample 18,Moirai,0.9208752512931824
Sample 18,Time-MoE,0.07912477850914001
Sample 19,TimesFM,0.7696302533149719
Sample 19,Timer,0.23036973178386688
Sample 20,Timer,0.513496458530426
Sample 20,TimesFM,0.4865035116672516
Sample 21,TimesFM,0.5979339480400085
Sample 21,Time-MoE,0.40206602215766907
Sample 22,Moirai,0.5416122674942017
Sample 22,Time-MoE,0.45838773250579834
Sample 23,TimesFM,0.5809464454650879
Sample 23,Time-MoE,0.4190535545349121
Sample 24,Moirai,0.9489719271659851
Sample 24,Timer,0.051028136163949966
Sample 25,TimesFM,0.6208071112632751
Sample 25,Timer,0.3791928291320801
Sample 26,Time-MoE,0.9578403830528259
Sample 26,TimesFM,0.04215957224369049
Sample 27,Chronos,0.7605119943618774
Sample 27,TimesFM,0.23948796093463898
Sample 28,Chronos,0.5172712802886963
Sample 28,Time-MoE,0.4827286899089813
Sample 29,Timer,0.666261613368988
Sample 29,Chronos,0.33373844623565674
Sample 30,Time-MoE,0.7423217296600342
Sample 30,Timer,0.2576783001422882
Sample 31,Moirai,0.7035620808601379
Sample 31,Time-MoE,0.29643794894218445
Sample 0,Moirai,0.8318837881088257
Sample 0,Time-MoE,0.16811616718769073
Sample 1,TimesFM,0.5254929661750793
Sample 1,Chronos,0.47450700402259827
Sample 2,Time-MoE,0.8456282019615173
Sample 2,TimesFM,0.15437178313732147
Sample 3,Timer,0.6427574753761292
Sample 3,TimesFM,0.35724252462387085
Sample 4,Moirai,0.9118536114692688
Sample 4,Time-MoE,0.08814646303653717
Sample 5,Time-MoE,0.8549984097480774
Sample 5,Timer,0.145001620054245
Sample 6,Chronos,0.7838456630706787
Sample 6,Time-MoE,0.21615435183048248
Sample 7,Timer,0.7268674969673157
Sample 7,Moirai,0.2731325030326843
Sample 8,Moirai,0.6156616806983948
Sample 8,Timer,0.38433828949928284
Sample 9,Timer,0.5018928050994873
Sample 9,TimesFM,0.4981071650981903
Sample 10,Time-MoE,0.5254809260368347
Sample 10,Timer,0.4745190739631653
Sample 11,Chronos,0.9205750823020935
Sample 11,TimesFM,0.07942485809326172
Sample 12,Timer,0.7650789022445679
Sample 12,Chronos,0.2349211424589157
Sample 13,Time-MoE,0.5665287971496582
Sample 13,TimesFM,0.433471143245697
Sample 14,Time-MoE,0.694840669631958
Sample 14,Chronos,0.3051593005657196
Sample 15,Moirai,0.5920993089675903
Sample 15,Timer,0.40790075063705444
Sample 16,Chronos,0.5594806671142578
Sample 16,Moirai,0.4405193626880646
Sample 17,TimesFM,0.7408540844917297
Sample 17,Chronos,0.25914591550827026
Sample 18,Time-MoE,0.9433143734931946
Sample 18,Moirai,0.056685641407966614
Sample 19,Moirai,0.7186355590820312
Sample 19,Chronos,0.28136441111564636
Sample 20,Moirai,0.7813565731048584
Sample 20,Chronos,0.2186434268951416
Sample 21,Chronos,0.7337649464607239
Sample 21,Timer,0.26623499393463135
Sample 22,Time-MoE,0.8101916313171387
Sample 22,Moirai,0.1898084133863449
Sample 23,Chronos,0.6706187129020691
Sample 23,TimesFM,0.3293812870979309
Sample 24,Moirai,0.5471222400665283
Sample 24,Time-MoE,0.45287781953811646
Sample 25,Chronos,0.60564124584198
Sample 25,Timer,0.39435875415802
Sample 26,Time-MoE,0.6371073126792908
Sample 26,Moirai,0.36289268732070923
Sample 27,Chronos,0.8384379744529724
Sample 27,TimesFM,0.1615620106458664
Sample 28,Chronos,0.8137030005455017
Sample 28,Moirai,0.18629704415798187
Sample 29,TimesFM,0.728757381439209
Sample 29,Chronos,0.2712426483631134
Sample 30,Time-MoE,0.8264251947402954
Sample 30,Timer,0.17357482016086578
Sample 31,Timer,0.5808444023132324
Sample 31,Time-MoE,0.41915562748908997
Sample 0,Moirai,0.9798575043678284
Sample 0,TimesFM,0.020142490044236183
Sample 1,Timer,0.516494631767273
Sample 1,Chronos,0.48350536823272705
Sample 2,Moirai,0.5206354856491089
Sample 2,TimesFM,0.4793644845485687
Sample 3,TimesFM,0.6860374212265015
Sample 3,Chronos,0.31396257877349854
Sample 4,Timer,0.7164821624755859
Sample 4,Moirai,0.28351786732673645
Sample 5,Chronos,0.5378060340881348
Sample 5,Moirai,0.4621939957141876
Sample 6,Timer,0.5503888726234436
Sample 6,Time-MoE,0.4496111571788788
Sample 7,Time-MoE,0.8046984672546387
Sample 7,Moirai,0.1953015923500061
Sample 8,Moirai,0.9552727341651917
Sample 8,Timer,0.044727250933647156
Sample 9,Chronos,0.6394725441932678
Sample 9,TimesFM,0.3605274558067322
Sample 10,Time-MoE,0.7634549736976624
Sample 10,Moirai,0.23654499650001526
Sample 11,Chronos,0.5445985198020935
Sample 11,TimesFM,0.4554015100002289
Sample 12,Chronos,0.5176662802696228
Sample 12,Timer,0.4823337495326996
Sample 13,Time-MoE,0.715512216091156
Sample 13,TimesFM,0.2844878137111664
Sample 14,Time-MoE,0.8237544894218445
Sample 14,Timer,0.17624549567699432
Sample 15,Moirai,0.5730457305908203
Sample 15,Time-MoE,0.4269542992115021
Sample 16,Moirai,0.9813867211341858
Sample 16,Timer,0.018613334745168686
Sample 17,TimesFM,0.592289924621582
Sample 17,Time-MoE,0.4077100455760956
Sample 18,TimesFM,0.562900960445404
Sample 18,Time-MoE,0.43709906935691833
Sample 19,Chronos,0.9311633706092834
Sample 19,Timer,0.06883662939071655
Sample 20,Timer,0.5808025598526001
Sample 20,Chronos,0.4191974103450775
Sample 21,TimesFM,0.5505498647689819
Sample 21,Time-MoE,0.4494501054286957
Sample 22,Time-MoE,0.7157288193702698
Sample 22,Moirai,0.28427115082740784
Sample 23,Moirai,0.5543042421340942
Sample 23,Time-MoE,0.4456957280635834
Sample 24,Moirai,0.9703142046928406
Sample 24,Chronos,0.0296857301145792
Sample 25,Chronos,0.5710335969924927
Sample 25,TimesFM,0.4289664328098297
Sample 26,Moirai,0.509576141834259
Sample 26,Time-MoE,0.49042388796806335
Sample 27,TimesFM,0.6313806772232056
Sample 27,Chronos,0.36861929297447205
Sample 28,Chronos,0.7569496631622314
Sample 28,Moirai,0.24305032193660736
Sample 29,Time-MoE,0.5564590096473694
Sample 29,Chronos,0.4435409903526306
Sample 30,TimesFM,0.6051740646362305
Sample 30,Time-MoE,0.39482590556144714
Sample 31,Moirai,0.5340384840965271
Sample 31,Time-MoE,0.4659615159034729
Sample 0,Moirai,0.9156612753868103
Sample 0,Timer,0.0843387171626091
Sample 1,Chronos,0.6861802935600281
Sample 1,TimesFM,0.3138197660446167
Sample 2,Moirai,0.5896474123001099
Sample 2,Time-MoE,0.41035258769989014
Sample 3,Chronos,0.8428075909614563
Sample 3,Timer,0.1571924090385437
Sample 4,Timer,0.5297414064407349
Sample 4,Moirai,0.47025853395462036
Sample 5,TimesFM,0.6785885691642761
Sample 5,Time-MoE,0.3214114308357239
Sample 6,Timer,0.5344902276992798
Sample 6,TimesFM,0.4655097424983978
Sample 7,Moirai,0.6373713612556458
Sample 7,Time-MoE,0.36262866854667664
Sample 8,Moirai,0.8264502286911011
Sample 8,Timer,0.17354975640773773
Sample 9,TimesFM,0.6967384219169617
Sample 9,Timer,0.30326154828071594
Sample 10,Time-MoE,0.9355156421661377
Sample 10,Timer,0.06448431313037872
Sample 11,Moirai,0.5245967507362366
Sample 11,TimesFM,0.4754032492637634
Sample 12,Time-MoE,0.6438882350921631
Sample 12,Moirai,0.3561117351055145
Sample 13,Chronos,0.624354362487793
Sample 13,TimesFM,0.37564563751220703
Sample 14,Time-MoE,0.7155774235725403
Sample 14,TimesFM,0.28442254662513733
Sample 15,TimesFM,0.5824992060661316
Sample 15,Time-MoE,0.4175008237361908
Sample 16,Moirai,0.8894376158714294
Sample 16,Chronos,0.11056244373321533
Sample 17,TimesFM,0.8708146214485168
Sample 17,Time-MoE,0.12918534874916077
Sample 18,Time-MoE,0.629282534122467
Sample 18,Moirai,0.37071743607521057
Sample 19,TimesFM,0.7576743364334106
Sample 19,Chronos,0.24232572317123413
Sample 20,Chronos,0.7982069849967957
Sample 20,TimesFM,0.20179300010204315
Sample 21,Chronos,0.7847233414649963
Sample 21,TimesFM,0.2152765840291977
Sample 22,TimesFM,0.5878824591636658
Sample 22,Timer,0.41211754083633423
Sample 23,Moirai,0.5220108032226562
Sample 23,Time-MoE,0.47798922657966614
Sample 24,Moirai,0.9916506409645081
Sample 24,Timer,0.008349317125976086
Sample 25,Chronos,0.5169811844825745
Sample 25,TimesFM,0.48301878571510315
Sample 26,TimesFM,0.5428460836410522
Sample 26,Moirai,0.45715388655662537
Sample 27,TimesFM,0.7034186124801636
Sample 27,Chronos,0.2965813875198364
Sample 28,Moirai,0.6440010070800781
Sample 28,Time-MoE,0.35599902272224426
Sample 29,Time-MoE,0.7661451101303101
Sample 29,Moirai,0.23385490477085114
Sample 30,Time-MoE,0.5213004350662231
Sample 30,Timer,0.47869953513145447
Sample 31,Moirai,0.6994007229804993
Sample 31,Timer,0.30059924721717834
Sample 0,Moirai,0.9377700090408325
Sample 0,Timer,0.06223000958561897
Sample 1,TimesFM,0.611417829990387
Sample 1,Timer,0.38858217000961304
Sample 2,TimesFM,0.6563053727149963
Sample 2,Timer,0.3436945676803589
Sample 3,Chronos,0.7506745457649231
Sample 3,Timer,0.2493254393339157
Sample 4,Moirai,0.9158598780632019
Sample 4,Time-MoE,0.08414013683795929
Sample 5,TimesFM,0.6950998306274414
Sample 5,Timer,0.304900199174881
Sample 6,Time-MoE,0.7436609864234924
Sample 6,Timer,0.25633904337882996
Sample 7,Moirai,0.6436153054237366
Sample 7,TimesFM,0.35638463497161865
Sample 8,Moirai,0.8713284134864807
Sample 8,Time-MoE,0.12867163121700287
Sample 9,Chronos,0.67829430103302
Sample 9,TimesFM,0.32170575857162476
Sample 10,Moirai,0.6297371983528137
Sample 10,Time-MoE,0.37026283144950867
Sample 11,TimesFM,0.5878486037254333
Sample 11,Timer,0.4121513366699219
Sample 12,Timer,0.5595052242279053
Sample 12,TimesFM,0.44049474596977234
Sample 13,Chronos,0.7392404675483704
Sample 13,TimesFM,0.26075953245162964
Sample 14,Time-MoE,0.7392737865447998
Sample 14,Timer,0.2607262432575226
Sample 15,Moirai,0.5829851031303406
Sample 15,Time-MoE,0.4170148968696594
Sample 16,Moirai,0.8341482877731323
Sample 16,Time-MoE,0.16585175693035126
Sample 17,TimesFM,0.544223427772522
Sample 17,Timer,0.455776572227478
Sample 18,Chronos,0.5025869607925415
Sample 18,Moirai,0.4974129796028137
Sample 19,Chronos,0.7868895530700684
Sample 19,TimesFM,0.21311037242412567
Sample 20,Time-MoE,0.6136293411254883
Sample 20,TimesFM,0.3863706588745117
Sample 21,TimesFM,0.8286135196685791
Sample 21,Chronos,0.1713864952325821
Sample 22,Time-MoE,0.9564874172210693
Sample 22,TimesFM,0.04351254925131798
Sample 23,Moirai,0.5369947552680969
Sample 23,Time-MoE,0.4630052149295807
Sample 24,Moirai,0.8366230130195618
Sample 24,Chronos,0.16337695717811584
Sample 25,TimesFM,0.7227638363838196
Sample 25,Chronos,0.2772362232208252
Sample 26,Time-MoE,0.6343185901641846
Sample 26,Chronos,0.36568140983581543
Sample 27,Timer,0.7495177984237671
Sample 27,Chronos,0.2504822313785553
Sample 28,Time-MoE,0.7473686933517456
Sample 28,Timer,0.25263136625289917
Sample 29,Chronos,0.6861591339111328
Sample 29,TimesFM,0.31384092569351196
Sample 30,Moirai,0.5871365666389465
Sample 30,Timer,0.41286346316337585
Sample 31,Time-MoE,0.9099839925765991
Sample 31,Timer,0.09001601487398148
Sample 0,Timer,0.5317069888114929
Sample 0,Moirai,0.4682929813861847
Sample 1,Chronos,0.5318650007247925
Sample 1,Timer,0.46813493967056274
Sample 2,Time-MoE,0.9673109650611877
Sample 2,Moirai,0.03268902003765106
Sample 3,TimesFM,0.731120765209198
Sample 3,Chronos,0.2688791751861572
Sample 4,Time-MoE,0.7401070594787598
Sample 4,Chronos,0.25989294052124023
Sample 5,Timer,0.5059217214584351
Sample 5,Chronos,0.49407827854156494
Sample 6,TimesFM,0.645238995552063
Sample 6,Timer,0.3547609746456146
Sample 7,Time-MoE,0.5986239910125732
Sample 7,TimesFM,0.40137597918510437
Sample 8,Moirai,0.9717339277267456
Sample 8,Timer,0.02826605923473835
Sample 9,TimesFM,0.681631863117218
Sample 9,Timer,0.318368136882782
Sample 10,Time-MoE,0.9798535108566284
Sample 10,Moirai,0.020146502181887627
Sample 11,TimesFM,0.823868453502655
Sample 11,Chronos,0.17613156139850616
Sample 12,Moirai,0.6493210196495056
Sample 12,Timer,0.350678950548172
Sample 13,TimesFM,0.6048793196678162
Sample 13,Timer,0.39512068033218384
Sample 14,Time-MoE,0.5922368168830872
Sample 14,Timer,0.40776315331459045
Sample 15,Timer,0.7299432158470154
Sample 15,Moirai,0.2700567841529846
Sample 0,Moirai,0.9727200269699097
Sample 0,Timer,0.027279967442154884
Sample 1,TimesFM,0.766512393951416
Sample 1,Timer,0.2334875911474228
Sample 2,Time-MoE,0.5755231380462646
Sample 2,Timer,0.42447689175605774
Sample 3,TimesFM,0.6057595610618591
Sample 3,Chronos,0.39424046874046326
Sample 4,TimesFM,0.6417625546455383
Sample 4,Moirai,0.35823744535446167
Sample 5,Chronos,0.5550434589385986
Sample 5,Time-MoE,0.444956511259079
Sample 6,Timer,0.6261742115020752
Sample 6,Moirai,0.3738257586956024
Sample 7,Time-MoE,0.7053281664848328
Sample 7,Moirai,0.2946718633174896
Sample 8,Moirai,0.9547335505485535
Sample 8,Timer,0.04526646435260773
Sample 9,Chronos,0.6862017512321472
Sample 9,TimesFM,0.3137982189655304
Sample 10,Time-MoE,0.9809892773628235
Sample 10,Moirai,0.01901077851653099
Sample 11,Chronos,0.6938360333442688
Sample 11,Moirai,0.3061639368534088
Sample 12,Moirai,0.6924983263015747
Sample 12,Time-MoE,0.3075016736984253
Sample 13,TimesFM,0.823943555355072
Sample 13,Timer,0.17605647444725037
Sample 14,Time-MoE,0.8982713222503662
Sample 14,Timer,0.1017286628484726
Sample 15,Moirai,0.7408913969993591
Sample 15,Timer,0.2591085731983185
Sample 16,Moirai,0.8512451648712158
Sample 16,Timer,0.14875483512878418
Sample 17,TimesFM,0.7333589196205139
Sample 17,Chronos,0.2666410505771637
Sample 18,Moirai,0.6009281277656555
Sample 18,Time-MoE,0.3990718722343445
Sample 19,Timer,0.5061210989952087
Sample 19,TimesFM,0.49387887120246887
Sample 20,Time-MoE,0.5614537596702576
Sample 20,Moirai,0.43854624032974243
Sample 21,Chronos,0.6346450448036194
Sample 21,TimesFM,0.3653549551963806
Sample 22,Time-MoE,0.6415454149246216
Sample 22,Moirai,0.3584546148777008
Sample 23,TimesFM,0.6106491088867188
Sample 23,Moirai,0.38935092091560364
Sample 24,Moirai,0.9434328675270081
Sample 24,Time-MoE,0.05656714364886284
Sample 25,Timer,0.6050333380699158
Sample 25,TimesFM,0.39496663212776184
Sample 26,Moirai,0.53521728515625
Sample 26,TimesFM,0.4647826850414276
Sample 27,Chronos,0.6607412099838257
Sample 27,Timer,0.3392587900161743
Sample 28,Chronos,0.53865647315979
Sample 28,Time-MoE,0.4613434970378876
Sample 29,TimesFM,0.7447592616081238
Sample 29,Chronos,0.25524067878723145
Sample 30,Time-MoE,0.9512168169021606
Sample 30,Timer,0.04878323897719383
Sample 31,TimesFM,0.7266134023666382
Sample 31,Moirai,0.2733866274356842
Sample 0,Moirai,0.8994061350822449
Sample 0,TimesFM,0.10059389472007751
Sample 1,Time-MoE,0.5198079943656921
Sample 1,Moirai,0.48019200563430786
Sample 2,Time-MoE,0.6345936059951782
Sample 2,Chronos,0.365406334400177
Sample 3,TimesFM,0.5980644822120667
Sample 3,Timer,0.40193548798561096
Sample 4,TimesFM,0.585759699344635
Sample 4,Time-MoE,0.414240300655365
Sample 5,TimesFM,0.7492507696151733
Sample 5,Moirai,0.25074923038482666
Sample 6,Timer,0.5604749321937561
Sample 6,Chronos,0.4395250380039215
Sample 7,Timer,0.8839141726493835
Sample 7,Moirai,0.11608579009771347
Sample 8,Moirai,0.9630512595176697
Sample 8,Timer,0.03694869577884674
Sample 9,TimesFM,0.6708889007568359
Sample 9,Chronos,0.32911112904548645
Sample 10,Time-MoE,0.7730117440223694
Sample 10,Moirai,0.2269883006811142
Sample 11,TimesFM,0.5606108903884888
Sample 11,Chronos,0.43938907980918884
Sample 12,Time-MoE,0.5896624326705933
Sample 12,Chronos,0.41033756732940674
Sample 13,TimesFM,0.5389001369476318
Sample 13,Moirai,0.4610998332500458
Sample 14,Chronos,0.675971508026123
Sample 14,Timer,0.32402855157852173
Sample 15,Moirai,0.8455657958984375
Sample 15,Chronos,0.15443415939807892
Sample 16,Moirai,0.7969581484794617
Sample 16,Time-MoE,0.20304177701473236
Sample 17,Chronos,0.7261111736297607
Sample 17,TimesFM,0.27388879656791687
Sample 18,Moirai,0.8928136229515076
Sample 18,Time-MoE,0.10718640685081482
Sample 19,TimesFM,0.533288836479187
Sample 19,Chronos,0.4667111337184906
Sample 20,TimesFM,0.5462982058525085
Sample 20,Timer,0.4537017345428467
Sample 21,Chronos,0.5261242985725403
Sample 21,TimesFM,0.4738757312297821
Sample 22,Moirai,0.839106559753418
Sample 22,Time-MoE,0.16089345514774323
Sample 23,TimesFM,0.5551475882530212
Sample 23,Time-MoE,0.444852352142334
Sample 24,Moirai,0.8708082437515259
Sample 24,Timer,0.12919177114963531
Sample 25,TimesFM,0.647258460521698
Sample 25,Timer,0.3527415096759796
Sample 26,Time-MoE,0.6349332928657532
Sample 26,Timer,0.3650667369365692
Sample 27,Chronos,0.5791598558425903
Sample 27,TimesFM,0.4208401143550873
Sample 28,Moirai,0.5370970368385315
Sample 28,Timer,0.4629029929637909
Sample 29,Chronos,0.6220167875289917
Sample 29,Timer,0.3779832422733307
Sample 30,Time-MoE,0.8513472676277161
Sample 30,Timer,0.14865270256996155
Sample 31,Moirai,0.8275859951972961
Sample 31,Time-MoE,0.17241394519805908
Sample 0,Moirai,0.9636688232421875
Sample 0,Timer,0.036331161856651306
Sample 1,Moirai,0.5195074677467346
Sample 1,TimesFM,0.4804925322532654
Sample 2,Time-MoE,0.9153022766113281
Sample 2,TimesFM,0.08469776809215546
Sample 3,Chronos,0.9163116812705994
Sample 3,TimesFM,0.08368835598230362
Sample 4,Moirai,0.6317062377929688
Sample 4,Time-MoE,0.36829379200935364
Sample 5,Time-MoE,0.796501100063324
Sample 5,Timer,0.20349888503551483
Sample 6,Chronos,0.5105864405632019
Sample 6,Time-MoE,0.4894135594367981
Sample 7,Time-MoE,0.8773729205131531
Sample 7,Timer,0.1226271316409111
Sample 8,Moirai,0.751611590385437
Sample 8,Time-MoE,0.2483883649110794
Sample 9,TimesFM,0.5525543093681335
Sample 9,Timer,0.44744569063186646
Sample 10,Moirai,0.5975759625434875
Sample 10,Timer,0.40242403745651245
Sample 11,Chronos,0.8462770581245422
Sample 11,Timer,0.15372294187545776
Sample 12,Chronos,0.635811984539032
Sample 12,Time-MoE,0.3641880750656128
Sample 13,TimesFM,0.7371359467506409
Sample 13,Chronos,0.26286402344703674
Sample 14,Time-MoE,0.552516758441925
Sample 14,Timer,0.44748327136039734
Sample 15,Moirai,0.6064928770065308
Sample 15,Timer,0.3935071527957916
Sample 16,Moirai,0.7653734683990479
Sample 16,Timer,0.23462653160095215
Sample 17,TimesFM,0.6964295506477356
Sample 17,Moirai,0.3035705089569092
Sample 18,Timer,0.5426228046417236
Sample 18,Time-MoE,0.45737719535827637
Sample 19,TimesFM,0.5693011283874512
Sample 19,Moirai,0.43069884181022644
Sample 20,Chronos,0.6054092049598694
Sample 20,Timer,0.394590824842453
Sample 21,TimesFM,0.714470386505127
Sample 21,Chronos,0.2855296730995178
Sample 22,TimesFM,0.7354268431663513
Sample 22,Timer,0.26457318663597107
Sample 23,TimesFM,0.7441024780273438
Sample 23,Time-MoE,0.25589752197265625
Sample 24,Time-MoE,0.5914455056190491
Sample 24,Moirai,0.40855443477630615
Sample 25,Timer,0.5094831585884094
Sample 25,Time-MoE,0.4905168116092682
Sample 26,Time-MoE,0.5903452634811401
Sample 26,Timer,0.4096546769142151
Sample 27,Chronos,0.9020037651062012
Sample 27,TimesFM,0.09799619019031525
Sample 28,TimesFM,0.558336079120636
Sample 28,Time-MoE,0.4416638910770416
Sample 29,TimesFM,0.6578257083892822
Sample 29,Timer,0.3421742916107178
Sample 30,Timer,0.5314279794692993
Sample 30,Time-MoE,0.4685720205307007
Sample 31,Time-MoE,0.5836784243583679
Sample 31,Timer,0.4163215756416321
Sample 0,Moirai,0.7781757116317749
Sample 0,Timer,0.22182434797286987
Sample 1,TimesFM,0.7547873854637146
Sample 1,Moirai,0.2452126443386078
Sample 2,TimesFM,0.6423828601837158
Sample 2,Chronos,0.35761716961860657
Sample 3,Chronos,0.5562653541564941
Sample 3,TimesFM,0.44373467564582825
Sample 4,TimesFM,0.5919683575630188
Sample 4,Time-MoE,0.4080316424369812
Sample 5,Moirai,0.5191290974617004
Sample 5,Chronos,0.4808708727359772
Sample 6,Time-MoE,0.57099449634552
Sample 6,Timer,0.42900550365448
Sample 7,Time-MoE,0.7900663018226624
Sample 7,Moirai,0.20993371307849884
Sample 8,Moirai,0.9752843379974365
Sample 8,Chronos,0.024715686216950417
Sample 9,TimesFM,0.9039589762687683
Sample 9,Timer,0.0960410088300705
Sample 10,Time-MoE,0.6295123100280762
Sample 10,Moirai,0.3704877197742462
Sample 11,Chronos,0.8391865491867065
Sample 11,TimesFM,0.16081340610980988
Sample 12,Moirai,0.621204674243927
Sample 12,Timer,0.378795325756073
Sample 13,Timer,0.5543549656867981
Sample 13,TimesFM,0.4456450343132019
Sample 14,Chronos,0.8004145622253418
Sample 14,Timer,0.1995854377746582
Sample 15,Moirai,0.7731836438179016
Sample 15,Timer,0.2268163114786148
Sample 16,Moirai,0.982391893863678
Sample 16,Time-MoE,0.01760808378458023
Sample 17,TimesFM,0.553523600101471
Sample 17,Chronos,0.44647639989852905
Sample 18,TimesFM,0.5285136699676514
Sample 18,Moirai,0.47148630023002625
Sample 19,Chronos,0.8630951046943665
Sample 19,TimesFM,0.13690492510795593
Sample 20,Chronos,0.67249596118927
Sample 20,Moirai,0.32750403881073
Sample 21,Time-MoE,0.5061092972755432
Sample 21,Timer,0.4938907027244568
Sample 22,Time-MoE,0.5918717384338379
Sample 22,TimesFM,0.40812820196151733
Sample 23,Moirai,0.6220168471336365
Sample 23,Time-MoE,0.3779831528663635
Sample 24,Moirai,0.8046537637710571
Sample 24,Timer,0.19534625113010406
Sample 25,TimesFM,0.7888007164001465
Sample 25,Timer,0.21119928359985352
Sample 26,Moirai,0.5186849236488342
Sample 26,Time-MoE,0.48131513595581055
Sample 27,TimesFM,0.8048326373100281
Sample 27,Chronos,0.19516736268997192
Sample 28,Moirai,0.8694823980331421
Sample 28,Chronos,0.1305176019668579
Sample 29,Chronos,0.6022867560386658
Sample 29,TimesFM,0.3977132737636566
Sample 30,Time-MoE,0.6048968434333801
Sample 30,TimesFM,0.39510318636894226
Sample 31,Timer,0.8035221099853516
Sample 31,Time-MoE,0.19647784531116486
Sample 0,Moirai,0.9875063896179199
Sample 0,Timer,0.012493634596467018
Sample 1,Moirai,0.5114970803260803
Sample 1,Timer,0.4885029196739197
Sample 2,Time-MoE,0.6236269474029541
Sample 2,Chronos,0.3763730525970459
Sample 3,Chronos,0.885258138179779
Sample 3,Timer,0.11474186927080154
Sample 4,Moirai,0.5418453812599182
Sample 4,TimesFM,0.4581546187400818
Sample 5,TimesFM,0.6385817527770996
Sample 5,Timer,0.3614182770252228
Sample 6,Timer,0.5204782485961914
Sample 6,Time-MoE,0.4795217514038086
Sample 7,Moirai,0.6282675266265869
Sample 7,Time-MoE,0.3717325031757355
Sample 8,Moirai,0.973694384098053
Sample 8,Timer,0.026305630803108215
Sample 9,TimesFM,0.5739027261734009
Sample 9,Timer,0.4260972738265991
Sample 10,Time-MoE,0.8567452430725098
Sample 10,Timer,0.14325477182865143
Sample 11,Chronos,0.5080774426460266
Sample 11,Moirai,0.4919224977493286
Sample 12,Moirai,0.753687858581543
Sample 12,Timer,0.24631215631961823
Sample 13,TimesFM,0.5426473617553711
Sample 13,Chronos,0.4573526084423065
Sample 14,Time-MoE,0.889319658279419
Sample 14,Timer,0.11068033427000046
Sample 15,Chronos,0.5294545888900757
Sample 15,Moirai,0.47054535150527954
Sample 16,Moirai,0.5760772228240967
Sample 16,Chronos,0.4239228367805481
Sample 17,Time-MoE,0.5587815642356873
Sample 17,Chronos,0.44121840596199036
Sample 18,Moirai,0.8183183670043945
Sample 18,TimesFM,0.1816815584897995
Sample 19,Time-MoE,0.5079615116119385
Sample 19,TimesFM,0.4920385479927063
Sample 20,Timer,0.5407609939575195
Sample 20,Moirai,0.45923903584480286
Sample 21,Chronos,0.5381487607955933
Sample 21,TimesFM,0.4618512690067291
Sample 22,TimesFM,0.6936783790588379
Sample 22,Timer,0.3063216507434845
Sample 23,Time-MoE,0.7370684146881104
Sample 23,Moirai,0.26293155550956726
Sample 24,Moirai,0.8839065432548523
Sample 24,Timer,0.11609350889921188
Sample 25,TimesFM,0.5799916386604309
Sample 25,Chronos,0.42000842094421387
Sample 26,Moirai,0.7398069500923157
Sample 26,TimesFM,0.2601930499076843
Sample 27,TimesFM,0.5725815892219543
Sample 27,Timer,0.42741844058036804
Sample 28,Timer,0.5824099183082581
Sample 28,Moirai,0.41759008169174194
Sample 29,Time-MoE,0.8471893668174744
Sample 29,Timer,0.15281066298484802
Sample 30,Timer,0.5468655824661255
Sample 30,Time-MoE,0.4531344175338745
Sample 31,Moirai,0.5650185942649841
Sample 31,Time-MoE,0.43498140573501587
Sample 0,Moirai,0.9666365385055542
Sample 0,Time-MoE,0.033363524824380875
Sample 1,TimesFM,0.9059137105941772
Sample 1,Chronos,0.09408631920814514
Sample 2,TimesFM,0.8650347590446472
Sample 2,Chronos,0.13496527075767517
Sample 3,Chronos,0.5214264988899231
Sample 3,TimesFM,0.4785735309123993
Sample 4,Moirai,0.6994615197181702
Sample 4,Time-MoE,0.30053845047950745
Sample 5,TimesFM,0.60232013463974
Sample 5,Timer,0.3976798951625824
Sample 6,Time-MoE,0.6768918037414551
Sample 6,Timer,0.3231082260608673
Sample 7,Moirai,0.7027515769004822
Sample 7,Timer,0.2972484230995178
Sample 8,Moirai,0.7136602401733398
Sample 8,Time-MoE,0.28633978962898254
Sample 9,TimesFM,0.6987643241882324
Sample 9,Timer,0.3012356460094452
Sample 10,Moirai,0.6739683151245117
Sample 10,Time-MoE,0.32603171467781067
Sample 11,Chronos,0.6487882137298584
Sample 11,TimesFM,0.3512117564678192
Sample 12,Time-MoE,0.5626386404037476
Sample 12,Moirai,0.43736135959625244
Sample 13,Chronos,0.8315943479537964
Sample 13,TimesFM,0.1684056520462036
Sample 14,Time-MoE,0.7135208249092102
Sample 14,Moirai,0.2864792048931122
Sample 15,Time-MoE,0.6463494300842285
Sample 15,Timer,0.3536505699157715
Sample 16,Moirai,0.9284057021141052
Sample 16,Timer,0.07159427553415298
Sample 17,TimesFM,0.6693578362464905
Sample 17,Chronos,0.33064210414886475
Sample 18,Moirai,0.8832576870918274
Sample 18,Chronos,0.11674230545759201
Sample 19,Timer,0.5626992583274841
Sample 19,TimesFM,0.43730074167251587
Sample 20,TimesFM,0.8300408124923706
Sample 20,Timer,0.16995921730995178
Sample 21,TimesFM,0.6833404302597046
Sample 21,Chronos,0.3166595697402954
Sample 22,Time-MoE,0.8975104093551636
Sample 22,Timer,0.10248953849077225
Sample 23,Moirai,0.7275588512420654
Sample 23,Timer,0.27244120836257935
Sample 24,Moirai,0.8841076493263245
Sample 24,Timer,0.11589235067367554
Sample 25,TimesFM,0.8586193323135376
Sample 25,Timer,0.14138059318065643
Sample 26,Time-MoE,0.7644268274307251
Sample 26,Moirai,0.2355732023715973
Sample 27,TimesFM,0.7793346643447876
Sample 27,Time-MoE,0.2206653505563736
Sample 28,Moirai,0.7578734755516052
Sample 28,Timer,0.24212656915187836
Sample 29,Moirai,0.6305102705955505
Sample 29,Chronos,0.36948972940444946
Sample 30,Time-MoE,0.9728938341140747
Sample 30,Moirai,0.027106136083602905
Sample 31,Time-MoE,0.6401930451393127
Sample 31,Chronos,0.35980701446533203
Sample 0,Moirai,0.6348225474357605
Sample 0,Chronos,0.3651774525642395
Sample 1,Chronos,0.6885125637054443
Sample 1,TimesFM,0.3114874064922333
Sample 2,Time-MoE,0.980961263179779
Sample 2,Timer,0.019038764759898186
Sample 3,TimesFM,0.8939059376716614
Sample 3,Timer,0.10609405487775803
Sample 4,Time-MoE,0.8813034296035767
Sample 4,Timer,0.11869657039642334
Sample 5,Chronos,0.6171971559524536
Sample 5,TimesFM,0.382802814245224
Sample 6,TimesFM,0.8099265098571777
Sample 6,Timer,0.19007349014282227
Sample 7,Moirai,0.5178960561752319
Sample 7,Time-MoE,0.4821039140224457
Sample 8,Moirai,0.9175739884376526
Sample 8,Timer,0.08242606371641159
Sample 9,Timer,0.5431026816368103
Sample 9,TimesFM,0.4568973183631897
Sample 10,Time-MoE,0.9816537499427795
Sample 10,Moirai,0.01834632083773613
Sample 11,Chronos,0.5493521690368652
Sample 11,TimesFM,0.45064777135849
Sample 12,Moirai,0.6475818157196045
Sample 12,Time-MoE,0.3524181544780731
Sample 13,Moirai,0.7378823757171631
Sample 13,TimesFM,0.2621176242828369
Sample 14,Time-MoE,0.6462298035621643
Sample 14,Timer,0.3537701666355133
Sample 15,Moirai,0.5415864586830139
Sample 15,Time-MoE,0.45841357111930847
Sample 0,Moirai,0.9309171438217163
Sample 0,Timer,0.06908281147480011
Sample 1,TimesFM,0.7588545680046082
Sample 1,Timer,0.24114546179771423
Sample 2,Chronos,0.6604743003845215
Sample 2,TimesFM,0.3395256996154785
Sample 3,TimesFM,0.8760953545570374
Sample 3,Chronos,0.12390460819005966
Sample 4,TimesFM,0.6297821998596191
Sample 4,Time-MoE,0.37021777033805847
Sample 5,Moirai,0.6599804759025574
Sample 5,TimesFM,0.3400195240974426
Sample 6,TimesFM,0.6429562568664551
Sample 6,Timer,0.3570437431335449
Sample 7,Moirai,0.6789937615394592
Sample 7,Time-MoE,0.32100629806518555
Sample 8,Moirai,0.9553201794624329
Sample 8,Timer,0.044679854065179825
Sample 9,Chronos,0.62972491979599
Sample 9,TimesFM,0.37027508020401
Sample 10,Time-MoE,0.9729757905006409
Sample 10,Moirai,0.02702416479587555
Sample 11,Chronos,0.8609277606010437
Sample 11,TimesFM,0.1390722543001175
Sample 12,Moirai,0.6883661150932312
Sample 12,Time-MoE,0.3116338849067688
Sample 13,Chronos,0.562734067440033
Sample 13,TimesFM,0.43726590275764465
Sample 14,Time-MoE,0.7194452881813049
Sample 14,Moirai,0.2805546820163727
Sample 15,Moirai,0.5141921043395996
Sample 15,Time-MoE,0.485807865858078
Sample 16,Time-MoE,0.8231918215751648
Sample 16,Moirai,0.17680814862251282
Sample 17,TimesFM,0.7369056940078735
Sample 17,Timer,0.26309430599212646
Sample 18,Time-MoE,0.7383590936660767
Sample 18,Moirai,0.26164090633392334
Sample 19,TimesFM,0.505664587020874
Sample 19,Chronos,0.494335412979126
Sample 20,Time-MoE,0.8749664425849915
Sample 20,Moirai,0.12503358721733093
Sample 21,TimesFM,0.8540428876876831
Sample 21,Timer,0.14595714211463928
Sample 22,Moirai,0.5248890519142151
Sample 22,Chronos,0.4751109480857849
Sample 23,Timer,0.5018602609634399
Sample 23,Moirai,0.49813976883888245
Sample 24,Moirai,0.7670413255691528
Sample 24,Time-MoE,0.23295865952968597
Sample 25,Chronos,0.6183974146842957
Sample 25,Timer,0.38160255551338196
Sample 26,TimesFM,0.707073986530304
Sample 26,Moirai,0.29292595386505127
Sample 27,Chronos,0.7769833207130432
Sample 27,Moirai,0.22301669418811798
Sample 28,Timer,0.8523125052452087
Sample 28,Time-MoE,0.14768746495246887
Sample 29,TimesFM,0.6210204362869263
Sample 29,Timer,0.37897956371307373
Sample 30,Time-MoE,0.9483789205551147
Sample 30,Timer,0.05162101984024048
Sample 31,Chronos,0.538048505783081
Sample 31,Time-MoE,0.46195149421691895
Sample 0,Moirai,0.9643998146057129
Sample 0,Chronos,0.0356002040207386
Sample 1,TimesFM,0.5633620619773865
Sample 1,Timer,0.4366379380226135
Sample 2,Chronos,0.7203785181045532
Sample 2,Time-MoE,0.27962154150009155
Sample 3,Chronos,0.7710527181625366
Sample 3,Timer,0.22894729673862457
Sample 4,TimesFM,0.5808175206184387
Sample 4,Time-MoE,0.4191824495792389
Sample 5,TimesFM,0.8369757533073425
Sample 5,Timer,0.16302427649497986
Sample 6,Moirai,0.6175816655158997
Sample 6,Time-MoE,0.38241836428642273
Sample 7,Time-MoE,0.5626026391983032
Sample 7,Moirai,0.4373973608016968
Sample 8,Moirai,0.8048911690711975
Sample 8,Time-MoE,0.1951087862253189
Sample 9,TimesFM,0.688969075679779
Sample 9,Chronos,0.31103086471557617
Sample 10,Time-MoE,0.5024164319038391
Sample 10,Chronos,0.4975835680961609
Sample 11,Chronos,0.5525139570236206
Sample 11,TimesFM,0.4474860429763794
Sample 12,Timer,0.5406152606010437
Sample 12,TimesFM,0.4593847095966339
Sample 13,Moirai,0.5693082213401794
Sample 13,Timer,0.43069177865982056
Sample 14,Chronos,0.6950190663337708
Sample 14,TimesFM,0.30498090386390686
Sample 15,Moirai,0.7738365530967712
Sample 15,Timer,0.22616344690322876
Sample 16,Moirai,0.9350603818893433
Sample 16,Time-MoE,0.06493964046239853
Sample 17,TimesFM,0.8503090143203735
Sample 17,Timer,0.1496909260749817
Sample 18,Moirai,0.9496288299560547
Sample 18,Time-MoE,0.0503712072968483
Sample 19,TimesFM,0.5483919382095337
Sample 19,Chronos,0.4516080915927887
Sample 20,Chronos,0.5972031354904175
Sample 20,TimesFM,0.4027968645095825
Sample 21,TimesFM,0.5444415807723999
Sample 21,Chronos,0.4555584490299225
Sample 22,Time-MoE,0.8119871020317078
Sample 22,Moirai,0.18801291286945343
Sample 23,Moirai,0.6032872796058655
Sample 23,Time-MoE,0.3967127799987793
Sample 24,Moirai,0.9324538111686707
Sample 24,Timer,0.06754622608423233
Sample 25,Chronos,0.6503795385360718
Sample 25,Timer,0.349620521068573
Sample 26,Time-MoE,0.8913811445236206
Sample 26,Moirai,0.10861886292695999
Sample 27,Chronos,0.9289742708206177
Sample 27,TimesFM,0.07102570682764053
Sample 28,Moirai,0.5957733392715454
Sample 28,Chronos,0.404226690530777
Sample 29,TimesFM,0.8532171845436096
Sample 29,Chronos,0.1467827409505844
Sample 30,Time-MoE,0.6173441410064697
Sample 30,Timer,0.3826558291912079
Sample 31,Moirai,0.5185442566871643
Sample 31,Time-MoE,0.4814557433128357
Sample 0,Moirai,0.8499161005020142
Sample 0,Timer,0.15008395910263062
Sample 1,TimesFM,0.7408758401870728
Sample 1,Chronos,0.25912418961524963
Sample 2,Time-MoE,0.8193714022636414
Sample 2,Chronos,0.18062862753868103
Sample 3,TimesFM,0.7088103890419006
Sample 3,Timer,0.29118961095809937
Sample 4,Moirai,0.8181009888648987
Sample 4,Chronos,0.18189896643161774
Sample 5,Time-MoE,0.8247579336166382
Sample 5,Timer,0.17524205148220062
Sample 6,TimesFM,0.5547658801078796
Sample 6,Chronos,0.44523417949676514
Sample 7,Timer,0.7373064160346985
Sample 7,Time-MoE,0.2626936137676239
Sample 8,Moirai,0.7390242218971252
Sample 8,Time-MoE,0.26097571849823
Sample 9,TimesFM,0.8249006867408752
Sample 9,Timer,0.17509934306144714
Sample 10,Timer,0.5598581433296204
Sample 10,Time-MoE,0.44014185667037964
Sample 11,TimesFM,0.6767488718032837
Sample 11,Chronos,0.3232510983943939
Sample 12,Moirai,0.5845444798469543
Sample 12,Time-MoE,0.41545552015304565
Sample 13,Chronos,0.6120859384536743
Sample 13,TimesFM,0.3879140317440033
Sample 14,Time-MoE,0.6705665588378906
Sample 14,Timer,0.32943347096443176
Sample 15,Moirai,0.595173180103302
Sample 15,Time-MoE,0.404826819896698
Sample 16,Chronos,0.59378981590271
Sample 16,Moirai,0.40621018409729004
Sample 17,TimesFM,0.5537073612213135
Sample 17,Chronos,0.44629260897636414
Sample 18,Time-MoE,0.9033108353614807
Sample 18,Moirai,0.0966891348361969
Sample 19,Moirai,0.5491992831230164
Sample 19,TimesFM,0.45080068707466125
Sample 20,Chronos,0.5671970844268799
Sample 20,Moirai,0.4328029453754425
Sample 21,Chronos,0.6512951850891113
Sample 21,TimesFM,0.3487047553062439
Sample 22,TimesFM,0.5526125431060791
Sample 22,Time-MoE,0.4473874270915985
Sample 23,Chronos,0.6151584982872009
Sample 23,Time-MoE,0.3848414719104767
Sample 24,Moirai,0.8983699083328247
Sample 24,Time-MoE,0.10163014382123947
Sample 25,Timer,0.6208344101905823
Sample 25,TimesFM,0.37916556000709534
Sample 26,Moirai,0.6150696873664856
Sample 26,Time-MoE,0.3849303424358368
Sample 27,Chronos,0.6505231857299805
Sample 27,TimesFM,0.3494768738746643
Sample 28,Time-MoE,0.5148255825042725
Sample 28,Moirai,0.48517438769340515
Sample 29,TimesFM,0.7422807216644287
Sample 29,Chronos,0.2577192187309265
Sample 30,Time-MoE,0.5814904570579529
Sample 30,Chronos,0.41850951313972473
Sample 31,Moirai,0.6264854073524475
Sample 31,Chronos,0.3735145628452301
Sample 0,Moirai,0.9239768981933594
Sample 0,Timer,0.07602311670780182
Sample 1,TimesFM,0.5668565034866333
Sample 1,Chronos,0.4331435263156891
Sample 2,Moirai,0.6885111927986145
Sample 2,TimesFM,0.3114888072013855
Sample 3,TimesFM,0.5715592503547668
Sample 3,Chronos,0.42844080924987793
Sample 4,Moirai,0.6555576324462891
Sample 4,Chronos,0.34444236755371094
Sample 5,Moirai,0.5248253345489502
Sample 5,Chronos,0.4751746356487274
Sample 6,TimesFM,0.7189828157424927
Sample 6,Moirai,0.2810172438621521
Sample 7,Moirai,0.5645597577095032
Sample 7,Timer,0.4354402720928192
Sample 8,Moirai,0.9667207598686218
Sample 8,Timer,0.03327927365899086
Sample 9,TimesFM,0.5704890489578247
Sample 9,Chronos,0.4295109808444977
Sample 10,Chronos,0.6242850422859192
Sample 10,Timer,0.3757149279117584
Sample 11,Chronos,0.9224758744239807
Sample 11,TimesFM,0.07752414792776108
Sample 12,Moirai,0.6130229234695435
Sample 12,Chronos,0.38697704672813416
Sample 13,TimesFM,0.7057949900627136
Sample 13,Time-MoE,0.29420503973960876
Sample 14,Time-MoE,0.7110617756843567
Sample 14,TimesFM,0.28893816471099854
Sample 15,Moirai,0.7311177253723145
Sample 15,Timer,0.26888230443000793
Sample 16,Moirai,0.9958372116088867
Sample 16,Timer,0.004162783268839121
Sample 17,Timer,0.5929638147354126
Sample 17,TimesFM,0.4070361852645874
Sample 18,Moirai,0.8230082392692566
Sample 18,Time-MoE,0.1769917607307434
Sample 19,Chronos,0.5279133915901184
Sample 19,TimesFM,0.4720865786075592
Sample 20,Chronos,0.7910914421081543
Sample 20,Moirai,0.20890852808952332
Sample 21,Timer,0.5142367482185364
Sample 21,TimesFM,0.4857633113861084
Sample 22,Time-MoE,0.6412340402603149
Sample 22,Moirai,0.35876595973968506
Sample 23,Time-MoE,0.5789145231246948
Sample 23,Moirai,0.42108550667762756
Sample 24,Moirai,0.9098843932151794
Sample 24,Timer,0.09011560678482056
Sample 25,Chronos,0.536309003829956
Sample 25,TimesFM,0.46369099617004395
Sample 26,Time-MoE,0.6765496134757996
Sample 26,Moirai,0.32345032691955566
Sample 27,Chronos,0.580302357673645
Sample 27,TimesFM,0.41969767212867737
Sample 28,Moirai,0.66670161485672
Sample 28,Timer,0.33329835534095764
Sample 29,TimesFM,0.7930809855461121
Sample 29,Chronos,0.20691901445388794
Sample 30,Time-MoE,0.5834134817123413
Sample 30,TimesFM,0.41658657789230347
Sample 31,Moirai,0.6873140931129456
Sample 31,Time-MoE,0.31268593668937683
Sample 0,Moirai,0.7224788069725037
Sample 0,Timer,0.2775212228298187
Sample 1,Chronos,0.5425198674201965
Sample 1,TimesFM,0.4574801027774811
Sample 2,Chronos,0.5634100437164307
Sample 2,Time-MoE,0.43658989667892456
Sample 3,Chronos,0.5958582758903503
Sample 3,TimesFM,0.40414178371429443
Sample 4,TimesFM,0.5308251976966858
Sample 4,Time-MoE,0.4691748321056366
Sample 5,TimesFM,0.604035496711731
Sample 5,Chronos,0.39596450328826904
Sample 6,TimesFM,0.6616998314857483
Sample 6,Timer,0.3383001983165741
Sample 7,Time-MoE,0.5639300346374512
Sample 7,Moirai,0.4360699951648712
Sample 8,Moirai,0.9106380343437195
Sample 8,Timer,0.08936197310686111
Sample 9,TimesFM,0.5898898243904114
Sample 9,Chronos,0.4101101756095886
Sample 10,Time-MoE,0.9304020404815674
Sample 10,Moirai,0.0695979967713356
Sample 11,Moirai,0.5022642016410828
Sample 11,Chronos,0.4977358281612396
Sample 12,Moirai,0.6308156251907349
Sample 12,Time-MoE,0.36918437480926514
Sample 13,Chronos,0.7787104249000549
Sample 13,TimesFM,0.22128963470458984
Sample 14,Time-MoE,0.8516317009925842
Sample 14,Timer,0.1483682543039322
Sample 15,Time-MoE,0.6662774085998535
Sample 15,TimesFM,0.3337225615978241
Sample 16,Moirai,0.7687286138534546
Sample 16,Chronos,0.2312713861465454
Sample 17,TimesFM,0.7554188370704651
Sample 17,Timer,0.2445811778306961
Sample 18,Time-MoE,0.5411996841430664
Sample 18,TimesFM,0.4588002860546112
Sample 19,Chronos,0.947688639163971
Sample 19,Time-MoE,0.052311383187770844
Sample 20,Time-MoE,0.7287811636924744
Sample 20,Moirai,0.271218866109848
Sample 21,Chronos,0.9132288694381714
Sample 21,TimesFM,0.0867711752653122
Sample 22,TimesFM,0.5019792914390564
Sample 22,Time-MoE,0.4980206787586212
Sample 23,Time-MoE,0.7067667841911316
Sample 23,Timer,0.293233186006546
Sample 24,Moirai,0.9923477172851562
Sample 24,Timer,0.007652309723198414
Sample 25,TimesFM,0.6417713761329651
Sample 25,Timer,0.3582286536693573
Sample 26,Moirai,0.9040182828903198
Sample 26,Time-MoE,0.09598172456026077
Sample 27,Chronos,0.8501825928688049
Sample 27,Timer,0.14981742203235626
Sample 28,Moirai,0.5942065715789795
Sample 28,Timer,0.4057934284210205
Sample 29,Chronos,0.5323747992515564
Sample 29,Timer,0.4676252007484436
Sample 30,Time-MoE,0.6415899395942688
Sample 30,TimesFM,0.3584100604057312
Sample 31,Moirai,0.5959954857826233
Sample 31,Time-MoE,0.4040045142173767
Sample 0,Moirai,0.980190098285675
Sample 0,Chronos,0.019809959456324577
Sample 1,Timer,0.5648126602172852
Sample 1,Chronos,0.43518736958503723
Sample 2,TimesFM,0.764021098613739
Sample 2,Chronos,0.2359788417816162
Sample 3,Timer,0.5272774696350098
Sample 3,TimesFM,0.4727225601673126
Sample 4,Moirai,0.939146101474762
Sample 4,Time-MoE,0.060853905975818634
Sample 5,TimesFM,0.5455290675163269
Sample 5,Chronos,0.4544709324836731
Sample 6,Timer,0.5056683421134949
Sample 6,Time-MoE,0.4943316578865051
Sample 7,Time-MoE,0.5125131607055664
Sample 7,TimesFM,0.4874868392944336
Sample 8,Moirai,0.9626035690307617
Sample 8,Timer,0.037396375089883804
Sample 9,Chronos,0.5285592079162598
Sample 9,TimesFM,0.47144079208374023
Sample 10,Moirai,0.7802107334136963
Sample 10,TimesFM,0.21978925168514252
Sample 11,Chronos,0.5206664204597473
Sample 11,TimesFM,0.4793335795402527
Sample 12,Timer,0.5493177771568298
Sample 12,Time-MoE,0.45068222284317017
Sample 13,Chronos,0.7392879724502563
Sample 13,TimesFM,0.26071205735206604
Sample 14,Moirai,0.615229606628418
Sample 14,Time-MoE,0.38477039337158203
Sample 15,Time-MoE,0.6321722269058228
Sample 15,Timer,0.36782777309417725
Sample 16,Moirai,0.9398578405380249
Sample 16,Time-MoE,0.06014212220907211
Sample 17,Timer,0.5240520238876343
Sample 17,TimesFM,0.4759479761123657
Sample 18,Moirai,0.7225333452224731
Sample 18,Time-MoE,0.27746668457984924
Sample 19,TimesFM,0.8149768710136414
Sample 19,Chronos,0.18502317368984222
Sample 20,TimesFM,0.5219982862472534
Sample 20,Time-MoE,0.4780017137527466
Sample 21,TimesFM,0.6791844367980957
Sample 21,Chronos,0.3208155632019043
Sample 22,TimesFM,0.5245854258537292
Sample 22,Time-MoE,0.47541460394859314
Sample 23,Moirai,0.5329539179801941
Sample 23,Timer,0.4670460820198059
Sample 24,Moirai,0.895366370677948
Sample 24,TimesFM,0.1046336218714714
Sample 25,TimesFM,0.7695525884628296
Sample 25,Chronos,0.2304474413394928
Sample 26,Time-MoE,0.7553327679634094
Sample 26,Moirai,0.2446672022342682
Sample 27,Timer,0.5757646560668945
Sample 27,Chronos,0.42423537373542786
Sample 28,Time-MoE,0.9066798090934753
Sample 28,Timer,0.09332018345594406
Sample 29,TimesFM,0.507500410079956
Sample 29,Moirai,0.49249956011772156
Sample 30,Time-MoE,0.9712544083595276
Sample 30,Moirai,0.02874559536576271
Sample 31,Time-MoE,0.7739465236663818
Sample 31,TimesFM,0.22605349123477936
Sample 0,TimesFM,0.5764235854148865
Sample 0,Moirai,0.4235764741897583
Sample 1,Timer,0.5194693207740784
Sample 1,TimesFM,0.48053064942359924
Sample 2,Time-MoE,0.922340452671051
Sample 2,Moirai,0.07765952497720718
Sample 3,Chronos,0.8589344620704651
Sample 3,TimesFM,0.1410655528306961
Sample 4,Time-MoE,0.8255289196968079
Sample 4,TimesFM,0.17447103559970856
Sample 5,TimesFM,0.7002987265586853
Sample 5,Timer,0.2997012734413147
Sample 6,TimesFM,0.8584719896316528
Sample 6,Time-MoE,0.14152804017066956
Sample 7,Moirai,0.8875460624694824
Sample 7,TimesFM,0.1124539002776146
Sample 8,Moirai,0.970931887626648
Sample 8,Timer,0.02906806580722332
Sample 9,TimesFM,0.5486270785331726
Sample 9,Timer,0.451372891664505
Sample 10,Time-MoE,0.9218385219573975
Sample 10,Moirai,0.07816149294376373
Sample 11,Chronos,0.729490339756012
Sample 11,TimesFM,0.27050960063934326
Sample 12,Timer,0.739361584186554
Sample 12,Time-MoE,0.26063838601112366
Sample 13,Moirai,0.5078224539756775
Sample 13,TimesFM,0.4921775758266449
Sample 14,TimesFM,0.5178185701370239
Sample 14,Time-MoE,0.48218145966529846
Sample 15,Moirai,0.6478255987167358
Sample 15,Time-MoE,0.35217440128326416
Sample 0,Moirai,0.9947732090950012
Sample 0,Time-MoE,0.005226840730756521
Sample 1,Timer,0.5157859325408936
Sample 1,Moirai,0.48421409726142883
Sample 2,Chronos,0.9141057729721069
Sample 2,Time-MoE,0.08589419722557068
Sample 3,Chronos,0.9466950297355652
Sample 3,TimesFM,0.053304947912693024
Sample 4,Time-MoE,0.5641109347343445
Sample 4,Chronos,0.4358890950679779
Sample 5,Chronos,0.7336732149124146
Sample 5,Timer,0.26632678508758545
Sample 6,Timer,0.5711013674736023
Sample 6,Time-MoE,0.4288986325263977
Sample 7,Timer,0.7111750245094299
Sample 7,Moirai,0.28882497549057007
Sample 8,Moirai,0.9280630946159363
Sample 8,Timer,0.07193698734045029
Sample 9,Chronos,0.5276408791542053
Sample 9,Timer,0.4723590910434723
Sample 10,Time-MoE,0.7363521456718445
Sample 10,Moirai,0.2636478543281555
Sample 11,TimesFM,0.8489880561828613
Sample 11,Chronos,0.15101194381713867
Sample 12,Moirai,0.5168965458869934
Sample 12,Time-MoE,0.4831033945083618
Sample 13,Chronos,0.5120578408241272
Sample 13,Timer,0.4879421591758728
Sample 14,Time-MoE,0.9263131022453308
Sample 14,Timer,0.07368691265583038
Sample 15,Moirai,0.8262763023376465
Sample 15,Timer,0.1737237423658371
Sample 16,Moirai,0.892233669757843
Sample 16,Time-MoE,0.10776627063751221
Sample 17,TimesFM,0.5850803852081299
Sample 17,Chronos,0.4149196147918701
Sample 18,Moirai,0.7657050490379333
Sample 18,Timer,0.23429492115974426
Sample 19,Chronos,0.6960387229919434
Sample 19,TimesFM,0.30396124720573425
Sample 20,Time-MoE,0.6864792704582214
Sample 20,Moirai,0.3135206997394562
Sample 21,Chronos,0.5205425024032593
Sample 21,TimesFM,0.4794574975967407
Sample 22,Time-MoE,0.7517581582069397
Sample 22,Chronos,0.24824179708957672
Sample 23,Time-MoE,0.5588513016700745
Sample 23,TimesFM,0.4411487281322479
Sample 24,Moirai,0.836327314376831
Sample 24,Time-MoE,0.16367265582084656
Sample 25,TimesFM,0.7414288520812988
Sample 25,Chronos,0.25857114791870117
Sample 26,TimesFM,0.761155366897583
Sample 26,Timer,0.2388445883989334
Sample 27,Chronos,0.8540022373199463
Sample 27,TimesFM,0.14599774777889252
Sample 28,Time-MoE,0.6935911774635315
Sample 28,Chronos,0.3064087927341461
Sample 29,TimesFM,0.7900832891464233
Sample 29,Chronos,0.20991675555706024
Sample 30,Time-MoE,0.7397295236587524
Sample 30,Timer,0.26027050614356995
Sample 31,TimesFM,0.6665980815887451
Sample 31,Chronos,0.33340194821357727
Sample 0,Moirai,0.9003439545631409
Sample 0,Chronos,0.09965601563453674
Sample 1,TimesFM,0.6646939516067505
Sample 1,Timer,0.3353060483932495
Sample 2,Time-MoE,0.8973918557167053
Sample 2,TimesFM,0.10260814428329468
Sample 3,Chronos,0.6245748996734619
Sample 3,TimesFM,0.3754251301288605
Sample 4,Chronos,0.8260473012924194
Sample 4,Time-MoE,0.17395272850990295
Sample 5,TimesFM,0.6388978362083435
Sample 5,Timer,0.3611021637916565
Sample 6,TimesFM,0.587411642074585
Sample 6,Chronos,0.41258832812309265
Sample 7,Moirai,0.9221084713935852
Sample 7,Time-MoE,0.07789156585931778
Sample 8,Moirai,0.976443886756897
Sample 8,Timer,0.023556148633360863
Sample 9,Chronos,0.596615195274353
Sample 9,Timer,0.40338483452796936
Sample 10,Time-MoE,0.9060059189796448
Sample 10,Moirai,0.09399407356977463
Sample 11,TimesFM,0.5002197027206421
Sample 11,Chronos,0.4997802972793579
Sample 12,Moirai,0.6606390476226807
Sample 12,Chronos,0.33936092257499695
Sample 13,Chronos,0.7760369181632996
Sample 13,TimesFM,0.22396311163902283
Sample 14,TimesFM,0.5254727005958557
Sample 14,Time-MoE,0.4745273292064667
Sample 15,Moirai,0.6576802134513855
Sample 15,Time-MoE,0.3423197865486145
Sample 16,Moirai,0.9804983735084534
Sample 16,Timer,0.01950155571103096
Sample 17,TimesFM,0.6779670119285583
Sample 17,Chronos,0.32203298807144165
Sample 18,Moirai,0.9096012115478516
Sample 18,Time-MoE,0.09039874374866486
Sample 19,Chronos,0.8030431270599365
Sample 19,TimesFM,0.19695685803890228
Sample 20,TimesFM,0.6544313430786133
Sample 20,Timer,0.3455687165260315
Sample 21,Chronos,0.8284634947776794
Sample 21,TimesFM,0.17153649032115936
Sample 22,Time-MoE,0.5656436085700989
Sample 22,Moirai,0.43435636162757874
Sample 23,Time-MoE,0.7102932929992676
Sample 23,Moirai,0.2897067368030548
Sample 24,Moirai,0.7078458666801453
Sample 24,Timer,0.29215410351753235
Sample 25,TimesFM,0.5350610613822937
Sample 25,Timer,0.4649389088153839
Sample 26,Time-MoE,0.8856937885284424
Sample 26,Timer,0.11430618911981583
Sample 27,Chronos,0.9378090500831604
Sample 27,TimesFM,0.06219100579619408
Sample 28,Chronos,0.5081760287284851
Sample 28,Moirai,0.4918239712715149
Sample 29,Chronos,0.9485902190208435
Sample 29,TimesFM,0.051409803330898285
Sample 30,Time-MoE,0.8723503947257996
Sample 30,Timer,0.12764959037303925
Sample 31,Moirai,0.7987442016601562
Sample 31,Time-MoE,0.20125575363636017
Sample 0,Moirai,0.6360365152359009
Sample 0,Timer,0.3639634847640991
Sample 1,TimesFM,0.5210514068603516
Sample 1,Chronos,0.47894853353500366
Sample 2,Time-MoE,0.916150689125061
Sample 2,TimesFM,0.08384937793016434
Sample 3,TimesFM,0.6915587186813354
Sample 3,Timer,0.30844125151634216
Sample 4,Moirai,0.6842742562294006
Sample 4,Time-MoE,0.315725713968277
Sample 5,Time-MoE,0.8970543146133423
Sample 5,Chronos,0.10294569283723831
Sample 6,TimesFM,0.8068104982376099
Sample 6,Timer,0.19318951666355133
Sample 7,Time-MoE,0.8601800799369812
Sample 7,Moirai,0.1398199051618576
Sample 8,Moirai,0.8447206020355225
Sample 8,Time-MoE,0.15527935326099396
Sample 9,TimesFM,0.6226913928985596
Sample 9,Chronos,0.3773086369037628
Sample 10,Timer,0.7178958058357239
Sample 10,Time-MoE,0.28210416436195374
Sample 11,Chronos,0.9782246351242065
Sample 11,TimesFM,0.02177535556256771
Sample 12,Chronos,0.5134816765785217
Sample 12,Time-MoE,0.48651835322380066
Sample 13,TimesFM,0.5488351583480835
Sample 13,Chronos,0.4511649012565613
Sample 14,Timer,0.630270779132843
Sample 14,TimesFM,0.369729220867157
Sample 15,Moirai,0.7217803597450256
Sample 15,Time-MoE,0.27821964025497437
Sample 16,Chronos,0.542249858379364
Sample 16,Moirai,0.457750141620636
Sample 17,Chronos,0.7855945229530334
Sample 17,TimesFM,0.21440552175045013
Sample 18,Time-MoE,0.956517219543457
Sample 18,Moirai,0.04348285123705864
Sample 19,TimesFM,0.6565532088279724
Sample 19,Chronos,0.34344682097435
Sample 20,Timer,0.778789222240448
Sample 20,Chronos,0.22121083736419678
Sample 21,Chronos,0.5933561325073242
Sample 21,TimesFM,0.40664389729499817
Sample 22,TimesFM,0.7829110026359558
Sample 22,Time-MoE,0.2170889675617218
Sample 23,Chronos,0.6055106520652771
Sample 23,TimesFM,0.3944893777370453
Sample 24,Moirai,0.5908020734786987
Sample 24,Time-MoE,0.40919798612594604
Sample 25,Chronos,0.5055645108222961
Sample 25,TimesFM,0.49443548917770386
Sample 26,Time-MoE,0.7350051403045654
Sample 26,Timer,0.2649948298931122
Sample 27,Chronos,0.8259970545768738
Sample 27,TimesFM,0.1740029901266098
Sample 28,Time-MoE,0.6493882536888123
Sample 28,Moirai,0.35061177611351013
Sample 29,Chronos,0.7619067430496216
Sample 29,TimesFM,0.23809325695037842
Sample 30,Time-MoE,0.8921522498130798
Sample 30,Timer,0.10784772783517838
Sample 31,Timer,0.632942259311676
Sample 31,Time-MoE,0.36705777049064636
Sample 0,Moirai,0.9787251353263855
Sample 0,Time-MoE,0.021274825558066368
Sample 1,Chronos,0.7232508659362793
Sample 1,Timer,0.2767491042613983
Sample 2,Moirai,0.6657286286354065
Sample 2,Chronos,0.3342714309692383
Sample 3,Chronos,0.7812049388885498
Sample 3,TimesFM,0.2187950611114502
Sample 4,Moirai,0.572253942489624
Sample 4,Timer,0.427746057510376
Sample 5,Chronos,0.5861162543296814
Sample 5,Moirai,0.413883775472641
Sample 6,Moirai,0.6383917927742004
Sample 6,Timer,0.36160820722579956
Sample 7,Moirai,0.5104418992996216
Sample 7,Time-MoE,0.4895581007003784
Sample 8,Moirai,0.9822250008583069
Sample 8,Timer,0.017775019630789757
Sample 9,TimesFM,0.6633694767951965
Sample 9,Timer,0.3366304934024811
Sample 10,Chronos,0.7563782334327698
Sample 10,TimesFM,0.2436218410730362
Sample 11,Chronos,0.7018008828163147
Sample 11,TimesFM,0.2981991469860077
Sample 12,Moirai,0.5730588436126709
Sample 12,Timer,0.4269411563873291
Sample 13,Timer,0.6675561666488647
Sample 13,Chronos,0.33244386315345764
Sample 14,Time-MoE,0.7328937649726868
Sample 14,Chronos,0.2671062648296356
Sample 15,Timer,0.5695142149925232
Sample 15,Moirai,0.4304857850074768
Sample 16,Moirai,0.9791164994239807
Sample 16,Time-MoE,0.020883509889245033
Sample 17,Timer,0.5518810749053955
Sample 17,Moirai,0.4481189250946045
Sample 18,Moirai,0.5597610473632812
Sample 18,Timer,0.44023892283439636
Sample 19,TimesFM,0.5253410935401917
Sample 19,Chronos,0.4746588468551636
Sample 20,Chronos,0.531773030757904
Sample 20,TimesFM,0.46822693943977356
Sample 21,TimesFM,0.5086061358451843
Sample 21,Chronos,0.4913938641548157
Sample 22,Time-MoE,0.8937076330184937
Sample 22,TimesFM,0.10629234462976456
Sample 23,Moirai,0.6231082081794739
Sample 23,TimesFM,0.3768917918205261
Sample 24,Moirai,0.974867582321167
Sample 24,Time-MoE,0.025132348760962486
Sample 25,Timer,0.5566738843917847
Sample 25,TimesFM,0.4433261454105377
Sample 26,Time-MoE,0.6868302226066589
Sample 26,Timer,0.31316980719566345
Sample 27,Chronos,0.6008760333061218
Sample 27,TimesFM,0.39912399649620056
Sample 28,Moirai,0.8721172213554382
Sample 28,Time-MoE,0.12788277864456177
Sample 29,Chronos,0.9233137965202332
Sample 29,TimesFM,0.07668621838092804
Sample 30,TimesFM,0.7130706310272217
Sample 30,Time-MoE,0.2869293689727783
Sample 31,Moirai,0.5131348967552185
Sample 31,Time-MoE,0.4868651330471039
Sample 0,Moirai,0.9371146559715271
Sample 0,Timer,0.06288537383079529
Sample 1,Chronos,0.5121005177497864
Sample 1,TimesFM,0.487899512052536
Sample 2,Moirai,0.9670597314834595
Sample 2,Time-MoE,0.03294021263718605
Sample 3,TimesFM,0.5026821494102478
Sample 3,Chronos,0.4973178803920746
Sample 4,Chronos,0.6854933500289917
Sample 4,Timer,0.3145067095756531
Sample 5,Timer,0.5910000801086426
Sample 5,Chronos,0.4089999496936798
Sample 6,Moirai,0.5117680430412292
Sample 6,TimesFM,0.48823192715644836
Sample 7,Moirai,0.6302451491355896
Sample 7,Time-MoE,0.3697548806667328
Sample 8,Moirai,0.9349345564842224
Sample 8,Time-MoE,0.06506543606519699
Sample 9,Chronos,0.7410550117492676
Sample 9,TimesFM,0.25894492864608765
Sample 10,Time-MoE,0.975878894329071
Sample 10,Timer,0.024121174588799477
Sample 11,Chronos,0.7000867128372192
Sample 11,TimesFM,0.29991328716278076
Sample 12,Moirai,0.6383350491523743
Sample 12,Timer,0.36166495084762573
Sample 13,Chronos,0.8101189732551575
Sample 13,TimesFM,0.18988098204135895
Sample 14,Time-MoE,0.8302014470100403
Sample 14,Timer,0.16979855298995972
Sample 15,Time-MoE,0.7487989068031311
Sample 15,TimesFM,0.2512010335922241
Sample 16,Chronos,0.5250694751739502
Sample 16,Moirai,0.47493046522140503
Sample 17,TimesFM,0.7337647080421448
Sample 17,Timer,0.2662353217601776
Sample 18,Moirai,0.5324618220329285
Sample 18,Time-MoE,0.46753817796707153
Sample 19,Chronos,0.8636475801467896
Sample 19,Time-MoE,0.13635246455669403
Sample 20,Moirai,0.603927493095398
Sample 20,Chronos,0.39607250690460205
Sample 21,Chronos,0.5638485550880432
Sample 21,TimesFM,0.4361514747142792
Sample 22,Timer,0.5590621829032898
Sample 22,TimesFM,0.4409378468990326
Sample 23,TimesFM,0.5146338939666748
Sample 23,Timer,0.4853660464286804
Sample 24,Moirai,0.9928804636001587
Sample 24,Timer,0.007119558285921812
Sample 25,Chronos,0.5455141663551331
Sample 25,Timer,0.45448580384254456
Sample 26,Moirai,0.9249527454376221
Sample 26,Time-MoE,0.07504726201295853
Sample 27,Chronos,0.7497339248657227
Sample 27,TimesFM,0.25026610493659973
Sample 28,Time-MoE,0.8397910594940186
Sample 28,Moirai,0.16020898520946503
Sample 29,Timer,0.5215040445327759
Sample 29,Time-MoE,0.4784959554672241
Sample 30,TimesFM,0.5410871505737305
Sample 30,Timer,0.4589129090309143
Sample 31,Time-MoE,0.5903291702270508
Sample 31,Moirai,0.40967079997062683
Sample 0,Moirai,0.9624929428100586
Sample 0,Timer,0.03750705346465111
Sample 1,TimesFM,0.5491588115692139
Sample 1,Timer,0.4508412182331085
Sample 2,TimesFM,0.8187735080718994
Sample 2,Timer,0.18122649192810059
Sample 3,Chronos,0.931759774684906
Sample 3,Timer,0.0682402029633522
Sample 4,Timer,0.5191242098808289
Sample 4,Chronos,0.48087576031684875
Sample 5,Chronos,0.580673336982727
Sample 5,Timer,0.41932669281959534
Sample 6,Timer,0.6634398698806763
Sample 6,Moirai,0.3365601599216461
Sample 7,TimesFM,0.5605405569076538
Sample 7,Time-MoE,0.4394594132900238
Sample 8,Moirai,0.979146420955658
Sample 8,Timer,0.02085360325872898
Sample 9,Timer,0.5341100692749023
Sample 9,Chronos,0.46588993072509766
Sample 10,Moirai,0.5777401328086853
Sample 10,TimesFM,0.4222598075866699
Sample 11,Chronos,0.5674888491630554
Sample 11,TimesFM,0.4325111210346222
Sample 12,Chronos,0.5122002363204956
Sample 12,TimesFM,0.4877997636795044
Sample 13,Chronos,0.8122888207435608
Sample 13,TimesFM,0.18771123886108398
Sample 14,Chronos,0.5746100544929504
Sample 14,Moirai,0.4253899157047272
Sample 15,Moirai,0.5653642416000366
Sample 15,Time-MoE,0.43463578820228577
Sample 16,Moirai,0.9636726975440979
Sample 16,Time-MoE,0.036327261477708817
Sample 17,TimesFM,0.6559267640113831
Sample 17,Timer,0.34407323598861694
Sample 18,Moirai,0.7816036343574524
Sample 18,Time-MoE,0.21839633584022522
Sample 19,Chronos,0.6465550065040588
Sample 19,TimesFM,0.3534449636936188
Sample 20,Timer,0.6033708453178406
Sample 20,Time-MoE,0.39662912487983704
Sample 21,Chronos,0.5418533086776733
Sample 21,Timer,0.4581466317176819
Sample 22,Time-MoE,0.6747669577598572
Sample 22,TimesFM,0.32523301243782043
Sample 23,Moirai,0.5042279958724976
Sample 23,Time-MoE,0.49577200412750244
Sample 24,Moirai,0.8834145069122314
Sample 24,Chronos,0.11658548563718796
Sample 25,Timer,0.5515246987342834
Sample 25,Chronos,0.44847533106803894
Sample 26,Time-MoE,0.723812997341156
Sample 26,Moirai,0.276187002658844
Sample 27,Chronos,0.6193373799324036
Sample 27,Timer,0.38066256046295166
Sample 28,Time-MoE,0.7174708247184753
Sample 28,Timer,0.28252917528152466
Sample 29,TimesFM,0.5451640486717224
Sample 29,Timer,0.45483601093292236
Sample 30,Time-MoE,0.8275120258331299
Sample 30,Moirai,0.17248795926570892
Sample 31,TimesFM,0.7858809232711792
Sample 31,Time-MoE,0.21411903202533722
Sample 0,Timer,0.5715542435646057
Sample 0,Chronos,0.4284457564353943
Sample 1,TimesFM,0.6395353674888611
Sample 1,Timer,0.3604646623134613
Sample 2,Time-MoE,0.9859952330589294
Sample 2,Moirai,0.014004779048264027
Sample 3,Chronos,0.7807021141052246
Sample 3,TimesFM,0.2192978709936142
Sample 4,Time-MoE,0.5938354730606079
Sample 4,Chronos,0.4061645567417145
Sample 5,Chronos,0.6778387427330017
Sample 5,TimesFM,0.3221612870693207
Sample 6,Timer,0.6247077584266663
Sample 6,Time-MoE,0.37529221177101135
Sample 7,Time-MoE,0.6591541767120361
Sample 7,Timer,0.34084588289260864
Sample 8,Moirai,0.9753453731536865
Sample 8,Timer,0.024654679000377655
Sample 9,TimesFM,0.5369544625282288
Sample 9,Chronos,0.46304547786712646
Sample 10,Time-MoE,0.8851876258850098
Sample 10,Moirai,0.11481237411499023
Sample 11,Chronos,0.7403436303138733
Sample 11,Timer,0.2596563696861267
Sample 12,Chronos,0.6890926361083984
Sample 12,Moirai,0.3109073340892792
Sample 13,Timer,0.525123119354248
Sample 13,Moirai,0.47487688064575195
Sample 14,Timer,0.5478643178939819
Sample 14,Time-MoE,0.4521356523036957
Sample 15,Moirai,0.6227768063545227
Sample 15,Timer,0.3772231638431549
Sample 0,Moirai,0.9108172655105591
Sample 0,Time-MoE,0.08918270468711853
Sample 1,Timer,0.6044710874557495
Sample 1,TimesFM,0.3955289423465729
Sample 2,Chronos,0.821187436580658
Sample 2,TimesFM,0.17881256341934204
Sample 3,Chronos,0.8675312995910645
Sample 3,Timer,0.13246873021125793
Sample 4,Timer,0.6792236566543579
Sample 4,Time-MoE,0.3207763433456421
Sample 5,TimesFM,0.5660389065742493
Sample 5,Time-MoE,0.43396106362342834
Sample 6,Timer,0.6773297190666199
Sample 6,TimesFM,0.3226702809333801
Sample 7,Moirai,0.8230195045471191
Sample 7,Time-MoE,0.17698048055171967
Sample 8,Moirai,0.8984103202819824
Sample 8,Timer,0.101589635014534
Sample 9,Timer,0.5526742935180664
Sample 9,TimesFM,0.4473256468772888
Sample 10,Moirai,0.655033528804779
Sample 10,Time-MoE,0.34496650099754333
Sample 11,Chronos,0.825753390789032
Sample 11,TimesFM,0.17424660921096802
Sample 12,Moirai,0.6584338545799255
Sample 12,Time-MoE,0.34156617522239685
Sample 13,Timer,0.5743440389633179
Sample 13,TimesFM,0.42565593123435974
Sample 14,Time-MoE,0.8585056662559509
Sample 14,Timer,0.14149431884288788
Sample 15,Moirai,0.872683048248291
Sample 15,Time-MoE,0.12731696665287018
Sample 16,Time-MoE,0.5372596383094788
Sample 16,Moirai,0.46274036169052124
Sample 17,Chronos,0.7081262469291687
Sample 17,TimesFM,0.2918737828731537
Sample 18,Moirai,0.5809136629104614
Sample 18,Time-MoE,0.4190863072872162
Sample 19,Chronos,0.6054937839508057
Sample 19,TimesFM,0.39450615644454956
Sample 20,Time-MoE,0.9345420002937317
Sample 20,Moirai,0.06545796990394592
Sample 21,Chronos,0.5717954635620117
Sample 21,TimesFM,0.42820456624031067
Sample 22,Time-MoE,0.7121993899345398
Sample 22,Moirai,0.2878006398677826
Sample 23,TimesFM,0.9471803307533264
Sample 23,Moirai,0.052819687873125076
Sample 24,Moirai,0.9523855447769165
Sample 24,Time-MoE,0.047614485025405884
Sample 25,Chronos,0.641091525554657
Sample 25,Timer,0.3589085340499878
Sample 26,TimesFM,0.5288034677505493
Sample 26,Timer,0.47119659185409546
Sample 27,Chronos,0.6705939173698425
Sample 27,Moirai,0.32940608263015747
Sample 28,Time-MoE,0.6663408875465393
Sample 28,Moirai,0.3336590826511383
Sample 29,Chronos,0.7314419150352478
Sample 29,TimesFM,0.2685580849647522
Sample 30,Time-MoE,0.7403417229652405
Sample 30,TimesFM,0.2596582770347595
Sample 31,TimesFM,0.5808959603309631
Sample 31,Chronos,0.41910409927368164
Sample 0,Moirai,0.7134548425674438
Sample 0,Chronos,0.28654518723487854
Sample 1,TimesFM,0.7230316996574402
Sample 1,Timer,0.2769682705402374
Sample 2,Time-MoE,0.9033112525939941
Sample 2,Chronos,0.09668875485658646
Sample 3,Chronos,0.6251494288444519
Sample 3,Timer,0.3748505413532257
Sample 4,Time-MoE,0.5321506857872009
Sample 4,TimesFM,0.46784934401512146
Sample 5,Chronos,0.5169057250022888
Sample 5,Timer,0.4830942749977112
Sample 6,Timer,0.608269453048706
Sample 6,TimesFM,0.39173054695129395
Sample 7,Moirai,0.9087384939193726
Sample 7,Time-MoE,0.09126152098178864
Sample 8,Moirai,0.6917480826377869
Sample 8,Time-MoE,0.3082519769668579
Sample 9,Timer,0.5727976560592651
Sample 9,TimesFM,0.42720234394073486
Sample 10,Moirai,0.6367917060852051
Sample 10,Time-MoE,0.3632082939147949
Sample 11,Chronos,0.9236180782318115
Sample 11,TimesFM,0.07638194411993027
Sample 12,Timer,0.6576137542724609
Sample 12,Chronos,0.34238627552986145
Sample 13,Chronos,0.7833797931671143
Sample 13,TimesFM,0.21662017703056335
Sample 14,Timer,0.6451780796051025
Sample 14,TimesFM,0.3548218905925751
Sample 15,Moirai,0.7715857028961182
Sample 15,Time-MoE,0.22841432690620422
Sample 16,Moirai,0.9597628712654114
Sample 16,Time-MoE,0.04023714363574982
Sample 17,TimesFM,0.6104366779327393
Sample 17,Timer,0.38956332206726074
Sample 18,Moirai,0.905351996421814
Sample 18,Time-MoE,0.09464797377586365
Sample 19,Chronos,0.6427143216133118
Sample 19,TimesFM,0.3572857081890106
Sample 20,Timer,0.5480767488479614
Sample 20,TimesFM,0.45192331075668335
Sample 21,Timer,0.521877110004425
Sample 21,TimesFM,0.47812288999557495
Sample 22,Moirai,0.5577685236930847
Sample 22,Time-MoE,0.4422314167022705
Sample 23,TimesFM,0.6347612142562866
Sample 23,Time-MoE,0.3652387857437134
Sample 24,Moirai,0.74348384141922
Sample 24,Timer,0.25651609897613525
Sample 25,TimesFM,0.5297554731369019
Sample 25,Timer,0.47024452686309814
Sample 26,Time-MoE,0.6153523921966553
Sample 26,Timer,0.38464757800102234
Sample 27,TimesFM,0.8155212998390198
Sample 27,Chronos,0.18447870016098022
Sample 28,Chronos,0.6690300703048706
Sample 28,Moirai,0.3309699594974518
Sample 29,Chronos,0.797444760799408
Sample 29,Timer,0.20255519449710846
Sample 30,Time-MoE,0.5491297841072083
Sample 30,TimesFM,0.45087021589279175
Sample 31,Timer,0.6138444542884827
Sample 31,Moirai,0.38615551590919495
Sample 0,Moirai,0.775230884552002
Sample 0,Time-MoE,0.22476911544799805
Sample 1,Chronos,0.6670835614204407
Sample 1,Timer,0.33291640877723694
Sample 2,Time-MoE,0.9106848835945129
Sample 2,Timer,0.08931516855955124
Sample 3,Chronos,0.8537098169326782
Sample 3,Timer,0.14629016816616058
Sample 4,Moirai,0.5253989696502686
Sample 4,Timer,0.4746010899543762
Sample 5,Moirai,0.6924285888671875
Sample 5,Timer,0.3075714409351349
Sample 6,Chronos,0.7593874335289001
Sample 6,Time-MoE,0.24061261117458344
Sample 7,Moirai,0.5636926889419556
Sample 7,Time-MoE,0.43630731105804443
Sample 8,Moirai,0.9537420868873596
Sample 8,Time-MoE,0.04625793918967247
Sample 9,Timer,0.5339984893798828
Sample 9,TimesFM,0.4660015404224396
Sample 10,Timer,0.7384337782859802
Sample 10,Chronos,0.26156625151634216
Sample 11,Chronos,0.9525936245918274
Sample 11,TimesFM,0.04740637168288231
Sample 12,Moirai,0.7127519249916077
Sample 12,Time-MoE,0.2872481346130371
Sample 13,Timer,0.5789021849632263
Sample 13,Chronos,0.4210977554321289
Sample 14,Time-MoE,0.603940486907959
Sample 14,TimesFM,0.3960595428943634
Sample 15,Moirai,0.6558952331542969
Sample 15,TimesFM,0.3441047668457031
Sample 16,Timer,0.5920951962471008
Sample 16,Moirai,0.4079047739505768
Sample 17,TimesFM,0.6717296242713928
Sample 17,Chronos,0.3282703161239624
Sample 18,Time-MoE,0.9555518627166748
Sample 18,Moirai,0.044448208063840866
Sample 19,Chronos,0.5283507704734802
Sample 19,TimesFM,0.47164928913116455
Sample 20,Chronos,0.6806610226631165
Sample 20,Moirai,0.31933897733688354
Sample 21,Chronos,0.5772503614425659
Sample 21,TimesFM,0.4227496087551117
Sample 22,Moirai,0.6297375559806824
Sample 22,Timer,0.37026241421699524
Sample 23,Time-MoE,0.7526799440383911
Sample 23,TimesFM,0.24732010066509247
Sample 24,Moirai,0.9654127955436707
Sample 24,Time-MoE,0.03458717092871666
Sample 25,Chronos,0.6029626131057739
Sample 25,Timer,0.3970373272895813
Sample 26,Time-MoE,0.9357112050056458
Sample 26,Timer,0.06428875029087067
Sample 27,Chronos,0.9540392756462097
Sample 27,Timer,0.0459606796503067
Sample 28,Time-MoE,0.6261591911315918
Sample 28,Moirai,0.3738408386707306
Sample 29,Chronos,0.5121867656707764
Sample 29,TimesFM,0.487813264131546
Sample 30,Time-MoE,0.5087240934371948
Sample 30,Chronos,0.4912758767604828
Sample 31,Moirai,0.5949679017066956
Sample 31,Time-MoE,0.4050321578979492
Sample 0,Moirai,0.7880255579948425
Sample 0,Time-MoE,0.2119743674993515
Sample 1,TimesFM,0.5103315114974976
Sample 1,Chronos,0.48966851830482483
Sample 2,TimesFM,0.7634838819503784
Sample 2,Moirai,0.23651614785194397
Sample 3,TimesFM,0.6905184388160706
Sample 3,Chronos,0.30948153138160706
Sample 4,Moirai,0.5561448931694031
Sample 4,Timer,0.4438551068305969
Sample 5,Moirai,0.5282888412475586
Sample 5,Chronos,0.471711128950119
Sample 6,Timer,0.5975419282913208
Sample 6,Moirai,0.4024580419063568
Sample 7,Time-MoE,0.5618193745613098
Sample 7,TimesFM,0.4381805956363678
Sample 8,Moirai,0.9587447047233582
Sample 8,Timer,0.04125528410077095
Sample 9,TimesFM,0.5661391615867615
Sample 9,Timer,0.4338608384132385
Sample 10,TimesFM,0.5051699280738831
Sample 10,Chronos,0.49483007192611694
Sample 11,Chronos,0.8173349499702454
Sample 11,TimesFM,0.18266505002975464
Sample 12,Moirai,0.5765673518180847
Sample 12,Chronos,0.4234326481819153
Sample 13,TimesFM,0.5221723914146423
Sample 13,Time-MoE,0.4778275489807129
Sample 14,Time-MoE,0.8667035698890686
Sample 14,Timer,0.133296400308609
Sample 15,Moirai,0.9284763932228088
Sample 15,Time-MoE,0.07152353972196579
Sample 16,Moirai,0.9827826619148254
Sample 16,Timer,0.017217319458723068
Sample 17,Chronos,0.6512020826339722
Sample 17,TimesFM,0.3487979769706726
Sample 18,TimesFM,0.5480204224586487
Sample 18,Moirai,0.4519796073436737
Sample 19,Timer,0.7253603935241699
Sample 19,Chronos,0.2746395766735077
Sample 20,Chronos,0.6743770241737366
Sample 20,Timer,0.32562294602394104
Sample 21,Chronos,0.548629105091095
Sample 21,Time-MoE,0.45137089490890503
Sample 22,Moirai,0.6039904356002808
Sample 22,TimesFM,0.39600956439971924
Sample 23,Moirai,0.537521481513977
Sample 23,Time-MoE,0.4624784588813782
Sample 24,Moirai,0.9468167424201965
Sample 24,Chronos,0.05318327248096466
Sample 25,Timer,0.5548501014709473
Sample 25,TimesFM,0.44514989852905273
Sample 26,Time-MoE,0.8437824249267578
Sample 26,Chronos,0.15621761977672577
Sample 27,Chronos,0.9014949798583984
Sample 27,TimesFM,0.09850505739450455
Sample 28,Moirai,0.9647893309593201
Sample 28,Time-MoE,0.035210635513067245
Sample 29,TimesFM,0.5850511789321899
Sample 29,Chronos,0.41494885087013245
Sample 30,Chronos,0.5499207973480225
Sample 30,Time-MoE,0.4500792324542999
Sample 31,Moirai,0.8136582374572754
Sample 31,Timer,0.1863418072462082
Sample 0,Moirai,0.946792721748352
Sample 0,Timer,0.05320732668042183
Sample 1,Timer,0.5151945352554321
Sample 1,TimesFM,0.48480546474456787
Sample 2,Chronos,0.5162621140480042
Sample 2,Moirai,0.48373791575431824
Sample 3,Chronos,0.804330050945282
Sample 3,Timer,0.1956699788570404
Sample 4,Chronos,0.5919024348258972
Sample 4,Time-MoE,0.4080975353717804
Sample 5,Time-MoE,0.6593447327613831
Sample 5,Timer,0.34065523743629456
Sample 6,TimesFM,0.6283054351806641
Sample 6,Timer,0.37169456481933594
Sample 7,Time-MoE,0.6396172642707825
Sample 7,Moirai,0.36038273572921753
Sample 8,Moirai,0.8072963356971741
Sample 8,Time-MoE,0.19270364940166473
Sample 9,Timer,0.6981764435768127
Sample 9,TimesFM,0.30182355642318726
Sample 10,Time-MoE,0.9221786260604858
Sample 10,Moirai,0.07782138139009476
Sample 11,Chronos,0.8065984845161438
Sample 11,Moirai,0.193401500582695
Sample 12,Chronos,0.6760658025741577
Sample 12,Moirai,0.3239341974258423
Sample 13,Chronos,0.5713658332824707
Sample 13,TimesFM,0.4286341369152069
Sample 14,Time-MoE,0.8613651990890503
Sample 14,Timer,0.1386348009109497
Sample 15,Time-MoE,0.6908494830131531
Sample 15,Moirai,0.3091505169868469
Sample 16,Moirai,0.7015100717544556
Sample 16,Chronos,0.2984899878501892
Sample 17,Timer,0.5212609767913818
Sample 17,Chronos,0.47873905301094055
Sample 18,Time-MoE,0.6374601125717163
Sample 18,TimesFM,0.3625398874282837
Sample 19,Chronos,0.8099458813667297
Sample 19,Timer,0.19005413353443146
Sample 20,Chronos,0.7058348059654236
Sample 20,Moirai,0.2941651940345764
Sample 21,Time-MoE,0.6376063227653503
Sample 21,TimesFM,0.3623936176300049
Sample 22,Time-MoE,0.5401176810264587
Sample 22,Timer,0.4598822593688965
Sample 23,Moirai,0.7149895429611206
Sample 23,Time-MoE,0.2850103974342346
Sample 24,Moirai,0.9919060468673706
Sample 24,Timer,0.008094007149338722
Sample 25,TimesFM,0.516097903251648
Sample 25,Chronos,0.48390212655067444
Sample 26,Moirai,0.6307793259620667
Sample 26,Timer,0.36922067403793335
Sample 27,Chronos,0.6685810089111328
Sample 27,Timer,0.3314189910888672
Sample 28,Moirai,0.6996800899505615
Sample 28,Time-MoE,0.30031993985176086
Sample 29,Time-MoE,0.6807419061660767
Sample 29,Timer,0.31925806403160095
Sample 30,Time-MoE,0.5692193508148193
Sample 30,Timer,0.43078064918518066
Sample 31,Moirai,0.8639419674873352
Sample 31,Time-MoE,0.1360580325126648
Sample 0,Moirai,0.9908430576324463
Sample 0,Chronos,0.009156924672424793
Sample 1,Timer,0.7008633613586426
Sample 1,TimesFM,0.2991366982460022
Sample 2,TimesFM,0.7637420296669006
Sample 2,Moirai,0.23625798523426056
Sample 3,TimesFM,0.7020472288131714
Sample 3,Timer,0.29795271158218384
Sample 4,Moirai,0.5808500647544861
Sample 4,Chronos,0.41914987564086914
Sample 5,Time-MoE,0.6199803352355957
Sample 5,Timer,0.3800196945667267
Sample 6,Timer,0.5272229909896851
Sample 6,Time-MoE,0.47277703881263733
Sample 7,Chronos,0.5505236983299255
Sample 7,TimesFM,0.44947633147239685
Sample 8,Moirai,0.9218680262565613
Sample 8,Chronos,0.07813199609518051
Sample 9,Timer,0.7468220591545105
Sample 9,TimesFM,0.2531779110431671
Sample 10,Moirai,0.8376674652099609
Sample 10,Timer,0.16233256459236145
Sample 11,Timer,0.5989439487457275
Sample 11,Chronos,0.4010560214519501
Sample 12,Time-MoE,0.5383690595626831
Sample 12,TimesFM,0.4616309404373169
Sample 13,Chronos,0.6919762492179871
Sample 13,TimesFM,0.30802375078201294
Sample 14,Chronos,0.5344172120094299
Sample 14,Time-MoE,0.46558281779289246
Sample 15,Moirai,0.600101888179779
Sample 15,Timer,0.39989814162254333
Sample 16,Moirai,0.9445608258247375
Sample 16,Time-MoE,0.05543920025229454
Sample 17,TimesFM,0.5484448075294495
Sample 17,Timer,0.4515552222728729
Sample 18,Moirai,0.7746112942695618
Sample 18,TimesFM,0.225388765335083
Sample 19,Timer,0.5026260614395142
Sample 19,Chronos,0.4973739683628082
Sample 20,Time-MoE,0.579084575176239
Sample 20,Timer,0.420915424823761
Sample 21,Chronos,0.7611422538757324
Sample 21,TimesFM,0.2388577163219452
Sample 22,Time-MoE,0.8304294347763062
Sample 22,Moirai,0.16957059502601624
Sample 23,TimesFM,0.510890007019043
Sample 23,Moirai,0.48910999298095703
Sample 24,Moirai,0.902571976184845
Sample 24,Timer,0.09742800146341324
Sample 25,Timer,0.62601637840271
Sample 25,TimesFM,0.37398359179496765
Sample 26,Time-MoE,0.7707434296607971
Sample 26,Moirai,0.22925660014152527
Sample 27,Chronos,0.5301837921142578
Sample 27,Timer,0.4698161780834198
Sample 28,Time-MoE,0.6275318264961243
Sample 28,Timer,0.37246814370155334
Sample 29,Chronos,0.9211528897285461
Sample 29,Moirai,0.07884708791971207
Sample 30,Time-MoE,0.970443069934845
Sample 30,Moirai,0.02955690026283264
Sample 31,Timer,0.6120665073394775
Sample 31,Time-MoE,0.38793352246284485
Sample 0,Moirai,0.5991873741149902
Sample 0,Timer,0.4008125960826874
Sample 1,Chronos,0.5777096152305603
Sample 1,Timer,0.4222903549671173
Sample 2,Time-MoE,0.9558687806129456
Sample 2,Moirai,0.044131260365247726
Sample 3,Chronos,0.6579836010932922
Sample 3,TimesFM,0.34201639890670776
Sample 4,Chronos,0.8983545303344727
Sample 4,Time-MoE,0.10164551436901093
Sample 5,TimesFM,0.7287997603416443
Sample 5,Chronos,0.27120018005371094
Sample 6,Timer,0.5260894298553467
Sample 6,TimesFM,0.4739105701446533
Sample 7,Time-MoE,0.7074455618858337
Sample 7,Chronos,0.29255446791648865
Sample 8,Moirai,0.8614440560340881
Sample 8,Timer,0.13855595886707306
Sample 9,Timer,0.5074614882469177
Sample 9,TimesFM,0.4925385117530823
Sample 10,Time-MoE,0.9645423293113708
Sample 10,TimesFM,0.03545774146914482
Sample 11,Chronos,0.7151743173599243
Sample 11,TimesFM,0.2848256826400757
Sample 12,Time-MoE,0.7349618077278137
Sample 12,Timer,0.2650381922721863
Sample 13,Timer,0.6076837182044983
Sample 13,TimesFM,0.3923163414001465
Sample 14,Timer,0.5124567151069641
Sample 14,Time-MoE,0.4875433146953583
Sample 15,Moirai,0.7637691497802734
Sample 15,Time-MoE,0.23623082041740417
Sample 0,Moirai,0.9882854223251343
Sample 0,Timer,0.011714630760252476
Sample 1,Timer,0.5383514761924744
Sample 1,Chronos,0.46164846420288086
Sample 2,Chronos,0.6417374014854431
Sample 2,Time-MoE,0.3582625687122345
Sample 3,Chronos,0.84951251745224
Sample 3,Timer,0.1504874974489212
Sample 4,Timer,0.6846349835395813
Sample 4,TimesFM,0.3153650462627411
Sample 5,Timer,0.6377576589584351
Sample 5,TimesFM,0.36224234104156494
Sample 6,Timer,0.5500214695930481
Sample 6,Time-MoE,0.4499785304069519
Sample 7,Moirai,0.7588977813720703
Sample 7,TimesFM,0.2411022037267685
Sample 8,Moirai,0.9651541113853455
Sample 8,Timer,0.03484589233994484
Sample 9,Timer,0.6347472071647644
Sample 9,Chronos,0.36525285243988037
Sample 10,Time-MoE,0.7179802656173706
Sample 10,Moirai,0.2820197343826294
Sample 11,TimesFM,0.5790465474128723
Sample 11,Chronos,0.4209534823894501
Sample 12,Moirai,0.6577069759368896
Sample 12,Time-MoE,0.34229305386543274
Sample 13,TimesFM,0.9029626846313477
Sample 13,Chronos,0.09703729301691055
Sample 14,Time-MoE,0.9207736253738403
Sample 14,Timer,0.07922635972499847
Sample 15,Moirai,0.6986318230628967
Sample 15,Timer,0.30136820673942566
Sample 16,Time-MoE,0.5543743968009949
Sample 16,Moirai,0.44562557339668274
Sample 17,TimesFM,0.5662519335746765
Sample 17,Timer,0.4337480664253235
Sample 18,Chronos,0.529106080532074
Sample 18,Time-MoE,0.47089385986328125
Sample 19,TimesFM,0.7812912464141846
Sample 19,Chronos,0.21870875358581543
Sample 20,Moirai,0.6144192218780518
Sample 20,Timer,0.38558071851730347
Sample 21,Chronos,0.7207129001617432
Sample 21,TimesFM,0.27928707003593445
Sample 22,TimesFM,0.7315216660499573
Sample 22,Moirai,0.26847827434539795
Sample 23,Chronos,0.6456152200698853
Sample 23,Moirai,0.35438472032546997
Sample 24,Moirai,0.9370076656341553
Sample 24,Time-MoE,0.06299227476119995
Sample 25,Timer,0.6221831440925598
Sample 25,TimesFM,0.3778168559074402
Sample 26,TimesFM,0.5521057844161987
Sample 26,Timer,0.44789424538612366
Sample 27,TimesFM,0.5725752115249634
Sample 27,Chronos,0.42742475867271423
Sample 28,Chronos,0.7715516090393066
Sample 28,Timer,0.22844834625720978
Sample 29,TimesFM,0.5324904322624207
Sample 29,Timer,0.46750959753990173
Sample 30,Time-MoE,0.767909586429596
Sample 30,TimesFM,0.23209045827388763
Sample 31,Moirai,0.5075160264968872
Sample 31,TimesFM,0.4924839735031128
Sample 0,Moirai,0.7785203456878662
Sample 0,Chronos,0.22147966921329498
Sample 1,TimesFM,0.5674734115600586
Sample 1,Timer,0.43252652883529663
Sample 2,Time-MoE,0.681591808795929
Sample 2,Moirai,0.31840822100639343
Sample 3,Chronos,0.7258762121200562
Sample 3,TimesFM,0.27412375807762146
Sample 4,Chronos,0.6487563848495483
Sample 4,TimesFM,0.3512435853481293
Sample 5,TimesFM,0.5520833730697632
Sample 5,Timer,0.44791656732559204
Sample 6,Moirai,0.6125065684318542
Sample 6,Timer,0.38749340176582336
Sample 7,Moirai,0.88399738073349
Sample 7,Time-MoE,0.11600270122289658
Sample 8,Moirai,0.6660294532775879
Sample 8,Time-MoE,0.3339705467224121
Sample 9,Timer,0.5547298192977905
Sample 9,TimesFM,0.4452701807022095
Sample 10,Moirai,0.781349778175354
Sample 10,Timer,0.218650221824646
Sample 11,Chronos,0.510704517364502
Sample 11,TimesFM,0.48929548263549805
Sample 12,Time-MoE,0.6887609362602234
Sample 12,Chronos,0.3112390637397766
Sample 13,Chronos,0.520453155040741
Sample 13,TimesFM,0.47954681515693665
Sample 14,TimesFM,0.5847610831260681
Sample 14,Time-MoE,0.4152388870716095
Sample 15,Moirai,0.7537591457366943
Sample 15,Time-MoE,0.24624086916446686
Sample 16,Moirai,0.9861240386962891
Sample 16,Time-MoE,0.013875940814614296
Sample 17,TimesFM,0.5418000817298889
Sample 17,Timer,0.45819997787475586
Sample 18,Moirai,0.8895668983459473
Sample 18,Time-MoE,0.11043306440114975
Sample 19,TimesFM,0.6432047486305237
Sample 19,Chronos,0.35679522156715393
Sample 20,TimesFM,0.5778160691261292
Sample 20,Timer,0.4221838712692261
Sample 21,Timer,0.6639326810836792
Sample 21,TimesFM,0.3360673189163208
Sample 22,Time-MoE,0.6650432348251343
Sample 22,Chronos,0.3349567651748657
Sample 23,Chronos,0.6979688405990601
Sample 23,Moirai,0.30203115940093994
Sample 24,Timer,0.6357868313789368
Sample 24,Moirai,0.36421313881874084
Sample 25,TimesFM,0.565846860408783
Sample 25,Timer,0.4341531991958618
Sample 26,Time-MoE,0.7858515977859497
Sample 26,TimesFM,0.21414844691753387
Sample 27,Chronos,0.6051530241966248
Sample 27,TimesFM,0.39484694600105286
Sample 28,Chronos,0.6434912085533142
Sample 28,Moirai,0.3565087616443634
Sample 29,TimesFM,0.6346904039382935
Sample 29,Timer,0.36530962586402893
Sample 30,Time-MoE,0.6231701374053955
Sample 30,TimesFM,0.3768298923969269
Sample 31,Moirai,0.6667726635932922
Sample 31,Time-MoE,0.33322736620903015
Sample 0,Moirai,0.5903140306472778
Sample 0,Time-MoE,0.40968596935272217
Sample 1,TimesFM,0.6683148741722107
Sample 1,Chronos,0.3316850960254669
Sample 2,Time-MoE,0.8836995363235474
Sample 2,Timer,0.11630050092935562
Sample 3,Timer,0.7461010813713074
Sample 3,Chronos,0.2538989186286926
Sample 4,Moirai,0.5967615842819214
Sample 4,Timer,0.403238445520401
Sample 5,Time-MoE,0.8528015613555908
Sample 5,Timer,0.14719849824905396
Sample 6,TimesFM,0.7057409286499023
Sample 6,Time-MoE,0.29425910115242004
Sample 7,Moirai,0.6174172759056091
Sample 7,Chronos,0.3825826942920685
Sample 8,Moirai,0.9138320088386536
Sample 8,Time-MoE,0.08616791665554047
Sample 9,Timer,0.6395720839500427
Sample 9,TimesFM,0.3604278862476349
Sample 10,Timer,0.7934588193893433
Sample 10,Chronos,0.20654113590717316
Sample 11,Chronos,0.9112150073051453
Sample 11,TimesFM,0.08878499269485474
Sample 12,Moirai,0.6025800108909607
Sample 12,Chronos,0.3974200189113617
Sample 13,TimesFM,0.6121403574943542
Sample 13,Timer,0.38785964250564575
Sample 14,TimesFM,0.6156970858573914
Sample 14,Time-MoE,0.38430291414260864
Sample 15,Moirai,0.8147658705711365
Sample 15,Timer,0.18523414433002472
Sample 16,TimesFM,0.5943218469619751
Sample 16,Timer,0.4056781232357025
Sample 17,TimesFM,0.6806279420852661
Sample 17,Timer,0.3193720877170563
Sample 18,Time-MoE,0.6998257637023926
Sample 18,Timer,0.30017420649528503
Sample 19,TimesFM,0.6825504899024963
Sample 19,Time-MoE,0.3174494802951813
Sample 20,Chronos,0.9067165851593018
Sample 20,Moirai,0.09328345209360123
Sample 21,TimesFM,0.6321896314620972
Sample 21,Chronos,0.36781033873558044
Sample 22,Time-MoE,0.7148967385292053
Sample 22,TimesFM,0.28510332107543945
Sample 23,Chronos,0.6374518871307373
Sample 23,TimesFM,0.3625480830669403
Sample 24,Time-MoE,0.5395776629447937
Sample 24,Moirai,0.4604223072528839
Sample 25,TimesFM,0.7483059763908386
Sample 25,Timer,0.2516940236091614
Sample 26,Time-MoE,0.871351420879364
Sample 26,Moirai,0.12864862382411957
Sample 27,Chronos,0.9820079803466797
Sample 27,Timer,0.01799195073544979
Sample 28,Time-MoE,0.6119422912597656
Sample 28,Moirai,0.38805773854255676
Sample 29,TimesFM,0.7823003530502319
Sample 29,Timer,0.21769972145557404
Sample 30,Time-MoE,0.7087425589561462
Sample 30,TimesFM,0.29125744104385376
Sample 31,Moirai,0.5670422911643982
Sample 31,Time-MoE,0.4329576790332794
Sample 0,Moirai,0.9352805614471436
Sample 0,Time-MoE,0.06471944600343704
Sample 1,TimesFM,0.782080352306366
Sample 1,Chronos,0.21791961789131165
Sample 2,Chronos,0.593199610710144
Sample 2,Moirai,0.40680041909217834
Sample 3,Chronos,0.5416948199272156
Sample 3,Timer,0.45830515027046204
Sample 4,TimesFM,0.6111603379249573
Sample 4,Timer,0.3888396918773651
Sample 5,Chronos,0.5397458076477051
Sample 5,Moirai,0.4602542519569397
Sample 6,Time-MoE,0.799104630947113
Sample 6,Timer,0.20089535415172577
Sample 7,TimesFM,0.5233631134033203
Sample 7,Time-MoE,0.4766368865966797
Sample 8,Moirai,0.9827545285224915
Sample 8,Chronos,0.017245445400476456
Sample 9,TimesFM,0.6628772616386414
Sample 9,Timer,0.3371227979660034
Sample 10,TimesFM,0.5496940016746521
Sample 10,Timer,0.4503059983253479
Sample 11,Chronos,0.5244455933570862
Sample 11,Timer,0.4755544066429138
Sample 12,Moirai,0.8760924339294434
Sample 12,Chronos,0.12390760332345963
Sample 13,Time-MoE,0.56642085313797
Sample 13,Timer,0.43357911705970764
Sample 14,Time-MoE,0.8134195804595947
Sample 14,Timer,0.18658046424388885
Sample 15,Moirai,0.6463808417320251
Sample 15,Time-MoE,0.3536190986633301
Sample 16,Moirai,0.8330279588699341
Sample 16,Timer,0.1669720858335495
Sample 17,Time-MoE,0.522171676158905
Sample 17,Timer,0.47782832384109497
Sample 18,Moirai,0.5494300127029419
Sample 18,Time-MoE,0.4505700469017029
Sample 19,Chronos,0.9654756784439087
Sample 19,Time-MoE,0.0345243364572525
Sample 20,Chronos,0.8786266446113586
Sample 20,TimesFM,0.12137338519096375
Sample 21,TimesFM,0.5506834387779236
Sample 21,Time-MoE,0.4493165612220764
Sample 22,Time-MoE,0.8207436203956604
Sample 22,Moirai,0.179256409406662
Sample 23,Time-MoE,0.5298658609390259
Sample 23,Moirai,0.4701341688632965
Sample 24,Moirai,0.9836000204086304
Sample 24,Chronos,0.01639995537698269
Sample 25,TimesFM,0.6077073812484741
Sample 25,Timer,0.39229264855384827
Sample 26,Time-MoE,0.9789395332336426
Sample 26,Moirai,0.021060511469841003
Sample 27,Chronos,0.7332141995429993
Sample 27,Timer,0.2667858302593231
Sample 28,Moirai,0.7319087982177734
Sample 28,Timer,0.26809123158454895
Sample 29,TimesFM,0.553388774394989
Sample 29,Chronos,0.4466112554073334
Sample 30,Time-MoE,0.5076572895050049
Sample 30,TimesFM,0.4923427402973175
Sample 31,Moirai,0.8297924399375916
Sample 31,Time-MoE,0.17020754516124725
Sample 0,Moirai,0.7968399524688721
Sample 0,Timer,0.2031601220369339
Sample 1,TimesFM,0.5342272520065308
Sample 1,Timer,0.465772807598114
Sample 2,TimesFM,0.5014419555664062
Sample 2,Time-MoE,0.49855804443359375
Sample 3,TimesFM,0.5031825304031372
Sample 3,Chronos,0.4968174993991852
Sample 4,Chronos,0.6737418174743652
Sample 4,TimesFM,0.32625818252563477
Sample 5,Timer,0.6175891160964966
Sample 5,TimesFM,0.38241085410118103
Sample 6,TimesFM,0.5606063008308411
Sample 6,Timer,0.43939363956451416
Sample 7,Moirai,0.5005621910095215
Sample 7,Time-MoE,0.4994378089904785
Sample 8,Moirai,0.9271414279937744
Sample 8,Time-MoE,0.07285860180854797
Sample 9,TimesFM,0.5868157744407654
Sample 9,Timer,0.41318419575691223
Sample 10,Time-MoE,0.9689249396324158
Sample 10,Moirai,0.031075086444616318
Sample 11,Chronos,0.6106035113334656
Sample 11,Moirai,0.38939642906188965
Sample 12,Time-MoE,0.7225238680839539
Sample 12,Moirai,0.2774761915206909
Sample 13,TimesFM,0.9184368252754211
Sample 13,Moirai,0.08156314492225647
Sample 14,Time-MoE,0.9165788888931274
Sample 14,Moirai,0.08342110365629196
Sample 15,Chronos,0.5015782713890076
Sample 15,TimesFM,0.49842172861099243
Sample 16,TimesFM,0.6189635992050171
Sample 16,Moirai,0.3810364603996277
Sample 17,TimesFM,0.7243661880493164
Sample 17,Timer,0.275633841753006
Sample 18,Time-MoE,0.8662819266319275
Sample 18,Moirai,0.13371804356575012
Sample 19,Chronos,0.5325062274932861
Sample 19,TimesFM,0.46749380230903625
Sample 20,Time-MoE,0.5221754312515259
Sample 20,Moirai,0.4778245687484741
Sample 21,TimesFM,0.649296224117279
Sample 21,Timer,0.35070377588272095
Sample 22,Timer,0.5566747784614563
Sample 22,Time-MoE,0.4433252513408661
Sample 23,Moirai,0.5332954525947571
Sample 23,Time-MoE,0.4667045474052429
Sample 24,Moirai,0.9928783774375916
Sample 24,Timer,0.007121627684682608
Sample 25,TimesFM,0.760026752948761
Sample 25,Timer,0.23997332155704498
Sample 26,Moirai,0.6541652083396912
Sample 26,Time-MoE,0.34583473205566406
Sample 27,TimesFM,0.7611278891563416
Sample 27,Chronos,0.23887209594249725
Sample 28,Moirai,0.7958846688270569
Sample 28,Time-MoE,0.20411527156829834
Sample 29,Time-MoE,0.5890902280807495
Sample 29,Timer,0.4109097719192505
Sample 30,Timer,0.6274793148040771
Sample 30,Time-MoE,0.3725206255912781
Sample 31,Time-MoE,0.547405481338501
Sample 31,Moirai,0.45259448885917664
Sample 0,Moirai,0.9519811868667603
Sample 0,Chronos,0.04801877588033676
Sample 1,TimesFM,0.5613215565681458
Sample 1,Timer,0.43867841362953186
Sample 2,TimesFM,0.7560317516326904
Sample 2,Chronos,0.2439681887626648
Sample 3,Chronos,0.7348847389221191
Sample 3,Timer,0.26511526107788086
Sample 4,Timer,0.5085093975067139
Sample 4,Moirai,0.4914906322956085
Sample 5,Timer,0.5972168445587158
Sample 5,TimesFM,0.40278321504592896
Sample 6,Time-MoE,0.6820791959762573
Sample 6,Timer,0.31792086362838745
Sample 7,Moirai,0.7857041358947754
Sample 7,TimesFM,0.2142958641052246
Sample 8,Moirai,0.9523447751998901
Sample 8,Time-MoE,0.047655265778303146
Sample 9,Chronos,0.6510391235351562
Sample 9,TimesFM,0.348960816860199
Sample 10,Moirai,0.8536733388900757
Sample 10,Chronos,0.1463267058134079
Sample 11,Chronos,0.5120452642440796
Sample 11,TimesFM,0.487954705953598
Sample 12,Timer,0.7939656972885132
Sample 12,Time-MoE,0.2060343325138092
Sample 13,Chronos,0.9647518396377563
Sample 13,TimesFM,0.03524817153811455
Sample 14,Moirai,0.8677578568458557
Sample 14,Time-MoE,0.13224220275878906
Sample 15,TimesFM,0.6106625199317932
Sample 15,Time-MoE,0.3893374800682068
Sample 16,Moirai,0.9382785558700562
Sample 16,Time-MoE,0.06172151491045952
Sample 17,TimesFM,0.6034809350967407
Sample 17,Timer,0.39651912450790405
Sample 18,Moirai,0.7524183392524719
Sample 18,Time-MoE,0.24758170545101166
Sample 19,TimesFM,0.577122151851654
Sample 19,Timer,0.42287787795066833
Sample 20,TimesFM,0.6863621473312378
Sample 20,Time-MoE,0.3136378824710846
Sample 21,TimesFM,0.7192932963371277
Sample 21,Timer,0.2807067036628723
Sample 22,Time-MoE,0.739525556564331
Sample 22,TimesFM,0.26047438383102417
Sample 23,Moirai,0.6957674622535706
Sample 23,Time-MoE,0.30423250794410706
Sample 24,Moirai,0.8964346647262573
Sample 24,TimesFM,0.10356529802083969
Sample 25,TimesFM,0.5333749651908875
Sample 25,Chronos,0.46662506461143494
Sample 26,Time-MoE,0.7532781958580017
Sample 26,Timer,0.2467218041419983
Sample 27,TimesFM,0.6565965414047241
Sample 27,Time-MoE,0.3434034585952759
Sample 28,Time-MoE,0.9546929001808167
Sample 28,Moirai,0.04530710354447365
Sample 29,Time-MoE,0.7393093705177307
Sample 29,TimesFM,0.2606905996799469
Sample 30,Time-MoE,0.9214845299720764
Sample 30,Moirai,0.07851547002792358
Sample 31,Time-MoE,0.5094714760780334
Sample 31,Chronos,0.49052855372428894
Sample 0,TimesFM,0.6164884567260742
Sample 0,Timer,0.38351157307624817
Sample 1,TimesFM,0.5915218591690063
Sample 1,Timer,0.40847811102867126
Sample 2,Time-MoE,0.9887112379074097
Sample 2,Moirai,0.011288712732493877
Sample 3,TimesFM,0.9017802476882935
Sample 3,Chronos,0.09821975976228714
Sample 4,Time-MoE,0.6195051670074463
Sample 4,Chronos,0.3804948627948761
Sample 5,TimesFM,0.5121212601661682
Sample 5,Timer,0.4878787100315094
Sample 6,TimesFM,0.8270457983016968
Sample 6,Timer,0.1729542315006256
Sample 7,Moirai,0.5004092454910278
Sample 7,Time-MoE,0.49959081411361694
Sample 8,Moirai,0.9586362838745117
Sample 8,Timer,0.041363783180713654
Sample 9,TimesFM,0.6960954070091248
Sample 9,Chronos,0.30390456318855286
Sample 10,Time-MoE,0.8718992471694946
Sample 10,TimesFM,0.12810073792934418
Sample 11,TimesFM,0.7237558364868164
Sample 11,Chronos,0.2762441337108612
Sample 12,Time-MoE,0.5880027413368225
Sample 12,Moirai,0.4119972288608551
Sample 13,TimesFM,0.6247010827064514
Sample 13,Timer,0.3752989172935486
Sample 14,Time-MoE,0.552440881729126
Sample 14,Timer,0.44755908846855164
Sample 15,Moirai,0.8686528205871582
Sample 15,Time-MoE,0.131347194314003
Sample 0,Moirai,0.9654688239097595
Sample 0,Timer,0.03453115373849869
Sample 1,TimesFM,0.5121944546699524
Sample 1,Timer,0.4878055453300476
Sample 2,Chronos,0.8833028674125671
Sample 2,TimesFM,0.11669715493917465
Sample 3,Chronos,0.5097264051437378
Sample 3,Timer,0.4902735948562622
Sample 4,TimesFM,0.7258804440498352
Sample 4,Timer,0.2741195261478424
Sample 5,TimesFM,0.6438394784927368
Sample 5,Timer,0.3561604619026184
Sample 6,TimesFM,0.596712052822113
Sample 6,Timer,0.40328797698020935
Sample 7,Time-MoE,0.730147659778595
Sample 7,Moirai,0.26985231041908264
Sample 8,Moirai,0.9297460913658142
Sample 8,Timer,0.0702538713812828
Sample 9,TimesFM,0.5908055305480957
Sample 9,Chronos,0.4091944098472595
Sample 10,Time-MoE,0.8929674029350281
Sample 10,Moirai,0.10703257471323013
Sample 11,Chronos,0.9257943630218506
Sample 11,Timer,0.07420560717582703
Sample 12,Moirai,0.794057309627533
Sample 12,Timer,0.20594272017478943
Sample 13,Timer,0.5814042687416077
Sample 13,TimesFM,0.4185957610607147
Sample 14,Time-MoE,0.8272585272789001
Sample 14,Timer,0.17274154722690582
Sample 15,Moirai,0.7260533571243286
Sample 15,Time-MoE,0.2739466428756714
Sample 16,Moirai,0.9509866833686829
Sample 16,Time-MoE,0.049013324081897736
Sample 17,TimesFM,0.5163862109184265
Sample 17,Timer,0.4836137890815735
Sample 18,Moirai,0.7272834181785583
Sample 18,Chronos,0.27271655201911926
Sample 19,TimesFM,0.7532655596733093
Sample 19,Timer,0.2467343956232071
Sample 20,Time-MoE,0.7562031745910645
Sample 20,Moirai,0.24379682540893555
Sample 21,Chronos,0.606184184551239
Sample 21,TimesFM,0.393815815448761
Sample 22,Time-MoE,0.5935696959495544
Sample 22,TimesFM,0.40643036365509033
Sample 23,Time-MoE,0.5331668853759766
Sample 23,Timer,0.46683311462402344
Sample 24,Moirai,0.832256019115448
Sample 24,Time-MoE,0.1677440106868744
Sample 25,TimesFM,0.7019343376159668
Sample 25,Timer,0.2980656623840332
Sample 26,TimesFM,0.8920053243637085
Sample 26,Timer,0.10799472779035568
Sample 27,Chronos,0.5041007399559021
Sample 27,TimesFM,0.4958992600440979
Sample 28,Time-MoE,0.5350993871688843
Sample 28,Chronos,0.4649006128311157
Sample 29,TimesFM,0.8482567071914673
Sample 29,Timer,0.1517433226108551
Sample 30,Time-MoE,0.9265802502632141
Sample 30,Timer,0.07341980189085007
Sample 31,Moirai,0.507900059223175
Sample 31,Time-MoE,0.49209994077682495
Sample 0,Moirai,0.5548590421676636
Sample 0,Timer,0.4451409578323364
Sample 1,Timer,0.5210344195365906
Sample 1,TimesFM,0.4789656102657318
Sample 2,Time-MoE,0.6581056118011475
Sample 2,TimesFM,0.34189435839653015
Sample 3,TimesFM,0.5513588190078735
Sample 3,Chronos,0.44864121079444885
Sample 4,Time-MoE,0.6047855615615845
Sample 4,TimesFM,0.3952144682407379
Sample 5,TimesFM,0.586776077747345
Sample 5,Chronos,0.41322389245033264
Sample 6,TimesFM,0.6166794300079346
Sample 6,Time-MoE,0.38332051038742065
Sample 7,Moirai,0.7701218724250793
Sample 7,Time-MoE,0.22987814247608185
Sample 8,Moirai,0.8337568640708923
Sample 8,Time-MoE,0.16624313592910767
Sample 9,Timer,0.5219777226448059
Sample 9,TimesFM,0.4780223071575165
Sample 10,Time-MoE,0.7619684338569641
Sample 10,Moirai,0.2380315214395523
Sample 11,TimesFM,0.6258552074432373
Sample 11,Timer,0.3741448223590851
Sample 12,Moirai,0.5293936729431152
Sample 12,Chronos,0.47060632705688477
Sample 13,Timer,0.6317762136459351
Sample 13,TimesFM,0.36822375655174255
Sample 14,Timer,0.785370409488678
Sample 14,TimesFM,0.21462960541248322
Sample 15,Moirai,0.8320201635360718
Sample 15,Time-MoE,0.16797983646392822
Sample 16,Moirai,0.5023775696754456
Sample 16,Time-MoE,0.49762243032455444
Sample 17,TimesFM,0.5957517623901367
Sample 17,Chronos,0.40424826741218567
Sample 18,Moirai,0.9573796987533569
Sample 18,Timer,0.042620327323675156
Sample 19,TimesFM,0.7397875785827637
Sample 19,Timer,0.2602124512195587
Sample 20,TimesFM,0.7687375545501709
Sample 20,Timer,0.2312624156475067
Sample 21,TimesFM,0.8607444763183594
Sample 21,Timer,0.139255553483963
Sample 22,Moirai,0.5686255097389221
Sample 22,Time-MoE,0.4313744902610779
Sample 23,Chronos,0.5155435800552368
Sample 23,Moirai,0.4844563603401184
Sample 24,TimesFM,0.5036511421203613
Sample 24,Time-MoE,0.4963488280773163
Sample 25,TimesFM,0.7078230977058411
Sample 25,Timer,0.2921769320964813
Sample 26,TimesFM,0.6278345584869385
Sample 26,Time-MoE,0.3721654713153839
Sample 27,TimesFM,0.8302703499794006
Sample 27,Chronos,0.16972967982292175
Sample 28,Moirai,0.6596383452415466
Sample 28,Chronos,0.34036165475845337
Sample 29,TimesFM,0.7547824382781982
Sample 29,Timer,0.24521762132644653
Sample 30,Time-MoE,0.6901217699050903
Sample 30,TimesFM,0.30987823009490967
Sample 31,Moirai,0.6712028384208679
Sample 31,Time-MoE,0.3287971317768097
Sample 0,Moirai,0.8196147084236145
Sample 0,Time-MoE,0.18038532137870789
Sample 1,TimesFM,0.6467212438583374
Sample 1,Timer,0.353278785943985
Sample 2,Time-MoE,0.9742077589035034
Sample 2,Moirai,0.02579221874475479
Sample 3,TimesFM,0.5156826376914978
Sample 3,Timer,0.4843173921108246
Sample 4,Moirai,0.7942833304405212
Sample 4,Time-MoE,0.20571668446063995
Sample 5,Time-MoE,0.982477605342865
Sample 5,TimesFM,0.017522450536489487
Sample 6,TimesFM,0.7964365482330322
Sample 6,Time-MoE,0.20356342196464539
Sample 7,Time-MoE,0.600482702255249
Sample 7,Moirai,0.3995172381401062
Sample 8,Moirai,0.7217503190040588
Sample 8,Time-MoE,0.27824968099594116
Sample 9,Timer,0.5884044766426086
Sample 9,TimesFM,0.41159552335739136
Sample 10,Timer,0.8547073006629944
Sample 10,TimesFM,0.14529263973236084
Sample 11,Chronos,0.8011165857315063
Sample 11,TimesFM,0.19888344407081604
Sample 12,Chronos,0.5450571179389954
Sample 12,Moirai,0.45494288206100464
Sample 13,TimesFM,0.598381757736206
Sample 13,Chronos,0.40161824226379395
Sample 14,Timer,0.6531381011009216
Sample 14,Time-MoE,0.346861869096756
Sample 15,Moirai,0.7374060153961182
Sample 15,Time-MoE,0.26259392499923706
Sample 16,TimesFM,0.7285480499267578
Sample 16,Timer,0.2714519202709198
Sample 17,TimesFM,0.6655824184417725
Sample 17,Timer,0.33441758155822754
Sample 18,Time-MoE,0.9407953023910522
Sample 18,Moirai,0.059204671531915665
Sample 19,TimesFM,0.5563822984695435
Sample 19,Timer,0.44361767172813416
Sample 20,Chronos,0.8695489168167114
Sample 20,Moirai,0.13045111298561096
Sample 21,TimesFM,0.5470712184906006
Sample 21,Chronos,0.4529287815093994
Sample 22,TimesFM,0.8756818175315857
Sample 22,Timer,0.1243182048201561
Sample 23,Chronos,0.7507454752922058
Sample 23,Time-MoE,0.24925453960895538
Sample 24,Moirai,0.9326943159103394
Sample 24,Time-MoE,0.06730563938617706
Sample 25,TimesFM,0.5307409167289734
Sample 25,Timer,0.4692590832710266
Sample 26,Time-MoE,0.7532545924186707
Sample 26,Moirai,0.24674536287784576
Sample 27,Chronos,0.914592444896698
Sample 27,TimesFM,0.08540751785039902
Sample 28,Chronos,0.8323621153831482
Sample 28,TimesFM,0.16763785481452942
Sample 29,Chronos,0.9174489974975586
Sample 29,Timer,0.08255098760128021
Sample 30,Time-MoE,0.5973517298698425
Sample 30,TimesFM,0.40264827013015747
Sample 31,Moirai,0.7510138154029846
Sample 31,Time-MoE,0.2489861696958542
Sample 0,Moirai,0.8602572679519653
Sample 0,Time-MoE,0.13974270224571228
Sample 1,TimesFM,0.7671546936035156
Sample 1,Timer,0.23284535109996796
Sample 2,Moirai,0.608884871006012
Sample 2,Timer,0.39111512899398804
Sample 3,TimesFM,0.8332509398460388
Sample 3,Timer,0.1667490303516388
Sample 4,TimesFM,0.5257118344306946
Sample 4,Timer,0.47428813576698303
Sample 5,Chronos,0.6120310425758362
Sample 5,TimesFM,0.3879689574241638
Sample 6,Time-MoE,0.6324058175086975
Sample 6,Moirai,0.3675941526889801
Sample 7,Moirai,0.5206189751625061
Sample 7,TimesFM,0.4793810248374939
Sample 8,Moirai,0.9687673449516296
Sample 8,Timer,0.031232640147209167
Sample 9,Timer,0.5244056582450867
Sample 9,Chronos,0.4755943715572357
Sample 10,Chronos,0.6906812191009521
Sample 10,Moirai,0.30931881070137024
Sample 11,TimesFM,0.5867573618888855
Sample 11,Timer,0.4132426679134369
Sample 12,Moirai,0.60401451587677
Sample 12,Chronos,0.39598548412323
Sample 13,TimesFM,0.6228410005569458
Sample 13,Timer,0.3771589696407318
Sample 14,Time-MoE,0.8284331560134888
Sample 14,Timer,0.1715668886899948
Sample 15,Moirai,0.5596771836280823
Sample 15,Time-MoE,0.4403228163719177
Sample 16,Moirai,0.9498178362846375
Sample 16,Timer,0.050182100385427475
Sample 17,Timer,0.6411319971084595
Sample 17,TimesFM,0.3588680624961853
Sample 18,Moirai,0.6788613200187683
Sample 18,Time-MoE,0.3211386501789093
Sample 19,Chronos,0.5401878952980042
Sample 19,TimesFM,0.45981207489967346
Sample 20,Chronos,0.8946032524108887
Sample 20,Time-MoE,0.10539673268795013
Sample 21,Time-MoE,0.5243349075317383
Sample 21,TimesFM,0.47566503286361694
Sample 22,Time-MoE,0.8384340405464172
Sample 22,Moirai,0.16156592965126038
Sample 23,Time-MoE,0.6687864065170288
Sample 23,Timer,0.3312135934829712
Sample 24,Moirai,0.9501808285713196
Sample 24,Time-MoE,0.049819137901067734
Sample 25,Chronos,0.6578148007392883
Sample 25,Timer,0.3421851694583893
Sample 26,Chronos,0.5659247040748596
Sample 26,Moirai,0.434075266122818
Sample 27,TimesFM,0.5032112002372742
Sample 27,Chronos,0.49678879976272583
Sample 28,Moirai,0.846170961856842
Sample 28,Time-MoE,0.15382903814315796
Sample 29,TimesFM,0.61081463098526
Sample 29,Timer,0.38918536901474
Sample 30,Time-MoE,0.7749950885772705
Sample 30,Timer,0.2250048965215683
Sample 31,Moirai,0.862623929977417
Sample 31,Timer,0.1373760849237442
Sample 0,Moirai,0.9935880899429321
Sample 0,Timer,0.006411905866116285
Sample 1,TimesFM,0.6271294951438904
Sample 1,Timer,0.3728705644607544
Sample 2,Moirai,0.9307482838630676
Sample 2,Chronos,0.06925174593925476
Sample 3,TimesFM,0.6007329225540161
Sample 3,Chronos,0.3992671072483063
Sample 4,Chronos,0.5439174175262451
Sample 4,Timer,0.4560825824737549
Sample 5,TimesFM,0.5440070629119873
Sample 5,Timer,0.4559929370880127
Sample 6,Timer,0.6990949511528015
Sample 6,TimesFM,0.3009050488471985
Sample 7,Time-MoE,0.5181368589401245
Sample 7,Moirai,0.4818631708621979
Sample 8,Moirai,0.8162213563919067
Sample 8,Time-MoE,0.18377865850925446
Sample 9,TimesFM,0.5738294720649719
Sample 9,Timer,0.4261704981327057
Sample 10,Time-MoE,0.8444817662239075
Sample 10,Moirai,0.1555182784795761
Sample 11,Chronos,0.6674113869667053
Sample 11,TimesFM,0.3325885534286499
Sample 12,Moirai,0.5262549519538879
Sample 12,Timer,0.4737450182437897
Sample 13,TimesFM,0.5429118275642395
Sample 13,Timer,0.4570882022380829
Sample 14,Time-MoE,0.9707899689674377
Sample 14,Timer,0.029210031032562256
Sample 15,TimesFM,0.6281186938285828
Sample 15,Time-MoE,0.37188130617141724
Sample 16,Chronos,0.5896275639533997
Sample 16,Moirai,0.41037237644195557
Sample 17,Timer,0.5159775018692017
Sample 17,Time-MoE,0.48402249813079834
Sample 18,Time-MoE,0.9163509011268616
Sample 18,Moirai,0.08364909142255783
Sample 19,Chronos,0.8735281825065613
Sample 19,TimesFM,0.1264718472957611
Sample 20,Chronos,0.9554356932640076
Sample 20,Moirai,0.044564247131347656
Sample 21,TimesFM,0.5800582766532898
Sample 21,Chronos,0.4199417531490326
Sample 22,Timer,0.7309251427650452
Sample 22,Time-MoE,0.26907485723495483
Sample 23,Moirai,0.6567351222038269
Sample 23,Time-MoE,0.3432648479938507
Sample 24,Moirai,0.9787589311599731
Sample 24,Timer,0.021241120994091034
Sample 25,TimesFM,0.6723713874816895
Sample 25,Chronos,0.32762864232063293
Sample 26,Moirai,0.6645172834396362
Sample 26,Time-MoE,0.33548274636268616
Sample 27,Chronos,0.7797380089759827
Sample 27,TimesFM,0.22026197612285614
Sample 28,Time-MoE,0.677236020565033
Sample 28,Moirai,0.32276400923728943
Sample 29,Time-MoE,0.5626507997512817
Sample 29,Timer,0.43734920024871826
Sample 30,Time-MoE,0.5536053776741028
Sample 30,Timer,0.4463946223258972
Sample 31,Moirai,0.8353755474090576
Sample 31,Time-MoE,0.16462446749210358
Sample 0,Moirai,0.9954119324684143
Sample 0,Time-MoE,0.0045881085097789764
Sample 1,Timer,0.7746874690055847
Sample 1,Chronos,0.22531254589557648
Sample 2,TimesFM,0.785415768623352
Sample 2,Timer,0.21458423137664795
Sample 3,Timer,0.6711543798446655
Sample 3,TimesFM,0.32884564995765686
Sample 4,Chronos,0.6841303110122681
Sample 4,Moirai,0.31586968898773193
Sample 5,Time-MoE,0.6599348187446594
Sample 5,Timer,0.3400651812553406
Sample 6,Time-MoE,0.6278119683265686
Sample 6,Timer,0.3721880316734314
Sample 7,Moirai,0.5599125027656555
Sample 7,Chronos,0.4400874674320221
Sample 8,Moirai,0.8534666895866394
Sample 8,Timer,0.14653334021568298
Sample 9,TimesFM,0.6468669176101685
Sample 9,Timer,0.35313311219215393
Sample 10,Time-MoE,0.5250287652015686
Sample 10,Moirai,0.4749712646007538
Sample 11,Chronos,0.6267876029014587
Sample 11,TimesFM,0.37321239709854126
Sample 12,Chronos,0.5380557179450989
Sample 12,Timer,0.46194425225257874
Sample 13,Chronos,0.9415427446365356
Sample 13,TimesFM,0.058457255363464355
Sample 14,Moirai,0.6709070205688477
Sample 14,Chronos,0.3290930390357971
Sample 15,Time-MoE,0.6400867104530334
Sample 15,Moirai,0.3599132299423218
Sample 16,Moirai,0.9580852389335632
Sample 16,Time-MoE,0.041914839297533035
Sample 17,Chronos,0.6497800946235657
Sample 17,TimesFM,0.35021984577178955
Sample 18,Time-MoE,0.5818288922309875
Sample 18,Timer,0.4181710481643677
Sample 19,Chronos,0.7006044983863831
Sample 19,TimesFM,0.29939550161361694
Sample 20,Time-MoE,0.7160340547561646
Sample 20,Timer,0.28396591544151306
Sample 21,TimesFM,0.8253322839736938
Sample 21,Timer,0.17466776072978973
Sample 22,Time-MoE,0.9591259956359863
Sample 22,Timer,0.04087400063872337
Sample 23,Moirai,0.6081600189208984
Sample 23,Timer,0.3918399214744568
Sample 24,Moirai,0.8569650650024414
Sample 24,Timer,0.14303496479988098
Sample 25,Chronos,0.5506605505943298
Sample 25,TimesFM,0.44933944940567017
Sample 26,Time-MoE,0.9388087391853333
Sample 26,TimesFM,0.06119122728705406
Sample 27,TimesFM,0.600776731967926
Sample 27,Timer,0.3992232382297516
Sample 28,Time-MoE,0.9016242027282715
Sample 28,Moirai,0.09837577491998672
Sample 29,Time-MoE,0.710466206073761
Sample 29,Chronos,0.2895338535308838
Sample 30,Moirai,0.8442505598068237
Sample 30,Time-MoE,0.1557493954896927
Sample 31,Chronos,0.542346715927124
Sample 31,Time-MoE,0.4576532542705536
Sample 0,Chronos,0.6740421056747437
Sample 0,Timer,0.32595789432525635
Sample 1,TimesFM,0.6181231737136841
Sample 1,Chronos,0.38187676668167114
Sample 2,Time-MoE,0.9691002368927002
Sample 2,Moirai,0.030899805948138237
Sample 3,Chronos,0.7055382132530212
Sample 3,TimesFM,0.29446178674697876
Sample 4,Timer,0.5391069650650024
Sample 4,TimesFM,0.46089306473731995
Sample 5,Chronos,0.6959800124168396
Sample 5,TimesFM,0.3040200471878052
Sample 6,Chronos,0.7896087169647217
Sample 6,TimesFM,0.21039125323295593
Sample 7,Time-MoE,0.8635380268096924
Sample 7,Moirai,0.13646194338798523
Sample 8,Moirai,0.8831479549407959
Sample 8,Time-MoE,0.11685209721326828
Sample 9,TimesFM,0.6191537380218506
Sample 9,Timer,0.3808463215827942
Sample 10,Time-MoE,0.9591795206069946
Sample 10,TimesFM,0.04082043468952179
Sample 11,Chronos,0.6931866407394409
Sample 11,TimesFM,0.3068133592605591
Sample 12,Time-MoE,0.53091961145401
Sample 12,Moirai,0.46908038854599
Sample 13,TimesFM,0.5242233276367188
Sample 13,Timer,0.47577664256095886
Sample 14,Time-MoE,0.6020191311836243
Sample 14,Timer,0.39798086881637573
Sample 15,Moirai,0.8739417195320129
Sample 15,Time-MoE,0.12605828046798706
Sample 0,Moirai,0.995009183883667
Sample 0,Timer,0.004990808200091124
Sample 1,TimesFM,0.8133885860443115
Sample 1,Chronos,0.18661144375801086
Sample 2,Chronos,0.9056053757667542
Sample 2,TimesFM,0.09439466148614883
Sample 3,Chronos,0.83399897813797
Sample 3,TimesFM,0.16600097715854645
Sample 4,Timer,0.5609598159790039
Sample 4,Chronos,0.4390401244163513
Sample 5,TimesFM,0.6052140593528748
Sample 5,Timer,0.39478591084480286
Sample 6,Time-MoE,0.5876097679138184
Sample 6,Timer,0.41239026188850403
Sample 7,Moirai,0.7806876301765442
Sample 7,Timer,0.21931235492229462
Sample 8,Moirai,0.9819878935813904
Sample 8,Timer,0.018012061715126038
Sample 9,Timer,0.5027379989624023
Sample 9,TimesFM,0.49726197123527527
Sample 10,Time-MoE,0.8240406513214111
Sample 10,Moirai,0.1759592890739441
Sample 11,Chronos,0.9426087737083435
Sample 11,Timer,0.05739130452275276
Sample 12,Moirai,0.8529135584831238
Sample 12,Time-MoE,0.14708645641803741
Sample 13,TimesFM,0.6667571663856506
Sample 13,Timer,0.33324283361434937
Sample 14,Time-MoE,0.9008151888847351
Sample 14,Timer,0.0991847813129425
Sample 15,Moirai,0.9020394682884216
Sample 15,Chronos,0.09796056896448135
Sample 16,Time-MoE,0.8650133609771729
Sample 16,Moirai,0.13498660922050476
Sample 17,Timer,0.6114547252655029
Sample 17,Chronos,0.38854527473449707
Sample 18,Moirai,0.5927327871322632
Sample 18,Time-MoE,0.40726718306541443
Sample 19,Chronos,0.7807905077934265
Sample 19,Timer,0.2192094624042511
Sample 20,Time-MoE,0.5691928267478943
Sample 20,Moirai,0.4308071434497833
Sample 21,Chronos,0.8225807547569275
Sample 21,TimesFM,0.17741923034191132
Sample 22,Chronos,0.5941666960716248
Sample 22,TimesFM,0.40583327412605286
Sample 23,Time-MoE,0.6077631115913391
Sample 23,Timer,0.3922368288040161
Sample 24,Moirai,0.963121235370636
Sample 24,Time-MoE,0.03687870502471924
Sample 25,Timer,0.6001356244087219
Sample 25,TimesFM,0.39986443519592285
Sample 26,TimesFM,0.8385830521583557
Sample 26,Timer,0.1614169329404831
Sample 27,Chronos,0.6022953391075134
Sample 27,TimesFM,0.39770469069480896
Sample 28,Chronos,0.6695570945739746
Sample 28,Moirai,0.3304428458213806
Sample 29,Time-MoE,0.5264700055122375
Sample 29,Chronos,0.47353002429008484
Sample 30,Time-MoE,0.8845271468162537
Sample 30,Timer,0.11547284573316574
Sample 31,Time-MoE,0.5423259735107422
Sample 31,Moirai,0.4576739966869354
Sample 0,Moirai,0.6718926429748535
Sample 0,TimesFM,0.32810738682746887
Sample 1,TimesFM,0.5095211267471313
Sample 1,Timer,0.49047884345054626
Sample 2,Time-MoE,0.6344802379608154
Sample 2,Timer,0.36551979184150696
Sample 3,TimesFM,0.5489202737808228
Sample 3,Chronos,0.451079785823822
Sample 4,TimesFM,0.5481362342834473
Sample 4,Timer,0.45186373591423035
Sample 5,TimesFM,0.7922183871269226
Sample 5,Timer,0.207781583070755
Sample 6,Timer,0.7691110372543335
Sample 6,TimesFM,0.23088893294334412
Sample 7,Moirai,0.8799663782119751
Sample 7,Chronos,0.12003356963396072
Sample 8,Moirai,0.8541278839111328
Sample 8,Timer,0.1458720564842224
Sample 9,Timer,0.5709963440895081
Sample 9,Chronos,0.42900365591049194
Sample 10,Time-MoE,0.6847277879714966
Sample 10,Moirai,0.31527215242385864
Sample 11,Chronos,0.7423029541969299
Sample 11,TimesFM,0.25769704580307007
Sample 12,Chronos,0.6806995868682861
Sample 12,Timer,0.3193003833293915
Sample 13,Chronos,0.5818129181861877
Sample 13,TimesFM,0.41818705201148987
Sample 14,Chronos,0.8430761694908142
Sample 14,TimesFM,0.1569238007068634
Sample 15,Time-MoE,0.5741207599639893
Sample 15,Moirai,0.4258792996406555
Sample 16,Moirai,0.921326756477356
Sample 16,Time-MoE,0.07867331057786942
Sample 17,Timer,0.642045795917511
Sample 17,TimesFM,0.3579542338848114
Sample 18,Moirai,0.9565118551254272
Sample 18,Chronos,0.04348817840218544
Sample 19,Chronos,0.5083217620849609
Sample 19,TimesFM,0.49167826771736145
Sample 20,TimesFM,0.5167661309242249
Sample 20,Timer,0.48323389887809753
Sample 21,TimesFM,0.6492449045181274
Sample 21,Timer,0.3507550358772278
Sample 22,Time-MoE,0.6365527510643005
Sample 22,TimesFM,0.36344724893569946
Sample 23,Chronos,0.5915161967277527
Sample 23,Moirai,0.4084838628768921
Sample 24,Timer,0.5420045256614685
Sample 24,Time-MoE,0.45799553394317627
Sample 25,TimesFM,0.530404806137085
Sample 25,Timer,0.46959513425827026
Sample 26,Time-MoE,0.6749757528305054
Sample 26,Timer,0.325024276971817
Sample 27,Chronos,0.7963005900382996
Sample 27,TimesFM,0.20369938015937805
Sample 28,Chronos,0.7749972939491272
Sample 28,Moirai,0.225002720952034
Sample 29,TimesFM,0.7532463669776917
Sample 29,Timer,0.24675366282463074
Sample 30,Timer,0.5287708044052124
Sample 30,Time-MoE,0.4712292551994324
Sample 31,TimesFM,0.514541506767273
Sample 31,Moirai,0.48545849323272705
Sample 0,Time-MoE,0.7162498831748962
Sample 0,Moirai,0.28375014662742615
Sample 1,Chronos,0.6101305484771729
Sample 1,Timer,0.38986945152282715
Sample 2,Time-MoE,0.9809513092041016
Sample 2,Timer,0.01904868893325329
Sample 3,TimesFM,0.5463150143623352
Sample 3,Chronos,0.4536850154399872
Sample 4,Timer,0.5604584217071533
Sample 4,Moirai,0.4395415186882019
Sample 5,Time-MoE,0.9596579074859619
Sample 5,Moirai,0.0403420627117157
Sample 6,TimesFM,0.6791194677352905
Sample 6,Time-MoE,0.32088056206703186
Sample 7,Moirai,0.6980675458908081
Sample 7,Timer,0.3019324243068695
Sample 8,Moirai,0.5429555177688599
Sample 8,Time-MoE,0.45704448223114014
Sample 9,Chronos,0.6080341339111328
Sample 9,TimesFM,0.3919658660888672
Sample 10,Timer,0.9471007585525513
Sample 10,Moirai,0.052899207919836044
Sample 11,Chronos,0.8710888028144836
Sample 11,TimesFM,0.12891116738319397
Sample 12,Chronos,0.7284761667251587
Sample 12,Timer,0.2715238332748413
Sample 13,Chronos,0.677331268787384
Sample 13,TimesFM,0.32266876101493835
Sample 14,Time-MoE,0.7189392447471619
Sample 14,Timer,0.2810607850551605
Sample 15,Moirai,0.7412409782409668
Sample 15,Time-MoE,0.2587590217590332
Sample 16,Chronos,0.5828456282615662
Sample 16,Timer,0.4171544015407562
Sample 17,TimesFM,0.665066659450531
Sample 17,Timer,0.33493340015411377
Sample 18,TimesFM,0.6869094371795654
Sample 18,Time-MoE,0.3130905330181122
Sample 19,TimesFM,0.5827459692955017
Sample 19,Chronos,0.4172540605068207
Sample 20,Chronos,0.8910389542579651
Sample 20,Moirai,0.1089610680937767
Sample 21,Chronos,0.6534558534622192
Sample 21,TimesFM,0.34654414653778076
Sample 22,Time-MoE,0.7266803979873657
Sample 22,Moirai,0.27331963181495667
Sample 23,Chronos,0.7938417792320251
Sample 23,Timer,0.20615820586681366
Sample 24,Moirai,0.7503827214241028
Sample 24,Timer,0.2496173232793808
Sample 25,TimesFM,0.5769583582878113
Sample 25,Timer,0.4230416417121887
Sample 26,Time-MoE,0.768933117389679
Sample 26,Timer,0.23106694221496582
Sample 27,Chronos,0.6436023116111755
Sample 27,TimesFM,0.35639771819114685
Sample 28,Chronos,0.6698987483978271
Sample 28,Moirai,0.33010125160217285
Sample 29,TimesFM,0.8827658891677856
Sample 29,Timer,0.11723414808511734
Sample 30,Time-MoE,0.6157128810882568
Sample 30,Timer,0.3842870891094208
Sample 31,Chronos,0.6634957194328308
Sample 31,Moirai,0.3365043103694916
Sample 0,Moirai,0.9612919092178345
Sample 0,Time-MoE,0.0387081578373909
Sample 1,TimesFM,0.5541608929634094
Sample 1,Chronos,0.4458391070365906
Sample 2,Time-MoE,0.5058323740959167
Sample 2,Moirai,0.49416759610176086
Sample 3,Chronos,0.5205016136169434
Sample 3,Timer,0.47949835658073425
Sample 4,TimesFM,0.557309627532959
Sample 4,Time-MoE,0.4426904022693634
Sample 5,TimesFM,0.717625081539154
Sample 5,Chronos,0.28237494826316833
Sample 6,Timer,0.5932084321975708
Sample 6,Moirai,0.4067915380001068
Sample 7,Time-MoE,0.7631523013114929
Sample 7,Timer,0.23684777319431305
Sample 8,Moirai,0.970496654510498
Sample 8,Timer,0.029503311961889267
Sample 9,TimesFM,0.5568188428878784
Sample 9,Timer,0.44318118691444397
Sample 10,Chronos,0.6217642426490784
Sample 10,Time-MoE,0.37823572754859924
Sample 11,Chronos,0.976153552532196
Sample 11,TimesFM,0.023846477270126343
Sample 12,Moirai,0.7553554773330688
Sample 12,Chronos,0.24464446306228638
Sample 13,Time-MoE,0.6016267538070679
Sample 13,TimesFM,0.39837321639060974
Sample 14,Time-MoE,0.6530513763427734
Sample 14,Timer,0.34694865345954895
Sample 15,Moirai,0.8892464637756348
Sample 15,Chronos,0.11075355857610703
Sample 16,Moirai,0.9853129982948303
Sample 16,Timer,0.014687065035104752
Sample 17,Chronos,0.6337560415267944
Sample 17,TimesFM,0.36624398827552795
Sample 18,Time-MoE,0.5484204292297363
Sample 18,Timer,0.4515795409679413
Sample 19,Chronos,0.9111061692237854
Sample 19,TimesFM,0.0888938307762146
Sample 20,Chronos,0.7973770499229431
Sample 20,Time-MoE,0.20262295007705688
Sample 21,TimesFM,0.7452892065048218
Sample 21,Timer,0.2547107934951782
Sample 22,Time-MoE,0.9467799663543701
Sample 22,Timer,0.053220007568597794
Sample 23,Time-MoE,0.5234217643737793
Sample 23,Moirai,0.4765782356262207
Sample 24,Moirai,0.9059109687805176
Sample 24,Chronos,0.09408902376890182
Sample 25,TimesFM,0.7001239061355591
Sample 25,Time-MoE,0.2998760938644409
Sample 26,Time-MoE,0.807050883769989
Sample 26,Moirai,0.192949116230011
Sample 27,Chronos,0.9295986294746399
Sample 27,Timer,0.07040131837129593
Sample 28,Moirai,0.5126639604568481
Sample 28,Chronos,0.48733600974082947
Sample 29,TimesFM,0.7576605081558228
Sample 29,Chronos,0.24233952164649963
Sample 30,Time-MoE,0.5367438197135925
Sample 30,TimesFM,0.4632561504840851
Sample 31,Moirai,0.8062966465950012
Sample 31,Time-MoE,0.1937033087015152
Sample 0,Moirai,0.9627315998077393
Sample 0,Timer,0.03726832941174507
Sample 1,Timer,0.5531752705574036
Sample 1,TimesFM,0.44682472944259644
Sample 2,Moirai,0.8517448902130127
Sample 2,Chronos,0.1482551544904709
Sample 3,Chronos,0.9632533192634583
Sample 3,Timer,0.036746684461832047
Sample 4,Timer,0.5451233386993408
Sample 4,Chronos,0.4548766016960144
Sample 5,Time-MoE,0.5850837230682373
Sample 5,TimesFM,0.4149162769317627
Sample 6,Timer,0.6181570887565613
Sample 6,Time-MoE,0.3818429112434387
Sample 7,Time-MoE,0.7794002294540405
Sample 7,Chronos,0.22059981524944305
Sample 8,Moirai,0.9823351502418518
Sample 8,Timer,0.017664823681116104
Sample 9,Timer,0.5670872926712036
Sample 9,Chronos,0.432912677526474
Sample 10,Time-MoE,0.8968287706375122
Sample 10,Moirai,0.10317128151655197
Sample 11,Chronos,0.8555796146392822
Sample 11,TimesFM,0.14442043006420135
Sample 12,Moirai,0.6748983860015869
Sample 12,Timer,0.3251015841960907
Sample 13,TimesFM,0.6311410665512085
Sample 13,Chronos,0.3688589036464691
Sample 14,Time-MoE,0.785879909992218
Sample 14,TimesFM,0.2141200304031372
Sample 15,Moirai,0.6293262243270874
Sample 15,Chronos,0.3706737756729126
Sample 16,Chronos,0.5882081985473633
Sample 16,Moirai,0.4117918312549591
Sample 17,TimesFM,0.7858753800392151
Sample 17,Timer,0.2141246497631073
Sample 18,TimesFM,0.6053464412689209
Sample 18,Time-MoE,0.3946534991264343
Sample 19,Chronos,0.8024197220802307
Sample 19,TimesFM,0.1975802630186081
Sample 20,Moirai,0.7403640747070312
Sample 20,Chronos,0.25963589549064636
Sample 21,Chronos,0.8637180924415588
Sample 21,TimesFM,0.13628189265727997
Sample 22,Time-MoE,0.6781906485557556
Sample 22,Timer,0.321809321641922
Sample 23,Time-MoE,0.6581211686134338
Sample 23,TimesFM,0.34187883138656616
Sample 24,Moirai,0.9910525679588318
Sample 24,Timer,0.008947446942329407
Sample 25,Chronos,0.5548014640808105
Sample 25,TimesFM,0.44519856572151184
Sample 26,Moirai,0.9286497235298157
Sample 26,TimesFM,0.07135029137134552
Sample 27,Chronos,0.9277302026748657
Sample 27,TimesFM,0.07226977497339249
Sample 28,Moirai,0.7041703462600708
Sample 28,Time-MoE,0.2958296537399292
Sample 29,Time-MoE,0.7702022194862366
Sample 29,TimesFM,0.229797825217247
Sample 30,TimesFM,0.563457727432251
Sample 30,Time-MoE,0.436542272567749
Sample 31,Moirai,0.8311176896095276
Sample 31,Time-MoE,0.1688823401927948
Sample 0,Moirai,0.9600256085395813
Sample 0,Chronos,0.0399743989109993
Sample 1,Timer,0.5844977498054504
Sample 1,TimesFM,0.41550227999687195
Sample 2,TimesFM,0.7950772643089294
Sample 2,Chronos,0.20492275059223175
Sample 3,TimesFM,0.6913759112358093
Sample 3,Timer,0.3086240291595459
Sample 4,Moirai,0.8672158122062683
Sample 4,Timer,0.13278424739837646
Sample 5,Timer,0.5082352757453918
Sample 5,Chronos,0.49176475405693054
Sample 6,Time-MoE,0.54542475938797
Sample 6,Timer,0.45457521080970764
Sample 7,Moirai,0.5049047470092773
Sample 7,Time-MoE,0.49509522318840027
Sample 8,Moirai,0.7793312072753906
Sample 8,Time-MoE,0.22066880762577057
Sample 9,Chronos,0.8000731468200684
Sample 9,TimesFM,0.19992686808109283
Sample 10,Moirai,0.9079838991165161
Sample 10,Chronos,0.09201614558696747
Sample 11,Chronos,0.709211528301239
Sample 11,TimesFM,0.2907885015010834
Sample 12,Timer,0.6306010484695435
Sample 12,Time-MoE,0.36939892172813416
Sample 13,Chronos,0.7775348424911499
Sample 13,Time-MoE,0.2224651426076889
Sample 14,Time-MoE,0.6184942722320557
Sample 14,Moirai,0.3815057873725891
Sample 15,TimesFM,0.550703227519989
Sample 15,Time-MoE,0.4492967426776886
Sample 16,Moirai,0.9177709221839905
Sample 16,Timer,0.08222905546426773
Sample 17,Chronos,0.7266068458557129
Sample 17,TimesFM,0.2733931243419647
Sample 18,Moirai,0.7602567672729492
Sample 18,Chronos,0.239743173122406
Sample 19,TimesFM,0.7281298041343689
Sample 19,Timer,0.2718701958656311
Sample 20,Time-MoE,0.6519234776496887
Sample 20,Timer,0.3480764925479889
Sample 21,TimesFM,0.7362895011901855
Sample 21,Chronos,0.26371049880981445
Sample 22,Time-MoE,0.8205713033676147
Sample 22,Chronos,0.17942863702774048
Sample 23,Moirai,0.5500964522361755
Sample 23,Chronos,0.44990354776382446
Sample 24,Moirai,0.8774387836456299
Sample 24,TimesFM,0.12256117165088654
Sample 25,TimesFM,0.633259117603302
Sample 25,Chronos,0.366740882396698
Sample 26,Time-MoE,0.6174103617668152
Sample 26,Moirai,0.3825896382331848
Sample 27,Timer,0.8530305027961731
Sample 27,TimesFM,0.14696954190731049
Sample 28,Time-MoE,0.8035667538642883
Sample 28,Timer,0.19643321633338928
Sample 29,Chronos,0.5936271548271179
Sample 29,Time-MoE,0.40637287497520447
Sample 30,Time-MoE,0.987902820110321
Sample 30,Timer,0.01209720503538847
Sample 31,Time-MoE,0.8410362005233765
Sample 31,Chronos,0.15896373987197876
Sample 0,Chronos,0.5692777633666992
Sample 0,Timer,0.4307222366333008
Sample 1,Chronos,0.6511337161064148
Sample 1,Timer,0.3488662540912628
Sample 2,Time-MoE,0.9003011584281921
Sample 2,Timer,0.09969892352819443
Sample 3,Chronos,0.8206461668014526
Sample 3,Timer,0.17935384809970856
Sample 4,Time-MoE,0.8188487887382507
Sample 4,TimesFM,0.18115116655826569
Sample 5,Timer,0.5709542036056519
Sample 5,Moirai,0.42904573678970337
Sample 6,Timer,0.5197511315345764
Sample 6,Chronos,0.4802488088607788
Sample 7,Time-MoE,0.7523489594459534
Sample 7,TimesFM,0.24765107035636902
Sample 8,Moirai,0.9652770757675171
Sample 8,Timer,0.034722909331321716
Sample 9,Chronos,0.7611933350563049
Sample 9,TimesFM,0.2388066053390503
Sample 10,Time-MoE,0.7951606512069702
Sample 10,Moirai,0.2048393040895462
Sample 11,Chronos,0.510198712348938
Sample 11,TimesFM,0.489801287651062
Sample 12,Moirai,0.5332511067390442
Sample 12,Chronos,0.4667489230632782
Sample 13,TimesFM,0.6492961049079895
Sample 13,Timer,0.3507038652896881
Sample 14,TimesFM,0.7107287645339966
Sample 14,Time-MoE,0.2892712652683258
Sample 15,Moirai,0.8685886859893799
Sample 15,Time-MoE,0.1314113438129425
