Sample,Learner,Weight
Sample 0,Time-MoE,0.5
Sample 0,Moirai,0.5
Sample 1,Time-MoE,0.5
Sample 1,Moirai,0.5
Sample 2,Time-MoE,0.5
Sample 2,Moirai,0.5
Sample 3,Time-MoE,0.5
Sample 3,Moirai,0.5
Sample 4,Time-MoE,0.5
Sample 4,Moirai,0.5
Sample 5,Time-MoE,0.5
Sample 5,Moirai,0.5
Sample 6,Time-MoE,0.5
Sample 6,Moirai,0.5
Sample 7,Time-MoE,0.5
Sample 7,Moirai,0.5
Sample 8,Time-MoE,0.5
Sample 8,Moirai,0.5
Sample 9,Time-MoE,0.5
Sample 9,Moirai,0.5
Sample 10,Time-MoE,0.5
Sample 10,Moirai,0.5
Sample 11,Time-MoE,0.5
Sample 11,Moirai,0.5
Sample 12,Time-MoE,0.5
Sample 12,Moirai,0.5
Sample 13,Time-MoE,0.5
Sample 13,Moirai,0.5
Sample 14,Time-MoE,0.5
Sample 14,Moirai,0.5
Sample 15,Time-MoE,0.5
Sample 15,Moirai,0.5
Sample 16,Time-MoE,0.5
Sample 16,Moirai,0.5
Sample 17,Time-MoE,0.5
Sample 17,Moirai,0.5
Sample 18,Time-MoE,0.5
Sample 18,Moirai,0.5
Sample 19,Time-MoE,0.5
Sample 19,Moirai,0.5
Sample 20,Time-MoE,0.5
Sample 20,Moirai,0.5
Sample 21,Time-MoE,0.5
Sample 21,Moirai,0.5
Sample 22,Time-MoE,0.5
Sample 22,Moirai,0.5
Sample 23,Time-MoE,0.5
Sample 23,Moirai,0.5
Sample 24,Time-MoE,0.5
Sample 24,Moirai,0.5
Sample 25,Time-MoE,0.5
Sample 25,Moirai,0.5
Sample 26,Time-MoE,0.5
Sample 26,Moirai,0.5
Sample 27,Time-MoE,0.5
Sample 27,Moirai,0.5
Sample 28,Time-MoE,0.5
Sample 28,Moirai,0.5
Sample 29,Time-MoE,0.5
Sample 29,Moirai,0.5
Sample 30,Time-MoE,0.5
Sample 30,Moirai,0.5
Sample 31,Time-MoE,0.5
Sample 31,Moirai,0.5
Sample 0,Timer,0.5
Sample 0,TimesFM,0.5
Sample 1,Moirai,0.5
Sample 1,TimesFM,0.5
Sample 2,Timer,0.5
Sample 2,TimesFM,0.5
Sample 3,Timer,0.5
Sample 3,TimesFM,0.5
Sample 4,Timer,0.5
Sample 4,TimesFM,0.5
Sample 5,Moirai,0.5
Sample 5,TimesFM,0.5
Sample 6,Timer,0.5
Sample 6,TimesFM,0.5
Sample 7,Timer,0.5
Sample 7,TimesFM,0.5
Sample 8,Timer,0.5
Sample 8,TimesFM,0.5
Sample 9,Moirai,0.5
Sample 9,TimesFM,0.5
Sample 10,Timer,0.5
Sample 10,TimesFM,0.5
Sample 11,Timer,0.5
Sample 11,TimesFM,0.5
Sample 12,Timer,0.5
Sample 12,TimesFM,0.5
Sample 13,Moirai,0.5
Sample 13,TimesFM,0.5
Sample 14,Timer,0.5
Sample 14,TimesFM,0.5
Sample 15,Timer,0.5
Sample 15,TimesFM,0.5
Sample 16,Timer,0.5
Sample 16,TimesFM,0.5
Sample 17,Moirai,0.5
Sample 17,TimesFM,0.5
Sample 18,Timer,0.5
Sample 18,TimesFM,0.5
Sample 19,Timer,0.5
Sample 19,TimesFM,0.5
Sample 20,Timer,0.5
Sample 20,TimesFM,0.5
Sample 21,Moirai,0.5
Sample 21,TimesFM,0.5
Sample 22,Timer,0.5
Sample 22,TimesFM,0.5
Sample 23,Timer,0.5
Sample 23,TimesFM,0.5
Sample 24,Timer,0.5
Sample 24,TimesFM,0.5
Sample 25,Moirai,0.5
Sample 25,TimesFM,0.5
Sample 26,Timer,0.5
Sample 26,TimesFM,0.5
Sample 27,Moirai,0.5
Sample 27,TimesFM,0.5
Sample 28,Timer,0.5
Sample 28,TimesFM,0.5
Sample 29,Moirai,0.5
Sample 29,TimesFM,0.5
Sample 30,Moirai,0.5
Sample 30,TimesFM,0.5
Sample 31,Timer,0.5
Sample 31,TimesFM,0.5
Sample 0,Chronos,0.5001482367515564
Sample 0,TimesFM,0.4998517632484436
Sample 1,Chronos,0.5001044273376465
Sample 1,Moirai,0.4998955726623535
Sample 2,Chronos,0.5001139044761658
Sample 2,Moirai,0.49988609552383423
Sample 3,Chronos,0.5001276731491089
Sample 3,Moirai,0.4998723268508911
Sample 4,Chronos,0.5002304911613464
Sample 4,Moirai,0.4997694790363312
Sample 5,Chronos,0.5001042485237122
Sample 5,Moirai,0.49989572167396545
Sample 6,Chronos,0.5001663565635681
Sample 6,Moirai,0.4998336136341095
Sample 7,Chronos,0.50025874376297
Sample 7,Moirai,0.4997412860393524
Sample 8,Chronos,0.5001139640808105
Sample 8,TimesFM,0.49988603591918945
Sample 9,Chronos,0.5000995993614197
Sample 9,Moirai,0.49990034103393555
Sample 10,Chronos,0.5001142024993896
Sample 10,Moirai,0.4998857378959656
Sample 11,Chronos,0.5001578330993652
Sample 11,Moirai,0.49984219670295715
Sample 12,Chronos,0.5001775026321411
Sample 12,TimesFM,0.4998225271701813
Sample 13,Chronos,0.5001116991043091
Sample 13,Moirai,0.49988827109336853
Sample 14,Chronos,0.500132143497467
Sample 14,Moirai,0.49986788630485535
Sample 15,Chronos,0.500177264213562
Sample 15,TimesFM,0.4998227655887604
Sample 16,Chronos,0.5001150369644165
Sample 16,Moirai,0.4998849630355835
Sample 17,Chronos,0.5000983476638794
Sample 17,Moirai,0.4999016523361206
Sample 18,Chronos,0.5001623034477234
Sample 18,TimesFM,0.499837726354599
Sample 19,Chronos,0.5001979470252991
Sample 19,Moirai,0.4998020529747009
Sample 20,Chronos,0.5002239346504211
Sample 20,TimesFM,0.49977612495422363
Sample 21,Chronos,0.5001339316368103
Sample 21,Moirai,0.4998660683631897
Sample 22,Chronos,0.500076413154602
Sample 22,Moirai,0.49992355704307556
Sample 23,Chronos,0.5002090930938721
Sample 23,TimesFM,0.49979090690612793
Sample 24,Chronos,0.5001283884048462
Sample 24,TimesFM,0.4998716115951538
Sample 25,Chronos,0.5000978708267212
Sample 25,Moirai,0.4999021291732788
Sample 26,Chronos,0.5000913739204407
Sample 26,Moirai,0.49990856647491455
Sample 27,Chronos,0.500111997127533
Sample 27,Moirai,0.49988794326782227
Sample 28,Chronos,0.500143826007843
Sample 28,TimesFM,0.49985620379447937
Sample 29,Chronos,0.5001024603843689
Sample 29,Moirai,0.4998975396156311
Sample 30,Chronos,0.500112771987915
Sample 30,Moirai,0.49988722801208496
Sample 31,Chronos,0.5001349449157715
Sample 31,TimesFM,0.4998650848865509
Sample 0,Chronos,0.5000053644180298
Sample 0,Moirai,0.4999946355819702
Sample 1,Moirai,0.5002192258834839
Sample 1,Chronos,0.4997808039188385
Sample 2,Moirai,0.5000745058059692
Sample 2,Chronos,0.49992549419403076
Sample 3,Moirai,0.5001746416091919
Sample 3,Chronos,0.4998253881931305
Sample 4,Moirai,0.5001078248023987
Sample 4,Chronos,0.49989214539527893
Sample 5,Chronos,0.5000345706939697
Sample 5,Moirai,0.4999653995037079
Sample 6,Chronos,0.5000178217887878
Sample 6,TimesFM,0.49998217821121216
Sample 7,Moirai,0.5000176429748535
Sample 7,Chronos,0.49998238682746887
Sample 8,Chronos,0.5000115036964417
Sample 8,Moirai,0.49998852610588074
Sample 9,Moirai,0.5002304315567017
Sample 9,Chronos,0.49976956844329834
Sample 10,Chronos,0.5000357627868652
Sample 10,TimesFM,0.49996426701545715
Sample 11,Moirai,0.5002316832542419
Sample 11,Chronos,0.49976834654808044
Sample 12,Chronos,0.500065267086029
Sample 12,Moirai,0.49993470311164856
Sample 13,Moirai,0.5002248287200928
Sample 13,Chronos,0.4997751712799072
Sample 14,Moirai,0.500191867351532
Sample 14,Chronos,0.4998081624507904
Sample 15,Moirai,0.5000289082527161
Sample 15,Chronos,0.4999711215496063
Sample 16,Chronos,0.5000052452087402
Sample 16,Moirai,0.49999478459358215
Sample 17,Moirai,0.5001313090324402
Sample 17,Chronos,0.4998687207698822
Sample 18,Chronos,0.5000512003898621
Sample 18,Moirai,0.4999488294124603
Sample 19,Moirai,0.5001839399337769
Sample 19,Chronos,0.49981603026390076
Sample 20,Chronos,0.5000509023666382
Sample 20,Moirai,0.4999490976333618
Sample 21,Moirai,0.5002413988113403
Sample 21,Chronos,0.4997585713863373
Sample 22,Moirai,0.5001333355903625
Sample 22,Chronos,0.4998667240142822
Sample 23,Chronos,0.500018298625946
Sample 23,Moirai,0.49998167157173157
Sample 24,Chronos,0.5000314712524414
Sample 24,Moirai,0.4999684989452362
Sample 25,Moirai,0.5002318024635315
Sample 25,Chronos,0.4997681677341461
Sample 26,Chronos,0.5000317096710205
Sample 26,Moirai,0.4999683201313019
Sample 27,Moirai,0.5002486705780029
Sample 27,Chronos,0.49975135922431946
Sample 28,Chronos,0.5000881552696228
Sample 28,Moirai,0.4999118447303772
Sample 29,Moirai,0.5002404451370239
Sample 29,Chronos,0.4997595250606537
Sample 30,Moirai,0.5002468824386597
Sample 30,Chronos,0.49975311756134033
Sample 31,Chronos,0.5000909566879272
Sample 31,Moirai,0.49990904331207275
Sample 0,TimesFM,0.5000857710838318
Sample 0,Chronos,0.4999142289161682
Sample 1,Moirai,0.5003491640090942
Sample 1,Timer,0.49965083599090576
Sample 2,Moirai,0.5002280473709106
Sample 2,Timer,0.49977198243141174
Sample 3,Moirai,0.5003286004066467
Sample 3,TimesFM,0.49967139959335327
Sample 4,Moirai,0.5002503991127014
Sample 4,Timer,0.4997496008872986
Sample 5,Moirai,0.5003671646118164
Sample 5,Timer,0.49963289499282837
Sample 6,Moirai,0.5003473162651062
Sample 6,Timer,0.4996527135372162
Sample 7,TimesFM,0.5000144839286804
Sample 7,Chronos,0.4999854862689972
Sample 8,Moirai,0.5000430345535278
Sample 8,TimesFM,0.49995699524879456
Sample 9,Moirai,0.5003243684768677
Sample 9,Timer,0.4996756315231323
Sample 10,Moirai,0.5001650452613831
Sample 10,TimesFM,0.49983495473861694
Sample 11,Moirai,0.5002570748329163
Sample 11,Timer,0.49974295496940613
Sample 12,Moirai,0.5001413226127625
Sample 12,Chronos,0.49985867738723755
Sample 13,Moirai,0.5002728700637817
Sample 13,Timer,0.4997270703315735
Sample 14,Moirai,0.5002338886260986
Sample 14,Timer,0.49976611137390137
Sample 15,Moirai,0.5002440810203552
Sample 15,Timer,0.4997558891773224
Sample 16,TimesFM,0.5000243186950684
Sample 16,Moirai,0.49997571110725403
Sample 17,Moirai,0.5003552436828613
Sample 17,Timer,0.49964475631713867
Sample 18,Moirai,0.5001392960548401
Sample 18,Timer,0.4998607635498047
Sample 19,Moirai,0.5003249645233154
Sample 19,TimesFM,0.49967503547668457
Sample 20,Chronos,0.5000090599060059
Sample 20,TimesFM,0.49999091029167175
Sample 21,Moirai,0.5003812909126282
Sample 21,Timer,0.4996187090873718
Sample 22,Moirai,0.5003265142440796
Sample 22,Timer,0.4996734857559204
Sample 23,Moirai,0.5000344514846802
Sample 23,TimesFM,0.4999655485153198
Sample 24,TimesFM,0.5000563263893127
Sample 24,Moirai,0.49994364380836487
Sample 25,Moirai,0.5003267526626587
Sample 25,Timer,0.4996732771396637
Sample 26,Moirai,0.5001991987228394
Sample 26,TimesFM,0.49980080127716064
Sample 27,Moirai,0.5003379583358765
Sample 27,TimesFM,0.49966204166412354
Sample 28,Moirai,0.5000702738761902
Sample 28,Chronos,0.4999297559261322
Sample 29,Moirai,0.5002568364143372
Sample 29,TimesFM,0.49974316358566284
Sample 30,Moirai,0.5003597736358643
Sample 30,Timer,0.49964022636413574
Sample 31,TimesFM,0.5000452995300293
Sample 31,Moirai,0.4999547302722931
Sample 0,Moirai,0.5000090599060059
Sample 0,TimesFM,0.49999091029167175
Sample 1,Moirai,0.500417947769165
Sample 1,TimesFM,0.4995820224285126
Sample 2,Moirai,0.5000086426734924
Sample 2,TimesFM,0.49999138712882996
Sample 3,Moirai,0.5004048347473145
Sample 3,TimesFM,0.49959516525268555
Sample 4,Moirai,0.5000216960906982
Sample 4,Chronos,0.49997833371162415
Sample 5,Moirai,0.5004100799560547
Sample 5,TimesFM,0.4995899796485901
Sample 6,Moirai,0.5002458691596985
Sample 6,Timer,0.4997541606426239
Sample 7,Moirai,0.5001369714736938
Sample 7,TimesFM,0.4998630881309509
Sample 8,Moirai,0.5000795125961304
Sample 8,TimesFM,0.499920517206192
Sample 9,Moirai,0.5004178285598755
Sample 9,TimesFM,0.4995821416378021
Sample 10,Moirai,0.5001809597015381
Sample 10,TimesFM,0.4998190701007843
Sample 11,Moirai,0.5003163814544678
Sample 11,TimesFM,0.49968358874320984
Sample 12,Moirai,0.5001915693283081
Sample 12,TimesFM,0.4998084604740143
Sample 13,Moirai,0.500268816947937
Sample 13,TimesFM,0.499731183052063
Sample 14,Moirai,0.5000605583190918
Sample 14,TimesFM,0.4999394714832306
Sample 15,Moirai,0.5000168085098267
Sample 15,TimesFM,0.4999832212924957
Sample 16,Moirai,0.500098466873169
Sample 16,TimesFM,0.4999014735221863
Sample 17,Moirai,0.5004337430000305
Sample 17,TimesFM,0.4995662271976471
Sample 18,Moirai,0.5000663995742798
Sample 18,Chronos,0.4999336004257202
Sample 19,Moirai,0.5003172755241394
Sample 19,TimesFM,0.4996827244758606
Sample 20,Moirai,0.5003048777580261
Sample 20,TimesFM,0.49969515204429626
Sample 21,Moirai,0.5004768967628479
Sample 21,TimesFM,0.4995231032371521
Sample 22,Moirai,0.5003774762153625
Sample 22,Timer,0.49962255358695984
Sample 23,Moirai,0.5000233054161072
Sample 23,Chronos,0.4999767243862152
Sample 24,Moirai,0.5001047253608704
Sample 24,TimesFM,0.49989524483680725
Sample 25,Moirai,0.5004165172576904
Sample 25,TimesFM,0.49958348274230957
Sample 26,Moirai,0.500084400177002
Sample 26,TimesFM,0.49991559982299805
Sample 27,Moirai,0.5003786683082581
Sample 27,TimesFM,0.49962133169174194
Sample 28,Moirai,0.500221312046051
Sample 28,TimesFM,0.49977871775627136
Sample 29,Moirai,0.500350296497345
Sample 29,TimesFM,0.4996497333049774
Sample 30,Moirai,0.5002766251564026
Sample 30,TimesFM,0.4997233748435974
Sample 31,Moirai,0.5001002550125122
Sample 31,TimesFM,0.4998997449874878
Sample 0,Moirai,0.500352680683136
Sample 0,TimesFM,0.4996473491191864
Sample 1,Moirai,0.5004014372825623
Sample 1,TimesFM,0.49959853291511536
Sample 2,Moirai,0.5002307295799255
Sample 2,TimesFM,0.4997692406177521
Sample 3,Moirai,0.50037682056427
Sample 3,TimesFM,0.49962317943573
Sample 4,Moirai,0.500322699546814
Sample 4,TimesFM,0.49967730045318604
Sample 5,Moirai,0.500511884689331
Sample 5,TimesFM,0.49948814511299133
Sample 6,Moirai,0.5003367066383362
Sample 6,TimesFM,0.49966326355934143
Sample 7,Moirai,0.5001198649406433
Sample 7,Chronos,0.4998800754547119
Sample 8,Moirai,0.5001215934753418
Sample 8,TimesFM,0.4998783469200134
Sample 9,Moirai,0.5004403591156006
Sample 9,TimesFM,0.4995596706867218
Sample 10,Moirai,0.5002941489219666
Sample 10,TimesFM,0.49970582127571106
Sample 11,Moirai,0.5003153085708618
Sample 11,TimesFM,0.4996846616268158
Sample 12,Moirai,0.5003302097320557
Sample 12,Chronos,0.49966979026794434
Sample 13,Moirai,0.500444769859314
Sample 13,TimesFM,0.4995552599430084
Sample 14,Moirai,0.5003829002380371
Sample 14,TimesFM,0.4996171295642853
Sample 15,Chronos,0.5000318884849548
Sample 15,Moirai,0.49996814131736755
Sample 0,TimesFM,0.5000225901603699
Sample 0,Moirai,0.49997738003730774
Sample 1,Moirai,0.5005474090576172
Sample 1,TimesFM,0.4994525611400604
Sample 2,Moirai,0.5000181794166565
Sample 2,Chronos,0.4999818503856659
Sample 3,Moirai,0.5005372762680054
Sample 3,TimesFM,0.49946272373199463
Sample 4,Moirai,0.5004421472549438
Sample 4,Chronos,0.4995579123497009
Sample 5,Moirai,0.5005152821540833
Sample 5,TimesFM,0.49948471784591675
Sample 6,Moirai,0.5002765655517578
Sample 6,TimesFM,0.49972349405288696
Sample 7,Chronos,0.5000995397567749
Sample 7,Moirai,0.4999004304409027
Sample 8,Moirai,0.5000076293945312
Sample 8,TimesFM,0.49999240040779114
Sample 9,Moirai,0.500555694103241
Sample 9,TimesFM,0.49944427609443665
Sample 10,Moirai,0.500442385673523
Sample 10,TimesFM,0.4995576739311218
Sample 11,Moirai,0.5006071329116821
Sample 11,TimesFM,0.49939286708831787
Sample 12,Moirai,0.5001941323280334
Sample 12,Chronos,0.4998058080673218
Sample 13,Moirai,0.5005565285682678
Sample 13,TimesFM,0.4994434714317322
Sample 14,Moirai,0.5004576444625854
Sample 14,TimesFM,0.49954238533973694
Sample 15,Chronos,0.500061571598053
Sample 15,Moirai,0.4999384582042694
Sample 16,TimesFM,0.5000045895576477
Sample 16,Moirai,0.4999953806400299
Sample 17,Moirai,0.5005339980125427
Sample 17,TimesFM,0.4994660019874573
Sample 18,Moirai,0.5001938939094543
Sample 18,TimesFM,0.4998060464859009
Sample 19,Moirai,0.5002985596656799
Sample 19,TimesFM,0.4997014105319977
Sample 20,Moirai,0.5000152587890625
Sample 20,TimesFM,0.4999847710132599
Sample 21,Moirai,0.5004283785820007
Sample 21,TimesFM,0.49957165122032166
Sample 22,Moirai,0.500101625919342
Sample 22,TimesFM,0.4998983144760132
Sample 23,TimesFM,0.5000604391098022
Sample 23,Moirai,0.49993959069252014
Sample 24,Moirai,0.5000695586204529
Sample 24,TimesFM,0.4999304413795471
Sample 25,Moirai,0.5005435943603516
Sample 25,TimesFM,0.4994564354419708
Sample 26,Moirai,0.5003907680511475
Sample 26,TimesFM,0.4996092617511749
Sample 27,Moirai,0.5005682110786438
Sample 27,TimesFM,0.4994317591190338
Sample 28,Chronos,0.5003777146339417
Sample 28,TimesFM,0.49962231516838074
Sample 29,Moirai,0.5005196928977966
Sample 29,TimesFM,0.49948030710220337
Sample 30,Moirai,0.5004882216453552
Sample 30,TimesFM,0.4995117485523224
Sample 31,Moirai,0.5001918077468872
Sample 31,TimesFM,0.4998081922531128
Sample 0,Moirai,0.5002906322479248
Sample 0,Chronos,0.4997093677520752
Sample 1,Moirai,0.5007376074790955
Sample 1,TimesFM,0.49926242232322693
Sample 2,Chronos,0.5000129342079163
Sample 2,Moirai,0.49998709559440613
Sample 3,Moirai,0.5005142688751221
Sample 3,TimesFM,0.49948570132255554
Sample 4,TimesFM,0.5000974535942078
Sample 4,Timer,0.49990248680114746
Sample 5,Moirai,0.5007249116897583
Sample 5,TimesFM,0.4992750883102417
Sample 6,Moirai,0.5004886984825134
Sample 6,Timer,0.49951133131980896
Sample 7,Moirai,0.5000298619270325
Sample 7,Chronos,0.49997013807296753
Sample 8,Moirai,0.5003331303596497
Sample 8,TimesFM,0.49966686964035034
Sample 9,Moirai,0.5007554888725281
Sample 9,TimesFM,0.4992445111274719
Sample 10,Moirai,0.500130295753479
Sample 10,TimesFM,0.49986976385116577
Sample 11,Moirai,0.500153124332428
Sample 11,TimesFM,0.4998469054698944
Sample 12,Moirai,0.5003625154495239
Sample 12,TimesFM,0.4996374845504761
Sample 13,Moirai,0.5006831884384155
Sample 13,TimesFM,0.49931687116622925
Sample 14,Moirai,0.500550389289856
Sample 14,TimesFM,0.49944964051246643
Sample 15,Moirai,0.500287652015686
Sample 15,Chronos,0.49971234798431396
Sample 16,Moirai,0.5000343322753906
Sample 16,TimesFM,0.499965637922287
Sample 17,Moirai,0.5007579326629639
Sample 17,TimesFM,0.4992420971393585
Sample 18,Moirai,0.5003355145454407
Sample 18,TimesFM,0.4996644854545593
Sample 19,Moirai,0.5006096363067627
Sample 19,TimesFM,0.49939030408859253
Sample 20,Moirai,0.5007678270339966
Sample 20,TimesFM,0.49923214316368103
Sample 21,Moirai,0.5006837844848633
Sample 21,TimesFM,0.4993162751197815
Sample 22,Moirai,0.5004356503486633
Sample 22,Chronos,0.49956434965133667
Sample 23,Moirai,0.5000030994415283
Sample 23,Chronos,0.49999693036079407
Sample 24,Moirai,0.5004973411560059
Sample 24,TimesFM,0.49950259923934937
Sample 25,Moirai,0.500618577003479
Sample 25,TimesFM,0.4993814527988434
Sample 26,Moirai,0.5004671812057495
Sample 26,TimesFM,0.4995327591896057
Sample 27,Moirai,0.5007571578025818
Sample 27,TimesFM,0.4992428719997406
Sample 28,Moirai,0.5000585317611694
Sample 28,Chronos,0.49994149804115295
Sample 29,Moirai,0.500706136226654
Sample 29,TimesFM,0.4992939233779907
Sample 30,Moirai,0.5006534457206726
Sample 30,TimesFM,0.4993465542793274
Sample 31,Moirai,0.5000059008598328
Sample 31,Chronos,0.49999406933784485
Sample 0,Moirai,0.500409722328186
Sample 0,TimesFM,0.49959027767181396
Sample 1,Moirai,0.5008965134620667
Sample 1,TimesFM,0.49910345673561096
Sample 2,Moirai,0.5005446076393127
Sample 2,Timer,0.49945542216300964
Sample 3,Moirai,0.5006973147392273
Sample 3,TimesFM,0.4993026852607727
Sample 4,Moirai,0.500336229801178
Sample 4,Chronos,0.49966374039649963
Sample 5,Moirai,0.5008363723754883
Sample 5,TimesFM,0.4991636276245117
Sample 6,Timer,0.5000114440917969
Sample 6,Moirai,0.4999885857105255
Sample 7,Moirai,0.5004550218582153
Sample 7,Chronos,0.49954497814178467
Sample 8,Moirai,0.5003157258033752
Sample 8,TimesFM,0.49968421459198
Sample 9,Moirai,0.5007923245429993
Sample 9,TimesFM,0.4992077052593231
Sample 10,Moirai,0.5005194544792175
Sample 10,Timer,0.49948057532310486
Sample 11,Moirai,0.5003863573074341
Sample 11,Timer,0.4996136724948883
Sample 12,Chronos,0.5001431107521057
Sample 12,Moirai,0.4998568892478943
Sample 13,Moirai,0.500874400138855
Sample 13,TimesFM,0.499125599861145
Sample 14,Moirai,0.5007641911506653
Sample 14,TimesFM,0.4992358684539795
Sample 15,Moirai,0.5001590251922607
Sample 15,Chronos,0.49984097480773926
Sample 16,Moirai,0.5008317232131958
Sample 16,TimesFM,0.4991682469844818
Sample 17,Moirai,0.5006790161132812
Sample 17,Timer,0.499320924282074
Sample 18,Chronos,0.5000819563865662
Sample 18,Moirai,0.4999180734157562
Sample 19,Moirai,0.5009129643440247
Sample 19,TimesFM,0.49908700585365295
Sample 20,Chronos,0.5001859664916992
Sample 20,Moirai,0.4998140037059784
Sample 21,Moirai,0.5010320544242859
Sample 21,TimesFM,0.4989680051803589
Sample 22,Moirai,0.5006428956985474
Sample 22,Chronos,0.49935707449913025
Sample 23,Moirai,0.5002044439315796
Sample 23,TimesFM,0.49979549646377563
Sample 24,Moirai,0.500274658203125
Sample 24,Chronos,0.499725341796875
Sample 25,Moirai,0.5007873177528381
Sample 25,Timer,0.49921268224716187
Sample 26,Moirai,0.5006365776062012
Sample 26,TimesFM,0.49936342239379883
Sample 27,Moirai,0.5006906986236572
Sample 27,Timer,0.4993092715740204
Sample 28,Chronos,0.500140368938446
Sample 28,Moirai,0.49985963106155396
Sample 29,Moirai,0.5007056593894958
Sample 29,TimesFM,0.4992944002151489
Sample 30,Moirai,0.5007905960083008
Sample 30,TimesFM,0.4992094337940216
Sample 31,Moirai,0.5000264644622803
Sample 31,Chronos,0.4999735653400421
Sample 0,Moirai,0.5004305839538574
Sample 0,Chronos,0.49956944584846497
Sample 1,Moirai,0.5008441805839539
Sample 1,Timer,0.49915581941604614
Sample 2,Moirai,0.5007182359695435
Sample 2,Timer,0.49928170442581177
Sample 3,Moirai,0.5007089376449585
Sample 3,Timer,0.4992910325527191
Sample 4,Moirai,0.500485360622406
Sample 4,Chronos,0.499514639377594
Sample 5,Moirai,0.5001720786094666
Sample 5,Chronos,0.49982795119285583
Sample 6,TimesFM,0.5001749396324158
Sample 6,Moirai,0.49982503056526184
Sample 7,Moirai,0.5004352927207947
Sample 7,Chronos,0.4995647072792053
Sample 8,Moirai,0.5004662871360779
Sample 8,Chronos,0.49953365325927734
Sample 9,Moirai,0.5009425282478333
Sample 9,Timer,0.49905744194984436
Sample 10,Moirai,0.500067949295044
Sample 10,TimesFM,0.49993208050727844
Sample 11,Moirai,0.5006913542747498
Sample 11,Timer,0.49930864572525024
Sample 12,Moirai,0.5002060532569885
Sample 12,Chronos,0.4997939467430115
Sample 13,Moirai,0.5008321404457092
Sample 13,Timer,0.49916788935661316
Sample 14,Moirai,0.5007889866828918
Sample 14,Timer,0.49921098351478577
Sample 15,Moirai,0.5002050399780273
Sample 15,Chronos,0.49979496002197266
Sample 16,Moirai,0.5005842447280884
Sample 16,Chronos,0.49941569566726685
Sample 17,Moirai,0.5005878210067749
Sample 17,Timer,0.4994121789932251
Sample 18,Moirai,0.5001859068870544
Sample 18,Timer,0.49981412291526794
Sample 19,Moirai,0.5006311535835266
Sample 19,Timer,0.499368816614151
Sample 20,Moirai,0.5000439286231995
Sample 20,Chronos,0.49995604157447815
Sample 21,Moirai,0.5009996891021729
Sample 21,Timer,0.4990002512931824
Sample 22,Moirai,0.5007339119911194
Sample 22,Chronos,0.499266117811203
Sample 23,Moirai,0.5002403259277344
Sample 23,Chronos,0.4997596740722656
Sample 24,Moirai,0.5004024505615234
Sample 24,Chronos,0.49959754943847656
Sample 25,Moirai,0.5008649230003357
Sample 25,Timer,0.4991351068019867
Sample 26,Moirai,0.5002722144126892
Sample 26,Chronos,0.499727725982666
Sample 27,Moirai,0.5008337497711182
Sample 27,Timer,0.49916619062423706
Sample 28,Moirai,0.5000518560409546
Sample 28,Chronos,0.4999481439590454
Sample 29,Moirai,0.500815749168396
Sample 29,Timer,0.4991842210292816
Sample 30,Moirai,0.5010241866111755
Sample 30,Timer,0.49897584319114685
Sample 31,Moirai,0.5000905990600586
Sample 31,Chronos,0.499909371137619
Sample 0,Moirai,0.5003584623336792
Sample 0,Chronos,0.4996415376663208
Sample 1,Moirai,0.501044750213623
Sample 1,Timer,0.49895524978637695
Sample 2,Moirai,0.5008867383003235
Sample 2,Timer,0.4991132318973541
Sample 3,Moirai,0.500834047794342
Sample 3,Timer,0.4991658926010132
Sample 4,Moirai,0.5012579560279846
Sample 4,Chronos,0.498742014169693
Sample 5,Moirai,0.5009952187538147
Sample 5,Timer,0.4990047812461853
Sample 6,Moirai,0.501213550567627
Sample 6,Chronos,0.49878644943237305
Sample 7,Moirai,0.5000889897346497
Sample 7,Chronos,0.49991098046302795
Sample 8,Moirai,0.5009189248085022
Sample 8,Chronos,0.4990810453891754
Sample 9,Moirai,0.5010440945625305
Sample 9,Timer,0.49895593523979187
Sample 10,Moirai,0.5006104111671448
Sample 10,Chronos,0.49938955903053284
Sample 11,Moirai,0.5010576248168945
Sample 11,Chronos,0.49894237518310547
Sample 12,Moirai,0.5007839798927307
Sample 12,Chronos,0.4992160499095917
Sample 13,Moirai,0.5009915232658386
Sample 13,Timer,0.499008446931839
Sample 14,Moirai,0.5006290674209595
Sample 14,Chronos,0.4993709325790405
Sample 15,Moirai,0.5005805492401123
Sample 15,Chronos,0.4994194209575653
Sample 16,Moirai,0.5007205605506897
Sample 16,Chronos,0.4992794394493103
Sample 17,Moirai,0.5009434819221497
Sample 17,Timer,0.49905648827552795
Sample 18,Moirai,0.50058913230896
Sample 18,Chronos,0.49941086769104004
Sample 19,Moirai,0.5006541013717651
Sample 19,Timer,0.49934589862823486
Sample 20,Chronos,0.5003882646560669
Sample 20,Timer,0.4996117651462555
Sample 21,Moirai,0.5010786652565002
Sample 21,Timer,0.49892133474349976
Sample 22,Moirai,0.5011293292045593
Sample 22,Chronos,0.49887073040008545
Sample 23,Moirai,0.5002706050872803
Sample 23,Chronos,0.49972933530807495
Sample 24,Moirai,0.5004699230194092
Sample 24,Chronos,0.49953001737594604
Sample 25,Moirai,0.5010508894920349
Sample 25,Timer,0.4989491403102875
Sample 26,Moirai,0.5007506012916565
Sample 26,Chronos,0.4992494285106659
Sample 27,Moirai,0.5007808208465576
Sample 27,Timer,0.4992191791534424
Sample 28,Moirai,0.5002865195274353
Sample 28,Chronos,0.4997134506702423
Sample 29,Moirai,0.5007901787757874
Sample 29,Chronos,0.49920982122421265
Sample 30,Moirai,0.5011417865753174
Sample 30,Chronos,0.498858243227005
Sample 31,Moirai,0.500301718711853
Sample 31,Chronos,0.49969831109046936
Sample 0,Moirai,0.5002291798591614
Sample 0,Chronos,0.49977079033851624
Sample 1,Moirai,0.5010491013526917
Sample 1,Timer,0.49895092844963074
Sample 2,Moirai,0.5003064870834351
Sample 2,Chronos,0.49969348311424255
Sample 3,Moirai,0.5010067820549011
Sample 3,Timer,0.4989931881427765
Sample 4,Chronos,0.5000473856925964
Sample 4,Moirai,0.49995264410972595
Sample 5,Moirai,0.5010768175125122
Sample 5,Timer,0.4989231824874878
Sample 6,Moirai,0.5005433559417725
Sample 6,Chronos,0.49945664405822754
Sample 7,Moirai,0.5002378821372986
Sample 7,Chronos,0.4997621178627014
Sample 8,Moirai,0.5006895661354065
Sample 8,Chronos,0.4993104040622711
Sample 9,Moirai,0.5010103583335876
Sample 9,Timer,0.49898964166641235
Sample 10,Moirai,0.5006518363952637
Sample 10,Chronos,0.4993481934070587
Sample 11,Moirai,0.5008754134178162
Sample 11,Timer,0.49912458658218384
Sample 12,Moirai,0.5002997517585754
Sample 12,TimesFM,0.49970024824142456
Sample 13,Moirai,0.5003587603569031
Sample 13,Chronos,0.49964118003845215
Sample 14,Chronos,0.5002128481864929
Sample 14,Moirai,0.49978721141815186
Sample 15,Moirai,0.5001955032348633
Sample 15,Chronos,0.49980446696281433
Sample 16,Moirai,0.5004175901412964
Sample 16,Chronos,0.4995823800563812
Sample 17,Moirai,0.5010917782783508
Sample 17,Timer,0.49890822172164917
Sample 18,Moirai,0.5001288056373596
Sample 18,Chronos,0.49987125396728516
Sample 19,Moirai,0.5008496642112732
Sample 19,Timer,0.4991503655910492
Sample 20,Moirai,0.5008862614631653
Sample 20,Timer,0.49911367893218994
Sample 21,Moirai,0.5011475682258606
Sample 21,Timer,0.498852401971817
Sample 22,Moirai,0.5006619691848755
Sample 22,Chronos,0.4993380308151245
Sample 23,Moirai,0.5001324415206909
Sample 23,Chronos,0.49986761808395386
Sample 24,Moirai,0.5010407567024231
Sample 24,Chronos,0.4989592432975769
Sample 25,Moirai,0.501006007194519
Sample 25,Timer,0.49899399280548096
Sample 26,Moirai,0.5003692507743835
Sample 26,TimesFM,0.49963077902793884
Sample 27,Moirai,0.501051664352417
Sample 27,Timer,0.4989483058452606
Sample 28,Moirai,0.5005599856376648
Sample 28,Chronos,0.4994400441646576
Sample 29,Moirai,0.5007758736610413
Sample 29,Chronos,0.49922412633895874
Sample 30,Moirai,0.5007989406585693
Sample 30,Chronos,0.4992009997367859
Sample 31,Moirai,0.5000649690628052
Sample 31,Timer,0.4999350607395172
Sample 0,Moirai,0.5012337565422058
Sample 0,Chronos,0.4987662732601166
Sample 1,Moirai,0.5009862184524536
Sample 1,Timer,0.4990137815475464
Sample 2,Moirai,0.5006901025772095
Sample 2,Chronos,0.49930986762046814
Sample 3,Moirai,0.500815212726593
Sample 3,Timer,0.4991847276687622
Sample 4,Moirai,0.5004466772079468
Sample 4,Timer,0.499553382396698
Sample 5,Moirai,0.5013413429260254
Sample 5,Chronos,0.498658686876297
Sample 6,Moirai,0.5006125569343567
Sample 6,Chronos,0.4993874430656433
Sample 7,Moirai,0.5002379417419434
Sample 7,Chronos,0.49976208806037903
Sample 8,Moirai,0.5007266402244568
Sample 8,Chronos,0.4992733597755432
Sample 9,Moirai,0.5011072158813477
Sample 9,Timer,0.49889281392097473
Sample 10,Moirai,0.500780463218689
Sample 10,Chronos,0.49921950697898865
Sample 11,Moirai,0.5008024573326111
Sample 11,Timer,0.4991975426673889
Sample 12,Moirai,0.500956118106842
Sample 12,Chronos,0.49904388189315796
Sample 13,Moirai,0.5011035799980164
Sample 13,Timer,0.49889642000198364
Sample 14,Moirai,0.501092791557312
Sample 14,Chronos,0.498907208442688
Sample 15,Chronos,0.5000729560852051
Sample 15,Moirai,0.4999270737171173
Sample 0,Moirai,0.5005855560302734
Sample 0,Chronos,0.4994144141674042
Sample 1,Moirai,0.5011143684387207
Sample 1,Timer,0.4988856911659241
Sample 2,Chronos,0.5003312826156616
Sample 2,Timer,0.4996687173843384
Sample 3,Moirai,0.5010600090026855
Sample 3,Timer,0.49894002079963684
Sample 4,Moirai,0.5012816190719604
Sample 4,Chronos,0.49871841073036194
Sample 5,Moirai,0.5011378526687622
Sample 5,Timer,0.4988621473312378
Sample 6,Moirai,0.5006927251815796
Sample 6,Chronos,0.4993073046207428
Sample 7,Chronos,0.5000650882720947
Sample 7,Moirai,0.49993494153022766
Sample 8,Moirai,0.5007073879241943
Sample 8,Chronos,0.4992925822734833
Sample 9,Moirai,0.5011144876480103
Sample 9,Timer,0.49888554215431213
Sample 10,Moirai,0.5015185475349426
Sample 10,Chronos,0.4984814524650574
Sample 11,Moirai,0.5011966824531555
Sample 11,Timer,0.4988033175468445
Sample 12,Moirai,0.5007467865943909
Sample 12,Chronos,0.49925321340560913
Sample 13,Moirai,0.5011223554611206
Sample 13,Timer,0.4988776743412018
Sample 14,Moirai,0.5011794567108154
Sample 14,Chronos,0.49882057309150696
Sample 15,Chronos,0.5000250935554504
Sample 15,Moirai,0.49997490644454956
Sample 16,Moirai,0.5006546378135681
Sample 16,Timer,0.4993453621864319
Sample 17,Moirai,0.5011592507362366
Sample 17,Timer,0.4988407492637634
Sample 18,Moirai,0.5004004240036011
Sample 18,Chronos,0.4995995759963989
Sample 19,Moirai,0.5007913112640381
Sample 19,Timer,0.4992087185382843
Sample 20,Moirai,0.5004903078079224
Sample 20,TimesFM,0.4995097219944
Sample 21,Moirai,0.500873863697052
Sample 21,Timer,0.4991261661052704
Sample 22,Chronos,0.5000459551811218
Sample 22,Moirai,0.49995407462120056
Sample 23,Moirai,0.5001243948936462
Sample 23,TimesFM,0.49987563490867615
Sample 24,Moirai,0.5003884434700012
Sample 24,Chronos,0.49961158633232117
Sample 25,Moirai,0.5011468529701233
Sample 25,Timer,0.4988531470298767
Sample 26,Moirai,0.5012179017066956
Sample 26,Chronos,0.4987821578979492
Sample 27,Moirai,0.5012709498405457
Sample 27,Chronos,0.49872907996177673
Sample 28,Chronos,0.5005888342857361
Sample 28,TimesFM,0.4994111657142639
Sample 29,Moirai,0.5012737512588501
Sample 29,Timer,0.4987261891365051
Sample 30,Moirai,0.5013255476951599
Sample 30,Chronos,0.4986744225025177
Sample 31,Moirai,0.5004403591156006
Sample 31,Chronos,0.4995596408843994
Sample 0,Moirai,0.5006843209266663
Sample 0,Chronos,0.4993157386779785
Sample 1,Moirai,0.5013765096664429
Sample 1,Timer,0.49862349033355713
Sample 2,Chronos,0.500105082988739
Sample 2,TimesFM,0.4998948574066162
Sample 3,Moirai,0.5008588433265686
Sample 3,Timer,0.4991411864757538
Sample 4,Chronos,0.5002555847167969
Sample 4,TimesFM,0.4997444450855255
Sample 5,Moirai,0.5013092756271362
Sample 5,Timer,0.498690664768219
Sample 6,Moirai,0.5007185935974121
Sample 6,Chronos,0.4992814064025879
Sample 7,Moirai,0.5001505613327026
Sample 7,Chronos,0.499849408864975
Sample 8,Moirai,0.5011579394340515
Sample 8,Timer,0.4988420307636261
Sample 9,Moirai,0.5013139843940735
Sample 9,Timer,0.4986860156059265
Sample 10,Moirai,0.5005290508270264
Sample 10,Chronos,0.49947091937065125
Sample 11,Moirai,0.5000002980232239
Sample 11,Chronos,0.4999997317790985
Sample 12,Moirai,0.5003473162651062
Sample 12,TimesFM,0.4996527135372162
Sample 13,Moirai,0.5012369751930237
Sample 13,Timer,0.4987630546092987
Sample 14,Moirai,0.5007792711257935
Sample 14,Chronos,0.49922066926956177
Sample 15,Moirai,0.5005398988723755
Sample 15,Chronos,0.4994601309299469
Sample 16,Moirai,0.5006153583526611
Sample 16,Timer,0.49938464164733887
Sample 17,Moirai,0.5014094710350037
Sample 17,Timer,0.49859052896499634
Sample 18,Moirai,0.5005924701690674
Sample 18,Chronos,0.49940750002861023
Sample 19,Moirai,0.5010094046592712
Sample 19,Timer,0.49899062514305115
Sample 20,Moirai,0.5016117691993713
Sample 20,Chronos,0.4983882009983063
Sample 21,Moirai,0.5012983083724976
Sample 21,Timer,0.49870166182518005
Sample 22,Moirai,0.500511884689331
Sample 22,Chronos,0.49948814511299133
Sample 23,Chronos,0.5002514123916626
Sample 23,TimesFM,0.499748557806015
Sample 24,Moirai,0.5014104843139648
Sample 24,Timer,0.49858954548835754
Sample 25,Moirai,0.5010285377502441
Sample 25,Timer,0.49897146224975586
Sample 26,Moirai,0.5012497901916504
Sample 26,Chronos,0.4987502098083496
Sample 27,Moirai,0.501089334487915
Sample 27,Timer,0.49891069531440735
Sample 28,Chronos,0.5002011060714722
Sample 28,TimesFM,0.49979889392852783
Sample 29,Moirai,0.5012621879577637
Sample 29,Timer,0.49873781204223633
Sample 30,Moirai,0.5011664032936096
Sample 30,Timer,0.4988335967063904
Sample 31,Moirai,0.5001009106636047
Sample 31,Chronos,0.49989908933639526
Sample 0,Moirai,0.5010083317756653
Sample 0,TimesFM,0.4989916682243347
Sample 1,Moirai,0.5013471841812134
Sample 1,Timer,0.498652845621109
Sample 2,Moirai,0.5010930895805359
Sample 2,Timer,0.4989068806171417
Sample 3,Moirai,0.5009965300559998
Sample 3,Timer,0.49900341033935547
Sample 4,Moirai,0.5002250671386719
Sample 4,Chronos,0.4997749626636505
Sample 5,Moirai,0.5014381408691406
Sample 5,Timer,0.49856188893318176
Sample 6,Chronos,0.5000481605529785
Sample 6,Moirai,0.4999518394470215
Sample 7,Moirai,0.5008374452590942
Sample 7,Chronos,0.49916255474090576
Sample 8,Moirai,0.5007246732711792
Sample 8,Timer,0.4992753863334656
Sample 9,Moirai,0.5011656880378723
Sample 9,Timer,0.4988342523574829
Sample 10,Moirai,0.5007597208023071
Sample 10,Timer,0.49924027919769287
Sample 11,Moirai,0.5004200339317322
Sample 11,TimesFM,0.49957993626594543
Sample 12,Chronos,0.5003204941749573
Sample 12,TimesFM,0.49967944622039795
Sample 13,Moirai,0.5013598203659058
Sample 13,Timer,0.49864014983177185
Sample 14,Moirai,0.5014855861663818
Sample 14,Timer,0.4985143840312958
Sample 15,Moirai,0.500352144241333
Sample 15,Chronos,0.4996478855609894
Sample 16,Moirai,0.5017687082290649
Sample 16,Timer,0.49823135137557983
Sample 17,Moirai,0.5009936690330505
Sample 17,Timer,0.4990063011646271
Sample 18,Chronos,0.5000512003898621
Sample 18,TimesFM,0.49994879961013794
Sample 19,Moirai,0.5017133355140686
Sample 19,Chronos,0.4982866942882538
Sample 20,Chronos,0.5003805756568909
Sample 20,TimesFM,0.49961939454078674
Sample 21,Moirai,0.5016368627548218
Sample 21,Timer,0.498363196849823
Sample 22,Moirai,0.5010644197463989
Sample 22,Chronos,0.4989355504512787
Sample 23,Moirai,0.5002790689468384
Sample 23,TimesFM,0.4997209906578064
Sample 24,Moirai,0.5007327795028687
Sample 24,Chronos,0.49926719069480896
Sample 25,Moirai,0.5011696219444275
Sample 25,Timer,0.4988304078578949
Sample 26,Moirai,0.5012239813804626
Sample 26,TimesFM,0.49877604842185974
Sample 27,Moirai,0.5010488629341125
Sample 27,Timer,0.49895110726356506
Sample 28,Chronos,0.5003503561019897
Sample 28,TimesFM,0.49964967370033264
Sample 29,Moirai,0.5012354850769043
Sample 29,Timer,0.4987645447254181
Sample 30,Moirai,0.501205563545227
Sample 30,Timer,0.49879443645477295
Sample 31,Chronos,0.5000783801078796
Sample 31,Moirai,0.49992161989212036
Sample 0,Moirai,0.500834047794342
Sample 0,TimesFM,0.49916595220565796
Sample 1,Moirai,0.5013258457183838
Sample 1,Timer,0.4986741244792938
Sample 2,Moirai,0.5013045072555542
Sample 2,TimesFM,0.4986954927444458
Sample 3,Moirai,0.501183807849884
Sample 3,Timer,0.49881622195243835
Sample 4,Moirai,0.5009475946426392
Sample 4,Chronos,0.4990524351596832
Sample 5,TimesFM,0.5000801682472229
Sample 5,Moirai,0.4999198615550995
Sample 6,TimesFM,0.5004138946533203
Sample 6,Time-MoE,0.49958616495132446
Sample 7,Moirai,0.5003405809402466
Sample 7,TimesFM,0.49965938925743103
Sample 8,Moirai,0.500977098941803
Sample 8,TimesFM,0.4990229308605194
Sample 9,Moirai,0.5014721751213074
Sample 9,Timer,0.498527854681015
Sample 10,TimesFM,0.5003077387809753
Sample 10,Chronos,0.49969229102134705
Sample 11,Moirai,0.5010687112808228
Sample 11,Timer,0.49893131852149963
Sample 12,TimesFM,0.5000655651092529
Sample 12,Chronos,0.49993443489074707
Sample 13,Moirai,0.5012989044189453
Sample 13,Timer,0.4987010359764099
Sample 14,Moirai,0.5011839270591736
Sample 14,Timer,0.4988161027431488
Sample 15,Moirai,0.5001338124275208
Sample 15,TimesFM,0.49986618757247925
Sample 16,Moirai,0.5011599063873291
Sample 16,TimesFM,0.4988400936126709
Sample 17,Moirai,0.5009689331054688
Sample 17,TimesFM,0.49903106689453125
Sample 18,Moirai,0.5004209280014038
Sample 18,TimesFM,0.4995790719985962
Sample 19,Moirai,0.5010048151016235
Sample 19,Timer,0.4989951550960541
Sample 20,TimesFM,0.5000264048576355
Sample 20,Chronos,0.4999736249446869
Sample 21,Moirai,0.5015739798545837
Sample 21,Timer,0.49842599034309387
Sample 22,Moirai,0.501373291015625
Sample 22,TimesFM,0.4986267387866974
Sample 23,Moirai,0.50008225440979
Sample 23,TimesFM,0.4999177157878876
Sample 24,Moirai,0.5007466673851013
Sample 24,TimesFM,0.49925336241722107
Sample 25,Moirai,0.5013170838356018
Sample 25,Timer,0.4986829161643982
Sample 26,Moirai,0.5002471208572388
Sample 26,TimesFM,0.4997529089450836
Sample 27,Moirai,0.5013022422790527
Sample 27,Timer,0.49869778752326965
Sample 28,TimesFM,0.5000556111335754
Sample 28,Chronos,0.49994438886642456
Sample 29,Moirai,0.5013002753257751
Sample 29,Timer,0.49869975447654724
Sample 30,Moirai,0.5016676187515259
Sample 30,Timer,0.4983324110507965
Sample 31,Moirai,0.5000410079956055
Sample 31,TimesFM,0.49995899200439453
Sample 0,Moirai,0.5008004903793335
Sample 0,TimesFM,0.4991995096206665
Sample 1,Moirai,0.5016299486160278
Sample 1,Timer,0.49837008118629456
Sample 2,Moirai,0.5013082027435303
Sample 2,TimesFM,0.4986917972564697
Sample 3,Moirai,0.5013354420661926
Sample 3,Timer,0.4986645579338074
Sample 4,Moirai,0.501899003982544
Sample 4,TimesFM,0.49810099601745605
Sample 5,Moirai,0.5015252828598022
Sample 5,Timer,0.49847468733787537
Sample 6,Moirai,0.5019814968109131
Sample 6,TimesFM,0.4980184733867645
Sample 7,Moirai,0.50016850233078
Sample 7,TimesFM,0.4998314678668976
Sample 8,Moirai,0.501740574836731
Sample 8,TimesFM,0.49825942516326904
Sample 9,Moirai,0.5016313195228577
Sample 9,Timer,0.4983687102794647
Sample 10,Moirai,0.5010323524475098
Sample 10,TimesFM,0.498967707157135
Sample 11,Moirai,0.5017687082290649
Sample 11,TimesFM,0.49823129177093506
Sample 12,Moirai,0.5011241436004639
Sample 12,TimesFM,0.49887585639953613
Sample 13,Moirai,0.5015298128128052
Sample 13,TimesFM,0.4984701871871948
Sample 14,Moirai,0.5006465315818787
Sample 14,TimesFM,0.4993534982204437
Sample 15,Moirai,0.5007738471031189
Sample 15,TimesFM,0.4992261826992035
Sample 16,Moirai,0.5013048648834229
Sample 16,TimesFM,0.49869513511657715
Sample 17,Moirai,0.5014539361000061
Sample 17,Timer,0.4985460937023163
Sample 18,Moirai,0.5010517835617065
Sample 18,TimesFM,0.49894821643829346
Sample 19,Moirai,0.5010748505592346
Sample 19,TimesFM,0.49892517924308777
Sample 20,Chronos,0.500093400478363
Sample 20,TimesFM,0.49990659952163696
Sample 21,Moirai,0.50165194272995
Sample 21,Timer,0.49834805727005005
Sample 22,Moirai,0.5017452239990234
Sample 22,TimesFM,0.49825477600097656
Sample 23,Moirai,0.5002073049545288
Sample 23,TimesFM,0.4997926950454712
Sample 24,Moirai,0.5010389685630798
Sample 24,TimesFM,0.49896106123924255
Sample 25,Moirai,0.501615583896637
Sample 25,Timer,0.49838441610336304
Sample 26,Moirai,0.5009832978248596
Sample 26,TimesFM,0.4990167021751404
Sample 27,Moirai,0.5012259483337402
Sample 27,Timer,0.498773992061615
Sample 28,Moirai,0.5003097653388977
Sample 28,Chronos,0.4996902048587799
Sample 29,Moirai,0.5012083649635315
Sample 29,TimesFM,0.4987916052341461
Sample 30,Moirai,0.5020105242729187
Sample 30,TimesFM,0.4979894757270813
Sample 31,Moirai,0.5003427267074585
Sample 31,TimesFM,0.4996572434902191
Sample 0,Moirai,0.5004943013191223
Sample 0,Time-MoE,0.4995057284832001
Sample 1,Moirai,0.501656174659729
Sample 1,Timer,0.49834388494491577
Sample 2,Moirai,0.5001189112663269
Sample 2,TimesFM,0.4998810291290283
Sample 3,Moirai,0.5015466213226318
Sample 3,TimesFM,0.49845340847969055
Sample 4,Chronos,0.5000011920928955
Sample 4,TimesFM,0.4999988377094269
Sample 5,Moirai,0.501710057258606
Sample 5,Timer,0.49828991293907166
Sample 6,Moirai,0.5011088848114014
Sample 6,TimesFM,0.49889108538627625
Sample 7,Moirai,0.5004348754882812
Sample 7,TimesFM,0.49956512451171875
Sample 8,Moirai,0.5013510584831238
Sample 8,Time-MoE,0.4986489713191986
Sample 9,Moirai,0.5016040205955505
Sample 9,Timer,0.4983959496021271
Sample 10,Moirai,0.5008626580238342
Sample 10,TimesFM,0.4991373121738434
Sample 11,Moirai,0.5011603236198425
Sample 11,TimesFM,0.49883970618247986
Sample 12,TimesFM,0.5001720190048218
Sample 12,Moirai,0.49982795119285583
Sample 13,TimesFM,0.5000229477882385
Sample 13,Moirai,0.4999770522117615
Sample 14,TimesFM,0.5001347064971924
Sample 14,Chronos,0.4998652935028076
Sample 15,Moirai,0.5001479983329773
Sample 15,TimesFM,0.4998520314693451
Sample 16,Moirai,0.5007249116897583
Sample 16,Time-MoE,0.4992750883102417
Sample 17,Moirai,0.5017277002334595
Sample 17,Timer,0.49827226996421814
Sample 18,Moirai,0.5003894567489624
Sample 18,TimesFM,0.49961057305336
Sample 19,Moirai,0.5013940334320068
Sample 19,Timer,0.4986059367656708
Sample 20,Moirai,0.5012286901473999
Sample 20,TimesFM,0.4987713098526001
Sample 21,Moirai,0.5017704367637634
Sample 21,Timer,0.4982295334339142
Sample 22,Moirai,0.5010137557983398
Sample 22,TimesFM,0.49898621439933777
Sample 23,Moirai,0.5002974271774292
Sample 23,TimesFM,0.4997025430202484
Sample 24,Moirai,0.5018430352210999
Sample 24,Time-MoE,0.49815699458122253
Sample 25,Moirai,0.5015661120414734
Sample 25,Timer,0.4984338581562042
Sample 26,Moirai,0.5003965497016907
Sample 26,TimesFM,0.4996034502983093
Sample 27,Moirai,0.501731812953949
Sample 27,Timer,0.49826812744140625
Sample 28,Moirai,0.5006811022758484
Sample 28,TimesFM,0.4993188977241516
Sample 29,Moirai,0.5010978579521179
Sample 29,TimesFM,0.4989021420478821
Sample 30,Moirai,0.501526415348053
Sample 30,TimesFM,0.498473584651947
Sample 31,TimesFM,0.5000693798065186
Sample 31,Chronos,0.49993064999580383
Sample 0,Moirai,0.5021870136260986
Sample 0,TimesFM,0.497812956571579
Sample 1,Moirai,0.5015555024147034
Sample 1,Timer,0.49844449758529663
Sample 2,Moirai,0.5013766288757324
Sample 2,TimesFM,0.4986233711242676
Sample 3,Moirai,0.5014895796775818
Sample 3,Timer,0.4985104203224182
Sample 4,Moirai,0.5001631379127502
Sample 4,TimesFM,0.49983683228492737
Sample 5,Moirai,0.5021823048591614
Sample 5,Timer,0.497817724943161
Sample 6,Moirai,0.5009099245071411
Sample 6,TimesFM,0.4990900754928589
Sample 7,Moirai,0.5002745389938354
Sample 7,TimesFM,0.49972549080848694
Sample 8,Moirai,0.5014747977256775
Sample 8,Time-MoE,0.4985251724720001
Sample 9,Moirai,0.5017569661140442
Sample 9,Timer,0.4982430636882782
Sample 10,Moirai,0.5011571049690247
Sample 10,TimesFM,0.49884292483329773
Sample 11,Moirai,0.5012915730476379
Sample 11,Timer,0.49870842695236206
Sample 12,Moirai,0.501485288143158
Sample 12,TimesFM,0.49851474165916443
Sample 13,Moirai,0.5017865896224976
Sample 13,Timer,0.49821341037750244
Sample 14,Moirai,0.5017558932304382
Sample 14,TimesFM,0.49824413657188416
Sample 15,TimesFM,0.5000039339065552
Sample 15,Time-MoE,0.4999960660934448
Sample 0,Moirai,0.5008229613304138
Sample 0,Time-MoE,0.49917706847190857
Sample 1,Moirai,0.5016289353370667
Sample 1,Timer,0.49837106466293335
Sample 2,Chronos,0.5001717805862427
Sample 2,TimesFM,0.4998282194137573
Sample 3,Moirai,0.5015794634819031
Sample 3,Timer,0.4984205365180969
Sample 4,Moirai,0.5020799040794373
Sample 4,TimesFM,0.4979201555252075
Sample 5,Moirai,0.5016971230506897
Sample 5,Timer,0.4983028769493103
Sample 6,Moirai,0.5009471774101257
Sample 6,TimesFM,0.4990527927875519
Sample 7,Moirai,0.5000231862068176
Sample 7,TimesFM,0.4999768137931824
Sample 8,Moirai,0.5010532736778259
Sample 8,Time-MoE,0.49894675612449646
Sample 9,Moirai,0.5016459226608276
Sample 9,Timer,0.49835407733917236
Sample 10,Moirai,0.5026738047599792
Sample 10,TimesFM,0.49732619524002075
Sample 11,Moirai,0.5018242001533508
Sample 11,Timer,0.4981757402420044
Sample 12,Moirai,0.5014351010322571
Sample 12,TimesFM,0.4985648989677429
Sample 13,Moirai,0.5016869306564331
Sample 13,Timer,0.4983130395412445
Sample 14,Moirai,0.5016927719116211
Sample 14,TimesFM,0.4983071982860565
Sample 15,TimesFM,0.5000905990600586
Sample 15,Moirai,0.49990934133529663
Sample 16,Moirai,0.5007672905921936
Sample 16,Time-MoE,0.4992327094078064
Sample 17,Moirai,0.5017493963241577
Sample 17,Timer,0.4982506036758423
Sample 18,Moirai,0.5006269216537476
Sample 18,TimesFM,0.49937310814857483
Sample 19,Moirai,0.5012500286102295
Sample 19,TimesFM,0.4987499713897705
Sample 20,Moirai,0.5006207227706909
Sample 20,Time-MoE,0.49937930703163147
Sample 21,Moirai,0.5011102557182312
Sample 21,TimesFM,0.498889684677124
Sample 22,Chronos,0.5000753998756409
Sample 22,TimesFM,0.49992457032203674
Sample 23,TimesFM,0.5002247095108032
Sample 23,Moirai,0.49977535009384155
Sample 24,Moirai,0.5002886652946472
Sample 24,Time-MoE,0.4997113049030304
Sample 25,Moirai,0.5017215609550476
Sample 25,Timer,0.49827840924263
Sample 26,Moirai,0.5019146800041199
Sample 26,TimesFM,0.4980853796005249
Sample 27,Moirai,0.502084493637085
Sample 27,TimesFM,0.49791547656059265
Sample 28,Chronos,0.500285804271698
Sample 28,TimesFM,0.4997142255306244
Sample 29,Moirai,0.5019484758377075
Sample 29,Timer,0.4980515241622925
Sample 30,Moirai,0.502049446105957
Sample 30,TimesFM,0.4979505240917206
Sample 31,Moirai,0.5009017586708069
Sample 31,Chronos,0.4990982115268707
Sample 0,Moirai,0.5005852580070496
Sample 0,Time-MoE,0.49941474199295044
Sample 1,Moirai,0.5020531415939331
Sample 1,Timer,0.4979468286037445
Sample 2,Chronos,0.5000405311584473
Sample 2,TimesFM,0.4999594986438751
Sample 3,Moirai,0.5012441873550415
Sample 3,Timer,0.4987557828426361
Sample 4,Time-MoE,0.5001556873321533
Sample 4,Chronos,0.4998442828655243
Sample 5,Moirai,0.501972496509552
Sample 5,Timer,0.4980275332927704
Sample 6,Moirai,0.5010986328125
Sample 6,Chronos,0.4989013075828552
Sample 7,Moirai,0.5001819133758545
Sample 7,Time-MoE,0.4998180568218231
Sample 8,Moirai,0.5020363330841064
Sample 8,Time-MoE,0.49796372652053833
Sample 9,Moirai,0.5019428730010986
Sample 9,Timer,0.498057097196579
Sample 10,Moirai,0.5008756518363953
Sample 10,TimesFM,0.4991244077682495
Sample 11,TimesFM,0.5000061988830566
Sample 11,Chronos,0.49999377131462097
Sample 12,Moirai,0.500117838382721
Sample 12,TimesFM,0.4998821020126343
Sample 13,Moirai,0.501840353012085
Sample 13,Timer,0.49815961718559265
Sample 14,Moirai,0.5011401772499084
Sample 14,TimesFM,0.49885982275009155
Sample 15,Moirai,0.5010306239128113
Sample 15,Chronos,0.4989694356918335
Sample 16,Moirai,0.5006071329116821
Sample 16,Time-MoE,0.4993928074836731
Sample 17,Moirai,0.5020654797554016
Sample 17,Timer,0.4979345500469208
Sample 18,Moirai,0.5007511377334595
Sample 18,TimesFM,0.49924883246421814
Sample 19,Moirai,0.5014796257019043
Sample 19,Timer,0.4985204041004181
Sample 20,Moirai,0.5026161074638367
Sample 20,Timer,0.49738389253616333
Sample 21,Moirai,0.501910388469696
Sample 21,Timer,0.49808958172798157
Sample 22,Moirai,0.5008111000061035
Sample 22,Chronos,0.49918892979621887
Sample 23,Chronos,0.5002182126045227
Sample 23,TimesFM,0.49978184700012207
Sample 24,Moirai,0.5026031732559204
Sample 24,Timer,0.497396856546402
Sample 25,Moirai,0.5014405250549316
Sample 25,Timer,0.49855947494506836
Sample 26,Moirai,0.5018578767776489
Sample 26,Timer,0.4981420636177063
Sample 27,Moirai,0.5015743970870972
Sample 27,Timer,0.4984256327152252
Sample 28,Chronos,0.5002440214157104
Sample 28,TimesFM,0.49975597858428955
Sample 29,Moirai,0.5018376708030701
Sample 29,Timer,0.49816232919692993
Sample 30,Moirai,0.5016636848449707
Sample 30,Timer,0.4983363449573517
Sample 31,Moirai,0.5002564191818237
Sample 31,Time-MoE,0.49974358081817627
Sample 0,Moirai,0.5010980367660522
Sample 0,Time-MoE,0.49890196323394775
Sample 1,Moirai,0.5019276738166809
Sample 1,Timer,0.4980723559856415
Sample 2,Moirai,0.5018317103385925
Sample 2,Time-MoE,0.49816831946372986
Sample 3,Moirai,0.5013691782951355
Sample 3,TimesFM,0.4986308515071869
Sample 4,Moirai,0.5002704858779907
Sample 4,Chronos,0.4997295141220093
Sample 5,Moirai,0.5020537376403809
Sample 5,Timer,0.49794623255729675
Sample 6,Chronos,0.5000112652778625
Sample 6,TimesFM,0.49998873472213745
Sample 7,Moirai,0.5013474822044373
Sample 7,Chronos,0.49865248799324036
Sample 8,Moirai,0.5003701448440552
Sample 8,Time-MoE,0.4996299147605896
Sample 9,Moirai,0.5016281008720398
Sample 9,Timer,0.4983719289302826
Sample 10,Moirai,0.5011878609657288
Sample 10,Timer,0.49881210923194885
Sample 11,Moirai,0.5003058910369873
Sample 11,TimesFM,0.4996941387653351
Sample 12,Chronos,0.5006113648414612
Sample 12,Time-MoE,0.4993886351585388
Sample 13,Moirai,0.5019529461860657
Sample 13,Timer,0.4980470538139343
Sample 14,Moirai,0.5020173788070679
Sample 14,TimesFM,0.49798259139060974
Sample 15,Moirai,0.5005125403404236
Sample 15,Chronos,0.49948742985725403
Sample 16,Moirai,0.5029415488243103
Sample 16,Timer,0.4970584809780121
Sample 17,Moirai,0.5013214945793152
Sample 17,Timer,0.4986785054206848
Sample 18,Chronos,0.5001720190048218
Sample 18,TimesFM,0.49982795119285583
Sample 19,Moirai,0.5026252865791321
Sample 19,Chronos,0.4973747432231903
Sample 20,Chronos,0.5005610585212708
Sample 20,Time-MoE,0.49943897128105164
Sample 21,Moirai,0.5022740960121155
Sample 21,Timer,0.4977259635925293
Sample 22,Moirai,0.5015791058540344
Sample 22,Chronos,0.4984208345413208
Sample 23,Moirai,0.500189483165741
Sample 23,TimesFM,0.4998105466365814
Sample 24,Moirai,0.5006101727485657
Sample 24,Time-MoE,0.4993898272514343
Sample 25,Moirai,0.5016502141952515
Sample 25,Timer,0.49834975600242615
Sample 26,Moirai,0.5019786357879639
Sample 26,TimesFM,0.49802133440971375
Sample 27,Moirai,0.5013638138771057
Sample 27,TimesFM,0.4986362159252167
Sample 28,Chronos,0.5004183650016785
Sample 28,Time-MoE,0.4995816648006439
Sample 29,Moirai,0.5016757845878601
Sample 29,TimesFM,0.4983242452144623
Sample 30,Moirai,0.5016778111457825
Sample 30,Timer,0.49832218885421753
Sample 31,Chronos,0.500239908695221
Sample 31,TimesFM,0.49976009130477905
Sample 0,Moirai,0.5007655024528503
Sample 0,Time-MoE,0.49923449754714966
Sample 1,Moirai,0.501851499080658
Sample 1,Timer,0.49814850091934204
Sample 2,Moirai,0.5014932751655579
Sample 2,Time-MoE,0.4985067546367645
Sample 3,Moirai,0.5017272233963013
Sample 3,Timer,0.49827274680137634
Sample 4,Moirai,0.5013619065284729
Sample 4,Chronos,0.4986381232738495
Sample 5,Chronos,0.5001943111419678
Sample 5,Moirai,0.4998056888580322
Sample 6,Time-MoE,0.5002780556678772
Sample 6,TimesFM,0.4997220039367676
Sample 7,Moirai,0.5004193782806396
Sample 7,Chronos,0.49958059191703796
Sample 8,Moirai,0.5011093616485596
Sample 8,Time-MoE,0.4988906681537628
Sample 9,Moirai,0.5020434260368347
Sample 9,Timer,0.49795660376548767
Sample 10,TimesFM,0.5001112222671509
Sample 10,Chronos,0.49988874793052673
Sample 11,Moirai,0.5014640092849731
Sample 11,TimesFM,0.49853599071502686
Sample 12,Chronos,0.500209391117096
Sample 12,Time-MoE,0.4997905492782593
Sample 13,Moirai,0.5018290281295776
Sample 13,Timer,0.4981709420681
Sample 14,Moirai,0.5016114711761475
Sample 14,Timer,0.49838849902153015
Sample 15,Moirai,0.5000495910644531
Sample 15,Chronos,0.49995043873786926
Sample 16,Moirai,0.5012308359146118
Sample 16,Time-MoE,0.4987691640853882
Sample 17,Moirai,0.5013250708580017
Sample 17,Chronos,0.4986748993396759
Sample 18,Moirai,0.5006598234176636
Sample 18,Chronos,0.4993401765823364
Sample 19,Moirai,0.5013836622238159
Sample 19,Timer,0.4986163079738617
Sample 20,Chronos,0.5003835558891296
Sample 20,TimesFM,0.499616414308548
Sample 21,Moirai,0.5022227168083191
Sample 21,Timer,0.4977772831916809
Sample 22,Moirai,0.502124547958374
Sample 22,Chronos,0.49787548184394836
Sample 23,Moirai,0.5002437233924866
Sample 23,Time-MoE,0.4997562766075134
Sample 24,Moirai,0.5007847547531128
Sample 24,Time-MoE,0.4992152452468872
Sample 25,Moirai,0.5017683506011963
Sample 25,Timer,0.4982317090034485
Sample 26,Moirai,0.5005403757095337
Sample 26,Chronos,0.4994595944881439
Sample 27,Moirai,0.5017654299736023
Sample 27,Timer,0.4982345998287201
Sample 28,Chronos,0.5000935196876526
Sample 28,Time-MoE,0.49990642070770264
Sample 29,Moirai,0.5017649531364441
Sample 29,TimesFM,0.4982350468635559
Sample 30,Moirai,0.5024303793907166
Sample 30,Timer,0.49756962060928345
Sample 31,Moirai,0.5000630617141724
Sample 31,Time-MoE,0.49993696808815
Sample 0,Moirai,0.5007638335227966
Sample 0,Time-MoE,0.49923616647720337
Sample 1,Moirai,0.5022330284118652
Sample 1,Timer,0.49776700139045715
Sample 2,Moirai,0.5018836259841919
Sample 2,Chronos,0.4981164336204529
Sample 3,Moirai,0.5018221735954285
Sample 3,Timer,0.4981778562068939
Sample 4,Moirai,0.5031046271324158
Sample 4,Chronos,0.49689537286758423
Sample 5,Moirai,0.5020769834518433
Sample 5,Timer,0.49792298674583435
Sample 6,Moirai,0.5029768347740173
Sample 6,Chronos,0.49702322483062744
Sample 7,Moirai,0.5000653266906738
Sample 7,Time-MoE,0.49993467330932617
Sample 8,Moirai,0.502254843711853
Sample 8,Time-MoE,0.497745156288147
Sample 9,Moirai,0.5022280812263489
Sample 9,Timer,0.49777188897132874
Sample 10,Moirai,0.5018265247344971
Sample 10,Chronos,0.4981735050678253
Sample 11,Moirai,0.5026357173919678
Sample 11,Chronos,0.49736425280570984
Sample 12,Moirai,0.5017964839935303
Sample 12,Chronos,0.4982035160064697
Sample 13,Moirai,0.5023142695426941
Sample 13,Chronos,0.4976857006549835
Sample 14,Moirai,0.5012146234512329
Sample 14,TimesFM,0.4987853169441223
Sample 15,Moirai,0.5006922483444214
Sample 15,Chronos,0.4993077218532562
Sample 16,Moirai,0.5016610026359558
Sample 16,Time-MoE,0.4983389973640442
Sample 17,Moirai,0.5019387602806091
Sample 17,Timer,0.49806129932403564
Sample 18,Moirai,0.5016536712646484
Sample 18,Chronos,0.4983462989330292
Sample 19,Moirai,0.5013814568519592
Sample 19,TimesFM,0.4986185133457184
Sample 20,Chronos,0.5004855990409851
Sample 20,Time-MoE,0.4995144307613373
Sample 21,Moirai,0.5022640824317932
Sample 21,Timer,0.4977359175682068
Sample 22,Moirai,0.502580463886261
Sample 22,Timer,0.497419536113739
Sample 23,Moirai,0.5001685619354248
Sample 23,Time-MoE,0.4998314380645752
Sample 24,Moirai,0.5010752081871033
Sample 24,Time-MoE,0.49892479181289673
Sample 25,Moirai,0.5021808743476868
Sample 25,Timer,0.49781912565231323
Sample 26,Moirai,0.5016183257102966
Sample 26,TimesFM,0.49838167428970337
Sample 27,Moirai,0.5016274452209473
Sample 27,Timer,0.4983726143836975
Sample 28,Moirai,0.5001392960548401
Sample 28,Chronos,0.4998607039451599
Sample 29,Moirai,0.5019699931144714
Sample 29,Chronos,0.49803003668785095
Sample 30,Moirai,0.5030677914619446
Sample 30,Chronos,0.4969322383403778
Sample 31,Moirai,0.5002591013908386
Sample 31,Time-MoE,0.4997408986091614
Sample 0,Moirai,0.5002736449241638
Sample 0,Time-MoE,0.4997263550758362
Sample 1,Moirai,0.502209484577179
Sample 1,Timer,0.49779048562049866
Sample 2,Moirai,0.5002554655075073
Sample 2,TimesFM,0.4997445344924927
Sample 3,Moirai,0.5021290183067322
Sample 3,Timer,0.49787095189094543
Sample 4,Chronos,0.5003862380981445
Sample 4,Time-MoE,0.49961379170417786
Sample 5,Moirai,0.5023483037948608
Sample 5,Timer,0.49765172600746155
Sample 6,Moirai,0.5015832781791687
Sample 6,Chronos,0.4984166920185089
Sample 7,Moirai,0.5003438591957092
Sample 7,Chronos,0.4996561110019684
Sample 8,Moirai,0.5013321042060852
Sample 8,Time-MoE,0.4986678659915924
Sample 9,Moirai,0.5022115707397461
Sample 9,Timer,0.4977884292602539
Sample 10,Moirai,0.5015408396720886
Sample 10,TimesFM,0.4984591603279114
Sample 11,Moirai,0.5017817616462708
Sample 11,Chronos,0.49821826815605164
Sample 12,TimesFM,0.5002261996269226
Sample 12,Moirai,0.4997738301753998
Sample 13,Chronos,0.500203013420105
Sample 13,Moirai,0.49979695677757263
Sample 14,Chronos,0.5004876852035522
Sample 14,TimesFM,0.49951228499412537
Sample 15,Moirai,0.5002453327178955
Sample 15,Time-MoE,0.4997546970844269
Sample 16,Moirai,0.5005047917366028
Sample 16,Time-MoE,0.4994952082633972
Sample 17,Moirai,0.502339243888855
Sample 17,Timer,0.497660756111145
Sample 18,Moirai,0.5001843571662903
Sample 18,Time-MoE,0.4998156726360321
Sample 19,Moirai,0.5019321441650391
Sample 19,Timer,0.49806782603263855
Sample 20,Moirai,0.5016913414001465
Sample 20,TimesFM,0.4983086585998535
Sample 21,Moirai,0.5023981332778931
Sample 21,Timer,0.49760186672210693
Sample 22,Moirai,0.5012730956077576
Sample 22,Chronos,0.49872690439224243
Sample 23,Moirai,0.5000463128089905
Sample 23,Time-MoE,0.4999537169933319
Sample 24,Moirai,0.5020740628242493
Sample 24,Time-MoE,0.49792593717575073
Sample 25,Moirai,0.502109706401825
Sample 25,Timer,0.49789029359817505
Sample 26,Moirai,0.500748872756958
Sample 26,TimesFM,0.4992510974407196
Sample 27,Moirai,0.5024084448814392
Sample 27,Timer,0.4975915849208832
Sample 28,Moirai,0.5009374618530273
Sample 28,Chronos,0.4990624785423279
Sample 29,Moirai,0.5016043186187744
Sample 29,Chronos,0.4983956813812256
Sample 30,Moirai,0.5023381114006042
Sample 30,Chronos,0.4976619482040405
Sample 31,Chronos,0.5004034042358398
Sample 31,Moirai,0.49959656596183777
Sample 0,Moirai,0.5032814145088196
Sample 0,Chronos,0.4967186152935028
Sample 1,Moirai,0.5020198225975037
Sample 1,Timer,0.49798017740249634
Sample 2,Moirai,0.5019229054450989
Sample 2,Chronos,0.4980771243572235
Sample 3,Moirai,0.50192791223526
Sample 3,Chronos,0.49807208776474
Sample 4,Chronos,0.5000778436660767
Sample 4,Moirai,0.4999221861362457
Sample 5,Moirai,0.5029967427253723
Sample 5,Timer,0.4970032572746277
Sample 6,Moirai,0.5011247396469116
Sample 6,Chronos,0.4988752603530884
Sample 7,Moirai,0.5003150701522827
Sample 7,Chronos,0.4996848702430725
Sample 8,Moirai,0.5015838742256165
Sample 8,Time-MoE,0.49841615557670593
Sample 9,Moirai,0.502352774143219
Sample 9,Timer,0.4976472556591034
Sample 10,Moirai,0.5015978217124939
Sample 10,Time-MoE,0.49840211868286133
Sample 11,Moirai,0.5016731023788452
Sample 11,Timer,0.4983268976211548
Sample 12,Moirai,0.5024333000183105
Sample 12,Chronos,0.49756669998168945
Sample 13,Moirai,0.5024767518043518
Sample 13,Timer,0.4975232183933258
Sample 14,Moirai,0.5023587942123413
Sample 14,Chronos,0.4976411759853363
Sample 15,Time-MoE,0.5004025101661682
Sample 15,Chronos,0.4995974898338318
Sample 0,Moirai,0.500723659992218
Sample 0,Time-MoE,0.499276340007782
Sample 1,Moirai,0.5021034479141235
Sample 1,Timer,0.49789658188819885
Sample 2,Chronos,0.5008867979049683
Sample 2,TimesFM,0.49911317229270935
Sample 3,Moirai,0.5020504593849182
Sample 3,Timer,0.4979495406150818
Sample 4,Moirai,0.5030390024185181
Sample 4,Chronos,0.4969610273838043
Sample 5,Moirai,0.5022827386856079
Sample 5,Timer,0.4977172911167145
Sample 6,Moirai,0.5012308955192566
Sample 6,Chronos,0.4987691044807434
Sample 7,Time-MoE,0.500201940536499
Sample 7,Chronos,0.4997980296611786
Sample 8,Moirai,0.5011294484138489
Sample 8,Time-MoE,0.4988706111907959
Sample 9,Moirai,0.5021328926086426
Sample 9,Timer,0.49786707758903503
Sample 10,Moirai,0.5031424760818481
Sample 10,Time-MoE,0.49685752391815186
Sample 11,Moirai,0.5023980736732483
Sample 11,Timer,0.4976019263267517
Sample 12,Moirai,0.5017933249473572
Sample 12,Chronos,0.4982066750526428
Sample 13,Moirai,0.5022675395011902
Sample 13,Timer,0.4977324604988098
Sample 14,Moirai,0.5022955536842346
Sample 14,Chronos,0.49770447611808777
Sample 15,Chronos,0.5003705024719238
Sample 15,Moirai,0.49962955713272095
Sample 16,Moirai,0.50063556432724
Sample 16,Time-MoE,0.4993644654750824
Sample 17,Moirai,0.5023802518844604
Sample 17,Timer,0.49761974811553955
Sample 18,Moirai,0.5007607936859131
Sample 18,Chronos,0.4992391765117645
Sample 19,Moirai,0.5017480254173279
Sample 19,Timer,0.4982519745826721
Sample 20,Moirai,0.5004215240478516
Sample 20,Time-MoE,0.49957847595214844
Sample 21,Moirai,0.5015073418617249
Sample 21,TimesFM,0.49849262833595276
Sample 22,Chronos,0.5003896355628967
Sample 22,Moirai,0.49961039423942566
Sample 23,Moirai,0.5002968311309814
Sample 23,Chronos,0.49970313906669617
Sample 24,Time-MoE,0.5000094175338745
Sample 24,Moirai,0.4999905526638031
Sample 25,Moirai,0.5022557973861694
Sample 25,Timer,0.4977441728115082
Sample 26,Moirai,0.5027590394020081
Sample 26,Chronos,0.49724099040031433
Sample 27,Moirai,0.5025150775909424
Sample 27,Chronos,0.49748495221138
Sample 28,Chronos,0.500597357749939
Sample 28,Time-MoE,0.4994026720523834
Sample 29,Moirai,0.5027004480361938
Sample 29,Timer,0.4972994923591614
Sample 30,Moirai,0.5028807520866394
Sample 30,Timer,0.4971192181110382
Sample 31,Moirai,0.5006565451622009
Sample 31,Time-MoE,0.4993434250354767
Sample 0,Moirai,0.5002854466438293
Sample 0,Time-MoE,0.49971461296081543
Sample 1,Moirai,0.5028614401817322
Sample 1,Timer,0.4971385896205902
Sample 2,Chronos,0.5004859566688538
Sample 2,Time-MoE,0.49951401352882385
Sample 3,Moirai,0.5016044974327087
Sample 3,Timer,0.49839553236961365
Sample 4,Time-MoE,0.5001891255378723
Sample 4,Chronos,0.4998108744621277
Sample 5,Moirai,0.5027432441711426
Sample 5,Timer,0.4972567856311798
Sample 6,Moirai,0.5011423230171204
Sample 6,Chronos,0.498857706785202
Sample 7,Time-MoE,0.5003142356872559
Sample 7,Moirai,0.49968570470809937
Sample 8,Moirai,0.5025034546852112
Sample 8,Time-MoE,0.49749651551246643
Sample 9,Moirai,0.5026599764823914
Sample 9,Timer,0.49733999371528625
Sample 10,Moirai,0.5010761022567749
Sample 10,Time-MoE,0.4989238679409027
Sample 11,Chronos,0.5004187822341919
Sample 11,TimesFM,0.4995812177658081
Sample 12,Moirai,0.5001241564750671
Sample 12,Chronos,0.49987584352493286
Sample 13,Moirai,0.5025424361228943
Sample 13,Timer,0.4974575936794281
Sample 14,Moirai,0.5012458562850952
Sample 14,Chronos,0.4987541139125824
Sample 15,Moirai,0.5009210705757141
Sample 15,Chronos,0.4990788698196411
Sample 16,Moirai,0.5004985332489014
Sample 16,Time-MoE,0.49950146675109863
Sample 17,Moirai,0.5028340220451355
Sample 17,Timer,0.4971659481525421
Sample 18,Moirai,0.5006586909294128
Sample 18,Time-MoE,0.49934130907058716
Sample 19,Moirai,0.5019415616989136
Sample 19,Timer,0.4980584383010864
Sample 20,Moirai,0.5035251379013062
Sample 20,Chronos,0.49647486209869385
Sample 21,Moirai,0.5026370286941528
Sample 21,Timer,0.49736297130584717
Sample 22,Moirai,0.5008203387260437
Sample 22,Chronos,0.4991796910762787
Sample 23,Chronos,0.5008485317230225
Sample 23,Time-MoE,0.4991514980792999
Sample 24,Moirai,0.5032588243484497
Sample 24,Time-MoE,0.4967412054538727
Sample 25,Moirai,0.501852810382843
Sample 25,Timer,0.4981471598148346
Sample 26,Moirai,0.5025160908699036
Sample 26,TimesFM,0.49748390913009644
Sample 27,Moirai,0.5019617676734924
Sample 27,Timer,0.49803823232650757
Sample 28,Chronos,0.5005033016204834
Sample 28,Time-MoE,0.4994966685771942
Sample 29,Moirai,0.5024881362915039
Sample 29,Timer,0.4975118935108185
Sample 30,Moirai,0.5021759867668152
Sample 30,Timer,0.4978240430355072
Sample 31,Time-MoE,0.5002702474594116
Sample 31,Chronos,0.4997296929359436
Sample 0,Moirai,0.5009339451789856
Sample 0,Time-MoE,0.499066025018692
Sample 1,Moirai,0.5025128722190857
Sample 1,Timer,0.4974871575832367
Sample 2,Moirai,0.502055823802948
Sample 2,Time-MoE,0.497944176197052
Sample 3,Moirai,0.5015685558319092
Sample 3,TimesFM,0.49843138456344604
Sample 4,Chronos,0.5002234578132629
Sample 4,Moirai,0.49977654218673706
Sample 5,Moirai,0.5027081966400146
Sample 5,Timer,0.49729183316230774
Sample 6,Chronos,0.5003306269645691
Sample 6,TimesFM,0.4996694028377533
Sample 7,Moirai,0.5012415051460266
Sample 7,Time-MoE,0.4987584948539734
Sample 8,Time-MoE,0.5000373721122742
Sample 8,Moirai,0.4999626576900482
Sample 9,Moirai,0.5020182728767395
Sample 9,Timer,0.4979817271232605
Sample 10,Moirai,0.5015164017677307
Sample 10,Timer,0.4984836280345917
Sample 11,Chronos,0.5001882314682007
Sample 11,Moirai,0.49981173872947693
Sample 12,Chronos,0.5007938742637634
Sample 12,Time-MoE,0.49920615553855896
Sample 13,Moirai,0.5025160312652588
Sample 13,Timer,0.4974839687347412
Sample 14,Moirai,0.5025873780250549
Sample 14,TimesFM,0.49741262197494507
Sample 15,Moirai,0.500044047832489
Sample 15,Time-MoE,0.4999559819698334
Sample 16,Moirai,0.5036917328834534
Sample 16,Time-MoE,0.496308296918869
Sample 17,Moirai,0.5015794634819031
Sample 17,Timer,0.4984205365180969
Sample 18,Chronos,0.5005091428756714
Sample 18,Time-MoE,0.4994909167289734
Sample 19,Moirai,0.5030510425567627
Sample 19,Chronos,0.4969489574432373
Sample 20,Chronos,0.5007795095443726
Sample 20,Time-MoE,0.49922049045562744
Sample 21,Moirai,0.5028634667396545
Sample 21,Timer,0.49713659286499023
Sample 22,Moirai,0.5018855929374695
Sample 22,Chronos,0.4981144368648529
Sample 23,Chronos,0.5002526640892029
Sample 23,Moirai,0.4997473359107971
Sample 24,Moirai,0.5001690983772278
Sample 24,Time-MoE,0.4998309016227722
Sample 25,Moirai,0.5020374059677124
Sample 25,Timer,0.4979625940322876
Sample 26,Moirai,0.5022090673446655
Sample 26,Time-MoE,0.4977909326553345
Sample 27,Moirai,0.5015473961830139
Sample 27,TimesFM,0.4984526038169861
Sample 28,Chronos,0.5004868507385254
Sample 28,Time-MoE,0.4995131194591522
Sample 29,Moirai,0.5020950436592102
Sample 29,TimesFM,0.4979049563407898
Sample 30,Moirai,0.5020787119865417
Sample 30,Timer,0.49792128801345825
Sample 31,Chronos,0.5003899335861206
Sample 31,Time-MoE,0.4996100664138794
Sample 0,Moirai,0.500472903251648
Sample 0,Time-MoE,0.49952709674835205
Sample 1,Moirai,0.502284586429596
Sample 1,Timer,0.49771541357040405
Sample 2,Moirai,0.5014559626579285
Sample 2,Time-MoE,0.4985440671443939
Sample 3,Moirai,0.5020643472671509
Sample 3,Timer,0.4979356527328491
Sample 4,Moirai,0.5014597773551941
Sample 4,Chronos,0.49854016304016113
Sample 5,Chronos,0.5005054473876953
Sample 5,Time-MoE,0.4994945526123047
Sample 6,Time-MoE,0.5006803274154663
Sample 6,TimesFM,0.49931973218917847
Sample 7,Moirai,0.500134289264679
Sample 7,Chronos,0.49986574053764343
Sample 8,Moirai,0.5008842349052429
Sample 8,Time-MoE,0.49911579489707947
Sample 9,Moirai,0.5025012493133545
Sample 9,Timer,0.4974987208843231
Sample 10,Chronos,0.5001636743545532
Sample 10,TimesFM,0.4998362958431244
Sample 11,Moirai,0.5015807151794434
Sample 11,TimesFM,0.49841931462287903
Sample 12,Chronos,0.5003206729888916
Sample 12,Time-MoE,0.4996792674064636
Sample 13,Moirai,0.5021772384643555
Sample 13,Timer,0.49782270193099976
Sample 14,Moirai,0.501909613609314
Sample 14,Timer,0.49809035658836365
Sample 15,Chronos,0.5005245208740234
Sample 15,Moirai,0.49947550892829895
Sample 16,Moirai,0.5011054277420044
Sample 16,Time-MoE,0.4988945424556732
Sample 17,Moirai,0.5013961791992188
Sample 17,Chronos,0.49860379099845886
Sample 18,Moirai,0.5003665089607239
Sample 18,Time-MoE,0.4996334910392761
Sample 19,Moirai,0.5015323758125305
Sample 19,Timer,0.4984676241874695
Sample 20,Chronos,0.5005835294723511
Sample 20,Time-MoE,0.4994164705276489
Sample 21,Moirai,0.5027254223823547
Sample 21,Timer,0.49727460741996765
Sample 22,Moirai,0.502485454082489
Sample 22,Time-MoE,0.497514545917511
Sample 23,Time-MoE,0.5002249479293823
Sample 23,Chronos,0.49977508187294006
Sample 24,Moirai,0.5003348588943481
Sample 24,Time-MoE,0.49966511130332947
Sample 25,Moirai,0.5020463466644287
Sample 25,Timer,0.4979536533355713
Sample 26,Moirai,0.5003800392150879
Sample 26,Chronos,0.4996199309825897
Sample 27,Moirai,0.5019845962524414
Sample 27,Timer,0.4980154037475586
Sample 28,Chronos,0.500135600566864
Sample 28,Time-MoE,0.499864399433136
Sample 29,Moirai,0.5019851326942444
Sample 29,TimesFM,0.4980148673057556
Sample 30,Moirai,0.5030905604362488
Sample 30,Timer,0.4969094395637512
Sample 31,Time-MoE,0.5002293586730957
Sample 31,Chronos,0.4997706115245819
Sample 0,Moirai,0.5005797743797302
Sample 0,Time-MoE,0.4994202256202698
Sample 1,Moirai,0.5026337504386902
Sample 1,Timer,0.4973662793636322
Sample 2,Moirai,0.502133846282959
Sample 2,Timer,0.4978661835193634
Sample 3,Moirai,0.5020459294319153
Sample 3,Timer,0.4979540705680847
Sample 4,Moirai,0.5037105679512024
Sample 4,Chronos,0.4962894320487976
Sample 5,Moirai,0.5024017691612244
Sample 5,Timer,0.497598260641098
Sample 6,Moirai,0.5036976933479309
Sample 6,Timer,0.4963022768497467
Sample 7,Time-MoE,0.5003587603569031
Sample 7,Moirai,0.4996412396430969
Sample 8,Moirai,0.5026668906211853
Sample 8,Time-MoE,0.4973331093788147
Sample 9,Moirai,0.5025995969772339
Sample 9,Timer,0.4974004328250885
Sample 10,Moirai,0.5022013783454895
Sample 10,Chronos,0.4977986514568329
Sample 11,Moirai,0.5027838945388794
Sample 11,Time-MoE,0.4972161054611206
Sample 12,Moirai,0.5018873810768127
Sample 12,Time-MoE,0.49811261892318726
Sample 13,Moirai,0.502749502658844
Sample 13,Time-MoE,0.49725043773651123
Sample 14,Moirai,0.5015228390693665
Sample 14,Chronos,0.49847719073295593
Sample 15,Moirai,0.500389814376831
Sample 15,Chronos,0.49961018562316895
Sample 16,Moirai,0.5018637180328369
Sample 16,Time-MoE,0.4981363117694855
Sample 17,Moirai,0.5022121667861938
Sample 17,Timer,0.4977877736091614
Sample 18,Moirai,0.5020748376846313
Sample 18,Time-MoE,0.49792513251304626
Sample 19,Moirai,0.5013428926467896
Sample 19,TimesFM,0.4986570477485657
Sample 20,Chronos,0.5007855296134949
Sample 20,Time-MoE,0.4992144703865051
Sample 21,Moirai,0.502650797367096
Sample 21,Timer,0.49734920263290405
Sample 22,Moirai,0.5031332969665527
Sample 22,Timer,0.4968666434288025
Sample 23,Time-MoE,0.5002080202102661
Sample 23,Chronos,0.4997919797897339
Sample 24,Moirai,0.5009649395942688
Sample 24,Time-MoE,0.4990350902080536
Sample 25,Moirai,0.5024820566177368
Sample 25,Timer,0.4975179433822632
Sample 26,Moirai,0.5017872452735901
Sample 26,Time-MoE,0.4982127249240875
Sample 27,Moirai,0.5017537474632263
Sample 27,Timer,0.49824628233909607
Sample 28,Chronos,0.500415027141571
Sample 28,Moirai,0.49958497285842896
Sample 29,Moirai,0.5023984313011169
Sample 29,Chronos,0.49760153889656067
Sample 30,Moirai,0.5039989948272705
Sample 30,Chronos,0.4960010051727295
Sample 31,Time-MoE,0.5000981092453003
Sample 31,Moirai,0.4999018907546997
Sample 0,Time-MoE,0.5000790953636169
Sample 0,Moirai,0.49992090463638306
Sample 1,Moirai,0.5025088787078857
Sample 1,Timer,0.49749115109443665
Sample 2,Moirai,0.5000425577163696
Sample 2,TimesFM,0.49995747208595276
Sample 3,Moirai,0.5024031400680542
Sample 3,Timer,0.4975968599319458
Sample 4,Chronos,0.500606119632721
Sample 4,Time-MoE,0.49939388036727905
Sample 5,Moirai,0.5027438402175903
Sample 5,Timer,0.49725618958473206
Sample 6,Moirai,0.5018804669380188
Sample 6,Time-MoE,0.4981195032596588
Sample 7,Moirai,0.5000389814376831
Sample 7,Chronos,0.4999610185623169
Sample 8,Moirai,0.5013906955718994
Sample 8,Time-MoE,0.49860936403274536
Sample 9,Moirai,0.5026236772537231
Sample 9,Timer,0.49737632274627686
Sample 10,Moirai,0.5019070506095886
Sample 10,TimesFM,0.4980929493904114
Sample 11,Moirai,0.5020533800125122
Sample 11,Chronos,0.4979466497898102
Sample 12,TimesFM,0.5005112290382385
Sample 12,Chronos,0.49948880076408386
Sample 13,Chronos,0.5006162524223328
Sample 13,TimesFM,0.49938374757766724
Sample 14,Chronos,0.5006738901138306
Sample 14,Time-MoE,0.49932608008384705
Sample 15,Time-MoE,0.5000771880149841
Sample 15,Moirai,0.49992284178733826
Sample 16,Moirai,0.5002040863037109
Sample 16,Time-MoE,0.4997958540916443
Sample 17,Moirai,0.5027657747268677
Sample 17,Timer,0.49723419547080994
Sample 18,Time-MoE,0.5001485347747803
Sample 18,Moirai,0.4998514950275421
Sample 19,Moirai,0.5022230744361877
Sample 19,Timer,0.49777689576148987
Sample 20,Moirai,0.5018753409385681
Sample 20,TimesFM,0.4981246888637543
Sample 21,Moirai,0.5027953386306763
Sample 21,Timer,0.4972047209739685
Sample 22,Moirai,0.5015637278556824
Sample 22,Chronos,0.4984362721443176
Sample 23,Time-MoE,0.5003069639205933
Sample 23,Chronos,0.49969303607940674
Sample 24,Moirai,0.5024170875549316
Sample 24,Time-MoE,0.49758294224739075
Sample 25,Moirai,0.5024304986000061
Sample 25,Timer,0.4975694417953491
Sample 26,Moirai,0.5007944703102112
Sample 26,Time-MoE,0.4992055296897888
Sample 27,Moirai,0.5028111934661865
Sample 27,Timer,0.4971888065338135
Sample 28,Moirai,0.5009821653366089
Sample 28,TimesFM,0.4990178346633911
Sample 29,Moirai,0.5018894076347351
Sample 29,Timer,0.4981105327606201
Sample 30,Moirai,0.5025895833969116
Sample 30,Time-MoE,0.49741044640541077
Sample 31,Chronos,0.5007826685905457
Sample 31,Time-MoE,0.49921733140945435
Sample 0,Moirai,0.504163384437561
Sample 0,Time-MoE,0.49583661556243896
Sample 1,Moirai,0.5022048950195312
Sample 1,Timer,0.49779510498046875
Sample 2,Moirai,0.5022025108337402
Sample 2,Time-MoE,0.4977974593639374
Sample 3,Moirai,0.5021435022354126
Sample 3,Timer,0.4978565573692322
Sample 4,Chronos,0.5004802942276001
Sample 4,TimesFM,0.4995197355747223
Sample 5,Moirai,0.503557026386261
Sample 5,Timer,0.496442973613739
Sample 6,Moirai,0.501350998878479
Sample 6,Chronos,0.498649001121521
Sample 7,Moirai,0.5000139474868774
Sample 7,Chronos,0.49998608231544495
Sample 8,Moirai,0.5016206502914429
Sample 8,Time-MoE,0.49837931990623474
Sample 9,Moirai,0.5027312636375427
Sample 9,Timer,0.4972687065601349
Sample 10,Moirai,0.5017796754837036
Sample 10,Time-MoE,0.498220294713974
Sample 11,Moirai,0.5017746686935425
Sample 11,Timer,0.4982253313064575
Sample 12,Moirai,0.5029844045639038
Sample 12,Chronos,0.4970155954360962
Sample 13,Moirai,0.5030015110969543
Sample 13,Timer,0.49699845910072327
Sample 14,Moirai,0.5027550458908081
Sample 14,Timer,0.4972448945045471
Sample 15,Time-MoE,0.5003334283828735
Sample 15,Chronos,0.49966663122177124
Sample 0,Moirai,0.5007572174072266
Sample 0,Time-MoE,0.49924278259277344
Sample 1,Moirai,0.5023382902145386
Sample 1,Timer,0.4976617097854614
Sample 2,Chronos,0.5013647675514221
Sample 2,TimesFM,0.4986352026462555
Sample 3,Moirai,0.5023144483566284
Sample 3,Timer,0.4976855218410492
Sample 4,Moirai,0.503745436668396
Sample 4,Chronos,0.4962545931339264
Sample 5,Moirai,0.5027061700820923
Sample 5,Timer,0.4972938299179077
Sample 6,Moirai,0.5015357732772827
Sample 6,Chronos,0.4984642565250397
Sample 7,Time-MoE,0.5000202059745789
Sample 7,Chronos,0.49997982382774353
Sample 8,Moirai,0.5014897584915161
Sample 8,Time-MoE,0.4985102713108063
Sample 9,Moirai,0.5023656487464905
Sample 9,Timer,0.4976343512535095
Sample 10,Moirai,0.5038245320320129
Sample 10,Time-MoE,0.49617546796798706
Sample 11,Moirai,0.502685010433197
Sample 11,Timer,0.497314989566803
Sample 12,Moirai,0.5018947720527649
Sample 12,Chronos,0.4981052577495575
Sample 13,Moirai,0.5026815533638
Sample 13,Timer,0.49731847643852234
Sample 14,Moirai,0.50269615650177
Sample 14,Timer,0.49730384349823
Sample 15,Chronos,0.5006024241447449
Sample 15,Time-MoE,0.4993976056575775
Sample 16,Moirai,0.5007925629615784
Sample 16,Time-MoE,0.499207466840744
Sample 17,Moirai,0.5028377771377563
Sample 17,Timer,0.49716222286224365
Sample 18,Moirai,0.5008289217948914
Sample 18,Chronos,0.49917104840278625
Sample 19,Moirai,0.5019296407699585
Sample 19,Timer,0.4980703592300415
Sample 20,Moirai,0.5007240176200867
Sample 20,Time-MoE,0.4992760121822357
Sample 21,Moirai,0.5017060041427612
Sample 21,TimesFM,0.4982939660549164
Sample 22,Chronos,0.5005695819854736
Sample 22,Time-MoE,0.49943041801452637
Sample 23,Moirai,0.5000041723251343
Sample 23,Time-MoE,0.4999958574771881
Sample 24,Time-MoE,0.500228226184845
Sample 24,Moirai,0.4997718334197998
Sample 25,Moirai,0.5025230050086975
Sample 25,Timer,0.4974769949913025
Sample 26,Moirai,0.5034970045089722
Sample 26,Time-MoE,0.49650296568870544
Sample 27,Moirai,0.5030540227890015
Sample 27,Chronos,0.4969460070133209
Sample 28,Chronos,0.5010184645652771
Sample 28,Time-MoE,0.4989815354347229
Sample 29,Moirai,0.5032742023468018
Sample 29,Timer,0.49672579765319824
Sample 30,Moirai,0.5034979581832886
Sample 30,TimesFM,0.4965020418167114
Sample 31,Moirai,0.5004688501358032
Sample 31,Chronos,0.499531090259552
Sample 0,Moirai,0.5000979900360107
Sample 0,Time-MoE,0.4999019503593445
Sample 1,Moirai,0.5035029649734497
Sample 1,Timer,0.4964970052242279
Sample 2,Chronos,0.5007681846618652
Sample 2,Time-MoE,0.4992317855358124
Sample 3,Moirai,0.5017633438110352
Sample 3,Timer,0.49823668599128723
Sample 4,Chronos,0.5004313588142395
Sample 4,Time-MoE,0.4995686411857605
Sample 5,Moirai,0.5033334493637085
Sample 5,Timer,0.4966665208339691
Sample 6,Moirai,0.5013085007667542
Sample 6,Chronos,0.4986914396286011
Sample 7,Time-MoE,0.5001940131187439
Sample 7,Chronos,0.4998059868812561
Sample 8,Moirai,0.5035406947135925
Sample 8,Time-MoE,0.49645936489105225
Sample 9,Moirai,0.503187894821167
Sample 9,Timer,0.496812105178833
Sample 10,Moirai,0.5014270544052124
Sample 10,Time-MoE,0.4985729455947876
Sample 11,Chronos,0.500661313533783
Sample 11,TimesFM,0.4993387460708618
Sample 12,Chronos,0.5001938939094543
Sample 12,TimesFM,0.49980607628822327
Sample 13,Moirai,0.5031023621559143
Sample 13,Timer,0.4968976676464081
Sample 14,Moirai,0.5015609860420227
Sample 14,Chronos,0.4984390139579773
Sample 15,Moirai,0.5007308125495911
Sample 15,Chronos,0.4992692172527313
Sample 16,Moirai,0.5008614659309387
Sample 16,Time-MoE,0.49913856387138367
Sample 17,Moirai,0.5034388303756714
Sample 17,Timer,0.496561199426651
Sample 18,Moirai,0.5006697177886963
Sample 18,Chronos,0.4993303120136261
Sample 19,Moirai,0.5022022128105164
Sample 19,Timer,0.49779781699180603
Sample 20,Moirai,0.504505455493927
Sample 20,Timer,0.495494544506073
Sample 21,Moirai,0.5032175183296204
Sample 21,Timer,0.49678248167037964
Sample 22,Moirai,0.5009253025054932
Sample 22,Chronos,0.4990747272968292
Sample 23,Chronos,0.5014668107032776
Sample 23,Time-MoE,0.4985332190990448
Sample 24,Moirai,0.5043911337852478
Sample 24,Time-MoE,0.4956088364124298
Sample 25,Moirai,0.5020529627799988
Sample 25,Timer,0.49794700741767883
Sample 26,Moirai,0.5029546022415161
Sample 26,TimesFM,0.4970453679561615
Sample 27,Moirai,0.5021052360534668
Sample 27,Timer,0.4978947639465332
Sample 28,Chronos,0.5010773539543152
Sample 28,Time-MoE,0.4989226162433624
Sample 29,Moirai,0.5029709935188293
Sample 29,Timer,0.49702900648117065
Sample 30,Moirai,0.5025191903114319
Sample 30,Timer,0.4974808394908905
Sample 31,Chronos,0.5000453591346741
Sample 31,Time-MoE,0.49995461106300354
Sample 0,Moirai,0.501385509967804
Sample 0,Time-MoE,0.49861449003219604
Sample 1,Moirai,0.5031201243400574
Sample 1,Timer,0.496879905462265
Sample 2,Moirai,0.5029840469360352
Sample 2,Time-MoE,0.49701592326164246
Sample 3,Moirai,0.5017802715301514
Sample 3,TimesFM,0.49821969866752625
Sample 4,Chronos,0.5007942318916321
Sample 4,Moirai,0.4992057979106903
Sample 5,Moirai,0.5034216642379761
Sample 5,Timer,0.4965783655643463
Sample 6,Chronos,0.5006155967712402
Sample 6,TimesFM,0.49938443303108215
Sample 7,Moirai,0.5010043978691101
Sample 7,Chronos,0.4989955723285675
Sample 8,Moirai,0.5000048279762268
Sample 8,Time-MoE,0.4999952018260956
Sample 9,Moirai,0.5024029612541199
Sample 9,Timer,0.4975970387458801
Sample 10,Moirai,0.5017066597938538
Sample 10,Timer,0.49829331040382385
Sample 11,Chronos,0.5005670785903931
Sample 11,Moirai,0.49943289160728455
Sample 12,Chronos,0.5016623735427856
Sample 12,Time-MoE,0.49833759665489197
Sample 13,Moirai,0.5031004548072815
Sample 13,Timer,0.4968995749950409
Sample 14,Moirai,0.5030819773674011
Sample 14,TimesFM,0.4969179928302765
Sample 15,Chronos,0.5004657506942749
Sample 15,Time-MoE,0.4995342493057251
Sample 16,Moirai,0.5049723982810974
Sample 16,Time-MoE,0.4950275719165802
Sample 17,Moirai,0.5018348693847656
Sample 17,Timer,0.49816516041755676
Sample 18,Chronos,0.500883936882019
Sample 18,Time-MoE,0.49911603331565857
Sample 19,Moirai,0.5036174654960632
Sample 19,Chronos,0.4963825047016144
Sample 20,Chronos,0.5015454888343811
Sample 20,Time-MoE,0.4984544813632965
Sample 21,Moirai,0.5035272240638733
Sample 21,TimesFM,0.4964727759361267
Sample 22,Moirai,0.5023901462554932
Sample 22,Chronos,0.4976098835468292
Sample 23,Chronos,0.5006141066551208
Sample 23,TimesFM,0.49938589334487915
Sample 24,Moirai,0.5000738501548767
Sample 24,Time-MoE,0.4999261498451233
Sample 25,Moirai,0.5024048686027527
Sample 25,Timer,0.4975951015949249
Sample 26,Moirai,0.5026412606239319
Sample 26,Time-MoE,0.4973587095737457
Sample 27,Moirai,0.5016421675682068
Sample 27,TimesFM,0.4983578622341156
Sample 28,Chronos,0.5011079907417297
Sample 28,Time-MoE,0.49889203906059265
Sample 29,Moirai,0.5024591684341431
Sample 29,TimesFM,0.49754080176353455
Sample 30,Moirai,0.502533495426178
Sample 30,Timer,0.49746647477149963
Sample 31,Chronos,0.5009527802467346
Sample 31,Time-MoE,0.4990472197532654
Sample 0,Moirai,0.5005745887756348
Sample 0,Time-MoE,0.49942541122436523
Sample 1,Moirai,0.502906858921051
Sample 1,Timer,0.497093141078949
Sample 2,Moirai,0.5020899772644043
Sample 2,Time-MoE,0.4979100525379181
Sample 3,Moirai,0.5025249719619751
Sample 3,Timer,0.4974749982357025
Sample 4,Moirai,0.5016502141952515
Sample 4,Chronos,0.49834975600242615
Sample 5,Chronos,0.5010839104652405
Sample 5,Time-MoE,0.49891605973243713
Sample 6,Time-MoE,0.5004770755767822
Sample 6,TimesFM,0.49952298402786255
Sample 7,Chronos,0.5003063678741455
Sample 7,Moirai,0.4996936619281769
Sample 8,Moirai,0.5010537505149841
Sample 8,Time-MoE,0.49894627928733826
Sample 9,Moirai,0.5031365752220154
Sample 9,Timer,0.496863454580307
Sample 10,Chronos,0.5003769993782043
Sample 10,TimesFM,0.49962303042411804
Sample 11,Moirai,0.501774251461029
Sample 11,TimesFM,0.49822574853897095
Sample 12,Chronos,0.5011653304100037
Sample 12,Time-MoE,0.49883460998535156
Sample 13,Moirai,0.5026983022689819
Sample 13,Timer,0.4973016679286957
Sample 14,Moirai,0.502373993396759
Sample 14,Timer,0.49762603640556335
Sample 15,Chronos,0.5012778639793396
Sample 15,TimesFM,0.4987221360206604
Sample 16,Moirai,0.5014234185218811
Sample 16,Time-MoE,0.4985765516757965
Sample 17,Moirai,0.5015379786491394
Sample 17,Chronos,0.4984619915485382
Sample 18,Moirai,0.5003207325935364
Sample 18,Chronos,0.49967923760414124
Sample 19,Moirai,0.501786470413208
Sample 19,Timer,0.498213529586792
Sample 20,Chronos,0.5013234615325928
Sample 20,Time-MoE,0.498676598072052
Sample 21,Moirai,0.5034278035163879
Sample 21,Timer,0.49657225608825684
Sample 22,Moirai,0.5033066868782043
Sample 22,Time-MoE,0.49669328331947327
Sample 23,Chronos,0.5003061890602112
Sample 23,Time-MoE,0.49969378113746643
Sample 24,Moirai,0.5002508163452148
Sample 24,Time-MoE,0.49974915385246277
Sample 25,Moirai,0.5025450587272644
Sample 25,Timer,0.497454971075058
Sample 26,Moirai,0.5000794529914856
Sample 26,Chronos,0.4999205768108368
Sample 27,Moirai,0.5023785829544067
Sample 27,Timer,0.4976213872432709
Sample 28,Chronos,0.5007699131965637
Sample 28,Time-MoE,0.4992300570011139
Sample 29,Moirai,0.5023044347763062
Sample 29,TimesFM,0.49769556522369385
Sample 30,Moirai,0.5038971900939941
Sample 30,TimesFM,0.49610280990600586
Sample 31,Chronos,0.5002869963645935
Sample 31,Time-MoE,0.4997130036354065
Sample 0,Moirai,0.5009070038795471
Sample 0,Time-MoE,0.4990929961204529
Sample 1,Moirai,0.5033963322639465
Sample 1,Timer,0.49660366773605347
Sample 2,Moirai,0.5025117993354797
Sample 2,Timer,0.49748826026916504
Sample 3,Moirai,0.5025518536567688
Sample 3,Timer,0.4974481463432312
Sample 4,Moirai,0.5040571689605713
Sample 4,Chronos,0.4959428012371063
Sample 5,Moirai,0.5031033158302307
Sample 5,Timer,0.4968967139720917
Sample 6,Moirai,0.5046493411064148
Sample 6,TimesFM,0.49535071849823
Sample 7,Chronos,0.5000536441802979
Sample 7,Time-MoE,0.49994632601737976
Sample 8,Moirai,0.5038169026374817
Sample 8,Time-MoE,0.4961830973625183
Sample 9,Moirai,0.5032877326011658
Sample 9,Timer,0.49671223759651184
Sample 10,Moirai,0.5024473071098328
Sample 10,Chronos,0.49755266308784485
Sample 11,Moirai,0.503422200679779
Sample 11,Chronos,0.49657779932022095
Sample 12,Moirai,0.5018360018730164
Sample 12,Chronos,0.49816399812698364
Sample 13,Moirai,0.503597617149353
Sample 13,TimesFM,0.496402382850647
Sample 14,Moirai,0.5019020438194275
Sample 14,Chronos,0.4980979561805725
Sample 15,Chronos,0.5000278949737549
Sample 15,Moirai,0.4999721050262451
Sample 16,Moirai,0.5026442408561707
Sample 16,Time-MoE,0.49735572934150696
Sample 17,Moirai,0.5027926564216614
Sample 17,Timer,0.49720731377601624
Sample 18,Moirai,0.5027830600738525
Sample 18,Chronos,0.49721693992614746
Sample 19,Moirai,0.5015003681182861
Sample 19,Chronos,0.49849963188171387
Sample 20,Chronos,0.5018398761749268
Sample 20,Time-MoE,0.49816015362739563
Sample 21,Moirai,0.5034536719322205
Sample 21,Timer,0.49654626846313477
Sample 22,Moirai,0.5040677785873413
Sample 22,Timer,0.4959322214126587
Sample 23,Chronos,0.5006263852119446
Sample 23,Time-MoE,0.49937358498573303
Sample 24,Moirai,0.5013649463653564
Sample 24,Time-MoE,0.49863505363464355
Sample 25,Moirai,0.5030718445777893
Sample 25,Timer,0.4969281554222107
Sample 26,Moirai,0.5020950436592102
Sample 26,TimesFM,0.4979049861431122
Sample 27,Moirai,0.5021632313728333
Sample 27,Timer,0.49783676862716675
Sample 28,Chronos,0.5011551976203918
Sample 28,Moirai,0.49884480237960815
Sample 29,Moirai,0.5028823018074036
Sample 29,Chronos,0.49711769819259644
Sample 30,Moirai,0.5050473809242249
Sample 30,TimesFM,0.49495255947113037
Sample 31,Moirai,0.5000458359718323
Sample 31,Time-MoE,0.49995413422584534
Sample 0,Time-MoE,0.5000448822975159
Sample 0,Moirai,0.49995508790016174
Sample 1,Moirai,0.5031975507736206
Sample 1,Timer,0.496802419424057
Sample 2,Moirai,0.5000538229942322
Sample 2,TimesFM,0.4999461770057678
Sample 3,Moirai,0.5030841827392578
Sample 3,Timer,0.4969157874584198
Sample 4,Chronos,0.5013841986656189
Sample 4,Time-MoE,0.4986158311367035
Sample 5,Moirai,0.5035750865936279
Sample 5,Timer,0.49642491340637207
Sample 6,Moirai,0.5026233196258545
Sample 6,Chronos,0.4973766803741455
Sample 7,Chronos,0.5005167722702026
Sample 7,Moirai,0.499483197927475
Sample 8,Moirai,0.502145528793335
Sample 8,Time-MoE,0.49785444140434265
Sample 9,Moirai,0.5034253597259521
Sample 9,Timer,0.49657467007637024
Sample 10,Moirai,0.5023741126060486
Sample 10,TimesFM,0.4976259171962738
Sample 11,Moirai,0.5024162530899048
Sample 11,Chronos,0.4975837469100952
Sample 12,TimesFM,0.500292956829071
Sample 12,Chronos,0.49970707297325134
Sample 13,Chronos,0.5009213089942932
Sample 13,TimesFM,0.4990786910057068
Sample 14,Chronos,0.5012141466140747
Sample 14,TimesFM,0.4987858533859253
Sample 15,Chronos,0.5000177621841431
Sample 15,Time-MoE,0.49998220801353455
Sample 16,Moirai,0.500358521938324
Sample 16,Time-MoE,0.499641478061676
Sample 17,Moirai,0.5036059021949768
Sample 17,Timer,0.4963940680027008
Sample 18,Chronos,0.5004407167434692
Sample 18,Time-MoE,0.49955928325653076
Sample 19,Moirai,0.5028531551361084
Sample 19,Timer,0.4971468448638916
Sample 20,Moirai,0.5026071667671204
Sample 20,TimesFM,0.497392863035202
Sample 21,Moirai,0.5036189556121826
Sample 21,Timer,0.4963809847831726
Sample 22,Moirai,0.5018917322158813
Sample 22,Chronos,0.49810829758644104
Sample 23,Chronos,0.5004400610923767
Sample 23,Time-MoE,0.4995599091053009
Sample 24,Moirai,0.5036191344261169
Sample 24,Time-MoE,0.4963808059692383
Sample 25,Moirai,0.5031602382659912
Sample 25,Timer,0.4968397915363312
Sample 26,Moirai,0.5009658932685852
Sample 26,TimesFM,0.4990341365337372
Sample 27,Moirai,0.5036560297012329
Sample 27,Timer,0.4963440001010895
Sample 28,Moirai,0.501497209072113
Sample 28,TimesFM,0.4985027611255646
Sample 29,Moirai,0.5024032592773438
Sample 29,Timer,0.49759674072265625
Sample 30,Moirai,0.5035324692726135
Sample 30,Time-MoE,0.49646756052970886
Sample 31,Chronos,0.5012961030006409
Sample 31,TimesFM,0.49870389699935913
Sample 0,Moirai,0.5057352781295776
Sample 0,Timer,0.49426472187042236
Sample 1,Moirai,0.5028517842292786
Sample 1,Timer,0.49714821577072144
Sample 2,Moirai,0.5029321312904358
Sample 2,Time-MoE,0.4970678389072418
Sample 3,Moirai,0.5026872158050537
Sample 3,Chronos,0.4973127543926239
Sample 4,Chronos,0.5007433295249939
Sample 4,TimesFM,0.4992566704750061
Sample 5,Moirai,0.5046384930610657
Sample 5,Timer,0.49536144733428955
Sample 6,Moirai,0.5016646385192871
Sample 6,Chronos,0.49833542108535767
Sample 7,Chronos,0.5005781650543213
Sample 7,Moirai,0.4994218051433563
Sample 8,Moirai,0.5021337270736694
Sample 8,Time-MoE,0.49786627292633057
Sample 9,Moirai,0.5035009384155273
Sample 9,Timer,0.49649906158447266
Sample 10,Moirai,0.502094566822052
Sample 10,TimesFM,0.4979054629802704
Sample 11,Moirai,0.5022463798522949
Sample 11,Timer,0.49775364995002747
Sample 12,Moirai,0.5032463669776917
Sample 12,Chronos,0.4967535734176636
Sample 13,Moirai,0.5039626955986023
Sample 13,Timer,0.4960372745990753
Sample 14,Moirai,0.5036250948905945
Sample 14,Timer,0.4963749051094055
Sample 15,Chronos,0.5005335211753845
Sample 15,Time-MoE,0.4994664788246155
Sample 0,Moirai,0.5013242363929749
Sample 0,Time-MoE,0.49867579340934753
Sample 1,Moirai,0.5028817057609558
Sample 1,Timer,0.4971182942390442
Sample 2,Chronos,0.501923143863678
Sample 2,TimesFM,0.4980769157409668
Sample 3,Moirai,0.5029128193855286
Sample 3,Timer,0.49708718061447144
Sample 4,Moirai,0.5043036937713623
Sample 4,Chronos,0.4956962764263153
Sample 5,Moirai,0.5035319328308105
Sample 5,Timer,0.49646812677383423
Sample 6,Moirai,0.5019077062606812
Sample 6,Chronos,0.49809232354164124
Sample 7,Chronos,0.5009506344795227
Sample 7,Time-MoE,0.4990493655204773
Sample 8,Moirai,0.5024795532226562
Sample 8,Time-MoE,0.49752044677734375
Sample 9,Moirai,0.502927839756012
Sample 9,Timer,0.49707216024398804
Sample 10,Moirai,0.5052512288093567
Sample 10,Time-MoE,0.4947487711906433
Sample 11,Moirai,0.5033724308013916
Sample 11,Timer,0.4966275990009308
Sample 12,Moirai,0.5016442537307739
Sample 12,Chronos,0.4983557164669037
Sample 13,Moirai,0.5035340189933777
Sample 13,Timer,0.4964659512042999
Sample 14,Moirai,0.5034947991371155
Sample 14,Timer,0.4965052306652069
Sample 15,Chronos,0.5014475584030151
Sample 15,TimesFM,0.4985524117946625
Sample 16,Moirai,0.5015499591827393
Sample 16,Time-MoE,0.49845004081726074
Sample 17,Moirai,0.5037277936935425
Sample 17,Timer,0.4962722063064575
Sample 18,Moirai,0.5008038878440857
Sample 18,Chronos,0.4991961121559143
Sample 19,Moirai,0.502427875995636
Sample 19,Timer,0.4975720942020416
Sample 20,Moirai,0.5017974376678467
Sample 20,Time-MoE,0.49820253252983093
Sample 21,Moirai,0.5022298097610474
Sample 21,Timer,0.497770220041275
Sample 22,Chronos,0.500782310962677
Sample 22,Moirai,0.499217689037323
Sample 23,Chronos,0.500490128993988
Sample 23,Moirai,0.49950990080833435
Sample 24,Time-MoE,0.5000225901603699
Sample 24,Moirai,0.49997738003730774
Sample 25,Moirai,0.5031691789627075
Sample 25,Timer,0.4968308210372925
Sample 26,Moirai,0.5042986273765564
Sample 26,Chronos,0.4957013726234436
Sample 27,Moirai,0.5034472346305847
Sample 27,Chronos,0.49655279517173767
Sample 28,Chronos,0.5021549463272095
Sample 28,Time-MoE,0.4978450536727905
Sample 29,Moirai,0.5043044090270996
Sample 29,Timer,0.495695561170578
Sample 30,Moirai,0.5046408176422119
Sample 30,Timer,0.4953592121601105
Sample 31,Chronos,0.5001631379127502
Sample 31,Moirai,0.49983683228492737
Sample 0,Moirai,0.5001232624053955
Sample 0,Time-MoE,0.4998767673969269
Sample 1,Moirai,0.5045098066329956
Sample 1,Timer,0.4954901933670044
Sample 2,Chronos,0.5011531710624695
Sample 2,TimesFM,0.4988468289375305
Sample 3,Moirai,0.5021839737892151
Sample 3,Timer,0.49781596660614014
Sample 4,Chronos,0.5016400814056396
Sample 4,Time-MoE,0.49835988879203796
Sample 5,Moirai,0.5043033957481384
Sample 5,Timer,0.4956966042518616
Sample 6,Moirai,0.5014497637748718
Sample 6,Chronos,0.4985502362251282
Sample 7,Chronos,0.5006157159805298
Sample 7,Time-MoE,0.4993842840194702
Sample 8,Moirai,0.5051918625831604
Sample 8,Time-MoE,0.494808167219162
Sample 9,Moirai,0.5040792226791382
Sample 9,Timer,0.49592074751853943
Sample 10,Moirai,0.5020377039909363
Sample 10,Chronos,0.4979622960090637
Sample 11,Chronos,0.5011008381843567
Sample 11,TimesFM,0.4988991618156433
Sample 12,Chronos,0.5005728602409363
Sample 12,TimesFM,0.4994271695613861
Sample 13,Moirai,0.5039950609207153
Sample 13,Timer,0.4960048794746399
Sample 14,Moirai,0.5018490552902222
Sample 14,Chronos,0.49815094470977783
Sample 15,Moirai,0.5001990795135498
Sample 15,Chronos,0.4998009204864502
Sample 16,Moirai,0.5017197132110596
Sample 16,Time-MoE,0.49828025698661804
Sample 17,Moirai,0.5043747425079346
Sample 17,Timer,0.49562525749206543
Sample 18,Moirai,0.5003715753555298
Sample 18,Chronos,0.4996284544467926
Sample 19,Moirai,0.5027849078178406
Sample 19,Timer,0.49721506237983704
Sample 20,Moirai,0.5054998993873596
Sample 20,Chronos,0.494500070810318
Sample 21,Moirai,0.5041796565055847
Sample 21,Timer,0.4958203136920929
Sample 22,Moirai,0.5009193420410156
Sample 22,Chronos,0.4990805983543396
Sample 23,Chronos,0.5021635890007019
Sample 23,TimesFM,0.4978364109992981
Sample 24,Moirai,0.5061213374137878
Sample 24,Time-MoE,0.49387866258621216
Sample 25,Moirai,0.5025447607040405
Sample 25,Timer,0.49745526909828186
Sample 26,Moirai,0.503887951374054
Sample 26,TimesFM,0.49611204862594604
Sample 27,Moirai,0.5025613307952881
Sample 27,Timer,0.4974386990070343
Sample 28,Chronos,0.5019813179969788
Sample 28,TimesFM,0.49801865220069885
Sample 29,Moirai,0.5038382411003113
Sample 29,Timer,0.4961617588996887
Sample 30,Moirai,0.5032079219818115
Sample 30,Timer,0.49679210782051086
Sample 31,Chronos,0.5010612607002258
Sample 31,Time-MoE,0.49893879890441895
Sample 0,Moirai,0.5020382404327393
Sample 0,Time-MoE,0.49796178936958313
Sample 1,Moirai,0.503919243812561
Sample 1,Timer,0.4960807263851166
Sample 2,Moirai,0.5041950941085815
Sample 2,Time-MoE,0.49580493569374084
Sample 3,Moirai,0.5024340152740479
Sample 3,Timer,0.49756595492362976
Sample 4,Chronos,0.5017415285110474
Sample 4,Moirai,0.49825844168663025
Sample 5,Moirai,0.5043015480041504
Sample 5,Timer,0.495698481798172
Sample 6,Chronos,0.5011105537414551
Sample 6,TimesFM,0.49888941645622253
Sample 7,Moirai,0.5002807974815369
Sample 7,Chronos,0.49971920251846313
Sample 8,Moirai,0.5002448558807373
Sample 8,Time-MoE,0.4997551441192627
Sample 9,Moirai,0.5029832720756531
Sample 9,Timer,0.49701669812202454
Sample 10,Moirai,0.5019551515579224
Sample 10,Timer,0.49804481863975525
Sample 11,Chronos,0.5007422566413879
Sample 11,Moirai,0.4992576837539673
Sample 12,Chronos,0.5028406381607056
Sample 12,TimesFM,0.49715933203697205
Sample 13,Moirai,0.5038718581199646
Sample 13,Timer,0.4961281716823578
Sample 14,Moirai,0.5039002299308777
Sample 14,Timer,0.4960997402667999
Sample 15,Chronos,0.5015360713005066
Sample 15,Time-MoE,0.498463898897171
Sample 16,Moirai,0.5067549347877502
Sample 16,Time-MoE,0.49324506521224976
Sample 17,Moirai,0.5021731853485107
Sample 17,Timer,0.49782678484916687
Sample 18,Chronos,0.5014796853065491
Sample 18,TimesFM,0.49852025508880615
Sample 19,Moirai,0.5039359927177429
Sample 19,Chronos,0.4960639774799347
Sample 20,Chronos,0.5026274919509888
Sample 20,TimesFM,0.49737250804901123
Sample 21,Moirai,0.5043807029724121
Sample 21,Timer,0.4956192672252655
Sample 22,Moirai,0.5028480887413025
Sample 22,Chronos,0.4971519112586975
Sample 23,Chronos,0.5012446641921997
Sample 23,TimesFM,0.4987553060054779
Sample 24,Moirai,0.5000044703483582
Sample 24,Chronos,0.49999552965164185
Sample 25,Moirai,0.5028877258300781
Sample 25,Timer,0.4971122741699219
Sample 26,Moirai,0.5031905770301819
Sample 26,Time-MoE,0.4968094229698181
Sample 27,Moirai,0.5019077062606812
Sample 27,Timer,0.49809229373931885
Sample 28,Chronos,0.5021605491638184
Sample 28,Time-MoE,0.49783942103385925
Sample 29,Moirai,0.5031915307044983
Sample 29,Timer,0.4968084692955017
Sample 30,Moirai,0.5031798481941223
Sample 30,Timer,0.4968201816082001
Sample 31,Chronos,0.5016406774520874
Sample 31,TimesFM,0.4983593225479126
Sample 0,Moirai,0.5006853938102722
Sample 0,Time-MoE,0.4993146061897278
Sample 1,Moirai,0.5035675168037415
Sample 1,Timer,0.49643245339393616
Sample 2,Moirai,0.5027185678482056
Sample 2,Time-MoE,0.4972814917564392
Sample 3,Moirai,0.5030027627944946
Sample 3,Timer,0.49699723720550537
Sample 4,Moirai,0.5016414523124695
Sample 4,Chronos,0.4983585774898529
Sample 5,Chronos,0.5016041398048401
Sample 5,TimesFM,0.4983958303928375
Sample 6,Chronos,0.500004768371582
Sample 6,Time-MoE,0.49999526143074036
Sample 7,Chronos,0.5009528398513794
Sample 7,Moirai,0.4990471601486206
Sample 8,Moirai,0.5012964010238647
Sample 8,Time-MoE,0.4987035393714905
Sample 9,Moirai,0.5037976503372192
Sample 9,Timer,0.4962023198604584
Sample 10,Chronos,0.5006190538406372
Sample 10,TimesFM,0.4993809163570404
Sample 11,Moirai,0.5023161768913269
Sample 11,Timer,0.4976838231086731
Sample 12,Chronos,0.5021458864212036
Sample 12,TimesFM,0.497854083776474
Sample 13,Moirai,0.5032578706741333
Sample 13,Timer,0.4967421293258667
Sample 14,Moirai,0.5028792023658752
Sample 14,Timer,0.49712082743644714
Sample 15,Chronos,0.5017441511154175
Sample 15,TimesFM,0.4982559084892273
Sample 16,Moirai,0.5018072128295898
Sample 16,Time-MoE,0.49819278717041016
Sample 17,Moirai,0.501664400100708
Sample 17,Chronos,0.4983356297016144
Sample 18,Moirai,0.5000020861625671
Sample 18,Chronos,0.4999978840351105
Sample 19,Moirai,0.5020198822021484
Sample 19,Timer,0.49798011779785156
Sample 20,Chronos,0.5018247961997986
Sample 20,TimesFM,0.4981752038002014
Sample 21,Moirai,0.5041587352752686
Sample 21,Timer,0.49584126472473145
Sample 22,Moirai,0.5041103959083557
Sample 22,Chronos,0.4958896040916443
Sample 23,Chronos,0.500855028629303
Sample 23,TimesFM,0.49914494156837463
Sample 24,Chronos,0.5003477931022644
Sample 24,Moirai,0.499652236700058
Sample 25,Moirai,0.5030756592750549
Sample 25,Timer,0.4969242811203003
Sample 26,Chronos,0.5004192590713501
Sample 26,Moirai,0.4995807409286499
Sample 27,Moirai,0.5028218626976013
Sample 27,Timer,0.4971781373023987
Sample 28,Chronos,0.5017012357711792
Sample 28,Time-MoE,0.4982987344264984
Sample 29,Moirai,0.5028622150421143
Sample 29,Timer,0.49713778495788574
Sample 30,Moirai,0.5047708749771118
Sample 30,Timer,0.4952291250228882
Sample 31,Chronos,0.5011788010597229
Sample 31,Time-MoE,0.4988211989402771
Sample 0,Moirai,0.501213788986206
Sample 0,Time-MoE,0.49878618121147156
Sample 1,Moirai,0.5040888786315918
Sample 1,Timer,0.4959110617637634
Sample 2,Moirai,0.5028344392776489
Sample 2,Timer,0.49716559052467346
Sample 3,Moirai,0.50298011302948
Sample 3,Timer,0.4970199167728424
Sample 4,Moirai,0.5042422413825989
Sample 4,Chronos,0.4957577586174011
Sample 5,Moirai,0.5037229061126709
Sample 5,Timer,0.4962771236896515
Sample 6,Moirai,0.505729079246521
Sample 6,Timer,0.4942708909511566
Sample 7,Chronos,0.5007087588310242
Sample 7,Time-MoE,0.49929124116897583
Sample 8,Moirai,0.505077064037323
Sample 8,Time-MoE,0.4949229657649994
Sample 9,Moirai,0.503879725933075
Sample 9,Timer,0.49612030386924744
Sample 10,Moirai,0.5025951862335205
Sample 10,Chronos,0.4974047839641571
Sample 11,Moirai,0.503467857837677
Sample 11,Chronos,0.4965321719646454
Sample 12,Moirai,0.5016908645629883
Sample 12,Chronos,0.4983091652393341
Sample 13,Moirai,0.5044189095497131
Sample 13,Timer,0.4955810308456421
Sample 14,Moirai,0.5022786855697632
Sample 14,Chronos,0.4977213144302368
Sample 15,Chronos,0.5004825592041016
Sample 15,Moirai,0.49951741099357605
Sample 16,Moirai,0.5034794807434082
Sample 16,Time-MoE,0.4965205192565918
Sample 17,Moirai,0.5033353567123413
Sample 17,Timer,0.4966646134853363
Sample 18,Moirai,0.5034565329551697
Sample 18,Chronos,0.4965434670448303
Sample 19,Moirai,0.5018024444580078
Sample 19,Chronos,0.4981975555419922
Sample 20,Chronos,0.5027477145195007
Sample 20,TimesFM,0.49725228548049927
Sample 21,Moirai,0.5041923522949219
Sample 21,Timer,0.49580761790275574
Sample 22,Moirai,0.5049085021018982
Sample 22,Timer,0.4950914978981018
Sample 23,Chronos,0.5010819435119629
Sample 23,TimesFM,0.4989180266857147
Sample 24,Moirai,0.5016953349113464
Sample 24,Time-MoE,0.49830469489097595
Sample 25,Moirai,0.5035275816917419
Sample 25,Timer,0.49647247791290283
Sample 26,Moirai,0.5024904608726501
Sample 26,TimesFM,0.49750956892967224
Sample 27,Moirai,0.5024925470352173
Sample 27,Timer,0.4975074231624603
Sample 28,Chronos,0.5020831823348999
Sample 28,Moirai,0.4979167878627777
Sample 29,Moirai,0.5033404231071472
Sample 29,Chronos,0.4966595470905304
Sample 30,Moirai,0.5061789155006409
Sample 30,Chronos,0.49382105469703674
Sample 31,Chronos,0.5004943013191223
Sample 31,Moirai,0.4995056688785553
Sample 0,Chronos,0.5002169013023376
Sample 0,Time-MoE,0.49978309869766235
Sample 1,Moirai,0.5038601160049438
Sample 1,Timer,0.49613988399505615
Sample 2,Moirai,0.5001591444015503
Sample 2,TimesFM,0.4998408854007721
Sample 3,Moirai,0.5037519931793213
Sample 3,Timer,0.4962479770183563
Sample 4,Chronos,0.5020081400871277
Sample 4,TimesFM,0.4979918599128723
Sample 5,Moirai,0.5044023990631104
Sample 5,Timer,0.49559760093688965
Sample 6,Moirai,0.5031927227973938
Sample 6,Chronos,0.4968072772026062
Sample 7,Chronos,0.5013005137443542
Sample 7,Moirai,0.4986995458602905
Sample 8,Moirai,0.5023893713951111
Sample 8,Chronos,0.4976106882095337
Sample 9,Moirai,0.50421142578125
Sample 9,Timer,0.4957886040210724
Sample 10,Moirai,0.5028767585754395
Sample 10,TimesFM,0.49712327122688293
Sample 11,Moirai,0.50284343957901
Sample 11,Chronos,0.4971565306186676
Sample 12,Chronos,0.5000659227371216
Sample 12,TimesFM,0.4999341070652008
Sample 13,Chronos,0.5011383891105652
Sample 13,TimesFM,0.4988616108894348
Sample 14,Chronos,0.5016021132469177
Sample 14,TimesFM,0.4983978569507599
Sample 15,Chronos,0.5004472732543945
Sample 15,Time-MoE,0.49955272674560547
Sample 16,Moirai,0.5000845193862915
Sample 16,Chronos,0.4999154806137085
Sample 17,Moirai,0.5044407844543457
Sample 17,Timer,0.4955591857433319
Sample 18,Chronos,0.5011662840843201
Sample 18,TimesFM,0.4988337755203247
Sample 19,Moirai,0.5035015344619751
Sample 19,Timer,0.4964984655380249
Sample 20,Moirai,0.5034105777740479
Sample 20,Timer,0.4965894818305969
Sample 21,Moirai,0.5043964385986328
Sample 21,Timer,0.4956035614013672
Sample 22,Moirai,0.5022143125534058
Sample 22,Chronos,0.49778565764427185
Sample 23,Chronos,0.501351535320282
Sample 23,Time-MoE,0.498648464679718
Sample 24,Moirai,0.5046550035476685
Sample 24,Time-MoE,0.49534493684768677
Sample 25,Moirai,0.5038799047470093
Sample 25,Timer,0.4961201250553131
Sample 26,Moirai,0.5010892152786255
Sample 26,TimesFM,0.4989108145236969
Sample 27,Moirai,0.5045068264007568
Sample 27,Timer,0.4954931139945984
Sample 28,Moirai,0.5022658109664917
Sample 28,Chronos,0.4977341890335083
Sample 29,Moirai,0.5028700232505798
Sample 29,Timer,0.4971299469470978
Sample 30,Moirai,0.5039156079292297
Sample 30,Chronos,0.4960843622684479
Sample 31,Chronos,0.5016556978225708
Sample 31,TimesFM,0.4983443021774292
Sample 0,Moirai,0.5071362257003784
Sample 0,Timer,0.49286383390426636
Sample 1,Moirai,0.5034988522529602
Sample 1,Timer,0.4965011477470398
Sample 2,Moirai,0.5033405423164368
Sample 2,Chronos,0.49665942788124084
Sample 3,Moirai,0.5031145215034485
Sample 3,Timer,0.4968854784965515
Sample 4,Chronos,0.5008057355880737
Sample 4,TimesFM,0.49919429421424866
Sample 5,Moirai,0.5057174563407898
Sample 5,Timer,0.4942825138568878
Sample 6,Moirai,0.5020656585693359
Sample 6,Chronos,0.49793440103530884
Sample 7,Chronos,0.5009554028511047
Sample 7,TimesFM,0.49904462695121765
Sample 8,Moirai,0.5021342635154724
Sample 8,Chronos,0.49786576628685
Sample 9,Moirai,0.504300057888031
Sample 9,Timer,0.4956999719142914
Sample 10,Moirai,0.5022446513175964
Sample 10,TimesFM,0.49775534868240356
Sample 11,Moirai,0.5026836395263672
Sample 11,Timer,0.49731630086898804
Sample 12,Moirai,0.5034261345863342
Sample 12,Chronos,0.49657389521598816
Sample 13,Moirai,0.5049330592155457
Sample 13,Timer,0.49506694078445435
Sample 14,Moirai,0.5045557618141174
Sample 14,Timer,0.4954442083835602
Sample 15,Chronos,0.5014052987098694
Sample 15,Time-MoE,0.4985946714878082
Sample 0,Moirai,0.5015113353729248
Sample 0,Time-MoE,0.4984886646270752
Sample 1,Moirai,0.5034778714179993
Sample 1,Timer,0.4965221583843231
Sample 2,Chronos,0.5024412274360657
Sample 2,TimesFM,0.4975587725639343
Sample 3,Moirai,0.5035915970802307
Sample 3,Timer,0.49640846252441406
Sample 4,Moirai,0.5049028992652893
Sample 4,Chronos,0.4950971305370331
Sample 5,Moirai,0.5044510364532471
Sample 5,Timer,0.49554893374443054
Sample 6,Moirai,0.502400279045105
Sample 6,Chronos,0.497599720954895
Sample 7,Chronos,0.5017600655555725
Sample 7,TimesFM,0.49823999404907227
Sample 8,Moirai,0.5031821727752686
Sample 8,Time-MoE,0.49681782722473145
Sample 9,Moirai,0.5035505294799805
Sample 9,Timer,0.49644944071769714
Sample 10,Moirai,0.5061674118041992
Sample 10,Chronos,0.49383264780044556
Sample 11,Moirai,0.5042215585708618
Sample 11,Timer,0.4957784116268158
Sample 12,Moirai,0.5012004375457764
Sample 12,Chronos,0.498799592256546
Sample 13,Moirai,0.504485547542572
Sample 13,Timer,0.4955144226551056
Sample 14,Moirai,0.5043526887893677
Sample 14,TimesFM,0.49564728140830994
Sample 15,Chronos,0.5019386410713196
Sample 15,TimesFM,0.4980613589286804
Sample 16,Moirai,0.5019500255584717
Sample 16,Time-MoE,0.4980499744415283
Sample 17,Moirai,0.5047404170036316
Sample 17,Timer,0.495259553194046
Sample 18,Moirai,0.5007281303405762
Sample 18,Chronos,0.4992718994617462
Sample 19,Moirai,0.5029737949371338
Sample 19,Timer,0.4970262050628662
Sample 20,Moirai,0.5020978450775146
Sample 20,Chronos,0.49790218472480774
Sample 21,Moirai,0.5026893615722656
Sample 21,TimesFM,0.4973106384277344
Sample 22,Chronos,0.5008702278137207
Sample 22,Moirai,0.4991297125816345
Sample 23,Chronos,0.500908613204956
Sample 23,Time-MoE,0.49909138679504395
Sample 24,Chronos,0.5003455877304077
Sample 24,Time-MoE,0.4996544122695923
Sample 25,Moirai,0.5038544535636902
Sample 25,Timer,0.4961455464363098
Sample 26,Moirai,0.5048727989196777
Sample 26,Chronos,0.49512723088264465
Sample 27,Moirai,0.5038813352584839
Sample 27,Chronos,0.4961186647415161
Sample 28,Chronos,0.5029743909835815
Sample 28,Time-MoE,0.49702563881874084
Sample 29,Moirai,0.5054400563240051
Sample 29,TimesFM,0.4945599138736725
Sample 30,Moirai,0.5057366490364075
Sample 30,TimesFM,0.4942633807659149
Sample 31,Chronos,0.5010618567466736
Sample 31,Moirai,0.49893811345100403
Sample 0,Chronos,0.5006073713302612
Sample 0,Time-MoE,0.49939262866973877
Sample 1,Moirai,0.5057472586631775
Sample 1,Timer,0.4942527413368225
Sample 2,Chronos,0.5013550519943237
Sample 2,TimesFM,0.4986449182033539
Sample 3,Moirai,0.5027576684951782
Sample 3,Timer,0.4972423017024994
Sample 4,Chronos,0.502230703830719
Sample 4,TimesFM,0.4977692663669586
Sample 5,Moirai,0.5055127739906311
Sample 5,Timer,0.4944872558116913
Sample 6,Moirai,0.5017383098602295
Sample 6,Chronos,0.4982616603374481
Sample 7,Chronos,0.5012867450714111
Sample 7,Time-MoE,0.4987131953239441
Sample 8,Moirai,0.5066011548042297
Sample 8,TimesFM,0.49339887499809265
Sample 9,Moirai,0.5051686763763428
Sample 9,Timer,0.49483126401901245
Sample 10,Moirai,0.5025103688240051
Sample 10,Chronos,0.4974896311759949
Sample 11,Chronos,0.5014069676399231
Sample 11,TimesFM,0.4985930621623993
Sample 12,Chronos,0.5006754398345947
Sample 12,TimesFM,0.4993245601654053
Sample 13,Moirai,0.5051160454750061
Sample 13,Timer,0.4948839545249939
Sample 14,Moirai,0.5022955536842346
Sample 14,Chronos,0.49770447611808777
Sample 15,Chronos,0.5003607273101807
Sample 15,Moirai,0.49963924288749695
Sample 16,Moirai,0.5022444725036621
Sample 16,Time-MoE,0.4977555274963379
Sample 17,Moirai,0.5055364966392517
Sample 17,Timer,0.4944634735584259
Sample 18,Moirai,0.5000039339065552
Sample 18,Chronos,0.4999960958957672
Sample 19,Moirai,0.5035199522972107
Sample 19,Timer,0.4964800179004669
Sample 20,Moirai,0.5067585110664368
Sample 20,Chronos,0.49324142932891846
Sample 21,Moirai,0.5053919553756714
Sample 21,Timer,0.4946080446243286
Sample 22,Moirai,0.5009929537773132
Sample 22,Chronos,0.4990070164203644
Sample 23,Chronos,0.5027877688407898
Sample 23,TimesFM,0.4972122311592102
Sample 24,Moirai,0.5076367259025574
Sample 24,TimesFM,0.49236324429512024
Sample 25,Moirai,0.5031519532203674
Sample 25,Timer,0.4968480169773102
Sample 26,Moirai,0.5044451355934143
Sample 26,TimesFM,0.4955548644065857
Sample 27,Moirai,0.5032247304916382
Sample 27,Timer,0.4967752993106842
Sample 28,Chronos,0.5024701952934265
Sample 28,TimesFM,0.49752986431121826
Sample 29,Moirai,0.5048798322677612
Sample 29,Timer,0.49512016773223877
Sample 30,Moirai,0.5041030645370483
Sample 30,Timer,0.4958969056606293
Sample 31,Chronos,0.5016429424285889
Sample 31,TimesFM,0.49835705757141113
Sample 0,Moirai,0.5020782351493835
Sample 0,Chronos,0.49792176485061646
Sample 1,Moirai,0.5050708651542664
Sample 1,Timer,0.49492916464805603
Sample 2,Moirai,0.5048184990882874
Sample 2,TimesFM,0.49518150091171265
Sample 3,Moirai,0.5031274557113647
Sample 3,TimesFM,0.49687254428863525
Sample 4,Chronos,0.5026427507400513
Sample 4,TimesFM,0.4973572790622711
Sample 5,Moirai,0.505481481552124
Sample 5,Timer,0.494518518447876
Sample 6,Chronos,0.5014163255691528
Sample 6,TimesFM,0.49858367443084717
Sample 7,Chronos,0.5004326105117798
Sample 7,Moirai,0.4995673894882202
Sample 8,Chronos,0.5001757144927979
Sample 8,Time-MoE,0.49982431530952454
Sample 9,Moirai,0.50388103723526
Sample 9,Timer,0.49611896276474
Sample 10,Moirai,0.5023366808891296
Sample 10,Timer,0.49766331911087036
Sample 11,Chronos,0.5007465481758118
Sample 11,Moirai,0.49925345182418823
Sample 12,Chronos,0.5035544037818909
Sample 12,TimesFM,0.49644559621810913
Sample 13,Moirai,0.5049804449081421
Sample 13,Timer,0.4950195550918579
Sample 14,Moirai,0.5048965811729431
Sample 14,TimesFM,0.4951034188270569
Sample 15,Chronos,0.5021322965621948
Sample 15,TimesFM,0.49786773324012756
Sample 16,Moirai,0.5080671310424805
Sample 16,TimesFM,0.4919328987598419
Sample 17,Moirai,0.5027333498001099
Sample 17,Timer,0.49726662039756775
Sample 18,Chronos,0.5016780495643616
Sample 18,Time-MoE,0.4983219802379608
Sample 19,Moirai,0.5044662356376648
Sample 19,Chronos,0.4955337345600128
Sample 20,Chronos,0.5031536817550659
Sample 20,TimesFM,0.49684634804725647
Sample 21,Moirai,0.5054433941841125
Sample 21,TimesFM,0.49455660581588745
Sample 22,Moirai,0.5035169124603271
Sample 22,Chronos,0.49648311734199524
Sample 23,Chronos,0.5016895532608032
Sample 23,TimesFM,0.4983104169368744
Sample 24,Chronos,0.5006089806556702
Sample 24,Time-MoE,0.49939098954200745
Sample 25,Moirai,0.503641664981842
Sample 25,Timer,0.49635830521583557
Sample 26,Moirai,0.5035717487335205
Sample 26,Time-MoE,0.4964282214641571
Sample 27,Moirai,0.5023382902145386
Sample 27,Timer,0.4976617693901062
Sample 28,Chronos,0.5027440786361694
Sample 28,TimesFM,0.49725592136383057
Sample 29,Moirai,0.5038260817527771
Sample 29,TimesFM,0.4961738586425781
Sample 30,Moirai,0.5041660666465759
Sample 30,Timer,0.49583396315574646
Sample 31,Chronos,0.5020948648452759
Sample 31,TimesFM,0.4979051947593689
Sample 0,Moirai,0.5003396272659302
Sample 0,Time-MoE,0.4996603727340698
Sample 1,Moirai,0.5047058463096619
Sample 1,Timer,0.4952941834926605
Sample 2,Moirai,0.5027799010276794
Sample 2,Chronos,0.49722006916999817
Sample 3,Moirai,0.5039651989936829
Sample 3,Timer,0.49603480100631714
Sample 4,Moirai,0.5018079876899719
Sample 4,Chronos,0.4981920123100281
Sample 5,Chronos,0.5019686818122864
Sample 5,TimesFM,0.4980313777923584
Sample 6,Chronos,0.5000516772270203
Sample 6,Time-MoE,0.49994832277297974
Sample 7,Chronos,0.5017615556716919
Sample 7,Moirai,0.4982384145259857
Sample 8,Moirai,0.5010724067687988
Sample 8,Time-MoE,0.49892759323120117
Sample 9,Moirai,0.5049669742584229
Sample 9,Timer,0.4950330853462219
Sample 10,Chronos,0.5007578730583191
Sample 10,TimesFM,0.4992421269416809
Sample 11,Moirai,0.5030959248542786
Sample 11,TimesFM,0.4969041049480438
Sample 12,Chronos,0.5026952028274536
Sample 12,TimesFM,0.4973047971725464
Sample 13,Moirai,0.5042329430580139
Sample 13,Timer,0.4957670271396637
Sample 14,Moirai,0.5037104487419128
Sample 14,Timer,0.49628955125808716
Sample 15,Chronos,0.5022369623184204
Sample 15,TimesFM,0.497763067483902
Sample 16,Moirai,0.5017211437225342
Sample 16,Time-MoE,0.49827882647514343
Sample 17,Moirai,0.5019591450691223
Sample 17,Chronos,0.4980408251285553
Sample 18,Chronos,0.5002295970916748
Sample 18,Moirai,0.4997704029083252
Sample 19,Moirai,0.5024922490119934
Sample 19,Timer,0.4975077509880066
Sample 20,Chronos,0.5023965239524841
Sample 20,TimesFM,0.4976034462451935
Sample 21,Moirai,0.5054190158843994
Sample 21,Timer,0.4945809543132782
Sample 22,Moirai,0.5048841834068298
Sample 22,Chronos,0.49511581659317017
Sample 23,Chronos,0.5011513829231262
Sample 23,TimesFM,0.498848557472229
Sample 24,Chronos,0.5008565187454224
Sample 24,Time-MoE,0.4991435110569
Sample 25,Moirai,0.5040835738182068
Sample 25,Timer,0.4959164559841156
Sample 26,Chronos,0.5009651780128479
Sample 26,Moirai,0.4990347921848297
Sample 27,Moirai,0.503695011138916
Sample 27,Timer,0.49630501866340637
Sample 28,Chronos,0.5021385550498962
Sample 28,Time-MoE,0.49786141514778137
Sample 29,Moirai,0.5037358403205872
Sample 29,TimesFM,0.49626415967941284
Sample 30,Moirai,0.5061784386634827
Sample 30,TimesFM,0.49382156133651733
Sample 31,Chronos,0.5015928149223328
Sample 31,Time-MoE,0.49840718507766724
Sample 0,Moirai,0.50099116563797
Sample 0,Time-MoE,0.49900880455970764
Sample 1,Moirai,0.5054006576538086
Sample 1,Timer,0.4945993423461914
Sample 2,Moirai,0.5034448504447937
Sample 2,Timer,0.4965551495552063
Sample 3,Moirai,0.5039475560188293
Sample 3,Timer,0.49605241417884827
Sample 4,Moirai,0.5045990943908691
Sample 4,Chronos,0.49540087580680847
Sample 5,Moirai,0.5048962831497192
Sample 5,Timer,0.49510371685028076
Sample 6,Moirai,0.5072665810585022
Sample 6,TimesFM,0.4927334189414978
Sample 7,Chronos,0.5009182691574097
Sample 7,Time-MoE,0.49908170104026794
Sample 8,Moirai,0.5059601068496704
Sample 8,Time-MoE,0.4940398633480072
Sample 9,Moirai,0.5050750374794006
Sample 9,Timer,0.49492499232292175
Sample 10,Moirai,0.5029961466789246
Sample 10,Chronos,0.49700382351875305
Sample 11,Moirai,0.503771960735321
Sample 11,Chronos,0.49622803926467896
Sample 12,Moirai,0.5017746686935425
Sample 12,Chronos,0.49822530150413513
Sample 13,Moirai,0.5054646134376526
Sample 13,TimesFM,0.4945354163646698
Sample 14,Moirai,0.5029189586639404
Sample 14,Chronos,0.49708107113838196
Sample 15,Chronos,0.5007565021514893
Sample 15,Moirai,0.49924349784851074
Sample 16,Moirai,0.5038707256317139
Sample 16,Time-MoE,0.4961293041706085
Sample 17,Moirai,0.5044644474983215
Sample 17,Timer,0.4955355226993561
Sample 18,Moirai,0.5045062899589539
Sample 18,Chronos,0.49549368023872375
Sample 19,Moirai,0.5023477077484131
Sample 19,Timer,0.4976523220539093
Sample 20,Chronos,0.5034688115119934
Sample 20,TimesFM,0.4965311884880066
Sample 21,Moirai,0.5055771470069885
Sample 21,Timer,0.4944228231906891
Sample 22,Moirai,0.5064305067062378
Sample 22,Timer,0.4935694634914398
Sample 23,Chronos,0.5014255046844482
Sample 23,TimesFM,0.49857449531555176
Sample 24,Moirai,0.5014851093292236
Sample 24,Time-MoE,0.498514860868454
Sample 25,Moirai,0.5045098662376404
Sample 25,Timer,0.49549010396003723
Sample 26,Moirai,0.5028619170188904
Sample 26,TimesFM,0.4971380829811096
Sample 27,Moirai,0.5033122301101685
Sample 27,Timer,0.49668776988983154
Sample 28,Chronos,0.5023584961891174
Sample 28,Time-MoE,0.4976414740085602
Sample 29,Moirai,0.5041541457176208
Sample 29,Chronos,0.49584585428237915
Sample 30,Moirai,0.5077523589134216
Sample 30,Chronos,0.492247611284256
Sample 31,Chronos,0.5008822679519653
Sample 31,TimesFM,0.4991177022457123
Sample 0,Chronos,0.5001674294471741
Sample 0,Time-MoE,0.4998325705528259
Sample 1,Moirai,0.505000114440918
Sample 1,Timer,0.4949999451637268
Sample 2,Moirai,0.5004124045372009
Sample 2,Chronos,0.4995875954627991
Sample 3,Moirai,0.5049304962158203
Sample 3,Timer,0.4950695037841797
Sample 4,Chronos,0.5023974180221558
Sample 4,Time-MoE,0.4976026117801666
Sample 5,Moirai,0.505751371383667
Sample 5,Timer,0.494248628616333
Sample 6,Moirai,0.5042012929916382
Sample 6,Time-MoE,0.4957987070083618
Sample 7,Chronos,0.5016600489616394
Sample 7,TimesFM,0.4983399510383606
Sample 8,Moirai,0.50239098072052
Sample 8,Chronos,0.4976089894771576
Sample 9,Moirai,0.5055079460144043
Sample 9,Timer,0.4944920837879181
Sample 10,Moirai,0.5035577416419983
Sample 10,TimesFM,0.4964422583580017
Sample 11,Moirai,0.503702700138092
Sample 11,Chronos,0.49629735946655273
Sample 12,Chronos,0.5003112554550171
Sample 12,TimesFM,0.4996887743473053
Sample 13,Chronos,0.5012847185134888
Sample 13,TimesFM,0.49871528148651123
Sample 14,Chronos,0.5018935799598694
Sample 14,TimesFM,0.4981064200401306
Sample 15,Chronos,0.5004309415817261
Sample 15,Time-MoE,0.4995690882205963
Sample 16,Chronos,0.5001687407493591
Sample 16,Time-MoE,0.4998312294483185
Sample 17,Moirai,0.5058107376098633
Sample 17,Timer,0.4941892623901367
Sample 18,Chronos,0.5013404488563538
Sample 18,Time-MoE,0.49865952134132385
Sample 19,Moirai,0.504606306552887
Sample 19,Timer,0.49539369344711304
Sample 20,Moirai,0.5045173764228821
Sample 20,Timer,0.4954826831817627
Sample 21,Moirai,0.5056800246238708
Sample 21,Timer,0.4943199157714844
Sample 22,Moirai,0.5028694272041321
Sample 22,Chronos,0.4971306324005127
Sample 23,Chronos,0.5016336441040039
Sample 23,Time-MoE,0.4983663260936737
Sample 24,Moirai,0.5051703453063965
Sample 24,Time-MoE,0.4948296844959259
Sample 25,Moirai,0.5051202774047852
Sample 25,Timer,0.49487969279289246
Sample 26,Moirai,0.5013611316680908
Sample 26,TimesFM,0.4986388683319092
Sample 27,Moirai,0.5058960914611816
Sample 27,Timer,0.49410393834114075
Sample 28,Moirai,0.503303587436676
Sample 28,Chronos,0.49669644236564636
Sample 29,Moirai,0.5036382079124451
Sample 29,Timer,0.4963618218898773
Sample 30,Moirai,0.5046449899673462
Sample 30,Chronos,0.4953550100326538
Sample 31,Chronos,0.502013623714447
Sample 31,TimesFM,0.497986376285553
Sample 0,Moirai,0.5089432597160339
Sample 0,Time-MoE,0.49105679988861084
Sample 1,Moirai,0.504523515701294
Sample 1,Timer,0.49547648429870605
Sample 2,Moirai,0.5038327574729919
Sample 2,Time-MoE,0.49616721272468567
Sample 3,Moirai,0.5039845705032349
Sample 3,Timer,0.4960154592990875
Sample 4,Chronos,0.5007806420326233
Sample 4,Moirai,0.4992193579673767
Sample 5,Moirai,0.5072234869003296
Sample 5,Timer,0.492776483297348
Sample 6,Moirai,0.5028641819953918
Sample 6,Chronos,0.49713581800460815
Sample 7,Chronos,0.5011434555053711
Sample 7,TimesFM,0.4988565146923065
Sample 8,Moirai,0.5019658207893372
Sample 8,Time-MoE,0.49803417921066284
Sample 9,Moirai,0.5055081844329834
Sample 9,Timer,0.494491845369339
Sample 10,Moirai,0.5026988387107849
Sample 10,TimesFM,0.4973011314868927
Sample 11,Moirai,0.5034827589988708
Sample 11,Timer,0.49651724100112915
Sample 12,Moirai,0.5039076805114746
Sample 12,Chronos,0.4960922598838806
Sample 13,Moirai,0.5063065886497498
Sample 13,Timer,0.49369338154792786
Sample 14,Moirai,0.5058912634849548
Sample 14,Timer,0.4941087067127228
Sample 15,Chronos,0.5015809535980225
Sample 15,Time-MoE,0.4984190762042999
Sample 0,Moirai,0.5011577010154724
Sample 0,Time-MoE,0.4988422691822052
Sample 1,Moirai,0.5043444037437439
Sample 1,Timer,0.4956555664539337
Sample 2,Chronos,0.503071129322052
Sample 2,TimesFM,0.496928870677948
Sample 3,Moirai,0.5044902563095093
Sample 3,Timer,0.4955097436904907
Sample 4,Moirai,0.5058622360229492
Sample 4,Chronos,0.4941377341747284
Sample 5,Moirai,0.505648672580719
Sample 5,Timer,0.494351327419281
Sample 6,Moirai,0.5031521916389465
Sample 6,Timer,0.4968477487564087
Sample 7,Chronos,0.5018376708030701
Sample 7,Time-MoE,0.49816229939460754
Sample 8,Moirai,0.5035044550895691
Sample 8,Time-MoE,0.4964955151081085
Sample 9,Moirai,0.5044466853141785
Sample 9,Timer,0.49555331468582153
Sample 10,Moirai,0.5072929859161377
Sample 10,Time-MoE,0.4927070140838623
Sample 11,Moirai,0.5053882002830505
Sample 11,Timer,0.4946117699146271
Sample 12,Moirai,0.5009958148002625
Sample 12,Chronos,0.49900415539741516
Sample 13,Moirai,0.5057625770568848
Sample 13,Timer,0.49423748254776
Sample 14,Moirai,0.5055936574935913
Sample 14,Timer,0.4944063425064087
Sample 15,Chronos,0.5025053024291992
Sample 15,Time-MoE,0.4974946975708008
Sample 16,Moirai,0.501909613609314
Sample 16,Time-MoE,0.49809035658836365
Sample 17,Moirai,0.5060330033302307
Sample 17,Timer,0.4939670264720917
Sample 18,Moirai,0.5008538961410522
Sample 18,Chronos,0.49914607405662537
Sample 19,Moirai,0.5037683248519897
Sample 19,Timer,0.49623164534568787
Sample 20,Moirai,0.5027702450752258
Sample 20,Chronos,0.4972297251224518
Sample 21,Moirai,0.5034147500991821
Sample 21,Timer,0.49658527970314026
Sample 22,Chronos,0.5007331967353821
Sample 22,Moirai,0.4992668330669403
Sample 23,Chronos,0.5006793141365051
Sample 23,Time-MoE,0.4993206262588501
Sample 24,Chronos,0.500109851360321
Sample 24,Time-MoE,0.49989014863967896
Sample 25,Moirai,0.5048409700393677
Sample 25,Timer,0.49515900015830994
Sample 26,Moirai,0.5057373046875
Sample 26,Chronos,0.4942627251148224
Sample 27,Moirai,0.5047987699508667
Sample 27,Chronos,0.4952012002468109
Sample 28,Chronos,0.5029818415641785
Sample 28,Time-MoE,0.49701815843582153
Sample 29,Moirai,0.5068759322166443
Sample 29,Timer,0.4931240379810333
Sample 30,Moirai,0.507430374622345
Sample 30,Timer,0.49256962537765503
Sample 31,Chronos,0.5016371607780457
Sample 31,Moirai,0.49836283922195435
Sample 0,Chronos,0.5004182457923889
Sample 0,Time-MoE,0.4995817244052887
Sample 1,Moirai,0.507159948348999
Sample 1,Timer,0.4928400218486786
Sample 2,Chronos,0.5013340711593628
Sample 2,Time-MoE,0.4986659288406372
Sample 3,Moirai,0.5034670829772949
Sample 3,Timer,0.4965329170227051
Sample 4,Chronos,0.5025919675827026
Sample 4,Time-MoE,0.497408002614975
Sample 5,Moirai,0.5069127678871155
Sample 5,Timer,0.4930872917175293
Sample 6,Moirai,0.5023261904716492
Sample 6,Chronos,0.49767380952835083
Sample 7,Chronos,0.5013010501861572
Sample 7,Time-MoE,0.49869900941848755
Sample 8,Moirai,0.5081344246864319
Sample 8,Time-MoE,0.4918655753135681
Sample 9,Moirai,0.5064207315444946
Sample 9,Timer,0.493579238653183
Sample 10,Moirai,0.5033207535743713
Sample 10,Chronos,0.49667927622795105
Sample 11,Chronos,0.5018880367279053
Sample 11,TimesFM,0.49811193346977234
Sample 12,Chronos,0.5007044672966003
Sample 12,Moirai,0.49929559230804443
Sample 13,Moirai,0.5064327120780945
Sample 13,Timer,0.49356725811958313
Sample 14,Moirai,0.5031285881996155
Sample 14,Chronos,0.4968714118003845
Sample 15,Chronos,0.500682532787323
Sample 15,Moirai,0.499317467212677
Sample 16,Moirai,0.5023547410964966
Sample 16,Time-MoE,0.4976452589035034
Sample 17,Moirai,0.5068660378456116
Sample 17,Timer,0.4931339621543884
Sample 18,Chronos,0.5001260638237
Sample 18,Moirai,0.49987396597862244
Sample 19,Moirai,0.5044195055961609
Sample 19,Timer,0.4955804944038391
Sample 20,Moirai,0.5083540081977844
Sample 20,Time-MoE,0.4916459321975708
Sample 21,Moirai,0.506788969039917
Sample 21,Timer,0.4932110011577606
Sample 22,Moirai,0.5013825297355652
Sample 22,Chronos,0.4986174702644348
Sample 23,Chronos,0.5035493969917297
Sample 23,TimesFM,0.49645066261291504
Sample 24,Moirai,0.5093274116516113
Sample 24,Time-MoE,0.49067258834838867
Sample 25,Moirai,0.5038711428642273
Sample 25,Timer,0.4961288273334503
Sample 26,Moirai,0.5059826970100403
Sample 26,Timer,0.4940173029899597
Sample 27,Moirai,0.5040784478187561
Sample 27,Timer,0.4959215521812439
Sample 28,Chronos,0.5028481483459473
Sample 28,Time-MoE,0.49715185165405273
Sample 29,Moirai,0.5060505867004395
Sample 29,Timer,0.4939494729042053
Sample 30,Moirai,0.5051913857460022
Sample 30,Timer,0.4948085844516754
Sample 31,Chronos,0.5020130276679993
Sample 31,Time-MoE,0.49798694252967834
Sample 0,Moirai,0.5021033883094788
Sample 0,Time-MoE,0.49789661169052124
Sample 1,Moirai,0.5062832236289978
Sample 1,Timer,0.4937168061733246
Sample 2,Moirai,0.5063161849975586
Sample 2,Time-MoE,0.493683785200119
Sample 3,Moirai,0.5040777325630188
Sample 3,Timer,0.4959222376346588
Sample 4,Chronos,0.5032156109809875
Sample 4,Time-MoE,0.4967844486236572
Sample 5,Moirai,0.5066800713539124
Sample 5,Timer,0.49331992864608765
Sample 6,Chronos,0.5017971396446228
Sample 6,Time-MoE,0.4982028901576996
Sample 7,Chronos,0.5009127855300903
Sample 7,Moirai,0.4990871846675873
Sample 8,Chronos,0.5000494122505188
Sample 8,Time-MoE,0.4999506175518036
Sample 9,Moirai,0.5048321485519409
Sample 9,Timer,0.49516788125038147
Sample 10,Moirai,0.5027105212211609
Sample 10,Timer,0.4972894787788391
Sample 11,Chronos,0.5006716847419739
Sample 11,Moirai,0.4993283450603485
Sample 12,Chronos,0.5040292739868164
Sample 12,Time-MoE,0.4959706962108612
Sample 13,Moirai,0.5061152577400208
Sample 13,Timer,0.49388474225997925
Sample 14,Moirai,0.506132185459137
Sample 14,Timer,0.49386775493621826
Sample 15,Chronos,0.5022050142288208
Sample 15,Time-MoE,0.4977949559688568
Sample 16,Moirai,0.5103609561920166
Sample 16,Time-MoE,0.4896390736103058
Sample 17,Moirai,0.5033103227615356
Sample 17,Timer,0.4966896176338196
Sample 18,Chronos,0.5015556216239929
Sample 18,Time-MoE,0.49844440817832947
Sample 19,Moirai,0.5054359436035156
Sample 19,Chronos,0.494564026594162
Sample 20,Chronos,0.5033795833587646
Sample 20,Time-MoE,0.49662041664123535
Sample 21,Moirai,0.5067222118377686
Sample 21,Timer,0.49327781796455383
Sample 22,Moirai,0.5044984221458435
Sample 22,Timer,0.4955015480518341
Sample 23,Chronos,0.5022155046463013
Sample 23,Moirai,0.4977845251560211
Sample 24,Chronos,0.500523030757904
Sample 24,Time-MoE,0.49947696924209595
Sample 25,Moirai,0.5044611692428589
Sample 25,Timer,0.4955388009548187
Sample 26,Moirai,0.5039002299308777
Sample 26,Time-MoE,0.4960997700691223
Sample 27,Moirai,0.5027732253074646
Sample 27,Timer,0.4972267746925354
Sample 28,Chronos,0.5029605627059937
Sample 28,Time-MoE,0.49703943729400635
Sample 29,Moirai,0.5049798488616943
Sample 29,Timer,0.4950201213359833
Sample 30,Moirai,0.50520259141922
Sample 30,Timer,0.49479737877845764
Sample 31,Chronos,0.5027217864990234
Sample 31,TimesFM,0.4972781836986542
Sample 0,Time-MoE,0.5000712275505066
Sample 0,Chronos,0.4999287724494934
Sample 1,Moirai,0.505805492401123
Sample 1,Timer,0.49419447779655457
Sample 2,Moirai,0.5029286742210388
Sample 2,Chronos,0.4970713257789612
Sample 3,Moirai,0.504950225353241
Sample 3,Timer,0.4950498044490814
Sample 4,Moirai,0.5021638870239258
Sample 4,Chronos,0.49783605337142944
Sample 5,Chronos,0.5021764636039734
Sample 5,Time-MoE,0.4978235363960266
Sample 6,Chronos,0.500033438205719
Sample 6,Time-MoE,0.499966561794281
Sample 7,Chronos,0.5023461580276489
Sample 7,Moirai,0.4976538121700287
Sample 8,Moirai,0.5005879998207092
Sample 8,Time-MoE,0.49941200017929077
Sample 9,Moirai,0.506075918674469
Sample 9,Timer,0.493924081325531
Sample 10,Chronos,0.5011064410209656
Sample 10,Time-MoE,0.4988935887813568
Sample 11,Moirai,0.5039002895355225
Sample 11,Timer,0.49609971046447754
Sample 12,Chronos,0.5032574534416199
Sample 12,Time-MoE,0.4967425763607025
Sample 13,Moirai,0.5051594376564026
Sample 13,Timer,0.494840532541275
Sample 14,Moirai,0.5044036507606506
Sample 14,Timer,0.49559637904167175
Sample 15,Chronos,0.5030028820037842
Sample 15,TimesFM,0.49699708819389343
Sample 16,Moirai,0.5014486908912659
Sample 16,Time-MoE,0.49855127930641174
Sample 17,Moirai,0.5022812485694885
Sample 17,Chronos,0.4977187514305115
Sample 18,Chronos,0.5003215074539185
Sample 18,Moirai,0.49967849254608154
Sample 19,Moirai,0.5028635859489441
Sample 19,Timer,0.4971364140510559
Sample 20,Chronos,0.5032414793968201
Sample 20,TimesFM,0.49675852060317993
Sample 21,Moirai,0.5065711736679077
Sample 21,Timer,0.4934288561344147
Sample 22,Moirai,0.5059425234794617
Sample 22,Chronos,0.49405744671821594
Sample 23,Chronos,0.5016456842422485
Sample 23,TimesFM,0.49835437536239624
Sample 24,Chronos,0.500927209854126
Sample 24,Time-MoE,0.49907276034355164
Sample 25,Moirai,0.5050357580184937
Sample 25,Timer,0.49496424198150635
Sample 26,Chronos,0.5011412501335144
Sample 26,Time-MoE,0.4988587498664856
Sample 27,Moirai,0.50454181432724
Sample 27,Timer,0.4954581558704376
Sample 28,Chronos,0.5023886561393738
Sample 28,Time-MoE,0.4976113438606262
Sample 29,Moirai,0.5046113133430481
Sample 29,Timer,0.4953886568546295
Sample 30,Moirai,0.5074939727783203
Sample 30,Timer,0.4925060272216797
Sample 31,Chronos,0.5018455386161804
Sample 31,Time-MoE,0.4981544315814972
Sample 0,Moirai,0.5007993578910828
Sample 0,Time-MoE,0.49920064210891724
Sample 1,Moirai,0.5065246224403381
Sample 1,Timer,0.4934753477573395
Sample 2,Moirai,0.5038924813270569
Sample 2,Timer,0.4961075186729431
Sample 3,Moirai,0.5048232078552246
Sample 3,Timer,0.4951768219470978
Sample 4,Moirai,0.5048542022705078
Sample 4,Chronos,0.4951457977294922
Sample 5,Moirai,0.5058790445327759
Sample 5,Timer,0.4941209554672241
Sample 6,Moirai,0.5089198350906372
Sample 6,Timer,0.4910801947116852
Sample 7,Chronos,0.5011951327323914
Sample 7,Time-MoE,0.49880489706993103
Sample 8,Moirai,0.5073192119598389
Sample 8,Time-MoE,0.49268078804016113
Sample 9,Moirai,0.5061007142066956
Sample 9,Timer,0.49389925599098206
Sample 10,Moirai,0.5033337473869324
Sample 10,Chronos,0.4966662526130676
Sample 11,Moirai,0.5040680766105652
Sample 11,Chronos,0.4959319531917572
Sample 12,Moirai,0.5016452670097351
Sample 12,Chronos,0.4983547329902649
Sample 13,Moirai,0.5065343976020813
Sample 13,Timer,0.4934656322002411
Sample 14,Moirai,0.5036619305610657
Sample 14,Chronos,0.4963380694389343
Sample 15,Chronos,0.5010342001914978
Sample 15,Moirai,0.4989657998085022
Sample 16,Moirai,0.5044862031936646
Sample 16,Time-MoE,0.49551379680633545
Sample 17,Moirai,0.5054277181625366
Sample 17,Timer,0.494572252035141
Sample 18,Moirai,0.5057904124259949
Sample 18,Timer,0.4942095875740051
Sample 19,Moirai,0.5027793049812317
Sample 19,Timer,0.4972206652164459
Sample 20,Chronos,0.504239559173584
Sample 20,Time-MoE,0.49576041102409363
Sample 21,Moirai,0.5067381858825684
Sample 21,Timer,0.49326184391975403
Sample 22,Moirai,0.5076863169670105
Sample 22,Timer,0.4923136830329895
Sample 23,Chronos,0.5020000338554382
Sample 23,TimesFM,0.49799996614456177
Sample 24,Moirai,0.5013333559036255
Sample 24,Chronos,0.49866658449172974
Sample 25,Moirai,0.5053179264068604
Sample 25,Timer,0.49468204379081726
Sample 26,Moirai,0.5036534070968628
Sample 26,TimesFM,0.4963465929031372
Sample 27,Moirai,0.5040258169174194
Sample 27,Timer,0.49597418308258057
Sample 28,Chronos,0.5027455687522888
Sample 28,Time-MoE,0.49725449085235596
Sample 29,Moirai,0.5050017833709717
Sample 29,Chronos,0.49499818682670593
Sample 30,Moirai,0.5095094442367554
Sample 30,Chronos,0.49049055576324463
Sample 31,Chronos,0.5012980699539185
Sample 31,TimesFM,0.49870187044143677
Sample 0,Chronos,0.5004956722259521
Sample 0,Time-MoE,0.49950435757637024
Sample 1,Moirai,0.5061067342758179
Sample 1,Timer,0.49389326572418213
Sample 2,Moirai,0.5005505084991455
Sample 2,Chronos,0.4994495213031769
Sample 3,Moirai,0.5060963034629822
Sample 3,Timer,0.4939037263393402
Sample 4,Chronos,0.5031233429908752
Sample 4,Time-MoE,0.49687665700912476
Sample 5,Moirai,0.5070629715919495
Sample 5,Timer,0.49293702840805054
Sample 6,Moirai,0.5052716732025146
Sample 6,Chronos,0.49472829699516296
Sample 7,Chronos,0.5021237134933472
Sample 7,TimesFM,0.49787628650665283
Sample 8,Moirai,0.502214789390564
Sample 8,Chronos,0.49778521060943604
Sample 9,Moirai,0.5067759156227112
Sample 9,Timer,0.4932240843772888
Sample 10,Moirai,0.5043796300888062
Sample 10,Chronos,0.49562039971351624
Sample 11,Moirai,0.5044175386428833
Sample 11,Chronos,0.4955824911594391
Sample 12,Chronos,0.5008384585380554
Sample 12,TimesFM,0.4991615414619446
Sample 13,Chronos,0.501700222492218
Sample 13,TimesFM,0.498299777507782
Sample 14,Chronos,0.502348005771637
Sample 14,Time-MoE,0.4976520240306854
Sample 15,Chronos,0.5007032752037048
Sample 15,Time-MoE,0.49929672479629517
Sample 16,Chronos,0.5005704164505005
Sample 16,Time-MoE,0.4994295537471771
Sample 17,Moirai,0.507133424282074
Sample 17,Timer,0.492866575717926
Sample 18,Chronos,0.5018177628517151
Sample 18,Time-MoE,0.4981822371482849
Sample 19,Moirai,0.505678117275238
Sample 19,Timer,0.49432191252708435
Sample 20,Moirai,0.505603551864624
Sample 20,Timer,0.4943964183330536
Sample 21,Moirai,0.5069103240966797
Sample 21,Timer,0.4930896759033203
Sample 22,Moirai,0.5035111904144287
Sample 22,Timer,0.4964888095855713
Sample 23,Chronos,0.5022833347320557
Sample 23,Time-MoE,0.4977166950702667
Sample 24,Moirai,0.5063692331314087
Sample 24,Time-MoE,0.4936307966709137
Sample 25,Moirai,0.5063319206237793
Sample 25,Timer,0.4936680793762207
Sample 26,Moirai,0.501457929611206
Sample 26,Chronos,0.49854207038879395
Sample 27,Moirai,0.5072492957115173
Sample 27,Timer,0.4927506744861603
Sample 28,Moirai,0.5044035911560059
Sample 28,Chronos,0.49559640884399414
Sample 29,Moirai,0.5043142437934875
Sample 29,Timer,0.49568578600883484
Sample 30,Moirai,0.5053057074546814
Sample 30,Chronos,0.494694322347641
Sample 31,Chronos,0.5025075078010559
Sample 31,TimesFM,0.4974924623966217
Sample 0,Moirai,0.5109056234359741
Sample 0,Timer,0.48909440636634827
Sample 1,Moirai,0.5056424140930176
Sample 1,Timer,0.4943575859069824
Sample 2,Moirai,0.5046911239624023
Sample 2,Chronos,0.49530887603759766
Sample 3,Moirai,0.5049283504486084
Sample 3,Timer,0.4950716197490692
Sample 4,Chronos,0.5010970234870911
Sample 4,Moirai,0.49890294671058655
Sample 5,Moirai,0.5088404417037964
Sample 5,Timer,0.491159588098526
Sample 6,Moirai,0.5034838914871216
Sample 6,Chronos,0.4965161085128784
Sample 7,Chronos,0.5015056729316711
Sample 7,TimesFM,0.49849429726600647
Sample 8,Moirai,0.5015671849250793
Sample 8,Chronos,0.49843284487724304
Sample 9,Moirai,0.5068094730377197
Sample 9,Timer,0.4931905269622803
Sample 10,Moirai,0.5032872557640076
Sample 10,TimesFM,0.49671271443367004
Sample 11,Moirai,0.5043811202049255
Sample 11,Timer,0.49561887979507446
Sample 12,Moirai,0.5039126873016357
Sample 12,Chronos,0.49608731269836426
Sample 13,Moirai,0.5077992677688599
Sample 13,Timer,0.49220073223114014
Sample 14,Moirai,0.5073552131652832
Sample 14,Timer,0.4926447868347168
Sample 15,Chronos,0.5023163557052612
Sample 15,Time-MoE,0.4976836144924164
Sample 0,Moirai,0.5014440417289734
Sample 0,Time-MoE,0.4985559284687042
Sample 1,Moirai,0.5054284334182739
Sample 1,Timer,0.4945715367794037
Sample 2,Chronos,0.5039668679237366
Sample 2,TimesFM,0.4960331320762634
Sample 3,Moirai,0.5055937170982361
Sample 3,Timer,0.4944062829017639
Sample 4,Moirai,0.5065680742263794
Sample 4,Chronos,0.4934318959712982
Sample 5,Moirai,0.507114052772522
Sample 5,Timer,0.49288588762283325
Sample 6,Moirai,0.5039719939231873
Sample 6,Chronos,0.49602797627449036
Sample 7,Chronos,0.5027239918708801
Sample 7,Time-MoE,0.4972760081291199
Sample 8,Moirai,0.5047248005867004
Sample 8,Time-MoE,0.49527519941329956
Sample 9,Moirai,0.5055477619171143
Sample 9,Timer,0.49445223808288574
Sample 10,Moirai,0.5086987018585205
Sample 10,Chronos,0.49130135774612427
Sample 11,Moirai,0.5068339705467224
Sample 11,Timer,0.4931660592556
Sample 12,Moirai,0.5001817941665649
Sample 12,Chronos,0.49981823563575745
Sample 13,Moirai,0.5073464512825012
Sample 13,Timer,0.4926535487174988
Sample 14,Moirai,0.5070787072181702
Sample 14,Timer,0.49292126297950745
Sample 15,Chronos,0.5032473802566528
Sample 15,TimesFM,0.49675267934799194
Sample 16,Moirai,0.5025662779808044
Sample 16,Chronos,0.49743369221687317
Sample 17,Moirai,0.5076196193695068
Sample 17,Timer,0.49238041043281555
Sample 18,Moirai,0.500744104385376
Sample 18,Chronos,0.4992559254169464
Sample 19,Moirai,0.5047904849052429
Sample 19,Timer,0.49520954489707947
Sample 20,Moirai,0.503368079662323
Sample 20,Chronos,0.4966319501399994
Sample 21,Moirai,0.5043079853057861
Sample 21,Timer,0.4956919848918915
Sample 22,Chronos,0.5008580684661865
Sample 22,Moirai,0.49914199113845825
Sample 23,Chronos,0.5013149380683899
Sample 23,Time-MoE,0.4986850917339325
Sample 24,Chronos,0.5008732080459595
Sample 24,Time-MoE,0.4991267919540405
Sample 25,Moirai,0.5060482025146484
Sample 25,Timer,0.49395179748535156
Sample 26,Moirai,0.506405234336853
Sample 26,Chronos,0.49359479546546936
Sample 27,Moirai,0.5054754614830017
Sample 27,Chronos,0.4945245683193207
Sample 28,Chronos,0.5040655136108398
Sample 28,Time-MoE,0.49593451619148254
Sample 29,Moirai,0.5085970163345337
Sample 29,Timer,0.4914029538631439
Sample 30,Moirai,0.509374737739563
Sample 30,Timer,0.490625262260437
Sample 31,Chronos,0.5025633573532104
Sample 31,Time-MoE,0.49743664264678955
Sample 0,Chronos,0.5012546181678772
Sample 0,Time-MoE,0.4987454414367676
Sample 1,Moirai,0.5090522170066833
Sample 1,Timer,0.49094778299331665
Sample 2,Chronos,0.5018563866615295
Sample 2,Time-MoE,0.49814364314079285
Sample 3,Moirai,0.5043977499008179
Sample 3,Timer,0.49560222029685974
Sample 4,Chronos,0.5038178563117981
Sample 4,TimesFM,0.4961821436882019
Sample 5,Moirai,0.5087816715240479
Sample 5,Timer,0.49121829867362976
Sample 6,Moirai,0.5025046467781067
Sample 6,Chronos,0.4974953532218933
Sample 7,Chronos,0.5020797848701477
Sample 7,Time-MoE,0.4979202151298523
Sample 8,Moirai,0.5102449059486389
Sample 8,Chronos,0.4897550940513611
Sample 9,Moirai,0.5080844759941101
Sample 9,Timer,0.4919155538082123
Sample 10,Moirai,0.5039414167404175
Sample 10,Chronos,0.4960585832595825
Sample 11,Chronos,0.502354621887207
Sample 11,TimesFM,0.4976453483104706
Sample 12,Chronos,0.5013949871063232
Sample 12,Moirai,0.49860501289367676
Sample 13,Moirai,0.5082000494003296
Sample 13,Timer,0.4917999505996704
Sample 14,Moirai,0.5037099719047546
Sample 14,Chronos,0.4962899684906006
Sample 15,Chronos,0.5013831853866577
Sample 15,Moirai,0.4986168444156647
Sample 16,Moirai,0.5034266114234924
Sample 16,Chronos,0.49657338857650757
Sample 17,Moirai,0.5086559057235718
Sample 17,Timer,0.49134403467178345
Sample 18,Chronos,0.500612199306488
Sample 18,Moirai,0.49938786029815674
Sample 19,Moirai,0.5056582689285278
Sample 19,Timer,0.49434173107147217
Sample 20,Moirai,0.5102643370628357
Sample 20,Timer,0.4897356927394867
Sample 21,Moirai,0.5086631178855896
Sample 21,Timer,0.491336852312088
Sample 22,Moirai,0.5014566779136658
Sample 22,Chronos,0.49854329228401184
Sample 23,Chronos,0.5043684840202332
Sample 23,TimesFM,0.49563154578208923
Sample 24,Moirai,0.5117003917694092
Sample 24,Chronos,0.4882996082305908
Sample 25,Moirai,0.5048183798789978
Sample 25,Timer,0.4951816201210022
Sample 26,Moirai,0.5073251724243164
Sample 26,TimesFM,0.4926748275756836
Sample 27,Moirai,0.5052259564399719
Sample 27,Timer,0.49477407336235046
Sample 28,Chronos,0.5039297938346863
Sample 28,Time-MoE,0.49607017636299133
Sample 29,Moirai,0.5076243877410889
Sample 29,Timer,0.49237558245658875
Sample 30,Moirai,0.5066497921943665
Sample 30,Timer,0.49335020780563354
Sample 31,Chronos,0.5027471780776978
Sample 31,TimesFM,0.49725282192230225
Sample 0,Moirai,0.502065896987915
Sample 0,Chronos,0.49793413281440735
Sample 1,Moirai,0.5081654787063599
Sample 1,Timer,0.49183452129364014
Sample 2,Moirai,0.5075746774673462
Sample 2,TimesFM,0.4924253225326538
Sample 3,Moirai,0.5053442120552063
Sample 3,Chronos,0.4946557879447937
Sample 4,Chronos,0.5039932727813721
Sample 4,TimesFM,0.49600669741630554
Sample 5,Moirai,0.5085768699645996
Sample 5,Timer,0.4914231300354004
Sample 6,Chronos,0.5025663375854492
Sample 6,TimesFM,0.4974336326122284
Sample 7,Chronos,0.5017896294593811
Sample 7,Moirai,0.4982104003429413
Sample 8,Chronos,0.5007807016372681
Sample 8,Time-MoE,0.49921929836273193
Sample 9,Moirai,0.5063237547874451
Sample 9,Timer,0.4936762750148773
Sample 10,Moirai,0.5033904910087585
Sample 10,Timer,0.49660950899124146
Sample 11,Chronos,0.5012591481208801
Sample 11,Moirai,0.49874088168144226
Sample 12,Chronos,0.5054073333740234
Sample 12,Time-MoE,0.49459266662597656
Sample 13,Moirai,0.5079269409179688
Sample 13,Timer,0.49207308888435364
Sample 14,Moirai,0.5079949498176575
Sample 14,Timer,0.49200502038002014
Sample 15,Chronos,0.503095805644989
Sample 15,Time-MoE,0.496904194355011
Sample 16,Moirai,0.5128125548362732
Sample 16,Chronos,0.4871874749660492
Sample 17,Moirai,0.5043516159057617
Sample 17,Timer,0.4956483840942383
Sample 18,Chronos,0.5021992921829224
Sample 18,Time-MoE,0.49780070781707764
Sample 19,Moirai,0.5061312317848206
Sample 19,Chronos,0.49386879801750183
Sample 20,Chronos,0.5046180486679077
Sample 20,Time-MoE,0.4953819811344147
Sample 21,Moirai,0.5085422992706299
Sample 21,Timer,0.4914577007293701
Sample 22,Moirai,0.5055121779441833
Sample 22,Chronos,0.4944877624511719
Sample 23,Chronos,0.50298672914505
Sample 23,Moirai,0.49701330065727234
Sample 24,Chronos,0.5013141632080078
Sample 24,Time-MoE,0.4986858069896698
Sample 25,Moirai,0.5058004260063171
Sample 25,Timer,0.49419960379600525
Sample 26,Moirai,0.5045669674873352
Sample 26,Time-MoE,0.4954330325126648
Sample 27,Moirai,0.5035220384597778
Sample 27,Timer,0.49647796154022217
Sample 28,Chronos,0.5040741562843323
Sample 28,Time-MoE,0.4959258437156677
Sample 29,Moirai,0.5063262581825256
Sample 29,Chronos,0.49367377161979675
Sample 30,Moirai,0.5068762302398682
Sample 30,Timer,0.49312373995780945
Sample 31,Chronos,0.5032218098640442
Sample 31,TimesFM,0.4967782199382782
Sample 0,Chronos,0.5002979636192322
Sample 0,Time-MoE,0.49970200657844543
Sample 1,Moirai,0.5077552795410156
Sample 1,Timer,0.4922446608543396
Sample 2,Moirai,0.503093957901001
Sample 2,Chronos,0.4969060719013214
Sample 3,Moirai,0.5066245794296265
Sample 3,Timer,0.49337542057037354
Sample 4,Moirai,0.502290666103363
Sample 4,Chronos,0.4977092742919922
Sample 5,Chronos,0.5030472278594971
Sample 5,Time-MoE,0.49695277214050293
Sample 6,Chronos,0.500474750995636
Sample 6,Time-MoE,0.499525249004364
Sample 7,Chronos,0.5027281641960144
Sample 7,TimesFM,0.4972718060016632
Sample 8,Chronos,0.5000175833702087
Sample 8,Moirai,0.49998244643211365
Sample 9,Moirai,0.508124053478241
Sample 9,Timer,0.4918759763240814
Sample 10,Chronos,0.5015375018119812
Sample 10,TimesFM,0.4984624981880188
Sample 11,Moirai,0.5052677989006042
Sample 11,TimesFM,0.49473220109939575
Sample 12,Chronos,0.5042181015014648
Sample 12,TimesFM,0.49578189849853516
Sample 13,Moirai,0.5069299340248108
Sample 13,Timer,0.49307000637054443
Sample 14,Moirai,0.505817174911499
Sample 14,Timer,0.494182825088501
Sample 15,Chronos,0.5035542249679565
Sample 15,TimesFM,0.49644580483436584
Sample 16,Moirai,0.5012965798377991
Sample 16,Chronos,0.4987034201622009
Sample 17,Moirai,0.5023223757743835
Sample 17,Chronos,0.49767765402793884
Sample 18,Chronos,0.5005606412887573
Sample 18,Moirai,0.4994393587112427
Sample 19,Moirai,0.5036621689796448
Sample 19,Timer,0.4963378608226776
Sample 20,Chronos,0.5039870142936707
Sample 20,TimesFM,0.49601301550865173
Sample 21,Moirai,0.508650004863739
Sample 21,Timer,0.4913500249385834
Sample 22,Moirai,0.5070760846138
Sample 22,Chronos,0.49292391538619995
Sample 23,Chronos,0.5019723176956177
Sample 23,TimesFM,0.4980277121067047
Sample 24,Chronos,0.5015819072723389
Sample 24,Time-MoE,0.4984181523323059
Sample 25,Moirai,0.5068156123161316
Sample 25,Timer,0.4931843876838684
Sample 26,Chronos,0.5016781091690063
Sample 26,Time-MoE,0.49832189083099365
Sample 27,Moirai,0.5060945153236389
Sample 27,Timer,0.4939054250717163
Sample 28,Chronos,0.5032395124435425
Sample 28,Time-MoE,0.49676045775413513
Sample 29,Moirai,0.5060256123542786
Sample 29,TimesFM,0.4939744174480438
Sample 30,Moirai,0.5098434090614319
Sample 30,Timer,0.4901565611362457
Sample 31,Chronos,0.5026095509529114
Sample 31,Time-MoE,0.4973904490470886
Sample 0,Moirai,0.5007542967796326
Sample 0,Time-MoE,0.4992457330226898
Sample 1,Moirai,0.5088672041893005
Sample 1,Timer,0.4911327362060547
Sample 2,Moirai,0.5047730803489685
Sample 2,Chronos,0.4952268898487091
Sample 3,Moirai,0.5065692067146301
Sample 3,Timer,0.4934307634830475
Sample 4,Moirai,0.5050929188728333
Sample 4,Chronos,0.49490708112716675
Sample 5,Moirai,0.5080338716506958
Sample 5,Timer,0.4919661283493042
Sample 6,Moirai,0.5112192630767822
Sample 6,TimesFM,0.4887807071208954
Sample 7,Chronos,0.5016298890113831
Sample 7,Time-MoE,0.49837011098861694
Sample 8,Moirai,0.5091293454170227
Sample 8,Time-MoE,0.4908706247806549
Sample 9,Moirai,0.5082643628120422
Sample 9,Timer,0.49173563718795776
Sample 10,Moirai,0.5038150548934937
Sample 10,Chronos,0.49618494510650635
Sample 11,Moirai,0.5044470429420471
Sample 11,Chronos,0.4955529570579529
Sample 12,Moirai,0.5013880133628845
Sample 12,Chronos,0.4986119866371155
Sample 13,Moirai,0.5080441236495972
Sample 13,Chronos,0.4919559061527252
Sample 14,Moirai,0.5045864582061768
Sample 14,Chronos,0.49541354179382324
Sample 15,Chronos,0.5012900829315186
Sample 15,Moirai,0.49870991706848145
Sample 16,Moirai,0.5053113102912903
Sample 16,Time-MoE,0.4946887493133545
Sample 17,Moirai,0.5074511170387268
Sample 17,Timer,0.4925489127635956
Sample 18,Moirai,0.5073086619377136
Sample 18,Chronos,0.4926913380622864
Sample 19,Moirai,0.5034777522087097
Sample 19,Chronos,0.49652227759361267
Sample 20,Chronos,0.5053967833518982
Sample 20,TimesFM,0.4946032166481018
Sample 21,Moirai,0.5091633200645447
Sample 21,Timer,0.4908366799354553
Sample 22,Moirai,0.5102543234825134
Sample 22,TimesFM,0.4897456765174866
Sample 23,Chronos,0.5021821856498718
Sample 23,TimesFM,0.4978177845478058
Sample 24,Moirai,0.5011857748031616
Sample 24,Chronos,0.49881425499916077
Sample 25,Moirai,0.5070992112159729
Sample 25,Timer,0.4929007589817047
Sample 26,Moirai,0.5040473937988281
Sample 26,TimesFM,0.4959526062011719
Sample 27,Moirai,0.5055084228515625
Sample 27,Timer,0.4944916069507599
Sample 28,Chronos,0.5034564733505249
Sample 28,Time-MoE,0.4965435266494751
Sample 29,Moirai,0.5059887766838074
Sample 29,Chronos,0.494011253118515
Sample 30,Moirai,0.5116943717002869
Sample 30,Chronos,0.48830562829971313
Sample 31,Chronos,0.5013638138771057
Sample 31,TimesFM,0.4986362159252167
Sample 0,Chronos,0.500595211982727
Sample 0,Time-MoE,0.49940481781959534
Sample 1,Moirai,0.5082396864891052
Sample 1,Timer,0.49176034331321716
Sample 2,Moirai,0.500851035118103
Sample 2,Chronos,0.4991489350795746
Sample 3,Moirai,0.508086085319519
Sample 3,TimesFM,0.49191394448280334
Sample 4,Chronos,0.5040493607521057
Sample 4,TimesFM,0.4959506094455719
Sample 5,Moirai,0.5096126198768616
Sample 5,Timer,0.49038735032081604
Sample 6,Moirai,0.506760835647583
Sample 6,Chronos,0.493239164352417
Sample 7,Chronos,0.5021511316299438
Sample 7,TimesFM,0.49784889817237854
Sample 8,Moirai,0.5024447441101074
Sample 8,Chronos,0.4975552558898926
Sample 9,Moirai,0.509178876876831
Sample 9,Timer,0.49082115292549133
Sample 10,Moirai,0.5051641464233398
Sample 10,TimesFM,0.49483591318130493
Sample 11,Moirai,0.5052353739738464
Sample 11,Chronos,0.49476465582847595
Sample 12,Chronos,0.5008427500724792
Sample 12,TimesFM,0.49915722012519836
Sample 13,Chronos,0.5020411610603333
Sample 13,TimesFM,0.49795880913734436
Sample 14,Chronos,0.502721905708313
Sample 14,TimesFM,0.49727803468704224
Sample 15,Chronos,0.500889003276825
Sample 15,Time-MoE,0.4991109371185303
Sample 16,Chronos,0.5006895661354065
Sample 16,Time-MoE,0.4993104040622711
Sample 17,Moirai,0.5096551775932312
Sample 17,Timer,0.4903448820114136
Sample 18,Chronos,0.501964271068573
Sample 18,TimesFM,0.4980356991291046
Sample 19,Moirai,0.5077362060546875
Sample 19,Timer,0.4922637939453125
Sample 20,Moirai,0.5072728395462036
Sample 20,TimesFM,0.492727130651474
Sample 21,Moirai,0.509204626083374
Sample 21,TimesFM,0.490795373916626
Sample 22,Moirai,0.5044845342636108
Sample 22,Chronos,0.4955154359340668
Sample 23,Chronos,0.5029014945030212
Sample 23,Time-MoE,0.49709847569465637
Sample 24,Moirai,0.5076448321342468
Sample 24,Time-MoE,0.4923551678657532
Sample 25,Moirai,0.5086426138877869
Sample 25,Timer,0.4913574159145355
Sample 26,Moirai,0.5017538666725159
Sample 26,Chronos,0.49824613332748413
Sample 27,Moirai,0.5097968578338623
Sample 27,Timer,0.4902031421661377
Sample 28,Moirai,0.5057914853096008
Sample 28,TimesFM,0.49420857429504395
Sample 29,Moirai,0.5055875778198242
Sample 29,Chronos,0.49441245198249817
Sample 30,Moirai,0.5066072344779968
Sample 30,Chronos,0.49339279532432556
Sample 31,Chronos,0.5028389096260071
Sample 31,TimesFM,0.49716106057167053
Sample 0,Moirai,0.5137575268745422
Sample 0,TimesFM,0.4862424433231354
Sample 1,Moirai,0.5075955986976624
Sample 1,Timer,0.49240440130233765
Sample 2,Moirai,0.5058633685112
Sample 2,Time-MoE,0.49413666129112244
Sample 3,Moirai,0.5058791041374207
Sample 3,TimesFM,0.49412089586257935
Sample 4,Chronos,0.5013898015022278
Sample 4,TimesFM,0.498610258102417
Sample 5,Moirai,0.5114385485649109
Sample 5,TimesFM,0.4885614812374115
Sample 6,Moirai,0.5042674541473389
Sample 6,Chronos,0.49573254585266113
Sample 7,Chronos,0.501615047454834
Sample 7,TimesFM,0.498384952545166
Sample 8,Moirai,0.5016372203826904
Sample 8,Chronos,0.49836277961730957
Sample 9,Moirai,0.5090728402137756
Sample 9,Timer,0.49092718958854675
Sample 10,Moirai,0.5038495063781738
Sample 10,TimesFM,0.49615049362182617
Sample 11,Moirai,0.5058885216712952
Sample 11,Timer,0.4941115081310272
Sample 12,Moirai,0.5042007565498352
Sample 12,Chronos,0.4957992136478424
Sample 13,Moirai,0.5104125738143921
Sample 13,Timer,0.4895874261856079
Sample 14,Moirai,0.509483277797699
Sample 14,TimesFM,0.49051669239997864
Sample 15,Chronos,0.5027540922164917
Sample 15,Time-MoE,0.4972458779811859
Sample 0,Moirai,0.5012695789337158
Sample 0,Time-MoE,0.4987304210662842
Sample 1,Moirai,0.5070328712463379
Sample 1,Timer,0.4929671287536621
Sample 2,Chronos,0.5048072934150696
Sample 2,TimesFM,0.4951927363872528
Sample 3,Moirai,0.5072076916694641
Sample 3,Timer,0.4927922487258911
Sample 4,Moirai,0.5075289011001587
Sample 4,Time-MoE,0.4924710988998413
Sample 5,Moirai,0.509345293045044
Sample 5,Timer,0.49065470695495605
Sample 6,Moirai,0.5050246715545654
Sample 6,Chronos,0.49497532844543457
Sample 7,Chronos,0.5031164288520813
Sample 7,Time-MoE,0.4968836009502411
Sample 8,Moirai,0.5055292844772339
Sample 8,Time-MoE,0.4944707453250885
Sample 9,Moirai,0.5072030425071716
Sample 9,Timer,0.49279698729515076
Sample 10,Moirai,0.5108885765075684
Sample 10,TimesFM,0.48911139369010925
Sample 11,Moirai,0.5087535977363586
Sample 11,TimesFM,0.49124640226364136
Sample 12,Chronos,0.5003253817558289
Sample 12,Moirai,0.49967461824417114
Sample 13,Moirai,0.5096743702888489
Sample 13,Timer,0.49032559990882874
Sample 14,Moirai,0.5087637901306152
Sample 14,TimesFM,0.49123623967170715
Sample 15,Chronos,0.5036839246749878
Sample 15,TimesFM,0.4963160753250122
Sample 16,Moirai,0.5029617547988892
Sample 16,Time-MoE,0.4970383048057556
Sample 17,Moirai,0.5099995732307434
Sample 17,Timer,0.4900003671646118
Sample 18,Moirai,0.5008856058120728
Sample 18,Chronos,0.49911436438560486
Sample 19,Moirai,0.5063603520393372
Sample 19,Timer,0.49363958835601807
Sample 20,Moirai,0.504732072353363
Sample 20,Chronos,0.4952678978443146
Sample 21,Moirai,0.505440890789032
Sample 21,TimesFM,0.494559109210968
Sample 22,Chronos,0.5009035468101501
Sample 22,Moirai,0.49909645318984985
Sample 23,Chronos,0.5013248920440674
Sample 23,Time-MoE,0.498675137758255
Sample 24,Chronos,0.5006688833236694
Sample 24,Time-MoE,0.4993310868740082
Sample 25,Moirai,0.5078099370002747
Sample 25,Timer,0.49219006299972534
Sample 26,Moirai,0.5080069303512573
Sample 26,Chronos,0.4919930696487427
Sample 27,Moirai,0.5068644285202026
Sample 27,Chronos,0.49313557147979736
Sample 28,Chronos,0.5047988891601562
Sample 28,Time-MoE,0.49520108103752136
Sample 29,Moirai,0.5107357501983643
Sample 29,TimesFM,0.48926427960395813
Sample 30,Moirai,0.5116117000579834
Sample 30,TimesFM,0.4883882999420166
Sample 31,Chronos,0.5028023719787598
Sample 31,Time-MoE,0.49719762802124023
Sample 0,Chronos,0.5012741684913635
Sample 0,Time-MoE,0.4987258315086365
Sample 1,Moirai,0.511443555355072
Sample 1,Timer,0.4885564148426056
Sample 2,Chronos,0.5020304322242737
Sample 2,Time-MoE,0.49796953797340393
Sample 3,Moirai,0.505547046661377
Sample 3,Timer,0.49445298314094543
Sample 4,Chronos,0.5042769908905029
Sample 4,TimesFM,0.49572300910949707
Sample 5,Moirai,0.5111356377601624
Sample 5,Timer,0.48886436223983765
Sample 6,Moirai,0.5028596520423889
Sample 6,Chronos,0.49714037775993347
Sample 7,Chronos,0.5023325085639954
Sample 7,Time-MoE,0.49766749143600464
Sample 8,Moirai,0.5128397345542908
Sample 8,TimesFM,0.48716023564338684
Sample 9,Moirai,0.510170578956604
Sample 9,Timer,0.48982948064804077
Sample 10,Moirai,0.5051578879356384
Sample 10,Chronos,0.49484214186668396
Sample 11,Chronos,0.5026484131813049
Sample 11,TimesFM,0.49735161662101746
Sample 12,Chronos,0.5019775629043579
Sample 12,TimesFM,0.4980224370956421
Sample 13,Moirai,0.5103960037231445
Sample 13,Timer,0.48960402607917786
Sample 14,Moirai,0.5046854615211487
Sample 14,Chronos,0.49531450867652893
Sample 15,Chronos,0.5015822649002075
Sample 15,Moirai,0.49841776490211487
Sample 16,Moirai,0.5040085315704346
Sample 16,Time-MoE,0.49599146842956543
Sample 17,Moirai,0.5109452605247498
Sample 17,Timer,0.48905473947525024
Sample 18,Chronos,0.5007804036140442
Sample 18,Moirai,0.4992195963859558
Sample 19,Moirai,0.5072292685508728
Sample 19,Timer,0.4927707612514496
Sample 20,Moirai,0.5123006701469421
Sample 20,TimesFM,0.48769935965538025
Sample 21,Moirai,0.5109313726425171
Sample 21,TimesFM,0.4890686273574829
Sample 22,Moirai,0.5017938613891602
Sample 22,Chronos,0.4982061982154846
Sample 23,Chronos,0.5051640272140503
Sample 23,TimesFM,0.4948360323905945
Sample 24,Moirai,0.5142601132392883
Sample 24,TimesFM,0.48573988676071167
Sample 25,Moirai,0.5060103535652161
Sample 25,Timer,0.4939897060394287
Sample 26,Moirai,0.5085657238960266
Sample 26,TimesFM,0.4914342761039734
Sample 27,Moirai,0.5065579414367676
Sample 27,Timer,0.4934420585632324
Sample 28,Chronos,0.5048209428787231
Sample 28,TimesFM,0.49517902731895447
Sample 29,Moirai,0.5096083879470825
Sample 29,Timer,0.4903915524482727
Sample 30,Moirai,0.5084211230278015
Sample 30,Timer,0.4915789067745209
Sample 31,Chronos,0.5030820965766907
Sample 31,TimesFM,0.4969179034233093
Sample 0,Moirai,0.5026839375495911
Sample 0,Time-MoE,0.49731603264808655
Sample 1,Moirai,0.5099976658821106
Sample 1,Timer,0.490002304315567
Sample 2,Moirai,0.5090274214744568
Sample 2,TimesFM,0.4909726083278656
Sample 3,Moirai,0.5065667033195496
Sample 3,Timer,0.49343329668045044
Sample 4,Chronos,0.5041319131851196
Sample 4,TimesFM,0.495868057012558
Sample 5,Moirai,0.5104852914810181
Sample 5,Timer,0.48951467871665955
Sample 6,Chronos,0.5031100511550903
Sample 6,TimesFM,0.49688997864723206
Sample 7,Chronos,0.5022144317626953
Sample 7,Moirai,0.4977855384349823
Sample 8,Chronos,0.5003612041473389
Sample 8,Time-MoE,0.49963873624801636
Sample 9,Moirai,0.5077070593833923
Sample 9,Timer,0.4922929108142853
Sample 10,Moirai,0.5041373372077942
Sample 10,Timer,0.4958626925945282
Sample 11,Chronos,0.5017337203025818
Sample 11,Moirai,0.4982662796974182
Sample 12,Chronos,0.5063825249671936
Sample 12,Time-MoE,0.4936174750328064
Sample 13,Moirai,0.5096344351768494
Sample 13,Timer,0.4903656244277954
Sample 14,Moirai,0.5097435712814331
Sample 14,TimesFM,0.4902564287185669
Sample 15,Chronos,0.5034506916999817
Sample 15,Time-MoE,0.4965492784976959
Sample 16,Moirai,0.5156598687171936
Sample 16,Time-MoE,0.4843401610851288
Sample 17,Moirai,0.5052437782287598
Sample 17,Timer,0.49475622177124023
Sample 18,Chronos,0.5025179982185364
Sample 18,Time-MoE,0.497482031583786
Sample 19,Moirai,0.507754385471344
Sample 19,Chronos,0.4922455847263336
Sample 20,Chronos,0.5055563449859619
Sample 20,Time-MoE,0.49444371461868286
Sample 21,Moirai,0.5102648138999939
Sample 21,Timer,0.4897351562976837
Sample 22,Moirai,0.5069966912269592
Sample 22,Chronos,0.4930032789707184
Sample 23,Chronos,0.503502607345581
Sample 23,Moirai,0.49649742245674133
Sample 24,Chronos,0.5011670589447021
Sample 24,Time-MoE,0.49883294105529785
Sample 25,Moirai,0.5070765614509583
Sample 25,Timer,0.49292340874671936
Sample 26,Moirai,0.5049285292625427
Sample 26,Time-MoE,0.4950714409351349
Sample 27,Moirai,0.5041075348854065
Sample 27,Timer,0.4958924949169159
Sample 28,Chronos,0.5048648715019226
Sample 28,Time-MoE,0.4951351284980774
Sample 29,Moirai,0.5075996518135071
Sample 29,TimesFM,0.49240031838417053
Sample 30,Moirai,0.5084373950958252
Sample 30,Timer,0.4915626049041748
Sample 31,Chronos,0.5038397312164307
Sample 31,TimesFM,0.49616023898124695
Sample 0,Time-MoE,0.5000346899032593
Sample 0,Chronos,0.4999653100967407
Sample 1,Moirai,0.5091575980186462
Sample 1,Timer,0.49084240198135376
Sample 2,Moirai,0.5036284327507019
Sample 2,Chronos,0.4963715672492981
Sample 3,Moirai,0.5078234672546387
Sample 3,Timer,0.4921765625476837
Sample 4,Moirai,0.5027371048927307
Sample 4,Chronos,0.4972628653049469
Sample 5,Chronos,0.5035238265991211
Sample 5,Time-MoE,0.4964761734008789
Sample 6,Chronos,0.5001647472381592
Sample 6,Time-MoE,0.49983522295951843
Sample 7,Chronos,0.5030601024627686
Sample 7,TimesFM,0.49693986773490906
Sample 8,Time-MoE,0.5000614523887634
Sample 8,Chronos,0.49993857741355896
Sample 9,Moirai,0.5096405148506165
Sample 9,Timer,0.49035948514938354
Sample 10,Chronos,0.5019510984420776
Sample 10,Time-MoE,0.49804893136024475
Sample 11,Moirai,0.5062490105628967
Sample 11,Timer,0.49375101923942566
Sample 12,Chronos,0.50510573387146
Sample 12,TimesFM,0.49489426612854004
Sample 13,Moirai,0.5081654191017151
Sample 13,Timer,0.4918345808982849
Sample 14,Moirai,0.5067262649536133
Sample 14,Timer,0.4932737648487091
Sample 15,Chronos,0.5042266845703125
Sample 15,TimesFM,0.4957733154296875
Sample 16,Moirai,0.5011781454086304
Sample 16,Time-MoE,0.49882179498672485
Sample 17,Moirai,0.5024612545967102
Sample 17,Chronos,0.497538685798645
Sample 18,Chronos,0.5005327463150024
Sample 18,Moirai,0.49946725368499756
Sample 19,Moirai,0.5041359663009644
Sample 19,Timer,0.49586400389671326
Sample 20,Chronos,0.504949688911438
Sample 20,TimesFM,0.4950503408908844
Sample 21,Moirai,0.5101047158241272
Sample 21,Timer,0.4898952543735504
Sample 22,Moirai,0.5087659358978271
Sample 22,Chronos,0.49123409390449524
Sample 23,Chronos,0.5024200677871704
Sample 23,TimesFM,0.4975799322128296
Sample 24,Chronos,0.5015907883644104
Sample 24,Time-MoE,0.4984092116355896
Sample 25,Moirai,0.5079959034919739
Sample 25,Timer,0.4920040965080261
Sample 26,Chronos,0.5019197463989258
Sample 26,Time-MoE,0.4980802536010742
Sample 27,Moirai,0.5070841312408447
Sample 27,Timer,0.4929158687591553
Sample 28,Chronos,0.5038304328918457
Sample 28,Time-MoE,0.4961695671081543
Sample 29,Moirai,0.5071659684181213
Sample 29,Timer,0.49283406138420105
Sample 30,Moirai,0.51161128282547
Sample 30,Timer,0.4883887469768524
Sample 31,Chronos,0.5030425786972046
Sample 31,Time-MoE,0.4969574511051178
Sample 0,Moirai,0.5006143450737
Sample 0,Time-MoE,0.49938568472862244
Sample 1,Moirai,0.5102354884147644
Sample 1,Timer,0.4897645115852356
Sample 2,Moirai,0.5054112672805786
Sample 2,Timer,0.4945887625217438
Sample 3,Moirai,0.5075164437294006
Sample 3,Timer,0.49248355627059937
Sample 4,Moirai,0.5053882598876953
Sample 4,Chronos,0.4946117103099823
Sample 5,Moirai,0.5091747641563416
Sample 5,Timer,0.4908252954483032
Sample 6,Moirai,0.5136548280715942
Sample 6,Time-MoE,0.48634520173072815
Sample 7,Chronos,0.5018243193626404
Sample 7,Time-MoE,0.4981756806373596
Sample 8,Moirai,0.5107654333114624
Sample 8,Time-MoE,0.4892345368862152
Sample 9,Moirai,0.5094993114471436
Sample 9,Timer,0.49050062894821167
Sample 10,Moirai,0.5043624043464661
Sample 10,Chronos,0.49563756585121155
Sample 11,Moirai,0.5050593018531799
Sample 11,Chronos,0.49494069814682007
Sample 12,Moirai,0.5011900067329407
Sample 12,Chronos,0.49880996346473694
Sample 13,Moirai,0.509696900844574
Sample 13,Timer,0.4903031289577484
Sample 14,Moirai,0.50565105676651
Sample 14,Chronos,0.49434900283813477
Sample 15,Chronos,0.5016328692436218
Sample 15,Moirai,0.4983671307563782
Sample 16,Moirai,0.506048321723938
Sample 16,Time-MoE,0.4939517080783844
Sample 17,Moirai,0.5085613131523132
Sample 17,Timer,0.4914386570453644
Sample 18,Moirai,0.5091353058815002
Sample 18,Timer,0.49086472392082214
Sample 19,Moirai,0.5041064620018005
Sample 19,Timer,0.49589353799819946
Sample 20,Chronos,0.506571352481842
Sample 20,Time-MoE,0.49342864751815796
Sample 21,Moirai,0.5105847120285034
Sample 21,Timer,0.4894152879714966
Sample 22,Moirai,0.5120543837547302
Sample 22,Timer,0.4879455864429474
Sample 23,Chronos,0.502697229385376
Sample 23,TimesFM,0.4973028004169464
Sample 24,Moirai,0.5013403296470642
Sample 24,Time-MoE,0.4986596405506134
Sample 25,Moirai,0.5080668926239014
Sample 25,Timer,0.49193307757377625
Sample 26,Moirai,0.5050750970840454
Sample 26,TimesFM,0.49492496252059937
Sample 27,Moirai,0.5062218308448792
Sample 27,Timer,0.49377819895744324
Sample 28,Chronos,0.5039156675338745
Sample 28,Time-MoE,0.4960843026638031
Sample 29,Moirai,0.5069704651832581
Sample 29,Chronos,0.49302950501441956
Sample 30,Moirai,0.5141389966011047
Sample 30,Chronos,0.4858609735965729
Sample 31,Chronos,0.5016019344329834
Sample 31,TimesFM,0.4983980655670166
Sample 0,Chronos,0.5004441738128662
Sample 0,Time-MoE,0.4995558559894562
Sample 1,Moirai,0.509329080581665
Sample 1,Timer,0.49067091941833496
Sample 2,Moirai,0.5012710690498352
Sample 2,Chronos,0.4987289607524872
Sample 3,Moirai,0.5093514323234558
Sample 3,Timer,0.4906485080718994
Sample 4,Chronos,0.5050697326660156
Sample 4,TimesFM,0.49493029713630676
Sample 5,Moirai,0.5109684467315674
Sample 5,Timer,0.489031583070755
Sample 6,Moirai,0.5081663131713867
Sample 6,Time-MoE,0.49183374643325806
Sample 7,Chronos,0.5026087760925293
Sample 7,TimesFM,0.4973912239074707
Sample 8,Moirai,0.5029802918434143
Sample 8,Chronos,0.4970196783542633
Sample 9,Moirai,0.5104130506515503
Sample 9,Timer,0.4895869195461273
Sample 10,Moirai,0.5066679120063782
Sample 10,TimesFM,0.4933321177959442
Sample 11,Moirai,0.5061671137809753
Sample 11,Chronos,0.49383291602134705
Sample 12,Chronos,0.5013114809989929
Sample 12,Time-MoE,0.49868854880332947
Sample 13,Chronos,0.5026156902313232
Sample 13,TimesFM,0.49738430976867676
Sample 14,Chronos,0.5032978653907776
Sample 14,Time-MoE,0.4967021346092224
Sample 15,Chronos,0.5010529160499573
Sample 15,Time-MoE,0.4989470839500427
Sample 16,Chronos,0.5006281733512878
Sample 16,Time-MoE,0.49937182664871216
Sample 17,Moirai,0.5109695196151733
Sample 17,Timer,0.4890304505825043
Sample 18,Chronos,0.5023231506347656
Sample 18,TimesFM,0.497676819562912
Sample 19,Moirai,0.5087759494781494
Sample 19,Timer,0.4912240505218506
Sample 20,Moirai,0.508606493473053
Sample 20,Timer,0.491393506526947
Sample 21,Moirai,0.5105528235435486
Sample 21,Timer,0.4894471764564514
Sample 22,Moirai,0.5053198933601379
Sample 22,Chronos,0.49468010663986206
Sample 23,Chronos,0.5035130381584167
Sample 23,Time-MoE,0.49648699164390564
Sample 24,Moirai,0.5087976455688477
Sample 24,Time-MoE,0.49120238423347473
Sample 25,Moirai,0.5097783803939819
Sample 25,Timer,0.49022161960601807
Sample 26,Moirai,0.5020227432250977
Sample 26,Chronos,0.49797725677490234
Sample 27,Moirai,0.5110960006713867
Sample 27,Timer,0.4889039993286133
Sample 28,Moirai,0.5078139305114746
Sample 28,Time-MoE,0.4921860992908478
Sample 29,Moirai,0.5064201951026917
Sample 29,Timer,0.49357983469963074
Sample 30,Moirai,0.5080234408378601
Sample 30,Chronos,0.4919765889644623
Sample 31,Chronos,0.5035083293914795
Sample 31,TimesFM,0.4964917004108429
Sample 0,Moirai,0.5163087248802185
Sample 0,Timer,0.4836912751197815
Sample 1,Moirai,0.5083218216896057
Sample 1,Timer,0.4916782081127167
Sample 2,Moirai,0.5066045522689819
Sample 2,Time-MoE,0.49339544773101807
Sample 3,Moirai,0.5070492029190063
Sample 3,Timer,0.49295082688331604
Sample 4,Chronos,0.5019515156745911
Sample 4,TimesFM,0.49804842472076416
Sample 5,Moirai,0.51311856508255
Sample 5,Timer,0.48688143491744995
Sample 6,Moirai,0.5049431920051575
Sample 6,Chronos,0.49505677819252014
Sample 7,Chronos,0.5021214485168457
Sample 7,TimesFM,0.4978784918785095
Sample 8,Moirai,0.5018511414527893
Sample 8,Chronos,0.49814891815185547
Sample 9,Moirai,0.5101170539855957
Sample 9,Timer,0.4898829460144043
Sample 10,Moirai,0.5046128034591675
Sample 10,TimesFM,0.49538713693618774
Sample 11,Moirai,0.5064777135848999
Sample 11,Timer,0.4935222566127777
Sample 12,Moirai,0.5041825771331787
Sample 12,Chronos,0.4958174526691437
Sample 13,Moirai,0.5116825699806213
Sample 13,Timer,0.48831743001937866
Sample 14,Moirai,0.5111374258995056
Sample 14,Timer,0.4888625144958496
Sample 15,Chronos,0.5032666921615601
Sample 15,Time-MoE,0.49673330783843994
Sample 0,Moirai,0.5015150904655457
Sample 0,Time-MoE,0.49848487973213196
Sample 1,Moirai,0.507702648639679
Sample 1,Timer,0.49229735136032104
Sample 2,Chronos,0.5058341026306152
Sample 2,TimesFM,0.49416592717170715
Sample 3,Moirai,0.5079479217529297
Sample 3,Timer,0.49205201864242554
Sample 4,Moirai,0.5082576274871826
Sample 4,Timer,0.4917423725128174
Sample 5,Moirai,0.510413408279419
Sample 5,Timer,0.4895865321159363
Sample 6,Moirai,0.505774974822998
Sample 6,Timer,0.4942249655723572
Sample 7,Chronos,0.5038078427314758
Sample 7,Time-MoE,0.4961921274662018
Sample 8,Moirai,0.506626307964325
Sample 8,Time-MoE,0.49337372183799744
Sample 9,Moirai,0.5078545212745667
Sample 9,Timer,0.49214550852775574
Sample 10,Moirai,0.512446939945221
Sample 10,Time-MoE,0.48755308985710144
Sample 11,Moirai,0.5097830891609192
Sample 11,Timer,0.4902169108390808
Sample 12,Chronos,0.5009634494781494
Sample 12,Moirai,0.499036580324173
Sample 13,Moirai,0.5108051300048828
Sample 13,Timer,0.4891948699951172
Sample 14,Moirai,0.5102100968360901
Sample 14,Timer,0.4897899329662323
Sample 15,Chronos,0.5045018792152405
Sample 15,TimesFM,0.49549809098243713
Sample 16,Moirai,0.5035435557365417
Sample 16,Time-MoE,0.4964563846588135
Sample 17,Moirai,0.5111466646194458
Sample 17,Timer,0.4888533651828766
Sample 18,Moirai,0.5009005665779114
Sample 18,Chronos,0.499099463224411
Sample 19,Moirai,0.5070679187774658
Sample 19,Timer,0.4929320812225342
Sample 20,Moirai,0.5059923529624939
Sample 20,Chronos,0.4940077066421509
Sample 21,Moirai,0.5061968564987183
Sample 21,Timer,0.4938031733036041
Sample 22,Chronos,0.5009439587593079
Sample 22,Moirai,0.4990560710430145
Sample 23,Chronos,0.5017940402030945
Sample 23,Time-MoE,0.4982060194015503
Sample 24,Chronos,0.5007569789886475
Sample 24,Time-MoE,0.4992430508136749
Sample 25,Moirai,0.508529543876648
Sample 25,Timer,0.49147042632102966
Sample 26,Moirai,0.5090864300727844
Sample 26,Chronos,0.4909135401248932
Sample 27,Moirai,0.5079674124717712
Sample 27,Chronos,0.49203258752822876
Sample 28,Chronos,0.5057382583618164
Sample 28,TimesFM,0.4942617416381836
Sample 29,Moirai,0.5124324560165405
Sample 29,Timer,0.4875675439834595
Sample 30,Moirai,0.5137354731559753
Sample 30,Timer,0.48626455664634705
Sample 31,Chronos,0.5034216046333313
Sample 31,Time-MoE,0.4965783953666687
Sample 0,Chronos,0.5016299486160278
Sample 0,Time-MoE,0.49837005138397217
Sample 1,Moirai,0.5127922296524048
Sample 1,Timer,0.4872077703475952
Sample 2,Chronos,0.5023477673530579
Sample 2,Time-MoE,0.49765220284461975
Sample 3,Moirai,0.5062076449394226
Sample 3,Timer,0.4937923550605774
Sample 4,Chronos,0.5051094889640808
Sample 4,Time-MoE,0.4948905408382416
Sample 5,Moirai,0.5124346613883972
Sample 5,Timer,0.4875653386116028
Sample 6,Moirai,0.503093957901001
Sample 6,Chronos,0.496906042098999
Sample 7,Chronos,0.5029518008232117
Sample 7,Time-MoE,0.4970482289791107
Sample 8,Moirai,0.5153549313545227
Sample 8,Time-MoE,0.4846450984477997
Sample 9,Moirai,0.5113177299499512
Sample 9,Timer,0.4886822998523712
Sample 10,Moirai,0.5060601234436035
Sample 10,Chronos,0.49393993616104126
Sample 11,Chronos,0.5034435987472534
Sample 11,TimesFM,0.4965563714504242
Sample 12,Chronos,0.5024510622024536
Sample 12,Time-MoE,0.49754899740219116
Sample 13,Moirai,0.5115965604782104
Sample 13,Timer,0.48840343952178955
Sample 14,Moirai,0.5053216814994812
Sample 14,Chronos,0.494678258895874
Sample 15,Chronos,0.5021207928657532
Sample 15,Moirai,0.49787914752960205
Sample 16,Moirai,0.5048499703407288
Sample 16,Time-MoE,0.495150089263916
Sample 17,Moirai,0.5122036933898926
Sample 17,Timer,0.4877963364124298
Sample 18,Chronos,0.5014223456382751
Sample 18,Moirai,0.49857765436172485
Sample 19,Moirai,0.5081331729888916
Sample 19,Timer,0.4918668568134308
Sample 20,Moirai,0.5144936442375183
Sample 20,Timer,0.4855063855648041
Sample 21,Moirai,0.5123467445373535
Sample 21,Timer,0.4876532256603241
Sample 22,Moirai,0.5019403100013733
Sample 22,Chronos,0.4980596601963043
Sample 23,Chronos,0.5061684250831604
Sample 23,TimesFM,0.4938315451145172
Sample 24,Moirai,0.5168609619140625
Sample 24,Timer,0.4831390380859375
Sample 25,Moirai,0.5065031051635742
Sample 25,Timer,0.4934968650341034
Sample 26,Moirai,0.5101835131645203
Sample 26,Timer,0.48981648683547974
Sample 27,Moirai,0.5072124600410461
Sample 27,Timer,0.49278759956359863
Sample 28,Chronos,0.5057697892189026
Sample 28,TimesFM,0.49423015117645264
Sample 29,Moirai,0.5106334090232849
Sample 29,Timer,0.4893666207790375
Sample 30,Moirai,0.5093352794647217
Sample 30,Timer,0.4906647801399231
Sample 31,Chronos,0.5038012862205505
Sample 31,TimesFM,0.49619874358177185
Sample 0,Moirai,0.5030178427696228
Sample 0,Time-MoE,0.4969821274280548
Sample 1,Moirai,0.511394202709198
Sample 1,Timer,0.4886058270931244
Sample 2,Moirai,0.5106909275054932
Sample 2,Time-MoE,0.48930904269218445
Sample 3,Moirai,0.5074877738952637
Sample 3,Timer,0.4925122559070587
Sample 4,Chronos,0.5048719048500061
Sample 4,Moirai,0.4951281249523163
Sample 5,Moirai,0.5118930339813232
Sample 5,Timer,0.48810693621635437
Sample 6,Chronos,0.5037695169448853
Sample 6,Time-MoE,0.49623048305511475
Sample 7,Chronos,0.5031355619430542
Sample 7,Moirai,0.4968644678592682
Sample 8,Chronos,0.500466525554657
Sample 8,Time-MoE,0.49953344464302063
Sample 9,Moirai,0.5086489915847778
Sample 9,Timer,0.4913509786128998
Sample 10,Moirai,0.5048189759254456
Sample 10,Timer,0.49518099427223206
Sample 11,Chronos,0.5020090937614441
Sample 11,Moirai,0.4979909062385559
Sample 12,Chronos,0.5074415802955627
Sample 12,TimesFM,0.49255844950675964
Sample 13,Moirai,0.5108643174171448
Sample 13,Timer,0.4891356825828552
Sample 14,Moirai,0.5110723376274109
Sample 14,Timer,0.4889276623725891
Sample 15,Chronos,0.5041359663009644
Sample 15,TimesFM,0.49586400389671326
Sample 16,Moirai,0.5184385776519775
Sample 16,Time-MoE,0.48156142234802246
Sample 17,Moirai,0.5057469606399536
Sample 17,Timer,0.4942530393600464
Sample 18,Chronos,0.503011167049408
Sample 18,Time-MoE,0.49698880314826965
Sample 19,Moirai,0.5087543725967407
Sample 19,Chronos,0.4912456274032593
Sample 20,Chronos,0.5066435933113098
Sample 20,Time-MoE,0.4933564066886902
Sample 21,Moirai,0.5115125775337219
Sample 21,Timer,0.4884874224662781
Sample 22,Moirai,0.5080838203430176
Sample 22,Chronos,0.49191614985466003
Sample 23,Chronos,0.5044070482254028
Sample 23,Moirai,0.4955929219722748
Sample 24,Chronos,0.5015276074409485
Sample 24,Time-MoE,0.4984724223613739
Sample 25,Moirai,0.5080506801605225
Sample 25,Timer,0.49194926023483276
Sample 26,Moirai,0.5053994655609131
Sample 26,Time-MoE,0.4946005344390869
Sample 27,Moirai,0.5046235918998718
Sample 27,Timer,0.49537643790245056
Sample 28,Chronos,0.5057865977287292
Sample 28,TimesFM,0.49421340227127075
Sample 29,Moirai,0.5088119506835938
Sample 29,Timer,0.4911879897117615
Sample 30,Moirai,0.5095902681350708
Sample 30,Timer,0.4904097616672516
Sample 31,Chronos,0.5046592950820923
Sample 31,TimesFM,0.4953407645225525
Sample 0,Chronos,0.5000988245010376
Sample 0,Time-MoE,0.4999011754989624
Sample 1,Moirai,0.5105700492858887
Sample 1,Timer,0.48942989110946655
Sample 2,Moirai,0.5034031867980957
Sample 2,Chronos,0.4965968430042267
Sample 3,Moirai,0.5091731548309326
Sample 3,Timer,0.4908268451690674
Sample 4,Moirai,0.5026757121086121
Sample 4,Chronos,0.49732425808906555
Sample 5,Chronos,0.5042010545730591
Sample 5,Time-MoE,0.49579891562461853
Sample 6,Chronos,0.5003573894500732
Sample 6,Time-MoE,0.499642550945282
Sample 7,Chronos,0.5035726428031921
Sample 7,TimesFM,0.4964273273944855
Sample 8,Chronos,0.5000428557395935
Sample 8,Time-MoE,0.4999571144580841
Sample 9,Moirai,0.5111209750175476
Sample 9,Timer,0.4888790249824524
Sample 10,Chronos,0.5024111270904541
Sample 10,Time-MoE,0.4975889027118683
Sample 11,Moirai,0.5072990655899048
Sample 11,Timer,0.4927009046077728
Sample 12,Chronos,0.5059425830841064
Sample 12,TimesFM,0.49405741691589355
Sample 13,Moirai,0.5093042254447937
Sample 13,Timer,0.4906958043575287
Sample 14,Moirai,0.5075867176055908
Sample 14,Timer,0.4924132823944092
Sample 15,Chronos,0.5049955248832703
Sample 15,TimesFM,0.49500447511672974
Sample 16,Moirai,0.5011457800865173
Sample 16,Time-MoE,0.49885421991348267
Sample 17,Moirai,0.5024528503417969
Sample 17,Chronos,0.49754711985588074
Sample 18,Chronos,0.5008543133735657
Sample 18,Moirai,0.49914562702178955
Sample 19,Moirai,0.5046836137771606
Sample 19,Timer,0.49531641602516174
Sample 20,Chronos,0.5057615041732788
Sample 20,TimesFM,0.4942385256290436
Sample 21,Moirai,0.5115109086036682
Sample 21,Timer,0.4884891211986542
Sample 22,Moirai,0.5097666382789612
Sample 22,Chronos,0.49023330211639404
Sample 23,Chronos,0.5030084252357483
Sample 23,TimesFM,0.4969915747642517
Sample 24,Chronos,0.501999020576477
Sample 24,Time-MoE,0.4980010390281677
Sample 25,Moirai,0.5091274380683899
Sample 25,Timer,0.4908725619316101
Sample 26,Chronos,0.5025539994239807
Sample 26,Time-MoE,0.4974460005760193
Sample 27,Moirai,0.5080838203430176
Sample 27,Timer,0.4919161796569824
Sample 28,Chronos,0.5046496987342834
Sample 28,Time-MoE,0.49535027146339417
Sample 29,Moirai,0.5080835223197937
Sample 29,Timer,0.4919164776802063
Sample 30,Moirai,0.5134445428848267
Sample 30,Timer,0.48655545711517334
Sample 31,Chronos,0.5037801861763
Sample 31,Time-MoE,0.49621984362602234
Sample 0,Moirai,0.5006728172302246
Sample 0,Time-MoE,0.4993271827697754
Sample 1,Moirai,0.5119835734367371
Sample 1,Timer,0.48801639676094055
Sample 2,Moirai,0.5056530833244324
Sample 2,Chronos,0.49434688687324524
Sample 3,Moirai,0.5089007019996643
Sample 3,Timer,0.4910993278026581
Sample 4,Moirai,0.5054842829704285
Sample 4,Chronos,0.49451565742492676
Sample 5,Moirai,0.5105241537094116
Sample 5,Timer,0.4894758462905884
Sample 6,Moirai,0.5153408050537109
Sample 6,Chronos,0.48465922474861145
Sample 7,Chronos,0.5022994875907898
Sample 7,TimesFM,0.4977005124092102
Sample 8,Moirai,0.5126749873161316
Sample 8,Time-MoE,0.4873250126838684
Sample 9,Moirai,0.5110769867897034
Sample 9,Timer,0.488923043012619
Sample 10,Moirai,0.5045354962348938
Sample 10,Chronos,0.4954645037651062
Sample 11,Moirai,0.5052734017372131
Sample 11,Chronos,0.4947265684604645
Sample 12,Moirai,0.5010064840316772
Sample 12,Chronos,0.49899351596832275
Sample 13,Moirai,0.5107272863388062
Sample 13,Chronos,0.48927274346351624
Sample 14,Moirai,0.5063025951385498
Sample 14,Chronos,0.4936973750591278
Sample 15,Chronos,0.5022723078727722
Sample 15,Moirai,0.4977276921272278
Sample 16,Moirai,0.5070772171020508
Sample 16,Time-MoE,0.4929228127002716
Sample 17,Moirai,0.5100337266921997
Sample 17,Timer,0.4899662733078003
Sample 18,Moirai,0.5104188323020935
Sample 18,Chronos,0.4895811676979065
Sample 19,Moirai,0.5045344233512878
Sample 19,Chronos,0.49546557664871216
Sample 20,Chronos,0.5075191855430603
Sample 20,TimesFM,0.4924807846546173
Sample 21,Moirai,0.5123606324195862
Sample 21,Timer,0.48763933777809143
Sample 22,Moirai,0.5142523050308228
Sample 22,Timer,0.48574766516685486
Sample 23,Chronos,0.5031716823577881
Sample 23,TimesFM,0.49682825803756714
Sample 24,Moirai,0.5014557838439941
Sample 24,Time-MoE,0.49854421615600586
Sample 25,Moirai,0.5094225406646729
Sample 25,Timer,0.49057742953300476
Sample 26,Moirai,0.5055837631225586
Sample 26,TimesFM,0.4944162964820862
Sample 27,Moirai,0.507339596748352
Sample 27,Timer,0.49266040325164795
Sample 28,Chronos,0.5046936869621277
Sample 28,Time-MoE,0.4953063130378723
Sample 29,Moirai,0.5074124336242676
Sample 29,Chronos,0.4925875663757324
Sample 30,Moirai,0.5157656073570251
Sample 30,Chronos,0.48423436284065247
Sample 31,Chronos,0.5018913149833679
Sample 31,TimesFM,0.4981086850166321
Sample 0,Chronos,0.500565230846405
Sample 0,Time-MoE,0.49943476915359497
Sample 1,Moirai,0.511030375957489
Sample 1,Timer,0.4889695942401886
Sample 2,Moirai,0.501218318939209
Sample 2,Chronos,0.4987817108631134
Sample 3,Moirai,0.5111930966377258
Sample 3,Timer,0.48880693316459656
Sample 4,Chronos,0.5058621168136597
Sample 4,TimesFM,0.4941379427909851
Sample 5,Moirai,0.512980043888092
Sample 5,Timer,0.48701998591423035
Sample 6,Moirai,0.5094935894012451
Sample 6,Chronos,0.4905063807964325
Sample 7,Chronos,0.5029560923576355
Sample 7,TimesFM,0.4970438778400421
Sample 8,Moirai,0.5031263828277588
Sample 8,Chronos,0.4968735873699188
Sample 9,Moirai,0.5123419761657715
Sample 9,Timer,0.48765799403190613
Sample 10,Moirai,0.5073921084403992
Sample 10,Chronos,0.49260789155960083
Sample 11,Moirai,0.506851315498352
Sample 11,Chronos,0.49314868450164795
Sample 12,Chronos,0.5016534328460693
Sample 12,Time-MoE,0.4983465075492859
Sample 13,Chronos,0.5030747652053833
Sample 13,TimesFM,0.4969252049922943
Sample 14,Chronos,0.5038052201271057
Sample 14,TimesFM,0.4961948096752167
Sample 15,Chronos,0.501484751701355
Sample 15,Time-MoE,0.4985152781009674
Sample 16,Chronos,0.5008189678192139
Sample 16,Time-MoE,0.49918100237846375
Sample 17,Moirai,0.5129675269126892
Sample 17,Timer,0.48703253269195557
Sample 18,Chronos,0.502669632434845
Sample 18,TimesFM,0.4973303973674774
Sample 19,Moirai,0.5104882121086121
Sample 19,Timer,0.4895118176937103
Sample 20,Moirai,0.5100430846214294
Sample 20,Timer,0.48995691537857056
Sample 21,Moirai,0.5122664570808411
Sample 21,Timer,0.48773351311683655
Sample 22,Moirai,0.5056414604187012
Sample 22,Chronos,0.49435853958129883
Sample 23,Chronos,0.5042599439620972
Sample 23,Time-MoE,0.49574005603790283
Sample 24,Moirai,0.5100317001342773
Sample 24,Time-MoE,0.4899682402610779
Sample 25,Moirai,0.5115460157394409
Sample 25,Timer,0.48845401406288147
Sample 26,Moirai,0.5019537806510925
Sample 26,Chronos,0.49804621934890747
Sample 27,Moirai,0.5131863951683044
Sample 27,Timer,0.48681360483169556
Sample 28,Moirai,0.509167492389679
Sample 28,Chronos,0.49083244800567627
Sample 29,Moirai,0.5074043273925781
Sample 29,Chronos,0.4925956428050995
Sample 30,Moirai,0.5087520480155945
Sample 30,Chronos,0.4912479519844055
Sample 31,Chronos,0.5040732622146606
Sample 31,TimesFM,0.49592673778533936
Sample 0,Moirai,0.5196266174316406
Sample 0,Chronos,0.48037341237068176
Sample 1,Moirai,0.5097829699516296
Sample 1,Timer,0.49021705985069275
Sample 2,Moirai,0.5070896744728088
Sample 2,Time-MoE,0.49291035532951355
Sample 3,Moirai,0.5077434778213501
Sample 3,Chronos,0.4922564625740051
Sample 4,Chronos,0.5022661089897156
Sample 4,Moirai,0.4977338910102844
Sample 5,Moirai,0.5155661106109619
Sample 5,Timer,0.4844338595867157
Sample 6,Moirai,0.5054291486740112
Sample 6,Chronos,0.494570791721344
Sample 7,Chronos,0.5025676488876343
Sample 7,TimesFM,0.4974323809146881
Sample 8,Moirai,0.5017157793045044
Sample 8,Chronos,0.49828416109085083
Sample 9,Moirai,0.5120144486427307
Sample 9,Timer,0.4879855513572693
Sample 10,Moirai,0.504180908203125
Sample 10,TimesFM,0.4958191215991974
Sample 11,Moirai,0.5079103112220764
Sample 11,Timer,0.4920896589756012
Sample 12,Moirai,0.5042799115180969
Sample 12,Chronos,0.4957200884819031
Sample 13,Moirai,0.5139827728271484
Sample 13,Timer,0.48601722717285156
Sample 14,Moirai,0.5131629109382629
Sample 14,Timer,0.48683711886405945
Sample 15,Chronos,0.5038203001022339
Sample 15,Time-MoE,0.4961796998977661
Sample 0,Moirai,0.5017824769020081
Sample 0,Time-MoE,0.49821755290031433
Sample 1,Moirai,0.5092958211898804
Sample 1,Timer,0.490704208612442
Sample 2,Chronos,0.5067312121391296
Sample 2,TimesFM,0.49326878786087036
Sample 3,Moirai,0.5097466111183167
Sample 3,Timer,0.4902534484863281
Sample 4,Moirai,0.5092262625694275
Sample 4,Chronos,0.4907737672328949
Sample 5,Moirai,0.5125473141670227
Sample 5,Timer,0.4874526858329773
Sample 6,Moirai,0.5068461894989014
Sample 6,Chronos,0.49315375089645386
Sample 7,Chronos,0.5044242143630981
Sample 7,Time-MoE,0.49557581543922424
Sample 8,Moirai,0.5077958106994629
Sample 8,Time-MoE,0.4922041594982147
Sample 9,Moirai,0.5094510912895203
Sample 9,Timer,0.49054890871047974
Sample 10,Moirai,0.513704240322113
Sample 10,Time-MoE,0.48629575967788696
Sample 11,Moirai,0.511784553527832
Sample 11,Timer,0.48821550607681274
Sample 12,Chronos,0.5016468167304993
Sample 12,Moirai,0.4983532428741455
Sample 13,Moirai,0.5130637288093567
Sample 13,Timer,0.4869363307952881
Sample 14,Moirai,0.5121370553970337
Sample 14,Timer,0.4878629446029663
Sample 15,Chronos,0.5052037239074707
Sample 15,TimesFM,0.4947963058948517
Sample 16,Moirai,0.5041341185569763
Sample 16,Time-MoE,0.4958658814430237
Sample 17,Moirai,0.5134304165840149
Sample 17,Timer,0.4865696132183075
Sample 18,Moirai,0.5008623600006104
Sample 18,Chronos,0.49913763999938965
Sample 19,Moirai,0.5087978839874268
Sample 19,Timer,0.49120211601257324
Sample 20,Moirai,0.5071183443069458
Sample 20,Chronos,0.4928816556930542
Sample 21,Moirai,0.5074788331985474
Sample 21,Timer,0.49252116680145264
Sample 22,Chronos,0.5009792447090149
Sample 22,Moirai,0.4990207850933075
Sample 23,Chronos,0.5023144483566284
Sample 23,Time-MoE,0.49768558144569397
Sample 24,Chronos,0.5007592439651489
Sample 24,Time-MoE,0.4992406964302063
Sample 25,Moirai,0.5102390646934509
Sample 25,Timer,0.4897609353065491
Sample 26,Moirai,0.5099152326583862
Sample 26,Chronos,0.49008476734161377
Sample 27,Moirai,0.5089426040649414
Sample 27,Chronos,0.4910573959350586
Sample 28,Chronos,0.5065554976463318
Sample 28,TimesFM,0.4934445023536682
Sample 29,Moirai,0.5149074196815491
Sample 29,Timer,0.4850925803184509
Sample 30,Moirai,0.5164726972579956
Sample 30,Time-MoE,0.4835273027420044
Sample 31,Chronos,0.504109263420105
Sample 31,Time-MoE,0.495890736579895
Sample 0,Chronos,0.5016007423400879
Sample 0,Time-MoE,0.4983992576599121
Sample 1,Moirai,0.515472412109375
Sample 1,Timer,0.4845276474952698
Sample 2,Chronos,0.5027338266372681
Sample 2,Time-MoE,0.49726611375808716
Sample 3,Moirai,0.5077964663505554
Sample 3,Timer,0.4922035336494446
Sample 4,Chronos,0.5057626366615295
Sample 4,TimesFM,0.49423742294311523
Sample 5,Moirai,0.5150136947631836
Sample 5,Timer,0.484986275434494
Sample 6,Moirai,0.5034385919570923
Sample 6,Chronos,0.4965614080429077
Sample 7,Chronos,0.5033589601516724
Sample 7,Time-MoE,0.49664101004600525
Sample 8,Moirai,0.5181841850280762
Sample 8,Time-MoE,0.4818158447742462
Sample 9,Moirai,0.5136897563934326
Sample 9,Timer,0.486310213804245
Sample 10,Moirai,0.507131814956665
Sample 10,Chronos,0.49286818504333496
Sample 11,Chronos,0.5038300156593323
Sample 11,TimesFM,0.4961699843406677
Sample 12,Chronos,0.5028902292251587
Sample 12,Moirai,0.4971097707748413
Sample 13,Moirai,0.5140262246131897
Sample 13,Timer,0.4859738051891327
Sample 14,Moirai,0.505979597568512
Sample 14,Chronos,0.49402040243148804
Sample 15,Chronos,0.5026078224182129
Sample 15,Moirai,0.4973921775817871
Sample 16,Moirai,0.5058349967002869
Sample 16,Time-MoE,0.49416500329971313
Sample 17,Moirai,0.5147082209587097
Sample 17,Timer,0.4852917790412903
Sample 18,Chronos,0.5022756457328796
Sample 18,Moirai,0.49772435426712036
Sample 19,Moirai,0.5101552605628967
Sample 19,Timer,0.48984473943710327
Sample 20,Moirai,0.5167113542556763
Sample 20,Time-MoE,0.48328864574432373
Sample 21,Moirai,0.5149732828140259
Sample 21,Timer,0.4850267469882965
Sample 22,Moirai,0.5022990107536316
Sample 22,Chronos,0.4977009892463684
Sample 23,Chronos,0.5070571899414062
Sample 23,TimesFM,0.49294278025627136
Sample 24,Moirai,0.5200491547584534
Sample 24,Time-MoE,0.47995084524154663
Sample 25,Moirai,0.5077924132347107
Sample 25,Timer,0.4922076165676117
Sample 26,Moirai,0.511684775352478
Sample 26,TimesFM,0.488315224647522
Sample 27,Moirai,0.5087713003158569
Sample 27,Timer,0.49122872948646545
Sample 28,Chronos,0.5065850615501404
Sample 28,TimesFM,0.49341490864753723
Sample 29,Moirai,0.512697696685791
Sample 29,Timer,0.487302303314209
Sample 30,Moirai,0.511268675327301
Sample 30,Timer,0.48873135447502136
Sample 31,Chronos,0.5042880177497864
Sample 31,TimesFM,0.495712012052536
Sample 0,Moirai,0.5032864809036255
Sample 0,Time-MoE,0.4967135488986969
Sample 1,Moirai,0.513630747795105
Sample 1,Timer,0.48636922240257263
Sample 2,Moirai,0.5116518139839172
Sample 2,TimesFM,0.4883481562137604
Sample 3,Moirai,0.5089950561523438
Sample 3,Timer,0.49100491404533386
Sample 4,Chronos,0.5049816966056824
Sample 4,TimesFM,0.4950183033943176
Sample 5,Moirai,0.5140886306762695
Sample 5,Timer,0.48591136932373047
Sample 6,Chronos,0.5045307278633118
Sample 6,TimesFM,0.4954693019390106
Sample 7,Chronos,0.5038416385650635
Sample 7,Moirai,0.4961583614349365
Sample 8,Chronos,0.5001789331436157
Sample 8,Time-MoE,0.49982109665870667
Sample 9,Moirai,0.51020348072052
Sample 9,Timer,0.48979654908180237
Sample 10,Moirai,0.5060941576957703
Sample 10,Timer,0.49390584230422974
Sample 11,Chronos,0.5024534463882446
Sample 11,Moirai,0.497546523809433
Sample 12,Chronos,0.5083894729614258
Sample 12,TimesFM,0.4916105270385742
Sample 13,Moirai,0.5127658843994141
Sample 13,Timer,0.48723408579826355
Sample 14,Moirai,0.5130586624145508
Sample 14,Timer,0.4869413375854492
Sample 15,Chronos,0.504512369632721
Sample 15,TimesFM,0.49548763036727905
Sample 16,Moirai,0.5216367840766907
Sample 16,Time-MoE,0.4783632159233093
Sample 17,Moirai,0.5066284537315369
Sample 17,Timer,0.4933715760707855
Sample 18,Chronos,0.5034694075584412
Sample 18,Time-MoE,0.49653056263923645
Sample 19,Moirai,0.5102658271789551
Sample 19,Chronos,0.48973414301872253
Sample 20,Chronos,0.5075876116752625
Sample 20,TimesFM,0.49241235852241516
Sample 21,Moirai,0.5133835077285767
Sample 21,Timer,0.4866165220737457
Sample 22,Moirai,0.5097317099571228
Sample 22,Chronos,0.4902682900428772
Sample 23,Chronos,0.5049248933792114
Sample 23,TimesFM,0.49507513642311096
Sample 24,Chronos,0.5014123916625977
Sample 24,Time-MoE,0.49858763813972473
Sample 25,Moirai,0.5096436738967896
Sample 25,Timer,0.49035635590553284
Sample 26,Moirai,0.5058208703994751
Sample 26,Time-MoE,0.4941790997982025
Sample 27,Moirai,0.5052122473716736
Sample 27,Chronos,0.4947877824306488
Sample 28,Chronos,0.5065478086471558
Sample 28,TimesFM,0.49345216155052185
Sample 29,Moirai,0.5101058483123779
Sample 29,Time-MoE,0.48989415168762207
Sample 30,Moirai,0.5114011764526367
Sample 30,Timer,0.4885988235473633
Sample 31,Chronos,0.5053086280822754
Sample 31,TimesFM,0.4946914315223694
Sample 0,Time-MoE,0.5001951456069946
Sample 0,Chronos,0.4998047947883606
Sample 1,Moirai,0.5124986171722412
Sample 1,Timer,0.4875014126300812
Sample 2,Moirai,0.5036224126815796
Sample 2,Chronos,0.4963776171207428
Sample 3,Moirai,0.510960578918457
Sample 3,Timer,0.48903948068618774
Sample 4,Moirai,0.5030549168586731
Sample 4,Chronos,0.4969451129436493
Sample 5,Chronos,0.5046341419219971
Sample 5,Time-MoE,0.49536585807800293
Sample 6,Chronos,0.5002902746200562
Sample 6,Time-MoE,0.49970969557762146
Sample 7,Chronos,0.5037446618080139
Sample 7,TimesFM,0.49625536799430847
Sample 8,Time-MoE,0.5004083514213562
Sample 8,Chronos,0.4995916783809662
Sample 9,Moirai,0.5130996108055115
Sample 9,Timer,0.48690035939216614
Sample 10,Chronos,0.5029133558273315
Sample 10,TimesFM,0.49708667397499084
Sample 11,Moirai,0.5086467862129211
Sample 11,Timer,0.49135321378707886
Sample 12,Chronos,0.5067460536956787
Sample 12,TimesFM,0.4932539463043213
Sample 13,Moirai,0.5107653141021729
Sample 13,Timer,0.48923468589782715
Sample 14,Moirai,0.5087584853172302
Sample 14,Timer,0.4912415146827698
Sample 15,Chronos,0.5055112838745117
Sample 15,TimesFM,0.49448874592781067
Sample 16,Moirai,0.5010526180267334
Sample 16,Time-MoE,0.498947411775589
Sample 17,Moirai,0.5025843977928162
Sample 17,Chronos,0.49741560220718384
Sample 18,Chronos,0.5008893013000488
Sample 18,Moirai,0.49911069869995117
Sample 19,Moirai,0.5053972601890564
Sample 19,Timer,0.494602769613266
Sample 20,Chronos,0.5066056251525879
Sample 20,TimesFM,0.4933944046497345
Sample 21,Moirai,0.5133571624755859
Sample 21,Timer,0.48664283752441406
Sample 22,Moirai,0.5117511749267578
Sample 22,Chronos,0.4882488250732422
Sample 23,Chronos,0.503368079662323
Sample 23,TimesFM,0.496631920337677
Sample 24,Chronos,0.5017890334129333
Sample 24,Time-MoE,0.49821099638938904
Sample 25,Moirai,0.5106347799301147
Sample 25,Timer,0.48936524987220764
Sample 26,Chronos,0.5028722286224365
Sample 26,TimesFM,0.49712780117988586
Sample 27,Moirai,0.5093767642974854
Sample 27,Timer,0.49062320590019226
Sample 28,Chronos,0.5051034688949585
Sample 28,Time-MoE,0.4948965609073639
Sample 29,Moirai,0.5091995000839233
Sample 29,Timer,0.4908004701137543
Sample 30,Moirai,0.5159146189689636
Sample 30,Timer,0.4840853810310364
Sample 31,Chronos,0.5039559602737427
Sample 31,Time-MoE,0.4960440695285797
Sample 0,Moirai,0.5007542371749878
Sample 0,Time-MoE,0.4992457330226898
Sample 1,Moirai,0.5139800310134888
Sample 1,Timer,0.4860199987888336
Sample 2,Moirai,0.506260097026825
Sample 2,Chronos,0.49373993277549744
Sample 3,Moirai,0.5104192495346069
Sample 3,Timer,0.4895807206630707
Sample 4,Moirai,0.5062335729598999
Sample 4,Chronos,0.4937664568424225
Sample 5,Moirai,0.512002170085907
Sample 5,Timer,0.487997829914093
Sample 6,Moirai,0.518028736114502
Sample 6,TimesFM,0.48197129368782043
Sample 7,Chronos,0.5023815035820007
Sample 7,TimesFM,0.4976184368133545
Sample 8,Moirai,0.5151321887969971
Sample 8,Time-MoE,0.4848678410053253
Sample 9,Moirai,0.5128453969955444
Sample 9,Timer,0.4871545732021332
Sample 10,Moirai,0.5050981640815735
Sample 10,Chronos,0.4949018359184265
Sample 11,Moirai,0.5062554478645325
Sample 11,Chronos,0.49374455213546753
Sample 12,Moirai,0.5011195540428162
Sample 12,Chronos,0.4988804757595062
Sample 13,Moirai,0.5123921036720276
Sample 13,TimesFM,0.4876079261302948
Sample 14,Moirai,0.5076701045036316
Sample 14,Chronos,0.4923299252986908
Sample 15,Chronos,0.5029120445251465
Sample 15,Moirai,0.4970879554748535
Sample 16,Moirai,0.5082842707633972
Sample 16,Time-MoE,0.4917157292366028
Sample 17,Moirai,0.5117565989494324
Sample 17,Timer,0.48824334144592285
Sample 18,Moirai,0.5126729607582092
Sample 18,TimesFM,0.48732706904411316
Sample 19,Moirai,0.505053699016571
Sample 19,Chronos,0.49494630098342896
Sample 20,Chronos,0.5085954070091248
Sample 20,TimesFM,0.49140456318855286
Sample 21,Moirai,0.5143492221832275
Sample 21,Timer,0.4856507480144501
Sample 22,Moirai,0.5167175531387329
Sample 22,TimesFM,0.4832824170589447
Sample 23,Chronos,0.5034765005111694
Sample 23,TimesFM,0.49652349948883057
Sample 24,Moirai,0.5016098618507385
Sample 24,Time-MoE,0.49839019775390625
Sample 25,Moirai,0.5109137892723083
Sample 25,Timer,0.48908618092536926
Sample 26,Moirai,0.5058708786964417
Sample 26,TimesFM,0.49412912130355835
Sample 27,Moirai,0.5085141658782959
Sample 27,Timer,0.4914858937263489
Sample 28,Chronos,0.5050244331359863
Sample 28,Time-MoE,0.49497556686401367
Sample 29,Moirai,0.5083907842636108
Sample 29,Chronos,0.49160921573638916
Sample 30,Moirai,0.5186957716941833
Sample 30,TimesFM,0.48130425810813904
Sample 31,Chronos,0.5018514394760132
Sample 31,TimesFM,0.4981485605239868
Sample 0,Time-MoE,0.5000199675559998
Sample 0,Chronos,0.49998003244400024
Sample 1,Moirai,0.5127560496330261
Sample 1,Timer,0.48724398016929626
Sample 2,Moirai,0.5017114281654358
Sample 2,Chronos,0.4982886016368866
Sample 3,Moirai,0.5130232572555542
Sample 3,Timer,0.4869767427444458
Sample 4,Chronos,0.5066874027252197
Sample 4,Time-MoE,0.4933125972747803
Sample 5,Moirai,0.5150688886642456
Sample 5,Timer,0.4849310517311096
Sample 6,Moirai,0.5115558505058289
Sample 6,TimesFM,0.4884442090988159
Sample 7,Chronos,0.5028878450393677
Sample 7,TimesFM,0.49711212515830994
Sample 8,Moirai,0.5042753219604492
Sample 8,Chronos,0.49572470784187317
Sample 9,Moirai,0.5143553614616394
Sample 9,Timer,0.4856446087360382
Sample 10,Moirai,0.5081436038017273
Sample 10,TimesFM,0.4918564260005951
Sample 11,Moirai,0.5083665251731873
Sample 11,Chronos,0.49163350462913513
Sample 12,Chronos,0.5015771985054016
Sample 12,Time-MoE,0.4984228014945984
Sample 13,Chronos,0.503658652305603
Sample 13,TimesFM,0.49634137749671936
Sample 14,Chronos,0.5041587948799133
Sample 14,TimesFM,0.49584123492240906
Sample 15,Chronos,0.501505434513092
Sample 15,Time-MoE,0.49849453568458557
Sample 16,Chronos,0.5002445578575134
Sample 16,Time-MoE,0.49975547194480896
Sample 17,Moirai,0.5150486826896667
Sample 17,Timer,0.48495134711265564
Sample 18,Chronos,0.5026745200157166
Sample 18,TimesFM,0.49732547998428345
Sample 19,Moirai,0.5121984481811523
Sample 19,Timer,0.48780158162117004
Sample 20,Moirai,0.5114366412162781
Sample 20,Timer,0.4885633587837219
Sample 21,Moirai,0.514014720916748
Sample 21,Timer,0.48598530888557434
Sample 22,Moirai,0.5066970586776733
Sample 22,Chronos,0.49330294132232666
Sample 23,Chronos,0.5043218731880188
Sample 23,Time-MoE,0.4956781268119812
Sample 24,Moirai,0.5118997693061829
Sample 24,Time-MoE,0.4881002604961395
Sample 25,Moirai,0.5133737325668335
Sample 25,Timer,0.4866262972354889
Sample 26,Moirai,0.5023022890090942
Sample 26,Chronos,0.4976976811885834
Sample 27,Moirai,0.5153301358222961
Sample 27,Timer,0.48466986417770386
Sample 28,Moirai,0.5110669732093811
Sample 28,TimesFM,0.48893308639526367
Sample 29,Moirai,0.5088539719581604
Sample 29,Timer,0.4911460876464844
Sample 30,Moirai,0.5105942487716675
Sample 30,TimesFM,0.4894057810306549
Sample 31,Chronos,0.5046972632408142
Sample 31,TimesFM,0.4953027069568634
Sample 0,Moirai,0.5228858590126038
Sample 0,TimesFM,0.47711414098739624
Sample 1,Moirai,0.5110316872596741
Sample 1,Timer,0.4889683127403259
Sample 2,Moirai,0.5079972147941589
Sample 2,Time-MoE,0.49200281500816345
Sample 3,Moirai,0.5090160369873047
Sample 3,Chronos,0.4909839630126953
Sample 4,Chronos,0.5026317834854126
Sample 4,TimesFM,0.4973682463169098
Sample 5,Moirai,0.5177978277206421
Sample 5,Timer,0.48220211267471313
Sample 6,Moirai,0.5065375566482544
Sample 6,Chronos,0.493462473154068
Sample 7,Chronos,0.5028242468833923
Sample 7,TimesFM,0.49717578291893005
Sample 8,Moirai,0.5021471977233887
Sample 8,Time-MoE,0.49785277247428894
Sample 9,Moirai,0.5137434005737305
Sample 9,Timer,0.48625656962394714
Sample 10,Moirai,0.5041341185569763
Sample 10,TimesFM,0.49586591124534607
Sample 11,Moirai,0.5090166926383972
Sample 11,Timer,0.4909833073616028
Sample 12,Moirai,0.5047566294670105
Sample 12,Chronos,0.4952434003353119
Sample 13,Moirai,0.5161481499671936
Sample 13,Timer,0.483851820230484
Sample 14,Moirai,0.5150734186172485
Sample 14,Timer,0.48492658138275146
Sample 15,Chronos,0.5038006901741028
Sample 15,Time-MoE,0.4961993098258972
Sample 0,Moirai,0.5019619464874268
Sample 0,Time-MoE,0.49803808331489563
Sample 1,Moirai,0.5103021860122681
Sample 1,Timer,0.48969781398773193
Sample 2,Chronos,0.5077670216560364
Sample 2,TimesFM,0.4922329783439636
Sample 3,Moirai,0.510936439037323
Sample 3,Timer,0.489063560962677
Sample 4,Moirai,0.5107566714286804
Sample 4,Chronos,0.48924338817596436
Sample 5,Moirai,0.5140907168388367
Sample 5,Timer,0.4859093427658081
Sample 6,Moirai,0.5082493424415588
Sample 6,Chronos,0.4917505979537964
Sample 7,Chronos,0.5044347643852234
Sample 7,Time-MoE,0.495565265417099
Sample 8,Moirai,0.5092407464981079
Sample 8,Time-MoE,0.4907592535018921
Sample 9,Moirai,0.510479748249054
Sample 9,Timer,0.48952022194862366
Sample 10,Moirai,0.5154811143875122
Sample 10,TimesFM,0.4845188856124878
Sample 11,Moirai,0.5131268501281738
Sample 11,Timer,0.48687317967414856
Sample 12,Chronos,0.5019251704216003
Sample 12,Time-MoE,0.49807479977607727
Sample 13,Moirai,0.5147280097007751
Sample 13,Timer,0.48527202010154724
Sample 14,Moirai,0.5135379433631897
Sample 14,Timer,0.4864621162414551
Sample 15,Chronos,0.5057337880134583
Sample 15,Time-MoE,0.49426621198654175
Sample 16,Moirai,0.5048202872276306
Sample 16,Time-MoE,0.495179682970047
Sample 17,Moirai,0.5151338577270508
Sample 17,Timer,0.4848661422729492
Sample 18,Moirai,0.5010161995887756
Sample 18,Chronos,0.49898383021354675
Sample 19,Moirai,0.5099114775657654
Sample 19,Timer,0.490088552236557
Sample 20,Moirai,0.5087882280349731
Sample 20,Chronos,0.49121174216270447
Sample 21,Moirai,0.5083315968513489
Sample 21,Timer,0.49166837334632874
Sample 22,Chronos,0.5010714530944824
Sample 22,Moirai,0.4989285469055176
Sample 23,Chronos,0.5024255514144897
Sample 23,Time-MoE,0.49757444858551025
Sample 24,Chronos,0.5000677108764648
Sample 24,Time-MoE,0.49993231892585754
Sample 25,Moirai,0.5113692283630371
Sample 25,Timer,0.4886308014392853
Sample 26,Moirai,0.5116634964942932
Sample 26,Chronos,0.4883365035057068
Sample 27,Moirai,0.5107403993606567
Sample 27,Chronos,0.4892595708370209
Sample 28,Chronos,0.5073545575141907
Sample 28,TimesFM,0.4926454424858093
Sample 29,Moirai,0.5167296528816223
Sample 29,Timer,0.4832703769207001
Sample 30,Moirai,0.5186704397201538
Sample 30,Timer,0.48132961988449097
Sample 31,Chronos,0.504314124584198
Sample 31,Time-MoE,0.4956859052181244
Sample 0,Chronos,0.5010208487510681
Sample 0,Time-MoE,0.4989791512489319
Sample 1,Moirai,0.5171464681625366
Sample 1,Timer,0.482853502035141
Sample 2,Chronos,0.5027517676353455
Sample 2,Time-MoE,0.4972482919692993
Sample 3,Moirai,0.5084909796714783
Sample 3,Timer,0.49150899052619934
Sample 4,Chronos,0.5064834356307983
Sample 4,TimesFM,0.4935165047645569
Sample 5,Moirai,0.5166000723838806
Sample 5,Timer,0.4833999276161194
Sample 6,Moirai,0.5037825107574463
Sample 6,Chronos,0.4962174594402313
Sample 7,Chronos,0.503264844417572
Sample 7,Time-MoE,0.4967351257801056
Sample 8,Moirai,0.5213184356689453
Sample 8,TimesFM,0.4786815941333771
Sample 9,Moirai,0.5150634050369263
Sample 9,Timer,0.4849366247653961
Sample 10,Moirai,0.5083862543106079
Sample 10,Chronos,0.4916137754917145
Sample 11,Chronos,0.5041677355766296
Sample 11,TimesFM,0.49583226442337036
Sample 12,Chronos,0.503151535987854
Sample 12,Time-MoE,0.4968484342098236
Sample 13,Moirai,0.5155233144760132
Sample 13,Timer,0.48447662591934204
Sample 14,Moirai,0.5067592263221741
Sample 14,Chronos,0.4932407736778259
Sample 15,Chronos,0.5029199719429016
Sample 15,Moirai,0.4970800280570984
Sample 16,Moirai,0.5069183111190796
Sample 16,Time-MoE,0.4930816888809204
Sample 17,Moirai,0.5162268877029419
Sample 17,Timer,0.4837731122970581
Sample 18,Chronos,0.5033215880393982
Sample 18,Moirai,0.4966784119606018
Sample 19,Moirai,0.5112197995185852
Sample 19,Timer,0.48878014087677
Sample 20,Moirai,0.518968939781189
Sample 20,TimesFM,0.48103103041648865
Sample 21,Moirai,0.5165976285934448
Sample 21,Timer,0.4834023714065552
Sample 22,Moirai,0.5027582049369812
Sample 22,Chronos,0.4972418248653412
Sample 23,Chronos,0.5080540180206299
Sample 23,TimesFM,0.4919460117816925
Sample 24,Moirai,0.5232426524162292
Sample 24,TimesFM,0.4767574071884155
Sample 25,Moirai,0.5082882046699524
Sample 25,Timer,0.49171173572540283
Sample 26,Moirai,0.5127114057540894
Sample 26,TimesFM,0.48728859424591064
Sample 27,Moirai,0.5094678997993469
Sample 27,Timer,0.4905320703983307
Sample 28,Chronos,0.506993293762207
Sample 28,Time-MoE,0.4930066466331482
Sample 29,Moirai,0.5138686895370483
Sample 29,Timer,0.48613131046295166
Sample 30,Moirai,0.512301504611969
Sample 30,Timer,0.487698495388031
Sample 31,Chronos,0.5047118663787842
Sample 31,TimesFM,0.4952881634235382
Sample 0,Moirai,0.5032299757003784
Sample 0,Time-MoE,0.4967699944972992
Sample 1,Moirai,0.5148417949676514
Sample 1,Timer,0.48515817523002625
Sample 2,Moirai,0.5129510164260864
Sample 2,TimesFM,0.48704901337623596
Sample 3,Moirai,0.5096292495727539
Sample 3,Timer,0.4903706908226013
Sample 4,Chronos,0.505180835723877
Sample 4,TimesFM,0.49481916427612305
Sample 5,Moirai,0.5153653025627136
Sample 5,Timer,0.484634667634964
Sample 6,Chronos,0.5052866339683533
Sample 6,TimesFM,0.49471333622932434
Sample 7,Chronos,0.5045326352119446
Sample 7,TimesFM,0.4954673647880554
Sample 8,Time-MoE,0.5003780126571655
Sample 8,Chronos,0.49962201714515686
Sample 9,Moirai,0.5109462738037109
Sample 9,Timer,0.4890536665916443
Sample 10,Moirai,0.5065879225730896
Sample 10,Timer,0.493412047624588
Sample 11,Chronos,0.5029362440109253
Sample 11,TimesFM,0.4970637559890747
Sample 12,Chronos,0.5088996291160583
Sample 12,Time-MoE,0.49110037088394165
Sample 13,Moirai,0.5137770175933838
Sample 13,Timer,0.4862229526042938
Sample 14,Moirai,0.5141447186470032
Sample 14,Timer,0.4858553111553192
Sample 15,Chronos,0.504752516746521
Sample 15,Time-MoE,0.495247483253479
Sample 16,Moirai,0.524738073348999
Sample 16,TimesFM,0.475261926651001
Sample 17,Moirai,0.5068371891975403
Sample 17,Timer,0.4931628108024597
Sample 18,Chronos,0.5036518573760986
Sample 18,Time-MoE,0.496348112821579
Sample 19,Moirai,0.5119628310203552
Sample 19,Chronos,0.4880371689796448
Sample 20,Chronos,0.5079927444458008
Sample 20,Time-MoE,0.4920072555541992
Sample 21,Moirai,0.514340341091156
Sample 21,Timer,0.4856596887111664
Sample 22,Moirai,0.5113168954849243
Sample 22,Timer,0.4886831045150757
Sample 23,Chronos,0.5055588483810425
Sample 23,TimesFM,0.49444109201431274
Sample 24,Chronos,0.5009117126464844
Sample 24,Time-MoE,0.4990882873535156
Sample 25,Moirai,0.5103173851966858
Sample 25,Timer,0.4896826148033142
Sample 26,Moirai,0.506200909614563
Sample 26,Time-MoE,0.49379903078079224
Sample 27,Moirai,0.5057104825973511
Sample 27,Chronos,0.4942895472049713
Sample 28,Chronos,0.507008969783783
Sample 28,Time-MoE,0.49299103021621704
Sample 29,Moirai,0.511107861995697
Sample 29,Timer,0.48889216780662537
Sample 30,Moirai,0.5122896432876587
Sample 30,Timer,0.48771029710769653
Sample 31,Chronos,0.5060996413230896
Sample 31,TimesFM,0.493900328874588
Sample 0,Time-MoE,0.5006974339485168
Sample 0,Chronos,0.49930253624916077
Sample 1,Moirai,0.5133340954780579
Sample 1,Timer,0.48666587471961975
Sample 2,Moirai,0.5036585330963135
Sample 2,Chronos,0.49634143710136414
Sample 3,Moirai,0.5117099285125732
Sample 3,Timer,0.48829004168510437
Sample 4,Moirai,0.503214418888092
Sample 4,Chronos,0.49678555130958557
Sample 5,Chronos,0.5046302676200867
Sample 5,Time-MoE,0.4953697621822357
Sample 6,Chronos,0.5000897645950317
Sample 6,Time-MoE,0.49991023540496826
Sample 7,Chronos,0.5041611790657043
Sample 7,TimesFM,0.49583882093429565
Sample 8,Time-MoE,0.5010709166526794
Sample 8,Chronos,0.4989290237426758
Sample 9,Moirai,0.5139976739883423
Sample 9,Timer,0.4860023260116577
Sample 10,Chronos,0.5031677484512329
Sample 10,Time-MoE,0.4968322515487671
Sample 11,Moirai,0.5091402530670166
Sample 11,Timer,0.490859717130661
Sample 12,Chronos,0.5073064565658569
Sample 12,Time-MoE,0.49269354343414307
Sample 13,Moirai,0.5114151835441589
Sample 13,Timer,0.4885847866535187
Sample 14,Moirai,0.5092204809188843
Sample 14,Timer,0.4907795190811157
Sample 15,Chronos,0.5062761306762695
Sample 15,TimesFM,0.49372386932373047
Sample 16,Moirai,0.5003029704093933
Sample 16,Time-MoE,0.4996970593929291
Sample 17,Moirai,0.5024862885475159
Sample 17,Chronos,0.49751371145248413
Sample 18,Chronos,0.5009704828262329
Sample 18,Moirai,0.4990295469760895
Sample 19,Moirai,0.5055441856384277
Sample 19,Timer,0.49445584416389465
Sample 20,Chronos,0.5074848532676697
Sample 20,Time-MoE,0.4925151765346527
Sample 21,Moirai,0.5141645073890686
Sample 21,Timer,0.48583555221557617
Sample 22,Moirai,0.5135696530342102
Sample 22,Chronos,0.4864303171634674
Sample 23,Chronos,0.5039982199668884
Sample 23,TimesFM,0.4960017800331116
Sample 24,Chronos,0.501213550567627
Sample 24,Time-MoE,0.49878641963005066
Sample 25,Moirai,0.5112032890319824
Sample 25,Timer,0.4887966811656952
Sample 26,Chronos,0.5029340982437134
Sample 26,Time-MoE,0.497065931558609
Sample 27,Moirai,0.509787917137146
Sample 27,Timer,0.4902120530605316
Sample 28,Chronos,0.5051199793815613
Sample 28,Time-MoE,0.4948800504207611
Sample 29,Moirai,0.5095254182815552
Sample 29,Timer,0.4904745817184448
Sample 30,Moirai,0.5171381235122681
Sample 30,Timer,0.48286187648773193
Sample 31,Chronos,0.5038186311721802
Sample 31,Time-MoE,0.4961813986301422
Sample 0,Moirai,0.5000683665275574
Sample 0,Time-MoE,0.499931663274765
Sample 1,Moirai,0.5148428678512573
Sample 1,Timer,0.4851571321487427
Sample 2,Moirai,0.5065494179725647
Sample 2,Chronos,0.4934506416320801
Sample 3,Moirai,0.5109651684761047
Sample 3,Timer,0.48903486132621765
Sample 4,Moirai,0.5069546103477478
Sample 4,Chronos,0.4930454194545746
Sample 5,Moirai,0.5125693678855896
Sample 5,Timer,0.4874306619167328
Sample 6,Moirai,0.5202277898788452
Sample 6,Timer,0.4797722101211548
Sample 7,Chronos,0.502548098564148
Sample 7,Time-MoE,0.49745190143585205
Sample 8,Moirai,0.5170872211456299
Sample 8,Time-MoE,0.48291274905204773
Sample 9,Moirai,0.5135025978088379
Sample 9,Timer,0.4864973723888397
Sample 10,Moirai,0.5055203437805176
Sample 10,Chronos,0.49447959661483765
Sample 11,Moirai,0.5067228078842163
Sample 11,Chronos,0.4932771623134613
Sample 12,Moirai,0.5011965036392212
Sample 12,Chronos,0.4988034665584564
Sample 13,Moirai,0.5135194063186646
Sample 13,Timer,0.4864805340766907
Sample 14,Moirai,0.5084975361824036
Sample 14,Chronos,0.49150243401527405
Sample 15,Chronos,0.5035433173179626
Sample 15,Moirai,0.49645668268203735
Sample 16,Moirai,0.5088129043579102
Sample 16,Time-MoE,0.49118709564208984
Sample 17,Moirai,0.5123966932296753
Sample 17,Timer,0.4876033067703247
Sample 18,Moirai,0.5141686201095581
Sample 18,Timer,0.4858313202857971
Sample 19,Moirai,0.505197286605835
Sample 19,Timer,0.4948027431964874
Sample 20,Chronos,0.5092071294784546
Sample 20,Time-MoE,0.4907928705215454
Sample 21,Moirai,0.5152043700218201
Sample 21,Timer,0.4847956597805023
Sample 22,Moirai,0.5179914236068726
Sample 22,Timer,0.48200854659080505
Sample 23,Chronos,0.5041933655738831
Sample 23,TimesFM,0.49580660462379456
Sample 24,Moirai,0.5010061860084534
Sample 24,Time-MoE,0.498993843793869
Sample 25,Moirai,0.511322021484375
Sample 25,Timer,0.4886780083179474
Sample 26,Moirai,0.5067793726921082
Sample 26,TimesFM,0.49322065711021423
Sample 27,Moirai,0.5087882876396179
Sample 27,Timer,0.4912117123603821
Sample 28,Chronos,0.5051206350326538
Sample 28,Time-MoE,0.4948793351650238
Sample 29,Moirai,0.5090789198875427
Sample 29,Chronos,0.4909210503101349
Sample 30,Moirai,0.52135169506073
Sample 30,Chronos,0.47864830493927
Sample 31,Chronos,0.5022068023681641
Sample 31,TimesFM,0.4977932572364807
Sample 0,Time-MoE,0.500572681427002
Sample 0,Chronos,0.49942728877067566
Sample 1,Moirai,0.5134632587432861
Sample 1,Timer,0.48653674125671387
Sample 2,Moirai,0.5018585324287415
Sample 2,Chronos,0.49814146757125854
Sample 3,Moirai,0.5137986540794373
Sample 3,Timer,0.48620134592056274
Sample 4,Chronos,0.5072099566459656
Sample 4,Time-MoE,0.49278998374938965
Sample 5,Moirai,0.516067624092102
Sample 5,Timer,0.48393237590789795
Sample 6,Moirai,0.5128362774848938
Sample 6,Time-MoE,0.4871637225151062
Sample 7,Chronos,0.5033130049705505
Sample 7,TimesFM,0.4966869652271271
Sample 8,Moirai,0.5042569041252136
Sample 8,Time-MoE,0.49574312567710876
Sample 9,Moirai,0.5152648091316223
Sample 9,Timer,0.4847352206707001
Sample 10,Moirai,0.5095801949501038
Sample 10,TimesFM,0.49041983485221863
Sample 11,Moirai,0.5092437267303467
Sample 11,Chronos,0.49075624346733093
Sample 12,Chronos,0.501613199710846
Sample 12,Time-MoE,0.49838683009147644
Sample 13,Chronos,0.5042950510978699
Sample 13,TimesFM,0.4957049489021301
Sample 14,Chronos,0.5046298503875732
Sample 14,Time-MoE,0.49537017941474915
Sample 15,Chronos,0.501451313495636
Sample 15,Time-MoE,0.498548686504364
Sample 16,Time-MoE,0.5003711581230164
Sample 16,Chronos,0.4996289014816284
Sample 17,Moirai,0.5160323977470398
Sample 17,Timer,0.4839676022529602
Sample 18,Chronos,0.5030335187911987
Sample 18,Time-MoE,0.49696651101112366
Sample 19,Moirai,0.5128814578056335
Sample 19,Timer,0.48711854219436646
Sample 20,Moirai,0.5121279954910278
Sample 20,Timer,0.48787200450897217
Sample 21,Moirai,0.5148217678070068
Sample 21,Timer,0.48517826199531555
Sample 22,Moirai,0.5070316791534424
Sample 22,Timer,0.49296835064888
Sample 23,Chronos,0.5044248700141907
Sample 23,Time-MoE,0.4955751299858093
Sample 24,Moirai,0.5128812789916992
Sample 24,Time-MoE,0.48711878061294556
Sample 25,Moirai,0.5141734480857849
Sample 25,Timer,0.4858265817165375
Sample 26,Moirai,0.5023868680000305
Sample 26,Chronos,0.4976130723953247
Sample 27,Moirai,0.5163870453834534
Sample 27,Timer,0.48361295461654663
Sample 28,Moirai,0.51284259557724
Sample 28,Time-MoE,0.4871574640274048
Sample 29,Moirai,0.5091851949691772
Sample 29,Timer,0.49081477522850037
Sample 30,Moirai,0.5121665596961975
Sample 30,Time-MoE,0.4878334403038025
Sample 31,Chronos,0.5054462552070618
Sample 31,TimesFM,0.494553804397583
Sample 0,Moirai,0.5254504680633545
Sample 0,Timer,0.4745495021343231
Sample 1,Moirai,0.5115105509757996
Sample 1,Timer,0.48848944902420044
Sample 2,Moirai,0.50821453332901
Sample 2,Time-MoE,0.49178552627563477
Sample 3,Moirai,0.5094985365867615
Sample 3,Timer,0.49050143361091614
Sample 4,Chronos,0.5031132102012634
Sample 4,TimesFM,0.49688681960105896
Sample 5,Moirai,0.519079327583313
Sample 5,Timer,0.480920672416687
Sample 6,Moirai,0.507142186164856
Sample 6,Chronos,0.4928578734397888
Sample 7,Chronos,0.5034353733062744
Sample 7,TimesFM,0.4965646266937256
Sample 8,Moirai,0.5012529492378235
Sample 8,Time-MoE,0.4987471103668213
Sample 9,Moirai,0.5145416259765625
Sample 9,Timer,0.4854584038257599
Sample 10,Moirai,0.5046806335449219
Sample 10,TimesFM,0.49531930685043335
Sample 11,Moirai,0.509369432926178
Sample 11,Timer,0.490630567073822
Sample 12,Moirai,0.5052560567855835
Sample 12,Chronos,0.49474388360977173
Sample 13,Moirai,0.5172685980796814
Sample 13,Timer,0.4827313721179962
Sample 14,Moirai,0.516203761100769
Sample 14,Timer,0.48379626870155334
Sample 15,Chronos,0.504165530204773
Sample 15,Time-MoE,0.49583446979522705
Sample 0,Moirai,0.5011875629425049
Sample 0,Time-MoE,0.49881240725517273
Sample 1,Moirai,0.5107390880584717
Sample 1,Timer,0.4892609119415283
Sample 2,Chronos,0.508762538433075
Sample 2,TimesFM,0.49123743176460266
Sample 3,Moirai,0.5116071701049805
Sample 3,Timer,0.4883928596973419
Sample 4,Moirai,0.5121931433677673
Sample 4,Chronos,0.4878068268299103
Sample 5,Moirai,0.5150816440582275
Sample 5,Timer,0.48491835594177246
Sample 6,Moirai,0.5088453888893127
Sample 6,Timer,0.49115467071533203
Sample 7,Chronos,0.5049386024475098
Sample 7,Time-MoE,0.49506136775016785
Sample 8,Moirai,0.5096426010131836
Sample 8,Time-MoE,0.490357369184494
Sample 9,Moirai,0.5109589695930481
Sample 9,Timer,0.4890410304069519
Sample 10,Moirai,0.5167967081069946
Sample 10,Time-MoE,0.48320329189300537
Sample 11,Moirai,0.5140374898910522
Sample 11,Timer,0.48596251010894775
Sample 12,Chronos,0.5016947388648987
Sample 12,Time-MoE,0.4983052611351013
Sample 13,Moirai,0.5158566236495972
Sample 13,Timer,0.48414334654808044
Sample 14,Moirai,0.514550507068634
Sample 14,Timer,0.48544952273368835
Sample 15,Chronos,0.5063098073005676
Sample 15,Time-MoE,0.4936901926994324
Sample 16,Moirai,0.5046186447143555
Sample 16,Time-MoE,0.49538132548332214
Sample 17,Moirai,0.5162405967712402
Sample 17,Timer,0.48375940322875977
Sample 18,Moirai,0.5009348392486572
Sample 18,Chronos,0.499065101146698
Sample 19,Moirai,0.5105276703834534
Sample 19,Timer,0.489472359418869
Sample 20,Moirai,0.5100550651550293
Sample 20,Chronos,0.4899449646472931
Sample 21,Moirai,0.5088004469871521
Sample 21,Timer,0.4911995828151703
Sample 22,Chronos,0.5014229416847229
Sample 22,Moirai,0.4985770583152771
Sample 23,Chronos,0.5025615692138672
Sample 23,Time-MoE,0.4974384605884552
Sample 24,Time-MoE,0.5005310773849487
Sample 24,Chronos,0.49946892261505127
Sample 25,Moirai,0.512010395526886
Sample 25,Timer,0.487989604473114
Sample 26,Moirai,0.5128395557403564
Sample 26,Chronos,0.48716047406196594
Sample 27,Moirai,0.5120936632156372
Sample 27,Chronos,0.4879063665866852
Sample 28,Chronos,0.5081527233123779
Sample 28,TimesFM,0.4918472468852997
Sample 29,Moirai,0.5179957151412964
Sample 29,Timer,0.482004314661026
Sample 30,Moirai,0.5203338265419006
Sample 30,Timer,0.479666143655777
Sample 31,Chronos,0.5047726631164551
Sample 31,Time-MoE,0.49522730708122253
Sample 0,Chronos,0.5006560683250427
Sample 0,Time-MoE,0.4993438720703125
Sample 1,Moirai,0.5185558199882507
Sample 1,Timer,0.4814441502094269
Sample 2,Chronos,0.5029640197753906
Sample 2,Time-MoE,0.49703601002693176
Sample 3,Moirai,0.5090053081512451
Sample 3,Timer,0.4909946918487549
Sample 4,Chronos,0.5074754357337952
Sample 4,TimesFM,0.49252450466156006
Sample 5,Moirai,0.5179563164710999
Sample 5,Timer,0.48204365372657776
Sample 6,Moirai,0.5039357542991638
Sample 6,Chronos,0.4960642457008362
Sample 7,Chronos,0.5035435557365417
Sample 7,Time-MoE,0.49645644426345825
Sample 8,Moirai,0.5240353941917419
Sample 8,Time-MoE,0.47596460580825806
Sample 9,Moirai,0.5161439180374146
Sample 9,Timer,0.48385611176490784
Sample 10,Moirai,0.5091137886047363
Sample 10,Chronos,0.49088624119758606
Sample 11,Chronos,0.5048762559890747
Sample 11,TimesFM,0.4951237738132477
Sample 12,Chronos,0.5034270286560059
Sample 12,Time-MoE,0.49657294154167175
Sample 13,Moirai,0.5167770981788635
Sample 13,Timer,0.48322293162345886
Sample 14,Moirai,0.5072342157363892
Sample 14,Chronos,0.49276578426361084
Sample 15,Chronos,0.5033767223358154
Sample 15,Time-MoE,0.4966232478618622
Sample 16,Moirai,0.5069414973258972
Sample 16,Time-MoE,0.4930585026741028
Sample 17,Moirai,0.5174967646598816
Sample 17,Timer,0.4825032651424408
Sample 18,Chronos,0.5038355588912964
Sample 18,Time-MoE,0.4961644113063812
Sample 19,Moirai,0.5120218396186829
Sample 19,Timer,0.4879781901836395
Sample 20,Moirai,0.5210580229759216
Sample 20,Timer,0.478941947221756
Sample 21,Moirai,0.5179867744445801
Sample 21,Timer,0.4820132255554199
Sample 22,Moirai,0.5029593110084534
Sample 22,Chronos,0.497040718793869
Sample 23,Chronos,0.5090022087097168
Sample 23,TimesFM,0.4909977912902832
Sample 24,Moirai,0.5263838768005371
Sample 24,Time-MoE,0.4736161231994629
Sample 25,Moirai,0.5086095333099365
Sample 25,Timer,0.4913904666900635
Sample 26,Moirai,0.513813316822052
Sample 26,Timer,0.486186683177948
Sample 27,Moirai,0.5100849866867065
Sample 27,Timer,0.48991504311561584
Sample 28,Chronos,0.5077407956123352
Sample 28,Time-MoE,0.4922592341899872
Sample 29,Moirai,0.5148633122444153
Sample 29,Timer,0.48513665795326233
Sample 30,Moirai,0.5131688117980957
Sample 30,Timer,0.4868311882019043
Sample 31,Chronos,0.5053403377532959
Sample 31,Time-MoE,0.4946596920490265
Sample 0,Moirai,0.5024353861808777
Sample 0,Time-MoE,0.4975646436214447
Sample 1,Moirai,0.5161927342414856
Sample 1,Timer,0.483807235956192
Sample 2,Moirai,0.5148335695266724
Sample 2,Time-MoE,0.48516637086868286
Sample 3,Moirai,0.510425329208374
Sample 3,Timer,0.489574670791626
Sample 4,Chronos,0.5052903890609741
Sample 4,Time-MoE,0.4947096109390259
Sample 5,Moirai,0.5167595148086548
Sample 5,Timer,0.4832405149936676
Sample 6,Chronos,0.5061148405075073
Sample 6,TimesFM,0.4938851594924927
Sample 7,Chronos,0.5052481293678284
Sample 7,TimesFM,0.4947519302368164
Sample 8,Time-MoE,0.5008656978607178
Sample 8,Chronos,0.49913427233695984
Sample 9,Moirai,0.5118290781974792
Sample 9,Timer,0.48817092180252075
Sample 10,Moirai,0.507050633430481
Sample 10,Timer,0.49294936656951904
Sample 11,Chronos,0.5032086968421936
Sample 11,TimesFM,0.4967913031578064
Sample 12,Chronos,0.5099507570266724
Sample 12,Time-MoE,0.49004927277565
Sample 13,Moirai,0.5150206089019775
Sample 13,Timer,0.48497939109802246
Sample 14,Moirai,0.515464723110199
Sample 14,Timer,0.4845353066921234
Sample 15,Chronos,0.5052263736724854
Sample 15,Time-MoE,0.49477359652519226
Sample 16,Moirai,0.5275771021842957
Sample 16,Timer,0.47242292761802673
Sample 17,Moirai,0.5071946382522583
Sample 17,Timer,0.4928053915500641
Sample 18,Chronos,0.5039496421813965
Sample 18,Time-MoE,0.4960503578186035
Sample 19,Moirai,0.5132728219032288
Sample 19,Chronos,0.48672717809677124
Sample 20,Chronos,0.5088699460029602
Sample 20,Time-MoE,0.4911300539970398
Sample 21,Moirai,0.5155330300331116
Sample 21,Timer,0.48446694016456604
Sample 22,Moirai,0.5123040080070496
Sample 22,Timer,0.4876960515975952
Sample 23,Chronos,0.5064314603805542
Sample 23,TimesFM,0.4935685396194458
Sample 24,Chronos,0.5007157921791077
Sample 24,Time-MoE,0.49928417801856995
Sample 25,Moirai,0.5110750198364258
Sample 25,Timer,0.4889249801635742
Sample 26,Moirai,0.5062627196311951
Sample 26,Time-MoE,0.49373725056648254
Sample 27,Moirai,0.5061169266700745
Sample 27,Chronos,0.49388307332992554
Sample 28,Chronos,0.5078767538070679
Sample 28,Time-MoE,0.4921233057975769
Sample 29,Moirai,0.5120561122894287
Sample 29,Timer,0.4879438281059265
Sample 30,Moirai,0.5133823752403259
Sample 30,Timer,0.4866176247596741
Sample 31,Chronos,0.5068925619125366
Sample 31,TimesFM,0.493107408285141
Sample 0,Time-MoE,0.5010947585105896
Sample 0,Chronos,0.4989052712917328
Sample 1,Moirai,0.5147558450698853
Sample 1,Timer,0.48524415493011475
Sample 2,Moirai,0.5032094717025757
Sample 2,Chronos,0.4967905282974243
Sample 3,Moirai,0.513146698474884
Sample 3,Timer,0.48685330152511597
Sample 4,Moirai,0.5031890869140625
Sample 4,Chronos,0.4968109428882599
Sample 5,Chronos,0.5049515962600708
Sample 5,Time-MoE,0.495048463344574
Sample 6,Chronos,0.5000203251838684
Sample 6,Time-MoE,0.4999796450138092
Sample 7,Chronos,0.5045843720436096
Sample 7,TimesFM,0.495415598154068
Sample 8,Time-MoE,0.5016868710517883
Sample 8,Chronos,0.49831315875053406
Sample 9,Moirai,0.515508234500885
Sample 9,Timer,0.4844917953014374
Sample 10,Chronos,0.5036529898643494
Sample 10,Time-MoE,0.49634701013565063
Sample 11,Moirai,0.5101781487464905
Sample 11,Timer,0.4898218512535095
Sample 12,Chronos,0.5081719756126404
Sample 12,Time-MoE,0.49182799458503723
Sample 13,Moirai,0.5126200914382935
Sample 13,Timer,0.48737993836402893
Sample 14,Moirai,0.5101714730262756
Sample 14,Timer,0.48982852697372437
Sample 15,Chronos,0.5069565773010254
Sample 15,TimesFM,0.4930434823036194
Sample 16,Time-MoE,0.5009682178497314
Sample 16,Moirai,0.49903178215026855
Sample 17,Moirai,0.502335786819458
Sample 17,Chronos,0.497664213180542
Sample 18,Chronos,0.5011042952537537
Sample 18,Time-MoE,0.4988957345485687
Sample 19,Moirai,0.5060147643089294
Sample 19,Timer,0.49398523569107056
Sample 20,Chronos,0.5083237886428833
Sample 20,TimesFM,0.4916761815547943
Sample 21,Moirai,0.5156365633010864
Sample 21,Timer,0.4843634366989136
Sample 22,Moirai,0.5147043466567993
Sample 22,Time-MoE,0.4852956533432007
Sample 23,Chronos,0.504592776298523
Sample 23,TimesFM,0.49540719389915466
Sample 24,Chronos,0.5010440945625305
Sample 24,Time-MoE,0.4989559054374695
Sample 25,Moirai,0.5124046206474304
Sample 25,Timer,0.4875953495502472
Sample 26,Chronos,0.5032897591590881
Sample 26,Time-MoE,0.4967102110385895
Sample 27,Moirai,0.5107428431510925
Sample 27,Timer,0.48925718665122986
Sample 28,Chronos,0.5057199001312256
Sample 28,Time-MoE,0.49428004026412964
Sample 29,Moirai,0.5104784965515137
Sample 29,Timer,0.48952150344848633
Sample 30,Moirai,0.5190953612327576
Sample 30,Timer,0.48090463876724243
Sample 31,Chronos,0.5043472647666931
Sample 31,Time-MoE,0.4956527352333069
Sample 0,Time-MoE,0.5011180639266968
Sample 0,Moirai,0.4988819360733032
Sample 1,Moirai,0.5166491270065308
Sample 1,Timer,0.48335087299346924
Sample 2,Moirai,0.5066672563552856
Sample 2,Chronos,0.49333274364471436
Sample 3,Moirai,0.5124337077140808
Sample 3,Timer,0.48756635189056396
Sample 4,Moirai,0.507510781288147
Sample 4,Chronos,0.4924892485141754
Sample 5,Moirai,0.5140519142150879
Sample 5,Timer,0.4859480559825897
Sample 6,Moirai,0.5226122140884399
Sample 6,Time-MoE,0.47738778591156006
Sample 7,Chronos,0.5029791593551636
Sample 7,Time-MoE,0.4970208406448364
Sample 8,Moirai,0.5180920958518982
Sample 8,Time-MoE,0.4819079041481018
Sample 9,Moirai,0.5150912404060364
Sample 9,Timer,0.48490872979164124
Sample 10,Moirai,0.505756676197052
Sample 10,Chronos,0.4942432641983032
Sample 11,Moirai,0.5069059729576111
Sample 11,Chronos,0.4930940270423889
Sample 12,Moirai,0.5013450980186462
Sample 12,Chronos,0.49865496158599854
Sample 13,Moirai,0.5150793194770813
Sample 13,Timer,0.4849206805229187
Sample 14,Moirai,0.5090893507003784
Sample 14,Chronos,0.49091067910194397
Sample 15,Chronos,0.5040665864944458
Sample 15,Moirai,0.4959333539009094
Sample 16,Moirai,0.5087674856185913
Sample 16,Time-MoE,0.4912324845790863
Sample 17,Moirai,0.5139033198356628
Sample 17,Timer,0.48609673976898193
Sample 18,Moirai,0.5156289339065552
Sample 18,Time-MoE,0.4843710958957672
Sample 19,Moirai,0.5054271817207336
Sample 19,Chronos,0.49457284808158875
Sample 20,Chronos,0.5106098651885986
Sample 20,Time-MoE,0.48939013481140137
Sample 21,Moirai,0.5171477794647217
Sample 21,Timer,0.4828522205352783
Sample 22,Moirai,0.5203759074211121
Sample 22,Timer,0.47962409257888794
Sample 23,Chronos,0.5047058463096619
Sample 23,TimesFM,0.4952941834926605
Sample 24,Time-MoE,0.5000860691070557
Sample 24,Moirai,0.49991390109062195
Sample 25,Moirai,0.5125313401222229
Sample 25,Timer,0.4874686002731323
Sample 26,Moirai,0.507193386554718
Sample 26,TimesFM,0.492806613445282
Sample 27,Moirai,0.5099197030067444
Sample 27,Timer,0.490080326795578
Sample 28,Chronos,0.5055716633796692
Sample 28,Time-MoE,0.4944283664226532
Sample 29,Moirai,0.5095093250274658
Sample 29,Chronos,0.49049070477485657
Sample 30,Moirai,0.5232961773872375
Sample 30,Chronos,0.47670385241508484
Sample 31,Chronos,0.5024856925010681
Sample 31,TimesFM,0.4975143074989319
Sample 0,Time-MoE,0.5006417036056519
Sample 0,Chronos,0.49935826659202576
Sample 1,Moirai,0.5151949524879456
Sample 1,Timer,0.4848051071166992
Sample 2,Moirai,0.5016549825668335
Sample 2,Chronos,0.4983450174331665
Sample 3,Moirai,0.515730619430542
Sample 3,Timer,0.4842694103717804
Sample 4,Chronos,0.5083789229393005
Sample 4,TimesFM,0.49162107706069946
Sample 5,Moirai,0.5181955695152283
Sample 5,Timer,0.48180440068244934
Sample 6,Moirai,0.5139210224151611
Sample 6,Time-MoE,0.48607900738716125
Sample 7,Chronos,0.5036674737930298
Sample 7,TimesFM,0.4963324964046478
Sample 8,Moirai,0.5035770535469055
Sample 8,Time-MoE,0.4964228868484497
Sample 9,Moirai,0.5172727108001709
Sample 9,Timer,0.4827272891998291
Sample 10,Moirai,0.5101850628852844
Sample 10,TimesFM,0.4898148775100708
Sample 11,Moirai,0.5100069642066956
Sample 11,Chronos,0.48999303579330444
Sample 12,Chronos,0.5019501447677612
Sample 12,Time-MoE,0.49804988503456116
Sample 13,Chronos,0.5045506954193115
Sample 13,TimesFM,0.49544936418533325
Sample 14,Chronos,0.5049440264701843
Sample 14,TimesFM,0.4950559735298157
Sample 15,Chronos,0.5017301440238953
Sample 15,Time-MoE,0.49826982617378235
Sample 16,Time-MoE,0.5004966259002686
Sample 16,Chronos,0.49950334429740906
Sample 17,Moirai,0.5181497931480408
Sample 17,Timer,0.48185020685195923
Sample 18,Chronos,0.5035145878791809
Sample 18,TimesFM,0.49648547172546387
Sample 19,Moirai,0.5146096348762512
Sample 19,Timer,0.4853903651237488
Sample 20,Moirai,0.5138405561447144
Sample 20,Timer,0.4861595034599304
Sample 21,Moirai,0.516665518283844
Sample 21,Timer,0.4833345115184784
Sample 22,Moirai,0.5074225664138794
Sample 22,Chronos,0.492577463388443
Sample 23,Chronos,0.5052568316459656
Sample 23,Time-MoE,0.4947431683540344
Sample 24,Moirai,0.5130995512008667
Sample 24,Time-MoE,0.4869004189968109
Sample 25,Moirai,0.5160241723060608
Sample 25,Timer,0.4839758276939392
Sample 26,Moirai,0.5023118257522583
Sample 26,Chronos,0.4976881742477417
Sample 27,Moirai,0.5187581181526184
Sample 27,Timer,0.4812418818473816
Sample 28,Moirai,0.514236330986023
Sample 28,Time-MoE,0.4857636094093323
Sample 29,Moirai,0.5102424621582031
Sample 29,Timer,0.4897574782371521
Sample 30,Moirai,0.5127261877059937
Sample 30,Time-MoE,0.48727381229400635
Sample 31,Chronos,0.5059077143669128
Sample 31,TimesFM,0.49409225583076477
Sample 0,Moirai,0.5288969278335571
Sample 0,Time-MoE,0.47110310196876526
Sample 1,Moirai,0.5130113959312439
Sample 1,Timer,0.4869886338710785
Sample 2,Moirai,0.5080465078353882
Sample 2,Time-MoE,0.4919535219669342
Sample 3,Moirai,0.510431170463562
Sample 3,Chronos,0.489568829536438
Sample 4,Chronos,0.5030938982963562
Sample 4,TimesFM,0.4969061017036438
Sample 5,Moirai,0.5216702818870544
Sample 5,Timer,0.47832977771759033
Sample 6,Moirai,0.5077309012413025
Sample 6,Chronos,0.4922690689563751
Sample 7,Chronos,0.5038986206054688
Sample 7,TimesFM,0.49610137939453125
Sample 8,Moirai,0.5001088380813599
Sample 8,Time-MoE,0.49989113211631775
Sample 9,Moirai,0.516402006149292
Sample 9,Timer,0.483597993850708
Sample 10,Moirai,0.5039581060409546
Sample 10,TimesFM,0.4960419535636902
Sample 11,Moirai,0.5107945799827576
Sample 11,Timer,0.48920536041259766
Sample 12,Moirai,0.5057380199432373
Sample 12,Chronos,0.4942619800567627
Sample 13,Moirai,0.5195658206939697
Sample 13,Timer,0.4804341793060303
Sample 14,Moirai,0.5185323357582092
Sample 14,Timer,0.48146766424179077
Sample 15,Chronos,0.5052449107170105
Sample 15,Time-MoE,0.4947550892829895
Sample 0,Moirai,0.5004891157150269
Sample 0,Time-MoE,0.49951088428497314
Sample 1,Moirai,0.5119963884353638
Sample 1,Timer,0.48800358176231384
Sample 2,Chronos,0.509341835975647
Sample 2,TimesFM,0.490658164024353
Sample 3,Moirai,0.5132575631141663
Sample 3,Timer,0.48674237728118896
Sample 4,Moirai,0.5135208964347839
Sample 4,TimesFM,0.48647913336753845
Sample 5,Moirai,0.5170793533325195
Sample 5,Timer,0.48292064666748047
Sample 6,Moirai,0.5095715522766113
Sample 6,Chronos,0.49042844772338867
Sample 7,Chronos,0.5061814785003662
Sample 7,Time-MoE,0.493818461894989
Sample 8,Moirai,0.5100288391113281
Sample 8,Time-MoE,0.4899711012840271
Sample 9,Moirai,0.5122174620628357
Sample 9,Timer,0.4877825379371643
Sample 10,Moirai,0.5177913904190063
Sample 10,Time-MoE,0.48220857977867126
Sample 11,Moirai,0.5160657167434692
Sample 11,Timer,0.4839342534542084
Sample 12,Chronos,0.5020706057548523
Sample 12,Time-MoE,0.49792933464050293
Sample 13,Moirai,0.5180522203445435
Sample 13,Timer,0.48194774985313416
Sample 14,Moirai,0.516555666923523
Sample 14,Timer,0.48344430327415466
Sample 15,Chronos,0.5073070526123047
Sample 15,TimesFM,0.4926929473876953
Sample 16,Moirai,0.5044346451759338
Sample 16,Time-MoE,0.49556538462638855
Sample 17,Moirai,0.5183753967285156
Sample 17,Timer,0.4816246032714844
Sample 18,Moirai,0.5007676482200623
Sample 18,Chronos,0.49923235177993774
Sample 19,Moirai,0.5121378898620605
Sample 19,Timer,0.48786211013793945
Sample 20,Moirai,0.510929524898529
Sample 20,Chronos,0.48907047510147095
Sample 21,Moirai,0.5098846554756165
Sample 21,Timer,0.49011537432670593
Sample 22,Chronos,0.5016933679580688
Sample 22,Moirai,0.49830663204193115
Sample 23,Chronos,0.5031663775444031
Sample 23,Time-MoE,0.49683359265327454
Sample 24,Time-MoE,0.5003436803817749
Sample 24,Chronos,0.4996562898159027
Sample 25,Moirai,0.5135707259178162
Sample 25,Timer,0.4864293038845062
Sample 26,Moirai,0.5133073925971985
Sample 26,Chronos,0.4866925776004791
Sample 27,Moirai,0.5131011009216309
Sample 27,Chronos,0.48689892888069153
Sample 28,Chronos,0.5086007714271545
Sample 28,TimesFM,0.49139922857284546
Sample 29,Moirai,0.5204120874404907
Sample 29,Timer,0.47958794236183167
Sample 30,Moirai,0.5232318639755249
Sample 30,Timer,0.4767681658267975
Sample 31,Chronos,0.5059013366699219
Sample 31,Time-MoE,0.4940986633300781
Sample 0,Chronos,0.5010989308357239
Sample 0,Time-MoE,0.49890100955963135
Sample 1,Moirai,0.52098548412323
Sample 1,Timer,0.47901451587677
Sample 2,Chronos,0.5035295486450195
Sample 2,Time-MoE,0.49647048115730286
Sample 3,Moirai,0.5102511048316956
Sample 3,Timer,0.48974883556365967
Sample 4,Chronos,0.5079830288887024
Sample 4,TimesFM,0.4920169413089752
Sample 5,Moirai,0.5202896595001221
Sample 5,Timer,0.47971034049987793
Sample 6,Moirai,0.5040286183357239
Sample 6,Chronos,0.4959714114665985
Sample 7,Chronos,0.5044861435890198
Sample 7,Time-MoE,0.4955138564109802
Sample 8,Moirai,0.5270037055015564
Sample 8,Time-MoE,0.472996324300766
Sample 9,Moirai,0.518183171749115
Sample 9,Timer,0.481816828250885
Sample 10,Moirai,0.5095973014831543
Sample 10,Chronos,0.4904026985168457
Sample 11,Chronos,0.5052812695503235
Sample 11,TimesFM,0.4947187006473541
Sample 12,Chronos,0.5041812062263489
Sample 12,Time-MoE,0.49581876397132874
Sample 13,Moirai,0.5189774632453918
Sample 13,Timer,0.48102253675460815
Sample 14,Moirai,0.5074872970581055
Sample 14,Chronos,0.49251270294189453
Sample 15,Chronos,0.5042487382888794
Sample 15,Time-MoE,0.4957512617111206
Sample 16,Moirai,0.5074557065963745
Sample 16,Time-MoE,0.4925442636013031
Sample 17,Moirai,0.5197506546974182
Sample 17,Timer,0.4802493155002594
Sample 18,Chronos,0.5043600797653198
Sample 18,TimesFM,0.4956399202346802
Sample 19,Moirai,0.5136873722076416
Sample 19,Timer,0.4863126575946808
Sample 20,Moirai,0.5229253172874451
Sample 20,Chronos,0.47707468271255493
Sample 21,Moirai,0.5203891396522522
Sample 21,Timer,0.4796108603477478
Sample 22,Moirai,0.5030225515365601
Sample 22,Chronos,0.49697744846343994
Sample 23,Chronos,0.5097334980964661
Sample 23,TimesFM,0.49026647210121155
Sample 24,Moirai,0.5295807719230652
Sample 24,Time-MoE,0.4704192280769348
Sample 25,Moirai,0.5095598697662354
Sample 25,Timer,0.49044016003608704
Sample 26,Moirai,0.5153629183769226
Sample 26,Timer,0.4846370220184326
Sample 27,Moirai,0.5114805698394775
Sample 27,Timer,0.48851943016052246
Sample 28,Chronos,0.5088830590248108
Sample 28,TimesFM,0.4911169409751892
Sample 29,Moirai,0.5167369246482849
Sample 29,Timer,0.4832631051540375
Sample 30,Moirai,0.5148910284042358
Sample 30,Timer,0.48510897159576416
Sample 31,Chronos,0.505985677242279
Sample 31,TimesFM,0.49401429295539856
Sample 0,Moirai,0.5023072361946106
Sample 0,Time-MoE,0.4976927638053894
Sample 1,Moirai,0.5181281566619873
Sample 1,Timer,0.4818718135356903
Sample 2,Moirai,0.5157610177993774
Sample 2,TimesFM,0.48423898220062256
Sample 3,Moirai,0.5116813778877258
Sample 3,Timer,0.4883185923099518
Sample 4,Chronos,0.5061111450195312
Sample 4,Time-MoE,0.49388882517814636
Sample 5,Moirai,0.5187036991119385
Sample 5,Timer,0.4812963008880615
Sample 6,Chronos,0.5066323280334473
Sample 6,TimesFM,0.4933677315711975
Sample 7,Chronos,0.5056427717208862
Sample 7,TimesFM,0.494357168674469
Sample 8,Time-MoE,0.5005900859832764
Sample 8,Chronos,0.4994099736213684
Sample 9,Moirai,0.5130881667137146
Sample 9,Timer,0.4869118630886078
Sample 10,Moirai,0.5078688859939575
Sample 10,Timer,0.4921311140060425
Sample 11,Chronos,0.5032671689987183
Sample 11,TimesFM,0.49673283100128174
Sample 12,Chronos,0.5110915303230286
Sample 12,TimesFM,0.48890846967697144
Sample 13,Moirai,0.5167984366416931
Sample 13,Timer,0.4832015633583069
Sample 14,Moirai,0.5171535611152649
Sample 14,Chronos,0.4828464686870575
Sample 15,Chronos,0.5061213970184326
Sample 15,TimesFM,0.49387863278388977
Sample 16,Moirai,0.5311157703399658
Sample 16,Time-MoE,0.4688841998577118
Sample 17,Moirai,0.5077294707298279
Sample 17,Chronos,0.4922705590724945
Sample 18,Chronos,0.5044541358947754
Sample 18,Time-MoE,0.4955458343029022
Sample 19,Moirai,0.5142858028411865
Sample 19,Chronos,0.4857141971588135
Sample 20,Chronos,0.5098245143890381
Sample 20,TimesFM,0.4901754856109619
Sample 21,Moirai,0.5172338485717773
Sample 21,Timer,0.48276612162590027
Sample 22,Moirai,0.5132719874382019
Sample 22,Chronos,0.4867280125617981
Sample 23,Chronos,0.506977915763855
Sample 23,TimesFM,0.493022084236145
Sample 24,Chronos,0.5012975931167603
Sample 24,Time-MoE,0.49870240688323975
Sample 25,Moirai,0.5122363567352295
Sample 25,Timer,0.4877636134624481
Sample 26,Moirai,0.5065749287605286
Sample 26,Time-MoE,0.4934251010417938
Sample 27,Moirai,0.5064306855201721
Sample 27,Chronos,0.4935693144798279
Sample 28,Chronos,0.5087804794311523
Sample 28,TimesFM,0.49121952056884766
Sample 29,Moirai,0.5133902430534363
Sample 29,Timer,0.4866097569465637
Sample 30,Moirai,0.514968991279602
Sample 30,Timer,0.48503100872039795
Sample 31,Chronos,0.5076211094856262
Sample 31,TimesFM,0.49237895011901855
Sample 0,Time-MoE,0.5008372068405151
Sample 0,Chronos,0.4991627633571625
Sample 1,Moirai,0.5161943435668945
Sample 1,Timer,0.48380565643310547
Sample 2,Moirai,0.5025416016578674
Sample 2,Chronos,0.49745842814445496
Sample 3,Moirai,0.5146389603614807
Sample 3,Timer,0.4853610694408417
Sample 4,Moirai,0.5026131868362427
Sample 4,Chronos,0.49738678336143494
Sample 5,Chronos,0.5056524872779846
Sample 5,Time-MoE,0.49434754252433777
Sample 6,Chronos,0.5005147457122803
Sample 6,Time-MoE,0.4994852542877197
Sample 7,Chronos,0.5049338340759277
Sample 7,TimesFM,0.4950661361217499
Sample 8,Time-MoE,0.501444399356842
Sample 8,Chronos,0.49855563044548035
Sample 9,Moirai,0.5169886350631714
Sample 9,Timer,0.4830113649368286
Sample 10,Chronos,0.5040649771690369
Sample 10,TimesFM,0.49593502283096313
Sample 11,Moirai,0.511229395866394
Sample 11,Timer,0.4887705445289612
Sample 12,Chronos,0.5088732242584229
Sample 12,TimesFM,0.49112677574157715
Sample 13,Moirai,0.5137518644332886
Sample 13,Timer,0.4862481951713562
Sample 14,Moirai,0.5111091732978821
Sample 14,Timer,0.4888908565044403
Sample 15,Chronos,0.5075922012329102
Sample 15,TimesFM,0.49240782856941223
Sample 16,Time-MoE,0.5013827085494995
Sample 16,Moirai,0.4986172616481781
Sample 17,Moirai,0.5019852519035339
Sample 17,Chronos,0.49801480770111084
Sample 18,Chronos,0.5015255212783813
Sample 18,Time-MoE,0.49847444891929626
Sample 19,Moirai,0.5064365267753601
Sample 19,Timer,0.4935634434223175
Sample 20,Chronos,0.5089176297187805
Sample 20,TimesFM,0.49108240008354187
Sample 21,Moirai,0.5171229243278503
Sample 21,Timer,0.48287710547447205
Sample 22,Moirai,0.515727698802948
Sample 22,Chronos,0.4842722713947296
Sample 23,Chronos,0.5051791071891785
Sample 23,TimesFM,0.49482086300849915
Sample 24,Chronos,0.5014998316764832
Sample 24,Time-MoE,0.49850016832351685
Sample 25,Moirai,0.5135464072227478
Sample 25,Timer,0.4864536225795746
Sample 26,Chronos,0.5040698051452637
Sample 26,TimesFM,0.49593016505241394
Sample 27,Moirai,0.5116597414016724
Sample 27,Timer,0.48834028840065
Sample 28,Chronos,0.5065932869911194
Sample 28,Time-MoE,0.4934067130088806
Sample 29,Moirai,0.5113178491592407
Sample 29,Timer,0.48868218064308167
Sample 30,Moirai,0.5211737155914307
Sample 30,Timer,0.4788263142108917
Sample 31,Chronos,0.5053147077560425
Sample 31,Time-MoE,0.4946852922439575
Sample 0,Time-MoE,0.5011499524116516
Sample 0,Moirai,0.4988499879837036
Sample 1,Moirai,0.5181959867477417
Sample 1,Timer,0.4818040132522583
Sample 2,Moirai,0.5067971348762512
Sample 2,Chronos,0.4932028651237488
Sample 3,Moirai,0.5136895179748535
Sample 3,Timer,0.4863104820251465
Sample 4,Moirai,0.5079482793807983
Sample 4,Chronos,0.49205172061920166
Sample 5,Moirai,0.5152040719985962
Sample 5,Timer,0.4847959280014038
Sample 6,Moirai,0.5246464610099792
Sample 6,Chronos,0.47535353899002075
Sample 7,Chronos,0.5033791065216064
Sample 7,TimesFM,0.49662092328071594
Sample 8,Moirai,0.520768404006958
Sample 8,Time-MoE,0.47923165559768677
Sample 9,Moirai,0.5164071917533875
Sample 9,Timer,0.48359283804893494
Sample 10,Moirai,0.5058894753456116
Sample 10,Chronos,0.49411049485206604
Sample 11,Moirai,0.5071205496788025
Sample 11,Chronos,0.49287939071655273
Sample 12,Moirai,0.5014399886131287
Sample 12,Chronos,0.49856001138687134
Sample 13,Moirai,0.51641845703125
Sample 13,Timer,0.48358154296875
Sample 14,Moirai,0.5096984505653381
Sample 14,Chronos,0.49030154943466187
Sample 15,Chronos,0.5045396089553833
Sample 15,Moirai,0.4954603314399719
Sample 16,Moirai,0.510168194770813
Sample 16,Time-MoE,0.4898318350315094
Sample 17,Moirai,0.5151103734970093
Sample 17,Timer,0.4848896265029907
Sample 18,Moirai,0.5173748731613159
Sample 18,Chronos,0.4826251268386841
Sample 19,Moirai,0.5053996443748474
Sample 19,Chronos,0.494600385427475
Sample 20,Chronos,0.5113921165466309
Sample 20,TimesFM,0.48860791325569153
Sample 21,Moirai,0.518810510635376
Sample 21,Timer,0.48118945956230164
Sample 22,Moirai,0.522555947303772
Sample 22,Timer,0.477444052696228
Sample 23,Chronos,0.5052057504653931
Sample 23,TimesFM,0.4947942793369293
Sample 24,Time-MoE,0.5000311136245728
Sample 24,Moirai,0.49996888637542725
Sample 25,Moirai,0.5134674310684204
Sample 25,Timer,0.4865325391292572
Sample 26,Moirai,0.5073374509811401
Sample 26,TimesFM,0.49266254901885986
Sample 27,Moirai,0.5108211040496826
Sample 27,Timer,0.4891788959503174
Sample 28,Chronos,0.506239116191864
Sample 28,Time-MoE,0.4937609136104584
Sample 29,Moirai,0.5097547173500061
Sample 29,Chronos,0.4902453124523163
Sample 30,Moirai,0.5251566767692566
Sample 30,Chronos,0.474843293428421
Sample 31,Chronos,0.5026898384094238
Sample 31,TimesFM,0.49731016159057617
Sample 0,Time-MoE,0.5005887746810913
Sample 0,Chronos,0.4994112253189087
Sample 1,Moirai,0.5163540244102478
Sample 1,Timer,0.4836460053920746
Sample 2,Moirai,0.501539945602417
Sample 2,Chronos,0.498460054397583
Sample 3,Moirai,0.5172109007835388
Sample 3,Timer,0.48278915882110596
Sample 4,Chronos,0.5089656114578247
Sample 4,TimesFM,0.49103444814682007
Sample 5,Moirai,0.5198224782943726
Sample 5,Timer,0.48017755150794983
Sample 6,Moirai,0.5159184336662292
Sample 6,Chronos,0.484081506729126
Sample 7,Chronos,0.5040507316589355
Sample 7,TimesFM,0.49594929814338684
Sample 8,Moirai,0.504302442073822
Sample 8,Chronos,0.49569758772850037
Sample 9,Moirai,0.5187946557998657
Sample 9,Timer,0.4812053442001343
Sample 10,Moirai,0.5107784867286682
Sample 10,TimesFM,0.4892214834690094
Sample 11,Moirai,0.5107822418212891
Sample 11,Chronos,0.4892178177833557
Sample 12,Chronos,0.5025053024291992
Sample 12,Time-MoE,0.4974946975708008
Sample 13,Chronos,0.5048589706420898
Sample 13,TimesFM,0.49514105916023254
Sample 14,Chronos,0.505058228969574
Sample 14,TimesFM,0.49494174122810364
Sample 15,Chronos,0.5021791458129883
Sample 15,Time-MoE,0.4978208541870117
Sample 16,Time-MoE,0.5002726316452026
Sample 16,Chronos,0.499727338552475
Sample 17,Moirai,0.5197186470031738
Sample 17,Timer,0.4802813231945038
Sample 18,Chronos,0.5038921236991882
Sample 18,TimesFM,0.49610787630081177
Sample 19,Moirai,0.5159214735031128
Sample 19,Timer,0.4840784966945648
Sample 20,Moirai,0.5148961544036865
Sample 20,Timer,0.48510387539863586
Sample 21,Moirai,0.5179585814476013
Sample 21,Timer,0.4820413887500763
Sample 22,Moirai,0.5077353715896606
Sample 22,Chronos,0.49226462841033936
Sample 23,Chronos,0.5059381127357483
Sample 23,Time-MoE,0.4940618872642517
Sample 24,Moirai,0.5153994560241699
Sample 24,Time-MoE,0.4846005141735077
Sample 25,Moirai,0.5173331499099731
Sample 25,Timer,0.48266687989234924
Sample 26,Moirai,0.5023707747459412
Sample 26,Chronos,0.49762922525405884
Sample 27,Moirai,0.5205761194229126
Sample 27,Timer,0.4794238805770874
Sample 28,Moirai,0.5162075161933899
Sample 28,Chronos,0.48379242420196533
Sample 29,Moirai,0.5109769105911255
Sample 29,Timer,0.4890231192111969
Sample 30,Moirai,0.5140963196754456
Sample 30,TimesFM,0.48590368032455444
Sample 31,Chronos,0.5065271854400635
Sample 31,TimesFM,0.4934728443622589
Sample 0,Moirai,0.5323218703269958
Sample 0,Timer,0.46767812967300415
Sample 1,Moirai,0.5137140154838562
Sample 1,Timer,0.4862859547138214
Sample 2,Moirai,0.5087789297103882
Sample 2,Time-MoE,0.49122101068496704
Sample 3,Moirai,0.5110518336296082
Sample 3,Chronos,0.48894813656806946
Sample 4,Chronos,0.5032275915145874
Sample 4,TimesFM,0.4967723786830902
Sample 5,Moirai,0.5235320329666138
Sample 5,Timer,0.47646793723106384
Sample 6,Moirai,0.5084015130996704
Sample 6,Chronos,0.4915984570980072
Sample 7,Chronos,0.5045266151428223
Sample 7,TimesFM,0.49547335505485535
Sample 8,Moirai,0.5006548166275024
Sample 8,Time-MoE,0.49934518337249756
Sample 9,Moirai,0.5175551176071167
Sample 9,Timer,0.4824449121952057
Sample 10,Moirai,0.5032229423522949
Sample 10,TimesFM,0.4967770278453827
Sample 11,Moirai,0.5116146206855774
Sample 11,Timer,0.4883853793144226
Sample 12,Moirai,0.506332516670227
Sample 12,Chronos,0.49366751313209534
Sample 13,Moirai,0.5212686061859131
Sample 13,Timer,0.4787313640117645
Sample 14,Moirai,0.519930362701416
Sample 14,Timer,0.480069637298584
Sample 15,Chronos,0.5057809352874756
Sample 15,Time-MoE,0.4942190647125244
Sample 0,Moirai,0.5012540817260742
Sample 0,Time-MoE,0.4987459182739258
Sample 1,Moirai,0.5124792456626892
Sample 1,Timer,0.4875207841396332
Sample 2,Chronos,0.5101258754730225
Sample 2,TimesFM,0.4898741543292999
Sample 3,Moirai,0.5142242908477783
Sample 3,Timer,0.4857756793498993
Sample 4,Moirai,0.5153890252113342
Sample 4,Chronos,0.48461100459098816
Sample 5,Moirai,0.5181706547737122
Sample 5,Timer,0.48182931542396545
Sample 6,Moirai,0.5102311372756958
Sample 6,Chronos,0.4897688925266266
Sample 7,Chronos,0.5066601037979126
Sample 7,Time-MoE,0.493339866399765
Sample 8,Moirai,0.5122272968292236
Sample 8,Time-MoE,0.48777270317077637
Sample 9,Moirai,0.5127132534980774
Sample 9,Timer,0.4872867465019226
Sample 10,Moirai,0.5194791555404663
Sample 10,Chronos,0.4805207848548889
Sample 11,Moirai,0.5171863436698914
Sample 11,Timer,0.48281365633010864
Sample 12,Chronos,0.5023514032363892
Sample 12,Time-MoE,0.49764859676361084
Sample 13,Moirai,0.5193156003952026
Sample 13,Timer,0.480684369802475
Sample 14,Moirai,0.5175061821937561
Sample 14,Timer,0.4824938178062439
Sample 15,Chronos,0.5082393288612366
Sample 15,TimesFM,0.49176064133644104
Sample 16,Moirai,0.5057256817817688
Sample 16,Time-MoE,0.494274377822876
Sample 17,Moirai,0.5196415781974792
Sample 17,Timer,0.48035842180252075
Sample 18,Moirai,0.500825822353363
Sample 18,Chronos,0.49917420744895935
Sample 19,Moirai,0.5130057334899902
Sample 19,Timer,0.48699429631233215
Sample 20,Moirai,0.5123435258865356
Sample 20,Chronos,0.48765647411346436
Sample 21,Moirai,0.5104570388793945
Sample 21,Timer,0.4895429313182831
Sample 22,Chronos,0.5018864274024963
Sample 22,Moirai,0.49811357259750366
Sample 23,Chronos,0.5037118792533875
Sample 23,Time-MoE,0.49628809094429016
Sample 24,Time-MoE,0.5004667639732361
Sample 24,Chronos,0.4995332360267639
Sample 25,Moirai,0.5142448544502258
Sample 25,Timer,0.48575517535209656
Sample 26,Moirai,0.5142236948013306
Sample 26,Chronos,0.48577627539634705
Sample 27,Moirai,0.5145941972732544
Sample 27,Chronos,0.485405832529068
Sample 28,Chronos,0.5096376538276672
Sample 28,TimesFM,0.49036237597465515
Sample 29,Moirai,0.5219179391860962
Sample 29,Timer,0.4780820608139038
Sample 30,Moirai,0.5250707268714905
Sample 30,Timer,0.4749292731285095
Sample 31,Chronos,0.5066117644309998
Sample 31,Time-MoE,0.49338823556900024
Sample 0,Chronos,0.500683605670929
Sample 0,Time-MoE,0.4993164539337158
Sample 1,Moirai,0.5223492383956909
Sample 1,Timer,0.4776507318019867
Sample 2,Chronos,0.5035691857337952
Sample 2,Time-MoE,0.49643081426620483
Sample 3,Moirai,0.5108369588851929
Sample 3,Timer,0.4891630709171295
Sample 4,Chronos,0.5083765983581543
Sample 4,TimesFM,0.4916234314441681
Sample 5,Moirai,0.521570086479187
Sample 5,Timer,0.4784298837184906
Sample 6,Moirai,0.5041276812553406
Sample 6,Chronos,0.4958723485469818
Sample 7,Chronos,0.5045689344406128
Sample 7,Time-MoE,0.4954310953617096
Sample 8,Moirai,0.5308976173400879
Sample 8,TimesFM,0.4691024124622345
Sample 9,Moirai,0.5192268490791321
Sample 9,Timer,0.4807731807231903
Sample 10,Moirai,0.5104024410247803
Sample 10,Chronos,0.4895975887775421
Sample 11,Chronos,0.5055846571922302
Sample 11,TimesFM,0.49441537261009216
Sample 12,Chronos,0.5046783685684204
Sample 12,TimesFM,0.4953216314315796
Sample 13,Moirai,0.5202224254608154
Sample 13,Timer,0.47977760434150696
Sample 14,Moirai,0.5078670978546143
Sample 14,Chronos,0.49213293194770813
Sample 15,Chronos,0.5045956373214722
Sample 15,Time-MoE,0.49540436267852783
Sample 16,Moirai,0.5091552138328552
Sample 16,Time-MoE,0.4908447563648224
Sample 17,Moirai,0.5209325551986694
Sample 17,Timer,0.47906744480133057
Sample 18,Chronos,0.5041719079017639
Sample 18,TimesFM,0.4958280622959137
Sample 19,Moirai,0.5145609378814697
Sample 19,Timer,0.4854390621185303
Sample 20,Moirai,0.5250926613807678
Sample 20,Chronos,0.4749073386192322
Sample 21,Moirai,0.5217686891555786
Sample 21,Timer,0.4782313406467438
Sample 22,Moirai,0.5034875869750977
Sample 22,Chronos,0.49651238322257996
Sample 23,Chronos,0.5107309818267822
Sample 23,TimesFM,0.4892690181732178
Sample 24,Moirai,0.5333930253982544
Sample 24,Timer,0.4666069447994232
Sample 25,Moirai,0.5096961855888367
Sample 25,Timer,0.49030381441116333
Sample 26,Moirai,0.5158225893974304
Sample 26,TimesFM,0.4841773808002472
Sample 27,Moirai,0.5121039748191833
Sample 27,Timer,0.48789605498313904
Sample 28,Chronos,0.5094291567802429
Sample 28,Time-MoE,0.4905708432197571
Sample 29,Moirai,0.5176141262054443
Sample 29,Timer,0.4823858141899109
Sample 30,Moirai,0.515662431716919
Sample 30,Timer,0.4843375086784363
Sample 31,Chronos,0.5066691637039185
Sample 31,TimesFM,0.49333083629608154
Sample 0,Moirai,0.5026403069496155
Sample 0,Time-MoE,0.4973597526550293
Sample 1,Moirai,0.5191648006439209
Sample 1,Timer,0.4808351695537567
Sample 2,Moirai,0.5163493752479553
Sample 2,TimesFM,0.48365065455436707
Sample 3,Moirai,0.5122061371803284
Sample 3,Timer,0.487793892621994
Sample 4,Chronos,0.5059754848480225
Sample 4,TimesFM,0.49402448534965515
Sample 5,Moirai,0.5198112726211548
Sample 5,Timer,0.4801887571811676
Sample 6,Chronos,0.5071203708648682
Sample 6,TimesFM,0.49287959933280945
Sample 7,Chronos,0.5058361887931824
Sample 7,TimesFM,0.49416384100914
Sample 8,Time-MoE,0.5011378526687622
Sample 8,Chronos,0.498862087726593
Sample 9,Moirai,0.5135315656661987
Sample 9,Timer,0.48646846413612366
Sample 10,Moirai,0.5083475112915039
Sample 10,Timer,0.49165254831314087
Sample 11,Chronos,0.5034787058830261
Sample 11,TimesFM,0.49652132391929626
Sample 12,Chronos,0.5117618441581726
Sample 12,Time-MoE,0.4882380962371826
Sample 13,Moirai,0.5177327394485474
Sample 13,Timer,0.482267290353775
Sample 14,Moirai,0.5180618762969971
Sample 14,Timer,0.48193809390068054
Sample 15,Chronos,0.5062633156776428
Sample 15,Time-MoE,0.49373671412467957
Sample 16,Moirai,0.534003734588623
Sample 16,TimesFM,0.46599629521369934
Sample 17,Moirai,0.5077100396156311
Sample 17,Timer,0.4922899305820465
Sample 18,Chronos,0.5044215321540833
Sample 18,Time-MoE,0.49557843804359436
Sample 19,Moirai,0.5161702632904053
Sample 19,Chronos,0.48382970690727234
Sample 20,Chronos,0.5103250741958618
Sample 20,Time-MoE,0.4896748960018158
Sample 21,Moirai,0.5181186199188232
Sample 21,Timer,0.48188140988349915
Sample 22,Moirai,0.51448655128479
Sample 22,Chronos,0.4855134189128876
Sample 23,Chronos,0.5074416399002075
Sample 23,TimesFM,0.4925583302974701
Sample 24,Chronos,0.500856876373291
Sample 24,Time-MoE,0.499143123626709
Sample 25,Moirai,0.5126911401748657
Sample 25,Timer,0.48730888962745667
Sample 26,Moirai,0.5068653225898743
Sample 26,Time-MoE,0.49313467741012573
Sample 27,Moirai,0.5067746639251709
Sample 27,Chronos,0.4932253360748291
Sample 28,Chronos,0.5094860196113586
Sample 28,Time-MoE,0.49051401019096375
Sample 29,Moirai,0.5140089988708496
Sample 29,Timer,0.4859910309314728
Sample 30,Moirai,0.5157408118247986
Sample 30,Timer,0.4842592179775238
Sample 31,Chronos,0.508501410484314
Sample 31,TimesFM,0.4914986491203308
Sample 0,Time-MoE,0.5014511942863464
Sample 0,Chronos,0.4985487759113312
Sample 1,Moirai,0.5170798897743225
Sample 1,Timer,0.4829200506210327
Sample 2,Moirai,0.502613365650177
Sample 2,Chronos,0.4973866045475006
Sample 3,Moirai,0.5156272053718567
Sample 3,Timer,0.4843727648258209
Sample 4,Moirai,0.5023173689842224
Sample 4,Chronos,0.4976826012134552
Sample 5,Chronos,0.505584180355072
Sample 5,Time-MoE,0.4944157898426056
Sample 6,Chronos,0.5003834366798401
Sample 6,Time-MoE,0.4996165633201599
Sample 7,Chronos,0.5051571726799011
Sample 7,TimesFM,0.4948427975177765
Sample 8,Time-MoE,0.5021147727966309
Sample 8,Chronos,0.49788519740104675
Sample 9,Moirai,0.5178548693656921
Sample 9,Timer,0.48214516043663025
Sample 10,Chronos,0.5041566491127014
Sample 10,TimesFM,0.49584338068962097
Sample 11,Moirai,0.5118135809898376
Sample 11,Timer,0.48818638920783997
Sample 12,Chronos,0.5093716382980347
Sample 12,Time-MoE,0.49062836170196533
Sample 13,Moirai,0.5142462849617004
Sample 13,Timer,0.48575371503829956
Sample 14,Moirai,0.5116044282913208
Sample 14,Timer,0.4883956015110016
Sample 15,Chronos,0.5081239938735962
Sample 15,Time-MoE,0.4918759763240814
Sample 16,Time-MoE,0.5017786622047424
Sample 16,Moirai,0.49822133779525757
Sample 17,Moirai,0.5016627311706543
Sample 17,Chronos,0.4983372688293457
Sample 18,Chronos,0.5013253092765808
Sample 18,Time-MoE,0.4986747205257416
Sample 19,Moirai,0.506554901599884
Sample 19,Timer,0.4934450685977936
Sample 20,Chronos,0.5096203088760376
Sample 20,TimesFM,0.49037966132164
Sample 21,Moirai,0.5180330872535706
Sample 21,Timer,0.48196688294410706
Sample 22,Moirai,0.5174535512924194
Sample 22,TimesFM,0.4825464189052582
Sample 23,Chronos,0.5056783556938171
Sample 23,TimesFM,0.49432167410850525
Sample 24,Chronos,0.500746488571167
Sample 24,Time-MoE,0.499253511428833
Sample 25,Moirai,0.5140917897224426
Sample 25,Timer,0.4859082102775574
Sample 26,Chronos,0.5039751529693604
Sample 26,Time-MoE,0.49602484703063965
Sample 27,Moirai,0.5120733380317688
Sample 27,Timer,0.4879266321659088
Sample 28,Chronos,0.506334125995636
Sample 28,Time-MoE,0.4936658442020416
Sample 29,Moirai,0.5116283297538757
Sample 29,Timer,0.48837167024612427
Sample 30,Moirai,0.5227943062782288
Sample 30,Timer,0.47720572352409363
Sample 31,Chronos,0.505078911781311
Sample 31,Time-MoE,0.49492108821868896
Sample 0,Time-MoE,0.501503586769104
Sample 0,Moirai,0.4984964430332184
Sample 1,Moirai,0.519273579120636
Sample 1,Timer,0.4807263910770416
Sample 2,Moirai,0.5070893168449402
Sample 2,Chronos,0.4929106533527374
Sample 3,Moirai,0.5145345330238342
Sample 3,Timer,0.48546549677848816
Sample 4,Moirai,0.5085740685462952
Sample 4,Chronos,0.4914259612560272
Sample 5,Moirai,0.515876293182373
Sample 5,Timer,0.48412370681762695
Sample 6,Moirai,0.5265350937843323
Sample 6,TimesFM,0.4734649062156677
Sample 7,Chronos,0.503308117389679
Sample 7,Time-MoE,0.49669185280799866
Sample 8,Moirai,0.5232359170913696
Sample 8,Time-MoE,0.476764053106308
Sample 9,Moirai,0.5172066688537598
Sample 9,Timer,0.48279330134391785
Sample 10,Moirai,0.5062416791915894
Sample 10,Chronos,0.49375829100608826
Sample 11,Moirai,0.5080344080924988
Sample 11,Chronos,0.4919655919075012
Sample 12,Moirai,0.5014945864677429
Sample 12,Chronos,0.49850544333457947
Sample 13,Moirai,0.5172654390335083
Sample 13,TimesFM,0.4827346205711365
Sample 14,Moirai,0.5105262398719788
Sample 14,TimesFM,0.48947378993034363
Sample 15,Chronos,0.504846453666687
Sample 15,TimesFM,0.495153546333313
Sample 16,Moirai,0.5113716721534729
Sample 16,Time-MoE,0.4886283278465271
Sample 17,Moirai,0.5158783793449402
Sample 17,Timer,0.4841216206550598
Sample 18,Moirai,0.5190407633781433
Sample 18,TimesFM,0.4809592366218567
Sample 19,Moirai,0.5054486393928528
Sample 19,Chronos,0.4945513606071472
Sample 20,Chronos,0.512148916721344
Sample 20,Time-MoE,0.4878511130809784
Sample 21,Moirai,0.5200333595275879
Sample 21,Timer,0.4799666404724121
Sample 22,Moirai,0.5243549346923828
Sample 22,Timer,0.47564512491226196
Sample 23,Chronos,0.5057190656661987
Sample 23,TimesFM,0.49428093433380127
Sample 24,Time-MoE,0.5003366470336914
Sample 24,Moirai,0.4996633231639862
Sample 25,Moirai,0.5138776898384094
Sample 25,Timer,0.4861223101615906
Sample 26,Moirai,0.5074867606163025
Sample 26,TimesFM,0.4925132095813751
Sample 27,Moirai,0.5113735198974609
Sample 27,Timer,0.48862650990486145
Sample 28,Chronos,0.5061237215995789
Sample 28,Time-MoE,0.49387630820274353
Sample 29,Moirai,0.5101606249809265
Sample 29,Chronos,0.4898394048213959
Sample 30,Moirai,0.5275114178657532
Sample 30,Chronos,0.4724886119365692
Sample 31,Chronos,0.5027337670326233
Sample 31,TimesFM,0.49726617336273193
Sample 0,Time-MoE,0.5016673803329468
Sample 0,Chronos,0.4983326196670532
Sample 1,Moirai,0.51719069480896
Sample 1,Timer,0.48280930519104004
Sample 2,Moirai,0.5018472671508789
Sample 2,Chronos,0.4981527626514435
Sample 3,Moirai,0.5184421539306641
Sample 3,Timer,0.48155778646469116
Sample 4,Chronos,0.5093075037002563
Sample 4,Time-MoE,0.49069252610206604
Sample 5,Moirai,0.5211385488510132
Sample 5,Timer,0.4788614809513092
Sample 6,Moirai,0.517238438129425
Sample 6,TimesFM,0.48276156187057495
Sample 7,Chronos,0.5041775107383728
Sample 7,TimesFM,0.4958224892616272
Sample 8,Moirai,0.504114031791687
Sample 8,Time-MoE,0.4958859384059906
Sample 9,Moirai,0.5200330018997192
Sample 9,Timer,0.479966938495636
Sample 10,Moirai,0.5113648772239685
Sample 10,TimesFM,0.4886351227760315
Sample 11,Moirai,0.5117175579071045
Sample 11,Chronos,0.4882824718952179
Sample 12,Chronos,0.5023122429847717
Sample 12,Time-MoE,0.49768775701522827
Sample 13,Chronos,0.505159854888916
Sample 13,TimesFM,0.49484017491340637
Sample 14,Chronos,0.5049865245819092
Sample 14,TimesFM,0.4950135052204132
Sample 15,Chronos,0.5019837021827698
Sample 15,Time-MoE,0.498016357421875
Sample 16,Time-MoE,0.5011821985244751
Sample 16,Chronos,0.4988178312778473
Sample 17,Moirai,0.5209931135177612
Sample 17,Timer,0.47900688648223877
Sample 18,Chronos,0.5040217638015747
Sample 18,TimesFM,0.4959782063961029
Sample 19,Moirai,0.5169703960418701
Sample 19,Timer,0.4830296039581299
Sample 20,Moirai,0.5157279372215271
Sample 20,Timer,0.4842720329761505
Sample 21,Moirai,0.5189792513847351
Sample 21,Timer,0.48102080821990967
Sample 22,Moirai,0.5083514451980591
Sample 22,Chronos,0.49164852499961853
Sample 23,Chronos,0.5057126879692078
Sample 23,Time-MoE,0.49428731203079224
Sample 24,Moirai,0.5166583061218262
Sample 24,Time-MoE,0.48334166407585144
Sample 25,Moirai,0.5183533430099487
Sample 25,Timer,0.48164665699005127
Sample 26,Moirai,0.5026180148124695
Sample 26,Chronos,0.4973819851875305
Sample 27,Moirai,0.5220414400100708
Sample 27,Timer,0.4779585301876068
Sample 28,Moirai,0.5174823999404907
Sample 28,TimesFM,0.4825175702571869
Sample 29,Moirai,0.5115560293197632
Sample 29,Timer,0.4884440302848816
Sample 30,Moirai,0.5147965550422668
Sample 30,TimesFM,0.48520347476005554
Sample 31,Chronos,0.5071645975112915
Sample 31,TimesFM,0.4928354322910309
Sample 0,Moirai,0.5355721712112427
Sample 0,Timer,0.4644278287887573
Sample 1,Moirai,0.5142229795455933
Sample 1,Timer,0.48577699065208435
Sample 2,Moirai,0.5086089372634888
Sample 2,Time-MoE,0.4913910925388336
Sample 3,Moirai,0.5117786526679993
Sample 3,Chronos,0.4882213771343231
Sample 4,Chronos,0.503197431564331
Sample 4,TimesFM,0.49680259823799133
Sample 5,Moirai,0.5252838134765625
Sample 5,Timer,0.4747161567211151
Sample 6,Moirai,0.5091766119003296
Sample 6,Chronos,0.4908233880996704
Sample 7,Chronos,0.5048660635948181
Sample 7,TimesFM,0.4951339662075043
Sample 8,Time-MoE,0.5002530813217163
Sample 8,Moirai,0.4997469186782837
Sample 9,Moirai,0.5185098052024841
Sample 9,Timer,0.48149022459983826
Sample 10,Moirai,0.5029473900794983
Sample 10,TimesFM,0.4970526099205017
Sample 11,Moirai,0.512275218963623
Sample 11,Timer,0.48772481083869934
Sample 12,Moirai,0.5065213441848755
Sample 12,Chronos,0.4934786558151245
Sample 13,Moirai,0.5228056311607361
Sample 13,Timer,0.4771943688392639
Sample 14,Moirai,0.5211785435676575
Sample 14,Timer,0.47882145643234253
Sample 15,Chronos,0.5055376887321472
Sample 15,Time-MoE,0.4944623112678528
Sample 0,Moirai,0.500298261642456
Sample 0,Time-MoE,0.49970170855522156
Sample 1,Moirai,0.512848436832428
Sample 1,Timer,0.48715153336524963
Sample 2,Chronos,0.5107306838035583
Sample 2,TimesFM,0.4892693758010864
Sample 3,Moirai,0.5151706337928772
Sample 3,Timer,0.4848293364048004
Sample 4,Moirai,0.5173027515411377
Sample 4,Chronos,0.4826972484588623
Sample 5,Moirai,0.5191748142242432
Sample 5,Timer,0.48082512617111206
Sample 6,Moirai,0.510979950428009
Sample 6,Chronos,0.48902004957199097
Sample 7,Chronos,0.5064712762832642
Sample 7,Time-MoE,0.4935287535190582
Sample 8,Moirai,0.5126312375068665
Sample 8,Time-MoE,0.48736876249313354
Sample 9,Moirai,0.5131522417068481
Sample 9,Timer,0.48684781789779663
Sample 10,Moirai,0.5205348134040833
Sample 10,TimesFM,0.47946521639823914
Sample 11,Moirai,0.5183495879173279
Sample 11,Timer,0.4816504418849945
Sample 12,Chronos,0.5017200112342834
Sample 12,Time-MoE,0.49827995896339417
Sample 13,Moirai,0.5205901265144348
Sample 13,Timer,0.4794098734855652
Sample 14,Moirai,0.518510103225708
Sample 14,Timer,0.4814899265766144
Sample 15,Chronos,0.5083091855049133
Sample 15,Time-MoE,0.4916907846927643
Sample 16,Moirai,0.5056112408638
Sample 16,Time-MoE,0.49438878893852234
Sample 17,Moirai,0.5208940505981445
Sample 17,Timer,0.47910594940185547
Sample 18,Moirai,0.5008900761604309
Sample 18,Chronos,0.49910998344421387
Sample 19,Moirai,0.5138286352157593
Sample 19,Timer,0.4861713647842407
Sample 20,Moirai,0.5137814879417419
Sample 20,Chronos,0.48621854186058044
Sample 21,Moirai,0.5111722350120544
Sample 21,Timer,0.48882776498794556
Sample 22,Chronos,0.5020633935928345
Sample 22,Moirai,0.49793657660484314
Sample 23,Chronos,0.5035614967346191
Sample 23,Time-MoE,0.49643853306770325
Sample 24,Time-MoE,0.5018172264099121
Sample 24,Chronos,0.4981827139854431
Sample 25,Moirai,0.5148362517356873
Sample 25,Timer,0.48516374826431274
Sample 26,Moirai,0.5153257846832275
Sample 26,Chronos,0.48467421531677246
Sample 27,Moirai,0.516312837600708
Sample 27,Chronos,0.4836871325969696
Sample 28,Chronos,0.5103082060813904
Sample 28,TimesFM,0.4896917939186096
Sample 29,Moirai,0.5234561562538147
Sample 29,Timer,0.4765438139438629
Sample 30,Moirai,0.527021050453186
Sample 30,Timer,0.47297897934913635
Sample 31,Chronos,0.5066165328025818
Sample 31,Time-MoE,0.4933834373950958
Sample 0,Time-MoE,0.5004206299781799
Sample 0,Chronos,0.4995793402194977
Sample 1,Moirai,0.5238853693008423
Sample 1,Timer,0.4761146306991577
Sample 2,Chronos,0.5032454133033752
Sample 2,Time-MoE,0.49675455689430237
Sample 3,Moirai,0.5114862322807312
Sample 3,Timer,0.4885137975215912
Sample 4,Chronos,0.5087765455245972
Sample 4,TimesFM,0.49122342467308044
Sample 5,Moirai,0.5230821371078491
Sample 5,Timer,0.4769178628921509
Sample 6,Moirai,0.5043648481369019
Sample 6,Chronos,0.49563515186309814
Sample 7,Chronos,0.5042691230773926
Sample 7,Time-MoE,0.4957308769226074
Sample 8,Moirai,0.5338236689567566
Sample 8,TimesFM,0.46617627143859863
Sample 9,Moirai,0.5204416513442993
Sample 9,Timer,0.4795583486557007
Sample 10,Moirai,0.5111639499664307
Sample 10,Chronos,0.4888360798358917
Sample 11,Chronos,0.5057345628738403
Sample 11,TimesFM,0.49426546692848206
Sample 12,Chronos,0.5045784711837769
Sample 12,Time-MoE,0.49542155861854553
Sample 13,Moirai,0.5216447114944458
Sample 13,Timer,0.4783553183078766
Sample 14,Moirai,0.5084822773933411
Sample 14,Chronos,0.49151769280433655
Sample 15,Chronos,0.5042712688446045
Sample 15,Time-MoE,0.4957287311553955
Sample 16,Moirai,0.5092171430587769
Sample 16,Time-MoE,0.49078288674354553
Sample 17,Moirai,0.5222249627113342
Sample 17,Timer,0.4777750074863434
Sample 18,Chronos,0.5040335059165955
Sample 18,TimesFM,0.49596649408340454
Sample 19,Moirai,0.5155107975006104
Sample 19,Timer,0.48448917269706726
Sample 20,Moirai,0.5273669958114624
Sample 20,TimesFM,0.4726330041885376
Sample 21,Moirai,0.523322343826294
Sample 21,Timer,0.47667762637138367
Sample 22,Moirai,0.5040473937988281
Sample 22,Chronos,0.4959525763988495
Sample 23,Chronos,0.5114511251449585
Sample 23,TimesFM,0.4885488748550415
Sample 24,Moirai,0.5364180207252502
Sample 24,TimesFM,0.46358194947242737
Sample 25,Moirai,0.5098742246627808
Sample 25,Timer,0.4901258051395416
Sample 26,Moirai,0.5164958834648132
Sample 26,TimesFM,0.48350411653518677
Sample 27,Moirai,0.5127955079078674
Sample 27,Timer,0.48720449209213257
Sample 28,Chronos,0.5095760822296143
Sample 28,Time-MoE,0.49042388796806335
Sample 29,Moirai,0.5186676383018494
Sample 29,Timer,0.48133230209350586
Sample 30,Moirai,0.5165289044380188
Sample 30,Timer,0.4834710657596588
Sample 31,Chronos,0.506858766078949
Sample 31,Time-MoE,0.493141233921051
Sample 0,Moirai,0.5014824867248535
Sample 0,Time-MoE,0.4985175132751465
Sample 1,Moirai,0.5202648043632507
Sample 1,Timer,0.4797351658344269
Sample 2,Moirai,0.5176424384117126
Sample 2,TimesFM,0.48235759139060974
Sample 3,Moirai,0.5128398537635803
Sample 3,Timer,0.4871600866317749
Sample 4,Chronos,0.505744457244873
Sample 4,Time-MoE,0.49425557255744934
Sample 5,Moirai,0.5210697054862976
Sample 5,Timer,0.4789302945137024
Sample 6,Chronos,0.5076484084129333
Sample 6,TimesFM,0.49235159158706665
Sample 7,Chronos,0.5059620141983032
Sample 7,TimesFM,0.4940379858016968
Sample 8,Time-MoE,0.5023427605628967
Sample 8,Chronos,0.49765723943710327
Sample 9,Moirai,0.5140393376350403
Sample 9,Timer,0.48596063256263733
Sample 10,Moirai,0.5086930990219116
Sample 10,Timer,0.4913069009780884
Sample 11,Chronos,0.50355464220047
Sample 11,TimesFM,0.4964453876018524
Sample 12,Chronos,0.5123236775398254
Sample 12,Time-MoE,0.48767632246017456
Sample 13,Moirai,0.5187733173370361
Sample 13,Timer,0.48122671246528625
Sample 14,Moirai,0.5188586115837097
Sample 14,Timer,0.4811413884162903
Sample 15,Chronos,0.5062666535377502
Sample 15,Time-MoE,0.49373334646224976
Sample 16,Moirai,0.5372894406318665
Sample 16,TimesFM,0.46271052956581116
Sample 17,Moirai,0.507693886756897
Sample 17,Timer,0.49230608344078064
Sample 18,Chronos,0.5043877959251404
Sample 18,Time-MoE,0.4956122040748596
Sample 19,Moirai,0.517991304397583
Sample 19,Chronos,0.482008695602417
Sample 20,Chronos,0.5106717944145203
Sample 20,Time-MoE,0.48932820558547974
Sample 21,Moirai,0.5190433859825134
Sample 21,Timer,0.4809565842151642
Sample 22,Moirai,0.5157651305198669
Sample 22,Chronos,0.48423492908477783
Sample 23,Chronos,0.5079922080039978
Sample 23,TimesFM,0.4920077919960022
Sample 24,Time-MoE,0.500053882598877
Sample 24,Chronos,0.49994614720344543
Sample 25,Moirai,0.5131798982620239
Sample 25,Timer,0.4868200719356537
Sample 26,Moirai,0.5066697001457214
Sample 26,Time-MoE,0.49333032965660095
Sample 27,Moirai,0.5072232484817505
Sample 27,Chronos,0.4927767217159271
Sample 28,Chronos,0.5100330114364624
Sample 28,Time-MoE,0.48996701836586
Sample 29,Moirai,0.5146833062171936
Sample 29,Timer,0.485316663980484
Sample 30,Moirai,0.5165822505950928
Sample 30,Timer,0.4834177494049072
Sample 31,Chronos,0.5091150403022766
Sample 31,TimesFM,0.4908849895000458
Sample 0,Time-MoE,0.5024027824401855
Sample 0,Chronos,0.49759718775749207
Sample 1,Moirai,0.5179041624069214
Sample 1,Timer,0.48209577798843384
Sample 2,Moirai,0.5023936033248901
Sample 2,Chronos,0.49760639667510986
Sample 3,Moirai,0.5165526866912842
Sample 3,Timer,0.48344728350639343
Sample 4,Moirai,0.5018622875213623
Sample 4,Chronos,0.4981376826763153
Sample 5,Chronos,0.5055665373802185
Sample 5,Time-MoE,0.4944334626197815
Sample 6,Time-MoE,0.5000975131988525
Sample 6,Chronos,0.49990248680114746
Sample 7,Chronos,0.5054601430892944
Sample 7,TimesFM,0.49453985691070557
Sample 8,Time-MoE,0.5034516453742981
Sample 8,Chronos,0.4965483546257019
Sample 9,Moirai,0.5186271071434021
Sample 9,Timer,0.4813729226589203
Sample 10,Chronos,0.50425785779953
Sample 10,TimesFM,0.49574217200279236
Sample 11,Moirai,0.5124065279960632
Sample 11,Timer,0.48759353160858154
Sample 12,Chronos,0.5097457766532898
Sample 12,Time-MoE,0.4902542531490326
Sample 13,Moirai,0.5147677659988403
Sample 13,Timer,0.4852322041988373
Sample 14,Moirai,0.5121317505836487
Sample 14,Timer,0.4878682792186737
Sample 15,Chronos,0.5082924962043762
Sample 15,Time-MoE,0.49170753359794617
Sample 16,Time-MoE,0.5032969117164612
Sample 16,Chronos,0.4967030882835388
Sample 17,Moirai,0.5012763142585754
Sample 17,Chronos,0.49872374534606934
Sample 18,Chronos,0.5009296536445618
Sample 18,Time-MoE,0.49907031655311584
Sample 19,Moirai,0.5066598057746887
Sample 19,Timer,0.4933401942253113
Sample 20,Chronos,0.5103024840354919
Sample 20,TimesFM,0.48969754576683044
Sample 21,Moirai,0.5189242959022522
Sample 21,Timer,0.4810757040977478
Sample 22,Moirai,0.5191006660461426
Sample 22,TimesFM,0.48089927434921265
Sample 23,Chronos,0.5061876177787781
Sample 23,TimesFM,0.4938123822212219
Sample 24,Time-MoE,0.5000867247581482
Sample 24,Chronos,0.4999132752418518
Sample 25,Moirai,0.514644205570221
Sample 25,Timer,0.48535579442977905
Sample 26,Chronos,0.5040372610092163
Sample 26,Time-MoE,0.49596279859542847
Sample 27,Moirai,0.512507438659668
Sample 27,Timer,0.4874925911426544
Sample 28,Chronos,0.5064117908477783
Sample 28,Time-MoE,0.4935882091522217
Sample 29,Moirai,0.5120147466659546
Sample 29,Timer,0.487985223531723
Sample 30,Moirai,0.5243362784385681
Sample 30,Timer,0.4756637215614319
Sample 31,Chronos,0.5051629543304443
Sample 31,Time-MoE,0.4948369860649109
Sample 0,Time-MoE,0.5033345818519592
Sample 0,Moirai,0.49666547775268555
Sample 1,Moirai,0.5201225876808167
Sample 1,Timer,0.47987741231918335
Sample 2,Moirai,0.5073409080505371
Sample 2,Chronos,0.4926591217517853
Sample 3,Moirai,0.5152317881584167
Sample 3,Timer,0.48476824164390564
Sample 4,Moirai,0.5089728832244873
Sample 4,Chronos,0.4910271465778351
Sample 5,Moirai,0.5164595246315002
Sample 5,Timer,0.48354047536849976
Sample 6,Moirai,0.5286900997161865
Sample 6,Timer,0.4713099002838135
Sample 7,Chronos,0.5033604502677917
Sample 7,Time-MoE,0.4966394901275635
Sample 8,Moirai,0.5239972472190857
Sample 8,Time-MoE,0.4760027825832367
Sample 9,Moirai,0.5177512764930725
Sample 9,Timer,0.4822487533092499
Sample 10,Moirai,0.5063493251800537
Sample 10,Chronos,0.4936507046222687
Sample 11,Moirai,0.5080295205116272
Sample 11,Chronos,0.4919704794883728
Sample 12,Moirai,0.5010174512863159
Sample 12,Chronos,0.49898260831832886
Sample 13,Moirai,0.5184888243675232
Sample 13,Timer,0.4815112054347992
Sample 14,Moirai,0.5116854310035706
Sample 14,Chronos,0.48831459879875183
Sample 15,Chronos,0.505134105682373
Sample 15,TimesFM,0.49486589431762695
Sample 16,Moirai,0.5109490752220154
Sample 16,Time-MoE,0.48905086517333984
Sample 17,Moirai,0.5164856314659119
Sample 17,Timer,0.48351436853408813
Sample 18,Moirai,0.5206894874572754
Sample 18,Timer,0.47931045293807983
Sample 19,Moirai,0.5056345462799072
Sample 19,Chronos,0.4943654537200928
Sample 20,Chronos,0.5130437016487122
Sample 20,TimesFM,0.48695626854896545
Sample 21,Moirai,0.5211023688316345
Sample 21,Timer,0.4788976013660431
Sample 22,Moirai,0.5257250070571899
Sample 22,Timer,0.47427496314048767
Sample 23,Chronos,0.5062564015388489
Sample 23,TimesFM,0.4937436282634735
Sample 24,Time-MoE,0.5020387172698975
Sample 24,Moirai,0.49796128273010254
Sample 25,Moirai,0.5140946507453918
Sample 25,Timer,0.48590531945228577
Sample 26,Moirai,0.5080762505531311
Sample 26,TimesFM,0.4919237792491913
Sample 27,Moirai,0.5117861032485962
Sample 27,Timer,0.4882139265537262
Sample 28,Chronos,0.5061876177787781
Sample 28,Time-MoE,0.4938123822212219
Sample 29,Moirai,0.5103871822357178
Sample 29,Chronos,0.4896128475666046
Sample 30,Moirai,0.5294634103775024
Sample 30,Chronos,0.47053655982017517
Sample 31,Chronos,0.5030781626701355
Sample 31,TimesFM,0.4969218075275421
Sample 0,Time-MoE,0.5025151371955872
Sample 0,Chronos,0.49748489260673523
Sample 1,Moirai,0.5178605318069458
Sample 1,Timer,0.4821394979953766
Sample 2,Moirai,0.5018530488014221
Sample 2,Chronos,0.4981469213962555
Sample 3,Moirai,0.5195131897926331
Sample 3,Timer,0.48048678040504456
Sample 4,Chronos,0.5101616978645325
Sample 4,Time-MoE,0.48983827233314514
Sample 5,Moirai,0.522314190864563
Sample 5,Timer,0.4776857793331146
Sample 6,Moirai,0.5182954668998718
Sample 6,Time-MoE,0.4817045331001282
Sample 7,Chronos,0.5046913623809814
Sample 7,TimesFM,0.49530866742134094
Sample 8,Moirai,0.5026805400848389
Sample 8,Time-MoE,0.4973194897174835
Sample 9,Moirai,0.5210708379745483
Sample 9,Timer,0.4789291322231293
Sample 10,Moirai,0.5127702951431274
Sample 10,TimesFM,0.48722973465919495
Sample 11,Moirai,0.5123826265335083
Sample 11,Chronos,0.4876173734664917
Sample 12,Chronos,0.5022178292274475
Sample 12,Time-MoE,0.4977821707725525
Sample 13,Chronos,0.505508303642273
Sample 13,TimesFM,0.49449172616004944
Sample 14,Chronos,0.5051542520523071
Sample 14,TimesFM,0.49484574794769287
Sample 15,Chronos,0.5019075870513916
Sample 15,Time-MoE,0.4980924725532532
Sample 16,Time-MoE,0.501956582069397
Sample 16,Chronos,0.498043417930603
Sample 17,Moirai,0.5221003890037537
Sample 17,Timer,0.4778996407985687
Sample 18,Chronos,0.5045560598373413
Sample 18,TimesFM,0.4954439699649811
Sample 19,Moirai,0.517836332321167
Sample 19,Timer,0.4821636378765106
Sample 20,Moirai,0.5166028141975403
Sample 20,Timer,0.4833972156047821
Sample 21,Moirai,0.5199018120765686
Sample 21,Timer,0.4800982177257538
Sample 22,Moirai,0.508813202381134
Sample 22,Chronos,0.49118682742118835
Sample 23,Chronos,0.5061653256416321
Sample 23,Time-MoE,0.4938346743583679
Sample 24,Moirai,0.5162672996520996
Sample 24,Time-MoE,0.4837327301502228
Sample 25,Moirai,0.5192185044288635
Sample 25,Timer,0.48078155517578125
Sample 26,Moirai,0.5024991631507874
Sample 26,Chronos,0.49750083684921265
Sample 27,Moirai,0.5233491063117981
Sample 27,Timer,0.4766508936882019
Sample 28,Moirai,0.519834041595459
Sample 28,Timer,0.480165958404541
Sample 29,Moirai,0.5120353698730469
Sample 29,Timer,0.4879646301269531
Sample 30,Moirai,0.5158014297485352
Sample 30,Time-MoE,0.48419857025146484
Sample 31,Chronos,0.5078126192092896
Sample 31,TimesFM,0.49218741059303284
Sample 0,Moirai,0.5384960174560547
Sample 0,Timer,0.4615039825439453
Sample 1,Moirai,0.5146899819374084
Sample 1,Timer,0.48531004786491394
Sample 2,Moirai,0.5079247355461121
Sample 2,Time-MoE,0.49207523465156555
Sample 3,Moirai,0.512367308139801
Sample 3,Chronos,0.487632691860199
Sample 4,Chronos,0.5033455491065979
Sample 4,TimesFM,0.4966544806957245
Sample 5,Moirai,0.5268491506576538
Sample 5,Timer,0.4731508493423462
Sample 6,Moirai,0.509742021560669
Sample 6,Chronos,0.49025800824165344
Sample 7,Chronos,0.5056015849113464
Sample 7,TimesFM,0.4943983852863312
Sample 8,Time-MoE,0.5024277567863464
Sample 8,Moirai,0.49757227301597595
Sample 9,Moirai,0.5193514227867126
Sample 9,Timer,0.48064860701560974
Sample 10,Moirai,0.5031197667121887
Sample 10,TimesFM,0.4968802332878113
Sample 11,Moirai,0.5128148198127747
Sample 11,Timer,0.48718520998954773
Sample 12,Moirai,0.5063455104827881
Sample 12,Chronos,0.4936545193195343
Sample 13,Moirai,0.5241642594337463
Sample 13,Timer,0.47583574056625366
Sample 14,Moirai,0.5224497318267822
Sample 14,Timer,0.4775502383708954
Sample 15,Chronos,0.5062304735183716
Sample 15,Time-MoE,0.4937695264816284
Sample 0,Time-MoE,0.5017511248588562
Sample 0,Moirai,0.4982488751411438
Sample 1,Moirai,0.5131824016571045
Sample 1,Timer,0.4868175983428955
Sample 2,Chronos,0.5117397904396057
Sample 2,TimesFM,0.4882601499557495
Sample 3,Moirai,0.5159805417060852
Sample 3,Timer,0.48401951789855957
Sample 4,Moirai,0.5188063979148865
Sample 4,Time-MoE,0.4811936020851135
Sample 5,Moirai,0.520185112953186
Sample 5,Timer,0.4798148572444916
Sample 6,Moirai,0.5114573836326599
Sample 6,Chronos,0.4885426461696625
Sample 7,Chronos,0.5073343515396118
Sample 7,Time-MoE,0.4926656186580658
Sample 8,Moirai,0.5119284391403198
Sample 8,Time-MoE,0.48807159066200256
Sample 9,Moirai,0.5135253667831421
Sample 9,Timer,0.4864746630191803
Sample 10,Moirai,0.521240770816803
Sample 10,Time-MoE,0.47875919938087463
Sample 11,Moirai,0.5194674730300903
Sample 11,Timer,0.48053252696990967
Sample 12,Chronos,0.5014998912811279
Sample 12,Time-MoE,0.4985000789165497
Sample 13,Moirai,0.5218687057495117
Sample 13,Timer,0.4781312942504883
Sample 14,Moirai,0.5195814371109009
Sample 14,Timer,0.48041853308677673
Sample 15,Chronos,0.5092589855194092
Sample 15,Time-MoE,0.49074098467826843
Sample 16,Moirai,0.504518985748291
Sample 16,Time-MoE,0.495481014251709
Sample 17,Moirai,0.5221216082572937
Sample 17,Timer,0.4778784215450287
Sample 18,Moirai,0.5005658864974976
Sample 18,Chronos,0.49943411350250244
Sample 19,Moirai,0.5145267248153687
Sample 19,Timer,0.48547330498695374
Sample 20,Moirai,0.5152046084403992
Sample 20,Chronos,0.48479536175727844
Sample 21,Moirai,0.5118792057037354
Sample 21,Timer,0.48812076449394226
Sample 22,Chronos,0.5024800896644592
Sample 22,Moirai,0.49751991033554077
Sample 23,Chronos,0.5037484169006348
Sample 23,Time-MoE,0.49625158309936523
Sample 24,Time-MoE,0.5026646852493286
Sample 24,Chronos,0.497335284948349
Sample 25,Moirai,0.5153921246528625
Sample 25,Timer,0.48460790514945984
Sample 26,Moirai,0.5161178708076477
Sample 26,Chronos,0.48388218879699707
Sample 27,Moirai,0.5177696943283081
Sample 27,Chronos,0.4822303354740143
Sample 28,Chronos,0.5113514065742493
Sample 28,TimesFM,0.4886486232280731
Sample 29,Moirai,0.5249373316764832
Sample 29,Timer,0.47506269812583923
Sample 30,Moirai,0.5290027260780334
Sample 30,Timer,0.47099730372428894
Sample 31,Chronos,0.5073394775390625
Sample 31,Time-MoE,0.4926604926586151
Sample 0,Time-MoE,0.5005506277084351
Sample 0,Chronos,0.49944934248924255
Sample 1,Moirai,0.5254127979278564
Sample 1,Timer,0.47458726167678833
Sample 2,Chronos,0.5033473968505859
Sample 2,Time-MoE,0.49665260314941406
Sample 3,Moirai,0.5119249820709229
Sample 3,Timer,0.48807501792907715
Sample 4,Chronos,0.5098246335983276
Sample 4,TimesFM,0.49017536640167236
Sample 5,Moirai,0.5245761275291443
Sample 5,Timer,0.4754238426685333
Sample 6,Moirai,0.5043396353721619
Sample 6,Chronos,0.49566033482551575
Sample 7,Chronos,0.5050158500671387
Sample 7,Time-MoE,0.49498412013053894
Sample 8,Moirai,0.5362110137939453
Sample 8,Time-MoE,0.4637890160083771
Sample 9,Moirai,0.5215352177619934
Sample 9,Timer,0.4784647822380066
Sample 10,Moirai,0.5115443468093872
Sample 10,Chronos,0.4884556829929352
Sample 11,Chronos,0.5066439509391785
Sample 11,TimesFM,0.4933560788631439
Sample 12,Chronos,0.5047837495803833
Sample 12,Time-MoE,0.4952162504196167
Sample 13,Moirai,0.5230239629745483
Sample 13,Timer,0.47697603702545166
Sample 14,Moirai,0.5088446140289307
Sample 14,Chronos,0.49115532636642456
Sample 15,Chronos,0.5045391917228699
Sample 15,Time-MoE,0.49546077847480774
Sample 16,Moirai,0.508490800857544
Sample 16,Time-MoE,0.49150919914245605
Sample 17,Moirai,0.5235404968261719
Sample 17,Timer,0.47645944356918335
Sample 18,Chronos,0.5045202374458313
Sample 18,TimesFM,0.4954797625541687
Sample 19,Moirai,0.5162470936775208
Sample 19,Timer,0.483752965927124
Sample 20,Moirai,0.5291802883148193
Sample 20,Time-MoE,0.47081971168518066
Sample 21,Moirai,0.5248432159423828
Sample 21,Timer,0.4751567840576172
Sample 22,Moirai,0.5043155550956726
Sample 22,Chronos,0.4956844449043274
Sample 23,Chronos,0.5128912329673767
Sample 23,TimesFM,0.4871087968349457
Sample 24,Moirai,0.5391985177993774
Sample 24,Time-MoE,0.46080148220062256
Sample 25,Moirai,0.5100099444389343
Sample 25,Timer,0.4899900555610657
Sample 26,Moirai,0.5177487730979919
Sample 26,Timer,0.48225119709968567
Sample 27,Moirai,0.513389527797699
Sample 27,Timer,0.486610472202301
Sample 28,Chronos,0.5108604431152344
Sample 28,Time-MoE,0.4891396164894104
Sample 29,Moirai,0.5197306871414185
Sample 29,Timer,0.48026931285858154
Sample 30,Moirai,0.5173597931861877
Sample 30,Timer,0.48264020681381226
Sample 31,Chronos,0.5079838037490845
Sample 31,Time-MoE,0.49201616644859314
Sample 0,Time-MoE,0.5001273155212402
Sample 0,Moirai,0.49987271428108215
Sample 1,Moirai,0.5213350653648376
Sample 1,Timer,0.4786648750305176
Sample 2,Moirai,0.5197564959526062
Sample 2,TimesFM,0.4802435338497162
Sample 3,Moirai,0.5133586525917053
Sample 3,Timer,0.4866413474082947
Sample 4,Chronos,0.5059118270874023
Sample 4,Time-MoE,0.49408817291259766
Sample 5,Moirai,0.5223513245582581
Sample 5,Timer,0.47764870524406433
Sample 6,Chronos,0.5085969567298889
Sample 6,TimesFM,0.49140307307243347
Sample 7,Chronos,0.5072210431098938
Sample 7,TimesFM,0.4927789568901062
Sample 8,Time-MoE,0.5027350187301636
Sample 8,Chronos,0.4972650408744812
Sample 9,Moirai,0.5145343542098999
Sample 9,Timer,0.4854656755924225
Sample 10,Moirai,0.5087697505950928
Sample 10,Timer,0.4912302792072296
Sample 11,Chronos,0.5039283037185669
Sample 11,TimesFM,0.4960716664791107
Sample 12,Chronos,0.5139618515968323
Sample 12,TimesFM,0.4860381782054901
Sample 13,Moirai,0.5198366641998291
Sample 13,Timer,0.4801633358001709
Sample 14,Moirai,0.5198215246200562
Sample 14,Timer,0.4801785349845886
Sample 15,Chronos,0.5075186491012573
Sample 15,Time-MoE,0.4924813508987427
Sample 16,Moirai,0.5402219295501709
Sample 16,Time-MoE,0.4597781300544739
Sample 17,Moirai,0.5076855421066284
Sample 17,Timer,0.49231448769569397
Sample 18,Chronos,0.5049211978912354
Sample 18,Time-MoE,0.49507880210876465
Sample 19,Moirai,0.5192417502403259
Sample 19,Chronos,0.4807582497596741
Sample 20,Chronos,0.511883020401001
Sample 20,TimesFM,0.4881170094013214
Sample 21,Moirai,0.5200616717338562
Sample 21,Timer,0.4799383580684662
Sample 22,Moirai,0.5165427923202515
Sample 22,Chronos,0.4834572374820709
Sample 23,Chronos,0.5091449618339539
Sample 23,TimesFM,0.49085503816604614
Sample 24,Chronos,0.5001202821731567
Sample 24,Time-MoE,0.49987971782684326
Sample 25,Moirai,0.5135768055915833
Sample 25,Timer,0.48642319440841675
Sample 26,Moirai,0.5064175724983215
Sample 26,Time-MoE,0.49358242750167847
Sample 27,Moirai,0.5073491930961609
Sample 27,Chronos,0.4926508367061615
Sample 28,Chronos,0.5114307999610901
Sample 28,TimesFM,0.4885692000389099
Sample 29,Moirai,0.5154147148132324
Sample 29,Timer,0.48458534479141235
Sample 30,Moirai,0.5174123048782349
Sample 30,Timer,0.48258769512176514
Sample 31,Chronos,0.5104984045028687
Sample 31,TimesFM,0.48950159549713135
Sample 0,Time-MoE,0.502346932888031
Sample 0,Chronos,0.497653067111969
Sample 1,Moirai,0.518778383731842
Sample 1,Timer,0.48122164607048035
Sample 2,Moirai,0.5015949606895447
Sample 2,Chronos,0.4984050691127777
Sample 3,Moirai,0.5174593925476074
Sample 3,Timer,0.4825406074523926
Sample 4,Moirai,0.5011182427406311
Sample 4,Chronos,0.4988817870616913
Sample 5,Chronos,0.5062925815582275
Sample 5,Time-MoE,0.49370744824409485
Sample 6,Time-MoE,0.500149667263031
Sample 6,Chronos,0.4998503625392914
Sample 7,Chronos,0.5063478350639343
Sample 7,TimesFM,0.49365219473838806
Sample 8,Time-MoE,0.5038106441497803
Sample 8,Chronos,0.4961893856525421
Sample 9,Moirai,0.5194900631904602
Sample 9,Timer,0.4805099368095398
Sample 10,Chronos,0.5046225190162659
Sample 10,TimesFM,0.49537748098373413
Sample 11,Moirai,0.5129092335700989
Sample 11,Timer,0.4870907664299011
Sample 12,Chronos,0.5110951066017151
Sample 12,TimesFM,0.4889048635959625
Sample 13,Moirai,0.5154260993003845
Sample 13,Timer,0.4845739006996155
Sample 14,Moirai,0.5126817226409912
Sample 14,Timer,0.4873183071613312
Sample 15,Chronos,0.5095505118370056
Sample 15,Time-MoE,0.4904495179653168
Sample 16,Time-MoE,0.5035592317581177
Sample 16,Chronos,0.4964407980442047
Sample 17,Moirai,0.5005723834037781
Sample 17,Chronos,0.4994276165962219
Sample 18,Chronos,0.5012305974960327
Sample 18,Time-MoE,0.4987694025039673
Sample 19,Moirai,0.5067367553710938
Sample 19,Timer,0.49326327443122864
Sample 20,Chronos,0.5117517709732056
Sample 20,TimesFM,0.48824822902679443
Sample 21,Moirai,0.5198826193809509
Sample 21,Timer,0.4801173508167267
Sample 22,Moirai,0.5201985836029053
Sample 22,Chronos,0.4798014163970947
Sample 23,Chronos,0.5074707865715027
Sample 23,TimesFM,0.4925292432308197
Sample 24,Chronos,0.5003716349601746
Sample 24,Time-MoE,0.49962836503982544
Sample 25,Moirai,0.5152401328086853
Sample 25,Timer,0.4847598373889923
Sample 26,Chronos,0.50503009557724
Sample 26,Time-MoE,0.4949699640274048
Sample 27,Moirai,0.5128957033157349
Sample 27,Timer,0.48710426688194275
Sample 28,Chronos,0.5075839757919312
Sample 28,Time-MoE,0.49241602420806885
Sample 29,Moirai,0.5124794840812683
Sample 29,Timer,0.4875204861164093
Sample 30,Moirai,0.5259609222412109
Sample 30,Timer,0.4740390181541443
Sample 31,Chronos,0.5066618323326111
Sample 31,Time-MoE,0.4933381676673889
Sample 0,Time-MoE,0.5048774480819702
Sample 0,Chronos,0.4951225817203522
Sample 1,Moirai,0.5211703777313232
Sample 1,Timer,0.47882962226867676
Sample 2,Moirai,0.5073058009147644
Sample 2,Chronos,0.492694228887558
Sample 3,Moirai,0.5159485936164856
Sample 3,Timer,0.484051376581192
Sample 4,Moirai,0.5086991786956787
Sample 4,Chronos,0.4913008511066437
Sample 5,Moirai,0.5173274278640747
Sample 5,Timer,0.4826725721359253
Sample 6,Moirai,0.5306041240692139
Sample 6,Chronos,0.46939587593078613
Sample 7,Chronos,0.504369854927063
Sample 7,Time-MoE,0.4956301748752594
Sample 8,Moirai,0.5251275897026062
Sample 8,Time-MoE,0.4748723804950714
Sample 9,Moirai,0.518539309501648
Sample 9,Timer,0.48146069049835205
Sample 10,Moirai,0.5060139298439026
Sample 10,Chronos,0.493986040353775
Sample 11,Moirai,0.5070749521255493
Sample 11,Chronos,0.49292507767677307
Sample 12,Chronos,0.5001066327095032
Sample 12,Moirai,0.49989330768585205
Sample 13,Moirai,0.5197252631187439
Sample 13,Timer,0.4802747666835785
Sample 14,Moirai,0.512188196182251
Sample 14,Chronos,0.48781177401542664
Sample 15,Chronos,0.5055956840515137
Sample 15,TimesFM,0.49440428614616394
Sample 16,Moirai,0.510680079460144
Sample 16,Time-MoE,0.48931992053985596
Sample 17,Moirai,0.5172274112701416
Sample 17,Timer,0.4827726185321808
Sample 18,Moirai,0.522109866142273
Sample 18,Timer,0.47789013385772705
Sample 19,Moirai,0.5055341124534607
Sample 19,Chronos,0.4944658875465393
Sample 20,Chronos,0.5146815776824951
Sample 20,TimesFM,0.4853184223175049
Sample 21,Moirai,0.5224608778953552
Sample 21,Timer,0.4775391221046448
Sample 22,Moirai,0.5275468230247498
Sample 22,Timer,0.47245317697525024
Sample 23,Chronos,0.5075053572654724
Sample 23,TimesFM,0.49249467253685
Sample 24,Time-MoE,0.5037001967430115
Sample 24,Moirai,0.4962998330593109
Sample 25,Moirai,0.5145319700241089
Sample 25,Timer,0.4854680299758911
Sample 26,Moirai,0.5083603262901306
Sample 26,Chronos,0.4916396737098694
Sample 27,Moirai,0.5121732354164124
Sample 27,Timer,0.48782676458358765
Sample 28,Chronos,0.5071457624435425
Sample 28,Time-MoE,0.4928542673587799
Sample 29,Moirai,0.5103539228439331
Sample 29,Chronos,0.4896460771560669
Sample 30,Moirai,0.5310592651367188
Sample 30,Chronos,0.46894070506095886
Sample 31,Chronos,0.5041074156761169
Sample 31,TimesFM,0.4958925247192383
Sample 0,Time-MoE,0.5020543932914734
Sample 0,Chronos,0.497945636510849
Sample 1,Moirai,0.51854407787323
Sample 1,Timer,0.48145589232444763
Sample 2,Moirai,0.5014917850494385
Sample 2,Chronos,0.4985082149505615
Sample 3,Moirai,0.5205132961273193
Sample 3,Timer,0.47948673367500305
Sample 4,Chronos,0.5116315484046936
Sample 4,TimesFM,0.4883684515953064
Sample 5,Moirai,0.5235624313354492
Sample 5,Timer,0.4764375686645508
Sample 6,Moirai,0.519498884677887
Sample 6,Time-MoE,0.48050108551979065
Sample 7,Chronos,0.5056864619255066
Sample 7,TimesFM,0.494313508272171
Sample 8,Moirai,0.5018319487571716
Sample 8,Time-MoE,0.49816808104515076
Sample 9,Moirai,0.5221439003944397
Sample 9,Timer,0.4778561592102051
Sample 10,Moirai,0.5138150453567505
Sample 10,TimesFM,0.4861849844455719
Sample 11,Moirai,0.5124608278274536
Sample 11,Chronos,0.4875391125679016
Sample 12,Chronos,0.5027123689651489
Sample 12,Time-MoE,0.4972876310348511
Sample 13,Chronos,0.5059777498245239
Sample 13,TimesFM,0.4940222203731537
Sample 14,Chronos,0.5055647492408752
Sample 14,TimesFM,0.49443528056144714
Sample 15,Chronos,0.5026573538780212
Sample 15,Time-MoE,0.49734264612197876
Sample 16,Time-MoE,0.5013262629508972
Sample 16,Chronos,0.4986737072467804
Sample 17,Moirai,0.5232725143432617
Sample 17,Timer,0.47672751545906067
Sample 18,Chronos,0.5057410597801208
Sample 18,TimesFM,0.49425894021987915
Sample 19,Moirai,0.5185949206352234
Sample 19,Timer,0.4814050495624542
Sample 20,Moirai,0.5174903273582458
Sample 20,Timer,0.48250970244407654
Sample 21,Moirai,0.520973801612854
Sample 21,Timer,0.479026198387146
Sample 22,Moirai,0.5088076591491699
Sample 22,Chronos,0.4911923408508301
Sample 23,Chronos,0.5079441070556641
Sample 23,Time-MoE,0.49205589294433594
Sample 24,Moirai,0.5167862772941589
Sample 24,Time-MoE,0.48321372270584106
Sample 25,Moirai,0.5201162695884705
Sample 25,Timer,0.47988376021385193
Sample 26,Moirai,0.5020986199378967
Sample 26,Chronos,0.49790138006210327
Sample 27,Moirai,0.5246829390525818
Sample 27,Timer,0.4753170907497406
Sample 28,Moirai,0.5215526223182678
Sample 28,Timer,0.4784473478794098
Sample 29,Moirai,0.5124222040176392
Sample 29,Timer,0.48757779598236084
Sample 30,Moirai,0.5164710879325867
Sample 30,Time-MoE,0.48352888226509094
Sample 31,Chronos,0.5087735652923584
Sample 31,TimesFM,0.4912263751029968
Sample 0,Moirai,0.5413525700569153
Sample 0,Timer,0.4586474299430847
Sample 1,Moirai,0.5149983167648315
Sample 1,Timer,0.4850016236305237
Sample 2,Moirai,0.5077222585678101
Sample 2,Time-MoE,0.4922778010368347
Sample 3,Moirai,0.5125634074211121
Sample 3,Chronos,0.48743656277656555
Sample 4,Chronos,0.5035958290100098
Sample 4,TimesFM,0.4964042007923126
Sample 5,Moirai,0.5284079313278198
Sample 5,Timer,0.4715920388698578
Sample 6,Moirai,0.5097588896751404
Sample 6,Chronos,0.49024105072021484
Sample 7,Chronos,0.5068217515945435
Sample 7,TimesFM,0.49317818880081177
Sample 8,Time-MoE,0.5031614303588867
Sample 8,Chronos,0.4968385398387909
Sample 9,Moirai,0.5200517177581787
Sample 9,Timer,0.4799483120441437
Sample 10,Moirai,0.5030443668365479
Sample 10,TimesFM,0.49695560336112976
Sample 11,Moirai,0.5131111145019531
Sample 11,Timer,0.4868888854980469
Sample 12,Moirai,0.5056670308113098
Sample 12,Chronos,0.49433302879333496
Sample 13,Moirai,0.5253650546073914
Sample 13,Timer,0.47463497519493103
Sample 14,Moirai,0.5236460566520691
Sample 14,Timer,0.47635388374328613
Sample 15,Chronos,0.5080011487007141
Sample 15,Time-MoE,0.4919987916946411
Sample 0,Time-MoE,0.502112627029419
Sample 0,Moirai,0.49788740277290344
Sample 1,Moirai,0.5133076906204224
Sample 1,Timer,0.48669224977493286
Sample 2,Chronos,0.5131655335426331
Sample 2,TimesFM,0.48683449625968933
Sample 3,Moirai,0.5165742039680481
Sample 3,Timer,0.4834257662296295
Sample 4,Moirai,0.5197478532791138
Sample 4,Chronos,0.48025214672088623
Sample 5,Moirai,0.5210674405097961
Sample 5,Timer,0.47893258929252625
Sample 6,Moirai,0.5113624930381775
Sample 6,Chronos,0.4886375367641449
Sample 7,Chronos,0.5093008875846863
Sample 7,Time-MoE,0.4906991124153137
Sample 8,Moirai,0.5129947662353516
Sample 8,Time-MoE,0.4870052635669708
Sample 9,Moirai,0.5136501789093018
Sample 9,Timer,0.48634979128837585
Sample 10,Moirai,0.5227113962173462
Sample 10,Time-MoE,0.4772886633872986
Sample 11,Moirai,0.5204704999923706
Sample 11,Timer,0.47952955961227417
Sample 12,Chronos,0.502830982208252
Sample 12,Time-MoE,0.49716901779174805
Sample 13,Moirai,0.5230528116226196
Sample 13,Timer,0.47694721817970276
Sample 14,Moirai,0.5205464363098145
Sample 14,Timer,0.47945359349250793
Sample 15,Chronos,0.5114839673042297
Sample 15,Time-MoE,0.4885160028934479
Sample 16,Moirai,0.5050162076950073
Sample 16,Time-MoE,0.4949837923049927
Sample 17,Moirai,0.5232734680175781
Sample 17,Timer,0.4767265319824219
Sample 18,Moirai,0.5000659823417664
Sample 18,Chronos,0.49993404746055603
Sample 19,Moirai,0.514958381652832
Sample 19,Timer,0.4850415885448456
Sample 20,Moirai,0.5164356827735901
Sample 20,Chronos,0.4835643768310547
Sample 21,Moirai,0.5123878121376038
Sample 21,Timer,0.48761221766471863
Sample 22,Chronos,0.5030784606933594
Sample 22,TimesFM,0.496921569108963
Sample 23,Chronos,0.5050484538078308
Sample 23,Time-MoE,0.4949515759944916
Sample 24,Time-MoE,0.5021815896034241
Sample 24,Chronos,0.49781838059425354
Sample 25,Moirai,0.5157740712165833
Sample 25,Timer,0.48422592878341675
Sample 26,Moirai,0.5164878964424133
Sample 26,Chronos,0.48351213335990906
Sample 27,Moirai,0.518876850605011
Sample 27,Chronos,0.481123149394989
Sample 28,Chronos,0.5129164457321167
Sample 28,TimesFM,0.4870835840702057
Sample 29,Moirai,0.5263231992721558
Sample 29,Timer,0.47367677092552185
Sample 30,Moirai,0.5309585928916931
Sample 30,Timer,0.4690414369106293
Sample 31,Chronos,0.5091606378555298
Sample 31,Time-MoE,0.4908393919467926
Sample 0,Chronos,0.5002008080482483
Sample 0,Time-MoE,0.49979913234710693
Sample 1,Moirai,0.5267578363418579
Sample 1,Timer,0.4732421636581421
Sample 2,Chronos,0.503796398639679
Sample 2,Time-MoE,0.49620357155799866
Sample 3,Moirai,0.5120888352394104
Sample 3,Timer,0.4879111349582672
Sample 4,Chronos,0.5108067393302917
Sample 4,TimesFM,0.48919326066970825
Sample 5,Moirai,0.525928258895874
Sample 5,Timer,0.474071741104126
Sample 6,Moirai,0.5038803219795227
Sample 6,Chronos,0.4961196780204773
Sample 7,Chronos,0.506493091583252
Sample 7,Time-MoE,0.49350690841674805
Sample 8,Moirai,0.5402548909187317
Sample 8,Time-MoE,0.4597451090812683
Sample 9,Moirai,0.5224336981773376
Sample 9,Timer,0.47756627202033997
Sample 10,Moirai,0.5117383599281311
Sample 10,Chronos,0.4882616400718689
Sample 11,Chronos,0.5074491500854492
Sample 11,TimesFM,0.49255090951919556
Sample 12,Chronos,0.5055796504020691
Sample 12,Time-MoE,0.4944203495979309
Sample 13,Moirai,0.5242824554443359
Sample 13,Timer,0.47571754455566406
Sample 14,Moirai,0.5087714195251465
Sample 14,Chronos,0.4912286102771759
Sample 15,Chronos,0.5057165622711182
Sample 15,Time-MoE,0.4942834675312042
Sample 16,Moirai,0.5097604393959045
Sample 16,Time-MoE,0.49023953080177307
Sample 17,Moirai,0.5247340202331543
Sample 17,Timer,0.4752660095691681
Sample 18,Chronos,0.5047012567520142
Sample 18,TimesFM,0.49529874324798584
Sample 19,Moirai,0.5167157053947449
Sample 19,Timer,0.4832842946052551
Sample 20,Moirai,0.5309867262840271
Sample 20,Chronos,0.4690133035182953
Sample 21,Moirai,0.5262512564659119
Sample 21,Timer,0.47374871373176575
Sample 22,Moirai,0.50428706407547
Sample 22,Chronos,0.49571293592453003
Sample 23,Chronos,0.5147188901901245
Sample 23,TimesFM,0.48528116941452026
Sample 24,Moirai,0.5433672070503235
Sample 24,Timer,0.4566327929496765
Sample 25,Moirai,0.5098811984062195
Sample 25,Timer,0.4901188015937805
Sample 26,Moirai,0.5184383392333984
Sample 26,Timer,0.48156166076660156
Sample 27,Moirai,0.5138038992881775
Sample 27,Timer,0.4861960709095001
Sample 28,Chronos,0.5123305320739746
Sample 28,TimesFM,0.487669438123703
Sample 29,Moirai,0.5206275582313538
Sample 29,Timer,0.47937244176864624
Sample 30,Moirai,0.5179772973060608
Sample 30,Timer,0.4820227324962616
Sample 31,Chronos,0.5096406936645508
Sample 31,TimesFM,0.4903593063354492
Sample 0,Moirai,0.5000743865966797
Sample 0,Time-MoE,0.4999256134033203
Sample 1,Moirai,0.5224906206130981
Sample 1,Timer,0.47750940918922424
Sample 2,Moirai,0.5208499431610107
Sample 2,TimesFM,0.47915002703666687
Sample 3,Moirai,0.5137947201728821
Sample 3,Timer,0.4862053096294403
Sample 4,Chronos,0.5065523982048035
Sample 4,Time-MoE,0.49344760179519653
Sample 5,Moirai,0.5236828327178955
Sample 5,Timer,0.4763171374797821
Sample 6,Chronos,0.5094724893569946
Sample 6,TimesFM,0.49052754044532776
Sample 7,Chronos,0.5079493522644043
Sample 7,TimesFM,0.4920506179332733
Sample 8,Time-MoE,0.5029006600379944
Sample 8,Chronos,0.4970993399620056
Sample 9,Moirai,0.5150185227394104
Sample 9,Timer,0.4849814772605896
Sample 10,Moirai,0.508870542049408
Sample 10,Timer,0.49112945795059204
Sample 11,Chronos,0.5042075514793396
Sample 11,TimesFM,0.4957924485206604
Sample 12,Chronos,0.5155318379402161
Sample 12,TimesFM,0.4844682216644287
Sample 13,Moirai,0.5209677219390869
Sample 13,Timer,0.4790322184562683
Sample 14,Moirai,0.5207359790802002
Sample 14,Timer,0.47926396131515503
Sample 15,Chronos,0.508992075920105
Sample 15,Time-MoE,0.4910079538822174
Sample 16,Moirai,0.543968915939331
Sample 16,Timer,0.45603105425834656
Sample 17,Moirai,0.5075483918190002
Sample 17,Chronos,0.492451548576355
Sample 18,Chronos,0.5056331157684326
Sample 18,Time-MoE,0.4943668842315674
Sample 19,Moirai,0.5207523107528687
Sample 19,Chronos,0.47924768924713135
Sample 20,Chronos,0.513062596321106
Sample 20,TimesFM,0.48693740367889404
Sample 21,Moirai,0.5211434364318848
Sample 21,Timer,0.4788565933704376
Sample 22,Moirai,0.5171105861663818
Sample 22,Chronos,0.48288941383361816
Sample 23,Chronos,0.5101051926612854
Sample 23,TimesFM,0.4898948073387146
Sample 24,Chronos,0.5005633234977722
Sample 24,Time-MoE,0.49943670630455017
Sample 25,Moirai,0.5138709545135498
Sample 25,Timer,0.4861290454864502
Sample 26,Moirai,0.5065667033195496
Sample 26,Chronos,0.4934333264827728
Sample 27,Moirai,0.5072779059410095
Sample 27,Chronos,0.4927220642566681
Sample 28,Chronos,0.5129079222679138
Sample 28,TimesFM,0.4870920777320862
Sample 29,Moirai,0.5160855054855347
Sample 29,Timer,0.48391449451446533
Sample 30,Moirai,0.5182334780693054
Sample 30,Timer,0.48176655173301697
Sample 31,Chronos,0.5120652914047241
Sample 31,TimesFM,0.4879347085952759
Sample 0,Time-MoE,0.5025138854980469
Sample 0,Chronos,0.49748608469963074
Sample 1,Moirai,0.5199588537216187
Sample 1,Timer,0.48004114627838135
Sample 2,Moirai,0.5012565851211548
Sample 2,Chronos,0.4987434148788452
Sample 3,Moirai,0.5186223983764648
Sample 3,Timer,0.48137760162353516
Sample 4,Moirai,0.5004183650016785
Sample 4,Chronos,0.4995816648006439
Sample 5,Chronos,0.5066892504692078
Sample 5,Time-MoE,0.49331074953079224
Sample 6,Time-MoE,0.5002071261405945
Sample 6,Chronos,0.4997928738594055
Sample 7,Chronos,0.5068989992141724
Sample 7,TimesFM,0.49310100078582764
Sample 8,Time-MoE,0.5045395493507385
Sample 8,Chronos,0.4954604506492615
Sample 9,Moirai,0.5206465125083923
Sample 9,Timer,0.47935348749160767
Sample 10,Chronos,0.5048327445983887
Sample 10,TimesFM,0.49516722559928894
Sample 11,Moirai,0.513611912727356
Sample 11,Timer,0.48638808727264404
Sample 12,Chronos,0.512054979801178
Sample 12,TimesFM,0.48794499039649963
Sample 13,Moirai,0.5162253975868225
Sample 13,Timer,0.4837745726108551
Sample 14,Moirai,0.5134627223014832
Sample 14,Timer,0.48653724789619446
Sample 15,Chronos,0.510551393032074
Sample 15,Time-MoE,0.48944857716560364
Sample 16,Time-MoE,0.5040647387504578
Sample 16,Chronos,0.49593523144721985
Sample 17,Chronos,0.5002597570419312
Sample 17,Moirai,0.49974024295806885
Sample 18,Chronos,0.5016195178031921
Sample 18,Time-MoE,0.49838054180145264
Sample 19,Moirai,0.5069102048873901
Sample 19,Timer,0.49308979511260986
Sample 20,Chronos,0.513099730014801
Sample 20,TimesFM,0.48690029978752136
Sample 21,Moirai,0.5211081504821777
Sample 21,Timer,0.47889190912246704
Sample 22,Moirai,0.5218881368637085
Sample 22,Chronos,0.4781118333339691
Sample 23,Chronos,0.5086167454719543
Sample 23,TimesFM,0.49138328433036804
Sample 24,Chronos,0.5003469586372375
Sample 24,Time-MoE,0.49965307116508484
Sample 25,Moirai,0.5159703493118286
Sample 25,Timer,0.4840296804904938
Sample 26,Chronos,0.505813717842102
Sample 26,Time-MoE,0.49418625235557556
Sample 27,Moirai,0.513422966003418
Sample 27,Timer,0.48657703399658203
Sample 28,Chronos,0.5082836151123047
Sample 28,Time-MoE,0.4917163550853729
Sample 29,Moirai,0.5130122303962708
Sample 29,Timer,0.48698776960372925
Sample 30,Moirai,0.528013288974762
Sample 30,Timer,0.4719867408275604
Sample 31,Chronos,0.5078432559967041
Sample 31,Time-MoE,0.4921566843986511
Sample 0,Time-MoE,0.5050589442253113
Sample 0,Moirai,0.49494102597236633
Sample 1,Moirai,0.5226670503616333
Sample 1,Timer,0.4773328900337219
Sample 2,Moirai,0.5072581768035889
Sample 2,Chronos,0.49274182319641113
Sample 3,Moirai,0.517004132270813
Sample 3,Timer,0.4829958379268646
Sample 4,Moirai,0.5091345310211182
Sample 4,Chronos,0.4908654987812042
Sample 5,Moirai,0.5184157490730286
Sample 5,Timer,0.48158425092697144
Sample 6,Moirai,0.532753050327301
Sample 6,Chronos,0.4672469198703766
Sample 7,Chronos,0.5049896240234375
Sample 7,Time-MoE,0.4950103461742401
Sample 8,Moirai,0.5279203057289124
Sample 8,Time-MoE,0.4720797538757324
Sample 9,Moirai,0.519601047039032
Sample 9,Timer,0.48039892315864563
Sample 10,Moirai,0.5061895847320557
Sample 10,Chronos,0.49381038546562195
Sample 11,Moirai,0.5072625875473022
Sample 11,Chronos,0.49273741245269775
Sample 12,Chronos,0.5000531077384949
Sample 12,Moirai,0.4999469220638275
Sample 13,Moirai,0.521309494972229
Sample 13,Timer,0.478690505027771
Sample 14,Moirai,0.5127868056297302
Sample 14,Chronos,0.4872131943702698
Sample 15,Chronos,0.5059344172477722
Sample 15,TimesFM,0.4940655529499054
Sample 16,Moirai,0.5122808218002319
Sample 16,Time-MoE,0.48771917819976807
Sample 17,Moirai,0.5182923674583435
Sample 17,Timer,0.4817076325416565
Sample 18,Moirai,0.5238706469535828
Sample 18,Chronos,0.47612929344177246
Sample 19,Moirai,0.5054634809494019
Sample 19,Chronos,0.49453648924827576
Sample 20,Chronos,0.5160845518112183
Sample 20,TimesFM,0.48391538858413696
Sample 21,Moirai,0.5243250727653503
Sample 21,Timer,0.47567492723464966
Sample 22,Moirai,0.5299564599990845
Sample 22,Timer,0.4700435400009155
Sample 23,Chronos,0.5085852146148682
Sample 23,TimesFM,0.49141478538513184
Sample 24,Time-MoE,0.5035399794578552
Sample 24,Moirai,0.49646005034446716
Sample 25,Moirai,0.5150818228721619
Sample 25,Timer,0.4849182069301605
Sample 26,Moirai,0.5085448622703552
Sample 26,Chronos,0.4914551377296448
Sample 27,Moirai,0.5127993226051331
Sample 27,Timer,0.48720064759254456
Sample 28,Chronos,0.507537305355072
Sample 28,Time-MoE,0.49246272444725037
Sample 29,Moirai,0.5105082988739014
Sample 29,Chronos,0.489491730928421
Sample 30,Moirai,0.5332323908805847
Sample 30,Chronos,0.46676766872406006
Sample 31,Chronos,0.504589319229126
Sample 31,TimesFM,0.495410680770874
Sample 0,Time-MoE,0.5027652382850647
Sample 0,Chronos,0.4972347617149353
Sample 1,Moirai,0.5199309587478638
Sample 1,Timer,0.48006904125213623
Sample 2,Moirai,0.5015195608139038
Sample 2,Chronos,0.4984804093837738
Sample 3,Moirai,0.5223642587661743
Sample 3,Timer,0.47763577103614807
Sample 4,Chronos,0.5126644968986511
Sample 4,TimesFM,0.4873355031013489
Sample 5,Moirai,0.5257167816162109
Sample 5,Timer,0.47428327798843384
Sample 6,Moirai,0.5211148262023926
Sample 6,Time-MoE,0.4788851737976074
Sample 7,Chronos,0.5061169862747192
Sample 7,TimesFM,0.493882954120636
Sample 8,Moirai,0.5023808479309082
Sample 8,Time-MoE,0.4976191520690918
Sample 9,Moirai,0.5241258144378662
Sample 9,Timer,0.4758741855621338
Sample 10,Moirai,0.5142967700958252
Sample 10,TimesFM,0.4857032001018524
Sample 11,Moirai,0.5130253434181213
Sample 11,Chronos,0.48697465658187866
Sample 12,Chronos,0.5028358101844788
Sample 12,Time-MoE,0.49716416001319885
Sample 13,Chronos,0.5063840746879578
Sample 13,TimesFM,0.49361592531204224
Sample 14,Chronos,0.5055491924285889
Sample 14,TimesFM,0.4944508373737335
Sample 15,Chronos,0.5029422044754028
Sample 15,Time-MoE,0.4970577657222748
Sample 16,Time-MoE,0.5018428564071655
Sample 16,Chronos,0.4981571435928345
Sample 17,Moirai,0.5252981781959534
Sample 17,Timer,0.47470182180404663
Sample 18,Chronos,0.506369411945343
Sample 18,TimesFM,0.493630588054657
Sample 19,Moirai,0.5200821757316589
Sample 19,Timer,0.47991785407066345
Sample 20,Moirai,0.519045889377594
Sample 20,Timer,0.4809541404247284
Sample 21,Moirai,0.5227770209312439
Sample 21,Timer,0.4772229790687561
Sample 22,Moirai,0.5090029239654541
Sample 22,Chronos,0.4909970760345459
Sample 23,Chronos,0.5087950825691223
Sample 23,Time-MoE,0.4912049472332001
Sample 24,Moirai,0.5185601115226746
Sample 24,Time-MoE,0.48143988847732544
Sample 25,Moirai,0.5218077301979065
Sample 25,Timer,0.4781922698020935
Sample 26,Moirai,0.5022120475769043
Sample 26,Chronos,0.4977879524230957
Sample 27,Moirai,0.527003824710846
Sample 27,Timer,0.47299617528915405
Sample 28,Moirai,0.5238957405090332
Sample 28,TimesFM,0.4761042594909668
Sample 29,Moirai,0.5132192969322205
Sample 29,Chronos,0.4867807626724243
Sample 30,Moirai,0.5176381468772888
Sample 30,Time-MoE,0.4823618531227112
Sample 31,Chronos,0.5097715258598328
Sample 31,TimesFM,0.49022841453552246
Sample 0,Moirai,0.5463117361068726
Sample 0,Time-MoE,0.45368829369544983
Sample 1,Moirai,0.5160596370697021
Sample 1,Timer,0.48394033312797546
Sample 2,Moirai,0.507591187953949
Sample 2,Time-MoE,0.492408812046051
Sample 3,Moirai,0.5130322575569153
Sample 3,Chronos,0.4869677722454071
Sample 4,Chronos,0.5035688877105713
Sample 4,TimesFM,0.4964310824871063
Sample 5,Moirai,0.5313756465911865
Sample 5,Timer,0.4686243534088135
Sample 6,Moirai,0.5102872848510742
Sample 6,Chronos,0.489712655544281
Sample 7,Chronos,0.5077486634254456
Sample 7,TimesFM,0.49225136637687683
Sample 8,Time-MoE,0.5035879611968994
Sample 8,Moirai,0.496412068605423
Sample 9,Moirai,0.5217857360839844
Sample 9,Timer,0.4782142639160156
Sample 10,Moirai,0.5024793148040771
Sample 10,TimesFM,0.49752071499824524
Sample 11,Moirai,0.5141332745552063
Sample 11,Timer,0.4858667552471161
Sample 12,Moirai,0.5064454078674316
Sample 12,Chronos,0.49355462193489075
Sample 13,Moirai,0.5279422998428345
Sample 13,Timer,0.4720577299594879
Sample 14,Moirai,0.5259605646133423
Sample 14,Timer,0.4740394055843353
Sample 15,Chronos,0.5089221596717834
Sample 15,Time-MoE,0.4910777807235718
Sample 0,Time-MoE,0.5018485188484192
Sample 0,Moirai,0.4981515109539032
Sample 1,Moirai,0.5142259001731873
Sample 1,Timer,0.48577407002449036
Sample 2,Chronos,0.5143448114395142
Sample 2,TimesFM,0.48565515875816345
Sample 3,Moirai,0.5182470083236694
Sample 3,Timer,0.48175302147865295
Sample 4,Moirai,0.5221932530403137
Sample 4,Chronos,0.4778067469596863
Sample 5,Moirai,0.523224949836731
Sample 5,Timer,0.47677507996559143
Sample 6,Moirai,0.5120360851287842
Sample 6,Chronos,0.4879639148712158
Sample 7,Chronos,0.5103219151496887
Sample 7,Time-MoE,0.4896780848503113
Sample 8,Moirai,0.5146543383598328
Sample 8,Time-MoE,0.4853456914424896
Sample 9,Moirai,0.5146083831787109
Sample 9,Timer,0.4853915572166443
Sample 10,Moirai,0.5240384936332703
Sample 10,Time-MoE,0.4759615361690521
Sample 11,Moirai,0.5226664543151855
Sample 11,Timer,0.47733360528945923
Sample 12,Chronos,0.5026662349700928
Sample 12,Time-MoE,0.4973337650299072
Sample 13,Moirai,0.5255914330482483
Sample 13,Timer,0.4744085669517517
Sample 14,Moirai,0.5226271748542786
Sample 14,Timer,0.4773728549480438
Sample 15,Chronos,0.5126951336860657
Sample 15,Time-MoE,0.48730483651161194
Sample 16,Moirai,0.5060451626777649
Sample 16,Time-MoE,0.4939548373222351
Sample 17,Moirai,0.5257898569107056
Sample 17,Timer,0.4742101728916168
Sample 18,Moirai,0.5001272559165955
Sample 18,Chronos,0.49987274408340454
Sample 19,Moirai,0.516452968120575
Sample 19,Timer,0.48354706168174744
Sample 20,Moirai,0.5189141631126404
Sample 20,Chronos,0.48108580708503723
Sample 21,Moirai,0.513656497001648
Sample 21,Timer,0.48634350299835205
Sample 22,Chronos,0.503105878829956
Sample 22,TimesFM,0.49689415097236633
Sample 23,Chronos,0.5056056380271912
Sample 23,Time-MoE,0.4943944215774536
Sample 24,Time-MoE,0.5031912922859192
Sample 24,Chronos,0.4968087077140808
Sample 25,Moirai,0.5170800089836121
Sample 25,Timer,0.48291993141174316
Sample 26,Moirai,0.5179055333137512
Sample 26,Chronos,0.4820944666862488
Sample 27,Moirai,0.5210133194923401
Sample 27,Chronos,0.4789866805076599
Sample 28,Chronos,0.5141075253486633
Sample 28,TimesFM,0.48589247465133667
Sample 29,Moirai,0.5293351411819458
Sample 29,Timer,0.4706648588180542
Sample 30,Moirai,0.534623384475708
Sample 30,TimesFM,0.4653765857219696
Sample 31,Chronos,0.5100624561309814
Sample 31,Time-MoE,0.48993754386901855
Sample 0,Time-MoE,0.5003484487533569
Sample 0,Chronos,0.49965158104896545
Sample 1,Moirai,0.5299167037010193
Sample 1,Timer,0.4700832664966583
Sample 2,Chronos,0.5036613345146179
Sample 2,Time-MoE,0.4963386654853821
Sample 3,Moirai,0.5129932165145874
Sample 3,Chronos,0.4870067834854126
Sample 4,Chronos,0.5115780234336853
Sample 4,TimesFM,0.4884219467639923
Sample 5,Moirai,0.5291674733161926
Sample 5,Timer,0.4708325266838074
Sample 6,Moirai,0.5040298104286194
Sample 6,Chronos,0.4959701895713806
Sample 7,Chronos,0.5071003437042236
Sample 7,Time-MoE,0.49289965629577637
Sample 8,Moirai,0.5449656248092651
Sample 8,Time-MoE,0.45503440499305725
Sample 9,Moirai,0.5250126123428345
Sample 9,Timer,0.4749874174594879
Sample 10,Moirai,0.5131063461303711
Sample 10,Chronos,0.4868937134742737
Sample 11,Chronos,0.507796049118042
Sample 11,TimesFM,0.4922039210796356
Sample 12,Chronos,0.5056688785552979
Sample 12,Time-MoE,0.49433112144470215
Sample 13,Moirai,0.5272892117500305
Sample 13,Timer,0.4727107584476471
Sample 14,Moirai,0.5092703104019165
Sample 14,Chronos,0.4907296597957611
Sample 15,Chronos,0.505934476852417
Sample 15,Time-MoE,0.4940654933452606
Sample 16,Moirai,0.511488139629364
Sample 16,Time-MoE,0.4885118305683136
Sample 17,Moirai,0.5274823904037476
Sample 17,Timer,0.47251760959625244
Sample 18,Chronos,0.5045419931411743
Sample 18,TimesFM,0.4954579770565033
Sample 19,Moirai,0.5185238122940063
Sample 19,Timer,0.48147618770599365
Sample 20,Moirai,0.5342344641685486
Sample 20,Chronos,0.4657655358314514
Sample 21,Moirai,0.5295782089233398
Sample 21,Timer,0.47042179107666016
Sample 22,Moirai,0.5050415992736816
Sample 22,Chronos,0.4949583411216736
Sample 23,Chronos,0.5163403153419495
Sample 23,TimesFM,0.4836597144603729
Sample 24,Moirai,0.548369824886322
Sample 24,Time-MoE,0.45163020491600037
Sample 25,Moirai,0.5105040073394775
Sample 25,Timer,0.48949602246284485
Sample 26,Moirai,0.5199066400527954
Sample 26,TimesFM,0.48009341955184937
Sample 27,Moirai,0.5151280760765076
Sample 27,Timer,0.48487192392349243
Sample 28,Chronos,0.5134230852127075
Sample 28,Time-MoE,0.4865768849849701
Sample 29,Moirai,0.5229575634002686
Sample 29,Timer,0.47704243659973145
Sample 30,Moirai,0.5197540521621704
Sample 30,Timer,0.4802459180355072
Sample 31,Chronos,0.5107699632644653
Sample 31,Time-MoE,0.4892300069332123
Sample 0,Moirai,0.5001910924911499
Sample 0,Time-MoE,0.4998089373111725
Sample 1,Moirai,0.5250173807144165
Sample 1,Timer,0.4749826192855835
Sample 2,Moirai,0.5219994783401489
Sample 2,TimesFM,0.47800055146217346
Sample 3,Moirai,0.5150394439697266
Sample 3,Timer,0.48496052622795105
Sample 4,Chronos,0.5064027309417725
Sample 4,Time-MoE,0.4935972988605499
Sample 5,Moirai,0.5263506770133972
Sample 5,Timer,0.4736493229866028
Sample 6,Chronos,0.5101423859596252
Sample 6,TimesFM,0.48985764384269714
Sample 7,Chronos,0.5081294178962708
Sample 7,TimesFM,0.49187058210372925
Sample 8,Time-MoE,0.5037914514541626
Sample 8,Chronos,0.4962086081504822
Sample 9,Moirai,0.5164142847061157
Sample 9,Timer,0.4835856854915619
Sample 10,Moirai,0.5098393559455872
Sample 10,Timer,0.49016067385673523
Sample 11,Chronos,0.5042522549629211
Sample 11,TimesFM,0.49574780464172363
Sample 12,Chronos,0.517105221748352
Sample 12,TimesFM,0.48289474844932556
Sample 13,Moirai,0.5231948494911194
Sample 13,Timer,0.476805180311203
Sample 14,Moirai,0.5225730538368225
Sample 14,Timer,0.4774269163608551
Sample 15,Chronos,0.5098536610603333
Sample 15,Time-MoE,0.49014633893966675
Sample 16,Moirai,0.5481886267662048
Sample 16,TimesFM,0.4518113434314728
Sample 17,Moirai,0.5077711343765259
Sample 17,Chronos,0.4922288656234741
Sample 18,Chronos,0.5058884024620056
Sample 18,Time-MoE,0.494111567735672
Sample 19,Moirai,0.5234822034835815
Sample 19,Chronos,0.47651776671409607
Sample 20,Chronos,0.5142194032669067
Sample 20,TimesFM,0.48578059673309326
Sample 21,Moirai,0.5231959223747253
Sample 21,Timer,0.47680407762527466
Sample 22,Moirai,0.5190113186836243
Sample 22,Chronos,0.48098865151405334
Sample 23,Chronos,0.5108580589294434
Sample 23,TimesFM,0.48914191126823425
Sample 24,Chronos,0.5002338290214539
Sample 24,Time-MoE,0.49976617097854614
Sample 25,Moirai,0.5150521397590637
Sample 25,Timer,0.48494789004325867
Sample 26,Moirai,0.506709635257721
Sample 26,Time-MoE,0.49329036474227905
Sample 27,Moirai,0.507695198059082
Sample 27,Chronos,0.49230483174324036
Sample 28,Chronos,0.5143660306930542
Sample 28,TimesFM,0.4856339693069458
Sample 29,Moirai,0.5175755023956299
Sample 29,Timer,0.4824245274066925
Sample 30,Moirai,0.5200830101966858
Sample 30,Timer,0.4799169600009918
Sample 31,Chronos,0.5136991739273071
Sample 31,TimesFM,0.4863007962703705
Sample 0,Time-MoE,0.5029683709144592
Sample 0,Chronos,0.49703162908554077
Sample 1,Moirai,0.5219942331314087
Sample 1,Timer,0.4780057668685913
Sample 2,Moirai,0.501221776008606
Sample 2,Chronos,0.49877822399139404
Sample 3,Moirai,0.5204156041145325
Sample 3,Timer,0.4795844256877899
Sample 4,Chronos,0.5000485181808472
Sample 4,Moirai,0.49995148181915283
Sample 5,Chronos,0.5066338181495667
Sample 5,Time-MoE,0.49336615204811096
Sample 6,Time-MoE,0.5005536079406738
Sample 6,Chronos,0.49944639205932617
Sample 7,Chronos,0.5072997212409973
Sample 7,TimesFM,0.4927003085613251
Sample 8,Time-MoE,0.5056676268577576
Sample 8,Chronos,0.49433234333992004
Sample 9,Moirai,0.5225650072097778
Sample 9,Timer,0.47743499279022217
Sample 10,Chronos,0.5049720406532288
Sample 10,TimesFM,0.49502795934677124
Sample 11,Moirai,0.5146345496177673
Sample 11,TimesFM,0.48536548018455505
Sample 12,Chronos,0.5129647254943848
Sample 12,Time-MoE,0.48703524470329285
Sample 13,Moirai,0.5175262689590454
Sample 13,Timer,0.4824737012386322
Sample 14,Moirai,0.5147292613983154
Sample 14,Timer,0.4852707087993622
Sample 15,Chronos,0.5111783146858215
Sample 15,Time-MoE,0.48882171511650085
Sample 16,Time-MoE,0.504972517490387
Sample 16,Chronos,0.49502748250961304
Sample 17,Chronos,0.500892698764801
Sample 17,Moirai,0.49910736083984375
Sample 18,Chronos,0.5016642808914185
Sample 18,Time-MoE,0.49833571910858154
Sample 19,Moirai,0.5072177052497864
Sample 19,Timer,0.492782324552536
Sample 20,Chronos,0.5145289301872253
Sample 20,TimesFM,0.48547106981277466
Sample 21,Moirai,0.5230416655540466
Sample 21,Timer,0.476958304643631
Sample 22,Moirai,0.5241066217422485
Sample 22,TimesFM,0.47589337825775146
Sample 23,Chronos,0.5098632574081421
Sample 23,TimesFM,0.4901367723941803
Sample 24,Time-MoE,0.5001040697097778
Sample 24,Chronos,0.49989593029022217
Sample 25,Moirai,0.5172324776649475
Sample 25,Timer,0.4827675223350525
Sample 26,Chronos,0.5063014626502991
Sample 26,Time-MoE,0.49369850754737854
Sample 27,Moirai,0.5143792033195496
Sample 27,Timer,0.48562076687812805
Sample 28,Chronos,0.5086016654968262
Sample 28,Time-MoE,0.4913983643054962
Sample 29,Moirai,0.5138800144195557
Sample 29,TimesFM,0.48611995577812195
Sample 30,Moirai,0.5304796695709229
Sample 30,TimesFM,0.46952030062675476
Sample 31,Chronos,0.5086748003959656
Sample 31,Time-MoE,0.49132516980171204
Sample 0,Time-MoE,0.5050946474075317
Sample 0,Moirai,0.49490535259246826
Sample 1,Moirai,0.5247557759284973
Sample 1,Timer,0.4752442240715027
Sample 2,Moirai,0.5079300999641418
Sample 2,Chronos,0.49206992983818054
Sample 3,Moirai,0.5183482766151428
Sample 3,Timer,0.4816517233848572
Sample 4,Moirai,0.5101463794708252
Sample 4,Chronos,0.4898536503314972
Sample 5,Moirai,0.5199617743492126
Sample 5,Timer,0.48003825545310974
Sample 6,Moirai,0.535494863986969
Sample 6,TimesFM,0.464505136013031
Sample 7,Chronos,0.5055662393569946
Sample 7,Time-MoE,0.494433730840683
Sample 8,Moirai,0.5317541360855103
Sample 8,Time-MoE,0.46824586391448975
Sample 9,Moirai,0.5211543440818787
Sample 9,Timer,0.47884565591812134
Sample 10,Moirai,0.506538987159729
Sample 10,Chronos,0.4934610426425934
Sample 11,Moirai,0.5077041387557983
Sample 11,Chronos,0.4922958314418793
Sample 12,Moirai,0.5000824332237244
Sample 12,Chronos,0.499917596578598
Sample 13,Moirai,0.5231688618659973
Sample 13,TimesFM,0.4768311679363251
Sample 14,Moirai,0.5142624974250793
Sample 14,TimesFM,0.48573750257492065
Sample 15,Chronos,0.5062491297721863
Sample 15,TimesFM,0.49375084042549133
Sample 16,Moirai,0.5142770409584045
Sample 16,Time-MoE,0.48572298884391785
Sample 17,Moirai,0.5198202133178711
Sample 17,Timer,0.4801797866821289
Sample 18,Moirai,0.5267674922943115
Sample 18,TimesFM,0.4732324779033661
Sample 19,Moirai,0.5059391260147095
Sample 19,Chronos,0.4940609335899353
Sample 20,Chronos,0.5178622603416443
Sample 20,TimesFM,0.4821377694606781
Sample 21,Moirai,0.5267592668533325
Sample 21,Timer,0.4732407331466675
Sample 22,Moirai,0.532933235168457
Sample 22,Timer,0.46706676483154297
Sample 23,Chronos,0.5098934769630432
Sample 23,TimesFM,0.4901065230369568
Sample 24,Time-MoE,0.5035011172294617
Sample 24,Moirai,0.49649888277053833
Sample 25,Moirai,0.5159757137298584
Sample 25,Timer,0.4840242862701416
Sample 26,Moirai,0.5093189477920532
Sample 26,Chronos,0.4906810522079468
Sample 27,Moirai,0.5136197209358215
Sample 27,Timer,0.48638027906417847
Sample 28,Chronos,0.5076523423194885
Sample 28,Time-MoE,0.4923476576805115
Sample 29,Moirai,0.5113153457641602
Sample 29,Chronos,0.48868468403816223
Sample 30,Moirai,0.5371043682098389
Sample 30,TimesFM,0.4628956615924835
Sample 31,Chronos,0.5052508115768433
Sample 31,TimesFM,0.4947492480278015
Sample 0,Time-MoE,0.5031808614730835
Sample 0,Chronos,0.4968191087245941
Sample 1,Moirai,0.5216197967529297
Sample 1,Timer,0.4783802032470703
Sample 2,Moirai,0.5020365715026855
Sample 2,Chronos,0.49796342849731445
Sample 3,Moirai,0.524495542049408
Sample 3,Timer,0.47550445795059204
Sample 4,Chronos,0.5139642357826233
Sample 4,Time-MoE,0.4860357642173767
Sample 5,Moirai,0.5283240675926208
Sample 5,Timer,0.47167596220970154
Sample 6,Moirai,0.5236867070198059
Sample 6,TimesFM,0.4763132929801941
Sample 7,Chronos,0.5068044662475586
Sample 7,TimesFM,0.4931955337524414
Sample 8,Moirai,0.5030310750007629
Sample 8,Time-MoE,0.4969688951969147
Sample 9,Moirai,0.5264976024627686
Sample 9,Timer,0.47350239753723145
Sample 10,Moirai,0.5159213542938232
Sample 10,TimesFM,0.48407867550849915
Sample 11,Moirai,0.5146253108978271
Sample 11,Chronos,0.48537468910217285
Sample 12,Chronos,0.5029571056365967
Sample 12,Time-MoE,0.4970429539680481
Sample 13,Chronos,0.5068731307983398
Sample 13,TimesFM,0.49312692880630493
Sample 14,Chronos,0.5056924819946289
Sample 14,TimesFM,0.4943075478076935
Sample 15,Chronos,0.5032050013542175
Sample 15,Time-MoE,0.4967949390411377
Sample 16,Time-MoE,0.5019083619117737
Sample 16,Chronos,0.4980916380882263
Sample 17,Moirai,0.5277370810508728
Sample 17,Timer,0.4722628891468048
Sample 18,Chronos,0.5073042511940002
Sample 18,TimesFM,0.49269574880599976
Sample 19,Moirai,0.5218268632888794
Sample 19,Timer,0.478173166513443
Sample 20,Moirai,0.520804762840271
Sample 20,Timer,0.4791952073574066
Sample 21,Moirai,0.5249890685081482
Sample 21,Timer,0.4750109612941742
Sample 22,Moirai,0.510211169719696
Sample 22,Chronos,0.48978886008262634
Sample 23,Chronos,0.5097379684448242
Sample 23,Time-MoE,0.4902620315551758
Sample 24,Moirai,0.5213416218757629
Sample 24,Time-MoE,0.47865840792655945
Sample 25,Moirai,0.5238869786262512
Sample 25,Timer,0.4761130213737488
Sample 26,Moirai,0.5025110840797424
Sample 26,Chronos,0.49748891592025757
Sample 27,Moirai,0.5296487212181091
Sample 27,Timer,0.4703512489795685
Sample 28,Moirai,0.5272151827812195
Sample 28,TimesFM,0.4727848172187805
Sample 29,Moirai,0.5144412517547607
Sample 29,Timer,0.48555874824523926
Sample 30,Moirai,0.5194951295852661
Sample 30,TimesFM,0.4805049002170563
Sample 31,Chronos,0.5108439326286316
Sample 31,TimesFM,0.489156037569046
Sample 0,Moirai,0.5519117116928101
Sample 0,Timer,0.44808822870254517
Sample 1,Moirai,0.5171678066253662
Sample 1,Timer,0.4828321933746338
Sample 2,Moirai,0.5083354711532593
Sample 2,Time-MoE,0.4916645586490631
Sample 3,Moirai,0.514169454574585
Sample 3,Timer,0.4858305752277374
Sample 4,Chronos,0.503696620464325
Sample 4,TimesFM,0.49630340933799744
Sample 5,Moirai,0.5344012975692749
Sample 5,Timer,0.4655987322330475
Sample 6,Moirai,0.5117039084434509
Sample 6,Chronos,0.48829612135887146
Sample 7,Chronos,0.5090727806091309
Sample 7,TimesFM,0.49092721939086914
Sample 8,Time-MoE,0.5036279559135437
Sample 8,Moirai,0.4963720440864563
Sample 9,Moirai,0.5236364006996155
Sample 9,Timer,0.4763636291027069
Sample 10,Moirai,0.5032173991203308
Sample 10,TimesFM,0.4967825710773468
Sample 11,Moirai,0.5150074362754822
Sample 11,Timer,0.4849925637245178
Sample 12,Moirai,0.5071699619293213
Sample 12,Chronos,0.4928300976753235
Sample 13,Moirai,0.5306426882743835
Sample 13,Timer,0.4693572521209717
Sample 14,Moirai,0.528343677520752
Sample 14,Timer,0.47165632247924805
Sample 15,Chronos,0.5102440714836121
Sample 15,Time-MoE,0.4897559583187103
Sample 0,Time-MoE,0.5017974376678467
Sample 0,Moirai,0.4982025921344757
Sample 1,Moirai,0.5151591300964355
Sample 1,Timer,0.48484084010124207
Sample 2,Chronos,0.5154382586479187
Sample 2,Timer,0.4845617115497589
Sample 3,Moirai,0.5198111534118652
Sample 3,Timer,0.48018884658813477
Sample 4,Moirai,0.5248275399208069
Sample 4,TimesFM,0.4751724302768707
Sample 5,Moirai,0.525327205657959
Sample 5,Timer,0.474672794342041
Sample 6,Moirai,0.5137354135513306
Sample 6,Chronos,0.48626455664634705
Sample 7,Chronos,0.5117596387863159
Sample 7,Time-MoE,0.48824039101600647
Sample 8,Moirai,0.5168597102165222
Sample 8,Time-MoE,0.4831402897834778
Sample 9,Moirai,0.5155494809150696
Sample 9,Timer,0.48445045948028564
Sample 10,Moirai,0.5265206098556519
Sample 10,Time-MoE,0.47347939014434814
Sample 11,Moirai,0.524742841720581
Sample 11,Timer,0.47525718808174133
Sample 12,Chronos,0.5027745962142944
Sample 12,Time-MoE,0.4972253739833832
Sample 13,Moirai,0.5281182527542114
Sample 13,Timer,0.47188177704811096
Sample 14,Moirai,0.5246602296829224
Sample 14,Timer,0.47533971071243286
Sample 15,Chronos,0.5142433047294617
Sample 15,Time-MoE,0.48575669527053833
Sample 16,Moirai,0.5072582960128784
Sample 16,Time-MoE,0.4927417039871216
Sample 17,Moirai,0.5282412767410278
Sample 17,Timer,0.4717586934566498
Sample 18,Moirai,0.5000734925270081
Sample 18,Chronos,0.49992650747299194
Sample 19,Moirai,0.5177887678146362
Sample 19,Timer,0.48221126198768616
Sample 20,Moirai,0.5223796963691711
Sample 20,Chronos,0.47762036323547363
Sample 21,Moirai,0.5149697065353394
Sample 21,Timer,0.48503032326698303
Sample 22,Chronos,0.5034911036491394
Sample 22,TimesFM,0.496508926153183
Sample 23,Chronos,0.5062283873558044
Sample 23,Time-MoE,0.49377161264419556
Sample 24,Time-MoE,0.5036396384239197
Sample 24,Chronos,0.4963603615760803
Sample 25,Moirai,0.518282949924469
Sample 25,Timer,0.481717050075531
Sample 26,Moirai,0.5199914574623108
Sample 26,Chronos,0.4800085425376892
Sample 27,Moirai,0.5240066647529602
Sample 27,Chronos,0.4759933352470398
Sample 28,Chronos,0.5150715708732605
Sample 28,Timer,0.4849283993244171
Sample 29,Moirai,0.5321781635284424
Sample 29,Timer,0.4678218364715576
Sample 30,Moirai,0.5382344126701355
Sample 30,Timer,0.4617655575275421
Sample 31,Chronos,0.5111767649650574
Sample 31,Time-MoE,0.48882320523262024
Sample 0,Time-MoE,0.5003180503845215
Sample 0,Chronos,0.4996819496154785
Sample 1,Moirai,0.5327355861663818
Sample 1,Timer,0.4672643840312958
Sample 2,Chronos,0.5036466717720032
Sample 2,Time-MoE,0.4963533282279968
Sample 3,Moirai,0.5140758156776428
Sample 3,Timer,0.4859241545200348
Sample 4,Chronos,0.5129053592681885
Sample 4,TimesFM,0.48709461092948914
Sample 5,Moirai,0.5320835113525391
Sample 5,Timer,0.46791648864746094
Sample 6,Moirai,0.5048494935035706
Sample 6,Chronos,0.49515050649642944
Sample 7,Chronos,0.5081676840782166
Sample 7,Time-MoE,0.49183225631713867
Sample 8,Moirai,0.5508571267127991
Sample 8,Time-MoE,0.4491428732872009
Sample 9,Moirai,0.5273122191429138
Sample 9,Timer,0.47268784046173096
Sample 10,Moirai,0.5149506330490112
Sample 10,Chronos,0.4850493371486664
Sample 11,Chronos,0.5087571144104004
Sample 11,TimesFM,0.4912428557872772
Sample 12,Chronos,0.5058555006980896
Sample 12,Time-MoE,0.494144469499588
Sample 13,Moirai,0.5300452709197998
Sample 13,Timer,0.4699547290802002
Sample 14,Moirai,0.5106676816940308
Sample 14,Chronos,0.489332377910614
Sample 15,Chronos,0.5063236355781555
Sample 15,Time-MoE,0.49367639422416687
Sample 16,Moirai,0.5132986307144165
Sample 16,Time-MoE,0.4867013692855835
Sample 17,Moirai,0.5299590826034546
Sample 17,Timer,0.4700409173965454
Sample 18,Chronos,0.5049504041671753
Sample 18,TimesFM,0.4950495958328247
Sample 19,Moirai,0.5200798511505127
Sample 19,Timer,0.4799201190471649
Sample 20,Moirai,0.5372942686080933
Sample 20,Timer,0.46270567178726196
Sample 21,Moirai,0.5325339436531067
Sample 21,Timer,0.4674660861492157
Sample 22,Moirai,0.5065097808837891
Sample 22,Chronos,0.4934902787208557
Sample 23,Chronos,0.5182749629020691
Sample 23,Timer,0.4817250072956085
Sample 24,Moirai,0.5546005368232727
Sample 24,Time-MoE,0.4453994333744049
Sample 25,Moirai,0.5110462307929993
Sample 25,Timer,0.48895373940467834
Sample 26,Moirai,0.5222293138504028
Sample 26,Timer,0.4777706563472748
Sample 27,Moirai,0.5164366364479065
Sample 27,Timer,0.4835633635520935
Sample 28,Chronos,0.5146183371543884
Sample 28,Time-MoE,0.48538169264793396
Sample 29,Moirai,0.5250161290168762
Sample 29,Timer,0.47498390078544617
Sample 30,Moirai,0.5213853716850281
Sample 30,Timer,0.4786146581172943
Sample 31,Chronos,0.5121071934700012
Sample 31,Time-MoE,0.4878928065299988
Sample 0,Time-MoE,0.5004613399505615
Sample 0,Moirai,0.4995386600494385
Sample 1,Moirai,0.5276928544044495
Sample 1,Timer,0.47230714559555054
Sample 2,Moirai,0.5249791741371155
Sample 2,TimesFM,0.47502076625823975
Sample 3,Moirai,0.5166229009628296
Sample 3,Timer,0.48337703943252563
Sample 4,Chronos,0.5065994262695312
Sample 4,Time-MoE,0.49340057373046875
Sample 5,Moirai,0.5290034413337708
Sample 5,Timer,0.4709964990615845
Sample 6,Chronos,0.5106642842292786
Sample 6,Timer,0.48933568596839905
Sample 7,Chronos,0.5097596049308777
Sample 7,TimesFM,0.4902403950691223
Sample 8,Time-MoE,0.5040685534477234
Sample 8,Chronos,0.4959314167499542
Sample 9,Moirai,0.5180513262748718
Sample 9,Timer,0.48194873332977295
Sample 10,Moirai,0.5107722282409668
Sample 10,Timer,0.4892277717590332
Sample 11,Chronos,0.5044054388999939
Sample 11,Timer,0.4955945909023285
Sample 12,Chronos,0.5192121267318726
Sample 12,Timer,0.48078787326812744
Sample 13,Moirai,0.5256285667419434
Sample 13,Timer,0.47437140345573425
Sample 14,Moirai,0.5247526168823242
Sample 14,Timer,0.4752473831176758
Sample 15,Chronos,0.511168360710144
Sample 15,Time-MoE,0.48883163928985596
Sample 16,Moirai,0.5549072623252869
Sample 16,Timer,0.44509273767471313
Sample 17,Moirai,0.5085026621818542
Sample 17,Timer,0.49149733781814575
Sample 18,Chronos,0.5062363743782043
Sample 18,Time-MoE,0.49376359581947327
Sample 19,Moirai,0.5263684988021851
Sample 19,Chronos,0.47363150119781494
Sample 20,Chronos,0.5154264569282532
Sample 20,Time-MoE,0.4845735728740692
Sample 21,Moirai,0.5252843499183655
Sample 21,Timer,0.4747157096862793
Sample 22,Moirai,0.5217602849006653
Sample 22,Chronos,0.4782397747039795
Sample 23,Chronos,0.5122641921043396
Sample 23,TimesFM,0.4877358376979828
Sample 24,Chronos,0.5005236268043518
Sample 24,Time-MoE,0.4994763731956482
Sample 25,Moirai,0.5164687037467957
Sample 25,Timer,0.48353126645088196
Sample 26,Moirai,0.5068036317825317
Sample 26,Time-MoE,0.4931963086128235
Sample 27,Moirai,0.5088633894920349
Sample 27,Chronos,0.4911366403102875
Sample 28,Chronos,0.5162825584411621
Sample 28,Timer,0.4837173819541931
Sample 29,Moirai,0.5191643238067627
Sample 29,Timer,0.4808356761932373
Sample 30,Moirai,0.5221955180168152
Sample 30,Timer,0.4778045415878296
Sample 31,Chronos,0.5161371231079102
Sample 31,TimesFM,0.48386287689208984
Sample 0,Time-MoE,0.5028513669967651
Sample 0,Chronos,0.49714863300323486
Sample 1,Moirai,0.5248094797134399
Sample 1,Timer,0.47519057989120483
Sample 2,Moirai,0.500383734703064
Sample 2,Chronos,0.4996162950992584
Sample 3,Moirai,0.5231907367706299
Sample 3,Timer,0.4768092632293701
Sample 4,Chronos,0.5003729462623596
Sample 4,Moirai,0.49962708353996277
Sample 5,Chronos,0.5070241689682007
Sample 5,Time-MoE,0.4929758608341217
Sample 6,Time-MoE,0.500191867351532
Sample 6,Moirai,0.49980810284614563
Sample 7,Chronos,0.5085218548774719
Sample 7,TimesFM,0.4914781451225281
Sample 8,Time-MoE,0.5061222910881042
Sample 8,Chronos,0.49387770891189575
Sample 9,Moirai,0.5252327919006348
Sample 9,Timer,0.4747672379016876
Sample 10,Chronos,0.5055583119392395
Sample 10,Time-MoE,0.4944416582584381
Sample 11,Moirai,0.5167179107666016
Sample 11,Timer,0.4832821190357208
Sample 12,Chronos,0.5142805576324463
Sample 12,Time-MoE,0.4857194125652313
Sample 13,Moirai,0.5197457075119019
Sample 13,Timer,0.48025432229042053
Sample 14,Moirai,0.5165847539901733
Sample 14,Timer,0.4834152162075043
Sample 15,Chronos,0.5122905969619751
Sample 15,Time-MoE,0.4877094328403473
Sample 16,Time-MoE,0.5052492022514343
Sample 16,Chronos,0.4947507977485657
Sample 17,Chronos,0.5011817216873169
Sample 17,Moirai,0.4988182783126831
Sample 18,Chronos,0.5020236372947693
Sample 18,Time-MoE,0.4979763627052307
Sample 19,Moirai,0.5079100728034973
Sample 19,Timer,0.4920899569988251
Sample 20,Chronos,0.5169591307640076
Sample 20,TimesFM,0.48304086923599243
Sample 21,Moirai,0.5258431434631348
Sample 21,Timer,0.4741568863391876
Sample 22,Moirai,0.5276200771331787
Sample 22,Chronos,0.47237998247146606
Sample 23,Chronos,0.512000322341919
Sample 23,TimesFM,0.48799964785575867
Sample 24,Chronos,0.5001378059387207
Sample 24,Time-MoE,0.4998621940612793
Sample 25,Moirai,0.5194076299667358
Sample 25,Timer,0.4805923402309418
Sample 26,Chronos,0.5073564648628235
Sample 26,Time-MoE,0.4926435351371765
Sample 27,Moirai,0.5162651538848877
Sample 27,Timer,0.4837348163127899
Sample 28,Chronos,0.5096197128295898
Sample 28,Time-MoE,0.49038025736808777
Sample 29,Moirai,0.5157314538955688
Sample 29,Timer,0.4842686057090759
Sample 30,Moirai,0.5348880290985107
Sample 30,Timer,0.46511197090148926
Sample 31,Chronos,0.5101038813591003
Sample 31,Time-MoE,0.48989617824554443
Sample 0,Time-MoE,0.5065152645111084
Sample 0,Moirai,0.493484765291214
Sample 1,Moirai,0.5279483795166016
Sample 1,Timer,0.47205159068107605
Sample 2,Moirai,0.5086749792098999
Sample 2,Chronos,0.4913250505924225
Sample 3,Moirai,0.5210950374603271
Sample 3,Timer,0.4789049029350281
Sample 4,Moirai,0.5105846524238586
Sample 4,Chronos,0.48941534757614136
Sample 5,Moirai,0.52273029088974
Sample 5,Timer,0.4772697687149048
Sample 6,Moirai,0.5405563116073608
Sample 6,TimesFM,0.45944371819496155
Sample 7,Chronos,0.5066478252410889
Sample 7,Time-MoE,0.49335217475891113
Sample 8,Moirai,0.5347732305526733
Sample 8,Time-MoE,0.46522679924964905
Sample 9,Moirai,0.5238034725189209
Sample 9,Timer,0.4761965572834015
Sample 10,Moirai,0.5063990354537964
Sample 10,Chronos,0.4936010241508484
Sample 11,Moirai,0.5072540640830994
Sample 11,Chronos,0.49274590611457825
Sample 12,Chronos,0.5007761120796204
Sample 12,Moirai,0.49922385811805725
Sample 13,Moirai,0.5261560678482056
Sample 13,Timer,0.47384393215179443
Sample 14,Moirai,0.5169767141342163
Sample 14,Chronos,0.4830232858657837
Sample 15,Chronos,0.506879448890686
Sample 15,TimesFM,0.49312055110931396
Sample 16,Moirai,0.5152261257171631
Sample 16,Time-MoE,0.4847739040851593
Sample 17,Moirai,0.5225256085395813
Sample 17,Timer,0.4774743914604187
Sample 18,Moirai,0.5306892991065979
Sample 18,Chronos,0.4693107306957245
Sample 19,Moirai,0.5071865916252136
Sample 19,Chronos,0.4928134083747864
Sample 20,Chronos,0.5202921628952026
Sample 20,Time-MoE,0.479707807302475
Sample 21,Moirai,0.5303031802177429
Sample 21,Timer,0.4696968197822571
Sample 22,Moirai,0.5369999408721924
Sample 22,Timer,0.46300008893013
Sample 23,Chronos,0.5120259523391724
Sample 23,TimesFM,0.48797407746315
Sample 24,Time-MoE,0.5049043297767639
Sample 24,Moirai,0.4950956702232361
Sample 25,Moirai,0.5179706811904907
Sample 25,Timer,0.4820293188095093
Sample 26,Moirai,0.5096277594566345
Sample 26,Chronos,0.49037230014801025
Sample 27,Moirai,0.5156236290931702
Sample 27,Timer,0.48437631130218506
Sample 28,Chronos,0.5081943273544312
Sample 28,Time-MoE,0.49180564284324646
Sample 29,Moirai,0.5123113989830017
Sample 29,Chronos,0.48768866062164307
Sample 30,Moirai,0.5411646962165833
Sample 30,Chronos,0.45883533358573914
Sample 31,Chronos,0.5068315863609314
Sample 31,TimesFM,0.4931684136390686
Sample 0,Time-MoE,0.5028438568115234
Sample 0,Chronos,0.49715617299079895
Sample 1,Moirai,0.5246669054031372
Sample 1,Timer,0.4753330945968628
Sample 2,Moirai,0.5022672414779663
Sample 2,Chronos,0.4977327585220337
Sample 3,Moirai,0.5282250642776489
Sample 3,Timer,0.4717749059200287
Sample 4,Chronos,0.51582270860672
Sample 4,Time-MoE,0.48417726159095764
Sample 5,Moirai,0.5323446989059448
Sample 5,Timer,0.46765533089637756
Sample 6,Moirai,0.526520848274231
Sample 6,Time-MoE,0.47347915172576904
Sample 7,Chronos,0.5084563493728638
Sample 7,TimesFM,0.49154365062713623
Sample 8,Moirai,0.502513587474823
Sample 8,Time-MoE,0.497486412525177
Sample 9,Moirai,0.5302808880805969
Sample 9,Timer,0.4697190821170807
Sample 10,Moirai,0.5182571411132812
Sample 10,TimesFM,0.48174285888671875
Sample 11,Moirai,0.5164687037467957
Sample 11,Chronos,0.48353129625320435
Sample 12,Chronos,0.5032559037208557
Sample 12,Time-MoE,0.4967440962791443
Sample 13,Chronos,0.5077369213104248
Sample 13,TimesFM,0.4922630488872528
Sample 14,Chronos,0.5066637396812439
Sample 14,TimesFM,0.49333620071411133
Sample 15,Chronos,0.5039075613021851
Sample 15,Time-MoE,0.49609243869781494
Sample 16,Time-MoE,0.5011393427848816
Sample 16,Chronos,0.498860627412796
Sample 17,Moirai,0.5316323041915894
Sample 17,Timer,0.46836769580841064
Sample 18,Chronos,0.5091842412948608
Sample 18,Time-MoE,0.4908156991004944
Sample 19,Moirai,0.5250688791275024
Sample 19,Timer,0.47493112087249756
Sample 20,Moirai,0.5240380764007568
Sample 20,Timer,0.4759618639945984
Sample 21,Moirai,0.5284690260887146
Sample 21,Timer,0.4715309739112854
Sample 22,Moirai,0.511523962020874
Sample 22,Chronos,0.48847609758377075
Sample 23,Chronos,0.5115073919296265
Sample 23,Time-MoE,0.48849257826805115
Sample 24,Moirai,0.5226165652275085
Sample 24,Time-MoE,0.47738346457481384
Sample 25,Moirai,0.5274307727813721
Sample 25,Timer,0.47256922721862793
Sample 26,Moirai,0.5022196769714355
Sample 26,Chronos,0.49778032302856445
Sample 27,Moirai,0.5340294241905212
Sample 27,Timer,0.46597060561180115
Sample 28,Moirai,0.5318662524223328
Sample 28,TimesFM,0.46813374757766724
Sample 29,Moirai,0.5166136622428894
Sample 29,Timer,0.48338639736175537
Sample 30,Moirai,0.5211085677146912
Sample 30,Time-MoE,0.47889143228530884
Sample 31,Chronos,0.5121501088142395
Sample 31,Timer,0.4878498613834381
Sample 0,Moirai,0.5587056875228882
Sample 0,Time-MoE,0.4412943124771118
Sample 1,Moirai,0.5199265480041504
Sample 1,Timer,0.4800734221935272
Sample 2,Moirai,0.5083873867988586
Sample 2,Time-MoE,0.49161261320114136
Sample 3,Moirai,0.5163442492485046
Sample 3,Chronos,0.483655720949173
Sample 4,Chronos,0.5042654871940613
Sample 4,TimesFM,0.4957345128059387
Sample 5,Moirai,0.5392341613769531
Sample 5,Timer,0.4607658386230469
Sample 6,Moirai,0.5132452845573425
Sample 6,Chronos,0.48675471544265747
Sample 7,Chronos,0.5111006498336792
Sample 7,TimesFM,0.4888993203639984
Sample 8,Time-MoE,0.5052503347396851
Sample 8,Moirai,0.49474966526031494
Sample 9,Moirai,0.5270587205886841
Sample 9,Timer,0.47294124960899353
Sample 10,Moirai,0.5032397508621216
Sample 10,TimesFM,0.49676021933555603
Sample 11,Moirai,0.5176333785057068
Sample 11,Timer,0.4823666214942932
Sample 12,Moirai,0.5067245364189148
Sample 12,Chronos,0.4932754635810852
Sample 13,Moirai,0.5350774526596069
Sample 13,Timer,0.46492254734039307
Sample 14,Moirai,0.5326527953147888
Sample 14,Timer,0.4673471748828888
Sample 15,Chronos,0.5123793482780457
Sample 15,Time-MoE,0.48762065172195435
Sample 0,Time-MoE,0.5024506449699402
Sample 0,Moirai,0.4975493550300598
Sample 1,Moirai,0.5176355242729187
Sample 1,Timer,0.4823644757270813
Sample 2,Chronos,0.5178296566009521
Sample 2,Timer,0.48217034339904785
Sample 3,Moirai,0.5232129693031311
Sample 3,Timer,0.4767869710922241
Sample 4,Moirai,0.5272799134254456
Sample 4,Chronos,0.47272011637687683
Sample 5,Moirai,0.529262900352478
Sample 5,Timer,0.470737099647522
Sample 6,Moirai,0.5153038501739502
Sample 6,Chronos,0.4846961498260498
Sample 7,Chronos,0.5141421556472778
Sample 7,Time-MoE,0.4858577847480774
Sample 8,Moirai,0.5183669924736023
Sample 8,Time-MoE,0.4816330075263977
Sample 9,Moirai,0.5180337429046631
Sample 9,Timer,0.4819662868976593
Sample 10,Moirai,0.5284350514411926
Sample 10,Time-MoE,0.47156497836112976
Sample 11,Moirai,0.5287794470787048
Sample 11,Timer,0.47122058272361755
Sample 12,Chronos,0.5041102766990662
Sample 12,Time-MoE,0.49588966369628906
Sample 13,Moirai,0.532620370388031
Sample 13,Timer,0.4673796594142914
Sample 14,Moirai,0.5285747647285461
Sample 14,Timer,0.47142526507377625
Sample 15,Chronos,0.5168778300285339
Sample 15,Time-MoE,0.4831221103668213
Sample 16,Moirai,0.5078376531600952
Sample 16,Time-MoE,0.4921623170375824
Sample 17,Moirai,0.5325533747673035
Sample 17,Timer,0.46744662523269653
Sample 18,Chronos,0.5004884004592896
Sample 18,Moirai,0.49951156973838806
Sample 19,Moirai,0.5209428071975708
Sample 19,Timer,0.4790571928024292
Sample 20,Moirai,0.5252017974853516
Sample 20,Chronos,0.47479817271232605
Sample 21,Moirai,0.5174636244773865
Sample 21,Timer,0.4825364053249359
Sample 22,Chronos,0.5042840838432312
Sample 22,TimesFM,0.4957159161567688
Sample 23,Chronos,0.5073860883712769
Sample 23,Time-MoE,0.49261394143104553
Sample 24,Time-MoE,0.5030907392501831
Sample 24,Chronos,0.49690932035446167
Sample 25,Moirai,0.5212635397911072
Sample 25,Timer,0.4787364602088928
Sample 26,Moirai,0.5208296179771423
Sample 26,Chronos,0.4791703522205353
Sample 27,Moirai,0.5263669490814209
Sample 27,Chronos,0.4736330509185791
Sample 28,Chronos,0.5176770091056824
Sample 28,Timer,0.48232302069664
Sample 29,Moirai,0.5369040966033936
Sample 29,Timer,0.46309593319892883
Sample 30,Moirai,0.54386967420578
Sample 30,Timer,0.45613035559654236
Sample 31,Chronos,0.5129923224449158
Sample 31,Time-MoE,0.48700767755508423
Sample 0,Chronos,0.5008832812309265
Sample 0,Time-MoE,0.4991167485713959
Sample 1,Moirai,0.5376406908035278
Sample 1,Timer,0.46235933899879456
Sample 2,Chronos,0.5043196082115173
Sample 2,Time-MoE,0.49568039178848267
Sample 3,Moirai,0.5163718461990356
Sample 3,Chronos,0.48362818360328674
Sample 4,Chronos,0.5140562057495117
Sample 4,TimesFM,0.4859437644481659
Sample 5,Moirai,0.5370341539382935
Sample 5,Timer,0.46296578645706177
Sample 6,Moirai,0.5052251815795898
Sample 6,Chronos,0.49477484822273254
Sample 7,Chronos,0.5101903080940247
Sample 7,Time-MoE,0.48980966210365295
Sample 8,Moirai,0.5570559501647949
Sample 8,Time-MoE,0.4429440498352051
Sample 9,Moirai,0.5315606594085693
Sample 9,Timer,0.4684393107891083
Sample 10,Moirai,0.5164458155632019
Sample 10,Chronos,0.4835541844367981
Sample 11,Chronos,0.5100038647651672
Sample 11,TimesFM,0.48999613523483276
Sample 12,Chronos,0.5067881941795349
Sample 12,Time-MoE,0.4932117760181427
Sample 13,Moirai,0.534789502620697
Sample 13,Timer,0.465210497379303
Sample 14,Moirai,0.511991024017334
Sample 14,Chronos,0.4880090355873108
Sample 15,Chronos,0.5074899792671204
Sample 15,Time-MoE,0.492510050535202
Sample 16,Moirai,0.5150541067123413
Sample 16,Time-MoE,0.4849459230899811
Sample 17,Moirai,0.5344246029853821
Sample 17,Timer,0.4655753970146179
Sample 18,Chronos,0.5053862929344177
Sample 18,TimesFM,0.49461373686790466
Sample 19,Moirai,0.5235644578933716
Sample 19,Timer,0.4764355421066284
Sample 20,Moirai,0.5422663688659668
Sample 20,Chronos,0.4577336013317108
Sample 21,Moirai,0.5375567078590393
Sample 21,Timer,0.4624432921409607
Sample 22,Moirai,0.5074341297149658
Sample 22,Chronos,0.4925658404827118
Sample 23,Chronos,0.5212607383728027
Sample 23,TimesFM,0.47873926162719727
Sample 24,Moirai,0.5611616373062134
Sample 24,Time-MoE,0.438838392496109
Sample 25,Moirai,0.5129642486572266
Sample 25,Timer,0.48703575134277344
Sample 26,Moirai,0.5250185132026672
Sample 26,TimesFM,0.4749814569950104
Sample 27,Moirai,0.5194388628005981
Sample 27,Timer,0.48056113719940186
Sample 28,Chronos,0.5168854594230652
Sample 28,Time-MoE,0.4831145107746124
Sample 29,Moirai,0.5288997888565063
Sample 29,Timer,0.4711001515388489
Sample 30,Moirai,0.5248801112174988
Sample 30,Timer,0.4751198887825012
Sample 31,Chronos,0.5144365429878235
Sample 31,Time-MoE,0.4855634868144989
Sample 0,Time-MoE,0.5010396838188171
Sample 0,Moirai,0.49896031618118286
Sample 1,Moirai,0.5319121479988098
Sample 1,Timer,0.4680877923965454
Sample 2,Moirai,0.5274555683135986
Sample 2,TimesFM,0.47254446148872375
Sample 3,Moirai,0.5194797515869141
Sample 3,Timer,0.48052024841308594
Sample 4,Chronos,0.5074709057807922
Sample 4,Moirai,0.492529034614563
Sample 5,Moirai,0.5331488251686096
Sample 5,Timer,0.46685123443603516
Sample 6,Chronos,0.5120899677276611
Sample 6,Timer,0.48791009187698364
Sample 7,Chronos,0.5113350749015808
Sample 7,TimesFM,0.4886649549007416
Sample 8,Time-MoE,0.5034527778625488
Sample 8,Chronos,0.49654722213745117
Sample 9,Moirai,0.5209082961082458
Sample 9,Timer,0.4790917634963989
Sample 10,Moirai,0.5127544403076172
Sample 10,Timer,0.4872455596923828
Sample 11,Chronos,0.505164384841919
Sample 11,Timer,0.49483558535575867
Sample 12,Chronos,0.5220173597335815
Sample 12,Time-MoE,0.47798264026641846
Sample 13,Moirai,0.5294718146324158
Sample 13,Timer,0.4705282151699066
Sample 14,Moirai,0.5283898115158081
Sample 14,Timer,0.4716102182865143
Sample 15,Chronos,0.5132628083229065
Sample 15,Time-MoE,0.4867371916770935
Sample 16,Moirai,0.5613247156143188
Sample 16,TimesFM,0.43867525458335876
Sample 17,Moirai,0.5095400214195251
Sample 17,Chronos,0.49046003818511963
Sample 18,Chronos,0.506994366645813
Sample 18,Time-MoE,0.4930056631565094
Sample 19,Moirai,0.528826117515564
Sample 19,Chronos,0.4711739122867584
Sample 20,Chronos,0.5174781084060669
Sample 20,Time-MoE,0.4825218915939331
Sample 21,Moirai,0.5287339687347412
Sample 21,Timer,0.471265971660614
Sample 22,Moirai,0.5241384506225586
Sample 22,Chronos,0.4758615493774414
Sample 23,Chronos,0.5133662819862366
Sample 23,TimesFM,0.4866337180137634
Sample 24,Chronos,0.5018002390861511
Sample 24,Time-MoE,0.4981997013092041
Sample 25,Moirai,0.5190863609313965
Sample 25,Timer,0.4809136688709259
Sample 26,Moirai,0.5066632628440857
Sample 26,Chronos,0.4933367669582367
Sample 27,Moirai,0.5098628997802734
Sample 27,Chronos,0.4901370704174042
Sample 28,Chronos,0.5188063979148865
Sample 28,TimesFM,0.4811936020851135
Sample 29,Moirai,0.5219429731369019
Sample 29,Timer,0.47805702686309814
Sample 30,Moirai,0.5257065892219543
Sample 30,Timer,0.47429341077804565
Sample 31,Chronos,0.5184256434440613
Sample 31,TimesFM,0.4815743565559387
Sample 0,Time-MoE,0.5019370317459106
Sample 0,Chronos,0.49806296825408936
Sample 1,Moirai,0.5283476710319519
Sample 1,Timer,0.4716522693634033
Sample 2,Chronos,0.5009015798568726
Sample 2,Moirai,0.49909844994544983
Sample 3,Moirai,0.5267531275749207
Sample 3,Timer,0.47324690222740173
Sample 4,Chronos,0.5008790493011475
Sample 4,Moirai,0.4991209805011749
Sample 5,Chronos,0.5081697702407837
Sample 5,Time-MoE,0.4918302297592163
Sample 6,Moirai,0.5008639693260193
Sample 6,Time-MoE,0.4991360008716583
Sample 7,Chronos,0.5094317197799683
Sample 7,TimesFM,0.4905683100223541
Sample 8,Time-MoE,0.505577564239502
Sample 8,Chronos,0.49442240595817566
Sample 9,Moirai,0.5286049246788025
Sample 9,Timer,0.4713950455188751
Sample 10,Chronos,0.5062211155891418
Sample 10,TimesFM,0.49377894401550293
Sample 11,Moirai,0.5193061828613281
Sample 11,Timer,0.4806937873363495
Sample 12,Chronos,0.5164978504180908
Sample 12,Time-MoE,0.4835021495819092
Sample 13,Moirai,0.5226056575775146
Sample 13,Timer,0.47739437222480774
Sample 14,Moirai,0.5189633965492249
Sample 14,Timer,0.48103660345077515
Sample 15,Chronos,0.5141101479530334
Sample 15,Time-MoE,0.48588982224464417
Sample 16,Time-MoE,0.504585862159729
Sample 16,Chronos,0.4954141080379486
Sample 17,Chronos,0.5018376111984253
Sample 17,Moirai,0.4981623589992523
Sample 18,Chronos,0.5028903484344482
Sample 18,Time-MoE,0.49710965156555176
Sample 19,Moirai,0.508844256401062
Sample 19,Timer,0.491155743598938
Sample 20,Chronos,0.5189860463142395
Sample 20,TimesFM,0.4810139238834381
Sample 21,Moirai,0.5293455123901367
Sample 21,Timer,0.47065454721450806
Sample 22,Moirai,0.5304070115089417
Sample 22,Chronos,0.46959298849105835
Sample 23,Chronos,0.5137459635734558
Sample 23,TimesFM,0.4862540364265442
Sample 24,Chronos,0.5012841820716858
Sample 24,Time-MoE,0.4987158477306366
Sample 25,Moirai,0.5222033262252808
Sample 25,Timer,0.47779667377471924
Sample 26,Chronos,0.5091732144355774
Sample 26,Time-MoE,0.4908268451690674
Sample 27,Moirai,0.5186713933944702
Sample 27,Timer,0.48132866621017456
Sample 28,Chronos,0.5115175843238831
Sample 28,Time-MoE,0.48848241567611694
Sample 29,Moirai,0.5180644989013672
Sample 29,Timer,0.4819354712963104
Sample 30,Moirai,0.5397092700004578
Sample 30,Timer,0.46029072999954224
Sample 31,Chronos,0.5124275088310242
Sample 31,Time-MoE,0.48757249116897583
Sample 0,Time-MoE,0.5070086121559143
Sample 0,Chronos,0.4929913580417633
Sample 1,Moirai,0.5313424468040466
Sample 1,Timer,0.468657523393631
Sample 2,Moirai,0.5091550946235657
Sample 2,Chronos,0.49084487557411194
Sample 3,Moirai,0.5239856839179993
Sample 3,Timer,0.4760143458843231
Sample 4,Moirai,0.5108383297920227
Sample 4,Chronos,0.4891616702079773
Sample 5,Moirai,0.5256003737449646
Sample 5,Timer,0.4743996858596802
Sample 6,Moirai,0.5447034239768982
Sample 6,Chronos,0.4552965462207794
Sample 7,Chronos,0.5081467628479004
Sample 7,TimesFM,0.4918532073497772
Sample 8,Moirai,0.5392423272132874
Sample 8,Time-MoE,0.46075767278671265
Sample 9,Moirai,0.5265554189682007
Sample 9,Timer,0.4734445810317993
Sample 10,Moirai,0.5061295032501221
Sample 10,Chronos,0.49387046694755554
Sample 11,Moirai,0.5064765810966492
Sample 11,Chronos,0.49352341890335083
Sample 12,Chronos,0.5019587874412537
Sample 12,Moirai,0.4980412423610687
Sample 13,Moirai,0.5292337536811829
Sample 13,Timer,0.4707662761211395
Sample 14,Moirai,0.5192026495933533
Sample 14,Chronos,0.48079735040664673
Sample 15,Chronos,0.5072438716888428
Sample 15,TimesFM,0.4927561283111572
Sample 16,Moirai,0.5173488855361938
Sample 16,Time-MoE,0.4826511740684509
Sample 17,Moirai,0.5254085063934326
Sample 17,Timer,0.474591463804245
Sample 18,Moirai,0.5344051718711853
Sample 18,Chronos,0.4655947983264923
Sample 19,Moirai,0.507960319519043
Sample 19,Chronos,0.49203965067863464
Sample 20,Chronos,0.5228443741798401
Sample 20,TimesFM,0.4771555960178375
Sample 21,Moirai,0.5341996550559998
Sample 21,Timer,0.46580031514167786
Sample 22,Moirai,0.5414427518844604
Sample 22,Timer,0.45855724811553955
Sample 23,Chronos,0.5135241746902466
Sample 23,TimesFM,0.4864758253097534
Sample 24,Time-MoE,0.5054242610931396
Sample 24,Moirai,0.49457573890686035
Sample 25,Moirai,0.5200687646865845
Sample 25,Timer,0.4799312353134155
Sample 26,Moirai,0.5100509524345398
Sample 26,Chronos,0.4899490177631378
Sample 27,Moirai,0.5176517963409424
Sample 27,Timer,0.48234823346138
Sample 28,Chronos,0.5092839598655701
Sample 28,Time-MoE,0.49071601033210754
Sample 29,Moirai,0.5132097601890564
Sample 29,Chronos,0.4867902100086212
Sample 30,Moirai,0.545220136642456
Sample 30,Chronos,0.45477983355522156
Sample 31,Chronos,0.507871150970459
Sample 31,TimesFM,0.4921288788318634
Sample 0,Time-MoE,0.5019899010658264
Sample 0,Chronos,0.4980100393295288
Sample 1,Moirai,0.5273550748825073
Sample 1,Timer,0.4726449251174927
Sample 2,Moirai,0.5027608275413513
Sample 2,Chronos,0.4972391128540039
Sample 3,Moirai,0.5316621661186218
Sample 3,Timer,0.4683378040790558
Sample 4,Chronos,0.518281877040863
Sample 4,Time-MoE,0.48171815276145935
Sample 5,Moirai,0.5361388921737671
Sample 5,Timer,0.4638610780239105
Sample 6,Moirai,0.5297507047653198
Sample 6,Chronos,0.4702492952346802
Sample 7,Chronos,0.5095112323760986
Sample 7,TimesFM,0.490488737821579
Sample 8,Moirai,0.5030748844146729
Sample 8,Time-MoE,0.49692511558532715
Sample 9,Moirai,0.533812403678894
Sample 9,Timer,0.46618762612342834
Sample 10,Moirai,0.5202783942222595
Sample 10,TimesFM,0.4797215759754181
Sample 11,Moirai,0.5181995630264282
Sample 11,Chronos,0.48180049657821655
Sample 12,Chronos,0.5037853121757507
Sample 12,Time-MoE,0.49621471762657166
Sample 13,Chronos,0.5084168910980225
Sample 13,TimesFM,0.49158307909965515
Sample 14,Chronos,0.5072004199028015
Sample 14,TimesFM,0.4927996098995209
Sample 15,Chronos,0.5048326253890991
Sample 15,Time-MoE,0.49516740441322327
Sample 16,Chronos,0.5000723004341125
Sample 16,Time-MoE,0.49992769956588745
Sample 17,Moirai,0.535264790058136
Sample 17,Timer,0.464735209941864
Sample 18,Chronos,0.5106326341629028
Sample 18,TimesFM,0.48936736583709717
Sample 19,Moirai,0.528052568435669
Sample 19,Timer,0.47194740176200867
Sample 20,Moirai,0.5269715785980225
Sample 20,Timer,0.47302836179733276
Sample 21,Moirai,0.5317419171333313
Sample 21,Timer,0.4682581424713135
Sample 22,Moirai,0.5126638412475586
Sample 22,Chronos,0.4873361587524414
Sample 23,Chronos,0.5137832164764404
Sample 23,Time-MoE,0.48621681332588196
Sample 24,Moirai,0.5256361961364746
Sample 24,Time-MoE,0.474363774061203
Sample 25,Moirai,0.5306089520454407
Sample 25,Timer,0.4693910777568817
Sample 26,Moirai,0.5021191239356995
Sample 26,Chronos,0.49788087606430054
Sample 27,Moirai,0.5381320118904114
Sample 27,Timer,0.461868017911911
Sample 28,Moirai,0.5362734198570251
Sample 28,TimesFM,0.4637265205383301
Sample 29,Moirai,0.518463134765625
Sample 29,Chronos,0.4815368950366974
Sample 30,Moirai,0.5233896374702454
Sample 30,TimesFM,0.47661036252975464
Sample 31,Chronos,0.5135182738304138
Sample 31,TimesFM,0.4864817261695862
Sample 0,Moirai,0.5654355883598328
Sample 0,Timer,0.43456441164016724
Sample 1,Moirai,0.5218597054481506
Sample 1,Timer,0.4781402349472046
Sample 2,Moirai,0.5091318488121033
Sample 2,Time-MoE,0.4908681809902191
Sample 3,Moirai,0.5179866552352905
Sample 3,Chronos,0.4820133447647095
Sample 4,Chronos,0.5045838952064514
Sample 4,TimesFM,0.4954161047935486
Sample 5,Moirai,0.5433602929115295
Sample 5,Timer,0.45663973689079285
Sample 6,Moirai,0.5147206783294678
Sample 6,Chronos,0.4852793514728546
Sample 7,Chronos,0.5125411748886108
Sample 7,TimesFM,0.4874587953090668
Sample 8,Time-MoE,0.5051155686378479
Sample 8,Chronos,0.4948844015598297
Sample 9,Moirai,0.5296982526779175
Sample 9,Timer,0.4703017473220825
Sample 10,Moirai,0.5032859444618225
Sample 10,TimesFM,0.4967140555381775
Sample 11,Moirai,0.5193908214569092
Sample 11,Timer,0.4806092083454132
Sample 12,Moirai,0.506399393081665
Sample 12,Chronos,0.49360063672065735
Sample 13,Moirai,0.5388326644897461
Sample 13,Timer,0.4611673355102539
Sample 14,Moirai,0.5362141132354736
Sample 14,Timer,0.46378588676452637
Sample 15,Chronos,0.5147469639778137
Sample 15,Time-MoE,0.4852530062198639
Sample 0,Time-MoE,0.5016300678253174
Sample 0,Moirai,0.49836990237236023
Sample 1,Moirai,0.5189539790153503
Sample 1,Timer,0.48104602098464966
Sample 2,Chronos,0.5198566913604736
Sample 2,TimesFM,0.480143278837204
Sample 3,Moirai,0.5255046486854553
Sample 3,Timer,0.4744953513145447
Sample 4,Moirai,0.5299181342124939
Sample 4,Chronos,0.4700819253921509
Sample 5,Moirai,0.531980037689209
Sample 5,Timer,0.46801993250846863
Sample 6,Moirai,0.5168262124061584
Sample 6,Chronos,0.48317381739616394
Sample 7,Chronos,0.5164978504180908
Sample 7,Time-MoE,0.48350217938423157
Sample 8,Moirai,0.5214548707008362
Sample 8,Time-MoE,0.47854509949684143
Sample 9,Moirai,0.5193475484848022
Sample 9,Timer,0.48065245151519775
Sample 10,Moirai,0.5309693217277527
Sample 10,Time-MoE,0.4690307080745697
Sample 11,Moirai,0.5316298007965088
Sample 11,Timer,0.4683702290058136
Sample 12,Chronos,0.505012035369873
Sample 12,Time-MoE,0.49498796463012695
Sample 13,Moirai,0.5359604358673096
Sample 13,Timer,0.46403956413269043
Sample 14,Moirai,0.5312758088111877
Sample 14,Timer,0.46872419118881226
Sample 15,Chronos,0.5194342732429504
Sample 15,Time-MoE,0.48056575655937195
Sample 16,Moirai,0.5098920464515686
Sample 16,Time-MoE,0.4901079535484314
Sample 17,Moirai,0.5356112122535706
Sample 17,Timer,0.46438878774642944
Sample 18,Chronos,0.5009550452232361
Sample 18,Moirai,0.4990449547767639
Sample 19,Moirai,0.5229174494743347
Sample 19,Timer,0.47708258032798767
Sample 20,Moirai,0.5288875102996826
Sample 20,Chronos,0.4711124300956726
Sample 21,Moirai,0.519246518611908
Sample 21,Timer,0.48075351119041443
Sample 22,Chronos,0.5046717524528503
Sample 22,Timer,0.49532830715179443
Sample 23,Chronos,0.5083751082420349
Sample 23,Time-MoE,0.4916248917579651
Sample 24,Time-MoE,0.502910852432251
Sample 24,Chronos,0.497089147567749
Sample 25,Moirai,0.5229794383049011
Sample 25,Timer,0.4770205616950989
Sample 26,Moirai,0.5227086544036865
Sample 26,Chronos,0.4772913455963135
Sample 27,Moirai,0.5293752551078796
Sample 27,Chronos,0.47062477469444275
Sample 28,Chronos,0.5196298956871033
Sample 28,TimesFM,0.4803701341152191
Sample 29,Moirai,0.5405228734016418
Sample 29,Timer,0.45947715640068054
Sample 30,Moirai,0.5483537316322327
Sample 30,Timer,0.4516462981700897
Sample 31,Chronos,0.5145361423492432
Sample 31,TimesFM,0.48546385765075684
Sample 0,Chronos,0.5012160539627075
Sample 0,Time-MoE,0.4987839460372925
Sample 1,Moirai,0.5408154129981995
Sample 1,Timer,0.45918458700180054
Sample 2,Chronos,0.504784882068634
Sample 2,Time-MoE,0.4952150881290436
Sample 3,Moirai,0.5177440643310547
Sample 3,Chronos,0.4822559654712677
Sample 4,Chronos,0.5148544311523438
Sample 4,TimesFM,0.48514556884765625
Sample 5,Moirai,0.5403217673301697
Sample 5,Timer,0.4596782624721527
Sample 6,Moirai,0.505514919757843
Sample 6,Chronos,0.4944850206375122
Sample 7,Chronos,0.5117905139923096
Sample 7,Time-MoE,0.4882095158100128
Sample 8,Moirai,0.5643806457519531
Sample 8,Time-MoE,0.4356193542480469
Sample 9,Moirai,0.5341288447380066
Sample 9,Timer,0.465871125459671
Sample 10,Moirai,0.5183654427528381
Sample 10,Chronos,0.48163458704948425
Sample 11,Chronos,0.5106207132339478
Sample 11,TimesFM,0.48937925696372986
Sample 12,Chronos,0.50745689868927
Sample 12,Time-MoE,0.49254310131073
Sample 13,Moirai,0.5378453135490417
Sample 13,Timer,0.46215468645095825
Sample 14,Moirai,0.5130237340927124
Sample 14,Chronos,0.4869762361049652
Sample 15,Chronos,0.5081591606140137
Sample 15,Time-MoE,0.49184080958366394
Sample 16,Moirai,0.5183030962944031
Sample 16,Time-MoE,0.48169687390327454
Sample 17,Moirai,0.5371895432472229
Sample 17,Timer,0.4628104567527771
Sample 18,Chronos,0.5054206848144531
Sample 18,TimesFM,0.4945793151855469
Sample 19,Moirai,0.5254973769187927
Sample 19,Timer,0.4745025932788849
Sample 20,Moirai,0.5461441874504089
Sample 20,Timer,0.4538557529449463
Sample 21,Moirai,0.5408610105514526
Sample 21,Timer,0.45913904905319214
Sample 22,Moirai,0.5084595680236816
Sample 22,Chronos,0.49154040217399597
Sample 23,Chronos,0.5231541395187378
Sample 23,TimesFM,0.4768458306789398
Sample 24,Moirai,0.5679116249084473
Sample 24,TimesFM,0.4320884048938751
Sample 25,Moirai,0.5134810209274292
Sample 25,Timer,0.4865189790725708
Sample 26,Moirai,0.5267394185066223
Sample 26,TimesFM,0.4732605516910553
Sample 27,Moirai,0.5209619402885437
Sample 27,Timer,0.4790381193161011
Sample 28,Chronos,0.5188741683959961
Sample 28,Time-MoE,0.4811258316040039
Sample 29,Moirai,0.5312094688415527
Sample 29,Timer,0.4687905013561249
Sample 30,Moirai,0.5267487168312073
Sample 30,Timer,0.47325125336647034
Sample 31,Chronos,0.5162832140922546
Sample 31,TimesFM,0.48371681571006775
Sample 0,Time-MoE,0.5007659792900085
Sample 0,Moirai,0.49923402070999146
Sample 1,Moirai,0.534523069858551
Sample 1,Timer,0.46547695994377136
Sample 2,Moirai,0.5296741127967834
Sample 2,TimesFM,0.47032591700553894
Sample 3,Moirai,0.5209342241287231
Sample 3,Timer,0.47906577587127686
Sample 4,Chronos,0.5074360966682434
Sample 4,Moirai,0.4925638735294342
Sample 5,Moirai,0.535990297794342
Sample 5,Timer,0.46400976181030273
Sample 6,Chronos,0.5131840109825134
Sample 6,TimesFM,0.4868159890174866
Sample 7,Chronos,0.5117230415344238
Sample 7,TimesFM,0.48827695846557617
Sample 8,Time-MoE,0.5041326880455017
Sample 8,Chronos,0.4958672821521759
Sample 9,Moirai,0.5222606062889099
Sample 9,Timer,0.47773945331573486
Sample 10,Moirai,0.5138481855392456
Sample 10,Timer,0.4861517548561096
Sample 11,Chronos,0.5057554244995117
Sample 11,Timer,0.4942445755004883
Sample 12,Chronos,0.5237190127372742
Sample 12,TimesFM,0.47628098726272583
Sample 13,Moirai,0.5317399501800537
Sample 13,Timer,0.4682600200176239
Sample 14,Moirai,0.530402660369873
Sample 14,Timer,0.46959733963012695
Sample 15,Chronos,0.5147510170936584
Sample 15,Time-MoE,0.48524898290634155
Sample 16,Moirai,0.5675302743911743
Sample 16,TimesFM,0.4324696958065033
Sample 17,Moirai,0.5097280740737915
Sample 17,Chronos,0.4902719259262085
Sample 18,Chronos,0.5075252652168274
Sample 18,Time-MoE,0.492474764585495
Sample 19,Moirai,0.5323060750961304
Sample 19,Chronos,0.467693954706192
Sample 20,Chronos,0.5190750360488892
Sample 20,Time-MoE,0.48092496395111084
Sample 21,Moirai,0.5308586359024048
Sample 21,Timer,0.4691413938999176
Sample 22,Moirai,0.5267403721809387
Sample 22,Chronos,0.4732595980167389
Sample 23,Chronos,0.5142035484313965
Sample 23,TimesFM,0.4857964515686035
Sample 24,Chronos,0.5018780827522278
Sample 24,Time-MoE,0.4981219172477722
Sample 25,Moirai,0.5203168988227844
Sample 25,Timer,0.47968316078186035
Sample 26,Moirai,0.5069004893302917
Sample 26,Chronos,0.49309951066970825
Sample 27,Moirai,0.5103658437728882
Sample 27,Chronos,0.4896341860294342
Sample 28,Chronos,0.5203040242195129
Sample 28,TimesFM,0.47969600558280945
Sample 29,Moirai,0.5234197378158569
Sample 29,Timer,0.47658026218414307
Sample 30,Moirai,0.5276432037353516
Sample 30,Timer,0.4723568260669708
Sample 31,Chronos,0.520004391670227
Sample 31,TimesFM,0.47999557852745056
Sample 0,Time-MoE,0.5025852918624878
Sample 0,Chronos,0.4974147081375122
Sample 1,Moirai,0.5305250287055969
Sample 1,Timer,0.4694749712944031
Sample 2,Chronos,0.5015085339546204
Sample 2,Moirai,0.49849146604537964
Sample 3,Moirai,0.5291444063186646
Sample 3,Timer,0.47085562348365784
Sample 4,Chronos,0.501391589641571
Sample 4,Moirai,0.49860844016075134
Sample 5,Chronos,0.5084137320518494
Sample 5,Time-MoE,0.491586297750473
Sample 6,Moirai,0.5009680986404419
Sample 6,Time-MoE,0.4990318715572357
Sample 7,Chronos,0.5098379850387573
Sample 7,TimesFM,0.49016204476356506
Sample 8,Time-MoE,0.5071181058883667
Sample 8,Chronos,0.4928819239139557
Sample 9,Moirai,0.530692458152771
Sample 9,Timer,0.4693075120449066
Sample 10,Chronos,0.5066142082214355
Sample 10,TimesFM,0.49338582158088684
Sample 11,Moirai,0.5208560228347778
Sample 11,Timer,0.4791439473628998
Sample 12,Chronos,0.5175755023956299
Sample 12,Time-MoE,0.4824245274066925
Sample 13,Moirai,0.5242186784744263
Sample 13,Timer,0.47578129172325134
Sample 14,Moirai,0.5203889012336731
Sample 14,Timer,0.4796110987663269
Sample 15,Chronos,0.514942467212677
Sample 15,Time-MoE,0.485057532787323
Sample 16,Time-MoE,0.5058987140655518
Sample 16,Chronos,0.49410125613212585
Sample 17,Chronos,0.5027603507041931
Sample 17,Moirai,0.4972396492958069
Sample 18,Chronos,0.5029888153076172
Sample 18,Time-MoE,0.4970111548900604
Sample 19,Moirai,0.5092204213142395
Sample 19,Timer,0.4907796084880829
Sample 20,Chronos,0.5205131769180298
Sample 20,TimesFM,0.4794868528842926
Sample 21,Moirai,0.5314682722091675
Sample 21,Timer,0.4685317277908325
Sample 22,Moirai,0.533957302570343
Sample 22,TimesFM,0.4660426676273346
Sample 23,Chronos,0.5148708820343018
Sample 23,TimesFM,0.48512911796569824
Sample 24,Chronos,0.5007458329200745
Sample 24,Time-MoE,0.49925416707992554
Sample 25,Moirai,0.5236741304397583
Sample 25,Timer,0.4763258397579193
Sample 26,Chronos,0.5100299119949341
Sample 26,Time-MoE,0.4899701178073883
Sample 27,Moirai,0.5198512673377991
Sample 27,Timer,0.48014870285987854
Sample 28,Chronos,0.5122081637382507
Sample 28,Time-MoE,0.48779183626174927
Sample 29,Moirai,0.5191647410392761
Sample 29,Timer,0.4808352291584015
Sample 30,Moirai,0.5431898236274719
Sample 30,Timer,0.4568101763725281
Sample 31,Chronos,0.5136786103248596
Sample 31,Time-MoE,0.4863213896751404
Sample 0,Time-MoE,0.5063089728355408
Sample 0,Moirai,0.49369099736213684
Sample 1,Moirai,0.5338702201843262
Sample 1,Timer,0.4661298096179962
Sample 2,Moirai,0.509488046169281
Sample 2,Chronos,0.490511953830719
Sample 3,Moirai,0.52609783411026
Sample 3,Timer,0.47390216588974
Sample 4,Moirai,0.5116101503372192
Sample 4,Chronos,0.4883898198604584
Sample 5,Moirai,0.5274859666824341
Sample 5,Timer,0.4725140631198883
Sample 6,Moirai,0.5486016273498535
Sample 6,TimesFM,0.4513983428478241
Sample 7,Chronos,0.5085034966468811
Sample 7,TimesFM,0.4914965033531189
Sample 8,Moirai,0.5440011024475098
Sample 8,Time-MoE,0.45599886775016785
Sample 9,Moirai,0.5283961296081543
Sample 9,Timer,0.4716038107872009
Sample 10,Moirai,0.5065478086471558
Sample 10,Chronos,0.49345216155052185
Sample 11,Moirai,0.5069050192832947
Sample 11,Chronos,0.49309495091438293
Sample 12,Chronos,0.5019388198852539
Sample 12,Moirai,0.49806123971939087
Sample 13,Moirai,0.5316430926322937
Sample 13,Timer,0.4683569073677063
Sample 14,Moirai,0.5210303664207458
Sample 14,Chronos,0.47896960377693176
Sample 15,Chronos,0.5075433850288391
Sample 15,TimesFM,0.4924566149711609
Sample 16,Moirai,0.5203554630279541
Sample 16,Time-MoE,0.4796445667743683
Sample 17,Moirai,0.5273361802101135
Sample 17,Timer,0.4726637601852417
Sample 18,Moirai,0.5387423634529114
Sample 18,TimesFM,0.4612576365470886
Sample 19,Moirai,0.5079345107078552
Sample 19,Chronos,0.4920654594898224
Sample 20,Chronos,0.5243273377418518
Sample 20,TimesFM,0.4756726324558258
Sample 21,Moirai,0.5372725129127502
Sample 21,Timer,0.46272748708724976
Sample 22,Moirai,0.5451834797859192
Sample 22,Timer,0.4548165798187256
Sample 23,Chronos,0.5145959854125977
Sample 23,TimesFM,0.48540401458740234
Sample 24,Time-MoE,0.5047599077224731
Sample 24,Moirai,0.49524009227752686
Sample 25,Moirai,0.521247386932373
Sample 25,Timer,0.47875267267227173
Sample 26,Moirai,0.5108232498168945
Sample 26,Chronos,0.4891766905784607
Sample 27,Moirai,0.5188878178596497
Sample 27,Timer,0.48111218214035034
Sample 28,Chronos,0.5094406008720398
Sample 28,Time-MoE,0.4905594289302826
Sample 29,Moirai,0.5139419436454773
Sample 29,Chronos,0.4860580265522003
Sample 30,Moirai,0.549496591091156
Sample 30,Chronos,0.450503408908844
Sample 31,Chronos,0.5082488656044006
Sample 31,TimesFM,0.49175116419792175
Sample 0,Time-MoE,0.5032392740249634
Sample 0,Chronos,0.49676069617271423
Sample 1,Moirai,0.5294606685638428
Sample 1,Timer,0.4705393314361572
Sample 2,Moirai,0.5031991004943848
Sample 2,Chronos,0.4968009293079376
Sample 3,Moirai,0.534639835357666
Sample 3,Timer,0.46536019444465637
Sample 4,Chronos,0.5194077491760254
Sample 4,Time-MoE,0.4805922508239746
Sample 5,Moirai,0.5394423604011536
Sample 5,Timer,0.46055760979652405
Sample 6,Moirai,0.5329245924949646
Sample 6,Time-MoE,0.4670754373073578
Sample 7,Chronos,0.5100798010826111
Sample 7,TimesFM,0.48992016911506653
Sample 8,Moirai,0.5041479468345642
Sample 8,Time-MoE,0.4958520531654358
Sample 9,Moirai,0.5368012189865112
Sample 9,Timer,0.463198721408844
Sample 10,Moirai,0.5222681760787964
Sample 10,TimesFM,0.4777318239212036
Sample 11,Moirai,0.5197526216506958
Sample 11,Chronos,0.4802473485469818
Sample 12,Chronos,0.5037575960159302
Sample 12,Time-MoE,0.4962424039840698
Sample 13,Chronos,0.5091707706451416
Sample 13,TimesFM,0.490829199552536
Sample 14,Chronos,0.5073332190513611
Sample 14,TimesFM,0.4926667809486389
Sample 15,Chronos,0.504926860332489
Sample 15,Time-MoE,0.495073139667511
Sample 16,Time-MoE,0.5008257031440735
Sample 16,Chronos,0.4991742968559265
Sample 17,Moirai,0.5383792519569397
Sample 17,Timer,0.4616207778453827
Sample 18,Chronos,0.5113207697868347
Sample 18,TimesFM,0.4886792004108429
Sample 19,Moirai,0.5305972099304199
Sample 19,Timer,0.4694027900695801
Sample 20,Moirai,0.5293658375740051
Sample 20,Timer,0.4706341624259949
Sample 21,Moirai,0.5344421863555908
Sample 21,Timer,0.4655577540397644
Sample 22,Moirai,0.5132734179496765
Sample 22,Chronos,0.4867265820503235
Sample 23,Chronos,0.5146767497062683
Sample 23,Time-MoE,0.4853232800960541
Sample 24,Moirai,0.5285001397132874
Sample 24,Time-MoE,0.47149983048439026
Sample 25,Moirai,0.5331541895866394
Sample 25,Timer,0.4668458104133606
Sample 26,Moirai,0.502468466758728
Sample 26,Chronos,0.497531533241272
Sample 27,Moirai,0.5417669415473938
Sample 27,Timer,0.4582329988479614
Sample 28,Moirai,0.5406631231307983
Sample 28,TimesFM,0.45933690667152405
Sample 29,Moirai,0.519775390625
Sample 29,Chronos,0.4802245795726776
Sample 30,Moirai,0.5252376794815063
Sample 30,Time-MoE,0.47476229071617126
Sample 31,Chronos,0.5147756934165955
Sample 31,TimesFM,0.48522427678108215
Sample 0,Moirai,0.5724984407424927
Sample 0,Time-MoE,0.4275015890598297
Sample 1,Moirai,0.5233111381530762
Sample 1,Timer,0.47668886184692383
Sample 2,Moirai,0.5089644193649292
Sample 2,Time-MoE,0.4910355508327484
Sample 3,Moirai,0.5188713669776917
Sample 3,Chronos,0.48112866282463074
Sample 4,Chronos,0.5049792528152466
Sample 4,TimesFM,0.4950207471847534
Sample 5,Moirai,0.5474780201911926
Sample 5,Timer,0.452521950006485
Sample 6,Moirai,0.5157433748245239
Sample 6,Chronos,0.48425668478012085
Sample 7,Chronos,0.5135853290557861
Sample 7,TimesFM,0.48641470074653625
Sample 8,Time-MoE,0.5050671100616455
Sample 8,Moirai,0.4949328899383545
Sample 9,Moirai,0.5319746732711792
Sample 9,Timer,0.4680252969264984
Sample 10,Moirai,0.5025849342346191
Sample 10,TimesFM,0.49741509556770325
Sample 11,Moirai,0.5208356976509094
Sample 11,Timer,0.47916433215141296
Sample 12,Moirai,0.5070384740829468
Sample 12,Chronos,0.49296149611473083
Sample 13,Moirai,0.5424535274505615
Sample 13,Timer,0.4575464129447937
Sample 14,Moirai,0.5395563244819641
Sample 14,Timer,0.4604436755180359
Sample 15,Chronos,0.5159096717834473
Sample 15,Time-MoE,0.48409032821655273
Sample 0,Time-MoE,0.5009393095970154
Sample 0,Moirai,0.4990606904029846
Sample 1,Moirai,0.5202566385269165
Sample 1,Timer,0.4797433316707611
Sample 2,Chronos,0.5215134620666504
Sample 2,TimesFM,0.4784865081310272
Sample 3,Moirai,0.5278971195220947
Sample 3,Timer,0.4721028804779053
Sample 4,Moirai,0.5333843231201172
Sample 4,Chronos,0.4666156768798828
Sample 5,Moirai,0.5348544120788574
Sample 5,Timer,0.46514561772346497
Sample 6,Moirai,0.5179094076156616
Sample 6,Chronos,0.4820905923843384
Sample 7,Chronos,0.5176665782928467
Sample 7,Time-MoE,0.4823334217071533
Sample 8,Moirai,0.5240831971168518
Sample 8,Time-MoE,0.4759167730808258
Sample 9,Moirai,0.5206306576728821
Sample 9,Timer,0.4793693423271179
Sample 10,Moirai,0.532500147819519
Sample 10,Time-MoE,0.46749982237815857
Sample 11,Moirai,0.5345936417579651
Sample 11,Timer,0.4654063582420349
Sample 12,Chronos,0.5045230388641357
Sample 12,Time-MoE,0.49547696113586426
Sample 13,Moirai,0.5394979119300842
Sample 13,Timer,0.460502028465271
Sample 14,Moirai,0.53404301404953
Sample 14,Timer,0.4659569561481476
Sample 15,Chronos,0.5207394361495972
Sample 15,Time-MoE,0.47926053404808044
Sample 16,Moirai,0.5115407705307007
Sample 16,Time-MoE,0.4884592294692993
Sample 17,Moirai,0.5387662053108215
Sample 17,Timer,0.46123379468917847
Sample 18,Chronos,0.5011000037193298
Sample 18,Moirai,0.49889999628067017
Sample 19,Moirai,0.5249293446540833
Sample 19,Timer,0.47507065534591675
Sample 20,Moirai,0.5325701236724854
Sample 20,Chronos,0.46742984652519226
Sample 21,Moirai,0.521032989025116
Sample 21,Timer,0.47896701097488403
Sample 22,Chronos,0.5050992965698242
Sample 22,Timer,0.4949007034301758
Sample 23,Chronos,0.5088839530944824
Sample 23,Time-MoE,0.49111607670783997
Sample 24,Time-MoE,0.5043704509735107
Sample 24,Chronos,0.4956294894218445
Sample 25,Moirai,0.5246764421463013
Sample 25,Timer,0.4753235876560211
Sample 26,Moirai,0.5244916081428528
Sample 26,Chronos,0.4755083918571472
Sample 27,Moirai,0.5323361754417419
Sample 27,Chronos,0.46766385436058044
Sample 28,Chronos,0.520919680595398
Sample 28,TimesFM,0.47908031940460205
Sample 29,Moirai,0.544255793094635
Sample 29,Timer,0.4557441771030426
Sample 30,Moirai,0.5532307624816895
Sample 30,Timer,0.44676926732063293
Sample 31,Chronos,0.5155428051948547
Sample 31,TimesFM,0.48445719480514526
Sample 0,Chronos,0.5002848505973816
Sample 0,Time-MoE,0.4997151494026184
Sample 1,Moirai,0.5445391535758972
Sample 1,Timer,0.45546090602874756
Sample 2,Chronos,0.5048516392707825
Sample 2,Time-MoE,0.4951483905315399
Sample 3,Moirai,0.5185978412628174
Sample 3,Chronos,0.481402188539505
Sample 4,Chronos,0.5159648060798645
Sample 4,TimesFM,0.4840352237224579
Sample 5,Moirai,0.5440227389335632
Sample 5,Timer,0.45597726106643677
Sample 6,Moirai,0.5055527091026306
Sample 6,Chronos,0.4944473206996918
Sample 7,Chronos,0.5124453902244568
Sample 7,Time-MoE,0.4875546395778656
Sample 8,Moirai,0.5713199377059937
Sample 8,Time-MoE,0.42868006229400635
Sample 9,Moirai,0.5371488332748413
Sample 9,Timer,0.4628511667251587
Sample 10,Moirai,0.5201168656349182
Sample 10,Chronos,0.4798831045627594
Sample 11,Chronos,0.5114791989326477
Sample 11,TimesFM,0.4885207414627075
Sample 12,Chronos,0.5078458189964294
Sample 12,Time-MoE,0.49215424060821533
Sample 13,Moirai,0.5413904190063477
Sample 13,Timer,0.45860958099365234
Sample 14,Moirai,0.5133715271949768
Sample 14,Chronos,0.4866285026073456
Sample 15,Chronos,0.5082695484161377
Sample 15,Time-MoE,0.4917304515838623
Sample 16,Moirai,0.5211969017982483
Sample 16,Time-MoE,0.4788031280040741
Sample 17,Moirai,0.540412425994873
Sample 17,Timer,0.45958754420280457
Sample 18,Chronos,0.5057225227355957
Sample 18,TimesFM,0.4942774772644043
Sample 19,Moirai,0.5277557373046875
Sample 19,Timer,0.4722442030906677
Sample 20,Moirai,0.5506561994552612
Sample 20,Chronos,0.44934383034706116
Sample 21,Moirai,0.5446914434432983
Sample 21,Timer,0.4553084969520569
Sample 22,Moirai,0.5092912912368774
Sample 22,Chronos,0.49070870876312256
Sample 23,Chronos,0.524932861328125
Sample 23,TimesFM,0.4750671088695526
Sample 24,Moirai,0.5753090381622314
Sample 24,Time-MoE,0.42469096183776855
Sample 25,Moirai,0.5139907002449036
Sample 25,Timer,0.48600929975509644
Sample 26,Moirai,0.5289052724838257
Sample 26,TimesFM,0.4710947573184967
Sample 27,Moirai,0.5225282311439514
Sample 27,Timer,0.4774717092514038
Sample 28,Chronos,0.5197930932044983
Sample 28,Time-MoE,0.4802069067955017
Sample 29,Moirai,0.5339296460151672
Sample 29,Timer,0.4660703241825104
Sample 30,Moirai,0.5287757515907288
Sample 30,Timer,0.47122424840927124
Sample 31,Chronos,0.5175183415412903
Sample 31,TimesFM,0.4824816584587097
Sample 0,Time-MoE,0.5011632442474365
Sample 0,Moirai,0.4988367557525635
Sample 1,Moirai,0.5371747612953186
Sample 1,Timer,0.4628252685070038
Sample 2,Moirai,0.532375156879425
Sample 2,TimesFM,0.46762484312057495
Sample 3,Moirai,0.5221397280693054
Sample 3,Chronos,0.4778602421283722
Sample 4,Chronos,0.5074535012245178
Sample 4,Moirai,0.49254652857780457
Sample 5,Moirai,0.539057731628418
Sample 5,Timer,0.46094226837158203
Sample 6,Chronos,0.5143669247627258
Sample 6,TimesFM,0.4856330454349518
Sample 7,Chronos,0.5124221444129944
Sample 7,TimesFM,0.4875778257846832
Sample 8,Time-MoE,0.505218505859375
Sample 8,Chronos,0.494781494140625
Sample 9,Moirai,0.5236244201660156
Sample 9,Timer,0.4763755798339844
Sample 10,Moirai,0.5148890614509583
Sample 10,Timer,0.48511093854904175
Sample 11,Chronos,0.505914568901062
Sample 11,Timer,0.4940854012966156
Sample 12,Chronos,0.5253182649612427
Sample 12,TimesFM,0.47468167543411255
Sample 13,Moirai,0.534014880657196
Sample 13,Timer,0.46598514914512634
Sample 14,Moirai,0.5324569940567017
Sample 14,Chronos,0.46754294633865356
Sample 15,Chronos,0.5157560706138611
Sample 15,Time-MoE,0.4842439293861389
Sample 16,Moirai,0.5747122764587402
Sample 16,TimesFM,0.42528772354125977
Sample 17,Moirai,0.5094483494758606
Sample 17,Chronos,0.4905516803264618
Sample 18,Chronos,0.507747232913971
Sample 18,Time-MoE,0.49225276708602905
Sample 19,Moirai,0.5353626012802124
Sample 19,Chronos,0.46463742852211
Sample 20,Chronos,0.5199069976806641
Sample 20,Time-MoE,0.48009300231933594
Sample 21,Moirai,0.533043622970581
Sample 21,Timer,0.46695631742477417
Sample 22,Moirai,0.5290787816047668
Sample 22,Chronos,0.47092121839523315
Sample 23,Chronos,0.5153151154518127
Sample 23,TimesFM,0.48468488454818726
Sample 24,Chronos,0.5013208389282227
Sample 24,Time-MoE,0.49867916107177734
Sample 25,Moirai,0.5215006470680237
Sample 25,Timer,0.47849932312965393
Sample 26,Moirai,0.5070140957832336
Sample 26,Time-MoE,0.49298587441444397
Sample 27,Moirai,0.5104125738143921
Sample 27,Chronos,0.4895874559879303
Sample 28,Chronos,0.521795928478241
Sample 28,TimesFM,0.4782041013240814
Sample 29,Moirai,0.5247861742973328
Sample 29,Timer,0.47521382570266724
Sample 30,Moirai,0.529564619064331
Sample 30,Timer,0.47043538093566895
Sample 31,Chronos,0.5215939283370972
Sample 31,TimesFM,0.47840607166290283
Sample 0,Time-MoE,0.5030761957168579
Sample 0,Chronos,0.4969238340854645
Sample 1,Moirai,0.5324445366859436
Sample 1,Timer,0.4675554633140564
Sample 2,Chronos,0.5028995275497437
Sample 2,Time-MoE,0.49710047245025635
Sample 3,Moirai,0.5311477780342102
Sample 3,Timer,0.4688522517681122
Sample 4,Chronos,0.5019642114639282
Sample 4,Moirai,0.4980357587337494
Sample 5,Chronos,0.5084483623504639
Sample 5,Time-MoE,0.4915516674518585
Sample 6,Moirai,0.5009588599205017
Sample 6,Time-MoE,0.4990411400794983
Sample 7,Chronos,0.5104902982711792
Sample 7,TimesFM,0.4895097613334656
Sample 8,Time-MoE,0.5083080530166626
Sample 8,Chronos,0.4916919469833374
Sample 9,Moirai,0.5324764847755432
Sample 9,Timer,0.4675235450267792
Sample 10,Chronos,0.5068982839584351
Sample 10,Timer,0.49310171604156494
Sample 11,Moirai,0.5220889449119568
Sample 11,Timer,0.4779110550880432
Sample 12,Chronos,0.518298327922821
Sample 12,Time-MoE,0.48170164227485657
Sample 13,Moirai,0.525473952293396
Sample 13,Timer,0.4745260775089264
Sample 14,Moirai,0.5216450691223145
Sample 14,Timer,0.47835496068000793
Sample 15,Chronos,0.5156023502349854
Sample 15,Time-MoE,0.48439767956733704
Sample 16,Time-MoE,0.5068674683570862
Sample 16,Chronos,0.4931325316429138
Sample 17,Chronos,0.5038915276527405
Sample 17,Moirai,0.4961085021495819
Sample 18,Chronos,0.5030738711357117
Sample 18,Time-MoE,0.49692612886428833
Sample 19,Moirai,0.5094655752182007
Sample 19,Timer,0.4905344545841217
Sample 20,Chronos,0.5221429467201233
Sample 20,TimesFM,0.4778570532798767
Sample 21,Moirai,0.5332600474357605
Sample 21,Timer,0.4667400121688843
Sample 22,Moirai,0.5369557738304138
Sample 22,TimesFM,0.4630441963672638
Sample 23,Chronos,0.5162816643714905
Sample 23,TimesFM,0.4837183356285095
Sample 24,Chronos,0.5001250505447388
Sample 24,Time-MoE,0.49987494945526123
Sample 25,Moirai,0.524849534034729
Sample 25,Timer,0.475150465965271
Sample 26,Chronos,0.5107534527778625
Sample 26,Time-MoE,0.48924651741981506
Sample 27,Moirai,0.5207289457321167
Sample 27,Timer,0.4792710244655609
Sample 28,Chronos,0.5126354694366455
Sample 28,Time-MoE,0.4873645305633545
Sample 29,Moirai,0.5198312997817993
Sample 29,Timer,0.4801686704158783
Sample 30,Moirai,0.5463334321975708
Sample 30,Timer,0.4536665678024292
Sample 31,Chronos,0.5146297216415405
Sample 31,Time-MoE,0.4853702783584595
Sample 0,Time-MoE,0.50673508644104
Sample 0,Moirai,0.4932648837566376
Sample 1,Moirai,0.5355748534202576
Sample 1,Timer,0.4644251763820648
Sample 2,Moirai,0.5093684196472168
Sample 2,Chronos,0.4906315505504608
Sample 3,Moirai,0.5275053977966309
Sample 3,Timer,0.47249460220336914
Sample 4,Moirai,0.5117658376693726
Sample 4,Chronos,0.48823413252830505
Sample 5,Moirai,0.528728187084198
Sample 5,Timer,0.4712718427181244
Sample 6,Moirai,0.5522419214248657
Sample 6,TimesFM,0.4477580785751343
Sample 7,Chronos,0.5092954039573669
Sample 7,TimesFM,0.4907045364379883
Sample 8,Moirai,0.5483679175376892
Sample 8,Time-MoE,0.4516320526599884
Sample 9,Moirai,0.5295307636260986
Sample 9,Timer,0.470469206571579
Sample 10,Moirai,0.5065025091171265
Sample 10,Chronos,0.49349749088287354
Sample 11,Moirai,0.5058990120887756
Sample 11,Chronos,0.49410101771354675
Sample 12,Chronos,0.5025989413261414
Sample 12,Moirai,0.49740105867385864
Sample 13,Moirai,0.5333702564239502
Sample 13,Timer,0.4666297733783722
Sample 14,Moirai,0.522055447101593
Sample 14,Chronos,0.4779445230960846
Sample 15,Chronos,0.5079779624938965
Sample 15,TimesFM,0.4920220673084259
Sample 16,Moirai,0.5225564241409302
Sample 16,Time-MoE,0.47744354605674744
Sample 17,Moirai,0.5285695195198059
Sample 17,Timer,0.4714304804801941
Sample 18,Moirai,0.5419889092445374
Sample 18,Chronos,0.45801112055778503
Sample 19,Moirai,0.5073754191398621
Sample 19,Chronos,0.49262458086013794
Sample 20,Chronos,0.5262258648872375
Sample 20,TimesFM,0.4737740755081177
Sample 21,Moirai,0.5394638776779175
Sample 21,Timer,0.46053609251976013
Sample 22,Moirai,0.5479478240013123
Sample 22,Timer,0.45205220580101013
Sample 23,Chronos,0.5160017013549805
Sample 23,TimesFM,0.48399829864501953
Sample 24,Time-MoE,0.5051898956298828
Sample 24,Moirai,0.4948101043701172
Sample 25,Moirai,0.5217379331588745
Sample 25,Timer,0.4782620966434479
Sample 26,Moirai,0.5110241174697876
Sample 26,Chronos,0.48897585272789
Sample 27,Moirai,0.5195224285125732
Sample 27,Timer,0.48047754168510437
Sample 28,Chronos,0.5097928643226624
Sample 28,Time-MoE,0.49020710587501526
Sample 29,Moirai,0.5144111514091492
Sample 29,Chronos,0.48558881878852844
Sample 30,Moirai,0.5530937314033508
Sample 30,Chronos,0.44690626859664917
Sample 31,Chronos,0.5091346502304077
Sample 31,TimesFM,0.4908653795719147
Sample 0,Time-MoE,0.5036538243293762
Sample 0,Chronos,0.49634623527526855
Sample 1,Moirai,0.5304943323135376
Sample 1,Timer,0.46950563788414
Sample 2,Moirai,0.5032594799995422
Sample 2,Chronos,0.49674054980278015
Sample 3,Moirai,0.5365729331970215
Sample 3,Timer,0.4634271264076233
Sample 4,Chronos,0.5205268263816833
Sample 4,Time-MoE,0.47947317361831665
Sample 5,Moirai,0.5415602922439575
Sample 5,Timer,0.4584397077560425
Sample 6,Moirai,0.5360299944877625
Sample 6,Time-MoE,0.46396997570991516
Sample 7,Chronos,0.5109828114509583
Sample 7,TimesFM,0.489017128944397
Sample 8,Moirai,0.5042086243629456
Sample 8,Time-MoE,0.49579131603240967
Sample 9,Moirai,0.5386197566986084
Sample 9,Timer,0.4613803029060364
Sample 10,Moirai,0.5238728523254395
Sample 10,TimesFM,0.47612714767456055
Sample 11,Moirai,0.5207647085189819
Sample 11,Chronos,0.47923529148101807
Sample 12,Chronos,0.504112958908081
Sample 12,Time-MoE,0.49588701128959656
Sample 13,Chronos,0.5100194215774536
Sample 13,TimesFM,0.4899805784225464
Sample 14,Chronos,0.5078344941139221
Sample 14,TimesFM,0.4921655058860779
Sample 15,Chronos,0.5053326487541199
Sample 15,Time-MoE,0.4946673512458801
Sample 16,Time-MoE,0.5008953213691711
Sample 16,Chronos,0.49910464882850647
Sample 17,Moirai,0.5402280688285828
Sample 17,Timer,0.45977193117141724
Sample 18,Chronos,0.5124791860580444
Sample 18,TimesFM,0.48752084374427795
Sample 19,Moirai,0.5320701003074646
Sample 19,Timer,0.4679298400878906
Sample 20,Moirai,0.5308639407157898
Sample 20,Timer,0.4691360890865326
Sample 21,Moirai,0.5361976027488708
Sample 21,Timer,0.46380242705345154
Sample 22,Moirai,0.5133845806121826
Sample 22,Chronos,0.486615389585495
Sample 23,Chronos,0.5158219933509827
Sample 23,Time-MoE,0.48417800664901733
Sample 24,Moirai,0.5308511853218079
Sample 24,Time-MoE,0.46914878487586975
Sample 25,Moirai,0.5346707701683044
Sample 25,Timer,0.46532920002937317
Sample 26,Moirai,0.5022484660148621
Sample 26,Chronos,0.49775153398513794
Sample 27,Moirai,0.5442042946815491
Sample 27,Timer,0.4557957053184509
Sample 28,Moirai,0.5447874665260315
Sample 28,Timer,0.4552125334739685
Sample 29,Moirai,0.5205699801445007
Sample 29,Timer,0.47943001985549927
Sample 30,Moirai,0.5271019339561462
Sample 30,Time-MoE,0.47289806604385376
Sample 31,Chronos,0.5160307288169861
Sample 31,TimesFM,0.48396924138069153
Sample 0,Moirai,0.5778549313545227
Sample 0,Timer,0.4221450388431549
Sample 1,Moirai,0.523540198802948
Sample 1,Timer,0.4764598309993744
Sample 2,Moirai,0.5089757442474365
Sample 2,Time-MoE,0.49102428555488586
Sample 3,Moirai,0.5193118453025818
Sample 3,Chronos,0.4806881844997406
Sample 4,Chronos,0.5054471492767334
Sample 4,TimesFM,0.4945528209209442
Sample 5,Moirai,0.5500266551971436
Sample 5,Timer,0.44997337460517883
Sample 6,Moirai,0.5163031220436096
Sample 6,Chronos,0.483696848154068
Sample 7,Chronos,0.5150103569030762
Sample 7,TimesFM,0.4849896728992462
Sample 8,Time-MoE,0.5057476162910461
Sample 8,Moirai,0.49425241351127625
Sample 9,Moirai,0.5328723192214966
Sample 9,Timer,0.4671277105808258
Sample 10,Moirai,0.5010592341423035
Sample 10,TimesFM,0.49894076585769653
Sample 11,Moirai,0.5211641192436218
Sample 11,Timer,0.4788358509540558
Sample 12,Moirai,0.5065452456474304
Sample 12,Chronos,0.4934547245502472
Sample 13,Moirai,0.5444951057434082
Sample 13,Timer,0.4555048644542694
Sample 14,Moirai,0.5412908792495728
Sample 14,Timer,0.45870906114578247
Sample 15,Chronos,0.5175681114196777
Sample 15,Time-MoE,0.48243194818496704
Sample 0,Time-MoE,0.5014600157737732
Sample 0,Moirai,0.4985399544239044
Sample 1,Moirai,0.5197926759719849
Sample 1,Timer,0.48020732402801514
Sample 2,Chronos,0.5234281420707703
Sample 2,TimesFM,0.47657182812690735
Sample 3,Moirai,0.5284534692764282
Sample 3,Timer,0.47154656052589417
Sample 4,Moirai,0.5360502004623413
Sample 4,Timer,0.4639498293399811
Sample 5,Moirai,0.535606324672699
Sample 5,Timer,0.4643937051296234
Sample 6,Moirai,0.5182254314422607
Sample 6,Chronos,0.48177459836006165
Sample 7,Chronos,0.5193729400634766
Sample 7,Time-MoE,0.4806270897388458
Sample 8,Moirai,0.5257642269134521
Sample 8,Time-MoE,0.47423580288887024
Sample 9,Moirai,0.5202553868293762
Sample 9,Timer,0.47974467277526855
Sample 10,Moirai,0.5339221954345703
Sample 10,Time-MoE,0.4660778045654297
Sample 11,Moirai,0.5356219410896301
Sample 11,Timer,0.4643780589103699
Sample 12,Chronos,0.5049059987068176
Sample 12,Time-MoE,0.49509403109550476
Sample 13,Moirai,0.5407252907752991
Sample 13,Timer,0.45927467942237854
Sample 14,Moirai,0.5347726941108704
Sample 14,Timer,0.46522730588912964
Sample 15,Chronos,0.5225857496261597
Sample 15,Time-MoE,0.4774142801761627
Sample 16,Moirai,0.5123356580734253
Sample 16,Time-MoE,0.4876643121242523
Sample 17,Moirai,0.539741575717926
Sample 17,Timer,0.460258424282074
Sample 18,Chronos,0.5015552639961243
Sample 18,Moirai,0.4984447658061981
Sample 19,Moirai,0.5251472592353821
Sample 19,Timer,0.47485271096229553
Sample 20,Moirai,0.5350912809371948
Sample 20,Chronos,0.46490874886512756
Sample 21,Moirai,0.5212666988372803
Sample 21,Timer,0.4787333607673645
Sample 22,Chronos,0.5052667260169983
Sample 22,Timer,0.4947332739830017
Sample 23,Chronos,0.5096569061279297
Sample 23,Time-MoE,0.4903430640697479
Sample 24,Time-MoE,0.504599392414093
Sample 24,Chronos,0.495400607585907
Sample 25,Moirai,0.5245146155357361
Sample 25,Timer,0.4754854142665863
Sample 26,Moirai,0.5252501964569092
Sample 26,Chronos,0.4747498333454132
Sample 27,Moirai,0.5343817472457886
Sample 27,Chronos,0.46561822295188904
Sample 28,Chronos,0.5225213766098022
Sample 28,TimesFM,0.47747868299484253
Sample 29,Moirai,0.5457452535629272
Sample 29,Timer,0.45425471663475037
Sample 30,Moirai,0.5557557940483093
Sample 30,Timer,0.44424423575401306
Sample 31,Chronos,0.5170376896858215
Sample 31,TimesFM,0.48296231031417847
Sample 0,Chronos,0.5004016160964966
Sample 0,Time-MoE,0.49959832429885864
Sample 1,Moirai,0.545646607875824
Sample 1,Timer,0.454353392124176
Sample 2,Chronos,0.5052242875099182
Sample 2,Time-MoE,0.4947757124900818
Sample 3,Moirai,0.5186198353767395
Sample 3,Chronos,0.4813802242279053
Sample 4,Chronos,0.5173056125640869
Sample 4,TimesFM,0.4826944172382355
Sample 5,Moirai,0.5452712178230286
Sample 5,Timer,0.4547288119792938
Sample 6,Moirai,0.5050017237663269
Sample 6,Chronos,0.4949982464313507
Sample 7,Chronos,0.5138014554977417
Sample 7,Time-MoE,0.4861985146999359
Sample 8,Moirai,0.577298641204834
Sample 8,Time-MoE,0.422701358795166
Sample 9,Moirai,0.537872850894928
Sample 9,Timer,0.4621271789073944
Sample 10,Moirai,0.5208801627159119
Sample 10,Chronos,0.47911983728408813
Sample 11,Chronos,0.5124083757400513
Sample 11,TimesFM,0.48759162425994873
Sample 12,Chronos,0.5084167122840881
Sample 12,Time-MoE,0.49158328771591187
Sample 13,Moirai,0.5424899458885193
Sample 13,Timer,0.45750999450683594
Sample 14,Moirai,0.51292884349823
Sample 14,Chronos,0.48707115650177
Sample 15,Chronos,0.5089488625526428
Sample 15,Time-MoE,0.4910511374473572
Sample 16,Moirai,0.522793173789978
Sample 16,Time-MoE,0.4772067964076996
Sample 17,Moirai,0.5411269068717957
Sample 17,Timer,0.45887306332588196
Sample 18,Chronos,0.5062143206596375
Sample 18,TimesFM,0.49378567934036255
Sample 19,Moirai,0.5279309153556824
Sample 19,Timer,0.47206911444664
Sample 20,Moirai,0.5531296133995056
Sample 20,Timer,0.4468704164028168
Sample 21,Moirai,0.5459901094436646
Sample 21,Timer,0.45400989055633545
Sample 22,Moirai,0.5090418457984924
Sample 22,Chronos,0.49095815420150757
Sample 23,Chronos,0.5273606777191162
Sample 23,TimesFM,0.4726393222808838
Sample 24,Moirai,0.5816261768341064
Sample 24,Timer,0.41837379336357117
Sample 25,Moirai,0.5128457546234131
Sample 25,Timer,0.48715418577194214
Sample 26,Moirai,0.5300107002258301
Sample 26,TimesFM,0.46998924016952515
Sample 27,Moirai,0.5224935412406921
Sample 27,Timer,0.47750645875930786
Sample 28,Chronos,0.5212181806564331
Sample 28,Time-MoE,0.4787818193435669
Sample 29,Moirai,0.5343984365463257
Sample 29,Timer,0.4656015634536743
Sample 30,Moirai,0.5286726951599121
Sample 30,Timer,0.4713272750377655
Sample 31,Chronos,0.5193842053413391
Sample 31,Time-MoE,0.4806157946586609
Sample 0,Time-MoE,0.5033583641052246
Sample 0,Moirai,0.4966416358947754
Sample 1,Moirai,0.5378429293632507
Sample 1,Timer,0.46215707063674927
Sample 2,Moirai,0.5341887474060059
Sample 2,TimesFM,0.4658113121986389
Sample 3,Moirai,0.5220549702644348
Sample 3,Chronos,0.4779450595378876
Sample 4,Chronos,0.5087746977806091
Sample 4,Time-MoE,0.49122530221939087
Sample 5,Moirai,0.5400262475013733
Sample 5,Timer,0.4599737823009491
Sample 6,Chronos,0.5156622529029846
Sample 6,TimesFM,0.484337717294693
Sample 7,Chronos,0.513911783695221
Sample 7,TimesFM,0.48608818650245667
Sample 8,Time-MoE,0.5052525401115417
Sample 8,Chronos,0.49474745988845825
Sample 9,Moirai,0.5233051180839539
Sample 9,Timer,0.47669491171836853
Sample 10,Moirai,0.5145412087440491
Sample 10,Timer,0.4854587912559509
Sample 11,Chronos,0.5061895847320557
Sample 11,Timer,0.49381038546562195
Sample 12,Chronos,0.5277690291404724
Sample 12,Time-MoE,0.4722309410572052
Sample 13,Moirai,0.5344665050506592
Sample 13,Timer,0.4655334949493408
Sample 14,Moirai,0.5325814485549927
Sample 14,Timer,0.4674186110496521
Sample 15,Chronos,0.5176112651824951
Sample 15,Time-MoE,0.48238876461982727
Sample 16,Moirai,0.5798837542533875
Sample 16,Timer,0.42011627554893494
Sample 17,Moirai,0.5083737969398499
Sample 17,Chronos,0.49162623286247253
Sample 18,Chronos,0.5081900954246521
Sample 18,Time-MoE,0.4918099045753479
Sample 19,Moirai,0.5368079543113708
Sample 19,Chronos,0.46319204568862915
Sample 20,Chronos,0.5213961601257324
Sample 20,Time-MoE,0.4786038398742676
Sample 21,Moirai,0.533882200717926
Sample 21,Timer,0.466117799282074
Sample 22,Moirai,0.5299943089485168
Sample 22,Chronos,0.47000572085380554
Sample 23,Chronos,0.5165793299674988
Sample 23,TimesFM,0.4834206998348236
Sample 24,Chronos,0.5018678307533264
Sample 24,Time-MoE,0.49813219904899597
Sample 25,Moirai,0.5209934711456299
Sample 25,Timer,0.47900649905204773
Sample 26,Moirai,0.5064905285835266
Sample 26,Chronos,0.493509441614151
Sample 27,Moirai,0.5098949074745178
Sample 27,Chronos,0.4901050925254822
Sample 28,Chronos,0.5241421461105347
Sample 28,TimesFM,0.47585785388946533
Sample 29,Moirai,0.5247604250907898
Sample 29,Timer,0.4752395749092102
Sample 30,Moirai,0.5296110510826111
Sample 30,Timer,0.4703889489173889
Sample 31,Chronos,0.5240702033042908
Sample 31,TimesFM,0.475929856300354
Sample 0,Time-MoE,0.5027374029159546
Sample 0,Chronos,0.4972626268863678
Sample 1,Moirai,0.5331305861473083
Sample 1,Timer,0.4668694734573364
Sample 2,Chronos,0.50348961353302
Sample 2,Time-MoE,0.49651041626930237
Sample 3,Moirai,0.5319349765777588
Sample 3,Timer,0.4680650234222412
Sample 4,Chronos,0.5034547448158264
Sample 4,Moirai,0.4965452551841736
Sample 5,Chronos,0.5091761946678162
Sample 5,Time-MoE,0.49082374572753906
Sample 6,Time-MoE,0.5001634955406189
Sample 6,Moirai,0.4998365342617035
Sample 7,Chronos,0.5115406513214111
Sample 7,TimesFM,0.48845937848091125
Sample 8,Time-MoE,0.5085781216621399
Sample 8,Chronos,0.4914218485355377
Sample 9,Moirai,0.5329539179801941
Sample 9,Timer,0.4670460820198059
Sample 10,Chronos,0.5075828433036804
Sample 10,Timer,0.49241721630096436
Sample 11,Moirai,0.5224078297615051
Sample 11,Timer,0.4775921702384949
Sample 12,Chronos,0.5201329588890076
Sample 12,Time-MoE,0.47986704111099243
Sample 13,Moirai,0.5255712866783142
Sample 13,Timer,0.4744287133216858
Sample 14,Moirai,0.5218448638916016
Sample 14,Timer,0.47815510630607605
Sample 15,Chronos,0.5169681310653687
Sample 15,Time-MoE,0.48303183913230896
Sample 16,Time-MoE,0.5069646835327148
Sample 16,Chronos,0.49303528666496277
Sample 17,Chronos,0.5043528079986572
Sample 17,Timer,0.4956471920013428
Sample 18,Chronos,0.5035843849182129
Sample 18,Time-MoE,0.4964156448841095
Sample 19,Moirai,0.5094706416130066
Sample 19,Timer,0.4905293881893158
Sample 20,Chronos,0.5247073173522949
Sample 20,TimesFM,0.47529271245002747
Sample 21,Moirai,0.5338338017463684
Sample 21,Timer,0.4661661982536316
Sample 22,Moirai,0.5389649868011475
Sample 22,TimesFM,0.46103501319885254
Sample 23,Chronos,0.5183995366096497
Sample 23,TimesFM,0.48160046339035034
Sample 24,Chronos,0.500618040561676
Sample 24,Time-MoE,0.4993819296360016
Sample 25,Moirai,0.5247791409492493
Sample 25,Timer,0.47522085905075073
Sample 26,Chronos,0.5122331976890564
Sample 26,Time-MoE,0.4877668619155884
Sample 27,Moirai,0.5206393599510193
Sample 27,Timer,0.4793606400489807
Sample 28,Chronos,0.51414954662323
Sample 28,Time-MoE,0.48585042357444763
Sample 29,Moirai,0.5195854902267456
Sample 29,Timer,0.4804145395755768
Sample 30,Moirai,0.548178493976593
Sample 30,Timer,0.45182153582572937
Sample 31,Chronos,0.5166562795639038
Sample 31,Time-MoE,0.4833437204360962
Sample 0,Time-MoE,0.5088533163070679
Sample 0,Moirai,0.49114668369293213
Sample 1,Moirai,0.5367586612701416
Sample 1,Timer,0.4632413387298584
Sample 2,Moirai,0.5085954666137695
Sample 2,Chronos,0.49140453338623047
Sample 3,Moirai,0.5283482074737549
Sample 3,Timer,0.4716518223285675
Sample 4,Moirai,0.5108713507652283
Sample 4,Chronos,0.48912864923477173
Sample 5,Moirai,0.5293521881103516
Sample 5,Timer,0.47064778208732605
Sample 6,Moirai,0.554327666759491
Sample 6,TimesFM,0.4456723928451538
Sample 7,Chronos,0.5106443166732788
Sample 7,TimesFM,0.4893556833267212
Sample 8,Moirai,0.550901472568512
Sample 8,Time-MoE,0.44909852743148804
Sample 9,Moirai,0.5300896763801575
Sample 9,Timer,0.46991029381752014
Sample 10,Moirai,0.5057361721992493
Sample 10,Chronos,0.4942638576030731
Sample 11,Moirai,0.5037122368812561
Sample 11,Chronos,0.4962877929210663
Sample 12,Chronos,0.504636824131012
Sample 12,Moirai,0.49536314606666565
Sample 13,Moirai,0.535173237323761
Sample 13,Timer,0.4648267328739166
Sample 14,Moirai,0.5218733549118042
Sample 14,Chronos,0.4781266748905182
Sample 15,Chronos,0.5083786845207214
Sample 15,TimesFM,0.49162131547927856
Sample 16,Moirai,0.5229393243789673
Sample 16,Time-MoE,0.4770607054233551
Sample 17,Moirai,0.5291239023208618
Sample 17,Timer,0.4708760380744934
Sample 18,Moirai,0.5445772409439087
Sample 18,Chronos,0.4554227888584137
Sample 19,Moirai,0.5063120722770691
Sample 19,Chronos,0.4936879575252533
Sample 20,Chronos,0.5291013717651367
Sample 20,Time-MoE,0.47089865803718567
Sample 21,Moirai,0.5412094593048096
Sample 21,Timer,0.45879054069519043
Sample 22,Moirai,0.5504772067070007
Sample 22,Timer,0.4495227634906769
Sample 23,Chronos,0.5179665088653564
Sample 23,TimesFM,0.48203349113464355
Sample 24,Time-MoE,0.5072058439254761
Sample 24,Moirai,0.4927941560745239
Sample 25,Moirai,0.5214531421661377
Sample 25,Chronos,0.4785468578338623
Sample 26,Moirai,0.510772705078125
Sample 26,Chronos,0.4892272651195526
Sample 27,Moirai,0.5194335579872131
Sample 27,Chronos,0.48056647181510925
Sample 28,Chronos,0.5108858346939087
Sample 28,Time-MoE,0.4891142249107361
Sample 29,Moirai,0.5140746831893921
Sample 29,Chronos,0.4859253168106079
Sample 30,Moirai,0.5553693175315857
Sample 30,Chronos,0.4446307122707367
Sample 31,Chronos,0.5106740593910217
Sample 31,TimesFM,0.48932597041130066
Sample 0,Time-MoE,0.5030728578567505
Sample 0,Chronos,0.4969271123409271
Sample 1,Moirai,0.5314474701881409
Sample 1,Timer,0.46855250000953674
Sample 2,Moirai,0.5030111074447632
Sample 2,Chronos,0.49698883295059204
Sample 3,Moirai,0.5381012558937073
Sample 3,Chronos,0.4618987739086151
Sample 4,Chronos,0.5230087041854858
Sample 4,Time-MoE,0.4769912362098694
Sample 5,Moirai,0.5438098311424255
Sample 5,Timer,0.4561901390552521
Sample 6,Moirai,0.5377703905105591
Sample 6,Chronos,0.46222957968711853
Sample 7,Chronos,0.5123668313026428
Sample 7,TimesFM,0.4876331388950348
Sample 8,Moirai,0.5027186274528503
Sample 8,Time-MoE,0.49728143215179443
Sample 9,Moirai,0.5405669212341309
Sample 9,Timer,0.45943307876586914
Sample 10,Moirai,0.5245211124420166
Sample 10,TimesFM,0.4754788875579834
Sample 11,Moirai,0.5202282667160034
Sample 11,Chronos,0.4797717332839966
Sample 12,Chronos,0.5044757723808289
Sample 12,Time-MoE,0.49552425742149353
Sample 13,Chronos,0.511001467704773
Sample 13,TimesFM,0.48899853229522705
Sample 14,Chronos,0.5086408257484436
Sample 14,Time-MoE,0.49135923385620117
Sample 15,Chronos,0.5060986876487732
Sample 15,Time-MoE,0.4939013123512268
Sample 16,Time-MoE,0.5000041127204895
Sample 16,Chronos,0.4999958574771881
Sample 17,Moirai,0.5422258377075195
Sample 17,Timer,0.45777416229248047
Sample 18,Chronos,0.5143807530403137
Sample 18,TimesFM,0.48561927676200867
Sample 19,Moirai,0.5334810614585876
Sample 19,Timer,0.4665188789367676
Sample 20,Moirai,0.5323152542114258
Sample 20,Timer,0.46768471598625183
Sample 21,Moirai,0.5379267334938049
Sample 21,Timer,0.46207329630851746
Sample 22,Moirai,0.5124748349189758
Sample 22,Chronos,0.48752516508102417
Sample 23,Chronos,0.5181228518486023
Sample 23,Time-MoE,0.4818771481513977
Sample 24,Moirai,0.5313703417778015
Sample 24,Time-MoE,0.4686296582221985
Sample 25,Moirai,0.5361434817314148
Sample 25,Timer,0.4638565182685852
Sample 26,Moirai,0.5018190145492554
Sample 26,Chronos,0.498181015253067
Sample 27,Moirai,0.5467267632484436
Sample 27,Timer,0.4532732665538788
Sample 28,Moirai,0.547720193862915
Sample 28,TimesFM,0.45227980613708496
Sample 29,Moirai,0.5200296640396118
Sample 29,Chronos,0.47997036576271057
Sample 30,Moirai,0.5274671912193298
Sample 30,Time-MoE,0.47253280878067017
Sample 31,Chronos,0.5174663662910461
Sample 31,TimesFM,0.48253366351127625
Sample 0,Moirai,0.5837363004684448
Sample 0,TimesFM,0.4162636995315552
Sample 1,Moirai,0.5240676999092102
Sample 1,Timer,0.4759322702884674
Sample 2,Moirai,0.5081174373626709
Sample 2,Time-MoE,0.4918825626373291
Sample 3,Moirai,0.5189008712768555
Sample 3,Chronos,0.48109912872314453
Sample 4,Chronos,0.5060709714889526
Sample 4,TimesFM,0.493928998708725
Sample 5,Moirai,0.5537233948707581
Sample 5,Timer,0.44627657532691956
Sample 6,Moirai,0.5156742334365845
Sample 6,Chronos,0.4843257963657379
Sample 7,Chronos,0.5168514847755432
Sample 7,TimesFM,0.4831484854221344
Sample 8,Time-MoE,0.5079618096351624
Sample 8,Chronos,0.49203822016716003
Sample 9,Moirai,0.5344255566596985
Sample 9,Timer,0.46557438373565674
Sample 10,Moirai,0.5003306865692139
Sample 10,TimesFM,0.4996693432331085
Sample 11,Moirai,0.5212515592575073
Sample 11,Chronos,0.4787484407424927
Sample 12,Moirai,0.5039929151535034
Sample 12,Chronos,0.49600711464881897
Sample 13,Moirai,0.5476453900337219
Sample 13,Timer,0.4523545801639557
Sample 14,Moirai,0.5438786149024963
Sample 14,Timer,0.45612138509750366
Sample 15,Chronos,0.5202335119247437
Sample 15,Time-MoE,0.47976651787757874
Sample 0,Time-MoE,0.503216028213501
Sample 0,Moirai,0.4967840015888214
Sample 1,Moirai,0.5201570391654968
Sample 1,Timer,0.47984299063682556
Sample 2,Chronos,0.5258013606071472
Sample 2,TimesFM,0.474198579788208
Sample 3,Moirai,0.5297064781188965
Sample 3,Chronos,0.4702935218811035
Sample 4,Moirai,0.5385257601737976
Sample 4,Chronos,0.46147429943084717
Sample 5,Moirai,0.53789883852005
Sample 5,Timer,0.46210116147994995
Sample 6,Moirai,0.5175643563270569
Sample 6,Chronos,0.4824356138706207
Sample 7,Chronos,0.5221835970878601
Sample 7,Time-MoE,0.4778164327144623
Sample 8,Moirai,0.52608323097229
Sample 8,Time-MoE,0.47391676902770996
Sample 9,Moirai,0.5205869674682617
Sample 9,Timer,0.4794130027294159
Sample 10,Moirai,0.5348489880561829
Sample 10,Time-MoE,0.4651510417461395
Sample 11,Moirai,0.537931501865387
Sample 11,Timer,0.46206846833229065
Sample 12,Chronos,0.5061790347099304
Sample 12,Time-MoE,0.4938209056854248
Sample 13,Moirai,0.5435373187065125
Sample 13,Timer,0.45646265149116516
Sample 14,Moirai,0.5363975167274475
Sample 14,Chronos,0.4636024534702301
Sample 15,Chronos,0.5256739258766174
Sample 15,Time-MoE,0.47432610392570496
Sample 16,Moirai,0.5121954679489136
Sample 16,Time-MoE,0.4878045916557312
Sample 17,Moirai,0.5423414707183838
Sample 17,Timer,0.4576584994792938
Sample 18,Chronos,0.5027350187301636
Sample 18,Moirai,0.4972649812698364
Sample 19,Moirai,0.5263503193855286
Sample 19,Timer,0.47364965081214905
Sample 20,Moirai,0.5373079776763916
Sample 20,Chronos,0.462691992521286
Sample 21,Moirai,0.5224159359931946
Sample 21,Timer,0.47758403420448303
Sample 22,Chronos,0.5061864852905273
Sample 22,Timer,0.49381357431411743
Sample 23,Chronos,0.510856568813324
Sample 23,Time-MoE,0.489143431186676
Sample 24,Time-MoE,0.5043496489524841
Sample 24,Chronos,0.49565035104751587
Sample 25,Moirai,0.5252581238746643
Sample 25,Timer,0.4747418761253357
Sample 26,Moirai,0.5258457064628601
Sample 26,Chronos,0.47415435314178467
Sample 27,Moirai,0.5359809398651123
Sample 27,Chronos,0.4640190601348877
Sample 28,Chronos,0.5246404409408569
Sample 28,TimesFM,0.47535961866378784
Sample 29,Moirai,0.5489144921302795
Sample 29,TimesFM,0.45108553767204285
Sample 30,Moirai,0.5598547458648682
Sample 30,TimesFM,0.44014525413513184
Sample 31,Chronos,0.5186988711357117
Sample 31,TimesFM,0.48130109906196594
Sample 0,Chronos,0.501246452331543
Sample 0,Time-MoE,0.4987535774707794
Sample 1,Moirai,0.5490678548812866
Sample 1,Timer,0.4509321451187134
Sample 2,Chronos,0.5061192512512207
Sample 2,Time-MoE,0.4938806891441345
Sample 3,Moirai,0.5177210569381714
Sample 3,Chronos,0.4822790026664734
Sample 4,Chronos,0.5184230208396912
Sample 4,TimesFM,0.4815770089626312
Sample 5,Moirai,0.548739492893219
Sample 5,Timer,0.4512604773044586
Sample 6,Moirai,0.503725528717041
Sample 6,Chronos,0.496274471282959
Sample 7,Chronos,0.5158789157867432
Sample 7,Time-MoE,0.48412105441093445
Sample 8,Moirai,0.5818530321121216
Sample 8,Time-MoE,0.41814690828323364
Sample 9,Moirai,0.5403831601142883
Sample 9,Timer,0.45961686968803406
Sample 10,Moirai,0.5210984945297241
Sample 10,Chronos,0.47890153527259827
Sample 11,Chronos,0.5133828520774841
Sample 11,TimesFM,0.48661714792251587
Sample 12,Chronos,0.5094010829925537
Sample 12,Time-MoE,0.4905988872051239
Sample 13,Moirai,0.5456255078315735
Sample 13,Timer,0.4543745219707489
Sample 14,Moirai,0.511906087398529
Sample 14,Chronos,0.48809394240379333
Sample 15,Chronos,0.5099248290061951
Sample 15,Time-MoE,0.49007514119148254
Sample 16,Moirai,0.5235147476196289
Sample 16,Time-MoE,0.4764852225780487
Sample 17,Moirai,0.5438668131828308
Sample 17,Timer,0.4561331570148468
Sample 18,Chronos,0.5066373348236084
Sample 18,TimesFM,0.493362694978714
Sample 19,Moirai,0.528397262096405
Sample 19,Chronos,0.4716026782989502
Sample 20,Moirai,0.5565731525421143
Sample 20,Time-MoE,0.44342684745788574
Sample 21,Moirai,0.549507200717926
Sample 21,Timer,0.450492799282074
Sample 22,Moirai,0.5082923769950867
Sample 22,Chronos,0.49170762300491333
Sample 23,Chronos,0.5298259854316711
Sample 23,TimesFM,0.47017398476600647
Sample 24,Moirai,0.5866260528564453
Sample 24,Time-MoE,0.4133739769458771
Sample 25,Moirai,0.5124180316925049
Sample 25,Timer,0.48758193850517273
Sample 26,Moirai,0.5308322310447693
Sample 26,TimesFM,0.4691677391529083
Sample 27,Moirai,0.5234715342521667
Sample 27,Chronos,0.47652849555015564
Sample 28,Chronos,0.5240156054496765
Sample 28,Time-MoE,0.4759843945503235
Sample 29,Moirai,0.5364164710044861
Sample 29,Timer,0.4635835587978363
Sample 30,Moirai,0.5300068259239197
Sample 30,Timer,0.46999311447143555
Sample 31,Chronos,0.5214542746543884
Sample 31,TimesFM,0.4785457253456116
Sample 0,Time-MoE,0.5050910711288452
Sample 0,Moirai,0.4949089288711548
Sample 1,Moirai,0.5398632287979126
Sample 1,Timer,0.4601367712020874
Sample 2,Moirai,0.5357016324996948
Sample 2,TimesFM,0.4642983675003052
Sample 3,Moirai,0.5213109254837036
Sample 3,Chronos,0.4786891043186188
Sample 4,Chronos,0.5094791650772095
Sample 4,Time-MoE,0.49052080512046814
Sample 5,Moirai,0.5424820780754089
Sample 5,Timer,0.4575178623199463
Sample 6,Chronos,0.5169442296028137
Sample 6,TimesFM,0.4830557405948639
Sample 7,Chronos,0.5148864388465881
Sample 7,TimesFM,0.48511356115341187
Sample 8,Time-MoE,0.5055809617042542
Sample 8,Chronos,0.4944190979003906
Sample 9,Moirai,0.5238304138183594
Sample 9,Timer,0.47616955637931824
Sample 10,Moirai,0.5150384902954102
Sample 10,Chronos,0.48496147990226746
Sample 11,Chronos,0.507174551486969
Sample 11,Timer,0.4928254187107086
Sample 12,Chronos,0.5300553441047668
Sample 12,TimesFM,0.46994462609291077
Sample 13,Moirai,0.5361108183860779
Sample 13,Timer,0.4638891816139221
Sample 14,Moirai,0.5326496362686157
Sample 14,Chronos,0.4673503637313843
Sample 15,Chronos,0.5197345614433289
Sample 15,TimesFM,0.4802654981613159
Sample 16,Moirai,0.584491491317749
Sample 16,TimesFM,0.4155084490776062
Sample 17,Moirai,0.506917417049408
Sample 17,Chronos,0.4930826425552368
Sample 18,Chronos,0.5090094804763794
Sample 18,Time-MoE,0.49099045991897583
Sample 19,Moirai,0.5388320088386536
Sample 19,Chronos,0.4611680209636688
Sample 20,Chronos,0.5239170789718628
Sample 20,Time-MoE,0.4760828912258148
Sample 21,Moirai,0.5358617901802063
Sample 21,Timer,0.4641381502151489
Sample 22,Moirai,0.5305740833282471
Sample 22,Chronos,0.46942591667175293
Sample 23,Chronos,0.5175629258155823
Sample 23,TimesFM,0.48243704438209534
Sample 24,Chronos,0.5024871826171875
Sample 24,Time-MoE,0.4975128173828125
Sample 25,Moirai,0.521229088306427
Sample 25,Timer,0.478770911693573
Sample 26,Moirai,0.5057160258293152
Sample 26,Chronos,0.4942840039730072
Sample 27,Moirai,0.5090185403823853
Sample 27,Chronos,0.49098145961761475
Sample 28,Chronos,0.5260915160179138
Sample 28,TimesFM,0.4739084541797638
Sample 29,Moirai,0.5257510542869568
Sample 29,Timer,0.4742489457130432
Sample 30,Moirai,0.529697597026825
Sample 30,Chronos,0.47030237317085266
Sample 31,Chronos,0.5260069966316223
Sample 31,TimesFM,0.4739930331707001
Sample 0,Time-MoE,0.5029359459877014
Sample 0,Chronos,0.4970640540122986
Sample 1,Moirai,0.5342741012573242
Sample 1,Timer,0.465725839138031
Sample 2,Chronos,0.5038347840309143
Sample 2,TimesFM,0.4961652159690857
Sample 3,Moirai,0.532008945941925
Sample 3,Chronos,0.46799105405807495
Sample 4,Chronos,0.5046913027763367
Sample 4,Moirai,0.49530869722366333
Sample 5,Chronos,0.5102959275245667
Sample 5,Time-MoE,0.48970410227775574
Sample 6,Time-MoE,0.5003306865692139
Sample 6,Chronos,0.4996693432331085
Sample 7,Chronos,0.5121957659721375
Sample 7,TimesFM,0.48780423402786255
Sample 8,Time-MoE,0.5095729231834412
Sample 8,Chronos,0.49042704701423645
Sample 9,Moirai,0.5339856743812561
Sample 9,Timer,0.4660143256187439
Sample 10,Chronos,0.5084033012390137
Sample 10,Timer,0.49159669876098633
Sample 11,Moirai,0.5225593447685242
Sample 11,Chronos,0.47744059562683105
Sample 12,Chronos,0.5222766995429993
Sample 12,Time-MoE,0.47772327065467834
Sample 13,Moirai,0.5261832475662231
Sample 13,Timer,0.47381678223609924
Sample 14,Moirai,0.5224586129188538
Sample 14,Timer,0.47754138708114624
Sample 15,Chronos,0.5183103680610657
Sample 15,Time-MoE,0.4816896319389343
Sample 16,Time-MoE,0.5077994465827942
Sample 16,Chronos,0.4922005534172058
Sample 17,Chronos,0.5050667524337769
Sample 17,Timer,0.49493321776390076
Sample 18,Chronos,0.5040631294250488
Sample 18,Time-MoE,0.49593687057495117
Sample 19,Moirai,0.5095305442810059
Sample 19,Timer,0.49046942591667175
Sample 20,Chronos,0.526647686958313
Sample 20,TimesFM,0.473352313041687
Sample 21,Moirai,0.5348972082138062
Sample 21,Timer,0.46510282158851624
Sample 22,Moirai,0.541411817073822
Sample 22,TimesFM,0.458588182926178
Sample 23,Chronos,0.5197062492370605
Sample 23,TimesFM,0.48029375076293945
Sample 24,Chronos,0.5007944107055664
Sample 24,Time-MoE,0.499205619096756
Sample 25,Moirai,0.5250322222709656
Sample 25,Timer,0.4749678075313568
Sample 26,Chronos,0.5138394236564636
Sample 26,Time-MoE,0.48616060614585876
Sample 27,Moirai,0.5207719206809998
Sample 27,Timer,0.47922804951667786
Sample 28,Chronos,0.5159551501274109
Sample 28,Time-MoE,0.4840449094772339
Sample 29,Moirai,0.5190125703811646
Sample 29,Chronos,0.48098745942115784
Sample 30,Moirai,0.550153911113739
Sample 30,Chronos,0.4498460590839386
Sample 31,Chronos,0.5187807679176331
Sample 31,Time-MoE,0.48121923208236694
Sample 0,Time-MoE,0.5103939175605774
Sample 0,Moirai,0.489606112241745
Sample 1,Moirai,0.5376492142677307
Sample 1,Timer,0.46235084533691406
Sample 2,Moirai,0.5076832175254822
Sample 2,Chronos,0.49231675267219543
Sample 3,Moirai,0.5286623239517212
Sample 3,Timer,0.47133761644363403
Sample 4,Moirai,0.5098657011985779
Sample 4,Chronos,0.4901343584060669
Sample 5,Moirai,0.5297123193740845
Sample 5,Timer,0.4702876806259155
Sample 6,Moirai,0.5561502575874329
Sample 6,Chronos,0.44384974241256714
Sample 7,Chronos,0.5111331343650818
Sample 7,TimesFM,0.4888668656349182
Sample 8,Moirai,0.5535507798194885
Sample 8,Time-MoE,0.4464491903781891
Sample 9,Moirai,0.5302276611328125
Sample 9,Chronos,0.4697723686695099
Sample 10,Moirai,0.5052060484886169
Sample 10,Chronos,0.49479395151138306
Sample 11,Moirai,0.5024588108062744
Sample 11,Chronos,0.497541218996048
Sample 12,Chronos,0.5055440068244934
Sample 12,Time-MoE,0.4944559633731842
Sample 13,Moirai,0.5363982915878296
Sample 13,TimesFM,0.4636017382144928
Sample 14,Moirai,0.5216051340103149
Sample 14,Chronos,0.47839483618736267
Sample 15,Chronos,0.5086019039154053
Sample 15,TimesFM,0.4913981258869171
Sample 16,Moirai,0.5236242413520813
Sample 16,Time-MoE,0.4763757884502411
Sample 17,Moirai,0.5292617082595825
Sample 17,Timer,0.4707382619380951
Sample 18,Moirai,0.5475330352783203
Sample 18,Chronos,0.4524669349193573
Sample 19,Moirai,0.5051936507225037
Sample 19,Chronos,0.49480631947517395
Sample 20,Chronos,0.5308738350868225
Sample 20,TimesFM,0.4691261351108551
Sample 21,Moirai,0.5426780581474304
Sample 21,Timer,0.45732197165489197
Sample 22,Moirai,0.5517956018447876
Sample 22,Chronos,0.4482043981552124
Sample 23,Chronos,0.5189565420150757
Sample 23,TimesFM,0.48104342818260193
Sample 24,Time-MoE,0.5086960792541504
Sample 24,Moirai,0.491303950548172
Sample 25,Moirai,0.5202431678771973
Sample 25,Chronos,0.4797568619251251
Sample 26,Moirai,0.5107308030128479
Sample 26,Chronos,0.4892692565917969
Sample 27,Moirai,0.5185481905937195
Sample 27,Chronos,0.4814518094062805
Sample 28,Chronos,0.511667013168335
Sample 28,Time-MoE,0.48833295702934265
Sample 29,Moirai,0.5134459733963013
Sample 29,Chronos,0.48655402660369873
Sample 30,Moirai,0.5577277541160583
Sample 30,Chronos,0.44227224588394165
Sample 31,Chronos,0.5112734436988831
Sample 31,TimesFM,0.48872649669647217
Sample 0,Time-MoE,0.503710150718689
Sample 0,Chronos,0.49628978967666626
Sample 1,Moirai,0.531356930732727
Sample 1,Timer,0.4686431288719177
Sample 2,Moirai,0.5031477212905884
Sample 2,Chronos,0.4968522787094116
Sample 3,Moirai,0.5385313034057617
Sample 3,Chronos,0.4614686965942383
Sample 4,Chronos,0.5250766277313232
Sample 4,Time-MoE,0.47492337226867676
Sample 5,Moirai,0.5450222492218018
Sample 5,Timer,0.45497775077819824
Sample 6,Moirai,0.539885401725769
Sample 6,Time-MoE,0.46011459827423096
Sample 7,Chronos,0.5129920840263367
Sample 7,TimesFM,0.48700785636901855
Sample 8,Moirai,0.5019522309303284
Sample 8,Time-MoE,0.49804773926734924
Sample 9,Moirai,0.5412828326225281
Sample 9,Timer,0.4587171673774719
Sample 10,Moirai,0.525603711605072
Sample 10,TimesFM,0.47439631819725037
Sample 11,Moirai,0.5197265148162842
Sample 11,Chronos,0.4802735149860382
Sample 12,Chronos,0.5048093795776367
Sample 12,Time-MoE,0.49519065022468567
Sample 13,Chronos,0.5118847489356995
Sample 13,TimesFM,0.48811525106430054
Sample 14,Chronos,0.5092257857322693
Sample 14,TimesFM,0.49077415466308594
Sample 15,Chronos,0.5064266324043274
Sample 15,Time-MoE,0.4935733675956726
Sample 16,Time-MoE,0.5002880096435547
Sample 16,Chronos,0.4997119903564453
Sample 17,Moirai,0.5430944561958313
Sample 17,Timer,0.4569055438041687
Sample 18,Chronos,0.5152472257614136
Sample 18,TimesFM,0.48475274443626404
Sample 19,Moirai,0.5337813496589661
Sample 19,Timer,0.46621865034103394
Sample 20,Moirai,0.5329679250717163
Sample 20,Timer,0.4670321047306061
Sample 21,Moirai,0.538592517375946
Sample 21,Timer,0.46140748262405396
Sample 22,Moirai,0.5116021633148193
Sample 22,Chronos,0.4883977770805359
Sample 23,Chronos,0.5195820927619934
Sample 23,Time-MoE,0.4804179072380066
Sample 24,Moirai,0.5324591994285583
Sample 24,Time-MoE,0.46754080057144165
Sample 25,Moirai,0.5364676713943481
Sample 25,Timer,0.46353229880332947
Sample 26,Moirai,0.5018489360809326
Sample 26,Chronos,0.498151034116745
Sample 27,Moirai,0.5480760335922241
Sample 27,Timer,0.4519239664077759
Sample 28,Moirai,0.5507827401161194
Sample 28,TimesFM,0.4492172598838806
Sample 29,Moirai,0.5193430185317993
Sample 29,Chronos,0.4806569516658783
Sample 30,Moirai,0.5279803276062012
Sample 30,Time-MoE,0.47201967239379883
Sample 31,Chronos,0.5186437368392944
Sample 31,TimesFM,0.48135626316070557
Sample 0,Moirai,0.5887818336486816
Sample 0,TimesFM,0.41121816635131836
Sample 1,Moirai,0.5229372382164001
Sample 1,Timer,0.47706279158592224
Sample 2,Moirai,0.507422685623169
Sample 2,Time-MoE,0.49257737398147583
Sample 3,Moirai,0.5183476805686951
Sample 3,Chronos,0.48165228962898254
Sample 4,Chronos,0.5063913464546204
Sample 4,Timer,0.49360865354537964
Sample 5,Moirai,0.5551374554634094
Sample 5,Timer,0.4448625445365906
Sample 6,Moirai,0.5150008797645569
Sample 6,Chronos,0.4849991798400879
Sample 7,Chronos,0.5177496671676636
Sample 7,TimesFM,0.4822503626346588
Sample 8,Time-MoE,0.509722113609314
Sample 8,Moirai,0.49027785658836365
Sample 9,Moirai,0.5340912938117981
Sample 9,Timer,0.4659087359905243
Sample 10,TimesFM,0.5001829862594604
Sample 10,Moirai,0.49981701374053955
Sample 11,Moirai,0.5201926827430725
Sample 11,Chronos,0.4798073172569275
Sample 12,Moirai,0.5019321441650391
Sample 12,Chronos,0.49806782603263855
Sample 13,Moirai,0.5486047267913818
Sample 13,Timer,0.45139527320861816
Sample 14,Moirai,0.5447000861167908
Sample 14,Timer,0.45529988408088684
Sample 15,Chronos,0.5216494798660278
Sample 15,Time-MoE,0.4783504605293274
Sample 0,Time-MoE,0.5042323470115662
Sample 0,Moirai,0.49576765298843384
Sample 1,Moirai,0.5184829831123352
Sample 1,Timer,0.4815169870853424
Sample 2,Chronos,0.5269260406494141
Sample 2,Timer,0.47307395935058594
Sample 3,Moirai,0.5291438102722168
Sample 3,Timer,0.4708562195301056
Sample 4,Moirai,0.5419044494628906
Sample 4,Chronos,0.45809558033943176
Sample 5,Moirai,0.5377418398857117
Sample 5,Timer,0.46225816011428833
Sample 6,Moirai,0.5169456601142883
Sample 6,Chronos,0.48305433988571167
Sample 7,Chronos,0.5233641862869263
Sample 7,Time-MoE,0.4766358435153961
Sample 8,Moirai,0.5269674062728882
Sample 8,Time-MoE,0.47303256392478943
Sample 9,Moirai,0.5188684463500977
Sample 9,Timer,0.4811316132545471
Sample 10,Moirai,0.5356703400611877
Sample 10,Time-MoE,0.46432963013648987
Sample 11,Moirai,0.5377282500267029
Sample 11,Timer,0.4622717499732971
Sample 12,Chronos,0.5057529211044312
Sample 12,Time-MoE,0.49424704909324646
Sample 13,Moirai,0.5435566902160645
Sample 13,Timer,0.45644330978393555
Sample 14,Moirai,0.5364231467247009
Sample 14,Timer,0.4635768234729767
Sample 15,Chronos,0.5269486308097839
Sample 15,TimesFM,0.47305139899253845
Sample 16,Moirai,0.5125929713249207
Sample 16,Time-MoE,0.48740702867507935
Sample 17,Moirai,0.5421997308731079
Sample 17,Timer,0.45780032873153687
Sample 18,Chronos,0.5033700466156006
Sample 18,Moirai,0.4966299533843994
Sample 19,Moirai,0.5252984166145325
Sample 19,Timer,0.47470155358314514
Sample 20,Moirai,0.5400040149688721
Sample 20,Chronos,0.45999595522880554
Sample 21,Moirai,0.521708071231842
Sample 21,Timer,0.47829192876815796
Sample 22,Chronos,0.5061545968055725
Sample 22,Timer,0.49384546279907227
Sample 23,Chronos,0.511609673500061
Sample 23,Time-MoE,0.48839035630226135
Sample 24,Time-MoE,0.5057440996170044
Sample 24,Chronos,0.4942559003829956
Sample 25,Moirai,0.5238143801689148
Sample 25,Timer,0.4761856198310852
Sample 26,Moirai,0.5266583561897278
Sample 26,Chronos,0.4733416736125946
Sample 27,Moirai,0.5381285548210144
Sample 27,Chronos,0.461871474981308
Sample 28,Chronos,0.5259475111961365
Sample 28,TimesFM,0.47405245900154114
Sample 29,Moirai,0.5494158864021301
Sample 29,Timer,0.45058414340019226
Sample 30,Moirai,0.5620900988578796
Sample 30,Timer,0.43790993094444275
Sample 31,Chronos,0.5195192098617554
Sample 31,TimesFM,0.48048079013824463
Sample 0,Time-MoE,0.5002496838569641
Sample 0,Chronos,0.4997503161430359
Sample 1,Moirai,0.5490937829017639
Sample 1,Timer,0.45090624690055847
Sample 2,Chronos,0.5062580704689026
Sample 2,Time-MoE,0.493741899728775
Sample 3,Moirai,0.5166633129119873
Sample 3,Chronos,0.4833366870880127
Sample 4,Chronos,0.5193549990653992
Sample 4,TimesFM,0.4806450307369232
Sample 5,Moirai,0.5487461686134338
Sample 5,Timer,0.45125383138656616
Sample 6,Moirai,0.5026965141296387
Sample 6,Chronos,0.4973035156726837
Sample 7,Chronos,0.5160008668899536
Sample 7,Time-MoE,0.4839991331100464
Sample 8,Moirai,0.586541473865509
Sample 8,Time-MoE,0.41345855593681335
Sample 9,Moirai,0.5396846532821655
Sample 9,Timer,0.46031537652015686
Sample 10,Moirai,0.5216365456581116
Sample 10,Chronos,0.4783634543418884
Sample 11,Chronos,0.5138934254646301
Sample 11,TimesFM,0.4861065447330475
Sample 12,Chronos,0.5094720721244812
Sample 12,Timer,0.4905279576778412
Sample 13,Moirai,0.5453312397003174
Sample 13,Timer,0.45466873049736023
Sample 14,Moirai,0.5106786489486694
Sample 14,Chronos,0.48932135105133057
Sample 15,Chronos,0.5097171664237976
Sample 15,Time-MoE,0.4902828335762024
Sample 16,Moirai,0.524333119392395
Sample 16,Time-MoE,0.475666880607605
Sample 17,Moirai,0.543355405330658
Sample 17,Timer,0.45664459466934204
Sample 18,Chronos,0.5068966746330261
Sample 18,TimesFM,0.4931032955646515
Sample 19,Moirai,0.5277895331382751
Sample 19,Chronos,0.47221046686172485
Sample 20,Moirai,0.558759331703186
Sample 20,Chronos,0.44124069809913635
Sample 21,Moirai,0.5494447350502014
Sample 21,Timer,0.45055529475212097
Sample 22,Moirai,0.508274257183075
Sample 22,Chronos,0.49172571301460266
Sample 23,Chronos,0.5311612486839294
Sample 23,TimesFM,0.46883881092071533
Sample 24,Moirai,0.5913065075874329
Sample 24,Time-MoE,0.40869343280792236
Sample 25,Moirai,0.510105550289154
Sample 25,Timer,0.48989444971084595
Sample 26,Moirai,0.5315028429031372
Sample 26,TimesFM,0.46849721670150757
Sample 27,Moirai,0.5220525860786438
Sample 27,Timer,0.4779473841190338
Sample 28,Chronos,0.5249567031860352
Sample 28,Time-MoE,0.47504329681396484
Sample 29,Moirai,0.5353677868843079
Sample 29,Timer,0.46463218331336975
Sample 30,Moirai,0.5285395383834839
Sample 30,Timer,0.4714604616165161
Sample 31,Chronos,0.522081732749939
Sample 31,TimesFM,0.47791823744773865
Sample 0,Time-MoE,0.5069746971130371
Sample 0,Moirai,0.4930253028869629
Sample 1,Moirai,0.5386295914649963
Sample 1,Timer,0.46137040853500366
Sample 2,Moirai,0.5369215607643127
Sample 2,TimesFM,0.46307846903800964
Sample 3,Moirai,0.5203480124473572
Sample 3,Chronos,0.4796519875526428
Sample 4,Chronos,0.5087851881980896
Sample 4,Time-MoE,0.4912148416042328
Sample 5,Moirai,0.5418392419815063
Sample 5,Timer,0.45816072821617126
Sample 6,Chronos,0.5174664258956909
Sample 6,Timer,0.48253360390663147
Sample 7,Chronos,0.5149773955345154
Sample 7,TimesFM,0.4850226044654846
Sample 8,Time-MoE,0.5079927444458008
Sample 8,Chronos,0.49200722575187683
Sample 9,Moirai,0.5218480825424194
Sample 9,Timer,0.47815194725990295
Sample 10,Moirai,0.5146753191947937
Sample 10,Timer,0.4853246808052063
Sample 11,Chronos,0.5068527460098267
Sample 11,Timer,0.49314719438552856
Sample 12,Chronos,0.5311189889907837
Sample 12,TimesFM,0.4688809812068939
Sample 13,Moirai,0.5347680449485779
Sample 13,Timer,0.4652319550514221
Sample 14,Moirai,0.5322722792625427
Sample 14,Chronos,0.46772775053977966
Sample 15,Chronos,0.5199752449989319
Sample 15,Time-MoE,0.4800247848033905
Sample 16,Moirai,0.5884453058242798
Sample 16,Time-MoE,0.4115546941757202
Sample 17,Moirai,0.5051888823509216
Sample 17,Chronos,0.494811087846756
Sample 18,Chronos,0.5092267394065857
Sample 18,Time-MoE,0.4907732307910919
Sample 19,Moirai,0.5415303111076355
Sample 19,Chronos,0.4584697186946869
Sample 20,Chronos,0.5244971513748169
Sample 20,Time-MoE,0.4755028784275055
Sample 21,Moirai,0.5349570512771606
Sample 21,Timer,0.46504297852516174
Sample 22,Moirai,0.531730055809021
Sample 22,Chronos,0.468269944190979
Sample 23,Chronos,0.5184990167617798
Sample 23,TimesFM,0.4815009832382202
Sample 24,Chronos,0.5004904866218567
Sample 24,Time-MoE,0.4995095431804657
Sample 25,Moirai,0.5189976692199707
Sample 25,Timer,0.4810023009777069
Sample 26,Moirai,0.5053845047950745
Sample 26,Time-MoE,0.49461546540260315
Sample 27,Moirai,0.507824718952179
Sample 27,Chronos,0.49217525124549866
Sample 28,Chronos,0.5270132422447205
Sample 28,TimesFM,0.47298672795295715
Sample 29,Moirai,0.5243695974349976
Sample 29,Timer,0.47563043236732483
Sample 30,Moirai,0.5289140343666077
Sample 30,Timer,0.47108596563339233
Sample 31,Chronos,0.5268617868423462
Sample 31,TimesFM,0.4731382131576538
Sample 0,Time-MoE,0.5054800510406494
Sample 0,Chronos,0.4945199191570282
Sample 1,Moirai,0.5322981476783752
Sample 1,Timer,0.46770188212394714
Sample 2,Chronos,0.5033389329910278
Sample 2,Time-MoE,0.49666109681129456
Sample 3,Moirai,0.5313677191734314
Sample 3,Timer,0.4686322808265686
Sample 4,Chronos,0.5053613185882568
Sample 4,Moirai,0.49463871121406555
Sample 5,Chronos,0.5096867680549622
Sample 5,Time-MoE,0.49031323194503784
Sample 6,Time-MoE,0.5011414289474487
Sample 6,Chronos,0.49885857105255127
Sample 7,Chronos,0.5123311281204224
Sample 7,TimesFM,0.48766881227493286
Sample 8,Time-MoE,0.5128123760223389
Sample 8,Chronos,0.4871876835823059
Sample 9,Moirai,0.5320795774459839
Sample 9,Timer,0.4679204523563385
Sample 10,Chronos,0.5081738829612732
Sample 10,Timer,0.4918261468410492
Sample 11,Moirai,0.5210615396499634
Sample 11,Timer,0.478938490152359
Sample 12,Chronos,0.5218279957771301
Sample 12,Time-MoE,0.4781720042228699
Sample 13,Moirai,0.5242955088615417
Sample 13,Timer,0.4757044315338135
Sample 14,Moirai,0.5209478139877319
Sample 14,Timer,0.47905221581459045
Sample 15,Chronos,0.5174680352210999
Sample 15,Time-MoE,0.48253193497657776
Sample 16,Time-MoE,0.5108163952827454
Sample 16,Chronos,0.489183634519577
Sample 17,Chronos,0.50465327501297
Sample 17,Timer,0.4953467547893524
Sample 18,Chronos,0.5034573078155518
Sample 18,Time-MoE,0.49654266238212585
Sample 19,Moirai,0.5084709525108337
Sample 19,Timer,0.49152907729148865
Sample 20,Chronos,0.5277044177055359
Sample 20,TimesFM,0.4722956120967865
Sample 21,Moirai,0.532825231552124
Sample 21,Timer,0.467174768447876
Sample 22,Moirai,0.5433700680732727
Sample 22,Time-MoE,0.4566299021244049
Sample 23,Chronos,0.5200948119163513
Sample 23,TimesFM,0.4799051880836487
Sample 24,Time-MoE,0.5017717480659485
Sample 24,Chronos,0.4982282221317291
Sample 25,Moirai,0.5227683186531067
Sample 25,Timer,0.4772316515445709
Sample 26,Chronos,0.5134739875793457
Sample 26,Time-MoE,0.4865260124206543
Sample 27,Moirai,0.5186054110527039
Sample 27,Timer,0.4813946485519409
Sample 28,Chronos,0.5150716304779053
Sample 28,Time-MoE,0.48492833971977234
Sample 29,Moirai,0.5174493789672852
Sample 29,Timer,0.48255062103271484
Sample 30,Moirai,0.549813985824585
Sample 30,Timer,0.45018601417541504
Sample 31,Chronos,0.5181629061698914
Sample 31,Time-MoE,0.48183709383010864
Sample 0,Time-MoE,0.5129292607307434
Sample 0,Moirai,0.4870707094669342
Sample 1,Moirai,0.535906195640564
Sample 1,Timer,0.4640938639640808
Sample 2,Moirai,0.5068871974945068
Sample 2,Chronos,0.4931127727031708
Sample 3,Moirai,0.5267270803451538
Sample 3,Timer,0.4732729494571686
Sample 4,Moirai,0.5105984210968018
Sample 4,Chronos,0.48940160870552063
Sample 5,Moirai,0.5278735756874084
Sample 5,Timer,0.47212645411491394
Sample 6,Moirai,0.5578240156173706
Sample 6,TimesFM,0.4421760141849518
Sample 7,Chronos,0.5108524560928345
Sample 7,TimesFM,0.48914751410484314
Sample 8,Moirai,0.5551319718360901
Sample 8,Time-MoE,0.4448680579662323
Sample 9,Moirai,0.5280799269676208
Sample 9,Timer,0.47192007303237915
Sample 10,Moirai,0.5052527189254761
Sample 10,Chronos,0.4947473108768463
Sample 11,Moirai,0.5025123953819275
Sample 11,Chronos,0.4974876046180725
Sample 12,Chronos,0.5043166875839233
Sample 12,Time-MoE,0.4956832826137543
Sample 13,Moirai,0.5359170436859131
Sample 13,Timer,0.4640829563140869
Sample 14,Moirai,0.5213014483451843
Sample 14,Chronos,0.47869858145713806
Sample 15,Chronos,0.5089117884635925
Sample 15,TimesFM,0.4910881817340851
Sample 16,Moirai,0.5233973264694214
Sample 16,Time-MoE,0.476602703332901
Sample 17,Moirai,0.5269253849983215
Sample 17,Timer,0.47307464480400085
Sample 18,Moirai,0.549749493598938
Sample 18,Time-MoE,0.4502505362033844
Sample 19,Moirai,0.5036453008651733
Sample 19,Chronos,0.49635475873947144
Sample 20,Chronos,0.5317947268486023
Sample 20,TimesFM,0.4682052433490753
Sample 21,Moirai,0.541253924369812
Sample 21,Timer,0.458746075630188
Sample 22,Moirai,0.5521077513694763
Sample 22,Timer,0.44789227843284607
Sample 23,Chronos,0.5193069577217102
Sample 23,TimesFM,0.4806930422782898
Sample 24,Time-MoE,0.5112137198448181
Sample 24,Moirai,0.4887862503528595
Sample 25,Moirai,0.518714427947998
Sample 25,Timer,0.48128554224967957
Sample 26,Moirai,0.5106849670410156
Sample 26,Chronos,0.48931506276130676
Sample 27,Moirai,0.5170949697494507
Sample 27,Timer,0.4829050302505493
Sample 28,Chronos,0.5105502605438232
Sample 28,Time-MoE,0.48944979906082153
Sample 29,Moirai,0.5128610134124756
Sample 29,Chronos,0.487138956785202
Sample 30,Moirai,0.5602021217346191
Sample 30,Chronos,0.43979790806770325
Sample 31,Chronos,0.5109767317771912
Sample 31,TimesFM,0.48902323842048645
Sample 0,Time-MoE,0.5068969130516052
Sample 0,Chronos,0.4931030869483948
Sample 1,Moirai,0.5290714502334595
Sample 1,Timer,0.4709285795688629
Sample 2,Moirai,0.5029381513595581
Sample 2,Chronos,0.4970618486404419
Sample 3,Moirai,0.5374079346656799
Sample 3,Timer,0.46259209513664246
Sample 4,Chronos,0.5246037840843201
Sample 4,Time-MoE,0.47539615631103516
Sample 5,Moirai,0.5435797572135925
Sample 5,Timer,0.45642024278640747
Sample 6,Moirai,0.5412598252296448
Sample 6,Time-MoE,0.458740234375
Sample 7,Chronos,0.5128711462020874
Sample 7,TimesFM,0.4871288537979126
Sample 8,Moirai,0.5001736879348755
Sample 8,Time-MoE,0.4998263418674469
Sample 9,Moirai,0.5395554900169373
Sample 9,Timer,0.46044453978538513
Sample 10,Moirai,0.5259575843811035
Sample 10,TimesFM,0.47404244542121887
Sample 11,Moirai,0.5194447040557861
Sample 11,Chronos,0.48055529594421387
Sample 12,Chronos,0.5045866370201111
Sample 12,Time-MoE,0.49541330337524414
Sample 13,Chronos,0.512789249420166
Sample 13,TimesFM,0.4872106909751892
Sample 14,Chronos,0.508902370929718
Sample 14,Time-MoE,0.49109768867492676
Sample 15,Chronos,0.505703866481781
Sample 15,Time-MoE,0.494296133518219
Sample 16,Time-MoE,0.5033167004585266
Sample 16,Chronos,0.4966832995414734
Sample 17,Moirai,0.5414280295372009
Sample 17,Timer,0.4585719704627991
Sample 18,Chronos,0.5150410532951355
Sample 18,TimesFM,0.4849589467048645
Sample 19,Moirai,0.5318438410758972
Sample 19,Timer,0.4681561589241028
Sample 20,Moirai,0.5317098498344421
Sample 20,Timer,0.46829015016555786
Sample 21,Moirai,0.5368725061416626
Sample 21,Timer,0.463127464056015
Sample 22,Moirai,0.510521411895752
Sample 22,Chronos,0.48947855830192566
Sample 23,Chronos,0.5184301733970642
Sample 23,Time-MoE,0.4815697968006134
Sample 24,Moirai,0.5320899486541748
Sample 24,Time-MoE,0.4679100513458252
Sample 25,Moirai,0.534348726272583
Sample 25,Timer,0.4656512439250946
Sample 26,Moirai,0.5019318461418152
Sample 26,Chronos,0.4980681538581848
Sample 27,Moirai,0.5468496680259705
Sample 27,Timer,0.45315036177635193
Sample 28,Moirai,0.5525854825973511
Sample 28,Timer,0.44741448760032654
Sample 29,Moirai,0.5183231234550476
Sample 29,Timer,0.4816768169403076
Sample 30,Moirai,0.5276855826377869
Sample 30,Time-MoE,0.47231438755989075
Sample 31,Chronos,0.519808828830719
Sample 31,TimesFM,0.480191171169281
Sample 0,Moirai,0.5919584035873413
Sample 0,Timer,0.4080415666103363
Sample 1,Moirai,0.5202286839485168
Sample 1,Timer,0.47977131605148315
Sample 2,Moirai,0.5057867765426636
Sample 2,Time-MoE,0.4942132234573364
Sample 3,Moirai,0.5172471404075623
Sample 3,Chronos,0.48275279998779297
Sample 4,Chronos,0.5063573122024536
Sample 4,Timer,0.4936426877975464
Sample 5,Moirai,0.5540794730186462
Sample 5,Timer,0.44592055678367615
Sample 6,Moirai,0.5143112540245056
Sample 6,Chronos,0.485688716173172
Sample 7,Chronos,0.5178543329238892
Sample 7,TimesFM,0.48214566707611084
Sample 8,Time-MoE,0.5125635862350464
Sample 8,Moirai,0.487436443567276
Sample 9,Moirai,0.5317342281341553
Sample 9,Timer,0.4682657718658447
Sample 10,TimesFM,0.5022796988487244
Sample 10,Moirai,0.49772030115127563
Sample 11,Moirai,0.5180230140686035
Sample 11,Timer,0.48197701573371887
Sample 12,Moirai,0.5027497410774231
Sample 12,Chronos,0.4972502291202545
Sample 13,Moirai,0.5471846461296082
Sample 13,Timer,0.45281532406806946
Sample 14,Moirai,0.5434514284133911
Sample 14,Timer,0.4565485715866089
Sample 15,Chronos,0.5207272171974182
Sample 15,Time-MoE,0.4792727530002594
Sample 0,Time-MoE,0.5070686340332031
Sample 0,Moirai,0.49293139576911926
Sample 1,Moirai,0.5158299207687378
Sample 1,Timer,0.48417001962661743
Sample 2,Chronos,0.5274666547775269
Sample 2,Timer,0.47253334522247314
Sample 3,Moirai,0.5271947979927063
Sample 3,Timer,0.4728052020072937
Sample 4,Moirai,0.5451010465621948
Sample 4,TimesFM,0.4548989534378052
Sample 5,Moirai,0.5359303951263428
Sample 5,Timer,0.46406954526901245
Sample 6,Moirai,0.5161156058311462
Sample 6,Chronos,0.48388439416885376
Sample 7,Chronos,0.5222406387329102
Sample 7,Time-MoE,0.47775936126708984
Sample 8,Moirai,0.5260217785835266
Sample 8,Time-MoE,0.473978191614151
Sample 9,Moirai,0.5162307024002075
Sample 9,Timer,0.4837692975997925
Sample 10,Moirai,0.5355412364006042
Sample 10,Time-MoE,0.46445876359939575
Sample 11,Moirai,0.5364184379577637
Sample 11,Timer,0.4635815918445587
Sample 12,Chronos,0.5032171010971069
Sample 12,Time-MoE,0.4967828691005707
Sample 13,Moirai,0.5420549511909485
Sample 13,Timer,0.4579450190067291
Sample 14,Moirai,0.5350156426429749
Sample 14,Timer,0.46498429775238037
Sample 15,Chronos,0.5260059237480164
Sample 15,Time-MoE,0.47399410605430603
Sample 16,Moirai,0.5111913084983826
Sample 16,Time-MoE,0.4888087511062622
Sample 17,Moirai,0.5404633283615112
Sample 17,Timer,0.4595366418361664
Sample 18,Chronos,0.5036106705665588
Sample 18,Moirai,0.49638932943344116
Sample 19,Moirai,0.5230808854103088
Sample 19,Timer,0.47691914439201355
Sample 20,Moirai,0.5426514148712158
Sample 20,Chronos,0.4573485851287842
Sample 21,Moirai,0.5200855731964111
Sample 21,Timer,0.47991445660591125
Sample 22,Chronos,0.5057621598243713
Sample 22,Timer,0.4942378103733063
Sample 23,Chronos,0.5116064548492432
Sample 23,Time-MoE,0.48839354515075684
Sample 24,Time-MoE,0.5092703700065613
Sample 24,Chronos,0.49072960019111633
Sample 25,Moirai,0.5212744474411011
Sample 25,Timer,0.4787255823612213
Sample 26,Moirai,0.5272945165634155
Sample 26,Chronos,0.4727054536342621
Sample 27,Moirai,0.5404495596885681
Sample 27,Chronos,0.4595504701137543
Sample 28,Chronos,0.5266278386116028
Sample 28,TimesFM,0.4733721613883972
Sample 29,Moirai,0.5481657385826111
Sample 29,Timer,0.4518342912197113
Sample 30,Moirai,0.5619160532951355
Sample 30,Timer,0.4380839169025421
Sample 31,Chronos,0.5196061134338379
Sample 31,TimesFM,0.4803938865661621
Sample 0,Time-MoE,0.5031532645225525
Sample 0,Chronos,0.4968467354774475
Sample 1,Moirai,0.548136293888092
Sample 1,Timer,0.45186367630958557
Sample 2,Chronos,0.5059948563575745
Sample 2,Time-MoE,0.49400514364242554
Sample 3,Moirai,0.515264630317688
Sample 3,Timer,0.4847353398799896
Sample 4,Chronos,0.5202125906944275
Sample 4,TimesFM,0.4797874391078949
Sample 5,Moirai,0.5478966236114502
Sample 5,Timer,0.4521033763885498
Sample 6,Moirai,0.5017727017402649
Sample 6,Chronos,0.4982273280620575
Sample 7,Chronos,0.5148555040359497
Sample 7,Time-MoE,0.4851444959640503
Sample 8,Moirai,0.5903077125549316
Sample 8,Time-MoE,0.40969228744506836
Sample 9,Moirai,0.5382599234580994
Sample 9,Timer,0.46174007654190063
Sample 10,Moirai,0.5219014883041382
Sample 10,Chronos,0.47809848189353943
Sample 11,Chronos,0.5142400860786438
Sample 11,TimesFM,0.4857598841190338
Sample 12,Chronos,0.5087388157844543
Sample 12,Timer,0.49126118421554565
Sample 13,Moirai,0.5441156625747681
Sample 13,Timer,0.45588433742523193
Sample 14,Moirai,0.5093742609024048
Sample 14,Chronos,0.4906257092952728
Sample 15,Chronos,0.5086032152175903
Sample 15,Time-MoE,0.49139684438705444
Sample 16,Moirai,0.5238028168678284
Sample 16,Time-MoE,0.47619718313217163
Sample 17,Moirai,0.541878879070282
Sample 17,Timer,0.4581211507320404
Sample 18,Chronos,0.5068983435630798
Sample 18,TimesFM,0.49310165643692017
Sample 19,Moirai,0.5258727669715881
Sample 19,Timer,0.4741272032260895
Sample 20,Moirai,0.5604130029678345
Sample 20,Timer,0.43958696722984314
Sample 21,Moirai,0.5484125018119812
Sample 21,Timer,0.4515874981880188
Sample 22,Moirai,0.5083891749382019
Sample 22,Chronos,0.49161088466644287
Sample 23,Chronos,0.5322290062904358
Sample 23,TimesFM,0.467771053314209
Sample 24,Moirai,0.5955247282981873
Sample 24,Time-MoE,0.40447524189949036
Sample 25,Moirai,0.5073482990264893
Sample 25,Timer,0.49265170097351074
Sample 26,Moirai,0.5309514999389648
Sample 26,Timer,0.46904852986335754
Sample 27,Moirai,0.5202498435974121
Sample 27,Timer,0.47975021600723267
Sample 28,Chronos,0.524647057056427
Sample 28,Time-MoE,0.475352942943573
Sample 29,Moirai,0.5336825251579285
Sample 29,Timer,0.46631747484207153
Sample 30,Moirai,0.5264540910720825
Sample 30,Timer,0.47354593873023987
Sample 31,Chronos,0.5215825438499451
Sample 31,Time-MoE,0.47841742634773254
Sample 0,Time-MoE,0.5095604062080383
Sample 0,Moirai,0.49043959379196167
Sample 1,Moirai,0.5372304916381836
Sample 1,Timer,0.4627695083618164
Sample 2,Moirai,0.5373893976211548
Sample 2,TimesFM,0.4626105725765228
Sample 3,Moirai,0.518642008304596
Sample 3,Timer,0.48135802149772644
Sample 4,Chronos,0.5079008936882019
Sample 4,Time-MoE,0.4920991063117981
Sample 5,Moirai,0.540888249874115
Sample 5,Timer,0.4591117799282074
Sample 6,Chronos,0.5186768770217896
Sample 6,Timer,0.48132315278053284
Sample 7,Chronos,0.5150991082191467
Sample 7,TimesFM,0.48490095138549805
Sample 8,Time-MoE,0.5106786489486694
Sample 8,Chronos,0.48932135105133057
Sample 9,Moirai,0.519875705242157
Sample 9,Timer,0.4801243543624878
Sample 10,Moirai,0.513213574886322
Sample 10,Timer,0.48678645491600037
Sample 11,Chronos,0.5070447325706482
Sample 11,Timer,0.4929552972316742
Sample 12,Chronos,0.5319117307662964
Sample 12,Time-MoE,0.4680882692337036
Sample 13,Moirai,0.5335599184036255
Sample 13,Timer,0.4664400517940521
Sample 14,Moirai,0.5311060547828674
Sample 14,Timer,0.4688938856124878
Sample 15,Chronos,0.5197135210037231
Sample 15,Time-MoE,0.4802864193916321
Sample 16,Moirai,0.5922050476074219
Sample 16,Time-MoE,0.4077950119972229
Sample 17,Moirai,0.503280758857727
Sample 17,Chronos,0.49671921133995056
Sample 18,Chronos,0.5093806385993958
Sample 18,Time-MoE,0.4906193017959595
Sample 19,Moirai,0.5436559319496155
Sample 19,Chronos,0.45634400844573975
Sample 20,Chronos,0.5247361063957214
Sample 20,Time-MoE,0.4752638638019562
Sample 21,Moirai,0.5340124368667603
Sample 21,Timer,0.46598756313323975
Sample 22,Moirai,0.5323240756988525
Sample 22,Chronos,0.4676758646965027
Sample 23,Chronos,0.5194269418716431
Sample 23,TimesFM,0.48057302832603455
Sample 24,Time-MoE,0.5018072128295898
Sample 24,Chronos,0.49819281697273254
Sample 25,Moirai,0.5167562365531921
Sample 25,Timer,0.48324382305145264
Sample 26,Moirai,0.5045430064201355
Sample 26,Time-MoE,0.4954569935798645
Sample 27,Moirai,0.506587028503418
Sample 27,Chronos,0.49341297149658203
Sample 28,Chronos,0.5283333659172058
Sample 28,TimesFM,0.4716665744781494
Sample 29,Moirai,0.5228592157363892
Sample 29,Timer,0.47714075446128845
Sample 30,Moirai,0.5272955894470215
Sample 30,Timer,0.4727044105529785
Sample 31,Chronos,0.5280532240867615
Sample 31,TimesFM,0.47194674611091614
Sample 0,Time-MoE,0.5074160099029541
Sample 0,Chronos,0.4925839900970459
Sample 1,Moirai,0.5310019850730896
Sample 1,Timer,0.4689980149269104
Sample 2,Chronos,0.5030897259712219
Sample 2,Time-MoE,0.4969102442264557
Sample 3,Moirai,0.530469536781311
Sample 3,Timer,0.46953046321868896
Sample 4,Chronos,0.506485104560852
Sample 4,Time-MoE,0.49351492524147034
Sample 5,Chronos,0.5093600153923035
Sample 5,Time-MoE,0.4906400442123413
Sample 6,Time-MoE,0.5016580820083618
Sample 6,Chronos,0.49834194779396057
Sample 7,Chronos,0.5128300189971924
Sample 7,TimesFM,0.48717001080513
Sample 8,Time-MoE,0.5152501463890076
Sample 8,Chronos,0.4847499132156372
Sample 9,Moirai,0.5307137966156006
Sample 9,Timer,0.4692862033843994
Sample 10,Chronos,0.5087719559669495
Sample 10,Timer,0.49122798442840576
Sample 11,Moirai,0.5198265314102173
Sample 11,Timer,0.4801734387874603
Sample 12,Chronos,0.5218018889427185
Sample 12,Time-MoE,0.47819817066192627
Sample 13,Moirai,0.5230460166931152
Sample 13,Timer,0.4769539535045624
Sample 14,Moirai,0.5201151967048645
Sample 14,Timer,0.4798847734928131
Sample 15,Chronos,0.5170335173606873
Sample 15,Time-MoE,0.48296645283699036
Sample 16,Time-MoE,0.5130252242088318
Sample 16,Chronos,0.4869748055934906
Sample 17,Chronos,0.5047839283943176
Sample 17,Timer,0.49521613121032715
Sample 18,Chronos,0.5032362937927246
Sample 18,Time-MoE,0.4967637062072754
Sample 19,Moirai,0.5076606869697571
Sample 19,Timer,0.49233928322792053
Sample 20,Chronos,0.5295596718788147
Sample 20,TimesFM,0.4704403281211853
Sample 21,Moirai,0.5316702127456665
Sample 21,Timer,0.4683297276496887
Sample 22,Moirai,0.5446744561195374
Sample 22,Time-MoE,0.45532551407814026
Sample 23,Chronos,0.5211742520332336
Sample 23,TimesFM,0.47882577776908875
Sample 24,Time-MoE,0.503687858581543
Sample 24,Chronos,0.49631214141845703
Sample 25,Moirai,0.5213459134101868
Sample 25,Timer,0.47865408658981323
Sample 26,Chronos,0.5135914087295532
Sample 26,Time-MoE,0.486408531665802
Sample 27,Moirai,0.5171036720275879
Sample 27,Timer,0.4828963577747345
Sample 28,Chronos,0.5146400332450867
Sample 28,Time-MoE,0.4853599965572357
Sample 29,Moirai,0.516044020652771
Sample 29,Timer,0.483955979347229
Sample 30,Moirai,0.5497702360153198
Sample 30,Timer,0.4502297639846802
Sample 31,Chronos,0.5181030035018921
Sample 31,Time-MoE,0.4818969666957855
Sample 0,Time-MoE,0.5158146619796753
Sample 0,Moirai,0.4841853082180023
Sample 1,Moirai,0.5352317094802856
Sample 1,Timer,0.46476829051971436
Sample 2,Moirai,0.5056970119476318
Sample 2,Chronos,0.4943029582500458
Sample 3,Moirai,0.525929868221283
Sample 3,Timer,0.47407007217407227
Sample 4,Moirai,0.510688841342926
Sample 4,Chronos,0.4893110990524292
Sample 5,Moirai,0.5273939371109009
Sample 5,Timer,0.4726060628890991
Sample 6,Moirai,0.5592140555381775
Sample 6,TimesFM,0.4407859444618225
Sample 7,Chronos,0.5113043785095215
Sample 7,Time-MoE,0.48869559168815613
Sample 8,Moirai,0.5565357804298401
Sample 8,Time-MoE,0.4434642195701599
Sample 9,Moirai,0.5269509553909302
Sample 9,Timer,0.4730490744113922
Sample 10,Moirai,0.5041408538818359
Sample 10,Time-MoE,0.49585914611816406
Sample 11,Moirai,0.5016323328018188
Sample 11,Chronos,0.49836763739585876
Sample 12,Chronos,0.504111647605896
Sample 12,Time-MoE,0.4958884119987488
Sample 13,Moirai,0.5360605120658875
Sample 13,Timer,0.46393951773643494
Sample 14,Moirai,0.5207064151763916
Sample 14,Chronos,0.4792935848236084
Sample 15,Chronos,0.5093098282814026
Sample 15,TimesFM,0.4906902015209198
Sample 16,Moirai,0.5229407548904419
Sample 16,Time-MoE,0.4770592153072357
Sample 17,Moirai,0.5257288813591003
Sample 17,Timer,0.47427114844322205
Sample 18,Moirai,0.5514636635780334
Sample 18,Time-MoE,0.44853639602661133
Sample 19,Moirai,0.5020415782928467
Sample 19,Chronos,0.4979584217071533
Sample 20,Chronos,0.5333287119865417
Sample 20,Time-MoE,0.46667131781578064
Sample 21,Moirai,0.5411533713340759
Sample 21,Timer,0.45884665846824646
Sample 22,Moirai,0.552674412727356
Sample 22,Timer,0.44732558727264404
Sample 23,Chronos,0.5205287337303162
Sample 23,TimesFM,0.4794712960720062
Sample 24,Time-MoE,0.5140450596809387
Sample 24,Moirai,0.4859549105167389
Sample 25,Moirai,0.51712566614151
Sample 25,Timer,0.4828743636608124
Sample 26,Moirai,0.5102661848068237
Sample 26,Chronos,0.4897337853908539
Sample 27,Moirai,0.5159410238265991
Sample 27,Timer,0.4840589761734009
Sample 28,Chronos,0.510226309299469
Sample 28,Time-MoE,0.4897737503051758
Sample 29,Moirai,0.5121111273765564
Sample 29,Chronos,0.4878888726234436
Sample 30,Moirai,0.562163233757019
Sample 30,Chronos,0.4378367066383362
Sample 31,Chronos,0.511574387550354
Sample 31,TimesFM,0.4884255528450012
Sample 0,Time-MoE,0.5081468224525452
Sample 0,Chronos,0.49185314774513245
Sample 1,Moirai,0.5284053087234497
Sample 1,Timer,0.4715946316719055
Sample 2,Moirai,0.5024674534797668
Sample 2,Chronos,0.49753254652023315
Sample 3,Moirai,0.5375432968139648
Sample 3,Timer,0.46245667338371277
Sample 4,Chronos,0.5260639190673828
Sample 4,Time-MoE,0.4739361107349396
Sample 5,Moirai,0.544029951095581
Sample 5,Timer,0.45597001910209656
Sample 6,Moirai,0.5429865717887878
Sample 6,Time-MoE,0.45701339840888977
Sample 7,Chronos,0.513884425163269
Sample 7,TimesFM,0.48611560463905334
Sample 8,Time-MoE,0.5012727975845337
Sample 8,Moirai,0.4987271726131439
Sample 9,Moirai,0.5397064685821533
Sample 9,Timer,0.4602935314178467
Sample 10,Moirai,0.5265130400657654
Sample 10,TimesFM,0.4734869599342346
Sample 11,Moirai,0.518841028213501
Sample 11,Chronos,0.4811590313911438
Sample 12,Chronos,0.5046770572662354
Sample 12,Time-MoE,0.49532297253608704
Sample 13,Chronos,0.5141109228134155
Sample 13,TimesFM,0.4858890473842621
Sample 14,Chronos,0.5091755390167236
Sample 14,Time-MoE,0.49082449078559875
Sample 15,Chronos,0.5058869123458862
Sample 15,Time-MoE,0.49411308765411377
Sample 16,Time-MoE,0.5041649341583252
Sample 16,Chronos,0.49583500623703003
Sample 17,Moirai,0.5416722893714905
Sample 17,Timer,0.4583277106285095
Sample 18,Chronos,0.5163015723228455
Sample 18,TimesFM,0.48369842767715454
Sample 19,Moirai,0.5316147804260254
Sample 19,Timer,0.468385249376297
Sample 20,Moirai,0.5322020649909973
Sample 20,Timer,0.4677979648113251
Sample 21,Moirai,0.5369746088981628
Sample 21,Timer,0.46302536129951477
Sample 22,Moirai,0.5094020962715149
Sample 22,Chronos,0.4905979037284851
Sample 23,Chronos,0.5193852782249451
Sample 23,Time-MoE,0.48061469197273254
Sample 24,Moirai,0.5322327017784119
Sample 24,Time-MoE,0.46776729822158813
Sample 25,Moirai,0.5341575741767883
Sample 25,Timer,0.4658423960208893
Sample 26,Moirai,0.5015019178390503
Sample 26,Chronos,0.4984980821609497
Sample 27,Moirai,0.5477789044380188
Sample 27,Timer,0.4522210955619812
Sample 28,Moirai,0.5548896789550781
Sample 28,Timer,0.4451102912425995
Sample 29,Moirai,0.5174039006233215
Sample 29,Timer,0.48259609937667847
Sample 30,Moirai,0.5274473428726196
Sample 30,Time-MoE,0.47255265712738037
Sample 31,Chronos,0.5215832591056824
Sample 31,TimesFM,0.47841677069664
Sample 0,Moirai,0.5967769026756287
Sample 0,Timer,0.4032231271266937
Sample 1,Moirai,0.5195400714874268
Sample 1,Timer,0.48045995831489563
Sample 2,Moirai,0.5043453574180603
Sample 2,Time-MoE,0.4956546425819397
Sample 3,Moirai,0.5163818001747131
Sample 3,Chronos,0.48361819982528687
Sample 4,Chronos,0.5072466731071472
Sample 4,Timer,0.4927532970905304
Sample 5,Moirai,0.5557526350021362
Sample 5,Timer,0.44424736499786377
Sample 6,Moirai,0.5136760473251343
Sample 6,Chronos,0.4863239824771881
Sample 7,Chronos,0.5192824602127075
Sample 7,TimesFM,0.4807175397872925
Sample 8,Time-MoE,0.5146867036819458
Sample 8,Chronos,0.4853132665157318
Sample 9,Moirai,0.53159499168396
Sample 9,Timer,0.4684050381183624
Sample 10,TimesFM,0.5024227499961853
Sample 10,Chronos,0.4975772202014923
Sample 11,Moirai,0.517267107963562
Sample 11,Timer,0.482732892036438
Sample 12,Moirai,0.5017800331115723
Sample 12,Chronos,0.4982199966907501
Sample 13,Moirai,0.5482747554779053
Sample 13,Timer,0.4517252445220947
Sample 14,Moirai,0.5446847677230835
Sample 14,Timer,0.4553152620792389
Sample 15,Chronos,0.5221991539001465
Sample 15,Time-MoE,0.4778008759021759
Sample 0,Time-MoE,0.5083369612693787
Sample 0,Moirai,0.49166303873062134
Sample 1,Moirai,0.5152203440666199
Sample 1,Timer,0.4847797155380249
Sample 2,Chronos,0.5302519798278809
Sample 2,Timer,0.46974802017211914
Sample 3,Moirai,0.5276209712028503
Sample 3,Timer,0.47237902879714966
Sample 4,Moirai,0.5491120219230652
Sample 4,Time-MoE,0.4508879780769348
Sample 5,Moirai,0.5369209051132202
Sample 5,Timer,0.4630791246891022
Sample 6,Moirai,0.5155461430549622
Sample 6,Chronos,0.48445388674736023
Sample 7,Chronos,0.5240346193313599
Sample 7,Time-MoE,0.47596538066864014
Sample 8,Moirai,0.5266988277435303
Sample 8,Time-MoE,0.4733012020587921
Sample 9,Moirai,0.5156071782112122
Sample 9,Timer,0.48439285159111023
Sample 10,Moirai,0.5364062786102295
Sample 10,Time-MoE,0.4635936915874481
Sample 11,Moirai,0.5377148389816284
Sample 11,Timer,0.4622851610183716
Sample 12,Chronos,0.5035461187362671
Sample 12,Time-MoE,0.4964539110660553
Sample 13,Moirai,0.5434564352035522
Sample 13,Timer,0.45654356479644775
Sample 14,Moirai,0.536058783531189
Sample 14,Timer,0.46394118666648865
Sample 15,Chronos,0.5280582904815674
Sample 15,Time-MoE,0.4719417095184326
Sample 16,Moirai,0.511391818523407
Sample 16,Time-MoE,0.488608181476593
Sample 17,Moirai,0.5416215658187866
Sample 17,Timer,0.458378404378891
Sample 18,Chronos,0.504211962223053
Sample 18,TimesFM,0.49578800797462463
Sample 19,Moirai,0.5231820940971375
Sample 19,Timer,0.47681787610054016
Sample 20,Moirai,0.5450943112373352
Sample 20,Chronos,0.4549056589603424
Sample 21,Moirai,0.5203549861907959
Sample 21,Timer,0.4796450734138489
Sample 22,Chronos,0.5063301920890808
Sample 22,Timer,0.4936698079109192
Sample 23,Chronos,0.512721598148346
Sample 23,Time-MoE,0.48727846145629883
Sample 24,Time-MoE,0.5102666616439819
Sample 24,Chronos,0.48973339796066284
Sample 25,Moirai,0.5210571885108948
Sample 25,Timer,0.4789428114891052
Sample 26,Moirai,0.5279290676116943
Sample 26,Chronos,0.4720709025859833
Sample 27,Moirai,0.5427410006523132
Sample 27,Chronos,0.45725899934768677
Sample 28,Chronos,0.5288422107696533
Sample 28,TimesFM,0.4711577892303467
Sample 29,Moirai,0.5499171018600464
Sample 29,Timer,0.4500828981399536
Sample 30,Moirai,0.5647709369659424
Sample 30,Timer,0.43522903323173523
Sample 31,Chronos,0.520753800868988
Sample 31,TimesFM,0.47924622893333435
Sample 0,Time-MoE,0.503108561038971
Sample 0,Chronos,0.49689143896102905
Sample 1,Moirai,0.5503818988800049
Sample 1,Timer,0.4496181309223175
Sample 2,Chronos,0.5068130493164062
Sample 2,Time-MoE,0.49318698048591614
Sample 3,Moirai,0.5148354172706604
Sample 3,Chronos,0.4851645827293396
Sample 4,Chronos,0.5211732983589172
Sample 4,TimesFM,0.47882670164108276
Sample 5,Moirai,0.5502077341079712
Sample 5,Timer,0.4497922658920288
Sample 6,Moirai,0.5007736086845398
Sample 6,Chronos,0.4992263913154602
Sample 7,Chronos,0.51644366979599
Sample 7,Time-MoE,0.4835563600063324
Sample 8,Moirai,0.5956048965454102
Sample 8,Time-MoE,0.40439513325691223
Sample 9,Moirai,0.5397958159446716
Sample 9,Timer,0.46020421385765076
Sample 10,Moirai,0.5224265456199646
Sample 10,Chronos,0.4775734543800354
Sample 11,Chronos,0.5153362154960632
Sample 11,TimesFM,0.48466381430625916
Sample 12,Chronos,0.5097842812538147
Sample 12,Timer,0.4902157485485077
Sample 13,Moirai,0.5461061596870422
Sample 13,Timer,0.45389387011528015
Sample 14,Moirai,0.5084847807884216
Sample 14,Chronos,0.49151521921157837
Sample 15,Chronos,0.5093517899513245
Sample 15,Time-MoE,0.49064821004867554
Sample 16,Moirai,0.5250896215438843
Sample 16,Time-MoE,0.4749104082584381
Sample 17,Moirai,0.543617844581604
Sample 17,Timer,0.4563821256160736
Sample 18,Chronos,0.5069906711578369
Sample 18,TimesFM,0.4930093586444855
Sample 19,Moirai,0.5264931917190552
Sample 19,Timer,0.4735068082809448
Sample 20,Moirai,0.5636605620384216
Sample 20,TimesFM,0.43633949756622314
Sample 21,Moirai,0.550688624382019
Sample 21,Timer,0.44931140542030334
Sample 22,Moirai,0.5084058046340942
Sample 22,Chronos,0.49159419536590576
Sample 23,Chronos,0.5343731045722961
Sample 23,TimesFM,0.46562686562538147
Sample 24,Moirai,0.6014681458473206
Sample 24,Time-MoE,0.39853185415267944
Sample 25,Moirai,0.5064130425453186
Sample 25,Timer,0.4935869574546814
Sample 26,Moirai,0.5311567187309265
Sample 26,TimesFM,0.4688433110713959
Sample 27,Moirai,0.5206190943717957
Sample 27,Timer,0.47938093543052673
Sample 28,Chronos,0.5271220803260803
Sample 28,Time-MoE,0.47287794947624207
Sample 29,Moirai,0.5348363518714905
Sample 29,Timer,0.46516358852386475
Sample 30,Moirai,0.5270532965660095
Sample 30,Timer,0.4729466438293457
Sample 31,Chronos,0.5235299468040466
Sample 31,Time-MoE,0.47647005319595337
Sample 0,Time-MoE,0.5100706219673157
Sample 0,TimesFM,0.4899294078350067
Sample 1,Moirai,0.538734495639801
Sample 1,Timer,0.46126553416252136
Sample 2,Moirai,0.538477897644043
Sample 2,TimesFM,0.46152207255363464
Sample 3,Moirai,0.5186275839805603
Sample 3,Chronos,0.4813723862171173
Sample 4,Chronos,0.5084083080291748
Sample 4,Time-MoE,0.4915916621685028
Sample 5,Moirai,0.5427203178405762
Sample 5,Timer,0.45727962255477905
Sample 6,Chronos,0.5210056900978088
Sample 6,Timer,0.47899430990219116
Sample 7,Chronos,0.5158754587173462
Sample 7,TimesFM,0.4841245412826538
Sample 8,Time-MoE,0.5114222168922424
Sample 8,Chronos,0.4885777533054352
Sample 9,Moirai,0.520091712474823
Sample 9,Timer,0.4799082577228546
Sample 10,Moirai,0.5133204460144043
Sample 10,Timer,0.4866795241832733
Sample 11,Chronos,0.5083301663398743
Sample 11,Timer,0.4916698634624481
Sample 12,Chronos,0.5345518589019775
Sample 12,TimesFM,0.46544817090034485
Sample 13,Moirai,0.5349105000495911
Sample 13,Timer,0.46508949995040894
Sample 14,Moirai,0.5321025252342224
Sample 14,Chronos,0.4678975045681
Sample 15,Chronos,0.5217196345329285
Sample 15,Time-MoE,0.4782803952693939
Sample 16,Moirai,0.5978268980979919
Sample 16,TimesFM,0.4021730422973633
Sample 17,Moirai,0.5019326210021973
Sample 17,Chronos,0.4980674088001251
Sample 18,Chronos,0.5103750228881836
Sample 18,Time-MoE,0.4896249771118164
Sample 19,Moirai,0.5459840297698975
Sample 19,Chronos,0.4540160000324249
Sample 20,Chronos,0.5272216200828552
Sample 20,Time-MoE,0.4727783799171448
Sample 21,Moirai,0.5352673530578613
Sample 21,Timer,0.4647326171398163
Sample 22,Moirai,0.5334780812263489
Sample 22,Chronos,0.4665219485759735
Sample 23,Chronos,0.5204275846481323
Sample 23,TimesFM,0.4795723855495453
Sample 24,Time-MoE,0.5015555620193481
Sample 24,Chronos,0.49844443798065186
Sample 25,Moirai,0.5166882872581482
Sample 25,Timer,0.4833117127418518
Sample 26,Moirai,0.5036801695823669
Sample 26,Time-MoE,0.49631986021995544
Sample 27,Moirai,0.5055215358734131
Sample 27,Chronos,0.4944784343242645
Sample 28,Chronos,0.5302688479423523
Sample 28,TimesFM,0.4697311222553253
Sample 29,Moirai,0.5235787630081177
Sample 29,Timer,0.47642120718955994
Sample 30,Moirai,0.52823406457901
Sample 30,Timer,0.47176593542099
Sample 31,Chronos,0.5297848582267761
Sample 31,TimesFM,0.4702151119709015
Sample 0,Time-MoE,0.5075507164001465
Sample 0,Chronos,0.4924493432044983
Sample 1,Moirai,0.5321364402770996
Sample 1,Timer,0.4678635597229004
Sample 2,Chronos,0.5033314228057861
Sample 2,TimesFM,0.49666857719421387
Sample 3,Moirai,0.5316201448440552
Sample 3,Timer,0.46837979555130005
Sample 4,Chronos,0.5071208477020264
Sample 4,Time-MoE,0.492879182100296
Sample 5,Chronos,0.5103726387023926
Sample 5,Time-MoE,0.4896273612976074
Sample 6,Time-MoE,0.5015690326690674
Sample 6,Chronos,0.4984309673309326
Sample 7,Chronos,0.5134463906288147
Sample 7,TimesFM,0.4865536093711853
Sample 8,Time-MoE,0.5159444808959961
Sample 8,Chronos,0.4840554893016815
Sample 9,Moirai,0.5316162109375
Sample 9,Timer,0.4683837592601776
Sample 10,Chronos,0.5100335478782654
Sample 10,Timer,0.4899664521217346
Sample 11,Moirai,0.5201154351234436
Sample 11,Timer,0.4798845946788788
Sample 12,Chronos,0.523865282535553
Sample 12,Time-MoE,0.47613468766212463
Sample 13,Moirai,0.5237037539482117
Sample 13,Timer,0.47629621624946594
Sample 14,Moirai,0.5207334756851196
Sample 14,Timer,0.47926655411720276
Sample 15,Chronos,0.5183167457580566
Sample 15,Time-MoE,0.48168328404426575
Sample 16,Time-MoE,0.5134536623954773
Sample 16,Chronos,0.4865463376045227
Sample 17,Chronos,0.5054528713226318
Sample 17,Timer,0.49454715847969055
Sample 18,Chronos,0.5041388869285583
Sample 18,Time-MoE,0.49586114287376404
Sample 19,Moirai,0.5073078870773315
Sample 19,Timer,0.49269211292266846
Sample 20,Chronos,0.5314575433731079
Sample 20,TimesFM,0.4685424268245697
Sample 21,Moirai,0.532698929309845
Sample 21,Timer,0.46730104088783264
Sample 22,Moirai,0.547565221786499
Sample 22,Time-MoE,0.4524347484111786
Sample 23,Chronos,0.5223106741905212
Sample 23,TimesFM,0.47768929600715637
Sample 24,Time-MoE,0.503361701965332
Sample 24,Chronos,0.49663835763931274
Sample 25,Moirai,0.5217309594154358
Sample 25,Timer,0.4782690703868866
Sample 26,Chronos,0.5154551863670349
Sample 26,Time-MoE,0.4845448434352875
Sample 27,Moirai,0.5171056389808655
Sample 27,Timer,0.48289433121681213
Sample 28,Chronos,0.516301691532135
Sample 28,Time-MoE,0.483698308467865
Sample 29,Moirai,0.5158305764198303
Sample 29,Chronos,0.48416945338249207
Sample 30,Moirai,0.5523629784584045
Sample 30,Timer,0.44763702154159546
Sample 31,Chronos,0.5204290151596069
Sample 31,Time-MoE,0.4795709550380707
Sample 0,Time-MoE,0.5167152285575867
Sample 0,Moirai,0.4832848012447357
Sample 1,Moirai,0.5364747643470764
Sample 1,Timer,0.46352526545524597
Sample 2,Moirai,0.5047270059585571
Sample 2,Chronos,0.49527305364608765
Sample 3,Moirai,0.5265438556671143
Sample 3,Timer,0.47345611453056335
Sample 4,Moirai,0.5106830596923828
Sample 4,Chronos,0.4893169403076172
Sample 5,Moirai,0.5282300114631653
Sample 5,Timer,0.4717700481414795
Sample 6,Moirai,0.5618669986724854
Sample 6,Chronos,0.43813297152519226
Sample 7,Chronos,0.5117612481117249
Sample 7,TimesFM,0.48823872208595276
Sample 8,Moirai,0.5601342916488647
Sample 8,Time-MoE,0.43986573815345764
Sample 9,Moirai,0.5275385975837708
Sample 9,Timer,0.4724613428115845
Sample 10,Moirai,0.5031294226646423
Sample 10,Time-MoE,0.49687063694000244
Sample 11,Moirai,0.5003825426101685
Sample 11,Chronos,0.49961742758750916
Sample 12,Chronos,0.5053184628486633
Sample 12,Time-MoE,0.49468153715133667
Sample 13,Moirai,0.5376885533332825
Sample 13,Timer,0.46231141686439514
Sample 14,Moirai,0.5205928087234497
Sample 14,Chronos,0.4794071614742279
Sample 15,Chronos,0.5096219182014465
Sample 15,TimesFM,0.49037808179855347
Sample 16,Moirai,0.524587094783783
Sample 16,Time-MoE,0.47541287541389465
Sample 17,Moirai,0.526281476020813
Sample 17,Timer,0.4737185537815094
Sample 18,Moirai,0.5542852878570557
Sample 18,Time-MoE,0.4457147419452667
Sample 19,Moirai,0.5006574392318726
Sample 19,Chronos,0.49934256076812744
Sample 20,Chronos,0.5356119275093079
Sample 20,TimesFM,0.46438807249069214
Sample 21,Moirai,0.5430353879928589
Sample 21,Timer,0.4569645822048187
Sample 22,Moirai,0.5553787350654602
Sample 22,Timer,0.4446212351322174
Sample 23,Chronos,0.5214264392852783
Sample 23,TimesFM,0.47857362031936646
Sample 24,Time-MoE,0.5149435997009277
Sample 24,Moirai,0.48505640029907227
Sample 25,Moirai,0.5168997049331665
Sample 25,Timer,0.4831003248691559
Sample 26,Moirai,0.5104605555534363
Sample 26,Chronos,0.48953938484191895
Sample 27,Moirai,0.5158179402351379
Sample 27,Chronos,0.4841820299625397
Sample 28,Chronos,0.511422336101532
Sample 28,Time-MoE,0.48857763409614563
Sample 29,Moirai,0.5118740200996399
Sample 29,Chronos,0.4881260097026825
Sample 30,Moirai,0.5650933980941772
Sample 30,Chronos,0.43490657210350037
Sample 31,Chronos,0.511871337890625
Sample 31,TimesFM,0.488128662109375
Sample 0,Time-MoE,0.5082130432128906
Sample 0,Chronos,0.491786926984787
Sample 1,Moirai,0.5290881395339966
Sample 1,Timer,0.4709118902683258
Sample 2,Moirai,0.5021952390670776
Sample 2,Chronos,0.4978047311306
Sample 3,Moirai,0.5391060709953308
Sample 3,Timer,0.4608938992023468
Sample 4,Chronos,0.5289173126220703
Sample 4,Time-MoE,0.4710826873779297
Sample 5,Moirai,0.5460625886917114
Sample 5,Timer,0.4539374113082886
Sample 6,Moirai,0.5457925796508789
Sample 6,Time-MoE,0.4542073905467987
Sample 7,Chronos,0.5146604180335999
Sample 7,TimesFM,0.48533952236175537
Sample 8,Time-MoE,0.5014228820800781
Sample 8,Moirai,0.4985771179199219
Sample 9,Moirai,0.5414448380470276
Sample 9,Timer,0.45855513215065
Sample 10,Moirai,0.5278316736221313
Sample 10,TimesFM,0.47216835618019104
Sample 11,Moirai,0.518458366394043
Sample 11,Chronos,0.48154163360595703
Sample 12,Chronos,0.5049610733985901
Sample 12,Time-MoE,0.4950389862060547
Sample 13,Chronos,0.5153235197067261
Sample 13,TimesFM,0.4846765100955963
Sample 14,Chronos,0.5100136995315552
Sample 14,Time-MoE,0.4899863004684448
Sample 15,Chronos,0.5068162083625793
Sample 15,TimesFM,0.49318379163742065
Sample 16,Time-MoE,0.5035930275917053
Sample 16,Chronos,0.49640700221061707
Sample 17,Moirai,0.5434964299201965
Sample 17,Timer,0.4565035104751587
Sample 18,Chronos,0.5171935558319092
Sample 18,TimesFM,0.4828064739704132
Sample 19,Moirai,0.5326449871063232
Sample 19,Timer,0.46735504269599915
Sample 20,Moirai,0.5339378714561462
Sample 20,Timer,0.46606209874153137
Sample 21,Moirai,0.5385141968727112
Sample 21,Timer,0.4614858329296112
Sample 22,Moirai,0.5086138844490051
Sample 22,Chronos,0.4913861155509949
Sample 23,Chronos,0.5218849182128906
Sample 23,Time-MoE,0.4781150817871094
Sample 24,Moirai,0.5340216755867004
Sample 24,Time-MoE,0.46597835421562195
Sample 25,Moirai,0.5355063080787659
Sample 25,Timer,0.46449363231658936
Sample 26,Moirai,0.5012087821960449
Sample 26,Chronos,0.49879124760627747
Sample 27,Moirai,0.5501670241355896
Sample 27,Timer,0.4498330056667328
Sample 28,Moirai,0.5584743022918701
Sample 28,TimesFM,0.4415256679058075
Sample 29,Moirai,0.5173619985580444
Sample 29,Chronos,0.48263803124427795
Sample 30,Moirai,0.5285623669624329
Sample 30,Time-MoE,0.47143760323524475
Sample 31,Chronos,0.5233103632926941
Sample 31,TimesFM,0.4766896367073059
Sample 0,Moirai,0.6029260158538818
Sample 0,Timer,0.39707398414611816
Sample 1,Moirai,0.5196319222450256
Sample 1,Timer,0.48036810755729675
Sample 2,Moirai,0.5034831166267395
Sample 2,Time-MoE,0.4965168237686157
Sample 3,Moirai,0.5157018899917603
Sample 3,Chronos,0.48429813981056213
Sample 4,Chronos,0.508188009262085
Sample 4,Timer,0.49181193113327026
Sample 5,Moirai,0.5587515830993652
Sample 5,Timer,0.44124841690063477
Sample 6,Moirai,0.513141393661499
Sample 6,Chronos,0.4868585765361786
Sample 7,Chronos,0.5203325152397156
Sample 7,TimesFM,0.4796675145626068
Sample 8,Time-MoE,0.5155013203620911
Sample 8,Chronos,0.48449864983558655
Sample 9,Moirai,0.5325308442115784
Sample 9,Timer,0.467469185590744
Sample 10,TimesFM,0.5024777054786682
Sample 10,Chronos,0.4975223243236542
Sample 11,Moirai,0.5169876217842102
Sample 11,Chronos,0.4830123484134674
Sample 12,Moirai,0.5003064870834351
Sample 12,Chronos,0.49969348311424255
Sample 13,Moirai,0.550602376461029
Sample 13,Timer,0.44939762353897095
Sample 14,Moirai,0.5472180247306824
Sample 14,Timer,0.4527820348739624
Sample 15,Chronos,0.5246583819389343
Sample 15,Time-MoE,0.4753416180610657
Sample 0,Time-MoE,0.5095403790473938
Sample 0,Moirai,0.4904595911502838
Sample 1,Moirai,0.5147097110748291
Sample 1,Timer,0.4852902591228485
Sample 2,Chronos,0.5331389904022217
Sample 2,Timer,0.4668610692024231
Sample 3,Moirai,0.5283111333847046
Sample 3,Timer,0.4716888666152954
Sample 4,Moirai,0.5519821643829346
Sample 4,Chronos,0.44801780581474304
Sample 5,Moirai,0.5383668541908264
Sample 5,Timer,0.4616331458091736
Sample 6,Moirai,0.5150556564331055
Sample 6,Chronos,0.48494434356689453
Sample 7,Chronos,0.5265162587165833
Sample 7,TimesFM,0.47348374128341675
Sample 8,Moirai,0.5276313424110413
Sample 8,Time-MoE,0.47236865758895874
Sample 9,Moirai,0.5151358842849731
Sample 9,Timer,0.48486411571502686
Sample 10,Moirai,0.5380595922470093
Sample 10,Time-MoE,0.4619404077529907
Sample 11,Moirai,0.5395488142967224
Sample 11,Timer,0.4604511857032776
Sample 12,Chronos,0.5047571659088135
Sample 12,Time-MoE,0.49524280428886414
Sample 13,Moirai,0.5454251170158386
Sample 13,Timer,0.454574853181839
Sample 14,Moirai,0.537458598613739
Sample 14,Timer,0.4625413417816162
Sample 15,Chronos,0.5301239490509033
Sample 15,TimesFM,0.4698760211467743
Sample 16,Moirai,0.5117764472961426
Sample 16,Time-MoE,0.4882235527038574
Sample 17,Moirai,0.5433541536331177
Sample 17,Timer,0.4566458463668823
Sample 18,Chronos,0.504459023475647
Sample 18,TimesFM,0.495540976524353
Sample 19,Moirai,0.523409903049469
Sample 19,Timer,0.476590096950531
Sample 20,Moirai,0.5478682518005371
Sample 20,Chronos,0.4521317183971405
Sample 21,Moirai,0.5209454298019409
Sample 21,Timer,0.4790545403957367
Sample 22,Chronos,0.5068036913871765
Sample 22,Timer,0.4931963086128235
Sample 23,Chronos,0.5142838358879089
Sample 23,TimesFM,0.48571619391441345
Sample 24,Time-MoE,0.5109745860099792
Sample 24,Chronos,0.48902541399002075
Sample 25,Moirai,0.521027147769928
Sample 25,Timer,0.478972852230072
Sample 26,Moirai,0.5286110043525696
Sample 26,Chronos,0.4713890254497528
Sample 27,Moirai,0.5450161099433899
Sample 27,Chronos,0.4549838602542877
Sample 28,Chronos,0.5306106805801392
Sample 28,TimesFM,0.46938928961753845
Sample 29,Moirai,0.5522205233573914
Sample 29,Timer,0.44777947664260864
Sample 30,Moirai,0.5684709548950195
Sample 30,Timer,0.43152904510498047
Sample 31,Chronos,0.5217163562774658
Sample 31,TimesFM,0.47828370332717896
Sample 0,Time-MoE,0.5035325884819031
Sample 0,Chronos,0.4964674115180969
Sample 1,Moirai,0.5525179505348206
Sample 1,Timer,0.44748204946517944
Sample 2,Chronos,0.5075899362564087
Sample 2,Time-MoE,0.4924100935459137
Sample 3,Moirai,0.5138801336288452
Sample 3,Chronos,0.4861198365688324
Sample 4,Chronos,0.52219557762146
Sample 4,TimesFM,0.4778044819831848
Sample 5,Moirai,0.5525397658348083
Sample 5,Timer,0.44746020436286926
Sample 6,Chronos,0.5004774332046509
Sample 6,Moirai,0.4995225667953491
Sample 7,Chronos,0.5177997350692749
Sample 7,Time-MoE,0.4822002649307251
Sample 8,Moirai,0.6009140014648438
Sample 8,Time-MoE,0.39908596873283386
Sample 9,Moirai,0.5414184927940369
Sample 9,Timer,0.4585815370082855
Sample 10,Moirai,0.52303147315979
Sample 10,Chronos,0.47696852684020996
Sample 11,Chronos,0.5164481401443481
Sample 11,TimesFM,0.48355191946029663
Sample 12,Chronos,0.5104009509086609
Sample 12,Timer,0.4895990192890167
Sample 13,Moirai,0.5480996370315552
Sample 13,Timer,0.4519003629684448
Sample 14,Moirai,0.507336437702179
Sample 14,Chronos,0.49266359210014343
Sample 15,Chronos,0.5099503397941589
Sample 15,Time-MoE,0.4900496006011963
Sample 16,Moirai,0.5259037613868713
Sample 16,Time-MoE,0.47409626841545105
Sample 17,Moirai,0.5452269315719604
Sample 17,Timer,0.45477306842803955
Sample 18,Chronos,0.5072487592697144
Sample 18,TimesFM,0.49275121092796326
Sample 19,Moirai,0.5267928838729858
Sample 19,Chronos,0.4732070565223694
Sample 20,Moirai,0.5678879022598267
Sample 20,Chronos,0.43211209774017334
Sample 21,Moirai,0.5529147386550903
Sample 21,Timer,0.44708529114723206
Sample 22,Moirai,0.5084605813026428
Sample 22,Chronos,0.4915393888950348
Sample 23,Chronos,0.5357564091682434
Sample 23,TimesFM,0.4642435908317566
Sample 24,Moirai,0.607575535774231
Sample 24,Time-MoE,0.39242443442344666
Sample 25,Moirai,0.505159854888916
Sample 25,Timer,0.4948401153087616
Sample 26,Moirai,0.5329170823097229
Sample 26,TimesFM,0.4670829176902771
Sample 27,Moirai,0.5207584500312805
Sample 27,Timer,0.4792415499687195
Sample 28,Chronos,0.5292867422103882
Sample 28,Time-MoE,0.4707132577896118
Sample 29,Moirai,0.5359402894973755
Sample 29,Timer,0.4640597403049469
Sample 30,Moirai,0.5272209048271179
Sample 30,Timer,0.4727790355682373
Sample 31,Chronos,0.523987889289856
Sample 31,TimesFM,0.47601214051246643
Sample 0,Time-MoE,0.5104271173477173
Sample 0,TimesFM,0.4895728826522827
Sample 1,Moirai,0.5398430824279785
Sample 1,Timer,0.4601568877696991
Sample 2,Moirai,0.5407772064208984
Sample 2,TimesFM,0.45922279357910156
Sample 3,Moirai,0.5180809497833252
Sample 3,Chronos,0.4819190204143524
Sample 4,Chronos,0.5079523324966431
Sample 4,Time-MoE,0.4920476973056793
Sample 5,Moirai,0.5441869497299194
Sample 5,Timer,0.4558130204677582
Sample 6,Chronos,0.522947371006012
Sample 6,Timer,0.47705259919166565
Sample 7,Chronos,0.5159353017807007
Sample 7,TimesFM,0.48406466841697693
Sample 8,Time-MoE,0.5136895179748535
Sample 8,Chronos,0.48631054162979126
Sample 9,Moirai,0.5198444724082947
Sample 9,Timer,0.48015549778938293
Sample 10,Moirai,0.5128846764564514
Sample 10,Timer,0.48711535334587097
Sample 11,Chronos,0.5091373324394226
Sample 11,Timer,0.4908626973628998
Sample 12,Chronos,0.5354002118110657
Sample 12,TimesFM,0.46459975838661194
Sample 13,Moirai,0.5358660817146301
Sample 13,Timer,0.4641339182853699
Sample 14,Moirai,0.5323874354362488
Sample 14,Chronos,0.467612624168396
Sample 15,Chronos,0.521820068359375
Sample 15,TimesFM,0.4781799018383026
Sample 16,Moirai,0.6032214760780334
Sample 16,Time-MoE,0.39677855372428894
Sample 17,Moirai,0.5004376769065857
Sample 17,Chronos,0.49956226348876953
Sample 18,Chronos,0.5110320448875427
Sample 18,Time-MoE,0.4889679551124573
Sample 19,Moirai,0.5484737753868103
Sample 19,Chronos,0.4515261948108673
Sample 20,Chronos,0.5287581086158752
Sample 20,Time-MoE,0.47124189138412476
Sample 21,Moirai,0.5362812280654907
Sample 21,Timer,0.4637187719345093
Sample 22,Moirai,0.5345613360404968
Sample 22,Chronos,0.4654386639595032
Sample 23,Chronos,0.5214565396308899
Sample 23,TimesFM,0.47854340076446533
Sample 24,Time-MoE,0.5029997229576111
Sample 24,Chronos,0.4970003068447113
Sample 25,Moirai,0.5161177515983582
Sample 25,Timer,0.48388227820396423
Sample 26,Moirai,0.5025187730789185
Sample 26,Time-MoE,0.49748119711875916
Sample 27,Moirai,0.504504919052124
Sample 27,Chronos,0.4954950511455536
Sample 28,Chronos,0.5312055349349976
Sample 28,TimesFM,0.46879446506500244
Sample 29,Moirai,0.5238685011863708
Sample 29,Timer,0.47613152861595154
Sample 30,Moirai,0.5286949872970581
Sample 30,Timer,0.4713050425052643
Sample 31,Chronos,0.5306050181388855
Sample 31,TimesFM,0.4693949818611145
Sample 0,Time-MoE,0.5097458362579346
Sample 0,Chronos,0.49025416374206543
Sample 1,Moirai,0.5327461361885071
Sample 1,Timer,0.4672538638114929
Sample 2,Chronos,0.5026828646659851
Sample 2,TimesFM,0.4973171651363373
Sample 3,Moirai,0.5320677757263184
Sample 3,Timer,0.46793222427368164
Sample 4,Chronos,0.5069960951805115
Sample 4,Moirai,0.4930039346218109
Sample 5,Chronos,0.5100486874580383
Sample 5,Time-MoE,0.4899512827396393
Sample 6,Time-MoE,0.5021383762359619
Sample 6,Chronos,0.4978615939617157
Sample 7,Chronos,0.5135221481323242
Sample 7,TimesFM,0.4864778220653534
Sample 8,Time-MoE,0.5180081725120544
Sample 8,TimesFM,0.48199185729026794
Sample 9,Moirai,0.532027542591095
Sample 9,Timer,0.46797242760658264
Sample 10,Chronos,0.5108811259269714
Sample 10,Timer,0.4891188442707062
Sample 11,Moirai,0.5198671221733093
Sample 11,Timer,0.4801328778266907
Sample 12,Chronos,0.5240464806556702
Sample 12,Time-MoE,0.4759535491466522
Sample 13,Moirai,0.5238219499588013
Sample 13,Timer,0.47617805004119873
Sample 14,Moirai,0.5209146738052368
Sample 14,Timer,0.47908535599708557
Sample 15,Chronos,0.5178424715995789
Sample 15,Time-MoE,0.48215749859809875
Sample 16,Time-MoE,0.5156106948852539
Sample 16,TimesFM,0.4843893051147461
Sample 17,Chronos,0.5057626962661743
Sample 17,Timer,0.49423733353614807
Sample 18,Chronos,0.5040048360824585
Sample 18,Time-MoE,0.4959951341152191
Sample 19,Moirai,0.5067219138145447
Sample 19,Timer,0.4932781159877777
Sample 20,Chronos,0.5325626134872437
Sample 20,TimesFM,0.46743735671043396
Sample 21,Moirai,0.5332098007202148
Sample 21,Timer,0.46679022908210754
Sample 22,Moirai,0.5499156713485718
Sample 22,Time-MoE,0.4500843584537506
Sample 23,Chronos,0.522510826587677
Sample 23,TimesFM,0.4774891436100006
Sample 24,Time-MoE,0.5054613351821899
Sample 24,Chronos,0.49453863501548767
Sample 25,Moirai,0.5216027498245239
Sample 25,Timer,0.4783972501754761
Sample 26,Chronos,0.5157031416893005
Sample 26,Time-MoE,0.4842968285083771
Sample 27,Moirai,0.5166827440261841
Sample 27,Timer,0.4833172559738159
Sample 28,Chronos,0.5160006284713745
Sample 28,Time-MoE,0.4839994013309479
Sample 29,Moirai,0.515211820602417
Sample 29,Chronos,0.484788179397583
Sample 30,Moirai,0.5543539524078369
Sample 30,Timer,0.44564610719680786
Sample 31,Chronos,0.5205276608467102
Sample 31,Time-MoE,0.47947239875793457
Sample 0,Time-MoE,0.5176622271537781
Sample 0,TimesFM,0.4823377728462219
Sample 1,Moirai,0.5369446873664856
Sample 1,Timer,0.4630553722381592
Sample 2,Moirai,0.5036725997924805
Sample 2,Chronos,0.49632740020751953
Sample 3,Moirai,0.5264444947242737
Sample 3,Timer,0.47355544567108154
Sample 4,Moirai,0.5110483765602112
Sample 4,Chronos,0.4889516234397888
Sample 5,Moirai,0.5284088850021362
Sample 5,Timer,0.47159111499786377
Sample 6,Moirai,0.5645739436149597
Sample 6,TimesFM,0.4354260265827179
Sample 7,Chronos,0.511100709438324
Sample 7,TimesFM,0.48889926075935364
Sample 8,Moirai,0.5622429251670837
Sample 8,Time-MoE,0.43775713443756104
Sample 9,Moirai,0.5274206399917603
Sample 9,Timer,0.47257936000823975
Sample 10,Moirai,0.501503586769104
Sample 10,Time-MoE,0.4984964430332184
Sample 11,Chronos,0.5003201365470886
Sample 11,Moirai,0.499679833650589
Sample 12,Chronos,0.5049624443054199
Sample 12,Time-MoE,0.49503758549690247
Sample 13,Moirai,0.5388506650924683
Sample 13,Timer,0.46114933490753174
Sample 14,Moirai,0.520638644695282
Sample 14,Chronos,0.4793613851070404
Sample 15,Chronos,0.509979784488678
Sample 15,TimesFM,0.490020215511322
Sample 16,Moirai,0.5242463946342468
Sample 16,Time-MoE,0.47575363516807556
Sample 17,Moirai,0.5261263251304626
Sample 17,Timer,0.4738736152648926
Sample 18,Moirai,0.5563033223152161
Sample 18,Time-MoE,0.44369664788246155
Sample 19,Chronos,0.5008926391601562
Sample 19,Moirai,0.4991074204444885
Sample 20,Chronos,0.5361759662628174
Sample 20,TimesFM,0.4638240337371826
Sample 21,Moirai,0.5442556738853455
Sample 21,Timer,0.45574432611465454
Sample 22,Moirai,0.5571228861808777
Sample 22,Timer,0.4428771138191223
Sample 23,Chronos,0.521504819393158
Sample 23,TimesFM,0.47849518060684204
Sample 24,Time-MoE,0.5161522626876831
Sample 24,TimesFM,0.4838477075099945
Sample 25,Moirai,0.5159143805503845
Sample 25,Timer,0.4840856194496155
Sample 26,Moirai,0.511264443397522
Sample 26,Chronos,0.4887355864048004
Sample 27,Moirai,0.5150273442268372
Sample 27,Chronos,0.48497265577316284
Sample 28,Chronos,0.5107496380805969
Sample 28,Time-MoE,0.48925042152404785
Sample 29,Moirai,0.5117948651313782
Sample 29,Chronos,0.4882051348686218
Sample 30,Moirai,0.5688698291778564
Sample 30,Chronos,0.43113014101982117
Sample 31,Chronos,0.5110146999359131
Sample 31,TimesFM,0.4889853298664093
Sample 0,Time-MoE,0.5117853283882141
Sample 0,Chronos,0.4882146418094635
Sample 1,Moirai,0.5287474393844604
Sample 1,Timer,0.47125253081321716
Sample 2,Moirai,0.5022632479667664
Sample 2,Chronos,0.49773678183555603
Sample 3,Moirai,0.539661705493927
Sample 3,Timer,0.4603383541107178
Sample 4,Chronos,0.5289135575294495
Sample 4,Time-MoE,0.47108644247055054
Sample 5,Moirai,0.5470923781394958
Sample 5,Timer,0.45290759205818176
Sample 6,Moirai,0.5476545691490173
Sample 6,TimesFM,0.45234546065330505
Sample 7,Chronos,0.5142390131950378
Sample 7,TimesFM,0.48576104640960693
Sample 8,Time-MoE,0.5032581090927124
Sample 8,Moirai,0.4967418909072876
Sample 9,Moirai,0.5421366095542908
Sample 9,Timer,0.45786333084106445
Sample 10,Moirai,0.5290312170982361
Sample 10,TimesFM,0.47096875309944153
Sample 11,Moirai,0.5178660154342651
Sample 11,Chronos,0.4821339547634125
Sample 12,Chronos,0.5046703815460205
Sample 12,Time-MoE,0.4953296482563019
Sample 13,Chronos,0.5167117118835449
Sample 13,TimesFM,0.4832882881164551
Sample 14,Chronos,0.5099889636039734
Sample 14,Time-MoE,0.4900110065937042
Sample 15,Chronos,0.5061784982681274
Sample 15,TimesFM,0.49382150173187256
Sample 16,Time-MoE,0.5067567825317383
Sample 16,Chronos,0.49324318766593933
Sample 17,Moirai,0.5442110300064087
Sample 17,Timer,0.4557889401912689
Sample 18,Chronos,0.5164685249328613
Sample 18,TimesFM,0.48353147506713867
Sample 19,Moirai,0.5326144099235535
Sample 19,Timer,0.46738559007644653
Sample 20,Moirai,0.5351406335830688
Sample 20,Timer,0.4648593068122864
Sample 21,Moirai,0.5392575263977051
Sample 21,Timer,0.4607425034046173
Sample 22,Moirai,0.5076534152030945
Sample 22,Chronos,0.49234655499458313
Sample 23,Chronos,0.5210285186767578
Sample 23,Time-MoE,0.4789714515209198
Sample 24,Moirai,0.534465491771698
Sample 24,Time-MoE,0.465534508228302
Sample 25,Moirai,0.5358769297599792
Sample 25,Timer,0.46412307024002075
Sample 26,Moirai,0.5014675259590149
Sample 26,Chronos,0.4985324740409851
Sample 27,Moirai,0.551421582698822
Sample 27,Timer,0.44857844710350037
Sample 28,Moirai,0.5617120862007141
Sample 28,TimesFM,0.43828797340393066
Sample 29,Moirai,0.5169267058372498
Sample 29,Timer,0.48307329416275024
Sample 30,Moirai,0.5288346409797668
Sample 30,Time-MoE,0.47116538882255554
Sample 31,Chronos,0.5247836709022522
Sample 31,TimesFM,0.4752163589000702
Sample 0,Moirai,0.607822835445404
Sample 0,TimesFM,0.39217716455459595
Sample 1,Moirai,0.5184450149536133
Sample 1,Timer,0.4815549850463867
Sample 2,Moirai,0.502089262008667
Sample 2,Time-MoE,0.4979107677936554
Sample 3,Moirai,0.5144768357276917
Sample 3,Chronos,0.4855231046676636
Sample 4,Chronos,0.5091990828514099
Sample 4,Timer,0.4908009469509125
Sample 5,Moirai,0.560329794883728
Sample 5,Timer,0.439670205116272
Sample 6,Moirai,0.5121553540229797
Sample 6,Chronos,0.48784467577934265
Sample 7,Chronos,0.5200883150100708
Sample 7,TimesFM,0.4799116849899292
Sample 8,Time-MoE,0.5169849395751953
Sample 8,TimesFM,0.4830150306224823
Sample 9,Moirai,0.532132625579834
Sample 9,Timer,0.4678674042224884
Sample 10,TimesFM,0.5028597712516785
Sample 10,Chronos,0.49714019894599915
Sample 11,Moirai,0.515689492225647
Sample 11,Chronos,0.48431047797203064
Sample 12,Moirai,0.5003939270973206
Sample 12,Chronos,0.49960610270500183
Sample 13,Moirai,0.5515035390853882
Sample 13,Timer,0.4484964609146118
Sample 14,Moirai,0.5481665730476379
Sample 14,Timer,0.45183345675468445
Sample 15,Chronos,0.5235647559165955
Sample 15,Time-MoE,0.47643524408340454
Sample 0,Time-MoE,0.5110723972320557
Sample 0,Moirai,0.4889276623725891
Sample 1,Moirai,0.5125414729118347
Sample 1,Timer,0.48745855689048767
Sample 2,Chronos,0.5350199937820435
Sample 2,Timer,0.46498000621795654
Sample 3,Moirai,0.5273444652557373
Sample 3,Timer,0.4726555347442627
Sample 4,Moirai,0.5558094382286072
Sample 4,Chronos,0.4441905617713928
Sample 5,Moirai,0.5378602743148804
Sample 5,Timer,0.46213972568511963
Sample 6,Moirai,0.5139789581298828
Sample 6,Chronos,0.4860210716724396
Sample 7,Chronos,0.5250515341758728
Sample 7,Time-MoE,0.4749484658241272
Sample 8,Moirai,0.528273344039917
Sample 8,Time-MoE,0.47172659635543823
Sample 9,Moirai,0.5131099224090576
Sample 9,Timer,0.4868900775909424
Sample 10,Moirai,0.5393319129943848
Sample 10,Time-MoE,0.46066805720329285
Sample 11,Moirai,0.5395022034645081
Sample 11,Timer,0.46049776673316956
Sample 12,Chronos,0.5021871328353882
Sample 12,Time-MoE,0.4978128969669342
Sample 13,Moirai,0.5454773306846619
Sample 13,Timer,0.4545226991176605
Sample 14,Moirai,0.5370753407478333
Sample 14,Timer,0.46292462944984436
Sample 15,Chronos,0.5294785499572754
Sample 15,TimesFM,0.470521479845047
Sample 16,Moirai,0.5118383169174194
Sample 16,Time-MoE,0.48816174268722534
Sample 17,Moirai,0.5431269407272339
Sample 17,Timer,0.45687299966812134
Sample 18,Chronos,0.5039185285568237
Sample 18,Time-MoE,0.4960814416408539
Sample 19,Moirai,0.5218959450721741
Sample 19,Timer,0.4781040847301483
Sample 20,Moirai,0.5513548851013184
Sample 20,Chronos,0.44864508509635925
Sample 21,Moirai,0.5202375650405884
Sample 21,Timer,0.47976240515708923
Sample 22,Chronos,0.5071430206298828
Sample 22,Timer,0.4928569495677948
Sample 23,Chronos,0.5143638253211975
Sample 23,TimesFM,0.48563623428344727
Sample 24,Time-MoE,0.5152156949043274
Sample 24,Chronos,0.484784334897995
Sample 25,Moirai,0.5192468166351318
Sample 25,Timer,0.48075321316719055
Sample 26,Moirai,0.5303114652633667
Sample 26,Chronos,0.4696885645389557
Sample 27,Moirai,0.5480934381484985
Sample 27,Chronos,0.45190656185150146
Sample 28,Chronos,0.5312358140945435
Sample 28,TimesFM,0.46876412630081177
Sample 29,Moirai,0.5526641011238098
Sample 29,Timer,0.4473358392715454
Sample 30,Moirai,0.5705599784851074
Sample 30,Timer,0.42944005131721497
Sample 31,Chronos,0.5215112566947937
Sample 31,TimesFM,0.4784887433052063
Sample 0,Time-MoE,0.5073908567428589
Sample 0,Chronos,0.4926091730594635
Sample 1,Moirai,0.5521824359893799
Sample 1,Timer,0.4478175640106201
Sample 2,Chronos,0.5074802041053772
Sample 2,Time-MoE,0.4925198256969452
Sample 3,Moirai,0.5120779275894165
Sample 3,Chronos,0.4879220724105835
Sample 4,Chronos,0.5231691598892212
Sample 4,TimesFM,0.4768308699131012
Sample 5,Moirai,0.5524563789367676
Sample 5,Timer,0.4475436210632324
Sample 6,Chronos,0.5021435618400574
Sample 6,Moirai,0.497856467962265
Sample 7,Chronos,0.5157840251922607
Sample 7,Time-MoE,0.48421594500541687
Sample 8,Moirai,0.6065405607223511
Sample 8,Time-MoE,0.3934594392776489
Sample 9,Moirai,0.5405492186546326
Sample 9,Timer,0.45945078134536743
Sample 10,Moirai,0.5235612392425537
Sample 10,Chronos,0.4764387309551239
Sample 11,Chronos,0.5167868137359619
Sample 11,TimesFM,0.4832131564617157
Sample 12,Chronos,0.5102817416191101
Sample 12,Timer,0.48971831798553467
Sample 13,Moirai,0.5477531552314758
Sample 13,Timer,0.45224684476852417
Sample 14,Moirai,0.5054445266723633
Sample 14,Chronos,0.49455544352531433
Sample 15,Chronos,0.5082584619522095
Sample 15,Time-MoE,0.4917415380477905
Sample 16,Moirai,0.5273157358169556
Sample 16,Time-MoE,0.4726842939853668
Sample 17,Moirai,0.5443686246871948
Sample 17,Timer,0.45563140511512756
Sample 18,Chronos,0.5074780583381653
Sample 18,TimesFM,0.4925219416618347
Sample 19,Moirai,0.5249075889587402
Sample 19,Timer,0.47509244084358215
Sample 20,Moirai,0.5698304176330566
Sample 20,Timer,0.43016961216926575
Sample 21,Moirai,0.5527636408805847
Sample 21,Timer,0.4472363591194153
Sample 22,Moirai,0.5083953142166138
Sample 22,Chronos,0.49160465598106384
Sample 23,Chronos,0.5361756086349487
Sample 23,TimesFM,0.46382442116737366
Sample 24,Moirai,0.6134321689605713
Sample 24,Time-MoE,0.3865678012371063
Sample 25,Moirai,0.5025279521942139
Sample 25,Timer,0.49747204780578613
Sample 26,Moirai,0.5332087874412537
Sample 26,Timer,0.4667912423610687
Sample 27,Moirai,0.5192403793334961
Sample 27,Timer,0.48075956106185913
Sample 28,Chronos,0.5285258293151855
Sample 28,Time-MoE,0.47147417068481445
Sample 29,Moirai,0.5349448323249817
Sample 29,Timer,0.4650551676750183
Sample 30,Moirai,0.5252277255058289
Sample 30,Timer,0.47477230429649353
Sample 31,Chronos,0.5232963562011719
Sample 31,TimesFM,0.47670361399650574
Sample 0,Time-MoE,0.511734127998352
Sample 0,TimesFM,0.48826584219932556
Sample 1,Moirai,0.5382130742073059
Sample 1,Timer,0.4617869257926941
Sample 2,Moirai,0.5423625111579895
Sample 2,TimesFM,0.4576375186443329
Sample 3,Moirai,0.516162097454071
Sample 3,Chronos,0.4838378429412842
Sample 4,Chronos,0.5062417984008789
Sample 4,Time-MoE,0.4937582314014435
Sample 5,Moirai,0.5430485606193542
Sample 5,Timer,0.45695140957832336
Sample 6,Chronos,0.524773895740509
Sample 6,Timer,0.47522616386413574
Sample 7,Chronos,0.5151585340499878
Sample 7,TimesFM,0.48484140634536743
Sample 8,Time-MoE,0.5173346996307373
Sample 8,TimesFM,0.4826652705669403
Sample 9,Moirai,0.5173801779747009
Sample 9,Timer,0.4826197922229767
Sample 10,Moirai,0.5105802416801453
Sample 10,Timer,0.48941972851753235
Sample 11,Chronos,0.509818971157074
Sample 11,Timer,0.4901810884475708
Sample 12,Chronos,0.535775899887085
Sample 12,TimesFM,0.46422407031059265
Sample 13,Moirai,0.534406304359436
Sample 13,Timer,0.46559372544288635
Sample 14,Moirai,0.5304179787635803
Sample 14,Timer,0.46958205103874207
Sample 15,Chronos,0.5211955308914185
Sample 15,Time-MoE,0.47880446910858154
Sample 16,Moirai,0.6077539920806885
Sample 16,Time-MoE,0.3922460675239563
Sample 17,Chronos,0.5012919306755066
Sample 17,Timer,0.498708039522171
Sample 18,Chronos,0.5109186172485352
Sample 18,Time-MoE,0.48908138275146484
Sample 19,Moirai,0.5517847537994385
Sample 19,Chronos,0.4482152760028839
Sample 20,Chronos,0.5282458066940308
Sample 20,Time-MoE,0.47175416350364685
Sample 21,Moirai,0.5353260040283203
Sample 21,Timer,0.4646739363670349
Sample 22,Moirai,0.5346328616142273
Sample 22,Chronos,0.46536707878112793
Sample 23,Chronos,0.5223985910415649
Sample 23,TimesFM,0.47760137915611267
Sample 24,Time-MoE,0.5069400668144226
Sample 24,Chronos,0.493059903383255
Sample 25,Moirai,0.5133299231529236
Sample 25,Timer,0.48667004704475403
Sample 26,Moirai,0.501201331615448
Sample 26,Time-MoE,0.4987986087799072
Sample 27,Moirai,0.502712607383728
Sample 27,Chronos,0.497287392616272
Sample 28,Chronos,0.5315864086151123
Sample 28,TimesFM,0.4684136211872101
Sample 29,Moirai,0.5220620036125183
Sample 29,Timer,0.4779379963874817
Sample 30,Moirai,0.5267696380615234
Sample 30,Timer,0.47323042154312134
Sample 31,Chronos,0.5308727622032166
Sample 31,TimesFM,0.4691272974014282
Sample 0,Time-MoE,0.5134910345077515
Sample 0,Chronos,0.4865089952945709
Sample 1,Moirai,0.5304016470909119
Sample 1,Timer,0.46959832310676575
Sample 2,Chronos,0.5020185112953186
Sample 2,TimesFM,0.4979815185070038
Sample 3,Moirai,0.5300531983375549
Sample 3,Timer,0.46994680166244507
Sample 4,Chronos,0.5071055293083191
Sample 4,Time-MoE,0.49289441108703613
Sample 5,Chronos,0.5087012052536011
Sample 5,Time-MoE,0.4912987947463989
Sample 6,Time-MoE,0.502769410610199
Sample 6,Chronos,0.49723055958747864
Sample 7,Chronos,0.5134291052818298
Sample 7,TimesFM,0.4865708649158478
Sample 8,Time-MoE,0.5201400518417358
Sample 8,TimesFM,0.4798598885536194
Sample 9,Moirai,0.5296522378921509
Sample 9,Timer,0.4703477621078491
Sample 10,Chronos,0.5117801427841187
Sample 10,Timer,0.48821982741355896
Sample 11,Moirai,0.5176252126693726
Sample 11,Timer,0.48237478733062744
Sample 12,Chronos,0.5223760604858398
Sample 12,Time-MoE,0.47762396931648254
Sample 13,Moirai,0.5214511156082153
Sample 13,Timer,0.47854891419410706
Sample 14,Moirai,0.5192310214042664
Sample 14,Timer,0.48076894879341125
Sample 15,Chronos,0.5157130360603333
Sample 15,Time-MoE,0.48428696393966675
Sample 16,Time-MoE,0.5176162719726562
Sample 16,TimesFM,0.4823837876319885
Sample 17,Chronos,0.5062064528465271
Sample 17,Timer,0.4937935769557953
Sample 18,Chronos,0.5029832124710083
Sample 18,Time-MoE,0.4970167577266693
Sample 19,Moirai,0.50510573387146
Sample 19,Timer,0.4948942959308624
Sample 20,Chronos,0.5335346460342407
Sample 20,TimesFM,0.46646538376808167
Sample 21,Moirai,0.531062662601471
Sample 21,Timer,0.46893733739852905
Sample 22,Moirai,0.5512991547584534
Sample 22,Time-MoE,0.44870081543922424
Sample 23,Chronos,0.5225182771682739
Sample 23,TimesFM,0.4774817228317261
Sample 24,Time-MoE,0.509404718875885
Sample 24,Chronos,0.4905953109264374
Sample 25,Moirai,0.5190971493721008
Sample 25,Timer,0.4809028208255768
Sample 26,Chronos,0.5144231915473938
Sample 26,Time-MoE,0.4855768084526062
Sample 27,Moirai,0.5141829252243042
Sample 27,Timer,0.4858170747756958
Sample 28,Chronos,0.5137835144996643
Sample 28,Time-MoE,0.4862164855003357
Sample 29,Moirai,0.5128564238548279
Sample 29,Chronos,0.4871436059474945
Sample 30,Moirai,0.5535346269607544
Sample 30,Timer,0.4464653730392456
Sample 31,Chronos,0.5183330774307251
Sample 31,Time-MoE,0.4816669523715973
Sample 0,Time-MoE,0.5198545455932617
Sample 0,TimesFM,0.4801454544067383
Sample 1,Moirai,0.5347124338150024
Sample 1,Timer,0.46528753638267517
Sample 2,Moirai,0.5016705393791199
Sample 2,Chronos,0.49832943081855774
Sample 3,Moirai,0.5241199135780334
Sample 3,Timer,0.47588008642196655
Sample 4,Moirai,0.5122137665748596
Sample 4,Chronos,0.4877862334251404
Sample 5,Moirai,0.5263896584510803
Sample 5,Timer,0.4736102819442749
Sample 6,Moirai,0.5644903182983398
Sample 6,Timer,0.43550971150398254
Sample 7,Chronos,0.5106140375137329
Sample 7,TimesFM,0.4893859922885895
Sample 8,Moirai,0.5656083822250366
Sample 8,Time-MoE,0.43439164757728577
Sample 9,Moirai,0.5248212814331055
Sample 9,Timer,0.47517871856689453
Sample 10,Moirai,0.5000768303871155
Sample 10,Time-MoE,0.4999231696128845
Sample 11,Moirai,0.5000960230827332
Sample 11,Chronos,0.49990397691726685
Sample 12,Chronos,0.5036367177963257
Sample 12,Time-MoE,0.4963633120059967
Sample 13,Moirai,0.5382080674171448
Sample 13,Timer,0.4617919623851776
Sample 14,Moirai,0.5191718935966492
Sample 14,Chronos,0.48082807660102844
Sample 15,Chronos,0.5103095769882202
Sample 15,TimesFM,0.4896904230117798
Sample 16,Moirai,0.5255926251411438
Sample 16,Time-MoE,0.4744073748588562
Sample 17,Moirai,0.5233981013298035
Sample 17,Timer,0.47660186886787415
Sample 18,Moirai,0.557471513748169
Sample 18,Time-MoE,0.44252848625183105
Sample 19,Chronos,0.5036047101020813
Sample 19,Moirai,0.4963953197002411
Sample 20,Chronos,0.5366876721382141
Sample 20,Time-MoE,0.4633123278617859
Sample 21,Moirai,0.5427202582359314
Sample 21,Timer,0.45727968215942383
Sample 22,Moirai,0.5561590790748596
Sample 22,Timer,0.4438409209251404
Sample 23,Chronos,0.5216620564460754
Sample 23,TimesFM,0.47833794355392456
Sample 24,Time-MoE,0.5182828903198242
Sample 24,TimesFM,0.4817170798778534
Sample 25,Moirai,0.5128049254417419
Sample 25,Timer,0.4871950149536133
Sample 26,Moirai,0.5116243958473206
Sample 26,Chronos,0.48837563395500183
Sample 27,Moirai,0.5126477479934692
Sample 27,Timer,0.48735228180885315
Sample 28,Chronos,0.5087122917175293
Sample 28,Time-MoE,0.4912876784801483
Sample 29,Moirai,0.5103391408920288
Sample 29,Chronos,0.4896608889102936
Sample 30,Moirai,0.5712618827819824
Sample 30,TimesFM,0.42873817682266235
Sample 31,Chronos,0.5104048252105713
Sample 31,TimesFM,0.4895951747894287
Sample 0,Time-MoE,0.5162895321846008
Sample 0,Chronos,0.48371046781539917
Sample 1,Moirai,0.5264900922775269
Sample 1,Timer,0.47350987792015076
Sample 2,Moirai,0.5017962455749512
Sample 2,Chronos,0.49820372462272644
Sample 3,Moirai,0.5382252335548401
Sample 3,Timer,0.4617748260498047
Sample 4,Chronos,0.5277430415153503
Sample 4,Time-MoE,0.47225695848464966
Sample 5,Moirai,0.5460135340690613
Sample 5,Timer,0.4539864957332611
Sample 6,Moirai,0.5488766431808472
Sample 6,Time-MoE,0.4511233866214752
Sample 7,Chronos,0.5141217708587646
Sample 7,TimesFM,0.48587819933891296
Sample 8,Time-MoE,0.5036659836769104
Sample 8,Moirai,0.496334046125412
Sample 9,Moirai,0.5406547784805298
Sample 9,Timer,0.4593451917171478
Sample 10,Moirai,0.5301852226257324
Sample 10,TimesFM,0.4698147773742676
Sample 11,Moirai,0.5163872838020325
Sample 11,Chronos,0.48361271619796753
Sample 12,Chronos,0.5043894648551941
Sample 12,Time-MoE,0.4956105351448059
Sample 13,Chronos,0.5179222822189331
Sample 13,Timer,0.4820777475833893
Sample 14,Chronos,0.5096864104270935
Sample 14,Time-MoE,0.4903135895729065
Sample 15,Chronos,0.5050563812255859
Sample 15,Time-MoE,0.49494361877441406
Sample 16,Time-MoE,0.5110263824462891
Sample 16,Chronos,0.4889736771583557
Sample 17,Moirai,0.5428403615951538
Sample 17,Timer,0.4571596384048462
Sample 18,Chronos,0.5161530375480652
Sample 18,TimesFM,0.4838469624519348
Sample 19,Moirai,0.5305940508842468
Sample 19,Timer,0.4694059193134308
Sample 20,Moirai,0.5343687534332275
Sample 20,Timer,0.46563124656677246
Sample 21,Moirai,0.5380851626396179
Sample 21,Timer,0.46191486716270447
Sample 22,Moirai,0.5056688785552979
Sample 22,Chronos,0.49433109164237976
Sample 23,Chronos,0.5188122391700745
Sample 23,Time-MoE,0.48118776082992554
Sample 24,Moirai,0.5360073447227478
Sample 24,Time-MoE,0.4639926552772522
Sample 25,Moirai,0.5340133309364319
Sample 25,Timer,0.4659866690635681
Sample 26,Moirai,0.5018091797828674
Sample 26,Chronos,0.4981907606124878
Sample 27,Moirai,0.550435483455658
Sample 27,Timer,0.44956451654434204
Sample 28,Moirai,0.5637956857681274
Sample 28,Timer,0.43620434403419495
Sample 29,Moirai,0.5146446228027344
Sample 29,Timer,0.4853553771972656
Sample 30,Moirai,0.5291721224784851
Sample 30,Time-MoE,0.4708279073238373
Sample 31,Chronos,0.5260316729545593
Sample 31,TimesFM,0.47396835684776306
Sample 0,Moirai,0.6117513179779053
Sample 0,Timer,0.3882487416267395
Sample 1,Moirai,0.5160902738571167
Sample 1,Timer,0.4839096665382385
Sample 2,Moirai,0.5003954768180847
Sample 2,Time-MoE,0.49960455298423767
Sample 3,Moirai,0.5124650597572327
Sample 3,Chronos,0.48753491044044495
Sample 4,Chronos,0.5101211667060852
Sample 4,Timer,0.4898788630962372
Sample 5,Moirai,0.5605289340019226
Sample 5,Timer,0.4394710958003998
Sample 6,Moirai,0.5105530619621277
Sample 6,Chronos,0.4894469678401947
Sample 7,Chronos,0.5201213955879211
Sample 7,TimesFM,0.47987860441207886
Sample 8,Time-MoE,0.5194036364555359
Sample 8,TimesFM,0.4805963635444641
Sample 9,Moirai,0.5304072499275208
Sample 9,Timer,0.46959272027015686
Sample 10,TimesFM,0.5029729604721069
Sample 10,Chronos,0.4970270097255707
Sample 11,Moirai,0.5131892561912537
Sample 11,Timer,0.4868107736110687
Sample 12,Moirai,0.5014712810516357
Sample 12,Chronos,0.49852871894836426
Sample 13,Moirai,0.5510236620903015
Sample 13,Timer,0.4489763081073761
Sample 14,Moirai,0.5477311611175537
Sample 14,Timer,0.4522688686847687
Sample 15,Chronos,0.5214772820472717
Sample 15,Time-MoE,0.4785226583480835
Sample 0,Time-MoE,0.5116175413131714
Sample 0,Moirai,0.4883824288845062
Sample 1,Moirai,0.5104368925094604
Sample 1,Timer,0.48956307768821716
Sample 2,Chronos,0.5368723273277283
Sample 2,TimesFM,0.46312767267227173
Sample 3,Moirai,0.526100754737854
Sample 3,Timer,0.473899245262146
Sample 4,Moirai,0.5602291226387024
Sample 4,Time-MoE,0.43977081775665283
Sample 5,Moirai,0.5374699234962463
Sample 5,Timer,0.46253007650375366
Sample 6,Moirai,0.512540876865387
Sample 6,Chronos,0.48745912313461304
Sample 7,Chronos,0.522805392742157
Sample 7,Time-MoE,0.477194607257843
Sample 8,Moirai,0.5297020673751831
Sample 8,Time-MoE,0.4702979028224945
Sample 9,Moirai,0.5109740495681763
Sample 9,Timer,0.4890259802341461
Sample 10,Moirai,0.5408797860145569
Sample 10,Time-MoE,0.4591202735900879
Sample 11,Moirai,0.539002001285553
Sample 11,Timer,0.460997998714447
Sample 12,Time-MoE,0.5011515021324158
Sample 12,Chronos,0.49884849786758423
Sample 13,Moirai,0.5453895926475525
Sample 13,Timer,0.4546104371547699
Sample 14,Moirai,0.5366429090499878
Sample 14,Timer,0.46335703134536743
Sample 15,Chronos,0.5273780226707458
Sample 15,Time-MoE,0.47262197732925415
Sample 16,Moirai,0.5125362873077393
Sample 16,Time-MoE,0.48746368288993835
Sample 17,Moirai,0.5427727103233337
Sample 17,Timer,0.4572272300720215
Sample 18,Chronos,0.5032938718795776
Sample 18,Time-MoE,0.49670612812042236
Sample 19,Moirai,0.5201109051704407
Sample 19,Timer,0.4798890948295593
Sample 20,Moirai,0.5542818307876587
Sample 20,Chronos,0.4457181692123413
Sample 21,Moirai,0.5190944671630859
Sample 21,Timer,0.4809055030345917
Sample 22,Chronos,0.5076015591621399
Sample 22,Timer,0.4923984110355377
Sample 23,Chronos,0.5144709348678589
Sample 23,Time-MoE,0.4855290353298187
Sample 24,Time-MoE,0.5196658372879028
Sample 24,Chronos,0.4803341329097748
Sample 25,Moirai,0.5174388885498047
Sample 25,Timer,0.4825611114501953
Sample 26,Moirai,0.5315834283828735
Sample 26,Chronos,0.46841657161712646
Sample 27,Moirai,0.5513100028038025
Sample 27,Chronos,0.4486900269985199
Sample 28,Chronos,0.531749963760376
Sample 28,TimesFM,0.468250036239624
Sample 29,Moirai,0.5528624057769775
Sample 29,Timer,0.44713762402534485
Sample 30,Moirai,0.5727376937866211
Sample 30,Timer,0.4272623062133789
Sample 31,Chronos,0.5215831398963928
Sample 31,TimesFM,0.4784168303012848
Sample 0,Time-MoE,0.5111408829689026
Sample 0,Chronos,0.488859087228775
Sample 1,Moirai,0.5531305074691772
Sample 1,Timer,0.44686952233314514
Sample 2,Chronos,0.5075610280036926
Sample 2,Time-MoE,0.49243903160095215
Sample 3,Moirai,0.5100748538970947
Sample 3,Chronos,0.48992517590522766
Sample 4,Chronos,0.5241304039955139
Sample 4,TimesFM,0.4758695960044861
Sample 5,Moirai,0.5534822344779968
Sample 5,Timer,0.4465177059173584
Sample 6,Chronos,0.5036692023277283
Sample 6,Moirai,0.49633079767227173
Sample 7,Chronos,0.5138285160064697
Sample 7,Time-MoE,0.4861714541912079
Sample 8,Moirai,0.6127520203590393
Sample 8,Time-MoE,0.3872479498386383
Sample 9,Moirai,0.540520966053009
Sample 9,Timer,0.4594790041446686
Sample 10,Moirai,0.5238863229751587
Sample 10,Chronos,0.4761136770248413
Sample 11,Chronos,0.5173112750053406
Sample 11,TimesFM,0.48268869519233704
Sample 12,Chronos,0.5106315016746521
Sample 12,Timer,0.4893684983253479
Sample 13,Moirai,0.5482911467552185
Sample 13,Timer,0.4517087936401367
Sample 14,Moirai,0.5038496255874634
Sample 14,Chronos,0.49615034461021423
Sample 15,Chronos,0.5068451762199402
Sample 15,Time-MoE,0.4931548535823822
Sample 16,Moirai,0.5295677781105042
Sample 16,Time-MoE,0.47043222188949585
Sample 17,Moirai,0.544861376285553
Sample 17,Timer,0.4551386833190918
Sample 18,Chronos,0.507750928401947
Sample 18,TimesFM,0.49224910140037537
Sample 19,Moirai,0.5237264633178711
Sample 19,Timer,0.4762735664844513
Sample 20,Moirai,0.5731696486473083
Sample 20,Timer,0.42683038115501404
Sample 21,Moirai,0.5537348389625549
Sample 21,Timer,0.44626519083976746
Sample 22,Moirai,0.5086609125137329
Sample 22,Chronos,0.4913391172885895
Sample 23,Chronos,0.5368047952651978
Sample 23,TimesFM,0.46319517493247986
Sample 24,Moirai,0.6199069619178772
Sample 24,Time-MoE,0.3800930976867676
Sample 25,Moirai,0.5004430413246155
Sample 25,Timer,0.4995569884777069
Sample 26,Moirai,0.5338687300682068
Sample 26,Timer,0.4661312997341156
Sample 27,Moirai,0.5181340575218201
Sample 27,Timer,0.4818659722805023
Sample 28,Chronos,0.527804434299469
Sample 28,Time-MoE,0.472195565700531
Sample 29,Moirai,0.5346303582191467
Sample 29,Timer,0.4653696119785309
Sample 30,Moirai,0.5242748260498047
Sample 30,Timer,0.4757251739501953
Sample 31,Chronos,0.5219007134437561
Sample 31,Time-MoE,0.47809934616088867
Sample 0,Time-MoE,0.5129634141921997
Sample 0,TimesFM,0.4870365262031555
Sample 1,Moirai,0.5385466814041138
Sample 1,Timer,0.46145325899124146
Sample 2,Moirai,0.544079065322876
Sample 2,TimesFM,0.45592087507247925
Sample 3,Moirai,0.5146474838256836
Sample 3,Chronos,0.4853525459766388
Sample 4,Chronos,0.5052855610847473
Sample 4,Time-MoE,0.4947144389152527
Sample 5,Moirai,0.5441175103187561
Sample 5,Timer,0.4558824896812439
Sample 6,Chronos,0.5265034437179565
Sample 6,TimesFM,0.4734964966773987
Sample 7,Chronos,0.5149135589599609
Sample 7,TimesFM,0.48508647084236145
Sample 8,Time-MoE,0.5191231966018677
Sample 8,TimesFM,0.4808768033981323
Sample 9,Moirai,0.5165098309516907
Sample 9,Timer,0.4834901690483093
Sample 10,Moirai,0.5095471143722534
Sample 10,Timer,0.49045291543006897
Sample 11,Chronos,0.5108191967010498
Sample 11,Timer,0.4891808032989502
Sample 12,Chronos,0.5360784530639648
Sample 12,Time-MoE,0.46392157673835754
Sample 13,Moirai,0.5345821976661682
Sample 13,Timer,0.4654178321361542
Sample 14,Moirai,0.5307211875915527
Sample 14,Timer,0.4692787826061249
Sample 15,Chronos,0.5204112529754639
Sample 15,Time-MoE,0.4795887768268585
Sample 16,Moirai,0.6134029626846313
Sample 16,TimesFM,0.38659703731536865
Sample 17,Chronos,0.5018166303634644
Sample 17,Timer,0.49818336963653564
Sample 18,Chronos,0.5110340714454651
Sample 18,Time-MoE,0.4889659285545349
Sample 19,Moirai,0.5554673671722412
Sample 19,Chronos,0.44453269243240356
Sample 20,Chronos,0.5282246470451355
Sample 20,Time-MoE,0.4717753529548645
Sample 21,Moirai,0.5357347726821899
Sample 21,Timer,0.46426525712013245
Sample 22,Moirai,0.5355027318000793
Sample 22,Chronos,0.46449726819992065
Sample 23,Chronos,0.5233195424079895
Sample 23,TimesFM,0.4766804575920105
Sample 24,Time-MoE,0.5100004076957703
Sample 24,Chronos,0.4899996221065521
Sample 25,Moirai,0.5119604468345642
Sample 25,Timer,0.4880395233631134
Sample 26,Moirai,0.5001611709594727
Sample 26,Time-MoE,0.49983882904052734
Sample 27,Moirai,0.5010378360748291
Sample 27,Chronos,0.4989621937274933
Sample 28,Chronos,0.532310962677002
Sample 28,TimesFM,0.46768897771835327
Sample 29,Moirai,0.5218285322189331
Sample 29,Timer,0.4781714677810669
Sample 30,Moirai,0.5265311002731323
Sample 30,Timer,0.4734688699245453
Sample 31,Chronos,0.5314477682113647
Sample 31,TimesFM,0.46855223178863525
Sample 0,Time-MoE,0.5159546136856079
Sample 0,Chronos,0.4840454161167145
Sample 1,Moirai,0.53086918592453
Sample 1,Timer,0.46913084387779236
Sample 2,Chronos,0.5018748641014099
Sample 2,TimesFM,0.4981251657009125
Sample 3,Moirai,0.5304239392280579
Sample 3,Chronos,0.46957603096961975
Sample 4,Chronos,0.507262110710144
Sample 4,Time-MoE,0.49273788928985596
Sample 5,Chronos,0.5082453489303589
Sample 5,Time-MoE,0.4917546212673187
Sample 6,Time-MoE,0.503087043762207
Sample 6,Chronos,0.4969129264354706
Sample 7,Chronos,0.513608455657959
Sample 7,TimesFM,0.486391544342041
Sample 8,Time-MoE,0.521868109703064
Sample 8,TimesFM,0.47813186049461365
Sample 9,Moirai,0.5303276181221008
Sample 9,Timer,0.46967241168022156
Sample 10,Chronos,0.5130932927131653
Sample 10,Timer,0.4869067072868347
Sample 11,Moirai,0.5165393352508545
Sample 11,Chronos,0.4834606945514679
Sample 12,Chronos,0.5220165252685547
Sample 12,Time-MoE,0.4779834449291229
Sample 13,Moirai,0.5217313766479492
Sample 13,Timer,0.47826865315437317
Sample 14,Moirai,0.5193491578102112
Sample 14,Timer,0.48065078258514404
Sample 15,Chronos,0.5148098468780518
Sample 15,Time-MoE,0.48519018292427063
Sample 16,Time-MoE,0.5191923975944519
Sample 16,TimesFM,0.4808075726032257
Sample 17,Chronos,0.5068663954734802
Sample 17,Timer,0.49313363432884216
Sample 18,Chronos,0.502865731716156
Sample 18,Time-MoE,0.4971342384815216
Sample 19,Moirai,0.5041664838790894
Sample 19,Timer,0.49583351612091064
Sample 20,Chronos,0.5347035527229309
Sample 20,TimesFM,0.4652964770793915
Sample 21,Moirai,0.5314505696296692
Sample 21,Timer,0.4685494601726532
Sample 22,Moirai,0.5543748140335083
Sample 22,Time-MoE,0.4456252157688141
Sample 23,Chronos,0.523009181022644
Sample 23,TimesFM,0.47699078917503357
Sample 24,Time-MoE,0.5118098855018616
Sample 24,Chronos,0.4881901443004608
Sample 25,Moirai,0.5187698006629944
Sample 25,Timer,0.4812301993370056
Sample 26,Chronos,0.5144177675247192
Sample 26,Time-MoE,0.48558223247528076
Sample 27,Moirai,0.513395369052887
Sample 27,Timer,0.48660463094711304
Sample 28,Chronos,0.5129090547561646
Sample 28,Time-MoE,0.48709091544151306
Sample 29,Moirai,0.5116516351699829
Sample 29,Chronos,0.4883483648300171
Sample 30,Moirai,0.5556935667991638
Sample 30,Timer,0.4443064332008362
Sample 31,Chronos,0.5177842974662781
Sample 31,Time-MoE,0.48221567273139954
Sample 0,Time-MoE,0.520994246006012
Sample 0,Moirai,0.47900569438934326
Sample 1,Moirai,0.5361846685409546
Sample 1,Timer,0.4638153612613678
Sample 2,Moirai,0.5002025365829468
Sample 2,Chronos,0.49979743361473083
Sample 3,Moirai,0.524269163608551
Sample 3,Timer,0.4757307767868042
Sample 4,Moirai,0.5129082798957825
Sample 4,Chronos,0.48709169030189514
Sample 5,Moirai,0.5272476673126221
Sample 5,Timer,0.4727523922920227
Sample 6,Moirai,0.5689626932144165
Sample 6,Timer,0.4310373365879059
Sample 7,Chronos,0.5105974078178406
Sample 7,Time-MoE,0.4894026219844818
Sample 8,Moirai,0.5703235268592834
Sample 8,Time-MoE,0.42967644333839417
Sample 9,Moirai,0.5256889462471008
Sample 9,Timer,0.47431108355522156
Sample 10,Time-MoE,0.5010727643966675
Sample 10,Moirai,0.4989272654056549
Sample 11,Moirai,0.5002803206443787
Sample 11,Chronos,0.4997197091579437
Sample 12,Chronos,0.5037311315536499
Sample 12,Time-MoE,0.4962688982486725
Sample 13,Moirai,0.5400838255882263
Sample 13,Timer,0.4599161446094513
Sample 14,Moirai,0.5189188122749329
Sample 14,Chronos,0.48108118772506714
Sample 15,Chronos,0.5104986429214478
Sample 15,TimesFM,0.48950132727622986
Sample 16,Moirai,0.5281891822814941
Sample 16,Time-MoE,0.4718107581138611
Sample 17,Moirai,0.5238199234008789
Sample 17,Timer,0.4761800765991211
Sample 18,Moirai,0.5602915287017822
Sample 18,TimesFM,0.4397084712982178
Sample 19,Chronos,0.5045729875564575
Sample 19,Timer,0.4954269826412201
Sample 20,Chronos,0.537891685962677
Sample 20,Time-MoE,0.462108314037323
Sample 21,Moirai,0.5445408821105957
Sample 21,Timer,0.4554591178894043
Sample 22,Moirai,0.5594007968902588
Sample 22,Timer,0.4405991733074188
Sample 23,Chronos,0.5222542881965637
Sample 23,TimesFM,0.4777456820011139
Sample 24,Time-MoE,0.5190690159797668
Sample 24,Moirai,0.48093101382255554
Sample 25,Moirai,0.5126233696937561
Sample 25,Timer,0.4873766005039215
Sample 26,Moirai,0.5120660662651062
Sample 26,Chronos,0.4879339635372162
Sample 27,Moirai,0.5114706754684448
Sample 27,Chronos,0.4885292947292328
Sample 28,Chronos,0.5083490610122681
Sample 28,Time-MoE,0.4916509687900543
Sample 29,Moirai,0.5100302696228027
Sample 29,Chronos,0.4899697005748749
Sample 30,Moirai,0.5757724046707153
Sample 30,TimesFM,0.4242275357246399
Sample 31,Chronos,0.5104859471321106
Sample 31,TimesFM,0.4895140528678894
Sample 0,Time-MoE,0.5182371735572815
Sample 0,Chronos,0.4817628264427185
Sample 1,Moirai,0.5276992917060852
Sample 1,Timer,0.4723006784915924
Sample 2,Moirai,0.5014193058013916
Sample 2,Chronos,0.4985806941986084
Sample 3,Moirai,0.5398013591766357
Sample 3,Timer,0.46019861102104187
Sample 4,Chronos,0.5291152000427246
Sample 4,Time-MoE,0.470884770154953
Sample 5,Moirai,0.5485535264015198
Sample 5,Timer,0.4514465034008026
Sample 6,Moirai,0.5518268942832947
Sample 6,TimesFM,0.44817304611206055
Sample 7,Chronos,0.5147227644920349
Sample 7,TimesFM,0.4852772355079651
Sample 8,Time-MoE,0.5027869343757629
Sample 8,Moirai,0.49721309542655945
Sample 9,Moirai,0.5428019165992737
Sample 9,Timer,0.4571980834007263
Sample 10,Moirai,0.5320736169815063
Sample 10,TimesFM,0.46792635321617126
Sample 11,Moirai,0.5158618688583374
Sample 11,Chronos,0.4841381311416626
Sample 12,Chronos,0.5044206976890564
Sample 12,Time-MoE,0.4955792725086212
Sample 13,Chronos,0.519119143486023
Sample 13,TimesFM,0.48088082671165466
Sample 14,Chronos,0.5102066397666931
Sample 14,Time-MoE,0.4897933602333069
Sample 15,Chronos,0.5052870512008667
Sample 15,Time-MoE,0.4947129786014557
Sample 16,Time-MoE,0.5124353766441345
Sample 16,Chronos,0.4875646233558655
Sample 17,Moirai,0.5453070402145386
Sample 17,Timer,0.45469290018081665
Sample 18,Chronos,0.5167559385299683
Sample 18,TimesFM,0.48324400186538696
Sample 19,Moirai,0.531566321849823
Sample 19,Timer,0.4684336185455322
Sample 20,Moirai,0.5362776517868042
Sample 20,Timer,0.4637223780155182
Sample 21,Moirai,0.5403106212615967
Sample 21,Timer,0.4596893787384033
Sample 22,Moirai,0.5048620700836182
Sample 22,Chronos,0.4951379597187042
Sample 23,Chronos,0.5194523334503174
Sample 23,Time-MoE,0.48054760694503784
Sample 24,Moirai,0.5390200018882751
Sample 24,Time-MoE,0.46097999811172485
Sample 25,Moirai,0.5356904864311218
Sample 25,Timer,0.4643095135688782
Sample 26,Moirai,0.5016191005706787
Sample 26,Chronos,0.4983809292316437
Sample 27,Moirai,0.5532097220420837
Sample 27,Timer,0.44679027795791626
Sample 28,Moirai,0.5679270029067993
Sample 28,Timer,0.4320729374885559
Sample 29,Moirai,0.5146830677986145
Sample 29,Chronos,0.4853169322013855
Sample 30,Moirai,0.5307002663612366
Sample 30,Time-MoE,0.46929970383644104
Sample 31,Chronos,0.5272881984710693
Sample 31,TimesFM,0.47271180152893066
Sample 0,Moirai,0.6193397045135498
Sample 0,Timer,0.3806602656841278
Sample 1,Moirai,0.5164699554443359
Sample 1,Timer,0.48353010416030884
Sample 2,Time-MoE,0.5003178119659424
Sample 2,Moirai,0.4996821880340576
Sample 3,Moirai,0.5116562843322754
Sample 3,Chronos,0.4883437156677246
Sample 4,Chronos,0.5110856294631958
Sample 4,Timer,0.4889143705368042
Sample 5,Moirai,0.5644102692604065
Sample 5,Timer,0.4355897307395935
Sample 6,Moirai,0.5100080370903015
Sample 6,Chronos,0.4899919331073761
Sample 7,Chronos,0.5210126042366028
Sample 7,TimesFM,0.4789874255657196
Sample 8,Time-MoE,0.5201809406280518
Sample 8,Moirai,0.47981905937194824
Sample 9,Moirai,0.5321671962738037
Sample 9,Timer,0.4678328335285187
Sample 10,TimesFM,0.5029847621917725
Sample 10,Chronos,0.49701520800590515
Sample 11,Moirai,0.512139081954956
Sample 11,Chronos,0.48786091804504395
Sample 12,Moirai,0.5014159083366394
Sample 12,Chronos,0.498584121465683
Sample 13,Moirai,0.554175078868866
Sample 13,Timer,0.4458249509334564
Sample 14,Moirai,0.551060676574707
Sample 14,Timer,0.4489392936229706
Sample 15,Chronos,0.5224865674972534
Sample 15,Time-MoE,0.4775134027004242
Sample 0,Time-MoE,0.5119920372962952
Sample 0,Moirai,0.48800790309906006
Sample 1,Moirai,0.5105412602424622
Sample 1,Timer,0.48945873975753784
Sample 2,Chronos,0.5388084053993225
Sample 2,TimesFM,0.4611915647983551
Sample 3,Moirai,0.526852548122406
Sample 3,Timer,0.473147451877594
Sample 4,Moirai,0.5636853575706482
Sample 4,Chronos,0.4363146424293518
Sample 5,Moirai,0.5401148796081543
Sample 5,Timer,0.4598851799964905
Sample 6,Moirai,0.5120124220848083
Sample 6,Chronos,0.48798757791519165
Sample 7,Chronos,0.5243381857872009
Sample 7,Time-MoE,0.4756617546081543
Sample 8,Moirai,0.5314375162124634
Sample 8,Time-MoE,0.4685625433921814
Sample 9,Moirai,0.5110688805580139
Sample 9,Timer,0.48893114924430847
Sample 10,Moirai,0.5434429049491882
Sample 10,Time-MoE,0.45655709505081177
Sample 11,Moirai,0.5409865379333496
Sample 11,Timer,0.4590134620666504
Sample 12,Time-MoE,0.5009726285934448
Sample 12,Chronos,0.49902740120887756
Sample 13,Moirai,0.5483511686325073
Sample 13,Timer,0.45164886116981506
Sample 14,Moirai,0.5390922427177429
Sample 14,Timer,0.46090781688690186
Sample 15,Chronos,0.5292045474052429
Sample 15,Time-MoE,0.4707953929901123
Sample 16,Moirai,0.5134282112121582
Sample 16,Time-MoE,0.4865718185901642
Sample 17,Moirai,0.5455030202865601
Sample 17,Timer,0.45449694991111755
Sample 18,Chronos,0.5033571124076843
Sample 18,Time-MoE,0.49664294719696045
Sample 19,Moirai,0.5203872919082642
Sample 19,Timer,0.47961267828941345
Sample 20,Moirai,0.557001531124115
Sample 20,Chronos,0.4429984390735626
Sample 21,Moirai,0.5196406841278076
Sample 21,Timer,0.48035934567451477
Sample 22,Chronos,0.5083731412887573
Sample 22,Timer,0.49162688851356506
Sample 23,Chronos,0.5151666402816772
Sample 23,TimesFM,0.48483338952064514
Sample 24,Time-MoE,0.5211230516433716
Sample 24,TimesFM,0.4788769483566284
Sample 25,Moirai,0.5180890560150146
Sample 25,Timer,0.48191097378730774
Sample 26,Moirai,0.5326012969017029
Sample 26,Chronos,0.4673987329006195
Sample 27,Moirai,0.5545219779014587
Sample 27,Chronos,0.44547799229621887
Sample 28,Chronos,0.5330050587654114
Sample 28,TimesFM,0.4669950008392334
Sample 29,Moirai,0.556208610534668
Sample 29,Timer,0.44379138946533203
Sample 30,Moirai,0.5781208276748657
Sample 30,Timer,0.4218791723251343
Sample 31,Chronos,0.522351086139679
Sample 31,TimesFM,0.47764891386032104
Sample 0,Time-MoE,0.5119048953056335
Sample 0,Chronos,0.48809513449668884
Sample 1,Moirai,0.5566495060920715
Sample 1,Timer,0.4433504641056061
Sample 2,Chronos,0.508516788482666
Sample 2,Time-MoE,0.491483211517334
Sample 3,Moirai,0.5085926055908203
Sample 3,Chronos,0.49140745401382446
Sample 4,Chronos,0.5250813364982605
Sample 4,TimesFM,0.4749186336994171
Sample 5,Moirai,0.5570700764656067
Sample 5,Timer,0.4429299235343933
Sample 6,Chronos,0.504981279373169
Sample 6,Moirai,0.49501869082450867
Sample 7,Chronos,0.5149714946746826
Sample 7,Time-MoE,0.4850285053253174
Sample 8,Moirai,0.6183327436447144
Sample 8,Time-MoE,0.38166725635528564
Sample 9,Moirai,0.5428071618080139
Sample 9,Timer,0.4571928381919861
Sample 10,Moirai,0.5243692398071289
Sample 10,Chronos,0.4756307899951935
Sample 11,Chronos,0.518129825592041
Sample 11,TimesFM,0.48187020421028137
Sample 12,Chronos,0.5114809274673462
Sample 12,Timer,0.4885190725326538
Sample 13,Moirai,0.5511491298675537
Sample 13,Timer,0.4488508403301239
Sample 14,Moirai,0.5031057596206665
Sample 14,Chronos,0.4968942403793335
Sample 15,Chronos,0.507328450679779
Sample 15,Time-MoE,0.49267157912254333
Sample 16,Moirai,0.5307772755622864
Sample 16,Time-MoE,0.469222754240036
Sample 17,Moirai,0.5478628277778625
Sample 17,Timer,0.4521372318267822
Sample 18,Chronos,0.508033275604248
Sample 18,TimesFM,0.49196675419807434
Sample 19,Moirai,0.5242924094200134
Sample 19,Chronos,0.4757075905799866
Sample 20,Moirai,0.5785411596298218
Sample 20,TimesFM,0.4214588403701782
Sample 21,Moirai,0.5572659373283386
Sample 21,Timer,0.442734032869339
Sample 22,Moirai,0.5091865062713623
Sample 22,Chronos,0.4908134937286377
Sample 23,Chronos,0.5381721258163452
Sample 23,TimesFM,0.4618278741836548
Sample 24,Moirai,0.6264637112617493
Sample 24,Time-MoE,0.37353628873825073
Sample 25,Timer,0.5003743767738342
Sample 25,Chronos,0.49962562322616577
Sample 26,Moirai,0.5360839366912842
Sample 26,TimesFM,0.4639161229133606
Sample 27,Moirai,0.5179020762443542
Sample 27,Chronos,0.48209792375564575
Sample 28,Chronos,0.5299115777015686
Sample 28,Time-MoE,0.4700884521007538
Sample 29,Moirai,0.5363314151763916
Sample 29,Timer,0.4636685848236084
Sample 30,Moirai,0.5252811908721924
Sample 30,Timer,0.47471877932548523
Sample 31,Chronos,0.523414671421051
Sample 31,Time-MoE,0.47658535838127136
Sample 0,Time-MoE,0.5135985612869263
Sample 0,TimesFM,0.48640143871307373
Sample 1,Moirai,0.5403749346733093
Sample 1,Timer,0.4596250653266907
Sample 2,Moirai,0.5465289354324341
Sample 2,TimesFM,0.4534710943698883
Sample 3,Moirai,0.5136465430259705
Sample 3,Chronos,0.48635348677635193
Sample 4,Chronos,0.5051536560058594
Sample 4,Time-MoE,0.4948463439941406
Sample 5,Moirai,0.5467280149459839
Sample 5,Timer,0.4532719552516937
Sample 6,Chronos,0.5280802249908447
Sample 6,TimesFM,0.47191980481147766
Sample 7,Chronos,0.5152372717857361
Sample 7,TimesFM,0.4847627580165863
Sample 8,Time-MoE,0.5200743079185486
Sample 8,TimesFM,0.4799257516860962
Sample 9,Moirai,0.5170162916183472
Sample 9,Timer,0.4829837381839752
Sample 10,Moirai,0.5091224908828735
Sample 10,Timer,0.49087750911712646
Sample 11,Chronos,0.5116885304450989
Sample 11,Timer,0.4883114993572235
Sample 12,Chronos,0.537468433380127
Sample 12,TimesFM,0.4625316262245178
Sample 13,Moirai,0.5360656976699829
Sample 13,Timer,0.4639343023300171
Sample 14,Moirai,0.5319214463233948
Sample 14,Chronos,0.4680785536766052
Sample 15,Chronos,0.52186119556427
Sample 15,TimesFM,0.4781387746334076
Sample 16,Moirai,0.6196485757827759
Sample 16,TimesFM,0.3803514540195465
Sample 17,Chronos,0.5025247931480408
Sample 17,Timer,0.49747520685195923
Sample 18,Chronos,0.5117237567901611
Sample 18,Time-MoE,0.48827624320983887
Sample 19,Moirai,0.5587427020072937
Sample 19,Chronos,0.4412572979927063
Sample 20,Chronos,0.5301481485366821
Sample 20,Time-MoE,0.46985191106796265
Sample 21,Moirai,0.5373531579971313
Sample 21,Timer,0.46264684200286865
Sample 22,Moirai,0.5366126298904419
Sample 22,Chronos,0.46338731050491333
Sample 23,Chronos,0.5242962837219238
Sample 23,TimesFM,0.47570377588272095
Sample 24,Time-MoE,0.5109849572181702
Sample 24,Chronos,0.48901501297950745
Sample 25,Moirai,0.5116365551948547
Sample 25,Timer,0.48836347460746765
Sample 26,Time-MoE,0.5010433793067932
Sample 26,Moirai,0.498956561088562
Sample 27,Chronos,0.5002692937850952
Sample 27,Moirai,0.4997306764125824
Sample 28,Chronos,0.5334882736206055
Sample 28,TimesFM,0.4665117561817169
Sample 29,Moirai,0.5226837992668152
Sample 29,Timer,0.4773162007331848
Sample 30,Moirai,0.5274447798728943
Sample 30,Chronos,0.4725552499294281
Sample 31,Chronos,0.5325053334236145
Sample 31,TimesFM,0.4674946069717407
Sample 0,Time-MoE,0.5168433785438538
Sample 0,TimesFM,0.48315659165382385
Sample 1,Moirai,0.5317095518112183
Sample 1,Timer,0.4682905077934265
Sample 2,Chronos,0.5019523501396179
Sample 2,TimesFM,0.4980476200580597
Sample 3,Moirai,0.5301241874694824
Sample 3,Chronos,0.46987584233283997
Sample 4,Chronos,0.5071138143539429
Sample 4,Moirai,0.4928862154483795
Sample 5,Chronos,0.5084897875785828
Sample 5,Time-MoE,0.4915102422237396
Sample 6,Time-MoE,0.5033913254737854
Sample 6,Chronos,0.4966086745262146
Sample 7,Chronos,0.5139250755310059
Sample 7,TimesFM,0.48607489466667175
Sample 8,Time-MoE,0.5231565833091736
Sample 8,TimesFM,0.4768434166908264
Sample 9,Moirai,0.5313760638237
Sample 9,Timer,0.4686238765716553
Sample 10,Chronos,0.5141664743423462
Sample 10,Timer,0.4858335256576538
Sample 11,Moirai,0.5155467987060547
Sample 11,Chronos,0.4844532012939453
Sample 12,Chronos,0.523114800453186
Sample 12,Time-MoE,0.47688525915145874
Sample 13,Moirai,0.5224581956863403
Sample 13,Timer,0.4775417745113373
Sample 14,Moirai,0.519684910774231
Sample 14,Timer,0.48031508922576904
Sample 15,Chronos,0.5150579810142517
Sample 15,Time-MoE,0.4849419891834259
Sample 16,Time-MoE,0.5202751755714417
Sample 16,TimesFM,0.47972482442855835
Sample 17,Chronos,0.5076183676719666
Sample 17,Timer,0.49238166213035583
Sample 18,Chronos,0.5033581852912903
Sample 18,Time-MoE,0.4966418147087097
Sample 19,Moirai,0.5032883882522583
Sample 19,Timer,0.4967115819454193
Sample 20,Chronos,0.5359823107719421
Sample 20,TimesFM,0.4640176594257355
Sample 21,Moirai,0.5321578979492188
Sample 21,Timer,0.46784207224845886
Sample 22,Moirai,0.5569769144058228
Sample 22,Time-MoE,0.44302305579185486
Sample 23,Chronos,0.5236547589302063
Sample 23,TimesFM,0.4763452112674713
Sample 24,Time-MoE,0.5129362940788269
Sample 24,Chronos,0.4870637059211731
Sample 25,Moirai,0.5187798738479614
Sample 25,Timer,0.48122015595436096
Sample 26,Chronos,0.5155556201934814
Sample 26,Time-MoE,0.4844443202018738
Sample 27,Moirai,0.5128502249717712
Sample 27,Timer,0.48714974522590637
Sample 28,Chronos,0.5135027766227722
Sample 28,Time-MoE,0.4864971935749054
Sample 29,Moirai,0.5109206438064575
Sample 29,Chronos,0.48907938599586487
Sample 30,Moirai,0.5581199526786804
Sample 30,Timer,0.4418799877166748
Sample 31,Chronos,0.519149661064148
Sample 31,Time-MoE,0.48085030913352966
Sample 0,Time-MoE,0.522903561592102
Sample 0,TimesFM,0.47709640860557556
Sample 1,Moirai,0.5368995666503906
Sample 1,Timer,0.46310046315193176
Sample 2,Chronos,0.5012499690055847
Sample 2,Moirai,0.4987500309944153
Sample 3,Moirai,0.5236630439758301
Sample 3,Timer,0.47633689641952515
Sample 4,Moirai,0.5127628445625305
Sample 4,Chronos,0.4872371554374695
Sample 5,Moirai,0.5275703072547913
Sample 5,Timer,0.47242969274520874
Sample 6,Moirai,0.5721582770347595
Sample 6,Chronos,0.4278417229652405
Sample 7,Chronos,0.5107847452163696
Sample 7,TimesFM,0.489215224981308
Sample 8,Moirai,0.5715263485908508
Sample 8,Time-MoE,0.42847368121147156
Sample 9,Moirai,0.5258411169052124
Sample 9,Timer,0.4741588830947876
Sample 10,Time-MoE,0.5030853748321533
Sample 10,Moirai,0.4969146251678467
Sample 11,Chronos,0.5009307861328125
Sample 11,Moirai,0.4990692436695099
Sample 12,Chronos,0.5040016174316406
Sample 12,Time-MoE,0.495998352766037
Sample 13,Moirai,0.541318953037262
Sample 13,Timer,0.45868098735809326
Sample 14,Moirai,0.5182409882545471
Sample 14,Chronos,0.48175907135009766
Sample 15,Chronos,0.5107441544532776
Sample 15,TimesFM,0.4892558455467224
Sample 16,Moirai,0.5269721150398254
Sample 16,Time-MoE,0.4730278253555298
Sample 17,Moirai,0.5235657691955566
Sample 17,Timer,0.47643426060676575
Sample 18,Moirai,0.5625603795051575
Sample 18,Time-MoE,0.4374396502971649
Sample 19,Chronos,0.5049992203712463
Sample 19,Timer,0.49500077962875366
Sample 20,Chronos,0.5392389893531799
Sample 20,TimesFM,0.46076104044914246
Sample 21,Moirai,0.5455498695373535
Sample 21,Timer,0.45445019006729126
Sample 22,Moirai,0.5617148280143738
Sample 22,Timer,0.4382851719856262
Sample 23,Chronos,0.5228025317192078
Sample 23,TimesFM,0.47719746828079224
Sample 24,Time-MoE,0.5213167071342468
Sample 24,TimesFM,0.47868332266807556
Sample 25,Moirai,0.5115360617637634
Sample 25,Chronos,0.48846396803855896
Sample 26,Moirai,0.5123691558837891
Sample 26,Chronos,0.4876309037208557
Sample 27,Moirai,0.5096880197525024
Sample 27,Chronos,0.49031195044517517
Sample 28,Chronos,0.508658230304718
Sample 28,Time-MoE,0.49134179949760437
Sample 29,Moirai,0.509431779384613
Sample 29,Chronos,0.49056822061538696
Sample 30,Moirai,0.580008327960968
Sample 30,Chronos,0.41999170184135437
Sample 31,Chronos,0.5105444192886353
Sample 31,TimesFM,0.48945561051368713
Sample 0,Time-MoE,0.5199495553970337
Sample 0,Chronos,0.4800505042076111
Sample 1,Moirai,0.5268079042434692
Sample 1,Timer,0.47319212555885315
Sample 2,Moirai,0.5006465315818787
Sample 2,Chronos,0.49935346841812134
Sample 3,Moirai,0.5394089818000793
Sample 3,Timer,0.46059098839759827
Sample 4,Chronos,0.530895471572876
Sample 4,Time-MoE,0.46910449862480164
Sample 5,Moirai,0.5488125085830688
Sample 5,Timer,0.45118749141693115
Sample 6,Moirai,0.5531330108642578
Sample 6,Time-MoE,0.44686704874038696
Sample 7,Chronos,0.5154228806495667
Sample 7,TimesFM,0.48457711935043335
Sample 8,Time-MoE,0.5056251287460327
Sample 8,Moirai,0.4943748414516449
Sample 9,Moirai,0.5428436398506165
Sample 9,Timer,0.45715636014938354
Sample 10,Moirai,0.5333588123321533
Sample 10,TimesFM,0.4666411876678467
Sample 11,Moirai,0.5141910910606384
Sample 11,Chronos,0.48580893874168396
Sample 12,Chronos,0.5044618248939514
Sample 12,Time-MoE,0.49553820490837097
Sample 13,Chronos,0.5199280381202698
Sample 13,Timer,0.4800719916820526
Sample 14,Chronos,0.5106732249259949
Sample 14,Time-MoE,0.4893268048763275
Sample 15,Chronos,0.5056226253509521
Sample 15,Time-MoE,0.49437734484672546
Sample 16,Time-MoE,0.5135073065757751
Sample 16,Chronos,0.48649269342422485
Sample 17,Moirai,0.5454813241958618
Sample 17,Timer,0.4545186460018158
Sample 18,Chronos,0.5175179839134216
Sample 18,TimesFM,0.48248207569122314
Sample 19,Moirai,0.5306254029273987
Sample 19,Timer,0.46937456727027893
Sample 20,Moirai,0.5364664793014526
Sample 20,Timer,0.46353352069854736
Sample 21,Moirai,0.5406832695007324
Sample 21,Timer,0.45931676030158997
Sample 22,Moirai,0.5034167766571045
Sample 22,Chronos,0.4965831935405731
Sample 23,Chronos,0.5208262205123901
Sample 23,Time-MoE,0.47917377948760986
Sample 24,Moirai,0.5380672216415405
Sample 24,Time-MoE,0.46193280816078186
Sample 25,Moirai,0.5352427959442139
Sample 25,Timer,0.46475717425346375
Sample 26,Moirai,0.5006777048110962
Sample 26,Chronos,0.4993222951889038
Sample 27,Moirai,0.5536009669303894
Sample 27,Timer,0.446399062871933
Sample 28,Moirai,0.570195198059082
Sample 28,Timer,0.42980483174324036
Sample 29,Moirai,0.513251543045044
Sample 29,Chronos,0.48674848675727844
Sample 30,Moirai,0.5295994281768799
Sample 30,Time-MoE,0.4704005718231201
Sample 31,Chronos,0.5285952687263489
Sample 31,TimesFM,0.47140470147132874
Sample 0,Moirai,0.6230561137199402
Sample 0,Timer,0.3769438862800598
Sample 1,Moirai,0.514346718788147
Sample 1,Timer,0.48565325140953064
Sample 2,Time-MoE,0.5028923749923706
Sample 2,Moirai,0.4971076548099518
Sample 3,Moirai,0.509733259677887
Sample 3,Chronos,0.4902667701244354
Sample 4,Chronos,0.5112890005111694
Sample 4,Timer,0.4887109696865082
Sample 5,Moirai,0.5648464560508728
Sample 5,Timer,0.4351535141468048
Sample 6,Moirai,0.5082817077636719
Sample 6,Chronos,0.49171826243400574
Sample 7,Chronos,0.5220319032669067
Sample 7,TimesFM,0.47796812653541565
Sample 8,Time-MoE,0.5229856967926025
Sample 8,TimesFM,0.47701433300971985
Sample 9,Moirai,0.5306688547134399
Sample 9,Timer,0.46933114528656006
Sample 10,TimesFM,0.5028133392333984
Sample 10,Chronos,0.49718669056892395
Sample 11,Moirai,0.5094215273857117
Sample 11,Chronos,0.49057847261428833
Sample 12,Moirai,0.5006052851676941
Sample 12,Chronos,0.49939465522766113
Sample 13,Moirai,0.5539767742156982
Sample 13,Timer,0.44602322578430176
Sample 14,Moirai,0.5509747266769409
Sample 14,Timer,0.44902530312538147
Sample 15,Chronos,0.5239427089691162
Sample 15,Time-MoE,0.4760572612285614
Sample 0,Time-MoE,0.5155473351478577
Sample 0,Moirai,0.48445266485214233
Sample 1,Moirai,0.5074408650398254
Sample 1,Timer,0.49255916476249695
Sample 2,Chronos,0.5407648086547852
Sample 2,TimesFM,0.45923519134521484
Sample 3,Moirai,0.5245321989059448
Sample 3,Timer,0.4754678010940552
Sample 4,Moirai,0.5670864582061768
Sample 4,Chronos,0.43291351199150085
Sample 5,Moirai,0.5385683178901672
Sample 5,Timer,0.461431622505188
Sample 6,Moirai,0.5096029043197632
Sample 6,Chronos,0.4903971254825592
Sample 7,Chronos,0.5258609652519226
Sample 7,Time-MoE,0.4741390645503998
Sample 8,Moirai,0.5295906662940979
Sample 8,Time-MoE,0.4704093039035797
Sample 9,Moirai,0.5080216526985168
Sample 9,Timer,0.49197837710380554
Sample 10,Moirai,0.5439550876617432
Sample 10,Time-MoE,0.45604488253593445
Sample 11,Moirai,0.5395926237106323
Sample 11,Timer,0.4604073762893677
Sample 12,Time-MoE,0.5014420747756958
Sample 12,Chronos,0.4985579550266266
Sample 13,Moirai,0.5471619963645935
Sample 13,Timer,0.45283806324005127
Sample 14,Moirai,0.537699282169342
Sample 14,Timer,0.46230074763298035
Sample 15,Chronos,0.5309786796569824
Sample 15,Time-MoE,0.46902137994766235
Sample 16,Moirai,0.5114785432815552
Sample 16,Time-MoE,0.48852142691612244
Sample 17,Moirai,0.5440462827682495
Sample 17,Timer,0.4559537172317505
Sample 18,Chronos,0.5031832456588745
Sample 18,Time-MoE,0.4968167543411255
Sample 19,Moirai,0.517637312412262
Sample 19,Timer,0.48236268758773804
Sample 20,Moirai,0.5584295392036438
Sample 20,Chronos,0.4415704607963562
Sample 21,Moirai,0.517870306968689
Sample 21,Timer,0.4821297526359558
Sample 22,Chronos,0.5086642503738403
Sample 22,Timer,0.49133577942848206
Sample 23,Chronos,0.516058623790741
Sample 23,TimesFM,0.48394137620925903
Sample 24,Time-MoE,0.5233160257339478
Sample 24,TimesFM,0.476684033870697
Sample 25,Moirai,0.5152416229248047
Sample 25,Timer,0.4847583472728729
Sample 26,Moirai,0.5321632623672485
Sample 26,Chronos,0.46783673763275146
Sample 27,Moirai,0.5570242404937744
Sample 27,Chronos,0.442975789308548
Sample 28,Chronos,0.5344301462173462
Sample 28,TimesFM,0.4655698835849762
Sample 29,Moirai,0.5553776025772095
Sample 29,Timer,0.44462233781814575
Sample 30,Moirai,0.5790504813194275
Sample 30,Timer,0.4209495782852173
Sample 31,Chronos,0.5236431360244751
Sample 31,TimesFM,0.4763568937778473
Sample 0,Time-MoE,0.5132059454917908
Sample 0,Chronos,0.4867940843105316
Sample 1,Moirai,0.5552541613578796
Sample 1,Timer,0.44474586844444275
Sample 2,Chronos,0.5089451670646667
Sample 2,Time-MoE,0.491054892539978
Sample 3,Moirai,0.5051559805870056
Sample 3,Chronos,0.494843989610672
Sample 4,Chronos,0.5264346599578857
Sample 4,TimesFM,0.47356531023979187
Sample 5,Moirai,0.5558797717094421
Sample 5,Timer,0.4441201984882355
Sample 6,Chronos,0.5056135058403015
Sample 6,Timer,0.49438655376434326
Sample 7,Chronos,0.5157948732376099
Sample 7,Time-MoE,0.48420509696006775
Sample 8,Moirai,0.6207194924354553
Sample 8,Time-MoE,0.37928053736686707
Sample 9,Moirai,0.5406187176704407
Sample 9,Timer,0.45938125252723694
Sample 10,Moirai,0.523118257522583
Sample 10,Chronos,0.4768817126750946
Sample 11,Chronos,0.5193235874176025
Sample 11,TimesFM,0.4806763827800751
Sample 12,Chronos,0.5113570690155029
Sample 12,Timer,0.4886429011821747
Sample 13,Moirai,0.5494459867477417
Sample 13,Timer,0.4505540132522583
Sample 14,Moirai,0.5009115934371948
Sample 14,Chronos,0.49908843636512756
Sample 15,Chronos,0.5072776675224304
Sample 15,Time-MoE,0.4927223324775696
Sample 16,Moirai,0.529509961605072
Sample 16,Time-MoE,0.4704900085926056
Sample 17,Moirai,0.5460238456726074
Sample 17,Timer,0.4539761245250702
Sample 18,Chronos,0.5085574984550476
Sample 18,TimesFM,0.49144247174263
Sample 19,Moirai,0.5210897326469421
Sample 19,Timer,0.47891029715538025
Sample 20,Moirai,0.5809740424156189
Sample 20,Timer,0.4190259575843811
Sample 21,Moirai,0.5558958649635315
Sample 21,Timer,0.4441041350364685
Sample 22,Moirai,0.508335530757904
Sample 22,Chronos,0.49166443943977356
Sample 23,Chronos,0.5401192903518677
Sample 23,TimesFM,0.4598807394504547
Sample 24,Moirai,0.6298350691795349
Sample 24,Time-MoE,0.3701649010181427
Sample 25,Timer,0.5003949403762817
Sample 25,Chronos,0.49960508942604065
Sample 26,Moirai,0.5351556539535522
Sample 26,Timer,0.464844286441803
Sample 27,Moirai,0.5155826210975647
Sample 27,Chronos,0.4844173192977905
Sample 28,Chronos,0.5313577055931091
Sample 28,Time-MoE,0.46864229440689087
Sample 29,Moirai,0.5340920090675354
Sample 29,Timer,0.4659079611301422
Sample 30,Moirai,0.5222272276878357
Sample 30,Timer,0.4777728021144867
Sample 31,Chronos,0.5246353149414062
Sample 31,Time-MoE,0.47536468505859375
Sample 0,Time-MoE,0.5164834856987
Sample 0,TimesFM,0.48351651430130005
Sample 1,Moirai,0.5374521017074585
Sample 1,Timer,0.4625478982925415
Sample 2,Moirai,0.5478701591491699
Sample 2,TimesFM,0.4521298110485077
Sample 3,Moirai,0.5101554989814758
Sample 3,Chronos,0.48984453082084656
Sample 4,Chronos,0.5043760538101196
Sample 4,Time-MoE,0.495623916387558
Sample 5,Moirai,0.5446597933769226
Sample 5,Timer,0.45534026622772217
Sample 6,Chronos,0.5299713611602783
Sample 6,TimesFM,0.4700286090373993
Sample 7,Chronos,0.516577422618866
Sample 7,TimesFM,0.4834226071834564
Sample 8,Time-MoE,0.5230450630187988
Sample 8,TimesFM,0.4769549071788788
Sample 9,Moirai,0.5135365128517151
Sample 9,Timer,0.4864634573459625
Sample 10,Moirai,0.5054683685302734
Sample 10,Timer,0.49453169107437134
Sample 11,Chronos,0.5117465853691101
Sample 11,Timer,0.4882534146308899
Sample 12,Chronos,0.5394164323806763
Sample 12,TimesFM,0.46058356761932373
Sample 13,Moirai,0.533471941947937
Sample 13,Timer,0.466528058052063
Sample 14,Moirai,0.5292977094650269
Sample 14,Chronos,0.47070229053497314
Sample 15,Chronos,0.523077666759491
Sample 15,Time-MoE,0.4769223630428314
Sample 16,Moirai,0.6223302483558655
Sample 16,Time-MoE,0.3776697516441345
Sample 17,Chronos,0.5026460886001587
Sample 17,Timer,0.4973539113998413
Sample 18,Chronos,0.5120633244514465
Sample 18,Time-MoE,0.4879366457462311
Sample 19,Moirai,0.5608803033828735
Sample 19,Chronos,0.4391196370124817
Sample 20,Chronos,0.5313773155212402
Sample 20,Time-MoE,0.4686226546764374
Sample 21,Moirai,0.5353731513023376
Sample 21,Timer,0.46462684869766235
Sample 22,Moirai,0.5353364944458008
Sample 22,Chronos,0.464663565158844
Sample 23,Chronos,0.5257548689842224
Sample 23,TimesFM,0.4742451310157776
Sample 24,Time-MoE,0.5125789642333984
Sample 24,Chronos,0.48742106556892395
Sample 25,Moirai,0.5077139139175415
Sample 25,Timer,0.4922860264778137
Sample 26,Time-MoE,0.5022801756858826
Sample 26,Chronos,0.49771982431411743
Sample 27,Chronos,0.5024087429046631
Sample 27,Moirai,0.4975913166999817
Sample 28,Chronos,0.5353352427482605
Sample 28,TimesFM,0.4646647572517395
Sample 29,Moirai,0.5199933648109436
Sample 29,Timer,0.480006605386734
Sample 30,Moirai,0.5245181918144226
Sample 30,Timer,0.4754818379878998
Sample 31,Chronos,0.5346173644065857
Sample 31,TimesFM,0.4653826355934143
Sample 0,Time-MoE,0.5193939208984375
Sample 0,TimesFM,0.4806060791015625
Sample 1,Moirai,0.5280255675315857
Sample 1,Timer,0.4719744026660919
Sample 2,Chronos,0.5021679997444153
Sample 2,Time-MoE,0.4978320002555847
Sample 3,Moirai,0.5268187522888184
Sample 3,Chronos,0.47318118810653687
Sample 4,Chronos,0.5076780915260315
Sample 4,Time-MoE,0.4923219382762909
Sample 5,Chronos,0.5081310272216797
Sample 5,Time-MoE,0.4918689429759979
Sample 6,Time-MoE,0.5038613677024841
Sample 6,Chronos,0.49613863229751587
Sample 7,Chronos,0.5148344039916992
Sample 7,TimesFM,0.4851655960083008
Sample 8,Time-MoE,0.5266123414039612
Sample 8,TimesFM,0.47338762879371643
Sample 9,Moirai,0.5277841687202454
Sample 9,Timer,0.472215861082077
Sample 10,Chronos,0.5147234201431274
Sample 10,Timer,0.48527655005455017
Sample 11,Moirai,0.5124085545539856
Sample 11,Chronos,0.48759138584136963
Sample 12,Chronos,0.5235109329223633
Sample 12,Time-MoE,0.4764890670776367
Sample 13,Moirai,0.5191211104393005
Sample 13,Timer,0.48087891936302185
Sample 14,Moirai,0.5172567367553711
Sample 14,Timer,0.4827432632446289
Sample 15,Chronos,0.5148376226425171
Sample 15,Time-MoE,0.48516231775283813
Sample 16,Time-MoE,0.5235325694084167
Sample 16,TimesFM,0.47646743059158325
Sample 17,Chronos,0.5078961253166199
Sample 17,Timer,0.4921039342880249
Sample 18,Chronos,0.5033844709396362
Sample 18,Time-MoE,0.49661552906036377
Sample 19,Moirai,0.5013126730918884
Sample 19,Timer,0.49868735671043396
Sample 20,Chronos,0.5381446480751038
Sample 20,TimesFM,0.461855411529541
Sample 21,Moirai,0.5288883447647095
Sample 21,Timer,0.4711116850376129
Sample 22,Moirai,0.5571500062942505
Sample 22,Time-MoE,0.4428499639034271
Sample 23,Chronos,0.5254236459732056
Sample 23,TimesFM,0.47457632422447205
Sample 24,Time-MoE,0.5146102905273438
Sample 24,Chronos,0.48538973927497864
Sample 25,Moirai,0.5151686072349548
Sample 25,Timer,0.4848313629627228
Sample 26,Chronos,0.51619952917099
Sample 26,Time-MoE,0.4838005006313324
Sample 27,Moirai,0.5094255805015564
Sample 27,Timer,0.4905743896961212
Sample 28,Chronos,0.5134968757629395
Sample 28,Time-MoE,0.48650309443473816
Sample 29,Moirai,0.5079542398452759
Sample 29,Chronos,0.4920457601547241
Sample 30,Moirai,0.5561883449554443
Sample 30,Timer,0.44381168484687805
Sample 31,Chronos,0.520118236541748
Sample 31,Time-MoE,0.47988182306289673
Sample 0,Time-MoE,0.5261707901954651
Sample 0,TimesFM,0.4738292396068573
Sample 1,Moirai,0.5337088704109192
Sample 1,Timer,0.4662911295890808
Sample 2,Chronos,0.5037559270858765
Sample 2,Moirai,0.4962441027164459
Sample 3,Moirai,0.5202211141586304
Sample 3,Timer,0.479778915643692
Sample 4,Moirai,0.5125248432159424
Sample 4,Chronos,0.4874751567840576
Sample 5,Moirai,0.5246973633766174
Sample 5,Timer,0.47530263662338257
Sample 6,Moirai,0.571944534778595
Sample 6,Chronos,0.42805546522140503
Sample 7,Chronos,0.5114904046058655
Sample 7,Time-MoE,0.4885096251964569
Sample 8,Moirai,0.5724645256996155
Sample 8,Time-MoE,0.4275355041027069
Sample 9,Moirai,0.522125244140625
Sample 9,Timer,0.4778747856616974
Sample 10,Time-MoE,0.5047773718833923
Sample 10,Chronos,0.49522262811660767
Sample 11,Chronos,0.5016787648200989
Sample 11,Moirai,0.49832117557525635
Sample 12,Chronos,0.5032385587692261
Sample 12,Time-MoE,0.4967614710330963
Sample 13,Moirai,0.5398795008659363
Sample 13,Timer,0.4601205289363861
Sample 14,Moirai,0.5154476165771484
Sample 14,Chronos,0.48455241322517395
Sample 15,Chronos,0.5110752582550049
Sample 15,TimesFM,0.4889247715473175
Sample 16,Moirai,0.5261966586112976
Sample 16,Time-MoE,0.4738033711910248
Sample 17,Moirai,0.51988285779953
Sample 17,Timer,0.48011720180511475
Sample 18,Moirai,0.5625033378601074
Sample 18,Time-MoE,0.4374966025352478
Sample 19,Chronos,0.505268931388855
Sample 19,Timer,0.49473103880882263
Sample 20,Chronos,0.5416167378425598
Sample 20,TimesFM,0.4583832025527954
Sample 21,Moirai,0.5430899262428284
Sample 21,Timer,0.456910103559494
Sample 22,Moirai,0.5599127411842346
Sample 22,Timer,0.4400872588157654
Sample 23,Chronos,0.5244212746620178
Sample 23,TimesFM,0.4755787253379822
Sample 24,Time-MoE,0.5245664119720459
Sample 24,TimesFM,0.4754336178302765
Sample 25,Moirai,0.5074660181999207
Sample 25,Chronos,0.49253398180007935
Sample 26,Moirai,0.5121593475341797
Sample 26,Chronos,0.48784059286117554
Sample 27,Moirai,0.5059269666671753
Sample 27,Chronos,0.4940730035305023
Sample 28,Chronos,0.508354127407074
Sample 28,Time-MoE,0.491645872592926
Sample 29,Moirai,0.5070015788078308
Sample 29,Chronos,0.4929984509944916
Sample 30,Moirai,0.5813149213790894
Sample 30,Chronos,0.41868504881858826
Sample 31,Chronos,0.5114801526069641
Sample 31,Time-MoE,0.4885198771953583
Sample 0,Time-MoE,0.5220929384231567
Sample 0,Chronos,0.47790709137916565
Sample 1,Moirai,0.5230440497398376
Sample 1,Timer,0.47695595026016235
Sample 2,Chronos,0.5006545186042786
Sample 2,Moirai,0.49934542179107666
Sample 3,Moirai,0.5366812348365784
Sample 3,Timer,0.46331876516342163
Sample 4,Chronos,0.5320799350738525
Sample 4,Time-MoE,0.46792006492614746
Sample 5,Moirai,0.546317994594574
Sample 5,Timer,0.4536820352077484
Sample 6,Moirai,0.5530720353126526
Sample 6,Time-MoE,0.4469279646873474
Sample 7,Chronos,0.5166846513748169
Sample 7,TimesFM,0.4833153784275055
Sample 8,Time-MoE,0.5070984363555908
Sample 8,Moirai,0.4929015338420868
Sample 9,Moirai,0.5399228930473328
Sample 9,Timer,0.46007707715034485
Sample 10,Moirai,0.5338846445083618
Sample 10,TimesFM,0.46611538529396057
Sample 11,Moirai,0.510941207408905
Sample 11,Chronos,0.4890587627887726
Sample 12,Chronos,0.5045039057731628
Sample 12,Time-MoE,0.49549615383148193
Sample 13,Chronos,0.5204554200172424
Sample 13,Timer,0.47954460978507996
Sample 14,Chronos,0.5108009576797485
Sample 14,Time-MoE,0.48919910192489624
Sample 15,Chronos,0.5056299567222595
Sample 15,Time-MoE,0.4943700432777405
Sample 16,Time-MoE,0.5150361657142639
Sample 16,Chronos,0.48496386408805847
Sample 17,Moirai,0.542657732963562
Sample 17,Timer,0.457342267036438
Sample 18,Chronos,0.5190618634223938
Sample 18,TimesFM,0.4809380769729614
Sample 19,Moirai,0.5272938013076782
Sample 19,Timer,0.4727061986923218
Sample 20,Moirai,0.5344975590705872
Sample 20,Timer,0.46550241112709045
Sample 21,Moirai,0.5382655262947083
Sample 21,Timer,0.461734414100647
Sample 22,Moirai,0.5004989504814148
Sample 22,Chronos,0.4995010197162628
Sample 23,Chronos,0.5217522382736206
Sample 23,Time-MoE,0.4782477617263794
Sample 24,Moirai,0.5379109978675842
Sample 24,Time-MoE,0.46208903193473816
Sample 25,Moirai,0.5320330858230591
Sample 25,Timer,0.4679669141769409
Sample 26,Moirai,0.5000019073486328
Sample 26,Chronos,0.4999981224536896
Sample 27,Moirai,0.5511633157730103
Sample 27,Timer,0.44883665442466736
Sample 28,Moirai,0.5709848403930664
Sample 28,Timer,0.4290151000022888
Sample 29,Moirai,0.5101884603500366
Sample 29,Chronos,0.48981159925460815
Sample 30,Moirai,0.5283010005950928
Sample 30,Time-MoE,0.4716990292072296
Sample 31,Chronos,0.5302468538284302
Sample 31,TimesFM,0.46975311636924744
Sample 0,Moirai,0.625577449798584
Sample 0,Timer,0.37442252039909363
Sample 1,Moirai,0.5105869770050049
Sample 1,Timer,0.48941299319267273
Sample 2,Time-MoE,0.5057380795478821
Sample 2,Moirai,0.49426189064979553
Sample 3,Moirai,0.5066537857055664
Sample 3,Chronos,0.4933462142944336
Sample 4,Chronos,0.5114293098449707
Sample 4,Timer,0.4885707199573517
Sample 5,Moirai,0.5635102987289429
Sample 5,Timer,0.43648967146873474
Sample 6,Moirai,0.5048270225524902
Sample 6,Chronos,0.49517297744750977
Sample 7,Chronos,0.5237796306610107
Sample 7,TimesFM,0.47622039914131165
Sample 8,Time-MoE,0.5259867906570435
Sample 8,TimesFM,0.47401317954063416
Sample 9,Moirai,0.5272291898727417
Sample 9,Timer,0.4727708101272583
Sample 10,TimesFM,0.5027684569358826
Sample 10,Chronos,0.4972315728664398
Sample 11,Moirai,0.5053300261497498
Sample 11,Chronos,0.49466997385025024
Sample 12,Moirai,0.5008761882781982
Sample 12,Chronos,0.49912384152412415
Sample 13,Moirai,0.5518167018890381
Sample 13,Timer,0.4481832683086395
Sample 14,Moirai,0.5490200519561768
Sample 14,Timer,0.45097997784614563
Sample 15,Chronos,0.5251593589782715
Sample 15,Time-MoE,0.4748406410217285
Sample 0,Time-MoE,0.5169124603271484
Sample 0,Moirai,0.48308756947517395
Sample 1,Moirai,0.5031520128250122
Sample 1,Timer,0.496847927570343
Sample 2,Chronos,0.5427913665771484
Sample 2,Timer,0.45720869302749634
Sample 3,Moirai,0.5212119817733765
Sample 3,Timer,0.47878798842430115
Sample 4,Moirai,0.5711010694503784
Sample 4,TimesFM,0.42889896035194397
Sample 5,Moirai,0.5357701778411865
Sample 5,Timer,0.46422985196113586
Sample 6,Moirai,0.5062639117240906
Sample 6,Chronos,0.4937360882759094
Sample 7,Chronos,0.5268712043762207
Sample 7,Time-MoE,0.4731287956237793
Sample 8,Moirai,0.5297052264213562
Sample 8,Time-MoE,0.4702947735786438
Sample 9,Moirai,0.5038743615150452
Sample 9,Timer,0.4961256682872772
Sample 10,Moirai,0.5443468689918518
Sample 10,Time-MoE,0.4556531310081482
Sample 11,Moirai,0.5372623801231384
Sample 11,Timer,0.4627376198768616
Sample 12,Time-MoE,0.5028501749038696
Sample 12,Chronos,0.497149795293808
Sample 13,Moirai,0.5448458790779114
Sample 13,Timer,0.455154150724411
Sample 14,Moirai,0.535221517086029
Sample 14,Timer,0.46477848291397095
Sample 15,Chronos,0.5321803689002991
Sample 15,Time-MoE,0.4678196310997009
Sample 16,Moirai,0.5114756226539612
Sample 16,Time-MoE,0.4885243773460388
Sample 17,Moirai,0.5414825081825256
Sample 17,Timer,0.45851749181747437
Sample 18,Chronos,0.5028712749481201
Sample 18,Time-MoE,0.49712875485420227
Sample 19,Moirai,0.5139303803443909
Sample 19,Timer,0.48606958985328674
Sample 20,Moirai,0.5601590871810913
Sample 20,Chronos,0.4398409128189087
Sample 21,Moirai,0.515641987323761
Sample 21,Timer,0.4843579828739166
Sample 22,Chronos,0.5089879035949707
Sample 22,Timer,0.4910121560096741
Sample 23,Chronos,0.516846776008606
Sample 23,TimesFM,0.48315319418907166
Sample 24,Time-MoE,0.5257391929626465
Sample 24,Chronos,0.4742608070373535
Sample 25,Moirai,0.5111686587333679
Sample 25,Timer,0.4888313412666321
Sample 26,Moirai,0.5327791571617126
Sample 26,Chronos,0.46722087264060974
Sample 27,Moirai,0.5594255328178406
Sample 27,Chronos,0.4405744969844818
Sample 28,Chronos,0.5364106893539429
Sample 28,TimesFM,0.46358928084373474
Sample 29,Moirai,0.5535389184951782
Sample 29,Timer,0.44646111130714417
Sample 30,Moirai,0.5788378119468689
Sample 30,Timer,0.4211621582508087
Sample 31,Chronos,0.525360107421875
Sample 31,TimesFM,0.4746398329734802
Sample 0,Time-MoE,0.514735221862793
Sample 0,Chronos,0.48526477813720703
Sample 1,Moirai,0.5535255074501038
Sample 1,Timer,0.44647449254989624
Sample 2,Chronos,0.5092566013336182
Sample 2,Time-MoE,0.49074336886405945
Sample 3,Moirai,0.5010477304458618
Sample 3,Chronos,0.4989522695541382
Sample 4,Chronos,0.5279613137245178
Sample 4,TimesFM,0.47203871607780457
Sample 5,Moirai,0.5543229579925537
Sample 5,Timer,0.4456770718097687
Sample 6,Chronos,0.505850076675415
Sample 6,Timer,0.49414995312690735
Sample 7,Chronos,0.5163736939430237
Sample 7,Time-MoE,0.4836263060569763
Sample 8,Moirai,0.6247729063034058
Sample 8,Time-MoE,0.3752271234989166
Sample 9,Moirai,0.5381201505661011
Sample 9,Timer,0.4618798494338989
Sample 10,Moirai,0.5217747688293457
Sample 10,Chronos,0.4782252311706543
Sample 11,Chronos,0.5205895304679871
Sample 11,TimesFM,0.47941046953201294
Sample 12,Chronos,0.5112802386283875
Sample 12,Timer,0.4887197017669678
Sample 13,Moirai,0.547463059425354
Sample 13,Timer,0.4525369107723236
Sample 14,Chronos,0.502230703830719
Sample 14,Moirai,0.497769296169281
Sample 15,Chronos,0.5071631073951721
Sample 15,Time-MoE,0.4928368926048279
Sample 16,Moirai,0.5306262373924255
Sample 16,Time-MoE,0.46937376260757446
Sample 17,Moirai,0.5437167882919312
Sample 17,Timer,0.45628324151039124
Sample 18,Chronos,0.5090029835700989
Sample 18,TimesFM,0.4909970164299011
Sample 19,Moirai,0.5173817276954651
Sample 19,Timer,0.4826182425022125
Sample 20,Moirai,0.5825769305229187
Sample 20,Time-MoE,0.4174230694770813
Sample 21,Moirai,0.5541836619377136
Sample 21,Timer,0.445816308259964
Sample 22,Moirai,0.5072370767593384
Sample 22,Chronos,0.4927629232406616
Sample 23,Chronos,0.5430136919021606
Sample 23,TimesFM,0.45698630809783936
Sample 24,Moirai,0.6343255043029785
Sample 24,Time-MoE,0.3656744956970215
Sample 25,Timer,0.5001282095909119
Sample 25,Chronos,0.49987179040908813
Sample 26,Moirai,0.5341368317604065
Sample 26,Timer,0.4658631384372711
Sample 27,Moirai,0.5124660134315491
Sample 27,Chronos,0.4875340461730957
Sample 28,Chronos,0.5324941277503967
Sample 28,Time-MoE,0.46750590205192566
Sample 29,Moirai,0.5315870046615601
Sample 29,Timer,0.46841299533843994
Sample 30,Moirai,0.5183453559875488
Sample 30,Timer,0.4816546142101288
Sample 31,Chronos,0.5255600810050964
Sample 31,Time-MoE,0.47443997859954834
Sample 0,Time-MoE,0.5185995697975159
Sample 0,Moirai,0.4814004898071289
Sample 1,Moirai,0.5344697833061218
Sample 1,Timer,0.46553024649620056
Sample 2,Moirai,0.5484539866447449
Sample 2,TimesFM,0.45154598355293274
Sample 3,Moirai,0.506142795085907
Sample 3,Chronos,0.4938572347164154
Sample 4,Chronos,0.5039659738540649
Sample 4,Time-MoE,0.49603405594825745
Sample 5,Moirai,0.5425617694854736
Sample 5,Timer,0.45743823051452637
Sample 6,Chronos,0.5312973856925964
Sample 6,Timer,0.4687025845050812
Sample 7,Chronos,0.5183412432670593
Sample 7,Time-MoE,0.4816587269306183
Sample 8,Time-MoE,0.5258870124816895
Sample 8,TimesFM,0.47411301732063293
Sample 9,Moirai,0.5098426342010498
Sample 9,Timer,0.4901573657989502
Sample 10,Moirai,0.5019839406013489
Sample 10,Timer,0.4980161190032959
Sample 11,Chronos,0.5119135975837708
Sample 11,Timer,0.48808640241622925
Sample 12,Chronos,0.5424578189849854
Sample 12,Time-MoE,0.45754221081733704
Sample 13,Moirai,0.5307212471961975
Sample 13,Timer,0.4692787528038025
Sample 14,Moirai,0.525934636592865
Sample 14,Chronos,0.4740653932094574
Sample 15,Chronos,0.5243797302246094
Sample 15,Time-MoE,0.475620299577713
Sample 16,Moirai,0.6259458065032959
Sample 16,Timer,0.3740541636943817
Sample 17,Chronos,0.5028873682022095
Sample 17,Timer,0.49711260199546814
Sample 18,Chronos,0.5123105645179749
Sample 18,Time-MoE,0.48768943548202515
Sample 19,Moirai,0.5635906457901001
Sample 19,Chronos,0.4364093840122223
Sample 20,Chronos,0.5326001644134521
Sample 20,Time-MoE,0.46739980578422546
Sample 21,Moirai,0.533247709274292
Sample 21,Timer,0.4667522609233856
Sample 22,Moirai,0.5342388153076172
Sample 22,Chronos,0.4657611548900604
Sample 23,Chronos,0.5272591710090637
Sample 23,TimesFM,0.4727407991886139
Sample 24,Time-MoE,0.5138370990753174
Sample 24,Chronos,0.4861629009246826
Sample 25,Moirai,0.5035408735275269
Sample 25,Timer,0.4964591860771179
Sample 26,Time-MoE,0.5027268528938293
Sample 26,Chronos,0.49727317690849304
Sample 27,Chronos,0.5049433708190918
Sample 27,Moirai,0.4950565993785858
Sample 28,Chronos,0.5382859706878662
Sample 28,TimesFM,0.461713969707489
Sample 29,Moirai,0.5171442627906799
Sample 29,Timer,0.48285579681396484
Sample 30,Moirai,0.5212391018867493
Sample 30,Chronos,0.4787609577178955
Sample 31,Chronos,0.5376929640769958
Sample 31,TimesFM,0.46230700612068176
Sample 0,Time-MoE,0.5204910039901733
Sample 0,Chronos,0.4795089364051819
Sample 1,Moirai,0.5246583819389343
Sample 1,Timer,0.4753415882587433
Sample 2,Chronos,0.5024101734161377
Sample 2,Time-MoE,0.4975898563861847
Sample 3,Moirai,0.5232641696929932
Sample 3,Chronos,0.4767358601093292
Sample 4,Chronos,0.5079969167709351
Sample 4,Time-MoE,0.49200308322906494
Sample 5,Chronos,0.5080923438072205
Sample 5,Time-MoE,0.49190765619277954
Sample 6,Time-MoE,0.5040088295936584
Sample 6,Chronos,0.49599117040634155
Sample 7,Chronos,0.5162454843521118
Sample 7,TimesFM,0.4837544858455658
Sample 8,Time-MoE,0.5298376679420471
Sample 8,TimesFM,0.4701623022556305
Sample 9,Moirai,0.5244802832603455
Sample 9,Timer,0.47551971673965454
Sample 10,Chronos,0.5153105854988098
Sample 10,Timer,0.4846893846988678
Sample 11,Moirai,0.5088587999343872
Sample 11,Chronos,0.4911412000656128
Sample 12,Chronos,0.524242103099823
Sample 12,Time-MoE,0.4757578670978546
Sample 13,Moirai,0.5156558752059937
Sample 13,Timer,0.4843441843986511
Sample 14,Moirai,0.515106737613678
Sample 14,Timer,0.48489323258399963
Sample 15,Chronos,0.5149285793304443
Sample 15,Time-MoE,0.48507142066955566
Sample 16,Time-MoE,0.5266927480697632
Sample 16,TimesFM,0.47330722212791443
Sample 17,Chronos,0.5082317590713501
Sample 17,Timer,0.4917682707309723
Sample 18,Chronos,0.5036842226982117
Sample 18,Time-MoE,0.4963158071041107
Sample 19,Timer,0.5003081560134888
Sample 19,Chronos,0.4996918737888336
Sample 20,Chronos,0.5413038730621338
Sample 20,TimesFM,0.4586961567401886
Sample 21,Moirai,0.5258032083511353
Sample 21,Timer,0.47419673204421997
Sample 22,Moirai,0.5592400431632996
Sample 22,Time-MoE,0.44075995683670044
Sample 23,Chronos,0.5282371640205383
Sample 23,TimesFM,0.47176283597946167
Sample 24,Time-MoE,0.5157120823860168
Sample 24,Chronos,0.48428794741630554
Sample 25,Moirai,0.5115664005279541
Sample 25,Timer,0.4884335994720459
Sample 26,Chronos,0.5172269940376282
Sample 26,Time-MoE,0.48277297616004944
Sample 27,Moirai,0.5058320760726929
Sample 27,Chronos,0.49416789412498474
Sample 28,Chronos,0.5137892365455627
Sample 28,Time-MoE,0.48621076345443726
Sample 29,Moirai,0.5046536326408386
Sample 29,Chronos,0.4953463673591614
Sample 30,Moirai,0.5547814965248108
Sample 30,Timer,0.4452185332775116
Sample 31,Chronos,0.521388053894043
Sample 31,Time-MoE,0.4786120057106018
Sample 0,Time-MoE,0.5264875292778015
Sample 0,Moirai,0.4735125005245209
Sample 1,Moirai,0.5311182737350464
Sample 1,Timer,0.4688817262649536
Sample 2,Chronos,0.5062089562416077
Sample 2,Moirai,0.4937910735607147
Sample 3,Moirai,0.5171434879302979
Sample 3,Timer,0.4828565716743469
Sample 4,Moirai,0.5146125555038452
Sample 4,Chronos,0.4853874444961548
Sample 5,Moirai,0.5220052003860474
Sample 5,Timer,0.47799479961395264
Sample 6,Moirai,0.5720535516738892
Sample 6,Chronos,0.4279464781284332
Sample 7,Chronos,0.5121557712554932
Sample 7,Time-MoE,0.48784419894218445
Sample 8,Moirai,0.5770125389099121
Sample 8,Time-MoE,0.4229874610900879
Sample 9,Moirai,0.5188993811607361
Sample 9,Timer,0.4811006188392639
Sample 10,Time-MoE,0.5054289698600769
Sample 10,Chronos,0.4945709705352783
Sample 11,Chronos,0.5008423924446106
Sample 11,Moirai,0.4991576075553894
Sample 12,Chronos,0.5031027793884277
Sample 12,Time-MoE,0.49689722061157227
Sample 13,Moirai,0.5389394760131836
Sample 13,Timer,0.461060494184494
Sample 14,Moirai,0.5128217339515686
Sample 14,Chronos,0.4871782660484314
Sample 15,Chronos,0.5115248560905457
Sample 15,TimesFM,0.48847511410713196
Sample 16,Moirai,0.529449462890625
Sample 16,Time-MoE,0.4705505073070526
Sample 17,Moirai,0.5166279077529907
Sample 17,Timer,0.48337215185165405
Sample 18,Moirai,0.5636776685714722
Sample 18,Time-MoE,0.43632230162620544
Sample 19,Chronos,0.5057836174964905
Sample 19,Timer,0.4942163825035095
Sample 20,Chronos,0.5444501638412476
Sample 20,Time-MoE,0.4555498957633972
Sample 21,Moirai,0.5412144660949707
Sample 21,Timer,0.4587855041027069
Sample 22,Moirai,0.5590877532958984
Sample 22,Timer,0.44091224670410156
Sample 23,Chronos,0.5270437598228455
Sample 23,TimesFM,0.47295618057250977
Sample 24,Time-MoE,0.5243512988090515
Sample 24,Moirai,0.4756487011909485
Sample 25,Moirai,0.5035449862480164
Sample 25,Chronos,0.4964550733566284
Sample 26,Moirai,0.512213945388794
Sample 26,Chronos,0.48778602480888367
Sample 27,Moirai,0.5023238658905029
Sample 27,Chronos,0.49767613410949707
Sample 28,Chronos,0.5086534023284912
Sample 28,Time-MoE,0.4913465976715088
Sample 29,Moirai,0.5048020482063293
Sample 29,Chronos,0.49519795179367065
Sample 30,Moirai,0.5829717516899109
Sample 30,Chronos,0.4170282185077667
Sample 31,Chronos,0.5123675465583801
Sample 31,Time-MoE,0.4876324236392975
Sample 0,Time-MoE,0.523449182510376
Sample 0,Chronos,0.47655078768730164
Sample 1,Moirai,0.5201886296272278
Sample 1,Timer,0.47981131076812744
Sample 2,Chronos,0.5019197463989258
Sample 2,Moirai,0.4980802834033966
Sample 3,Moirai,0.5346990823745728
Sample 3,Timer,0.46530091762542725
Sample 4,Chronos,0.533886194229126
Sample 4,Time-MoE,0.4661138355731964
Sample 5,Moirai,0.5449225902557373
Sample 5,Timer,0.4550774097442627
Sample 6,Moirai,0.5547803044319153
Sample 6,Time-MoE,0.44521963596343994
Sample 7,Chronos,0.5187679529190063
Sample 7,TimesFM,0.48123204708099365
Sample 8,Time-MoE,0.504980206489563
Sample 8,Moirai,0.4950198233127594
Sample 9,Moirai,0.5381268858909607
Sample 9,Timer,0.4618730843067169
Sample 10,Moirai,0.5352034568786621
Sample 10,TimesFM,0.4647965133190155
Sample 11,Moirai,0.5083034634590149
Sample 11,Chronos,0.4916965365409851
Sample 12,Chronos,0.5048058032989502
Sample 12,Time-MoE,0.4951941967010498
Sample 13,Chronos,0.5211412906646729
Sample 13,Timer,0.47885873913764954
Sample 14,Chronos,0.5112371444702148
Sample 14,Time-MoE,0.48876282572746277
Sample 15,Chronos,0.506079912185669
Sample 15,Time-MoE,0.49392008781433105
Sample 16,Time-MoE,0.5157511830329895
Sample 16,Chronos,0.4842488169670105
Sample 17,Moirai,0.54085773229599
Sample 17,Timer,0.4591422975063324
Sample 18,Chronos,0.5209166407585144
Sample 18,Time-MoE,0.479083389043808
Sample 19,Moirai,0.5247851610183716
Sample 19,Timer,0.4752148389816284
Sample 20,Moirai,0.532936692237854
Sample 20,Timer,0.467063307762146
Sample 21,Moirai,0.5365596413612366
Sample 21,Timer,0.4634403884410858
Sample 22,Chronos,0.5020330548286438
Sample 22,Moirai,0.4979669749736786
Sample 23,Chronos,0.5233548879623413
Sample 23,Time-MoE,0.4766451120376587
Sample 24,Moirai,0.5415283441543579
Sample 24,Time-MoE,0.4584716260433197
Sample 25,Moirai,0.5296761989593506
Sample 25,Timer,0.4703238308429718
Sample 26,Moirai,0.5002572536468506
Sample 26,Chronos,0.4997427761554718
Sample 27,Moirai,0.5497522950172424
Sample 27,Timer,0.45024770498275757
Sample 28,Moirai,0.5726848244667053
Sample 28,Timer,0.4273151457309723
Sample 29,Moirai,0.5075865983963013
Sample 29,Chronos,0.49241340160369873
Sample 30,Moirai,0.5289443135261536
Sample 30,Time-MoE,0.4710557460784912
Sample 31,Chronos,0.5324167013168335
Sample 31,TimesFM,0.4675832986831665
Sample 0,Moirai,0.6304104924201965
Sample 0,Timer,0.36958950757980347
Sample 1,Moirai,0.5073716044425964
Sample 1,Timer,0.4926283657550812
Sample 2,Time-MoE,0.5078136920928955
Sample 2,Moirai,0.4921863079071045
Sample 3,Moirai,0.5036085247993469
Sample 3,Chronos,0.4963914453983307
Sample 4,Chronos,0.5118321180343628
Sample 4,Timer,0.4881678521633148
Sample 5,Moirai,0.5636430382728577
Sample 5,Timer,0.43635696172714233
Sample 6,Moirai,0.5019150972366333
Sample 6,Chronos,0.4980849027633667
Sample 7,Chronos,0.5262144207954407
Sample 7,TimesFM,0.4737856090068817
Sample 8,Time-MoE,0.5251220464706421
Sample 8,Moirai,0.4748779833316803
Sample 9,Moirai,0.524868369102478
Sample 9,Timer,0.475131630897522
Sample 10,TimesFM,0.502765417098999
Sample 10,Chronos,0.49723461270332336
Sample 11,Moirai,0.5016756057739258
Sample 11,Chronos,0.4983243942260742
Sample 12,Moirai,0.5040004849433899
Sample 12,Chronos,0.4959995150566101
Sample 13,Moirai,0.5511637926101685
Sample 13,Timer,0.4488362669944763
Sample 14,Moirai,0.5479134321212769
Sample 14,Timer,0.4520866274833679
Sample 15,Chronos,0.5271749496459961
Sample 15,Time-MoE,0.4728250801563263
Sample 0,Time-MoE,0.5150559544563293
Sample 0,Moirai,0.48494401574134827
Sample 1,Timer,0.5001327991485596
Sample 1,Moirai,0.49986720085144043
Sample 2,Chronos,0.544639527797699
Sample 2,Timer,0.455360472202301
Sample 3,Moirai,0.51893550157547
Sample 3,Chronos,0.48106446862220764
Sample 4,Moirai,0.5773620009422302
Sample 4,Chronos,0.4226379692554474
Sample 5,Moirai,0.5343899726867676
Sample 5,Timer,0.46560999751091003
Sample 6,Moirai,0.5039810538291931
Sample 6,Chronos,0.4960189461708069
Sample 7,Chronos,0.5289487838745117
Sample 7,Time-MoE,0.47105127573013306
Sample 8,Moirai,0.5331925749778748
Sample 8,Time-MoE,0.46680742502212524
Sample 9,Moirai,0.5005906820297241
Sample 9,Timer,0.49940934777259827
Sample 10,Moirai,0.5453500151634216
Sample 10,Time-MoE,0.454649955034256
Sample 11,Moirai,0.5359400510787964
Sample 11,Timer,0.4640599489212036
Sample 12,Time-MoE,0.5026748776435852
Sample 12,Chronos,0.4973251521587372
Sample 13,Moirai,0.5439688563346863
Sample 13,Timer,0.4560311734676361
Sample 14,Moirai,0.5335094332695007
Sample 14,Timer,0.46649056673049927
Sample 15,Chronos,0.5345617532730103
Sample 15,Time-MoE,0.46543827652931213
Sample 16,Moirai,0.5145295262336731
Sample 16,Time-MoE,0.4854705035686493
Sample 17,Moirai,0.5404005646705627
Sample 17,Timer,0.45959943532943726
Sample 18,Chronos,0.5028079748153687
Sample 18,Time-MoE,0.49719202518463135
Sample 19,Moirai,0.5112834572792053
Sample 19,Timer,0.4887165129184723
Sample 20,Moirai,0.5624944567680359
Sample 20,Chronos,0.4375055730342865
Sample 21,Moirai,0.5142970681190491
Sample 21,Timer,0.4857029616832733
Sample 22,Chronos,0.5092495083808899
Sample 22,Timer,0.4907505512237549
Sample 23,Chronos,0.5181455612182617
Sample 23,TimesFM,0.4818544387817383
Sample 24,Time-MoE,0.5272505283355713
Sample 24,Chronos,0.4727494716644287
Sample 25,Moirai,0.5079745650291443
Sample 25,Timer,0.4920254349708557
Sample 26,Moirai,0.5338788628578186
Sample 26,Chronos,0.466121107339859
Sample 27,Moirai,0.562087893486023
Sample 27,Chronos,0.43791207671165466
Sample 28,Chronos,0.5391361713409424
Sample 28,TimesFM,0.46086385846138
Sample 29,Moirai,0.5532623529434204
Sample 29,Timer,0.446737676858902
Sample 30,Moirai,0.5800999402999878
Sample 30,Timer,0.4199000895023346
Sample 31,Chronos,0.5274531245231628
Sample 31,TimesFM,0.47254684567451477
Sample 0,Time-MoE,0.5156425833702087
Sample 0,Chronos,0.48435741662979126
Sample 1,Moirai,0.5536868572235107
Sample 1,Timer,0.44631320238113403
Sample 2,Chronos,0.5098798274993896
Sample 2,Time-MoE,0.49012020230293274
Sample 3,Chronos,0.5018827319145203
Sample 3,Moirai,0.49811723828315735
Sample 4,Chronos,0.5289892554283142
Sample 4,TimesFM,0.4710107445716858
Sample 5,Moirai,0.5545852780342102
Sample 5,Timer,0.4454147219657898
Sample 6,Chronos,0.506138265132904
Sample 6,Timer,0.49386170506477356
Sample 7,Chronos,0.517763614654541
Sample 7,Time-MoE,0.48223641514778137
Sample 8,Moirai,0.6306355595588684
Sample 8,Time-MoE,0.369364470243454
Sample 9,Moirai,0.5372815132141113
Sample 9,Timer,0.46271848678588867
Sample 10,Moirai,0.5214573740959167
Sample 10,Chronos,0.47854262590408325
Sample 11,Chronos,0.5219083428382874
Sample 11,TimesFM,0.47809162735939026
Sample 12,Chronos,0.5114248394966125
Sample 12,Timer,0.48857513070106506
Sample 13,Moirai,0.5473450422286987
Sample 13,Timer,0.45265498757362366
Sample 14,Chronos,0.5048602223396301
Sample 14,Moirai,0.4951397478580475
Sample 15,Chronos,0.5077758431434631
Sample 15,Time-MoE,0.49222415685653687
Sample 16,Moirai,0.5336037278175354
Sample 16,Time-MoE,0.4663962721824646
Sample 17,Moirai,0.5431877374649048
Sample 17,Timer,0.4568122327327728
Sample 18,Chronos,0.5091432332992554
Sample 18,TimesFM,0.49085676670074463
Sample 19,Moirai,0.5153236389160156
Sample 19,Chronos,0.48467639088630676
Sample 20,Moirai,0.5858361124992371
Sample 20,Chronos,0.4141639471054077
Sample 21,Moirai,0.5544517636299133
Sample 21,Timer,0.44554826617240906
Sample 22,Moirai,0.5073080658912659
Sample 22,Chronos,0.49269193410873413
Sample 23,Chronos,0.545810341835022
Sample 23,TimesFM,0.4541896879673004
Sample 24,Moirai,0.641049861907959
Sample 24,Time-MoE,0.3589501678943634
Sample 25,Timer,0.5001718997955322
Sample 25,Chronos,0.4998281002044678
Sample 26,Moirai,0.5337299108505249
Sample 26,Timer,0.4662701189517975
Sample 27,Moirai,0.5101038217544556
Sample 27,Chronos,0.4898962080478668
Sample 28,Chronos,0.5345460176467896
Sample 28,Time-MoE,0.46545395255088806
Sample 29,Moirai,0.5303751826286316
Sample 29,Timer,0.4696248471736908
Sample 30,Moirai,0.5158159136772156
Sample 30,Timer,0.4841840863227844
Sample 31,Chronos,0.527407705783844
Sample 31,Time-MoE,0.472592294216156
Sample 0,Time-MoE,0.5175990462303162
Sample 0,Moirai,0.48240089416503906
Sample 1,Moirai,0.5336349010467529
Sample 1,Timer,0.46636512875556946
Sample 2,Moirai,0.549213707447052
Sample 2,TimesFM,0.4507863223552704
Sample 3,Moirai,0.5035881400108337
Sample 3,Chronos,0.49641188979148865
Sample 4,Chronos,0.5037643909454346
Sample 4,Time-MoE,0.49623557925224304
Sample 5,Moirai,0.5426796674728394
Sample 5,Timer,0.45732030272483826
Sample 6,Chronos,0.5326805710792542
Sample 6,Timer,0.46731942892074585
Sample 7,Chronos,0.5193983912467957
Sample 7,Time-MoE,0.48060157895088196
Sample 8,Time-MoE,0.5275413990020752
Sample 8,TimesFM,0.4724586308002472
Sample 9,Moirai,0.5074930787086487
Sample 9,Timer,0.4925069212913513
Sample 10,Moirai,0.5002673864364624
Sample 10,Timer,0.4997326135635376
Sample 11,Chronos,0.5120674967765808
Sample 11,Timer,0.4879325330257416
Sample 12,Chronos,0.544914186000824
Sample 12,TimesFM,0.4550858438014984
Sample 13,Moirai,0.5295534729957581
Sample 13,Timer,0.47044649720191956
Sample 14,Moirai,0.5241730213165283
Sample 14,Chronos,0.4758269488811493
Sample 15,Chronos,0.5263091325759888
Sample 15,Time-MoE,0.47369080781936646
Sample 16,Moirai,0.6314982175827026
Sample 16,Time-MoE,0.36850181221961975
Sample 17,Chronos,0.5027853846549988
Sample 17,Timer,0.49721458554267883
Sample 18,Chronos,0.5127533078193665
Sample 18,Time-MoE,0.48724669218063354
Sample 19,Moirai,0.5674329996109009
Sample 19,Chronos,0.4325670301914215
Sample 20,Chronos,0.5344399809837341
Sample 20,Time-MoE,0.46556004881858826
Sample 21,Moirai,0.5326261520385742
Sample 21,Timer,0.46737387776374817
Sample 22,Moirai,0.5353471636772156
Sample 22,Chronos,0.4646528363227844
Sample 23,Chronos,0.5282008051872253
Sample 23,TimesFM,0.47179919481277466
Sample 24,Time-MoE,0.5149932503700256
Sample 24,Chronos,0.485006719827652
Sample 25,Moirai,0.5009428262710571
Sample 25,Timer,0.49905720353126526
Sample 26,Time-MoE,0.5031490921974182
Sample 26,Chronos,0.4968509078025818
Sample 27,Chronos,0.5057107210159302
Sample 27,Timer,0.49428924918174744
Sample 28,Chronos,0.5405883193016052
Sample 28,TimesFM,0.4594116806983948
Sample 29,Moirai,0.5156530141830444
Sample 29,Timer,0.48434701561927795
Sample 30,Moirai,0.5195438265800476
Sample 30,Chronos,0.4804561138153076
Sample 31,Chronos,0.5399535894393921
Sample 31,TimesFM,0.4600463807582855
Sample 0,Time-MoE,0.5221164226531982
Sample 0,Chronos,0.47788357734680176
Sample 1,Moirai,0.5233806371688843
Sample 1,Timer,0.47661930322647095
Sample 2,Chronos,0.5024546384811401
Sample 2,Time-MoE,0.49754536151885986
Sample 3,Moirai,0.521895706653595
Sample 3,Chronos,0.47810426354408264
Sample 4,Chronos,0.5080102682113647
Sample 4,Time-MoE,0.49198976159095764
Sample 5,Chronos,0.5079613327980042
Sample 5,Time-MoE,0.4920386075973511
Sample 6,Time-MoE,0.5046234726905823
Sample 6,Chronos,0.4953765869140625
Sample 7,Chronos,0.516872227191925
Sample 7,TimesFM,0.48312780261039734
Sample 8,Time-MoE,0.5312690734863281
Sample 8,TimesFM,0.4687308967113495
Sample 9,Moirai,0.5230829119682312
Sample 9,Timer,0.4769170880317688
Sample 10,Chronos,0.5159182548522949
Sample 10,Timer,0.4840817153453827
Sample 11,Moirai,0.5068221092224121
Sample 11,Chronos,0.49317795038223267
Sample 12,Chronos,0.5253128409385681
Sample 12,Time-MoE,0.4746871590614319
Sample 13,Moirai,0.5135851502418518
Sample 13,Timer,0.4864148795604706
Sample 14,Moirai,0.5138183236122131
Sample 14,Timer,0.4861816465854645
Sample 15,Chronos,0.5151600241661072
Sample 15,Time-MoE,0.48483994603157043
Sample 16,Time-MoE,0.5280945897102356
Sample 16,TimesFM,0.471905380487442
Sample 17,Chronos,0.5081043839454651
Sample 17,Timer,0.4918956458568573
Sample 18,Chronos,0.5039872527122498
Sample 18,Time-MoE,0.49601271748542786
Sample 19,Timer,0.5003439784049988
Sample 19,Chronos,0.49965599179267883
Sample 20,Chronos,0.5431819558143616
Sample 20,TimesFM,0.4568180441856384
Sample 21,Moirai,0.52448570728302
Sample 21,Timer,0.4755142331123352
Sample 22,Moirai,0.5619437098503113
Sample 22,Time-MoE,0.4380563199520111
Sample 23,Chronos,0.5297105312347412
Sample 23,TimesFM,0.47028952836990356
Sample 24,Time-MoE,0.5171553492546082
Sample 24,Chronos,0.48284465074539185
Sample 25,Moirai,0.5093435049057007
Sample 25,Timer,0.4906565248966217
Sample 26,Chronos,0.5183268785476685
Sample 26,Time-MoE,0.4816731810569763
Sample 27,Moirai,0.5038854479789734
Sample 27,Timer,0.4961145520210266
Sample 28,Chronos,0.5142647624015808
Sample 28,Time-MoE,0.4857352077960968
Sample 29,Moirai,0.5027385354042053
Sample 29,Chronos,0.4972614049911499
Sample 30,Moirai,0.5557171106338501
Sample 30,Timer,0.4442828297615051
Sample 31,Chronos,0.522820234298706
Sample 31,Time-MoE,0.47717979550361633
Sample 0,Time-MoE,0.5269460082054138
Sample 0,Moirai,0.4730539917945862
Sample 1,Moirai,0.5299474000930786
Sample 1,Timer,0.4700525999069214
Sample 2,Chronos,0.5065516233444214
Sample 2,Timer,0.4934483766555786
Sample 3,Moirai,0.5151455998420715
Sample 3,Timer,0.48485440015792847
Sample 4,Moirai,0.5174041986465454
Sample 4,Chronos,0.4825957715511322
Sample 5,Moirai,0.5202434062957764
Sample 5,Timer,0.47975659370422363
Sample 6,Moirai,0.5742305517196655
Sample 6,Timer,0.4257694482803345
Sample 7,Chronos,0.5126233100891113
Sample 7,Time-MoE,0.48737671971321106
Sample 8,Moirai,0.5808660387992859
Sample 8,Time-MoE,0.4191339313983917
Sample 9,Moirai,0.5170164108276367
Sample 9,Timer,0.4829835593700409
Sample 10,Time-MoE,0.5065162181854248
Sample 10,Chronos,0.4934837818145752
Sample 11,Moirai,0.5000961422920227
Sample 11,Chronos,0.4999038577079773
Sample 12,Chronos,0.5026222467422485
Sample 12,Time-MoE,0.49737778306007385
Sample 13,Moirai,0.5392440557479858
Sample 13,Timer,0.46075597405433655
Sample 14,Moirai,0.5118130445480347
Sample 14,Chronos,0.48818695545196533
Sample 15,Chronos,0.5117136240005493
Sample 15,TimesFM,0.4882863759994507
Sample 16,Moirai,0.531629741191864
Sample 16,Time-MoE,0.4683702886104584
Sample 17,Moirai,0.5144656896591187
Sample 17,Timer,0.48553434014320374
Sample 18,Moirai,0.5656293034553528
Sample 18,Time-MoE,0.434370756149292
Sample 19,Chronos,0.5058209896087646
Sample 19,Timer,0.49417901039123535
Sample 20,Chronos,0.5467166304588318
Sample 20,TimesFM,0.4532833695411682
Sample 21,Moirai,0.540723979473114
Sample 21,Timer,0.4592759907245636
Sample 22,Moirai,0.5599303841590881
Sample 22,Timer,0.44006967544555664
Sample 23,Chronos,0.5282382369041443
Sample 23,TimesFM,0.4717617630958557
Sample 24,Time-MoE,0.5248706340789795
Sample 24,Moirai,0.4751293957233429
Sample 25,Moirai,0.5010215640068054
Sample 25,Timer,0.49897846579551697
Sample 26,Moirai,0.5129472613334656
Sample 26,Chronos,0.48705270886421204
Sample 27,Moirai,0.5002242922782898
Sample 27,Chronos,0.4997757077217102
Sample 28,Chronos,0.5088416337966919
Sample 28,Time-MoE,0.4911583960056305
Sample 29,Moirai,0.5036518573760986
Sample 29,Chronos,0.49634817242622375
Sample 30,Moirai,0.5865018963813782
Sample 30,TimesFM,0.41349804401397705
Sample 31,Chronos,0.51296466588974
Sample 31,Time-MoE,0.4870353043079376
Sample 0,Time-MoE,0.5258221626281738
Sample 0,Chronos,0.47417786717414856
Sample 1,Moirai,0.5186483860015869
Sample 1,Timer,0.4813516139984131
Sample 2,Chronos,0.5024144649505615
Sample 2,Moirai,0.4975855350494385
Sample 3,Moirai,0.5340407490730286
Sample 3,Timer,0.46595925092697144
Sample 4,Chronos,0.5354740619659424
Sample 4,Time-MoE,0.46452590823173523
Sample 5,Moirai,0.5450864434242249
Sample 5,Timer,0.45491355657577515
Sample 6,Moirai,0.5571581721305847
Sample 6,Time-MoE,0.4428418278694153
Sample 7,Chronos,0.519221842288971
Sample 7,TimesFM,0.48077818751335144
Sample 8,Time-MoE,0.5047455430030823
Sample 8,Moirai,0.4952544867992401
Sample 9,Moirai,0.537996768951416
Sample 9,Timer,0.4620032012462616
Sample 10,Moirai,0.5364081263542175
Sample 10,TimesFM,0.46359190344810486
Sample 11,Moirai,0.5073793530464172
Sample 11,Chronos,0.49262067675590515
Sample 12,Chronos,0.5047197937965393
Sample 12,Time-MoE,0.4952801764011383
Sample 13,Chronos,0.521480917930603
Sample 13,Timer,0.4785190224647522
Sample 14,Chronos,0.5112980008125305
Sample 14,Time-MoE,0.4887019991874695
Sample 15,Chronos,0.5061536431312561
Sample 15,Time-MoE,0.4938463866710663
Sample 16,Time-MoE,0.5175178050994873
Sample 16,Chronos,0.4824821352958679
Sample 17,Moirai,0.540641725063324
Sample 17,Timer,0.459358274936676
Sample 18,Chronos,0.5219653844833374
Sample 18,Time-MoE,0.4780345857143402
Sample 19,Moirai,0.5233914852142334
Sample 19,Timer,0.4766085147857666
Sample 20,Moirai,0.532400906085968
Sample 20,Timer,0.46759912371635437
Sample 21,Moirai,0.5363414287567139
Sample 21,Timer,0.46365857124328613
Sample 22,Chronos,0.5031386017799377
Sample 22,Moirai,0.4968613386154175
Sample 23,Chronos,0.5246140956878662
Sample 23,Time-MoE,0.4753859043121338
Sample 24,Moirai,0.5438011884689331
Sample 24,Time-MoE,0.4561988115310669
Sample 25,Moirai,0.5287302732467651
Sample 25,Timer,0.4712696969509125
Sample 26,Moirai,0.5006661415100098
Sample 26,Chronos,0.49933385848999023
Sample 27,Moirai,0.5498160719871521
Sample 27,Timer,0.4501839280128479
Sample 28,Moirai,0.5754120945930481
Sample 28,Timer,0.4245879054069519
Sample 29,Moirai,0.5066235065460205
Sample 29,Chronos,0.4933765232563019
Sample 30,Moirai,0.5292776226997375
Sample 30,Time-MoE,0.47072237730026245
Sample 31,Chronos,0.534031331539154
Sample 31,TimesFM,0.46596869826316833
Sample 0,Moirai,0.6369612812995911
Sample 0,TimesFM,0.3630387783050537
Sample 1,Moirai,0.5052101016044617
Sample 1,Timer,0.49478989839553833
Sample 2,Time-MoE,0.5092652440071106
Sample 2,Chronos,0.490734726190567
Sample 3,Moirai,0.5019314885139465
Sample 3,Chronos,0.49806857109069824
Sample 4,Chronos,0.5118022561073303
Sample 4,Timer,0.48819777369499207
Sample 5,Moirai,0.5655470490455627
Sample 5,Timer,0.43445295095443726
Sample 6,Moirai,0.5005415678024292
Sample 6,Chronos,0.4994584023952484
Sample 7,Chronos,0.5271771550178528
Sample 7,TimesFM,0.4728228449821472
Sample 8,Time-MoE,0.5265907645225525
Sample 8,Moirai,0.4734092056751251
Sample 9,Moirai,0.5240792036056519
Sample 9,Timer,0.47592073678970337
Sample 10,TimesFM,0.5030394792556763
Sample 10,Moirai,0.49696052074432373
Sample 11,Chronos,0.5003026723861694
Sample 11,Moirai,0.49969735741615295
Sample 12,Moirai,0.5063942074775696
Sample 12,Chronos,0.4936058223247528
Sample 13,Moirai,0.5522934198379517
Sample 13,Timer,0.4477066099643707
Sample 14,Moirai,0.5483995676040649
Sample 14,Timer,0.45160040259361267
Sample 15,Chronos,0.5286175012588501
Sample 15,Time-MoE,0.4713824987411499
Sample 0,Time-MoE,0.5165328979492188
Sample 0,Moirai,0.48346707224845886
Sample 1,Timer,0.5017317533493042
Sample 1,Chronos,0.4982682466506958
Sample 2,Chronos,0.5465530157089233
Sample 2,Timer,0.45344698429107666
Sample 3,Moirai,0.5177991986274719
Sample 3,Timer,0.48220083117485046
Sample 4,Moirai,0.5821557641029358
Sample 4,Timer,0.417844295501709
Sample 5,Moirai,0.5346622467041016
Sample 5,Timer,0.4653377830982208
Sample 6,Moirai,0.5035348534584045
Sample 6,Chronos,0.49646511673927307
Sample 7,Chronos,0.5301377177238464
Sample 7,Time-MoE,0.4698622524738312
Sample 8,Moirai,0.534295916557312
Sample 8,Time-MoE,0.4657041132450104
Sample 9,Timer,0.5018028020858765
Sample 9,Moirai,0.4981972277164459
Sample 10,Moirai,0.5473644137382507
Sample 10,Time-MoE,0.45263561606407166
Sample 11,Moirai,0.5358560085296631
Sample 11,Timer,0.4641440212726593
Sample 12,Time-MoE,0.5041266679763794
Sample 12,Chronos,0.495873361825943
Sample 13,Moirai,0.5447084307670593
Sample 13,Timer,0.45529159903526306
Sample 14,Moirai,0.5332237482070923
Sample 14,Timer,0.4667762815952301
Sample 15,Chronos,0.5360144376754761
Sample 15,Time-MoE,0.4639855921268463
Sample 16,Moirai,0.5151063203811646
Sample 16,Time-MoE,0.48489370942115784
Sample 17,Moirai,0.5411036610603333
Sample 17,Timer,0.45889636874198914
Sample 18,Chronos,0.5022964477539062
Sample 18,Time-MoE,0.49770358204841614
Sample 19,Moirai,0.5094864964485168
Sample 19,Timer,0.4905134439468384
Sample 20,Moirai,0.5657577514648438
Sample 20,Time-MoE,0.43424221873283386
Sample 21,Moirai,0.5137093663215637
Sample 21,Timer,0.48629066348075867
Sample 22,Chronos,0.5090590119361877
Sample 22,Timer,0.49094104766845703
Sample 23,Chronos,0.5183400511741638
Sample 23,TimesFM,0.4816599488258362
Sample 24,Time-MoE,0.530350387096405
Sample 24,TimesFM,0.4696495831012726
Sample 25,Moirai,0.5060354471206665
Sample 25,Timer,0.4939645528793335
Sample 26,Moirai,0.5361325144767761
Sample 26,Chronos,0.4638674557209015
Sample 27,Moirai,0.5663910508155823
Sample 27,Chronos,0.4336089491844177
Sample 28,Chronos,0.5406748056411743
Sample 28,TimesFM,0.4593251943588257
Sample 29,Moirai,0.5546393394470215
Sample 29,Timer,0.44536063075065613
Sample 30,Moirai,0.583172619342804
Sample 30,Timer,0.41682741045951843
Sample 31,Chronos,0.5277336239814758
Sample 31,TimesFM,0.47226640582084656
Sample 0,Time-MoE,0.5176994204521179
Sample 0,Chronos,0.48230060935020447
Sample 1,Moirai,0.55560702085495
Sample 1,Timer,0.44439294934272766
Sample 2,Chronos,0.510149359703064
Sample 2,Time-MoE,0.48985064029693604
Sample 3,Chronos,0.5012703537940979
Sample 3,Timer,0.4987296462059021
Sample 4,Chronos,0.5295328497886658
Sample 4,TimesFM,0.47046715021133423
Sample 5,Moirai,0.5566510558128357
Sample 5,Timer,0.4433489143848419
Sample 6,Chronos,0.5059154629707336
Sample 6,Timer,0.49408453702926636
Sample 7,Chronos,0.5183532238006592
Sample 7,Time-MoE,0.4816467761993408
Sample 8,Moirai,0.6363434791564941
Sample 8,Time-MoE,0.36365658044815063
Sample 9,Moirai,0.5379380583763123
Sample 9,Timer,0.46206191182136536
Sample 10,Moirai,0.5224573612213135
Sample 10,Chronos,0.4775426685810089
Sample 11,Chronos,0.5222306251525879
Sample 11,TimesFM,0.4777694046497345
Sample 12,Chronos,0.5111784934997559
Sample 12,Timer,0.48882147669792175
Sample 13,Moirai,0.5488588809967041
Sample 13,Timer,0.4511410892009735
Sample 14,Chronos,0.5061688423156738
Sample 14,Moirai,0.49383115768432617
Sample 15,Chronos,0.5073148608207703
Sample 15,Time-MoE,0.4926851987838745
Sample 16,Moirai,0.5345341563224792
Sample 16,Time-MoE,0.46546587347984314
Sample 17,Moirai,0.5444459915161133
Sample 17,Timer,0.45555397868156433
Sample 18,Chronos,0.5088914036750793
Sample 18,TimesFM,0.4911085367202759
Sample 19,Moirai,0.5143664479255676
Sample 19,Timer,0.48563358187675476
Sample 20,Moirai,0.5905135273933411
Sample 20,TimesFM,0.40948647260665894
Sample 21,Moirai,0.5564472675323486
Sample 21,Timer,0.44355276226997375
Sample 22,Moirai,0.5087658762931824
Sample 22,Chronos,0.49123415350914
Sample 23,Chronos,0.5476917028427124
Sample 23,TimesFM,0.4523082673549652
Sample 24,Moirai,0.6480132937431335
Sample 24,Time-MoE,0.35198670625686646
Sample 25,Timer,0.5011299252510071
Sample 25,Chronos,0.4988701343536377
Sample 26,Moirai,0.5346952676773071
Sample 26,Timer,0.46530479192733765
Sample 27,Moirai,0.5093461871147156
Sample 27,Chronos,0.4906538128852844
Sample 28,Chronos,0.5360475182533264
Sample 28,Time-MoE,0.4639524817466736
Sample 29,Moirai,0.5304201245307922
Sample 29,Timer,0.4695798456668854
Sample 30,Moirai,0.5146107077598572
Sample 30,Timer,0.4853892922401428
Sample 31,Chronos,0.528645932674408
Sample 31,Time-MoE,0.47135406732559204
Sample 0,Time-MoE,0.5194650888442993
Sample 0,Moirai,0.48053494095802307
Sample 1,Moirai,0.5343664288520813
Sample 1,Timer,0.4656335413455963
Sample 2,Moirai,0.551024854183197
Sample 2,TimesFM,0.448975145816803
Sample 3,Moirai,0.5025628805160522
Sample 3,Chronos,0.49743708968162537
Sample 4,Chronos,0.5022869110107422
Sample 4,Moirai,0.4977131485939026
Sample 5,Moirai,0.5443916320800781
Sample 5,Timer,0.45560839772224426
Sample 6,Chronos,0.5343225598335266
Sample 6,Timer,0.4656774699687958
Sample 7,Chronos,0.5194349884986877
Sample 7,TimesFM,0.48056498169898987
Sample 8,Time-MoE,0.5288331508636475
Sample 8,TimesFM,0.47116684913635254
Sample 9,Moirai,0.50632244348526
Sample 9,Timer,0.49367755651474
Sample 10,Timer,0.50101238489151
Sample 10,Moirai,0.4989875853061676
Sample 11,Chronos,0.5124807357788086
Sample 11,Timer,0.4875192642211914
Sample 12,Chronos,0.5467232465744019
Sample 12,TimesFM,0.45327672362327576
Sample 13,Moirai,0.5296775102615356
Sample 13,Timer,0.4703224301338196
Sample 14,Moirai,0.5244691371917725
Sample 14,Timer,0.4755308926105499
Sample 15,Chronos,0.5277261137962341
Sample 15,Time-MoE,0.4722738265991211
Sample 16,Moirai,0.6380149126052856
Sample 16,TimesFM,0.36198508739471436
Sample 17,Chronos,0.5021864175796509
Sample 17,Timer,0.4978135824203491
Sample 18,Chronos,0.5128146409988403
Sample 18,Time-MoE,0.4871852993965149
Sample 19,Moirai,0.5723311305046082
Sample 19,Chronos,0.42766883969306946
Sample 20,Chronos,0.5358986854553223
Sample 20,Time-MoE,0.46410125494003296
Sample 21,Moirai,0.5332381129264832
Sample 21,Timer,0.46676185727119446
Sample 22,Moirai,0.5376391410827637
Sample 22,Chronos,0.4623609185218811
Sample 23,Chronos,0.528887927532196
Sample 23,TimesFM,0.47111207246780396
Sample 24,Time-MoE,0.5171154737472534
Sample 24,Chronos,0.48288455605506897
Sample 25,Timer,0.5006820559501648
Sample 25,Moirai,0.49931800365448
Sample 26,Time-MoE,0.5039567947387695
Sample 26,Chronos,0.4960431754589081
Sample 27,Chronos,0.5057727694511414
Sample 27,Timer,0.49422723054885864
Sample 28,Chronos,0.5424774289131165
Sample 28,TimesFM,0.45752257108688354
Sample 29,Moirai,0.5152418613433838
Sample 29,Timer,0.4847581386566162
Sample 30,Moirai,0.5194877982139587
Sample 30,Timer,0.48051223158836365
Sample 31,Chronos,0.5416747331619263
Sample 31,TimesFM,0.45832523703575134
Sample 0,Time-MoE,0.5245533585548401
Sample 0,Chronos,0.4754466712474823
Sample 1,Moirai,0.5239009857177734
Sample 1,Timer,0.47609904408454895
Sample 2,Chronos,0.502124011516571
Sample 2,Time-MoE,0.49787598848342896
Sample 3,Moirai,0.5221883654594421
Sample 3,Chronos,0.47781163454055786
Sample 4,Chronos,0.5076694488525391
Sample 4,Time-MoE,0.49233055114746094
Sample 5,Chronos,0.5073665976524353
Sample 5,Time-MoE,0.4926334023475647
Sample 6,Time-MoE,0.5056991577148438
Sample 6,Chronos,0.49430084228515625
Sample 7,Chronos,0.5173371434211731
Sample 7,TimesFM,0.4826629161834717
Sample 8,Time-MoE,0.5332859754562378
Sample 8,TimesFM,0.4667139947414398
Sample 9,Moirai,0.523653507232666
Sample 9,Timer,0.476346492767334
Sample 10,Chronos,0.5168874263763428
Sample 10,Timer,0.4831125736236572
Sample 11,Moirai,0.5060968399047852
Sample 11,Chronos,0.49390318989753723
Sample 12,Chronos,0.5259643197059631
Sample 12,Time-MoE,0.4740356504917145
Sample 13,Moirai,0.5133658051490784
Sample 13,Timer,0.486634224653244
Sample 14,Moirai,0.5136006474494934
Sample 14,Timer,0.4863993525505066
Sample 15,Chronos,0.5150099396705627
Sample 15,Time-MoE,0.48499006032943726
Sample 16,Time-MoE,0.5299994945526123
Sample 16,TimesFM,0.47000056505203247
Sample 17,Chronos,0.5079909563064575
Sample 17,Timer,0.49200907349586487
Sample 18,Chronos,0.5040428638458252
Sample 18,Time-MoE,0.4959571361541748
Sample 19,Timer,0.5005141496658325
Sample 19,Chronos,0.4994858205318451
Sample 20,Chronos,0.5452830791473389
Sample 20,TimesFM,0.45471692085266113
Sample 21,Moirai,0.5247436165809631
Sample 21,Timer,0.4752563536167145
Sample 22,Moirai,0.5645943880081177
Sample 22,Time-MoE,0.43540558218955994
Sample 23,Chronos,0.5309867858886719
Sample 23,TimesFM,0.46901318430900574
Sample 24,Time-MoE,0.5193153023719788
Sample 24,Chronos,0.48068466782569885
Sample 25,Moirai,0.5087367296218872
Sample 25,Timer,0.4912632703781128
Sample 26,Chronos,0.5191598534584045
Sample 26,Time-MoE,0.48084011673927307
Sample 27,Moirai,0.5028490424156189
Sample 27,Timer,0.4971509277820587
Sample 28,Chronos,0.5144327878952026
Sample 28,Time-MoE,0.48556721210479736
Sample 29,Moirai,0.502268373966217
Sample 29,Chronos,0.49773162603378296
Sample 30,Moirai,0.5583710670471191
Sample 30,Timer,0.44162899255752563
Sample 31,Chronos,0.5238503217697144
Sample 31,Time-MoE,0.47614967823028564
Sample 0,Time-MoE,0.5311630964279175
Sample 0,Moirai,0.46883684396743774
Sample 1,Moirai,0.5314594507217407
Sample 1,Timer,0.4685405492782593
Sample 2,Chronos,0.5070822834968567
Sample 2,Timer,0.4929177165031433
Sample 3,Moirai,0.5149360299110413
Sample 3,Timer,0.48506391048431396
Sample 4,Moirai,0.5175811052322388
Sample 4,Chronos,0.48241883516311646
Sample 5,Moirai,0.5208804607391357
Sample 5,Timer,0.47911953926086426
Sample 6,Moirai,0.5792924165725708
Sample 6,Timer,0.420707643032074
Sample 7,Chronos,0.5130226016044617
Sample 7,Time-MoE,0.48697739839553833
Sample 8,Moirai,0.5828286409378052
Sample 8,Time-MoE,0.4171713888645172
Sample 9,Moirai,0.517900288105011
Sample 9,Timer,0.4820996820926666
Sample 10,Time-MoE,0.508089542388916
Sample 10,Chronos,0.4919104278087616
Sample 11,Chronos,0.5007548332214355
Sample 11,Moirai,0.49924513697624207
Sample 12,Chronos,0.5021147131919861
Sample 12,Time-MoE,0.49788525700569153
Sample 13,Moirai,0.5410773158073425
Sample 13,Timer,0.45892268419265747
Sample 14,Moirai,0.5120069980621338
Sample 14,Chronos,0.4879930317401886
Sample 15,Chronos,0.5118808746337891
Sample 15,TimesFM,0.48811906576156616
Sample 16,Moirai,0.5305758714675903
Sample 16,Time-MoE,0.4694240987300873
Sample 17,Moirai,0.5146622657775879
Sample 17,Timer,0.4853377342224121
Sample 18,Moirai,0.5685929656028748
Sample 18,Time-MoE,0.43140697479248047
Sample 19,Chronos,0.5058871507644653
Sample 19,Timer,0.49411284923553467
Sample 20,Chronos,0.5488886833190918
Sample 20,TimesFM,0.4511113166809082
Sample 21,Moirai,0.5425777435302734
Sample 21,Timer,0.45742225646972656
Sample 22,Moirai,0.5637033581733704
Sample 22,Timer,0.43629664182662964
Sample 23,Chronos,0.529680609703064
Sample 23,TimesFM,0.47031936049461365
Sample 24,Time-MoE,0.5289910435676575
Sample 24,Moirai,0.47100889682769775
Sample 25,Moirai,0.5006809234619141
Sample 25,Timer,0.4993191361427307
Sample 26,Moirai,0.5142210721969604
Sample 26,Chronos,0.48577892780303955
Sample 27,Chronos,0.5007663369178772
Sample 27,Moirai,0.4992336928844452
Sample 28,Chronos,0.5088858008384705
Sample 28,Time-MoE,0.49111419916152954
Sample 29,Moirai,0.5041560530662537
Sample 29,Chronos,0.4958439767360687
Sample 30,Moirai,0.5922319889068604
Sample 30,TimesFM,0.40776804089546204
Sample 31,Chronos,0.5132774710655212
Sample 31,Time-MoE,0.48672252893447876
Sample 0,Time-MoE,0.5285165905952454
Sample 0,Chronos,0.47148337960243225
Sample 1,Moirai,0.5197398662567139
Sample 1,Timer,0.48026010394096375
Sample 2,Chronos,0.5024176239967346
Sample 2,Moirai,0.4975823760032654
Sample 3,Moirai,0.5355010032653809
Sample 3,Timer,0.46449899673461914
Sample 4,Chronos,0.5373243689537048
Sample 4,Time-MoE,0.46267563104629517
Sample 5,Moirai,0.5478683710098267
Sample 5,Timer,0.45213159918785095
Sample 6,Moirai,0.5605274438858032
Sample 6,Time-MoE,0.43947261571884155
Sample 7,Chronos,0.5203656554222107
Sample 7,TimesFM,0.4796343445777893
Sample 8,Time-MoE,0.5080544352531433
Sample 8,Moirai,0.4919455647468567
Sample 9,Moirai,0.5405331254005432
Sample 9,Timer,0.4594669044017792
Sample 10,Moirai,0.5388906598091125
Sample 10,TimesFM,0.46110934019088745
Sample 11,Moirai,0.5070099234580994
Sample 11,Chronos,0.492990106344223
Sample 12,Chronos,0.5043624639511108
Sample 12,Time-MoE,0.49563753604888916
Sample 13,Chronos,0.5226274728775024
Sample 13,Timer,0.47737252712249756
Sample 14,Chronos,0.5115084648132324
Sample 14,Time-MoE,0.48849156498908997
Sample 15,Chronos,0.506233811378479
Sample 15,Time-MoE,0.4937662184238434
Sample 16,Time-MoE,0.5195105075836182
Sample 16,Chronos,0.48048949241638184
Sample 17,Moirai,0.5432305932044983
Sample 17,Timer,0.4567693769931793
Sample 18,Chronos,0.5232527256011963
Sample 18,Time-MoE,0.4767472743988037
Sample 19,Moirai,0.5241931080818176
Sample 19,Timer,0.47580686211586
Sample 20,Moirai,0.5343343019485474
Sample 20,Timer,0.46566566824913025
Sample 21,Moirai,0.5386091470718384
Sample 21,Timer,0.4613908529281616
Sample 22,Chronos,0.5033884048461914
Sample 22,Moirai,0.4966115951538086
Sample 23,Chronos,0.5258476734161377
Sample 23,Time-MoE,0.4741522967815399
Sample 24,Moirai,0.543515145778656
Sample 24,Time-MoE,0.4564848840236664
Sample 25,Moirai,0.5305229425430298
Sample 25,Timer,0.4694770574569702
Sample 26,Moirai,0.50035160779953
Sample 26,Chronos,0.49964842200279236
Sample 27,Moirai,0.5526314973831177
Sample 27,Timer,0.4473685026168823
Sample 28,Moirai,0.5793836712837219
Sample 28,Timer,0.42061635851860046
Sample 29,Moirai,0.5068247318267822
Sample 29,Chronos,0.4931752383708954
Sample 30,Moirai,0.5293434858322144
Sample 30,Time-MoE,0.47065654397010803
Sample 31,Chronos,0.5358944535255432
Sample 31,TimesFM,0.464105486869812
Sample 0,Moirai,0.6447800993919373
Sample 0,Time-MoE,0.35521987080574036
Sample 1,Moirai,0.5053449869155884
Sample 1,Timer,0.4946550130844116
Sample 2,Time-MoE,0.5099951028823853
Sample 2,Moirai,0.49000483751296997
Sample 3,Moirai,0.5013983249664307
Sample 3,Chronos,0.49860167503356934
Sample 4,Chronos,0.5127474069595337
Sample 4,Timer,0.4872525632381439
Sample 5,Moirai,0.5700515508651733
Sample 5,Timer,0.42994844913482666
Sample 6,Chronos,0.5000871419906616
Sample 6,Moirai,0.4999128580093384
Sample 7,Chronos,0.5288465619087219
Sample 7,TimesFM,0.4711534380912781
Sample 8,Time-MoE,0.5316271781921387
Sample 8,Moirai,0.46837279200553894
Sample 9,Moirai,0.5259088277816772
Sample 9,Timer,0.47409117221832275
Sample 10,TimesFM,0.5025690793991089
Sample 10,Moirai,0.49743086099624634
Sample 11,Chronos,0.5009803175926208
Sample 11,Timer,0.49901968240737915
Sample 12,Moirai,0.5046370029449463
Sample 12,Chronos,0.4953629970550537
Sample 13,Moirai,0.5559723973274231
Sample 13,Timer,0.4440276324748993
Sample 14,Moirai,0.5518173575401306
Sample 14,Timer,0.44818270206451416
Sample 15,Chronos,0.5301187038421631
Sample 15,Time-MoE,0.4698813259601593
Sample 0,Time-MoE,0.5201869606971741
Sample 0,Moirai,0.47981300950050354
Sample 1,Timer,0.5014770030975342
Sample 1,Chronos,0.49852296710014343
Sample 2,Chronos,0.5501527190208435
Sample 2,TimesFM,0.4498472213745117
Sample 3,Moirai,0.518818199634552
Sample 3,Timer,0.4811817705631256
Sample 4,Moirai,0.5873833894729614
Sample 4,Chronos,0.41261664032936096
Sample 5,Moirai,0.538184642791748
Sample 5,Timer,0.4618152976036072
Sample 6,Moirai,0.5038138031959534
Sample 6,Chronos,0.49618619680404663
Sample 7,Chronos,0.53172367811203
Sample 7,Time-MoE,0.46827632188796997
Sample 8,Moirai,0.5338418483734131
Sample 8,Time-MoE,0.4661581218242645
Sample 9,Timer,0.5016916990280151
Sample 9,Moirai,0.49830833077430725
Sample 10,Moirai,0.5506535768508911
Sample 10,Time-MoE,0.4493463933467865
Sample 11,Moirai,0.5381745100021362
Sample 11,Timer,0.46182548999786377
Sample 12,Time-MoE,0.5049719214439392
Sample 12,Chronos,0.4950280487537384
Sample 13,Moirai,0.5486063957214355
Sample 13,Timer,0.45139360427856445
Sample 14,Moirai,0.5361585021018982
Sample 14,Timer,0.4638415277004242
Sample 15,Chronos,0.5379019379615784
Sample 15,Time-MoE,0.46209806203842163
Sample 16,Moirai,0.5137217044830322
Sample 16,Time-MoE,0.48627832531929016
Sample 17,Moirai,0.5448671579360962
Sample 17,Timer,0.4551328420639038
Sample 18,Chronos,0.5021105408668518
Sample 18,Time-MoE,0.4978894293308258
Sample 19,Moirai,0.5099290609359741
Sample 19,Timer,0.4900709390640259
Sample 20,Moirai,0.5689087510108948
Sample 20,Time-MoE,0.4310912489891052
Sample 21,Moirai,0.5146549344062805
Sample 21,Timer,0.48534509539604187
Sample 22,Chronos,0.5099965333938599
Sample 22,Timer,0.49000346660614014
Sample 23,Chronos,0.5192722082138062
Sample 23,TimesFM,0.48072782158851624
Sample 24,Time-MoE,0.5332603454589844
Sample 24,TimesFM,0.4667396545410156
Sample 25,Moirai,0.507052481174469
Sample 25,Timer,0.4929475486278534
Sample 26,Moirai,0.5379093885421753
Sample 26,Chronos,0.46209055185317993
Sample 27,Moirai,0.5705141425132751
Sample 27,Chronos,0.42948585748672485
Sample 28,Chronos,0.5430818796157837
Sample 28,TimesFM,0.4569181501865387
Sample 29,Moirai,0.5591391921043396
Sample 29,Timer,0.4408607482910156
Sample 30,Moirai,0.5894142389297485
Sample 30,Timer,0.4105857312679291
Sample 31,Chronos,0.5292083621025085
Sample 31,TimesFM,0.4707915782928467
Sample 0,Time-MoE,0.5193572640419006
Sample 0,Chronos,0.48064273595809937
Sample 1,Moirai,0.5609673261642456
Sample 1,Timer,0.4390326738357544
Sample 2,Chronos,0.5110259056091309
Sample 2,Time-MoE,0.48897409439086914
Sample 3,Chronos,0.5019914507865906
Sample 3,Timer,0.4980085790157318
Sample 4,Chronos,0.5307076573371887
Sample 4,TimesFM,0.46929240226745605
Sample 5,Moirai,0.5619744062423706
Sample 5,Timer,0.4380255937576294
Sample 6,Chronos,0.5071808695793152
Sample 6,Timer,0.4928191304206848
Sample 7,Chronos,0.5193282961845398
Sample 7,Time-MoE,0.4806716740131378
Sample 8,Moirai,0.6431598663330078
Sample 8,Time-MoE,0.3568401038646698
Sample 9,Moirai,0.5418978333473206
Sample 9,Timer,0.45810216665267944
Sample 10,Moirai,0.5243408679962158
Sample 10,Chronos,0.4756590723991394
Sample 11,Chronos,0.5235592722892761
Sample 11,TimesFM,0.47644075751304626
Sample 12,Chronos,0.5125925540924072
Sample 12,Timer,0.48740747570991516
Sample 13,Moirai,0.55341637134552
Sample 13,Timer,0.44658362865448
Sample 14,Chronos,0.5065755248069763
Sample 14,Moirai,0.4934244453907013
Sample 15,Chronos,0.5070961117744446
Sample 15,Time-MoE,0.49290385842323303
Sample 16,Moirai,0.5349453687667847
Sample 16,Time-MoE,0.4650546610355377
Sample 17,Moirai,0.5492269992828369
Sample 17,Timer,0.4507729709148407
Sample 18,Chronos,0.5091062188148499
Sample 18,TimesFM,0.49089378118515015
Sample 19,Moirai,0.5163046717643738
Sample 19,Timer,0.4836953282356262
Sample 20,Moirai,0.5981706976890564
Sample 20,Time-MoE,0.401829332113266
Sample 21,Moirai,0.5619044899940491
Sample 21,Timer,0.4380955398082733
Sample 22,Moirai,0.510347843170166
Sample 22,Chronos,0.48965218663215637
Sample 23,Chronos,0.550166666507721
Sample 23,TimesFM,0.44983333349227905
Sample 24,Moirai,0.6566389203071594
Sample 24,Time-MoE,0.3433610796928406
Sample 25,Timer,0.5009440183639526
Sample 25,Chronos,0.499055951833725
Sample 26,Moirai,0.5382939577102661
Sample 26,Timer,0.4617060422897339
Sample 27,Moirai,0.5094144940376282
Sample 27,Chronos,0.4905855059623718
Sample 28,Chronos,0.5381002426147461
Sample 28,Time-MoE,0.4618997871875763
Sample 29,Moirai,0.5331150889396667
Sample 29,Timer,0.46688491106033325
Sample 30,Moirai,0.5167165994644165
Sample 30,Timer,0.4832834005355835
Sample 31,Chronos,0.5301890969276428
Sample 31,Time-MoE,0.46981096267700195
Sample 0,Time-MoE,0.5220171213150024
Sample 0,Moirai,0.47798287868499756
Sample 1,Moirai,0.5386459231376648
Sample 1,Timer,0.46135401725769043
Sample 2,Moirai,0.554969072341919
Sample 2,TimesFM,0.44503092765808105
Sample 3,Moirai,0.5029881000518799
Sample 3,Chronos,0.49701187014579773
Sample 4,Chronos,0.5015243291854858
Sample 4,Moirai,0.49847573041915894
Sample 5,Moirai,0.5493507981300354
Sample 5,Timer,0.4506491720676422
Sample 6,Chronos,0.5360434055328369
Sample 6,TimesFM,0.4639565646648407
Sample 7,Chronos,0.5205976366996765
Sample 7,TimesFM,0.47940242290496826
Sample 8,Time-MoE,0.5312286615371704
Sample 8,TimesFM,0.4687713384628296
Sample 9,Moirai,0.5082486271858215
Sample 9,Timer,0.49175140261650085
Sample 10,Moirai,0.5004706978797913
Sample 10,Timer,0.49952930212020874
Sample 11,Chronos,0.5145286917686462
Sample 11,Timer,0.48547136783599854
Sample 12,Chronos,0.5491598844528198
Sample 12,TimesFM,0.4508401155471802
Sample 13,Moirai,0.5327655673027039
Sample 13,Timer,0.46723443269729614
Sample 14,Moirai,0.5279115438461304
Sample 14,Chronos,0.472088485956192
Sample 15,Chronos,0.5291814804077148
Sample 15,Time-MoE,0.47081848978996277
Sample 16,Moirai,0.6477982997894287
Sample 16,Time-MoE,0.3522016704082489
Sample 17,Chronos,0.5027168989181519
Sample 17,Timer,0.49728304147720337
Sample 18,Chronos,0.5130396485328674
Sample 18,Time-MoE,0.48696035146713257
Sample 19,Moirai,0.57744961977005
Sample 19,Chronos,0.42255035042762756
Sample 20,Chronos,0.5378955602645874
Sample 20,Time-MoE,0.4621044993400574
Sample 21,Moirai,0.5363240242004395
Sample 21,Timer,0.46367597579956055
Sample 22,Moirai,0.5414926409721375
Sample 22,Chronos,0.45850738883018494
Sample 23,Chronos,0.5301138758659363
Sample 23,TimesFM,0.46988609433174133
Sample 24,Time-MoE,0.5188205242156982
Sample 24,Chronos,0.48117950558662415
Sample 25,Moirai,0.500457227230072
Sample 25,Timer,0.4995427429676056
Sample 26,Time-MoE,0.504550576210022
Sample 26,Chronos,0.4954494535923004
Sample 27,Chronos,0.5069031715393066
Sample 27,Timer,0.49309682846069336
Sample 28,Chronos,0.5449013710021973
Sample 28,TimesFM,0.4550986886024475
Sample 29,Moirai,0.5173887014389038
Sample 29,Timer,0.4826112687587738
Sample 30,Moirai,0.5222150087356567
Sample 30,Chronos,0.47778502106666565
Sample 31,Chronos,0.5439093708992004
Sample 31,TimesFM,0.45609062910079956
Sample 0,Time-MoE,0.5261083245277405
Sample 0,Chronos,0.4738917052745819
Sample 1,Moirai,0.5279495716094971
Sample 1,Timer,0.47205042839050293
Sample 2,Chronos,0.5024769306182861
Sample 2,Time-MoE,0.49752306938171387
Sample 3,Moirai,0.5242665410041809
Sample 3,Chronos,0.4757334291934967
Sample 4,Chronos,0.5057291388511658
Sample 4,Moirai,0.49427086114883423
Sample 5,Chronos,0.5073403120040894
Sample 5,Time-MoE,0.4926597476005554
Sample 6,Time-MoE,0.5059959292411804
Sample 6,Chronos,0.4940040409564972
Sample 7,Chronos,0.5181068778038025
Sample 7,TimesFM,0.4818931519985199
Sample 8,Time-MoE,0.535189151763916
Sample 8,TimesFM,0.464810848236084
Sample 9,Moirai,0.5278251767158508
Sample 9,Timer,0.47217485308647156
Sample 10,Chronos,0.51870197057724
Sample 10,Timer,0.4812980592250824
Sample 11,Moirai,0.5063394904136658
Sample 11,Chronos,0.493660569190979
Sample 12,Chronos,0.5270075798034668
Sample 12,Time-MoE,0.4729924201965332
Sample 13,Moirai,0.5160160660743713
Sample 13,Timer,0.48398396372795105
Sample 14,Moirai,0.5156031847000122
Sample 14,Timer,0.4843967854976654
Sample 15,Chronos,0.5153272747993469
Sample 15,Time-MoE,0.4846726953983307
Sample 16,Time-MoE,0.5317258238792419
Sample 16,TimesFM,0.46827417612075806
Sample 17,Chronos,0.5092450380325317
Sample 17,Timer,0.4907549321651459
Sample 18,Chronos,0.5046279430389404
Sample 18,Time-MoE,0.49537205696105957
Sample 19,Timer,0.500037431716919
Sample 19,Chronos,0.49996259808540344
Sample 20,Chronos,0.5478987097740173
Sample 20,TimesFM,0.45210129022598267
Sample 21,Moirai,0.5278904438018799
Sample 21,Timer,0.47210952639579773
Sample 22,Moirai,0.5696877837181091
Sample 22,Time-MoE,0.43031227588653564
Sample 23,Chronos,0.5326498746871948
Sample 23,TimesFM,0.4673500955104828
Sample 24,Time-MoE,0.5208785533905029
Sample 24,Chronos,0.47912144660949707
Sample 25,Moirai,0.5106890797615051
Sample 25,Timer,0.48931097984313965
Sample 26,Chronos,0.5204898118972778
Sample 26,Time-MoE,0.47951018810272217
Sample 27,Moirai,0.5038437843322754
Sample 27,Chronos,0.4961561858654022
Sample 28,Chronos,0.5150845050811768
Sample 28,Time-MoE,0.48491549491882324
Sample 29,Moirai,0.502751886844635
Sample 29,Chronos,0.4972481429576874
Sample 30,Moirai,0.5644081234931946
Sample 30,Timer,0.4355918765068054
Sample 31,Chronos,0.5252628922462463
Sample 31,Time-MoE,0.47473710775375366
Sample 0,Time-MoE,0.5334887504577637
Sample 0,Moirai,0.46651121973991394
Sample 1,Moirai,0.5362024307250977
Sample 1,Timer,0.4637976288795471
Sample 2,Chronos,0.5083173513412476
Sample 2,Timer,0.49168264865875244
Sample 3,Moirai,0.5172390937805176
Sample 3,Timer,0.4827609658241272
Sample 4,Moirai,0.5173448324203491
Sample 4,Chronos,0.4826551377773285
Sample 5,Moirai,0.5238503217697144
Sample 5,Timer,0.47614967823028564
Sample 6,Moirai,0.587313711643219
Sample 6,Chronos,0.412686288356781
Sample 7,Chronos,0.5140528082847595
Sample 7,Time-MoE,0.4859471321105957
Sample 8,Moirai,0.5883820056915283
Sample 8,Time-MoE,0.4116179943084717
Sample 9,Moirai,0.5218133926391602
Sample 9,Timer,0.47818660736083984
Sample 10,Time-MoE,0.5090616345405579
Sample 10,Chronos,0.49093836545944214
Sample 11,Chronos,0.5020096898078918
Sample 11,Moirai,0.49799028038978577
Sample 12,Chronos,0.5023092031478882
Sample 12,Time-MoE,0.4976907968521118
Sample 13,Moirai,0.5448275804519653
Sample 13,Timer,0.4551723897457123
Sample 14,Moirai,0.5135599970817566
Sample 14,Chronos,0.4864400327205658
Sample 15,Chronos,0.5121962428092957
Sample 15,TimesFM,0.48780369758605957
Sample 16,Moirai,0.5321981906890869
Sample 16,Time-MoE,0.4678018391132355
Sample 17,Moirai,0.5179945230484009
Sample 17,Timer,0.4820055067539215
Sample 18,Moirai,0.5747326016426086
Sample 18,Time-MoE,0.42526739835739136
Sample 19,Chronos,0.5067485570907593
Sample 19,Timer,0.4932514429092407
Sample 20,Chronos,0.5513904094696045
Sample 20,TimesFM,0.44860953092575073
Sample 21,Moirai,0.5472267270088196
Sample 21,Timer,0.45277324318885803
Sample 22,Moirai,0.5710843801498413
Sample 22,Timer,0.4289155900478363
Sample 23,Chronos,0.5312753915786743
Sample 23,TimesFM,0.4687245786190033
Sample 24,Time-MoE,0.5312312841415405
Sample 24,Moirai,0.46876874566078186
Sample 25,Moirai,0.5032309889793396
Sample 25,Timer,0.496768981218338
Sample 26,Moirai,0.5155245065689087
Sample 26,Chronos,0.4844754636287689
Sample 27,Chronos,0.5008568167686462
Sample 27,Moirai,0.49914318323135376
Sample 28,Chronos,0.5094452500343323
Sample 28,Time-MoE,0.4905547499656677
Sample 29,Moirai,0.5054011344909668
Sample 29,Chronos,0.4945988655090332
Sample 30,Moirai,0.6008990406990051
Sample 30,TimesFM,0.3991009593009949
Sample 31,Chronos,0.5142697095870972
Sample 31,Time-MoE,0.48573026061058044
Sample 0,Time-MoE,0.5300483107566833
Sample 0,Chronos,0.46995168924331665
Sample 1,Moirai,0.5235835313796997
Sample 1,Timer,0.4764164686203003
Sample 2,Chronos,0.5022111535072327
Sample 2,Moirai,0.49778881669044495
Sample 3,Moirai,0.5395619869232178
Sample 3,Chronos,0.4604380130767822
Sample 4,Chronos,0.5394906997680664
Sample 4,Time-MoE,0.460509330034256
Sample 5,Moirai,0.5531672835350037
Sample 5,Timer,0.44683268666267395
Sample 6,Moirai,0.5667897462844849
Sample 6,TimesFM,0.43321025371551514
Sample 7,Chronos,0.5214414596557617
Sample 7,TimesFM,0.4785585105419159
Sample 8,Time-MoE,0.5087780952453613
Sample 8,Moirai,0.4912218749523163
Sample 9,Moirai,0.5459626317024231
Sample 9,Timer,0.4540373980998993
Sample 10,Moirai,0.5419801473617554
Sample 10,TimesFM,0.458019882440567
Sample 11,Moirai,0.5076394081115723
Sample 11,Chronos,0.49236056208610535
Sample 12,Chronos,0.5047687888145447
Sample 12,Time-MoE,0.49523118138313293
Sample 13,Chronos,0.5247347354888916
Sample 13,Timer,0.4752652943134308
Sample 14,Chronos,0.5122502446174622
Sample 14,Time-MoE,0.48774975538253784
Sample 15,Chronos,0.5069051384925842
Sample 15,Time-MoE,0.4930948317050934
Sample 16,Time-MoE,0.5202617645263672
Sample 16,Chronos,0.4797382056713104
Sample 17,Moirai,0.5485669374465942
Sample 17,Timer,0.45143306255340576
Sample 18,Chronos,0.5246623158454895
Sample 18,TimesFM,0.4753376841545105
Sample 19,Moirai,0.5274197459220886
Sample 19,Timer,0.4725802540779114
Sample 20,Moirai,0.5381523966789246
Sample 20,Timer,0.46184760332107544
Sample 21,Moirai,0.5431787967681885
Sample 21,Timer,0.4568212032318115
Sample 22,Chronos,0.5027849674224854
Sample 22,Moirai,0.49721503257751465
Sample 23,Chronos,0.5275328755378723
Sample 23,Time-MoE,0.47246718406677246
Sample 24,Moirai,0.5472097992897034
Sample 24,Time-MoE,0.45279017090797424
Sample 25,Moirai,0.5350374579429626
Sample 25,Timer,0.46496260166168213
Sample 26,Chronos,0.5004215836524963
Sample 26,Moirai,0.4995783865451813
Sample 27,Moirai,0.558262050151825
Sample 27,Timer,0.44173794984817505
Sample 28,Moirai,0.5847589373588562
Sample 28,Timer,0.4152410328388214
Sample 29,Moirai,0.5082665681838989
Sample 29,Chronos,0.4917334318161011
Sample 30,Moirai,0.5321066975593567
Sample 30,Time-MoE,0.4678932726383209
Sample 31,Chronos,0.5379144549369812
Sample 31,TimesFM,0.4620855450630188
Sample 0,Moirai,0.6557243466377258
Sample 0,TimesFM,0.34427571296691895
Sample 1,Moirai,0.5068667531013489
Sample 1,Timer,0.4931332468986511
Sample 2,Time-MoE,0.509255588054657
Sample 2,Moirai,0.49074438214302063
Sample 3,Moirai,0.5012542605400085
Sample 3,Chronos,0.49874573945999146
Sample 4,Chronos,0.5141100287437439
Sample 4,Timer,0.4858900010585785
Sample 5,Moirai,0.5766399502754211
Sample 5,Timer,0.42336004972457886
Sample 6,Moirai,0.5003033876419067
Sample 6,Chronos,0.49969664216041565
Sample 7,Chronos,0.5304059386253357
Sample 7,TimesFM,0.4695940613746643
Sample 8,Time-MoE,0.5331850647926331
Sample 8,TimesFM,0.46681496500968933
Sample 9,Moirai,0.5298593640327454
Sample 9,Timer,0.47014063596725464
Sample 10,TimesFM,0.5026147365570068
Sample 10,Moirai,0.49738529324531555
Sample 11,Chronos,0.5011492967605591
Sample 11,Moirai,0.4988507032394409
Sample 12,Moirai,0.5027326345443726
Sample 12,Chronos,0.49726736545562744
Sample 13,Moirai,0.5619721412658691
Sample 13,Timer,0.4380277991294861
Sample 14,Moirai,0.5574167370796204
Sample 14,Timer,0.44258326292037964
Sample 15,Chronos,0.5321494340896606
Sample 15,Time-MoE,0.46785059571266174
Sample 0,Time-MoE,0.5208343863487244
Sample 0,Moirai,0.47916561365127563
Sample 1,Timer,0.5003141760826111
Sample 1,Moirai,0.4996858239173889
Sample 2,Chronos,0.5528392195701599
Sample 2,TimesFM,0.4471607804298401
Sample 3,Moirai,0.5204013586044312
Sample 3,Chronos,0.47959864139556885
Sample 4,Moirai,0.5916850566864014
Sample 4,Chronos,0.40831488370895386
Sample 5,Moirai,0.5421702861785889
Sample 5,Timer,0.45782971382141113
Sample 6,Moirai,0.504666268825531
Sample 6,Chronos,0.4953337013721466
Sample 7,Chronos,0.5336312651634216
Sample 7,Time-MoE,0.466368705034256
Sample 8,Moirai,0.5369460582733154
Sample 8,Time-MoE,0.46305400133132935
Sample 9,Timer,0.5007016062736511
Sample 9,Moirai,0.4992983639240265
Sample 10,Moirai,0.5553137063980103
Sample 10,Time-MoE,0.44468629360198975
Sample 11,Moirai,0.5412876605987549
Sample 11,Timer,0.45871227979660034
Sample 12,Time-MoE,0.5052427053451538
Sample 12,Chronos,0.4947573244571686
Sample 13,Moirai,0.5531341433525085
Sample 13,Timer,0.44686585664749146
Sample 14,Moirai,0.5396391749382019
Sample 14,Timer,0.4603608250617981
Sample 15,Chronos,0.5400812029838562
Sample 15,Time-MoE,0.4599188566207886
Sample 16,Moirai,0.515221118927002
Sample 16,Time-MoE,0.48477882146835327
Sample 17,Moirai,0.5493488907814026
Sample 17,Timer,0.4506511390209198
Sample 18,Chronos,0.5023120045661926
Sample 18,Time-MoE,0.49768802523612976
Sample 19,Moirai,0.5112927556037903
Sample 19,Timer,0.4887072443962097
Sample 20,Moirai,0.5747931003570557
Sample 20,TimesFM,0.42520689964294434
Sample 21,Moirai,0.5160349607467651
Sample 21,Timer,0.48396503925323486
Sample 22,Chronos,0.5112074613571167
Sample 22,Timer,0.4887924790382385
Sample 23,Chronos,0.5200285911560059
Sample 23,TimesFM,0.4799714684486389
Sample 24,Time-MoE,0.534335732460022
Sample 24,TimesFM,0.4656642973423004
Sample 25,Moirai,0.5088667869567871
Sample 25,Timer,0.4911332428455353
Sample 26,Moirai,0.5396097302436829
Sample 26,Chronos,0.46039023995399475
Sample 27,Moirai,0.574877142906189
Sample 27,Chronos,0.4251229166984558
Sample 28,Chronos,0.54530930519104
Sample 28,TimesFM,0.4546906650066376
Sample 29,Moirai,0.5642797946929932
Sample 29,Timer,0.4357202649116516
Sample 30,Moirai,0.596400797367096
Sample 30,Timer,0.40359920263290405
Sample 31,Chronos,0.5305286049842834
Sample 31,TimesFM,0.46947136521339417
Sample 0,Time-MoE,0.5206060409545898
Sample 0,Chronos,0.47939398884773254
Sample 1,Moirai,0.5654197931289673
Sample 1,Timer,0.4345802068710327
Sample 2,Chronos,0.5120360851287842
Sample 2,Time-MoE,0.4879639744758606
Sample 3,Chronos,0.5026780962944031
Sample 3,Timer,0.49732187390327454
Sample 4,Chronos,0.5320253968238831
Sample 4,TimesFM,0.46797460317611694
Sample 5,Moirai,0.5664321184158325
Sample 5,Timer,0.4335678517818451
Sample 6,Chronos,0.508283793926239
Sample 6,Timer,0.491716206073761
Sample 7,Chronos,0.5204649567604065
Sample 7,Time-MoE,0.4795350432395935
Sample 8,Moirai,0.6529878973960876
Sample 8,Time-MoE,0.34701213240623474
Sample 9,Moirai,0.5452495813369751
Sample 9,Timer,0.4547504186630249
Sample 10,Moirai,0.52634197473526
Sample 10,Chronos,0.4736579954624176
Sample 11,Chronos,0.5247840881347656
Sample 11,TimesFM,0.4752159118652344
Sample 12,Chronos,0.5136290192604065
Sample 12,Timer,0.48637092113494873
Sample 13,Moirai,0.5573250651359558
Sample 13,Timer,0.44267499446868896
Sample 14,Chronos,0.5072979927062988
Sample 14,Moirai,0.4927019476890564
Sample 15,Chronos,0.5074754953384399
Sample 15,Time-MoE,0.49252450466156006
Sample 16,Moirai,0.5380817651748657
Sample 16,Time-MoE,0.4619182050228119
Sample 17,Moirai,0.553042471408844
Sample 17,Timer,0.446957528591156
Sample 18,Chronos,0.5094581842422485
Sample 18,TimesFM,0.49054184556007385
Sample 19,Moirai,0.5178775191307068
Sample 19,Timer,0.4821225106716156
Sample 20,Moirai,0.6050553321838379
Sample 20,Timer,0.3949447274208069
Sample 21,Moirai,0.5665149092674255
Sample 21,Timer,0.43348515033721924
Sample 22,Moirai,0.5116104483604431
Sample 22,Chronos,0.4883895516395569
Sample 23,Chronos,0.5528168678283691
Sample 23,TimesFM,0.44718313217163086
Sample 24,Moirai,0.667488694190979
Sample 24,TimesFM,0.332511305809021
Sample 25,Timer,0.5006498098373413
Sample 25,Chronos,0.4993502199649811
Sample 26,Moirai,0.5408021807670593
Sample 26,Timer,0.4591978192329407
Sample 27,Moirai,0.5094172954559326
Sample 27,Chronos,0.49058273434638977
Sample 28,Chronos,0.5400353074073792
Sample 28,Time-MoE,0.4599647521972656
Sample 29,Moirai,0.5352012515068054
Sample 29,Timer,0.4647987484931946
Sample 30,Moirai,0.5183107256889343
Sample 30,Timer,0.4816892445087433
Sample 31,Chronos,0.5318587422370911
Sample 31,Time-MoE,0.46814125776290894
Sample 0,Time-MoE,0.5234647989273071
Sample 0,Moirai,0.47653520107269287
Sample 1,Moirai,0.5412724018096924
Sample 1,Timer,0.4587276577949524
Sample 2,Moirai,0.5583357214927673
Sample 2,TimesFM,0.44166430830955505
Sample 3,Moirai,0.5027411580085754
Sample 3,Chronos,0.49725887179374695
Sample 4,Chronos,0.5012843608856201
Sample 4,Moirai,0.4987156093120575
Sample 5,Moirai,0.5524983406066895
Sample 5,Timer,0.44750159978866577
Sample 6,Chronos,0.5380008220672607
Sample 6,TimesFM,0.46199917793273926
Sample 7,Chronos,0.521800696849823
Sample 7,TimesFM,0.4781993329524994
Sample 8,Time-MoE,0.5331487059593201
Sample 8,TimesFM,0.46685129404067993
Sample 9,Moirai,0.5088378190994263
Sample 9,Timer,0.49116218090057373
Sample 10,Moirai,0.5008227825164795
Sample 10,Timer,0.4991772770881653
Sample 11,Chronos,0.5159673690795898
Sample 11,Timer,0.48403266072273254
Sample 12,Chronos,0.551896870136261
Sample 12,TimesFM,0.4481031894683838
Sample 13,Moirai,0.5345475673675537
Sample 13,Timer,0.4654524028301239
Sample 14,Moirai,0.5294214487075806
Sample 14,Chronos,0.47057852149009705
Sample 15,Chronos,0.5306832194328308
Sample 15,Time-MoE,0.4693167805671692
Sample 16,Moirai,0.6573985815048218
Sample 16,TimesFM,0.34260138869285583
Sample 17,Chronos,0.5032852292060852
Sample 17,Timer,0.4967147707939148
Sample 18,Chronos,0.5133987069129944
Sample 18,Time-MoE,0.4866013526916504
Sample 19,Moirai,0.5817760825157166
Sample 19,Chronos,0.41822391748428345
Sample 20,Chronos,0.5395767092704773
Sample 20,Time-MoE,0.4604232609272003
Sample 21,Moirai,0.5380437970161438
Sample 21,Timer,0.4619562029838562
Sample 22,Moirai,0.5442904829978943
Sample 22,Chronos,0.4557094871997833
Sample 23,Chronos,0.5315326452255249
Sample 23,TimesFM,0.4684673249721527
Sample 24,Time-MoE,0.5202964544296265
Sample 24,Chronos,0.47970354557037354
Sample 25,Moirai,0.5005543231964111
Sample 25,Timer,0.49944567680358887
Sample 26,Time-MoE,0.5049475431442261
Sample 26,Chronos,0.4950524568557739
Sample 27,Chronos,0.5077733397483826
Sample 27,TimesFM,0.49222666025161743
Sample 28,Chronos,0.5475130677223206
Sample 28,TimesFM,0.45248690247535706
Sample 29,Moirai,0.5180665254592896
Sample 29,Timer,0.48193350434303284
Sample 30,Moirai,0.5235512852668762
Sample 30,Chronos,0.4764487147331238
Sample 31,Chronos,0.5464285612106323
Sample 31,TimesFM,0.4535714387893677
Sample 0,Time-MoE,0.52796870470047
Sample 0,Chronos,0.47203126549720764
Sample 1,Moirai,0.5295146107673645
Sample 1,Timer,0.4704853594303131
Sample 2,Chronos,0.5028337240219116
Sample 2,Time-MoE,0.49716630578041077
Sample 3,Moirai,0.5249826908111572
Sample 3,Chronos,0.4750173091888428
Sample 4,Chronos,0.5064496397972107
Sample 4,Moirai,0.4935503602027893
Sample 5,Chronos,0.5071438550949097
Sample 5,Time-MoE,0.49285608530044556
Sample 6,Time-MoE,0.5062073469161987
Sample 6,Chronos,0.49379268288612366
Sample 7,Chronos,0.5191274285316467
Sample 7,TimesFM,0.48087260127067566
Sample 8,Time-MoE,0.5380881428718567
Sample 8,TimesFM,0.4619118869304657
Sample 9,Moirai,0.5295163989067078
Sample 9,Timer,0.470483660697937
Sample 10,Chronos,0.5200971364974976
Sample 10,Timer,0.47990283370018005
Sample 11,Moirai,0.505733072757721
Sample 11,Chronos,0.49426692724227905
Sample 12,Chronos,0.5278899073600769
Sample 12,Time-MoE,0.4721101224422455
Sample 13,Moirai,0.5165708661079407
Sample 13,Timer,0.48342907428741455
Sample 14,Moirai,0.5163346529006958
Sample 14,Timer,0.4836653172969818
Sample 15,Chronos,0.5154438614845276
Sample 15,Time-MoE,0.4845561385154724
Sample 16,Time-MoE,0.5344371795654297
Sample 16,TimesFM,0.4655628502368927
Sample 17,Chronos,0.5101865530014038
Sample 17,Timer,0.4898134469985962
Sample 18,Chronos,0.5050435066223145
Sample 18,Time-MoE,0.49495652318000793
Sample 19,Chronos,0.5003122091293335
Sample 19,Timer,0.4996877908706665
Sample 20,Chronos,0.5507078766822815
Sample 20,TimesFM,0.4492920935153961
Sample 21,Moirai,0.5291274785995483
Sample 21,Timer,0.47087255120277405
Sample 22,Moirai,0.5735613107681274
Sample 22,Time-MoE,0.42643874883651733
Sample 23,Chronos,0.5347691774368286
Sample 23,TimesFM,0.4652308225631714
Sample 24,Time-MoE,0.522806704044342
Sample 24,Chronos,0.47719326615333557
Sample 25,Moirai,0.5109384059906006
Sample 25,Timer,0.489061564207077
Sample 26,Chronos,0.5215438604354858
Sample 26,Time-MoE,0.47845616936683655
Sample 27,Moirai,0.503393828868866
Sample 27,Chronos,0.49660614132881165
Sample 28,Chronos,0.5155009031295776
Sample 28,Time-MoE,0.4844990670681
Sample 29,Moirai,0.5019839406013489
Sample 29,Chronos,0.4980160593986511
Sample 30,Moirai,0.5681616067886353
Sample 30,Timer,0.43183839321136475
Sample 31,Chronos,0.5263271927833557
Sample 31,Time-MoE,0.4736728370189667
Sample 0,Time-MoE,0.5361646413803101
Sample 0,Moirai,0.46383535861968994
Sample 1,Moirai,0.5381523370742798
Sample 1,Timer,0.4618476927280426
Sample 2,Chronos,0.5093839168548584
Sample 2,Timer,0.4906160235404968
Sample 3,Moirai,0.5178531408309937
Sample 3,Timer,0.4821467995643616
Sample 4,Moirai,0.5168049335479736
Sample 4,Chronos,0.483195036649704
Sample 5,Moirai,0.524836540222168
Sample 5,Timer,0.47516345977783203
Sample 6,Moirai,0.5922059416770935
Sample 6,Chronos,0.4077940583229065
Sample 7,Chronos,0.5145407319068909
Sample 7,Time-MoE,0.4854592978954315
Sample 8,Moirai,0.5928957462310791
Sample 8,Time-MoE,0.4071042239665985
Sample 9,Moirai,0.5227904319763184
Sample 9,Timer,0.47720956802368164
Sample 10,Time-MoE,0.5101268291473389
Sample 10,Chronos,0.4898732006549835
Sample 11,Chronos,0.5029529929161072
Sample 11,Moirai,0.49704697728157043
Sample 12,Chronos,0.5020036697387695
Sample 12,Time-MoE,0.49799636006355286
Sample 13,Moirai,0.5466007590293884
Sample 13,Timer,0.4533992409706116
Sample 14,Moirai,0.5140273571014404
Sample 14,Chronos,0.48597267270088196
Sample 15,Chronos,0.512637734413147
Sample 15,TimesFM,0.48736223578453064
Sample 16,Moirai,0.5333526730537415
Sample 16,Time-MoE,0.46664729714393616
Sample 17,Moirai,0.51893550157547
Sample 17,Timer,0.48106449842453003
Sample 18,Moirai,0.578718900680542
Sample 18,Time-MoE,0.4212811291217804
Sample 19,Chronos,0.5075792074203491
Sample 19,Timer,0.49242085218429565
Sample 20,Chronos,0.5543829798698425
Sample 20,TimesFM,0.44561707973480225
Sample 21,Moirai,0.5496022701263428
Sample 21,Timer,0.4503977298736572
Sample 22,Moirai,0.575056791305542
Sample 22,Timer,0.424943208694458
Sample 23,Chronos,0.5333349704742432
Sample 23,TimesFM,0.46666502952575684
Sample 24,Time-MoE,0.5337056517601013
Sample 24,Moirai,0.46629440784454346
Sample 25,Moirai,0.5027981400489807
Sample 25,Chronos,0.4972018003463745
Sample 26,Moirai,0.5159206986427307
Sample 26,Chronos,0.4840793013572693
Sample 27,Chronos,0.5019580721855164
Sample 27,Moirai,0.49804192781448364
Sample 28,Chronos,0.509428083896637
Sample 28,Time-MoE,0.49057191610336304
Sample 29,Moirai,0.5049595236778259
Sample 29,Chronos,0.4950404465198517
Sample 30,Moirai,0.6076014041900635
Sample 30,Chronos,0.3923986554145813
Sample 31,Chronos,0.5146230459213257
Sample 31,Time-MoE,0.4853769838809967
Sample 0,Time-MoE,0.5328889489173889
Sample 0,Chronos,0.4671110510826111
Sample 1,Moirai,0.5243899822235107
Sample 1,Timer,0.47560998797416687
Sample 2,Chronos,0.5028984546661377
Sample 2,Moirai,0.4971015453338623
Sample 3,Moirai,0.5410267114639282
Sample 3,Chronos,0.45897334814071655
Sample 4,Chronos,0.5409978628158569
Sample 4,Time-MoE,0.45900216698646545
Sample 5,Moirai,0.5555627346038818
Sample 5,Timer,0.44443729519844055
Sample 6,Moirai,0.570060133934021
Sample 6,Time-MoE,0.4299399256706238
Sample 7,Chronos,0.5232132077217102
Sample 7,TimesFM,0.4767868220806122
Sample 8,Time-MoE,0.5100845694541931
Sample 8,Moirai,0.4899154603481293
Sample 9,Moirai,0.5481103658676147
Sample 9,Timer,0.45188960433006287
Sample 10,Moirai,0.5450579524040222
Sample 10,TimesFM,0.4549420475959778
Sample 11,Moirai,0.5067921876907349
Sample 11,Chronos,0.4932078421115875
Sample 12,Chronos,0.5049836039543152
Sample 12,Time-MoE,0.4950164258480072
Sample 13,Chronos,0.5264217257499695
Sample 13,Timer,0.4735782742500305
Sample 14,Chronos,0.5126819014549255
Sample 14,Time-MoE,0.48731812834739685
Sample 15,Chronos,0.5070432424545288
Sample 15,Time-MoE,0.4929566979408264
Sample 16,Time-MoE,0.5224329233169556
Sample 16,Chronos,0.47756707668304443
Sample 17,Moirai,0.5507717132568359
Sample 17,Timer,0.4492282569408417
Sample 18,Chronos,0.525903582572937
Sample 18,Time-MoE,0.4740963876247406
Sample 19,Moirai,0.528262734413147
Sample 19,Timer,0.4717372953891754
Sample 20,Moirai,0.5400813817977905
Sample 20,Timer,0.4599185883998871
Sample 21,Moirai,0.5449851751327515
Sample 21,Timer,0.45501482486724854
Sample 22,Chronos,0.5037848353385925
Sample 22,Moirai,0.49621519446372986
Sample 23,Chronos,0.528401255607605
Sample 23,Time-MoE,0.47159868478775024
Sample 24,Moirai,0.5488937497138977
Sample 24,Time-MoE,0.4511062204837799
Sample 25,Moirai,0.5366100072860718
Sample 25,Timer,0.4633899927139282
Sample 26,Chronos,0.501375138759613
Sample 26,Moirai,0.4986248016357422
Sample 27,Moirai,0.5610268712043762
Sample 27,Timer,0.4389731287956238
Sample 28,Moirai,0.5895625948905945
Sample 28,Timer,0.41043737530708313
Sample 29,Moirai,0.5078412294387817
Sample 29,Chronos,0.49215877056121826
Sample 30,Moirai,0.5326665043830872
Sample 30,Time-MoE,0.46733352541923523
Sample 31,Chronos,0.5400698184967041
Sample 31,TimesFM,0.4599301815032959
Sample 0,Moirai,0.66338050365448
Sample 0,Timer,0.33661946654319763
Sample 1,Moirai,0.5062775015830994
Sample 1,Timer,0.49372246861457825
Sample 2,Time-MoE,0.5111061334609985
Sample 2,Moirai,0.4888938367366791
Sample 3,Chronos,0.5002763867378235
Sample 3,Moirai,0.4997236430644989
Sample 4,Chronos,0.5152796506881714
Sample 4,Timer,0.4847203493118286
Sample 5,Moirai,0.5799791216850281
Sample 5,Timer,0.42002084851264954
Sample 6,Chronos,0.5012040734291077
Sample 6,Moirai,0.4987959861755371
Sample 7,Chronos,0.532711386680603
Sample 7,TimesFM,0.46728864312171936
Sample 8,Time-MoE,0.5360596179962158
Sample 8,Moirai,0.46394041180610657
Sample 9,Moirai,0.5305739045143127
Sample 9,Timer,0.46942606568336487
Sample 10,TimesFM,0.5031101107597351
Sample 10,Chronos,0.4968898892402649
Sample 11,Chronos,0.5023188591003418
Sample 11,Timer,0.497681200504303
Sample 12,Moirai,0.5012164115905762
Sample 12,Chronos,0.4987836480140686
Sample 13,Moirai,0.5645233988761902
Sample 13,Timer,0.43547654151916504
Sample 14,Moirai,0.560043215751648
Sample 14,Timer,0.43995681405067444
Sample 15,Chronos,0.5333454608917236
Sample 15,Time-MoE,0.46665456891059875
Sample 0,Time-MoE,0.5229284763336182
Sample 0,Moirai,0.4770715832710266
Sample 1,Timer,0.5002267956733704
Sample 1,Chronos,0.49977320432662964
Sample 2,Chronos,0.5558111071586609
Sample 2,TimesFM,0.4441889226436615
Sample 3,Moirai,0.520026445388794
Sample 3,Chronos,0.47997358441352844
Sample 4,Moirai,0.5957754850387573
Sample 4,Time-MoE,0.4042245149612427
Sample 5,Moirai,0.5433381199836731
Sample 5,Timer,0.4566618800163269
Sample 6,Moirai,0.5035225749015808
Sample 6,Chronos,0.4964774250984192
Sample 7,Chronos,0.5346114039421082
Sample 7,Time-MoE,0.46538862586021423
Sample 8,Moirai,0.5377547144889832
Sample 8,Time-MoE,0.46224531531333923
Sample 9,Timer,0.5009092092514038
Sample 9,Chronos,0.4990908205509186
Sample 10,Moirai,0.5570739507675171
Sample 10,Time-MoE,0.4429260790348053
Sample 11,Moirai,0.5427669882774353
Sample 11,Timer,0.4572329819202423
Sample 12,Time-MoE,0.5065551400184631
Sample 12,Chronos,0.49344488978385925
Sample 13,Moirai,0.5551050901412964
Sample 13,Timer,0.444894939661026
Sample 14,Moirai,0.541003406047821
Sample 14,Timer,0.45899665355682373
Sample 15,Chronos,0.5413268804550171
Sample 15,Time-MoE,0.4586730897426605
Sample 16,Moirai,0.5151805281639099
Sample 16,Time-MoE,0.48481953144073486
Sample 17,Moirai,0.5510398149490356
Sample 17,Timer,0.44896018505096436
Sample 18,Chronos,0.5019116997718811
Sample 18,Time-MoE,0.4980883300304413
Sample 19,Moirai,0.5109810829162598
Sample 19,Timer,0.48901891708374023
Sample 20,Moirai,0.5791210532188416
Sample 20,Time-MoE,0.42087897658348083
Sample 21,Moirai,0.5163326859474182
Sample 21,Timer,0.4836673140525818
Sample 22,Chronos,0.5125815868377686
Sample 22,Timer,0.48741844296455383
Sample 23,Chronos,0.5212243795394897
Sample 23,TimesFM,0.47877559065818787
Sample 24,Time-MoE,0.5383425354957581
Sample 24,Chronos,0.46165746450424194
Sample 25,Moirai,0.5082460641860962
Sample 25,Timer,0.4917539358139038
Sample 26,Moirai,0.5408398509025574
Sample 26,Chronos,0.45916011929512024
Sample 27,Moirai,0.5786843299865723
Sample 27,Chronos,0.4213156998157501
Sample 28,Chronos,0.5477449297904968
Sample 28,TimesFM,0.4522550702095032
Sample 29,Moirai,0.5668511390686035
Sample 29,Timer,0.4331488609313965
Sample 30,Moirai,0.6009984612464905
Sample 30,Timer,0.39900150895118713
Sample 31,Chronos,0.5325844287872314
Sample 31,TimesFM,0.46741557121276855
Sample 0,Time-MoE,0.5228787660598755
Sample 0,Chronos,0.4771212339401245
Sample 1,Moirai,0.5678953528404236
Sample 1,Timer,0.4321047067642212
Sample 2,Chronos,0.5127407908439636
Sample 2,Time-MoE,0.4872592091560364
Sample 3,Chronos,0.503812313079834
Sample 3,Timer,0.49618765711784363
Sample 4,Chronos,0.5337321162223816
Sample 4,TimesFM,0.4662679135799408
Sample 5,Moirai,0.5690847039222717
Sample 5,Timer,0.43091529607772827
Sample 6,Chronos,0.5096924304962158
Sample 6,Timer,0.4903075397014618
Sample 7,Chronos,0.5210117697715759
Sample 7,Time-MoE,0.4789882302284241
Sample 8,Moirai,0.6596544981002808
Sample 8,Time-MoE,0.34034550189971924
Sample 9,Moirai,0.5466209650039673
Sample 9,Timer,0.4533790946006775
Sample 10,Moirai,0.5265789031982422
Sample 10,Chronos,0.4734210968017578
Sample 11,Chronos,0.5264291763305664
Sample 11,TimesFM,0.4735708236694336
Sample 12,Chronos,0.5147163271903992
Sample 12,Timer,0.4852837026119232
Sample 13,Moirai,0.5595073699951172
Sample 13,Timer,0.4404926598072052
Sample 14,Chronos,0.5092419981956482
Sample 14,Moirai,0.4907580018043518
Sample 15,Chronos,0.5069906711578369
Sample 15,Time-MoE,0.4930093586444855
Sample 16,Moirai,0.5393396019935608
Sample 16,Time-MoE,0.4606604278087616
Sample 17,Moirai,0.5547724962234497
Sample 17,Timer,0.4452275335788727
Sample 18,Chronos,0.5101190209388733
Sample 18,TimesFM,0.4898809790611267
Sample 19,Moirai,0.5170326232910156
Sample 19,Chronos,0.48296740651130676
Sample 20,Moirai,0.6101314425468445
Sample 20,Timer,0.38986852765083313
Sample 21,Moirai,0.5691415071487427
Sample 21,Timer,0.4308584928512573
Sample 22,Moirai,0.5113277435302734
Sample 22,Chronos,0.48867228627204895
Sample 23,Chronos,0.5558983087539673
Sample 23,TimesFM,0.4441017210483551
Sample 24,Moirai,0.6750955581665039
Sample 24,Time-MoE,0.3249044120311737
Sample 25,Chronos,0.5002809762954712
Sample 25,Timer,0.4997190237045288
Sample 26,Moirai,0.5418739914894104
Sample 26,Timer,0.4581260085105896
Sample 27,Moirai,0.5082815885543823
Sample 27,Chronos,0.4917183816432953
Sample 28,Chronos,0.5415899157524109
Sample 28,Time-MoE,0.4584101438522339
Sample 29,Moirai,0.5360410213470459
Sample 29,Timer,0.4639590084552765
Sample 30,Moirai,0.5179415941238403
Sample 30,Chronos,0.48205840587615967
Sample 31,Chronos,0.533023476600647
Sample 31,Time-MoE,0.466976523399353
Sample 0,Time-MoE,0.5260133743286133
Sample 0,Moirai,0.4739866554737091
Sample 1,Moirai,0.5422954559326172
Sample 1,Timer,0.4577045440673828
Sample 2,Moirai,0.5617294907569885
Sample 2,TimesFM,0.4382704794406891
Sample 3,Moirai,0.5011565685272217
Sample 3,Chronos,0.4988434612751007
Sample 4,Chronos,0.500942051410675
Sample 4,Moirai,0.49905797839164734
Sample 5,Moirai,0.5539005398750305
Sample 5,Timer,0.4460994601249695
Sample 6,Chronos,0.5403046607971191
Sample 6,TimesFM,0.45969530940055847
Sample 7,Chronos,0.5227691531181335
Sample 7,Time-MoE,0.47723087668418884
Sample 8,Time-MoE,0.5375019311904907
Sample 8,TimesFM,0.4624980390071869
Sample 9,Moirai,0.50819993019104
Sample 9,Timer,0.49180012941360474
Sample 10,Timer,0.5005986094474792
Sample 10,Moirai,0.49940142035484314
Sample 11,Chronos,0.5174617171287537
Sample 11,Timer,0.48253828287124634
Sample 12,Chronos,0.5549426078796387
Sample 12,TimesFM,0.44505739212036133
Sample 13,Moirai,0.5353857278823853
Sample 13,Timer,0.46461430191993713
Sample 14,Moirai,0.5285332202911377
Sample 14,Chronos,0.4714667797088623
Sample 15,Chronos,0.5321034789085388
Sample 15,Time-MoE,0.4678964912891388
Sample 16,Moirai,0.664371132850647
Sample 16,Time-MoE,0.33562880754470825
Sample 17,Chronos,0.5044623613357544
Sample 17,Timer,0.4955376088619232
Sample 18,Chronos,0.5137853622436523
Sample 18,Time-MoE,0.48621463775634766
Sample 19,Moirai,0.585024893283844
Sample 19,Chronos,0.4149750769138336
Sample 20,Chronos,0.5411794185638428
Sample 20,Time-MoE,0.4588205814361572
Sample 21,Moirai,0.5389233231544495
Sample 21,Timer,0.46107661724090576
Sample 22,Moirai,0.5445974469184875
Sample 22,Chronos,0.45540252327919006
Sample 23,Chronos,0.5333024859428406
Sample 23,TimesFM,0.46669748425483704
Sample 24,Time-MoE,0.522437334060669
Sample 24,Chronos,0.47756266593933105
Sample 25,Timer,0.5002128481864929
Sample 25,Chronos,0.49978718161582947
Sample 26,Time-MoE,0.5054638981819153
Sample 26,Chronos,0.49453607201576233
Sample 27,Chronos,0.5085664391517639
Sample 27,TimesFM,0.49143359065055847
Sample 28,Chronos,0.5503699779510498
Sample 28,TimesFM,0.4496300220489502
Sample 29,Moirai,0.5177773237228394
Sample 29,Timer,0.48222261667251587
Sample 30,Moirai,0.5229185223579407
Sample 30,Chronos,0.4770814776420593
Sample 31,Chronos,0.5493840575218201
Sample 31,TimesFM,0.45061588287353516
Sample 0,Time-MoE,0.5298739671707153
Sample 0,Chronos,0.47012603282928467
Sample 1,Moirai,0.5297420024871826
Sample 1,Timer,0.4702579379081726
Sample 2,Chronos,0.5030741095542908
Sample 2,Time-MoE,0.4969259202480316
Sample 3,Moirai,0.5239972472190857
Sample 3,Chronos,0.4760027527809143
Sample 4,Chronos,0.5090602040290833
Sample 4,Moirai,0.49093979597091675
Sample 5,Chronos,0.5070400238037109
Sample 5,Time-MoE,0.49296000599861145
Sample 6,Time-MoE,0.5065469145774841
Sample 6,Chronos,0.49345308542251587
Sample 7,Chronos,0.5204147696495056
Sample 7,TimesFM,0.4795852303504944
Sample 8,Time-MoE,0.5421398282051086
Sample 8,TimesFM,0.4578601121902466
Sample 9,Moirai,0.5296634435653687
Sample 9,Timer,0.47033658623695374
Sample 10,Chronos,0.5215524435043335
Sample 10,Timer,0.4784475862979889
Sample 11,Moirai,0.5042439699172974
Sample 11,Chronos,0.49575597047805786
Sample 12,Chronos,0.5290867686271667
Sample 12,Time-MoE,0.470913290977478
Sample 13,Moirai,0.5161138772964478
Sample 13,Timer,0.483886182308197
Sample 14,Moirai,0.5164296627044678
Sample 14,Timer,0.48357027769088745
Sample 15,Chronos,0.5156272053718567
Sample 15,Time-MoE,0.4843727648258209
Sample 16,Time-MoE,0.5382677316665649
Sample 16,TimesFM,0.46173223853111267
Sample 17,Chronos,0.5116478204727173
Sample 17,Timer,0.4883522391319275
Sample 18,Chronos,0.505517840385437
Sample 18,Time-MoE,0.494482159614563
Sample 19,Chronos,0.5009706616401672
Sample 19,Timer,0.49902936816215515
Sample 20,Chronos,0.5536571145057678
Sample 20,TimesFM,0.4463428854942322
Sample 21,Moirai,0.5295854806900024
Sample 21,Timer,0.4704144597053528
Sample 22,Moirai,0.5751551985740662
Sample 22,Time-MoE,0.42484480142593384
Sample 23,Chronos,0.5372528433799744
Sample 23,TimesFM,0.462747186422348
Sample 24,Time-MoE,0.5246668457984924
Sample 24,Chronos,0.47533315420150757
Sample 25,Moirai,0.5105569362640381
Sample 25,Timer,0.48944300413131714
Sample 26,Chronos,0.5227766633033752
Sample 26,Time-MoE,0.47722330689430237
Sample 27,Moirai,0.5019327402114868
Sample 27,Chronos,0.49806728959083557
Sample 28,Chronos,0.5162032842636108
Sample 28,Time-MoE,0.48379674553871155
Sample 29,Moirai,0.5004492998123169
Sample 29,Chronos,0.4995507001876831
Sample 30,Moirai,0.5708689093589783
Sample 30,Chronos,0.42913106083869934
Sample 31,Chronos,0.52779221534729
Sample 31,Time-MoE,0.4722077548503876
Sample 0,Time-MoE,0.5391963124275208
Sample 0,Moirai,0.46080368757247925
Sample 1,Moirai,0.5381361842155457
Sample 1,Timer,0.46186384558677673
Sample 2,Chronos,0.5109118223190308
Sample 2,Timer,0.48908814787864685
Sample 3,Moirai,0.5164881348609924
Sample 3,Chronos,0.4835118353366852
Sample 4,Moirai,0.5153923034667969
Sample 4,Chronos,0.48460763692855835
Sample 5,Moirai,0.5246571898460388
Sample 5,Timer,0.4753428101539612
Sample 6,Moirai,0.5938041806221008
Sample 6,Chronos,0.40619581937789917
Sample 7,Chronos,0.5155307054519653
Sample 7,Time-MoE,0.48446932435035706
Sample 8,Moirai,0.596052348613739
Sample 8,Time-MoE,0.403947651386261
Sample 9,Moirai,0.5218012928962708
Sample 9,Timer,0.47819870710372925
Sample 10,Time-MoE,0.5110611319541931
Sample 10,Chronos,0.4889388680458069
Sample 11,Chronos,0.5046641230583191
Sample 11,Moirai,0.4953358769416809
Sample 12,Chronos,0.5024185180664062
Sample 12,Time-MoE,0.49758145213127136
Sample 13,Moirai,0.5471581816673279
Sample 13,Timer,0.4528418183326721
Sample 14,Moirai,0.5129641890525818
Sample 14,Chronos,0.4870357811450958
Sample 15,Chronos,0.5130552053451538
Sample 15,TimesFM,0.4869447648525238
Sample 16,Moirai,0.5337924361228943
Sample 16,Time-MoE,0.4662075638771057
Sample 17,Moirai,0.5181956887245178
Sample 17,Timer,0.48180434107780457
Sample 18,Moirai,0.5802756547927856
Sample 18,Time-MoE,0.4197242856025696
Sample 19,Chronos,0.5086855292320251
Sample 19,Timer,0.49131450057029724
Sample 20,Chronos,0.5571621656417847
Sample 20,Time-MoE,0.4428378641605377
Sample 21,Moirai,0.5505535006523132
Sample 21,Timer,0.44944649934768677
Sample 22,Moirai,0.5764282941818237
Sample 22,Chronos,0.42357170581817627
Sample 23,Chronos,0.5354056358337402
Sample 23,TimesFM,0.4645943343639374
Sample 24,Time-MoE,0.5366333723068237
Sample 24,Moirai,0.46336665749549866
Sample 25,Chronos,0.500324547290802
Sample 25,Moirai,0.4996755123138428
Sample 26,Moirai,0.5147791504859924
Sample 26,Chronos,0.48522087931632996
Sample 27,Chronos,0.5036605000495911
Sample 27,Timer,0.49633947014808655
Sample 28,Chronos,0.5099377036094666
Sample 28,Time-MoE,0.49006229639053345
Sample 29,Moirai,0.5029028058052063
Sample 29,Chronos,0.4970971643924713
Sample 30,Moirai,0.6102110743522644
Sample 30,Chronos,0.3897888958454132
Sample 31,Chronos,0.5155714750289917
Sample 31,Time-MoE,0.4844284951686859
Sample 0,Time-MoE,0.5346137881278992
Sample 0,Chronos,0.4653862416744232
Sample 1,Moirai,0.5230153799057007
Sample 1,Timer,0.47698459029197693
Sample 2,Chronos,0.5045888423919678
Sample 2,Moirai,0.4954111576080322
Sample 3,Moirai,0.5400632619857788
Sample 3,Chronos,0.45993679761886597
Sample 4,Chronos,0.5433024168014526
Sample 4,Time-MoE,0.45669761300086975
Sample 5,Moirai,0.5557640790939331
Sample 5,Timer,0.4442359209060669
Sample 6,Moirai,0.5706407427787781
Sample 6,Chronos,0.4293593168258667
Sample 7,Chronos,0.5248122811317444
Sample 7,TimesFM,0.4751877188682556
Sample 8,Time-MoE,0.511323094367981
Sample 8,Moirai,0.48867690563201904
Sample 9,Moirai,0.5479446649551392
Sample 9,Timer,0.45205530524253845
Sample 10,Moirai,0.5460573434829712
Sample 10,TimesFM,0.4539427161216736
Sample 11,Moirai,0.5039801001548767
Sample 11,Chronos,0.4960198700428009
Sample 12,Chronos,0.5053365230560303
Sample 12,Time-MoE,0.4946634769439697
Sample 13,Chronos,0.5276350975036621
Sample 13,TimesFM,0.4723648428916931
Sample 14,Chronos,0.5135239362716675
Sample 14,Time-MoE,0.48647600412368774
Sample 15,Chronos,0.5078577399253845
Sample 15,Time-MoE,0.4921422600746155
Sample 16,Time-MoE,0.5232020020484924
Sample 16,Chronos,0.4767979383468628
Sample 17,Moirai,0.550696611404419
Sample 17,Timer,0.44930344820022583
Sample 18,Chronos,0.5277968645095825
Sample 18,Time-MoE,0.4722031056880951
Sample 19,Moirai,0.5274161100387573
Sample 19,Timer,0.47258391976356506
Sample 20,Moirai,0.540797770023346
Sample 20,Timer,0.45920222997665405
Sample 21,Moirai,0.5448453426361084
Sample 21,Timer,0.455154687166214
Sample 22,Chronos,0.5062699317932129
Sample 22,Moirai,0.4937300384044647
Sample 23,Chronos,0.5303585529327393
Sample 23,Time-MoE,0.46964141726493835
Sample 24,Moirai,0.5495386719703674
Sample 24,Time-MoE,0.45046135783195496
Sample 25,Moirai,0.5361151099205017
Sample 25,Timer,0.4638848602771759
Sample 26,Chronos,0.5025098919868469
Sample 26,Moirai,0.4974900484085083
Sample 27,Moirai,0.5617316961288452
Sample 27,Timer,0.4382682740688324
Sample 28,Moirai,0.5937508940696716
Sample 28,Timer,0.4062490463256836
Sample 29,Moirai,0.5053322315216064
Sample 29,Chronos,0.49466776847839355
Sample 30,Moirai,0.5316152572631836
Sample 30,Time-MoE,0.4683847725391388
Sample 31,Chronos,0.542182445526123
Sample 31,TimesFM,0.45781758427619934
Sample 0,Moirai,0.6683634519577026
Sample 0,Timer,0.331636518239975
Sample 1,Moirai,0.5042791962623596
Sample 1,Timer,0.49572083353996277
Sample 2,Time-MoE,0.5126521587371826
Sample 2,Chronos,0.48734787106513977
Sample 3,Chronos,0.5028244256973267
Sample 3,Moirai,0.4971756041049957
Sample 4,Chronos,0.5162227153778076
Sample 4,Timer,0.4837772250175476
Sample 5,Moirai,0.5808383226394653
Sample 5,Timer,0.4191616177558899
Sample 6,Chronos,0.5044277310371399
Sample 6,Moirai,0.4955722689628601
Sample 7,Chronos,0.534596860408783
Sample 7,TimesFM,0.46540313959121704
Sample 8,Time-MoE,0.5390775799751282
Sample 8,Moirai,0.46092236042022705
Sample 9,Moirai,0.528950572013855
Sample 9,Timer,0.47104939818382263
Sample 10,TimesFM,0.5029863119125366
Sample 10,Chronos,0.497013658285141
Sample 11,Chronos,0.5034080743789673
Sample 11,Timer,0.4965919256210327
Sample 12,Moirai,0.5001782178878784
Sample 12,Chronos,0.49982181191444397
Sample 13,Moirai,0.5644513368606567
Sample 13,Timer,0.43554866313934326
Sample 14,Moirai,0.5605550408363342
Sample 14,Timer,0.43944495916366577
Sample 15,Chronos,0.535620927810669
Sample 15,Time-MoE,0.46437907218933105
