Sample,Learner,Weight
Sample 0,Time-MoE,0.5
Sample 0,Moirai,0.5
Sample 1,Time-MoE,0.5
Sample 1,Moirai,0.5
Sample 2,Time-MoE,0.5
Sample 2,Moirai,0.5
Sample 3,Time-MoE,0.5
Sample 3,Moirai,0.5
Sample 4,Time-MoE,0.5
Sample 4,Moirai,0.5
Sample 5,Time-MoE,0.5
Sample 5,Moirai,0.5
Sample 6,Time-MoE,0.5
Sample 6,Moirai,0.5
Sample 7,Time-MoE,0.5
Sample 7,Moirai,0.5
Sample 8,Time-MoE,0.5
Sample 8,Moirai,0.5
Sample 9,Time-MoE,0.5
Sample 9,Moirai,0.5
Sample 10,Time-MoE,0.5
Sample 10,Moirai,0.5
Sample 11,Time-MoE,0.5
Sample 11,Moirai,0.5
Sample 12,Time-MoE,0.5
Sample 12,Moirai,0.5
Sample 13,Time-MoE,0.5
Sample 13,Moirai,0.5
Sample 14,Time-MoE,0.5
Sample 14,Moirai,0.5
Sample 15,Time-MoE,0.5
Sample 15,Moirai,0.5
Sample 16,Time-MoE,0.5
Sample 16,Moirai,0.5
Sample 17,Time-MoE,0.5
Sample 17,Moirai,0.5
Sample 18,Time-MoE,0.5
Sample 18,Moirai,0.5
Sample 19,Time-MoE,0.5
Sample 19,Moirai,0.5
Sample 20,Time-MoE,0.5
Sample 20,Moirai,0.5
Sample 21,Time-MoE,0.5
Sample 21,Moirai,0.5
Sample 22,Time-MoE,0.5
Sample 22,Moirai,0.5
Sample 23,Time-MoE,0.5
Sample 23,Moirai,0.5
Sample 24,Time-MoE,0.5
Sample 24,Moirai,0.5
Sample 25,Time-MoE,0.5
Sample 25,Moirai,0.5
Sample 26,Time-MoE,0.5
Sample 26,Moirai,0.5
Sample 27,Time-MoE,0.5
Sample 27,Moirai,0.5
Sample 28,Time-MoE,0.5
Sample 28,Moirai,0.5
Sample 29,Time-MoE,0.5
Sample 29,Moirai,0.5
Sample 30,Time-MoE,0.5
Sample 30,Moirai,0.5
Sample 31,Time-MoE,0.5
Sample 31,Moirai,0.5
Sample 0,Timer,0.5
Sample 0,TimesFM,0.5
Sample 1,Timer,0.5
Sample 1,TimesFM,0.5
Sample 2,Timer,0.5
Sample 2,TimesFM,0.5
Sample 3,Timer,0.5
Sample 3,TimesFM,0.5
Sample 4,Timer,0.5
Sample 4,TimesFM,0.5
Sample 5,Timer,0.5
Sample 5,TimesFM,0.5
Sample 6,Timer,0.5
Sample 6,TimesFM,0.5
Sample 7,Timer,0.5
Sample 7,TimesFM,0.5
Sample 8,Timer,0.5
Sample 8,TimesFM,0.5
Sample 9,Timer,0.5
Sample 9,TimesFM,0.5
Sample 10,Timer,0.5
Sample 10,TimesFM,0.5
Sample 11,Timer,0.5
Sample 11,TimesFM,0.5
Sample 12,Timer,0.5
Sample 12,TimesFM,0.5
Sample 13,Moirai,0.5
Sample 13,TimesFM,0.5
Sample 14,Timer,0.5
Sample 14,TimesFM,0.5
Sample 15,Timer,0.5
Sample 15,TimesFM,0.5
Sample 16,Timer,0.5
Sample 16,TimesFM,0.5
Sample 17,Timer,0.5
Sample 17,TimesFM,0.5
Sample 18,Timer,0.5
Sample 18,TimesFM,0.5
Sample 19,Timer,0.5
Sample 19,TimesFM,0.5
Sample 20,Timer,0.5
Sample 20,TimesFM,0.5
Sample 21,Moirai,0.5
Sample 21,TimesFM,0.5
Sample 22,Timer,0.5
Sample 22,TimesFM,0.5
Sample 23,Timer,0.5
Sample 23,TimesFM,0.5
Sample 24,Timer,0.5
Sample 24,TimesFM,0.5
Sample 25,Timer,0.5
Sample 25,TimesFM,0.5
Sample 26,Timer,0.5
Sample 26,TimesFM,0.5
Sample 27,Timer,0.5
Sample 27,TimesFM,0.5
Sample 28,Timer,0.5
Sample 28,TimesFM,0.5
Sample 29,Timer,0.5
Sample 29,TimesFM,0.5
Sample 30,Timer,0.5
Sample 30,TimesFM,0.5
Sample 31,Timer,0.5
Sample 31,TimesFM,0.5
Sample 0,Chronos,0.5000381469726562
Sample 0,Timer,0.49996188282966614
Sample 1,Chronos,0.5000088810920715
Sample 1,Moirai,0.49999114871025085
Sample 2,Chronos,0.5000314116477966
Sample 2,TimesFM,0.49996861815452576
Sample 3,Chronos,0.5000080466270447
Sample 3,Moirai,0.4999919533729553
Sample 4,Chronos,0.5000327825546265
Sample 4,TimesFM,0.49996718764305115
Sample 5,Chronos,0.500029444694519
Sample 5,Moirai,0.49997058510780334
Sample 6,Chronos,0.500008761882782
Sample 6,Moirai,0.4999912679195404
Sample 7,Chronos,0.5000321865081787
Sample 7,TimesFM,0.4999678432941437
Sample 8,Chronos,0.5000351667404175
Sample 8,Timer,0.4999648630619049
Sample 9,Chronos,0.5000122785568237
Sample 9,Moirai,0.49998772144317627
Sample 10,Chronos,0.5000101327896118
Sample 10,Moirai,0.4999898374080658
Sample 11,Chronos,0.5000256299972534
Sample 11,Moirai,0.49997439980506897
Sample 12,Chronos,0.5000309944152832
Sample 12,TimesFM,0.4999690353870392
Sample 13,Chronos,0.5000079870223999
Sample 13,Moirai,0.4999919831752777
Sample 14,Chronos,0.5000131726264954
Sample 14,Moirai,0.499986857175827
Sample 15,Chronos,0.5000325441360474
Sample 15,TimesFM,0.499967485666275
Sample 16,Chronos,0.5000089406967163
Sample 16,Moirai,0.4999910295009613
Sample 17,Chronos,0.5000128746032715
Sample 17,Moirai,0.4999871253967285
Sample 18,Chronos,0.5000247359275818
Sample 18,TimesFM,0.4999752938747406
Sample 19,Chronos,0.5000187158584595
Sample 19,Moirai,0.4999813139438629
Sample 20,Chronos,0.5000279545783997
Sample 20,Timer,0.49997204542160034
Sample 21,Chronos,0.500012993812561
Sample 21,Moirai,0.49998703598976135
Sample 22,Chronos,0.5000070333480835
Sample 22,Moirai,0.4999929666519165
Sample 23,Chronos,0.5000355243682861
Sample 23,TimesFM,0.49996447563171387
Sample 24,Chronos,0.5000366568565369
Sample 24,Timer,0.49996331334114075
Sample 25,Chronos,0.5000096559524536
Sample 25,Moirai,0.4999903738498688
Sample 26,Chronos,0.5000232458114624
Sample 26,TimesFM,0.4999767541885376
Sample 27,Chronos,0.5000208020210266
Sample 27,Moirai,0.4999792277812958
Sample 28,Chronos,0.500028669834137
Sample 28,TimesFM,0.49997130036354065
Sample 29,Chronos,0.5000084042549133
Sample 29,Moirai,0.49999159574508667
Sample 30,Chronos,0.5000095963478088
Sample 30,Moirai,0.49999043345451355
Sample 31,Chronos,0.5000299215316772
Sample 31,TimesFM,0.49997007846832275
Sample 0,Chronos,0.5000267624855042
Sample 0,Timer,0.49997323751449585
Sample 1,Moirai,0.5000043511390686
Sample 1,Chronos,0.4999956488609314
Sample 2,Chronos,0.5000306367874146
Sample 2,TimesFM,0.49996939301490784
Sample 3,Chronos,0.5000007748603821
Sample 3,Moirai,0.4999992251396179
Sample 4,Chronos,0.5000118017196655
Sample 4,Moirai,0.4999881982803345
Sample 5,Chronos,0.5000233054161072
Sample 5,Timer,0.49997666478157043
Sample 6,Chronos,0.5000143647193909
Sample 6,Moirai,0.4999856650829315
Sample 7,Chronos,0.5000242590904236
Sample 7,TimesFM,0.4999757707118988
Sample 8,Chronos,0.5000237226486206
Sample 8,Timer,0.4999762773513794
Sample 9,Moirai,0.5000041723251343
Sample 9,Chronos,0.4999958574771881
Sample 10,Chronos,0.5000256896018982
Sample 10,Timer,0.4999743402004242
Sample 11,Moirai,0.5000000596046448
Sample 11,Chronos,0.4999999701976776
Sample 12,Chronos,0.5000249743461609
Sample 12,Timer,0.4999749958515167
Sample 13,Chronos,0.5000017881393433
Sample 13,Moirai,0.49999821186065674
Sample 14,Chronos,0.5000009536743164
Sample 14,Moirai,0.499999076128006
Sample 15,Chronos,0.5000250339508057
Sample 15,Timer,0.49997493624687195
Sample 16,Chronos,0.5000231266021729
Sample 16,Moirai,0.49997690320014954
Sample 17,Chronos,0.5000072121620178
Sample 17,Moirai,0.4999927580356598
Sample 18,Chronos,0.5000427961349487
Sample 18,Timer,0.49995720386505127
Sample 19,Chronos,0.5000125169754028
Sample 19,Moirai,0.4999874532222748
Sample 20,Chronos,0.5000258684158325
Sample 20,TimesFM,0.49997416138648987
Sample 21,Moirai,0.5000014901161194
Sample 21,Chronos,0.4999984800815582
Sample 22,Chronos,0.5000055432319641
Sample 22,Moirai,0.4999944567680359
Sample 23,Chronos,0.5000267624855042
Sample 23,TimesFM,0.49997320771217346
Sample 24,Chronos,0.500029981136322
Sample 24,Timer,0.499970018863678
Sample 25,Moirai,0.5000051259994507
Sample 25,Chronos,0.49999484419822693
Sample 26,Chronos,0.5000261664390564
Sample 26,Timer,0.499973863363266
Sample 27,Chronos,0.5000030398368835
Sample 27,Moirai,0.49999698996543884
Sample 28,Chronos,0.5000281929969788
Sample 28,Timer,0.49997180700302124
Sample 29,Chronos,0.5000121593475342
Sample 29,Moirai,0.4999878704547882
Sample 30,Moirai,0.5000056028366089
Sample 30,Chronos,0.4999944269657135
Sample 31,Chronos,0.5000295042991638
Sample 31,Timer,0.49997052550315857
Sample 0,Moirai,0.500016987323761
Sample 0,Timer,0.4999830424785614
Sample 1,Moirai,0.500028133392334
Sample 1,Chronos,0.49997183680534363
Sample 2,Moirai,0.5000025629997253
Sample 2,Chronos,0.49999746680259705
Sample 3,Moirai,0.5000197291374207
Sample 3,Chronos,0.49998030066490173
Sample 4,Timer,0.5000001192092896
Sample 4,Moirai,0.49999985098838806
Sample 5,Moirai,0.5000216364860535
Sample 5,Chronos,0.49997836351394653
Sample 6,Moirai,0.5000229477882385
Sample 6,Chronos,0.4999770522117615
Sample 7,Chronos,0.5000103712081909
Sample 7,TimesFM,0.49998965859413147
Sample 8,Moirai,0.5000101923942566
Sample 8,Timer,0.4999898374080658
Sample 9,Moirai,0.5000259876251221
Sample 9,Chronos,0.4999740421772003
Sample 10,Chronos,0.5000046491622925
Sample 10,Timer,0.49999532103538513
Sample 11,Chronos,0.5000010132789612
Sample 11,Moirai,0.49999895691871643
Sample 12,Chronos,0.5000051856040955
Sample 12,Timer,0.49999484419822693
Sample 13,Moirai,0.5000200867652893
Sample 13,Chronos,0.4999799430370331
Sample 14,Moirai,0.5000036358833313
Sample 14,Chronos,0.4999963343143463
Sample 15,Chronos,0.5000050663948059
Sample 15,TimesFM,0.4999949634075165
Sample 16,Moirai,0.5000197291374207
Sample 16,Timer,0.49998024106025696
Sample 17,Moirai,0.50002521276474
Sample 17,Chronos,0.4999747574329376
Sample 18,Moirai,0.5000291466712952
Sample 18,Chronos,0.49997082352638245
Sample 19,Moirai,0.5000001788139343
Sample 19,Chronos,0.49999985098838806
Sample 20,Chronos,0.5000074505805969
Sample 20,TimesFM,0.49999257922172546
Sample 21,Moirai,0.500024676322937
Sample 21,Chronos,0.499975323677063
Sample 22,Moirai,0.5000291466712952
Sample 22,Chronos,0.49997082352638245
Sample 23,Chronos,0.5000013113021851
Sample 23,TimesFM,0.49999868869781494
Sample 24,Timer,0.5000040531158447
Sample 24,Chronos,0.4999959170818329
Sample 25,Moirai,0.5000226497650146
Sample 25,Chronos,0.49997738003730774
Sample 26,Moirai,0.5000197887420654
Sample 26,Chronos,0.49998024106025696
Sample 27,Moirai,0.5000152587890625
Sample 27,Chronos,0.4999847710132599
Sample 28,Chronos,0.5000003576278687
Sample 28,TimesFM,0.49999967217445374
Sample 29,Chronos,0.5000061988830566
Sample 29,Moirai,0.49999383091926575
Sample 30,Moirai,0.5000242590904236
Sample 30,Chronos,0.4999757707118988
Sample 31,Chronos,0.5000081658363342
Sample 31,Timer,0.49999183416366577
Sample 0,Moirai,0.5000153183937073
Sample 0,Timer,0.4999847114086151
Sample 1,Moirai,0.5000414252281189
Sample 1,Chronos,0.4999586045742035
Sample 2,Moirai,0.5000232458114624
Sample 2,Chronos,0.4999767541885376
Sample 3,Moirai,0.5000340342521667
Sample 3,Chronos,0.49996593594551086
Sample 4,TimesFM,0.5000057816505432
Sample 4,Chronos,0.4999942481517792
Sample 5,Moirai,0.5000447034835815
Sample 5,Chronos,0.49995532631874084
Sample 6,Moirai,0.5000526905059814
Sample 6,Timer,0.49994733929634094
Sample 7,TimesFM,0.5000118613243103
Sample 7,Chronos,0.4999881684780121
Sample 8,Moirai,0.5000342130661011
Sample 8,TimesFM,0.4999658167362213
Sample 9,Moirai,0.5000437498092651
Sample 9,Chronos,0.49995627999305725
Sample 10,Moirai,0.5000366568565369
Sample 10,Chronos,0.49996334314346313
Sample 11,Moirai,0.5000395178794861
Sample 11,Chronos,0.4999605119228363
Sample 12,TimesFM,0.5000036358833313
Sample 12,Chronos,0.4999963343143463
Sample 13,Chronos,0.5000002384185791
Sample 13,TimesFM,0.4999997913837433
Sample 14,TimesFM,0.5000032782554626
Sample 14,Timer,0.49999672174453735
Sample 15,Moirai,0.5000079870223999
Sample 15,TimesFM,0.4999920129776001
Sample 16,Moirai,0.5000118017196655
Sample 16,TimesFM,0.4999881982803345
Sample 17,Moirai,0.5000453591346741
Sample 17,Chronos,0.49995461106300354
Sample 18,TimesFM,0.5000084638595581
Sample 18,Chronos,0.4999915659427643
Sample 19,Moirai,0.5000417232513428
Sample 19,Chronos,0.4999583065509796
Sample 20,Moirai,0.5000271797180176
Sample 20,Chronos,0.49997279047966003
Sample 21,Moirai,0.5000442266464233
Sample 21,Chronos,0.4999557435512543
Sample 22,Moirai,0.500036358833313
Sample 22,Chronos,0.4999636113643646
Sample 23,TimesFM,0.5000119805335999
Sample 23,Chronos,0.49998804926872253
Sample 24,Moirai,0.5000499486923218
Sample 24,Timer,0.4999500811100006
Sample 25,Moirai,0.5000429749488831
Sample 25,Chronos,0.49995702505111694
Sample 26,Moirai,0.5000042915344238
Sample 26,Chronos,0.49999570846557617
Sample 27,Moirai,0.5000364780426025
Sample 27,Chronos,0.49996355175971985
Sample 28,TimesFM,0.5000067353248596
Sample 28,Chronos,0.49999329447746277
Sample 29,Moirai,0.5000322461128235
Sample 29,Chronos,0.4999677836894989
Sample 30,TimesFM,0.5000050663948059
Sample 30,Chronos,0.4999949634075165
Sample 31,TimesFM,0.5000146627426147
Sample 31,Time-MoE,0.49998530745506287
Sample 0,Moirai,0.5000767111778259
Sample 0,Timer,0.49992331862449646
Sample 1,Moirai,0.5000517964363098
Sample 1,Chronos,0.4999481737613678
Sample 2,Moirai,0.5000177025794983
Sample 2,TimesFM,0.4999822676181793
Sample 3,Moirai,0.5000330209732056
Sample 3,Chronos,0.4999670088291168
Sample 4,TimesFM,0.5000141859054565
Sample 4,Chronos,0.49998578429222107
Sample 5,Moirai,0.5000526905059814
Sample 5,Chronos,0.49994727969169617
Sample 6,Moirai,0.5000362396240234
Sample 6,Chronos,0.49996379017829895
Sample 7,TimesFM,0.5000190734863281
Sample 7,Timer,0.4999809265136719
Sample 8,Moirai,0.5000605583190918
Sample 8,Timer,0.4999394118785858
Sample 9,Moirai,0.5000574588775635
Sample 9,Chronos,0.4999425709247589
Sample 10,Moirai,0.5000134706497192
Sample 10,TimesFM,0.49998655915260315
Sample 11,Moirai,0.500052273273468
Sample 11,Chronos,0.499947726726532
Sample 12,Moirai,0.5000032186508179
Sample 12,Timer,0.49999675154685974
Sample 13,Moirai,0.5000556707382202
Sample 13,Chronos,0.4999443292617798
Sample 14,Moirai,0.5000494718551636
Sample 14,Chronos,0.4999505579471588
Sample 15,TimesFM,0.5000261068344116
Sample 15,Timer,0.4999738931655884
Sample 0,Moirai,0.5000872611999512
Sample 0,Timer,0.49991270899772644
Sample 1,Moirai,0.5000665783882141
Sample 1,Chronos,0.4999334514141083
Sample 2,TimesFM,0.5000020861625671
Sample 2,Time-MoE,0.4999978840351105
Sample 3,Moirai,0.5000606775283813
Sample 3,TimesFM,0.49993935227394104
Sample 4,Moirai,0.5000396370887756
Sample 4,Timer,0.49996039271354675
Sample 5,Moirai,0.5000549554824829
Sample 5,TimesFM,0.4999450445175171
Sample 6,Moirai,0.5000665187835693
Sample 6,Chronos,0.49993348121643066
Sample 7,TimesFM,0.5000338554382324
Sample 7,Timer,0.4999661147594452
Sample 8,Moirai,0.5001121163368225
Sample 8,TimesFM,0.4998878538608551
Sample 9,Moirai,0.5000662803649902
Sample 9,Chronos,0.49993374943733215
Sample 10,TimesFM,0.5000090599060059
Sample 10,Moirai,0.49999091029167175
Sample 11,Moirai,0.5000531673431396
Sample 11,Chronos,0.49994686245918274
Sample 12,TimesFM,0.5000048279762268
Sample 12,Timer,0.4999951422214508
Sample 13,Moirai,0.5000659823417664
Sample 13,TimesFM,0.49993401765823364
Sample 14,Moirai,0.5000498294830322
Sample 14,TimesFM,0.4999501705169678
Sample 15,TimesFM,0.5000270009040833
Sample 15,Timer,0.49997302889823914
Sample 16,Moirai,0.5000403523445129
Sample 16,TimesFM,0.49995964765548706
Sample 17,Moirai,0.5000783205032349
Sample 17,Chronos,0.49992164969444275
Sample 18,TimesFM,0.5000077486038208
Sample 18,Moirai,0.4999922811985016
Sample 19,Moirai,0.5000724196434021
Sample 19,Chronos,0.4999275803565979
Sample 20,Moirai,0.5000173449516296
Sample 20,TimesFM,0.49998265504837036
Sample 21,Moirai,0.5000600814819336
Sample 21,TimesFM,0.4999399483203888
Sample 22,Moirai,0.5000275373458862
Sample 22,TimesFM,0.49997249245643616
Sample 23,TimesFM,0.5000118613243103
Sample 23,Time-MoE,0.4999881684780121
Sample 24,Moirai,0.5000235438346863
Sample 24,TimesFM,0.4999764859676361
Sample 25,Moirai,0.5000567436218262
Sample 25,Chronos,0.4999432861804962
Sample 26,Moirai,0.5000790953636169
Sample 26,TimesFM,0.49992090463638306
Sample 27,Moirai,0.5000131130218506
Sample 27,TimesFM,0.499986857175827
Sample 28,Time-MoE,0.5000250935554504
Sample 28,TimesFM,0.4999748766422272
Sample 29,Moirai,0.5000661611557007
Sample 29,TimesFM,0.49993380904197693
Sample 30,Moirai,0.5000563263893127
Sample 30,TimesFM,0.49994370341300964
Sample 31,TimesFM,0.5000303983688354
Sample 31,Time-MoE,0.49996960163116455
Sample 0,Moirai,0.5000715255737305
Sample 0,Timer,0.49992844462394714
Sample 1,Moirai,0.5000914335250854
Sample 1,Chronos,0.49990856647491455
Sample 2,Moirai,0.5000351667404175
Sample 2,TimesFM,0.4999648630619049
Sample 3,Moirai,0.5000811815261841
Sample 3,Chronos,0.49991878867149353
Sample 4,Time-MoE,0.5000307559967041
Sample 4,TimesFM,0.4999692440032959
Sample 5,Moirai,0.5000858306884766
Sample 5,Chronos,0.49991413950920105
Sample 6,Moirai,0.5000693798065186
Sample 6,Chronos,0.49993064999580383
Sample 7,TimesFM,0.5000166893005371
Sample 7,Time-MoE,0.4999833405017853
Sample 8,Moirai,0.5000818967819214
Sample 8,Chronos,0.499918133020401
Sample 9,Moirai,0.5000888109207153
Sample 9,Chronos,0.49991118907928467
Sample 10,Moirai,0.5000675320625305
Sample 10,Chronos,0.49993249773979187
Sample 11,Moirai,0.5000256896018982
Sample 11,TimesFM,0.4999743103981018
Sample 12,Moirai,0.5000141263008118
Sample 12,Chronos,0.49998587369918823
Sample 13,Moirai,0.5000879168510437
Sample 13,Chronos,0.4999120831489563
Sample 14,Moirai,0.5000401139259338
Sample 14,TimesFM,0.49995991587638855
Sample 15,TimesFM,0.5000327229499817
Sample 15,Moirai,0.4999672472476959
Sample 16,Moirai,0.5000805258750916
Sample 16,Timer,0.49991944432258606
Sample 17,Moirai,0.5000872015953064
Sample 17,Chronos,0.4999127984046936
Sample 18,TimesFM,0.5000107288360596
Sample 18,Chronos,0.4999893009662628
Sample 19,Moirai,0.5000791549682617
Sample 19,Chronos,0.4999208450317383
Sample 20,Moirai,0.5000526309013367
Sample 20,Chronos,0.49994733929634094
Sample 21,Moirai,0.5000883340835571
Sample 21,Chronos,0.4999116361141205
Sample 22,Moirai,0.5000492334365845
Sample 22,TimesFM,0.49995073676109314
Sample 23,Time-MoE,0.5000307559967041
Sample 23,TimesFM,0.4999692440032959
Sample 24,Moirai,0.5001143217086792
Sample 24,Chronos,0.4998856782913208
Sample 25,Moirai,0.5000691413879395
Sample 25,Chronos,0.49993088841438293
Sample 26,Moirai,0.5000510811805725
Sample 26,TimesFM,0.4999489486217499
Sample 27,Moirai,0.500058650970459
Sample 27,Chronos,0.49994131922721863
Sample 28,Time-MoE,0.500006914138794
Sample 28,TimesFM,0.49999305605888367
Sample 29,Moirai,0.5000725984573364
Sample 29,TimesFM,0.4999273717403412
Sample 30,Moirai,0.5000542402267456
Sample 30,Chronos,0.499945729970932
Sample 31,TimesFM,0.5000175833702087
Sample 31,Time-MoE,0.49998244643211365
Sample 0,Moirai,0.5000194907188416
Sample 0,TimesFM,0.49998047947883606
Sample 1,Moirai,0.5000936985015869
Sample 1,Chronos,0.4999062716960907
Sample 2,Moirai,0.500027596950531
Sample 2,TimesFM,0.4999724328517914
Sample 3,Moirai,0.5000820755958557
Sample 3,Chronos,0.4999178946018219
Sample 4,TimesFM,0.5000239610671997
Sample 4,Timer,0.4999760091304779
Sample 5,Moirai,0.500043511390686
Sample 5,TimesFM,0.49995651841163635
Sample 6,Moirai,0.5000728964805603
Sample 6,Chronos,0.4999271333217621
Sample 7,TimesFM,0.5000010132789612
Sample 7,Time-MoE,0.4999990165233612
Sample 8,Moirai,0.5000126361846924
Sample 8,Timer,0.49998739361763
Sample 9,Moirai,0.5000826120376587
Sample 9,Chronos,0.4999174177646637
Sample 10,Moirai,0.5000814199447632
Sample 10,Chronos,0.4999186098575592
Sample 11,Moirai,0.5000399351119995
Sample 11,Chronos,0.4999600648880005
Sample 12,Time-MoE,0.5000655651092529
Sample 12,TimesFM,0.49993446469306946
Sample 13,Moirai,0.5000756978988647
Sample 13,Chronos,0.49992433190345764
Sample 14,Moirai,0.5000813603401184
Sample 14,Chronos,0.499918669462204
Sample 15,Time-MoE,0.5000367760658264
Sample 15,TimesFM,0.4999632239341736
Sample 16,Moirai,0.5001404285430908
Sample 16,Chronos,0.4998595714569092
Sample 17,Moirai,0.5000754594802856
Sample 17,Chronos,0.49992457032203674
Sample 18,Time-MoE,0.5000242590904236
Sample 18,TimesFM,0.4999757707118988
Sample 19,Moirai,0.5000904202461243
Sample 19,TimesFM,0.49990954995155334
Sample 20,Time-MoE,0.5000275373458862
Sample 20,Chronos,0.49997249245643616
Sample 21,Moirai,0.5000838041305542
Sample 21,Chronos,0.4999162256717682
Sample 22,Moirai,0.5001039505004883
Sample 22,Chronos,0.49989598989486694
Sample 23,Time-MoE,0.500056266784668
Sample 23,TimesFM,0.4999437630176544
Sample 24,Moirai,0.5000057220458984
Sample 24,Time-MoE,0.4999942481517792
Sample 25,Moirai,0.5000798106193542
Sample 25,Chronos,0.49992021918296814
Sample 26,Moirai,0.5000255703926086
Sample 26,Chronos,0.49997439980506897
Sample 27,Moirai,0.5000321269035339
Sample 27,TimesFM,0.49996790289878845
Sample 28,Time-MoE,0.5000465512275696
Sample 28,TimesFM,0.4999534487724304
Sample 29,Moirai,0.5000741481781006
Sample 29,Chronos,0.4999258816242218
Sample 30,Moirai,0.5000823140144348
Sample 30,Chronos,0.4999177157878876
Sample 31,Time-MoE,0.5000416040420532
Sample 31,TimesFM,0.49995842576026917
Sample 0,Moirai,0.500040590763092
Sample 0,Timer,0.49995943903923035
Sample 1,Moirai,0.5001044869422913
Sample 1,Chronos,0.49989545345306396
Sample 2,TimesFM,0.5000110268592834
Sample 2,Moirai,0.49998900294303894
Sample 3,Moirai,0.5000761151313782
Sample 3,Chronos,0.4999239146709442
Sample 4,Moirai,0.5000974535942078
Sample 4,TimesFM,0.49990251660346985
Sample 5,Moirai,0.5000497698783875
Sample 5,Chronos,0.49995020031929016
Sample 6,Moirai,0.5000944137573242
Sample 6,Chronos,0.4999055564403534
Sample 7,Time-MoE,0.5000280737876892
Sample 7,TimesFM,0.4999719560146332
Sample 8,Moirai,0.5001093745231628
Sample 8,Timer,0.49989059567451477
Sample 9,Moirai,0.5001047253608704
Sample 9,Chronos,0.49989527463912964
Sample 10,Moirai,0.5000029802322388
Sample 10,Timer,0.4999970495700836
Sample 11,Moirai,0.500063419342041
Sample 11,Chronos,0.4999365508556366
Sample 12,Time-MoE,0.5000341534614563
Sample 12,TimesFM,0.4999658763408661
Sample 13,Moirai,0.5000759363174438
Sample 13,Chronos,0.49992403388023376
Sample 14,Moirai,0.5000726580619812
Sample 14,Chronos,0.4999273121356964
Sample 15,Time-MoE,0.5000165104866028
Sample 15,Moirai,0.4999835193157196
Sample 16,Moirai,0.5001216530799866
Sample 16,Timer,0.49987828731536865
Sample 17,Moirai,0.5000530481338501
Sample 17,Chronos,0.4999469518661499
Sample 18,Moirai,0.5000374913215637
Sample 18,TimesFM,0.4999624788761139
Sample 19,Moirai,0.5000391602516174
Sample 19,Chronos,0.49996086955070496
Sample 20,Time-MoE,0.5000684857368469
Sample 20,TimesFM,0.49993154406547546
Sample 21,Moirai,0.5000727772712708
Sample 21,Chronos,0.49992725253105164
Sample 22,Moirai,0.5001221299171448
Sample 22,TimesFM,0.4998778700828552
Sample 23,Time-MoE,0.5000207424163818
Sample 23,TimesFM,0.49997928738594055
Sample 24,Moirai,0.5000008344650269
Sample 24,Time-MoE,0.49999916553497314
Sample 25,Moirai,0.5000876188278198
Sample 25,Chronos,0.4999123513698578
Sample 26,Time-MoE,0.5000302195549011
Sample 26,TimesFM,0.49996981024742126
Sample 27,Moirai,0.5000535845756531
Sample 27,Chronos,0.4999464154243469
Sample 28,Time-MoE,0.500044047832489
Sample 28,Timer,0.4999559819698334
Sample 29,Moirai,0.5000284910202026
Sample 29,TimesFM,0.49997153878211975
Sample 30,Moirai,0.5001137852668762
Sample 30,Chronos,0.4998861849308014
Sample 31,Time-MoE,0.5000280737876892
Sample 31,TimesFM,0.4999719560146332
Sample 0,Moirai,0.5001935958862305
Sample 0,Timer,0.49980637431144714
Sample 1,Moirai,0.5001220703125
Sample 1,Chronos,0.4998779296875
Sample 2,Moirai,0.5000728368759155
Sample 2,Timer,0.4999271631240845
Sample 3,Moirai,0.5000863671302795
Sample 3,Chronos,0.49991360306739807
Sample 4,Moirai,0.5000315308570862
Sample 4,Timer,0.4999684989452362
Sample 5,Moirai,0.5000869035720825
Sample 5,Chronos,0.4999130368232727
Sample 6,Moirai,0.500102162361145
Sample 6,Chronos,0.4998977780342102
Sample 7,Moirai,0.5000196099281311
Sample 7,TimesFM,0.4999804198741913
Sample 8,Moirai,0.50014328956604
Sample 8,Timer,0.49985677003860474
Sample 9,Moirai,0.5001152157783508
Sample 9,Chronos,0.4998847544193268
Sample 10,Moirai,0.5000451803207397
Sample 10,Chronos,0.49995481967926025
Sample 11,Moirai,0.5000576376914978
Sample 11,TimesFM,0.4999423623085022
Sample 12,Moirai,0.5000424981117249
Sample 12,Timer,0.49995750188827515
Sample 13,Moirai,0.5000823736190796
Sample 13,TimesFM,0.4999176263809204
Sample 14,Moirai,0.5000511407852173
Sample 14,Chronos,0.4999488294124603
Sample 15,Time-MoE,0.5000171065330505
Sample 15,TimesFM,0.49998292326927185
Sample 16,Moirai,0.5001776814460754
Sample 16,Timer,0.49982231855392456
Sample 17,Moirai,0.5001042485237122
Sample 17,Chronos,0.49989569187164307
Sample 18,Moirai,0.5001500248908997
Sample 18,Timer,0.49984994530677795
Sample 19,Moirai,0.5000399947166443
Sample 19,Chronos,0.4999600052833557
Sample 20,Time-MoE,0.5000609755516052
Sample 20,Timer,0.4999389946460724
Sample 21,Moirai,0.5001078248023987
Sample 21,Chronos,0.49989211559295654
Sample 22,Moirai,0.5001260042190552
Sample 22,Chronos,0.4998740255832672
Sample 23,Time-MoE,0.5000680685043335
Sample 23,TimesFM,0.4999319612979889
Sample 24,Moirai,0.5000860095024109
Sample 24,Timer,0.4999140202999115
Sample 25,Moirai,0.5001012086868286
Sample 25,Chronos,0.4998987913131714
Sample 26,Moirai,0.5001327395439148
Sample 26,TimesFM,0.49986732006073
Sample 27,Moirai,0.5000775456428528
Sample 27,Chronos,0.4999224841594696
Sample 28,Time-MoE,0.5000390410423279
Sample 28,TimesFM,0.4999609887599945
Sample 29,Moirai,0.5000244379043579
Sample 29,Chronos,0.4999755918979645
Sample 30,Moirai,0.5001245141029358
Sample 30,Chronos,0.4998754858970642
Sample 31,Moirai,0.5000265836715698
Sample 31,TimesFM,0.49997344613075256
Sample 0,Moirai,0.5000821352005005
Sample 0,Timer,0.4999178647994995
Sample 1,Moirai,0.5001218318939209
Sample 1,Chronos,0.4998781681060791
Sample 2,Moirai,0.5001189112663269
Sample 2,TimesFM,0.4998810589313507
Sample 3,Moirai,0.5001020431518555
Sample 3,Chronos,0.49989792704582214
Sample 4,Time-MoE,0.5000495910644531
Sample 4,Timer,0.4999504089355469
Sample 5,Moirai,0.500129222869873
Sample 5,Chronos,0.49987083673477173
Sample 6,Moirai,0.5001712441444397
Sample 6,Timer,0.4998287558555603
Sample 7,Time-MoE,0.5000083446502686
Sample 7,Timer,0.49999168515205383
Sample 8,Moirai,0.5001355409622192
Sample 8,Timer,0.49986445903778076
Sample 9,Moirai,0.5001277923583984
Sample 9,Chronos,0.49987223744392395
Sample 10,Moirai,0.5001366138458252
Sample 10,Timer,0.4998634159564972
Sample 11,Moirai,0.5001205801963806
Sample 11,Timer,0.4998794198036194
Sample 12,Time-MoE,0.5000152587890625
Sample 12,Timer,0.4999847114086151
Sample 13,Time-MoE,0.5000097751617432
Sample 13,Chronos,0.4999902546405792
Sample 14,Time-MoE,0.5000222325325012
Sample 14,Timer,0.49997779726982117
Sample 15,Moirai,0.500056266784668
Sample 15,TimesFM,0.4999437630176544
Sample 16,Moirai,0.5000683665275574
Sample 16,Timer,0.499931663274765
Sample 17,Moirai,0.500136137008667
Sample 17,Chronos,0.4998639225959778
Sample 18,Moirai,0.5000068545341492
Sample 18,Time-MoE,0.49999314546585083
Sample 19,Moirai,0.5001266002655029
Sample 19,Chronos,0.49987345933914185
Sample 20,Moirai,0.5000825524330139
Sample 20,Chronos,0.49991747736930847
Sample 21,Moirai,0.5001288652420044
Sample 21,Chronos,0.4998711347579956
Sample 22,Moirai,0.5001121759414673
Sample 22,Chronos,0.4998878240585327
Sample 23,Time-MoE,0.5000311732292175
Sample 23,TimesFM,0.49996885657310486
Sample 24,Moirai,0.5002182126045227
Sample 24,Timer,0.4997817873954773
Sample 25,Moirai,0.5001237988471985
Sample 25,Chronos,0.4998762011528015
Sample 26,Moirai,0.5000786781311035
Sample 26,Time-MoE,0.49992135167121887
Sample 27,Moirai,0.5001043081283569
Sample 27,Chronos,0.4998956620693207
Sample 28,Moirai,0.5000110268592834
Sample 28,Timer,0.49998894333839417
Sample 29,Moirai,0.5001063346862793
Sample 29,Chronos,0.4998936653137207
Sample 30,Moirai,0.5000140070915222
Sample 30,Timer,0.49998602271080017
Sample 31,Time-MoE,0.5000783205032349
Sample 31,TimesFM,0.4999217092990875
Sample 0,Moirai,0.5001956224441528
Sample 0,Chronos,0.4998043179512024
Sample 1,Moirai,0.5001150369644165
Sample 1,Chronos,0.4998849630355835
Sample 2,Moirai,0.5000585913658142
Sample 2,TimesFM,0.4999414086341858
Sample 3,Moirai,0.5000726580619812
Sample 3,Chronos,0.4999273121356964
Sample 4,Time-MoE,0.5000362992286682
Sample 4,Chronos,0.4999637007713318
Sample 5,Moirai,0.5001203417778015
Sample 5,Chronos,0.4998796582221985
Sample 6,Moirai,0.5000866055488586
Sample 6,Chronos,0.4999133348464966
Sample 7,Time-MoE,0.5000386834144592
Sample 7,Timer,0.49996131658554077
Sample 8,Moirai,0.5001860857009888
Sample 8,Timer,0.49981391429901123
Sample 9,Moirai,0.5001342296600342
Sample 9,Chronos,0.4998657703399658
Sample 10,Moirai,0.5000319480895996
Sample 10,TimesFM,0.4999680817127228
Sample 11,Moirai,0.5001187324523926
Sample 11,Chronos,0.4998812675476074
Sample 12,Moirai,0.5000216960906982
Sample 12,Timer,0.49997833371162415
Sample 13,Moirai,0.5001286864280701
Sample 13,Chronos,0.4998713433742523
Sample 14,Moirai,0.5001124143600464
Sample 14,Chronos,0.4998875856399536
Sample 15,Time-MoE,0.5000554323196411
Sample 15,TimesFM,0.4999445378780365
Sample 0,Moirai,0.5002247095108032
Sample 0,Timer,0.49977535009384155
Sample 1,Moirai,0.5001205205917358
Sample 1,Chronos,0.4998794198036194
Sample 2,Time-MoE,0.5000516772270203
Sample 2,Timer,0.49994829297065735
Sample 3,Moirai,0.5001112818717957
Sample 3,Chronos,0.49988871812820435
Sample 4,Moirai,0.5000655651092529
Sample 4,Timer,0.49993443489074707
Sample 5,Moirai,0.5000997185707092
Sample 5,Chronos,0.49990028142929077
Sample 6,Moirai,0.5001417398452759
Sample 6,Chronos,0.4998583197593689
Sample 7,Time-MoE,0.5000455379486084
Sample 7,TimesFM,0.499954491853714
Sample 8,Moirai,0.5002661943435669
Sample 8,Timer,0.4997338056564331
Sample 9,Moirai,0.5001210570335388
Sample 9,Chronos,0.4998788833618164
Sample 10,Moirai,0.500026524066925
Sample 10,TimesFM,0.49997344613075256
Sample 11,Moirai,0.5000942349433899
Sample 11,Chronos,0.4999057352542877
Sample 12,Time-MoE,0.5000215768814087
Sample 12,Timer,0.4999784231185913
Sample 13,Moirai,0.500126302242279
Sample 13,Chronos,0.49987369775772095
Sample 14,Moirai,0.5000863075256348
Sample 14,Chronos,0.4999137222766876
Sample 15,Time-MoE,0.5000449419021606
Sample 15,Timer,0.49995502829551697
Sample 16,Moirai,0.500129759311676
Sample 16,Time-MoE,0.499870240688324
Sample 17,Moirai,0.5001465678215027
Sample 17,Chronos,0.4998534321784973
Sample 18,Moirai,0.5000259280204773
Sample 18,TimesFM,0.4999741017818451
Sample 19,Moirai,0.5001358389854431
Sample 19,Chronos,0.4998641908168793
Sample 20,Moirai,0.5000928640365601
Sample 20,Timer,0.49990713596343994
Sample 21,Moirai,0.5001274347305298
Sample 21,TimesFM,0.4998725950717926
Sample 22,Moirai,0.5000710487365723
Sample 22,Timer,0.4999289810657501
Sample 23,Time-MoE,0.5000829696655273
Sample 23,TimesFM,0.49991706013679504
Sample 24,Moirai,0.5000587105751038
Sample 24,Time-MoE,0.49994131922721863
Sample 25,Moirai,0.500098705291748
Sample 25,Chronos,0.49990129470825195
Sample 26,Moirai,0.5001735687255859
Sample 26,Timer,0.49982646107673645
Sample 27,Moirai,0.5000513195991516
Sample 27,Timer,0.4999486804008484
Sample 28,Time-MoE,0.5001108646392822
Sample 28,Timer,0.499889075756073
Sample 29,Moirai,0.5001187324523926
Sample 29,Chronos,0.4998812675476074
Sample 30,Moirai,0.5001144409179688
Sample 30,Chronos,0.49988552927970886
Sample 31,Time-MoE,0.5000780820846558
Sample 31,Timer,0.4999219477176666
Sample 0,Moirai,0.5001248717308044
Sample 0,Time-MoE,0.49987512826919556
Sample 1,Moirai,0.5001481175422668
Sample 1,Chronos,0.49985188245773315
Sample 2,Moirai,0.5000545978546143
Sample 2,Time-MoE,0.49994543194770813
Sample 3,Moirai,0.5001331567764282
Sample 3,Chronos,0.4998668432235718
Sample 4,Time-MoE,0.5000976324081421
Sample 4,Timer,0.4999023675918579
Sample 5,Moirai,0.5001363754272461
Sample 5,Chronos,0.4998636245727539
Sample 6,Moirai,0.5001155734062195
Sample 6,Chronos,0.4998844265937805
Sample 7,Time-MoE,0.5000327825546265
Sample 7,TimesFM,0.49996718764305115
Sample 8,Moirai,0.5001831650733948
Sample 8,Chronos,0.49981680512428284
Sample 9,Moirai,0.5001435875892639
Sample 9,Chronos,0.4998564124107361
Sample 10,Moirai,0.5001264810562134
Sample 10,Chronos,0.499873548746109
Sample 11,Moirai,0.500050961971283
Sample 11,TimesFM,0.49994903802871704
Sample 12,Moirai,0.5000396370887756
Sample 12,Chronos,0.49996039271354675
Sample 13,Moirai,0.5001416206359863
Sample 13,Chronos,0.49985840916633606
Sample 14,Moirai,0.5000657439231873
Sample 14,TimesFM,0.49993422627449036
Sample 15,Time-MoE,0.500037670135498
Sample 15,TimesFM,0.49996230006217957
Sample 16,Moirai,0.5001802444458008
Sample 16,Time-MoE,0.4998197555541992
Sample 17,Moirai,0.5001400709152222
Sample 17,Chronos,0.4998599588871002
Sample 18,Time-MoE,0.500018835067749
Sample 18,TimesFM,0.499981164932251
Sample 19,Moirai,0.5001276731491089
Sample 19,Chronos,0.4998723268508911
Sample 20,Moirai,0.5000859498977661
Sample 20,Chronos,0.4999140501022339
Sample 21,Moirai,0.5001432299613953
Sample 21,Chronos,0.49985677003860474
Sample 22,Moirai,0.5000789761543274
Sample 22,TimesFM,0.499921053647995
Sample 23,Time-MoE,0.5000888109207153
Sample 23,Timer,0.4999111294746399
Sample 24,Moirai,0.5002089738845825
Sample 24,Chronos,0.4997909665107727
Sample 25,Moirai,0.5001048445701599
Sample 25,Chronos,0.4998951256275177
Sample 26,Moirai,0.5000813603401184
Sample 26,TimesFM,0.499918669462204
Sample 27,Moirai,0.5000934600830078
Sample 27,Chronos,0.4999065399169922
Sample 28,Time-MoE,0.5000535249710083
Sample 28,Timer,0.4999464750289917
Sample 29,Moirai,0.5001136660575867
Sample 29,TimesFM,0.49988633394241333
Sample 30,Moirai,0.5000767707824707
Sample 30,Chronos,0.4999232590198517
Sample 31,Time-MoE,0.5000434517860413
Sample 31,TimesFM,0.49995651841163635
Sample 0,Moirai,0.5000253915786743
Sample 0,Time-MoE,0.49997463822364807
Sample 1,Moirai,0.500129222869873
Sample 1,Chronos,0.49987083673477173
Sample 2,Moirai,0.5000410079956055
Sample 2,TimesFM,0.4999590218067169
Sample 3,Moirai,0.5001169443130493
Sample 3,Chronos,0.4998829960823059
Sample 4,TimesFM,0.5000085234642029
Sample 4,Time-MoE,0.4999914765357971
Sample 5,Moirai,0.5000681281089783
Sample 5,TimesFM,0.49993187189102173
Sample 6,Moirai,0.5001037120819092
Sample 6,TimesFM,0.4998962879180908
Sample 7,Time-MoE,0.5000399351119995
Sample 7,TimesFM,0.4999600946903229
Sample 8,Moirai,0.5000127553939819
Sample 8,Time-MoE,0.49998724460601807
Sample 9,Moirai,0.5001091957092285
Sample 9,Chronos,0.4998908042907715
Sample 10,Moirai,0.5001087784767151
Sample 10,Chronos,0.49989116191864014
Sample 11,Moirai,0.500069797039032
Sample 11,TimesFM,0.4999302327632904
Sample 12,Time-MoE,0.5000894069671631
Sample 12,Timer,0.4999105632305145
Sample 13,Moirai,0.5000958442687988
Sample 13,Chronos,0.4999041259288788
Sample 14,Moirai,0.5001136064529419
Sample 14,Chronos,0.4998863935470581
Sample 15,Time-MoE,0.5000849962234497
Sample 15,TimesFM,0.4999150335788727
Sample 16,Moirai,0.5002202391624451
Sample 16,Chronos,0.4997797906398773
Sample 17,Moirai,0.500102162361145
Sample 17,Chronos,0.4998977780342102
Sample 18,Time-MoE,0.5000373721122742
Sample 18,TimesFM,0.49996262788772583
Sample 19,Moirai,0.5001395344734192
Sample 19,TimesFM,0.4998604655265808
Sample 20,Time-MoE,0.5000521540641785
Sample 20,Timer,0.49994781613349915
Sample 21,Moirai,0.5001137256622314
Sample 21,Chronos,0.49988624453544617
Sample 22,Moirai,0.5001574158668518
Sample 22,Chronos,0.4998425543308258
Sample 23,Time-MoE,0.5000861287117004
Sample 23,Timer,0.4999138414859772
Sample 24,Time-MoE,0.5000166893005371
Sample 24,Moirai,0.4999833405017853
Sample 25,Moirai,0.5001071691513062
Sample 25,Chronos,0.49989283084869385
Sample 26,Moirai,0.5000497102737427
Sample 26,Chronos,0.49995025992393494
Sample 27,Moirai,0.5000291466712952
Sample 27,TimesFM,0.49997082352638245
Sample 28,Time-MoE,0.5000857710838318
Sample 28,Timer,0.4999142587184906
Sample 29,Moirai,0.5000938773155212
Sample 29,Chronos,0.49990609288215637
Sample 30,Moirai,0.5001115202903748
Sample 30,Chronos,0.49988842010498047
Sample 31,Time-MoE,0.5000763535499573
Sample 31,TimesFM,0.4999236464500427
Sample 0,Moirai,0.5000652074813843
Sample 0,Time-MoE,0.4999348223209381
Sample 1,Moirai,0.5001306533813477
Sample 1,Chronos,0.4998694062232971
Sample 2,TimesFM,0.5000186562538147
Sample 2,Time-MoE,0.4999813735485077
Sample 3,Moirai,0.5000916719436646
Sample 3,Chronos,0.4999082684516907
Sample 4,Moirai,0.5001561045646667
Sample 4,Timer,0.49984386563301086
Sample 5,Moirai,0.5000622868537903
Sample 5,Time-MoE,0.49993768334388733
Sample 6,Moirai,0.500137984752655
Sample 6,TimesFM,0.49986201524734497
Sample 7,Time-MoE,0.5000457167625427
Sample 7,Timer,0.4999542832374573
Sample 8,Moirai,0.5002161264419556
Sample 8,Time-MoE,0.49978387355804443
Sample 9,Moirai,0.5001277923583984
Sample 9,Chronos,0.49987223744392395
Sample 10,Moirai,0.5000036954879761
Sample 10,Time-MoE,0.4999963343143463
Sample 11,Moirai,0.5000731945037842
Sample 11,Chronos,0.4999268054962158
Sample 12,Time-MoE,0.5000528693199158
Sample 12,TimesFM,0.49994713068008423
Sample 13,Moirai,0.500085175037384
Sample 13,Chronos,0.49991482496261597
Sample 14,Moirai,0.5000912547111511
Sample 14,Chronos,0.4999087154865265
Sample 15,Time-MoE,0.5000190138816833
Sample 15,Moirai,0.49998098611831665
Sample 16,Moirai,0.5002241730690002
Sample 16,TimesFM,0.49977588653564453
Sample 17,Moirai,0.5000606179237366
Sample 17,Chronos,0.49993935227394104
Sample 18,Moirai,0.5000565648078918
Sample 18,TimesFM,0.49994346499443054
Sample 19,Moirai,0.5000337958335876
Sample 19,TimesFM,0.49996623396873474
Sample 20,Time-MoE,0.5000881552696228
Sample 20,TimesFM,0.4999118447303772
Sample 21,Moirai,0.5000773668289185
Sample 21,TimesFM,0.49992260336875916
Sample 22,Moirai,0.5001776218414307
Sample 22,TimesFM,0.49982234835624695
Sample 23,Time-MoE,0.5000349879264832
Sample 23,TimesFM,0.49996498227119446
Sample 24,Time-MoE,0.5000020265579224
Sample 24,Moirai,0.49999794363975525
Sample 25,Moirai,0.5000974535942078
Sample 25,Chronos,0.49990254640579224
Sample 26,Time-MoE,0.5000279545783997
Sample 26,TimesFM,0.49997207522392273
Sample 27,Moirai,0.5000512003898621
Sample 27,Chronos,0.49994876980781555
Sample 28,Time-MoE,0.5000759959220886
Sample 28,TimesFM,0.49992403388023376
Sample 29,Moirai,0.5000115633010864
Sample 29,TimesFM,0.4999884366989136
Sample 30,Moirai,0.5001475811004639
Sample 30,Chronos,0.49985241889953613
Sample 31,Time-MoE,0.5000537633895874
Sample 31,TimesFM,0.499946266412735
Sample 0,Moirai,0.5003119111061096
Sample 0,TimesFM,0.4996880888938904
Sample 1,Moirai,0.5001333951950073
Sample 1,Chronos,0.4998666048049927
Sample 2,Moirai,0.5001089572906494
Sample 2,Chronos,0.4998910129070282
Sample 3,Moirai,0.5000931024551392
Sample 3,Chronos,0.49990686774253845
Sample 4,Moirai,0.500016450881958
Sample 4,Timer,0.4999835789203644
Sample 5,Moirai,0.5000840425491333
Sample 5,Chronos,0.4999159872531891
Sample 6,Moirai,0.5001091957092285
Sample 6,Chronos,0.4998907446861267
Sample 7,Moirai,0.5000094175338745
Sample 7,TimesFM,0.4999906122684479
Sample 8,Moirai,0.5002394318580627
Sample 8,TimesFM,0.49976059794425964
Sample 9,Moirai,0.5001273155212402
Sample 9,Chronos,0.49987271428108215
Sample 10,Moirai,0.5000573992729187
Sample 10,TimesFM,0.4999425709247589
Sample 11,Moirai,0.5000567436218262
Sample 11,TimesFM,0.49994325637817383
Sample 12,Moirai,0.5000565648078918
Sample 12,Time-MoE,0.49994340538978577
Sample 13,Moirai,0.5000832676887512
Sample 13,TimesFM,0.4999167323112488
Sample 14,Moirai,0.5000515580177307
Sample 14,TimesFM,0.4999484121799469
Sample 15,Time-MoE,0.5000017285346985
Sample 15,TimesFM,0.4999983012676239
Sample 16,Moirai,0.5002492666244507
Sample 16,TimesFM,0.4997507631778717
Sample 17,Moirai,0.5001084208488464
Sample 17,Chronos,0.4998915195465088
Sample 18,Moirai,0.5002015829086304
Sample 18,TimesFM,0.49979838728904724
Sample 19,Moirai,0.5000237226486206
Sample 19,TimesFM,0.4999763071537018
Sample 20,Time-MoE,0.5000643134117126
Sample 20,Timer,0.49993571639060974
Sample 21,Moirai,0.5001095533370972
Sample 21,TimesFM,0.49989038705825806
Sample 22,Moirai,0.5001454949378967
Sample 22,Chronos,0.49985450506210327
Sample 23,Time-MoE,0.50005704164505
Sample 23,TimesFM,0.49994298815727234
Sample 24,Moirai,0.5001863241195679
Sample 24,Time-MoE,0.4998137056827545
Sample 25,Moirai,0.5001053214073181
Sample 25,Chronos,0.4998946785926819
Sample 26,Moirai,0.5001345276832581
Sample 26,TimesFM,0.49986550211906433
Sample 27,Moirai,0.5000849962234497
Sample 27,Chronos,0.4999150335788727
Sample 28,Time-MoE,0.5000301599502563
Sample 28,TimesFM,0.49996981024742126
Sample 29,Moirai,0.5000067353248596
Sample 29,Chronos,0.49999329447746277
Sample 30,Moirai,0.5001377463340759
Sample 30,Chronos,0.4998622536659241
Sample 31,Moirai,0.5000119209289551
Sample 31,TimesFM,0.4999881088733673
Sample 0,Moirai,0.5001295208930969
Sample 0,Time-MoE,0.49987050890922546
Sample 1,Moirai,0.5001193881034851
Sample 1,Chronos,0.4998806118965149
Sample 2,Moirai,0.5001344680786133
Sample 2,TimesFM,0.4998655319213867
Sample 3,Moirai,0.5001032948493958
Sample 3,Chronos,0.49989667534828186
Sample 4,Time-MoE,0.5000484585762024
Sample 4,Moirai,0.49995157122612
Sample 5,Moirai,0.5001328587532043
Sample 5,TimesFM,0.49986720085144043
Sample 6,Moirai,0.50022292137146
Sample 6,Chronos,0.49977707862854004
Sample 7,Time-MoE,0.5000234246253967
Sample 7,Timer,0.49997660517692566
Sample 8,Moirai,0.5001991987228394
Sample 8,TimesFM,0.49980080127716064
Sample 9,Moirai,0.500128448009491
Sample 9,Chronos,0.49987155199050903
Sample 10,Moirai,0.500179648399353
Sample 10,TimesFM,0.499820351600647
Sample 11,Moirai,0.5001324415206909
Sample 11,Chronos,0.4998675584793091
Sample 12,Time-MoE,0.5000227689743042
Sample 12,Timer,0.4999772608280182
Sample 13,Chronos,0.5000044107437134
Sample 13,Time-MoE,0.499995619058609
Sample 14,Time-MoE,0.5000194907188416
Sample 14,Timer,0.49998053908348083
Sample 15,Moirai,0.5000626444816589
Sample 15,Time-MoE,0.4999373257160187
Sample 16,Moirai,0.5000913143157959
Sample 16,Time-MoE,0.4999086856842041
Sample 17,Moirai,0.5001382827758789
Sample 17,Chronos,0.49986177682876587
Sample 18,Moirai,0.500000536441803
Sample 18,TimesFM,0.49999943375587463
Sample 19,Moirai,0.5001360774040222
Sample 19,Chronos,0.49986395239830017
Sample 20,Moirai,0.5000625252723694
Sample 20,Chronos,0.4999374449253082
Sample 21,Moirai,0.5001261830329895
Sample 21,Chronos,0.4998738169670105
Sample 22,Moirai,0.5001158714294434
Sample 22,TimesFM,0.49988406896591187
Sample 23,Time-MoE,0.5000157952308655
Sample 23,TimesFM,0.49998417496681213
Sample 24,Moirai,0.5003329515457153
Sample 24,TimesFM,0.49966710805892944
Sample 25,Moirai,0.5001216530799866
Sample 25,Chronos,0.4998783469200134
Sample 26,Moirai,0.5001068711280823
Sample 26,TimesFM,0.49989309906959534
Sample 27,Moirai,0.5000998973846436
Sample 27,Chronos,0.49990010261535645
Sample 28,Moirai,0.5000113248825073
Sample 28,Chronos,0.4999886453151703
Sample 29,Moirai,0.5001029968261719
Sample 29,TimesFM,0.49989694356918335
Sample 30,Moirai,0.5000389218330383
Sample 30,Chronos,0.49996110796928406
Sample 31,Time-MoE,0.5000470280647278
Sample 31,TimesFM,0.4999529719352722
Sample 0,Moirai,0.5002145171165466
Sample 0,Chronos,0.49978548288345337
Sample 1,Moirai,0.5000926852226257
Sample 1,Chronos,0.49990731477737427
Sample 2,Moirai,0.5000318288803101
Sample 2,TimesFM,0.49996820092201233
Sample 3,Moirai,0.5000591278076172
Sample 3,Chronos,0.4999408423900604
Sample 4,Chronos,0.5000170469284058
Sample 4,Time-MoE,0.49998295307159424
Sample 5,Moirai,0.5001018047332764
Sample 5,Chronos,0.49989816546440125
Sample 6,Moirai,0.5000780820846558
Sample 6,Chronos,0.49992191791534424
Sample 7,Time-MoE,0.5000240206718445
Sample 7,TimesFM,0.4999759793281555
Sample 8,Moirai,0.5002790689468384
Sample 8,Time-MoE,0.499720960855484
Sample 9,Moirai,0.500120222568512
Sample 9,Chronos,0.49987977743148804
Sample 10,TimesFM,0.5000035166740417
Sample 10,Moirai,0.49999651312828064
Sample 11,Moirai,0.5001093149185181
Sample 11,Chronos,0.49989062547683716
Sample 12,Timer,0.5000210404396057
Sample 12,Moirai,0.4999789297580719
Sample 13,Moirai,0.500119686126709
Sample 13,Chronos,0.49988028407096863
Sample 14,Moirai,0.5000885725021362
Sample 14,Chronos,0.49991142749786377
Sample 15,Time-MoE,0.5000329613685608
Sample 15,TimesFM,0.4999670088291168
Sample 0,Moirai,0.5003044009208679
Sample 0,Time-MoE,0.49969562888145447
Sample 1,Moirai,0.5000953674316406
Sample 1,Chronos,0.4999046325683594
Sample 2,Time-MoE,0.5000330805778503
Sample 2,Timer,0.49996691942214966
Sample 3,Moirai,0.5000978708267212
Sample 3,Chronos,0.4999020993709564
Sample 4,Moirai,0.5000083446502686
Sample 4,Timer,0.49999162554740906
Sample 5,Moirai,0.5000748634338379
Sample 5,Chronos,0.4999251663684845
Sample 6,Moirai,0.5001490712165833
Sample 6,Chronos,0.49985092878341675
Sample 7,Time-MoE,0.5000303983688354
Sample 7,TimesFM,0.49996963143348694
Sample 8,Moirai,0.5003558397293091
Sample 8,Time-MoE,0.4996441602706909
Sample 9,Moirai,0.5000960826873779
Sample 9,Chronos,0.4999038577079773
Sample 10,TimesFM,0.5000211596488953
Sample 10,Moirai,0.49997884035110474
Sample 11,Moirai,0.5000689625740051
Sample 11,Chronos,0.4999310076236725
Sample 12,Timer,0.500000536441803
Sample 12,Time-MoE,0.499999463558197
Sample 13,Moirai,0.5001059770584106
Sample 13,Chronos,0.49989402294158936
Sample 14,Moirai,0.5000506043434143
Sample 14,Chronos,0.4999493658542633
Sample 15,Time-MoE,0.50003582239151
Sample 15,TimesFM,0.4999642074108124
Sample 16,Moirai,0.500159740447998
Sample 16,Time-MoE,0.49984022974967957
Sample 17,Moirai,0.5001296997070312
Sample 17,Chronos,0.4998703598976135
Sample 18,TimesFM,0.5000019073486328
Sample 18,Moirai,0.4999981224536896
Sample 19,Moirai,0.5001255869865417
Sample 19,Chronos,0.49987441301345825
Sample 20,Moirai,0.5001104474067688
Sample 20,Time-MoE,0.4998894929885864
Sample 21,Moirai,0.5001246929168701
Sample 21,TimesFM,0.4998753070831299
Sample 22,Moirai,0.5000739693641663
Sample 22,Timer,0.49992603063583374
Sample 23,Time-MoE,0.5000395178794861
Sample 23,TimesFM,0.4999605119228363
Sample 24,Moirai,0.5000919699668884
Sample 24,Time-MoE,0.4999080300331116
Sample 25,Moirai,0.5000665783882141
Sample 25,Chronos,0.4999334514141083
Sample 26,Moirai,0.5001747012138367
Sample 26,Timer,0.4998253285884857
Sample 27,Moirai,0.5000442862510681
Sample 27,TimesFM,0.4999556839466095
Sample 28,Time-MoE,0.5000318884849548
Sample 28,Timer,0.4999680817127228
Sample 29,Moirai,0.5000923871994019
Sample 29,Chronos,0.49990755319595337
Sample 30,Moirai,0.5000917911529541
Sample 30,Chronos,0.4999081790447235
Sample 31,Time-MoE,0.5000318884849548
Sample 31,Timer,0.49996811151504517
Sample 0,Moirai,0.5001490712165833
Sample 0,Time-MoE,0.49985095858573914
Sample 1,Moirai,0.5001204609870911
Sample 1,Chronos,0.49987953901290894
Sample 2,Moirai,0.5000426769256592
Sample 2,Timer,0.49995729327201843
Sample 3,Moirai,0.5001180171966553
Sample 3,Chronos,0.49988195300102234
Sample 4,Time-MoE,0.5000224113464355
Sample 4,Timer,0.49997755885124207
Sample 5,Moirai,0.5001076459884644
Sample 5,Chronos,0.49989229440689087
Sample 6,Moirai,0.5001000165939331
Sample 6,Chronos,0.4998999536037445
Sample 7,Time-MoE,0.5000143647193909
Sample 7,TimesFM,0.4999856650829315
Sample 8,Moirai,0.5002180337905884
Sample 8,Chronos,0.4997819662094116
Sample 9,Moirai,0.5001192092895508
Sample 9,Chronos,0.4998807907104492
Sample 10,Moirai,0.5001146793365479
Sample 10,Chronos,0.49988529086112976
Sample 11,Moirai,0.5000332593917847
Sample 11,TimesFM,0.4999667704105377
Sample 12,Moirai,0.500028669834137
Sample 12,Chronos,0.4999713599681854
Sample 13,Moirai,0.5001168847084045
Sample 13,Chronos,0.49988311529159546
Sample 14,Moirai,0.5000401735305786
Sample 14,TimesFM,0.499959796667099
Sample 15,Time-MoE,0.5000177621841431
Sample 15,TimesFM,0.4999822676181793
Sample 16,Moirai,0.5002228021621704
Sample 16,Time-MoE,0.49977725744247437
Sample 17,Moirai,0.5001100897789001
Sample 17,Chronos,0.49988988041877747
Sample 18,TimesFM,0.5000057816505432
Sample 18,Time-MoE,0.4999942183494568
Sample 19,Moirai,0.5001062154769897
Sample 19,Chronos,0.4998937249183655
Sample 20,Moirai,0.5000331401824951
Sample 20,Timer,0.4999668598175049
Sample 21,Moirai,0.5001204013824463
Sample 21,Chronos,0.4998795986175537
Sample 22,Moirai,0.5000730156898499
Sample 22,TimesFM,0.49992701411247253
Sample 23,Time-MoE,0.500028669834137
Sample 23,Timer,0.4999713599681854
Sample 24,Moirai,0.5002191662788391
Sample 24,Chronos,0.4997808635234833
Sample 25,Moirai,0.5000721216201782
Sample 25,Chronos,0.4999278783798218
Sample 26,Moirai,0.5000593662261963
Sample 26,TimesFM,0.4999406635761261
Sample 27,Moirai,0.5000702738761902
Sample 27,Chronos,0.4999297559261322
Sample 28,Time-MoE,0.5000227093696594
Sample 28,Timer,0.49997732043266296
Sample 29,Moirai,0.5000874400138855
Sample 29,Chronos,0.4999125599861145
Sample 30,Moirai,0.5000357031822205
Sample 30,Chronos,0.49996432662010193
Sample 31,Time-MoE,0.500022828578949
Sample 31,TimesFM,0.4999772012233734
Sample 0,Moirai,0.5000190734863281
Sample 0,Time-MoE,0.4999809265136719
Sample 1,Moirai,0.5000932216644287
Sample 1,Chronos,0.4999067485332489
Sample 2,Moirai,0.5000064373016357
Sample 2,TimesFM,0.49999353289604187
Sample 3,Moirai,0.5000923871994019
Sample 3,Chronos,0.49990761280059814
Sample 4,TimesFM,0.5000250339508057
Sample 4,Timer,0.4999749958515167
Sample 5,Moirai,0.5000328421592712
Sample 5,TimesFM,0.49996718764305115
Sample 6,Moirai,0.500089168548584
Sample 6,Chronos,0.499910831451416
Sample 7,Time-MoE,0.5000187158584595
Sample 7,Timer,0.49998125433921814
Sample 8,Moirai,0.500039279460907
Sample 8,Time-MoE,0.499960720539093
Sample 9,Moirai,0.5000638365745544
Sample 9,Chronos,0.49993619322776794
Sample 10,Moirai,0.5000715255737305
Sample 10,Chronos,0.4999285042285919
Sample 11,Moirai,0.500060498714447
Sample 11,TimesFM,0.49993953108787537
Sample 12,Time-MoE,0.5000247359275818
Sample 12,Timer,0.4999752342700958
Sample 13,Moirai,0.500053882598877
Sample 13,Chronos,0.49994611740112305
Sample 14,Moirai,0.5000795125961304
Sample 14,Chronos,0.499920517206192
Sample 15,Time-MoE,0.500037670135498
Sample 15,Timer,0.49996235966682434
Sample 16,Moirai,0.5002177953720093
Sample 16,Chronos,0.4997822046279907
Sample 17,Moirai,0.5000625252723694
Sample 17,Chronos,0.499937504529953
Sample 18,TimesFM,0.5000289678573608
Sample 18,Time-MoE,0.49997103214263916
Sample 19,Moirai,0.5001478791236877
Sample 19,Timer,0.49985212087631226
Sample 20,Timer,0.5000047087669373
Sample 20,Time-MoE,0.49999532103538513
Sample 21,Moirai,0.5000715255737305
Sample 21,Chronos,0.4999285042285919
Sample 22,Moirai,0.5001440644264221
Sample 22,Chronos,0.4998559355735779
Sample 23,Time-MoE,0.5000277161598206
Sample 23,Timer,0.49997225403785706
Sample 24,Time-MoE,0.5000142455101013
Sample 24,Moirai,0.49998578429222107
Sample 25,Moirai,0.5000693798065186
Sample 25,Chronos,0.49993064999580383
Sample 26,Moirai,0.5000291466712952
Sample 26,Chronos,0.4999708831310272
Sample 27,Timer,0.500013530254364
Sample 27,TimesFM,0.4999864995479584
Sample 28,Time-MoE,0.5000336170196533
Sample 28,Timer,0.49996641278266907
Sample 29,Moirai,0.5000542402267456
Sample 29,Chronos,0.499945729970932
Sample 30,Moirai,0.5000757575035095
Sample 30,Chronos,0.4999242424964905
Sample 31,Time-MoE,0.50003981590271
Sample 31,TimesFM,0.4999602138996124
Sample 0,Moirai,0.5000646710395813
Sample 0,Time-MoE,0.4999352991580963
Sample 1,Moirai,0.5000935196876526
Sample 1,Chronos,0.4999064803123474
Sample 2,TimesFM,0.5000274181365967
Sample 2,Time-MoE,0.4999725818634033
Sample 3,Moirai,0.5000567436218262
Sample 3,Chronos,0.49994325637817383
Sample 4,Moirai,0.500103771686554
Sample 4,Timer,0.49989616870880127
Sample 5,Moirai,0.5000665187835693
Sample 5,Timer,0.4999334514141083
Sample 6,Moirai,0.5001451373100281
Sample 6,Chronos,0.4998548626899719
Sample 7,Timer,0.500019907951355
Sample 7,Time-MoE,0.499980092048645
Sample 8,Moirai,0.500256359577179
Sample 8,Time-MoE,0.49974364042282104
Sample 9,Moirai,0.5000847578048706
Sample 9,Chronos,0.499915212392807
Sample 10,Timer,0.5000357627868652
Sample 10,Moirai,0.49996423721313477
Sample 11,Moirai,0.500037670135498
Sample 11,Chronos,0.49996230006217957
Sample 12,Time-MoE,0.5000090599060059
Sample 12,Timer,0.49999091029167175
Sample 13,Moirai,0.5000361800193787
Sample 13,Chronos,0.49996381998062134
Sample 14,Moirai,0.5000566244125366
Sample 14,Chronos,0.49994340538978577
Sample 15,Time-MoE,0.5000105500221252
Sample 15,Moirai,0.49998942017555237
Sample 16,Moirai,0.5002585649490356
Sample 16,Time-MoE,0.49974140524864197
Sample 17,Moirai,0.5000154376029968
Sample 17,Chronos,0.4999845623970032
Sample 18,Moirai,0.500021755695343
Sample 18,Timer,0.49997827410697937
Sample 19,TimesFM,0.5000014305114746
Sample 19,Chronos,0.499998539686203
Sample 20,Time-MoE,0.5000420808792114
Sample 20,Timer,0.49995794892311096
Sample 21,Moirai,0.5000302195549011
Sample 21,Chronos,0.49996981024742126
Sample 22,Moirai,0.50018709897995
Sample 22,Timer,0.49981290102005005
Sample 23,Time-MoE,0.5000155568122864
Sample 23,TimesFM,0.499984472990036
Sample 24,Moirai,0.5000095367431641
Sample 24,Time-MoE,0.4999904930591583
Sample 25,Moirai,0.5000490546226501
Sample 25,Chronos,0.49995094537734985
Sample 26,TimesFM,0.5000045895576477
Sample 26,Time-MoE,0.4999954402446747
Sample 27,Moirai,0.5000025033950806
Sample 27,Chronos,0.49999746680259705
Sample 28,Time-MoE,0.5000265836715698
Sample 28,Timer,0.4999733865261078
Sample 29,TimesFM,0.5000025629997253
Sample 29,Timer,0.49999740719795227
Sample 30,Moirai,0.500115156173706
Sample 30,Chronos,0.49988484382629395
Sample 31,Time-MoE,0.5000262260437012
Sample 31,Timer,0.49997374415397644
Sample 0,Moirai,0.5003823637962341
Sample 0,Timer,0.49961766600608826
Sample 1,Moirai,0.5000848770141602
Sample 1,Chronos,0.49991512298583984
Sample 2,Moirai,0.5000784397125244
Sample 2,Timer,0.4999215304851532
Sample 3,Moirai,0.500056803226471
Sample 3,Chronos,0.49994322657585144
Sample 4,Timer,0.5000929832458496
Sample 4,Moirai,0.4999069571495056
Sample 5,Moirai,0.500032901763916
Sample 5,Chronos,0.499967098236084
Sample 6,Moirai,0.5000625252723694
Sample 6,Chronos,0.499937504529953
Sample 7,TimesFM,0.5000098943710327
Sample 7,Timer,0.4999901354312897
Sample 8,Moirai,0.5002645254135132
Sample 8,Chronos,0.4997354745864868
Sample 9,Moirai,0.5000828504562378
Sample 9,Chronos,0.4999171495437622
Sample 10,Moirai,0.5000302195549011
Sample 10,Timer,0.49996981024742126
Sample 11,Moirai,0.5000606775283813
Sample 11,Timer,0.49993932247161865
Sample 12,Moirai,0.5000136494636536
Sample 12,Timer,0.49998635053634644
Sample 13,Moirai,0.5000719428062439
Sample 13,Timer,0.4999280869960785
Sample 14,Moirai,0.5000331401824951
Sample 14,Chronos,0.49996688961982727
Sample 15,TimesFM,0.5000193119049072
Sample 15,Timer,0.4999806582927704
Sample 16,Moirai,0.5003113746643066
Sample 16,Timer,0.49968862533569336
Sample 17,Moirai,0.5000584125518799
Sample 17,Chronos,0.4999416172504425
Sample 18,Moirai,0.5002188682556152
Sample 18,Chronos,0.49978119134902954
Sample 19,Chronos,0.5000051259994507
Sample 19,TimesFM,0.4999949038028717
Sample 20,Time-MoE,0.5000045299530029
Sample 20,Timer,0.49999549984931946
Sample 21,Moirai,0.5000688433647156
Sample 21,Chronos,0.49993112683296204
Sample 22,Moirai,0.5001085996627808
Sample 22,Chronos,0.49989137053489685
Sample 23,Time-MoE,0.5000091195106506
Sample 23,TimesFM,0.49999091029167175
Sample 24,Moirai,0.5002163648605347
Sample 24,Time-MoE,0.49978363513946533
Sample 25,Moirai,0.5000539422035217
Sample 25,Chronos,0.49994608759880066
Sample 26,Moirai,0.5001209378242493
Sample 26,TimesFM,0.49987906217575073
Sample 27,Moirai,0.5000483393669128
Sample 27,Chronos,0.49995169043540955
Sample 28,TimesFM,0.5000113844871521
Sample 28,Time-MoE,0.4999886453151703
Sample 29,Chronos,0.500015914440155
Sample 29,TimesFM,0.49998411536216736
Sample 30,Moirai,0.5000819563865662
Sample 30,Chronos,0.4999180734157562
Sample 31,TimesFM,0.5000097155570984
Sample 31,Moirai,0.499990314245224
Sample 0,Moirai,0.5001420378684998
Sample 0,Time-MoE,0.49985796213150024
Sample 1,Moirai,0.5000714063644409
Sample 1,Chronos,0.49992862343788147
Sample 2,Moirai,0.5001247525215149
Sample 2,TimesFM,0.4998752474784851
Sample 3,Moirai,0.5000662803649902
Sample 3,Chronos,0.49993374943733215
Sample 4,Time-MoE,0.5000215768814087
Sample 4,Timer,0.4999783933162689
Sample 5,Moirai,0.5000910758972168
Sample 5,Chronos,0.4999089241027832
Sample 6,Moirai,0.5002215504646301
Sample 6,Chronos,0.4997784495353699
Sample 7,Timer,0.5000170469284058
Sample 7,Time-MoE,0.4999829828739166
Sample 8,Moirai,0.5002344846725464
Sample 8,Time-MoE,0.4997654855251312
Sample 9,Moirai,0.5000835657119751
Sample 9,Chronos,0.4999164044857025
Sample 10,Moirai,0.5001766085624695
Sample 10,Chronos,0.49982336163520813
Sample 11,Moirai,0.5000997185707092
Sample 11,Chronos,0.4999002516269684
Sample 12,Timer,0.5000123381614685
Sample 12,Time-MoE,0.4999876916408539
Sample 13,Timer,0.500003457069397
Sample 13,Chronos,0.4999965727329254
Sample 14,Timer,0.5000137090682983
Sample 14,Time-MoE,0.49998632073402405
Sample 15,Moirai,0.5000602006912231
Sample 15,Time-MoE,0.49993982911109924
Sample 16,Moirai,0.5000905990600586
Sample 16,Time-MoE,0.499909371137619
Sample 17,Moirai,0.5000923871994019
Sample 17,Chronos,0.49990761280059814
Sample 18,TimesFM,0.5000247955322266
Sample 18,Time-MoE,0.4999752342700958
Sample 19,Moirai,0.5001035332679749
Sample 19,Chronos,0.49989640712738037
Sample 20,Moirai,0.5000022649765015
Sample 20,Chronos,0.49999770522117615
Sample 21,Moirai,0.500076413154602
Sample 21,Chronos,0.49992361664772034
Sample 22,Moirai,0.5000787377357483
Sample 22,Chronos,0.4999212920665741
Sample 23,TimesFM,0.5000084042549133
Sample 23,Time-MoE,0.4999915659427643
Sample 24,Moirai,0.5003805756568909
Sample 24,Timer,0.49961942434310913
Sample 25,Moirai,0.5000753402709961
Sample 25,Chronos,0.4999246895313263
Sample 26,Moirai,0.5001118779182434
Sample 26,TimesFM,0.4998880624771118
Sample 27,Moirai,0.500054657459259
Sample 27,Chronos,0.4999453127384186
Sample 28,TimesFM,0.5000007152557373
Sample 28,Chronos,0.4999993145465851
Sample 29,Moirai,0.5000629425048828
Sample 29,Chronos,0.4999370872974396
Sample 30,Moirai,0.5000123977661133
Sample 30,Chronos,0.4999876320362091
Sample 31,TimesFM,0.5000092387199402
Sample 31,Timer,0.4999907910823822
Sample 0,Moirai,0.5001985430717468
Sample 0,Chronos,0.4998013973236084
Sample 1,Moirai,0.5000378489494324
Sample 1,Chronos,0.49996218085289
Sample 2,TimesFM,0.5000199675559998
Sample 2,Moirai,0.49998000264167786
Sample 3,Moirai,0.5000272393226624
Sample 3,Chronos,0.49997276067733765
Sample 4,Chronos,0.5000259280204773
Sample 4,Timer,0.4999741017818451
Sample 5,Moirai,0.500051736831665
Sample 5,Chronos,0.49994826316833496
Sample 6,Moirai,0.5000478625297546
Sample 6,Chronos,0.49995216727256775
Sample 7,TimesFM,0.500005841255188
Sample 7,Timer,0.4999941885471344
Sample 8,Moirai,0.5003177523612976
Sample 8,Time-MoE,0.4996822476387024
Sample 9,Moirai,0.5000731945037842
Sample 9,Chronos,0.4999268352985382
Sample 10,TimesFM,0.5000577569007874
Sample 10,Moirai,0.49994227290153503
Sample 11,Moirai,0.5000719428062439
Sample 11,Chronos,0.4999280869960785
Sample 12,Timer,0.5000858902931213
Sample 12,Time-MoE,0.49991410970687866
Sample 13,Moirai,0.5000811219215393
Sample 13,Chronos,0.4999188780784607
Sample 14,Moirai,0.5000308752059937
Sample 14,Chronos,0.49996912479400635
Sample 15,TimesFM,0.5000038146972656
Sample 15,Time-MoE,0.49999621510505676
Sample 0,Moirai,0.5003493428230286
Sample 0,Time-MoE,0.49965062737464905
Sample 1,Moirai,0.500049352645874
Sample 1,Chronos,0.49995067715644836
Sample 2,Time-MoE,0.5000211596488953
Sample 2,Timer,0.49997884035110474
Sample 3,Moirai,0.5000659823417664
Sample 3,Chronos,0.49993404746055603
Sample 4,Timer,0.5000761151313782
Sample 4,Moirai,0.4999239146709442
Sample 5,Moirai,0.5000311732292175
Sample 5,Chronos,0.49996885657310486
Sample 6,Moirai,0.5001330375671387
Sample 6,Chronos,0.49986696243286133
Sample 7,TimesFM,0.5000070333480835
Sample 7,Time-MoE,0.4999929666519165
Sample 8,Moirai,0.5003986954689026
Sample 8,Time-MoE,0.4996013045310974
Sample 9,Moirai,0.5000498294830322
Sample 9,Chronos,0.4999501705169678
Sample 10,TimesFM,0.5000856518745422
Sample 10,Chronos,0.49991437792778015
Sample 11,Moirai,0.5000270009040833
Sample 11,Chronos,0.49997302889823914
Sample 12,Timer,0.5000309348106384
Sample 12,Time-MoE,0.4999690353870392
Sample 13,Moirai,0.5000646114349365
Sample 13,Chronos,0.49993541836738586
Sample 14,Chronos,0.5000050067901611
Sample 14,TimesFM,0.49999499320983887
Sample 15,Time-MoE,0.5000020265579224
Sample 15,TimesFM,0.49999794363975525
Sample 16,Moirai,0.5001829862594604
Sample 16,Time-MoE,0.49981701374053955
Sample 17,Moirai,0.5000903010368347
Sample 17,Chronos,0.4999096989631653
Sample 18,TimesFM,0.5000554323196411
Sample 18,Moirai,0.4999445378780365
Sample 19,Moirai,0.5000945925712585
Sample 19,Chronos,0.49990540742874146
Sample 20,Moirai,0.5000993013381958
Sample 20,TimesFM,0.4999006390571594
Sample 21,Moirai,0.5000921487808228
Sample 21,TimesFM,0.49990779161453247
Sample 22,Moirai,0.5000370144844055
Sample 22,TimesFM,0.49996301531791687
Sample 23,TimesFM,0.5000371932983398
Sample 23,Timer,0.49996280670166016
Sample 24,Moirai,0.5001182556152344
Sample 24,Time-MoE,0.4998817443847656
Sample 25,Moirai,0.5000140070915222
Sample 25,Chronos,0.49998602271080017
Sample 26,Moirai,0.5001438856124878
Sample 26,Timer,0.4998561143875122
Sample 27,Moirai,0.5000059008598328
Sample 27,TimesFM,0.49999409914016724
Sample 28,Timer,0.5000216960906982
Sample 28,Time-MoE,0.49997833371162415
Sample 29,Moirai,0.5000447034835815
Sample 29,Chronos,0.49995529651641846
Sample 30,Moirai,0.5000452399253845
Sample 30,TimesFM,0.49995478987693787
Sample 31,Timer,0.5000060796737671
Sample 31,TimesFM,0.4999939203262329
Sample 0,Moirai,0.5001704096794128
Sample 0,Time-MoE,0.49982959032058716
Sample 1,Moirai,0.5000795722007751
Sample 1,Chronos,0.49992045760154724
Sample 2,Moirai,0.5000253915786743
Sample 2,Timer,0.49997463822364807
Sample 3,Moirai,0.5000918507575989
Sample 3,Chronos,0.4999081492424011
Sample 4,Timer,0.5000126957893372
Sample 4,Time-MoE,0.49998730421066284
Sample 5,Moirai,0.500066339969635
Sample 5,Chronos,0.499933660030365
Sample 6,Moirai,0.5000746250152588
Sample 6,Chronos,0.4999253451824188
Sample 7,TimesFM,0.5000295042991638
Sample 7,Time-MoE,0.49997052550315857
Sample 8,Moirai,0.5002451539039612
Sample 8,Chronos,0.4997548460960388
Sample 9,Moirai,0.500081479549408
Sample 9,Chronos,0.49991849064826965
Sample 10,Moirai,0.500094473361969
Sample 10,Chronos,0.4999054968357086
Sample 11,TimesFM,0.5000091195106506
Sample 11,Moirai,0.49999088048934937
Sample 12,Moirai,0.500008761882782
Sample 12,Chronos,0.49999120831489563
Sample 13,Moirai,0.5000795125961304
Sample 13,Chronos,0.49992045760154724
Sample 14,TimesFM,0.500019907951355
Sample 14,Moirai,0.4999801218509674
Sample 15,TimesFM,0.5000384449958801
Sample 15,Time-MoE,0.49996158480644226
Sample 16,Moirai,0.5002585649490356
Sample 16,Time-MoE,0.49974140524864197
Sample 17,Moirai,0.5000672936439514
Sample 17,Chronos,0.49993273615837097
Sample 18,TimesFM,0.5000531673431396
Sample 18,Time-MoE,0.49994686245918274
Sample 19,Moirai,0.5000730156898499
Sample 19,Chronos,0.49992701411247253
Sample 20,Timer,0.5000215172767639
Sample 20,Chronos,0.4999784827232361
Sample 21,Moirai,0.5000854730606079
Sample 21,Chronos,0.4999145567417145
Sample 22,Moirai,0.5000426769256592
Sample 22,TimesFM,0.4999573528766632
Sample 23,Time-MoE,0.5000013709068298
Sample 23,TimesFM,0.49999862909317017
Sample 24,Moirai,0.5002200603485107
Sample 24,Chronos,0.49977996945381165
Sample 25,Moirai,0.5000272989273071
Sample 25,Chronos,0.49997270107269287
Sample 26,Moirai,0.5000057816505432
Sample 26,TimesFM,0.4999941885471344
Sample 27,Moirai,0.500032365322113
Sample 27,TimesFM,0.49996763467788696
Sample 28,Time-MoE,0.5000224113464355
Sample 28,Timer,0.49997761845588684
Sample 29,Moirai,0.5000488758087158
Sample 29,Chronos,0.49995115399360657
Sample 30,Chronos,0.5000168085098267
Sample 30,Moirai,0.49998319149017334
Sample 31,TimesFM,0.5000273585319519
Sample 31,Time-MoE,0.4999726712703705
Sample 0,TimesFM,0.5000031590461731
Sample 0,Moirai,0.4999968111515045
Sample 1,Moirai,0.5000516176223755
Sample 1,Chronos,0.4999484121799469
Sample 2,TimesFM,0.5000729560852051
Sample 2,Moirai,0.4999270439147949
Sample 3,Moirai,0.5000626444816589
Sample 3,Chronos,0.4999373257160187
Sample 4,TimesFM,0.5000843405723572
Sample 4,Timer,0.49991562962532043
Sample 5,TimesFM,0.5000413656234741
Sample 5,Timer,0.4999586343765259
Sample 6,Moirai,0.5000671148300171
Sample 6,TimesFM,0.4999329149723053
Sample 7,TimesFM,0.500030517578125
Sample 7,Time-MoE,0.499969482421875
Sample 8,Moirai,0.5000545978546143
Sample 8,Time-MoE,0.49994543194770813
Sample 9,Moirai,0.5000136494636536
Sample 9,Chronos,0.4999863803386688
Sample 10,Moirai,0.5000287294387817
Sample 10,Chronos,0.4999712407588959
Sample 11,Moirai,0.5000156164169312
Sample 11,TimesFM,0.49998435378074646
Sample 12,Time-MoE,0.5000098347663879
Sample 12,TimesFM,0.49999019503593445
Sample 13,Moirai,0.5000065565109253
Sample 13,Chronos,0.4999934732913971
Sample 14,Moirai,0.5000410676002502
Sample 14,Chronos,0.49995896220207214
Sample 15,TimesFM,0.5000439882278442
Sample 15,Time-MoE,0.49995601177215576
Sample 16,Moirai,0.5002121925354004
Sample 16,Chronos,0.4997878670692444
Sample 17,Moirai,0.5000178813934326
Sample 17,Chronos,0.49998214840888977
Sample 18,TimesFM,0.5001072287559509
Sample 18,Timer,0.4998927712440491
Sample 19,Moirai,0.5001391172409058
Sample 19,TimesFM,0.49986088275909424
Sample 20,Timer,0.5000048875808716
Sample 20,Time-MoE,0.4999951422214508
Sample 21,Moirai,0.5000287294387817
Sample 21,Chronos,0.49997127056121826
Sample 22,Moirai,0.5001262426376343
Sample 22,Chronos,0.4998737573623657
Sample 23,Time-MoE,0.5000128746032715
Sample 23,Timer,0.4999871551990509
Sample 24,Time-MoE,0.5000232458114624
Sample 24,Moirai,0.49997678399086
Sample 25,Moirai,0.500026285648346
Sample 25,Chronos,0.49997368454933167
Sample 26,TimesFM,0.5000187754631042
Sample 26,Moirai,0.49998125433921814
Sample 27,TimesFM,0.5000283122062683
Sample 27,Timer,0.4999717175960541
Sample 28,Time-MoE,0.5000062584877014
Sample 28,TimesFM,0.4999937117099762
Sample 29,Moirai,0.5000105500221252
Sample 29,TimesFM,0.49998942017555237
Sample 30,Moirai,0.5000340938568115
Sample 30,Chronos,0.4999659061431885
Sample 31,TimesFM,0.5000254511833191
Sample 31,Time-MoE,0.4999745190143585
Sample 0,Moirai,0.5000571012496948
Sample 0,Time-MoE,0.4999428689479828
Sample 1,Moirai,0.500058114528656
Sample 1,Chronos,0.4999418556690216
Sample 2,TimesFM,0.5000755786895752
Sample 2,Time-MoE,0.4999244213104248
Sample 3,Moirai,0.5000229477882385
Sample 3,Chronos,0.49997708201408386
Sample 4,Moirai,0.500085711479187
Sample 4,Timer,0.4999143183231354
Sample 5,Moirai,0.5000851154327393
Sample 5,Time-MoE,0.49991491436958313
Sample 6,Moirai,0.500140905380249
Sample 6,TimesFM,0.49985915422439575
Sample 7,Timer,0.5000017285346985
Sample 7,TimesFM,0.4999982714653015
Sample 8,Moirai,0.5002894997596741
Sample 8,Time-MoE,0.4997105002403259
Sample 9,Moirai,0.5000431537628174
Sample 9,Chronos,0.49995681643486023
Sample 10,TimesFM,0.5000032186508179
Sample 10,Timer,0.49999678134918213
Sample 11,Moirai,0.500003457069397
Sample 11,Chronos,0.499996542930603
Sample 12,TimesFM,0.5000239014625549
Sample 12,Time-MoE,0.49997612833976746
Sample 13,Chronos,0.500011146068573
Sample 13,Moirai,0.4999888837337494
Sample 14,Moirai,0.5000240206718445
Sample 14,Chronos,0.4999760091304779
Sample 15,Time-MoE,0.5000100135803223
Sample 15,TimesFM,0.49998995661735535
Sample 16,Moirai,0.5002817511558533
Sample 16,Time-MoE,0.4997182786464691
Sample 17,Chronos,0.5000139474868774
Sample 17,TimesFM,0.49998608231544495
Sample 18,TimesFM,0.5000232458114624
Sample 18,Moirai,0.4999767541885376
Sample 19,TimesFM,0.5000386238098145
Sample 19,Chronos,0.49996137619018555
Sample 20,Time-MoE,0.5000093579292297
Sample 20,TimesFM,0.4999906122684479
Sample 21,TimesFM,0.5000048279762268
Sample 21,Chronos,0.4999951720237732
Sample 22,Moirai,0.5001854300498962
Sample 22,TimesFM,0.49981454014778137
Sample 23,TimesFM,0.5000362396240234
Sample 23,Time-MoE,0.49996376037597656
Sample 24,Moirai,0.500008225440979
Sample 24,Time-MoE,0.4999917447566986
Sample 25,Moirai,0.5000011920928955
Sample 25,Chronos,0.4999988377094269
Sample 26,TimesFM,0.500065267086029
Sample 26,Time-MoE,0.49993476271629333
Sample 27,Chronos,0.5000004768371582
Sample 27,TimesFM,0.4999994933605194
Sample 28,TimesFM,0.500000536441803
Sample 28,Time-MoE,0.4999994933605194
Sample 29,TimesFM,0.5000376105308533
Sample 29,Chronos,0.4999624192714691
Sample 30,Moirai,0.5000858902931213
Sample 30,Chronos,0.49991410970687866
Sample 31,Time-MoE,0.5000051856040955
Sample 31,TimesFM,0.49999484419822693
Sample 0,Moirai,0.5004338622093201
Sample 0,Time-MoE,0.49956613779067993
Sample 1,Moirai,0.5000429749488831
Sample 1,Chronos,0.49995705485343933
Sample 2,Moirai,0.500066339969635
Sample 2,Chronos,0.4999336898326874
Sample 3,Moirai,0.500024676322937
Sample 3,Chronos,0.499975323677063
Sample 4,Timer,0.5001460909843445
Sample 4,Chronos,0.4998539388179779
Sample 5,Chronos,0.5000073313713074
Sample 5,TimesFM,0.4999926686286926
Sample 6,Moirai,0.5000229477882385
Sample 6,Chronos,0.49997708201408386
Sample 7,TimesFM,0.5000571608543396
Sample 7,Time-MoE,0.4999428391456604
Sample 8,Moirai,0.5003052949905396
Sample 8,Chronos,0.49969470500946045
Sample 9,Moirai,0.5000452995300293
Sample 9,Chronos,0.4999547302722931
Sample 10,TimesFM,0.5000306963920593
Sample 10,Moirai,0.49996933341026306
Sample 11,Moirai,0.5000248551368713
Sample 11,TimesFM,0.49997514486312866
Sample 12,Timer,0.5000028610229492
Sample 12,Moirai,0.4999971389770508
Sample 13,Moirai,0.5000295639038086
Sample 13,TimesFM,0.4999704658985138
Sample 14,TimesFM,0.5000156164169312
Sample 14,Moirai,0.49998441338539124
Sample 15,TimesFM,0.5000911355018616
Sample 15,Timer,0.49990880489349365
Sample 16,Moirai,0.5003542900085449
Sample 16,Time-MoE,0.4996457099914551
Sample 17,Moirai,0.500013530254364
Sample 17,Chronos,0.4999864399433136
Sample 18,Moirai,0.500236988067627
Sample 18,Chronos,0.49976298213005066
Sample 19,TimesFM,0.5000285506248474
Sample 19,Chronos,0.4999714195728302
Sample 20,TimesFM,0.5000000596046448
Sample 20,Time-MoE,0.4999999701976776
Sample 21,Moirai,0.500027060508728
Sample 21,TimesFM,0.49997296929359436
Sample 22,Moirai,0.5000777244567871
Sample 22,Chronos,0.4999222457408905
Sample 23,TimesFM,0.5000714063644409
Sample 23,Time-MoE,0.49992862343788147
Sample 24,Moirai,0.500239908695221
Sample 24,Time-MoE,0.49976009130477905
Sample 25,Moirai,0.5000095367431641
Sample 25,Chronos,0.4999904930591583
Sample 26,Moirai,0.5000460743904114
Sample 26,TimesFM,0.499953955411911
Sample 27,Moirai,0.5000163912773132
Sample 27,Chronos,0.49998360872268677
Sample 28,TimesFM,0.5000867247581482
Sample 28,Time-MoE,0.4999132752418518
Sample 29,TimesFM,0.5000224113464355
Sample 29,Chronos,0.49997761845588684
Sample 30,Moirai,0.500036895275116
Sample 30,Chronos,0.4999631345272064
Sample 31,TimesFM,0.5000751614570618
Sample 31,Moirai,0.49992480874061584
Sample 0,Moirai,0.5001569390296936
Sample 0,Time-MoE,0.4998430609703064
Sample 1,Moirai,0.5000348687171936
Sample 1,Chronos,0.499965101480484
Sample 2,Moirai,0.5000664591789246
Sample 2,TimesFM,0.49993351101875305
Sample 3,Moirai,0.5000371932983398
Sample 3,Chronos,0.49996277689933777
Sample 4,TimesFM,0.500015914440155
Sample 4,Time-MoE,0.49998411536216736
Sample 5,Moirai,0.5000523328781128
Sample 5,TimesFM,0.4999476671218872
Sample 6,Moirai,0.500226616859436
Sample 6,Timer,0.49977338314056396
Sample 7,TimesFM,0.500008761882782
Sample 7,Timer,0.4999912679195404
Sample 8,Moirai,0.5002198815345764
Sample 8,TimesFM,0.49978017807006836
Sample 9,Moirai,0.5000494718551636
Sample 9,Chronos,0.4999505579471588
Sample 10,Moirai,0.5001552104949951
Sample 10,TimesFM,0.4998447597026825
Sample 11,Moirai,0.5000742673873901
Sample 11,Timer,0.49992573261260986
Sample 12,TimesFM,0.5000255107879639
Sample 12,Timer,0.49997445940971375
Sample 13,TimesFM,0.5000283718109131
Sample 13,Chronos,0.4999716281890869
Sample 14,TimesFM,0.5000240802764893
Sample 14,Timer,0.49997588992118835
Sample 15,Moirai,0.5000283718109131
Sample 15,TimesFM,0.4999715983867645
Sample 16,Moirai,0.5000675916671753
Sample 16,TimesFM,0.4999324381351471
Sample 17,Moirai,0.5000582337379456
Sample 17,Chronos,0.49994179606437683
Sample 18,TimesFM,0.5000835657119751
Sample 18,Time-MoE,0.4999164640903473
Sample 19,Moirai,0.5000811815261841
Sample 19,Chronos,0.49991878867149353
Sample 20,TimesFM,0.5000209212303162
Sample 20,Chronos,0.49997907876968384
Sample 21,Moirai,0.5000391006469727
Sample 21,Chronos,0.49996086955070496
Sample 22,Moirai,0.5000520348548889
Sample 22,TimesFM,0.4999479651451111
Sample 23,TimesFM,0.5000687837600708
Sample 23,Time-MoE,0.4999312460422516
Sample 24,Moirai,0.5004342198371887
Sample 24,Time-MoE,0.4995657801628113
Sample 25,Moirai,0.5000386238098145
Sample 25,Chronos,0.49996137619018555
Sample 26,Moirai,0.5000748038291931
Sample 26,TimesFM,0.4999251961708069
Sample 27,Moirai,0.5000171661376953
Sample 27,Chronos,0.4999828636646271
Sample 28,TimesFM,0.5000630021095276
Sample 28,Chronos,0.4999370276927948
Sample 29,Moirai,0.5000072121620178
Sample 29,TimesFM,0.49999281764030457
Sample 30,TimesFM,0.5000411868095398
Sample 30,Chronos,0.4999587833881378
Sample 31,TimesFM,0.500079333782196
Sample 31,Timer,0.49992063641548157
Sample 0,Moirai,0.5001962780952454
Sample 0,Chronos,0.49980372190475464
Sample 1,Chronos,0.5000067353248596
Sample 1,Moirai,0.499993234872818
Sample 2,TimesFM,0.5000889301300049
Sample 2,Chronos,0.49991101026535034
Sample 3,Moirai,0.5000016093254089
Sample 3,Timer,0.49999839067459106
Sample 4,Chronos,0.5000245571136475
Sample 4,TimesFM,0.4999754726886749
Sample 5,Moirai,0.5000131130218506
Sample 5,Timer,0.4999869167804718
Sample 6,Moirai,0.500026524066925
Sample 6,Chronos,0.49997350573539734
Sample 7,TimesFM,0.5000455379486084
Sample 7,Timer,0.4999544620513916
Sample 8,Moirai,0.5003693103790283
Sample 8,Time-MoE,0.49963071942329407
Sample 9,Moirai,0.500038743019104
Sample 9,Chronos,0.4999612867832184
Sample 10,TimesFM,0.5001302361488342
Sample 10,Moirai,0.49986982345581055
Sample 11,Moirai,0.5000427961349487
Sample 11,Chronos,0.49995720386505127
Sample 12,Timer,0.5001369714736938
Sample 12,Time-MoE,0.4998630881309509
Sample 13,Moirai,0.5000530481338501
Sample 13,Chronos,0.4999469518661499
Sample 14,Chronos,0.5000146627426147
Sample 14,Moirai,0.49998536705970764
Sample 15,TimesFM,0.5000706911087036
Sample 15,Time-MoE,0.4999293386936188
Sample 0,Moirai,0.5004256367683411
Sample 0,Time-MoE,0.49957433342933655
Sample 1,Moirai,0.5000150203704834
Sample 1,Chronos,0.499985009431839
Sample 2,Time-MoE,0.5000092387199402
Sample 2,Timer,0.4999907612800598
Sample 3,Moirai,0.5000395774841309
Sample 3,Chronos,0.49996039271354675
Sample 4,Timer,0.5001589059829712
Sample 4,Moirai,0.4998410642147064
Sample 5,Chronos,0.5000028610229492
Sample 5,Moirai,0.4999971389770508
Sample 6,Moirai,0.5001198649406433
Sample 6,TimesFM,0.4998801350593567
Sample 7,TimesFM,0.500072181224823
Sample 7,Time-MoE,0.499927818775177
Sample 8,Moirai,0.5004594922065735
Sample 8,TimesFM,0.4995405375957489
Sample 9,Moirai,0.5000143647193909
Sample 9,Chronos,0.49998563528060913
Sample 10,TimesFM,0.5001465082168579
Sample 10,Chronos,0.49985355138778687
Sample 11,Chronos,0.5000079870223999
Sample 11,Moirai,0.4999920129776001
Sample 12,Timer,0.5000550150871277
Sample 12,TimesFM,0.4999450147151947
Sample 13,Moirai,0.5000308752059937
Sample 13,Chronos,0.49996912479400635
Sample 14,TimesFM,0.5000191330909729
Sample 14,Chronos,0.4999808967113495
Sample 15,TimesFM,0.5000590085983276
Sample 15,Time-MoE,0.49994099140167236
Sample 16,Moirai,0.5001952648162842
Sample 16,TimesFM,0.49980470538139343
Sample 17,Moirai,0.5000608563423157
Sample 17,Chronos,0.4999391734600067
Sample 18,TimesFM,0.5001220703125
Sample 18,Moirai,0.4998779296875
Sample 19,Moirai,0.5000705718994141
Sample 19,Chronos,0.49992939829826355
Sample 20,Moirai,0.5000563263893127
Sample 20,TimesFM,0.49994370341300964
Sample 21,Moirai,0.5000483393669128
Sample 21,TimesFM,0.49995169043540955
Sample 22,TimesFM,0.500016450881958
Sample 22,Moirai,0.4999835789203644
Sample 23,TimesFM,0.500081479549408
Sample 23,Timer,0.49991855025291443
Sample 24,Moirai,0.5001557469367981
Sample 24,TimesFM,0.4998442232608795
Sample 25,Chronos,0.5000061988830566
Sample 25,Timer,0.49999377131462097
Sample 26,Moirai,0.5001131892204285
Sample 26,Timer,0.49988681077957153
Sample 27,TimesFM,0.5000460743904114
Sample 27,Moirai,0.49995389580726624
Sample 28,Timer,0.5000649094581604
Sample 28,Time-MoE,0.4999350607395172
Sample 29,Moirai,0.5000048875808716
Sample 29,Chronos,0.4999951124191284
Sample 30,TimesFM,0.500024676322937
Sample 30,Moirai,0.4999752938747406
Sample 31,TimesFM,0.5000447630882263
Sample 31,Timer,0.49995526671409607
Sample 0,Moirai,0.5002153515815735
Sample 0,Timer,0.4997847080230713
Sample 1,Moirai,0.5000525116920471
Sample 1,Chronos,0.4999474883079529
Sample 2,TimesFM,0.5000081658363342
Sample 2,Timer,0.49999186396598816
Sample 3,Moirai,0.5000730752944946
Sample 3,Timer,0.49992695450782776
Sample 4,TimesFM,0.5000108480453491
Sample 4,Timer,0.4999891221523285
Sample 5,Moirai,0.5000344514846802
Sample 5,Chronos,0.4999655485153198
Sample 6,Moirai,0.5000538229942322
Sample 6,Timer,0.4999461770057678
Sample 7,TimesFM,0.500091016292572
Sample 7,Time-MoE,0.499908983707428
Sample 8,Moirai,0.5002492666244507
Sample 8,TimesFM,0.4997507631778717
Sample 9,Moirai,0.5000540614128113
Sample 9,Chronos,0.4999459683895111
Sample 10,Moirai,0.5000863671302795
Sample 10,Chronos,0.4999135732650757
Sample 11,TimesFM,0.5000537633895874
Sample 11,Moirai,0.4999462068080902
Sample 12,Chronos,0.5000090599060059
Sample 12,Moirai,0.49999091029167175
Sample 13,Moirai,0.5000526309013367
Sample 13,Chronos,0.49994733929634094
Sample 14,TimesFM,0.5000390410423279
Sample 14,Timer,0.4999609887599945
Sample 15,TimesFM,0.500110387802124
Sample 15,Timer,0.499889612197876
Sample 16,Moirai,0.5003250241279602
Sample 16,Time-MoE,0.4996750056743622
Sample 17,Moirai,0.5000383853912354
Sample 17,Chronos,0.49996164441108704
Sample 18,TimesFM,0.500106155872345
Sample 18,Time-MoE,0.49989378452301025
Sample 19,Moirai,0.5000495910644531
Sample 19,Timer,0.4999503791332245
Sample 20,Timer,0.5000683069229126
Sample 20,Chronos,0.4999317228794098
Sample 21,Moirai,0.5000611543655396
Sample 21,Chronos,0.49993884563446045
Sample 22,Moirai,0.5000081062316895
Sample 22,TimesFM,0.49999192357063293
Sample 23,TimesFM,0.500037431716919
Sample 23,Timer,0.49996253848075867
Sample 24,Moirai,0.5002366900444031
Sample 24,Chronos,0.49976328015327454
Sample 25,Chronos,0.5000080466270447
Sample 25,Moirai,0.4999919831752777
Sample 26,TimesFM,0.5000295042991638
Sample 26,Chronos,0.49997052550315857
Sample 27,TimesFM,0.5000150799751282
Sample 27,Moirai,0.4999849498271942
Sample 28,TimesFM,0.5000059008598328
Sample 28,Time-MoE,0.4999941289424896
Sample 29,Moirai,0.5000061988830566
Sample 29,TimesFM,0.49999377131462097
Sample 30,Timer,0.5000020265579224
Sample 30,Chronos,0.4999980032444
Sample 31,TimesFM,0.500092089176178
Sample 31,Timer,0.49990785121917725
Sample 0,TimesFM,0.5000449419021606
Sample 0,Moirai,0.49995505809783936
Sample 1,Moirai,0.5000205636024475
Sample 1,Chronos,0.4999794661998749
Sample 2,TimesFM,0.5001339316368103
Sample 2,Moirai,0.4998660683631897
Sample 3,Moirai,0.500038743019104
Sample 3,Chronos,0.4999612271785736
Sample 4,TimesFM,0.5001034140586853
Sample 4,Timer,0.4998965561389923
Sample 5,TimesFM,0.5000408887863159
Sample 5,Timer,0.49995914101600647
Sample 6,Moirai,0.5000395774841309
Sample 6,TimesFM,0.49996039271354675
Sample 7,TimesFM,0.5000423789024353
Sample 7,Timer,0.4999576508998871
Sample 8,Moirai,0.5000924468040466
Sample 8,TimesFM,0.49990755319595337
Sample 9,Chronos,0.5000114440917969
Sample 9,Timer,0.49998852610588074
Sample 10,Chronos,0.500003457069397
Sample 10,Moirai,0.4999965727329254
Sample 11,TimesFM,0.5000191926956177
Sample 11,Moirai,0.49998077750205994
Sample 12,TimesFM,0.5000349283218384
Sample 12,Timer,0.499965101480484
Sample 13,TimesFM,0.5000002384185791
Sample 13,Chronos,0.4999997615814209
Sample 14,Moirai,0.5000139474868774
Sample 14,Timer,0.49998602271080017
Sample 15,TimesFM,0.5000994801521301
Sample 15,Timer,0.4999004602432251
Sample 16,Moirai,0.500220000743866
Sample 16,Timer,0.49977999925613403
Sample 17,Timer,0.5000048875808716
Sample 17,Chronos,0.4999951422214508
Sample 18,TimesFM,0.5001476407051086
Sample 18,Timer,0.49985235929489136
Sample 19,Moirai,0.5001241564750671
Sample 19,TimesFM,0.49987584352493286
Sample 20,TimesFM,0.5000019669532776
Sample 20,Timer,0.4999980330467224
Sample 21,Timer,0.5000002980232239
Sample 21,TimesFM,0.4999997019767761
Sample 22,Moirai,0.5001015067100525
Sample 22,Timer,0.4998984932899475
Sample 23,Timer,0.5000305771827698
Sample 23,Time-MoE,0.4999694228172302
Sample 24,TimesFM,0.5000289082527161
Sample 24,Time-MoE,0.49997109174728394
Sample 25,Chronos,0.5000069737434387
Sample 25,Moirai,0.49999305605888367
Sample 26,TimesFM,0.5000475645065308
Sample 26,Chronos,0.4999524652957916
Sample 27,TimesFM,0.5000473260879517
Sample 27,Timer,0.49995267391204834
Sample 28,TimesFM,0.5000458359718323
Sample 28,Time-MoE,0.4999541938304901
Sample 29,TimesFM,0.5000099539756775
Sample 29,Timer,0.4999900758266449
Sample 30,Timer,0.500000536441803
Sample 30,Moirai,0.499999463558197
Sample 31,TimesFM,0.5000896453857422
Sample 31,Time-MoE,0.4999103248119354
Sample 0,Moirai,0.5000514388084412
Sample 0,TimesFM,0.49994856119155884
Sample 1,Moirai,0.500027596950531
Sample 1,Chronos,0.4999724328517914
Sample 2,TimesFM,0.5001104474067688
Sample 2,Timer,0.4998895227909088
Sample 3,Timer,0.5000011324882507
Sample 3,Chronos,0.49999886751174927
Sample 4,Moirai,0.5000565052032471
Sample 4,Timer,0.49994346499443054
Sample 5,Moirai,0.5000869631767273
Sample 5,Timer,0.4999130070209503
Sample 6,Moirai,0.5001367926597595
Sample 6,TimesFM,0.4998632073402405
Sample 7,TimesFM,0.5000006556510925
Sample 7,Timer,0.49999937415122986
Sample 8,Moirai,0.5003643035888672
Sample 8,Time-MoE,0.4996356666088104
Sample 9,Moirai,0.5000085830688477
Sample 9,Chronos,0.49999144673347473
Sample 10,TimesFM,0.5000206828117371
Sample 10,Timer,0.49997931718826294
Sample 11,Chronos,0.5000171065330505
Sample 11,TimesFM,0.49998292326927185
Sample 12,TimesFM,0.5000573396682739
Sample 12,Timer,0.4999426305294037
Sample 13,Chronos,0.5000091791152954
Sample 13,Timer,0.4999908208847046
Sample 14,Chronos,0.5000110268592834
Sample 14,TimesFM,0.49998900294303894
Sample 15,TimesFM,0.5000121593475342
Sample 15,Time-MoE,0.4999878406524658
Sample 16,Moirai,0.5003346800804138
Sample 16,TimesFM,0.4996652901172638
Sample 17,Timer,0.5000027418136597
Sample 17,Chronos,0.49999722838401794
Sample 18,TimesFM,0.5000325441360474
Sample 18,Timer,0.49996742606163025
Sample 19,TimesFM,0.5000439286231995
Sample 19,Chronos,0.4999561011791229
Sample 20,TimesFM,0.5000311732292175
Sample 20,Time-MoE,0.49996885657310486
Sample 21,TimesFM,0.5000039935112
Sample 21,Chronos,0.49999603629112244
Sample 22,Moirai,0.5001699328422546
Sample 22,Timer,0.499830037355423
Sample 23,TimesFM,0.5000638961791992
Sample 23,Timer,0.4999360740184784
Sample 24,Moirai,0.5000277757644653
Sample 24,TimesFM,0.4999721944332123
Sample 25,Chronos,0.5000155568122864
Sample 25,TimesFM,0.49998441338539124
Sample 26,TimesFM,0.5001153945922852
Sample 26,Time-MoE,0.49988460540771484
Sample 27,Chronos,0.5000000596046448
Sample 27,TimesFM,0.4999999403953552
Sample 28,TimesFM,0.5000441670417786
Sample 28,Time-MoE,0.4999558627605438
Sample 29,TimesFM,0.50003582239151
Sample 29,Timer,0.4999642074108124
Sample 30,Moirai,0.5000621676445007
Sample 30,Chronos,0.49993783235549927
Sample 31,TimesFM,0.500034511089325
Sample 31,Time-MoE,0.49996545910835266
Sample 0,Moirai,0.5005174875259399
Sample 0,Timer,0.49948248267173767
Sample 1,Moirai,0.500004231929779
Sample 1,Chronos,0.49999579787254333
Sample 2,Moirai,0.5000417828559875
Sample 2,Timer,0.49995821714401245
Sample 3,Timer,0.5000033378601074
Sample 3,Chronos,0.49999669194221497
Sample 4,Timer,0.5002239346504211
Sample 4,Chronos,0.49977612495422363
Sample 5,Chronos,0.5000174641609192
Sample 5,TimesFM,0.4999825656414032
Sample 6,Chronos,0.5000087022781372
Sample 6,Timer,0.4999913275241852
Sample 7,TimesFM,0.5000680088996887
Sample 7,Timer,0.4999319911003113
Sample 8,Moirai,0.5003461837768555
Sample 8,Chronos,0.4996538460254669
Sample 9,Moirai,0.5000128746032715
Sample 9,Chronos,0.4999871253967285
Sample 10,TimesFM,0.5000417828559875
Sample 10,Timer,0.49995818734169006
Sample 11,Moirai,0.5000156760215759
Sample 11,TimesFM,0.4999843239784241
Sample 12,Timer,0.5000273585319519
Sample 12,Moirai,0.4999726712703705
Sample 13,Moirai,0.500004768371582
Sample 13,TimesFM,0.4999952018260956
Sample 14,TimesFM,0.5000153183937073
Sample 14,Chronos,0.4999846816062927
Sample 15,TimesFM,0.5001181364059448
Sample 15,Timer,0.4998818635940552
Sample 16,Moirai,0.5004022121429443
Sample 16,Timer,0.4995977282524109
Sample 17,Chronos,0.500023603439331
Sample 17,TimesFM,0.49997639656066895
Sample 18,Moirai,0.5002499222755432
Sample 18,Timer,0.4997501075267792
Sample 19,TimesFM,0.500022828578949
Sample 19,Chronos,0.4999772012233734
Sample 20,TimesFM,0.5000213980674744
Sample 20,Timer,0.499978631734848
Sample 21,Chronos,0.5000074505805969
Sample 21,TimesFM,0.49999257922172546
Sample 22,Moirai,0.5000494718551636
Sample 22,Chronos,0.49995049834251404
Sample 23,TimesFM,0.5001062750816345
Sample 23,Timer,0.4998936951160431
Sample 24,Moirai,0.5003096461296082
Sample 24,Time-MoE,0.49969038367271423
Sample 25,Timer,0.5000175833702087
Sample 25,Chronos,0.49998244643211365
Sample 26,Moirai,0.5000117421150208
Sample 26,TimesFM,0.49998828768730164
Sample 27,Chronos,0.5000189542770386
Sample 27,Timer,0.4999810755252838
Sample 28,TimesFM,0.5001067519187927
Sample 28,Timer,0.4998932182788849
Sample 29,TimesFM,0.5000256896018982
Sample 29,Chronos,0.4999743103981018
Sample 30,Timer,0.5000144243240356
Sample 30,Moirai,0.49998557567596436
Sample 31,TimesFM,0.5001041293144226
Sample 31,Timer,0.4998958110809326
Sample 0,Moirai,0.5001954436302185
Sample 0,TimesFM,0.4998045563697815
Sample 1,Chronos,0.500001072883606
Sample 1,Moirai,0.49999892711639404
Sample 2,Moirai,0.5000654458999634
Sample 2,TimesFM,0.4999345541000366
Sample 3,Moirai,0.5000027418136597
Sample 3,Chronos,0.49999722838401794
Sample 4,TimesFM,0.5000201463699341
Sample 4,Time-MoE,0.4999798834323883
Sample 5,Moirai,0.5000183582305908
Sample 5,Chronos,0.4999816417694092
Sample 6,Moirai,0.5002313256263733
Sample 6,Timer,0.4997687041759491
Sample 7,TimesFM,0.5000141859054565
Sample 7,Timer,0.49998581409454346
Sample 8,Moirai,0.5002613663673401
Sample 8,TimesFM,0.4997386336326599
Sample 9,Moirai,0.5000136494636536
Sample 9,Chronos,0.49998635053634644
Sample 10,Moirai,0.5001646280288696
Sample 10,TimesFM,0.499835342168808
Sample 11,Moirai,0.5000409483909607
Sample 11,Timer,0.4999590516090393
Sample 12,TimesFM,0.5000272989273071
Sample 12,Timer,0.4999726712703705
Sample 13,TimesFM,0.500019907951355
Sample 13,Chronos,0.4999801218509674
Sample 14,TimesFM,0.5000343322753906
Sample 14,Timer,0.499965637922287
Sample 15,Moirai,0.5000289082527161
Sample 15,TimesFM,0.4999711215496063
Sample 16,Moirai,0.5000829696655273
Sample 16,TimesFM,0.49991706013679504
Sample 17,Moirai,0.5000253915786743
Sample 17,Chronos,0.4999746084213257
Sample 18,TimesFM,0.5001014471054077
Sample 18,Time-MoE,0.4998984932899475
Sample 19,Moirai,0.5000582337379456
Sample 19,Chronos,0.49994179606437683
Sample 20,TimesFM,0.5000062584877014
Sample 20,Chronos,0.49999377131462097
Sample 21,Moirai,0.500000536441803
Sample 21,Chronos,0.49999943375587463
Sample 22,Moirai,0.5000220537185669
Sample 22,Chronos,0.4999779164791107
Sample 23,TimesFM,0.5000905394554138
Sample 23,Time-MoE,0.4999094605445862
Sample 24,Moirai,0.5005092620849609
Sample 24,Timer,0.49949073791503906
Sample 25,Chronos,0.5000037550926208
Sample 25,Moirai,0.49999627470970154
Sample 26,Moirai,0.5000922679901123
Sample 26,TimesFM,0.4999077022075653
Sample 27,Chronos,0.500029444694519
Sample 27,Moirai,0.49997055530548096
Sample 28,TimesFM,0.5000234842300415
Sample 28,Chronos,0.4999765455722809
Sample 29,TimesFM,0.5000191926956177
Sample 29,Chronos,0.4999808371067047
Sample 30,TimesFM,0.5000049471855164
Sample 30,Chronos,0.49999505281448364
Sample 31,TimesFM,0.5001070499420166
Sample 31,Timer,0.4998929500579834
Sample 0,Moirai,0.500196099281311
Sample 0,Chronos,0.49980390071868896
Sample 1,Chronos,0.5000210404396057
Sample 1,Timer,0.4999789297580719
Sample 2,TimesFM,0.5000851154327393
Sample 2,Chronos,0.49991491436958313
Sample 3,Chronos,0.5000032782554626
Sample 3,Timer,0.49999675154685974
Sample 4,Chronos,0.5000735521316528
Sample 4,TimesFM,0.49992647767066956
Sample 5,Timer,0.5000042915344238
Sample 5,Chronos,0.49999573826789856
Sample 6,Moirai,0.5000040531158447
Sample 6,Chronos,0.4999959170818329
Sample 7,TimesFM,0.5000630021095276
Sample 7,Timer,0.4999369978904724
Sample 8,Moirai,0.50043785572052
Sample 8,Time-MoE,0.4995621144771576
Sample 9,Moirai,0.5000078082084656
Sample 9,Chronos,0.4999922215938568
Sample 10,TimesFM,0.500167965888977
Sample 10,Moirai,0.49983203411102295
Sample 11,Moirai,0.5000127553939819
Sample 11,Chronos,0.49998727440834045
Sample 12,Timer,0.5001603960990906
Sample 12,Time-MoE,0.49983957409858704
Sample 13,Moirai,0.50002521276474
Sample 13,Chronos,0.4999747574329376
Sample 14,Chronos,0.5000399351119995
Sample 14,TimesFM,0.4999600946903229
Sample 15,TimesFM,0.5000800490379333
Sample 15,Time-MoE,0.49991998076438904
Sample 0,Moirai,0.5005086660385132
Sample 0,Time-MoE,0.4994913637638092
Sample 1,Chronos,0.5000017285346985
Sample 1,Timer,0.4999983012676239
Sample 2,Time-MoE,0.5000268220901489
Sample 2,TimesFM,0.4999731779098511
Sample 3,Moirai,0.5000116229057312
Sample 3,Chronos,0.4999884068965912
Sample 4,Timer,0.5001857280731201
Sample 4,Moirai,0.49981430172920227
Sample 5,Chronos,0.5000131726264954
Sample 5,Timer,0.49998679757118225
Sample 6,Moirai,0.5001020431518555
Sample 6,Chronos,0.49989789724349976
Sample 7,TimesFM,0.500064492225647
Sample 7,Time-MoE,0.4999355375766754
Sample 8,Moirai,0.5005531311035156
Sample 8,Time-MoE,0.4994468688964844
Sample 9,Chronos,0.5000090599060059
Sample 9,Timer,0.49999094009399414
Sample 10,TimesFM,0.5001320838928223
Sample 10,Chronos,0.49986791610717773
Sample 11,Chronos,0.5000330209732056
Sample 11,TimesFM,0.49996697902679443
Sample 12,Timer,0.5000494122505188
Sample 12,TimesFM,0.4999506175518036
Sample 13,Chronos,0.5000030398368835
Sample 13,Moirai,0.49999698996543884
Sample 14,Chronos,0.5000024437904358
Sample 14,TimesFM,0.4999975562095642
Sample 15,TimesFM,0.5000497102737427
Sample 15,Time-MoE,0.4999502897262573
Sample 16,Moirai,0.5002728700637817
Sample 16,TimesFM,0.4997270703315735
Sample 17,Moirai,0.500034511089325
Sample 17,Chronos,0.49996548891067505
Sample 18,TimesFM,0.5001264810562134
Sample 18,Moirai,0.4998735189437866
Sample 19,Moirai,0.5000473260879517
Sample 19,Chronos,0.49995267391204834
Sample 20,Moirai,0.5000886917114258
Sample 20,TimesFM,0.49991127848625183
Sample 21,Moirai,0.5000405311584473
Sample 21,TimesFM,0.4999594986438751
Sample 22,TimesFM,0.5000189542770386
Sample 22,Moirai,0.49998101592063904
Sample 23,TimesFM,0.5001079440116882
Sample 23,Timer,0.499891996383667
Sample 24,Moirai,0.5002001523971558
Sample 24,Time-MoE,0.49979984760284424
Sample 25,Chronos,0.5000059008598328
Sample 25,Timer,0.49999406933784485
Sample 26,Moirai,0.5001402497291565
Sample 26,Timer,0.4998597800731659
Sample 27,TimesFM,0.5000474452972412
Sample 27,Moirai,0.4999525845050812
Sample 28,Timer,0.5000389814376831
Sample 28,Time-MoE,0.4999610483646393
Sample 29,Chronos,0.5000314116477966
Sample 29,TimesFM,0.49996861815452576
Sample 30,Chronos,0.5000042915344238
Sample 30,TimesFM,0.49999570846557617
Sample 31,TimesFM,0.5000779032707214
Sample 31,Timer,0.4999220669269562
Sample 0,Moirai,0.5002728700637817
Sample 0,Time-MoE,0.4997270703315735
Sample 1,Moirai,0.5000348091125488
Sample 1,Chronos,0.49996522068977356
Sample 2,TimesFM,0.5000014305114746
Sample 2,Moirai,0.499998539686203
Sample 3,Moirai,0.5000612139701843
Sample 3,Chronos,0.49993881583213806
Sample 4,TimesFM,0.5000544190406799
Sample 4,Timer,0.49994561076164246
Sample 5,Moirai,0.5000064969062805
Sample 5,Chronos,0.4999934732913971
Sample 6,Moirai,0.5000569224357605
Sample 6,Timer,0.4999430775642395
Sample 7,TimesFM,0.5000879764556885
Sample 7,Time-MoE,0.49991196393966675
Sample 8,Moirai,0.5003077387809753
Sample 8,Chronos,0.49969223141670227
Sample 9,Moirai,0.5000327229499817
Sample 9,Chronos,0.4999672472476959
Sample 10,Moirai,0.5000858306884766
Sample 10,Chronos,0.4999141991138458
Sample 11,TimesFM,0.5000525116920471
Sample 11,Moirai,0.4999474883079529
Sample 12,Chronos,0.500028669834137
Sample 12,Moirai,0.49997130036354065
Sample 13,Moirai,0.5000317692756653
Sample 13,Chronos,0.4999682605266571
Sample 14,TimesFM,0.5000446438789368
Sample 14,Chronos,0.4999553859233856
Sample 15,TimesFM,0.5001027584075928
Sample 15,Time-MoE,0.4998972415924072
Sample 16,Moirai,0.5003922581672668
Sample 16,Time-MoE,0.49960771203041077
Sample 17,Moirai,0.5000187158584595
Sample 17,Chronos,0.4999813139438629
Sample 18,TimesFM,0.5001024603843689
Sample 18,Time-MoE,0.49989748001098633
Sample 19,Moirai,0.5000331401824951
Sample 19,Chronos,0.4999668598175049
Sample 20,Timer,0.5000861883163452
Sample 20,Chronos,0.4999138414859772
Sample 21,Moirai,0.5000416040420532
Sample 21,Chronos,0.4999583959579468
Sample 22,Moirai,0.5000001192092896
Sample 22,TimesFM,0.49999985098838806
Sample 23,TimesFM,0.5000598430633545
Sample 23,Time-MoE,0.4999401867389679
Sample 24,Moirai,0.500261664390564
Sample 24,Chronos,0.49973830580711365
Sample 25,Chronos,0.5000150799751282
Sample 25,Timer,0.4999849498271942
Sample 26,TimesFM,0.5000150203704834
Sample 26,Chronos,0.499985009431839
Sample 27,TimesFM,0.5000124573707581
Sample 27,Chronos,0.49998751282691956
Sample 28,Time-MoE,0.5000150799751282
Sample 28,TimesFM,0.4999849498271942
Sample 29,Chronos,0.500002384185791
Sample 29,TimesFM,0.499997615814209
Sample 30,Chronos,0.5000028014183044
Sample 30,Timer,0.49999719858169556
Sample 31,TimesFM,0.5000844597816467
Sample 31,Time-MoE,0.49991557002067566
Sample 0,TimesFM,0.5000062584877014
Sample 0,Moirai,0.4999937117099762
Sample 1,Moirai,0.5000020265579224
Sample 1,Chronos,0.4999980032444
Sample 2,TimesFM,0.5001450181007385
Sample 2,Chronos,0.4998549818992615
Sample 3,Moirai,0.5000228881835938
Sample 3,Chronos,0.49997714161872864
Sample 4,TimesFM,0.5001354217529297
Sample 4,Timer,0.4998646378517151
Sample 5,TimesFM,0.5000510215759277
Sample 5,Timer,0.49994900822639465
Sample 6,Moirai,0.5000392198562622
Sample 6,TimesFM,0.4999607503414154
Sample 7,TimesFM,0.5000801086425781
Sample 7,Time-MoE,0.4999198615550995
Sample 8,Moirai,0.5001347661018372
Sample 8,Time-MoE,0.49986523389816284
Sample 9,Chronos,0.5000192523002625
Sample 9,Timer,0.49998071789741516
Sample 10,Chronos,0.500018298625946
Sample 10,Timer,0.49998170137405396
Sample 11,TimesFM,0.500011146068573
Sample 11,Moirai,0.4999888241291046
Sample 12,TimesFM,0.5000154376029968
Sample 12,Time-MoE,0.49998459219932556
Sample 13,Chronos,0.5000168681144714
Sample 13,TimesFM,0.49998316168785095
Sample 14,Chronos,0.5000037550926208
Sample 14,Moirai,0.49999624490737915
Sample 15,TimesFM,0.5001158118247986
Sample 15,Time-MoE,0.49988415837287903
Sample 16,Moirai,0.500251054763794
Sample 16,Chronos,0.49974891543388367
Sample 17,Timer,0.5000017285346985
Sample 17,Chronos,0.4999982416629791
Sample 18,TimesFM,0.5001872777938843
Sample 18,Chronos,0.4998127520084381
Sample 19,Moirai,0.5001528859138489
Sample 19,TimesFM,0.4998471438884735
Sample 20,Time-MoE,0.5000051259994507
Sample 20,TimesFM,0.4999949038028717
Sample 21,TimesFM,0.5000065565109253
Sample 21,Timer,0.4999934732913971
Sample 22,Moirai,0.5001201033592224
Sample 22,Timer,0.4998798966407776
Sample 23,Time-MoE,0.5000035762786865
Sample 23,Timer,0.49999645352363586
Sample 24,Moirai,0.5000132918357849
Sample 24,Time-MoE,0.4999867081642151
Sample 25,Chronos,0.5000191926956177
Sample 25,Timer,0.4999808371067047
Sample 26,TimesFM,0.5000275373458862
Sample 26,Chronos,0.4999724328517914
Sample 27,TimesFM,0.5000699162483215
Sample 27,Timer,0.49993011355400085
Sample 28,TimesFM,0.5000300407409668
Sample 28,Time-MoE,0.4999699890613556
Sample 29,TimesFM,0.5000013113021851
Sample 29,Chronos,0.49999868869781494
Sample 30,Chronos,0.500003457069397
Sample 30,Timer,0.4999965727329254
Sample 31,TimesFM,0.5000796318054199
Sample 31,Time-MoE,0.49992039799690247
Sample 0,Moirai,0.5001078844070435
Sample 0,TimesFM,0.49989205598831177
Sample 1,Moirai,0.5000222325325012
Sample 1,Chronos,0.49997779726982117
Sample 2,TimesFM,0.5001073479652405
Sample 2,Time-MoE,0.49989262223243713
Sample 3,Chronos,0.5000094175338745
Sample 3,Timer,0.4999905824661255
Sample 4,Moirai,0.500105619430542
Sample 4,Timer,0.499894380569458
Sample 5,Moirai,0.5001308917999268
Sample 5,Time-MoE,0.499869167804718
Sample 6,Moirai,0.5001537799835205
Sample 6,Chronos,0.4998461902141571
Sample 7,TimesFM,0.5000280141830444
Sample 7,Timer,0.49997201561927795
Sample 8,Moirai,0.5004382729530334
Sample 8,Time-MoE,0.49956169724464417
Sample 9,Moirai,0.5000002384185791
Sample 9,Chronos,0.4999997615814209
Sample 10,TimesFM,0.5000402927398682
Sample 10,Chronos,0.49995967745780945
Sample 11,Chronos,0.5000333189964294
Sample 11,Timer,0.49996671080589294
Sample 12,TimesFM,0.5000386834144592
Sample 12,Time-MoE,0.49996134638786316
Sample 13,Chronos,0.5000143647193909
Sample 13,Timer,0.49998563528060913
Sample 14,Chronos,0.5000303387641907
Sample 14,TimesFM,0.49996963143348694
Sample 15,Time-MoE,0.5000088214874268
Sample 15,Moirai,0.49999120831489563
Sample 16,Moirai,0.5004140734672546
Sample 16,Time-MoE,0.49958592653274536
Sample 17,Chronos,0.5000007152557373
Sample 17,Timer,0.4999992549419403
Sample 18,TimesFM,0.5000505447387695
Sample 18,Moirai,0.49994948506355286
Sample 19,TimesFM,0.5000292062759399
Sample 19,Chronos,0.49997076392173767
Sample 20,TimesFM,0.5000097751617432
Sample 20,Time-MoE,0.4999902546405792
Sample 21,Chronos,0.5000075101852417
Sample 21,TimesFM,0.4999925196170807
Sample 22,Moirai,0.5002334117889404
Sample 22,TimesFM,0.4997665584087372
Sample 23,TimesFM,0.5000742077827454
Sample 23,Time-MoE,0.49992579221725464
Sample 24,Moirai,0.5000661015510559
Sample 24,Time-MoE,0.4999339282512665
Sample 25,Chronos,0.5000269412994385
Sample 25,TimesFM,0.4999730885028839
Sample 26,TimesFM,0.5001090168952942
Sample 26,Time-MoE,0.4998909831047058
Sample 27,Chronos,0.5000101327896118
Sample 27,TimesFM,0.49998989701271057
Sample 28,TimesFM,0.5000219345092773
Sample 28,Time-MoE,0.49997806549072266
Sample 29,TimesFM,0.5000395774841309
Sample 29,Chronos,0.49996045231819153
Sample 30,Moirai,0.5000651478767395
Sample 30,Chronos,0.4999348819255829
Sample 31,TimesFM,0.5000091195106506
Sample 31,Time-MoE,0.49999091029167175
Sample 0,Moirai,0.5006336569786072
Sample 0,Time-MoE,0.4993663430213928
Sample 1,Moirai,0.5000040531158447
Sample 1,Chronos,0.49999597668647766
Sample 2,Moirai,0.5000638961791992
Sample 2,Chronos,0.4999360740184784
Sample 3,Chronos,0.5000057220458984
Sample 3,Timer,0.49999430775642395
Sample 4,Timer,0.5002266764640808
Sample 4,Time-MoE,0.4997733235359192
Sample 5,Chronos,0.5000289082527161
Sample 5,TimesFM,0.49997106194496155
Sample 6,Chronos,0.5000067353248596
Sample 6,Moirai,0.499993234872818
Sample 7,TimesFM,0.5000930428504944
Sample 7,Time-MoE,0.49990689754486084
Sample 8,Moirai,0.5004270672798157
Sample 8,Chronos,0.4995729625225067
Sample 9,Moirai,0.500016987323761
Sample 9,Chronos,0.4999830424785614
Sample 10,TimesFM,0.5000452995300293
Sample 10,Moirai,0.4999546706676483
Sample 11,Moirai,0.500044584274292
Sample 11,TimesFM,0.499955415725708
Sample 12,Moirai,0.5000205039978027
Sample 12,Timer,0.49997952580451965
Sample 13,Moirai,0.5000036954879761
Sample 13,TimesFM,0.4999963045120239
Sample 14,TimesFM,0.5000002980232239
Sample 14,Chronos,0.4999997317790985
Sample 15,TimesFM,0.500134289264679
Sample 15,Time-MoE,0.49986574053764343
Sample 16,Moirai,0.500492513179779
Sample 16,Chronos,0.49950751662254333
Sample 17,Chronos,0.5000339150428772
Sample 17,TimesFM,0.4999660551548004
Sample 18,Moirai,0.5003092885017395
Sample 18,Chronos,0.4996907114982605
Sample 19,TimesFM,0.5000088214874268
Sample 19,Chronos,0.49999120831489563
Sample 20,Time-MoE,0.5000040531158447
Sample 20,TimesFM,0.4999959170818329
Sample 21,Chronos,0.500018298625946
Sample 21,TimesFM,0.49998173117637634
Sample 22,Moirai,0.5000558495521545
Sample 22,Chronos,0.49994418025016785
Sample 23,TimesFM,0.5001271963119507
Sample 23,Time-MoE,0.4998728632926941
Sample 24,Moirai,0.5003803372383118
Sample 24,Time-MoE,0.4996196925640106
Sample 25,Timer,0.5000199675559998
Sample 25,Chronos,0.49998003244400024
Sample 26,Moirai,0.5000289082527161
Sample 26,TimesFM,0.49997109174728394
Sample 27,Chronos,0.5000318288803101
Sample 27,Moirai,0.49996817111968994
Sample 28,TimesFM,0.5001123547554016
Sample 28,Time-MoE,0.4998875856399536
Sample 29,TimesFM,0.5000231862068176
Sample 29,Chronos,0.49997684359550476
Sample 30,Moirai,0.500004231929779
Sample 30,Timer,0.49999576807022095
Sample 31,TimesFM,0.5000948309898376
Sample 31,Moirai,0.49990513920783997
Sample 0,Moirai,0.5002559423446655
Sample 0,Time-MoE,0.49974408745765686
Sample 1,Chronos,0.5000014305114746
Sample 1,Moirai,0.4999985992908478
Sample 2,Moirai,0.5000994801521301
Sample 2,TimesFM,0.4999004900455475
Sample 3,Chronos,0.5000030994415283
Sample 3,Moirai,0.49999693036079407
Sample 4,TimesFM,0.5000002384185791
Sample 4,Time-MoE,0.4999997615814209
Sample 5,Moirai,0.5000105500221252
Sample 5,Chronos,0.49998944997787476
Sample 6,Moirai,0.5002924799919128
Sample 6,Timer,0.49970754981040955
Sample 7,TimesFM,0.5000520348548889
Sample 7,Time-MoE,0.4999479651451111
Sample 8,Moirai,0.50032639503479
Sample 8,TimesFM,0.49967366456985474
Sample 9,Moirai,0.5000129342079163
Sample 9,Chronos,0.49998709559440613
Sample 10,Moirai,0.5001970529556274
Sample 10,Chronos,0.4998028874397278
Sample 11,Moirai,0.500053882598877
Sample 11,Timer,0.49994608759880066
Sample 12,TimesFM,0.5000271797180176
Sample 12,Time-MoE,0.4999728202819824
Sample 13,TimesFM,0.500006914138794
Sample 13,Chronos,0.49999305605888367
Sample 14,TimesFM,0.5000671148300171
Sample 14,Timer,0.4999329149723053
Sample 15,Moirai,0.500049352645874
Sample 15,TimesFM,0.49995067715644836
Sample 16,Moirai,0.5001286268234253
Sample 16,TimesFM,0.4998714029788971
Sample 17,Moirai,0.5000296831130981
Sample 17,Chronos,0.49997034668922424
Sample 18,TimesFM,0.5000947713851929
Sample 18,Time-MoE,0.49990516901016235
Sample 19,Moirai,0.5000671744346619
Sample 19,Chronos,0.49993282556533813
Sample 20,Chronos,0.5000094175338745
Sample 20,TimesFM,0.4999906122684479
Sample 21,Chronos,0.5000016689300537
Sample 21,Moirai,0.4999983310699463
Sample 22,Moirai,0.500022828578949
Sample 22,Chronos,0.4999772012233734
Sample 23,TimesFM,0.5000928044319153
Sample 23,Time-MoE,0.4999071955680847
Sample 24,Moirai,0.5006203055381775
Sample 24,Time-MoE,0.4993796646595001
Sample 25,Chronos,0.5000126361846924
Sample 25,Moirai,0.49998739361763
Sample 26,Moirai,0.5001336336135864
Sample 26,TimesFM,0.49986639618873596
Sample 27,Chronos,0.5000469088554382
Sample 27,Moirai,0.4999530613422394
Sample 28,Chronos,0.5000258684158325
Sample 28,TimesFM,0.4999741315841675
Sample 29,TimesFM,0.5000233054161072
Sample 29,Chronos,0.4999767243862152
Sample 30,Chronos,0.5000425577163696
Sample 30,TimesFM,0.49995744228363037
Sample 31,TimesFM,0.5001177191734314
Sample 31,Time-MoE,0.49988222122192383
Sample 0,Moirai,0.5002303719520569
Sample 0,Chronos,0.4997696578502655
Sample 1,Chronos,0.5000141263008118
Sample 1,Timer,0.49998584389686584
Sample 2,TimesFM,0.5000884532928467
Sample 2,Chronos,0.49991148710250854
Sample 3,Chronos,0.5000064373016357
Sample 3,Timer,0.49999356269836426
Sample 4,Chronos,0.5001304149627686
Sample 4,TimesFM,0.4998696446418762
Sample 5,Timer,0.5000113844871521
Sample 5,Chronos,0.4999885857105255
Sample 6,Moirai,0.5000031590461731
Sample 6,Chronos,0.4999968707561493
Sample 7,TimesFM,0.5000865459442139
Sample 7,Timer,0.49991345405578613
Sample 8,Moirai,0.5005151629447937
Sample 8,Time-MoE,0.4994848072528839
Sample 9,Moirai,0.500003457069397
Sample 9,Timer,0.4999965727329254
Sample 10,TimesFM,0.500189483165741
Sample 10,Time-MoE,0.4998105466365814
Sample 11,Moirai,0.5000055432319641
Sample 11,Timer,0.4999944567680359
Sample 12,Timer,0.5001606941223145
Sample 12,Time-MoE,0.49983930587768555
Sample 13,Moirai,0.5000261068344116
Sample 13,Chronos,0.4999738931655884
Sample 14,Chronos,0.500045120716095
Sample 14,Timer,0.49995487928390503
Sample 15,TimesFM,0.5000823736190796
Sample 15,Time-MoE,0.4999176561832428
Sample 0,Moirai,0.500607430934906
Sample 0,Time-MoE,0.4993925094604492
Sample 1,Timer,0.5000123381614685
Sample 1,Chronos,0.4999876916408539
Sample 2,Time-MoE,0.5000355839729309
Sample 2,TimesFM,0.4999644160270691
Sample 3,Moirai,0.5000055432319641
Sample 3,Chronos,0.4999944865703583
Sample 4,Timer,0.5001901388168335
Sample 4,Moirai,0.4998098909854889
Sample 5,Chronos,0.5000039935112
Sample 5,Timer,0.49999603629112244
Sample 6,Moirai,0.5001081228256226
Sample 6,Chronos,0.49989187717437744
Sample 7,TimesFM,0.5000711679458618
Sample 7,Time-MoE,0.49992886185646057
Sample 8,Moirai,0.5006518363952637
Sample 8,Time-MoE,0.4993481934070587
Sample 9,Timer,0.5000038146972656
Sample 9,Chronos,0.49999621510505676
Sample 10,TimesFM,0.5001294016838074
Sample 10,Chronos,0.499870628118515
Sample 11,Chronos,0.5000485181808472
Sample 11,TimesFM,0.4999515116214752
Sample 12,Timer,0.5000368356704712
Sample 12,TimesFM,0.4999631941318512
Sample 13,Chronos,0.5000125169754028
Sample 13,Moirai,0.49998751282691956
Sample 14,Chronos,0.5000187754631042
Sample 14,TimesFM,0.49998119473457336
Sample 15,TimesFM,0.5000542402267456
Sample 15,Time-MoE,0.499945729970932
Sample 16,Moirai,0.5003394484519958
Sample 16,Time-MoE,0.49966055154800415
Sample 17,Moirai,0.5000355839729309
Sample 17,Chronos,0.4999644160270691
Sample 18,TimesFM,0.5001514554023743
Sample 18,Moirai,0.49984851479530334
Sample 19,Moirai,0.5000473856925964
Sample 19,Chronos,0.4999525845050812
Sample 20,Moirai,0.5001295208930969
Sample 20,TimesFM,0.4998704791069031
Sample 21,Moirai,0.5000388622283936
Sample 21,TimesFM,0.49996116757392883
Sample 22,TimesFM,0.5000128149986267
Sample 22,Moirai,0.4999871850013733
Sample 23,TimesFM,0.5001195073127747
Sample 23,Timer,0.49988049268722534
Sample 24,Moirai,0.5002552270889282
Sample 24,Time-MoE,0.4997447431087494
Sample 25,Timer,0.5000066757202148
Sample 25,Chronos,0.49999329447746277
Sample 26,Moirai,0.5001879334449768
Sample 26,Timer,0.4998120963573456
Sample 27,TimesFM,0.5000402331352234
Sample 27,Moirai,0.499959796667099
Sample 28,Timer,0.5000427961349487
Sample 28,Time-MoE,0.49995723366737366
Sample 29,Chronos,0.500034749507904
Sample 29,Timer,0.49996528029441833
Sample 30,Chronos,0.5000278353691101
Sample 30,TimesFM,0.4999721646308899
Sample 31,TimesFM,0.5001083016395569
Sample 31,Time-MoE,0.4998916685581207
Sample 0,Moirai,0.5003347396850586
Sample 0,Time-MoE,0.499665230512619
Sample 1,Moirai,0.5000413060188293
Sample 1,Chronos,0.49995869398117065
Sample 2,Moirai,0.5000022053718567
Sample 2,TimesFM,0.4999977648258209
Sample 3,Moirai,0.5000680088996887
Sample 3,Chronos,0.49993202090263367
Sample 4,TimesFM,0.5000761151313782
Sample 4,Time-MoE,0.4999239146709442
Sample 5,Moirai,0.5000035762786865
Sample 5,Chronos,0.4999963939189911
Sample 6,Moirai,0.500058650970459
Sample 6,Timer,0.4999413788318634
Sample 7,TimesFM,0.5001034736633301
Sample 7,Time-MoE,0.49989646673202515
Sample 8,Moirai,0.5003665685653687
Sample 8,Chronos,0.49963346123695374
Sample 9,Moirai,0.5000352263450623
Sample 9,Chronos,0.49996480345726013
Sample 10,Moirai,0.5001071691513062
Sample 10,Chronos,0.4998927712440491
Sample 11,TimesFM,0.500050961971283
Sample 11,Moirai,0.49994903802871704
Sample 12,Chronos,0.5000328421592712
Sample 12,Moirai,0.49996712803840637
Sample 13,Moirai,0.5000340938568115
Sample 13,Chronos,0.4999659061431885
Sample 14,TimesFM,0.5000457167625427
Sample 14,Timer,0.49995431303977966
Sample 15,TimesFM,0.5001198053359985
Sample 15,Time-MoE,0.4998801350593567
Sample 16,Moirai,0.5004845857620239
Sample 16,Time-MoE,0.4995153844356537
Sample 17,Moirai,0.5000229477882385
Sample 17,Chronos,0.4999770522117615
Sample 18,TimesFM,0.5001142621040344
Sample 18,Time-MoE,0.4998856782913208
Sample 19,Moirai,0.500033974647522
Sample 19,Timer,0.49996599555015564
Sample 20,Timer,0.500119149684906
Sample 20,Chronos,0.499880850315094
Sample 21,Moirai,0.5000450015068054
Sample 21,Chronos,0.4999549984931946
Sample 22,TimesFM,0.5000078678131104
Sample 22,Moirai,0.49999213218688965
Sample 23,TimesFM,0.5000628232955933
Sample 23,Time-MoE,0.4999372065067291
Sample 24,Moirai,0.5003124475479126
Sample 24,Chronos,0.4996875524520874
Sample 25,Timer,0.5000002980232239
Sample 25,Chronos,0.4999997317790985
Sample 26,TimesFM,0.5000147819519043
Sample 26,Chronos,0.4999852478504181
Sample 27,TimesFM,0.5000134706497192
Sample 27,Chronos,0.49998655915260315
Sample 28,Time-MoE,0.5000200867652893
Sample 28,TimesFM,0.4999799430370331
Sample 29,Chronos,0.5000045895576477
Sample 29,TimesFM,0.4999953806400299
Sample 30,Timer,0.5000123977661133
Sample 30,Chronos,0.4999876320362091
Sample 31,TimesFM,0.5000951886177063
Sample 31,Time-MoE,0.4999047517776489
Sample 0,Moirai,0.5000203251838684
Sample 0,TimesFM,0.499979704618454
Sample 1,Moirai,0.5000004768371582
Sample 1,Chronos,0.4999994933605194
Sample 2,TimesFM,0.5001577138900757
Sample 2,Moirai,0.4998423159122467
Sample 3,Moirai,0.500023365020752
Sample 3,Chronos,0.49997666478157043
Sample 4,TimesFM,0.5001387596130371
Sample 4,Timer,0.4998612403869629
Sample 5,TimesFM,0.500040590763092
Sample 5,Timer,0.49995943903923035
Sample 6,Moirai,0.500037670135498
Sample 6,TimesFM,0.49996235966682434
Sample 7,TimesFM,0.5000905990600586
Sample 7,Timer,0.4999094009399414
Sample 8,Moirai,0.5001983642578125
Sample 8,Time-MoE,0.4998016059398651
Sample 9,Chronos,0.5000010132789612
Sample 9,Timer,0.4999990165233612
Sample 10,Chronos,0.5000059604644775
Sample 10,Timer,0.49999403953552246
Sample 11,TimesFM,0.5000077486038208
Sample 11,Moirai,0.4999922811985016
Sample 12,TimesFM,0.5000051259994507
Sample 12,Time-MoE,0.4999949038028717
Sample 13,Chronos,0.5000244975090027
Sample 13,TimesFM,0.4999755024909973
Sample 14,Timer,0.5000101327896118
Sample 14,Chronos,0.4999898374080658
Sample 15,TimesFM,0.5001402497291565
Sample 15,Time-MoE,0.4998597800731659
Sample 16,Moirai,0.5002959370613098
Sample 16,Chronos,0.4997040629386902
Sample 17,Timer,0.5000228881835938
Sample 17,Chronos,0.49997714161872864
Sample 18,TimesFM,0.5001969933509827
Sample 18,Chronos,0.49980300664901733
Sample 19,Moirai,0.5001744031906128
Sample 19,TimesFM,0.4998255968093872
Sample 20,Time-MoE,0.5000191926956177
Sample 20,TimesFM,0.4999808371067047
Sample 21,Timer,0.5000026822090149
Sample 21,TimesFM,0.4999973475933075
Sample 22,Moirai,0.5001258254051208
Sample 22,Timer,0.49987420439720154
Sample 23,Timer,0.5000126957893372
Sample 23,Time-MoE,0.49998727440834045
Sample 24,Moirai,0.5000459551811218
Sample 24,TimesFM,0.4999540150165558
Sample 25,Chronos,0.5000028014183044
Sample 25,Timer,0.49999722838401794
Sample 26,TimesFM,0.5000176429748535
Sample 26,Chronos,0.4999823272228241
Sample 27,TimesFM,0.5000738501548767
Sample 27,Timer,0.4999261498451233
Sample 28,TimesFM,0.5000346899032593
Sample 28,Time-MoE,0.4999653100967407
Sample 29,Chronos,0.5000015497207642
Sample 29,TimesFM,0.49999842047691345
Sample 30,Timer,0.5000154376029968
Sample 30,Chronos,0.49998459219932556
Sample 31,TimesFM,0.5000887513160706
Sample 31,Time-MoE,0.49991124868392944
Sample 0,Moirai,0.5001441240310669
Sample 0,TimesFM,0.4998559355735779
Sample 1,Moirai,0.5000277757644653
Sample 1,Timer,0.49997225403785706
Sample 2,TimesFM,0.5001330971717834
Sample 2,Time-MoE,0.49986693263053894
Sample 3,Timer,0.5000099539756775
Sample 3,Chronos,0.4999900758266449
Sample 4,Moirai,0.5001204609870911
Sample 4,Timer,0.49987950921058655
Sample 5,Moirai,0.5001586079597473
Sample 5,Time-MoE,0.4998413622379303
Sample 6,Moirai,0.5001815557479858
Sample 6,Chronos,0.49981847405433655
Sample 7,TimesFM,0.5000304579734802
Sample 7,Timer,0.4999695420265198
Sample 8,Moirai,0.5005319714546204
Sample 8,Time-MoE,0.49946802854537964
Sample 9,Timer,0.5000107884407043
Sample 9,Moirai,0.49998924136161804
Sample 10,TimesFM,0.5000394582748413
Sample 10,Chronos,0.4999605715274811
Sample 11,Chronos,0.5000198483467102
Sample 11,Timer,0.4999801814556122
Sample 12,TimesFM,0.5000358819961548
Sample 12,Time-MoE,0.4999641478061676
Sample 13,Timer,0.500011146068573
Sample 13,Chronos,0.4999888241291046
Sample 14,Chronos,0.5000378489494324
Sample 14,TimesFM,0.49996218085289
Sample 15,Moirai,0.5000124573707581
Sample 15,Time-MoE,0.49998751282691956
Sample 16,Moirai,0.500503420829773
Sample 16,TimesFM,0.49949657917022705
Sample 17,Timer,0.5000219345092773
Sample 17,Chronos,0.49997806549072266
Sample 18,TimesFM,0.5000510811805725
Sample 18,Moirai,0.4999489486217499
Sample 19,TimesFM,0.5000259280204773
Sample 19,Chronos,0.4999741017818451
Sample 20,TimesFM,0.5000091791152954
Sample 20,Time-MoE,0.499990850687027
Sample 21,Chronos,0.5000077486038208
Sample 21,TimesFM,0.4999922811985016
Sample 22,Moirai,0.5002683997154236
Sample 22,TimesFM,0.49973154067993164
Sample 23,TimesFM,0.5000946521759033
Sample 23,Time-MoE,0.4999053478240967
Sample 24,Moirai,0.5001140236854553
Sample 24,Time-MoE,0.4998859763145447
Sample 25,Chronos,0.500006377696991
Sample 25,Timer,0.49999359250068665
Sample 26,TimesFM,0.5001267790794373
Sample 26,Time-MoE,0.49987322092056274
Sample 27,Timer,0.500003457069397
Sample 27,Chronos,0.499996542930603
Sample 28,TimesFM,0.5000242590904236
Sample 28,Time-MoE,0.4999757409095764
Sample 29,TimesFM,0.5000251531600952
Sample 29,Timer,0.4999748766422272
Sample 30,Moirai,0.5000801682472229
Sample 30,Chronos,0.4999198019504547
Sample 31,TimesFM,0.5000169277191162
Sample 31,Time-MoE,0.4999830722808838
Sample 0,Moirai,0.5007355809211731
Sample 0,TimesFM,0.4992644488811493
Sample 1,Timer,0.5000070333480835
Sample 1,Moirai,0.4999929666519165
Sample 2,Moirai,0.5000788569450378
Sample 2,Chronos,0.49992117285728455
Sample 3,Timer,0.5000185966491699
Sample 3,Chronos,0.49998143315315247
Sample 4,Timer,0.5002719759941101
Sample 4,Time-MoE,0.4997280240058899
Sample 5,Chronos,0.5000237226486206
Sample 5,TimesFM,0.4999763071537018
Sample 6,Timer,0.5000191330909729
Sample 6,Moirai,0.4999808669090271
Sample 7,TimesFM,0.5001285076141357
Sample 7,Time-MoE,0.49987155199050903
Sample 8,Moirai,0.5005136132240295
Sample 8,Chronos,0.49948635697364807
Sample 9,Timer,0.5000049471855164
Sample 9,Moirai,0.49999505281448364
Sample 10,TimesFM,0.5000384449958801
Sample 10,Moirai,0.49996158480644226
Sample 11,Moirai,0.500056803226471
Sample 11,TimesFM,0.49994316697120667
Sample 12,Moirai,0.5000325441360474
Sample 12,Timer,0.49996742606163025
Sample 13,TimesFM,0.5000054240226746
Sample 13,Moirai,0.49999454617500305
Sample 14,Chronos,0.5000014305114746
Sample 14,TimesFM,0.499998539686203
Sample 15,TimesFM,0.5001599788665771
Sample 15,Time-MoE,0.49983999133110046
Sample 16,Moirai,0.5005603432655334
Sample 16,TimesFM,0.49943965673446655
Sample 17,Timer,0.5000001788139343
Sample 17,Chronos,0.4999998211860657
Sample 18,Moirai,0.500359833240509
Sample 18,Timer,0.49964016675949097
Sample 19,TimesFM,0.5000083446502686
Sample 19,Chronos,0.49999168515205383
Sample 20,Time-MoE,0.500012218952179
Sample 20,TimesFM,0.49998781085014343
Sample 21,Chronos,0.5000103712081909
Sample 21,TimesFM,0.49998965859413147
Sample 22,Moirai,0.5000522136688232
Sample 22,Timer,0.49994778633117676
Sample 23,TimesFM,0.5001598000526428
Sample 23,Time-MoE,0.4998401999473572
Sample 24,Moirai,0.5004794001579285
Sample 24,Time-MoE,0.4995206296443939
Sample 25,Timer,0.5000606775283813
Sample 25,Chronos,0.49993929266929626
Sample 26,Moirai,0.5000275373458862
Sample 26,TimesFM,0.4999724328517914
Sample 27,Chronos,0.5000143647193909
Sample 27,Timer,0.49998563528060913
Sample 28,TimesFM,0.5001281499862671
Sample 28,Time-MoE,0.4998718798160553
Sample 29,TimesFM,0.5000223517417908
Sample 29,Timer,0.4999776780605316
Sample 30,Timer,0.5000184178352356
Sample 30,Moirai,0.499981552362442
Sample 31,TimesFM,0.5000963807106018
Sample 31,Moirai,0.4999036192893982
Sample 0,Moirai,0.5003169178962708
Sample 0,TimesFM,0.49968305230140686
Sample 1,Timer,0.5000328421592712
Sample 1,Moirai,0.49996718764305115
Sample 2,Moirai,0.5001344680786133
Sample 2,TimesFM,0.4998655319213867
Sample 3,Timer,0.5000038146972656
Sample 3,Moirai,0.4999961853027344
Sample 4,Time-MoE,0.5000110864639282
Sample 4,TimesFM,0.4999889135360718
Sample 5,Moirai,0.5000191330909729
Sample 5,Timer,0.4999808967113495
Sample 6,Moirai,0.5003147125244141
Sample 6,Timer,0.49968522787094116
Sample 7,TimesFM,0.5000662207603455
Sample 7,Timer,0.49993380904197693
Sample 8,Moirai,0.5003883242607117
Sample 8,TimesFM,0.49961164593696594
Sample 9,Moirai,0.500005304813385
Sample 9,Timer,0.4999946653842926
Sample 10,Moirai,0.5002343654632568
Sample 10,TimesFM,0.4997656047344208
Sample 11,Moirai,0.5000359416007996
Sample 11,Timer,0.49996402859687805
Sample 12,TimesFM,0.500014066696167
Sample 12,Timer,0.4999859035015106
Sample 13,Chronos,0.500003457069397
Sample 13,TimesFM,0.4999965727329254
Sample 14,TimesFM,0.5000706911087036
Sample 14,Timer,0.499929279088974
Sample 15,Moirai,0.5000673532485962
Sample 15,TimesFM,0.4999326765537262
Sample 16,Moirai,0.5001725554466248
Sample 16,TimesFM,0.49982741475105286
Sample 17,Moirai,0.5000008940696716
Sample 17,Timer,0.49999913573265076
Sample 18,TimesFM,0.5001066327095032
Sample 18,Time-MoE,0.4998933672904968
Sample 19,Moirai,0.5000602602958679
Sample 19,Timer,0.49993976950645447
Sample 20,Chronos,0.5000011920928955
Sample 20,TimesFM,0.4999988377094269
Sample 21,Timer,0.5000020861625671
Sample 21,Moirai,0.4999978840351105
Sample 22,Moirai,0.5000364184379578
Sample 22,Timer,0.49996355175971985
Sample 23,TimesFM,0.500114917755127
Sample 23,Time-MoE,0.49988508224487305
Sample 24,Moirai,0.5007426142692566
Sample 24,TimesFM,0.4992573857307434
Sample 25,Timer,0.5000013113021851
Sample 25,Chronos,0.49999871850013733
Sample 26,Moirai,0.5001786947250366
Sample 26,TimesFM,0.49982133507728577
Sample 27,Chronos,0.5000279545783997
Sample 27,Timer,0.49997207522392273
Sample 28,Chronos,0.5000606775283813
Sample 28,TimesFM,0.49993932247161865
Sample 29,TimesFM,0.500006377696991
Sample 29,Timer,0.49999362230300903
Sample 30,Chronos,0.5000726580619812
Sample 30,Moirai,0.4999273121356964
Sample 31,TimesFM,0.5001255869865417
Sample 31,Time-MoE,0.49987441301345825
Sample 0,Moirai,0.5002702474594116
Sample 0,Timer,0.4997297525405884
Sample 1,Timer,0.5000350475311279
Sample 1,Chronos,0.49996498227119446
Sample 2,TimesFM,0.5001019835472107
Sample 2,Chronos,0.4998979866504669
Sample 3,Timer,0.5000144243240356
Sample 3,Chronos,0.49998560547828674
Sample 4,Chronos,0.5001640915870667
Sample 4,Timer,0.49983590841293335
Sample 5,Timer,0.5000579357147217
Sample 5,Chronos,0.49994203448295593
Sample 6,Timer,0.5000113248825073
Sample 6,Moirai,0.4999886453151703
Sample 7,TimesFM,0.5000918507575989
Sample 7,Timer,0.4999081492424011
Sample 8,Moirai,0.5006170272827148
Sample 8,Time-MoE,0.49938294291496277
Sample 9,Timer,0.5000280737876892
Sample 9,Moirai,0.4999718964099884
Sample 10,TimesFM,0.5002063512802124
Sample 10,Moirai,0.4997936189174652
Sample 11,Timer,0.5000207424163818
Sample 11,Moirai,0.4999792277812958
Sample 12,Timer,0.5001987814903259
Sample 12,Time-MoE,0.4998012185096741
Sample 13,Moirai,0.5000267624855042
Sample 13,Timer,0.49997326731681824
Sample 14,Timer,0.5000042915344238
Sample 14,Chronos,0.4999956786632538
Sample 15,TimesFM,0.5000972747802734
Sample 15,Time-MoE,0.49990272521972656
Sample 0,Moirai,0.500732958316803
Sample 0,Time-MoE,0.49926701188087463
Sample 1,Timer,0.5000528693199158
Sample 1,Moirai,0.49994710087776184
Sample 2,Time-MoE,0.5000442862510681
Sample 2,TimesFM,0.4999556839466095
Sample 3,Moirai,0.5000142455101013
Sample 3,Timer,0.4999857246875763
Sample 4,Timer,0.5002006888389587
Sample 4,Moirai,0.4997992515563965
Sample 5,Timer,0.5000377893447876
Sample 5,Chronos,0.4999622106552124
Sample 6,Moirai,0.5001418590545654
Sample 6,Chronos,0.49985814094543457
Sample 7,TimesFM,0.5000821352005005
Sample 7,Time-MoE,0.4999178946018219
Sample 8,Moirai,0.5007792711257935
Sample 8,Time-MoE,0.49922072887420654
Sample 9,Timer,0.50004643201828
Sample 9,Moirai,0.49995356798171997
Sample 10,TimesFM,0.5001406073570251
Sample 10,Chronos,0.49985939264297485
Sample 11,Chronos,0.5000250935554504
Sample 11,Timer,0.4999748766422272
Sample 12,Timer,0.5000410676002502
Sample 12,TimesFM,0.49995896220207214
Sample 13,Timer,0.5000102519989014
Sample 13,Moirai,0.499989777803421
Sample 14,Chronos,0.5000112056732178
Sample 14,TimesFM,0.4999887943267822
Sample 15,TimesFM,0.5000631213188171
Sample 15,Time-MoE,0.4999368488788605
Sample 16,Moirai,0.5004377365112305
Sample 16,Time-MoE,0.49956223368644714
Sample 17,Moirai,0.500055193901062
Sample 17,Timer,0.4999448359012604
Sample 18,TimesFM,0.5001459717750549
Sample 18,Moirai,0.49985408782958984
Sample 19,Moirai,0.5000669360160828
Sample 19,Timer,0.4999330937862396
Sample 20,Moirai,0.5001929998397827
Sample 20,Chronos,0.4998070299625397
Sample 21,Moirai,0.5000554323196411
Sample 21,TimesFM,0.4999445974826813
Sample 22,Moirai,0.5000104308128357
Sample 22,TimesFM,0.4999895393848419
Sample 23,TimesFM,0.5001154541969299
Sample 23,Timer,0.4998845160007477
Sample 24,Moirai,0.5003318190574646
Sample 24,Time-MoE,0.4996681809425354
Sample 25,Timer,0.5000534653663635
Sample 25,Chronos,0.49994656443595886
Sample 26,Moirai,0.5002241730690002
Sample 26,Timer,0.49977588653564453
Sample 27,TimesFM,0.5000175833702087
Sample 27,Moirai,0.49998244643211365
Sample 28,Timer,0.5000626444816589
Sample 28,Time-MoE,0.49993735551834106
Sample 29,Timer,0.5000078678131104
Sample 29,Chronos,0.49999210238456726
Sample 30,Chronos,0.5000225305557251
Sample 30,TimesFM,0.4999774396419525
Sample 31,TimesFM,0.5001311302185059
Sample 31,Timer,0.4998689293861389
Sample 0,Moirai,0.5004129409790039
Sample 0,Time-MoE,0.4995870590209961
Sample 1,Moirai,0.5000475645065308
Sample 1,Timer,0.49995243549346924
Sample 2,Moirai,0.5000333189964294
Sample 2,TimesFM,0.49996671080589294
Sample 3,Moirai,0.5000731348991394
Sample 3,Timer,0.4999268651008606
Sample 4,TimesFM,0.5001010894775391
Sample 4,Timer,0.49989888072013855
Sample 5,Moirai,0.5000448822975159
Sample 5,Chronos,0.49995511770248413
Sample 6,Moirai,0.5000650882720947
Sample 6,Timer,0.4999349117279053
Sample 7,TimesFM,0.5001155734062195
Sample 7,Time-MoE,0.4998844265937805
Sample 8,Moirai,0.5004637837409973
Sample 8,Chronos,0.4995361864566803
Sample 9,Moirai,0.5000631213188171
Sample 9,Timer,0.4999368488788605
Sample 10,Moirai,0.5001657605171204
Sample 10,Chronos,0.49983420968055725
Sample 11,TimesFM,0.5000176429748535
Sample 11,Moirai,0.49998238682746887
Sample 12,Chronos,0.5000207424163818
Sample 12,Moirai,0.4999792277812958
Sample 13,Moirai,0.5000505447387695
Sample 13,Timer,0.4999494254589081
Sample 14,TimesFM,0.5000342726707458
Sample 14,Timer,0.49996575713157654
Sample 15,TimesFM,0.5001274347305298
Sample 15,Time-MoE,0.4998725950717926
Sample 16,Moirai,0.5006027817726135
Sample 16,Time-MoE,0.4993972182273865
Sample 17,Moirai,0.5000230073928833
Sample 17,Timer,0.4999769628047943
Sample 18,TimesFM,0.5001221895217896
Sample 18,Time-MoE,0.49987781047821045
Sample 19,Moirai,0.5000350475311279
Sample 19,Timer,0.49996498227119446
Sample 20,Timer,0.500167191028595
Sample 20,Moirai,0.49983277916908264
Sample 21,Moirai,0.500078022480011
Sample 21,Timer,0.4999220073223114
Sample 22,Moirai,0.5000075101852417
Sample 22,TimesFM,0.4999925196170807
Sample 23,TimesFM,0.5000708103179932
Sample 23,Time-MoE,0.49992918968200684
Sample 24,Moirai,0.5004074573516846
Sample 24,Chronos,0.49959254264831543
Sample 25,Timer,0.500042200088501
Sample 25,Chronos,0.4999578297138214
Sample 26,TimesFM,0.5000271797180176
Sample 26,Chronos,0.4999728500843048
Sample 27,TimesFM,0.5000179409980774
Sample 27,Moirai,0.4999820291996002
Sample 28,Time-MoE,0.5000262260437012
Sample 28,Moirai,0.49997374415397644
Sample 29,Timer,0.5000194311141968
Sample 29,Moirai,0.49998053908348083
Sample 30,Timer,0.5000512599945068
Sample 30,Chronos,0.49994874000549316
Sample 31,TimesFM,0.5001049637794495
Sample 31,Time-MoE,0.49989503622055054
Sample 0,Moirai,0.5000921487808228
Sample 0,TimesFM,0.49990779161453247
Sample 1,Moirai,0.5000133514404297
Sample 1,Timer,0.4999866485595703
Sample 2,TimesFM,0.500134289264679
Sample 2,Moirai,0.49986574053764343
Sample 3,Moirai,0.5000334978103638
Sample 3,Timer,0.49996650218963623
Sample 4,TimesFM,0.500146746635437
Sample 4,Timer,0.499853253364563
Sample 5,TimesFM,0.5000314116477966
Sample 5,Timer,0.499968558549881
Sample 6,Moirai,0.5000720024108887
Sample 6,Timer,0.49992796778678894
Sample 7,TimesFM,0.5001089572906494
Sample 7,Timer,0.4998910427093506
Sample 8,Moirai,0.5002763867378235
Sample 8,Time-MoE,0.4997236728668213
Sample 9,Timer,0.5000432729721069
Sample 9,Chronos,0.49995675683021545
Sample 10,Timer,0.5000162720680237
Sample 10,Moirai,0.4999837577342987
Sample 11,Moirai,0.5000247359275818
Sample 11,TimesFM,0.4999752342700958
Sample 12,Time-MoE,0.5000013113021851
Sample 12,TimesFM,0.49999868869781494
Sample 13,Chronos,0.5000012516975403
Sample 13,Timer,0.4999987781047821
Sample 14,Timer,0.5000151991844177
Sample 14,Moirai,0.4999847710132599
Sample 15,TimesFM,0.5001690983772278
Sample 15,Time-MoE,0.4998309016227722
Sample 16,Moirai,0.5003562569618225
Sample 16,Timer,0.4996437430381775
Sample 17,Timer,0.500056266784668
Sample 17,Moirai,0.49994370341300964
Sample 18,TimesFM,0.5002008676528931
Sample 18,Chronos,0.49979910254478455
Sample 19,Moirai,0.500250518321991
Sample 19,TimesFM,0.49974945187568665
Sample 20,Time-MoE,0.5000171065330505
Sample 20,Chronos,0.4999828636646271
Sample 21,Timer,0.5000264048576355
Sample 21,TimesFM,0.4999735951423645
Sample 22,Moirai,0.5001530647277832
Sample 22,Timer,0.4998469054698944
Sample 23,Timer,0.5000277161598206
Sample 23,Time-MoE,0.49997225403785706
Sample 24,Moirai,0.5001147985458374
Sample 24,Time-MoE,0.4998851418495178
Sample 25,Timer,0.5000300407409668
Sample 25,Moirai,0.4999699592590332
Sample 26,TimesFM,0.5000059008598328
Sample 26,Chronos,0.49999409914016724
Sample 27,TimesFM,0.5000824332237244
Sample 27,Timer,0.499917596578598
Sample 28,TimesFM,0.5000420212745667
Sample 28,Time-MoE,0.49995797872543335
Sample 29,Timer,0.5000105500221252
Sample 29,TimesFM,0.49998944997787476
Sample 30,Timer,0.500045895576477
Sample 30,Moirai,0.49995413422584534
Sample 31,TimesFM,0.5000995993614197
Sample 31,Time-MoE,0.49990034103393555
Sample 0,Moirai,0.5002330541610718
Sample 0,TimesFM,0.4997669458389282
Sample 1,Moirai,0.5000563859939575
Sample 1,Timer,0.4999435842037201
Sample 2,TimesFM,0.5001366138458252
Sample 2,Time-MoE,0.4998634457588196
Sample 3,Timer,0.5000077486038208
Sample 3,Moirai,0.4999922811985016
Sample 4,Moirai,0.5001682043075562
Sample 4,Timer,0.49983179569244385
Sample 5,Moirai,0.500203013420105
Sample 5,Time-MoE,0.49979692697525024
Sample 6,Moirai,0.5002439022064209
Sample 6,Chronos,0.4997560679912567
Sample 7,TimesFM,0.5000645518302917
Sample 7,Timer,0.49993547797203064
Sample 8,Moirai,0.5006412863731384
Sample 8,Time-MoE,0.49935874342918396
Sample 9,Moirai,0.500012993812561
Sample 9,Timer,0.49998703598976135
Sample 10,TimesFM,0.5000068545341492
Sample 10,Chronos,0.49999314546585083
Sample 11,Chronos,0.5000191330909729
Sample 11,Timer,0.4999808669090271
Sample 12,TimesFM,0.5000250339508057
Sample 12,Time-MoE,0.49997493624687195
Sample 13,Timer,0.5000287890434265
Sample 13,Chronos,0.4999712407588959
Sample 14,Chronos,0.5000069737434387
Sample 14,Moirai,0.49999305605888367
Sample 15,Moirai,0.5000333189964294
Sample 15,Chronos,0.49996671080589294
Sample 16,Moirai,0.5006135106086731
Sample 16,Time-MoE,0.4993864893913269
Sample 17,Timer,0.5000343918800354
Sample 17,Chronos,0.4999655783176422
Sample 18,Moirai,0.500008761882782
Sample 18,TimesFM,0.4999912679195404
Sample 19,TimesFM,0.5000225305557251
Sample 19,Chronos,0.4999774694442749
Sample 20,TimesFM,0.5000085830688477
Sample 20,Time-MoE,0.49999141693115234
Sample 21,Chronos,0.5000050663948059
Sample 21,TimesFM,0.4999949634075165
Sample 22,Moirai,0.5003511309623718
Sample 22,Timer,0.49964889883995056
Sample 23,TimesFM,0.5001089572906494
Sample 23,Time-MoE,0.4998910427093506
Sample 24,Moirai,0.5001739263534546
Sample 24,Time-MoE,0.499826043844223
Sample 25,Timer,0.5000092387199402
Sample 25,Chronos,0.4999907612800598
Sample 26,TimesFM,0.5001314282417297
Sample 26,Time-MoE,0.49986857175827026
Sample 27,Timer,0.5000084638595581
Sample 27,Chronos,0.4999915063381195
Sample 28,TimesFM,0.5000136494636536
Sample 28,Time-MoE,0.4999863803386688
Sample 29,TimesFM,0.5000370740890503
Sample 29,Timer,0.4999628961086273
Sample 30,Moirai,0.5001298189163208
Sample 30,Timer,0.4998701810836792
Sample 31,TimesFM,0.5000079274177551
Sample 31,Time-MoE,0.49999210238456726
Sample 0,Moirai,0.5008993744850159
Sample 0,Time-MoE,0.49910059571266174
Sample 1,Moirai,0.500034749507904
Sample 1,Timer,0.49996528029441833
Sample 2,Moirai,0.500110387802124
Sample 2,Chronos,0.4998895525932312
Sample 3,Timer,0.5000047087669373
Sample 3,Moirai,0.49999532103538513
Sample 4,Timer,0.500247061252594
Sample 4,Moirai,0.4997529685497284
Sample 5,Chronos,0.5000303983688354
Sample 5,TimesFM,0.49996957182884216
Sample 6,Moirai,0.5000182390213013
Sample 6,Timer,0.4999817907810211
Sample 7,TimesFM,0.5001146197319031
Sample 7,Moirai,0.49988532066345215
Sample 8,Moirai,0.5006309747695923
Sample 8,Chronos,0.4993689954280853
Sample 9,Moirai,0.5000343322753906
Sample 9,Timer,0.49996569752693176
Sample 10,Moirai,0.5000166296958923
Sample 10,TimesFM,0.49998340010643005
Sample 11,Moirai,0.5001276731491089
Sample 11,TimesFM,0.4998723268508911
Sample 12,Moirai,0.5000790357589722
Sample 12,Timer,0.4999209940433502
Sample 13,Moirai,0.5000312924385071
Sample 13,TimesFM,0.4999687373638153
Sample 14,Chronos,0.5000115036964417
Sample 14,TimesFM,0.49998849630355835
Sample 15,TimesFM,0.5001779794692993
Sample 15,Chronos,0.49982205033302307
Sample 16,Moirai,0.5007019639015198
Sample 16,Time-MoE,0.4992980360984802
Sample 17,Timer,0.5000007152557373
Sample 17,Chronos,0.4999992847442627
Sample 18,Moirai,0.5004417300224304
Sample 18,Timer,0.49955829977989197
Sample 19,TimesFM,0.5000033974647522
Sample 19,Chronos,0.4999966323375702
Sample 20,Chronos,0.5000009536743164
Sample 20,Time-MoE,0.4999990165233612
Sample 21,Chronos,0.5000056624412537
Sample 21,Moirai,0.4999943673610687
Sample 22,Moirai,0.5000993013381958
Sample 22,Timer,0.4999006986618042
Sample 23,TimesFM,0.5001941323280334
Sample 23,Time-MoE,0.4998058080673218
Sample 24,Moirai,0.5005879402160645
Sample 24,Time-MoE,0.49941205978393555
Sample 25,Timer,0.5000481605529785
Sample 25,Moirai,0.4999518096446991
Sample 26,Moirai,0.5001083612442017
Sample 26,TimesFM,0.49989163875579834
Sample 27,Chronos,0.500015914440155
Sample 27,Moirai,0.49998411536216736
Sample 28,TimesFM,0.500137209892273
Sample 28,Time-MoE,0.49986279010772705
Sample 29,TimesFM,0.5000240206718445
Sample 29,Chronos,0.49997594952583313
Sample 30,Moirai,0.5000392198562622
Sample 30,Timer,0.4999608099460602
Sample 31,TimesFM,0.500053346157074
Sample 31,Moirai,0.4999466836452484
Sample 0,Moirai,0.5004212260246277
Sample 0,TimesFM,0.4995787441730499
Sample 1,Moirai,0.5000109672546387
Sample 1,Timer,0.4999890625476837
Sample 2,Moirai,0.5002090930938721
Sample 2,TimesFM,0.49979087710380554
Sample 3,Moirai,0.5000324845314026
Sample 3,Chronos,0.4999675154685974
Sample 4,Chronos,0.5000045895576477
Sample 4,Time-MoE,0.4999954402446747
Sample 5,Moirai,0.5000608563423157
Sample 5,Chronos,0.4999391436576843
Sample 6,Moirai,0.5003964304924011
Sample 6,Timer,0.4996035099029541
Sample 7,TimesFM,0.5001009702682495
Sample 7,Timer,0.4998990297317505
Sample 8,Moirai,0.5004986524581909
Sample 8,TimesFM,0.4995013475418091
Sample 9,Moirai,0.5000548362731934
Sample 9,Timer,0.49994519352912903
Sample 10,Moirai,0.5002912282943726
Sample 10,Chronos,0.49970877170562744
Sample 11,Moirai,0.5000820159912109
Sample 11,Timer,0.4999179542064667
Sample 12,TimesFM,0.5000137090682983
Sample 12,Chronos,0.49998629093170166
Sample 13,Chronos,0.5000205039978027
Sample 13,TimesFM,0.4999794661998749
Sample 14,TimesFM,0.5000950694084167
Sample 14,Time-MoE,0.49990493059158325
Sample 15,Moirai,0.5001009106636047
Sample 15,TimesFM,0.49989908933639526
Sample 16,Moirai,0.5002530813217163
Sample 16,TimesFM,0.4997469484806061
Sample 17,Moirai,0.5000512003898621
Sample 17,Timer,0.49994879961013794
Sample 18,TimesFM,0.5001163482666016
Sample 18,Time-MoE,0.49988365173339844
Sample 19,Moirai,0.5001124739646912
Sample 19,Timer,0.49988752603530884
Sample 20,TimesFM,0.5000056624412537
Sample 20,Chronos,0.4999943673610687
Sample 21,Moirai,0.5000489950180054
Sample 21,Timer,0.499951034784317
Sample 22,Moirai,0.5000729560852051
Sample 22,Chronos,0.4999270737171173
Sample 23,TimesFM,0.5001383423805237
Sample 23,Time-MoE,0.4998616576194763
Sample 24,Moirai,0.5009045600891113
Sample 24,Timer,0.49909543991088867
Sample 25,Moirai,0.5000309348106384
Sample 25,Chronos,0.4999690651893616
Sample 26,Moirai,0.5002453923225403
Sample 26,TimesFM,0.4997546076774597
Sample 27,Chronos,0.5000200271606445
Sample 27,Moirai,0.49997997283935547
Sample 28,Chronos,0.500094473361969
Sample 28,TimesFM,0.499905526638031
Sample 29,Moirai,0.5000054836273193
Sample 29,TimesFM,0.49999451637268066
Sample 30,Chronos,0.5000661611557007
Sample 30,Moirai,0.4999338686466217
Sample 31,TimesFM,0.5001625418663025
Sample 31,Time-MoE,0.4998374879360199
Sample 0,Moirai,0.5003657341003418
Sample 0,Timer,0.4996342658996582
Sample 1,Timer,0.5000137686729431
Sample 1,Chronos,0.4999862313270569
Sample 2,TimesFM,0.5001040101051331
Sample 2,Chronos,0.49989593029022217
Sample 3,Chronos,0.5000106692314148
Sample 3,Timer,0.4999893605709076
Sample 4,Chronos,0.5002291798591614
Sample 4,TimesFM,0.499770849943161
Sample 5,Timer,0.5000249147415161
Sample 5,Moirai,0.4999751150608063
Sample 6,Moirai,0.500022828578949
Sample 6,Timer,0.49997714161872864
Sample 7,TimesFM,0.5001375675201416
Sample 7,Time-MoE,0.4998624622821808
Sample 8,Moirai,0.5007473826408386
Sample 8,Time-MoE,0.4992526173591614
Sample 9,Moirai,0.500022292137146
Sample 9,Timer,0.4999776780605316
Sample 10,TimesFM,0.5002110600471497
Sample 10,Moirai,0.49978888034820557
Sample 11,Moirai,0.5000240206718445
Sample 11,Timer,0.4999760091304779
Sample 12,Timer,0.5001927614212036
Sample 12,Moirai,0.4998072683811188
Sample 13,Moirai,0.5000792741775513
Sample 13,Timer,0.4999207556247711
Sample 14,Chronos,0.5000216960906982
Sample 14,Timer,0.49997833371162415
Sample 15,TimesFM,0.5001339912414551
Sample 15,Time-MoE,0.4998660683631897
Sample 0,Moirai,0.5008871555328369
Sample 0,Time-MoE,0.4991128444671631
Sample 1,Timer,0.5000193119049072
Sample 1,Moirai,0.49998071789741516
Sample 2,Time-MoE,0.5000265836715698
Sample 2,TimesFM,0.4999733865261078
Sample 3,Moirai,0.5000395774841309
Sample 3,Chronos,0.49996039271354675
Sample 4,Timer,0.5001875162124634
Sample 4,Moirai,0.499812513589859
Sample 5,Timer,0.5000237226486206
Sample 5,Chronos,0.4999763071537018
Sample 6,Moirai,0.5001689195632935
Sample 6,Chronos,0.49983105063438416
Sample 7,TimesFM,0.5001264214515686
Sample 7,Time-MoE,0.49987363815307617
Sample 8,Moirai,0.5009138584136963
Sample 8,Chronos,0.4990861415863037
Sample 9,Timer,0.5000116229057312
Sample 9,Moirai,0.4999884068965912
Sample 10,TimesFM,0.50014728307724
Sample 10,Chronos,0.4998527765274048
Sample 11,Chronos,0.5000341534614563
Sample 11,Moirai,0.4999658465385437
Sample 12,Timer,0.5000149011611938
Sample 12,TimesFM,0.49998512864112854
Sample 13,Moirai,0.5000298023223877
Sample 13,Chronos,0.4999702274799347
Sample 14,Chronos,0.500004231929779
Sample 14,TimesFM,0.49999573826789856
Sample 15,TimesFM,0.5001050233840942
Sample 15,Time-MoE,0.49989497661590576
Sample 16,Moirai,0.500540554523468
Sample 16,TimesFM,0.49945947527885437
Sample 17,Moirai,0.5001053810119629
Sample 17,Chronos,0.4998945891857147
Sample 18,TimesFM,0.5001550912857056
Sample 18,Moirai,0.49984487891197205
Sample 19,Moirai,0.5001022815704346
Sample 19,Chronos,0.49989771842956543
Sample 20,Moirai,0.5002278089523315
Sample 20,Chronos,0.49977219104766846
Sample 21,Moirai,0.5000751614570618
Sample 21,TimesFM,0.49992480874061584
Sample 22,Moirai,0.500022828578949
Sample 22,TimesFM,0.4999772012233734
Sample 23,TimesFM,0.500190258026123
Sample 23,Timer,0.49980974197387695
Sample 24,Moirai,0.5004249811172485
Sample 24,Time-MoE,0.49957504868507385
Sample 25,Timer,0.5000373721122742
Sample 25,Chronos,0.4999626576900482
Sample 26,Moirai,0.5002965331077576
Sample 26,Timer,0.4997034966945648
Sample 27,TimesFM,0.5000069737434387
Sample 27,Moirai,0.49999305605888367
Sample 28,Timer,0.5000407099723816
Sample 28,TimesFM,0.4999593198299408
Sample 29,Chronos,0.5000115633010864
Sample 29,Moirai,0.4999884068965912
Sample 30,Chronos,0.5000142455101013
Sample 30,TimesFM,0.49998578429222107
Sample 31,TimesFM,0.500204861164093
Sample 31,Time-MoE,0.499795138835907
Sample 0,Moirai,0.5005151629447937
Sample 0,Time-MoE,0.4994848072528839
Sample 1,Moirai,0.500086784362793
Sample 1,Timer,0.49991318583488464
Sample 2,Moirai,0.5000428557395935
Sample 2,TimesFM,0.4999571144580841
Sample 3,Moirai,0.5001096725463867
Sample 3,Timer,0.4998903274536133
Sample 4,TimesFM,0.5001621842384338
Sample 4,Timer,0.4998377859592438
Sample 5,Moirai,0.5000696778297424
Sample 5,Chronos,0.49993032217025757
Sample 6,Moirai,0.5000918507575989
Sample 6,Timer,0.49990811944007874
Sample 7,TimesFM,0.5001651644706726
Sample 7,Time-MoE,0.4998348653316498
Sample 8,Moirai,0.5005500912666321
Sample 8,Chronos,0.4994499385356903
Sample 9,Moirai,0.500102698802948
Sample 9,Timer,0.4998972415924072
Sample 10,Moirai,0.5002087950706482
Sample 10,Chronos,0.49979114532470703
Sample 11,TimesFM,0.5000028610229492
Sample 11,Moirai,0.4999971389770508
Sample 12,Chronos,0.5000221133232117
Sample 12,Moirai,0.49997785687446594
Sample 13,Moirai,0.5000935792922974
Sample 13,Timer,0.49990639090538025
Sample 14,TimesFM,0.5000723004341125
Sample 14,Chronos,0.49992766976356506
Sample 15,TimesFM,0.5001835227012634
Sample 15,Time-MoE,0.49981650710105896
Sample 16,Moirai,0.5007252097129822
Sample 16,Chronos,0.4992747902870178
Sample 17,Moirai,0.5000588893890381
Sample 17,Timer,0.4999410808086395
Sample 18,TimesFM,0.5001609325408936
Sample 18,Time-MoE,0.49983903765678406
Sample 19,Moirai,0.5000706315040588
Sample 19,Timer,0.4999293386936188
Sample 20,Timer,0.5001589059829712
Sample 20,Moirai,0.4998410642147064
Sample 21,Moirai,0.5001217126846313
Sample 21,Timer,0.49987828731536865
Sample 22,Moirai,0.5000137090682983
Sample 22,TimesFM,0.4999862611293793
Sample 23,TimesFM,0.5001206398010254
Sample 23,Time-MoE,0.4998793601989746
Sample 24,Moirai,0.5004940629005432
Sample 24,Chronos,0.4995059669017792
Sample 25,Timer,0.5000299215316772
Sample 25,Chronos,0.49997010827064514
Sample 26,TimesFM,0.5000389218330383
Sample 26,Chronos,0.49996107816696167
Sample 27,TimesFM,0.5000150203704834
Sample 27,Moirai,0.499985009431839
Sample 28,Moirai,0.5000097155570984
Sample 28,Time-MoE,0.499990314245224
Sample 29,Moirai,0.5000057816505432
Sample 29,TimesFM,0.4999942183494568
Sample 30,Timer,0.5000311136245728
Sample 30,Chronos,0.49996888637542725
Sample 31,TimesFM,0.5001577138900757
Sample 31,Time-MoE,0.4998423159122467
Sample 0,Moirai,0.500109851360321
Sample 0,TimesFM,0.49989014863967896
Sample 1,Moirai,0.5000371336936951
Sample 1,Timer,0.49996283650398254
Sample 2,TimesFM,0.500149667263031
Sample 2,Moirai,0.4998503625392914
Sample 3,Moirai,0.500059962272644
Sample 3,Timer,0.49994006752967834
Sample 4,TimesFM,0.500188946723938
Sample 4,Chronos,0.4998110830783844
Sample 5,TimesFM,0.5000789165496826
Sample 5,Timer,0.499921053647995
Sample 6,Moirai,0.5000838041305542
Sample 6,TimesFM,0.4999161660671234
Sample 7,TimesFM,0.5001651644706726
Sample 7,Time-MoE,0.499834805727005
Sample 8,Moirai,0.5003560781478882
Sample 8,Chronos,0.4996439218521118
Sample 9,Timer,0.5000386238098145
Sample 9,Chronos,0.49996140599250793
Sample 10,Moirai,0.5000028014183044
Sample 10,Timer,0.49999719858169556
Sample 11,Moirai,0.5000309348106384
Sample 11,TimesFM,0.4999690651893616
Sample 12,Chronos,0.5000012516975403
Sample 12,TimesFM,0.4999987483024597
Sample 13,Chronos,0.5000036358833313
Sample 13,TimesFM,0.4999963939189911
Sample 14,Timer,0.5000073909759521
Sample 14,Moirai,0.49999263882637024
Sample 15,TimesFM,0.5002433061599731
Sample 15,Time-MoE,0.49975666403770447
Sample 16,Moirai,0.5004250407218933
Sample 16,Timer,0.4995749890804291
Sample 17,Timer,0.5000452399253845
Sample 17,Moirai,0.49995478987693787
Sample 18,TimesFM,0.5001959204673767
Sample 18,Chronos,0.4998040795326233
Sample 19,Moirai,0.5002880096435547
Sample 19,TimesFM,0.4997120201587677
Sample 20,Chronos,0.5000476837158203
Sample 20,Time-MoE,0.4999523162841797
Sample 21,Timer,0.5000008940696716
Sample 21,TimesFM,0.49999910593032837
Sample 22,Moirai,0.5001903176307678
Sample 22,Timer,0.49980971217155457
Sample 23,Timer,0.5000237822532654
Sample 23,TimesFM,0.4999762177467346
Sample 24,Moirai,0.5001385807991028
Sample 24,TimesFM,0.499861478805542
Sample 25,Timer,0.500013530254364
Sample 25,Moirai,0.4999864995479584
Sample 26,TimesFM,0.500003457069397
Sample 26,Moirai,0.4999965727329254
Sample 27,TimesFM,0.5000898241996765
Sample 27,Chronos,0.4999101161956787
Sample 28,TimesFM,0.5000881552696228
Sample 28,Time-MoE,0.4999118149280548
Sample 29,TimesFM,0.5000131130218506
Sample 29,Chronos,0.4999868869781494
Sample 30,Timer,0.5000324845314026
Sample 30,Moirai,0.4999675154685974
Sample 31,TimesFM,0.5001569986343384
Sample 31,Time-MoE,0.4998430013656616
Sample 0,Moirai,0.5002615451812744
Sample 0,TimesFM,0.4997384548187256
Sample 1,Moirai,0.5000759959220886
Sample 1,Timer,0.4999240040779114
Sample 2,TimesFM,0.5001858472824097
Sample 2,Time-MoE,0.4998141825199127
Sample 3,Moirai,0.5000032782554626
Sample 3,Timer,0.49999672174453735
Sample 4,Moirai,0.5001822113990784
Sample 4,Timer,0.49981775879859924
Sample 5,Moirai,0.5002675652503967
Sample 5,Time-MoE,0.49973243474960327
Sample 6,Moirai,0.5002952814102173
Sample 6,Chronos,0.4997046887874603
Sample 7,TimesFM,0.5001105070114136
Sample 7,Timer,0.4998894929885864
Sample 8,Moirai,0.5007744431495667
Sample 8,Time-MoE,0.49922558665275574
Sample 9,Moirai,0.5000249743461609
Sample 9,Timer,0.4999750554561615
Sample 10,Chronos,0.5000165104866028
Sample 10,TimesFM,0.4999834895133972
Sample 11,Chronos,0.5000402927398682
Sample 11,Timer,0.49995970726013184
Sample 12,TimesFM,0.5000504851341248
Sample 12,Chronos,0.49994954466819763
Sample 13,Timer,0.5000256299972534
Sample 13,Chronos,0.4999743402004242
Sample 14,Moirai,0.5000022053718567
Sample 14,Chronos,0.4999978244304657
Sample 15,Moirai,0.500026524066925
Sample 15,Chronos,0.49997344613075256
Sample 16,Moirai,0.5007374286651611
Sample 16,TimesFM,0.4992625415325165
Sample 17,Timer,0.5000291466712952
Sample 17,Chronos,0.4999708831310272
Sample 18,Moirai,0.5000123381614685
Sample 18,TimesFM,0.4999876618385315
Sample 19,TimesFM,0.5000287294387817
Sample 19,Chronos,0.4999712407588959
Sample 20,TimesFM,0.5000497698783875
Sample 20,Time-MoE,0.49995025992393494
Sample 21,TimesFM,0.5000104904174805
Sample 21,Chronos,0.49998950958251953
Sample 22,Moirai,0.5004079937934875
Sample 22,Timer,0.49959200620651245
Sample 23,TimesFM,0.5001540184020996
Sample 23,Time-MoE,0.499845951795578
Sample 24,Moirai,0.5002387762069702
Sample 24,TimesFM,0.4997612237930298
Sample 25,Chronos,0.5000017285346985
Sample 25,Timer,0.4999982714653015
Sample 26,TimesFM,0.5001835823059082
Sample 26,Time-MoE,0.4998164176940918
Sample 27,TimesFM,0.5000012516975403
Sample 27,Chronos,0.49999871850013733
Sample 28,TimesFM,0.5000502467155457
Sample 28,Chronos,0.49994972348213196
Sample 29,TimesFM,0.5000613927841187
Sample 29,Chronos,0.49993860721588135
Sample 30,Moirai,0.5001595616340637
Sample 30,Timer,0.4998404383659363
Sample 31,TimesFM,0.5000516772270203
Sample 31,Time-MoE,0.49994829297065735
Sample 0,Moirai,0.5010470151901245
Sample 0,Timer,0.4989529848098755
Sample 1,Moirai,0.5000404715538025
Sample 1,Timer,0.4999595582485199
Sample 2,Moirai,0.5001229643821716
Sample 2,Chronos,0.49987703561782837
Sample 3,Moirai,0.5000028014183044
Sample 3,Timer,0.49999716877937317
Sample 4,Timer,0.5002948045730591
Sample 4,Moirai,0.49970516562461853
Sample 5,Chronos,0.5000133514404297
Sample 5,TimesFM,0.4999866783618927
Sample 6,Moirai,0.5000171661376953
Sample 6,Timer,0.4999828040599823
Sample 7,TimesFM,0.5001310706138611
Sample 7,Moirai,0.4998689591884613
Sample 8,Moirai,0.5007590651512146
Sample 8,Chronos,0.4992409348487854
Sample 9,Moirai,0.5000373125076294
Sample 9,Timer,0.499962717294693
Sample 10,Moirai,0.5000084042549133
Sample 10,TimesFM,0.4999915659427643
Sample 11,Moirai,0.5001472234725952
Sample 11,TimesFM,0.4998527765274048
Sample 12,Moirai,0.5000807046890259
Sample 12,Timer,0.4999192953109741
Sample 13,Moirai,0.5000227689743042
Sample 13,TimesFM,0.4999772608280182
Sample 14,Chronos,0.5000035762786865
Sample 14,TimesFM,0.4999963939189911
Sample 15,TimesFM,0.5001569390296936
Sample 15,Chronos,0.4998430609703064
Sample 16,Moirai,0.5008082389831543
Sample 16,Timer,0.4991917908191681
Sample 17,Chronos,0.5000008344650269
Sample 17,Timer,0.49999919533729553
Sample 18,Moirai,0.5004912614822388
Sample 18,Timer,0.49950870871543884
Sample 19,TimesFM,0.5000057816505432
Sample 19,Chronos,0.4999942481517792
Sample 20,Chronos,0.5000596046447754
Sample 20,TimesFM,0.4999403953552246
Sample 21,Chronos,0.5000002980232239
Sample 21,TimesFM,0.4999997019767761
Sample 22,Moirai,0.5001131296157837
Sample 22,Timer,0.4998868405818939
Sample 23,TimesFM,0.5002439022064209
Sample 23,Time-MoE,0.4997560679912567
Sample 24,Moirai,0.5007176399230957
Sample 24,Time-MoE,0.4992823600769043
Sample 25,Timer,0.5000559091567993
Sample 25,Moirai,0.49994412064552307
Sample 26,Moirai,0.500103771686554
Sample 26,TimesFM,0.49989619851112366
Sample 27,Chronos,0.5000184774398804
Sample 27,Moirai,0.49998149275779724
Sample 28,TimesFM,0.5001856088638306
Sample 28,Time-MoE,0.4998144209384918
Sample 29,TimesFM,0.5000402927398682
Sample 29,Chronos,0.49995970726013184
Sample 30,Moirai,0.5000485181808472
Sample 30,Timer,0.49995148181915283
Sample 31,TimesFM,0.5000645518302917
Sample 31,Moirai,0.49993547797203064
Sample 0,Moirai,0.5004761815071106
Sample 0,TimesFM,0.4995238184928894
Sample 1,Moirai,0.5000118613243103
Sample 1,Timer,0.4999881684780121
Sample 2,Moirai,0.5002307891845703
Sample 2,TimesFM,0.4997692108154297
Sample 3,Moirai,0.5000410079956055
Sample 3,Chronos,0.4999590218067169
Sample 4,Chronos,0.5000290274620056
Sample 4,Moirai,0.4999710023403168
Sample 5,Moirai,0.500072717666626
Sample 5,TimesFM,0.49992725253105164
Sample 6,Moirai,0.5004382729530334
Sample 6,Timer,0.49956169724464417
Sample 7,TimesFM,0.5001142024993896
Sample 7,Moirai,0.4998857378959656
Sample 8,Moirai,0.5005601048469543
Sample 8,TimesFM,0.49943995475769043
Sample 9,Moirai,0.5000640153884888
Sample 9,Timer,0.49993598461151123
Sample 10,Moirai,0.5003395080566406
Sample 10,TimesFM,0.499660462141037
Sample 11,Moirai,0.5000898838043213
Sample 11,Timer,0.4999101161956787
Sample 12,TimesFM,0.5000015497207642
Sample 12,Chronos,0.4999984800815582
Sample 13,Chronos,0.5000446438789368
Sample 13,TimesFM,0.4999553859233856
Sample 14,TimesFM,0.5001327991485596
Sample 14,Time-MoE,0.4998672604560852
Sample 15,Moirai,0.5001134276390076
Sample 15,TimesFM,0.49988657236099243
Sample 16,Moirai,0.5002840757369995
Sample 16,TimesFM,0.4997159242630005
Sample 17,Moirai,0.5000572800636292
Sample 17,Timer,0.49994274973869324
Sample 18,TimesFM,0.5001305937767029
Sample 18,Moirai,0.4998694062232971
Sample 19,Moirai,0.5001274943351746
Sample 19,Timer,0.49987250566482544
Sample 20,TimesFM,0.500028133392334
Sample 20,Chronos,0.4999718964099884
Sample 21,Moirai,0.5000593066215515
Sample 21,Timer,0.4999406933784485
Sample 22,Moirai,0.5000765919685364
Sample 22,TimesFM,0.4999234080314636
Sample 23,TimesFM,0.5001815557479858
Sample 23,Time-MoE,0.49981847405433655
Sample 24,Moirai,0.5010315775871277
Sample 24,Timer,0.4989684820175171
Sample 25,Moirai,0.5000406503677368
Sample 25,Chronos,0.49995937943458557
Sample 26,Moirai,0.5002712607383728
Sample 26,TimesFM,0.4997286796569824
Sample 27,Chronos,0.5000159740447998
Sample 27,Moirai,0.4999840557575226
Sample 28,Chronos,0.5001007914543152
Sample 28,TimesFM,0.49989914894104004
Sample 29,TimesFM,0.5000115036964417
Sample 29,Moirai,0.49998852610588074
Sample 30,Chronos,0.5000574588775635
Sample 30,Moirai,0.4999425709247589
Sample 31,TimesFM,0.5001744031906128
Sample 31,Time-MoE,0.4998255670070648
Sample 0,Moirai,0.5004231333732605
Sample 0,Timer,0.4995768964290619
Sample 1,Timer,0.5000131726264954
Sample 1,Chronos,0.49998679757118225
Sample 2,TimesFM,0.5001381635665894
Sample 2,Chronos,0.49986183643341064
Sample 3,Chronos,0.500021755695343
Sample 3,Moirai,0.4999782145023346
Sample 4,Chronos,0.5002884268760681
Sample 4,TimesFM,0.4997115731239319
Sample 5,Timer,0.5000253915786743
Sample 5,Moirai,0.49997463822364807
Sample 6,Moirai,0.5000248551368713
Sample 6,Timer,0.49997514486312866
Sample 7,TimesFM,0.5001572370529175
Sample 7,Time-MoE,0.49984273314476013
Sample 8,Moirai,0.500874400138855
Sample 8,Time-MoE,0.4991256594657898
Sample 9,Moirai,0.5000258684158325
Sample 9,Timer,0.49997416138648987
Sample 10,TimesFM,0.5002376437187195
Sample 10,Moirai,0.49976232647895813
Sample 11,Moirai,0.5000332593917847
Sample 11,Timer,0.4999667704105377
Sample 12,Timer,0.500225841999054
Sample 12,Moirai,0.49977415800094604
Sample 13,Moirai,0.5000936388969421
Sample 13,Timer,0.4999063313007355
Sample 14,Chronos,0.5000240802764893
Sample 14,Timer,0.49997594952583313
Sample 15,TimesFM,0.500169038772583
Sample 15,Time-MoE,0.499830961227417
Sample 0,Moirai,0.501030683517456
Sample 0,Time-MoE,0.49896931648254395
Sample 1,Timer,0.5000238418579102
Sample 1,Moirai,0.49997618794441223
Sample 2,Time-MoE,0.5000236630439758
Sample 2,TimesFM,0.4999763071537018
Sample 3,Moirai,0.5000470876693726
Sample 3,Chronos,0.49995288252830505
Sample 4,Timer,0.5002174973487854
Sample 4,Moirai,0.4997825622558594
Sample 5,Timer,0.5000308156013489
Sample 5,Chronos,0.4999692142009735
Sample 6,Moirai,0.5002078413963318
Sample 6,Chronos,0.4997921586036682
Sample 7,TimesFM,0.5001556277275085
Sample 7,Time-MoE,0.49984437227249146
Sample 8,Moirai,0.5010737180709839
Sample 8,TimesFM,0.4989262819290161
Sample 9,Timer,0.5000142455101013
Sample 9,Moirai,0.4999857544898987
Sample 10,TimesFM,0.5001955628395081
Sample 10,Chronos,0.49980437755584717
Sample 11,Chronos,0.5000337958335876
Sample 11,Moirai,0.49996617436408997
Sample 12,Timer,0.5000084042549133
Sample 12,TimesFM,0.49999162554740906
Sample 13,Moirai,0.5000357627868652
Sample 13,Chronos,0.49996426701545715
Sample 14,TimesFM,0.50002121925354
Sample 14,Chronos,0.49997881054878235
Sample 15,TimesFM,0.500132143497467
Sample 15,Time-MoE,0.49986788630485535
Sample 16,Moirai,0.5006203055381775
Sample 16,TimesFM,0.4993796646595001
Sample 17,Moirai,0.5001242160797119
Sample 17,Timer,0.4998757839202881
Sample 18,TimesFM,0.5001697540283203
Sample 18,Moirai,0.4998302459716797
Sample 19,Moirai,0.500120222568512
Sample 19,Chronos,0.49987977743148804
Sample 20,Moirai,0.5002942681312561
Sample 20,Chronos,0.4997057318687439
Sample 21,Moirai,0.5000685453414917
Sample 21,TimesFM,0.4999314844608307
Sample 22,Moirai,0.500012993812561
Sample 22,TimesFM,0.4999869763851166
Sample 23,TimesFM,0.5002132654190063
Sample 23,Time-MoE,0.4997867941856384
Sample 24,Moirai,0.5005138516426086
Sample 24,Time-MoE,0.49948611855506897
Sample 25,Timer,0.500041127204895
Sample 25,Chronos,0.4999588429927826
Sample 26,Moirai,0.5003455281257629
Sample 26,Timer,0.49965450167655945
Sample 27,TimesFM,0.5000044703483582
Sample 27,Moirai,0.49999555945396423
Sample 28,Timer,0.5001033544540405
Sample 28,TimesFM,0.4998966455459595
Sample 29,Chronos,0.5000080466270447
Sample 29,Moirai,0.49999192357063293
Sample 30,TimesFM,0.5000213980674744
Sample 30,Chronos,0.499978631734848
Sample 31,TimesFM,0.5002153515815735
Sample 31,Time-MoE,0.4997846484184265
Sample 0,Moirai,0.5006040334701538
Sample 0,TimesFM,0.4993959367275238
Sample 1,Moirai,0.5000979900360107
Sample 1,Timer,0.4999019503593445
Sample 2,Moirai,0.5000481009483337
Sample 2,TimesFM,0.49995186924934387
Sample 3,Moirai,0.5001267194747925
Sample 3,Timer,0.4998732805252075
Sample 4,TimesFM,0.5001499652862549
Sample 4,Time-MoE,0.4998500645160675
Sample 5,Moirai,0.500083327293396
Sample 5,Chronos,0.4999167025089264
Sample 6,Moirai,0.50010085105896
Sample 6,Timer,0.49989908933639526
Sample 7,TimesFM,0.500181257724762
Sample 7,Time-MoE,0.4998187720775604
Sample 8,Moirai,0.500685453414917
Sample 8,Chronos,0.499314546585083
Sample 9,Moirai,0.5001162886619568
Sample 9,Timer,0.4998836815357208
Sample 10,Moirai,0.5002507567405701
Sample 10,Chronos,0.4997492730617523
Sample 11,Moirai,0.5000029802322388
Sample 11,TimesFM,0.49999698996543884
Sample 12,Chronos,0.5000151991844177
Sample 12,Moirai,0.4999848008155823
Sample 13,Moirai,0.50011146068573
Sample 13,Timer,0.49988847970962524
Sample 14,TimesFM,0.5000910758972168
Sample 14,Chronos,0.4999089241027832
Sample 15,TimesFM,0.5001964569091797
Sample 15,Time-MoE,0.4998035430908203
Sample 16,Moirai,0.5008580684661865
Sample 16,Time-MoE,0.4991419315338135
Sample 17,Moirai,0.5000654458999634
Sample 17,Timer,0.499934583902359
Sample 18,TimesFM,0.5001817345619202
Sample 18,Time-MoE,0.4998182952404022
Sample 19,Moirai,0.5000826120376587
Sample 19,Timer,0.4999173581600189
Sample 20,Timer,0.5001868009567261
Sample 20,Moirai,0.4998132288455963
Sample 21,Moirai,0.5001393556594849
Sample 21,Timer,0.4998607039451599
Sample 22,Moirai,0.5000044703483582
Sample 22,TimesFM,0.49999552965164185
Sample 23,TimesFM,0.5001152753829956
Sample 23,Time-MoE,0.499884694814682
Sample 24,Moirai,0.5005985498428345
Sample 24,Chronos,0.4994014799594879
Sample 25,Timer,0.5000307559967041
Sample 25,Chronos,0.4999692142009735
Sample 26,TimesFM,0.5000657439231873
Sample 26,Chronos,0.49993428587913513
Sample 27,TimesFM,0.5000272989273071
Sample 27,Moirai,0.49997273087501526
Sample 28,Moirai,0.500020444393158
Sample 28,Chronos,0.49997958540916443
Sample 29,TimesFM,0.5000145435333252
Sample 29,Moirai,0.4999854862689972
Sample 30,Timer,0.5000245571136475
Sample 30,TimesFM,0.4999754726886749
Sample 31,TimesFM,0.5001705288887024
Sample 31,Time-MoE,0.4998294413089752
Sample 0,Moirai,0.5001447200775146
Sample 0,TimesFM,0.49985527992248535
Sample 1,Moirai,0.5000391006469727
Sample 1,Timer,0.49996086955070496
Sample 2,TimesFM,0.5001618266105652
Sample 2,Moirai,0.4998382031917572
Sample 3,Moirai,0.5000684857368469
Sample 3,Timer,0.4999315142631531
Sample 4,TimesFM,0.5002006888389587
Sample 4,Chronos,0.4997992515563965
Sample 5,TimesFM,0.5001041889190674
Sample 5,Timer,0.49989578127861023
Sample 6,Moirai,0.500083863735199
Sample 6,TimesFM,0.4999161660671234
Sample 7,TimesFM,0.5001674890518188
Sample 7,Time-MoE,0.49983248114585876
Sample 8,Moirai,0.500441312789917
Sample 8,Time-MoE,0.499558687210083
Sample 9,Timer,0.5000407695770264
Sample 9,Chronos,0.499959260225296
Sample 10,Timer,0.5000002980232239
Sample 10,Moirai,0.4999997317790985
Sample 11,Moirai,0.5000350475311279
Sample 11,Chronos,0.49996498227119446
Sample 12,Chronos,0.500065267086029
Sample 12,TimesFM,0.49993476271629333
Sample 13,TimesFM,0.5000084638595581
Sample 13,Chronos,0.4999915361404419
Sample 14,Timer,0.5000263452529907
Sample 14,Moirai,0.49997368454933167
Sample 15,TimesFM,0.5002439022064209
Sample 15,Time-MoE,0.4997560679912567
Sample 16,Moirai,0.5004962086677551
Sample 16,Timer,0.4995037615299225
Sample 17,Timer,0.5000571608543396
Sample 17,Moirai,0.4999428689479828
Sample 18,TimesFM,0.5001702904701233
Sample 18,Chronos,0.4998297393321991
Sample 19,Moirai,0.500314474105835
Sample 19,TimesFM,0.49968552589416504
Sample 20,Chronos,0.5000835061073303
Sample 20,Time-MoE,0.4999164640903473
Sample 21,TimesFM,0.5000158548355103
Sample 21,Timer,0.49998417496681213
Sample 22,Moirai,0.5002175569534302
Sample 22,Timer,0.4997825026512146
Sample 23,Timer,0.5000594854354858
Sample 23,TimesFM,0.49994054436683655
Sample 24,Moirai,0.5001855492591858
Sample 24,TimesFM,0.4998144805431366
Sample 25,Timer,0.5000202655792236
Sample 25,Moirai,0.49997976422309875
Sample 26,TimesFM,0.500004231929779
Sample 26,Moirai,0.49999579787254333
Sample 27,TimesFM,0.5000812411308289
Sample 27,Chronos,0.49991875886917114
Sample 28,TimesFM,0.5000743269920349
Sample 28,Time-MoE,0.4999256730079651
Sample 29,TimesFM,0.5000222325325012
Sample 29,Chronos,0.49997779726982117
Sample 30,Timer,0.5000435709953308
Sample 30,Moirai,0.4999564588069916
Sample 31,TimesFM,0.5001579523086548
Sample 31,Time-MoE,0.4998420178890228
Sample 0,Moirai,0.5003132224082947
Sample 0,TimesFM,0.4996867775917053
Sample 1,Moirai,0.5000824928283691
Sample 1,Timer,0.49991753697395325
Sample 2,TimesFM,0.5001832842826843
Sample 2,Time-MoE,0.49981674551963806
Sample 3,Timer,0.5000021457672119
Sample 3,Moirai,0.4999978244304657
Sample 4,Moirai,0.5001983046531677
Sample 4,Timer,0.4998016655445099
Sample 5,Moirai,0.5002982020378113
Sample 5,Time-MoE,0.4997018277645111
Sample 6,Moirai,0.5003448128700256
Sample 6,Chronos,0.49965518712997437
Sample 7,TimesFM,0.5001074075698853
Sample 7,Timer,0.49989259243011475
Sample 8,Moirai,0.5008722543716431
Sample 8,Time-MoE,0.49912768602371216
Sample 9,Moirai,0.5000202655792236
Sample 9,Timer,0.499979704618454
Sample 10,Chronos,0.5000454187393188
Sample 10,Moirai,0.49995461106300354
Sample 11,Chronos,0.5000496506690979
Sample 11,TimesFM,0.4999503195285797
Sample 12,TimesFM,0.5000196695327759
Sample 12,Chronos,0.4999803602695465
Sample 13,Timer,0.500024676322937
Sample 13,Chronos,0.4999753534793854
Sample 14,Chronos,0.5000027418136597
Sample 14,Moirai,0.49999725818634033
Sample 15,Moirai,0.5000275373458862
Sample 15,Chronos,0.49997249245643616
Sample 16,Moirai,0.5008283257484436
Sample 16,Time-MoE,0.4991717040538788
Sample 17,Timer,0.5000240206718445
Sample 17,Chronos,0.4999759793281555
Sample 18,Moirai,0.5000357031822205
Sample 18,TimesFM,0.49996429681777954
Sample 19,TimesFM,0.5000224113464355
Sample 19,Chronos,0.49997761845588684
Sample 20,TimesFM,0.5000368356704712
Sample 20,Time-MoE,0.4999631941318512
Sample 21,TimesFM,0.5000167489051819
Sample 21,Chronos,0.4999832510948181
Sample 22,Moirai,0.5004612803459167
Sample 22,TimesFM,0.49953874945640564
Sample 23,TimesFM,0.5001420974731445
Sample 23,Time-MoE,0.49985790252685547
Sample 24,Moirai,0.5002979636192322
Sample 24,Time-MoE,0.4997020661830902
Sample 25,Chronos,0.5000056624412537
Sample 25,TimesFM,0.4999943673610687
Sample 26,TimesFM,0.5001875162124634
Sample 26,Time-MoE,0.499812513589859
Sample 27,Chronos,0.5000036358833313
Sample 27,TimesFM,0.4999963939189911
Sample 28,TimesFM,0.5000156760215759
Sample 28,Chronos,0.49998435378074646
Sample 29,TimesFM,0.5000515580177307
Sample 29,Chronos,0.4999484717845917
Sample 30,Moirai,0.5001797676086426
Sample 30,Timer,0.4998202621936798
Sample 31,TimesFM,0.5000390410423279
Sample 31,Time-MoE,0.49996092915534973
Sample 0,Moirai,0.5011767148971558
Sample 0,Time-MoE,0.49882325530052185
Sample 1,Moirai,0.5000349879264832
Sample 1,Timer,0.49996498227119446
Sample 2,Moirai,0.5001168847084045
Sample 2,Chronos,0.49988311529159546
Sample 3,Chronos,0.5000063180923462
Sample 3,Timer,0.4999937117099762
Sample 4,Timer,0.5003555417060852
Sample 4,Moirai,0.4996444880962372
Sample 5,Chronos,0.5000076293945312
Sample 5,TimesFM,0.49999240040779114
Sample 6,Moirai,0.5000045895576477
Sample 6,Timer,0.4999954402446747
Sample 7,TimesFM,0.5001332759857178
Sample 7,Moirai,0.499866783618927
Sample 8,Moirai,0.5008749961853027
Sample 8,Time-MoE,0.49912503361701965
Sample 9,Moirai,0.5000303387641907
Sample 9,Timer,0.49996963143348694
Sample 10,Moirai,0.5000067949295044
Sample 10,TimesFM,0.4999932050704956
Sample 11,Moirai,0.5001681447029114
Sample 11,TimesFM,0.499831885099411
Sample 12,Moirai,0.5000839233398438
Sample 12,Timer,0.49991610646247864
Sample 13,Moirai,0.5000087022781372
Sample 13,TimesFM,0.4999912977218628
Sample 14,Chronos,0.5000056028366089
Sample 14,TimesFM,0.4999943673610687
Sample 15,TimesFM,0.5001027584075928
Sample 15,Chronos,0.49989721179008484
Sample 16,Moirai,0.5009192228317261
Sample 16,Time-MoE,0.49908074736595154
Sample 17,Chronos,0.5000089406967163
Sample 17,Timer,0.4999910593032837
Sample 18,Moirai,0.5005488395690918
Sample 18,Time-MoE,0.4994511902332306
Sample 19,Chronos,0.5000118017196655
Sample 19,TimesFM,0.49998822808265686
Sample 20,Chronos,0.5001093745231628
Sample 20,Time-MoE,0.49989059567451477
Sample 21,TimesFM,0.5000056028366089
Sample 21,Chronos,0.4999944269657135
Sample 22,Moirai,0.5001198649406433
Sample 22,Timer,0.4998800754547119
Sample 23,TimesFM,0.5002214908599854
Sample 23,Time-MoE,0.49977850914001465
Sample 24,Moirai,0.5007978677749634
Sample 24,Time-MoE,0.4992021322250366
Sample 25,Timer,0.5000776052474976
Sample 25,Moirai,0.49992239475250244
Sample 26,Moirai,0.5001003742218018
Sample 26,TimesFM,0.49989962577819824
Sample 27,Chronos,0.5000386238098145
Sample 27,Moirai,0.49996134638786316
Sample 28,TimesFM,0.500170111656189
Sample 28,Time-MoE,0.49982988834381104
Sample 29,TimesFM,0.5000406503677368
Sample 29,Chronos,0.4999593198299408
Sample 30,Moirai,0.5000466704368591
Sample 30,Timer,0.49995332956314087
Sample 31,TimesFM,0.5000643730163574
Sample 31,Moirai,0.49993565678596497
Sample 0,Moirai,0.5005365014076233
Sample 0,TimesFM,0.4994635581970215
Sample 1,Timer,0.5000085234642029
Sample 1,Moirai,0.4999914765357971
Sample 2,Moirai,0.5002598762512207
Sample 2,TimesFM,0.4997401237487793
Sample 3,Moirai,0.500026524066925
Sample 3,Chronos,0.49997350573539734
Sample 4,Chronos,0.5000582933425903
Sample 4,Moirai,0.49994173645973206
Sample 5,Moirai,0.5000564455986023
Sample 5,TimesFM,0.4999435842037201
Sample 6,Moirai,0.5004787445068359
Sample 6,Timer,0.49952131509780884
Sample 7,TimesFM,0.5001067519187927
Sample 7,Moirai,0.4998931884765625
Sample 8,Moirai,0.5006347894668579
Sample 8,TimesFM,0.4993652403354645
Sample 9,Moirai,0.5000532865524292
Sample 9,Timer,0.4999467134475708
Sample 10,Moirai,0.5003663897514343
Sample 10,TimesFM,0.4996336102485657
Sample 11,Moirai,0.5000830292701721
Sample 11,Timer,0.49991700053215027
Sample 12,Chronos,0.5000295639038086
Sample 12,Timer,0.4999704658985138
Sample 13,Chronos,0.5000923275947571
Sample 13,TimesFM,0.49990764260292053
Sample 14,TimesFM,0.5001493692398071
Sample 14,Time-MoE,0.49985069036483765
Sample 15,Moirai,0.500135064125061
Sample 15,TimesFM,0.49986499547958374
Sample 16,Moirai,0.5003224015235901
Sample 16,TimesFM,0.4996775686740875
Sample 17,Moirai,0.5000433921813965
Sample 17,Timer,0.4999566078186035
Sample 18,TimesFM,0.5001392364501953
Sample 18,Moirai,0.4998607933521271
Sample 19,Moirai,0.5001266002655029
Sample 19,Timer,0.49987345933914185
Sample 20,TimesFM,0.5000269412994385
Sample 20,Chronos,0.4999730885028839
Sample 21,Moirai,0.5000498294830322
Sample 21,Timer,0.4999501705169678
Sample 22,Moirai,0.5000612139701843
Sample 22,TimesFM,0.49993881583213806
Sample 23,TimesFM,0.5001793503761292
Sample 23,Time-MoE,0.49982064962387085
Sample 24,Moirai,0.5011570453643799
Sample 24,Time-MoE,0.49884292483329773
Sample 25,Moirai,0.5000240206718445
Sample 25,Chronos,0.4999759793281555
Sample 26,Moirai,0.5003097653388977
Sample 26,TimesFM,0.4996902644634247
Sample 27,Chronos,0.5000351071357727
Sample 27,Moirai,0.4999648630619049
Sample 28,Chronos,0.5001499652862549
Sample 28,TimesFM,0.49985000491142273
Sample 29,TimesFM,0.5000389814376831
Sample 29,Moirai,0.4999610483646393
Sample 30,Chronos,0.5000646114349365
Sample 30,Moirai,0.4999353587627411
Sample 31,TimesFM,0.5001065731048584
Sample 31,Chronos,0.4998933672904968
Sample 0,Moirai,0.5004576444625854
Sample 0,Timer,0.49954232573509216
Sample 1,Timer,0.5000156760215759
Sample 1,Chronos,0.4999842941761017
Sample 2,TimesFM,0.5001512765884399
Sample 2,Chronos,0.49984869360923767
Sample 3,Chronos,0.5000306963920593
Sample 3,Timer,0.49996933341026306
Sample 4,Chronos,0.500347375869751
Sample 4,Time-MoE,0.4996526539325714
Sample 5,Timer,0.5000439882278442
Sample 5,Chronos,0.49995601177215576
Sample 6,Moirai,0.5000019073486328
Sample 6,Timer,0.4999981224536896
Sample 7,TimesFM,0.5001474022865295
Sample 7,Time-MoE,0.49985262751579285
Sample 8,Moirai,0.5009667873382568
Sample 8,Time-MoE,0.49903321266174316
Sample 9,Timer,0.500002920627594
Sample 9,Moirai,0.4999971091747284
Sample 10,TimesFM,0.500260591506958
Sample 10,Moirai,0.4997393488883972
Sample 11,Moirai,0.50001460313797
Sample 11,Timer,0.49998539686203003
Sample 12,Timer,0.5002920627593994
Sample 12,Time-MoE,0.4997079074382782
Sample 13,Moirai,0.500080943107605
Sample 13,Timer,0.4999190866947174
Sample 14,Chronos,0.5000235438346863
Sample 14,Timer,0.49997642636299133
Sample 15,TimesFM,0.5001742243766785
Sample 15,Time-MoE,0.4998258054256439
Sample 0,Moirai,0.5011499524116516
Sample 0,TimesFM,0.4988500475883484
Sample 1,Timer,0.50005704164505
Sample 1,Moirai,0.49994292855262756
Sample 2,Time-MoE,0.5000119209289551
Sample 2,Chronos,0.4999881088733673
Sample 3,Moirai,0.5000304579734802
Sample 3,Chronos,0.4999695122241974
Sample 4,Timer,0.5002856850624084
Sample 4,Moirai,0.49971434473991394
Sample 5,Timer,0.5000385046005249
Sample 5,Chronos,0.4999615252017975
Sample 6,Moirai,0.5002138018608093
Sample 6,Chronos,0.49978625774383545
Sample 7,TimesFM,0.500170111656189
Sample 7,Time-MoE,0.49982988834381104
Sample 8,Moirai,0.5011947751045227
Sample 8,TimesFM,0.4988052546977997
Sample 9,Timer,0.5000454187393188
Sample 9,Moirai,0.49995455145835876
Sample 10,TimesFM,0.5001981854438782
Sample 10,Chronos,0.4998018145561218
Sample 11,Chronos,0.5000571608543396
Sample 11,TimesFM,0.4999428391456604
Sample 12,Timer,0.5000213980674744
Sample 12,TimesFM,0.499978631734848
Sample 13,Moirai,0.5000135898590088
Sample 13,Chronos,0.4999864399433136
Sample 14,TimesFM,0.5000239014625549
Sample 14,Chronos,0.4999760687351227
Sample 15,TimesFM,0.5001457333564758
Sample 15,Time-MoE,0.49985432624816895
Sample 16,Moirai,0.5006991624832153
Sample 16,TimesFM,0.4993007779121399
Sample 17,Moirai,0.5001130104064941
Sample 17,Timer,0.49988698959350586
Sample 18,TimesFM,0.5001859068870544
Sample 18,Moirai,0.49981412291526794
Sample 19,Moirai,0.5001105666160583
Sample 19,Chronos,0.49988940358161926
Sample 20,Moirai,0.5003112554550171
Sample 20,Chronos,0.4996887743473053
Sample 21,Moirai,0.5000609159469604
Sample 21,TimesFM,0.49993908405303955
Sample 22,TimesFM,0.5000091791152954
Sample 22,Moirai,0.4999908208847046
Sample 23,TimesFM,0.5002093315124512
Sample 23,Time-MoE,0.49979063868522644
Sample 24,Moirai,0.5005782842636108
Sample 24,Time-MoE,0.49942174553871155
Sample 25,Timer,0.500045657157898
Sample 25,Chronos,0.49995437264442444
Sample 26,Moirai,0.5003637075424194
Sample 26,Timer,0.4996362328529358
Sample 27,TimesFM,0.5000014901161194
Sample 27,Moirai,0.4999984800815582
Sample 28,Timer,0.500146210193634
Sample 28,Chronos,0.49985378980636597
Sample 29,Chronos,0.5000203251838684
Sample 29,Timer,0.4999796450138092
Sample 30,TimesFM,0.5000244379043579
Sample 30,Chronos,0.4999755322933197
Sample 31,TimesFM,0.5001932382583618
Sample 31,Time-MoE,0.4998067617416382
Sample 0,Moirai,0.5006537437438965
Sample 0,TimesFM,0.49934622645378113
Sample 1,Moirai,0.5000865459442139
Sample 1,Timer,0.49991345405578613
Sample 2,Moirai,0.5000350475311279
Sample 2,TimesFM,0.4999649226665497
Sample 3,Moirai,0.5001238584518433
Sample 3,Timer,0.4998762011528015
Sample 4,TimesFM,0.5001250505447388
Sample 4,Timer,0.499875009059906
Sample 5,Moirai,0.5000742077827454
Sample 5,Chronos,0.49992576241493225
Sample 6,Moirai,0.5000897645950317
Sample 6,Timer,0.4999101758003235
Sample 7,TimesFM,0.500198483467102
Sample 7,Time-MoE,0.49980148673057556
Sample 8,Moirai,0.5007739663124084
Sample 8,Chronos,0.49922606348991394
Sample 9,Moirai,0.5001088976860046
Sample 9,Timer,0.49989110231399536
Sample 10,Moirai,0.5002643465995789
Sample 10,Chronos,0.49973562359809875
Sample 11,Moirai,0.5000039935112
Sample 11,TimesFM,0.49999603629112244
Sample 12,Chronos,0.5000343918800354
Sample 12,Moirai,0.4999655783176422
Sample 13,Moirai,0.5001095533370972
Sample 13,Timer,0.49989041686058044
Sample 14,TimesFM,0.5000931024551392
Sample 14,Chronos,0.49990686774253845
Sample 15,TimesFM,0.5002089142799377
Sample 15,Time-MoE,0.4997910261154175
Sample 16,Moirai,0.5009673833847046
Sample 16,Time-MoE,0.499032586812973
Sample 17,Moirai,0.5000495314598083
Sample 17,Timer,0.49995049834251404
Sample 18,TimesFM,0.5001972913742065
Sample 18,Chronos,0.4998026490211487
Sample 19,Moirai,0.5000743269920349
Sample 19,Timer,0.4999257028102875
Sample 20,Timer,0.5002407431602478
Sample 20,Moirai,0.4997592270374298
Sample 21,Moirai,0.5001376271247864
Sample 21,Timer,0.4998623728752136
Sample 22,TimesFM,0.5000095367431641
Sample 22,Moirai,0.49999046325683594
Sample 23,TimesFM,0.5000942349433899
Sample 23,Chronos,0.4999057650566101
Sample 24,Moirai,0.500670850276947
Sample 24,Chronos,0.49932917952537537
Sample 25,Timer,0.5000303983688354
Sample 25,Chronos,0.49996957182884216
Sample 26,TimesFM,0.5000731348991394
Sample 26,Chronos,0.4999268651008606
Sample 27,TimesFM,0.5000280141830444
Sample 27,Chronos,0.49997201561927795
Sample 28,Chronos,0.5000293254852295
Sample 28,Moirai,0.4999707043170929
Sample 29,TimesFM,0.5000235438346863
Sample 29,Chronos,0.49997642636299133
Sample 30,Timer,0.5000243782997131
Sample 30,Chronos,0.49997565150260925
Sample 31,TimesFM,0.5001843571662903
Sample 31,Time-MoE,0.4998156726360321
Sample 0,Moirai,0.5001630187034607
Sample 0,TimesFM,0.4998369514942169
Sample 1,Moirai,0.5000283718109131
Sample 1,Timer,0.4999715983867645
Sample 2,TimesFM,0.5001758933067322
Sample 2,Moirai,0.49982407689094543
Sample 3,Moirai,0.5000654458999634
Sample 3,Timer,0.499934583902359
Sample 4,TimesFM,0.5001871585845947
Sample 4,Chronos,0.4998128414154053
Sample 5,TimesFM,0.500113844871521
Sample 5,Timer,0.499886155128479
Sample 6,Moirai,0.5000789761543274
Sample 6,TimesFM,0.499921053647995
Sample 7,TimesFM,0.5001789331436157
Sample 7,Time-MoE,0.4998210370540619
Sample 8,Moirai,0.5004642009735107
Sample 8,Chronos,0.49953582882881165
Sample 9,Timer,0.5000413656234741
Sample 9,Chronos,0.49995866417884827
Sample 10,Timer,0.5000155568122864
Sample 10,Moirai,0.49998441338539124
Sample 11,Moirai,0.5000076293945312
Sample 11,Chronos,0.49999240040779114
Sample 12,Chronos,0.5001435279846191
Sample 12,TimesFM,0.49985647201538086
Sample 13,TimesFM,0.5000079870223999
Sample 13,Chronos,0.4999920427799225
Sample 14,Timer,0.5000582337379456
Sample 14,Moirai,0.49994179606437683
Sample 15,TimesFM,0.5002602934837341
Sample 15,Time-MoE,0.49973970651626587
Sample 16,Moirai,0.5005501508712769
Sample 16,Timer,0.49944981932640076
Sample 17,Timer,0.5000684857368469
Sample 17,Chronos,0.4999314844608307
Sample 18,TimesFM,0.5001345276832581
Sample 18,Chronos,0.49986547231674194
Sample 19,Moirai,0.500336229801178
Sample 19,TimesFM,0.49966374039649963
Sample 20,Chronos,0.5001546144485474
Sample 20,Time-MoE,0.49984535574913025
Sample 21,TimesFM,0.5000215172767639
Sample 21,Timer,0.49997851252555847
Sample 22,Moirai,0.5002315640449524
Sample 22,Timer,0.4997684061527252
Sample 23,Timer,0.5000858902931213
Sample 23,Time-MoE,0.49991413950920105
Sample 24,Moirai,0.5002037882804871
Sample 24,TimesFM,0.49979621171951294
Sample 25,Timer,0.5000233054161072
Sample 25,Chronos,0.4999767243862152
Sample 26,TimesFM,0.5000161528587341
Sample 26,Moirai,0.4999838173389435
Sample 27,TimesFM,0.5000574588775635
Sample 27,Chronos,0.4999425411224365
Sample 28,TimesFM,0.5000560283660889
Sample 28,Chronos,0.49994394183158875
Sample 29,TimesFM,0.5000196099281311
Sample 29,Chronos,0.4999804198741913
Sample 30,Timer,0.5000509023666382
Sample 30,Chronos,0.4999490976333618
Sample 31,TimesFM,0.5001793503761292
Sample 31,Time-MoE,0.49982067942619324
Sample 0,Moirai,0.5003419518470764
Sample 0,TimesFM,0.4996580481529236
Sample 1,Moirai,0.5000840425491333
Sample 1,Timer,0.4999159872531891
Sample 2,TimesFM,0.5002011060714722
Sample 2,Time-MoE,0.49979889392852783
Sample 3,Timer,0.5000030994415283
Sample 3,Chronos,0.49999693036079407
Sample 4,Moirai,0.5001947283744812
Sample 4,Timer,0.4998052716255188
Sample 5,Moirai,0.5003111362457275
Sample 5,Chronos,0.49968886375427246
Sample 6,Moirai,0.5003836154937744
Sample 6,Chronos,0.4996163547039032
Sample 7,TimesFM,0.5001158118247986
Sample 7,Timer,0.49988412857055664
Sample 8,Moirai,0.5009810924530029
Sample 8,TimesFM,0.49901893734931946
Sample 9,Moirai,0.5000113844871521
Sample 9,Timer,0.4999886453151703
Sample 10,Chronos,0.5000935792922974
Sample 10,TimesFM,0.49990636110305786
Sample 11,Chronos,0.500056266784668
Sample 11,TimesFM,0.4999437630176544
Sample 12,Chronos,0.5000207424163818
Sample 12,TimesFM,0.4999792277812958
Sample 13,Timer,0.5000234842300415
Sample 13,Chronos,0.4999765455722809
Sample 14,Chronos,0.5000022053718567
Sample 14,TimesFM,0.4999977946281433
Sample 15,Chronos,0.5000123381614685
Sample 15,Moirai,0.4999876916408539
Sample 16,Moirai,0.5009210705757141
Sample 16,TimesFM,0.4990789294242859
Sample 17,Timer,0.5000197887420654
Sample 17,Chronos,0.49998024106025696
Sample 18,Moirai,0.5000422596931458
Sample 18,TimesFM,0.49995777010917664
Sample 19,TimesFM,0.5000124573707581
Sample 19,Chronos,0.49998757243156433
Sample 20,TimesFM,0.5000389814376831
Sample 20,Chronos,0.4999610483646393
Sample 21,TimesFM,0.5000190138816833
Sample 21,Chronos,0.49998101592063904
Sample 22,Moirai,0.5005055665969849
Sample 22,TimesFM,0.49949443340301514
Sample 23,TimesFM,0.5001544952392578
Sample 23,Time-MoE,0.4998454749584198
Sample 24,Moirai,0.5003265142440796
Sample 24,TimesFM,0.4996734857559204
Sample 25,Chronos,0.5000027418136597
Sample 25,TimesFM,0.49999725818634033
Sample 26,TimesFM,0.5002013444900513
Sample 26,Chronos,0.49979865550994873
Sample 27,Chronos,0.5000118017196655
Sample 27,TimesFM,0.49998822808265686
Sample 28,Chronos,0.500028669834137
Sample 28,TimesFM,0.49997130036354065
Sample 29,TimesFM,0.5000374913215637
Sample 29,Chronos,0.49996253848075867
Sample 30,Moirai,0.5001954436302185
Sample 30,Timer,0.4998045563697815
Sample 31,TimesFM,0.5000605583190918
Sample 31,Time-MoE,0.4999394118785858
Sample 0,Moirai,0.5013307332992554
Sample 0,TimesFM,0.49866920709609985
Sample 1,Moirai,0.5000349283218384
Sample 1,Timer,0.499965101480484
Sample 2,Moirai,0.5001018643379211
Sample 2,Chronos,0.49989813566207886
Sample 3,Chronos,0.5000156760215759
Sample 3,Timer,0.4999843239784241
Sample 4,Timer,0.5004212856292725
Sample 4,Moirai,0.49957871437072754
Sample 5,Chronos,0.5000014901161194
Sample 5,TimesFM,0.4999984800815582
Sample 6,Timer,0.5000044703483582
Sample 6,Moirai,0.49999552965164185
Sample 7,TimesFM,0.5001457929611206
Sample 7,Moirai,0.4998542368412018
Sample 8,Moirai,0.501003086566925
Sample 8,Time-MoE,0.4989969730377197
Sample 9,Moirai,0.5000277757644653
Sample 9,Timer,0.4999721944332123
Sample 10,TimesFM,0.500002384185791
Sample 10,Moirai,0.49999764561653137
Sample 11,Moirai,0.5001895427703857
Sample 11,TimesFM,0.49981048703193665
Sample 12,Moirai,0.5000810027122498
Sample 12,Timer,0.49991896748542786
Sample 13,Moirai,0.5000021457672119
Sample 13,TimesFM,0.4999978542327881
Sample 14,Chronos,0.5000062584877014
Sample 14,TimesFM,0.49999377131462097
Sample 15,TimesFM,0.5000410676002502
Sample 15,Chronos,0.49995896220207214
Sample 16,Moirai,0.5010386109352112
Sample 16,TimesFM,0.49896135926246643
Sample 17,Chronos,0.5000045895576477
Sample 17,TimesFM,0.4999954402446747
Sample 18,Moirai,0.5006083250045776
Sample 18,Time-MoE,0.49939167499542236
Sample 19,Chronos,0.500025749206543
Sample 19,TimesFM,0.49997425079345703
Sample 20,Chronos,0.5001972913742065
Sample 20,Time-MoE,0.49980267882347107
Sample 21,TimesFM,0.5000113844871521
Sample 21,Chronos,0.4999885857105255
Sample 22,Moirai,0.5001329183578491
Sample 22,Timer,0.4998670816421509
Sample 23,TimesFM,0.5002411603927612
Sample 23,Time-MoE,0.4997588098049164
Sample 24,Moirai,0.5009173154830933
Sample 24,Time-MoE,0.4990827143192291
Sample 25,Timer,0.5000935196876526
Sample 25,Chronos,0.4999064803123474
Sample 26,Moirai,0.5001132488250732
Sample 26,TimesFM,0.49988672137260437
Sample 27,Chronos,0.5000541806221008
Sample 27,Moirai,0.49994584918022156
Sample 28,TimesFM,0.5001756548881531
Sample 28,Chronos,0.4998243749141693
Sample 29,TimesFM,0.5000439882278442
Sample 29,Chronos,0.4999559819698334
Sample 30,Moirai,0.500048041343689
Sample 30,Timer,0.49995192885398865
Sample 31,TimesFM,0.5000738501548767
Sample 31,Moirai,0.4999261498451233
Sample 0,Moirai,0.500607430934906
Sample 0,TimesFM,0.499392569065094
Sample 1,Timer,0.5000069737434387
Sample 1,Moirai,0.49999305605888367
Sample 2,Moirai,0.5003069043159485
Sample 2,TimesFM,0.4996931254863739
Sample 3,Moirai,0.5000304579734802
Sample 3,Chronos,0.4999695122241974
Sample 4,Chronos,0.5001046061515808
Sample 4,Moirai,0.4998953342437744
Sample 5,Moirai,0.500068187713623
Sample 5,TimesFM,0.49993184208869934
Sample 6,Moirai,0.5005333423614502
Sample 6,Timer,0.4994666576385498
Sample 7,TimesFM,0.5000978112220764
Sample 7,Moirai,0.4999021291732788
Sample 8,Moirai,0.5007248520851135
Sample 8,TimesFM,0.4992751479148865
Sample 9,Moirai,0.500063419342041
Sample 9,Timer,0.4999365508556366
Sample 10,Moirai,0.5004178285598755
Sample 10,TimesFM,0.4995822012424469
Sample 11,Moirai,0.5000896453857422
Sample 11,Timer,0.4999103248119354
Sample 12,Chronos,0.5000715851783752
Sample 12,Time-MoE,0.49992838501930237
Sample 13,Chronos,0.5001311302185059
Sample 13,TimesFM,0.4998689293861389
Sample 14,TimesFM,0.5001792311668396
Sample 14,Time-MoE,0.499820739030838
Sample 15,Moirai,0.5001636743545532
Sample 15,TimesFM,0.4998362958431244
Sample 16,Moirai,0.500370979309082
Sample 16,TimesFM,0.49962902069091797
Sample 17,Moirai,0.5000506639480591
Sample 17,Timer,0.4999493658542633
Sample 18,TimesFM,0.5001482367515564
Sample 18,Moirai,0.4998518228530884
Sample 19,Moirai,0.5001453161239624
Sample 19,Timer,0.49985471367836
Sample 20,TimesFM,0.500027596950531
Sample 20,Chronos,0.4999724328517914
Sample 21,Moirai,0.5000622272491455
Sample 21,Timer,0.4999378025531769
Sample 22,Moirai,0.5000659227371216
Sample 22,TimesFM,0.4999341070652008
Sample 23,TimesFM,0.5001895427703857
Sample 23,Time-MoE,0.49981048703193665
Sample 24,Moirai,0.5013077855110168
Sample 24,Time-MoE,0.49869218468666077
Sample 25,Moirai,0.5000305771827698
Sample 25,Chronos,0.4999694228172302
Sample 26,Moirai,0.5003537535667419
Sample 26,TimesFM,0.49964627623558044
Sample 27,Chronos,0.5000331997871399
Sample 27,Moirai,0.4999668300151825
Sample 28,Chronos,0.5002046227455139
Sample 28,TimesFM,0.4997953474521637
Sample 29,TimesFM,0.5000461339950562
Sample 29,Moirai,0.49995386600494385
Sample 30,Chronos,0.5000678896903992
Sample 30,Moirai,0.49993211030960083
Sample 31,TimesFM,0.5000316500663757
Sample 31,Chronos,0.49996837973594666
Sample 0,Moirai,0.5005368590354919
Sample 0,Timer,0.49946314096450806
Sample 1,Timer,0.5000155568122864
Sample 1,Chronos,0.499984472990036
Sample 2,TimesFM,0.500151515007019
Sample 2,Chronos,0.49984845519065857
Sample 3,Chronos,0.5000420212745667
Sample 3,Timer,0.49995800852775574
Sample 4,Chronos,0.5004256963729858
Sample 4,Time-MoE,0.49957430362701416
Sample 5,Timer,0.5000443458557129
Sample 5,Chronos,0.4999556243419647
Sample 6,Moirai,0.5000037550926208
Sample 6,Timer,0.49999624490737915
Sample 7,TimesFM,0.5001465678215027
Sample 7,Time-MoE,0.4998534321784973
Sample 8,Moirai,0.5010885000228882
Sample 8,Time-MoE,0.4989115595817566
Sample 9,Moirai,0.5000068545341492
Sample 9,Timer,0.49999311566352844
Sample 10,TimesFM,0.5002628564834595
Sample 10,Moirai,0.4997371435165405
Sample 11,Moirai,0.5000258684158325
Sample 11,Timer,0.49997416138648987
Sample 12,Timer,0.5003054738044739
Sample 12,Time-MoE,0.49969449639320374
Sample 13,Moirai,0.5001021027565002
Sample 13,Timer,0.49989789724349976
Sample 14,Chronos,0.5000250339508057
Sample 14,Timer,0.49997493624687195
Sample 15,TimesFM,0.5001798868179321
Sample 15,Time-MoE,0.49982014298439026
Sample 0,Moirai,0.5012986063957214
Sample 0,Time-MoE,0.49870139360427856
Sample 1,Timer,0.5000551342964172
Sample 1,Moirai,0.49994489550590515
Sample 2,Chronos,0.5000161528587341
Sample 2,Time-MoE,0.4999838173389435
Sample 3,Moirai,0.5000427961349487
Sample 3,Chronos,0.4999571740627289
Sample 4,Timer,0.500322163105011
Sample 4,Moirai,0.49967777729034424
Sample 5,Timer,0.50004643201828
Sample 5,Chronos,0.49995356798171997
Sample 6,Moirai,0.5002545118331909
Sample 6,Chronos,0.4997454583644867
Sample 7,TimesFM,0.5001611709594727
Sample 7,Time-MoE,0.49983879923820496
Sample 8,Moirai,0.5013518929481506
Sample 8,Time-MoE,0.49864813685417175
Sample 9,Timer,0.5000421404838562
Sample 9,Moirai,0.4999578893184662
Sample 10,TimesFM,0.5001744627952576
Sample 10,Chronos,0.49982553720474243
Sample 11,Chronos,0.5000512599945068
Sample 11,Moirai,0.49994876980781555
Sample 12,Timer,0.5000202655792236
Sample 12,TimesFM,0.49997976422309875
Sample 13,Moirai,0.5000253319740295
Sample 13,Chronos,0.49997469782829285
Sample 14,TimesFM,0.5000273585319519
Sample 14,Chronos,0.4999726712703705
Sample 15,TimesFM,0.5001360774040222
Sample 15,Time-MoE,0.49986398220062256
Sample 16,Moirai,0.500811755657196
Sample 16,Time-MoE,0.49918827414512634
Sample 17,Moirai,0.5001405477523804
Sample 17,Timer,0.49985945224761963
Sample 18,TimesFM,0.5001720190048218
Sample 18,Moirai,0.49982795119285583
Sample 19,Moirai,0.5001344084739685
Sample 19,Chronos,0.49986565113067627
Sample 20,Moirai,0.5003572702407837
Sample 20,Chronos,0.4996426999568939
Sample 21,Moirai,0.5000900626182556
Sample 21,TimesFM,0.4999098777770996
Sample 22,TimesFM,0.5000026822090149
Sample 22,Moirai,0.4999972879886627
Sample 23,TimesFM,0.5002012848854065
Sample 23,Time-MoE,0.49979865550994873
Sample 24,Moirai,0.5006585717201233
Sample 24,Time-MoE,0.4993414282798767
Sample 25,Timer,0.500051736831665
Sample 25,Chronos,0.49994826316833496
Sample 26,Moirai,0.5004184246063232
Sample 26,Timer,0.49958160519599915
Sample 27,Moirai,0.5000346302986145
Sample 27,TimesFM,0.4999653398990631
Sample 28,Timer,0.500037670135498
Sample 28,Chronos,0.49996235966682434
Sample 29,Chronos,0.5000198483467102
Sample 29,Moirai,0.4999801814556122
Sample 30,TimesFM,0.5000216364860535
Sample 30,Chronos,0.49997836351394653
Sample 31,TimesFM,0.5001654028892517
Sample 31,Time-MoE,0.4998345673084259
Sample 0,Moirai,0.5007596611976624
Sample 0,Time-MoE,0.49924030900001526
Sample 1,Moirai,0.500108540058136
Sample 1,Timer,0.499891459941864
Sample 2,Moirai,0.5000539422035217
Sample 2,TimesFM,0.49994608759880066
Sample 3,Moirai,0.5001460313796997
Sample 3,Timer,0.49985402822494507
Sample 4,TimesFM,0.5001117587089539
Sample 4,Time-MoE,0.49988824129104614
Sample 5,Moirai,0.5001042485237122
Sample 5,Chronos,0.49989569187164307
Sample 6,Moirai,0.5001024603843689
Sample 6,Timer,0.4998975396156311
Sample 7,TimesFM,0.500185489654541
Sample 7,Time-MoE,0.499814510345459
Sample 8,Moirai,0.5008981227874756
Sample 8,Chronos,0.499101847410202
Sample 9,Moirai,0.5001332759857178
Sample 9,Timer,0.4998667240142822
Sample 10,Moirai,0.5003182291984558
Sample 10,Chronos,0.4996817708015442
Sample 11,Moirai,0.5000448226928711
Sample 11,TimesFM,0.4999551475048065
Sample 12,Chronos,0.500036358833313
Sample 12,Moirai,0.4999636709690094
Sample 13,Moirai,0.5001392960548401
Sample 13,Timer,0.4998607039451599
Sample 14,TimesFM,0.5000937581062317
Sample 14,Chronos,0.4999062418937683
Sample 15,TimesFM,0.5001804828643799
Sample 15,Time-MoE,0.4998195469379425
Sample 16,Moirai,0.5011044144630432
Sample 16,Time-MoE,0.4988955557346344
Sample 17,Moirai,0.5000672936439514
Sample 17,Timer,0.49993273615837097
Sample 18,TimesFM,0.5001831650733948
Sample 18,Chronos,0.49981680512428284
Sample 19,Moirai,0.5000949501991272
Sample 19,Timer,0.4999050199985504
Sample 20,Timer,0.500261127948761
Sample 20,Moirai,0.49973881244659424
Sample 21,Moirai,0.5001676678657532
Sample 21,Timer,0.49983230233192444
Sample 22,Moirai,0.5000123977661133
Sample 22,TimesFM,0.4999876320362091
Sample 23,TimesFM,0.5000259280204773
Sample 23,Chronos,0.4999740719795227
Sample 24,Moirai,0.500788688659668
Sample 24,Chronos,0.49921128153800964
Sample 25,Timer,0.5000356435775757
Sample 25,Chronos,0.4999643862247467
Sample 26,TimesFM,0.5000705122947693
Sample 26,Chronos,0.4999295175075531
Sample 27,TimesFM,0.5000178217887878
Sample 27,Chronos,0.49998217821121216
Sample 28,Chronos,0.5000642538070679
Sample 28,Moirai,0.49993571639060974
Sample 29,TimesFM,0.5000157952308655
Sample 29,Chronos,0.4999842345714569
Sample 30,Timer,0.5000235438346863
Sample 30,Chronos,0.49997642636299133
Sample 31,TimesFM,0.5001686811447144
Sample 31,Time-MoE,0.49983134865760803
Sample 0,Moirai,0.5002513527870178
Sample 0,TimesFM,0.49974867701530457
Sample 1,Moirai,0.5000422596931458
Sample 1,Timer,0.49995777010917664
Sample 2,TimesFM,0.5001542568206787
Sample 2,Moirai,0.4998457133769989
Sample 3,Moirai,0.5000815391540527
Sample 3,Timer,0.49991846084594727
Sample 4,TimesFM,0.5001523494720459
Sample 4,Chronos,0.4998476803302765
Sample 5,TimesFM,0.5001147985458374
Sample 5,Timer,0.4998852014541626
Sample 6,Moirai,0.5001116394996643
Sample 6,TimesFM,0.4998883008956909
Sample 7,TimesFM,0.5001552104949951
Sample 7,Time-MoE,0.49984481930732727
Sample 8,Moirai,0.5005096197128296
Sample 8,Chronos,0.4994904398918152
Sample 9,Timer,0.5000530481338501
Sample 9,Chronos,0.4999469518661499
Sample 10,Timer,0.5000072121620178
Sample 10,Moirai,0.4999927580356598
Sample 11,Moirai,0.500015914440155
Sample 11,Chronos,0.49998411536216736
Sample 12,Chronos,0.5002253651618958
Sample 12,TimesFM,0.49977466464042664
Sample 13,TimesFM,0.500001072883606
Sample 13,Chronos,0.49999895691871643
Sample 14,Timer,0.5000683069229126
Sample 14,Moirai,0.499931663274765
Sample 15,TimesFM,0.5002539157867432
Sample 15,Time-MoE,0.49974605441093445
Sample 16,Moirai,0.5006384253501892
Sample 16,Timer,0.4993616044521332
Sample 17,Timer,0.5000815391540527
Sample 17,Chronos,0.4999184310436249
Sample 18,TimesFM,0.5000988841056824
Sample 18,Chronos,0.49990105628967285
Sample 19,Moirai,0.5004237294197083
Sample 19,TimesFM,0.49957630038261414
Sample 20,Chronos,0.500201404094696
Sample 20,Time-MoE,0.49979859590530396
Sample 21,TimesFM,0.5000079274177551
Sample 21,Timer,0.49999210238456726
Sample 22,Moirai,0.5002709627151489
Sample 22,Timer,0.4997290372848511
Sample 23,Timer,0.5000720620155334
Sample 23,Time-MoE,0.49992796778678894
Sample 24,Moirai,0.5002843737602234
Sample 24,TimesFM,0.499715656042099
Sample 25,Timer,0.5000311732292175
Sample 25,Chronos,0.49996885657310486
Sample 26,Moirai,0.5000039935112
Sample 26,TimesFM,0.49999603629112244
Sample 27,TimesFM,0.5000332593917847
Sample 27,Chronos,0.4999667704105377
Sample 28,Chronos,0.5000135898590088
Sample 28,TimesFM,0.4999863803386688
Sample 29,TimesFM,0.5000113844871521
Sample 29,Chronos,0.4999885857105255
Sample 30,Timer,0.5000601410865784
Sample 30,Chronos,0.499939888715744
Sample 31,TimesFM,0.5001746416091919
Sample 31,Time-MoE,0.4998253881931305
Sample 0,Moirai,0.5004478096961975
Sample 0,TimesFM,0.4995521903038025
Sample 1,Moirai,0.5001068711280823
Sample 1,Timer,0.49989309906959534
Sample 2,TimesFM,0.5001790523529053
Sample 2,Time-MoE,0.4998209774494171
Sample 3,Timer,0.5000036358833313
Sample 3,Chronos,0.4999963939189911
Sample 4,Moirai,0.5002231597900391
Sample 4,Timer,0.49977684020996094
Sample 5,Moirai,0.500358521938324
Sample 5,Chronos,0.49964141845703125
Sample 6,Moirai,0.5004576444625854
Sample 6,Chronos,0.49954232573509216
Sample 7,TimesFM,0.5001348257064819
Sample 7,Timer,0.49986520409584045
Sample 8,Moirai,0.5011196732521057
Sample 8,Time-MoE,0.4988802969455719
Sample 9,Moirai,0.5000240802764893
Sample 9,Timer,0.49997588992118835
Sample 10,Chronos,0.5001237988471985
Sample 10,Moirai,0.4998762309551239
Sample 11,Chronos,0.5000683069229126
Sample 11,TimesFM,0.4999317228794098
Sample 12,Chronos,0.5000699758529663
Sample 12,TimesFM,0.4999299943447113
Sample 13,Timer,0.5000278353691101
Sample 13,Chronos,0.4999721348285675
Sample 14,Moirai,0.5000103712081909
Sample 14,Chronos,0.49998965859413147
Sample 15,Chronos,0.5000188946723938
Sample 15,Moirai,0.4999810755252838
Sample 16,Moirai,0.5010526180267334
Sample 16,Time-MoE,0.498947411775589
Sample 17,Timer,0.5000264048576355
Sample 17,Chronos,0.4999736249446869
Sample 18,Moirai,0.5001140236854553
Sample 18,TimesFM,0.4998859763145447
Sample 19,TimesFM,0.5000003576278687
Sample 19,Chronos,0.49999964237213135
Sample 20,Chronos,0.5000145435333252
Sample 20,TimesFM,0.4999854266643524
Sample 21,TimesFM,0.5000157356262207
Sample 21,Chronos,0.4999842345714569
Sample 22,Moirai,0.5006065368652344
Sample 22,Time-MoE,0.4993934631347656
Sample 23,TimesFM,0.5001413226127625
Sample 23,Time-MoE,0.49985870718955994
Sample 24,Moirai,0.500357985496521
Sample 24,Chronos,0.499642014503479
Sample 25,Chronos,0.5000107884407043
Sample 25,TimesFM,0.49998924136161804
Sample 26,TimesFM,0.5001658201217651
Sample 26,Chronos,0.4998341500759125
Sample 27,Chronos,0.5000234246253967
Sample 27,TimesFM,0.49997660517692566
Sample 28,Chronos,0.5000855326652527
Sample 28,TimesFM,0.4999144673347473
Sample 29,TimesFM,0.5000230073928833
Sample 29,Chronos,0.4999769926071167
Sample 30,Moirai,0.5002329349517822
Sample 30,Timer,0.4997670650482178
Sample 31,TimesFM,0.5000393390655518
Sample 31,Time-MoE,0.49996069073677063
Sample 0,Moirai,0.5015116930007935
Sample 0,Time-MoE,0.49848827719688416
Sample 1,Moirai,0.5000513792037964
Sample 1,Timer,0.4999486207962036
Sample 2,Moirai,0.5001160502433777
Sample 2,Chronos,0.49988389015197754
Sample 3,Chronos,0.5000096559524536
Sample 3,Moirai,0.4999903738498688
Sample 4,Timer,0.500458300113678
Sample 4,Time-MoE,0.499541699886322
Sample 5,Chronos,0.5000079274177551
Sample 5,TimesFM,0.4999920725822449
Sample 6,Moirai,0.5000011324882507
Sample 6,Timer,0.49999886751174927
Sample 7,TimesFM,0.5001083612442017
Sample 7,Moirai,0.49989163875579834
Sample 8,Moirai,0.5011464357376099
Sample 8,Time-MoE,0.49885356426239014
Sample 9,Moirai,0.500041663646698
Sample 9,Timer,0.4999583661556244
Sample 10,Moirai,0.5000389814376831
Sample 10,TimesFM,0.4999610483646393
Sample 11,Moirai,0.5002720952033997
Sample 11,TimesFM,0.49972787499427795
Sample 12,Moirai,0.5001009702682495
Sample 12,Timer,0.4998989999294281
Sample 13,Moirai,0.5000346899032593
Sample 13,TimesFM,0.4999653398990631
Sample 14,Chronos,0.5000125169754028
Sample 14,TimesFM,0.49998751282691956
Sample 15,Chronos,0.5000280737876892
Sample 15,TimesFM,0.4999718964099884
Sample 16,Moirai,0.5011888146400452
Sample 16,Time-MoE,0.49881115555763245
Sample 17,Chronos,0.5000048875808716
Sample 17,Timer,0.49999508261680603
Sample 18,Moirai,0.5006746053695679
Sample 18,Time-MoE,0.49932536482810974
Sample 19,Chronos,0.5000402927398682
Sample 19,TimesFM,0.49995967745780945
Sample 20,Chronos,0.5002657771110535
Sample 20,Time-MoE,0.49973416328430176
Sample 21,TimesFM,0.5000039935112
Sample 21,Chronos,0.49999603629112244
Sample 22,Moirai,0.5001636147499084
Sample 22,Timer,0.49983635544776917
Sample 23,TimesFM,0.5002424716949463
Sample 23,Time-MoE,0.4997574985027313
Sample 24,Moirai,0.5010526180267334
Sample 24,Time-MoE,0.4989473521709442
Sample 25,Timer,0.5000961422920227
Sample 25,Moirai,0.4999038577079773
Sample 26,Moirai,0.5001935362815857
Sample 26,TimesFM,0.4998064637184143
Sample 27,Chronos,0.5000490546226501
Sample 27,Moirai,0.49995091557502747
Sample 28,TimesFM,0.5001351237297058
Sample 28,Chronos,0.49986493587493896
Sample 29,TimesFM,0.5000403523445129
Sample 29,Chronos,0.49995967745780945
Sample 30,Moirai,0.5000689625740051
Sample 30,Timer,0.4999310374259949
Sample 31,TimesFM,0.5000244379043579
Sample 31,Moirai,0.4999755918979645
Sample 0,Moirai,0.5007408857345581
Sample 0,TimesFM,0.4992590844631195
Sample 1,Moirai,0.5000095963478088
Sample 1,Timer,0.49999040365219116
Sample 2,Moirai,0.5003776550292969
Sample 2,Time-MoE,0.4996223747730255
Sample 3,Moirai,0.500054657459259
Sample 3,Chronos,0.49994537234306335
Sample 4,Chronos,0.5001139640808105
Sample 4,Moirai,0.49988603591918945
Sample 5,Moirai,0.5001073479652405
Sample 5,TimesFM,0.49989259243011475
Sample 6,Moirai,0.5006097555160522
Sample 6,Timer,0.499390184879303
Sample 7,TimesFM,0.5000627040863037
Sample 7,Moirai,0.4999373257160187
Sample 8,Moirai,0.5008772015571594
Sample 8,TimesFM,0.4991227984428406
Sample 9,Moirai,0.5000873804092407
Sample 9,Timer,0.4999125599861145
Sample 10,Moirai,0.5004962086677551
Sample 10,Chronos,0.4995037615299225
Sample 11,Moirai,0.5001115798950195
Sample 11,Timer,0.49988842010498047
Sample 12,Chronos,0.5001094937324524
Sample 12,Time-MoE,0.49989044666290283
Sample 13,Chronos,0.5001587867736816
Sample 13,TimesFM,0.49984121322631836
Sample 14,TimesFM,0.5001998543739319
Sample 14,Chronos,0.4998001158237457
Sample 15,Moirai,0.5002202987670898
Sample 15,TimesFM,0.49977976083755493
Sample 16,Moirai,0.5004771947860718
Sample 16,TimesFM,0.4995228052139282
Sample 17,Moirai,0.5000730752944946
Sample 17,Timer,0.499926894903183
Sample 18,TimesFM,0.500114381313324
Sample 18,Moirai,0.499885618686676
Sample 19,Moirai,0.500178873538971
Sample 19,Timer,0.49982115626335144
Sample 20,TimesFM,0.5000304579734802
Sample 20,Chronos,0.4999695122241974
Sample 21,Moirai,0.5000879168510437
Sample 21,Timer,0.4999120831489563
Sample 22,Moirai,0.5000972747802734
Sample 22,TimesFM,0.4999026656150818
Sample 23,TimesFM,0.5001850128173828
Sample 23,Time-MoE,0.4998149871826172
Sample 24,Moirai,0.5014955997467041
Sample 24,Time-MoE,0.4985044002532959
Sample 25,Moirai,0.5000597834587097
Sample 25,Chronos,0.49994024634361267
Sample 26,Moirai,0.5004342198371887
Sample 26,TimesFM,0.4995657801628113
Sample 27,Chronos,0.5000123977661133
Sample 27,Moirai,0.4999876320362091
Sample 28,Chronos,0.5002508759498596
Sample 28,TimesFM,0.49974915385246277
Sample 29,TimesFM,0.5000252723693848
Sample 29,Moirai,0.4999747574329376
Sample 30,Chronos,0.5000439882278442
Sample 30,Moirai,0.49995604157447815
Sample 31,Chronos,0.5000325441360474
Sample 31,TimesFM,0.499967485666275
Sample 0,Moirai,0.5006364583969116
Sample 0,Timer,0.4993635416030884
Sample 1,Timer,0.5000234842300415
Sample 1,Chronos,0.4999764859676361
Sample 2,TimesFM,0.5001429915428162
Sample 2,Moirai,0.49985700845718384
Sample 3,Chronos,0.5000481605529785
Sample 3,Timer,0.4999518096446991
Sample 4,Chronos,0.5005154609680176
Sample 4,TimesFM,0.4994845688343048
Sample 5,Timer,0.5000422596931458
Sample 5,Moirai,0.49995777010917664
Sample 6,Moirai,0.5000113844871521
Sample 6,Chronos,0.4999886453151703
Sample 7,TimesFM,0.5001615285873413
Sample 7,Time-MoE,0.4998384416103363
Sample 8,Moirai,0.5012611746788025
Sample 8,Time-MoE,0.4987388551235199
Sample 9,Moirai,0.5000296235084534
Sample 9,Timer,0.499970406293869
Sample 10,TimesFM,0.5002639889717102
Sample 10,Moirai,0.4997360110282898
Sample 11,Moirai,0.5000479817390442
Sample 11,Timer,0.4999519884586334
Sample 12,Timer,0.5003241896629333
Sample 12,Time-MoE,0.4996758699417114
Sample 13,Moirai,0.5001336932182312
Sample 13,Timer,0.4998663365840912
Sample 14,Chronos,0.5000178217887878
Sample 14,Timer,0.49998220801353455
Sample 15,TimesFM,0.5001935958862305
Sample 15,Time-MoE,0.49980637431144714
Sample 0,Moirai,0.5015137195587158
Sample 0,Time-MoE,0.4984862804412842
Sample 1,Timer,0.5000311732292175
Sample 1,Moirai,0.49996885657310486
Sample 2,Chronos,0.5000433921813965
Sample 2,Time-MoE,0.4999566078186035
Sample 3,Moirai,0.5000756978988647
Sample 3,Chronos,0.49992427229881287
Sample 4,Timer,0.5003148317337036
Sample 4,Moirai,0.4996851086616516
Sample 5,Timer,0.5000578165054321
Sample 5,Chronos,0.49994221329689026
Sample 6,Moirai,0.5003240704536438
Sample 6,Chronos,0.4996759295463562
Sample 7,TimesFM,0.5001780390739441
Sample 7,Time-MoE,0.4998219609260559
Sample 8,Moirai,0.5015733242034912
Sample 8,Time-MoE,0.4984267055988312
Sample 9,Timer,0.5000175833702087
Sample 9,Moirai,0.49998244643211365
Sample 10,TimesFM,0.500178873538971
Sample 10,Chronos,0.49982112646102905
Sample 11,Chronos,0.5000249147415161
Sample 11,Moirai,0.4999751150608063
Sample 12,TimesFM,0.5000025629997253
Sample 12,Timer,0.49999740719795227
Sample 13,Moirai,0.5000577569007874
Sample 13,Timer,0.49994227290153503
Sample 14,TimesFM,0.5000516772270203
Sample 14,Chronos,0.49994829297065735
Sample 15,TimesFM,0.5001496076583862
Sample 15,Time-MoE,0.4998503625392914
Sample 16,Moirai,0.500968337059021
Sample 16,Time-MoE,0.499031662940979
Sample 17,Moirai,0.5001912117004395
Sample 17,Timer,0.49980875849723816
Sample 18,TimesFM,0.50015789270401
Sample 18,Moirai,0.4998421370983124
Sample 19,Moirai,0.500182569026947
Sample 19,Chronos,0.49981746077537537
Sample 20,Moirai,0.5004295706748962
Sample 20,Chronos,0.49957045912742615
Sample 21,Moirai,0.5001197457313538
Sample 21,TimesFM,0.49988025426864624
Sample 22,Moirai,0.5000087022781372
Sample 22,TimesFM,0.4999913275241852
Sample 23,TimesFM,0.5002121329307556
Sample 23,Chronos,0.4997878670692444
Sample 24,Moirai,0.5007607936859131
Sample 24,Chronos,0.4992391765117645
Sample 25,Timer,0.5000619292259216
Sample 25,Chronos,0.49993807077407837
Sample 26,Moirai,0.5005138516426086
Sample 26,Timer,0.49948617815971375
Sample 27,Moirai,0.5000689625740051
Sample 27,TimesFM,0.4999310076236725
Sample 28,Chronos,0.500095009803772
Sample 28,Timer,0.49990493059158325
Sample 29,Moirai,0.5000132918357849
Sample 29,Chronos,0.4999867081642151
Sample 30,TimesFM,0.500041127204895
Sample 30,Moirai,0.4999588429927826
Sample 31,TimesFM,0.5001868009567261
Sample 31,Time-MoE,0.4998132288455963
Sample 0,Moirai,0.5008944869041443
Sample 0,TimesFM,0.4991055130958557
Sample 1,Moirai,0.5001668334007263
Sample 1,Timer,0.4998331367969513
Sample 2,Moirai,0.5000752806663513
Sample 2,TimesFM,0.4999247193336487
Sample 3,Moirai,0.500195324420929
Sample 3,Timer,0.49980467557907104
Sample 4,TimesFM,0.5001288652420044
Sample 4,Time-MoE,0.499871164560318
Sample 5,Moirai,0.5001667141914368
Sample 5,Chronos,0.49983325600624084
Sample 6,Moirai,0.5001426935195923
Sample 6,Timer,0.4998573362827301
Sample 7,TimesFM,0.5002043843269348
Sample 7,Time-MoE,0.4997956156730652
Sample 8,Moirai,0.5010684728622437
Sample 8,Chronos,0.49893155694007874
Sample 9,Moirai,0.5001898407936096
Sample 9,Timer,0.4998101592063904
Sample 10,Moirai,0.5004094839096069
Sample 10,Chronos,0.49959054589271545
Sample 11,Moirai,0.5000806450843811
Sample 11,TimesFM,0.4999193847179413
Sample 12,Chronos,0.5000166893005371
Sample 12,Moirai,0.4999832808971405
Sample 13,Moirai,0.500199019908905
Sample 13,Timer,0.49980098009109497
Sample 14,TimesFM,0.5001189708709717
Sample 14,Chronos,0.49988099932670593
Sample 15,TimesFM,0.5002046227455139
Sample 15,Time-MoE,0.4997953176498413
Sample 16,Moirai,0.5013032555580139
Sample 16,Chronos,0.49869677424430847
Sample 17,Moirai,0.5001212358474731
Sample 17,Timer,0.49987876415252686
Sample 18,TimesFM,0.5001954436302185
Sample 18,Chronos,0.4998044967651367
Sample 19,Moirai,0.5001465082168579
Sample 19,Timer,0.49985355138778687
Sample 20,Timer,0.5002377033233643
Sample 20,Moirai,0.49976232647895813
Sample 21,Moirai,0.5002285838127136
Sample 21,Timer,0.4997714161872864
Sample 22,Moirai,0.500034749507904
Sample 22,TimesFM,0.49996528029441833
Sample 23,Chronos,0.5000115633010864
Sample 23,TimesFM,0.49998846650123596
Sample 24,Moirai,0.5009442567825317
Sample 24,Timer,0.4990557134151459
Sample 25,Timer,0.500034749507904
Sample 25,TimesFM,0.49996528029441833
Sample 26,TimesFM,0.5000650882720947
Sample 26,Moirai,0.4999349117279053
Sample 27,TimesFM,0.5000028610229492
Sample 27,Moirai,0.4999971389770508
Sample 28,Chronos,0.5000553727149963
Sample 28,Moirai,0.49994462728500366
Sample 29,Moirai,0.5000097751617432
Sample 29,TimesFM,0.4999902546405792
Sample 30,Timer,0.5000196695327759
Sample 30,TimesFM,0.4999803602695465
Sample 31,TimesFM,0.500186026096344
Sample 31,Time-MoE,0.4998139441013336
Sample 0,Moirai,0.5003259778022766
Sample 0,TimesFM,0.4996740221977234
Sample 1,Moirai,0.500102162361145
Sample 1,Timer,0.4998977780342102
Sample 2,TimesFM,0.5001433491706848
Sample 2,Moirai,0.4998566806316376
Sample 3,Moirai,0.5001322031021118
Sample 3,Timer,0.49986782670021057
Sample 4,TimesFM,0.5001624822616577
Sample 4,Chronos,0.4998375177383423
Sample 5,TimesFM,0.5001524686813354
Sample 5,Time-MoE,0.49984750151634216
Sample 6,Moirai,0.5001466870307922
Sample 6,TimesFM,0.49985331296920776
Sample 7,TimesFM,0.5001834034919739
Sample 7,Time-MoE,0.49981656670570374
Sample 8,Moirai,0.5006119608879089
Sample 8,Chronos,0.49938809871673584
Sample 9,Timer,0.5000327825546265
Sample 9,Moirai,0.49996718764305115
Sample 10,Moirai,0.5000420808792114
Sample 10,Timer,0.4999579191207886
Sample 11,Moirai,0.5000609755516052
Sample 11,Chronos,0.4999389946460724
Sample 12,Chronos,0.5002663135528564
Sample 12,TimesFM,0.49973368644714355
Sample 13,TimesFM,0.5000193119049072
Sample 13,Chronos,0.4999806880950928
Sample 14,Timer,0.500038206577301
Sample 14,Moirai,0.49996182322502136
Sample 15,TimesFM,0.5002866387367249
Sample 15,Time-MoE,0.49971339106559753
Sample 16,Moirai,0.5007932782173157
Sample 16,Timer,0.49920669198036194
Sample 17,Timer,0.5000543594360352
Sample 17,Moirai,0.49994561076164246
Sample 18,TimesFM,0.5000922083854675
Sample 18,Chronos,0.49990779161453247
Sample 19,Moirai,0.5005075931549072
Sample 19,TimesFM,0.4994924068450928
Sample 20,Chronos,0.5002312064170837
Sample 20,Time-MoE,0.49976876378059387
Sample 21,TimesFM,0.5000276565551758
Sample 21,Timer,0.4999723434448242
Sample 22,Moirai,0.5003528594970703
Sample 22,Timer,0.4996471703052521
Sample 23,Timer,0.500059187412262
Sample 23,Time-MoE,0.49994078278541565
Sample 24,Moirai,0.5003583431243896
Sample 24,TimesFM,0.4996415972709656
Sample 25,Moirai,0.5000079870223999
Sample 25,Timer,0.4999920427799225
Sample 26,Moirai,0.5000167489051819
Sample 26,TimesFM,0.4999832212924957
Sample 27,TimesFM,0.5000354647636414
Sample 27,Chronos,0.49996450543403625
Sample 28,Chronos,0.5000426173210144
Sample 28,TimesFM,0.4999573826789856
Sample 29,TimesFM,0.5000309348106384
Sample 29,Chronos,0.4999690651893616
Sample 30,Timer,0.5000326037406921
Sample 30,Moirai,0.49996742606163025
Sample 31,TimesFM,0.5001997351646423
Sample 31,Time-MoE,0.49980026483535767
Sample 0,Moirai,0.5005336999893188
Sample 0,TimesFM,0.49946632981300354
Sample 1,Moirai,0.5001828074455261
Sample 1,Timer,0.4998171627521515
Sample 2,TimesFM,0.5002116560935974
Sample 2,Time-MoE,0.499788373708725
Sample 3,Moirai,0.5000379085540771
Sample 3,Chronos,0.49996209144592285
Sample 4,Moirai,0.5003001689910889
Sample 4,Timer,0.49969980120658875
Sample 5,Moirai,0.5004591941833496
Sample 5,Chronos,0.4995408356189728
Sample 6,Moirai,0.5005725026130676
Sample 6,Chronos,0.49942752718925476
Sample 7,TimesFM,0.5001915693283081
Sample 7,Time-MoE,0.4998084604740143
Sample 8,Moirai,0.5013315677642822
Sample 8,TimesFM,0.4986684024333954
Sample 9,Moirai,0.5000943541526794
Sample 9,Timer,0.49990564584732056
Sample 10,Chronos,0.500116229057312
Sample 10,Moirai,0.499883770942688
Sample 11,Chronos,0.5000584125518799
Sample 11,TimesFM,0.4999416172504425
Sample 12,Chronos,0.5000671744346619
Sample 12,TimesFM,0.4999328553676605
Sample 13,Timer,0.5000205636024475
Sample 13,Chronos,0.4999794065952301
Sample 14,Moirai,0.5000314116477966
Sample 14,TimesFM,0.49996858835220337
Sample 15,Moirai,0.5000175833702087
Sample 15,Chronos,0.49998244643211365
Sample 16,Moirai,0.5012630820274353
Sample 16,Time-MoE,0.4987368881702423
Sample 17,Timer,0.5000256299972534
Sample 17,Chronos,0.4999743700027466
Sample 18,Moirai,0.5001658797264099
Sample 18,TimesFM,0.4998340904712677
Sample 19,TimesFM,0.5000094771385193
Sample 19,Chronos,0.4999905526638031
Sample 20,Chronos,0.5000227093696594
Sample 20,TimesFM,0.4999772906303406
Sample 21,TimesFM,0.5000362396240234
Sample 21,Chronos,0.49996379017829895
Sample 22,Moirai,0.5007365345954895
Sample 22,TimesFM,0.4992634654045105
Sample 23,TimesFM,0.5001687407493591
Sample 23,Time-MoE,0.49983125925064087
Sample 24,Moirai,0.5004446506500244
Sample 24,Chronos,0.499555379152298
Sample 25,TimesFM,0.5000073313713074
Sample 25,Chronos,0.499992698431015
Sample 26,TimesFM,0.5001785159111023
Sample 26,Chronos,0.4998215138912201
Sample 27,Chronos,0.5000162720680237
Sample 27,TimesFM,0.4999837577342987
Sample 28,Chronos,0.5000872611999512
Sample 28,TimesFM,0.49991270899772644
Sample 29,TimesFM,0.5000261664390564
Sample 29,Chronos,0.4999738037586212
Sample 30,Moirai,0.5003286600112915
Sample 30,Timer,0.4996713399887085
Sample 31,TimesFM,0.5000444650650024
Sample 31,Moirai,0.49995556473731995
Sample 0,Moirai,0.5018030405044556
Sample 0,TimesFM,0.4981970191001892
Sample 1,Moirai,0.5001392960548401
Sample 1,Timer,0.4998607635498047
Sample 2,Moirai,0.5001664757728577
Sample 2,Chronos,0.49983349442481995
Sample 3,Moirai,0.500031590461731
Sample 3,Chronos,0.49996843934059143
Sample 4,Timer,0.5004165768623352
Sample 4,Moirai,0.4995834231376648
Sample 5,TimesFM,0.5000072717666626
Sample 5,Chronos,0.4999927580356598
Sample 6,Moirai,0.5000715255737305
Sample 6,Timer,0.4999285042285919
Sample 7,TimesFM,0.500091016292572
Sample 7,Moirai,0.499908983707428
Sample 8,Moirai,0.5013757944107056
Sample 8,Chronos,0.49862417578697205
Sample 9,Moirai,0.5001227259635925
Sample 9,Timer,0.49987730383872986
Sample 10,Moirai,0.5000717043876648
Sample 10,TimesFM,0.4999282956123352
Sample 11,Moirai,0.5003446340560913
Sample 11,TimesFM,0.4996553361415863
Sample 12,Moirai,0.5001751780509949
Sample 12,Timer,0.4998248517513275
Sample 13,Moirai,0.5000711679458618
Sample 13,TimesFM,0.49992886185646057
Sample 14,Chronos,0.5000014901161194
Sample 14,TimesFM,0.4999984800815582
Sample 15,Chronos,0.5000700354576111
Sample 15,TimesFM,0.4999299645423889
Sample 16,Moirai,0.5014228224754333
Sample 16,Chronos,0.4985772371292114
Sample 17,Moirai,0.5000137090682983
Sample 17,TimesFM,0.49998629093170166
Sample 18,Moirai,0.5008134245872498
Sample 18,Time-MoE,0.49918660521507263
Sample 19,Chronos,0.5000420808792114
Sample 19,TimesFM,0.49995794892311096
Sample 20,Chronos,0.500313401222229
Sample 20,Time-MoE,0.4996865689754486
Sample 21,Moirai,0.5000231266021729
Sample 21,TimesFM,0.49997690320014954
Sample 22,Moirai,0.5002627372741699
Sample 22,Timer,0.4997372627258301
Sample 23,TimesFM,0.5002519488334656
Sample 23,Chronos,0.4997480809688568
Sample 24,Moirai,0.501265823841095
Sample 24,TimesFM,0.49873417615890503
Sample 25,Timer,0.5000291466712952
Sample 25,Moirai,0.4999708831310272
Sample 26,Moirai,0.5002651810646057
Sample 26,TimesFM,0.4997347593307495
Sample 27,Chronos,0.5000150203704834
Sample 27,Moirai,0.499985009431839
Sample 28,TimesFM,0.5001463890075684
Sample 28,Chronos,0.49985361099243164
Sample 29,TimesFM,0.5000615119934082
Sample 29,Chronos,0.4999385178089142
Sample 30,Moirai,0.5001742839813232
Sample 30,Timer,0.49982568621635437
Sample 31,Moirai,0.5000060796737671
Sample 31,TimesFM,0.4999939501285553
Sample 0,Moirai,0.5008499622344971
Sample 0,TimesFM,0.4991500675678253
Sample 1,Moirai,0.5000922083854675
Sample 1,Timer,0.49990779161453247
Sample 2,Moirai,0.5004486441612244
Sample 2,TimesFM,0.49955135583877563
Sample 3,Moirai,0.5001097917556763
Sample 3,Chronos,0.49989020824432373
Sample 4,Chronos,0.5000948905944824
Sample 4,Moirai,0.4999050796031952
Sample 5,Moirai,0.5001596212387085
Sample 5,TimesFM,0.4998403787612915
Sample 6,Moirai,0.5007538795471191
Sample 6,Timer,0.49924612045288086
Sample 7,TimesFM,0.5000393390655518
Sample 7,Moirai,0.49996069073677063
Sample 8,Moirai,0.5010008811950684
Sample 8,TimesFM,0.49899911880493164
Sample 9,Moirai,0.5001758933067322
Sample 9,Timer,0.4998241066932678
Sample 10,Moirai,0.5005846619606018
Sample 10,TimesFM,0.4994152784347534
Sample 11,Moirai,0.5001927614212036
Sample 11,Timer,0.4998072683811188
Sample 12,Chronos,0.5001352429389954
Sample 12,Time-MoE,0.499864786863327
Sample 13,Chronos,0.5001766085624695
Sample 13,TimesFM,0.49982336163520813
Sample 14,TimesFM,0.5002235770225525
Sample 14,Chronos,0.4997764229774475
Sample 15,Moirai,0.5002626180648804
Sample 15,TimesFM,0.49973732233047485
Sample 16,Moirai,0.5005589723587036
Sample 16,TimesFM,0.499440997838974
Sample 17,Moirai,0.5001647472381592
Sample 17,Timer,0.4998352825641632
Sample 18,TimesFM,0.5000980496406555
Sample 18,Moirai,0.4999019205570221
Sample 19,Moirai,0.5002745985984802
Sample 19,Timer,0.4997254014015198
Sample 20,TimesFM,0.5000447630882263
Sample 20,Chronos,0.49995526671409607
Sample 21,Moirai,0.5001737475395203
Sample 21,Chronos,0.49982622265815735
Sample 22,Moirai,0.5001354217529297
Sample 22,TimesFM,0.4998646378517151
Sample 23,TimesFM,0.5002108812332153
Sample 23,Time-MoE,0.49978911876678467
Sample 24,Moirai,0.5017726421356201
Sample 24,Time-MoE,0.4982273280620575
Sample 25,Moirai,0.5001232624053955
Sample 25,Chronos,0.4998767673969269
Sample 26,Moirai,0.5005007982254028
Sample 26,TimesFM,0.49949920177459717
Sample 27,Moirai,0.5000394582748413
Sample 27,Chronos,0.4999605417251587
Sample 28,Chronos,0.5002310872077942
Sample 28,Moirai,0.4997688829898834
Sample 29,Moirai,0.5000029802322388
Sample 29,TimesFM,0.49999698996543884
Sample 30,Moirai,0.5000166296958923
Sample 30,Chronos,0.4999833405017853
Sample 31,Chronos,0.5000863671302795
Sample 31,TimesFM,0.4999135732650757
Sample 0,Moirai,0.5008221864700317
Sample 0,Timer,0.49917781352996826
Sample 1,Timer,0.500004231929779
Sample 1,Chronos,0.49999579787254333
Sample 2,TimesFM,0.5001211166381836
Sample 2,Moirai,0.499878853559494
Sample 3,Chronos,0.5000381469726562
Sample 3,Moirai,0.49996185302734375
Sample 4,Chronos,0.5005704164505005
Sample 4,Time-MoE,0.4994295835494995
Sample 5,Moirai,0.5000338554382324
Sample 5,Timer,0.4999661147594452
Sample 6,Moirai,0.5000395774841309
Sample 6,Chronos,0.49996045231819153
Sample 7,TimesFM,0.5001732110977173
Sample 7,Time-MoE,0.4998267889022827
Sample 8,Moirai,0.5014777183532715
Sample 8,Time-MoE,0.49852225184440613
Sample 9,Moirai,0.5001188516616821
Sample 9,Timer,0.49988114833831787
Sample 10,TimesFM,0.5002612471580505
Sample 10,Moirai,0.4997387230396271
Sample 11,Moirai,0.5001197457313538
Sample 11,Timer,0.49988019466400146
Sample 12,Timer,0.5002766251564026
Sample 12,Moirai,0.4997233748435974
Sample 13,Moirai,0.500223696231842
Sample 13,Timer,0.49977630376815796
Sample 14,Moirai,0.5000357031822205
Sample 14,Chronos,0.49996432662010193
Sample 15,TimesFM,0.5002106428146362
Sample 15,Time-MoE,0.4997893273830414
Sample 0,Moirai,0.501747727394104
Sample 0,TimesFM,0.498252272605896
Sample 1,Moirai,0.5000369548797607
Sample 1,Timer,0.49996307492256165
Sample 2,Chronos,0.5000494718551636
Sample 2,Time-MoE,0.4999505579471588
Sample 3,Moirai,0.5001205801963806
Sample 3,Chronos,0.4998794198036194
Sample 4,Timer,0.5002586841583252
Sample 4,Moirai,0.4997413456439972
Sample 5,Timer,0.5000162720680237
Sample 5,Moirai,0.4999837279319763
Sample 6,Moirai,0.5004118084907532
Sample 6,Chronos,0.4995881915092468
Sample 7,TimesFM,0.5001951456069946
Sample 7,Time-MoE,0.49980485439300537
Sample 8,Moirai,0.5018250942230225
Sample 8,Time-MoE,0.49817487597465515
Sample 9,Moirai,0.5000504851341248
Sample 9,Timer,0.49994954466819763
Sample 10,TimesFM,0.5001940727233887
Sample 10,Chronos,0.49980592727661133
Sample 11,Moirai,0.5000152587890625
Sample 11,Chronos,0.4999847114086151
Sample 12,Moirai,0.500006914138794
Sample 12,TimesFM,0.49999305605888367
Sample 13,Moirai,0.5001064538955688
Sample 13,Chronos,0.49989354610443115
Sample 14,TimesFM,0.5000694394111633
Sample 14,Chronos,0.4999305307865143
Sample 15,TimesFM,0.5001649856567383
Sample 15,Time-MoE,0.4998350143432617
Sample 16,Moirai,0.5011094212532043
Sample 16,TimesFM,0.49889057874679565
Sample 17,Moirai,0.5002917647361755
Sample 17,Timer,0.49970823526382446
Sample 18,TimesFM,0.5001471042633057
Sample 18,Moirai,0.49985289573669434
Sample 19,Moirai,0.5002459287643433
Sample 19,Chronos,0.4997541010379791
Sample 20,Moirai,0.5005327463150024
Sample 20,Chronos,0.49946725368499756
Sample 21,Moirai,0.5001600980758667
Sample 21,TimesFM,0.4998399019241333
Sample 22,Moirai,0.5000216960906982
Sample 22,TimesFM,0.49997830390930176
Sample 23,TimesFM,0.5002273917198181
Sample 23,Chronos,0.4997726082801819
Sample 24,Moirai,0.5008906722068787
Sample 24,Chronos,0.49910932779312134
Sample 25,Timer,0.5000474452972412
Sample 25,Chronos,0.4999525845050812
Sample 26,Moirai,0.500666081905365
Sample 26,Timer,0.4993338882923126
Sample 27,Moirai,0.5001029372215271
Sample 27,TimesFM,0.4998970627784729
Sample 28,Chronos,0.5002157688140869
Sample 28,Timer,0.4997842311859131
Sample 29,Moirai,0.50006103515625
Sample 29,Chronos,0.4999389946460724
Sample 30,TimesFM,0.5000047087669373
Sample 30,Moirai,0.49999529123306274
Sample 31,TimesFM,0.5001981258392334
Sample 31,Time-MoE,0.4998018741607666
Sample 0,Moirai,0.5009933114051819
Sample 0,TimesFM,0.4990067183971405
Sample 1,Moirai,0.5002573728561401
Sample 1,Timer,0.49974262714385986
Sample 2,Moirai,0.5000913739204407
Sample 2,TimesFM,0.4999086260795593
Sample 3,Moirai,0.500267744064331
Sample 3,Timer,0.49973225593566895
Sample 4,TimesFM,0.5001255869865417
Sample 4,Time-MoE,0.499874472618103
Sample 5,Moirai,0.5002316832542419
Sample 5,Chronos,0.49976828694343567
Sample 6,Moirai,0.5002036690711975
Sample 6,Timer,0.4997962713241577
Sample 7,TimesFM,0.5002140998840332
Sample 7,Time-MoE,0.4997859001159668
Sample 8,Moirai,0.5012645125389099
Sample 8,Chronos,0.4987354874610901
Sample 9,Moirai,0.5002763867378235
Sample 9,Timer,0.4997236728668213
Sample 10,Moirai,0.5005064606666565
Sample 10,Chronos,0.4994935393333435
Sample 11,Moirai,0.5001084804534912
Sample 11,TimesFM,0.4998914897441864
Sample 12,Moirai,0.500002920627594
Sample 12,Chronos,0.499997079372406
Sample 13,Moirai,0.5002875328063965
Sample 13,Timer,0.4997124671936035
Sample 14,TimesFM,0.5001362562179565
Sample 14,Chronos,0.49986377358436584
Sample 15,TimesFM,0.5002209544181824
Sample 15,Time-MoE,0.4997790455818176
Sample 16,Moirai,0.501514196395874
Sample 16,Chronos,0.498485803604126
Sample 17,Moirai,0.5002073049545288
Sample 17,Timer,0.4997926950454712
Sample 18,TimesFM,0.5002142786979675
Sample 18,Chronos,0.49978572130203247
Sample 19,Moirai,0.5002245306968689
Sample 19,Timer,0.4997755289077759
Sample 20,Timer,0.5001862645149231
Sample 20,Moirai,0.4998137652873993
Sample 21,Moirai,0.5003201365470886
Sample 21,Timer,0.499679833650589
Sample 22,Moirai,0.5000579953193665
Sample 22,TimesFM,0.49994197487831116
Sample 23,Chronos,0.5000330805778503
Sample 23,TimesFM,0.49996694922447205
Sample 24,Moirai,0.5011340975761414
Sample 24,Chronos,0.49886593222618103
Sample 25,Timer,0.5000095367431641
Sample 25,TimesFM,0.4999904930591583
Sample 26,TimesFM,0.5000389218330383
Sample 26,Moirai,0.49996110796928406
Sample 27,Moirai,0.5000220537185669
Sample 27,TimesFM,0.4999779760837555
Sample 28,Chronos,0.5000460147857666
Sample 28,Moirai,0.4999539852142334
Sample 29,Moirai,0.5000436902046204
Sample 29,TimesFM,0.499956339597702
Sample 30,TimesFM,0.5000048279762268
Sample 30,Timer,0.4999952018260956
Sample 31,TimesFM,0.5001948475837708
Sample 31,Time-MoE,0.4998050928115845
Sample 0,Moirai,0.5003817677497864
Sample 0,TimesFM,0.49961820244789124
Sample 1,Moirai,0.5001675486564636
Sample 1,Timer,0.499832421541214
Sample 2,TimesFM,0.5001249313354492
Sample 2,Moirai,0.4998750686645508
Sample 3,Moirai,0.5001776218414307
Sample 3,TimesFM,0.49982237815856934
Sample 4,TimesFM,0.5001760721206665
Sample 4,Chronos,0.4998239278793335
Sample 5,TimesFM,0.5001477003097534
Sample 5,Time-MoE,0.4998522996902466
Sample 6,Moirai,0.5001768469810486
Sample 6,TimesFM,0.4998231828212738
Sample 7,TimesFM,0.5001944303512573
Sample 7,Time-MoE,0.4998055100440979
Sample 8,Moirai,0.5007217526435852
Sample 8,Chronos,0.4992782175540924
Sample 9,Moirai,0.5000155568122864
Sample 9,Timer,0.499984472990036
Sample 10,Moirai,0.5000959634780884
Sample 10,Timer,0.49990400671958923
Sample 11,Moirai,0.5000981688499451
Sample 11,Chronos,0.49990177154541016
Sample 12,Chronos,0.5002936720848083
Sample 12,TimesFM,0.49970629811286926
Sample 13,TimesFM,0.5000243782997131
Sample 13,Chronos,0.49997565150260925
Sample 14,Timer,0.500003457069397
Sample 14,Moirai,0.4999965727329254
Sample 15,TimesFM,0.5002918839454651
Sample 15,Time-MoE,0.4997080862522125
Sample 16,Moirai,0.5009604096412659
Sample 16,Timer,0.49903959035873413
Sample 17,Timer,0.5000176429748535
Sample 17,Moirai,0.4999823272228241
Sample 18,TimesFM,0.5000886917114258
Sample 18,Chronos,0.4999113082885742
Sample 19,Moirai,0.5005773305892944
Sample 19,TimesFM,0.49942269921302795
Sample 20,Chronos,0.5002330541610718
Sample 20,Time-MoE,0.4997669756412506
Sample 21,TimesFM,0.5000069737434387
Sample 21,Moirai,0.4999929964542389
Sample 22,Moirai,0.5004408955574036
Sample 22,Timer,0.49955910444259644
Sample 23,Timer,0.5000215768814087
Sample 23,Time-MoE,0.4999784231185913
Sample 24,Moirai,0.5004091262817383
Sample 24,TimesFM,0.4995908737182617
Sample 25,Moirai,0.5000559687614441
Sample 25,Timer,0.4999440312385559
Sample 26,Moirai,0.5000198483467102
Sample 26,TimesFM,0.4999801516532898
Sample 27,TimesFM,0.5000333189964294
Sample 27,Chronos,0.49996671080589294
Sample 28,Chronos,0.5000584721565247
Sample 28,TimesFM,0.49994149804115295
Sample 29,TimesFM,0.5000402927398682
Sample 29,Chronos,0.4999597370624542
Sample 30,Moirai,0.500006377696991
Sample 30,Timer,0.4999936521053314
Sample 31,TimesFM,0.500203549861908
Sample 31,Time-MoE,0.49979639053344727
Sample 0,Moirai,0.5005959272384644
Sample 0,TimesFM,0.49940404295921326
Sample 1,Moirai,0.5002430081367493
Sample 1,Timer,0.49975696206092834
Sample 2,TimesFM,0.5002154111862183
Sample 2,Time-MoE,0.4997846484184265
Sample 3,Moirai,0.5000634789466858
Sample 3,Chronos,0.4999365508556366
Sample 4,Moirai,0.5003740787506104
Sample 4,Timer,0.49962592124938965
Sample 5,Moirai,0.5005127787590027
Sample 5,Time-MoE,0.4994872510433197
Sample 6,Moirai,0.5006753206253052
Sample 6,Chronos,0.4993246793746948
Sample 7,TimesFM,0.5001907348632812
Sample 7,Time-MoE,0.49980929493904114
Sample 8,Moirai,0.5014760494232178
Sample 8,TimesFM,0.4985239505767822
Sample 9,Moirai,0.5001487135887146
Sample 9,Timer,0.4998513162136078
Sample 10,Chronos,0.5001208782196045
Sample 10,Moirai,0.4998791217803955
Sample 11,Chronos,0.5000606775283813
Sample 11,TimesFM,0.49993932247161865
Sample 12,Chronos,0.5000526309013367
Sample 12,TimesFM,0.4999473989009857
Sample 13,Timer,0.5000104308128357
Sample 13,Chronos,0.4999895989894867
Sample 14,Moirai,0.500049352645874
Sample 14,TimesFM,0.499950647354126
Sample 15,Moirai,0.5000449419021606
Sample 15,Chronos,0.49995508790016174
Sample 16,Moirai,0.5014054179191589
Sample 16,TimesFM,0.4985945522785187
Sample 17,Timer,0.5000211000442505
Sample 17,Chronos,0.4999788701534271
Sample 18,Moirai,0.5001986026763916
Sample 18,TimesFM,0.4998013377189636
Sample 19,TimesFM,0.5000088810920715
Sample 19,Chronos,0.4999910891056061
Sample 20,Chronos,0.5000206828117371
Sample 20,TimesFM,0.4999793469905853
Sample 21,TimesFM,0.5000423192977905
Sample 21,Chronos,0.49995771050453186
Sample 22,Moirai,0.5008301734924316
Sample 22,TimesFM,0.49916979670524597
Sample 23,TimesFM,0.500174343585968
Sample 23,Time-MoE,0.499825656414032
Sample 24,Moirai,0.5005247592926025
Sample 24,Chronos,0.4994752109050751
Sample 25,TimesFM,0.5000124573707581
Sample 25,Chronos,0.49998757243156433
Sample 26,TimesFM,0.5002002716064453
Sample 26,Chronos,0.4997997283935547
Sample 27,Chronos,0.5000205636024475
Sample 27,TimesFM,0.4999794363975525
Sample 28,Chronos,0.5000781416893005
Sample 28,TimesFM,0.49992188811302185
Sample 29,TimesFM,0.5000156164169312
Sample 29,Chronos,0.49998435378074646
Sample 30,Moirai,0.5004080533981323
Sample 30,Timer,0.4995919466018677
Sample 31,TimesFM,0.5000476241111755
Sample 31,Moirai,0.49995237588882446
Sample 0,Moirai,0.5019997358322144
Sample 0,TimesFM,0.49800026416778564
Sample 1,Moirai,0.5001868605613708
Sample 1,Timer,0.49981316924095154
Sample 2,Moirai,0.500190258026123
Sample 2,Chronos,0.49980974197387695
Sample 3,Moirai,0.5000486969947815
Sample 3,Chronos,0.4999513030052185
Sample 4,Timer,0.5004215240478516
Sample 4,Moirai,0.49957844614982605
Sample 5,TimesFM,0.5000105500221252
Sample 5,Chronos,0.49998944997787476
Sample 6,Moirai,0.5001033544540405
Sample 6,Timer,0.4998966455459595
Sample 7,TimesFM,0.5000959634780884
Sample 7,Moirai,0.4999040365219116
Sample 8,Moirai,0.5015727281570435
Sample 8,Time-MoE,0.4984273314476013
Sample 9,Moirai,0.500164270401001
Sample 9,Timer,0.49983569979667664
Sample 10,Moirai,0.5000801086425781
Sample 10,TimesFM,0.4999198913574219
Sample 11,Moirai,0.5003898739814758
Sample 11,TimesFM,0.4996100962162018
Sample 12,Moirai,0.5002142786979675
Sample 12,Timer,0.49978575110435486
Sample 13,Moirai,0.5000899434089661
Sample 13,TimesFM,0.49991005659103394
Sample 14,TimesFM,0.5000022649765015
Sample 14,Chronos,0.49999770522117615
Sample 15,Chronos,0.5001088976860046
Sample 15,TimesFM,0.4998910427093506
Sample 16,Moirai,0.501591145992279
Sample 16,Time-MoE,0.4984089136123657
Sample 17,Moirai,0.5000276565551758
Sample 17,TimesFM,0.4999723434448242
Sample 18,Moirai,0.500901460647583
Sample 18,Time-MoE,0.499098539352417
Sample 19,Chronos,0.5000529885292053
Sample 19,TimesFM,0.4999470114707947
Sample 20,Chronos,0.5003360509872437
Sample 20,Time-MoE,0.49966391921043396
Sample 21,Moirai,0.50004643201828
Sample 21,TimesFM,0.4999535381793976
Sample 22,Moirai,0.5003247857093811
Sample 22,Timer,0.49967527389526367
Sample 23,TimesFM,0.5002404451370239
Sample 23,Chronos,0.4997595548629761
Sample 24,Moirai,0.5014055371284485
Sample 24,TimesFM,0.4985944330692291
Sample 25,Timer,0.5000016689300537
Sample 25,Moirai,0.4999983608722687
Sample 26,Moirai,0.500313937664032
Sample 26,TimesFM,0.49968603253364563
Sample 27,Chronos,0.5000040531158447
Sample 27,Moirai,0.4999959170818329
Sample 28,TimesFM,0.5001594424247742
Sample 28,Chronos,0.49984052777290344
Sample 29,TimesFM,0.5000708699226379
Sample 29,Chronos,0.49992915987968445
Sample 30,Moirai,0.5002322793006897
Sample 30,Timer,0.4997676908969879
Sample 31,Moirai,0.5000113844871521
Sample 31,TimesFM,0.4999885857105255
Sample 0,Moirai,0.5009307265281677
Sample 0,TimesFM,0.4990692734718323
Sample 1,Moirai,0.5001242160797119
Sample 1,Timer,0.4998757839202881
Sample 2,Moirai,0.5005024671554565
Sample 2,TimesFM,0.49949753284454346
Sample 3,Moirai,0.5001371502876282
Sample 3,Chronos,0.4998628497123718
Sample 4,Chronos,0.5001025199890137
Sample 4,Moirai,0.49989748001098633
Sample 5,Moirai,0.5001959800720215
Sample 5,TimesFM,0.4998040199279785
Sample 6,Moirai,0.5008524656295776
Sample 6,Timer,0.4991474747657776
Sample 7,TimesFM,0.5000338554382324
Sample 7,Moirai,0.4999661147594452
Sample 8,Moirai,0.5011041164398193
Sample 8,TimesFM,0.4988958537578583
Sample 9,Moirai,0.5002158880233765
Sample 9,Timer,0.49978411197662354
Sample 10,Moirai,0.5006527304649353
Sample 10,TimesFM,0.4993472099304199
Sample 11,Moirai,0.5002272725105286
Sample 11,Timer,0.4997727572917938
Sample 12,Chronos,0.5001497268676758
Sample 12,Time-MoE,0.49985024333000183
Sample 13,Chronos,0.5001980662345886
Sample 13,TimesFM,0.4998019337654114
Sample 14,TimesFM,0.5002370476722717
Sample 14,Time-MoE,0.49976295232772827
Sample 15,Moirai,0.5002890229225159
Sample 15,TimesFM,0.49971097707748413
Sample 16,Moirai,0.5006125569343567
Sample 16,TimesFM,0.4993874430656433
Sample 17,Moirai,0.5002034306526184
Sample 17,Timer,0.4997965693473816
Sample 18,TimesFM,0.500110387802124
Sample 18,Moirai,0.499889612197876
Sample 19,Moirai,0.5003247261047363
Sample 19,Timer,0.49967530369758606
Sample 20,TimesFM,0.5000449419021606
Sample 20,Chronos,0.49995502829551697
Sample 21,Moirai,0.5002122521400452
Sample 21,Chronos,0.4997877776622772
Sample 22,Moirai,0.5001555681228638
Sample 22,TimesFM,0.49984440207481384
Sample 23,TimesFM,0.5002139210700989
Sample 23,Time-MoE,0.4997861087322235
Sample 24,Moirai,0.5019816756248474
Sample 24,TimesFM,0.4980182647705078
Sample 25,Moirai,0.5001541376113892
Sample 25,Chronos,0.49984583258628845
Sample 26,Moirai,0.5005438327789307
Sample 26,TimesFM,0.4994561970233917
Sample 27,Moirai,0.5000634789466858
Sample 27,Chronos,0.4999365210533142
Sample 28,Chronos,0.5002331733703613
Sample 28,Moirai,0.4997667968273163
Sample 29,Moirai,0.5000128149986267
Sample 29,TimesFM,0.4999872148036957
Sample 30,Moirai,0.5000372529029846
Sample 30,Chronos,0.4999627470970154
Sample 31,Chronos,0.500141441822052
Sample 31,TimesFM,0.4998586177825928
Sample 0,Moirai,0.500943124294281
Sample 0,Timer,0.4990568459033966
Sample 1,Timer,0.5000056028366089
Sample 1,Chronos,0.4999943673610687
Sample 2,TimesFM,0.5001252889633179
Sample 2,Moirai,0.49987471103668213
Sample 3,Chronos,0.500043511390686
Sample 3,Moirai,0.49995648860931396
Sample 4,Chronos,0.5006396770477295
Sample 4,Time-MoE,0.4993603825569153
Sample 5,Moirai,0.5000476241111755
Sample 5,Timer,0.4999523460865021
Sample 6,Moirai,0.5000432729721069
Sample 6,Chronos,0.49995675683021545
Sample 7,TimesFM,0.5001725554466248
Sample 7,Time-MoE,0.49982741475105286
Sample 8,Moirai,0.5016363859176636
Sample 8,Time-MoE,0.4983636140823364
Sample 9,Moirai,0.5001451969146729
Sample 9,Timer,0.49985480308532715
Sample 10,TimesFM,0.5002685189247131
Sample 10,Moirai,0.4997314214706421
Sample 11,Moirai,0.5001407861709595
Sample 11,Timer,0.4998592734336853
Sample 12,Timer,0.500289797782898
Sample 12,Moirai,0.49971017241477966
Sample 13,Moirai,0.5002599358558655
Sample 13,Timer,0.4997400641441345
Sample 14,Moirai,0.5000567436218262
Sample 14,Chronos,0.49994325637817383
Sample 15,TimesFM,0.50020831823349
Sample 15,Time-MoE,0.49979168176651
Sample 0,Moirai,0.5019373297691345
Sample 0,TimesFM,0.4980626702308655
Sample 1,Moirai,0.5000457763671875
Sample 1,Timer,0.4999542534351349
Sample 2,Chronos,0.5000612735748291
Sample 2,Time-MoE,0.4999387562274933
Sample 3,Moirai,0.5001378059387207
Sample 3,Chronos,0.4998621940612793
Sample 4,Timer,0.500278651714325
Sample 4,Moirai,0.49972134828567505
Sample 5,Timer,0.5000197291374207
Sample 5,Moirai,0.49998030066490173
Sample 6,Moirai,0.5004674196243286
Sample 6,Chronos,0.4995325803756714
Sample 7,TimesFM,0.5001910328865051
Sample 7,Time-MoE,0.49980899691581726
Sample 8,Moirai,0.5020292401313782
Sample 8,Time-MoE,0.4979707896709442
Sample 9,Moirai,0.5000596642494202
Sample 9,Timer,0.49994033575057983
Sample 10,TimesFM,0.5001887083053589
Sample 10,Moirai,0.4998113214969635
Sample 11,Moirai,0.5000261068344116
Sample 11,Chronos,0.4999738931655884
Sample 12,TimesFM,0.5000041723251343
Sample 12,Moirai,0.49999579787254333
Sample 13,Moirai,0.5001229047775269
Sample 13,Chronos,0.49987709522247314
Sample 14,TimesFM,0.5000730156898499
Sample 14,Chronos,0.49992701411247253
Sample 15,TimesFM,0.5001625418663025
Sample 15,Time-MoE,0.4998374283313751
Sample 16,Moirai,0.501235842704773
Sample 16,TimesFM,0.49876418709754944
Sample 17,Moirai,0.5003321766853333
Sample 17,Timer,0.4996678829193115
Sample 18,TimesFM,0.500150740146637
Sample 18,Moirai,0.49984923005104065
Sample 19,Moirai,0.5002787113189697
Sample 19,Chronos,0.49972134828567505
Sample 20,Moirai,0.5006049275398254
Sample 20,Chronos,0.4993950426578522
Sample 21,Moirai,0.5001891851425171
Sample 21,TimesFM,0.4998108148574829
Sample 22,Moirai,0.5000158548355103
Sample 22,TimesFM,0.49998417496681213
Sample 23,TimesFM,0.5002257227897644
Sample 23,Chronos,0.4997742772102356
Sample 24,Moirai,0.5009972453117371
Sample 24,Chronos,0.49900275468826294
Sample 25,Timer,0.5000540614128113
Sample 25,Chronos,0.4999459683895111
Sample 26,Moirai,0.5007411241531372
Sample 26,Timer,0.4992588758468628
Sample 27,Moirai,0.5001252293586731
Sample 27,TimesFM,0.4998747706413269
Sample 28,Chronos,0.5003089308738708
Sample 28,Timer,0.49969109892845154
Sample 29,Moirai,0.5000772476196289
Sample 29,Chronos,0.4999227821826935
Sample 30,Moirai,0.5000225305557251
Sample 30,TimesFM,0.4999774694442749
Sample 31,TimesFM,0.5001842975616455
Sample 31,Chronos,0.4998157322406769
Sample 0,Moirai,0.5010817050933838
Sample 0,TimesFM,0.4989183247089386
Sample 1,Moirai,0.5002869367599487
Sample 1,Timer,0.49971309304237366
Sample 2,Moirai,0.5000946521759033
Sample 2,TimesFM,0.4999053180217743
Sample 3,Moirai,0.5002892017364502
Sample 3,Timer,0.4997107684612274
Sample 4,TimesFM,0.5001120567321777
Sample 4,Time-MoE,0.4998878836631775
Sample 5,Moirai,0.5002647638320923
Sample 5,Chronos,0.4997352063655853
Sample 6,Moirai,0.5002133846282959
Sample 6,Timer,0.4997866451740265
Sample 7,TimesFM,0.5002075433731079
Sample 7,Time-MoE,0.4997924566268921
Sample 8,Moirai,0.5014424920082092
Sample 8,Chronos,0.49855750799179077
Sample 9,Moirai,0.5003052949905396
Sample 9,Timer,0.49969473481178284
Sample 10,Moirai,0.5005728006362915
Sample 10,Chronos,0.4994271695613861
Sample 11,Moirai,0.5001301169395447
Sample 11,TimesFM,0.4998698830604553
Sample 12,Moirai,0.5000000596046448
Sample 12,Chronos,0.4999999403953552
Sample 13,Moirai,0.5003214478492737
Sample 13,Timer,0.49967852234840393
Sample 14,TimesFM,0.5001402497291565
Sample 14,Chronos,0.4998598098754883
Sample 15,TimesFM,0.5002074241638184
Sample 15,Time-MoE,0.49979254603385925
Sample 16,Moirai,0.5017040371894836
Sample 16,Chronos,0.49829593300819397
Sample 17,Moirai,0.5002316236495972
Sample 17,Timer,0.49976834654808044
Sample 18,TimesFM,0.5002225041389465
Sample 18,Chronos,0.49977755546569824
Sample 19,Moirai,0.5002495646476746
Sample 19,Timer,0.49975043535232544
Sample 20,Timer,0.500201404094696
Sample 20,Moirai,0.4997985363006592
Sample 21,Moirai,0.5003566741943359
Sample 21,Timer,0.49964332580566406
Sample 22,Moirai,0.5000700354576111
Sample 22,TimesFM,0.4999299645423889
Sample 23,Chronos,0.5000623464584351
Sample 23,TimesFM,0.49993762373924255
Sample 24,Moirai,0.5012823939323425
Sample 24,Timer,0.49871760606765747
Sample 25,Timer,0.5000182390213013
Sample 25,TimesFM,0.4999817907810211
Sample 26,TimesFM,0.5000256896018982
Sample 26,Moirai,0.4999743103981018
Sample 27,Moirai,0.5000331997871399
Sample 27,TimesFM,0.4999668300151825
Sample 28,Chronos,0.500068187713623
Sample 28,Moirai,0.49993184208869934
Sample 29,Moirai,0.5000611543655396
Sample 29,TimesFM,0.49993884563446045
Sample 30,Timer,0.5000016093254089
Sample 30,TimesFM,0.49999839067459106
Sample 31,TimesFM,0.5001881718635559
Sample 31,Time-MoE,0.4998117983341217
Sample 0,Moirai,0.5004451870918274
Sample 0,TimesFM,0.4995548129081726
Sample 1,Moirai,0.5001883506774902
Sample 1,Timer,0.49981167912483215
Sample 2,TimesFM,0.5001090168952942
Sample 2,Moirai,0.49989092350006104
Sample 3,Moirai,0.500199556350708
Sample 3,Chronos,0.4998004138469696
Sample 4,TimesFM,0.5001678466796875
Sample 4,Chronos,0.4998321235179901
Sample 5,TimesFM,0.5001208186149597
Sample 5,Time-MoE,0.4998791813850403
Sample 6,Moirai,0.5001984238624573
Sample 6,TimesFM,0.4998015761375427
Sample 7,TimesFM,0.5001793503761292
Sample 7,Time-MoE,0.49982064962387085
Sample 8,Moirai,0.500808835029602
Sample 8,Chronos,0.49919116497039795
Sample 9,Moirai,0.5000181198120117
Sample 9,Timer,0.49998190999031067
Sample 10,Moirai,0.5001055598258972
Sample 10,Timer,0.499894380569458
Sample 11,Moirai,0.5001049637794495
Sample 11,Chronos,0.49989500641822815
Sample 12,Chronos,0.5003339648246765
Sample 12,TimesFM,0.49966609477996826
Sample 13,TimesFM,0.5000135898590088
Sample 13,Chronos,0.4999864399433136
Sample 14,Timer,0.5000113844871521
Sample 14,Moirai,0.4999886453151703
Sample 15,TimesFM,0.5002789497375488
Sample 15,Time-MoE,0.49972110986709595
Sample 16,Moirai,0.5010790228843689
Sample 16,Timer,0.4989210069179535
Sample 17,Timer,0.5000262260437012
Sample 17,Moirai,0.49997377395629883
Sample 18,TimesFM,0.50007563829422
Sample 18,Chronos,0.4999243915081024
Sample 19,Moirai,0.5006478428840637
Sample 19,TimesFM,0.4993521571159363
Sample 20,Chronos,0.5002615451812744
Sample 20,Time-MoE,0.4997384548187256
Sample 21,Moirai,0.5000014305114746
Sample 21,TimesFM,0.4999985992908478
Sample 22,Moirai,0.5004830360412598
Sample 22,Timer,0.49951693415641785
Sample 23,Timer,0.5000072717666626
Sample 23,Time-MoE,0.4999927580356598
Sample 24,Moirai,0.5004609227180481
Sample 24,TimesFM,0.4995391070842743
Sample 25,Moirai,0.5000597238540649
Sample 25,Timer,0.49994024634361267
Sample 26,Moirai,0.5000158548355103
Sample 26,TimesFM,0.49998414516448975
Sample 27,TimesFM,0.5000187158584595
Sample 27,Chronos,0.4999813139438629
Sample 28,Chronos,0.5000894069671631
Sample 28,TimesFM,0.4999105632305145
Sample 29,TimesFM,0.5000331401824951
Sample 29,Chronos,0.4999668598175049
Sample 30,Moirai,0.5000059008598328
Sample 30,Timer,0.49999406933784485
Sample 31,TimesFM,0.5002025365829468
Sample 31,Time-MoE,0.49979740381240845
Sample 0,Moirai,0.5006673336029053
Sample 0,TimesFM,0.4993326961994171
Sample 1,Moirai,0.500267744064331
Sample 1,Timer,0.49973225593566895
Sample 2,TimesFM,0.5001958608627319
Sample 2,Time-MoE,0.4998040795326233
Sample 3,Moirai,0.500063419342041
Sample 3,Chronos,0.4999365508556366
Sample 4,Moirai,0.5003912448883057
Sample 4,Timer,0.4996087849140167
Sample 5,Moirai,0.5005539655685425
Sample 5,Time-MoE,0.4994460344314575
Sample 6,Moirai,0.5007543563842773
Sample 6,Chronos,0.49924561381340027
Sample 7,TimesFM,0.5001748204231262
Sample 7,Time-MoE,0.49982520937919617
Sample 8,Moirai,0.5016423463821411
Sample 8,TimesFM,0.4983576536178589
Sample 9,Moirai,0.5001661777496338
Sample 9,Timer,0.4998337924480438
Sample 10,Chronos,0.5001545548439026
Sample 10,Moirai,0.4998454451560974
Sample 11,Chronos,0.5000770092010498
Sample 11,TimesFM,0.4999230206012726
Sample 12,Chronos,0.5000624656677246
Sample 12,TimesFM,0.4999375641345978
Sample 13,Timer,0.5000075101852417
Sample 13,Chronos,0.4999924600124359
Sample 14,Moirai,0.5000604391098022
Sample 14,TimesFM,0.49993953108787537
Sample 15,Moirai,0.500043511390686
Sample 15,Chronos,0.49995648860931396
Sample 16,Moirai,0.5015549659729004
Sample 16,Time-MoE,0.498445063829422
Sample 17,Timer,0.5000218152999878
Sample 17,Chronos,0.4999782145023346
Sample 18,Moirai,0.500232994556427
Sample 18,TimesFM,0.4997669756412506
Sample 19,Chronos,0.5000042915344238
Sample 19,TimesFM,0.49999570846557617
Sample 20,Chronos,0.5000397562980652
Sample 20,TimesFM,0.4999602735042572
Sample 21,TimesFM,0.5000331997871399
Sample 21,Chronos,0.4999668002128601
Sample 22,Moirai,0.500911295413971
Sample 22,Time-MoE,0.49908867478370667
Sample 23,TimesFM,0.500169575214386
Sample 23,Time-MoE,0.4998303949832916
Sample 24,Moirai,0.5005723834037781
Sample 24,Chronos,0.4994276463985443
Sample 25,Chronos,0.5000005960464478
Sample 25,TimesFM,0.49999937415122986
Sample 26,TimesFM,0.5001997351646423
Sample 26,Chronos,0.4998002052307129
Sample 27,Chronos,0.5000366568565369
Sample 27,TimesFM,0.49996334314346313
Sample 28,Chronos,0.5000941753387451
Sample 28,TimesFM,0.4999058246612549
Sample 29,Chronos,0.5000050067901611
Sample 29,TimesFM,0.49999502301216125
Sample 30,Moirai,0.5004551410675049
Sample 30,Timer,0.49954482913017273
Sample 31,TimesFM,0.5000548958778381
Sample 31,Moirai,0.4999450743198395
Sample 0,Moirai,0.5022187232971191
Sample 0,Time-MoE,0.49778124690055847
Sample 1,Moirai,0.5002084970474243
Sample 1,Timer,0.4997915029525757
Sample 2,Moirai,0.5001835227012634
Sample 2,Chronos,0.4998164772987366
Sample 3,Moirai,0.5000444650650024
Sample 3,Chronos,0.49995553493499756
Sample 4,Timer,0.5004656910896301
Sample 4,Moirai,0.4995343089103699
Sample 5,Chronos,0.5000030994415283
Sample 5,TimesFM,0.49999693036079407
Sample 6,Moirai,0.5001114010810852
Sample 6,Timer,0.49988853931427
Sample 7,TimesFM,0.5001028776168823
Sample 7,Moirai,0.4998970925807953
Sample 8,Moirai,0.5017552971839905
Sample 8,Time-MoE,0.49824467301368713
Sample 9,Moirai,0.5001791715621948
Sample 9,Timer,0.4998207986354828
Sample 10,Moirai,0.5000885128974915
Sample 10,TimesFM,0.49991148710250854
Sample 11,Moirai,0.5004429817199707
Sample 11,TimesFM,0.4995570182800293
Sample 12,Moirai,0.5002233386039734
Sample 12,Timer,0.499776691198349
Sample 13,Moirai,0.5001052021980286
Sample 13,TimesFM,0.49989473819732666
Sample 14,Chronos,0.5000055432319641
Sample 14,TimesFM,0.4999944865703583
Sample 15,Chronos,0.5001590847969055
Sample 15,TimesFM,0.4998409152030945
Sample 16,Moirai,0.5017679333686829
Sample 16,Time-MoE,0.49823206663131714
Sample 17,Moirai,0.5000339150428772
Sample 17,Chronos,0.4999660551548004
Sample 18,Moirai,0.5009835958480835
Sample 18,Time-MoE,0.49901634454727173
Sample 19,Chronos,0.5000742077827454
Sample 19,TimesFM,0.49992576241493225
Sample 20,Chronos,0.5003837943077087
Sample 20,TimesFM,0.49961617588996887
Sample 21,Moirai,0.500067412853241
Sample 21,TimesFM,0.4999326169490814
Sample 22,Moirai,0.5003635883331299
Sample 22,Timer,0.4996364116668701
Sample 23,TimesFM,0.5002123713493347
Sample 23,Chronos,0.49978768825531006
Sample 24,Moirai,0.5015746355056763
Sample 24,TimesFM,0.49842533469200134
Sample 25,Timer,0.5000017285346985
Sample 25,Moirai,0.4999982714653015
Sample 26,Moirai,0.5003674030303955
Sample 26,TimesFM,0.4996325969696045
Sample 27,Chronos,0.500015139579773
Sample 27,Moirai,0.49998486042022705
Sample 28,TimesFM,0.5001474618911743
Sample 28,Chronos,0.4998525381088257
Sample 29,TimesFM,0.5000625848770142
Sample 29,Chronos,0.4999374449253082
Sample 30,Moirai,0.5002551078796387
Sample 30,Timer,0.4997449219226837
Sample 31,Moirai,0.5000215768814087
Sample 31,TimesFM,0.4999783933162689
Sample 0,Moirai,0.5010251998901367
Sample 0,TimesFM,0.49897482991218567
Sample 1,Moirai,0.5001391172409058
Sample 1,Timer,0.499860942363739
Sample 2,Moirai,0.5005323886871338
Sample 2,Time-MoE,0.4994676113128662
Sample 3,Moirai,0.5001466870307922
Sample 3,Chronos,0.49985331296920776
Sample 4,Chronos,0.5001378655433655
Sample 4,Moirai,0.4998621344566345
Sample 5,Moirai,0.5002298355102539
Sample 5,TimesFM,0.4997701644897461
Sample 6,Moirai,0.5009326934814453
Sample 6,Timer,0.4990672767162323
Sample 7,TimesFM,0.5000322461128235
Sample 7,Moirai,0.4999677836894989
Sample 8,Moirai,0.5012257099151611
Sample 8,TimesFM,0.4987742304801941
Sample 9,Moirai,0.5002434849739075
Sample 9,Timer,0.49975648522377014
Sample 10,Moirai,0.5007235407829285
Sample 10,TimesFM,0.4992765188217163
Sample 11,Moirai,0.5002471208572388
Sample 11,Timer,0.4997529089450836
Sample 12,Chronos,0.5001749396324158
Sample 12,Time-MoE,0.49982503056526184
Sample 13,Chronos,0.5002272725105286
Sample 13,TimesFM,0.49977272748947144
Sample 14,TimesFM,0.5002449750900269
Sample 14,Chronos,0.49975505471229553
Sample 15,Moirai,0.5003087520599365
Sample 15,TimesFM,0.4996912479400635
Sample 16,Moirai,0.5006769299507141
Sample 16,TimesFM,0.4993230402469635
Sample 17,Moirai,0.5002285838127136
Sample 17,Timer,0.499771386384964
Sample 18,TimesFM,0.5001288056373596
Sample 18,Moirai,0.49987125396728516
Sample 19,Moirai,0.5003631711006165
Sample 19,Timer,0.49963676929473877
Sample 20,TimesFM,0.500034749507904
Sample 20,Chronos,0.49996528029441833
Sample 21,Moirai,0.5002281665802002
Sample 21,Chronos,0.4997718334197998
Sample 22,Moirai,0.5001723170280457
Sample 22,TimesFM,0.49982771277427673
Sample 23,TimesFM,0.5002135634422302
Sample 23,Time-MoE,0.49978649616241455
Sample 24,Moirai,0.5021958351135254
Sample 24,Time-MoE,0.4978041648864746
Sample 25,Moirai,0.5001633167266846
Sample 25,Chronos,0.49983665347099304
Sample 26,Moirai,0.5005868077278137
Sample 26,TimesFM,0.49941322207450867
Sample 27,Moirai,0.5000691413879395
Sample 27,Chronos,0.49993088841438293
Sample 28,Chronos,0.5002555251121521
Sample 28,Moirai,0.4997444450855255
Sample 29,Moirai,0.5000166893005371
Sample 29,TimesFM,0.4999833405017853
Sample 30,Moirai,0.5000443458557129
Sample 30,Chronos,0.4999556243419647
Sample 31,Chronos,0.5001973509788513
Sample 31,TimesFM,0.4998026192188263
Sample 0,Moirai,0.5010718703269958
Sample 0,Timer,0.49892812967300415
Sample 1,Chronos,0.5000017285346985
Sample 1,Timer,0.4999982416629791
Sample 2,TimesFM,0.5001417398452759
Sample 2,Moirai,0.4998583197593689
Sample 3,Chronos,0.5000630021095276
Sample 3,Moirai,0.4999370276927948
Sample 4,Chronos,0.5007050037384033
Sample 4,TimesFM,0.49929505586624146
Sample 5,Moirai,0.5000501275062561
Sample 5,Timer,0.4999499022960663
Sample 6,Moirai,0.5000338554382324
Sample 6,Chronos,0.49996617436408997
Sample 7,TimesFM,0.5001819133758545
Sample 7,Chronos,0.4998180568218231
Sample 8,Moirai,0.5018145442008972
Sample 8,Time-MoE,0.4981854557991028
Sample 9,Moirai,0.5001642107963562
Sample 9,Timer,0.4998357594013214
Sample 10,TimesFM,0.5002910494804382
Sample 10,Moirai,0.49970895051956177
Sample 11,Moirai,0.5001500248908997
Sample 11,Chronos,0.49984994530677795
Sample 12,Timer,0.50032639503479
Sample 12,Time-MoE,0.49967366456985474
Sample 13,Moirai,0.500289797782898
Sample 13,Timer,0.49971020221710205
Sample 14,Moirai,0.5000584125518799
Sample 14,Chronos,0.49994155764579773
Sample 15,TimesFM,0.5002157688140869
Sample 15,Time-MoE,0.4997842311859131
Sample 0,Moirai,0.5021191835403442
Sample 0,TimesFM,0.49788084626197815
Sample 1,Moirai,0.500051736831665
Sample 1,Timer,0.49994829297065735
Sample 2,Chronos,0.5000885128974915
Sample 2,TimesFM,0.49991148710250854
Sample 3,Moirai,0.5001429319381714
Sample 3,Chronos,0.4998570680618286
Sample 4,Timer,0.5003076791763306
Sample 4,Moirai,0.49969229102134705
Sample 5,Timer,0.5000290870666504
Sample 5,Moirai,0.499970942735672
Sample 6,Moirai,0.5005080699920654
Sample 6,Chronos,0.49949198961257935
Sample 7,TimesFM,0.500200629234314
Sample 7,Time-MoE,0.49979934096336365
Sample 8,Moirai,0.5022527575492859
Sample 8,TimesFM,0.4977472722530365
Sample 9,Moirai,0.5000662207603455
Sample 9,Timer,0.49993380904197693
Sample 10,TimesFM,0.500195324420929
Sample 10,Time-MoE,0.49980464577674866
Sample 11,Moirai,0.5000239610671997
Sample 11,Chronos,0.4999760687351227
Sample 12,TimesFM,0.5000362992286682
Sample 12,Moirai,0.4999637007713318
Sample 13,Moirai,0.5001242160797119
Sample 13,Chronos,0.4998758137226105
Sample 14,TimesFM,0.50007563829422
Sample 14,Chronos,0.4999243915081024
Sample 15,TimesFM,0.5001729130744934
Sample 15,Time-MoE,0.4998270571231842
Sample 16,Moirai,0.5013442039489746
Sample 16,TimesFM,0.4986557960510254
Sample 17,Moirai,0.5003750920295715
Sample 17,Timer,0.49962490797042847
Sample 18,TimesFM,0.5001724362373352
Sample 18,Moirai,0.4998275637626648
Sample 19,Moirai,0.5002988576889038
Sample 19,Chronos,0.4997011721134186
Sample 20,Moirai,0.5006645321846008
Sample 20,Chronos,0.4993354380130768
Sample 21,Moirai,0.5002136826515198
Sample 21,TimesFM,0.4997863471508026
Sample 22,TimesFM,0.5000026822090149
Sample 22,Moirai,0.4999973177909851
Sample 23,TimesFM,0.5002208352088928
Sample 23,Chronos,0.4997791647911072
Sample 24,Moirai,0.5010868310928345
Sample 24,Chronos,0.4989131689071655
Sample 25,Timer,0.5000492930412292
Sample 25,Chronos,0.49995070695877075
Sample 26,Moirai,0.5008203387260437
Sample 26,Timer,0.4991797208786011
Sample 27,Moirai,0.5001303553581238
Sample 27,TimesFM,0.4998696446418762
Sample 28,Chronos,0.5004153847694397
Sample 28,Timer,0.4995845854282379
Sample 29,Moirai,0.5000783801078796
Sample 29,Chronos,0.49992161989212036
Sample 30,Moirai,0.5000342726707458
Sample 30,TimesFM,0.49996575713157654
Sample 31,TimesFM,0.5001683831214905
Sample 31,Chronos,0.49983158707618713
Sample 0,Moirai,0.5011561512947083
Sample 0,TimesFM,0.49884384870529175
Sample 1,Moirai,0.5003267526626587
Sample 1,Timer,0.4996732771396637
Sample 2,Moirai,0.5000807642936707
Sample 2,TimesFM,0.49991926550865173
Sample 3,Moirai,0.5003147721290588
Sample 3,Timer,0.49968522787094116
Sample 4,TimesFM,0.5001114010810852
Sample 4,Time-MoE,0.4998885989189148
Sample 5,Moirai,0.5002769827842712
Sample 5,Chronos,0.49972307682037354
Sample 6,Moirai,0.5002228617668152
Sample 6,Timer,0.4997771680355072
Sample 7,TimesFM,0.5002173781394958
Sample 7,Time-MoE,0.49978262186050415
Sample 8,Moirai,0.5015978217124939
Sample 8,Chronos,0.49840211868286133
Sample 9,Moirai,0.5003387331962585
Sample 9,Chronos,0.49966123700141907
Sample 10,Moirai,0.5006182789802551
Sample 10,Chronos,0.49938175082206726
Sample 11,Moirai,0.5001341700553894
Sample 11,TimesFM,0.4998658299446106
Sample 12,Chronos,0.5000228881835938
Sample 12,Moirai,0.49997714161872864
Sample 13,Moirai,0.5003516674041748
Sample 13,Chronos,0.4996483027935028
Sample 14,TimesFM,0.5001364946365356
Sample 14,Chronos,0.49986356496810913
Sample 15,TimesFM,0.5002160668373108
Sample 15,Time-MoE,0.4997839331626892
Sample 16,Moirai,0.5018675923347473
Sample 16,Chronos,0.4981324374675751
Sample 17,Moirai,0.5002617835998535
Sample 17,Timer,0.4997382164001465
Sample 18,TimesFM,0.5002297759056091
Sample 18,Chronos,0.4997701942920685
Sample 19,Moirai,0.5002812743186951
Sample 19,Timer,0.49971872568130493
Sample 20,Timer,0.5002166032791138
Sample 20,Moirai,0.499783456325531
Sample 21,Moirai,0.5003920197486877
Sample 21,Chronos,0.49960801005363464
Sample 22,Moirai,0.5000733733177185
Sample 22,TimesFM,0.4999266266822815
Sample 23,Chronos,0.500095784664154
Sample 23,TimesFM,0.49990415573120117
Sample 24,Moirai,0.5014223456382751
Sample 24,Chronos,0.49857765436172485
Sample 25,Timer,0.5000190734863281
Sample 25,TimesFM,0.4999809265136719
Sample 26,TimesFM,0.5000289678573608
Sample 26,Moirai,0.49997103214263916
Sample 27,Moirai,0.5000360608100891
Sample 27,TimesFM,0.4999639093875885
Sample 28,Chronos,0.5001165866851807
Sample 28,Moirai,0.49988341331481934
Sample 29,Moirai,0.5000699758529663
Sample 29,TimesFM,0.4999300539493561
Sample 30,Chronos,0.5000064373016357
Sample 30,Timer,0.49999356269836426
Sample 31,TimesFM,0.500196099281311
Sample 31,Time-MoE,0.4998038709163666
Sample 0,Moirai,0.5004652142524719
Sample 0,TimesFM,0.4995347559452057
Sample 1,Moirai,0.5002054572105408
Sample 1,Timer,0.49979454278945923
Sample 2,TimesFM,0.5001277923583984
Sample 2,Moirai,0.49987220764160156
Sample 3,Moirai,0.5001906156539917
Sample 3,Chronos,0.4998094141483307
Sample 4,TimesFM,0.5001696944236755
Sample 4,Chronos,0.49983030557632446
Sample 5,TimesFM,0.5001095533370972
Sample 5,Time-MoE,0.49989044666290283
Sample 6,Moirai,0.5002098083496094
Sample 6,TimesFM,0.4997901916503906
Sample 7,TimesFM,0.5001816153526306
Sample 7,Time-MoE,0.4998184144496918
Sample 8,Moirai,0.5008491277694702
Sample 8,Chronos,0.4991508424282074
Sample 9,Moirai,0.5000116229057312
Sample 9,Timer,0.4999883770942688
Sample 10,Moirai,0.5001075267791748
Sample 10,Timer,0.4998924434185028
Sample 11,Moirai,0.5000807642936707
Sample 11,Chronos,0.49991926550865173
Sample 12,Chronos,0.5003799796104431
Sample 12,TimesFM,0.4996200203895569
Sample 13,Chronos,0.5000081062316895
Sample 13,TimesFM,0.49999192357063293
Sample 14,Timer,0.5000304579734802
Sample 14,Moirai,0.4999695420265198
Sample 15,TimesFM,0.5002779960632324
Sample 15,Time-MoE,0.49972203373908997
Sample 16,Moirai,0.5012086629867554
Sample 16,Timer,0.49879130721092224
Sample 17,Timer,0.500044047832489
Sample 17,Moirai,0.499955952167511
Sample 18,TimesFM,0.5000540018081665
Sample 18,Chronos,0.4999460279941559
Sample 19,Moirai,0.5006958842277527
Sample 19,TimesFM,0.4993041157722473
Sample 20,Chronos,0.5003045201301575
Sample 20,Time-MoE,0.49969545006752014
Sample 21,TimesFM,0.5000067353248596
Sample 21,Moirai,0.49999329447746277
Sample 22,Moirai,0.5005227327346802
Sample 22,Timer,0.4994772970676422
Sample 23,Timer,0.5000005960464478
Sample 23,Time-MoE,0.49999943375587463
Sample 24,Moirai,0.5004749894142151
Sample 24,TimesFM,0.4995250403881073
Sample 25,Moirai,0.5000572800636292
Sample 25,Timer,0.49994274973869324
Sample 26,TimesFM,0.5000151991844177
Sample 26,Moirai,0.4999847710132599
Sample 27,Chronos,0.5000103712081909
Sample 27,TimesFM,0.49998965859413147
Sample 28,Chronos,0.5001248717308044
Sample 28,TimesFM,0.49987515807151794
Sample 29,TimesFM,0.5000165700912476
Sample 29,Chronos,0.49998340010643005
Sample 30,Moirai,0.5000006556510925
Sample 30,Timer,0.49999937415122986
Sample 31,TimesFM,0.5002112984657288
Sample 31,Time-MoE,0.49978864192962646
Sample 0,Moirai,0.5006921291351318
Sample 0,TimesFM,0.49930787086486816
Sample 1,Moirai,0.5002731084823608
Sample 1,Chronos,0.49972692131996155
Sample 2,TimesFM,0.5002027153968811
Sample 2,Time-MoE,0.4997972846031189
Sample 3,Moirai,0.5000333189964294
Sample 3,Chronos,0.49996665120124817
Sample 4,Moirai,0.5003983378410339
Sample 4,Timer,0.49960166215896606
Sample 5,Moirai,0.5005859136581421
Sample 5,Time-MoE,0.4994141459465027
Sample 6,Moirai,0.5007895231246948
Sample 6,Chronos,0.4992104768753052
Sample 7,TimesFM,0.500170111656189
Sample 7,Time-MoE,0.49982985854148865
Sample 8,Moirai,0.5017625689506531
Sample 8,TimesFM,0.4982374608516693
Sample 9,Moirai,0.5001734495162964
Sample 9,Timer,0.4998265504837036
Sample 10,Chronos,0.500227153301239
Sample 10,Moirai,0.499772846698761
Sample 11,Chronos,0.5001078844070435
Sample 11,TimesFM,0.49989208579063416
Sample 12,Chronos,0.5000775456428528
Sample 12,TimesFM,0.4999224543571472
Sample 13,Chronos,0.5000079870223999
Sample 13,Timer,0.4999920427799225
Sample 14,Moirai,0.5000510215759277
Sample 14,TimesFM,0.4999489486217499
Sample 15,Moirai,0.5000072717666626
Sample 15,Chronos,0.499992698431015
Sample 16,Moirai,0.5016776919364929
Sample 16,TimesFM,0.49832233786582947
Sample 17,Timer,0.5000098943710327
Sample 17,Chronos,0.4999900758266449
Sample 18,Moirai,0.5002233386039734
Sample 18,TimesFM,0.4997766613960266
Sample 19,Chronos,0.500033974647522
Sample 19,TimesFM,0.49996599555015564
Sample 20,Chronos,0.5000662803649902
Sample 20,TimesFM,0.4999336898326874
Sample 21,TimesFM,0.5000129342079163
Sample 21,Chronos,0.49998709559440613
Sample 22,Moirai,0.5009905695915222
Sample 22,Time-MoE,0.4990094304084778
Sample 23,TimesFM,0.5001782178878784
Sample 23,Time-MoE,0.49982181191444397
Sample 24,Moirai,0.5005737543106079
Sample 24,Chronos,0.4994262158870697
Sample 25,Chronos,0.5000264048576355
Sample 25,TimesFM,0.4999736249446869
Sample 26,TimesFM,0.5001978874206543
Sample 26,Chronos,0.4998020827770233
Sample 27,Chronos,0.5000672936439514
Sample 27,TimesFM,0.49993273615837097
Sample 28,Chronos,0.5001161098480225
Sample 28,TimesFM,0.49988389015197754
Sample 29,Chronos,0.5000361204147339
Sample 29,TimesFM,0.4999639093875885
Sample 30,Moirai,0.5004879832267761
Sample 30,Chronos,0.4995119869709015
Sample 31,TimesFM,0.5000800490379333
Sample 31,Chronos,0.49991998076438904
Sample 0,Moirai,0.5024189352989197
Sample 0,TimesFM,0.49758103489875793
Sample 1,Moirai,0.5002122521400452
Sample 1,Timer,0.4997878074645996
Sample 2,Moirai,0.5001405477523804
Sample 2,Chronos,0.49985945224761963
Sample 3,Moirai,0.5000088810920715
Sample 3,Chronos,0.49999114871025085
Sample 4,Timer,0.5005282759666443
Sample 4,Moirai,0.4994716942310333
Sample 5,Chronos,0.5000266432762146
Sample 5,TimesFM,0.499973326921463
Sample 6,Moirai,0.5001015663146973
Sample 6,Timer,0.49989837408065796
Sample 7,TimesFM,0.500141441822052
Sample 7,Moirai,0.499858558177948
Sample 8,Moirai,0.5019130706787109
Sample 8,Chronos,0.4980868995189667
Sample 9,Moirai,0.5001758337020874
Sample 9,Timer,0.499824196100235
Sample 10,Moirai,0.5000563263893127
Sample 10,TimesFM,0.49994370341300964
Sample 11,Moirai,0.5004690885543823
Sample 11,TimesFM,0.4995309114456177
Sample 12,Moirai,0.5002047419548035
Sample 12,Chronos,0.49979522824287415
Sample 13,Moirai,0.5001028180122375
Sample 13,TimesFM,0.49989718198776245
Sample 14,Chronos,0.5000280737876892
Sample 14,TimesFM,0.4999719560146332
Sample 15,Chronos,0.5002177953720093
Sample 15,TimesFM,0.4997822046279907
Sample 16,Moirai,0.5019361972808838
Sample 16,Chronos,0.49806374311447144
Sample 17,Chronos,0.5000073313713074
Sample 17,Moirai,0.4999926686286926
Sample 18,Moirai,0.5010696649551392
Sample 18,Time-MoE,0.49893033504486084
Sample 19,Chronos,0.5001174211502075
Sample 19,TimesFM,0.4998825490474701
Sample 20,Chronos,0.500434160232544
Sample 20,Time-MoE,0.4995657801628113
Sample 21,Moirai,0.5000598430633545
Sample 21,Chronos,0.4999401569366455
Sample 22,Moirai,0.5003877878189087
Sample 22,Timer,0.4996122419834137
Sample 23,TimesFM,0.500181257724762
Sample 23,Chronos,0.4998187720775604
Sample 24,Moirai,0.5016858577728271
Sample 24,TimesFM,0.49831414222717285
Sample 25,Timer,0.5000202059745789
Sample 25,Moirai,0.49997982382774353
Sample 26,Moirai,0.5003716945648193
Sample 26,TimesFM,0.49962836503982544
Sample 27,Chronos,0.5000612139701843
Sample 27,Moirai,0.4999387562274933
Sample 28,TimesFM,0.5001292824745178
Sample 28,Chronos,0.4998707175254822
Sample 29,TimesFM,0.5000424385070801
Sample 29,Chronos,0.49995753169059753
Sample 30,Moirai,0.5002549886703491
Sample 30,Timer,0.4997449815273285
Sample 31,TimesFM,0.5000028014183044
Sample 31,Moirai,0.49999716877937317
Sample 0,Moirai,0.5010749697685242
Sample 0,TimesFM,0.49892503023147583
Sample 1,Moirai,0.5001270771026611
Sample 1,Timer,0.49987292289733887
Sample 2,Moirai,0.5005293488502502
Sample 2,Time-MoE,0.49947065114974976
Sample 3,Moirai,0.5001139044761658
Sample 3,Chronos,0.49988606572151184
Sample 4,Chronos,0.5002111792564392
Sample 4,Moirai,0.4997887909412384
Sample 5,Moirai,0.5002405047416687
Sample 5,TimesFM,0.4997594654560089
Sample 6,Moirai,0.5009920001029968
Sample 6,Timer,0.4990079700946808
Sample 7,TimesFM,0.5000656247138977
Sample 7,Moirai,0.4999343752861023
Sample 8,Moirai,0.5013020038604736
Sample 8,TimesFM,0.49869799613952637
Sample 9,Moirai,0.5002462863922119
Sample 9,Chronos,0.4997536838054657
Sample 10,Moirai,0.5007455945014954
Sample 10,Chronos,0.4992544651031494
Sample 11,Moirai,0.5002402663230896
Sample 11,Timer,0.4997597336769104
Sample 12,Chronos,0.5002058148384094
Sample 12,Time-MoE,0.4997941553592682
Sample 13,Chronos,0.5002813339233398
Sample 13,TimesFM,0.49971866607666016
Sample 14,TimesFM,0.5002444982528687
Sample 14,Chronos,0.49975550174713135
Sample 15,Moirai,0.5003053545951843
Sample 15,TimesFM,0.4996946454048157
Sample 16,Moirai,0.5007059574127197
Sample 16,TimesFM,0.4992940425872803
Sample 17,Moirai,0.5002278089523315
Sample 17,Timer,0.49977225065231323
Sample 18,TimesFM,0.500174880027771
Sample 18,Moirai,0.4998250901699066
Sample 19,Moirai,0.5003711581230164
Sample 19,Timer,0.49962884187698364
Sample 20,TimesFM,0.5000047087669373
Sample 20,Chronos,0.49999529123306274
Sample 21,Moirai,0.5002102255821228
Sample 21,Chronos,0.4997897148132324
Sample 22,Moirai,0.5001704692840576
Sample 22,TimesFM,0.49982950091362
Sample 23,TimesFM,0.5002103447914124
Sample 23,Time-MoE,0.49978965520858765
Sample 24,Moirai,0.5023928284645081
Sample 24,Timer,0.49760717153549194
Sample 25,Moirai,0.5001341700553894
Sample 25,Chronos,0.499865859746933
Sample 26,Moirai,0.500599205493927
Sample 26,TimesFM,0.4994007647037506
Sample 27,Moirai,0.5000314116477966
Sample 27,Chronos,0.49996861815452576
Sample 28,Chronos,0.5003705620765686
Sample 28,Moirai,0.49962949752807617
Sample 29,TimesFM,0.5000022649765015
Sample 29,Moirai,0.49999773502349854
Sample 30,Moirai,0.5000069737434387
Sample 30,Chronos,0.4999929964542389
Sample 31,Chronos,0.5002681612968445
Sample 31,TimesFM,0.4997318387031555
Sample 0,Moirai,0.5011671185493469
Sample 0,Timer,0.49883294105529785
Sample 1,Chronos,0.500016987323761
Sample 1,Timer,0.4999830424785614
Sample 2,TimesFM,0.5001798868179321
Sample 2,Moirai,0.49982014298439026
Sample 3,Chronos,0.5000917911529541
Sample 3,Time-MoE,0.4999082088470459
Sample 4,Chronos,0.5008000135421753
Sample 4,Time-MoE,0.49919992685317993
Sample 5,Moirai,0.5000143051147461
Sample 5,Timer,0.4999856650829315
Sample 6,Chronos,0.500008225440979
Sample 6,Moirai,0.4999917447566986
Sample 7,TimesFM,0.5001665949821472
Sample 7,Chronos,0.4998333752155304
Sample 8,Moirai,0.5019335150718689
Sample 8,Time-MoE,0.4980664849281311
Sample 9,Moirai,0.5001471042633057
Sample 9,Timer,0.49985289573669434
Sample 10,TimesFM,0.5003270506858826
Sample 10,Time-MoE,0.49967294931411743
Sample 11,Moirai,0.5001129508018494
Sample 11,Chronos,0.49988704919815063
Sample 12,Timer,0.5003436207771301
Sample 12,Time-MoE,0.4996563494205475
Sample 13,Moirai,0.5002874732017517
Sample 13,Timer,0.4997125566005707
Sample 14,Moirai,0.5000094175338745
Sample 14,Chronos,0.4999906122684479
Sample 15,TimesFM,0.5001966953277588
Sample 15,Time-MoE,0.4998033046722412
