Sample,Learner,Weight
Sample 0,Timer,0.5277017951011658
Sample 0,Chronos,0.4722982347011566
Sample 1,Chronos,0.5239420533180237
Sample 1,TimesFM,0.4760579764842987
Sample 2,Time-MoE,0.6014996767044067
Sample 2,Chronos,0.39850032329559326
Sample 3,TimesFM,0.6163871884346008
Sample 3,Timer,0.3836127817630768
Sample 4,Chronos,0.5887342095375061
Sample 4,TimesFM,0.4112658202648163
Sample 5,Time-MoE,0.6437154412269592
Sample 5,TimesFM,0.35628455877304077
Sample 6,Moirai,0.779090940952301
Sample 6,Timer,0.2209090143442154
Sample 7,Chronos,0.7189919948577881
Sample 7,Timer,0.2810080647468567
Sample 8,TimesFM,0.7542223930358887
Sample 8,Timer,0.24577754735946655
Sample 9,Moirai,0.6121278405189514
Sample 9,Chronos,0.3878721594810486
Sample 10,TimesFM,0.5843714475631714
Sample 10,Moirai,0.41562849283218384
Sample 11,Chronos,0.5176301598548889
Sample 11,Moirai,0.4823698103427887
Sample 12,Moirai,0.504484236240387
Sample 12,TimesFM,0.49551576375961304
Sample 13,Time-MoE,0.6382793188095093
Sample 13,Chronos,0.36172062158584595
Sample 14,Moirai,0.559794008731842
Sample 14,Chronos,0.44020602107048035
Sample 15,Time-MoE,0.5062585473060608
Sample 15,Timer,0.4937414526939392
Sample 16,Time-MoE,0.5460020303726196
Sample 16,Timer,0.453997939825058
Sample 17,Moirai,0.6641265749931335
Sample 17,TimesFM,0.33587345480918884
Sample 18,Time-MoE,0.7705026268959045
Sample 18,Moirai,0.22949737310409546
Sample 19,Time-MoE,0.5376759767532349
Sample 19,Chronos,0.46232396364212036
Sample 20,TimesFM,0.515834391117096
Sample 20,Timer,0.48416560888290405
Sample 21,Time-MoE,0.5808780789375305
Sample 21,Timer,0.4191218912601471
Sample 22,TimesFM,0.6678882837295532
Sample 22,Chronos,0.3321116864681244
Sample 23,Timer,0.8150278329849243
Sample 23,Chronos,0.18497218191623688
Sample 24,Moirai,0.6300496459007263
Sample 24,TimesFM,0.36995041370391846
Sample 25,Moirai,0.5140976309776306
Sample 25,TimesFM,0.4859023988246918
Sample 26,Time-MoE,0.5883804559707642
Sample 26,Timer,0.41161954402923584
Sample 27,Time-MoE,0.5651453137397766
Sample 27,Timer,0.4348546862602234
Sample 28,Moirai,0.5102291107177734
Sample 28,TimesFM,0.48977091908454895
Sample 29,TimesFM,0.72944575548172
Sample 29,Moirai,0.27055421471595764
Sample 30,Time-MoE,0.5069726705551147
Sample 30,TimesFM,0.49302735924720764
Sample 31,TimesFM,0.5183914303779602
Sample 31,Time-MoE,0.4816085696220398
Sample 0,TimesFM,0.8576266765594482
Sample 0,Moirai,0.14237335324287415
Sample 1,Moirai,0.5141611695289612
Sample 1,Chronos,0.4858388900756836
Sample 2,Time-MoE,0.7891066074371338
Sample 2,TimesFM,0.21089337766170502
Sample 3,Moirai,0.5316964387893677
Sample 3,TimesFM,0.4683035612106323
Sample 4,Chronos,0.8780333995819092
Sample 4,Time-MoE,0.12196663022041321
Sample 5,Timer,0.5052224397659302
Sample 5,Time-MoE,0.4947776198387146
Sample 6,Timer,0.525505542755127
Sample 6,TimesFM,0.47449442744255066
Sample 7,Moirai,0.5800285339355469
Sample 7,Chronos,0.4199714660644531
Sample 8,TimesFM,0.7890433073043823
Sample 8,Time-MoE,0.21095669269561768
Sample 9,Timer,0.5289337038993835
Sample 9,TimesFM,0.47106629610061646
Sample 10,Time-MoE,0.6108484268188477
Sample 10,Chronos,0.38915154337882996
Sample 11,TimesFM,0.6173964738845825
Sample 11,Timer,0.38260355591773987
Sample 12,TimesFM,0.8344461917877197
Sample 12,Chronos,0.16555380821228027
Sample 13,TimesFM,0.5255306959152222
Sample 13,Time-MoE,0.47446927428245544
Sample 14,Chronos,0.531754732131958
Sample 14,Timer,0.468245267868042
Sample 15,TimesFM,0.6949310898780823
Sample 15,Time-MoE,0.30506885051727295
Sample 16,Moirai,0.6627474427223206
Sample 16,Time-MoE,0.33725258708000183
Sample 17,TimesFM,0.7407112121582031
Sample 17,Time-MoE,0.2592887580394745
Sample 18,Chronos,0.5384590029716492
Sample 18,Timer,0.46154096722602844
Sample 19,TimesFM,0.8216256499290466
Sample 19,Timer,0.17837435007095337
Sample 20,Timer,0.5681153535842896
Sample 20,TimesFM,0.4318847060203552
Sample 21,Time-MoE,0.5663785934448242
Sample 21,Timer,0.43362146615982056
Sample 22,Time-MoE,0.5084282159805298
Sample 22,Chronos,0.4915717542171478
Sample 23,Moirai,0.6716782450675964
Sample 23,Time-MoE,0.32832175493240356
Sample 24,Time-MoE,0.6025133728981018
Sample 24,Timer,0.3974865972995758
Sample 25,Time-MoE,0.5535079836845398
Sample 25,Timer,0.446492075920105
Sample 26,TimesFM,0.5283978581428528
Sample 26,Time-MoE,0.4716021418571472
Sample 27,Time-MoE,0.5468029379844666
Sample 27,Timer,0.45319700241088867
Sample 28,Moirai,0.677134096622467
Sample 28,Time-MoE,0.32286587357521057
Sample 29,TimesFM,0.6002848148345947
Sample 29,Time-MoE,0.39971521496772766
Sample 30,Time-MoE,0.5486856698989868
Sample 30,Moirai,0.45131438970565796
Sample 31,Timer,0.5545810461044312
Sample 31,Time-MoE,0.44541898369789124
Sample 0,Moirai,0.5178685784339905
Sample 0,Timer,0.4821314215660095
Sample 1,TimesFM,0.5462055206298828
Sample 1,Chronos,0.4537944495677948
Sample 2,Moirai,0.670245885848999
Sample 2,Time-MoE,0.329754114151001
Sample 3,Time-MoE,0.6976368427276611
Sample 3,TimesFM,0.30236315727233887
Sample 4,Chronos,0.5559737682342529
Sample 4,TimesFM,0.44402626156806946
Sample 5,Moirai,0.5739065408706665
Sample 5,Time-MoE,0.4260934889316559
Sample 6,Timer,0.5101661086082458
Sample 6,Moirai,0.4898339509963989
Sample 7,Timer,0.5698567032814026
Sample 7,TimesFM,0.4301432967185974
Sample 8,TimesFM,0.6026543378829956
Sample 8,Time-MoE,0.3973456621170044
Sample 9,TimesFM,0.6019560694694519
Sample 9,Chronos,0.3980439305305481
Sample 10,TimesFM,0.638090193271637
Sample 10,Chronos,0.36190980672836304
Sample 11,TimesFM,0.7417648434638977
Sample 11,Chronos,0.2582351863384247
Sample 12,Moirai,0.5686503052711487
Sample 12,Timer,0.4313496947288513
Sample 13,Time-MoE,0.8422309160232544
Sample 13,TimesFM,0.1577690988779068
Sample 14,Moirai,0.6605573296546936
Sample 14,Chronos,0.339442640542984
Sample 15,Time-MoE,0.6407378911972046
Sample 15,TimesFM,0.3592621088027954
Sample 16,TimesFM,0.7699154019355774
Sample 16,Moirai,0.23008456826210022
Sample 17,Time-MoE,0.7498477697372437
Sample 17,TimesFM,0.2501521706581116
Sample 18,TimesFM,0.7845174074172974
Sample 18,Moirai,0.21548254787921906
Sample 19,Chronos,0.5690783262252808
Sample 19,Moirai,0.43092167377471924
Sample 20,TimesFM,0.5224685072898865
Sample 20,Moirai,0.4775314927101135
Sample 21,Time-MoE,0.5393374562263489
Sample 21,Moirai,0.4606625437736511
Sample 22,Moirai,0.5795468688011169
Sample 22,Chronos,0.42045310139656067
Sample 23,Timer,0.5180405974388123
Sample 23,Moirai,0.48195940256118774
Sample 24,Time-MoE,0.6500747799873352
Sample 24,Timer,0.34992516040802
Sample 25,Time-MoE,0.8220213055610657
Sample 25,TimesFM,0.1779787391424179
Sample 26,Chronos,0.562963604927063
Sample 26,Moirai,0.4370363652706146
Sample 27,Time-MoE,0.582209050655365
Sample 27,TimesFM,0.41779088973999023
Sample 28,Chronos,0.5205615758895874
Sample 28,Moirai,0.4794383943080902
Sample 29,Chronos,0.5005601644515991
Sample 29,TimesFM,0.49943989515304565
Sample 30,Time-MoE,0.6813746690750122
Sample 30,Chronos,0.3186253607273102
Sample 31,Time-MoE,0.602518618106842
Sample 31,Chronos,0.39748138189315796
Sample 0,Moirai,0.5756536722183228
Sample 0,Time-MoE,0.42434632778167725
Sample 1,Timer,0.5011543035507202
Sample 1,Time-MoE,0.4988456964492798
Sample 2,Timer,0.6458498239517212
Sample 2,Time-MoE,0.3541501760482788
Sample 3,Chronos,0.5770913362503052
Sample 3,TimesFM,0.4229086935520172
Sample 4,Timer,0.5779686570167542
Sample 4,Moirai,0.4220314025878906
Sample 5,TimesFM,0.8603439927101135
Sample 5,Chronos,0.13965602219104767
Sample 6,Moirai,0.6655187010765076
Sample 6,Chronos,0.33448126912117004
Sample 7,Moirai,0.6499751806259155
Sample 7,Chronos,0.3500247895717621
Sample 8,Moirai,0.570757269859314
Sample 8,Chronos,0.42924270033836365
Sample 9,Timer,0.7417147159576416
Sample 9,Time-MoE,0.258285254240036
Sample 10,Timer,0.8025904297828674
Sample 10,Time-MoE,0.1974095106124878
Sample 11,TimesFM,0.6124834418296814
Sample 11,Time-MoE,0.3875165581703186
Sample 12,TimesFM,0.5106455087661743
Sample 12,Timer,0.4893544614315033
Sample 13,Chronos,0.6545084118843079
Sample 13,Timer,0.34549152851104736
Sample 14,Timer,0.5024364590644836
Sample 14,Moirai,0.49756354093551636
Sample 15,Chronos,0.6269745826721191
Sample 15,TimesFM,0.3730253577232361
Sample 16,Time-MoE,0.641783595085144
Sample 16,Chronos,0.35821643471717834
Sample 17,TimesFM,0.561352014541626
Sample 17,Timer,0.43864792585372925
Sample 18,Time-MoE,0.5471256971359253
Sample 18,Timer,0.4528743326663971
Sample 19,Timer,0.6585217118263245
Sample 19,Time-MoE,0.3414783179759979
Sample 20,Chronos,0.7361710071563721
Sample 20,TimesFM,0.2638290524482727
Sample 21,TimesFM,0.5753787755966187
Sample 21,Chronos,0.42462119460105896
Sample 22,Time-MoE,0.5934175848960876
Sample 22,Chronos,0.40658241510391235
Sample 23,Time-MoE,0.6183077096939087
Sample 23,Timer,0.3816922903060913
Sample 24,Time-MoE,0.6231910586357117
Sample 24,Timer,0.37680894136428833
Sample 25,Moirai,0.561609148979187
Sample 25,Chronos,0.4383907914161682
Sample 26,Moirai,0.5560002326965332
Sample 26,Chronos,0.4439997375011444
Sample 27,Timer,0.5129716396331787
Sample 27,Moirai,0.4870283603668213
Sample 28,TimesFM,0.5084472894668579
Sample 28,Time-MoE,0.4915527105331421
Sample 29,TimesFM,0.669641375541687
Sample 29,Moirai,0.33035868406295776
Sample 30,Time-MoE,0.5967903137207031
Sample 30,Chronos,0.4032096564769745
Sample 31,Timer,0.6419928073883057
Sample 31,Time-MoE,0.3580072224140167
Sample 0,Moirai,0.5427843928337097
Sample 0,Chronos,0.4572156071662903
Sample 1,Time-MoE,0.6795757412910461
Sample 1,Moirai,0.32042425870895386
Sample 2,TimesFM,0.6595970988273621
Sample 2,Time-MoE,0.34040287137031555
Sample 3,Chronos,0.6131245493888855
Sample 3,Timer,0.3868755102157593
Sample 4,Chronos,0.5512573719024658
Sample 4,Timer,0.4487426280975342
Sample 5,Timer,0.6930115222930908
Sample 5,Time-MoE,0.3069884777069092
Sample 6,Moirai,0.5007702112197876
Sample 6,Time-MoE,0.4992297887802124
Sample 7,Moirai,0.6438055038452148
Sample 7,Timer,0.35619446635246277
Sample 8,TimesFM,0.7016336917877197
Sample 8,Timer,0.29836633801460266
Sample 9,Time-MoE,0.5657329559326172
Sample 9,TimesFM,0.4342670440673828
Sample 10,Chronos,0.5304034948348999
Sample 10,TimesFM,0.4695965051651001
Sample 11,Chronos,0.8086348176002502
Sample 11,Moirai,0.19136515259742737
Sample 12,Moirai,0.65057373046875
Sample 12,Chronos,0.3494263291358948
Sample 13,Moirai,0.6389179229736328
Sample 13,Timer,0.3610820174217224
Sample 14,Moirai,0.7487194538116455
Sample 14,Chronos,0.2512805759906769
Sample 15,Time-MoE,0.5844969749450684
Sample 15,Moirai,0.41550299525260925
Sample 16,Moirai,0.6254656910896301
Sample 16,TimesFM,0.37453433871269226
Sample 17,Time-MoE,0.7590092420578003
Sample 17,TimesFM,0.24099072813987732
Sample 18,Chronos,0.5026503801345825
Sample 18,TimesFM,0.4973496198654175
Sample 19,TimesFM,0.5610618591308594
Sample 19,Moirai,0.4389381408691406
Sample 20,Moirai,0.6195402145385742
Sample 20,Timer,0.3804597556591034
Sample 21,Time-MoE,0.5434520244598389
Sample 21,Moirai,0.45654794573783875
Sample 22,Moirai,0.570032000541687
Sample 22,Timer,0.429967999458313
Sample 23,Time-MoE,0.5947878956794739
Sample 23,Moirai,0.40521207451820374
Sample 24,Timer,0.6392861008644104
Sample 24,TimesFM,0.3607138991355896
Sample 25,Time-MoE,0.6324599981307983
Sample 25,Timer,0.36754000186920166
Sample 26,TimesFM,0.553337812423706
Sample 26,Time-MoE,0.44666221737861633
Sample 27,Time-MoE,0.6337160468101501
Sample 27,Chronos,0.36628401279449463
Sample 28,TimesFM,0.580742359161377
Sample 28,Chronos,0.41925764083862305
Sample 29,Timer,0.5211427807807922
Sample 29,Chronos,0.47885724902153015
Sample 30,Timer,0.6687749624252319
Sample 30,Time-MoE,0.33122506737709045
Sample 31,TimesFM,0.7107272744178772
Sample 31,Chronos,0.2892727255821228
Sample 0,Chronos,0.6194183230400085
Sample 0,TimesFM,0.3805816173553467
Sample 1,TimesFM,0.558573305606842
Sample 1,Timer,0.44142669439315796
Sample 2,Moirai,0.5205385088920593
Sample 2,Time-MoE,0.47946152091026306
Sample 3,Timer,0.5647954344749451
Sample 3,TimesFM,0.4352045953273773
Sample 4,Moirai,0.5054358839988708
Sample 4,Chronos,0.49456414580345154
Sample 5,Moirai,0.5112276673316956
Sample 5,Timer,0.48877233266830444
Sample 6,TimesFM,0.5136038661003113
Sample 6,Time-MoE,0.4863961338996887
Sample 7,Moirai,0.5430883765220642
Sample 7,TimesFM,0.4569115936756134
Sample 8,Moirai,0.8038583397865295
Sample 8,Timer,0.19614166021347046
Sample 9,Time-MoE,0.5423309206962585
Sample 9,Timer,0.4576690196990967
Sample 10,TimesFM,0.6239597201347351
Sample 10,Chronos,0.3760403096675873
Sample 11,Chronos,0.5352855920791626
Sample 11,Moirai,0.464714378118515
Sample 12,Time-MoE,0.6847937107086182
Sample 12,Moirai,0.31520625948905945
Sample 13,TimesFM,0.6267607808113098
Sample 13,Time-MoE,0.3732392191886902
Sample 14,Timer,0.5304549932479858
Sample 14,TimesFM,0.46954503655433655
Sample 15,TimesFM,0.5048962235450745
Sample 15,Chronos,0.4951038360595703
Sample 16,Moirai,0.5095171332359314
Sample 16,Time-MoE,0.4904828667640686
Sample 17,TimesFM,0.6378557682037354
Sample 17,Chronos,0.36214423179626465
Sample 18,Moirai,0.5997119545936584
Sample 18,Timer,0.4002879858016968
Sample 19,Time-MoE,0.573922336101532
Sample 19,TimesFM,0.426077663898468
Sample 20,Moirai,0.5030508637428284
Sample 20,Chronos,0.49694910645484924
Sample 21,Moirai,0.5267115831375122
Sample 21,Timer,0.4732884466648102
Sample 22,Timer,0.5502547025680542
Sample 22,Time-MoE,0.4497452676296234
Sample 23,Timer,0.5763673782348633
Sample 23,Time-MoE,0.4236326217651367
Sample 24,TimesFM,0.5018531084060669
Sample 24,Chronos,0.4981469213962555
Sample 25,Chronos,0.6184297800064087
Sample 25,Timer,0.3815702199935913
Sample 26,Time-MoE,0.7745548486709595
Sample 26,Chronos,0.22544515132904053
Sample 27,Time-MoE,0.9123351573944092
Sample 27,Moirai,0.08766479045152664
Sample 28,TimesFM,0.7087350487709045
Sample 28,Timer,0.29126492142677307
Sample 29,Timer,0.7048307061195374
Sample 29,Chronos,0.29516932368278503
Sample 30,Time-MoE,0.5070944428443909
Sample 30,TimesFM,0.4929055869579315
Sample 31,Time-MoE,0.5006415247917175
Sample 31,Moirai,0.4993584454059601
Sample 0,Timer,0.6534340977668762
Sample 0,Time-MoE,0.346565842628479
Sample 1,Timer,0.5830351114273071
Sample 1,Chronos,0.4169648289680481
Sample 2,Chronos,0.5354815721511841
Sample 2,Time-MoE,0.46451839804649353
Sample 3,Time-MoE,0.5218974947929382
Sample 3,Chronos,0.4781024754047394
Sample 4,Timer,0.6308669447898865
Sample 4,Moirai,0.3691330552101135
Sample 5,TimesFM,0.5588020086288452
Sample 5,Moirai,0.4411979913711548
Sample 6,Moirai,0.5388491153717041
Sample 6,Chronos,0.4611509144306183
Sample 7,Moirai,0.6288474798202515
Sample 7,Chronos,0.37115249037742615
Sample 8,TimesFM,0.5116569995880127
Sample 8,Time-MoE,0.4883430302143097
Sample 9,Moirai,0.5502050518989563
Sample 9,Chronos,0.4497949481010437
Sample 10,Timer,0.6260170340538025
Sample 10,Time-MoE,0.3739829361438751
Sample 11,TimesFM,0.5235233902931213
Sample 11,Moirai,0.47647660970687866
Sample 12,Timer,0.6255384087562561
Sample 12,Moirai,0.3744615912437439
Sample 13,Chronos,0.63114333152771
Sample 13,Moirai,0.36885663866996765
Sample 14,TimesFM,0.5926908850669861
Sample 14,Timer,0.40730905532836914
Sample 15,Moirai,0.590131402015686
Sample 15,Chronos,0.40986862778663635
Sample 0,Time-MoE,0.5134087204933167
Sample 0,Moirai,0.4865912199020386
Sample 1,TimesFM,0.500287652015686
Sample 1,Time-MoE,0.4997123181819916
Sample 2,Timer,0.5345942378044128
Sample 2,Moirai,0.46540573239326477
Sample 3,TimesFM,0.6074475049972534
Sample 3,Moirai,0.3925524652004242
Sample 4,Chronos,0.6626540422439575
Sample 4,TimesFM,0.3373458981513977
Sample 5,Moirai,0.5612446665763855
Sample 5,Time-MoE,0.4387553334236145
Sample 6,Moirai,0.5208923816680908
Sample 6,Timer,0.4791075885295868
Sample 7,TimesFM,0.6903946995735168
Sample 7,Timer,0.30960530042648315
Sample 8,Timer,0.565176784992218
Sample 8,Moirai,0.434823215007782
Sample 9,Timer,0.5926798582077026
Sample 9,Chronos,0.40732020139694214
Sample 10,Chronos,0.5709211826324463
Sample 10,Time-MoE,0.42907875776290894
Sample 11,Moirai,0.6069390773773193
Sample 11,Time-MoE,0.39306092262268066
Sample 12,Time-MoE,0.6108763813972473
Sample 12,Timer,0.3891236484050751
Sample 13,Time-MoE,0.5463154911994934
Sample 13,TimesFM,0.4536844491958618
Sample 14,Moirai,0.5578712821006775
Sample 14,Time-MoE,0.44212865829467773
Sample 15,Chronos,0.7236796617507935
Sample 15,TimesFM,0.2763203978538513
Sample 16,Chronos,0.6328994035720825
Sample 16,TimesFM,0.3671005964279175
Sample 17,Moirai,0.6941051483154297
Sample 17,Time-MoE,0.30589479207992554
Sample 18,Timer,0.6437057852745056
Sample 18,TimesFM,0.3562942445278168
Sample 19,Moirai,0.6048499941825867
Sample 19,Timer,0.3951500356197357
Sample 20,Moirai,0.5412372350692749
Sample 20,Timer,0.4587627053260803
Sample 21,Moirai,0.6158820390701294
Sample 21,Timer,0.38411790132522583
Sample 22,Timer,0.5002787113189697
Sample 22,TimesFM,0.4997212886810303
Sample 23,Timer,0.7217488288879395
Sample 23,Time-MoE,0.27825114130973816
Sample 24,Chronos,0.6411946415901184
Sample 24,TimesFM,0.3588053286075592
Sample 25,TimesFM,0.6512487530708313
Sample 25,Timer,0.3487512767314911
Sample 26,TimesFM,0.5040154457092285
Sample 26,Chronos,0.4959845542907715
Sample 27,Time-MoE,0.608798086643219
Sample 27,TimesFM,0.3912019729614258
Sample 28,TimesFM,0.6114163398742676
Sample 28,Timer,0.3885836899280548
Sample 29,Time-MoE,0.6342763304710388
Sample 29,Moirai,0.3657236397266388
Sample 30,Moirai,0.5803800821304321
Sample 30,Time-MoE,0.41961994767189026
Sample 31,Time-MoE,0.5023579001426697
Sample 31,TimesFM,0.4976420998573303
Sample 0,Time-MoE,0.747273325920105
Sample 0,Moirai,0.25272664427757263
Sample 1,TimesFM,0.5912579894065857
Sample 1,Chronos,0.4087420105934143
Sample 2,Chronos,0.5638279318809509
Sample 2,TimesFM,0.4361720383167267
Sample 3,TimesFM,0.7798670530319214
Sample 3,Moirai,0.2201329618692398
Sample 4,Chronos,0.5672061443328857
Sample 4,Moirai,0.43279385566711426
Sample 5,TimesFM,0.7070061564445496
Sample 5,Moirai,0.29299381375312805
Sample 6,Chronos,0.5660781264305115
Sample 6,Time-MoE,0.43392181396484375
Sample 7,Timer,0.5294514298439026
Sample 7,TimesFM,0.4705485701560974
Sample 8,Moirai,0.5756607055664062
Sample 8,Chronos,0.4243393540382385
Sample 9,Moirai,0.6629190444946289
Sample 9,Time-MoE,0.33708101511001587
Sample 10,TimesFM,0.5678879022598267
Sample 10,Chronos,0.4321121573448181
Sample 11,TimesFM,0.7133898138999939
Sample 11,Chronos,0.2866101861000061
Sample 12,Time-MoE,0.5019673109054565
Sample 12,Chronos,0.49803265929222107
Sample 13,Timer,0.5206210017204285
Sample 13,Moirai,0.47937899827957153
Sample 14,Moirai,0.7302465438842773
Sample 14,Chronos,0.26975345611572266
Sample 15,Moirai,0.7449169158935547
Sample 15,Time-MoE,0.2550830841064453
Sample 16,TimesFM,0.5482670664787292
Sample 16,Chronos,0.45173296332359314
Sample 17,Moirai,0.8302322626113892
Sample 17,Timer,0.16976767778396606
Sample 18,Time-MoE,0.5939187407493591
Sample 18,Chronos,0.40608128905296326
Sample 19,TimesFM,0.6484349370002747
Sample 19,Moirai,0.3515651226043701
Sample 20,Time-MoE,0.7958316802978516
Sample 20,TimesFM,0.20416830480098724
Sample 21,TimesFM,0.604028582572937
Sample 21,Moirai,0.3959714472293854
Sample 22,Time-MoE,0.5721665024757385
Sample 22,Timer,0.4278334975242615
Sample 23,Chronos,0.5245629549026489
Sample 23,TimesFM,0.47543710470199585
Sample 24,Moirai,0.5436506867408752
Sample 24,Chronos,0.45634931325912476
Sample 25,Timer,0.6866016983985901
Sample 25,Chronos,0.3133982717990875
Sample 26,TimesFM,0.5440208315849304
Sample 26,Time-MoE,0.4559791684150696
Sample 27,TimesFM,0.5840790867805481
Sample 27,Timer,0.4159209132194519
Sample 28,Time-MoE,0.8616930842399597
Sample 28,TimesFM,0.1383068710565567
Sample 29,Chronos,0.6336418986320496
Sample 29,Moirai,0.36635810136795044
Sample 30,Chronos,0.6193732619285583
Sample 30,Timer,0.38062673807144165
Sample 31,Moirai,0.6158061027526855
Sample 31,Chronos,0.38419389724731445
Sample 0,TimesFM,0.5955241918563843
Sample 0,Timer,0.4044758081436157
Sample 1,Moirai,0.6711027026176453
Sample 1,Chronos,0.32889726758003235
Sample 2,Time-MoE,0.8613632917404175
Sample 2,Chronos,0.13863664865493774
Sample 3,Timer,0.6208900213241577
Sample 3,Time-MoE,0.3791100084781647
Sample 4,TimesFM,0.5542798638343811
Sample 4,Moirai,0.4457201361656189
Sample 5,Chronos,0.5046849846839905
Sample 5,Timer,0.4953150153160095
Sample 6,Chronos,0.5350172519683838
Sample 6,Moirai,0.4649827182292938
Sample 7,Moirai,0.5708094835281372
Sample 7,TimesFM,0.42919057607650757
Sample 8,Chronos,0.5402489900588989
Sample 8,Moirai,0.45975103974342346
Sample 9,Moirai,0.5151243209838867
Sample 9,Chronos,0.4848756492137909
Sample 10,Timer,0.5064467787742615
Sample 10,Moirai,0.4935532212257385
Sample 11,Time-MoE,0.5175080895423889
Sample 11,Timer,0.48249194025993347
Sample 12,Timer,0.5212998986244202
Sample 12,TimesFM,0.47870010137557983
Sample 13,TimesFM,0.5524386763572693
Sample 13,Timer,0.4475612938404083
Sample 14,TimesFM,0.5652086734771729
Sample 14,Timer,0.43479135632514954
Sample 15,Timer,0.7114142775535583
Sample 15,Chronos,0.28858575224876404
Sample 16,TimesFM,0.624835193157196
Sample 16,Time-MoE,0.37516480684280396
Sample 17,Moirai,0.6087787747383118
Sample 17,Time-MoE,0.39122122526168823
Sample 18,TimesFM,0.7414352297782898
Sample 18,Moirai,0.2585647404193878
Sample 19,Timer,0.7697225213050842
Sample 19,Time-MoE,0.23027744889259338
Sample 20,Time-MoE,0.8447619676589966
Sample 20,Chronos,0.15523798763751984
Sample 21,TimesFM,0.6098721027374268
Sample 21,Moirai,0.39012789726257324
Sample 22,Moirai,0.5053091049194336
Sample 22,Timer,0.4946908950805664
Sample 23,Moirai,0.5212955474853516
Sample 23,Chronos,0.47870445251464844
Sample 24,Timer,0.5707510113716125
Sample 24,TimesFM,0.42924898862838745
Sample 25,Chronos,0.6190306544303894
Sample 25,Timer,0.380969375371933
Sample 26,Moirai,0.8547073006629944
Sample 26,Timer,0.14529266953468323
Sample 27,TimesFM,0.6028807163238525
Sample 27,Chronos,0.39711931347846985
Sample 28,Timer,0.6484695076942444
Sample 28,TimesFM,0.3515304625034332
Sample 29,TimesFM,0.7532620429992676
Sample 29,Moirai,0.24673789739608765
Sample 30,Moirai,0.7092515826225281
Sample 30,Timer,0.29074835777282715
Sample 31,TimesFM,0.5197659730911255
Sample 31,Moirai,0.4802340269088745
Sample 0,Time-MoE,0.7499656081199646
Sample 0,Chronos,0.2500344216823578
Sample 1,Timer,0.5031725168228149
Sample 1,Moirai,0.49682754278182983
Sample 2,Time-MoE,0.5036013722419739
Sample 2,TimesFM,0.4963986575603485
Sample 3,TimesFM,0.54282546043396
Sample 3,Time-MoE,0.45717453956604004
Sample 4,Moirai,0.6757733821868896
Sample 4,Chronos,0.32422661781311035
Sample 5,Moirai,0.9290668964385986
Sample 5,TimesFM,0.07093308866024017
Sample 6,TimesFM,0.5546533465385437
Sample 6,Timer,0.4453466832637787
Sample 7,TimesFM,0.5300531983375549
Sample 7,Chronos,0.46994680166244507
Sample 8,TimesFM,0.7301667332649231
Sample 8,Moirai,0.2698332369327545
Sample 9,Timer,0.5913349390029907
Sample 9,Moirai,0.4086650013923645
Sample 10,Moirai,0.6039865016937256
Sample 10,Timer,0.3960134983062744
Sample 11,TimesFM,0.5464529991149902
Sample 11,Moirai,0.453546941280365
Sample 12,TimesFM,0.658013105392456
Sample 12,Chronos,0.34198683500289917
Sample 13,TimesFM,0.5712186694145203
Sample 13,Chronos,0.4287813603878021
Sample 14,Moirai,0.705011785030365
Sample 14,TimesFM,0.2949882447719574
Sample 15,Chronos,0.5994620323181152
Sample 15,Timer,0.4005379378795624
Sample 16,Time-MoE,0.5087271928787231
Sample 16,Moirai,0.49127277731895447
Sample 17,TimesFM,0.6569233536720276
Sample 17,Timer,0.34307661652565
Sample 18,TimesFM,0.5515211224555969
Sample 18,Chronos,0.4484788179397583
Sample 19,Chronos,0.5490624904632568
Sample 19,Timer,0.45093750953674316
Sample 20,Timer,0.66457200050354
Sample 20,Moirai,0.3354279398918152
Sample 21,TimesFM,0.5729195475578308
Sample 21,Time-MoE,0.4270804822444916
Sample 22,TimesFM,0.5316335558891296
Sample 22,Timer,0.46836644411087036
Sample 23,Chronos,0.6021923422813416
Sample 23,Moirai,0.39780765771865845
Sample 24,TimesFM,0.7431409358978271
Sample 24,Time-MoE,0.2568591237068176
Sample 25,TimesFM,0.8521398901939392
Sample 25,Chronos,0.14786015450954437
Sample 26,Chronos,0.5102682709693909
Sample 26,Time-MoE,0.4897317588329315
Sample 27,Timer,0.6009652018547058
Sample 27,Chronos,0.3990347683429718
Sample 28,Timer,0.5706057548522949
Sample 28,TimesFM,0.4293942451477051
Sample 29,Time-MoE,0.7306058406829834
Sample 29,Moirai,0.2693941295146942
Sample 30,TimesFM,0.5985799431800842
Sample 30,Moirai,0.40142008662223816
Sample 31,Time-MoE,0.6667389869689941
Sample 31,Chronos,0.33326101303100586
Sample 0,TimesFM,0.5282314419746399
Sample 0,Time-MoE,0.4717685878276825
Sample 1,Time-MoE,0.5820252895355225
Sample 1,Chronos,0.41797468066215515
Sample 2,TimesFM,0.52318274974823
Sample 2,Timer,0.47681719064712524
Sample 3,Moirai,0.5013467073440552
Sample 3,TimesFM,0.4986533522605896
Sample 4,TimesFM,0.571930468082428
Sample 4,Time-MoE,0.42806950211524963
Sample 5,TimesFM,0.6415331363677979
Sample 5,Chronos,0.35846689343452454
Sample 6,Moirai,0.6839640736579895
Sample 6,TimesFM,0.3160359263420105
Sample 7,Time-MoE,0.6256882548332214
Sample 7,Moirai,0.37431174516677856
Sample 8,TimesFM,0.6307051181793213
Sample 8,Time-MoE,0.3692948818206787
Sample 9,TimesFM,0.558530330657959
Sample 9,Timer,0.4414697289466858
Sample 10,Timer,0.5207004547119141
Sample 10,Chronos,0.4792996048927307
Sample 11,Chronos,0.645607590675354
Sample 11,TimesFM,0.354392409324646
Sample 12,Chronos,0.5589398741722107
Sample 12,Timer,0.4410601258277893
Sample 13,Time-MoE,0.5101889371871948
Sample 13,TimesFM,0.4898110330104828
Sample 14,Moirai,0.5336224436759949
Sample 14,Timer,0.4663775563240051
Sample 15,Timer,0.5641855001449585
Sample 15,Chronos,0.4358145296573639
Sample 16,Chronos,0.5878463983535767
Sample 16,Time-MoE,0.41215360164642334
Sample 17,Moirai,0.5908315181732178
Sample 17,Time-MoE,0.409168541431427
Sample 18,Chronos,0.5090303421020508
Sample 18,TimesFM,0.4909696578979492
Sample 19,Time-MoE,0.7099205255508423
Sample 19,Moirai,0.2900795340538025
Sample 20,Moirai,0.576127827167511
Sample 20,Time-MoE,0.4238722026348114
Sample 21,Time-MoE,0.5092450380325317
Sample 21,Timer,0.49075499176979065
Sample 22,Timer,0.5384125709533691
Sample 22,Chronos,0.46158739924430847
Sample 23,Timer,0.6375933885574341
Sample 23,Moirai,0.3624066114425659
Sample 24,TimesFM,0.5666307210922241
Sample 24,Chronos,0.4333692789077759
Sample 25,Moirai,0.6631804704666138
Sample 25,Timer,0.3368195593357086
Sample 26,Time-MoE,0.6617709994316101
Sample 26,TimesFM,0.3382290005683899
Sample 27,Chronos,0.5841962695121765
Sample 27,TimesFM,0.4158037304878235
Sample 28,TimesFM,0.7894538044929504
Sample 28,Timer,0.21054627001285553
Sample 29,Timer,0.5109067559242249
Sample 29,Moirai,0.48909318447113037
Sample 30,TimesFM,0.5226004719734192
Sample 30,Chronos,0.4773995876312256
Sample 31,Moirai,0.520902693271637
Sample 31,Timer,0.47909727692604065
Sample 0,Chronos,0.5714513659477234
Sample 0,Timer,0.42854857444763184
Sample 1,Chronos,0.5479623079299927
Sample 1,Time-MoE,0.45203766226768494
Sample 2,Chronos,0.5232028961181641
Sample 2,Timer,0.4767971634864807
Sample 3,TimesFM,0.5272945761680603
Sample 3,Timer,0.4727053940296173
Sample 4,Time-MoE,0.6698426008224487
Sample 4,TimesFM,0.33015745878219604
Sample 5,Time-MoE,0.6641362309455872
Sample 5,TimesFM,0.33586373925209045
Sample 6,TimesFM,0.5582059621810913
Sample 6,Moirai,0.4417940378189087
Sample 7,Timer,0.5577546954154968
Sample 7,Moirai,0.44224533438682556
Sample 8,Moirai,0.5988727807998657
Sample 8,TimesFM,0.4011272192001343
Sample 9,TimesFM,0.7403346300125122
Sample 9,Timer,0.2596653997898102
Sample 10,TimesFM,0.5813819766044617
Sample 10,Time-MoE,0.41861799359321594
Sample 11,Timer,0.5893883109092712
Sample 11,TimesFM,0.41061165928840637
Sample 12,Time-MoE,0.5044620037078857
Sample 12,TimesFM,0.49553802609443665
Sample 13,TimesFM,0.716212809085846
Sample 13,Timer,0.28378725051879883
Sample 14,Moirai,0.5441597700119019
Sample 14,TimesFM,0.45584020018577576
Sample 15,Time-MoE,0.5553016066551208
Sample 15,Moirai,0.44469839334487915
Sample 16,Chronos,0.5704144239425659
Sample 16,Time-MoE,0.4295855760574341
Sample 17,TimesFM,0.8352694511413574
Sample 17,Chronos,0.164730504155159
Sample 18,Timer,0.525033175945282
Sample 18,Chronos,0.474966824054718
Sample 19,Timer,0.6702721118927002
Sample 19,Chronos,0.3297278583049774
Sample 20,TimesFM,0.6778503060340881
Sample 20,Timer,0.32214969396591187
Sample 21,Time-MoE,0.5213104486465454
Sample 21,Chronos,0.4786895215511322
Sample 22,Time-MoE,0.7439841032028198
Sample 22,Timer,0.25601595640182495
Sample 23,Time-MoE,0.8527302742004395
Sample 23,TimesFM,0.14726968109607697
Sample 24,TimesFM,0.5751619338989258
Sample 24,Chronos,0.4248380959033966
Sample 25,TimesFM,0.5996383428573608
Sample 25,Time-MoE,0.4003616273403168
Sample 26,Timer,0.5022489428520203
Sample 26,TimesFM,0.49775102734565735
Sample 27,Chronos,0.5170586109161377
Sample 27,Time-MoE,0.4829414188861847
Sample 28,Chronos,0.6097343564033508
Sample 28,TimesFM,0.3902656137943268
Sample 29,Timer,0.525235116481781
Sample 29,Chronos,0.4747648239135742
Sample 30,Timer,0.5039373636245728
Sample 30,Time-MoE,0.49606260657310486
Sample 31,TimesFM,0.5316166281700134
Sample 31,Chronos,0.4683833718299866
Sample 0,TimesFM,0.5268892645835876
Sample 0,Timer,0.47311070561408997
Sample 1,Moirai,0.5284112691879272
Sample 1,Chronos,0.47158870100975037
Sample 2,Moirai,0.5752866864204407
Sample 2,Chronos,0.4247133731842041
Sample 3,Moirai,0.5253127217292786
Sample 3,Time-MoE,0.47468727827072144
Sample 4,TimesFM,0.5015995502471924
Sample 4,Time-MoE,0.4984004497528076
Sample 5,Moirai,0.594630241394043
Sample 5,Timer,0.40536975860595703
Sample 6,TimesFM,0.7711887359619141
Sample 6,Time-MoE,0.22881121933460236
Sample 7,Time-MoE,0.6423560976982117
Sample 7,TimesFM,0.3576439321041107
Sample 8,Chronos,0.5062111020088196
Sample 8,Time-MoE,0.4937888979911804
Sample 9,TimesFM,0.669512927532196
Sample 9,Moirai,0.33048704266548157
Sample 10,Chronos,0.5939037799835205
Sample 10,Time-MoE,0.4060961902141571
Sample 11,Timer,0.6864551305770874
Sample 11,Chronos,0.3135448396205902
Sample 12,Chronos,0.5055534839630127
Sample 12,TimesFM,0.4944465160369873
Sample 13,TimesFM,0.6807826161384583
Sample 13,Chronos,0.31921741366386414
Sample 14,Moirai,0.6107840538024902
Sample 14,Time-MoE,0.38921597599983215
Sample 15,Moirai,0.5779392719268799
Sample 15,TimesFM,0.42206069827079773
Sample 0,Moirai,0.6372278332710266
Sample 0,Chronos,0.3627721667289734
Sample 1,TimesFM,0.7180587649345398
Sample 1,Chronos,0.281941294670105
Sample 2,Moirai,0.7976523041725159
Sample 2,Timer,0.20234769582748413
Sample 3,Time-MoE,0.6793190836906433
Sample 3,Chronos,0.3206808865070343
Sample 4,Chronos,0.5543898344039917
Sample 4,Timer,0.4456101953983307
Sample 5,Time-MoE,0.7031038403511047
Sample 5,Timer,0.29689621925354004
Sample 6,Moirai,0.7517024874687195
Sample 6,Chronos,0.24829749763011932
Sample 7,Chronos,0.5684681534767151
Sample 7,Time-MoE,0.4315318167209625
Sample 8,Timer,0.5289236307144165
Sample 8,Moirai,0.4710763990879059
Sample 9,TimesFM,0.5467947721481323
Sample 9,Chronos,0.4532051980495453
Sample 10,Moirai,0.5002527832984924
Sample 10,Chronos,0.49974724650382996
Sample 11,Moirai,0.5050363540649414
Sample 11,Time-MoE,0.494963675737381
Sample 12,Moirai,0.7173315286636353
Sample 12,Time-MoE,0.28266850113868713
Sample 13,Time-MoE,0.5089644193649292
Sample 13,Chronos,0.4910355806350708
Sample 14,Time-MoE,0.5218862295150757
Sample 14,TimesFM,0.4781138002872467
Sample 15,Timer,0.5314632654190063
Sample 15,Moirai,0.4685366749763489
Sample 16,Moirai,0.6243447661399841
Sample 16,Timer,0.37565526366233826
Sample 17,TimesFM,0.5544344186782837
Sample 17,Time-MoE,0.4455656111240387
Sample 18,TimesFM,0.5733884572982788
Sample 18,Time-MoE,0.4266115725040436
Sample 19,Chronos,0.5268703699111938
Sample 19,Moirai,0.47312960028648376
Sample 20,Time-MoE,0.7440957427024841
Sample 20,Timer,0.25590425729751587
Sample 21,Timer,0.505412220954895
Sample 21,Chronos,0.494587779045105
Sample 22,TimesFM,0.548278272151947
Sample 22,Moirai,0.4517216980457306
Sample 23,TimesFM,0.5820527672767639
Sample 23,Time-MoE,0.4179472327232361
Sample 24,TimesFM,0.5208457708358765
Sample 24,Timer,0.47915422916412354
Sample 25,Time-MoE,0.6599046587944031
Sample 25,Chronos,0.3400953710079193
Sample 26,Chronos,0.5855588316917419
Sample 26,TimesFM,0.41444119811058044
Sample 27,Chronos,0.5330475568771362
Sample 27,Timer,0.46695247292518616
Sample 28,Moirai,0.5847762823104858
Sample 28,Time-MoE,0.41522371768951416
Sample 29,Time-MoE,0.8016580939292908
Sample 29,Timer,0.1983419507741928
Sample 30,Moirai,0.5606396794319153
Sample 30,TimesFM,0.4393603801727295
Sample 31,Chronos,0.6171605587005615
Sample 31,TimesFM,0.38283947110176086
Sample 0,Timer,0.6205115914344788
Sample 0,Time-MoE,0.37948843836784363
Sample 1,Chronos,0.623147189617157
Sample 1,TimesFM,0.37685278058052063
Sample 2,Timer,0.5289799571037292
Sample 2,Chronos,0.47102001309394836
Sample 3,Moirai,0.5659326314926147
Sample 3,Time-MoE,0.43406733870506287
Sample 4,Timer,0.6198873519897461
Sample 4,Moirai,0.3801126182079315
Sample 5,Moirai,0.7590073347091675
Sample 5,Time-MoE,0.24099265038967133
Sample 6,TimesFM,0.5719102025032043
Sample 6,Moirai,0.42808979749679565
Sample 7,Time-MoE,0.5481412410736084
Sample 7,Moirai,0.4518587291240692
Sample 8,Moirai,0.6964284777641296
Sample 8,Timer,0.3035714626312256
Sample 9,Moirai,0.7424241304397583
Sample 9,Timer,0.2575758993625641
Sample 10,TimesFM,0.7739525437355042
Sample 10,Time-MoE,0.22604742646217346
Sample 11,Time-MoE,0.8726776838302612
Sample 11,Timer,0.12732234597206116
Sample 12,TimesFM,0.9495323896408081
Sample 12,Chronos,0.05046758055686951
Sample 13,Moirai,0.7784307599067688
Sample 13,Timer,0.22156922519207
Sample 14,Time-MoE,0.6538071632385254
Sample 14,Timer,0.3461928367614746
Sample 15,Timer,0.7266470789909363
Sample 15,Time-MoE,0.2733529210090637
Sample 16,Moirai,0.6977764368057251
Sample 16,Time-MoE,0.3022236227989197
Sample 17,TimesFM,0.6680476665496826
Sample 17,Moirai,0.331952303647995
Sample 18,Time-MoE,0.7515627145767212
Sample 18,Timer,0.2484372854232788
Sample 19,TimesFM,0.8308104276657104
Sample 19,Moirai,0.16918957233428955
Sample 20,Moirai,0.6211121678352356
Sample 20,Chronos,0.378887802362442
Sample 21,TimesFM,0.5190938711166382
Sample 21,Chronos,0.48090609908103943
Sample 22,Time-MoE,0.5361859798431396
Sample 22,Timer,0.46381399035453796
Sample 23,Chronos,0.6814954876899719
Sample 23,TimesFM,0.3185045123100281
Sample 24,Moirai,0.6033116579055786
Sample 24,TimesFM,0.39668840169906616
Sample 25,Timer,0.6004574298858643
Sample 25,Time-MoE,0.39954259991645813
Sample 26,TimesFM,0.6366547346115112
Sample 26,Time-MoE,0.36334526538848877
Sample 27,Time-MoE,0.6548063158988953
Sample 27,Moirai,0.34519368410110474
Sample 28,Timer,0.5586389899253845
Sample 28,Moirai,0.4413609802722931
Sample 29,Chronos,0.7030557990074158
Sample 29,Timer,0.29694417119026184
Sample 30,Chronos,0.5433670878410339
Sample 30,Time-MoE,0.45663291215896606
Sample 31,Timer,0.5189279317855835
Sample 31,Time-MoE,0.4810720980167389
Sample 0,Timer,0.6567797660827637
Sample 0,Time-MoE,0.34322017431259155
Sample 1,Time-MoE,0.6392677426338196
Sample 1,Moirai,0.3607322573661804
Sample 2,Chronos,0.6006070375442505
Sample 2,TimesFM,0.3993929922580719
Sample 3,Time-MoE,0.6790028214454651
Sample 3,TimesFM,0.3209972083568573
Sample 4,Moirai,0.5996853113174438
Sample 4,Timer,0.40031465888023376
Sample 5,TimesFM,0.5433063507080078
Sample 5,Time-MoE,0.4566935896873474
Sample 6,Time-MoE,0.5403923392295837
Sample 6,Timer,0.45960763096809387
Sample 7,Time-MoE,0.5551251769065857
Sample 7,Moirai,0.44487476348876953
Sample 8,TimesFM,0.5626305937767029
Sample 8,Moirai,0.4373694658279419
Sample 9,Timer,0.5229126214981079
Sample 9,TimesFM,0.4770873785018921
Sample 10,Timer,0.6193897128105164
Sample 10,Moirai,0.38061025738716125
Sample 11,TimesFM,0.7047073245048523
Sample 11,Chronos,0.29529261589050293
Sample 12,TimesFM,0.536748468875885
Sample 12,Moirai,0.4632515609264374
Sample 13,Moirai,0.5546309947967529
Sample 13,Chronos,0.44536900520324707
Sample 14,TimesFM,0.5527563095092773
Sample 14,Time-MoE,0.44724366068840027
Sample 15,Chronos,0.6104050874710083
Sample 15,Timer,0.3895948827266693
Sample 16,TimesFM,0.7146172523498535
Sample 16,Timer,0.2853827476501465
Sample 17,Time-MoE,0.5028567314147949
Sample 17,TimesFM,0.4971432089805603
Sample 18,TimesFM,0.6459751725196838
Sample 18,Timer,0.3540247976779938
Sample 19,Chronos,0.5401893258094788
Sample 19,TimesFM,0.45981067419052124
Sample 20,Moirai,0.5653918981552124
Sample 20,Timer,0.4346080720424652
Sample 21,Time-MoE,0.6201046109199524
Sample 21,Timer,0.37989532947540283
Sample 22,Time-MoE,0.5217291712760925
Sample 22,Moirai,0.47827082872390747
Sample 23,Time-MoE,0.7218186855316162
Sample 23,Moirai,0.2781813144683838
Sample 24,Time-MoE,0.6053439974784851
Sample 24,TimesFM,0.3946560323238373
Sample 25,TimesFM,0.5819202065467834
Sample 25,Time-MoE,0.41807979345321655
Sample 26,Moirai,0.7378477454185486
Sample 26,Time-MoE,0.2621522843837738
Sample 27,TimesFM,0.6196256279945374
Sample 27,Moirai,0.38037434220314026
Sample 28,Timer,0.6255731582641602
Sample 28,Chronos,0.37442681193351746
Sample 29,Timer,0.651689887046814
Sample 29,Moirai,0.3483101427555084
Sample 30,Chronos,0.5523517727851868
Sample 30,Timer,0.44764822721481323
Sample 31,Timer,0.5932852029800415
Sample 31,Moirai,0.4067147374153137
Sample 0,Chronos,0.5580974221229553
Sample 0,Time-MoE,0.4419025778770447
Sample 1,Moirai,0.601236879825592
Sample 1,Chronos,0.39876312017440796
Sample 2,TimesFM,0.59969162940979
Sample 2,Chronos,0.40030840039253235
Sample 3,Moirai,0.5186174511909485
Sample 3,Timer,0.4813826084136963
Sample 4,TimesFM,0.5741474032402039
Sample 4,Chronos,0.42585259675979614
Sample 5,Chronos,0.7552744150161743
Sample 5,Moirai,0.2447255700826645
Sample 6,Time-MoE,0.5949277281761169
Sample 6,Chronos,0.40507233142852783
Sample 7,Time-MoE,0.6362888813018799
Sample 7,TimesFM,0.3637111186981201
Sample 8,TimesFM,0.6217855215072632
Sample 8,Time-MoE,0.37821444869041443
Sample 9,Chronos,0.5245656967163086
Sample 9,Moirai,0.4754343032836914
Sample 10,Timer,0.5417404174804688
Sample 10,TimesFM,0.4582595229148865
Sample 11,Timer,0.5528450608253479
Sample 11,Time-MoE,0.4471549689769745
Sample 12,Time-MoE,0.5245469212532043
Sample 12,Chronos,0.47545310854911804
Sample 13,Time-MoE,0.5250438451766968
Sample 13,TimesFM,0.4749561548233032
Sample 14,Moirai,0.593685507774353
Sample 14,TimesFM,0.4063144624233246
Sample 15,TimesFM,0.6078574657440186
Sample 15,Moirai,0.39214253425598145
Sample 16,Time-MoE,0.508039116859436
Sample 16,Moirai,0.49196091294288635
Sample 17,Time-MoE,0.5987235307693481
Sample 17,TimesFM,0.40127643942832947
Sample 18,Time-MoE,0.7364029884338379
Sample 18,Timer,0.2635970413684845
Sample 19,Moirai,0.591190755367279
Sample 19,Timer,0.40880927443504333
Sample 20,TimesFM,0.5348749756813049
Sample 20,Time-MoE,0.46512505412101746
Sample 21,Moirai,0.6631184816360474
Sample 21,Chronos,0.33688151836395264
Sample 22,Time-MoE,0.6473206281661987
Sample 22,Chronos,0.35267937183380127
Sample 23,TimesFM,0.617099404335022
Sample 23,Time-MoE,0.382900595664978
Sample 24,Chronos,0.7630749940872192
Sample 24,Moirai,0.23692500591278076
Sample 25,Timer,0.5064201951026917
Sample 25,Time-MoE,0.49357980489730835
Sample 26,Chronos,0.5957329869270325
Sample 26,Timer,0.40426701307296753
Sample 27,Moirai,0.5406174063682556
Sample 27,Time-MoE,0.4593826234340668
Sample 28,Timer,0.6253437995910645
Sample 28,TimesFM,0.37465617060661316
Sample 29,Moirai,0.5125872492790222
Sample 29,Chronos,0.48741278052330017
Sample 30,Time-MoE,0.5168434977531433
Sample 30,Moirai,0.4831564426422119
Sample 31,Timer,0.5455358624458313
Sample 31,TimesFM,0.4544641077518463
Sample 0,Timer,0.5143903493881226
Sample 0,Moirai,0.48560962080955505
Sample 1,Moirai,0.5511345863342285
Sample 1,TimesFM,0.44886544346809387
Sample 2,Moirai,0.565007746219635
Sample 2,Chronos,0.4349922239780426
Sample 3,Timer,0.5653102993965149
Sample 3,Chronos,0.4346897304058075
Sample 4,TimesFM,0.5491586923599243
Sample 4,Chronos,0.4508413076400757
Sample 5,TimesFM,0.6269350647926331
Sample 5,Timer,0.37306496500968933
Sample 6,Chronos,0.6398146748542786
Sample 6,Timer,0.36018532514572144
Sample 7,Chronos,0.5284698009490967
Sample 7,Time-MoE,0.4715302288532257
Sample 8,Chronos,0.6180077791213989
Sample 8,Timer,0.3819922208786011
Sample 9,Time-MoE,0.8197070956230164
Sample 9,Chronos,0.18029291927814484
Sample 10,Chronos,0.5015017986297607
Sample 10,Time-MoE,0.49849820137023926
Sample 11,Timer,0.5149798393249512
Sample 11,Chronos,0.48502010107040405
Sample 12,TimesFM,0.5000811219215393
Sample 12,Time-MoE,0.4999188482761383
Sample 13,Timer,0.6527942419052124
Sample 13,Moirai,0.34720578789711
Sample 14,Time-MoE,0.5452491044998169
Sample 14,Chronos,0.4547508955001831
Sample 15,Moirai,0.5427530407905579
Sample 15,TimesFM,0.45724692940711975
Sample 16,Chronos,0.5343772172927856
Sample 16,Timer,0.46562278270721436
Sample 17,Time-MoE,0.6077748537063599
Sample 17,TimesFM,0.3922251760959625
Sample 18,Timer,0.5936260223388672
Sample 18,TimesFM,0.4063740074634552
Sample 19,Chronos,0.6136369705200195
Sample 19,Moirai,0.38636302947998047
Sample 20,Time-MoE,0.591647207736969
Sample 20,Timer,0.4083528220653534
Sample 21,TimesFM,0.70079106092453
Sample 21,Time-MoE,0.2992089092731476
Sample 22,Time-MoE,0.5627502799034119
Sample 22,TimesFM,0.43724966049194336
Sample 23,Time-MoE,0.7244740128517151
Sample 23,Timer,0.27552592754364014
Sample 24,TimesFM,0.7081851959228516
Sample 24,Timer,0.29181477427482605
Sample 25,Moirai,0.5458939075469971
Sample 25,Chronos,0.45410609245300293
Sample 26,TimesFM,0.5021372437477112
Sample 26,Moirai,0.4978628158569336
Sample 27,Time-MoE,0.5550248026847839
Sample 27,Timer,0.44497525691986084
Sample 28,Timer,0.5142675042152405
Sample 28,Moirai,0.4857324957847595
Sample 29,Moirai,0.6740712523460388
Sample 29,Timer,0.3259286880493164
Sample 30,Moirai,0.6557596325874329
Sample 30,Timer,0.3442404270172119
Sample 31,Chronos,0.5320003628730774
Sample 31,Timer,0.4679996371269226
Sample 0,Timer,0.5303488969802856
Sample 0,Time-MoE,0.46965110301971436
Sample 1,Timer,0.5792534947395325
Sample 1,Chronos,0.42074647545814514
Sample 2,Time-MoE,0.6291154623031616
Sample 2,Moirai,0.37088456749916077
Sample 3,TimesFM,0.8067882061004639
Sample 3,Chronos,0.19321173429489136
Sample 4,Time-MoE,0.807331919670105
Sample 4,Moirai,0.1926681250333786
Sample 5,Timer,0.5153508186340332
Sample 5,TimesFM,0.4846491813659668
Sample 6,Time-MoE,0.6186607480049133
Sample 6,Moirai,0.38133925199508667
Sample 7,Time-MoE,0.5338206887245178
Sample 7,Chronos,0.46617934107780457
Sample 8,TimesFM,0.5767894387245178
Sample 8,Moirai,0.4232105016708374
Sample 9,TimesFM,0.616689145565033
Sample 9,Time-MoE,0.38331085443496704
Sample 10,Timer,0.5243548154830933
Sample 10,Time-MoE,0.47564518451690674
Sample 11,Time-MoE,0.5276356339454651
Sample 11,Chronos,0.4723643362522125
Sample 12,Timer,0.5027177929878235
Sample 12,Time-MoE,0.4972822070121765
Sample 13,Timer,0.6380013823509216
Sample 13,Chronos,0.36199861764907837
Sample 14,TimesFM,0.5255705118179321
Sample 14,Chronos,0.47442948818206787
Sample 15,Timer,0.6368069052696228
Sample 15,Moirai,0.3631931245326996
Sample 16,Chronos,0.5298337936401367
Sample 16,Moirai,0.4701662063598633
Sample 17,Timer,0.6461096405982971
Sample 17,Time-MoE,0.3538903594017029
Sample 18,Moirai,0.757538914680481
Sample 18,TimesFM,0.24246105551719666
Sample 19,Moirai,0.6213502287864685
Sample 19,Chronos,0.3786498010158539
Sample 20,TimesFM,0.5735331773757935
Sample 20,Time-MoE,0.42646682262420654
Sample 21,Moirai,0.6008428335189819
Sample 21,Chronos,0.3991571366786957
Sample 22,TimesFM,0.7140703201293945
Sample 22,Chronos,0.28592967987060547
Sample 23,Moirai,0.5494294166564941
Sample 23,TimesFM,0.45057061314582825
Sample 24,TimesFM,0.6993774175643921
Sample 24,Timer,0.3006226420402527
Sample 25,Time-MoE,0.5677376389503479
Sample 25,Moirai,0.4322623610496521
Sample 26,Time-MoE,0.6698596477508545
Sample 26,Timer,0.3301403820514679
Sample 27,Time-MoE,0.5337479710578918
Sample 27,Timer,0.46625202894210815
Sample 28,Moirai,0.7083819508552551
Sample 28,Timer,0.29161807894706726
Sample 29,Time-MoE,0.577941358089447
Sample 29,Moirai,0.422058641910553
Sample 30,Time-MoE,0.5924400687217712
Sample 30,TimesFM,0.40755996108055115
Sample 31,Timer,0.5150580406188965
Sample 31,Moirai,0.4849419891834259
Sample 0,Time-MoE,0.7584629654884338
Sample 0,Timer,0.24153700470924377
Sample 1,TimesFM,0.6843030452728271
Sample 1,Time-MoE,0.31569698452949524
Sample 2,Timer,0.5792108774185181
Sample 2,Chronos,0.42078909277915955
Sample 3,Time-MoE,0.5238929390907288
Sample 3,Chronos,0.47610709071159363
Sample 4,Timer,0.658301591873169
Sample 4,TimesFM,0.34169846773147583
Sample 5,Moirai,0.6877385973930359
Sample 5,Chronos,0.3122613728046417
Sample 6,Moirai,0.5942459106445312
Sample 6,Timer,0.40575411915779114
Sample 7,Moirai,0.600479781627655
Sample 7,Chronos,0.39952024817466736
Sample 8,Timer,0.6096422672271729
Sample 8,Time-MoE,0.39035773277282715
Sample 9,TimesFM,0.6776941418647766
Sample 9,Moirai,0.3223057985305786
Sample 10,Timer,0.6394789218902588
Sample 10,TimesFM,0.3605210483074188
Sample 11,Timer,0.5490632653236389
Sample 11,TimesFM,0.45093679428100586
Sample 12,Moirai,0.5827615261077881
Sample 12,Time-MoE,0.4172384738922119
Sample 13,Timer,0.5157417058944702
Sample 13,Moirai,0.4842583239078522
Sample 14,TimesFM,0.616203248500824
Sample 14,Chronos,0.38379672169685364
Sample 15,TimesFM,0.5072672367095947
Sample 15,Time-MoE,0.4927327632904053
Sample 0,Time-MoE,0.595786452293396
Sample 0,Moirai,0.4042135775089264
Sample 1,Time-MoE,0.5087962746620178
Sample 1,Moirai,0.4912037253379822
Sample 2,Chronos,0.6484907865524292
Sample 2,TimesFM,0.3515092432498932
Sample 3,Time-MoE,0.6167049407958984
Sample 3,TimesFM,0.38329508900642395
Sample 4,TimesFM,0.6142327189445496
Sample 4,Chronos,0.38576725125312805
Sample 5,TimesFM,0.682034432888031
Sample 5,Time-MoE,0.317965567111969
Sample 6,Timer,0.5080876350402832
Sample 6,Moirai,0.4919123649597168
Sample 7,Timer,0.5564093589782715
Sample 7,Moirai,0.44359061121940613
Sample 8,Timer,0.5250021815299988
Sample 8,TimesFM,0.47499775886535645
Sample 9,Timer,0.5212821364402771
Sample 9,Chronos,0.4787178635597229
Sample 10,Timer,0.6417773962020874
Sample 10,Time-MoE,0.3582225739955902
Sample 11,Chronos,0.5385171175003052
Sample 11,Moirai,0.4614828824996948
Sample 12,Moirai,0.8270522356033325
Sample 12,Chronos,0.17294780910015106
Sample 13,Timer,0.6220567226409912
Sample 13,TimesFM,0.3779432773590088
Sample 14,TimesFM,0.5151374936103821
Sample 14,Chronos,0.48486247658729553
Sample 15,TimesFM,0.5386005640029907
Sample 15,Chronos,0.4613994359970093
Sample 16,Chronos,0.5820292234420776
Sample 16,Time-MoE,0.41797077655792236
Sample 17,Chronos,0.5319569110870361
Sample 17,Moirai,0.46804314851760864
Sample 18,TimesFM,0.5454877018928528
Sample 18,Time-MoE,0.4545122981071472
Sample 19,Moirai,0.5955604910850525
Sample 19,Chronos,0.4044395387172699
Sample 20,TimesFM,0.6536995768547058
Sample 20,Timer,0.3463004231452942
Sample 21,Chronos,0.5066840648651123
Sample 21,TimesFM,0.4933158755302429
Sample 22,TimesFM,0.5695809125900269
Sample 22,Timer,0.43041908740997314
Sample 23,Moirai,0.7197090983390808
Sample 23,Time-MoE,0.2802909016609192
Sample 24,TimesFM,0.5546194314956665
Sample 24,Chronos,0.4453805685043335
Sample 25,Time-MoE,0.5308632850646973
Sample 25,TimesFM,0.46913668513298035
Sample 26,Time-MoE,0.7154958844184875
Sample 26,Moirai,0.28450411558151245
Sample 27,Chronos,0.5331925749778748
Sample 27,Time-MoE,0.46680742502212524
Sample 28,Moirai,0.5123067498207092
Sample 28,Timer,0.48769327998161316
Sample 29,Moirai,0.6123509407043457
Sample 29,Chronos,0.3876490294933319
Sample 30,TimesFM,0.502136766910553
Sample 30,Timer,0.497863233089447
Sample 31,Time-MoE,0.5033839344978333
Sample 31,Moirai,0.4966161251068115
Sample 0,TimesFM,0.6537333130836487
Sample 0,Chronos,0.3462667167186737
Sample 1,Chronos,0.5016070008277893
Sample 1,Timer,0.4983929395675659
Sample 2,Time-MoE,0.5973313450813293
Sample 2,Chronos,0.40266865491867065
Sample 3,Timer,0.5952715873718262
Sample 3,Chronos,0.40472835302352905
Sample 4,TimesFM,0.8107343912124634
Sample 4,Moirai,0.18926560878753662
Sample 5,Time-MoE,0.5315708518028259
Sample 5,Chronos,0.46842917799949646
Sample 6,TimesFM,0.5992468595504761
Sample 6,Chronos,0.4007531404495239
Sample 7,Chronos,0.6615346670150757
Sample 7,Moirai,0.3384653627872467
Sample 8,Moirai,0.7380304336547852
Sample 8,Timer,0.26196956634521484
Sample 9,TimesFM,0.653057873249054
Sample 9,Chronos,0.34694215655326843
Sample 10,TimesFM,0.5165081024169922
Sample 10,Time-MoE,0.4834918975830078
Sample 11,TimesFM,0.6946032047271729
Sample 11,Moirai,0.3053968548774719
Sample 12,Time-MoE,0.6015453934669495
Sample 12,Timer,0.3984546661376953
Sample 13,Chronos,0.5183472633361816
Sample 13,TimesFM,0.4816526770591736
Sample 14,Moirai,0.5209038853645325
Sample 14,Chronos,0.47909608483314514
Sample 15,Timer,0.5214466452598572
Sample 15,TimesFM,0.47855332493782043
Sample 16,TimesFM,0.8467501997947693
Sample 16,Time-MoE,0.15324975550174713
Sample 17,TimesFM,0.9161757826805115
Sample 17,Chronos,0.08382418751716614
Sample 18,Timer,0.5448769330978394
Sample 18,Chronos,0.45512306690216064
Sample 19,Chronos,0.5499444603919983
Sample 19,Time-MoE,0.4500555396080017
Sample 20,Moirai,0.6741228699684143
Sample 20,TimesFM,0.3258771002292633
Sample 21,Time-MoE,0.5976192951202393
Sample 21,Timer,0.40238070487976074
Sample 22,Time-MoE,0.716780960559845
Sample 22,Chronos,0.2832190692424774
Sample 23,Chronos,0.5115401148796082
Sample 23,Moirai,0.48845985531806946
Sample 24,Chronos,0.5763071179389954
Sample 24,Time-MoE,0.423692911863327
Sample 25,Moirai,0.6918268203735352
Sample 25,Chronos,0.30817314982414246
Sample 26,TimesFM,0.5263514518737793
Sample 26,Time-MoE,0.4736485481262207
Sample 27,Moirai,0.6842023134231567
Sample 27,Time-MoE,0.3157976269721985
Sample 28,TimesFM,0.5777075886726379
Sample 28,Timer,0.42229244112968445
Sample 29,Moirai,0.6014489531517029
Sample 29,Time-MoE,0.3985511064529419
Sample 30,Moirai,0.7054789066314697
Sample 30,Time-MoE,0.2945210337638855
Sample 31,Timer,0.5883564352989197
Sample 31,TimesFM,0.41164353489875793
Sample 0,Moirai,0.570257306098938
Sample 0,Chronos,0.4297426640987396
Sample 1,Time-MoE,0.5243721008300781
Sample 1,Moirai,0.4756278991699219
Sample 2,Time-MoE,0.6949007511138916
Sample 2,Chronos,0.3050991892814636
Sample 3,Timer,0.5532262921333313
Sample 3,Moirai,0.4467737376689911
Sample 4,Moirai,0.7674287557601929
Sample 4,Time-MoE,0.23257124423980713
Sample 5,TimesFM,0.5877618193626404
Sample 5,Timer,0.4122381806373596
Sample 6,Moirai,0.5159537196159363
Sample 6,Chronos,0.4840463101863861
Sample 7,Timer,0.7327081561088562
Sample 7,Moirai,0.2672918438911438
Sample 8,Time-MoE,0.5420792698860168
Sample 8,TimesFM,0.45792078971862793
Sample 9,Chronos,0.5310932397842407
Sample 9,Timer,0.4689067602157593
Sample 10,Chronos,0.535594642162323
Sample 10,Moirai,0.464405357837677
Sample 11,Time-MoE,0.7618030905723572
Sample 11,Moirai,0.23819687962532043
Sample 12,TimesFM,0.5710180401802063
Sample 12,Moirai,0.4289819300174713
Sample 13,Time-MoE,0.7998325228691101
Sample 13,TimesFM,0.20016755163669586
Sample 14,Timer,0.690985381603241
Sample 14,Time-MoE,0.3090146481990814
Sample 15,TimesFM,0.593527615070343
Sample 15,Moirai,0.40647241473197937
Sample 16,Moirai,0.7613152861595154
Sample 16,TimesFM,0.238684743642807
Sample 17,TimesFM,0.5209275484085083
Sample 17,Time-MoE,0.4790724813938141
Sample 18,TimesFM,0.5722874402999878
Sample 18,Moirai,0.42771250009536743
Sample 19,Moirai,0.6777532696723938
Sample 19,Chronos,0.3222467601299286
Sample 20,TimesFM,0.6180199384689331
Sample 20,Time-MoE,0.3819800913333893
Sample 21,TimesFM,0.6255694031715393
Sample 21,Moirai,0.3744305670261383
Sample 22,Chronos,0.561055064201355
Sample 22,Timer,0.43894490599632263
Sample 23,TimesFM,0.5800624489784241
Sample 23,Time-MoE,0.41993752121925354
Sample 24,Timer,0.5169145464897156
Sample 24,TimesFM,0.48308542370796204
Sample 25,Time-MoE,0.7924599647521973
Sample 25,Chronos,0.20754003524780273
Sample 26,Chronos,0.6688823699951172
Sample 26,Timer,0.3311176300048828
Sample 27,TimesFM,0.6990041732788086
Sample 27,Moirai,0.3009958267211914
Sample 28,TimesFM,0.5137690305709839
Sample 28,Timer,0.4862309694290161
Sample 29,Time-MoE,0.5040234923362732
Sample 29,TimesFM,0.4959764778614044
Sample 30,Timer,0.5048902630805969
Sample 30,Moirai,0.4951097369194031
Sample 31,Moirai,0.6493499875068665
Sample 31,TimesFM,0.35065004229545593
Sample 0,Moirai,0.6234833598136902
Sample 0,Chronos,0.3765166699886322
Sample 1,Chronos,0.5230225920677185
Sample 1,Moirai,0.4769773483276367
Sample 2,Moirai,0.5746989846229553
Sample 2,Time-MoE,0.4253010153770447
Sample 3,Chronos,0.6498001217842102
Sample 3,Time-MoE,0.3501998484134674
Sample 4,Chronos,0.5763521790504456
Sample 4,TimesFM,0.42364779114723206
Sample 5,TimesFM,0.879105806350708
Sample 5,Chronos,0.1208941712975502
Sample 6,Moirai,0.5617493987083435
Sample 6,Chronos,0.4382505714893341
Sample 7,Moirai,0.5823171138763428
Sample 7,TimesFM,0.4176828861236572
Sample 8,Moirai,0.6859240531921387
Sample 8,Timer,0.31407591700553894
Sample 9,Time-MoE,0.5713139176368713
Sample 9,Timer,0.4286860525608063
Sample 10,Time-MoE,0.5648958683013916
Sample 10,Chronos,0.4351041316986084
Sample 11,Moirai,0.6953585147857666
Sample 11,Timer,0.3046415448188782
Sample 12,Moirai,0.5087124109268188
Sample 12,TimesFM,0.49128758907318115
Sample 13,TimesFM,0.6165120601654053
Sample 13,Moirai,0.3834879994392395
Sample 14,Moirai,0.763474702835083
Sample 14,Chronos,0.2365252524614334
Sample 15,Time-MoE,0.6573757529258728
Sample 15,Chronos,0.3426242172718048
Sample 16,Moirai,0.7440086007118225
Sample 16,Time-MoE,0.2559913396835327
Sample 17,TimesFM,0.5245110988616943
Sample 17,Timer,0.4754888415336609
Sample 18,Chronos,0.6253289580345154
Sample 18,Timer,0.374671071767807
Sample 19,Timer,0.6330139636993408
Sample 19,Moirai,0.3669860363006592
Sample 20,Chronos,0.5486021637916565
Sample 20,Time-MoE,0.4513978362083435
Sample 21,Time-MoE,0.7252947688102722
Sample 21,Chronos,0.2747052013874054
Sample 22,Moirai,0.5588696599006653
Sample 22,Time-MoE,0.4411303400993347
Sample 23,TimesFM,0.6141151785850525
Sample 23,Moirai,0.3858848810195923
Sample 24,Time-MoE,0.6610004901885986
Sample 24,Timer,0.33899953961372375
Sample 25,Timer,0.5031406283378601
Sample 25,TimesFM,0.4968593418598175
Sample 26,Timer,0.7078527212142944
Sample 26,Moirai,0.2921472489833832
Sample 27,TimesFM,0.7236723899841309
Sample 27,Moirai,0.27632761001586914
Sample 28,Timer,0.7321706414222717
Sample 28,Moirai,0.26782938838005066
Sample 29,Timer,0.5827517509460449
Sample 29,Moirai,0.41724827885627747
Sample 30,Moirai,0.7125715017318726
Sample 30,Timer,0.28742849826812744
Sample 31,Moirai,0.6829647421836853
Sample 31,TimesFM,0.3170352876186371
Sample 0,Time-MoE,0.527944803237915
Sample 0,Chronos,0.4720551669597626
Sample 1,TimesFM,0.6323654055595398
Sample 1,Moirai,0.36763453483581543
Sample 2,Time-MoE,0.6761128902435303
Sample 2,Chronos,0.32388705015182495
Sample 3,TimesFM,0.7409054040908813
Sample 3,Timer,0.25909456610679626
Sample 4,Time-MoE,0.7420401573181152
Sample 4,Timer,0.25795984268188477
Sample 5,TimesFM,0.7906221151351929
Sample 5,Chronos,0.20937786996364594
Sample 6,TimesFM,0.5291728377342224
Sample 6,Moirai,0.4708271026611328
Sample 7,Chronos,0.5600540041923523
Sample 7,Time-MoE,0.4399459958076477
Sample 8,Chronos,0.5476586222648621
Sample 8,Timer,0.45234131813049316
Sample 9,Timer,0.6319382190704346
Sample 9,TimesFM,0.36806175112724304
Sample 10,Moirai,0.5459181666374207
Sample 10,Time-MoE,0.45408186316490173
Sample 11,Moirai,0.8011131286621094
Sample 11,Timer,0.19888687133789062
Sample 12,Moirai,0.6373676061630249
Sample 12,Time-MoE,0.3626323640346527
Sample 13,TimesFM,0.6771931052207947
Sample 13,Moirai,0.3228069245815277
Sample 14,Timer,0.5048653483390808
Sample 14,Time-MoE,0.4951346814632416
Sample 15,Moirai,0.6066771149635315
Sample 15,TimesFM,0.3933228850364685
Sample 16,TimesFM,0.8607443571090698
Sample 16,Time-MoE,0.13925562798976898
Sample 17,TimesFM,0.7825020551681519
Sample 17,Chronos,0.21749798953533173
Sample 18,Moirai,0.5871033072471619
Sample 18,Timer,0.4128967225551605
Sample 19,Chronos,0.6291142106056213
Sample 19,Moirai,0.37088578939437866
Sample 20,TimesFM,0.5272147059440613
Sample 20,Timer,0.47278526425361633
Sample 21,TimesFM,0.5867968201637268
Sample 21,Moirai,0.4132031798362732
Sample 22,Moirai,0.5117045640945435
Sample 22,Timer,0.48829546570777893
Sample 23,Moirai,0.516642153263092
Sample 23,Chronos,0.48335781693458557
Sample 24,Time-MoE,0.5082292556762695
Sample 24,Moirai,0.49177077412605286
Sample 25,Timer,0.5808954834938049
Sample 25,TimesFM,0.4191044867038727
Sample 26,Timer,0.605901837348938
Sample 26,Moirai,0.394098162651062
Sample 27,TimesFM,0.736469566822052
Sample 27,Time-MoE,0.2635304629802704
Sample 28,Timer,0.6138358116149902
Sample 28,Chronos,0.38616421818733215
Sample 29,TimesFM,0.5899491310119629
Sample 29,Chronos,0.4100509285926819
Sample 30,Timer,0.5279748439788818
Sample 30,TimesFM,0.47202518582344055
Sample 31,Moirai,0.6662540435791016
Sample 31,Chronos,0.33374595642089844
Sample 0,Timer,0.5508021712303162
Sample 0,Time-MoE,0.44919779896736145
Sample 1,Timer,0.5466525554656982
Sample 1,Chronos,0.45334744453430176
Sample 2,Time-MoE,0.7055199146270752
Sample 2,TimesFM,0.2944800853729248
Sample 3,Moirai,0.548663854598999
Sample 3,Time-MoE,0.451336145401001
Sample 4,Chronos,0.6421656012535095
Sample 4,Time-MoE,0.35783442854881287
Sample 5,Moirai,0.7917653322219849
Sample 5,Timer,0.20823469758033752
Sample 6,TimesFM,0.5290551781654358
Sample 6,Chronos,0.4709448516368866
Sample 7,Time-MoE,0.5383074879646301
Sample 7,Moirai,0.4616924822330475
Sample 8,TimesFM,0.5368543267250061
Sample 8,Time-MoE,0.4631456732749939
Sample 9,Timer,0.5326083302497864
Sample 9,TimesFM,0.467391699552536
Sample 10,Moirai,0.5935834646224976
Sample 10,Time-MoE,0.40641653537750244
Sample 11,Moirai,0.5233627557754517
Sample 11,Timer,0.4766372740268707
Sample 12,Time-MoE,0.5384498834609985
Sample 12,TimesFM,0.4615500569343567
Sample 13,Time-MoE,0.6550924181938171
Sample 13,Moirai,0.34490761160850525
Sample 14,Moirai,0.5343778729438782
Sample 14,Time-MoE,0.4656221568584442
Sample 15,TimesFM,0.5470283627510071
Sample 15,Moirai,0.4529716670513153
Sample 16,Time-MoE,0.5340519547462463
Sample 16,TimesFM,0.46594810485839844
Sample 17,TimesFM,0.6202235817909241
Sample 17,Time-MoE,0.3797764778137207
Sample 18,Time-MoE,0.651710033416748
Sample 18,Timer,0.34828999638557434
Sample 19,Timer,0.728915810585022
Sample 19,Time-MoE,0.27108415961265564
Sample 20,Timer,0.5017549395561218
Sample 20,Chronos,0.4982450306415558
Sample 21,Moirai,0.7246472835540771
Sample 21,TimesFM,0.27535271644592285
Sample 22,Time-MoE,0.5840632915496826
Sample 22,Timer,0.41593673825263977
Sample 23,Moirai,0.5378133058547974
Sample 23,Timer,0.46218669414520264
Sample 24,Moirai,0.5111019611358643
Sample 24,Time-MoE,0.48889800906181335
Sample 25,TimesFM,0.6328226327896118
Sample 25,Timer,0.3671773374080658
Sample 26,Moirai,0.5277522206306458
Sample 26,Time-MoE,0.47224780917167664
Sample 27,Moirai,0.5760810971260071
Sample 27,Timer,0.4239189028739929
Sample 28,Chronos,0.5003453493118286
Sample 28,Timer,0.499654620885849
Sample 29,Time-MoE,0.6867677569389343
Sample 29,TimesFM,0.3132322132587433
Sample 30,Time-MoE,0.6640520095825195
Sample 30,TimesFM,0.3359479308128357
Sample 31,TimesFM,0.5602701902389526
Sample 31,Chronos,0.43972980976104736
Sample 0,Timer,0.5691161155700684
Sample 0,Time-MoE,0.43088382482528687
Sample 1,Moirai,0.5583572387695312
Sample 1,Timer,0.4416428208351135
Sample 2,Timer,0.5580912232398987
Sample 2,Chronos,0.44190871715545654
Sample 3,Time-MoE,0.5753008723258972
Sample 3,Moirai,0.4246990978717804
Sample 4,Moirai,0.5126593708992004
Sample 4,Chronos,0.48734065890312195
Sample 5,Time-MoE,0.5530818700790405
Sample 5,Moirai,0.44691818952560425
Sample 6,TimesFM,0.5956722497940063
Sample 6,Time-MoE,0.40432772040367126
Sample 7,Chronos,0.5170658826828003
Sample 7,Moirai,0.4829340875148773
Sample 8,TimesFM,0.6442698240280151
Sample 8,Moirai,0.35573020577430725
Sample 9,Chronos,0.5480950474739075
Sample 9,Moirai,0.4519049823284149
Sample 10,Chronos,0.539618968963623
Sample 10,Time-MoE,0.46038103103637695
Sample 11,Chronos,0.5967251062393188
Sample 11,TimesFM,0.40327489376068115
Sample 12,Timer,0.6068447828292847
Sample 12,Moirai,0.39315521717071533
Sample 13,TimesFM,0.6783971786499023
Sample 13,Moirai,0.32160279154777527
Sample 14,Time-MoE,0.7713903784751892
Sample 14,TimesFM,0.2286096066236496
Sample 15,Chronos,0.5127874612808228
Sample 15,Moirai,0.48721253871917725
Sample 0,Chronos,0.5301098823547363
Sample 0,TimesFM,0.4698900878429413
Sample 1,TimesFM,0.5155540108680725
Sample 1,Time-MoE,0.4844459593296051
Sample 2,Time-MoE,0.7607384324073792
Sample 2,TimesFM,0.23926153779029846
Sample 3,TimesFM,0.7207084894180298
Sample 3,Time-MoE,0.2792915105819702
Sample 4,Moirai,0.6809106469154358
Sample 4,Chronos,0.3190893530845642
Sample 5,TimesFM,0.5485623478889465
Sample 5,Chronos,0.45143768191337585
Sample 6,Moirai,0.5295965671539307
Sample 6,Timer,0.4704034924507141
Sample 7,TimesFM,0.6040723919868469
Sample 7,Moirai,0.39592766761779785
Sample 8,Moirai,0.6186283826828003
Sample 8,Time-MoE,0.3813715875148773
Sample 9,Timer,0.6028461456298828
Sample 9,Moirai,0.3971538841724396
Sample 10,Chronos,0.7155771851539612
Sample 10,TimesFM,0.2844228744506836
Sample 11,Time-MoE,0.6396921277046204
Sample 11,TimesFM,0.36030781269073486
Sample 12,Chronos,0.5103365182876587
Sample 12,Timer,0.4896634817123413
Sample 13,Moirai,0.7305241823196411
Sample 13,Chronos,0.2694758474826813
Sample 14,Moirai,0.6720168590545654
Sample 14,TimesFM,0.32798317074775696
Sample 15,Moirai,0.5232778787612915
Sample 15,Timer,0.4767220914363861
Sample 16,TimesFM,0.5579460859298706
Sample 16,Time-MoE,0.4420539438724518
Sample 17,Chronos,0.5200793743133545
Sample 17,TimesFM,0.4799206554889679
Sample 18,TimesFM,0.7671187520027161
Sample 18,Time-MoE,0.23288126289844513
Sample 19,TimesFM,0.8424426913261414
Sample 19,Moirai,0.15755724906921387
Sample 20,TimesFM,0.5275804400444031
Sample 20,Time-MoE,0.4724195599555969
Sample 21,TimesFM,0.5439512729644775
Sample 21,Time-MoE,0.4560486972332001
Sample 22,Time-MoE,0.5572258234024048
Sample 22,Timer,0.4427741765975952
Sample 23,Chronos,0.5948516726493835
Sample 23,TimesFM,0.4051482677459717
Sample 24,Time-MoE,0.6954869627952576
Sample 24,Chronos,0.30451303720474243
Sample 25,TimesFM,0.7758067846298218
Sample 25,Time-MoE,0.22419323027133942
Sample 26,Moirai,0.5814642310142517
Sample 26,TimesFM,0.4185357391834259
Sample 27,TimesFM,0.5059151649475098
Sample 27,Chronos,0.49408483505249023
Sample 28,Time-MoE,0.5671956539154053
Sample 28,Moirai,0.4328044056892395
Sample 29,TimesFM,0.6452254056930542
Sample 29,Time-MoE,0.3547746241092682
Sample 30,Moirai,0.7244338393211365
Sample 30,Chronos,0.27556610107421875
Sample 31,Timer,0.5314950942993164
Sample 31,Time-MoE,0.4685049057006836
Sample 0,Time-MoE,0.5688298940658569
Sample 0,Chronos,0.43117013573646545
Sample 1,TimesFM,0.5024896860122681
Sample 1,Chronos,0.49751031398773193
Sample 2,Time-MoE,0.8824915289878845
Sample 2,Chronos,0.11750847846269608
Sample 3,Chronos,0.5367975831031799
Sample 3,Time-MoE,0.46320244669914246
Sample 4,Chronos,0.913909912109375
Sample 4,TimesFM,0.08609014004468918
Sample 5,Time-MoE,0.552008330821991
Sample 5,Chronos,0.4479916989803314
Sample 6,Time-MoE,0.5549425482749939
Sample 6,TimesFM,0.4450574219226837
Sample 7,Chronos,0.5309731960296631
Sample 7,Timer,0.46902674436569214
Sample 8,Moirai,0.7567805051803589
Sample 8,Time-MoE,0.2432194948196411
Sample 9,Moirai,0.6288900375366211
Sample 9,Time-MoE,0.3711099922657013
Sample 10,Timer,0.5997397899627686
Sample 10,Chronos,0.40026021003723145
Sample 11,Timer,0.6641705632209778
Sample 11,Chronos,0.3358294665813446
Sample 12,TimesFM,0.7462906837463379
Sample 12,Time-MoE,0.2537093460559845
Sample 13,Timer,0.50076824426651
Sample 13,Moirai,0.4992317259311676
Sample 14,Timer,0.571363627910614
Sample 14,Chronos,0.4286363422870636
Sample 15,Time-MoE,0.6143152117729187
Sample 15,Timer,0.3856847882270813
Sample 16,TimesFM,0.6575091481208801
Sample 16,Timer,0.34249088168144226
Sample 17,Moirai,0.5941336750984192
Sample 17,Timer,0.4058663547039032
Sample 18,Moirai,0.5281085968017578
Sample 18,Timer,0.4718913733959198
Sample 19,Timer,0.6043182015419006
Sample 19,Chronos,0.39568179845809937
Sample 20,Moirai,0.5444162487983704
Sample 20,TimesFM,0.45558375120162964
Sample 21,Moirai,0.7661011219024658
Sample 21,Timer,0.2338988482952118
Sample 22,Time-MoE,0.5056033730506897
Sample 22,Chronos,0.4943966269493103
Sample 23,Timer,0.6467334032058716
Sample 23,Time-MoE,0.3532666265964508
Sample 24,Chronos,0.5703769326210022
Sample 24,Timer,0.4296230375766754
Sample 25,Moirai,0.741064727306366
Sample 25,Time-MoE,0.2589353322982788
Sample 26,Time-MoE,0.560941219329834
Sample 26,TimesFM,0.4390588104724884
Sample 27,Timer,0.6226508617401123
Sample 27,Time-MoE,0.3773491382598877
Sample 28,Moirai,0.582112729549408
Sample 28,Timer,0.41788727045059204
Sample 29,TimesFM,0.5653337240219116
Sample 29,Chronos,0.43466630578041077
Sample 30,Time-MoE,0.5281439423561096
Sample 30,Timer,0.4718560576438904
Sample 31,TimesFM,0.6213604211807251
Sample 31,Time-MoE,0.3786395788192749
Sample 0,Timer,0.5148149132728577
Sample 0,TimesFM,0.4851851165294647
Sample 1,Moirai,0.6927976012229919
Sample 1,Time-MoE,0.30720245838165283
Sample 2,Chronos,0.5662575364112854
Sample 2,Time-MoE,0.4337424337863922
Sample 3,TimesFM,0.8275130391120911
Sample 3,Chronos,0.17248696088790894
Sample 4,Timer,0.544748842716217
Sample 4,Moirai,0.45525115728378296
Sample 5,TimesFM,0.6812213659286499
Sample 5,Time-MoE,0.3187786638736725
Sample 6,Time-MoE,0.5368692874908447
Sample 6,TimesFM,0.46313077211380005
Sample 7,Time-MoE,0.8428957462310791
Sample 7,Timer,0.1571042537689209
Sample 8,Chronos,0.6052871346473694
Sample 8,Timer,0.3947128653526306
Sample 9,Moirai,0.6172277927398682
Sample 9,Time-MoE,0.3827722370624542
Sample 10,TimesFM,0.6695032119750977
Sample 10,Chronos,0.33049678802490234
Sample 11,Time-MoE,0.5945192575454712
Sample 11,Moirai,0.4054807424545288
Sample 12,Chronos,0.5392912030220032
Sample 12,Time-MoE,0.4607087969779968
Sample 13,TimesFM,0.8417214751243591
Sample 13,Chronos,0.1582784801721573
Sample 14,Timer,0.5250135064125061
Sample 14,Moirai,0.4749864637851715
Sample 15,Timer,0.7146366834640503
Sample 15,TimesFM,0.2853633463382721
Sample 16,Timer,0.6470366716384888
Sample 16,Time-MoE,0.35296326875686646
Sample 17,Time-MoE,0.6409175395965576
Sample 17,Moirai,0.35908252000808716
Sample 18,TimesFM,0.5658125877380371
Sample 18,Moirai,0.4341874122619629
Sample 19,Timer,0.6400418281555176
Sample 19,Time-MoE,0.35995814204216003
Sample 20,Moirai,0.5439804792404175
Sample 20,Chronos,0.4560195207595825
Sample 21,TimesFM,0.517638087272644
Sample 21,Timer,0.48236188292503357
Sample 22,Time-MoE,0.5947993993759155
Sample 22,Chronos,0.4052005708217621
Sample 23,TimesFM,0.69842928647995
Sample 23,Timer,0.30157068371772766
Sample 24,Chronos,0.6623239517211914
Sample 24,Moirai,0.337676078081131
Sample 25,Time-MoE,0.6333894729614258
Sample 25,Chronos,0.36661046743392944
Sample 26,TimesFM,0.6881843209266663
Sample 26,Chronos,0.31181570887565613
Sample 27,Timer,0.6555596590042114
Sample 27,Moirai,0.34444040060043335
Sample 28,Moirai,0.5564454197883606
Sample 28,Timer,0.4435546100139618
Sample 29,Time-MoE,0.575598955154419
Sample 29,Timer,0.42440104484558105
Sample 30,Timer,0.5867245197296143
Sample 30,Chronos,0.41327545046806335
Sample 31,Moirai,0.6359071135520935
Sample 31,Time-MoE,0.36409294605255127
Sample 0,Timer,0.6113111972808838
Sample 0,TimesFM,0.3886888325214386
Sample 1,Chronos,0.52228844165802
Sample 1,TimesFM,0.47771161794662476
Sample 2,TimesFM,0.6361361145973206
Sample 2,Timer,0.36386388540267944
Sample 3,Chronos,0.7286999225616455
Sample 3,Timer,0.2713000178337097
Sample 4,TimesFM,0.6353370547294617
Sample 4,Timer,0.3646629750728607
Sample 5,TimesFM,0.530655562877655
Sample 5,Moirai,0.46934446692466736
Sample 6,Timer,0.7218388915061951
Sample 6,Time-MoE,0.27816107869148254
Sample 7,Moirai,0.5936787128448486
Sample 7,Time-MoE,0.40632131695747375
Sample 8,Chronos,0.5660020112991333
Sample 8,TimesFM,0.4339980483055115
Sample 9,Timer,0.5007152557373047
Sample 9,TimesFM,0.4992847740650177
Sample 10,Moirai,0.5822321176528931
Sample 10,Chronos,0.41776785254478455
Sample 11,Timer,0.5111701488494873
Sample 11,Chronos,0.4888298809528351
Sample 12,Time-MoE,0.7708443999290466
Sample 12,TimesFM,0.22915562987327576
Sample 13,Chronos,0.5102628469467163
Sample 13,Moirai,0.4897371828556061
Sample 14,Moirai,0.5334258079528809
Sample 14,Timer,0.46657422184944153
Sample 15,Moirai,0.5164890289306641
Sample 15,TimesFM,0.48351094126701355
Sample 16,Timer,0.5299957990646362
Sample 16,Chronos,0.47000423073768616
Sample 17,Moirai,0.6001219749450684
Sample 17,Time-MoE,0.39987799525260925
Sample 18,Time-MoE,0.5550921559333801
Sample 18,TimesFM,0.4449078142642975
Sample 19,TimesFM,0.6252706050872803
Sample 19,Moirai,0.37472936511039734
Sample 20,Chronos,0.8142293095588684
Sample 20,TimesFM,0.1857706904411316
Sample 21,TimesFM,0.7041405439376831
Sample 21,Chronos,0.2958594560623169
Sample 22,Timer,0.6946365833282471
Sample 22,Chronos,0.30536341667175293
Sample 23,TimesFM,0.5268630981445312
Sample 23,Chronos,0.47313690185546875
Sample 24,Moirai,0.5029877424240112
Sample 24,Chronos,0.49701225757598877
Sample 25,Time-MoE,0.5900595784187317
Sample 25,TimesFM,0.4099404215812683
Sample 26,Timer,0.5833199620246887
Sample 26,Chronos,0.4166800081729889
Sample 27,Moirai,0.6691014766693115
Sample 27,Chronos,0.3308985233306885
Sample 28,Moirai,0.6005470752716064
Sample 28,Chronos,0.39945292472839355
Sample 29,TimesFM,0.5412477254867554
Sample 29,Timer,0.45875227451324463
Sample 30,TimesFM,0.5038325190544128
Sample 30,Moirai,0.49616748094558716
Sample 31,TimesFM,0.6749141812324524
Sample 31,Time-MoE,0.3250857889652252
Sample 0,Time-MoE,0.5492165088653564
Sample 0,Moirai,0.45078352093696594
Sample 1,Moirai,0.5593369007110596
Sample 1,Chronos,0.44066306948661804
Sample 2,Time-MoE,0.578179121017456
Sample 2,Timer,0.42182090878486633
Sample 3,TimesFM,0.9238370060920715
Sample 3,Chronos,0.07616300135850906
Sample 4,Moirai,0.6958131790161133
Sample 4,TimesFM,0.3041868209838867
Sample 5,TimesFM,0.5411139130592346
Sample 5,Time-MoE,0.458886057138443
Sample 6,Moirai,0.6407057642936707
Sample 6,Timer,0.35929423570632935
Sample 7,Timer,0.5340381860733032
Sample 7,Time-MoE,0.4659617841243744
Sample 8,Moirai,0.5423395037651062
Sample 8,Chronos,0.4576604962348938
Sample 9,TimesFM,0.5512334704399109
Sample 9,Timer,0.4487665593624115
Sample 10,Moirai,0.6150755286216736
Sample 10,Time-MoE,0.3849244713783264
Sample 11,Timer,0.5676938891410828
Sample 11,Chronos,0.4323061406612396
Sample 12,TimesFM,0.5866748690605164
Sample 12,Chronos,0.41332510113716125
Sample 13,Timer,0.5169819593429565
Sample 13,Chronos,0.48301807045936584
Sample 14,Moirai,0.719448983669281
Sample 14,Chronos,0.2805510461330414
Sample 15,Time-MoE,0.6443827152252197
Sample 15,TimesFM,0.3556172549724579
Sample 16,Moirai,0.5363621115684509
Sample 16,Time-MoE,0.4636378884315491
Sample 17,TimesFM,0.7763447165489197
Sample 17,Chronos,0.22365523874759674
Sample 18,TimesFM,0.5237023234367371
Sample 18,Moirai,0.47629767656326294
Sample 19,TimesFM,0.7350556254386902
Sample 19,Timer,0.2649443447589874
Sample 20,Timer,0.8595995903015137
Sample 20,TimesFM,0.14040043950080872
Sample 21,TimesFM,0.5210583209991455
Sample 21,Chronos,0.4789416790008545
Sample 22,TimesFM,0.571466326713562
Sample 22,Time-MoE,0.428533673286438
Sample 23,Timer,0.714788019657135
Sample 23,TimesFM,0.2852119207382202
Sample 24,Moirai,0.5369547009468079
Sample 24,Time-MoE,0.46304529905319214
Sample 25,Moirai,0.7108876705169678
Sample 25,Time-MoE,0.289112389087677
Sample 26,TimesFM,0.6319411396980286
Sample 26,Time-MoE,0.3680588901042938
Sample 27,TimesFM,0.7250926494598389
Sample 27,Moirai,0.27490735054016113
Sample 28,Time-MoE,0.5376517176628113
Sample 28,TimesFM,0.46234825253486633
Sample 29,Moirai,0.6555917263031006
Sample 29,Chronos,0.3444083333015442
Sample 30,Time-MoE,0.5866468548774719
Sample 30,Timer,0.4133531451225281
Sample 31,TimesFM,0.5790099501609802
Sample 31,Moirai,0.4209900200366974
Sample 0,Time-MoE,0.6787483096122742
Sample 0,Chronos,0.32125169038772583
Sample 1,TimesFM,0.6229228377342224
Sample 1,Chronos,0.3770771920681
Sample 2,Time-MoE,0.5416004061698914
Sample 2,Chronos,0.4583996534347534
Sample 3,Timer,0.5516288876533508
Sample 3,Time-MoE,0.44837117195129395
Sample 4,Time-MoE,0.5251908302307129
Sample 4,Timer,0.4748092293739319
Sample 5,Chronos,0.5023096799850464
Sample 5,Timer,0.4976902902126312
Sample 6,TimesFM,0.5959280729293823
Sample 6,Moirai,0.4040718972682953
Sample 7,Moirai,0.5687687993049622
Sample 7,Chronos,0.43123120069503784
Sample 8,Time-MoE,0.520154595375061
Sample 8,Moirai,0.47984540462493896
Sample 9,TimesFM,0.6337827444076538
Sample 9,Timer,0.3662172257900238
Sample 10,Chronos,0.5296279788017273
Sample 10,Timer,0.4703719913959503
Sample 11,Time-MoE,0.6962341666221619
Sample 11,Moirai,0.30376580357551575
Sample 12,Timer,0.5785327553749084
Sample 12,TimesFM,0.42146721482276917
Sample 13,TimesFM,0.694244384765625
Sample 13,Moirai,0.3057556748390198
Sample 14,Timer,0.5790727734565735
Sample 14,Chronos,0.4209271967411041
Sample 15,Time-MoE,0.636687695980072
Sample 15,TimesFM,0.363312304019928
Sample 16,Moirai,0.5160406827926636
Sample 16,Chronos,0.48395928740501404
Sample 17,TimesFM,0.6660428047180176
Sample 17,Timer,0.3339571952819824
Sample 18,Timer,0.5061129331588745
Sample 18,TimesFM,0.4938870668411255
Sample 19,Chronos,0.5735809803009033
Sample 19,Moirai,0.4264190196990967
Sample 20,Moirai,0.6951426267623901
Sample 20,TimesFM,0.3048573434352875
Sample 21,Moirai,0.6394758820533752
Sample 21,Time-MoE,0.36052411794662476
Sample 22,Moirai,0.6574892401695251
Sample 22,Chronos,0.34251078963279724
Sample 23,Chronos,0.617655336856842
Sample 23,Time-MoE,0.38234472274780273
Sample 24,Moirai,0.8241881132125854
Sample 24,TimesFM,0.17581187188625336
Sample 25,Moirai,0.5228978991508484
Sample 25,Chronos,0.4771021008491516
Sample 26,Time-MoE,0.5985664129257202
Sample 26,TimesFM,0.401433527469635
Sample 27,Timer,0.525836169719696
Sample 27,TimesFM,0.47416383028030396
Sample 28,TimesFM,0.5973841547966003
Sample 28,Chronos,0.40261587500572205
Sample 29,Chronos,0.5147806406021118
Sample 29,TimesFM,0.48521938920021057
Sample 30,Timer,0.6531494855880737
Sample 30,Chronos,0.34685051441192627
Sample 31,Chronos,0.6175212264060974
Sample 31,Time-MoE,0.3824787735939026
Sample 0,Timer,0.5126593112945557
Sample 0,TimesFM,0.4873407185077667
Sample 1,Chronos,0.5380174517631531
Sample 1,Timer,0.4619825780391693
Sample 2,Moirai,0.6868169903755188
Sample 2,Timer,0.3131830394268036
Sample 3,TimesFM,0.726582944393158
Sample 3,Timer,0.27341705560684204
Sample 4,Timer,0.8193836212158203
Sample 4,TimesFM,0.1806163638830185
Sample 5,TimesFM,0.7156600952148438
Sample 5,Moirai,0.2843398451805115
Sample 6,Moirai,0.5164734721183777
Sample 6,Timer,0.4835264980792999
Sample 7,Timer,0.5869311094284058
Sample 7,Chronos,0.41306889057159424
Sample 8,TimesFM,0.6035193204879761
Sample 8,Timer,0.3964807391166687
Sample 9,Timer,0.6386195421218872
Sample 9,TimesFM,0.3613804578781128
Sample 10,Timer,0.5907983183860779
Sample 10,Time-MoE,0.40920165181159973
Sample 11,Moirai,0.5388180613517761
Sample 11,Chronos,0.4611819386482239
Sample 12,Time-MoE,0.6703845262527466
Sample 12,TimesFM,0.3296155035495758
Sample 13,Timer,0.531972348690033
Sample 13,TimesFM,0.46802768111228943
Sample 14,Chronos,0.5700898170471191
Sample 14,Timer,0.42991021275520325
Sample 15,Moirai,0.5012617707252502
Sample 15,TimesFM,0.498738169670105
Sample 0,Time-MoE,0.5516467690467834
Sample 0,Chronos,0.44835326075553894
Sample 1,Timer,0.615912914276123
Sample 1,Moirai,0.38408705592155457
Sample 2,Chronos,0.6342629194259644
Sample 2,Timer,0.36573702096939087
Sample 3,Timer,0.5176172256469727
Sample 3,Moirai,0.48238277435302734
Sample 4,Timer,0.6150562763214111
Sample 4,Moirai,0.38494372367858887
Sample 5,Time-MoE,0.5302042961120605
Sample 5,Timer,0.46979570388793945
Sample 6,Moirai,0.5554023385047913
Sample 6,Timer,0.44459769129753113
Sample 7,Time-MoE,0.5528764724731445
Sample 7,Chronos,0.44712355732917786
Sample 8,TimesFM,0.7342073917388916
Sample 8,Timer,0.2657926380634308
Sample 9,Time-MoE,0.5394488573074341
Sample 9,Moirai,0.4605511724948883
Sample 10,TimesFM,0.537841260433197
Sample 10,Timer,0.46215876936912537
Sample 11,Time-MoE,0.5924974083900452
Sample 11,TimesFM,0.40750259160995483
Sample 12,Moirai,0.7596874833106995
Sample 12,TimesFM,0.24031253159046173
Sample 13,TimesFM,0.5806838274002075
Sample 13,Chronos,0.4193161725997925
Sample 14,Chronos,0.6035411953926086
Sample 14,Moirai,0.39645886421203613
Sample 15,Moirai,0.5968343615531921
Sample 15,Timer,0.40316569805145264
Sample 16,Moirai,0.5116230249404907
Sample 16,Time-MoE,0.48837700486183167
Sample 17,TimesFM,0.6491908431053162
Sample 17,Timer,0.35080909729003906
Sample 18,Moirai,0.519363284111023
Sample 18,Time-MoE,0.48063668608665466
Sample 19,Chronos,0.5578092932701111
Sample 19,TimesFM,0.4421907067298889
Sample 20,TimesFM,0.7706082463264465
Sample 20,Time-MoE,0.22939176857471466
Sample 21,TimesFM,0.5365551710128784
Sample 21,Chronos,0.4634448289871216
Sample 22,Moirai,0.6683310270309448
Sample 22,Timer,0.3316689729690552
Sample 23,Timer,0.5170283317565918
Sample 23,Moirai,0.4829716980457306
Sample 24,Time-MoE,0.6146771907806396
Sample 24,TimesFM,0.3853227496147156
Sample 25,TimesFM,0.7040396332740784
Sample 25,Moirai,0.2959604263305664
Sample 26,Chronos,0.52666175365448
Sample 26,Moirai,0.47333824634552
Sample 27,Moirai,0.6982501149177551
Sample 27,Time-MoE,0.30174991488456726
Sample 28,Timer,0.8106147646903992
Sample 28,TimesFM,0.18938526511192322
Sample 29,TimesFM,0.780852198600769
Sample 29,Moirai,0.21914777159690857
Sample 30,Moirai,0.6017789840698242
Sample 30,Timer,0.3982210159301758
Sample 31,Chronos,0.7885562777519226
Sample 31,Time-MoE,0.2114437222480774
Sample 0,Chronos,0.5899851322174072
Sample 0,Time-MoE,0.4100148379802704
Sample 1,TimesFM,0.6291911602020264
Sample 1,Timer,0.37080880999565125
Sample 2,Timer,0.9048559069633484
Sample 2,Moirai,0.09514401853084564
Sample 3,TimesFM,0.834598183631897
Sample 3,Chronos,0.1654018759727478
Sample 4,Moirai,0.8047922253608704
Sample 4,TimesFM,0.19520775973796844
Sample 5,Time-MoE,0.5035727024078369
Sample 5,Chronos,0.4964272379875183
Sample 6,TimesFM,0.6632475256919861
Sample 6,Time-MoE,0.3367524743080139
Sample 7,Moirai,0.6986839175224304
Sample 7,Timer,0.3013160824775696
Sample 8,TimesFM,0.5925770401954651
Sample 8,Chronos,0.4074229896068573
Sample 9,Moirai,0.5716667175292969
Sample 9,TimesFM,0.42833322286605835
Sample 10,Moirai,0.7724766731262207
Sample 10,Time-MoE,0.2275233268737793
Sample 11,TimesFM,0.5411446690559387
Sample 11,Chronos,0.45885539054870605
Sample 12,Moirai,0.6743649840354919
Sample 12,TimesFM,0.32563501596450806
Sample 13,Time-MoE,0.5025309920310974
Sample 13,Chronos,0.4974689781665802
Sample 14,TimesFM,0.5049431324005127
Sample 14,Time-MoE,0.4950568675994873
Sample 15,TimesFM,0.6979512572288513
Sample 15,Moirai,0.3020487129688263
Sample 16,Moirai,0.5028076171875
Sample 16,TimesFM,0.4971924126148224
Sample 17,Chronos,0.5471794009208679
Sample 17,Time-MoE,0.4528205692768097
Sample 18,Moirai,0.6598943471908569
Sample 18,Chronos,0.34010565280914307
Sample 19,Moirai,0.5530756115913391
Sample 19,Timer,0.4469244182109833
Sample 20,Timer,0.5630565285682678
Sample 20,Moirai,0.4369434714317322
Sample 21,Timer,0.5136919617652893
Sample 21,Time-MoE,0.4863080382347107
Sample 22,Time-MoE,0.5809624791145325
Sample 22,Moirai,0.41903752088546753
Sample 23,Timer,0.5171576142311096
Sample 23,Moirai,0.48284241557121277
Sample 24,Chronos,0.5106472969055176
Sample 24,Time-MoE,0.4893527030944824
Sample 25,Timer,0.5206367373466492
Sample 25,Chronos,0.4793633222579956
Sample 26,TimesFM,0.5862733721733093
Sample 26,Moirai,0.41372665762901306
Sample 27,Time-MoE,0.7133277058601379
Sample 27,Chronos,0.28667235374450684
Sample 28,Time-MoE,0.5460739135742188
Sample 28,TimesFM,0.45392611622810364
Sample 29,Timer,0.5256335139274597
Sample 29,Chronos,0.4743664860725403
Sample 30,TimesFM,0.7665044665336609
Sample 30,Chronos,0.2334955334663391
Sample 31,Time-MoE,0.6938927173614502
Sample 31,Moirai,0.30610722303390503
Sample 0,Timer,0.6919390559196472
Sample 0,Time-MoE,0.3080609440803528
Sample 1,Moirai,0.6452063918113708
Sample 1,Time-MoE,0.35479360818862915
Sample 2,TimesFM,0.7266094088554382
Sample 2,Timer,0.27339062094688416
Sample 3,Chronos,0.6910465359687805
Sample 3,Time-MoE,0.3089534342288971
Sample 4,TimesFM,0.552474319934845
Sample 4,Chronos,0.44752568006515503
Sample 5,TimesFM,0.6853964924812317
Sample 5,Moirai,0.3146035373210907
Sample 6,Time-MoE,0.5144312381744385
Sample 6,Moirai,0.4855687916278839
Sample 7,Time-MoE,0.5726950764656067
Sample 7,TimesFM,0.4273049235343933
Sample 8,Chronos,0.7186205983161926
Sample 8,Moirai,0.2813794016838074
Sample 9,TimesFM,0.6897057890892029
Sample 9,Timer,0.31029418110847473
Sample 10,Timer,0.5264150500297546
Sample 10,Moirai,0.473584920167923
Sample 11,Time-MoE,0.5614577531814575
Sample 11,Chronos,0.43854227662086487
Sample 12,Time-MoE,0.6094846725463867
Sample 12,TimesFM,0.3905153274536133
Sample 13,Moirai,0.537131130695343
Sample 13,Timer,0.462868869304657
Sample 14,TimesFM,0.7652435898780823
Sample 14,Moirai,0.23475638031959534
Sample 15,Moirai,0.8904017210006714
Sample 15,Time-MoE,0.10959824919700623
Sample 16,TimesFM,0.6446326971054077
Sample 16,Moirai,0.3553673028945923
Sample 17,TimesFM,0.5751043558120728
Sample 17,Time-MoE,0.42489567399024963
Sample 18,Timer,0.7329614758491516
Sample 18,TimesFM,0.2670384645462036
Sample 19,Time-MoE,0.5584062337875366
Sample 19,Timer,0.4415937662124634
Sample 20,Timer,0.6802979111671448
Sample 20,Chronos,0.3197020888328552
Sample 21,TimesFM,0.6311588287353516
Sample 21,Timer,0.36884114146232605
Sample 22,Moirai,0.516331136226654
Sample 22,Timer,0.48366889357566833
Sample 23,Chronos,0.6982459425926208
Sample 23,Time-MoE,0.30175402760505676
Sample 24,Moirai,0.6836932301521301
Sample 24,Chronos,0.31630679965019226
Sample 25,Chronos,0.5161352157592773
Sample 25,Time-MoE,0.48386478424072266
Sample 26,Chronos,0.7756981253623962
Sample 26,Timer,0.22430188953876495
Sample 27,Moirai,0.5813597440719604
Sample 27,Chronos,0.4186403155326843
Sample 28,Moirai,0.7177213430404663
Sample 28,TimesFM,0.2822786569595337
Sample 29,TimesFM,0.7567313313484192
Sample 29,Chronos,0.243268683552742
Sample 30,Chronos,0.5059220790863037
Sample 30,Timer,0.4940778911113739
Sample 31,TimesFM,0.5180105566978455
Sample 31,Timer,0.48198941349983215
Sample 0,Moirai,0.8902501463890076
Sample 0,Time-MoE,0.10974988341331482
Sample 1,Timer,0.5419955253601074
Sample 1,Time-MoE,0.45800450444221497
Sample 2,Time-MoE,0.5694763660430908
Sample 2,TimesFM,0.43052366375923157
Sample 3,TimesFM,0.5134686231613159
Sample 3,Time-MoE,0.4865313470363617
Sample 4,Timer,0.5743877291679382
Sample 4,Moirai,0.4256122410297394
Sample 5,TimesFM,0.7644298672676086
Sample 5,Time-MoE,0.23557010293006897
Sample 6,Moirai,0.625461995601654
Sample 6,TimesFM,0.37453800439834595
Sample 7,TimesFM,0.5105429887771606
Sample 7,Moirai,0.48945707082748413
Sample 8,Moirai,0.653826117515564
Sample 8,Time-MoE,0.34617388248443604
Sample 9,Moirai,0.5638471841812134
Sample 9,Chronos,0.4361528158187866
Sample 10,Moirai,0.8440375924110413
Sample 10,Time-MoE,0.15596239268779755
Sample 11,Timer,0.6373494267463684
Sample 11,Chronos,0.36265063285827637
Sample 12,Moirai,0.5843663215637207
Sample 12,TimesFM,0.4156336486339569
Sample 13,Timer,0.5227503776550293
Sample 13,Time-MoE,0.4772495925426483
Sample 14,TimesFM,0.7755270600318909
Sample 14,Chronos,0.22447295486927032
Sample 15,Moirai,0.5103803873062134
Sample 15,Time-MoE,0.48961958289146423
Sample 16,Chronos,0.5176740288734436
Sample 16,Time-MoE,0.4823260009288788
Sample 17,Chronos,0.5868434906005859
Sample 17,Time-MoE,0.41315650939941406
Sample 18,Timer,0.538686990737915
Sample 18,Moirai,0.46131300926208496
Sample 19,Timer,0.7470403909683228
Sample 19,Moirai,0.25295963883399963
Sample 20,Time-MoE,0.5059224367141724
Sample 20,Chronos,0.49407753348350525
Sample 21,Moirai,0.5031629204750061
Sample 21,Time-MoE,0.4968371093273163
Sample 22,Moirai,0.6726745963096619
Sample 22,Time-MoE,0.32732537388801575
Sample 23,TimesFM,0.6128048896789551
Sample 23,Time-MoE,0.38719505071640015
Sample 24,TimesFM,0.6969237923622131
Sample 24,Time-MoE,0.30307620763778687
Sample 25,TimesFM,0.5931841135025024
Sample 25,Timer,0.40681588649749756
Sample 26,TimesFM,0.5296087265014648
Sample 26,Moirai,0.47039124369621277
Sample 27,Time-MoE,0.8170737028121948
Sample 27,Timer,0.1829262524843216
Sample 28,Chronos,0.5047810673713684
Sample 28,Time-MoE,0.495218962430954
Sample 29,Timer,0.5244550108909607
Sample 29,Moirai,0.4755449593067169
Sample 30,Timer,0.6071420311927795
Sample 30,Moirai,0.39285793900489807
Sample 31,TimesFM,0.5375614762306213
Sample 31,Time-MoE,0.46243855357170105
Sample 0,TimesFM,0.622471272945404
Sample 0,Chronos,0.37752875685691833
Sample 1,Moirai,0.5618354678153992
Sample 1,Chronos,0.43816453218460083
Sample 2,TimesFM,0.5081426501274109
Sample 2,Chronos,0.4918573498725891
Sample 3,Chronos,0.7196822762489319
Sample 3,TimesFM,0.2803177535533905
Sample 4,TimesFM,0.6023874282836914
Sample 4,Time-MoE,0.3976125717163086
Sample 5,Time-MoE,0.5207512378692627
Sample 5,Chronos,0.4792487919330597
Sample 6,Moirai,0.6071212887763977
Sample 6,Chronos,0.3928786814212799
Sample 7,Time-MoE,0.6610228419303894
Sample 7,Moirai,0.3389771580696106
Sample 8,Time-MoE,0.5474762320518494
Sample 8,Timer,0.45252376794815063
Sample 9,TimesFM,0.6999284029006958
Sample 9,Chronos,0.3000715970993042
Sample 10,Moirai,0.5204489827156067
Sample 10,Timer,0.4795509874820709
Sample 11,TimesFM,0.7955112457275391
Sample 11,Chronos,0.20448872447013855
Sample 12,Moirai,0.6403139233589172
Sample 12,TimesFM,0.3596860468387604
Sample 13,Moirai,0.541917085647583
Sample 13,Chronos,0.458082914352417
Sample 14,Timer,0.7085682153701782
Sample 14,Chronos,0.2914317548274994
Sample 15,Timer,0.9022654294967651
Sample 15,Chronos,0.09773457050323486
Sample 16,Chronos,0.5703972578048706
Sample 16,Timer,0.4296027719974518
Sample 17,Timer,0.5398335456848145
Sample 17,Chronos,0.4601665139198303
Sample 18,Moirai,0.6293792128562927
Sample 18,TimesFM,0.3706207871437073
Sample 19,Moirai,0.5450446009635925
Sample 19,Timer,0.4549553692340851
Sample 20,Chronos,0.6385880708694458
Sample 20,Time-MoE,0.3614119291305542
Sample 21,TimesFM,0.6192041635513306
Sample 21,Timer,0.38079577684402466
Sample 22,TimesFM,0.6246734857559204
Sample 22,Chronos,0.3753265142440796
Sample 23,Timer,0.5485249757766724
Sample 23,Time-MoE,0.45147496461868286
Sample 24,Moirai,0.6593229174613953
Sample 24,TimesFM,0.34067705273628235
Sample 25,Time-MoE,0.5148020386695862
Sample 25,Moirai,0.48519790172576904
Sample 26,Timer,0.6108962297439575
Sample 26,TimesFM,0.38910382986068726
Sample 27,Moirai,0.5576931238174438
Sample 27,Chronos,0.44230687618255615
Sample 28,Timer,0.7221965193748474
Sample 28,Time-MoE,0.2778034508228302
Sample 29,Timer,0.5092556476593018
Sample 29,Moirai,0.49074435234069824
Sample 30,Chronos,0.5192035436630249
Sample 30,Moirai,0.4807964265346527
Sample 31,Time-MoE,0.5239740610122681
Sample 31,Chronos,0.4760259687900543
Sample 0,TimesFM,0.6603350043296814
Sample 0,Moirai,0.3396649956703186
Sample 1,TimesFM,0.5048493146896362
Sample 1,Timer,0.49515068531036377
Sample 2,Timer,0.506979763507843
Sample 2,Chronos,0.49302026629447937
Sample 3,Moirai,0.5714828372001648
Sample 3,Time-MoE,0.4285171627998352
Sample 4,Time-MoE,0.5189015865325928
Sample 4,Chronos,0.4810984134674072
Sample 5,Chronos,0.5702242851257324
Sample 5,Timer,0.42977577447891235
Sample 6,Time-MoE,0.5846074819564819
Sample 6,TimesFM,0.41539251804351807
Sample 7,Chronos,0.5798831582069397
Sample 7,Moirai,0.4201169013977051
Sample 8,Moirai,0.675718367099762
Sample 8,Chronos,0.32428163290023804
Sample 9,TimesFM,0.5011898875236511
Sample 9,Chronos,0.4988100528717041
Sample 10,Timer,0.5222164392471313
Sample 10,TimesFM,0.47778353095054626
Sample 11,Chronos,0.7287792563438416
Sample 11,Moirai,0.27122074365615845
Sample 12,Time-MoE,0.5704561471939087
Sample 12,Timer,0.4295438528060913
Sample 13,TimesFM,0.8227823972702026
Sample 13,Time-MoE,0.17721761763095856
Sample 14,Time-MoE,0.7893710732460022
Sample 14,Moirai,0.21062888205051422
Sample 15,Time-MoE,0.6831845045089722
Sample 15,Timer,0.31681546568870544
Sample 16,TimesFM,0.5747734308242798
Sample 16,Chronos,0.4252265989780426
Sample 17,Timer,0.527186930179596
Sample 17,Chronos,0.47281304001808167
Sample 18,TimesFM,0.6915411949157715
Sample 18,Time-MoE,0.30845877528190613
Sample 19,Moirai,0.6174362897872925
Sample 19,Chronos,0.3825637400150299
Sample 20,Chronos,0.623982846736908
Sample 20,Moirai,0.37601712346076965
Sample 21,Timer,0.7006406784057617
Sample 21,Moirai,0.2993593215942383
Sample 22,TimesFM,0.5025030374526978
Sample 22,Timer,0.49749696254730225
Sample 23,Chronos,0.6384328603744507
Sample 23,Moirai,0.3615671992301941
Sample 24,Time-MoE,0.5508437156677246
Sample 24,Timer,0.4491562843322754
Sample 25,TimesFM,0.5915959477424622
Sample 25,Moirai,0.40840402245521545
Sample 26,Timer,0.5016891360282898
Sample 26,Moirai,0.4983108639717102
Sample 27,Timer,0.5770988464355469
Sample 27,TimesFM,0.4229011535644531
Sample 28,Moirai,0.5389347672462463
Sample 28,Chronos,0.46106526255607605
Sample 29,Moirai,0.5213817954063416
Sample 29,Chronos,0.47861814498901367
Sample 30,Moirai,0.6203226447105408
Sample 30,Time-MoE,0.379677414894104
Sample 31,Moirai,0.6556041836738586
Sample 31,Chronos,0.34439584612846375
Sample 0,TimesFM,0.5268060564994812
Sample 0,Chronos,0.4731939733028412
Sample 1,Timer,0.5103416442871094
Sample 1,Moirai,0.48965832591056824
Sample 2,Chronos,0.691368818283081
Sample 2,Time-MoE,0.30863118171691895
Sample 3,Timer,0.5734503269195557
Sample 3,TimesFM,0.42654964327812195
Sample 4,Moirai,0.5571492314338684
Sample 4,Timer,0.44285082817077637
Sample 5,TimesFM,0.5890858173370361
Sample 5,Time-MoE,0.4109141528606415
Sample 6,Timer,0.6203016042709351
Sample 6,Moirai,0.37969839572906494
Sample 7,Chronos,0.5410091876983643
Sample 7,Time-MoE,0.45899078249931335
Sample 8,Timer,0.5160331130027771
Sample 8,Time-MoE,0.4839669167995453
Sample 9,Moirai,0.8137953281402588
Sample 9,Time-MoE,0.18620464205741882
Sample 10,Timer,0.7175379991531372
Sample 10,Chronos,0.2824620306491852
Sample 11,Moirai,0.6197460889816284
Sample 11,Timer,0.3802538514137268
Sample 12,TimesFM,0.5330132246017456
Sample 12,Moirai,0.4669868052005768
Sample 13,TimesFM,0.603937029838562
Sample 13,Time-MoE,0.3960629999637604
Sample 14,TimesFM,0.7936892509460449
Sample 14,Moirai,0.20631073415279388
Sample 15,Time-MoE,0.5146506428718567
Sample 15,Chronos,0.4853493273258209
Sample 0,Moirai,0.7152239084243774
Sample 0,Chronos,0.28477606177330017
Sample 1,Chronos,0.6198737025260925
Sample 1,Time-MoE,0.3801262676715851
Sample 2,Moirai,0.6740317344665527
Sample 2,Time-MoE,0.32596829533576965
Sample 3,Chronos,0.5282577872276306
Sample 3,TimesFM,0.4717422127723694
Sample 4,TimesFM,0.5113502144813538
Sample 4,Chronos,0.48864981532096863
Sample 5,Moirai,0.5068631172180176
Sample 5,Chronos,0.4931369125843048
Sample 6,TimesFM,0.5207470059394836
Sample 6,Time-MoE,0.47925302386283875
Sample 7,Time-MoE,0.6198238730430603
Sample 7,Timer,0.3801761865615845
Sample 8,Moirai,0.5582221746444702
Sample 8,Chronos,0.4417778253555298
Sample 9,Timer,0.5486068725585938
Sample 9,Moirai,0.45139312744140625
Sample 10,Moirai,0.7948461174964905
Sample 10,Timer,0.20515388250350952
Sample 11,Time-MoE,0.5350068807601929
Sample 11,Timer,0.46499308943748474
Sample 12,Time-MoE,0.7673768997192383
Sample 12,TimesFM,0.23262307047843933
Sample 13,Moirai,0.5972232222557068
Sample 13,TimesFM,0.4027767479419708
Sample 14,Moirai,0.5350028872489929
Sample 14,Time-MoE,0.4649970531463623
Sample 15,Timer,0.5318052768707275
Sample 15,Time-MoE,0.4681946933269501
Sample 16,Chronos,0.5301175713539124
Sample 16,Timer,0.46988239884376526
Sample 17,TimesFM,0.5109894275665283
Sample 17,Timer,0.4890105724334717
Sample 18,Moirai,0.700721800327301
Sample 18,Chronos,0.29927822947502136
Sample 19,Chronos,0.5824357867240906
Sample 19,Timer,0.41756418347358704
Sample 20,Time-MoE,0.5403995513916016
Sample 20,Chronos,0.45960041880607605
Sample 21,Time-MoE,0.5363113284111023
Sample 21,Moirai,0.4636886715888977
Sample 22,TimesFM,0.5060587525367737
Sample 22,Timer,0.4939412772655487
Sample 23,TimesFM,0.6979983448982239
Sample 23,Timer,0.3020017147064209
Sample 24,Time-MoE,0.5783450603485107
Sample 24,TimesFM,0.42165499925613403
Sample 25,TimesFM,0.6212061047554016
Sample 25,Moirai,0.3787939250469208
Sample 26,Timer,0.6645333766937256
Sample 26,Time-MoE,0.3354666233062744
Sample 27,Time-MoE,0.6701683402061462
Sample 27,Moirai,0.32983165979385376
Sample 28,Timer,0.7976605296134949
Sample 28,Moirai,0.20233948528766632
Sample 29,Chronos,0.5242416858673096
Sample 29,TimesFM,0.47575828433036804
Sample 30,TimesFM,0.5652425289154053
Sample 30,Chronos,0.4347574710845947
Sample 31,Moirai,0.9308339953422546
Sample 31,Time-MoE,0.06916601955890656
Sample 0,Timer,0.626067578792572
Sample 0,Moirai,0.3739323914051056
Sample 1,Time-MoE,0.5102065801620483
Sample 1,Chronos,0.48979341983795166
Sample 2,Moirai,0.6775637269020081
Sample 2,Time-MoE,0.32243630290031433
Sample 3,Time-MoE,0.5190432667732239
Sample 3,Chronos,0.48095670342445374
Sample 4,Chronos,0.8970749378204346
Sample 4,Moirai,0.10292506963014603
Sample 5,TimesFM,0.5728930830955505
Sample 5,Timer,0.4271068572998047
Sample 6,Time-MoE,0.7294862866401672
Sample 6,Moirai,0.270513653755188
Sample 7,Moirai,0.5987735390663147
Sample 7,Chronos,0.4012264907360077
Sample 8,Moirai,0.5920749306678772
Sample 8,Time-MoE,0.4079250693321228
Sample 9,Time-MoE,0.5351712703704834
Sample 9,Chronos,0.4648287892341614
Sample 10,Moirai,0.6566004753112793
Sample 10,Timer,0.3433995246887207
Sample 11,Moirai,0.8302263021469116
Sample 11,Timer,0.16977374255657196
Sample 12,Time-MoE,0.8940147161483765
Sample 12,Timer,0.10598531365394592
Sample 13,Time-MoE,0.6185762882232666
Sample 13,Timer,0.381423681974411
Sample 14,Chronos,0.5235760807991028
Sample 14,TimesFM,0.4764239490032196
Sample 15,Timer,0.5602898597717285
Sample 15,Time-MoE,0.4397101104259491
Sample 16,Moirai,0.7043160796165466
Sample 16,Timer,0.29568395018577576
Sample 17,TimesFM,0.578948438167572
Sample 17,Chronos,0.421051561832428
Sample 18,TimesFM,0.6015511751174927
Sample 18,Timer,0.39844879508018494
Sample 19,Chronos,0.5038744807243347
Sample 19,Timer,0.49612554907798767
Sample 20,TimesFM,0.5291392207145691
Sample 20,Moirai,0.4708607494831085
Sample 21,Timer,0.6111664772033691
Sample 21,Chronos,0.38883355259895325
Sample 22,Time-MoE,0.5138477087020874
Sample 22,Chronos,0.4861522614955902
Sample 23,Time-MoE,0.514886736869812
Sample 23,TimesFM,0.4851132929325104
Sample 24,Moirai,0.6700458526611328
Sample 24,Timer,0.3299541473388672
Sample 25,Timer,0.5528843998908997
Sample 25,TimesFM,0.44711560010910034
Sample 26,TimesFM,0.598552942276001
Sample 26,Timer,0.40144702792167664
Sample 27,Time-MoE,0.6915087699890137
Sample 27,Chronos,0.30849123001098633
Sample 28,Chronos,0.5989087820053101
Sample 28,Timer,0.40109121799468994
Sample 29,TimesFM,0.5900077819824219
Sample 29,Time-MoE,0.4099922180175781
Sample 30,Time-MoE,0.5453870892524719
Sample 30,TimesFM,0.4546128511428833
Sample 31,Time-MoE,0.5608741641044617
Sample 31,Timer,0.4391258656978607
Sample 0,TimesFM,0.5364578366279602
Sample 0,Chronos,0.46354222297668457
Sample 1,Moirai,0.6216564178466797
Sample 1,Timer,0.3783435523509979
Sample 2,TimesFM,0.5824965834617615
Sample 2,Chronos,0.4175034463405609
Sample 3,Time-MoE,0.6421669125556946
Sample 3,TimesFM,0.35783305764198303
Sample 4,Moirai,0.6160547733306885
Sample 4,TimesFM,0.3839452862739563
Sample 5,Time-MoE,0.6148734092712402
Sample 5,Timer,0.38512659072875977
Sample 6,TimesFM,0.5071414709091187
Sample 6,Moirai,0.49285855889320374
Sample 7,Time-MoE,0.7178791761398315
Sample 7,Chronos,0.2821207642555237
Sample 8,TimesFM,0.5788029432296753
Sample 8,Time-MoE,0.4211970865726471
Sample 9,Timer,0.5626830458641052
Sample 9,Moirai,0.4373169243335724
Sample 10,TimesFM,0.6826052069664001
Sample 10,Moirai,0.31739479303359985
Sample 11,TimesFM,0.5286825299263
Sample 11,Moirai,0.47131749987602234
Sample 12,Moirai,0.6450114846229553
Sample 12,Timer,0.35498854517936707
Sample 13,Chronos,0.5577337741851807
Sample 13,TimesFM,0.4422662854194641
Sample 14,Moirai,0.6686980724334717
Sample 14,Chronos,0.3313019573688507
Sample 15,Moirai,0.572228729724884
Sample 15,TimesFM,0.4277712106704712
Sample 16,Chronos,0.5131025910377502
Sample 16,Time-MoE,0.48689737915992737
Sample 17,Time-MoE,0.8092204928398132
Sample 17,Chronos,0.19077952206134796
Sample 18,Timer,0.7653802633285522
Sample 18,Moirai,0.23461976647377014
Sample 19,Chronos,0.6404539346694946
Sample 19,Moirai,0.35954609513282776
Sample 20,Time-MoE,0.5235689878463745
Sample 20,TimesFM,0.4764309525489807
Sample 21,Time-MoE,0.5702910423278809
Sample 21,Timer,0.42970898747444153
Sample 22,Moirai,0.7490978837013245
Sample 22,Time-MoE,0.25090211629867554
Sample 23,Time-MoE,0.5082587003707886
Sample 23,TimesFM,0.4917412996292114
Sample 24,Timer,0.5367240309715271
Sample 24,Moirai,0.4632759690284729
Sample 25,TimesFM,0.5659202933311462
Sample 25,Chronos,0.43407967686653137
Sample 26,Moirai,0.6843780875205994
Sample 26,Chronos,0.31562185287475586
Sample 27,Timer,0.5150626301765442
Sample 27,Chronos,0.4849373400211334
Sample 28,Timer,0.6452701687812805
Sample 28,Moirai,0.3547297716140747
Sample 29,TimesFM,0.8478076457977295
Sample 29,Timer,0.15219241380691528
Sample 30,Chronos,0.5850707292556763
Sample 30,Time-MoE,0.41492927074432373
Sample 31,TimesFM,0.5217886567115784
Sample 31,Moirai,0.47821134328842163
Sample 0,Moirai,0.6311976313591003
Sample 0,TimesFM,0.36880236864089966
Sample 1,Timer,0.5401427149772644
Sample 1,Moirai,0.4598572254180908
Sample 2,TimesFM,0.5763499736785889
Sample 2,Timer,0.42365002632141113
Sample 3,Timer,0.770683228969574
Sample 3,Moirai,0.22931674122810364
Sample 4,TimesFM,0.6198750734329224
Sample 4,Moirai,0.38012492656707764
Sample 5,Time-MoE,0.5634719133377075
Sample 5,TimesFM,0.43652811646461487
Sample 6,Moirai,0.748437762260437
Sample 6,Timer,0.2515622079372406
Sample 7,Chronos,0.6432494521141052
Sample 7,Timer,0.3567505180835724
Sample 8,Time-MoE,0.5305710434913635
Sample 8,Timer,0.46942898631095886
Sample 9,TimesFM,0.6357114315032959
Sample 9,Chronos,0.3642885982990265
Sample 10,Timer,0.5766012072563171
Sample 10,Chronos,0.4233987331390381
Sample 11,Chronos,0.6609240770339966
Sample 11,Timer,0.3390759825706482
Sample 12,Moirai,0.6692742109298706
Sample 12,Timer,0.3307257890701294
Sample 13,Time-MoE,0.5099872350692749
Sample 13,Chronos,0.4900127649307251
Sample 14,Time-MoE,0.6962296366691589
Sample 14,Chronos,0.3037703037261963
Sample 15,TimesFM,0.7015700340270996
Sample 15,Time-MoE,0.2984299659729004
Sample 16,Chronos,0.5078485012054443
Sample 16,TimesFM,0.49215152859687805
Sample 17,TimesFM,0.643550455570221
Sample 17,Timer,0.35644960403442383
Sample 18,Timer,0.7035568952560425
Sample 18,Moirai,0.2964431047439575
Sample 19,Chronos,0.5379331707954407
Sample 19,Timer,0.4620668888092041
Sample 20,TimesFM,0.5193538069725037
Sample 20,Moirai,0.48064616322517395
Sample 21,Time-MoE,0.7803664803504944
Sample 21,TimesFM,0.219633549451828
Sample 22,Timer,0.5827153325080872
Sample 22,Chronos,0.41728466749191284
Sample 23,Moirai,0.5809919238090515
Sample 23,Timer,0.4190081059932709
Sample 24,Chronos,0.5790425539016724
Sample 24,Timer,0.42095741629600525
Sample 25,Moirai,0.5631521344184875
Sample 25,Time-MoE,0.43684789538383484
Sample 26,TimesFM,0.5505114793777466
Sample 26,Time-MoE,0.4494885206222534
Sample 27,Chronos,0.517771303653717
Sample 27,Timer,0.48222869634628296
Sample 28,Time-MoE,0.6539216637611389
Sample 28,Moirai,0.3460783064365387
Sample 29,TimesFM,0.610948383808136
Sample 29,Moirai,0.389051616191864
Sample 30,Time-MoE,0.6805074214935303
Sample 30,Chronos,0.3194925785064697
Sample 31,Moirai,0.5570205450057983
Sample 31,Time-MoE,0.44297945499420166
Sample 0,Time-MoE,0.5039216876029968
Sample 0,TimesFM,0.49607834219932556
Sample 1,TimesFM,0.6845475435256958
Sample 1,Timer,0.3154524564743042
Sample 2,Moirai,0.8492324948310852
Sample 2,Time-MoE,0.1507675051689148
Sample 3,Time-MoE,0.5113102197647095
Sample 3,TimesFM,0.48868975043296814
Sample 4,Moirai,0.5999622344970703
Sample 4,Timer,0.4000377655029297
Sample 5,TimesFM,0.7685380578041077
Sample 5,Chronos,0.23146197199821472
Sample 6,Chronos,0.5181983113288879
Sample 6,Timer,0.4818016290664673
Sample 7,Moirai,0.577459454536438
Sample 7,Time-MoE,0.422540545463562
Sample 8,Moirai,0.5386932492256165
Sample 8,Chronos,0.46130675077438354
Sample 9,Chronos,0.5050285458564758
Sample 9,Moirai,0.4949714243412018
Sample 10,Time-MoE,0.6199712753295898
Sample 10,Timer,0.38002869486808777
Sample 11,Moirai,0.5240609049797058
Sample 11,TimesFM,0.4759391248226166
Sample 12,Time-MoE,0.6191050410270691
Sample 12,TimesFM,0.3808950185775757
Sample 13,Moirai,0.5982041954994202
Sample 13,Time-MoE,0.40179574489593506
Sample 14,Time-MoE,0.5990500450134277
Sample 14,Moirai,0.4009499251842499
Sample 15,Time-MoE,0.7181382775306702
Sample 15,TimesFM,0.2818617522716522
Sample 16,Time-MoE,0.6058800220489502
Sample 16,Chronos,0.39411991834640503
Sample 17,TimesFM,0.6531861424446106
Sample 17,Timer,0.3468139171600342
Sample 18,Timer,0.5621783137321472
Sample 18,Chronos,0.43782171607017517
Sample 19,Chronos,0.6097083687782288
Sample 19,Moirai,0.39029160141944885
Sample 20,Time-MoE,0.6423225402832031
Sample 20,TimesFM,0.3576774299144745
Sample 21,Time-MoE,0.5426264405250549
Sample 21,Moirai,0.45737355947494507
Sample 22,TimesFM,0.5520000457763672
Sample 22,Time-MoE,0.44799989461898804
Sample 23,Time-MoE,0.6342836022377014
Sample 23,TimesFM,0.3657163977622986
Sample 24,TimesFM,0.5391956567764282
Sample 24,Timer,0.4608043432235718
Sample 25,TimesFM,0.6654179096221924
Sample 25,Moirai,0.33458206057548523
Sample 26,TimesFM,0.7314465641975403
Sample 26,Chronos,0.2685534954071045
Sample 27,Moirai,0.5769414305686951
Sample 27,Timer,0.42305856943130493
Sample 28,Chronos,0.6460524201393127
Sample 28,Timer,0.35394755005836487
Sample 29,Timer,0.5333236455917358
Sample 29,Time-MoE,0.4666763246059418
Sample 30,Moirai,0.6515661478042603
Sample 30,Timer,0.34843385219573975
Sample 31,TimesFM,0.5126175284385681
Sample 31,Time-MoE,0.4873824417591095
Sample 0,TimesFM,0.623860239982605
Sample 0,Timer,0.3761398196220398
Sample 1,Chronos,0.5308098793029785
Sample 1,TimesFM,0.4691900908946991
Sample 2,Chronos,0.6558281779289246
Sample 2,Timer,0.3441718518733978
Sample 3,TimesFM,0.5626624822616577
Sample 3,Moirai,0.4373375475406647
Sample 4,Time-MoE,0.5959459543228149
Sample 4,TimesFM,0.40405401587486267
Sample 5,TimesFM,0.6871394515037537
Sample 5,Time-MoE,0.31286051869392395
Sample 6,Time-MoE,0.5053744316101074
Sample 6,Timer,0.49462559819221497
Sample 7,Moirai,0.5900861620903015
Sample 7,TimesFM,0.40991389751434326
Sample 8,TimesFM,0.7246660590171814
Sample 8,Moirai,0.2753339111804962
Sample 9,TimesFM,0.72646564245224
Sample 9,Chronos,0.27353435754776
Sample 10,Moirai,0.7128980755805969
Sample 10,Timer,0.28710195422172546
Sample 11,Moirai,0.5431113839149475
Sample 11,Chronos,0.4568886160850525
Sample 12,Chronos,0.6267774701118469
Sample 12,Moirai,0.3732225298881531
Sample 13,TimesFM,0.6993063688278198
Sample 13,Timer,0.30069366097450256
Sample 14,TimesFM,0.6463338732719421
Sample 14,Timer,0.35366612672805786
Sample 15,TimesFM,0.6331414580345154
Sample 15,Time-MoE,0.366858571767807
Sample 16,Chronos,0.5433290600776672
Sample 16,Moirai,0.45667093992233276
Sample 17,Time-MoE,0.5618035793304443
Sample 17,TimesFM,0.43819648027420044
Sample 18,Moirai,0.5409465432167053
Sample 18,Chronos,0.4590534567832947
Sample 19,Chronos,0.6173127293586731
Sample 19,Timer,0.3826872706413269
Sample 20,Timer,0.5392025709152222
Sample 20,Moirai,0.46079742908477783
Sample 21,TimesFM,0.7151146531105042
Sample 21,Timer,0.28488531708717346
Sample 22,TimesFM,0.5095278024673462
Sample 22,Time-MoE,0.4904721975326538
Sample 23,Timer,0.5135111808776855
Sample 23,Time-MoE,0.4864887595176697
Sample 24,TimesFM,0.7197422981262207
Sample 24,Timer,0.2802577316761017
Sample 25,Moirai,0.6080033779144287
Sample 25,Time-MoE,0.3919966518878937
Sample 26,Moirai,0.522838830947876
Sample 26,Chronos,0.47716113924980164
Sample 27,Timer,0.502141535282135
Sample 27,Time-MoE,0.4978584945201874
Sample 28,TimesFM,0.731172502040863
Sample 28,Moirai,0.26882752776145935
Sample 29,Timer,0.6073663830757141
Sample 29,Chronos,0.3926335871219635
Sample 30,TimesFM,0.5306519865989685
Sample 30,Chronos,0.4693479835987091
Sample 31,TimesFM,0.5548756718635559
Sample 31,Timer,0.4451242983341217
Sample 0,TimesFM,0.6117022037506104
Sample 0,Moirai,0.38829779624938965
Sample 1,TimesFM,0.508645236492157
Sample 1,Time-MoE,0.4913547933101654
Sample 2,Moirai,0.7356916666030884
Sample 2,Timer,0.264308363199234
Sample 3,TimesFM,0.6934899687767029
Sample 3,Moirai,0.3065100312232971
Sample 4,Moirai,0.664705216884613
Sample 4,Chronos,0.3352947533130646
Sample 5,Timer,0.604314386844635
Sample 5,Time-MoE,0.3956856429576874
Sample 6,Moirai,0.633433997631073
Sample 6,Timer,0.3665659725666046
Sample 7,Time-MoE,0.5072464942932129
Sample 7,Moirai,0.4927535057067871
Sample 8,Time-MoE,0.5951985120773315
Sample 8,TimesFM,0.40480148792266846
Sample 9,Time-MoE,0.554612934589386
Sample 9,Chronos,0.4453870356082916
Sample 10,TimesFM,0.5821966528892517
Sample 10,Timer,0.4178033471107483
Sample 11,Timer,0.5247176885604858
Sample 11,Chronos,0.4752822816371918
Sample 12,Moirai,0.573002815246582
Sample 12,Chronos,0.4269971549510956
Sample 13,TimesFM,0.5449313521385193
Sample 13,Moirai,0.4550686180591583
Sample 14,Timer,0.5133187174797058
Sample 14,Time-MoE,0.4866812825202942
Sample 15,Timer,0.5183667540550232
Sample 15,TimesFM,0.4816332757472992
Sample 0,Timer,0.6132176518440247
Sample 0,TimesFM,0.38678237795829773
Sample 1,Chronos,0.6984960436820984
Sample 1,TimesFM,0.3015039563179016
Sample 2,Chronos,0.6060543656349182
Sample 2,TimesFM,0.3939456045627594
Sample 3,Chronos,0.5341770648956299
Sample 3,Moirai,0.4658229351043701
Sample 4,Timer,0.5191915035247803
Sample 4,Time-MoE,0.4808084964752197
Sample 5,Time-MoE,0.6196847558021545
Sample 5,Moirai,0.38031524419784546
Sample 6,Chronos,0.541415274143219
Sample 6,Timer,0.4585846960544586
Sample 7,Time-MoE,0.5083725452423096
Sample 7,Moirai,0.49162745475769043
Sample 8,Moirai,0.6841285824775696
Sample 8,TimesFM,0.3158714175224304
Sample 9,TimesFM,0.5286079049110413
Sample 9,Moirai,0.47139206528663635
Sample 10,Moirai,0.93119215965271
Sample 10,Timer,0.06880784779787064
Sample 11,Moirai,0.6138273477554321
Sample 11,Chronos,0.38617265224456787
Sample 12,Timer,0.5230633020401001
Sample 12,Time-MoE,0.4769367277622223
Sample 13,Chronos,0.5211138129234314
Sample 13,Time-MoE,0.4788861870765686
Sample 14,Moirai,0.6303199529647827
Sample 14,Time-MoE,0.3696800768375397
Sample 15,Timer,0.5956525206565857
Sample 15,Chronos,0.4043475091457367
Sample 16,Moirai,0.7139905691146851
Sample 16,TimesFM,0.28600943088531494
Sample 17,Chronos,0.5564115047454834
Sample 17,Time-MoE,0.4435884654521942
Sample 18,Timer,0.6249527931213379
Sample 18,TimesFM,0.37504714727401733
Sample 19,Moirai,0.6626415848731995
Sample 19,TimesFM,0.33735838532447815
Sample 20,Time-MoE,0.6980010271072388
Sample 20,Timer,0.30199897289276123
Sample 21,TimesFM,0.647125244140625
Sample 21,Chronos,0.3528747260570526
Sample 22,Time-MoE,0.8165394067764282
Sample 22,Moirai,0.18346065282821655
Sample 23,Timer,0.5675443410873413
Sample 23,Moirai,0.4324556887149811
Sample 24,Time-MoE,0.5595700144767761
Sample 24,Moirai,0.44043001532554626
Sample 25,TimesFM,0.55585777759552
Sample 25,Timer,0.44414222240448
Sample 26,Chronos,0.5110535621643066
Sample 26,Time-MoE,0.48894640803337097
Sample 27,Chronos,0.5088408589363098
Sample 27,Time-MoE,0.4911591708660126
Sample 28,Chronos,0.5350880026817322
Sample 28,TimesFM,0.46491193771362305
Sample 29,TimesFM,0.5299133062362671
Sample 29,Moirai,0.4700867235660553
Sample 30,TimesFM,0.6763247847557068
Sample 30,Chronos,0.3236751854419708
Sample 31,Chronos,0.5119694471359253
Sample 31,TimesFM,0.4880305528640747
Sample 0,Time-MoE,0.5429033637046814
Sample 0,Timer,0.4570966362953186
Sample 1,Timer,0.630324125289917
Sample 1,Moirai,0.3696758449077606
Sample 2,TimesFM,0.5382997393608093
Sample 2,Chronos,0.4617002606391907
Sample 3,TimesFM,0.5043196678161621
Sample 3,Moirai,0.4956803321838379
Sample 4,Chronos,0.8983899354934692
Sample 4,Moirai,0.10161010175943375
Sample 5,Chronos,0.5079852938652039
Sample 5,TimesFM,0.49201473593711853
Sample 6,Moirai,0.6767773032188416
Sample 6,Timer,0.32322266697883606
Sample 7,Timer,0.534030020236969
Sample 7,Moirai,0.465969979763031
Sample 8,Timer,0.5859929323196411
Sample 8,Moirai,0.4140070974826813
Sample 9,Chronos,0.6430120468139648
Sample 9,TimesFM,0.3569878935813904
Sample 10,Chronos,0.5448581576347351
Sample 10,Timer,0.4551418125629425
Sample 11,Moirai,0.5284541249275208
Sample 11,Chronos,0.47154584527015686
Sample 12,Moirai,0.5779781937599182
Sample 12,TimesFM,0.4220218360424042
Sample 13,Time-MoE,0.5126128792762756
Sample 13,Chronos,0.48738712072372437
Sample 14,Moirai,0.7631601691246033
Sample 14,Chronos,0.23683980107307434
Sample 15,Chronos,0.5299770832061768
Sample 15,Time-MoE,0.47002288699150085
Sample 16,Chronos,0.6384103298187256
Sample 16,Time-MoE,0.3615896999835968
Sample 17,Moirai,0.5042859315872192
Sample 17,Chronos,0.49571409821510315
Sample 18,Time-MoE,0.5515325665473938
Sample 18,Moirai,0.4484674334526062
Sample 19,Chronos,0.6375942230224609
Sample 19,Timer,0.3624057173728943
Sample 20,Chronos,0.6399940252304077
Sample 20,TimesFM,0.3600059151649475
Sample 21,Time-MoE,0.6062455177307129
Sample 21,Timer,0.3937544822692871
Sample 22,Time-MoE,0.5186425447463989
Sample 22,Timer,0.4813574552536011
Sample 23,Moirai,0.5276342630386353
Sample 23,TimesFM,0.47236573696136475
Sample 24,Moirai,0.5059704184532166
Sample 24,Time-MoE,0.49402958154678345
Sample 25,Chronos,0.5868818759918213
Sample 25,Timer,0.41311806440353394
Sample 26,Moirai,0.645508348941803
Sample 26,Chronos,0.3544916808605194
Sample 27,Chronos,0.5867681503295898
Sample 27,Timer,0.41323187947273254
Sample 28,TimesFM,0.8536401987075806
Sample 28,Chronos,0.14635974168777466
Sample 29,TimesFM,0.518485426902771
Sample 29,Moirai,0.4815145432949066
Sample 30,Time-MoE,0.6100194454193115
Sample 30,Timer,0.3899805545806885
Sample 31,Moirai,0.5947677493095398
Sample 31,TimesFM,0.4052322804927826
Sample 0,TimesFM,0.624535083770752
Sample 0,Timer,0.37546485662460327
Sample 1,TimesFM,0.555842936038971
Sample 1,Moirai,0.44415703415870667
Sample 2,TimesFM,0.7029849290847778
Sample 2,Timer,0.29701510071754456
Sample 3,Moirai,0.5456230044364929
Sample 3,TimesFM,0.45437702536582947
Sample 4,Moirai,0.6050998568534851
Sample 4,Time-MoE,0.39490020275115967
Sample 5,TimesFM,0.5605074763298035
Sample 5,Chronos,0.43949249386787415
Sample 6,TimesFM,0.6056402921676636
Sample 6,Time-MoE,0.3943597078323364
Sample 7,Timer,0.5273529291152954
Sample 7,Chronos,0.4726470708847046
Sample 8,TimesFM,0.6461661458015442
Sample 8,Moirai,0.3538338840007782
Sample 9,TimesFM,0.5245232582092285
Sample 9,Time-MoE,0.47547677159309387
Sample 10,Timer,0.6787041425704956
Sample 10,TimesFM,0.3212958574295044
Sample 11,TimesFM,0.8724933862686157
Sample 11,Time-MoE,0.12750659883022308
Sample 12,Timer,0.7038562893867493
Sample 12,TimesFM,0.29614368081092834
Sample 13,Timer,0.7154935002326965
Sample 13,Chronos,0.28450652956962585
Sample 14,TimesFM,0.5415931344032288
Sample 14,Moirai,0.45840689539909363
Sample 15,Chronos,0.5243288278579712
Sample 15,TimesFM,0.4756711423397064
Sample 16,Timer,0.5416135191917419
Sample 16,TimesFM,0.45838648080825806
Sample 17,Time-MoE,0.7303754091262817
Sample 17,Timer,0.2696245312690735
Sample 18,Time-MoE,0.6955111026763916
Sample 18,Moirai,0.3044889569282532
Sample 19,Moirai,0.7344939112663269
Sample 19,Time-MoE,0.2655060589313507
Sample 20,Time-MoE,0.6877440810203552
Sample 20,Chronos,0.3122559189796448
Sample 21,Timer,0.6039150357246399
Sample 21,Chronos,0.3960849642753601
Sample 22,Timer,0.5439162254333496
Sample 22,Moirai,0.456083744764328
Sample 23,Chronos,0.5371230244636536
Sample 23,TimesFM,0.46287694573402405
Sample 24,Timer,0.6739834547042847
Sample 24,Moirai,0.32601654529571533
Sample 25,Chronos,0.566912055015564
Sample 25,Time-MoE,0.43308791518211365
Sample 26,Chronos,0.6107034683227539
Sample 26,TimesFM,0.38929659128189087
Sample 27,TimesFM,0.7863163352012634
Sample 27,Time-MoE,0.21368367969989777
Sample 28,Time-MoE,0.7317878603935242
Sample 28,Chronos,0.26821213960647583
Sample 29,Time-MoE,0.5195143818855286
Sample 29,Chronos,0.48048558831214905
Sample 30,TimesFM,0.5815651416778564
Sample 30,Moirai,0.41843491792678833
Sample 31,Moirai,0.698542594909668
Sample 31,Time-MoE,0.30145740509033203
Sample 0,Timer,0.6936163902282715
Sample 0,Time-MoE,0.30638357996940613
Sample 1,TimesFM,0.6585866808891296
Sample 1,Time-MoE,0.34141334891319275
Sample 2,Timer,0.5005687475204468
Sample 2,TimesFM,0.4994312524795532
Sample 3,Moirai,0.625751793384552
Sample 3,Chronos,0.3742481768131256
Sample 4,Chronos,0.6167475581169128
Sample 4,Time-MoE,0.38325247168540955
Sample 5,Moirai,0.8195840716362
Sample 5,Time-MoE,0.18041586875915527
Sample 6,Moirai,0.6165867447853088
Sample 6,TimesFM,0.38341325521469116
Sample 7,Timer,0.5619366765022278
Sample 7,Chronos,0.4380633234977722
Sample 8,TimesFM,0.6998800039291382
Sample 8,Timer,0.30011993646621704
Sample 9,Chronos,0.5277450084686279
Sample 9,Timer,0.47225505113601685
Sample 10,Chronos,0.544341504573822
Sample 10,Time-MoE,0.455658495426178
Sample 11,Moirai,0.6408916711807251
Sample 11,Timer,0.3591082990169525
Sample 12,Time-MoE,0.8041079640388489
Sample 12,Timer,0.19589203596115112
Sample 13,Moirai,0.5513585209846497
Sample 13,Chronos,0.44864150881767273
Sample 14,Moirai,0.5993289947509766
Sample 14,Time-MoE,0.4006710350513458
Sample 15,Moirai,0.6601534485816956
Sample 15,TimesFM,0.3398466110229492
Sample 16,Moirai,0.8485230803489685
Sample 16,TimesFM,0.1514768749475479
Sample 17,Time-MoE,0.5202130675315857
Sample 17,TimesFM,0.4797869920730591
Sample 18,Timer,0.7793279886245728
Sample 18,Time-MoE,0.22067201137542725
Sample 19,Time-MoE,0.5336942076683044
Sample 19,TimesFM,0.4663057327270508
Sample 20,Timer,0.582021176815033
Sample 20,TimesFM,0.41797879338264465
Sample 21,Time-MoE,0.5208680629730225
Sample 21,Chronos,0.47913193702697754
Sample 22,Chronos,0.550994873046875
Sample 22,TimesFM,0.4490051865577698
Sample 23,Time-MoE,0.5413720607757568
Sample 23,Chronos,0.4586279094219208
Sample 24,Timer,0.5036177039146423
Sample 24,Moirai,0.4963822662830353
Sample 25,Timer,0.8110952973365784
Sample 25,Chronos,0.18890470266342163
Sample 26,Moirai,0.5092309713363647
Sample 26,Timer,0.49076899886131287
Sample 27,TimesFM,0.5680988430976868
Sample 27,Timer,0.4319011867046356
Sample 28,Moirai,0.5238476395606995
Sample 28,TimesFM,0.4761523902416229
Sample 29,TimesFM,0.5208685994148254
Sample 29,Moirai,0.4791313409805298
Sample 30,TimesFM,0.6540691256523132
Sample 30,Chronos,0.34593087434768677
Sample 31,Timer,0.719458281993866
Sample 31,Time-MoE,0.28054168820381165
Sample 0,TimesFM,0.6065067648887634
Sample 0,Timer,0.39349326491355896
Sample 1,Time-MoE,0.5246569514274597
Sample 1,Chronos,0.4753430485725403
Sample 2,TimesFM,0.8506045937538147
Sample 2,Time-MoE,0.14939537644386292
Sample 3,Time-MoE,0.6572601795196533
Sample 3,Moirai,0.34273985028266907
Sample 4,Moirai,0.5622333288192749
Sample 4,TimesFM,0.4377666711807251
Sample 5,Timer,0.5468473434448242
Sample 5,Moirai,0.4531526267528534
Sample 6,Moirai,0.6049189567565918
Sample 6,Time-MoE,0.3950810432434082
Sample 7,Time-MoE,0.8038349151611328
Sample 7,Moirai,0.19616509974002838
Sample 8,TimesFM,0.6219976544380188
Sample 8,Moirai,0.3780023455619812
Sample 9,Chronos,0.5103922486305237
Sample 9,TimesFM,0.48960772156715393
Sample 10,Time-MoE,0.6777506470680237
Sample 10,TimesFM,0.3222493827342987
Sample 11,Chronos,0.6276015043258667
Sample 11,TimesFM,0.3723985254764557
Sample 12,Chronos,0.5424633622169495
Sample 12,Time-MoE,0.4575366675853729
Sample 13,Moirai,0.5228636264801025
Sample 13,Chronos,0.4771363139152527
Sample 14,Time-MoE,0.5902507305145264
Sample 14,Moirai,0.40974926948547363
Sample 15,Timer,0.753711998462677
Sample 15,Moirai,0.2462879866361618
Sample 16,Chronos,0.6691835522651672
Sample 16,TimesFM,0.3308164179325104
Sample 17,Time-MoE,0.5112060904502869
Sample 17,Chronos,0.48879390954971313
Sample 18,Chronos,0.5110301375389099
Sample 18,Timer,0.4889698326587677
Sample 19,Chronos,0.5163809061050415
Sample 19,Moirai,0.4836191236972809
Sample 20,Time-MoE,0.6261457800865173
Sample 20,Chronos,0.37385424971580505
Sample 21,Moirai,0.6052446961402893
Sample 21,Chronos,0.3947552740573883
Sample 22,TimesFM,0.6765139102935791
Sample 22,Time-MoE,0.3234861195087433
Sample 23,Time-MoE,0.6658506393432617
Sample 23,TimesFM,0.3341493606567383
Sample 24,Time-MoE,0.7143633365631104
Sample 24,TimesFM,0.28563666343688965
Sample 25,Timer,0.5401701331138611
Sample 25,Chronos,0.4598298966884613
Sample 26,Timer,0.7933400869369507
Sample 26,TimesFM,0.20665991306304932
Sample 27,Time-MoE,0.5992400050163269
Sample 27,Moirai,0.4007599949836731
Sample 28,TimesFM,0.5582034587860107
Sample 28,Moirai,0.44179651141166687
Sample 29,Timer,0.5076645612716675
Sample 29,Time-MoE,0.49233540892601013
Sample 30,Moirai,0.6321853399276733
Sample 30,Chronos,0.3678146004676819
Sample 31,Time-MoE,0.5755289793014526
Sample 31,Moirai,0.424470990896225
Sample 0,Chronos,0.5475192666053772
Sample 0,TimesFM,0.4524807333946228
Sample 1,Moirai,0.5230357050895691
Sample 1,Chronos,0.4769642651081085
Sample 2,Time-MoE,0.5317267179489136
Sample 2,Timer,0.4682733118534088
Sample 3,Moirai,0.5075457692146301
Sample 3,Chronos,0.4924542307853699
Sample 4,Chronos,0.5288675427436829
Sample 4,TimesFM,0.47113242745399475
Sample 5,Timer,0.5482410788536072
Sample 5,Time-MoE,0.45175889134407043
Sample 6,Chronos,0.6131538152694702
Sample 6,Timer,0.3868461549282074
Sample 7,Moirai,0.6277084350585938
Sample 7,Timer,0.37229153513908386
Sample 8,TimesFM,0.5245684385299683
Sample 8,Moirai,0.47543156147003174
Sample 9,Timer,0.5865705609321594
Sample 9,Time-MoE,0.41342946887016296
Sample 10,Time-MoE,0.5922628045082092
Sample 10,Chronos,0.40773722529411316
Sample 11,Moirai,0.8242829442024231
Sample 11,Time-MoE,0.1757170855998993
Sample 12,Chronos,0.596206545829773
Sample 12,Moirai,0.40379348397254944
Sample 13,TimesFM,0.6486803889274597
Sample 13,Chronos,0.35131964087486267
Sample 14,Time-MoE,0.5029423236846924
Sample 14,TimesFM,0.49705770611763
Sample 15,Timer,0.6584752202033997
Sample 15,Time-MoE,0.34152480959892273
Sample 16,Time-MoE,0.536923885345459
Sample 16,Chronos,0.4630761444568634
Sample 17,TimesFM,0.5275564193725586
Sample 17,Chronos,0.472443550825119
Sample 18,Moirai,0.6214836239814758
Sample 18,Chronos,0.37851643562316895
Sample 19,TimesFM,0.7917564511299133
Sample 19,Timer,0.20824357867240906
Sample 20,Time-MoE,0.5365935564041138
Sample 20,TimesFM,0.4634064733982086
Sample 21,Chronos,0.5682576298713684
Sample 21,TimesFM,0.4317423403263092
Sample 22,Timer,0.5259242057800293
Sample 22,Moirai,0.4740757644176483
Sample 23,Chronos,0.6323579549789429
Sample 23,Time-MoE,0.36764201521873474
Sample 24,TimesFM,0.5568305253982544
Sample 24,Timer,0.4431695342063904
Sample 25,Time-MoE,0.6413875818252563
Sample 25,Moirai,0.35861238837242126
Sample 26,TimesFM,0.5073640942573547
Sample 26,Timer,0.49263593554496765
Sample 27,Chronos,0.5095917582511902
Sample 27,Time-MoE,0.4904082417488098
Sample 28,Timer,0.5345972180366516
Sample 28,Moirai,0.4654027223587036
Sample 29,Timer,0.6363708972930908
Sample 29,TimesFM,0.3636290729045868
Sample 30,Moirai,0.509296715259552
Sample 30,TimesFM,0.4907033145427704
Sample 31,Chronos,0.5462677478790283
Sample 31,Timer,0.4537321925163269
Sample 0,Moirai,0.7553027272224426
Sample 0,Chronos,0.24469730257987976
Sample 1,Timer,0.6207711100578308
Sample 1,Chronos,0.3792288899421692
Sample 2,TimesFM,0.6291381120681763
Sample 2,Moirai,0.37086188793182373
Sample 3,Moirai,0.5635022521018982
Sample 3,Time-MoE,0.4364977777004242
Sample 4,Time-MoE,0.601131796836853
Sample 4,Chronos,0.39886823296546936
Sample 5,TimesFM,0.580496072769165
Sample 5,Moirai,0.41950398683547974
Sample 6,Moirai,0.5814782381057739
Sample 6,TimesFM,0.4185217618942261
Sample 7,Moirai,0.5467989444732666
Sample 7,Timer,0.4532010853290558
Sample 8,Timer,0.5842603445053101
Sample 8,TimesFM,0.41573965549468994
Sample 9,TimesFM,0.5903300046920776
Sample 9,Moirai,0.4096699655056
Sample 10,Timer,0.53667813539505
Sample 10,Moirai,0.46332186460494995
Sample 11,Moirai,0.6563503742218018
Sample 11,Time-MoE,0.34364965558052063
Sample 12,Chronos,0.5001624822616577
Sample 12,Time-MoE,0.4998374879360199
Sample 13,Moirai,0.5297037959098816
Sample 13,Chronos,0.470296174287796
Sample 14,Timer,0.5233455896377563
Sample 14,TimesFM,0.47665441036224365
Sample 15,Time-MoE,0.6648886799812317
Sample 15,Timer,0.3351113200187683
Sample 0,Moirai,0.9431987404823303
Sample 0,Timer,0.05680123344063759
Sample 1,Moirai,0.7102597951889038
Sample 1,Timer,0.2897402048110962
Sample 2,TimesFM,0.6366344690322876
Sample 2,Moirai,0.36336550116539
Sample 3,TimesFM,0.6578523516654968
Sample 3,Chronos,0.3421476185321808
Sample 4,Time-MoE,0.5328572988510132
Sample 4,TimesFM,0.4671427011489868
Sample 5,TimesFM,0.5631901621818542
Sample 5,Chronos,0.43680980801582336
Sample 6,Chronos,0.6215137243270874
Sample 6,Timer,0.378486305475235
Sample 7,Chronos,0.5990081429481506
Sample 7,TimesFM,0.40099191665649414
Sample 8,TimesFM,0.8078649640083313
Sample 8,Timer,0.1921350210905075
Sample 9,TimesFM,0.5981835722923279
Sample 9,Chronos,0.4018164277076721
Sample 10,Chronos,0.5703462362289429
Sample 10,TimesFM,0.42965376377105713
Sample 11,Time-MoE,0.5143980979919434
Sample 11,Chronos,0.48560184240341187
Sample 12,Time-MoE,0.6714079976081848
Sample 12,Moirai,0.3285919725894928
Sample 13,Timer,0.5886358022689819
Sample 13,TimesFM,0.4113641381263733
Sample 14,TimesFM,0.6060574054718018
Sample 14,Timer,0.39394262433052063
Sample 15,Time-MoE,0.6899783611297607
Sample 15,Moirai,0.31002160906791687
Sample 16,Moirai,0.7354103326797485
Sample 16,Time-MoE,0.26458966732025146
Sample 17,Time-MoE,0.6678493022918701
Sample 17,Chronos,0.3321506977081299
Sample 18,TimesFM,0.5992022752761841
Sample 18,Time-MoE,0.40079766511917114
Sample 19,Timer,0.584383487701416
Sample 19,Moirai,0.415616512298584
Sample 20,Timer,0.6918365955352783
Sample 20,Moirai,0.3081633746623993
Sample 21,Moirai,0.742033064365387
Sample 21,Chronos,0.25796690583229065
Sample 22,Time-MoE,0.5171993374824524
Sample 22,Moirai,0.4828006327152252
Sample 23,Moirai,0.6734691858291626
Sample 23,Time-MoE,0.326530784368515
Sample 24,TimesFM,0.5398635864257812
Sample 24,Moirai,0.460136353969574
Sample 25,TimesFM,0.8022663593292236
Sample 25,Timer,0.19773367047309875
Sample 26,Chronos,0.501388669013977
Sample 26,Timer,0.4986113905906677
Sample 27,Timer,0.6774417161941528
Sample 27,Chronos,0.32255828380584717
Sample 28,Moirai,0.5446935296058655
Sample 28,Time-MoE,0.45530644059181213
Sample 29,TimesFM,0.5965995788574219
Sample 29,Timer,0.40340036153793335
Sample 30,TimesFM,0.5807507634162903
Sample 30,Moirai,0.41924920678138733
Sample 31,TimesFM,0.5013020038604736
Sample 31,Chronos,0.49869799613952637
Sample 0,Chronos,0.5107915997505188
Sample 0,Timer,0.4892084300518036
Sample 1,TimesFM,0.502890408039093
Sample 1,Chronos,0.497109591960907
Sample 2,Time-MoE,0.5403369665145874
Sample 2,Chronos,0.4596630334854126
Sample 3,Moirai,0.6916730403900146
Sample 3,Timer,0.3083269000053406
Sample 4,Time-MoE,0.6483220458030701
Sample 4,Chronos,0.35167795419692993
Sample 5,Moirai,0.6559370160102844
Sample 5,Chronos,0.3440629541873932
Sample 6,TimesFM,0.6038049459457397
Sample 6,Moirai,0.39619508385658264
Sample 7,Moirai,0.7082878351211548
Sample 7,TimesFM,0.29171210527420044
Sample 8,Time-MoE,0.5788236856460571
Sample 8,Chronos,0.4211762845516205
Sample 9,Moirai,0.6528662443161011
Sample 9,Chronos,0.3471337556838989
Sample 10,Chronos,0.6187907457351685
Sample 10,Moirai,0.38120922446250916
Sample 11,Chronos,0.5420762896537781
Sample 11,Moirai,0.4579237401485443
Sample 12,Moirai,0.5310035347938538
Sample 12,Timer,0.46899643540382385
Sample 13,TimesFM,0.5363090634346008
Sample 13,Time-MoE,0.46369093656539917
Sample 14,TimesFM,0.621921956539154
Sample 14,Moirai,0.37807807326316833
Sample 15,Chronos,0.727249026298523
Sample 15,Time-MoE,0.27275094389915466
Sample 16,Moirai,0.6313486099243164
Sample 16,Timer,0.368651419878006
Sample 17,Time-MoE,0.5589808225631714
Sample 17,Moirai,0.4410191774368286
Sample 18,Chronos,0.5234136581420898
Sample 18,TimesFM,0.47658634185791016
Sample 19,Timer,0.6696569919586182
Sample 19,Time-MoE,0.33034297823905945
Sample 20,Time-MoE,0.593207836151123
Sample 20,Timer,0.4067921042442322
Sample 21,Time-MoE,0.6179763078689575
Sample 21,Timer,0.3820236623287201
Sample 22,Time-MoE,0.6733922958374023
Sample 22,TimesFM,0.32660767436027527
Sample 23,Moirai,0.644281268119812
Sample 23,Time-MoE,0.355718731880188
Sample 24,Chronos,0.5152292847633362
Sample 24,Timer,0.48477068543434143
Sample 25,Timer,0.5052594542503357
Sample 25,Moirai,0.4947405457496643
Sample 26,TimesFM,0.5180362462997437
Sample 26,Timer,0.48196372389793396
Sample 27,Timer,0.5030079483985901
Sample 27,Moirai,0.4969920217990875
Sample 28,Moirai,0.7073053121566772
Sample 28,Timer,0.29269468784332275
Sample 29,Chronos,0.6825741529464722
Sample 29,Moirai,0.31742584705352783
Sample 30,Timer,0.5237035751342773
Sample 30,Chronos,0.47629642486572266
Sample 31,TimesFM,0.5856170654296875
Sample 31,Chronos,0.4143829941749573
Sample 0,Chronos,0.6966104507446289
Sample 0,TimesFM,0.30338960886001587
Sample 1,TimesFM,0.8118812441825867
Sample 1,Timer,0.18811872601509094
Sample 2,TimesFM,0.6207510828971863
Sample 2,Time-MoE,0.37924888730049133
Sample 3,Chronos,0.6927013397216797
Sample 3,Moirai,0.3072986304759979
Sample 4,Time-MoE,0.5250161290168762
Sample 4,Chronos,0.47498390078544617
Sample 5,Timer,0.5681192278862
Sample 5,Time-MoE,0.43188077211380005
Sample 6,Moirai,0.7503150105476379
Sample 6,Time-MoE,0.24968501925468445
Sample 7,Time-MoE,0.7434067130088806
Sample 7,Timer,0.256593257188797
Sample 8,Moirai,0.5194772481918335
Sample 8,Time-MoE,0.4805227518081665
Sample 9,TimesFM,0.5373054146766663
Sample 9,Moirai,0.46269461512565613
Sample 10,Moirai,0.5665203928947449
Sample 10,Timer,0.43347957730293274
Sample 11,TimesFM,0.8490377068519592
Sample 11,Time-MoE,0.15096226334571838
Sample 12,Timer,0.5150761008262634
Sample 12,TimesFM,0.4849238693714142
Sample 13,TimesFM,0.6741030812263489
Sample 13,Moirai,0.3258969485759735
Sample 14,Moirai,0.5927280187606812
Sample 14,Time-MoE,0.4072720408439636
Sample 15,Chronos,0.5653080344200134
Sample 15,Time-MoE,0.4346919357776642
Sample 16,Time-MoE,0.5240743160247803
Sample 16,Moirai,0.47592565417289734
Sample 17,Timer,0.6491853594779968
Sample 17,Moirai,0.3508146107196808
Sample 18,Moirai,0.5809875130653381
Sample 18,Timer,0.41901251673698425
Sample 19,Moirai,0.5594004392623901
Sample 19,Time-MoE,0.44059959053993225
Sample 20,Chronos,0.5636780261993408
Sample 20,Time-MoE,0.4363219738006592
Sample 21,Chronos,0.5616946816444397
Sample 21,Moirai,0.4383052885532379
Sample 22,Time-MoE,0.6351513266563416
Sample 22,TimesFM,0.36484867334365845
Sample 23,TimesFM,0.624217689037323
Sample 23,Chronos,0.3757823407649994
Sample 24,Moirai,0.5233258008956909
Sample 24,Chronos,0.47667422890663147
Sample 25,Time-MoE,0.5536078214645386
Sample 25,Moirai,0.4463922083377838
Sample 26,TimesFM,0.5648553371429443
Sample 26,Moirai,0.43514469265937805
Sample 27,Time-MoE,0.5780693292617798
Sample 27,Chronos,0.4219307005405426
Sample 28,Chronos,0.5625125765800476
Sample 28,Timer,0.43748748302459717
Sample 29,Timer,0.5342749953269958
Sample 29,Time-MoE,0.46572503447532654
Sample 30,Chronos,0.6481490731239319
Sample 30,TimesFM,0.3518508970737457
Sample 31,Chronos,0.7390425801277161
Sample 31,Moirai,0.2609574496746063
Sample 0,Time-MoE,0.5371649861335754
Sample 0,Moirai,0.46283504366874695
Sample 1,Moirai,0.554140031337738
Sample 1,Timer,0.44585996866226196
Sample 2,Time-MoE,0.5727269649505615
Sample 2,Chronos,0.4272730350494385
Sample 3,Chronos,0.7503944039344788
Sample 3,Timer,0.24960555136203766
Sample 4,Chronos,0.5428119897842407
Sample 4,Timer,0.4571880102157593
Sample 5,Moirai,0.6073387265205383
Sample 5,Time-MoE,0.39266127347946167
Sample 6,Timer,0.506715714931488
Sample 6,Moirai,0.49328428506851196
Sample 7,Moirai,0.64881831407547
Sample 7,Chronos,0.35118168592453003
Sample 8,TimesFM,0.781292200088501
Sample 8,Time-MoE,0.21870778501033783
Sample 9,TimesFM,0.5242034792900085
Sample 9,Time-MoE,0.47579649090766907
Sample 10,Moirai,0.5098591446876526
Sample 10,Time-MoE,0.4901408553123474
Sample 11,TimesFM,0.589625895023346
Sample 11,Chronos,0.41037410497665405
Sample 12,Time-MoE,0.6026147603988647
Sample 12,Chronos,0.39738523960113525
Sample 13,Timer,0.6553741693496704
Sample 13,TimesFM,0.3446258306503296
Sample 14,Time-MoE,0.6660322546958923
Sample 14,Timer,0.33396780490875244
Sample 15,Timer,0.8372145295143127
Sample 15,Time-MoE,0.16278545558452606
Sample 16,Timer,0.5355485677719116
Sample 16,Chronos,0.464451402425766
Sample 17,Timer,0.6402080059051514
Sample 17,Chronos,0.3597920536994934
Sample 18,Timer,0.5324270725250244
Sample 18,Time-MoE,0.4675728976726532
Sample 19,Timer,0.5459492802619934
Sample 19,Moirai,0.454050749540329
Sample 20,Chronos,0.7186675071716309
Sample 20,Timer,0.28133246302604675
Sample 21,TimesFM,0.5004810690879822
Sample 21,Chronos,0.4995189607143402
Sample 22,Timer,0.5954007506370544
Sample 22,Chronos,0.40459921956062317
Sample 23,Timer,0.5115033388137817
Sample 23,Moirai,0.4884966015815735
Sample 24,TimesFM,0.695831298828125
Sample 24,Time-MoE,0.3041687309741974
Sample 25,TimesFM,0.5481755137443542
Sample 25,Moirai,0.4518245458602905
Sample 26,Time-MoE,0.7230240702629089
Sample 26,TimesFM,0.27697592973709106
Sample 27,TimesFM,0.5963667631149292
Sample 27,Timer,0.4036332964897156
Sample 28,Moirai,0.5956438779830933
Sample 28,Time-MoE,0.40435606241226196
Sample 29,Timer,0.549706757068634
Sample 29,Chronos,0.4502931833267212
Sample 30,Time-MoE,0.7348288893699646
Sample 30,Moirai,0.2651711404323578
Sample 31,Time-MoE,0.7141962647438049
Sample 31,Chronos,0.2858037054538727
Sample 0,Moirai,0.5054980516433716
Sample 0,Timer,0.49450191855430603
Sample 1,TimesFM,0.6022090911865234
Sample 1,Timer,0.3977908790111542
Sample 2,TimesFM,0.506245493888855
Sample 2,Moirai,0.493754506111145
Sample 3,Chronos,0.737143337726593
Sample 3,TimesFM,0.262856662273407
Sample 4,TimesFM,0.5213749408721924
Sample 4,Timer,0.47862508893013
Sample 5,Moirai,0.5309141278266907
Sample 5,Time-MoE,0.4690859019756317
Sample 6,TimesFM,0.5885404944419861
Sample 6,Timer,0.41145947575569153
Sample 7,Timer,0.6143741607666016
Sample 7,Time-MoE,0.38562580943107605
Sample 8,Moirai,0.7613362669944763
Sample 8,Chronos,0.2386637181043625
Sample 9,Moirai,0.6013302206993103
Sample 9,Chronos,0.3986697793006897
Sample 10,Chronos,0.6241215467453003
Sample 10,Timer,0.3758784234523773
Sample 11,Timer,0.5342305302619934
Sample 11,Time-MoE,0.4657694697380066
Sample 12,Moirai,0.5059636831283569
Sample 12,Time-MoE,0.4940362870693207
Sample 13,Chronos,0.5238326191902161
Sample 13,TimesFM,0.4761674404144287
Sample 14,TimesFM,0.5197498798370361
Sample 14,Timer,0.4802500903606415
Sample 15,Moirai,0.7051330208778381
Sample 15,TimesFM,0.2948669493198395
Sample 16,Moirai,0.6609859466552734
Sample 16,Timer,0.33901405334472656
Sample 17,Time-MoE,0.6496703028678894
Sample 17,Moirai,0.3503296971321106
Sample 18,Timer,0.6873233318328857
Sample 18,Moirai,0.31267663836479187
Sample 19,Time-MoE,0.5747525691986084
Sample 19,TimesFM,0.4252474308013916
Sample 20,Chronos,0.5732051134109497
Sample 20,Timer,0.4267949163913727
Sample 21,Chronos,0.5793545246124268
Sample 21,Time-MoE,0.42064547538757324
Sample 22,Time-MoE,0.6763659119606018
Sample 22,Moirai,0.3236341178417206
Sample 23,Timer,0.7187491655349731
Sample 23,Time-MoE,0.28125086426734924
Sample 24,Time-MoE,0.5615841150283813
Sample 24,Timer,0.43841585516929626
Sample 25,TimesFM,0.5934572219848633
Sample 25,Time-MoE,0.4065427780151367
Sample 26,TimesFM,0.5747984647750854
Sample 26,Chronos,0.42520150542259216
Sample 27,Moirai,0.5775623321533203
Sample 27,Chronos,0.4224376976490021
Sample 28,Chronos,0.6147511601448059
Sample 28,TimesFM,0.3852487802505493
Sample 29,Moirai,0.590990424156189
Sample 29,TimesFM,0.40900954604148865
Sample 30,TimesFM,0.5020927786827087
Sample 30,Timer,0.49790722131729126
Sample 31,Time-MoE,0.8041559457778931
Sample 31,Moirai,0.19584408402442932
Sample 0,TimesFM,0.5739403963088989
Sample 0,Chronos,0.42605963349342346
Sample 1,TimesFM,0.7051472663879395
Sample 1,Chronos,0.29485273361206055
Sample 2,Moirai,0.6173607110977173
Sample 2,TimesFM,0.3826392889022827
Sample 3,Time-MoE,0.5140547156333923
Sample 3,Moirai,0.4859452545642853
Sample 4,Timer,0.7801448106765747
Sample 4,Moirai,0.2198551893234253
Sample 5,Timer,0.6104530096054077
Sample 5,Chronos,0.3895470201969147
Sample 6,Timer,0.5956698060035706
Sample 6,Moirai,0.40433016419410706
Sample 7,Chronos,0.5474352836608887
Sample 7,TimesFM,0.45256468653678894
Sample 8,Chronos,0.5968039035797119
Sample 8,Moirai,0.4031961262226105
Sample 9,Timer,0.5664995908737183
Sample 9,Moirai,0.43350037932395935
Sample 10,Moirai,0.5508082509040833
Sample 10,Timer,0.44919174909591675
Sample 11,Timer,0.5061367750167847
Sample 11,Chronos,0.49386322498321533
Sample 12,TimesFM,0.5491611957550049
Sample 12,Timer,0.4508388042449951
Sample 13,Chronos,0.8877421021461487
Sample 13,Moirai,0.11225789785385132
Sample 14,TimesFM,0.5353614687919617
Sample 14,Moirai,0.46463847160339355
Sample 15,Moirai,0.5970982313156128
Sample 15,TimesFM,0.4029017388820648
Sample 16,Time-MoE,0.508015513420105
Sample 16,Chronos,0.4919845163822174
Sample 17,Moirai,0.5412015914916992
Sample 17,Time-MoE,0.45879846811294556
Sample 18,Chronos,0.6386542320251465
Sample 18,Time-MoE,0.3613457679748535
Sample 19,Chronos,0.5694006085395813
Sample 19,Time-MoE,0.4305994212627411
Sample 20,Timer,0.5697181820869446
Sample 20,Chronos,0.4302818179130554
Sample 21,Timer,0.5414093732833862
Sample 21,TimesFM,0.45859062671661377
Sample 22,Chronos,0.7024505138397217
Sample 22,Time-MoE,0.2975494861602783
Sample 23,Chronos,0.6342196464538574
Sample 23,TimesFM,0.3657803535461426
Sample 24,Chronos,0.5870968699455261
Sample 24,TimesFM,0.4129031002521515
Sample 25,TimesFM,0.6481233239173889
Sample 25,Chronos,0.3518766760826111
Sample 26,Moirai,0.6657319068908691
Sample 26,Chronos,0.33426806330680847
Sample 27,Chronos,0.5929328203201294
Sample 27,Moirai,0.407067209482193
Sample 28,Moirai,0.5760995745658875
Sample 28,Chronos,0.42390042543411255
Sample 29,Time-MoE,0.5061127543449402
Sample 29,Timer,0.4938872456550598
Sample 30,Timer,0.6375108957290649
Sample 30,TimesFM,0.36248907446861267
Sample 31,Timer,0.6802650690078735
Sample 31,TimesFM,0.3197349011898041
Sample 0,Moirai,0.5244068503379822
Sample 0,TimesFM,0.4755931496620178
Sample 1,Moirai,0.6577210426330566
Sample 1,TimesFM,0.34227901697158813
Sample 2,Moirai,0.5070524215698242
Sample 2,Chronos,0.49294763803482056
Sample 3,TimesFM,0.5468652248382568
Sample 3,Time-MoE,0.45313477516174316
Sample 4,Chronos,0.8904795050621033
Sample 4,TimesFM,0.10952050238847733
Sample 5,TimesFM,0.5875481367111206
Sample 5,Chronos,0.4124518632888794
Sample 6,TimesFM,0.8778491616249084
Sample 6,Chronos,0.12215087562799454
Sample 7,Time-MoE,0.563905656337738
Sample 7,TimesFM,0.43609434366226196
Sample 8,Time-MoE,0.534657895565033
Sample 8,Timer,0.46534213423728943
Sample 9,Time-MoE,0.5374585390090942
Sample 9,Moirai,0.46254149079322815
Sample 10,Moirai,0.5899377465248108
Sample 10,Chronos,0.4100622236728668
Sample 11,Chronos,0.5121946334838867
Sample 11,Moirai,0.4878053665161133
Sample 12,Time-MoE,0.7809265851974487
Sample 12,TimesFM,0.21907342970371246
Sample 13,TimesFM,0.5732298493385315
Sample 13,Chronos,0.4267701804637909
Sample 14,TimesFM,0.5100381970405579
Sample 14,Time-MoE,0.4899618327617645
Sample 15,TimesFM,0.6516145467758179
Sample 15,Timer,0.34838542342185974
Sample 0,TimesFM,0.6227433085441589
Sample 0,Chronos,0.37725669145584106
Sample 1,Moirai,0.5809060335159302
Sample 1,Time-MoE,0.4190939664840698
Sample 2,Moirai,0.5684822201728821
Sample 2,Timer,0.4315178096294403
Sample 3,Time-MoE,0.5719018578529358
Sample 3,Moirai,0.4280981719493866
Sample 4,Chronos,0.5349482297897339
Sample 4,Timer,0.4650518000125885
Sample 5,TimesFM,0.5003623962402344
Sample 5,Moirai,0.4996376037597656
Sample 6,TimesFM,0.5336284041404724
Sample 6,Time-MoE,0.4663715660572052
Sample 7,Moirai,0.6615616083145142
Sample 7,TimesFM,0.33843833208084106
Sample 8,Chronos,0.5539216995239258
Sample 8,Timer,0.44607827067375183
Sample 9,TimesFM,0.7918257117271423
Sample 9,Chronos,0.20817428827285767
Sample 10,Time-MoE,0.8947693705558777
Sample 10,Chronos,0.1052306517958641
Sample 11,Chronos,0.5457360148429871
Sample 11,Timer,0.45426398515701294
Sample 12,Timer,0.558621883392334
Sample 12,TimesFM,0.441378116607666
Sample 13,Chronos,0.5398036241531372
Sample 13,TimesFM,0.460196316242218
Sample 14,Time-MoE,0.6378062963485718
Sample 14,Chronos,0.3621937334537506
Sample 15,Chronos,0.7198649048805237
Sample 15,TimesFM,0.2801351249217987
Sample 16,Timer,0.5921708941459656
Sample 16,Moirai,0.40782904624938965
Sample 17,Moirai,0.5446728467941284
Sample 17,TimesFM,0.45532718300819397
Sample 18,Time-MoE,0.7963988184928894
Sample 18,TimesFM,0.2036011964082718
Sample 19,Chronos,0.5079858899116516
Sample 19,Moirai,0.4920141100883484
Sample 20,TimesFM,0.5752556324005127
Sample 20,Moirai,0.4247443377971649
Sample 21,Moirai,0.5104796886444092
Sample 21,TimesFM,0.48952028155326843
Sample 22,Chronos,0.5183736681938171
Sample 22,Moirai,0.48162636160850525
Sample 23,Timer,0.5565893650054932
Sample 23,Moirai,0.44341060519218445
Sample 24,Time-MoE,0.7077767252922058
Sample 24,Timer,0.2922232747077942
Sample 25,Timer,0.5021422505378723
Sample 25,Time-MoE,0.4978577494621277
Sample 26,Moirai,0.5983863472938538
Sample 26,Time-MoE,0.401613712310791
Sample 27,Time-MoE,0.6011306643486023
Sample 27,Timer,0.39886927604675293
Sample 28,Moirai,0.5375447869300842
Sample 28,Chronos,0.46245524287223816
Sample 29,Chronos,0.5293557643890381
Sample 29,Timer,0.4706442356109619
Sample 30,TimesFM,0.5528939962387085
Sample 30,Timer,0.4471060037612915
Sample 31,Timer,0.5172606706619263
Sample 31,Chronos,0.48273932933807373
Sample 0,Moirai,0.6548222899436951
Sample 0,Timer,0.34517771005630493
Sample 1,Moirai,0.5957677960395813
Sample 1,Timer,0.4042322635650635
Sample 2,Time-MoE,0.5731121897697449
Sample 2,Chronos,0.4268878102302551
Sample 3,Chronos,0.523059070110321
Sample 3,Timer,0.47694090008735657
Sample 4,Time-MoE,0.5579626560211182
Sample 4,Chronos,0.4420373737812042
Sample 5,Timer,0.5730649828910828
Sample 5,Moirai,0.4269350469112396
Sample 6,TimesFM,0.7058321237564087
Sample 6,Timer,0.2941678464412689
Sample 7,Timer,0.7174956798553467
Sample 7,Moirai,0.28250429034233093
Sample 8,Moirai,0.7338060736656189
Sample 8,TimesFM,0.2661939859390259
Sample 9,Chronos,0.6780335307121277
Sample 9,Timer,0.3219664990901947
Sample 10,Chronos,0.6695572137832642
Sample 10,Moirai,0.3304428160190582
Sample 11,Time-MoE,0.741832435131073
Sample 11,Moirai,0.258167564868927
Sample 12,Time-MoE,0.5342432260513306
Sample 12,Chronos,0.46575674414634705
Sample 13,Moirai,0.6091369986534119
Sample 13,Timer,0.39086300134658813
Sample 14,TimesFM,0.802220344543457
Sample 14,Timer,0.19777968525886536
Sample 15,Timer,0.6871996521949768
Sample 15,Moirai,0.3128002882003784
Sample 16,TimesFM,0.7981477379798889
Sample 16,Time-MoE,0.20185218751430511
Sample 17,Chronos,0.5415501594543457
Sample 17,Time-MoE,0.4584498405456543
Sample 18,TimesFM,0.7806912064552307
Sample 18,Moirai,0.2193087935447693
Sample 19,TimesFM,0.6551769375801086
Sample 19,Moirai,0.34482303261756897
Sample 20,Timer,0.6134471893310547
Sample 20,Time-MoE,0.3865527808666229
Sample 21,Timer,0.625227153301239
Sample 21,Chronos,0.3747727870941162
Sample 22,TimesFM,0.5187119841575623
Sample 22,Time-MoE,0.48128798604011536
Sample 23,TimesFM,0.6228814721107483
Sample 23,Moirai,0.3771185576915741
Sample 24,TimesFM,0.7938324809074402
Sample 24,Time-MoE,0.20616750419139862
Sample 25,TimesFM,0.521869957447052
Sample 25,Chronos,0.4781300127506256
Sample 26,TimesFM,0.630962610244751
Sample 26,Chronos,0.369037389755249
Sample 27,TimesFM,0.7531097531318665
Sample 27,Moirai,0.24689018726348877
Sample 28,Time-MoE,0.677133321762085
Sample 28,Moirai,0.3228667080402374
Sample 29,Moirai,0.5067541003227234
Sample 29,Chronos,0.4932458698749542
Sample 30,TimesFM,0.5051094889640808
Sample 30,Timer,0.4948905408382416
Sample 31,Chronos,0.6015884876251221
Sample 31,Time-MoE,0.39841151237487793
Sample 0,Timer,0.6431725025177002
Sample 0,Time-MoE,0.3568275272846222
Sample 1,TimesFM,0.5248695015907288
Sample 1,Time-MoE,0.47513049840927124
Sample 2,TimesFM,0.6038568615913391
Sample 2,Moirai,0.3961431086063385
Sample 3,Timer,0.6650030612945557
Sample 3,Time-MoE,0.3349969685077667
Sample 4,Moirai,0.6222374439239502
Sample 4,Timer,0.3777625858783722
Sample 5,Time-MoE,0.5614919662475586
Sample 5,Timer,0.438508003950119
Sample 6,TimesFM,0.5567821860313416
Sample 6,Moirai,0.44321781396865845
Sample 7,Time-MoE,0.5287781953811646
Sample 7,Moirai,0.47122177481651306
Sample 8,TimesFM,0.6360653638839722
Sample 8,Moirai,0.36393463611602783
Sample 9,Timer,0.57277911901474
Sample 9,Time-MoE,0.4272209107875824
Sample 10,Moirai,0.5293371677398682
Sample 10,Chronos,0.47066283226013184
Sample 11,Time-MoE,0.660668134689331
Sample 11,Moirai,0.33933189511299133
Sample 12,TimesFM,0.6756243705749512
Sample 12,Chronos,0.32437562942504883
Sample 13,Moirai,0.5987789630889893
Sample 13,Time-MoE,0.40122100710868835
Sample 14,Chronos,0.5246055722236633
Sample 14,Timer,0.47539442777633667
Sample 15,Timer,0.5604386925697327
Sample 15,Moirai,0.4395613372325897
Sample 16,Moirai,0.5663833618164062
Sample 16,Timer,0.43361660838127136
Sample 17,Moirai,0.751322865486145
Sample 17,Timer,0.24867713451385498
Sample 18,Moirai,0.6898590922355652
Sample 18,Chronos,0.3101409375667572
Sample 19,Timer,0.5124699473381042
Sample 19,Moirai,0.48753005266189575
Sample 20,Time-MoE,0.5840116739273071
Sample 20,Chronos,0.4159882962703705
Sample 21,Timer,0.6182810664176941
Sample 21,Moirai,0.3817189335823059
Sample 22,Moirai,0.5611587762832642
Sample 22,Time-MoE,0.43884119391441345
Sample 23,TimesFM,0.6113343834877014
Sample 23,Chronos,0.3886656165122986
Sample 24,Moirai,0.5164191126823425
Sample 24,Timer,0.48358091711997986
Sample 25,Chronos,0.637532114982605
Sample 25,Timer,0.362467885017395
Sample 26,TimesFM,0.8044861555099487
Sample 26,Timer,0.19551382958889008
Sample 27,Time-MoE,0.634660542011261
Sample 27,Chronos,0.365339457988739
Sample 28,Timer,0.6812171936035156
Sample 28,Chronos,0.318782776594162
Sample 29,Timer,0.6198466420173645
Sample 29,TimesFM,0.3801533877849579
Sample 30,Timer,0.5702387690544128
Sample 30,Time-MoE,0.42976120114326477
Sample 31,Moirai,0.5822439193725586
Sample 31,TimesFM,0.4177561402320862
Sample 0,Time-MoE,0.7705217003822327
Sample 0,TimesFM,0.22947826981544495
Sample 1,Moirai,0.6178540587425232
Sample 1,TimesFM,0.3821460008621216
Sample 2,TimesFM,0.5950804948806763
Sample 2,Moirai,0.40491950511932373
Sample 3,TimesFM,0.6452760696411133
Sample 3,Chronos,0.35472390055656433
Sample 4,Timer,0.6625543236732483
Sample 4,TimesFM,0.3374457359313965
Sample 5,TimesFM,0.5744737386703491
Sample 5,Moirai,0.4255262613296509
Sample 6,Timer,0.7237244248390198
Sample 6,Moirai,0.2762755751609802
Sample 7,Timer,0.5117641687393188
Sample 7,Time-MoE,0.48823586106300354
Sample 8,Timer,0.5749951601028442
Sample 8,Chronos,0.42500483989715576
Sample 9,Timer,0.5883961319923401
Sample 9,Chronos,0.4116039276123047
Sample 10,TimesFM,0.561538815498352
Sample 10,Timer,0.4384612441062927
Sample 11,Moirai,0.8014170527458191
Sample 11,Timer,0.19858293235301971
Sample 12,TimesFM,0.7013269662857056
Sample 12,Chronos,0.2986730933189392
Sample 13,Chronos,0.6898982524871826
Sample 13,Moirai,0.3101017475128174
Sample 14,Moirai,0.7385044097900391
Sample 14,Timer,0.2614956200122833
Sample 15,Chronos,0.531480610370636
Sample 15,Moirai,0.4685193598270416
Sample 16,Moirai,0.5423286557197571
Sample 16,Chronos,0.4576713442802429
Sample 17,Timer,0.8703650832176208
Sample 17,TimesFM,0.12963493168354034
Sample 18,Chronos,0.5444955825805664
Sample 18,Timer,0.4555044174194336
Sample 19,Time-MoE,0.6219184398651123
Sample 19,Moirai,0.3780815601348877
Sample 20,TimesFM,0.5927483439445496
Sample 20,Moirai,0.40725162625312805
Sample 21,Moirai,0.5206168293952942
Sample 21,Chronos,0.4793831706047058
Sample 22,TimesFM,0.6556048393249512
Sample 22,Chronos,0.34439516067504883
Sample 23,Time-MoE,0.5842423439025879
Sample 23,TimesFM,0.4157576560974121
Sample 24,Time-MoE,0.5241388082504272
Sample 24,TimesFM,0.47586122155189514
Sample 25,Timer,0.5160791873931885
Sample 25,Chronos,0.48392078280448914
Sample 26,Chronos,0.579464316368103
Sample 26,TimesFM,0.4205356538295746
Sample 27,Moirai,0.7645736336708069
Sample 27,Chronos,0.2354264110326767
Sample 28,Moirai,0.6523618698120117
Sample 28,Chronos,0.3476380705833435
Sample 29,TimesFM,0.6077878475189209
Sample 29,Timer,0.3922121524810791
Sample 30,Moirai,0.5646796226501465
Sample 30,Timer,0.4353204071521759
Sample 31,Timer,0.6034667491912842
Sample 31,Moirai,0.3965332508087158
Sample 0,Timer,0.5268126726150513
Sample 0,Chronos,0.47318729758262634
Sample 1,TimesFM,0.5032778382301331
Sample 1,Chronos,0.49672216176986694
Sample 2,Time-MoE,0.8185983896255493
Sample 2,Moirai,0.18140165507793427
Sample 3,TimesFM,0.5908920764923096
Sample 3,Chronos,0.4091079533100128
Sample 4,Chronos,0.604354739189148
Sample 4,Timer,0.3956453204154968
Sample 5,Moirai,0.6190524101257324
Sample 5,Timer,0.38094764947891235
Sample 6,Chronos,0.6562889814376831
Sample 6,TimesFM,0.34371107816696167
Sample 7,Time-MoE,0.8728876113891602
Sample 7,Chronos,0.12711238861083984
Sample 8,Moirai,0.7268263697624207
Sample 8,Timer,0.27317363023757935
Sample 9,Timer,0.5594836473464966
Sample 9,Time-MoE,0.4405163526535034
Sample 10,Moirai,0.665590226650238
Sample 10,Chronos,0.3344097435474396
Sample 11,TimesFM,0.522499144077301
Sample 11,Timer,0.477500855922699
Sample 12,TimesFM,0.6086630821228027
Sample 12,Moirai,0.39133691787719727
Sample 13,Timer,0.6830153465270996
Sample 13,Time-MoE,0.316984623670578
Sample 14,TimesFM,0.6502612233161926
Sample 14,Chronos,0.3497387170791626
Sample 15,Timer,0.5740736126899719
Sample 15,Moirai,0.4259263575077057
Sample 16,TimesFM,0.6977715492248535
Sample 16,Chronos,0.3022284507751465
Sample 17,TimesFM,0.5040478110313416
Sample 17,Timer,0.49595218896865845
Sample 18,TimesFM,0.5215904712677002
Sample 18,Time-MoE,0.4784094989299774
Sample 19,TimesFM,0.5958383679389954
Sample 19,Chronos,0.40416160225868225
Sample 20,Chronos,0.502845048904419
Sample 20,Moirai,0.49715492129325867
Sample 21,Time-MoE,0.5089221596717834
Sample 21,Timer,0.49107781052589417
Sample 22,Chronos,0.5560680031776428
Sample 22,TimesFM,0.44393205642700195
Sample 23,Timer,0.6700057983398438
Sample 23,Moirai,0.3299941420555115
Sample 24,Chronos,0.5440742373466492
Sample 24,Timer,0.4559257924556732
Sample 25,Timer,0.5946717262268066
Sample 25,Moirai,0.40532824397087097
Sample 26,Time-MoE,0.5563822388648987
Sample 26,Chronos,0.4436178207397461
Sample 27,Timer,0.536647379398346
Sample 27,Chronos,0.46335265040397644
Sample 28,Moirai,0.5360690951347351
Sample 28,Chronos,0.4639308452606201
Sample 29,Moirai,0.5229344367980957
Sample 29,Chronos,0.4770655930042267
Sample 30,Moirai,0.5359991192817688
Sample 30,Chronos,0.4640008509159088
Sample 31,Time-MoE,0.6543447971343994
Sample 31,TimesFM,0.3456552028656006
Sample 0,Moirai,0.6885350346565247
Sample 0,TimesFM,0.31146499514579773
Sample 1,Timer,0.6789594292640686
Sample 1,Chronos,0.3210406005382538
Sample 2,Time-MoE,0.5752162337303162
Sample 2,TimesFM,0.4247837960720062
Sample 3,Chronos,0.5421693325042725
Sample 3,Time-MoE,0.45783060789108276
Sample 4,Moirai,0.5986941456794739
Sample 4,Chronos,0.4013058841228485
Sample 5,TimesFM,0.5163992047309875
Sample 5,Chronos,0.48360076546669006
Sample 6,Timer,0.5779628157615662
Sample 6,Chronos,0.42203718423843384
Sample 7,Time-MoE,0.5888003706932068
Sample 7,Moirai,0.4111995995044708
Sample 8,Time-MoE,0.8146551847457886
Sample 8,Chronos,0.1853448450565338
Sample 9,Time-MoE,0.6487070322036743
Sample 9,Chronos,0.3512929677963257
Sample 10,Timer,0.5060101747512817
Sample 10,Chronos,0.49398985505104065
Sample 11,Chronos,0.5687408447265625
Sample 11,TimesFM,0.4312591850757599
Sample 12,TimesFM,0.6998727321624756
Sample 12,Chronos,0.3001272678375244
Sample 13,Timer,0.5007134675979614
Sample 13,TimesFM,0.4992865324020386
Sample 14,Moirai,0.8145289421081543
Sample 14,TimesFM,0.1854710727930069
Sample 15,TimesFM,0.5769134759902954
Sample 15,Time-MoE,0.4230864942073822
Sample 16,Timer,0.6343109607696533
Sample 16,TimesFM,0.36568906903266907
Sample 17,Chronos,0.5231868028640747
Sample 17,Moirai,0.4768131971359253
Sample 18,Chronos,0.5473774671554565
Sample 18,Moirai,0.45262253284454346
Sample 19,TimesFM,0.8476271033287048
Sample 19,Moirai,0.1523728370666504
Sample 20,Moirai,0.6357752680778503
Sample 20,Chronos,0.36422470211982727
Sample 21,TimesFM,0.6631351709365845
Sample 21,Timer,0.3368648886680603
Sample 22,Time-MoE,0.6282216310501099
Sample 22,TimesFM,0.3717784285545349
Sample 23,Timer,0.7582886219024658
Sample 23,Chronos,0.24171140789985657
Sample 24,Timer,0.5809088349342346
Sample 24,Moirai,0.419091135263443
Sample 25,Moirai,0.5838083028793335
Sample 25,TimesFM,0.4161916971206665
Sample 26,Time-MoE,0.8239459991455078
Sample 26,Moirai,0.17605404555797577
Sample 27,TimesFM,0.6631051898002625
Sample 27,Timer,0.33689478039741516
Sample 28,TimesFM,0.5912961363792419
Sample 28,Timer,0.40870386362075806
Sample 29,Moirai,0.6589216589927673
Sample 29,Time-MoE,0.34107837080955505
Sample 30,Moirai,0.756790816783905
Sample 30,Timer,0.2432091385126114
Sample 31,Moirai,0.511207640171051
Sample 31,Timer,0.4887923300266266
Sample 0,Moirai,0.6359286308288574
Sample 0,Timer,0.36407142877578735
Sample 1,Chronos,0.6911443471908569
Sample 1,Moirai,0.30885568261146545
Sample 2,Time-MoE,0.7206215262413025
Sample 2,TimesFM,0.2793784439563751
Sample 3,Moirai,0.5129547715187073
Sample 3,TimesFM,0.4870452582836151
Sample 4,Timer,0.511127233505249
Sample 4,Moirai,0.48887279629707336
Sample 5,Chronos,0.6173180937767029
Sample 5,Time-MoE,0.38268187642097473
Sample 6,TimesFM,0.5548631548881531
Sample 6,Moirai,0.4451368451118469
Sample 7,Chronos,0.5401056408882141
Sample 7,Moirai,0.4598943591117859
Sample 8,TimesFM,0.5022555589675903
Sample 8,Moirai,0.4977444112300873
Sample 9,TimesFM,0.541146457195282
Sample 9,Time-MoE,0.458853542804718
Sample 10,TimesFM,0.5199500322341919
Sample 10,Timer,0.4800499677658081
Sample 11,Moirai,0.5311883687973022
Sample 11,Chronos,0.46881163120269775
Sample 12,Moirai,0.542725145816803
Sample 12,Time-MoE,0.4572748839855194
Sample 13,Moirai,0.5534491539001465
Sample 13,Chronos,0.4465508759021759
Sample 14,Moirai,0.5256833434104919
Sample 14,Chronos,0.47431662678718567
Sample 15,Time-MoE,0.6018095016479492
Sample 15,Moirai,0.3981904685497284
Sample 0,TimesFM,0.5503078699111938
Sample 0,Moirai,0.44969210028648376
Sample 1,Moirai,0.6784869432449341
Sample 1,Chronos,0.3215130567550659
Sample 2,TimesFM,0.5952550768852234
Sample 2,Timer,0.4047448933124542
Sample 3,Timer,0.5072745680809021
Sample 3,Time-MoE,0.4927254319190979
Sample 4,Time-MoE,0.7612928748130798
Sample 4,TimesFM,0.23870708048343658
Sample 5,Timer,0.6182591319084167
Sample 5,Chronos,0.38174086809158325
Sample 6,Moirai,0.6667657494544983
Sample 6,Chronos,0.3332342505455017
Sample 7,Time-MoE,0.5089890956878662
Sample 7,TimesFM,0.491010844707489
Sample 8,Time-MoE,0.6915143728256226
Sample 8,Timer,0.30848565697669983
Sample 9,Moirai,0.551007091999054
Sample 9,Chronos,0.44899290800094604
Sample 10,TimesFM,0.6874908804893494
Sample 10,Timer,0.3125091791152954
Sample 11,Time-MoE,0.588483989238739
Sample 11,Timer,0.411516010761261
Sample 12,Moirai,0.7287688255310059
Sample 12,Time-MoE,0.27123117446899414
Sample 13,Time-MoE,0.526793360710144
Sample 13,Timer,0.47320663928985596
Sample 14,TimesFM,0.5813300013542175
Sample 14,Chronos,0.4186699688434601
Sample 15,TimesFM,0.5699285268783569
Sample 15,Time-MoE,0.43007150292396545
Sample 16,TimesFM,0.5430259704589844
Sample 16,Moirai,0.45697399973869324
Sample 17,TimesFM,0.5222978591918945
Sample 17,Moirai,0.4777021110057831
Sample 18,Timer,0.528246283531189
Sample 18,Time-MoE,0.47175368666648865
Sample 19,Timer,0.5855147242546082
Sample 19,Moirai,0.41448527574539185
Sample 20,Timer,0.5228564143180847
Sample 20,Time-MoE,0.4771435558795929
Sample 21,Timer,0.6025696396827698
Sample 21,Chronos,0.397430419921875
Sample 22,TimesFM,0.5767106413841248
Sample 22,Timer,0.42328935861587524
Sample 23,Time-MoE,0.6296052932739258
Sample 23,TimesFM,0.3703947067260742
Sample 24,Timer,0.5882974863052368
Sample 24,TimesFM,0.41170254349708557
Sample 25,Timer,0.5546852350234985
Sample 25,TimesFM,0.44531479477882385
Sample 26,Time-MoE,0.6410678625106812
Sample 26,TimesFM,0.35893213748931885
Sample 27,Moirai,0.6592699289321899
Sample 27,Time-MoE,0.34073007106781006
Sample 28,Timer,0.6535149216651917
Sample 28,Time-MoE,0.34648510813713074
Sample 29,TimesFM,0.5177314877510071
Sample 29,Chronos,0.48226848244667053
Sample 30,Time-MoE,0.5482882857322693
Sample 30,TimesFM,0.4517117440700531
Sample 31,Time-MoE,0.7428619861602783
Sample 31,TimesFM,0.2571380138397217
Sample 0,Time-MoE,0.6702352166175842
Sample 0,Moirai,0.329764723777771
Sample 1,Time-MoE,0.5684422254562378
Sample 1,Moirai,0.43155771493911743
Sample 2,Moirai,0.7004784941673279
Sample 2,Time-MoE,0.2995215654373169
Sample 3,TimesFM,0.6121416687965393
Sample 3,Chronos,0.38785839080810547
Sample 4,Timer,0.582304060459137
Sample 4,Time-MoE,0.4176959693431854
Sample 5,Timer,0.5614255666732788
Sample 5,Moirai,0.4385744333267212
Sample 6,Moirai,0.6395906209945679
Sample 6,TimesFM,0.3604094088077545
Sample 7,Timer,0.5378054976463318
Sample 7,Chronos,0.4621945321559906
Sample 8,TimesFM,0.5287936329841614
Sample 8,Chronos,0.4712063670158386
Sample 9,Time-MoE,0.5713273286819458
Sample 9,TimesFM,0.4286726713180542
Sample 10,Time-MoE,0.5490533709526062
Sample 10,Chronos,0.4509466290473938
Sample 11,Time-MoE,0.612108588218689
Sample 11,Chronos,0.38789141178131104
Sample 12,Timer,0.6384165287017822
Sample 12,Chronos,0.3615834712982178
Sample 13,Moirai,0.6913877129554749
Sample 13,Time-MoE,0.30861228704452515
Sample 14,Time-MoE,0.6376289129257202
Sample 14,Chronos,0.3623711168766022
Sample 15,Time-MoE,0.5666570067405701
Sample 15,Moirai,0.4333430230617523
Sample 16,Moirai,0.5459614396095276
Sample 16,Time-MoE,0.4540385901927948
Sample 17,Moirai,0.5519749522209167
Sample 17,Chronos,0.44802507758140564
Sample 18,Timer,0.6186087727546692
Sample 18,Moirai,0.3813911974430084
Sample 19,Timer,0.5729573965072632
Sample 19,Moirai,0.4270426034927368
Sample 20,Time-MoE,0.5433362722396851
Sample 20,TimesFM,0.45666375756263733
Sample 21,Chronos,0.5734663009643555
Sample 21,TimesFM,0.4265337288379669
Sample 22,Timer,0.5530139207839966
Sample 22,Chronos,0.4469860792160034
Sample 23,Time-MoE,0.5348804593086243
Sample 23,TimesFM,0.4651196002960205
Sample 24,Timer,0.530345618724823
Sample 24,Time-MoE,0.4696544110774994
Sample 25,Moirai,0.7287999391555786
Sample 25,TimesFM,0.271200031042099
Sample 26,Moirai,0.5302318930625916
Sample 26,Timer,0.46976810693740845
Sample 27,Timer,0.5106719732284546
Sample 27,Chronos,0.4893280267715454
Sample 28,Time-MoE,0.5842940211296082
Sample 28,TimesFM,0.41570597887039185
Sample 29,Timer,0.5155209302902222
Sample 29,Chronos,0.48447903990745544
Sample 30,Chronos,0.568324625492096
Sample 30,Timer,0.43167537450790405
Sample 31,Chronos,0.6291772127151489
Sample 31,Timer,0.37082284688949585
Sample 0,Moirai,0.5214821696281433
Sample 0,Time-MoE,0.4785178601741791
Sample 1,TimesFM,0.5766677260398865
Sample 1,Time-MoE,0.42333221435546875
Sample 2,Moirai,0.5610897541046143
Sample 2,Time-MoE,0.43891024589538574
Sample 3,TimesFM,0.781644344329834
Sample 3,Timer,0.2183556705713272
Sample 4,Moirai,0.561484694480896
Sample 4,Chronos,0.4385152757167816
Sample 5,Time-MoE,0.5017063617706299
Sample 5,TimesFM,0.49829357862472534
Sample 6,Moirai,0.6926628947257996
Sample 6,TimesFM,0.3073371350765228
Sample 7,Moirai,0.555820107460022
Sample 7,TimesFM,0.4441799521446228
Sample 8,Chronos,0.6312063932418823
Sample 8,TimesFM,0.36879363656044006
Sample 9,Moirai,0.5877869725227356
Sample 9,Timer,0.412212997674942
Sample 10,TimesFM,0.7007145285606384
Sample 10,Time-MoE,0.29928550124168396
Sample 11,TimesFM,0.5278334021568298
Sample 11,Timer,0.4721665680408478
Sample 12,Chronos,0.6343478560447693
Sample 12,Time-MoE,0.3656521141529083
Sample 13,Timer,0.5314403176307678
Sample 13,Time-MoE,0.46855971217155457
Sample 14,TimesFM,0.7097145915031433
Sample 14,Chronos,0.2902853488922119
Sample 15,Timer,0.5465917587280273
Sample 15,TimesFM,0.45340824127197266
Sample 16,Moirai,0.6075239181518555
Sample 16,Timer,0.39247608184814453
Sample 17,Moirai,0.7270313501358032
Sample 17,Chronos,0.2729686200618744
Sample 18,TimesFM,0.8161303400993347
Sample 18,Time-MoE,0.1838696449995041
Sample 19,Time-MoE,0.7501831650733948
Sample 19,TimesFM,0.24981684982776642
Sample 20,Moirai,0.6347783803939819
Sample 20,TimesFM,0.36522164940834045
Sample 21,Moirai,0.5865981578826904
Sample 21,TimesFM,0.41340190172195435
Sample 22,Timer,0.5227492451667786
Sample 22,Moirai,0.4772508144378662
Sample 23,Moirai,0.5471086502075195
Sample 23,Chronos,0.45289137959480286
Sample 24,Timer,0.6386250853538513
Sample 24,Time-MoE,0.3613749146461487
Sample 25,Moirai,0.6091542840003967
Sample 25,TimesFM,0.3908456861972809
Sample 26,Time-MoE,0.526203453540802
Sample 26,Timer,0.4737965166568756
Sample 27,Moirai,0.5048227906227112
Sample 27,TimesFM,0.4951772391796112
Sample 28,Time-MoE,0.7318272590637207
Sample 28,Chronos,0.2681727111339569
Sample 29,TimesFM,0.6781525611877441
Sample 29,Timer,0.32184743881225586
Sample 30,Time-MoE,0.5608988404273987
Sample 30,Chronos,0.4391011893749237
Sample 31,Moirai,0.6225684285163879
Sample 31,Chronos,0.3774315416812897
Sample 0,Moirai,0.5923961400985718
Sample 0,Chronos,0.40760380029678345
Sample 1,Chronos,0.5125148296356201
Sample 1,Moirai,0.4874851703643799
Sample 2,TimesFM,0.6234918236732483
Sample 2,Time-MoE,0.3765081763267517
Sample 3,TimesFM,0.6951119303703308
Sample 3,Time-MoE,0.3048880994319916
Sample 4,Chronos,0.6292760968208313
Sample 4,Timer,0.3707238733768463
Sample 5,Moirai,0.5434730052947998
Sample 5,Timer,0.4565269649028778
Sample 6,TimesFM,0.5423431992530823
Sample 6,Moirai,0.45765677094459534
Sample 7,Time-MoE,0.6142067909240723
Sample 7,Timer,0.3857932388782501
Sample 8,TimesFM,0.6426993012428284
Sample 8,Moirai,0.357300728559494
Sample 9,Time-MoE,0.5514571666717529
Sample 9,Chronos,0.4485427737236023
Sample 10,Chronos,0.5594433546066284
Sample 10,Timer,0.44055667519569397
Sample 11,Time-MoE,0.5500723123550415
Sample 11,TimesFM,0.4499276578426361
Sample 12,Timer,0.5549922585487366
Sample 12,Moirai,0.4450077712535858
Sample 13,Time-MoE,0.675367534160614
Sample 13,Timer,0.3246324062347412
Sample 14,TimesFM,0.5820496678352356
Sample 14,Moirai,0.4179503321647644
Sample 15,Timer,0.6143423914909363
Sample 15,Chronos,0.3856576681137085
Sample 16,Time-MoE,0.6411528587341309
Sample 16,Moirai,0.35884711146354675
Sample 17,Time-MoE,0.6654295325279236
Sample 17,Moirai,0.33457043766975403
Sample 18,TimesFM,0.5339358448982239
Sample 18,Chronos,0.4660641551017761
Sample 19,TimesFM,0.5260546803474426
Sample 19,Time-MoE,0.47394534945487976
Sample 20,Timer,0.6443591117858887
Sample 20,Time-MoE,0.35564085841178894
Sample 21,TimesFM,0.5263270139694214
Sample 21,Timer,0.4736729860305786
Sample 22,TimesFM,0.5290092825889587
Sample 22,Timer,0.47099074721336365
Sample 23,Time-MoE,0.5305141806602478
Sample 23,Timer,0.4694858193397522
Sample 24,Moirai,0.6802942156791687
Sample 24,Timer,0.3197058141231537
Sample 25,Timer,0.5043753981590271
Sample 25,Chronos,0.4956245720386505
Sample 26,Chronos,0.6605273485183716
Sample 26,Time-MoE,0.3394726514816284
Sample 27,Timer,0.5764691233634949
Sample 27,TimesFM,0.42353084683418274
Sample 28,Timer,0.5401280522346497
Sample 28,Time-MoE,0.45987197756767273
Sample 29,Chronos,0.5736296772956848
Sample 29,Moirai,0.4263703525066376
Sample 30,TimesFM,0.7287489771842957
Sample 30,Timer,0.27125105261802673
Sample 31,Time-MoE,0.5785430669784546
Sample 31,TimesFM,0.4214569330215454
Sample 0,Moirai,0.5496856570243835
Sample 0,TimesFM,0.4503142833709717
Sample 1,Timer,0.5659518837928772
Sample 1,Time-MoE,0.4340481460094452
Sample 2,TimesFM,0.5231574773788452
Sample 2,Chronos,0.47684258222579956
Sample 3,TimesFM,0.6503757834434509
Sample 3,Chronos,0.3496241867542267
Sample 4,Chronos,0.6176977157592773
Sample 4,Timer,0.38230231404304504
Sample 5,TimesFM,0.6197123527526855
Sample 5,Time-MoE,0.38028764724731445
Sample 6,Time-MoE,0.555189847946167
Sample 6,TimesFM,0.44481009244918823
Sample 7,TimesFM,0.5645358562469482
Sample 7,Chronos,0.435464084148407
Sample 8,Moirai,0.5084556341171265
Sample 8,Timer,0.49154433608055115
Sample 9,TimesFM,0.7586293816566467
Sample 9,Moirai,0.24137067794799805
Sample 10,Moirai,0.6242893934249878
Sample 10,Time-MoE,0.3757106363773346
Sample 11,Chronos,0.5589481592178345
Sample 11,TimesFM,0.44105181097984314
Sample 12,Chronos,0.6296941637992859
Sample 12,Moirai,0.3703058063983917
Sample 13,Timer,0.5457983016967773
Sample 13,Chronos,0.45420166850090027
Sample 14,Time-MoE,0.8070927262306213
Sample 14,Timer,0.19290722906589508
Sample 15,Chronos,0.6416295170783997
Sample 15,TimesFM,0.35837042331695557
Sample 16,TimesFM,0.7012245059013367
Sample 16,Chronos,0.29877549409866333
Sample 17,TimesFM,0.5171648859977722
Sample 17,Time-MoE,0.48283514380455017
Sample 18,TimesFM,0.6312572956085205
Sample 18,Timer,0.3687427341938019
Sample 19,Timer,0.5624548196792603
Sample 19,Time-MoE,0.43754518032073975
Sample 20,TimesFM,0.5594724416732788
Sample 20,Timer,0.4405274987220764
Sample 21,TimesFM,0.6849045157432556
Sample 21,Timer,0.3150954246520996
Sample 22,Time-MoE,0.7124853134155273
Sample 22,Timer,0.28751474618911743
Sample 23,Time-MoE,0.6622117757797241
Sample 23,Timer,0.3377882242202759
Sample 24,Time-MoE,0.7519662380218506
Sample 24,Chronos,0.248033806681633
Sample 25,TimesFM,0.5513213276863098
Sample 25,Moirai,0.4486786723136902
Sample 26,Timer,0.8297072052955627
Sample 26,Chronos,0.17029280960559845
Sample 27,Moirai,0.5802803039550781
Sample 27,Timer,0.4197196960449219
Sample 28,Moirai,0.8809778690338135
Sample 28,TimesFM,0.11902216821908951
Sample 29,Timer,0.6250320672988892
Sample 29,Moirai,0.37496787309646606
Sample 30,Timer,0.602989137172699
Sample 30,Moirai,0.39701083302497864
Sample 31,Chronos,0.6080271005630493
Sample 31,Time-MoE,0.3919728696346283
Sample 0,Moirai,0.5190872550010681
Sample 0,Chronos,0.4809127748012543
Sample 1,Time-MoE,0.5426455736160278
Sample 1,Chronos,0.45735445618629456
Sample 2,Timer,0.509665310382843
Sample 2,Moirai,0.4903346598148346
Sample 3,Time-MoE,0.6213688254356384
Sample 3,Moirai,0.37863120436668396
Sample 4,Chronos,0.7366696000099182
Sample 4,Moirai,0.2633303999900818
Sample 5,TimesFM,0.5051995515823364
Sample 5,Timer,0.4948004186153412
Sample 6,Moirai,0.5351038575172424
Sample 6,TimesFM,0.46489614248275757
Sample 7,Timer,0.6855660080909729
Sample 7,Time-MoE,0.3144340217113495
Sample 8,Timer,0.535114049911499
Sample 8,Moirai,0.46488600969314575
Sample 9,Chronos,0.5042471289634705
Sample 9,Time-MoE,0.49575290083885193
Sample 10,Time-MoE,0.5067313313484192
Sample 10,Chronos,0.4932686388492584
Sample 11,Chronos,0.6478466391563416
Sample 11,Time-MoE,0.35215336084365845
Sample 12,Timer,0.7194626331329346
Sample 12,Time-MoE,0.28053730726242065
Sample 13,Timer,0.5988749265670776
Sample 13,Moirai,0.40112507343292236
Sample 14,TimesFM,0.7260864973068237
Sample 14,Timer,0.2739134728908539
Sample 15,Timer,0.7750730514526367
Sample 15,Time-MoE,0.2249268889427185
Sample 16,TimesFM,0.5520052313804626
Sample 16,Time-MoE,0.44799473881721497
Sample 17,Time-MoE,0.5530043840408325
Sample 17,Moirai,0.4469956159591675
Sample 18,Time-MoE,0.5570828914642334
Sample 18,Timer,0.4429171085357666
Sample 19,Timer,0.5322371125221252
Sample 19,TimesFM,0.46776285767555237
Sample 20,Timer,0.5955035090446472
Sample 20,Chronos,0.404496431350708
Sample 21,Time-MoE,0.564513623714447
Sample 21,Timer,0.435486376285553
Sample 22,Moirai,0.6959977746009827
Sample 22,TimesFM,0.3040022552013397
Sample 23,TimesFM,0.5339586734771729
Sample 23,Time-MoE,0.4660413861274719
Sample 24,Time-MoE,0.5026269555091858
Sample 24,Moirai,0.49737298488616943
Sample 25,Moirai,0.5545111894607544
Sample 25,Timer,0.4454888105392456
Sample 26,Time-MoE,0.7449215650558472
Sample 26,Moirai,0.25507840514183044
Sample 27,Chronos,0.5815393328666687
Sample 27,Timer,0.4184606671333313
Sample 28,TimesFM,0.5102120041847229
Sample 28,Moirai,0.4897880256175995
Sample 29,Moirai,0.6402404308319092
Sample 29,Timer,0.3597595691680908
Sample 30,Time-MoE,0.6753811836242676
Sample 30,Moirai,0.3246188163757324
Sample 31,Chronos,0.559403657913208
Sample 31,Moirai,0.4405963122844696
Sample 0,Timer,0.5167034268379211
Sample 0,TimesFM,0.48329654335975647
Sample 1,TimesFM,0.578493595123291
Sample 1,Chronos,0.4215063750743866
Sample 2,TimesFM,0.5538583397865295
Sample 2,Chronos,0.44614169001579285
Sample 3,TimesFM,0.6583017706871033
Sample 3,Chronos,0.34169819951057434
Sample 4,Moirai,0.5324205756187439
Sample 4,Chronos,0.4675793945789337
Sample 5,Time-MoE,0.5154229998588562
Sample 5,Chronos,0.4845770597457886
Sample 6,TimesFM,0.9676069021224976
Sample 6,Moirai,0.03239310905337334
Sample 7,Time-MoE,0.5466232895851135
Sample 7,Chronos,0.4533767104148865
Sample 8,TimesFM,0.6883150339126587
Sample 8,Time-MoE,0.3116849958896637
Sample 9,TimesFM,0.7720558643341064
Sample 9,Moirai,0.22794412076473236
Sample 10,Chronos,0.512715756893158
Sample 10,Time-MoE,0.48728421330451965
Sample 11,Moirai,0.5301545858383179
Sample 11,Chronos,0.46984541416168213
Sample 12,Moirai,0.6890208125114441
Sample 12,TimesFM,0.3109791874885559
Sample 13,Time-MoE,0.6407838463783264
Sample 13,Moirai,0.35921618342399597
Sample 14,Chronos,0.5041680335998535
Sample 14,Time-MoE,0.49583199620246887
Sample 15,Time-MoE,0.7509230375289917
Sample 15,TimesFM,0.24907690286636353
Sample 0,Timer,0.7218331098556519
Sample 0,Chronos,0.27816689014434814
Sample 1,Chronos,0.6257731318473816
Sample 1,Timer,0.37422680854797363
Sample 2,Moirai,0.5731472373008728
Sample 2,Timer,0.4268527328968048
Sample 3,Timer,0.5350037813186646
Sample 3,Time-MoE,0.46499624848365784
Sample 4,Moirai,0.5707784295082092
Sample 4,TimesFM,0.42922163009643555
Sample 5,TimesFM,0.8571051359176636
Sample 5,Timer,0.14289484918117523
Sample 6,Chronos,0.5441449284553528
Sample 6,Moirai,0.4558550715446472
Sample 7,TimesFM,0.6182110905647278
Sample 7,Moirai,0.3817889392375946
Sample 8,Chronos,0.5267764329910278
Sample 8,Timer,0.47322359681129456
Sample 9,Chronos,0.5339319705963135
Sample 9,TimesFM,0.4660680890083313
Sample 10,Moirai,0.8335550427436829
Sample 10,TimesFM,0.16644494235515594
Sample 11,Chronos,0.6254176497459412
Sample 11,Time-MoE,0.37458235025405884
Sample 12,Time-MoE,0.6819866895675659
Sample 12,Chronos,0.31801334023475647
Sample 13,Moirai,0.5449613332748413
Sample 13,Timer,0.4550386667251587
Sample 14,Chronos,0.5407483577728271
Sample 14,Timer,0.45925161242485046
Sample 15,Time-MoE,0.5642654299736023
Sample 15,Timer,0.4357345402240753
Sample 16,Time-MoE,0.5344248414039612
Sample 16,TimesFM,0.46557512879371643
Sample 17,TimesFM,0.6262675523757935
Sample 17,Timer,0.37373241782188416
Sample 18,TimesFM,0.5911176800727844
Sample 18,Time-MoE,0.40888234972953796
Sample 19,Chronos,0.5061537027359009
Sample 19,Timer,0.49384626746177673
Sample 20,Time-MoE,0.5203871130943298
Sample 20,Chronos,0.47961291670799255
Sample 21,Moirai,0.5694620013237
Sample 21,TimesFM,0.43053799867630005
Sample 22,Time-MoE,0.6213237643241882
Sample 22,TimesFM,0.3786762058734894
Sample 23,Chronos,0.5474407076835632
Sample 23,Time-MoE,0.45255932211875916
Sample 24,Time-MoE,0.5337432622909546
Sample 24,Timer,0.4662567675113678
Sample 25,Chronos,0.639119029045105
Sample 25,TimesFM,0.360880970954895
Sample 26,Timer,0.607877254486084
Sample 26,Time-MoE,0.392122745513916
Sample 27,Time-MoE,0.5518506765365601
Sample 27,Chronos,0.44814932346343994
Sample 28,TimesFM,0.6536344289779663
Sample 28,Timer,0.3463655412197113
Sample 29,Moirai,0.6072174906730652
Sample 29,Chronos,0.3927825093269348
Sample 30,Time-MoE,0.571316123008728
Sample 30,Chronos,0.428683876991272
Sample 31,Moirai,0.5534874200820923
Sample 31,Chronos,0.4465125501155853
Sample 0,Chronos,0.6923487186431885
Sample 0,Moirai,0.3076512813568115
Sample 1,TimesFM,0.6750792264938354
Sample 1,Chronos,0.32492074370384216
Sample 2,Time-MoE,0.6614351868629456
Sample 2,Moirai,0.33856481313705444
Sample 3,Moirai,0.5100595355033875
Sample 3,TimesFM,0.48994049429893494
Sample 4,Moirai,0.5097962617874146
Sample 4,Time-MoE,0.49020376801490784
Sample 5,Moirai,0.714296281337738
Sample 5,Timer,0.2857036888599396
Sample 6,Time-MoE,0.599489688873291
Sample 6,Moirai,0.4005102515220642
Sample 7,TimesFM,0.5114363431930542
Sample 7,Moirai,0.488563597202301
Sample 8,Moirai,0.5326153635978699
Sample 8,TimesFM,0.4673846662044525
Sample 9,TimesFM,0.6875344514846802
Sample 9,Moirai,0.3124655485153198
Sample 10,Moirai,0.7325347661972046
Sample 10,TimesFM,0.2674652636051178
Sample 11,Time-MoE,0.7196019291877747
Sample 11,TimesFM,0.28039807081222534
Sample 12,Moirai,0.6472240686416626
Sample 12,Time-MoE,0.3527759611606598
Sample 13,TimesFM,0.7684858441352844
Sample 13,Chronos,0.23151414096355438
Sample 14,Time-MoE,0.5414055585861206
Sample 14,TimesFM,0.458594411611557
Sample 15,Chronos,0.6513434648513794
Sample 15,Moirai,0.348656564950943
Sample 16,Timer,0.7227142453193665
Sample 16,TimesFM,0.27728575468063354
Sample 17,Timer,0.630473256111145
Sample 17,Chronos,0.36952677369117737
Sample 18,Chronos,0.5665441751480103
Sample 18,Moirai,0.43345576524734497
Sample 19,Chronos,0.5560487508773804
Sample 19,Timer,0.44395121932029724
Sample 20,Timer,0.5423088669776917
Sample 20,Time-MoE,0.45769116282463074
Sample 21,Timer,0.5332505702972412
Sample 21,Moirai,0.4667494595050812
Sample 22,Moirai,0.7648454904556274
Sample 22,TimesFM,0.23515452444553375
Sample 23,Moirai,0.7110353112220764
Sample 23,Chronos,0.28896471858024597
Sample 24,Time-MoE,0.5708473324775696
Sample 24,TimesFM,0.4291526675224304
Sample 25,Moirai,0.6735213994979858
Sample 25,Time-MoE,0.3264785706996918
Sample 26,Moirai,0.6511862277984619
Sample 26,TimesFM,0.3488137722015381
Sample 27,Chronos,0.6058598160743713
Sample 27,TimesFM,0.3941401243209839
Sample 28,Moirai,0.578326404094696
Sample 28,Time-MoE,0.42167362570762634
Sample 29,TimesFM,0.7686193585395813
Sample 29,Timer,0.2313806265592575
Sample 30,Moirai,0.5735954642295837
Sample 30,Chronos,0.42640450596809387
Sample 31,Chronos,0.5586695671081543
Sample 31,Timer,0.4413304626941681
Sample 0,TimesFM,0.5524267554283142
Sample 0,Time-MoE,0.4475732147693634
Sample 1,Chronos,0.5684958696365356
Sample 1,TimesFM,0.43150413036346436
Sample 2,TimesFM,0.5264979004859924
Sample 2,Time-MoE,0.47350212931632996
Sample 3,Moirai,0.7350015044212341
Sample 3,Timer,0.26499852538108826
Sample 4,Moirai,0.717072606086731
Sample 4,Time-MoE,0.28292739391326904
Sample 5,Timer,0.5482247471809387
Sample 5,Chronos,0.45177531242370605
Sample 6,Timer,0.6417834758758545
Sample 6,TimesFM,0.3582164943218231
Sample 7,TimesFM,0.6066338419914246
Sample 7,Timer,0.39336615800857544
Sample 8,Chronos,0.5870075821876526
Sample 8,TimesFM,0.412992388010025
Sample 9,Time-MoE,0.6666476130485535
Sample 9,Moirai,0.33335235714912415
Sample 10,Time-MoE,0.528832197189331
Sample 10,Chronos,0.47116783261299133
Sample 11,TimesFM,0.5518958568572998
Sample 11,Time-MoE,0.4481041431427002
Sample 12,Moirai,0.6195927858352661
Sample 12,Chronos,0.3804072141647339
Sample 13,Time-MoE,0.6351016759872437
Sample 13,Moirai,0.36489832401275635
Sample 14,Moirai,0.683332085609436
Sample 14,Timer,0.31666794419288635
Sample 15,Timer,0.5165594816207886
Sample 15,Chronos,0.48344048857688904
Sample 16,Timer,0.5604283213615417
Sample 16,Chronos,0.43957167863845825
Sample 17,Time-MoE,0.5603581070899963
Sample 17,Moirai,0.43964192271232605
Sample 18,Moirai,0.7382511496543884
Sample 18,Time-MoE,0.2617488503456116
Sample 19,Moirai,0.5608437061309814
Sample 19,Time-MoE,0.4391562342643738
Sample 20,Timer,0.5435234904289246
Sample 20,TimesFM,0.45647650957107544
Sample 21,Chronos,0.6103577613830566
Sample 21,Timer,0.38964220881462097
Sample 22,Time-MoE,0.7539511919021606
Sample 22,TimesFM,0.24604877829551697
Sample 23,Timer,0.5581080913543701
Sample 23,Chronos,0.4418918788433075
Sample 24,Time-MoE,0.5175385475158691
Sample 24,Chronos,0.48246148228645325
Sample 25,Time-MoE,0.5276284217834473
Sample 25,Timer,0.47237157821655273
Sample 26,Moirai,0.7770622968673706
Sample 26,Timer,0.2229377031326294
Sample 27,Chronos,0.6124045848846436
Sample 27,Moirai,0.38759535551071167
Sample 28,Time-MoE,0.6289507746696472
Sample 28,Moirai,0.3710491955280304
Sample 29,Moirai,0.5308282971382141
Sample 29,TimesFM,0.4691717028617859
Sample 30,Moirai,0.6187885403633118
Sample 30,Timer,0.38121145963668823
Sample 31,Chronos,0.6648134589195251
Sample 31,Timer,0.33518651127815247
Sample 0,TimesFM,0.5090804696083069
Sample 0,Timer,0.4909195005893707
Sample 1,Moirai,0.7845149636268616
Sample 1,Timer,0.21548500657081604
Sample 2,TimesFM,0.6593712568283081
Sample 2,Moirai,0.3406287133693695
Sample 3,Time-MoE,0.5071637630462646
Sample 3,TimesFM,0.49283623695373535
Sample 4,Timer,0.5329506993293762
Sample 4,TimesFM,0.46704933047294617
Sample 5,TimesFM,0.8299471735954285
Sample 5,Moirai,0.17005278170108795
Sample 6,Time-MoE,0.5460817813873291
Sample 6,TimesFM,0.4539182484149933
Sample 7,TimesFM,0.5868756175041199
Sample 7,Chronos,0.4131243824958801
Sample 8,Chronos,0.5997775793075562
Sample 8,TimesFM,0.40022245049476624
Sample 9,TimesFM,0.7124509215354919
Sample 9,Chronos,0.28754904866218567
Sample 10,Time-MoE,0.5379969477653503
Sample 10,Timer,0.46200305223464966
Sample 11,Timer,0.500697910785675
Sample 11,Moirai,0.49930208921432495
Sample 12,TimesFM,0.5460822582244873
Sample 12,Timer,0.4539176821708679
Sample 13,Timer,0.6320461630821228
Sample 13,Moirai,0.3679538369178772
Sample 14,Chronos,0.5211109519004822
Sample 14,Time-MoE,0.4788890480995178
Sample 15,Time-MoE,0.5458284616470337
Sample 15,Chronos,0.4541715383529663
Sample 16,TimesFM,0.7003671526908875
Sample 16,Moirai,0.29963287711143494
Sample 17,Moirai,0.5576799511909485
Sample 17,Timer,0.4423200488090515
Sample 18,Timer,0.5704554319381714
Sample 18,Moirai,0.42954450845718384
Sample 19,Time-MoE,0.5801723599433899
Sample 19,Moirai,0.4198276698589325
Sample 20,Moirai,0.7236465215682983
Sample 20,Timer,0.27635347843170166
Sample 21,TimesFM,0.58429354429245
Sample 21,Timer,0.41570648550987244
Sample 22,Time-MoE,0.6821960806846619
Sample 22,Moirai,0.31780388951301575
Sample 23,Moirai,0.7706553936004639
Sample 23,Time-MoE,0.22934459149837494
Sample 24,Chronos,0.6864872574806213
Sample 24,Time-MoE,0.31351274251937866
Sample 25,Timer,0.6412825584411621
Sample 25,Moirai,0.35871750116348267
Sample 26,Chronos,0.7140898108482361
Sample 26,Timer,0.28591015934944153
Sample 27,Timer,0.5464418530464172
Sample 27,Chronos,0.45355814695358276
Sample 28,Time-MoE,0.5643780827522278
Sample 28,Chronos,0.4356219470500946
Sample 29,TimesFM,0.5558122992515564
Sample 29,Time-MoE,0.4441876709461212
Sample 30,TimesFM,0.5598983764648438
Sample 30,Chronos,0.44010159373283386
Sample 31,TimesFM,0.500863254070282
Sample 31,Time-MoE,0.499136745929718
Sample 0,Moirai,0.5230850577354431
Sample 0,TimesFM,0.4769149720668793
Sample 1,Timer,0.5976943373680115
Sample 1,TimesFM,0.4023056924343109
Sample 2,Timer,0.7025705575942993
Sample 2,Chronos,0.29742947220802307
Sample 3,Time-MoE,0.6697842478752136
Sample 3,Chronos,0.33021581172943115
Sample 4,Moirai,0.512427806854248
Sample 4,TimesFM,0.48757219314575195
Sample 5,TimesFM,0.5861920118331909
Sample 5,Chronos,0.41380804777145386
Sample 6,Moirai,0.657690167427063
Sample 6,Chronos,0.3423098623752594
Sample 7,TimesFM,0.5050122141838074
Sample 7,Moirai,0.4949877858161926
Sample 8,TimesFM,0.5103169083595276
Sample 8,Chronos,0.48968303203582764
Sample 9,Chronos,0.6080177426338196
Sample 9,TimesFM,0.3919822573661804
Sample 10,Moirai,0.537039041519165
Sample 10,Time-MoE,0.46296098828315735
Sample 11,Chronos,0.6855775117874146
Sample 11,Moirai,0.31442248821258545
Sample 12,Time-MoE,0.5097824335098267
Sample 12,Timer,0.49021756649017334
Sample 13,TimesFM,0.5920653343200684
Sample 13,Timer,0.40793469548225403
Sample 14,Time-MoE,0.6583384871482849
Sample 14,Timer,0.34166157245635986
Sample 15,Time-MoE,0.7137023210525513
Sample 15,Chronos,0.28629764914512634
Sample 16,Moirai,0.7781716585159302
Sample 16,Timer,0.22182834148406982
Sample 17,Moirai,0.5947986841201782
Sample 17,Chronos,0.40520134568214417
Sample 18,Timer,0.5194304585456848
Sample 18,Chronos,0.4805695116519928
Sample 19,TimesFM,0.670684814453125
Sample 19,Chronos,0.3293151259422302
Sample 20,Time-MoE,0.650821328163147
Sample 20,Chronos,0.3491787016391754
Sample 21,Time-MoE,0.5808915495872498
Sample 21,Moirai,0.41910845041275024
Sample 22,Chronos,0.5898581147193909
Sample 22,Moirai,0.4101419448852539
Sample 23,Timer,0.5583686828613281
Sample 23,Time-MoE,0.44163134694099426
Sample 24,Time-MoE,0.5909808278083801
Sample 24,TimesFM,0.4090191423892975
Sample 25,Chronos,0.5600116848945618
Sample 25,Moirai,0.43998825550079346
Sample 26,Timer,0.8484960794448853
Sample 26,Moirai,0.15150395035743713
Sample 27,Chronos,0.6414517164230347
Sample 27,Moirai,0.3585483133792877
Sample 28,Chronos,0.6979295611381531
Sample 28,Moirai,0.3020704686641693
Sample 29,Time-MoE,0.5799072980880737
Sample 29,TimesFM,0.42009270191192627
Sample 30,Chronos,0.5803932547569275
Sample 30,Timer,0.4196067750453949
Sample 31,Chronos,0.5291948914527893
Sample 31,Moirai,0.4708050787448883
Sample 0,Time-MoE,0.611862301826477
Sample 0,Chronos,0.3881376385688782
Sample 1,Timer,0.5352239012718201
Sample 1,Chronos,0.46477606892585754
Sample 2,Chronos,0.6243119835853577
Sample 2,Time-MoE,0.3756880462169647
Sample 3,Time-MoE,0.6950821876525879
Sample 3,Chronos,0.3049177825450897
Sample 4,TimesFM,0.6009984016418457
Sample 4,Chronos,0.3990015685558319
Sample 5,Time-MoE,0.5017151832580566
Sample 5,TimesFM,0.49828481674194336
Sample 6,Moirai,0.5571786761283875
Sample 6,Chronos,0.44282129406929016
Sample 7,Timer,0.57594233751297
Sample 7,Chronos,0.42405763268470764
Sample 8,TimesFM,0.8654666543006897
Sample 8,Moirai,0.13453339040279388
Sample 9,TimesFM,0.6194624304771423
Sample 9,Time-MoE,0.3805375099182129
Sample 10,Timer,0.5623084306716919
Sample 10,Chronos,0.4376916289329529
Sample 11,Timer,0.6020939946174622
Sample 11,Chronos,0.39790600538253784
Sample 12,Chronos,0.5354381799697876
Sample 12,TimesFM,0.4645618200302124
Sample 13,Time-MoE,0.6842588186264038
Sample 13,Timer,0.3157411515712738
Sample 14,Time-MoE,0.6132403612136841
Sample 14,Timer,0.3867596983909607
Sample 15,Timer,0.6308718323707581
Sample 15,Chronos,0.3691282272338867
Sample 16,Time-MoE,0.6678293347358704
Sample 16,TimesFM,0.332170695066452
Sample 17,TimesFM,0.7944943904876709
Sample 17,Chronos,0.2055056244134903
Sample 18,Time-MoE,0.5102118849754333
Sample 18,Timer,0.48978814482688904
Sample 19,TimesFM,0.6069312691688538
Sample 19,Timer,0.39306876063346863
Sample 20,Chronos,0.512739360332489
Sample 20,Moirai,0.4872606098651886
Sample 21,Moirai,0.5863004326820374
Sample 21,Chronos,0.41369959712028503
Sample 22,Moirai,0.5273638367652893
Sample 22,Chronos,0.4726361632347107
Sample 23,Moirai,0.5436278581619263
Sample 23,TimesFM,0.45637214183807373
Sample 24,TimesFM,0.5199568271636963
Sample 24,Moirai,0.4800431430339813
Sample 25,Timer,0.5195223689079285
Sample 25,Chronos,0.48047763109207153
Sample 26,Chronos,0.517393946647644
Sample 26,Timer,0.48260605335235596
Sample 27,Chronos,0.5964961051940918
Sample 27,Timer,0.4035038650035858
Sample 28,Chronos,0.6038604974746704
Sample 28,Time-MoE,0.396139532327652
Sample 29,TimesFM,0.5802707076072693
Sample 29,Time-MoE,0.4197292923927307
Sample 30,Moirai,0.5369041562080383
Sample 30,Timer,0.4630957841873169
Sample 31,Timer,0.6897724866867065
Sample 31,Time-MoE,0.31022754311561584
Sample 0,TimesFM,0.6300590634346008
Sample 0,Chronos,0.3699409067630768
Sample 1,TimesFM,0.544804036617279
Sample 1,Timer,0.45519593358039856
Sample 2,Time-MoE,0.753976583480835
Sample 2,Moirai,0.24602334201335907
Sample 3,Moirai,0.5755424499511719
Sample 3,Chronos,0.4244576096534729
Sample 4,Chronos,0.5097852349281311
Sample 4,Moirai,0.4902147650718689
Sample 5,Timer,0.6040955185890198
Sample 5,Chronos,0.3959044814109802
Sample 6,Chronos,0.5331363081932068
Sample 6,Moirai,0.4668636918067932
Sample 7,TimesFM,0.5498077273368835
Sample 7,Chronos,0.45019230246543884
Sample 8,TimesFM,0.7344760298728943
Sample 8,Time-MoE,0.2655239701271057
Sample 9,TimesFM,0.5250387191772461
Sample 9,Time-MoE,0.4749612808227539
Sample 10,Timer,0.5564520359039307
Sample 10,Moirai,0.4435479938983917
Sample 11,Moirai,0.5245462656021118
Sample 11,TimesFM,0.4754537343978882
Sample 12,TimesFM,0.5323957204818726
Sample 12,Moirai,0.46760430932044983
Sample 13,Moirai,0.6226305365562439
Sample 13,Chronos,0.3773694634437561
Sample 14,Chronos,0.5291480422019958
Sample 14,Moirai,0.4708520174026489
Sample 15,Time-MoE,0.5537382960319519
Sample 15,Chronos,0.4462616741657257
Sample 0,Moirai,0.6881763339042664
Sample 0,Chronos,0.31182363629341125
Sample 1,Time-MoE,0.6428669691085815
Sample 1,Chronos,0.3571329712867737
Sample 2,Time-MoE,0.6892898678779602
Sample 2,TimesFM,0.31071019172668457
Sample 3,Moirai,0.5423988103866577
Sample 3,Chronos,0.4576011300086975
Sample 4,Moirai,0.501435399055481
Sample 4,Time-MoE,0.49856457114219666
Sample 5,Moirai,0.5346413850784302
Sample 5,Time-MoE,0.4653586149215698
Sample 6,TimesFM,0.7254718542098999
Sample 6,Moirai,0.2745281755924225
Sample 7,Time-MoE,0.5924763083457947
Sample 7,Chronos,0.4075236916542053
Sample 8,Timer,0.5881874561309814
Sample 8,Time-MoE,0.41181251406669617
Sample 9,Time-MoE,0.5029956102371216
Sample 9,Moirai,0.4970043897628784
Sample 10,Timer,0.6038294434547424
Sample 10,Moirai,0.39617055654525757
Sample 11,Timer,0.5595626831054688
Sample 11,Time-MoE,0.44043728709220886
Sample 12,TimesFM,0.5585864782333374
Sample 12,Time-MoE,0.4414134919643402
Sample 13,Moirai,0.560611367225647
Sample 13,Timer,0.4393886625766754
Sample 14,TimesFM,0.6316807270050049
Sample 14,Chronos,0.3683193027973175
Sample 15,Chronos,0.7225568890571594
Sample 15,TimesFM,0.27744314074516296
Sample 16,TimesFM,0.5304875373840332
Sample 16,Time-MoE,0.4695124626159668
Sample 17,Chronos,0.5124031901359558
Sample 17,Moirai,0.4875967800617218
Sample 18,Timer,0.6263137459754944
Sample 18,Chronos,0.3736863136291504
Sample 19,TimesFM,0.5733118653297424
Sample 19,Timer,0.42668813467025757
Sample 20,Moirai,0.7891432046890259
Sample 20,Timer,0.2108568251132965
Sample 21,TimesFM,0.5803190469741821
Sample 21,Chronos,0.4196809232234955
Sample 22,TimesFM,0.5235573053359985
Sample 22,Chronos,0.47644272446632385
Sample 23,TimesFM,0.5151392817497253
Sample 23,Chronos,0.48486074805259705
Sample 24,Time-MoE,0.5435121655464172
Sample 24,Chronos,0.45648786425590515
Sample 25,TimesFM,0.8576910495758057
Sample 25,Moirai,0.14230898022651672
Sample 26,Time-MoE,0.5127781629562378
Sample 26,Moirai,0.48722177743911743
Sample 27,TimesFM,0.5992221236228943
Sample 27,Chronos,0.4007778763771057
Sample 28,Time-MoE,0.8275077939033508
Sample 28,Moirai,0.17249219119548798
Sample 29,Moirai,0.5306670665740967
Sample 29,Timer,0.4693329632282257
Sample 30,Time-MoE,0.5553023219108582
Sample 30,Timer,0.44469770789146423
Sample 31,Timer,0.6417754888534546
Sample 31,Time-MoE,0.3582245409488678
Sample 0,Time-MoE,0.5180999636650085
Sample 0,TimesFM,0.48190003633499146
Sample 1,Chronos,0.5808538198471069
Sample 1,Time-MoE,0.41914618015289307
Sample 2,TimesFM,0.5242454409599304
Sample 2,Moirai,0.4757545590400696
Sample 3,Timer,0.5665087699890137
Sample 3,Time-MoE,0.43349123001098633
Sample 4,Chronos,0.6885326504707336
Sample 4,TimesFM,0.31146737933158875
Sample 5,TimesFM,0.6169407963752747
Sample 5,Chronos,0.3830592632293701
Sample 6,Chronos,0.5309502482414246
Sample 6,Timer,0.46904972195625305
Sample 7,Timer,0.7826099395751953
Sample 7,Moirai,0.21739012002944946
Sample 8,TimesFM,0.656243085861206
Sample 8,Timer,0.34375691413879395
Sample 9,Timer,0.5363343954086304
Sample 9,TimesFM,0.46366557478904724
Sample 10,Chronos,0.6324812769889832
Sample 10,Timer,0.36751869320869446
Sample 11,Time-MoE,0.7227740287780762
Sample 11,TimesFM,0.27722597122192383
Sample 12,TimesFM,0.6052852869033813
Sample 12,Chronos,0.39471474289894104
Sample 13,Time-MoE,0.5579395294189453
Sample 13,TimesFM,0.4420604705810547
Sample 14,TimesFM,0.6097502708435059
Sample 14,Chronos,0.39024975895881653
Sample 15,Moirai,0.6156758666038513
Sample 15,Timer,0.3843241333961487
Sample 16,Time-MoE,0.5244526863098145
Sample 16,Moirai,0.47554728388786316
Sample 17,TimesFM,0.5018289089202881
Sample 17,Chronos,0.4981710612773895
Sample 18,Time-MoE,0.5122566819190979
Sample 18,Chronos,0.4877433180809021
Sample 19,Moirai,0.5268076658248901
Sample 19,Timer,0.47319233417510986
Sample 20,TimesFM,0.7271847128868103
Sample 20,Time-MoE,0.2728153169155121
Sample 21,Moirai,0.5858576893806458
Sample 21,Chronos,0.41414231061935425
Sample 22,Time-MoE,0.6761034727096558
Sample 22,Chronos,0.32389649748802185
Sample 23,Timer,0.7624883651733398
Sample 23,Time-MoE,0.23751166462898254
Sample 24,TimesFM,0.6798456907272339
Sample 24,Chronos,0.3201543092727661
Sample 25,Moirai,0.5792181491851807
Sample 25,Time-MoE,0.4207818806171417
Sample 26,TimesFM,0.5926694869995117
Sample 26,Time-MoE,0.4073304831981659
Sample 27,TimesFM,0.5022231340408325
Sample 27,Chronos,0.49777689576148987
Sample 28,Moirai,0.673354983329773
Sample 28,Chronos,0.32664501667022705
Sample 29,TimesFM,0.7367687821388245
Sample 29,Moirai,0.26323115825653076
Sample 30,Timer,0.5062631964683533
Sample 30,TimesFM,0.4937368333339691
Sample 31,Timer,0.5598351359367371
Sample 31,Time-MoE,0.4401648938655853
Sample 0,Moirai,0.5041940808296204
Sample 0,TimesFM,0.49580588936805725
Sample 1,TimesFM,0.5561233758926392
Sample 1,Moirai,0.4438766539096832
Sample 2,TimesFM,0.5295394659042358
Sample 2,Chronos,0.47046056389808655
Sample 3,Moirai,0.6132445335388184
Sample 3,Timer,0.38675546646118164
Sample 4,Moirai,0.812475323677063
Sample 4,Time-MoE,0.18752461671829224
Sample 5,Moirai,0.5705738067626953
Sample 5,TimesFM,0.4294261634349823
Sample 6,TimesFM,0.6243788003921509
Sample 6,Moirai,0.37562114000320435
Sample 7,Chronos,0.5199146866798401
Sample 7,TimesFM,0.4800852835178375
Sample 8,TimesFM,0.5508714914321899
Sample 8,Timer,0.44912847876548767
Sample 9,Moirai,0.5372573733329773
Sample 9,Time-MoE,0.4627425968647003
Sample 10,Timer,0.5747610926628113
Sample 10,TimesFM,0.42523887753486633
Sample 11,Time-MoE,0.7331081032752991
Sample 11,Chronos,0.26689186692237854
Sample 12,Chronos,0.5715252161026001
Sample 12,TimesFM,0.4284748435020447
Sample 13,TimesFM,0.792371392250061
Sample 13,Moirai,0.20762862265110016
Sample 14,Time-MoE,0.5252523422241211
Sample 14,Chronos,0.47474759817123413
Sample 15,TimesFM,0.5191420316696167
Sample 15,Timer,0.4808579683303833
Sample 16,TimesFM,0.6472322344779968
Sample 16,Timer,0.3527677655220032
Sample 17,Moirai,0.5044421553611755
Sample 17,TimesFM,0.4955578148365021
Sample 18,Chronos,0.6720001697540283
Sample 18,TimesFM,0.3279998302459717
Sample 19,TimesFM,0.7317835688591003
Sample 19,Timer,0.26821640133857727
Sample 20,Timer,0.6848922371864319
Sample 20,Moirai,0.3151077628135681
Sample 21,TimesFM,0.6017144918441772
Sample 21,Moirai,0.39828553795814514
Sample 22,Chronos,0.512788712978363
Sample 22,Timer,0.4872112572193146
Sample 23,Timer,0.500866174697876
Sample 23,Moirai,0.4991338551044464
Sample 24,Time-MoE,0.5302673578262329
Sample 24,Moirai,0.4697326719760895
Sample 25,TimesFM,0.541049599647522
Sample 25,Time-MoE,0.4589504599571228
Sample 26,Chronos,0.6691774725914001
Sample 26,Time-MoE,0.33082255721092224
Sample 27,Moirai,0.5338648557662964
Sample 27,Chronos,0.4661351144313812
Sample 28,TimesFM,0.6894787549972534
Sample 28,Time-MoE,0.31052130460739136
Sample 29,Chronos,0.6556798219680786
Sample 29,TimesFM,0.3443202078342438
Sample 30,Moirai,0.7086210250854492
Sample 30,Chronos,0.29137900471687317
Sample 31,Timer,0.5316523909568787
Sample 31,Moirai,0.4683476388454437
Sample 0,Time-MoE,0.7612951993942261
Sample 0,Moirai,0.2387048304080963
Sample 1,Moirai,0.6116338968276978
Sample 1,Chronos,0.38836604356765747
Sample 2,Moirai,0.5103548169136047
Sample 2,Time-MoE,0.4896451532840729
Sample 3,TimesFM,0.5989025831222534
Sample 3,Moirai,0.4010973870754242
Sample 4,TimesFM,0.581229031085968
Sample 4,Time-MoE,0.41877099871635437
Sample 5,Moirai,0.5171999931335449
Sample 5,TimesFM,0.4828000068664551
Sample 6,Chronos,0.5360308885574341
Sample 6,TimesFM,0.4639691412448883
Sample 7,Time-MoE,0.628299355506897
Sample 7,TimesFM,0.371700644493103
Sample 8,Chronos,0.7180341482162476
Sample 8,Time-MoE,0.28196582198143005
Sample 9,TimesFM,0.6461104154586792
Sample 9,Moirai,0.353889524936676
Sample 10,Timer,0.5928698778152466
Sample 10,TimesFM,0.4071301221847534
Sample 11,Chronos,0.5122455358505249
Sample 11,Time-MoE,0.4877544641494751
Sample 12,Moirai,0.5043306946754456
Sample 12,TimesFM,0.49566933512687683
Sample 13,Time-MoE,0.5597037076950073
Sample 13,Moirai,0.4402962923049927
Sample 14,Timer,0.600029706954956
Sample 14,Chronos,0.39997029304504395
Sample 15,Time-MoE,0.7744951248168945
Sample 15,Moirai,0.22550490498542786
Sample 16,Timer,0.5765042901039124
Sample 16,Chronos,0.42349570989608765
Sample 17,TimesFM,0.7758072018623352
Sample 17,Moirai,0.2241927981376648
Sample 18,TimesFM,0.5135061740875244
Sample 18,Chronos,0.4864937961101532
Sample 19,Chronos,0.5310003757476807
Sample 19,Timer,0.46899962425231934
Sample 20,Chronos,0.9050281047821045
Sample 20,TimesFM,0.09497189521789551
Sample 21,Timer,0.5091938972473145
Sample 21,Moirai,0.49080613255500793
Sample 22,Time-MoE,0.5196473598480225
Sample 22,Moirai,0.48035261034965515
Sample 23,Timer,0.5264929533004761
Sample 23,Time-MoE,0.47350701689720154
Sample 24,Moirai,0.6392098665237427
Sample 24,Time-MoE,0.3607901334762573
Sample 25,Chronos,0.5044392943382263
Sample 25,Time-MoE,0.4955606758594513
Sample 26,Moirai,0.6101018786430359
Sample 26,Chronos,0.3898981213569641
Sample 27,Time-MoE,0.5137731432914734
Sample 27,TimesFM,0.4862268567085266
Sample 28,Timer,0.7643948197364807
Sample 28,Chronos,0.2356051206588745
Sample 29,Timer,0.5018879771232605
Sample 29,Time-MoE,0.4981120526790619
Sample 30,Time-MoE,0.5403721332550049
Sample 30,Moirai,0.4596278667449951
Sample 31,Moirai,0.6041485071182251
Sample 31,TimesFM,0.3958514630794525
Sample 0,TimesFM,0.626586377620697
Sample 0,Chronos,0.3734135925769806
Sample 1,Time-MoE,0.6390209197998047
Sample 1,Moirai,0.3609791100025177
Sample 2,Moirai,0.6516247391700745
Sample 2,Chronos,0.34837523102760315
Sample 3,Time-MoE,0.5356042385101318
Sample 3,Chronos,0.46439576148986816
Sample 4,Timer,0.5561364889144897
Sample 4,TimesFM,0.44386351108551025
Sample 5,Chronos,0.5786059498786926
Sample 5,Moirai,0.42139407992362976
Sample 6,TimesFM,0.558696985244751
Sample 6,Moirai,0.441303014755249
Sample 7,Chronos,0.5050567388534546
Sample 7,Moirai,0.49494320154190063
Sample 8,TimesFM,0.5288053750991821
Sample 8,Timer,0.4711945950984955
Sample 9,Chronos,0.6191851496696472
Sample 9,Time-MoE,0.38081488013267517
Sample 10,Timer,0.5717787146568298
Sample 10,Chronos,0.42822131514549255
Sample 11,Timer,0.506462037563324
Sample 11,Moirai,0.49353793263435364
Sample 12,Timer,0.5804829597473145
Sample 12,TimesFM,0.41951707005500793
Sample 13,Time-MoE,0.5839243531227112
Sample 13,Timer,0.4160756468772888
Sample 14,TimesFM,0.5792874097824097
Sample 14,Time-MoE,0.42071253061294556
Sample 15,Moirai,0.6154263019561768
Sample 15,TimesFM,0.38457372784614563
Sample 16,Chronos,0.5509169697761536
Sample 16,Timer,0.4490830600261688
Sample 17,Moirai,0.5874757766723633
Sample 17,Chronos,0.41252419352531433
Sample 18,Timer,0.6459879279136658
Sample 18,TimesFM,0.3540121018886566
Sample 19,Timer,0.5707374811172485
Sample 19,Chronos,0.4292624890804291
Sample 20,Time-MoE,0.6243969798088074
Sample 20,Moirai,0.3756030201911926
Sample 21,Time-MoE,0.6033735275268555
Sample 21,Chronos,0.39662644267082214
Sample 22,TimesFM,0.7156879901885986
Sample 22,Timer,0.28431200981140137
Sample 23,Timer,0.6290451884269714
Sample 23,TimesFM,0.37095487117767334
Sample 24,TimesFM,0.7348459959030151
Sample 24,Chronos,0.26515403389930725
Sample 25,Chronos,0.5962848663330078
Sample 25,TimesFM,0.40371519327163696
Sample 26,Chronos,0.5096839070320129
Sample 26,Time-MoE,0.4903160631656647
Sample 27,Moirai,0.5089665055274963
Sample 27,TimesFM,0.49103352427482605
Sample 28,Timer,0.5316122770309448
Sample 28,Time-MoE,0.46838775277137756
Sample 29,Time-MoE,0.5035842061042786
Sample 29,Moirai,0.49641579389572144
Sample 30,Time-MoE,0.785098671913147
Sample 30,TimesFM,0.21490131318569183
Sample 31,TimesFM,0.5659962296485901
Sample 31,Timer,0.4340037703514099
Sample 0,TimesFM,0.6502879858016968
Sample 0,Chronos,0.3497120141983032
Sample 1,Time-MoE,0.6596231460571289
Sample 1,TimesFM,0.3403768241405487
Sample 2,Moirai,0.500259518623352
Sample 2,Chronos,0.49974048137664795
Sample 3,TimesFM,0.9152140021324158
Sample 3,Chronos,0.08478596806526184
Sample 4,Moirai,0.5201331973075867
Sample 4,Chronos,0.4798668622970581
Sample 5,Time-MoE,0.5139212012290955
Sample 5,Moirai,0.48607879877090454
Sample 6,TimesFM,0.5282371044158936
Sample 6,Time-MoE,0.47176286578178406
Sample 7,Chronos,0.531541645526886
Sample 7,Timer,0.468458354473114
Sample 8,Moirai,0.6884498596191406
Sample 8,TimesFM,0.3115501403808594
Sample 9,Timer,0.5858405828475952
Sample 9,TimesFM,0.4141594469547272
Sample 10,Moirai,0.5008176565170288
Sample 10,Chronos,0.4991823434829712
Sample 11,Timer,0.6393023729324341
Sample 11,Time-MoE,0.3606976270675659
Sample 12,Timer,0.7486103773117065
Sample 12,Chronos,0.25138962268829346
Sample 13,Timer,0.6105848550796509
Sample 13,Moirai,0.3894151747226715
Sample 14,Chronos,0.5549757480621338
Sample 14,Timer,0.4450242221355438
Sample 15,Timer,0.5958505272865295
Sample 15,Time-MoE,0.40414950251579285
Sample 16,Timer,0.6099069714546204
Sample 16,Time-MoE,0.39009299874305725
Sample 17,Time-MoE,0.6840988993644714
Sample 17,Moirai,0.31590110063552856
Sample 18,Chronos,0.6008517742156982
Sample 18,Timer,0.39914822578430176
Sample 19,Moirai,0.5837002992630005
Sample 19,Chronos,0.4162997007369995
Sample 20,Time-MoE,0.5795598030090332
Sample 20,TimesFM,0.4204402267932892
Sample 21,Chronos,0.5702979564666748
Sample 21,Moirai,0.4297020435333252
Sample 22,Timer,0.5262588858604431
Sample 22,Moirai,0.4737411141395569
Sample 23,Time-MoE,0.5331649780273438
Sample 23,Timer,0.4668349623680115
Sample 24,TimesFM,0.575961709022522
Sample 24,Timer,0.42403826117515564
Sample 25,TimesFM,0.5792345404624939
Sample 25,Time-MoE,0.4207654893398285
Sample 26,Moirai,0.5271877646446228
Sample 26,TimesFM,0.4728122353553772
Sample 27,TimesFM,0.6148459911346436
Sample 27,Time-MoE,0.38515403866767883
Sample 28,Chronos,0.6073426604270935
Sample 28,Timer,0.3926573693752289
Sample 29,TimesFM,0.5813313722610474
Sample 29,Moirai,0.41866859793663025
Sample 30,Time-MoE,0.5038774609565735
Sample 30,TimesFM,0.4961225986480713
Sample 31,Time-MoE,0.7759335041046143
Sample 31,Chronos,0.22406652569770813
Sample 0,Time-MoE,0.5708053708076477
Sample 0,TimesFM,0.42919468879699707
Sample 1,Chronos,0.7289202213287354
Sample 1,Timer,0.27107977867126465
Sample 2,Time-MoE,0.5241800546646118
Sample 2,Timer,0.4758198857307434
Sample 3,TimesFM,0.7904897928237915
Sample 3,Timer,0.2095101922750473
Sample 4,Chronos,0.6615062952041626
Sample 4,Timer,0.3384937047958374
Sample 5,Moirai,0.6666694283485413
Sample 5,Chronos,0.33333060145378113
Sample 6,Moirai,0.6755356788635254
Sample 6,Chronos,0.324464350938797
Sample 7,TimesFM,0.5189957618713379
Sample 7,Chronos,0.4810042381286621
Sample 8,TimesFM,0.6516085863113403
Sample 8,Chronos,0.3483913838863373
Sample 9,TimesFM,0.5987918376922607
Sample 9,Time-MoE,0.4012081027030945
Sample 10,Timer,0.8328792452812195
Sample 10,TimesFM,0.1671208143234253
Sample 11,Moirai,0.5340675115585327
Sample 11,Chronos,0.4659325182437897
Sample 12,Timer,0.687290608882904
Sample 12,TimesFM,0.31270942091941833
Sample 13,Chronos,0.565027117729187
Sample 13,Timer,0.4349729120731354
Sample 14,Moirai,0.6991878747940063
Sample 14,Timer,0.30081209540367126
Sample 15,Chronos,0.6243175864219666
Sample 15,Timer,0.37568238377571106
Sample 0,Timer,0.5626436471939087
Sample 0,Moirai,0.4373564124107361
Sample 1,Chronos,0.5087394714355469
Sample 1,Timer,0.49126049876213074
Sample 2,Timer,0.734310507774353
Sample 2,Time-MoE,0.26568955183029175
Sample 3,Moirai,0.6125438809394836
Sample 3,Chronos,0.38745614886283875
Sample 4,Chronos,0.7671495079994202
Sample 4,Timer,0.23285052180290222
Sample 5,Time-MoE,0.6292591094970703
Sample 5,Moirai,0.3707408905029297
Sample 6,Chronos,0.6103391051292419
Sample 6,TimesFM,0.38966086506843567
Sample 7,Time-MoE,0.6776734590530396
Sample 7,Timer,0.32232657074928284
Sample 8,Moirai,0.5771893262863159
Sample 8,Time-MoE,0.4228106737136841
Sample 9,Chronos,0.5130043029785156
Sample 9,Moirai,0.48699572682380676
Sample 10,Chronos,0.6129137873649597
Sample 10,Time-MoE,0.38708624243736267
Sample 11,Time-MoE,0.5632142424583435
Sample 11,Timer,0.4367857575416565
Sample 12,Moirai,0.5815066695213318
Sample 12,Time-MoE,0.4184933006763458
Sample 13,Chronos,0.6358653903007507
Sample 13,Moirai,0.36413466930389404
Sample 14,Time-MoE,0.6499887108802795
Sample 14,TimesFM,0.35001128911972046
Sample 15,Time-MoE,0.6531530618667603
Sample 15,Timer,0.34684690833091736
Sample 16,Timer,0.611131489276886
Sample 16,Time-MoE,0.3888684809207916
Sample 17,Time-MoE,0.5537213087081909
Sample 17,TimesFM,0.4462786614894867
Sample 18,Time-MoE,0.6819356083869934
Sample 18,TimesFM,0.3180643916130066
Sample 19,Timer,0.6936661005020142
Sample 19,TimesFM,0.3063339293003082
Sample 20,Chronos,0.5787256956100464
Sample 20,Moirai,0.4212743043899536
Sample 21,TimesFM,0.5022040009498596
Sample 21,Chronos,0.4977959990501404
Sample 22,Time-MoE,0.5126028060913086
Sample 22,TimesFM,0.4873971939086914
Sample 23,TimesFM,0.7020947337150574
Sample 23,Moirai,0.297905296087265
Sample 24,TimesFM,0.6354992389678955
Sample 24,Moirai,0.3645007908344269
Sample 25,Moirai,0.6648643612861633
Sample 25,Chronos,0.33513566851615906
Sample 26,Moirai,0.5859832167625427
Sample 26,Time-MoE,0.4140167832374573
Sample 27,Timer,0.5008819699287415
Sample 27,Chronos,0.49911805987358093
Sample 28,Chronos,0.516039252281189
Sample 28,Time-MoE,0.48396071791648865
Sample 29,Moirai,0.5494819283485413
Sample 29,Time-MoE,0.45051804184913635
Sample 30,Chronos,0.6270228624343872
Sample 30,TimesFM,0.3729771375656128
Sample 31,Chronos,0.7528244853019714
Sample 31,Moirai,0.24717549979686737
Sample 0,Chronos,0.5921913981437683
Sample 0,Time-MoE,0.4078085720539093
Sample 1,Chronos,0.5506159067153931
Sample 1,Moirai,0.44938406348228455
Sample 2,Moirai,0.5720958113670349
Sample 2,Timer,0.4279041290283203
Sample 3,TimesFM,0.6677196025848389
Sample 3,Chronos,0.33228039741516113
Sample 4,TimesFM,0.7525489926338196
Sample 4,Moirai,0.24745097756385803
Sample 5,Moirai,0.5928574204444885
Sample 5,Timer,0.4071425497531891
Sample 6,TimesFM,0.5099719762802124
Sample 6,Time-MoE,0.4900279939174652
Sample 7,TimesFM,0.5736634135246277
Sample 7,Timer,0.4263365864753723
Sample 8,TimesFM,0.6630536317825317
Sample 8,Chronos,0.3369463384151459
Sample 9,Chronos,0.5561512112617493
Sample 9,Moirai,0.44384872913360596
Sample 10,Chronos,0.5404529571533203
Sample 10,TimesFM,0.4595470726490021
Sample 11,Moirai,0.7676994800567627
Sample 11,Timer,0.23230044543743134
Sample 12,Timer,0.5564126372337341
Sample 12,Moirai,0.4435873329639435
Sample 13,TimesFM,0.6282316446304321
Sample 13,Chronos,0.37176835536956787
Sample 14,Time-MoE,0.5056011080741882
Sample 14,Moirai,0.49439892172813416
Sample 15,Chronos,0.7869900465011597
Sample 15,Timer,0.21300992369651794
Sample 16,TimesFM,0.5943193435668945
Sample 16,Chronos,0.4056806266307831
Sample 17,Moirai,0.6149188280105591
Sample 17,Chronos,0.3850812017917633
Sample 18,Time-MoE,0.5615071654319763
Sample 18,Moirai,0.4384928047657013
Sample 19,TimesFM,0.5663055181503296
Sample 19,Timer,0.43369442224502563
Sample 20,TimesFM,0.5833808779716492
Sample 20,Timer,0.41661912202835083
Sample 21,Moirai,0.512238085269928
Sample 21,Time-MoE,0.48776185512542725
Sample 22,TimesFM,0.5565217137336731
Sample 22,Moirai,0.4434782862663269
Sample 23,Moirai,0.6135943531990051
Sample 23,TimesFM,0.3864056468009949
Sample 24,TimesFM,0.6153205037117004
Sample 24,Timer,0.38467949628829956
Sample 25,Moirai,0.5784413814544678
Sample 25,Time-MoE,0.4215586483478546
Sample 26,TimesFM,0.6409178972244263
Sample 26,Moirai,0.35908204317092896
Sample 27,Moirai,0.6153484582901001
Sample 27,Time-MoE,0.3846515417098999
Sample 28,Chronos,0.619208574295044
Sample 28,TimesFM,0.38079139590263367
Sample 29,Chronos,0.5454279184341431
Sample 29,Moirai,0.4545721411705017
Sample 30,TimesFM,0.7424126863479614
Sample 30,Chronos,0.2575872838497162
Sample 31,Chronos,0.6466274857521057
Sample 31,TimesFM,0.3533725440502167
Sample 0,Chronos,0.6166026592254639
Sample 0,Time-MoE,0.3833973705768585
Sample 1,Time-MoE,0.5306858420372009
Sample 1,Timer,0.4693141579627991
Sample 2,Moirai,0.5298642516136169
Sample 2,Time-MoE,0.47013580799102783
Sample 3,TimesFM,0.6775786876678467
Sample 3,Moirai,0.32242128252983093
Sample 4,Moirai,0.586939811706543
Sample 4,TimesFM,0.4130602180957794
Sample 5,Time-MoE,0.5298939943313599
Sample 5,Moirai,0.47010600566864014
Sample 6,Moirai,0.5401172041893005
Sample 6,Chronos,0.45988279581069946
Sample 7,Chronos,0.7682029604911804
Sample 7,TimesFM,0.2317970246076584
Sample 8,Time-MoE,0.7170944213867188
Sample 8,Chronos,0.2829055190086365
Sample 9,Chronos,0.5205408334732056
Sample 9,Moirai,0.47945913672447205
Sample 10,Moirai,0.6914438605308533
Sample 10,Chronos,0.30855610966682434
Sample 11,Chronos,0.6010279059410095
Sample 11,Time-MoE,0.39897212386131287
Sample 12,TimesFM,0.6323765516281128
Sample 12,Time-MoE,0.3676234185695648
Sample 13,Time-MoE,0.5430922508239746
Sample 13,TimesFM,0.4569077789783478
Sample 14,Moirai,0.5348291993141174
Sample 14,Time-MoE,0.46517083048820496
Sample 15,Moirai,0.5767934322357178
Sample 15,Timer,0.4232065975666046
Sample 16,Moirai,0.5396004915237427
Sample 16,Chronos,0.46039944887161255
Sample 17,Time-MoE,0.5176233053207397
Sample 17,TimesFM,0.48237669467926025
Sample 18,TimesFM,0.5550960302352905
Sample 18,Timer,0.4449039399623871
Sample 19,Chronos,0.536285936832428
Sample 19,Timer,0.46371403336524963
Sample 20,Chronos,0.5593701004981995
Sample 20,TimesFM,0.44062986969947815
Sample 21,TimesFM,0.5901364684104919
Sample 21,Moirai,0.40986353158950806
Sample 22,Moirai,0.5124856233596802
Sample 22,Chronos,0.4875143766403198
Sample 23,TimesFM,0.5337716937065125
Sample 23,Timer,0.46622830629348755
Sample 24,Chronos,0.6003736257553101
Sample 24,TimesFM,0.39962634444236755
Sample 25,Chronos,0.5183666944503784
Sample 25,Moirai,0.4816332757472992
Sample 26,Moirai,0.7339875102043152
Sample 26,Chronos,0.2660125494003296
Sample 27,Moirai,0.6331683993339539
Sample 27,Timer,0.36683160066604614
Sample 28,Time-MoE,0.7402466535568237
Sample 28,Moirai,0.25975340604782104
Sample 29,Moirai,0.526624321937561
Sample 29,TimesFM,0.47337573766708374
Sample 30,Time-MoE,0.6778611540794373
Sample 30,Moirai,0.32213878631591797
Sample 31,Time-MoE,0.592857837677002
Sample 31,Moirai,0.40714216232299805
Sample 0,Moirai,0.5646229386329651
Sample 0,Time-MoE,0.4353770613670349
Sample 1,Chronos,0.5377036929130554
Sample 1,TimesFM,0.4622963070869446
Sample 2,Time-MoE,0.6062397956848145
Sample 2,TimesFM,0.39376020431518555
Sample 3,TimesFM,0.6173679232597351
Sample 3,Moirai,0.3826320469379425
Sample 4,Timer,0.6549075841903687
Sample 4,Time-MoE,0.34509238600730896
Sample 5,Time-MoE,0.5328704118728638
Sample 5,Timer,0.46712955832481384
Sample 6,Time-MoE,0.7901527285575867
Sample 6,Timer,0.2098473161458969
Sample 7,Timer,0.5600494146347046
Sample 7,Time-MoE,0.439950555562973
Sample 8,Timer,0.5136628150939941
Sample 8,TimesFM,0.48633721470832825
Sample 9,TimesFM,0.561607837677002
Sample 9,Chronos,0.43839219212532043
Sample 10,Timer,0.7054763436317444
Sample 10,TimesFM,0.2945236563682556
Sample 11,TimesFM,0.6348980069160461
Sample 11,Chronos,0.36510199308395386
Sample 12,Moirai,0.5526164174079895
Sample 12,Chronos,0.4473835229873657
Sample 13,Moirai,0.5348847508430481
Sample 13,TimesFM,0.4651152193546295
Sample 14,Timer,0.5125975608825684
Sample 14,TimesFM,0.48740246891975403
Sample 15,Timer,0.6923954486846924
Sample 15,Time-MoE,0.3076045513153076
Sample 16,Chronos,0.7050315141677856
Sample 16,Moirai,0.29496851563453674
Sample 17,Timer,0.7447175979614258
Sample 17,Time-MoE,0.25528237223625183
Sample 18,Moirai,0.5714830756187439
Sample 18,Time-MoE,0.4285169541835785
Sample 19,Chronos,0.5749253630638123
Sample 19,Moirai,0.4250746965408325
Sample 20,Time-MoE,0.6021144390106201
Sample 20,Moirai,0.3978855013847351
Sample 21,TimesFM,0.7410277724266052
Sample 21,Chronos,0.25897216796875
Sample 22,Moirai,0.5453845858573914
Sample 22,TimesFM,0.4546154737472534
Sample 23,Moirai,0.6311244964599609
Sample 23,Chronos,0.3688754737377167
Sample 24,Moirai,0.5997797250747681
Sample 24,Timer,0.4002203047275543
Sample 25,TimesFM,0.7340672016143799
Sample 25,Time-MoE,0.26593276858329773
Sample 26,Moirai,0.6611874103546143
Sample 26,TimesFM,0.33881261944770813
Sample 27,TimesFM,0.8622544407844543
Sample 27,Moirai,0.13774560391902924
Sample 28,Time-MoE,0.6313562393188477
Sample 28,Chronos,0.36864373087882996
Sample 29,Timer,0.5273826122283936
Sample 29,Moirai,0.47261738777160645
Sample 30,TimesFM,0.5812990665435791
Sample 30,Timer,0.4187009036540985
Sample 31,Time-MoE,0.537590503692627
Sample 31,Moirai,0.46240952610969543
Sample 0,Timer,0.5475221276283264
Sample 0,Moirai,0.4524778723716736
Sample 1,Timer,0.5923498868942261
Sample 1,TimesFM,0.4076501429080963
Sample 2,Time-MoE,0.7164507508277893
Sample 2,Chronos,0.2835492193698883
Sample 3,Chronos,0.5138340592384338
Sample 3,TimesFM,0.48616594076156616
Sample 4,Timer,0.5641746520996094
Sample 4,Moirai,0.43582531809806824
Sample 5,Moirai,0.5623025894165039
Sample 5,TimesFM,0.4376974403858185
Sample 6,Time-MoE,0.560103178024292
Sample 6,Chronos,0.4398968517780304
Sample 7,Timer,0.5810644626617432
Sample 7,Chronos,0.4189355671405792
Sample 8,Timer,0.5571764707565308
Sample 8,Chronos,0.442823588848114
Sample 9,TimesFM,0.7711259722709656
Sample 9,Time-MoE,0.22887402772903442
Sample 10,Time-MoE,0.507152795791626
Sample 10,TimesFM,0.4928472638130188
Sample 11,Timer,0.638994038105011
Sample 11,Chronos,0.3610059916973114
Sample 12,Time-MoE,0.6130666136741638
Sample 12,Moirai,0.3869333565235138
Sample 13,Chronos,0.6498775482177734
Sample 13,Timer,0.3501223921775818
Sample 14,Time-MoE,0.5062780976295471
Sample 14,Chronos,0.49372193217277527
Sample 15,Chronos,0.5487901568412781
Sample 15,Time-MoE,0.45120978355407715
Sample 16,Time-MoE,0.6020663380622864
Sample 16,Moirai,0.397933691740036
Sample 17,Chronos,0.5536295175552368
Sample 17,Time-MoE,0.4463704228401184
Sample 18,Chronos,0.5173099040985107
Sample 18,Timer,0.48269015550613403
Sample 19,TimesFM,0.7734878063201904
Sample 19,Chronos,0.22651219367980957
Sample 20,Moirai,0.595119297504425
Sample 20,Timer,0.40488070249557495
Sample 21,Timer,0.5478058457374573
Sample 21,Moirai,0.4521941840648651
Sample 22,Chronos,0.5096704363822937
Sample 22,Timer,0.4903295338153839
Sample 23,Chronos,0.5102248787879944
Sample 23,Timer,0.4897750914096832
Sample 24,Moirai,0.656609296798706
Sample 24,Time-MoE,0.34339067339897156
Sample 25,TimesFM,0.7036727666854858
Sample 25,Chronos,0.29632729291915894
Sample 26,Time-MoE,0.5607603192329407
Sample 26,Moirai,0.4392396807670593
Sample 27,Moirai,0.5396940112113953
Sample 27,TimesFM,0.46030592918395996
Sample 28,TimesFM,0.6519706845283508
Sample 28,Timer,0.34802937507629395
Sample 29,Time-MoE,0.5015069246292114
Sample 29,Chronos,0.4984930455684662
Sample 30,TimesFM,0.6240417957305908
Sample 30,Moirai,0.3759581744670868
Sample 31,Timer,0.538596510887146
Sample 31,TimesFM,0.4614035189151764
Sample 0,Chronos,0.6420133709907532
Sample 0,Timer,0.3579866588115692
Sample 1,Chronos,0.5856027007102966
Sample 1,Moirai,0.414397269487381
Sample 2,Moirai,0.6072289347648621
Sample 2,Time-MoE,0.39277106523513794
Sample 3,TimesFM,0.5645360946655273
Sample 3,Moirai,0.43546393513679504
Sample 4,TimesFM,0.5627127885818481
Sample 4,Moirai,0.43728718161582947
Sample 5,Chronos,0.5857560038566589
Sample 5,Timer,0.41424405574798584
Sample 6,Time-MoE,0.607390284538269
Sample 6,Chronos,0.39260971546173096
Sample 7,Timer,0.7447543144226074
Sample 7,Time-MoE,0.2552456557750702
Sample 8,Timer,0.5096251964569092
Sample 8,Moirai,0.49037477374076843
Sample 9,Timer,0.5137931108474731
Sample 9,TimesFM,0.48620685935020447
Sample 10,Time-MoE,0.5332263112068176
Sample 10,Chronos,0.4667736291885376
Sample 11,Chronos,0.5060768127441406
Sample 11,Moirai,0.49392321705818176
Sample 12,Chronos,0.5909178853034973
Sample 12,TimesFM,0.4090820848941803
Sample 13,Chronos,0.5008610486984253
Sample 13,Timer,0.4991389214992523
Sample 14,Timer,0.5912684798240662
Sample 14,Moirai,0.40873152017593384
Sample 15,Moirai,0.6537809371948242
Sample 15,Timer,0.3462190330028534
Sample 16,Moirai,0.566692590713501
Sample 16,Chronos,0.433307409286499
Sample 17,Timer,0.5762656927108765
Sample 17,TimesFM,0.42373430728912354
Sample 18,Timer,0.7117305397987366
Sample 18,TimesFM,0.28826943039894104
Sample 19,Chronos,0.5837200880050659
Sample 19,Moirai,0.4162799119949341
Sample 20,TimesFM,0.5356671810150146
Sample 20,Timer,0.46433284878730774
Sample 21,Timer,0.5728772282600403
Sample 21,Moirai,0.42712274193763733
Sample 22,Moirai,0.6573784351348877
Sample 22,Timer,0.3426215350627899
Sample 23,Time-MoE,0.5946242213249207
Sample 23,Moirai,0.40537571907043457
Sample 24,Moirai,0.5302201509475708
Sample 24,TimesFM,0.4697798788547516
Sample 25,Time-MoE,0.5084662437438965
Sample 25,Timer,0.49153372645378113
Sample 26,Moirai,0.6152763962745667
Sample 26,Time-MoE,0.3847236633300781
Sample 27,Time-MoE,0.552099883556366
Sample 27,Chronos,0.4479001462459564
Sample 28,TimesFM,0.5387697815895081
Sample 28,Chronos,0.46123024821281433
Sample 29,TimesFM,0.528672993183136
Sample 29,Timer,0.4713269770145416
Sample 30,Time-MoE,0.5130791068077087
Sample 30,Timer,0.48692089319229126
Sample 31,Moirai,0.6731297373771667
Sample 31,TimesFM,0.32687029242515564
Sample 0,Moirai,0.5899068117141724
Sample 0,Timer,0.4100932478904724
Sample 1,Timer,0.510139524936676
Sample 1,TimesFM,0.48986050486564636
Sample 2,Moirai,0.6087684631347656
Sample 2,Chronos,0.3912314772605896
Sample 3,Moirai,0.7172946929931641
Sample 3,Chronos,0.28270530700683594
Sample 4,Moirai,0.5926101207733154
Sample 4,Chronos,0.40738987922668457
Sample 5,TimesFM,0.5564481019973755
Sample 5,Timer,0.4435518980026245
Sample 6,Chronos,0.5413313508033752
Sample 6,Timer,0.45866864919662476
Sample 7,Chronos,0.7753260731697083
Sample 7,Moirai,0.22467394173145294
Sample 8,Moirai,0.603011429309845
Sample 8,Chronos,0.39698854088783264
Sample 9,Moirai,0.5173611640930176
Sample 9,Timer,0.4826388657093048
Sample 10,Moirai,0.5153120160102844
Sample 10,TimesFM,0.4846879541873932
Sample 11,TimesFM,0.7000928521156311
Sample 11,Moirai,0.2999071180820465
Sample 12,TimesFM,0.5337068438529968
Sample 12,Moirai,0.4662930965423584
Sample 13,Moirai,0.590758204460144
Sample 13,TimesFM,0.40924179553985596
Sample 14,TimesFM,0.7185511589050293
Sample 14,Moirai,0.2814488112926483
Sample 15,TimesFM,0.6184683442115784
Sample 15,Chronos,0.38153162598609924
Sample 0,TimesFM,0.5532332062721252
Sample 0,Timer,0.44676673412323
Sample 1,Time-MoE,0.7751057147979736
Sample 1,TimesFM,0.22489428520202637
Sample 2,TimesFM,0.6027622222900391
Sample 2,Timer,0.39723774790763855
Sample 3,Time-MoE,0.5714935660362244
Sample 3,Timer,0.42850640416145325
Sample 4,TimesFM,0.5641156435012817
Sample 4,Time-MoE,0.43588438630104065
Sample 5,Moirai,0.5712760090827942
Sample 5,Timer,0.42872393131256104
Sample 6,TimesFM,0.5634610652923584
Sample 6,Timer,0.436538964509964
Sample 7,Time-MoE,0.5640096664428711
Sample 7,Timer,0.4359903931617737
Sample 8,TimesFM,0.6671496033668518
Sample 8,Time-MoE,0.3328504264354706
Sample 9,Moirai,0.5904849767684937
Sample 9,Time-MoE,0.40951505303382874
Sample 10,Time-MoE,0.5390403866767883
Sample 10,Chronos,0.4609595835208893
Sample 11,Time-MoE,0.5793132781982422
Sample 11,Moirai,0.4206866919994354
Sample 12,Moirai,0.6522641181945801
Sample 12,TimesFM,0.34773585200309753
Sample 13,TimesFM,0.8529709577560425
Sample 13,Moirai,0.14702896773815155
Sample 14,Moirai,0.5643077492713928
Sample 14,Chronos,0.4356922507286072
Sample 15,Time-MoE,0.6355376839637756
Sample 15,TimesFM,0.36446231603622437
Sample 16,Timer,0.5874536633491516
Sample 16,Moirai,0.4125463664531708
Sample 17,TimesFM,0.6990930438041687
Sample 17,Timer,0.3009069561958313
Sample 18,Timer,0.608797550201416
Sample 18,Time-MoE,0.39120247960090637
Sample 19,Timer,0.5584032535552979
Sample 19,Moirai,0.44159677624702454
Sample 20,TimesFM,0.8386644124984741
Sample 20,Moirai,0.16133557260036469
Sample 21,TimesFM,0.5535427927970886
Sample 21,Timer,0.44645723700523376
Sample 22,Time-MoE,0.5271139740943909
Sample 22,Timer,0.4728860557079315
Sample 23,Chronos,0.5191252827644348
Sample 23,Moirai,0.4808747470378876
Sample 24,TimesFM,0.630371630191803
Sample 24,Chronos,0.369628369808197
Sample 25,TimesFM,0.6007497906684875
Sample 25,Moirai,0.39925020933151245
Sample 26,Timer,0.8034578561782837
Sample 26,TimesFM,0.19654208421707153
Sample 27,Chronos,0.5975549817085266
Sample 27,TimesFM,0.4024450480937958
Sample 28,Timer,0.7000715136528015
Sample 28,TimesFM,0.2999284863471985
Sample 29,TimesFM,0.7010982632637024
Sample 29,Timer,0.2989017367362976
Sample 30,Chronos,0.5020507574081421
Sample 30,Timer,0.4979492723941803
Sample 31,Chronos,0.6514298319816589
Sample 31,Time-MoE,0.3485701084136963
Sample 0,TimesFM,0.7644203901290894
Sample 0,Moirai,0.23557960987091064
Sample 1,TimesFM,0.6217274069786072
Sample 1,Timer,0.3782725930213928
Sample 2,Chronos,0.740475058555603
Sample 2,Moirai,0.2595249116420746
Sample 3,Chronos,0.5379840135574341
Sample 3,Time-MoE,0.4620160460472107
Sample 4,Chronos,0.7332624793052673
Sample 4,Timer,0.26673755049705505
Sample 5,Timer,0.5710740089416504
Sample 5,TimesFM,0.42892593145370483
Sample 6,Chronos,0.5045831203460693
Sample 6,Moirai,0.4954168200492859
Sample 7,Chronos,0.6538993716239929
Sample 7,Time-MoE,0.34610065817832947
Sample 8,TimesFM,0.5460082292556763
Sample 8,Moirai,0.4539918303489685
Sample 9,Moirai,0.6153371334075928
Sample 9,Timer,0.3846628963947296
Sample 10,Moirai,0.5756605267524719
Sample 10,Time-MoE,0.4243394434452057
Sample 11,TimesFM,0.698553204536438
Sample 11,Chronos,0.3014468550682068
Sample 12,Timer,0.6081748604774475
Sample 12,Chronos,0.39182519912719727
Sample 13,Chronos,0.5834216475486755
Sample 13,TimesFM,0.41657838225364685
Sample 14,Timer,0.6020049452781677
Sample 14,Time-MoE,0.3979950547218323
Sample 15,Time-MoE,0.7297130823135376
Sample 15,Chronos,0.2702869176864624
Sample 16,Moirai,0.5967090725898743
Sample 16,TimesFM,0.40329089760780334
Sample 17,Moirai,0.6037462949752808
Sample 17,Chronos,0.39625370502471924
Sample 18,Timer,0.7021364569664001
Sample 18,Chronos,0.29786360263824463
Sample 19,Moirai,0.5255867838859558
Sample 19,Chronos,0.4744132459163666
Sample 20,Timer,0.5352938175201416
Sample 20,Moirai,0.4647061228752136
Sample 21,TimesFM,0.5539891719818115
Sample 21,Chronos,0.4460108280181885
Sample 22,Time-MoE,0.5892592668533325
Sample 22,TimesFM,0.41074076294898987
Sample 23,Time-MoE,0.7405712604522705
Sample 23,Chronos,0.2594287097454071
Sample 24,Moirai,0.6744788885116577
Sample 24,TimesFM,0.3255210816860199
Sample 25,Moirai,0.642772376537323
Sample 25,Chronos,0.3572276532649994
Sample 26,Timer,0.5191055536270142
Sample 26,Chronos,0.48089438676834106
Sample 27,Timer,0.6211891174316406
Sample 27,TimesFM,0.3788108825683594
Sample 28,Moirai,0.6496795415878296
Sample 28,TimesFM,0.35032039880752563
Sample 29,TimesFM,0.7430722713470459
Sample 29,Moirai,0.2569276988506317
Sample 30,Moirai,0.5419459342956543
Sample 30,Chronos,0.4580540060997009
Sample 31,Moirai,0.5664453506469727
Sample 31,Chronos,0.43355461955070496
Sample 0,Time-MoE,0.7209855914115906
Sample 0,TimesFM,0.2790144085884094
Sample 1,Moirai,0.5206770300865173
Sample 1,TimesFM,0.47932299971580505
Sample 2,Time-MoE,0.6183039546012878
Sample 2,Timer,0.38169607520103455
Sample 3,Moirai,0.5769587159156799
Sample 3,TimesFM,0.4230412542819977
Sample 4,Chronos,0.5931504964828491
Sample 4,Moirai,0.40684956312179565
Sample 5,Time-MoE,0.5820237398147583
Sample 5,Chronos,0.4179762899875641
Sample 6,Timer,0.5643346905708313
Sample 6,TimesFM,0.4356653392314911
Sample 7,TimesFM,0.5830604434013367
Sample 7,Moirai,0.41693955659866333
Sample 8,Moirai,0.5731627941131592
Sample 8,Chronos,0.42683714628219604
Sample 9,TimesFM,0.7147303223609924
Sample 9,Timer,0.28526973724365234
Sample 10,Moirai,0.6381692290306091
Sample 10,Time-MoE,0.3618307411670685
Sample 11,Timer,0.6964433193206787
Sample 11,TimesFM,0.30355674028396606
Sample 12,Timer,0.6749561429023743
Sample 12,Time-MoE,0.32504385709762573
Sample 13,Moirai,0.5387753248214722
Sample 13,TimesFM,0.4612247049808502
Sample 14,Chronos,0.6226204633712769
Sample 14,Timer,0.37737947702407837
Sample 15,Time-MoE,0.5812590718269348
Sample 15,Moirai,0.4187409579753876
Sample 16,Moirai,0.6490780115127563
Sample 16,Chronos,0.35092195868492126
Sample 17,Time-MoE,0.6763228178024292
Sample 17,TimesFM,0.3236772119998932
Sample 18,Timer,0.8500756025314331
Sample 18,Chronos,0.14992442727088928
Sample 19,Time-MoE,0.634200394153595
Sample 19,Chronos,0.3657996356487274
Sample 20,Time-MoE,0.613391101360321
Sample 20,Moirai,0.38660889863967896
Sample 21,Chronos,0.5854564905166626
Sample 21,Timer,0.4145435094833374
Sample 22,Time-MoE,0.6132107377052307
Sample 22,Timer,0.3867892026901245
Sample 23,Time-MoE,0.5262413620948792
Sample 23,Timer,0.47375866770744324
Sample 24,Chronos,0.5134450197219849
Sample 24,Time-MoE,0.4865550398826599
Sample 25,Chronos,0.6024612784385681
Sample 25,Timer,0.39753878116607666
Sample 26,Timer,0.6056180596351624
Sample 26,Moirai,0.39438197016716003
Sample 27,Moirai,0.5774931907653809
Sample 27,Chronos,0.42250677943229675
Sample 28,Time-MoE,0.5533103942871094
Sample 28,Chronos,0.4466896057128906
Sample 29,Chronos,0.5210530161857605
Sample 29,Timer,0.4789469838142395
Sample 30,Timer,0.5177019238471985
Sample 30,Time-MoE,0.4822981059551239
Sample 31,Timer,0.6967288851737976
Sample 31,Chronos,0.3032711148262024
Sample 0,Time-MoE,0.6944020986557007
Sample 0,Chronos,0.3055979013442993
Sample 1,Chronos,0.609197199344635
Sample 1,Timer,0.3908027708530426
Sample 2,Time-MoE,0.5714269280433655
Sample 2,Chronos,0.4285731017589569
Sample 3,Moirai,0.5423367023468018
Sample 3,TimesFM,0.45766326785087585
Sample 4,Chronos,0.5944896340370178
Sample 4,TimesFM,0.4055103063583374
Sample 5,Chronos,0.5737521052360535
Sample 5,TimesFM,0.4262479245662689
Sample 6,Timer,0.5216174125671387
Sample 6,Chronos,0.47838258743286133
Sample 7,Time-MoE,0.5906626582145691
Sample 7,Chronos,0.4093373119831085
Sample 8,Moirai,0.5337669849395752
Sample 8,TimesFM,0.4662329852581024
Sample 9,Moirai,0.530127227306366
Sample 9,Chronos,0.46987277269363403
Sample 10,Moirai,0.6580492854118347
Sample 10,Time-MoE,0.34195074439048767
Sample 11,Time-MoE,0.5191769003868103
Sample 11,TimesFM,0.4808231294155121
Sample 12,Timer,0.525654137134552
Sample 12,TimesFM,0.4743458926677704
Sample 13,Timer,0.5726759433746338
Sample 13,Chronos,0.4273240566253662
Sample 14,TimesFM,0.8357861638069153
Sample 14,Time-MoE,0.16421382129192352
Sample 15,Time-MoE,0.6279159188270569
Sample 15,Moirai,0.3720840811729431
Sample 16,Moirai,0.6945527195930481
Sample 16,Time-MoE,0.3054472506046295
Sample 17,Chronos,0.6377993226051331
Sample 17,TimesFM,0.36220064759254456
Sample 18,Moirai,0.518097460269928
Sample 18,Timer,0.481902539730072
Sample 19,Moirai,0.5425363779067993
Sample 19,Timer,0.4574636220932007
Sample 20,Chronos,0.5789694786071777
Sample 20,Time-MoE,0.42103055119514465
Sample 21,Time-MoE,0.556329607963562
Sample 21,TimesFM,0.44367045164108276
Sample 22,Time-MoE,0.5316228270530701
Sample 22,Chronos,0.46837717294692993
Sample 23,Time-MoE,0.5219177603721619
Sample 23,Chronos,0.4780822694301605
Sample 24,Chronos,0.6414006352424622
Sample 24,Time-MoE,0.3585994243621826
Sample 25,Chronos,0.5854582786560059
Sample 25,Timer,0.41454175114631653
Sample 26,Timer,0.6056034564971924
Sample 26,Chronos,0.39439651370048523
Sample 27,Timer,0.5227921605110168
Sample 27,Moirai,0.47720783948898315
Sample 28,Chronos,0.7742679715156555
Sample 28,Timer,0.22573204338550568
Sample 29,Chronos,0.566615879535675
Sample 29,Moirai,0.43338409066200256
Sample 30,TimesFM,0.5105103254318237
Sample 30,Timer,0.48948967456817627
Sample 31,Time-MoE,0.6477701663970947
Sample 31,TimesFM,0.3522298336029053
Sample 0,TimesFM,0.667372465133667
Sample 0,Chronos,0.3326275646686554
Sample 1,Timer,0.5018243193626404
Sample 1,Time-MoE,0.4981756806373596
Sample 2,TimesFM,0.8512004613876343
Sample 2,Chronos,0.14879952371120453
Sample 3,Chronos,0.5539628863334656
Sample 3,Timer,0.4460371434688568
Sample 4,TimesFM,0.5798248052597046
Sample 4,Timer,0.4201752245426178
Sample 5,Moirai,0.713076651096344
Sample 5,Time-MoE,0.2869234085083008
Sample 6,Moirai,0.7242851853370667
Sample 6,Timer,0.27571481466293335
Sample 7,Time-MoE,0.6483531594276428
Sample 7,Timer,0.3516468107700348
Sample 8,Time-MoE,0.5149884819984436
Sample 8,Moirai,0.4850115478038788
Sample 9,Timer,0.5688034892082214
Sample 9,Chronos,0.43119654059410095
Sample 10,TimesFM,0.8042536973953247
Sample 10,Chronos,0.1957463175058365
Sample 11,TimesFM,0.6811964511871338
Sample 11,Chronos,0.3188035190105438
Sample 12,Time-MoE,0.5321274399757385
Sample 12,Chronos,0.4678725302219391
Sample 13,Moirai,0.5599188804626465
Sample 13,TimesFM,0.4400811493396759
Sample 14,Time-MoE,0.5140085220336914
Sample 14,Moirai,0.4859914481639862
Sample 15,Time-MoE,0.6330887079238892
Sample 15,Moirai,0.36691123247146606
Sample 16,Moirai,0.6882795095443726
Sample 16,Chronos,0.31172049045562744
Sample 17,Chronos,0.5045396685600281
Sample 17,Timer,0.49546027183532715
Sample 18,Timer,0.5938481688499451
Sample 18,Chronos,0.40615180134773254
Sample 19,Time-MoE,0.536312997341156
Sample 19,Chronos,0.4636870324611664
Sample 20,Moirai,0.6711265444755554
Sample 20,Time-MoE,0.32887348532676697
Sample 21,Moirai,0.5425096154212952
Sample 21,TimesFM,0.45749038457870483
Sample 22,Chronos,0.5269451141357422
Sample 22,Moirai,0.4730549156665802
Sample 23,Timer,0.5697414875030518
Sample 23,Moirai,0.43025848269462585
Sample 24,Chronos,0.6273396015167236
Sample 24,Timer,0.37266042828559875
Sample 25,Timer,0.5804416537284851
Sample 25,TimesFM,0.4195583760738373
Sample 26,Timer,0.5725330114364624
Sample 26,Time-MoE,0.4274669587612152
Sample 27,Moirai,0.5354506373405457
Sample 27,Time-MoE,0.46454936265945435
Sample 28,Timer,0.5778341293334961
Sample 28,Chronos,0.4221658408641815
Sample 29,Moirai,0.6231387853622437
Sample 29,Timer,0.37686121463775635
Sample 30,TimesFM,0.6966631412506104
Sample 30,Timer,0.30333682894706726
Sample 31,Time-MoE,0.6414198279380798
Sample 31,TimesFM,0.35858017206192017
Sample 0,Timer,0.5345310568809509
Sample 0,TimesFM,0.4654689431190491
Sample 1,TimesFM,0.6590088605880737
Sample 1,Chronos,0.3409911096096039
Sample 2,TimesFM,0.5003381371498108
Sample 2,Timer,0.4996618330478668
Sample 3,Timer,0.6013152599334717
Sample 3,Chronos,0.39868468046188354
Sample 4,Timer,0.6418868899345398
Sample 4,Time-MoE,0.3581131100654602
Sample 5,Time-MoE,0.6233091354370117
Sample 5,Chronos,0.3766908049583435
Sample 6,Time-MoE,0.5545728802680969
Sample 6,Chronos,0.4454271197319031
Sample 7,Time-MoE,0.5062458515167236
Sample 7,TimesFM,0.49375417828559875
Sample 8,Moirai,0.6773462891578674
Sample 8,Timer,0.3226536810398102
Sample 9,Chronos,0.5155048370361328
Sample 9,Timer,0.4844951927661896
Sample 10,Chronos,0.5802369117736816
Sample 10,Timer,0.41976311802864075
Sample 11,TimesFM,0.6382968425750732
Sample 11,Time-MoE,0.36170321702957153
Sample 12,Moirai,0.5351601839065552
Sample 12,TimesFM,0.46483978629112244
Sample 13,Time-MoE,0.5827619433403015
Sample 13,Moirai,0.4172379970550537
Sample 14,TimesFM,0.5567895174026489
Sample 14,Timer,0.4432104527950287
Sample 15,Timer,0.6730831265449524
Sample 15,Moirai,0.3269168734550476
Sample 16,Timer,0.5212979912757874
Sample 16,Moirai,0.4787020683288574
Sample 17,TimesFM,0.5714535713195801
Sample 17,Chronos,0.42854639887809753
Sample 18,Timer,0.5584452748298645
Sample 18,Time-MoE,0.4415547251701355
Sample 19,TimesFM,0.5050554871559143
Sample 19,Moirai,0.4949444830417633
Sample 20,Timer,0.5043144226074219
Sample 20,Moirai,0.4956856071949005
Sample 21,Moirai,0.7201815843582153
Sample 21,Timer,0.27981841564178467
Sample 22,Chronos,0.6338599920272827
Sample 22,TimesFM,0.3661399781703949
Sample 23,Chronos,0.6798003315925598
Sample 23,Time-MoE,0.3201996982097626
Sample 24,Timer,0.5637639164924622
Sample 24,Chronos,0.43623608350753784
Sample 25,TimesFM,0.7323577404022217
Sample 25,Chronos,0.26764222979545593
Sample 26,Timer,0.5702139139175415
Sample 26,Time-MoE,0.4297860860824585
Sample 27,TimesFM,0.5647615194320679
Sample 27,Chronos,0.43523848056793213
Sample 28,TimesFM,0.5240200757980347
Sample 28,Time-MoE,0.47597986459732056
Sample 29,Chronos,0.5260665416717529
Sample 29,Timer,0.47393345832824707
Sample 30,Timer,0.5038129091262817
Sample 30,Time-MoE,0.4961870610713959
Sample 31,Chronos,0.6430538296699524
Sample 31,Moirai,0.3569461405277252
Sample 0,Chronos,0.6078934669494629
Sample 0,Time-MoE,0.39210647344589233
Sample 1,Timer,0.6230002045631409
Sample 1,Chronos,0.3769998252391815
Sample 2,Moirai,0.7702774405479431
Sample 2,Timer,0.22972258925437927
Sample 3,TimesFM,0.783587634563446
Sample 3,Chronos,0.21641232073307037
Sample 4,Timer,0.7710984945297241
Sample 4,Time-MoE,0.22890150547027588
Sample 5,Timer,0.5423884391784668
Sample 5,Time-MoE,0.4576115906238556
Sample 6,Time-MoE,0.6122181415557861
Sample 6,Moirai,0.3877818286418915
Sample 7,Chronos,0.6726729869842529
Sample 7,Time-MoE,0.32732704281806946
Sample 8,Chronos,0.6530348658561707
Sample 8,TimesFM,0.34696516394615173
Sample 9,Moirai,0.6719632148742676
Sample 9,TimesFM,0.32803675532341003
Sample 10,TimesFM,0.5548521876335144
Sample 10,Moirai,0.44514787197113037
Sample 11,TimesFM,0.6534087657928467
Sample 11,Time-MoE,0.34659120440483093
Sample 12,Chronos,0.5394025444984436
Sample 12,Timer,0.460597425699234
Sample 13,TimesFM,0.5883812308311462
Sample 13,Timer,0.41161876916885376
Sample 14,Chronos,0.5977859497070312
Sample 14,Time-MoE,0.40221402049064636
Sample 15,Chronos,0.5337448716163635
Sample 15,Time-MoE,0.4662550687789917
