Sample,Learner,Weight
Sample 0,Moirai,0.6616361737251282
Sample 0,TimesFM,0.3383638262748718
Sample 0,TimesFM,0.7009153962135315
Sample 0,Moirai,0.2990846037864685
Sample 0,TimesFM,0.7486160397529602
Sample 0,Moirai,0.2513839900493622
Sample 0,TimesFM,0.6014049053192139
Sample 0,Moirai,0.39859509468078613
Sample 0,Chronos,0.5245408415794373
Sample 0,Moirai,0.47545918822288513
Sample 0,Moirai,0.9206517934799194
Sample 0,Time-MoE,0.07934826612472534
Sample 0,Chronos,0.8988293409347534
Sample 0,Time-MoE,0.10117064416408539
Sample 0,TimesFM,0.7903959155082703
Sample 0,Timer,0.20960402488708496
Sample 0,TimesFM,0.6895940899848938
Sample 0,Moirai,0.3104059100151062
Sample 0,Timer,0.6769498586654663
Sample 0,Time-MoE,0.32305020093917847
Sample 0,Chronos,0.569139838218689
Sample 0,Moirai,0.43086016178131104
Sample 0,Chronos,0.6921979784965515
Sample 0,Time-MoE,0.3078020215034485
Sample 0,Chronos,0.511485755443573
Sample 0,Moirai,0.4885142743587494
Sample 0,Chronos,0.9284523725509644
Sample 0,TimesFM,0.07154764980077744
Sample 0,TimesFM,0.5531125068664551
Sample 0,Chronos,0.44688746333122253
Sample 0,Moirai,0.6573718786239624
Sample 0,Time-MoE,0.3426281809806824
Sample 0,Chronos,0.7411656379699707
Sample 0,Moirai,0.2588343918323517
Sample 0,Moirai,0.6909040808677673
Sample 0,TimesFM,0.30909591913223267
Sample 0,TimesFM,0.8205065727233887
Sample 0,Moirai,0.17949344217777252
Sample 0,Chronos,0.8974323272705078
Sample 0,TimesFM,0.10256767272949219
Sample 0,Chronos,0.887060284614563
Sample 0,Moirai,0.11293966323137283
Sample 0,Chronos,0.9220564961433411
Sample 0,Moirai,0.07794348150491714
Sample 0,Chronos,0.9527576565742493
Sample 0,Timer,0.04724235087633133
Sample 0,Chronos,0.8178924918174744
Sample 0,Timer,0.18210753798484802
Sample 0,Chronos,0.9209362268447876
Sample 0,Timer,0.07906380295753479
Sample 0,Chronos,0.5108211636543274
Sample 0,TimesFM,0.4891788363456726
Sample 0,TimesFM,0.842499315738678
Sample 0,Timer,0.15750066936016083
Sample 0,Chronos,0.7976769804954529
Sample 0,Moirai,0.20232301950454712
Sample 0,TimesFM,0.8118178248405457
Sample 0,Moirai,0.18818214535713196
Sample 0,Moirai,0.7809733152389526
Sample 0,Chronos,0.21902668476104736
Sample 0,Chronos,0.5675495266914368
Sample 0,TimesFM,0.43245047330856323
Sample 0,Timer,0.860407292842865
Sample 0,Chronos,0.1395927369594574
Sample 0,Moirai,0.5765348672866821
Sample 0,Time-MoE,0.4234650731086731
Sample 0,Chronos,0.6425285935401917
Sample 0,TimesFM,0.35747143626213074
Sample 0,Chronos,0.8743376731872559
Sample 0,Moirai,0.12566235661506653
Sample 0,TimesFM,0.7117174863815308
Sample 0,Timer,0.288282573223114
Sample 0,TimesFM,0.5610405802726746
Sample 0,Chronos,0.4389594495296478
Sample 0,Timer,0.5054292678833008
Sample 0,TimesFM,0.4945707321166992
Sample 0,Moirai,0.629318356513977
Sample 0,TimesFM,0.37068164348602295
Sample 0,Moirai,0.8621318340301514
Sample 0,Time-MoE,0.1378682404756546
Sample 0,Chronos,0.9168062210083008
Sample 0,Moirai,0.08319385349750519
Sample 0,Chronos,0.982532262802124
Sample 0,Moirai,0.017467696219682693
Sample 0,TimesFM,0.7029839158058167
Sample 0,Chronos,0.29701605439186096
Sample 0,Moirai,0.8208704590797424
Sample 0,Time-MoE,0.17912955582141876
Sample 0,TimesFM,0.7199281454086304
Sample 0,Moirai,0.28007182478904724
Sample 0,TimesFM,0.7195706963539124
Sample 0,Moirai,0.28042930364608765
Sample 0,Chronos,0.8248510360717773
Sample 0,Moirai,0.17514899373054504
Sample 0,Moirai,0.6429442167282104
Sample 0,Chronos,0.35705581307411194
Sample 0,TimesFM,0.5375240445137024
Sample 0,Moirai,0.4624759256839752
Sample 0,TimesFM,0.8204709887504578
Sample 0,Moirai,0.17952896654605865
Sample 0,Chronos,0.6317457556724548
Sample 0,Moirai,0.36825427412986755
Sample 0,Chronos,0.8588799238204956
Sample 0,Timer,0.1411200761795044
Sample 0,Moirai,0.5459647178649902
Sample 0,TimesFM,0.4540352523326874
Sample 0,Chronos,0.7366065979003906
Sample 0,TimesFM,0.2633934020996094
Sample 0,Chronos,0.609098494052887
Sample 0,Timer,0.3909015357494354
Sample 0,Moirai,0.6662815809249878
Sample 0,TimesFM,0.33371835947036743
Sample 0,Moirai,0.5462779998779297
Sample 0,TimesFM,0.4537219703197479
Sample 0,TimesFM,0.8424823880195618
Sample 0,Chronos,0.15751758217811584
Sample 0,TimesFM,0.5536094903945923
Sample 0,Moirai,0.4463904798030853
Sample 0,TimesFM,0.800571084022522
Sample 0,Timer,0.19942891597747803
Sample 0,TimesFM,0.831510603427887
Sample 0,Timer,0.16848942637443542
Sample 0,TimesFM,0.7919509410858154
Sample 0,Chronos,0.20804908871650696
Sample 0,TimesFM,0.7675520181655884
Sample 0,Moirai,0.23244795203208923
Sample 0,TimesFM,0.9293395280838013
Sample 0,Chronos,0.07066044956445694
Sample 0,TimesFM,0.9386614561080933
Sample 0,Moirai,0.061338555067777634
Sample 0,TimesFM,0.9035161733627319
Sample 0,Moirai,0.09648383408784866
Sample 0,TimesFM,0.7261468172073364
Sample 0,Moirai,0.2738531827926636
Sample 0,Chronos,0.8705787658691406
Sample 0,Timer,0.1294211745262146
Sample 0,Chronos,0.7096490859985352
Sample 0,Moirai,0.29035088419914246
Sample 0,Moirai,0.9730151891708374
Sample 0,Chronos,0.026984862983226776
Sample 0,Moirai,0.5971709489822388
Sample 0,Chronos,0.40282905101776123
Sample 0,Moirai,0.8679704666137695
Sample 0,Timer,0.13202956318855286
Sample 0,Moirai,0.5948272943496704
Sample 0,Timer,0.4051727056503296
Sample 0,TimesFM,0.8941652774810791
Sample 0,Chronos,0.1058347225189209
Sample 0,TimesFM,0.8384284377098083
Sample 0,Moirai,0.16157154738903046
Sample 0,TimesFM,0.8085105419158936
Sample 0,Chronos,0.19148950278759003
Sample 0,TimesFM,0.6947910189628601
Sample 0,Chronos,0.3052090108394623
Sample 0,Moirai,0.5178439021110535
Sample 0,TimesFM,0.48215606808662415
Sample 0,Moirai,0.780425488948822
Sample 0,TimesFM,0.21957449615001678
Sample 0,TimesFM,0.5223358273506165
Sample 0,Chronos,0.47766420245170593
Sample 0,TimesFM,0.6270887851715088
Sample 0,Moirai,0.3729112148284912
Sample 0,Timer,0.6459837555885315
Sample 0,TimesFM,0.3540163040161133
Sample 0,Moirai,0.6414722800254822
Sample 0,TimesFM,0.3585277199745178
Sample 0,TimesFM,0.6303302049636841
Sample 0,Chronos,0.3696698546409607
Sample 0,TimesFM,0.9073179364204407
Sample 0,Moirai,0.09268203377723694
Sample 0,TimesFM,0.7818278074264526
Sample 0,Time-MoE,0.21817223727703094
Sample 0,TimesFM,0.8134313821792603
Sample 0,Moirai,0.18656864762306213
Sample 0,Moirai,0.6309492588043213
Sample 0,TimesFM,0.3690507709980011
Sample 0,TimesFM,0.8087783455848694
Sample 0,Moirai,0.19122165441513062
Sample 0,TimesFM,0.8558509945869446
Sample 0,Moirai,0.14414900541305542
Sample 0,TimesFM,0.8871222138404846
Sample 0,Moirai,0.11287778615951538
Sample 0,TimesFM,0.6996939182281494
Sample 0,Moirai,0.300306111574173
Sample 0,Chronos,0.9892666339874268
Sample 0,Timer,0.010733425617218018
Sample 0,Chronos,0.8643890619277954
Sample 0,Timer,0.1356109082698822
Sample 0,Chronos,0.8003212213516235
Sample 0,Timer,0.19967877864837646
Sample 0,Chronos,0.7584917545318604
Sample 0,Moirai,0.24150818586349487
Sample 0,Chronos,0.7103737592697144
Sample 0,Timer,0.28962624073028564
Sample 0,Chronos,0.6292654275894165
Sample 0,Moirai,0.3707346022129059
Sample 0,TimesFM,0.8664941787719727
Sample 0,Chronos,0.13350588083267212
Sample 0,Chronos,0.5496199727058411
Sample 0,TimesFM,0.4503800570964813
Sample 0,Timer,0.7541491985321045
Sample 0,Chronos,0.24585086107254028
Sample 0,TimesFM,0.7717589735984802
Sample 0,Moirai,0.228240966796875
Sample 0,TimesFM,0.8643787503242493
Sample 0,Moirai,0.13562124967575073
Sample 0,TimesFM,0.9398719668388367
Sample 0,Chronos,0.06012808158993721
Sample 0,TimesFM,0.7624448537826538
Sample 0,Moirai,0.23755516111850739
Sample 0,TimesFM,0.911669135093689
Sample 0,Moirai,0.08833082765340805
Sample 0,TimesFM,0.731390118598938
Sample 0,Moirai,0.2686098515987396
Sample 0,Moirai,0.6957865357398987
Sample 0,TimesFM,0.3042134642601013
Sample 0,TimesFM,0.8690050840377808
Sample 0,Moirai,0.13099491596221924
Sample 0,TimesFM,0.8139159083366394
Sample 0,Chronos,0.1860840767621994
Sample 0,Moirai,0.6271671056747437
Sample 0,TimesFM,0.37283289432525635
Sample 0,Time-MoE,0.768945574760437
Sample 0,Timer,0.23105444014072418
Sample 0,TimesFM,0.8776949644088745
Sample 0,Moirai,0.12230505794286728
Sample 0,TimesFM,0.8298978209495544
Sample 0,Time-MoE,0.17010216414928436
Sample 0,Moirai,0.8659339547157288
Sample 0,TimesFM,0.13406601548194885
Sample 0,TimesFM,0.5939359664916992
Sample 0,Chronos,0.4060640335083008
Sample 0,TimesFM,0.5309489369392395
Sample 0,Moirai,0.4690510332584381
Sample 0,Moirai,0.7277177572250366
Sample 0,TimesFM,0.272282212972641
Sample 0,Moirai,0.8298908472061157
Sample 0,TimesFM,0.17010915279388428
Sample 0,TimesFM,0.6175337433815002
Sample 0,Moirai,0.38246625661849976
Sample 0,Moirai,0.8623364567756653
Sample 0,Time-MoE,0.1376635879278183
Sample 0,Time-MoE,0.5147074460983276
Sample 0,TimesFM,0.48529258370399475
Sample 0,Moirai,0.6035651564598083
Sample 0,TimesFM,0.39643487334251404
Sample 0,TimesFM,0.9471184015274048
Sample 0,Chronos,0.05288154259324074
Sample 0,Moirai,0.6922315955162048
Sample 0,TimesFM,0.30776843428611755
Sample 0,Moirai,0.6497290134429932
Sample 0,Time-MoE,0.35027095675468445
Sample 0,TimesFM,0.50618976354599
Sample 0,Moirai,0.49381023645401
Sample 0,Moirai,0.6424351334571838
Sample 0,TimesFM,0.35756492614746094
Sample 0,Moirai,0.5191709995269775
Sample 0,TimesFM,0.48082900047302246
Sample 0,Moirai,0.8551815152168274
Sample 0,TimesFM,0.1448185294866562
Sample 0,TimesFM,0.6436241269111633
Sample 0,Moirai,0.35637593269348145
Sample 0,Moirai,0.7394758462905884
Sample 0,TimesFM,0.2605241537094116
Sample 0,Moirai,0.9291607141494751
Sample 0,TimesFM,0.07083931565284729
Sample 0,Moirai,0.7385944724082947
Sample 0,TimesFM,0.2614055573940277
Sample 0,Moirai,0.5983370542526245
Sample 0,TimesFM,0.4016629755496979
Sample 0,Moirai,0.5898683071136475
Sample 0,TimesFM,0.41013169288635254
Sample 0,Moirai,0.8912699818611145
Sample 0,TimesFM,0.10873004049062729
Sample 0,TimesFM,0.631476104259491
Sample 0,Moirai,0.36852389574050903
Sample 0,TimesFM,0.8894574046134949
Sample 0,Moirai,0.11054255068302155
Sample 0,TimesFM,0.6365596055984497
Sample 0,Moirai,0.3634403645992279
Sample 0,Moirai,0.8271582722663879
Sample 0,TimesFM,0.17284177243709564
Sample 0,Chronos,0.8504654169082642
Sample 0,TimesFM,0.14953461289405823
Sample 0,TimesFM,0.5499668717384338
Sample 0,Chronos,0.45003318786621094
Sample 0,Chronos,0.5070096254348755
Sample 0,Moirai,0.4929903745651245
Sample 0,Moirai,0.9013972878456116
Sample 0,Chronos,0.09860272705554962
Sample 0,TimesFM,0.899858832359314
Sample 0,Chronos,0.10014123469591141
Sample 0,Moirai,0.5851052403450012
Sample 0,TimesFM,0.4148947298526764
Sample 0,Moirai,0.770285964012146
Sample 0,TimesFM,0.2297140210866928
Sample 0,Timer,0.706928014755249
Sample 0,TimesFM,0.293071985244751
Sample 0,Chronos,0.6123682260513306
Sample 0,TimesFM,0.3876318335533142
Sample 0,Timer,0.5568800568580627
Sample 0,TimesFM,0.44311994314193726
Sample 0,TimesFM,0.712717592716217
Sample 0,Moirai,0.28728237748146057
Sample 0,TimesFM,0.9719979763031006
Sample 0,Moirai,0.028002003207802773
Sample 0,Timer,0.5187442898750305
Sample 0,TimesFM,0.4812556505203247
Sample 0,TimesFM,0.8645097017288208
Sample 0,Time-MoE,0.1354903131723404
Sample 0,Moirai,0.8613319396972656
Sample 0,TimesFM,0.13866809010505676
Sample 0,TimesFM,0.907058835029602
Sample 0,Moirai,0.09294118732213974
Sample 0,TimesFM,0.8098031282424927
Sample 0,Moirai,0.19019684195518494
Sample 0,TimesFM,0.5313785076141357
Sample 0,Moirai,0.46862149238586426
Sample 0,TimesFM,0.6344019770622253
Sample 0,Moirai,0.36559802293777466
Sample 0,TimesFM,0.6779632568359375
Sample 0,Moirai,0.3220367729663849
Sample 0,TimesFM,0.8092857599258423
Sample 0,Moirai,0.1907142549753189
Sample 0,TimesFM,0.645976185798645
Sample 0,Moirai,0.354023814201355
Sample 0,TimesFM,0.7896382808685303
Sample 0,Timer,0.21036170423030853
Sample 0,TimesFM,0.7871142029762268
Sample 0,Moirai,0.21288587152957916
Sample 0,Timer,0.5837687253952026
Sample 0,TimesFM,0.41623130440711975
Sample 0,TimesFM,0.5200434923171997
Sample 0,Timer,0.4799565374851227
Sample 0,Moirai,0.6807624697685242
Sample 0,TimesFM,0.31923750042915344
Sample 0,TimesFM,0.7753024101257324
Sample 0,Chronos,0.224697545170784
Sample 0,Chronos,0.6341304779052734
Sample 0,TimesFM,0.3658694624900818
Sample 0,TimesFM,0.5758693218231201
Sample 0,Chronos,0.42413070797920227
Sample 0,TimesFM,0.5103165507316589
Sample 0,Timer,0.4896834194660187
Sample 0,TimesFM,0.8690942525863647
Sample 0,Timer,0.13090579211711884
Sample 0,TimesFM,0.7396316528320312
Sample 0,Timer,0.26036834716796875
Sample 0,Chronos,0.8298557996749878
Sample 0,Time-MoE,0.1701442450284958
Sample 0,Time-MoE,0.669285237789154
Sample 0,TimesFM,0.33071473240852356
Sample 0,Chronos,0.8717177510261536
Sample 0,Timer,0.12828224897384644
Sample 0,Chronos,0.7367467880249023
Sample 0,TimesFM,0.2632531523704529
Sample 0,Chronos,0.9075705409049988
Sample 0,TimesFM,0.0924295112490654
Sample 0,Chronos,0.7788441777229309
Sample 0,TimesFM,0.2211558222770691
Sample 0,TimesFM,0.7505893707275391
Sample 0,Moirai,0.24941062927246094
Sample 0,Chronos,0.5752342939376831
Sample 0,TimesFM,0.4247657060623169
Sample 0,Chronos,0.8259562253952026
Sample 0,Timer,0.17404378950595856
Sample 0,Chronos,0.8197770714759827
Sample 0,Timer,0.1802229881286621
Sample 0,TimesFM,0.7364855408668518
Sample 0,Moirai,0.2635144591331482
Sample 0,Chronos,0.832638680934906
Sample 0,Timer,0.16736134886741638
Sample 0,Chronos,0.9153531193733215
Sample 0,TimesFM,0.08464687317609787
Sample 0,Chronos,0.9251121282577515
Sample 0,Timer,0.07488789409399033
Sample 0,Chronos,0.8711538910865784
Sample 0,TimesFM,0.12884610891342163
Sample 0,Chronos,0.7563637495040894
Sample 0,TimesFM,0.24363620579242706
Sample 0,Chronos,0.9346892833709717
Sample 0,Timer,0.06531079113483429
Sample 0,Chronos,0.9097903370857239
Sample 0,Timer,0.09020964801311493
Sample 0,Time-MoE,0.8235843777656555
Sample 0,Chronos,0.17641563713550568
Sample 0,TimesFM,0.5612815022468567
Sample 0,Chronos,0.4387185275554657
Sample 0,Chronos,0.8556638360023499
Sample 0,TimesFM,0.14433622360229492
Sample 0,Chronos,0.6525407433509827
Sample 0,TimesFM,0.3474592864513397
Sample 0,Chronos,0.7467519640922546
Sample 0,TimesFM,0.25324803590774536
Sample 0,Chronos,0.8067504167556763
Sample 0,TimesFM,0.19324958324432373
Sample 0,Chronos,0.907694935798645
Sample 0,TimesFM,0.09230507165193558
Sample 0,Chronos,0.8706290125846863
Sample 0,TimesFM,0.12937094271183014
Sample 0,TimesFM,0.8132856488227844
Sample 0,Moirai,0.18671438097953796
Sample 0,TimesFM,0.9529554843902588
Sample 0,Chronos,0.04704451933503151
Sample 0,Moirai,0.8791496157646179
Sample 0,TimesFM,0.12085038423538208
Sample 0,Moirai,0.6783250570297241
Sample 0,TimesFM,0.3216749429702759
Sample 0,Chronos,0.9105144739151001
Sample 0,Moirai,0.08948550373315811
Sample 0,TimesFM,0.6631057858467102
Sample 0,Moirai,0.3368942439556122
Sample 0,TimesFM,0.6804028749465942
Sample 0,Timer,0.3195970952510834
Sample 0,TimesFM,0.5360967516899109
Sample 0,Moirai,0.4639032185077667
Sample 0,Chronos,0.7939065098762512
Sample 0,Moirai,0.20609354972839355
Sample 0,Moirai,0.9454861879348755
Sample 0,TimesFM,0.0545138344168663
Sample 0,Timer,0.5757802724838257
Sample 0,TimesFM,0.4242197871208191
Sample 0,Chronos,0.7072165012359619
Sample 0,Time-MoE,0.2927835285663605
Sample 0,Moirai,0.5550186038017273
Sample 0,Chronos,0.4449814260005951
Sample 0,Moirai,0.6598547697067261
Sample 0,Chronos,0.34014520049095154
Sample 0,Time-MoE,0.7865175604820251
Sample 0,TimesFM,0.21348239481449127
Sample 0,TimesFM,0.8440367579460144
Sample 0,Chronos,0.1559632569551468
Sample 0,Moirai,0.6464064717292786
Sample 0,TimesFM,0.35359349846839905
Sample 0,Chronos,0.6158597469329834
Sample 0,TimesFM,0.384140282869339
Sample 0,Moirai,0.9213612079620361
Sample 0,Timer,0.07863881438970566
Sample 0,Chronos,0.5004899501800537
Sample 0,TimesFM,0.4995100796222687
Sample 0,TimesFM,0.7824789881706238
Sample 0,Chronos,0.2175210863351822
Sample 0,TimesFM,0.7896614074707031
Sample 0,Chronos,0.21033862233161926
Sample 0,TimesFM,0.5336515307426453
Sample 0,Moirai,0.46634843945503235
Sample 0,TimesFM,0.9713925719261169
Sample 0,Moirai,0.02860739640891552
Sample 0,TimesFM,0.9500247240066528
Sample 0,Moirai,0.049975331872701645
Sample 0,Timer,0.5314134955406189
Sample 0,TimesFM,0.4685865044593811
Sample 0,Moirai,0.8560163974761963
Sample 0,Chronos,0.1439836025238037
Sample 0,Moirai,0.550289511680603
Sample 0,Timer,0.4497104287147522
Sample 0,Chronos,0.5704238414764404
Sample 0,TimesFM,0.42957615852355957
Sample 0,TimesFM,0.5423195958137512
Sample 0,Timer,0.4576803743839264
Sample 0,Time-MoE,0.6778232455253601
Sample 0,Timer,0.3221767544746399
Sample 0,Timer,0.5678635239601135
Sample 0,TimesFM,0.43213653564453125
Sample 0,Chronos,0.9822301864624023
Sample 0,Moirai,0.017769791185855865
Sample 0,TimesFM,0.7984813451766968
Sample 0,Moirai,0.20151862502098083
Sample 0,Moirai,0.6349354982376099
Sample 0,TimesFM,0.36506444215774536
Sample 0,Moirai,0.561879575252533
Sample 0,TimesFM,0.43812045454978943
Sample 0,Moirai,0.5347853899002075
Sample 0,Time-MoE,0.46521466970443726
Sample 0,Chronos,0.5935577154159546
Sample 0,TimesFM,0.4064422845840454
Sample 0,Moirai,0.9926944971084595
Sample 0,Chronos,0.007305523380637169
Sample 0,TimesFM,0.8767808675765991
Sample 0,Moirai,0.1232190728187561
Sample 0,Chronos,0.7106175422668457
Sample 0,TimesFM,0.2893824577331543
Sample 0,Moirai,0.8402355909347534
Sample 0,Chronos,0.15976445376873016
Sample 0,Moirai,0.578552782535553
Sample 0,TimesFM,0.4214472472667694
Sample 0,Chronos,0.5461529493331909
Sample 0,Moirai,0.45384708046913147
Sample 0,Chronos,0.8196248412132263
Sample 0,Moirai,0.1803751438856125
Sample 0,Moirai,0.9173122048377991
Sample 0,TimesFM,0.08268778026103973
Sample 0,Moirai,0.5068864822387695
Sample 0,TimesFM,0.49311351776123047
Sample 0,TimesFM,0.523173451423645
Sample 0,Chronos,0.4768265187740326
Sample 0,TimesFM,0.9480562210083008
Sample 0,Chronos,0.05194376781582832
Sample 0,Moirai,0.8052539825439453
Sample 0,Chronos,0.1947460025548935
Sample 0,TimesFM,0.6062592267990112
Sample 0,Chronos,0.393740713596344
Sample 0,TimesFM,0.8010145425796509
Sample 0,Timer,0.19898547232151031
Sample 0,TimesFM,0.6719570159912109
Sample 0,Moirai,0.3280429542064667
Sample 0,TimesFM,0.7701882123947144
Sample 0,Chronos,0.22981180250644684
Sample 0,TimesFM,0.8835160732269287
Sample 0,Moirai,0.11648387461900711
Sample 0,Timer,0.8529455065727234
Sample 0,TimesFM,0.147054523229599
Sample 0,Moirai,0.9681951403617859
Sample 0,TimesFM,0.0318048931658268
Sample 0,TimesFM,0.6515509486198425
Sample 0,Moirai,0.3484489917755127
Sample 0,TimesFM,0.905982494354248
Sample 0,Moirai,0.09401751309633255
Sample 0,Moirai,0.7058440446853638
Sample 0,TimesFM,0.2941559851169586
Sample 0,Moirai,0.8782743215560913
Sample 0,TimesFM,0.12172563374042511
Sample 0,TimesFM,0.681380033493042
Sample 0,Moirai,0.318619966506958
Sample 0,Time-MoE,0.6357207298278809
Sample 0,Moirai,0.36427929997444153
Sample 0,Moirai,0.948551595211029
Sample 0,TimesFM,0.051448434591293335
Sample 0,Chronos,0.7559070587158203
Sample 0,Moirai,0.24409298598766327
Sample 0,TimesFM,0.9545267224311829
Sample 0,Timer,0.04547327011823654
Sample 0,Moirai,0.605670690536499
Sample 0,Chronos,0.394329309463501
Sample 0,Moirai,0.7671316862106323
Sample 0,TimesFM,0.2328682690858841
Sample 0,Moirai,0.5453071594238281
Sample 0,Chronos,0.4546928405761719
Sample 0,Chronos,0.6579694747924805
Sample 0,Moirai,0.3420305848121643
Sample 0,Moirai,0.7293685674667358
Sample 0,TimesFM,0.2706313729286194
Sample 0,Time-MoE,0.6399604678153992
Sample 0,Chronos,0.3600395917892456
Sample 0,Time-MoE,0.5420458912849426
Sample 0,Moirai,0.4579541087150574
Sample 0,Moirai,0.9859172701835632
Sample 0,TimesFM,0.014082781970500946
Sample 0,Timer,0.7315767407417297
Sample 0,TimesFM,0.2684232294559479
Sample 0,Time-MoE,0.5638239979743958
Sample 0,TimesFM,0.436176061630249
Sample 0,Chronos,0.738196074962616
Sample 0,Timer,0.26180389523506165
Sample 0,TimesFM,0.877821147441864
Sample 0,Moirai,0.12217888981103897
Sample 0,TimesFM,0.730882465839386
Sample 0,Moirai,0.269117534160614
Sample 0,Chronos,0.6869162321090698
Sample 0,Moirai,0.31308379769325256
Sample 0,Timer,0.6632366180419922
Sample 0,Chronos,0.3367633819580078
Sample 0,Chronos,0.5203792452812195
Sample 0,Moirai,0.47962072491645813
Sample 0,Timer,0.643695592880249
Sample 0,Moirai,0.356304407119751
Sample 0,TimesFM,0.6765038967132568
Sample 0,Chronos,0.32349613308906555
Sample 0,TimesFM,0.7380172610282898
Sample 0,Moirai,0.2619827389717102
Sample 0,Chronos,0.65240478515625
Sample 0,TimesFM,0.3475952446460724
Sample 0,Moirai,0.539578914642334
Sample 0,Chronos,0.4604211151599884
Sample 0,Moirai,0.9538460969924927
Sample 0,TimesFM,0.0461539588868618
Sample 0,Moirai,0.9134379029273987
Sample 0,TimesFM,0.08656206727027893
Sample 0,TimesFM,0.5052046775817871
Sample 0,Moirai,0.4947953224182129
Sample 0,Moirai,0.7179639935493469
Sample 0,TimesFM,0.2820359766483307
Sample 0,TimesFM,0.7697268128395081
Sample 0,Moirai,0.23027318716049194
Sample 0,TimesFM,0.5727423429489136
Sample 0,Moirai,0.42725759744644165
Sample 0,TimesFM,0.8368089199066162
Sample 0,Timer,0.16319110989570618
Sample 0,Moirai,0.5229942202568054
Sample 0,TimesFM,0.4770057201385498
Sample 0,TimesFM,0.9436593651771545
Sample 0,Moirai,0.05634068325161934
Sample 0,Moirai,0.739659309387207
Sample 0,TimesFM,0.26034072041511536
Sample 0,TimesFM,0.7861304879188538
Sample 0,Moirai,0.21386957168579102
Sample 0,TimesFM,0.766730010509491
Sample 0,Moirai,0.23327001929283142
Sample 0,TimesFM,0.9229696393013
Sample 0,Time-MoE,0.07703032344579697
Sample 0,TimesFM,0.58933025598526
Sample 0,Timer,0.41066974401474
Sample 0,TimesFM,0.6939815282821655
Sample 0,Time-MoE,0.3060184419155121
Sample 0,Moirai,0.693260908126831
Sample 0,TimesFM,0.3067391514778137
Sample 0,TimesFM,0.9171414971351624
Sample 0,Timer,0.08285852521657944
Sample 0,TimesFM,0.5860479474067688
Sample 0,Chronos,0.4139520227909088
Sample 0,Chronos,0.9480795860290527
Sample 0,Timer,0.051920484751462936
Sample 0,Chronos,0.6178684830665588
Sample 0,Timer,0.38213151693344116
Sample 0,Moirai,0.6694315671920776
Sample 0,Timer,0.33056849241256714
Sample 0,TimesFM,0.5733308792114258
Sample 0,Time-MoE,0.42666909098625183
Sample 0,Timer,0.7181583642959595
Sample 0,Chronos,0.28184160590171814
Sample 0,Chronos,0.5981709957122803
Sample 0,TimesFM,0.4018290340900421
Sample 0,Chronos,0.5632933974266052
Sample 0,TimesFM,0.43670663237571716
Sample 0,Chronos,0.7252193689346313
Sample 0,Timer,0.27478060126304626
Sample 0,Chronos,0.6882501840591431
Sample 0,TimesFM,0.3117498457431793
Sample 0,Moirai,0.8190160989761353
Sample 0,Time-MoE,0.18098384141921997
Sample 0,TimesFM,0.6279531121253967
Sample 0,Chronos,0.3720468580722809
Sample 0,Chronos,0.8114049434661865
Sample 0,Timer,0.18859508633613586
Sample 0,Chronos,0.792102575302124
Sample 0,Moirai,0.20789740979671478
Sample 0,Chronos,0.7778068780899048
Sample 0,Timer,0.22219312191009521
Sample 0,Chronos,0.5672373175621033
Sample 0,TimesFM,0.4327627420425415
Sample 0,Chronos,0.694124698638916
Sample 0,Time-MoE,0.3058752715587616
Sample 0,Chronos,0.7763300538063049
Sample 0,Timer,0.22366991639137268
Sample 0,Moirai,0.8337451219558716
Sample 0,Timer,0.16625486314296722
Sample 0,Timer,0.7612162828445435
Sample 0,TimesFM,0.23878370225429535
Sample 0,Time-MoE,0.7034740447998047
Sample 0,Moirai,0.2965259552001953
Sample 0,Chronos,0.8872265219688416
Sample 0,Timer,0.11277350783348083
Sample 0,Moirai,0.9722842574119568
Sample 0,TimesFM,0.027715694159269333
Sample 0,Time-MoE,0.518306314945221
Sample 0,Chronos,0.48169368505477905
Sample 0,Chronos,0.924012303352356
Sample 0,Timer,0.07598771899938583
Sample 0,Chronos,0.9233012199401855
Sample 0,TimesFM,0.07669873535633087
Sample 0,Chronos,0.8699281811714172
Sample 0,Timer,0.13007183372974396
Sample 0,TimesFM,0.7250482439994812
Sample 0,Moirai,0.2749517261981964
Sample 0,Time-MoE,0.6139554381370544
Sample 0,Chronos,0.38604459166526794
Sample 0,TimesFM,0.5150080919265747
Sample 0,Time-MoE,0.4849919378757477
Sample 0,Moirai,0.5394266247749329
Sample 0,Time-MoE,0.46057337522506714
Sample 0,Time-MoE,0.6597474217414856
Sample 0,TimesFM,0.340252548456192
Sample 0,Moirai,0.8985750675201416
Sample 0,TimesFM,0.10142497718334198
Sample 0,TimesFM,0.9392611384391785
Sample 0,Moirai,0.060738902539014816
Sample 0,Chronos,0.5373961925506592
Sample 0,TimesFM,0.4626038074493408
Sample 0,Timer,0.6621314883232117
Sample 0,Chronos,0.33786851167678833
Sample 0,Timer,0.5329991579055786
Sample 0,TimesFM,0.4670008718967438
Sample 0,Chronos,0.8258674144744873
Sample 0,TimesFM,0.1741325855255127
Sample 0,TimesFM,0.8388819694519043
Sample 0,Timer,0.1611180603504181
Sample 0,TimesFM,0.531421959400177
Sample 0,Chronos,0.4685780107975006
Sample 0,Chronos,0.6508626341819763
Sample 0,Moirai,0.34913739562034607
Sample 0,Moirai,0.5174744725227356
Sample 0,TimesFM,0.4825255572795868
Sample 0,TimesFM,0.9605762958526611
Sample 0,Chronos,0.03942368924617767
Sample 0,Chronos,0.6248264908790588
Sample 0,TimesFM,0.37517350912094116
Sample 0,TimesFM,0.7988129258155823
Sample 0,Moirai,0.20118707418441772
Sample 0,TimesFM,0.8110371828079224
Sample 0,Moirai,0.18896280229091644
Sample 0,Time-MoE,0.683731198310852
Sample 0,Chronos,0.3162687420845032
Sample 0,Moirai,0.6249213218688965
Sample 0,TimesFM,0.37507861852645874
Sample 0,TimesFM,0.8740939497947693
Sample 0,Time-MoE,0.1259060800075531
Sample 0,Moirai,0.5714190006256104
Sample 0,TimesFM,0.42858102917671204
Sample 0,TimesFM,0.8207508325576782
Sample 0,Moirai,0.179249107837677
Sample 0,Timer,0.6092833876609802
Sample 0,TimesFM,0.3907166123390198
Sample 0,Moirai,0.7646543383598328
Sample 0,Chronos,0.23534570634365082
Sample 0,Moirai,0.9255535006523132
Sample 0,TimesFM,0.07444652169942856
Sample 0,Moirai,0.8006334900856018
Sample 0,Timer,0.1993665248155594
Sample 0,TimesFM,0.9845362305641174
Sample 0,Moirai,0.01546381413936615
Sample 0,TimesFM,0.8906726241111755
Sample 0,Chronos,0.10932738333940506
Sample 0,TimesFM,0.9282432794570923
Sample 0,Moirai,0.07175673544406891
Sample 0,TimesFM,0.8469682931900024
Sample 0,Moirai,0.15303164720535278
Sample 0,TimesFM,0.8879936933517456
Sample 0,Moirai,0.11200637370347977
Sample 0,TimesFM,0.8732853531837463
Sample 0,Moirai,0.12671464681625366
Sample 0,TimesFM,0.7975940704345703
Sample 0,Moirai,0.2024058699607849
Sample 0,TimesFM,0.8446986675262451
Sample 0,Moirai,0.15530134737491608
Sample 0,TimesFM,0.8792450428009033
Sample 0,Moirai,0.1207548975944519
Sample 0,Moirai,0.5004014372825623
Sample 0,TimesFM,0.49959856271743774
Sample 0,TimesFM,0.7426294088363647
Sample 0,Moirai,0.25737065076828003
Sample 0,TimesFM,0.8434852957725525
Sample 0,Moirai,0.1565147042274475
Sample 0,TimesFM,0.9266647100448608
Sample 0,Moirai,0.07333531230688095
Sample 0,Chronos,0.7259340882301331
Sample 0,Moirai,0.27406594157218933
Sample 0,Moirai,0.9091436266899109
Sample 0,Chronos,0.0908564105629921
Sample 0,Moirai,0.7679574489593506
Sample 0,Chronos,0.2320425659418106
Sample 0,Moirai,0.9095308184623718
Sample 0,Time-MoE,0.09046915173530579
Sample 0,Chronos,0.5638525485992432
Sample 0,Timer,0.43614742159843445
Sample 0,Chronos,0.7711119651794434
Sample 0,Time-MoE,0.22888797521591187
Sample 0,TimesFM,0.8532814979553223
Sample 0,Moirai,0.14671851694583893
Sample 0,Chronos,0.6123400330543518
Sample 0,TimesFM,0.3876599371433258
Sample 0,TimesFM,0.9697968363761902
Sample 0,Chronos,0.03020310215651989
Sample 0,Chronos,0.7074369788169861
Sample 0,Time-MoE,0.2925630509853363
Sample 0,TimesFM,0.9012905955314636
Sample 0,Moirai,0.09870938211679459
Sample 0,TimesFM,0.6657516956329346
Sample 0,Moirai,0.33424830436706543
Sample 0,Moirai,0.5254325866699219
Sample 0,Time-MoE,0.4745674133300781
Sample 0,TimesFM,0.7121348977088928
Sample 0,Moirai,0.28786513209342957
Sample 0,TimesFM,0.7537468075752258
Sample 0,Timer,0.24625323712825775
Sample 0,Moirai,0.6876599192619324
Sample 0,TimesFM,0.31234002113342285
Sample 0,Moirai,0.6888501048088074
Sample 0,TimesFM,0.3111498951911926
Sample 0,Timer,0.6349820494651794
Sample 0,Time-MoE,0.36501801013946533
Sample 0,TimesFM,0.5321448445320129
Sample 0,Chronos,0.46785518527030945
Sample 0,TimesFM,0.8945041298866272
Sample 0,Moirai,0.10549584031105042
Sample 0,TimesFM,0.507992684841156
Sample 0,Timer,0.4920072853565216
Sample 0,Moirai,0.7117868065834045
Sample 0,TimesFM,0.28821319341659546
Sample 0,TimesFM,0.8036068081855774
Sample 0,Moirai,0.1963931769132614
Sample 0,TimesFM,0.8528783917427063
Sample 0,Timer,0.1471215784549713
Sample 0,Moirai,0.8350422382354736
Sample 0,Chronos,0.16495777666568756
Sample 0,TimesFM,0.5240960717201233
Sample 0,Moirai,0.4759039282798767
Sample 0,Moirai,0.6854547262191772
Sample 0,TimesFM,0.31454524397850037
Sample 0,Moirai,0.8974335789680481
Sample 0,TimesFM,0.10256639868021011
Sample 0,Time-MoE,0.8353955149650574
Sample 0,Chronos,0.16460447013378143
Sample 0,TimesFM,0.830724835395813
Sample 0,Moirai,0.1692751944065094
Sample 0,Moirai,0.760632336139679
Sample 0,TimesFM,0.23936760425567627
Sample 0,Moirai,0.6964016556739807
Sample 0,TimesFM,0.3035983741283417
Sample 0,Moirai,0.5593644380569458
Sample 0,TimesFM,0.4406355619430542
Sample 0,TimesFM,0.5882347822189331
Sample 0,Moirai,0.4117652177810669
Sample 0,Moirai,0.5961684584617615
Sample 0,TimesFM,0.4038315713405609
Sample 0,TimesFM,0.5885469317436218
Sample 0,Moirai,0.4114530086517334
Sample 0,Moirai,0.754050612449646
Sample 0,TimesFM,0.2459494024515152
Sample 0,TimesFM,0.7019142508506775
Sample 0,Time-MoE,0.2980857193470001
Sample 0,Moirai,0.9221991300582886
Sample 0,Chronos,0.07780090719461441
Sample 0,TimesFM,0.588485836982727
Sample 0,Moirai,0.41151419281959534
Sample 0,TimesFM,0.8957745432853699
Sample 0,Time-MoE,0.10422543436288834
Sample 0,TimesFM,0.6177870631217957
Sample 0,Time-MoE,0.38221290707588196
Sample 0,Chronos,0.743845522403717
Sample 0,TimesFM,0.25615447759628296
Sample 0,Moirai,0.5072146654129028
Sample 0,Time-MoE,0.49278536438941956
Sample 0,Timer,0.5578803420066833
Sample 0,Moirai,0.44211965799331665
Sample 0,Moirai,0.9329684972763062
Sample 0,Chronos,0.06703153252601624
Sample 0,Moirai,0.5366671681404114
Sample 0,TimesFM,0.46333280205726624
Sample 0,Chronos,0.8405394554138184
Sample 0,Moirai,0.15946055948734283
Sample 0,TimesFM,0.8191276788711548
Sample 0,Moirai,0.18087230622768402
Sample 0,TimesFM,0.7964664101600647
Sample 0,Chronos,0.2035336196422577
Sample 0,Moirai,0.6095905303955078
Sample 0,TimesFM,0.39040952920913696
Sample 0,Chronos,0.8985376954078674
Sample 0,Timer,0.10146228224039078
Sample 0,Chronos,0.5364601016044617
Sample 0,TimesFM,0.4635399281978607
Sample 0,TimesFM,0.581364631652832
Sample 0,Chronos,0.41863536834716797
Sample 0,Moirai,0.6748229265213013
Sample 0,TimesFM,0.32517704367637634
Sample 0,TimesFM,0.9537492394447327
Sample 0,Moirai,0.04625071957707405
Sample 0,Moirai,0.5444154739379883
Sample 0,TimesFM,0.4555845558643341
Sample 0,TimesFM,0.8660914301872253
Sample 0,Moirai,0.13390854001045227
Sample 0,TimesFM,0.7747191786766052
Sample 0,Moirai,0.22528083622455597
Sample 0,Chronos,0.6675660014152527
Sample 0,TimesFM,0.3324340581893921
Sample 0,Timer,0.7548724412918091
Sample 0,Moirai,0.2451276034116745
Sample 0,Moirai,0.5593345761299133
Sample 0,Timer,0.44066545367240906
Sample 0,Time-MoE,0.5127855539321899
Sample 0,TimesFM,0.48721444606781006
Sample 0,Timer,0.6582672595977783
Sample 0,Moirai,0.3417327105998993
Sample 0,Moirai,0.7049028277397156
Sample 0,Chronos,0.29509714245796204
Sample 0,Moirai,0.685594379901886
Sample 0,TimesFM,0.3144056499004364
Sample 0,TimesFM,0.6965725421905518
Sample 0,Moirai,0.30342745780944824
Sample 0,TimesFM,0.5320018529891968
Sample 0,Chronos,0.4679981470108032
Sample 0,TimesFM,0.6932640075683594
Sample 0,Moirai,0.306736022233963
Sample 0,Chronos,0.7612263560295105
Sample 0,Moirai,0.23877361416816711
Sample 0,TimesFM,0.9312703013420105
Sample 0,Chronos,0.06872974336147308
Sample 0,TimesFM,0.8729585409164429
Sample 0,Chronos,0.12704144418239594
Sample 0,TimesFM,0.6144083738327026
Sample 0,Chronos,0.38559162616729736
Sample 0,Time-MoE,0.5349698662757874
Sample 0,Chronos,0.46503016352653503
Sample 0,Chronos,0.5135918259620667
Sample 0,Moirai,0.48640817403793335
Sample 0,Chronos,0.7746456861495972
Sample 0,TimesFM,0.22535428404808044
Sample 0,Chronos,0.6552971601486206
Sample 0,Time-MoE,0.3447028398513794
Sample 0,TimesFM,0.7486448884010315
Sample 0,Chronos,0.25135505199432373
Sample 0,Chronos,0.537011981010437
Sample 0,Moirai,0.462988018989563
Sample 0,Moirai,0.533166766166687
Sample 0,TimesFM,0.4668332636356354
Sample 0,Chronos,0.5410507917404175
Sample 0,Timer,0.4589492082595825
Sample 0,Chronos,0.7249454855918884
Sample 0,Time-MoE,0.27505457401275635
Sample 0,Chronos,0.9198788404464722
Sample 0,TimesFM,0.08012115955352783
Sample 0,Chronos,0.7008640170097351
Sample 0,TimesFM,0.2991360127925873
Sample 0,Chronos,0.9742703437805176
Sample 0,Time-MoE,0.025729630142450333
Sample 0,Chronos,0.8749784231185913
Sample 0,TimesFM,0.12502159178256989
Sample 0,Chronos,0.7671528458595276
Sample 0,Timer,0.2328471690416336
Sample 0,Chronos,0.7978519797325134
Sample 0,Timer,0.20214802026748657
Sample 0,TimesFM,0.7258286476135254
Sample 0,Time-MoE,0.2741713523864746
Sample 0,Chronos,0.944329559803009
Sample 0,TimesFM,0.05567037686705589
Sample 0,Chronos,0.7012865543365479
Sample 0,TimesFM,0.29871347546577454
Sample 0,Chronos,0.6835033297538757
Sample 0,TimesFM,0.31649667024612427
Sample 0,Chronos,0.6533517241477966
Sample 0,TimesFM,0.34664830565452576
Sample 0,Chronos,0.9376245141029358
Sample 0,TimesFM,0.06237547844648361
Sample 0,Chronos,0.7399691343307495
Sample 0,TimesFM,0.26003092527389526
Sample 0,Chronos,0.9320555329322815
Sample 0,TimesFM,0.06794451177120209
Sample 0,Chronos,0.8786705732345581
Sample 0,TimesFM,0.1213293969631195
Sample 0,TimesFM,0.6917110085487366
Sample 0,Chronos,0.30828893184661865
Sample 0,TimesFM,0.823067307472229
Sample 0,Moirai,0.17693275213241577
Sample 0,Chronos,0.7913783192634583
Sample 0,Moirai,0.20862166583538055
Sample 0,TimesFM,0.5515864491462708
Sample 0,Moirai,0.448413610458374
Sample 0,Moirai,0.7941950559616089
Sample 0,TimesFM,0.2058049887418747
Sample 0,Moirai,0.6779285669326782
Sample 0,TimesFM,0.32207146286964417
Sample 0,Chronos,0.8250768184661865
Sample 0,TimesFM,0.17492318153381348
Sample 0,TimesFM,0.7885313630104065
Sample 0,Chronos,0.21146859228610992
Sample 0,TimesFM,0.5979813933372498
Sample 0,Time-MoE,0.40201860666275024
Sample 0,Chronos,0.7043409943580627
Sample 0,TimesFM,0.29565903544425964
Sample 0,TimesFM,0.6146776676177979
Sample 0,Moirai,0.3853223919868469
Sample 0,TimesFM,0.7385807633399963
Sample 0,Moirai,0.2614192068576813
Sample 0,TimesFM,0.5467133522033691
Sample 0,Moirai,0.45328667759895325
Sample 0,Chronos,0.8649070262908936
Sample 0,Moirai,0.13509298861026764
Sample 0,Moirai,0.8759583234786987
Sample 0,Time-MoE,0.12404165416955948
Sample 0,TimesFM,0.6779634356498718
Sample 0,Moirai,0.32203662395477295
Sample 0,Moirai,0.688416063785553
Sample 0,TimesFM,0.311583936214447
Sample 0,Moirai,0.8750923275947571
Sample 0,Chronos,0.12490770220756531
Sample 0,TimesFM,0.5783399343490601
Sample 0,Moirai,0.42166009545326233
Sample 0,Chronos,0.648934006690979
Sample 0,TimesFM,0.3510660231113434
Sample 0,TimesFM,0.5451570153236389
Sample 0,Chronos,0.45484301447868347
Sample 0,Moirai,0.788421094417572
Sample 0,Chronos,0.21157896518707275
Sample 0,TimesFM,0.7617586255073547
Sample 0,Timer,0.23824135959148407
Sample 0,TimesFM,0.7907279133796692
Sample 0,Timer,0.20927207171916962
Sample 0,Moirai,0.5805932283401489
Sample 0,TimesFM,0.41940680146217346
Sample 0,Time-MoE,0.5861518383026123
Sample 0,Moirai,0.4138481616973877
Sample 0,Moirai,0.6403563022613525
Sample 0,TimesFM,0.35964369773864746
Sample 0,Chronos,0.7915173768997192
Sample 0,Timer,0.20848265290260315
Sample 0,Moirai,0.9121382236480713
Sample 0,TimesFM,0.08786171674728394
Sample 0,Chronos,0.5056140422821045
Sample 0,Timer,0.4943859279155731
Sample 0,TimesFM,0.8644571304321289
Sample 0,Timer,0.1355428397655487
Sample 0,Chronos,0.7916246652603149
Sample 0,Time-MoE,0.20837533473968506
Sample 0,Chronos,0.8009226322174072
Sample 0,TimesFM,0.19907735288143158
Sample 0,Chronos,0.9450885653495789
Sample 0,TimesFM,0.054911453276872635
Sample 0,Timer,0.528739869594574
Sample 0,Chronos,0.4712601602077484
Sample 0,TimesFM,0.6386826038360596
Sample 0,Timer,0.36131736636161804
Sample 0,Moirai,0.8289970755577087
Sample 0,TimesFM,0.17100290954113007
Sample 0,TimesFM,0.8635090589523315
Sample 0,Time-MoE,0.13649094104766846
Sample 0,TimesFM,0.8286001682281494
Sample 0,Moirai,0.17139987647533417
Sample 0,Moirai,0.9548169374465942
Sample 0,TimesFM,0.04518310725688934
Sample 0,Moirai,0.7061974406242371
Sample 0,TimesFM,0.29380252957344055
Sample 0,TimesFM,0.6911444067955017
Sample 0,Chronos,0.3088555335998535
Sample 0,Moirai,0.8077388405799866
Sample 0,Timer,0.19226109981536865
Sample 0,Moirai,0.7457325458526611
Sample 0,Chronos,0.25426748394966125
Sample 0,Moirai,0.8907309174537659
Sample 0,Chronos,0.10926912724971771
Sample 0,Chronos,0.7628727555274963
Sample 0,Moirai,0.23712731897830963
Sample 0,Chronos,0.7068736553192139
Sample 0,TimesFM,0.29312634468078613
Sample 0,TimesFM,0.6398538947105408
Sample 0,Moirai,0.36014610528945923
Sample 0,TimesFM,0.710856556892395
Sample 0,Moirai,0.2891434133052826
Sample 0,Chronos,0.918546736240387
Sample 0,TimesFM,0.08145319670438766
Sample 0,Moirai,0.8465065956115723
Sample 0,TimesFM,0.15349340438842773
Sample 0,TimesFM,0.9409574866294861
Sample 0,Timer,0.059042494744062424
Sample 0,Chronos,0.5139889717102051
Sample 0,TimesFM,0.4860110282897949
Sample 0,TimesFM,0.7906576991081238
Sample 0,Moirai,0.20934228599071503
Sample 0,TimesFM,0.813870906829834
Sample 0,Chronos,0.18612906336784363
Sample 0,Time-MoE,0.5431607365608215
Sample 0,Chronos,0.45683929324150085
Sample 0,Moirai,0.597055196762085
Sample 0,Chronos,0.40294480323791504
Sample 0,TimesFM,0.7940052151679993
Sample 0,Moirai,0.20599475502967834
Sample 0,Timer,0.5475901365280151
Sample 0,Moirai,0.4524098038673401
Sample 0,Time-MoE,0.7384425401687622
Sample 0,TimesFM,0.26155751943588257
Sample 0,TimesFM,0.5344663858413696
Sample 0,Chronos,0.46553361415863037
Sample 0,TimesFM,0.7176820635795593
Sample 0,Moirai,0.2823179066181183
Sample 0,TimesFM,0.5260276794433594
Sample 0,Moirai,0.4739723205566406
Sample 0,Chronos,0.9182713627815247
Sample 0,Moirai,0.08172870427370071
Sample 0,TimesFM,0.7471375465393066
Sample 0,Moirai,0.2528623938560486
Sample 0,TimesFM,0.77977454662323
Sample 0,Chronos,0.22022545337677002
Sample 0,TimesFM,0.683610737323761
Sample 0,Moirai,0.316389262676239
Sample 0,Moirai,0.7838600277900696
Sample 0,TimesFM,0.21613994240760803
Sample 0,TimesFM,0.8534453511238098
Sample 0,Chronos,0.14655472338199615
Sample 0,TimesFM,0.6515009999275208
Sample 0,Moirai,0.34849902987480164
Sample 0,Chronos,0.946665346622467
Sample 0,Moirai,0.05333463475108147
Sample 0,Moirai,0.7649944424629211
Sample 0,Timer,0.23500555753707886
Sample 0,Chronos,0.6751901507377625
Sample 0,TimesFM,0.3248099088668823
Sample 0,Timer,0.6418108940124512
Sample 0,TimesFM,0.3581891655921936
Sample 0,TimesFM,0.9013543128967285
Sample 0,Chronos,0.09864568710327148
Sample 0,Timer,0.5315709710121155
Sample 0,Chronos,0.46842896938323975
Sample 0,Moirai,0.7566127777099609
Sample 0,Chronos,0.24338728189468384
Sample 0,TimesFM,0.5149329304695129
Sample 0,Timer,0.4850670397281647
Sample 0,TimesFM,0.7377902269363403
Sample 0,Moirai,0.2622097134590149
Sample 0,Chronos,0.6629261374473572
Sample 0,Moirai,0.3370738923549652
Sample 0,Chronos,0.790073812007904
Sample 0,TimesFM,0.20992617309093475
Sample 0,TimesFM,0.7461754679679871
Sample 0,Time-MoE,0.25382453203201294
Sample 0,Moirai,0.6607373952865601
Sample 0,TimesFM,0.33926257491111755
Sample 0,Chronos,0.8288184404373169
Sample 0,TimesFM,0.17118161916732788
Sample 0,Chronos,0.5549205541610718
Sample 0,TimesFM,0.4450794458389282
Sample 0,TimesFM,0.8339235782623291
Sample 0,Chronos,0.1660764068365097
Sample 0,Chronos,0.8981198072433472
Sample 0,TimesFM,0.10188015550374985
Sample 0,TimesFM,0.619857668876648
Sample 0,Chronos,0.38014230132102966
Sample 0,Moirai,0.6742100715637207
Sample 0,Chronos,0.3257898986339569
Sample 0,Chronos,0.5713958740234375
Sample 0,TimesFM,0.4286041557788849
Sample 0,TimesFM,0.5721604228019714
Sample 0,Chronos,0.42783957719802856
Sample 0,Moirai,0.9131007194519043
Sample 0,TimesFM,0.0868992954492569
Sample 0,Moirai,0.744052529335022
Sample 0,TimesFM,0.255947470664978
Sample 0,Moirai,0.8973870277404785
Sample 0,TimesFM,0.10261298716068268
Sample 0,TimesFM,0.9178788661956787
Sample 0,Moirai,0.0821210965514183
Sample 0,Moirai,0.6721484065055847
Sample 0,Chronos,0.3278515636920929
Sample 0,TimesFM,0.707147479057312
Sample 0,Moirai,0.2928524613380432
Sample 0,TimesFM,0.6715192198753357
Sample 0,Moirai,0.3284808099269867
Sample 0,TimesFM,0.7347450852394104
Sample 0,Timer,0.2652549147605896
Sample 0,TimesFM,0.8961533308029175
Sample 0,Chronos,0.10384669899940491
Sample 0,TimesFM,0.5124991536140442
Sample 0,Chronos,0.4875008165836334
Sample 0,TimesFM,0.6723905205726624
Sample 0,Time-MoE,0.32760950922966003
Sample 0,TimesFM,0.821233332157135
Sample 0,Moirai,0.1787666231393814
Sample 0,TimesFM,0.7808001637458801
Sample 0,Moirai,0.21919983625411987
Sample 0,TimesFM,0.8765366077423096
Sample 0,Timer,0.12346332520246506
Sample 0,Timer,0.6346741914749146
Sample 0,Chronos,0.3653258681297302
Sample 0,Time-MoE,0.5998420119285583
Sample 0,Timer,0.40015795826911926
Sample 0,Chronos,0.8050413131713867
Sample 0,TimesFM,0.1949586570262909
Sample 0,Chronos,0.7845859527587891
Sample 0,TimesFM,0.21541406214237213
Sample 0,Moirai,0.6125699877738953
Sample 0,TimesFM,0.3874300718307495
Sample 0,Chronos,0.9375694394111633
Sample 0,Moirai,0.062430594116449356
Sample 0,Chronos,0.6279270648956299
Sample 0,Time-MoE,0.37207290530204773
Sample 0,Chronos,0.9158570766448975
Sample 0,Timer,0.08414290100336075
Sample 0,Chronos,0.8833848237991333
Sample 0,Time-MoE,0.11661524325609207
Sample 0,TimesFM,0.6967256665229797
Sample 0,Moirai,0.3032743036746979
Sample 0,Chronos,0.9672834277153015
Sample 0,Timer,0.032716602087020874
Sample 0,TimesFM,0.8742721676826477
Sample 0,Timer,0.1257278174161911
Sample 0,Chronos,0.9559853672981262
Sample 0,Moirai,0.04401464760303497
Sample 0,Chronos,0.987403154373169
Sample 0,Time-MoE,0.012596853077411652
Sample 0,TimesFM,0.572698712348938
Sample 0,Moirai,0.42730122804641724
Sample 0,Time-MoE,0.5986365675926208
Sample 0,Timer,0.40136340260505676
Sample 0,TimesFM,0.5976884961128235
Sample 0,Time-MoE,0.4023114740848541
Sample 0,Moirai,0.7439009547233582
Sample 0,TimesFM,0.25609901547431946
Sample 0,Time-MoE,0.7554195523262024
Sample 0,TimesFM,0.24458047747612
Sample 0,Timer,0.5548483729362488
Sample 0,Moirai,0.4451516270637512
Sample 0,Moirai,0.7600921988487244
Sample 0,Chronos,0.23990778625011444
Sample 0,Moirai,0.9059956073760986
Sample 0,Timer,0.094004325568676
Sample 0,Moirai,0.5300261378288269
Sample 0,Chronos,0.4699738323688507
Sample 0,TimesFM,0.7674956321716309
Sample 0,Moirai,0.23250441253185272
Sample 0,Timer,0.5906795859336853
Sample 0,Chronos,0.4093204140663147
Sample 0,Chronos,0.5250272154808044
Sample 0,Moirai,0.47497278451919556
Sample 0,TimesFM,0.6628447771072388
Sample 0,Chronos,0.337155282497406
Sample 0,Moirai,0.6427743434906006
Sample 0,Chronos,0.3572256863117218
Sample 0,Timer,0.6886168718338013
Sample 0,TimesFM,0.31138309836387634
Sample 0,TimesFM,0.5490308403968811
Sample 0,Timer,0.4509691894054413
Sample 0,Time-MoE,0.9258661866188049
Sample 0,Chronos,0.07413377612829208
Sample 0,Timer,0.6096887588500977
Sample 0,Moirai,0.39031127095222473
Sample 0,Chronos,0.7572529911994934
Sample 0,Time-MoE,0.2427469938993454
Sample 0,Chronos,0.9391286373138428
Sample 0,Time-MoE,0.06087135151028633
Sample 0,Moirai,0.5060672163963318
Sample 0,Time-MoE,0.4939327836036682
Sample 0,Chronos,0.9640212059020996
Sample 0,Moirai,0.03597880154848099
Sample 0,Chronos,0.9318612217903137
Sample 0,Timer,0.06813876330852509
Sample 0,Timer,0.5027374625205994
Sample 0,Time-MoE,0.49726250767707825
Sample 0,Moirai,0.9371436238288879
Sample 0,TimesFM,0.06285633146762848
Sample 0,Moirai,0.5170277953147888
Sample 0,Time-MoE,0.48297223448753357
Sample 0,Moirai,0.8931549787521362
Sample 0,TimesFM,0.10684502124786377
Sample 0,TimesFM,0.6717440485954285
Sample 0,Moirai,0.32825595140457153
Sample 0,TimesFM,0.6797484755516052
Sample 0,Time-MoE,0.3202515244483948
Sample 0,Time-MoE,0.6375244855880737
Sample 0,Moirai,0.36247551441192627
Sample 0,Time-MoE,0.785106360912323
Sample 0,Moirai,0.21489360928535461
Sample 0,Time-MoE,0.7665148377418518
Sample 0,TimesFM,0.233485147356987
Sample 0,Time-MoE,0.6487382054328918
Sample 0,Moirai,0.35126179456710815
Sample 0,TimesFM,0.7854859232902527
Sample 0,Time-MoE,0.21451404690742493
Sample 0,Time-MoE,0.5134164094924927
Sample 0,Moirai,0.48658356070518494
Sample 0,TimesFM,0.7220615148544312
Sample 0,Moirai,0.27793848514556885
Sample 0,Moirai,0.5537437200546265
Sample 0,TimesFM,0.44625625014305115
Sample 0,TimesFM,0.5418071150779724
Sample 0,Time-MoE,0.4581928253173828
Sample 0,Time-MoE,0.647617757320404
Sample 0,TimesFM,0.3523823022842407
Sample 0,Chronos,0.5485062599182129
Sample 0,Moirai,0.4514937102794647
Sample 0,Timer,0.6536542773246765
Sample 0,Chronos,0.34634578227996826
Sample 0,Moirai,0.7740702033042908
Sample 0,Timer,0.22592982649803162
Sample 0,Chronos,0.6934754848480225
Sample 0,TimesFM,0.3065245449542999
Sample 0,Chronos,0.88262939453125
Sample 0,Time-MoE,0.11737053841352463
Sample 0,TimesFM,0.5298715233802795
Sample 0,Timer,0.47012850642204285
Sample 0,TimesFM,0.5285668969154358
Sample 0,Moirai,0.4714331328868866
Sample 0,Moirai,0.8386644124984741
Sample 0,TimesFM,0.16133566200733185
Sample 0,TimesFM,0.8130499720573425
Sample 0,Time-MoE,0.18695002794265747
Sample 0,TimesFM,0.6623511910438538
Sample 0,Chronos,0.33764874935150146
Sample 0,TimesFM,0.9439113140106201
Sample 0,Moirai,0.05608862638473511
Sample 0,Chronos,0.6218445897102356
Sample 0,TimesFM,0.3781554400920868
Sample 0,Time-MoE,0.7420625686645508
Sample 0,Chronos,0.25793737173080444
Sample 0,TimesFM,0.7187552452087402
Sample 0,Chronos,0.28124475479125977
Sample 0,Chronos,0.822269082069397
Sample 0,Time-MoE,0.17773091793060303
Sample 0,Chronos,0.9767246246337891
Sample 0,Moirai,0.02327539213001728
Sample 0,Chronos,0.9018980860710144
Sample 0,Timer,0.09810195863246918
Sample 0,Chronos,0.8706347942352295
Sample 0,Timer,0.12936516106128693
Sample 0,Chronos,0.8231084942817688
Sample 0,Timer,0.1768914759159088
Sample 0,Chronos,0.7212154865264893
Sample 0,Moirai,0.27878451347351074
Sample 0,Chronos,0.8223211169242859
Sample 0,Timer,0.17767885327339172
Sample 0,Chronos,0.82614666223526
Sample 0,Timer,0.1738533079624176
Sample 0,TimesFM,0.5458510518074036
Sample 0,Timer,0.4541490077972412
Sample 0,TimesFM,0.6912132501602173
Sample 0,Time-MoE,0.3087867498397827
Sample 0,Moirai,0.9215803742408752
Sample 0,TimesFM,0.07841966301202774
Sample 0,Time-MoE,0.5289803743362427
Sample 0,Chronos,0.4710196256637573
Sample 0,TimesFM,0.6910672187805176
Sample 0,Time-MoE,0.30893275141716003
Sample 0,Chronos,0.6280901432037354
Sample 0,Moirai,0.37190985679626465
Sample 0,TimesFM,0.7509932518005371
Sample 0,Chronos,0.24900680780410767
Sample 0,TimesFM,0.5870920419692993
Sample 0,Timer,0.41290798783302307
Sample 0,TimesFM,0.8830720782279968
Sample 0,Chronos,0.11692792177200317
Sample 0,Moirai,0.7313082218170166
Sample 0,TimesFM,0.2686917185783386
Sample 0,TimesFM,0.8149545192718506
Sample 0,Time-MoE,0.18504546582698822
Sample 0,TimesFM,0.8186715245246887
Sample 0,Chronos,0.18132846057415009
Sample 0,TimesFM,0.5896116495132446
Sample 0,Time-MoE,0.41038838028907776
Sample 0,Moirai,0.5093684196472168
Sample 0,TimesFM,0.4906315505504608
Sample 0,Chronos,0.7221590280532837
Sample 0,Time-MoE,0.27784091234207153
Sample 0,TimesFM,0.6945109963417053
Sample 0,Timer,0.3054889738559723
Sample 0,Moirai,0.5303841829299927
Sample 0,TimesFM,0.46961578726768494
Sample 0,TimesFM,0.5673813819885254
Sample 0,Moirai,0.432618647813797
Sample 0,Timer,0.6505624055862427
Sample 0,Moirai,0.34943756461143494
Sample 0,Moirai,0.9915143251419067
Sample 0,TimesFM,0.00848568044602871
Sample 0,Moirai,0.5067248344421387
Sample 0,Time-MoE,0.49327510595321655
Sample 0,Moirai,0.7347422242164612
Sample 0,Chronos,0.26525771617889404
Sample 0,Time-MoE,0.6142043471336365
Sample 0,TimesFM,0.3857956528663635
Sample 0,Chronos,0.7461149096488953
Sample 0,Timer,0.25388506054878235
Sample 0,Moirai,0.5271950960159302
Sample 0,TimesFM,0.47280487418174744
Sample 0,Chronos,0.5704875588417053
Sample 0,TimesFM,0.4295124113559723
Sample 0,TimesFM,0.7852068543434143
Sample 0,Timer,0.21479317545890808
Sample 0,Timer,0.7962251901626587
Sample 0,TimesFM,0.2037748098373413
Sample 0,TimesFM,0.6617141962051392
Sample 0,Moirai,0.33828574419021606
Sample 0,Chronos,0.551241397857666
Sample 0,TimesFM,0.448758602142334
Sample 0,Time-MoE,0.7047920227050781
Sample 0,TimesFM,0.2952079474925995
Sample 0,Chronos,0.9261547923088074
Sample 0,TimesFM,0.0738452598452568
Sample 0,Chronos,0.8173686861991882
Sample 0,TimesFM,0.18263137340545654
Sample 0,Chronos,0.8919342756271362
Sample 0,TimesFM,0.10806573927402496
Sample 0,Chronos,0.976070761680603
Sample 0,Timer,0.023929225280880928
Sample 0,Chronos,0.8605803847312927
Sample 0,TimesFM,0.1394195854663849
Sample 0,Chronos,0.7122731804847717
Sample 0,TimesFM,0.2877267599105835
Sample 0,Chronos,0.8837871551513672
Sample 0,Moirai,0.11621281504631042
Sample 0,TimesFM,0.9283369779586792
Sample 0,Moirai,0.0716630145907402
Sample 0,Chronos,0.9117112755775452
Sample 0,Moirai,0.08828871697187424
Sample 0,Chronos,0.9317603707313538
Sample 0,TimesFM,0.06823961436748505
Sample 0,Chronos,0.875214159488678
Sample 0,Timer,0.1247858926653862
Sample 0,Chronos,0.5957732796669006
Sample 0,TimesFM,0.40422675013542175
Sample 0,Chronos,0.7130090594291687
Sample 0,Moirai,0.2869909405708313
Sample 0,TimesFM,0.9248648881912231
Sample 0,Moirai,0.07513507455587387
Sample 0,TimesFM,0.6796760559082031
Sample 0,Moirai,0.32032400369644165
Sample 0,Moirai,0.5704268217086792
Sample 0,TimesFM,0.4295732080936432
Sample 0,Timer,0.5174547433853149
Sample 0,Moirai,0.48254528641700745
Sample 0,TimesFM,0.5462708473205566
Sample 0,Moirai,0.45372918248176575
Sample 0,Timer,0.625235378742218
Sample 0,TimesFM,0.3747645914554596
Sample 0,Chronos,0.9672564268112183
Sample 0,Moirai,0.03274351730942726
Sample 0,TimesFM,0.7431231737136841
Sample 0,Chronos,0.25687676668167114
Sample 0,TimesFM,0.7957576513290405
Sample 0,Moirai,0.20424239337444305
Sample 0,Moirai,0.8123680353164673
Sample 0,TimesFM,0.1876320242881775
Sample 0,Chronos,0.9031064510345459
Sample 0,Timer,0.0968935638666153
Sample 0,TimesFM,0.5339740514755249
Sample 0,Timer,0.4660260081291199
Sample 0,Chronos,0.8681381344795227
Sample 0,Timer,0.1318618804216385
Sample 0,Chronos,0.5716139078140259
Sample 0,Moirai,0.4283860921859741
Sample 0,Chronos,0.7075144052505493
Sample 0,Timer,0.2924855947494507
Sample 0,Chronos,0.5687208771705627
Sample 0,TimesFM,0.43127915263175964
Sample 0,Chronos,0.7729037404060364
Sample 0,Timer,0.22709625959396362
Sample 0,Chronos,0.7479013204574585
Sample 0,Moirai,0.25209861993789673
Sample 0,TimesFM,0.9146386981010437
Sample 0,Moirai,0.0853612944483757
Sample 0,Chronos,0.864250123500824
Sample 0,Timer,0.13574984669685364
Sample 0,Chronos,0.9591820240020752
Sample 0,Timer,0.04081794619560242
Sample 0,Chronos,0.7573928236961365
Sample 0,Timer,0.24260717630386353
Sample 0,Timer,0.647308886051178
Sample 0,TimesFM,0.35269105434417725
Sample 0,TimesFM,0.835834801197052
Sample 0,Moirai,0.164165198802948
Sample 0,TimesFM,0.7474544048309326
Sample 0,Moirai,0.25254565477371216
Sample 0,Moirai,0.5877388119697571
Sample 0,TimesFM,0.4122611880302429
Sample 0,Moirai,0.5072686076164246
Sample 0,Timer,0.49273136258125305
Sample 0,TimesFM,0.5412167906761169
Sample 0,Moirai,0.45878317952156067
Sample 0,Timer,0.5613712072372437
Sample 0,Chronos,0.43862876296043396
Sample 0,Chronos,0.9546545743942261
Sample 0,Timer,0.04534544050693512
Sample 0,TimesFM,0.9092337489128113
Sample 0,Moirai,0.09076628088951111
Sample 0,Timer,0.6880359649658203
Sample 0,Chronos,0.3119640648365021
Sample 0,Chronos,0.9442675113677979
Sample 0,Time-MoE,0.055732548236846924
Sample 0,Chronos,0.6744105815887451
Sample 0,Timer,0.32558944821357727
Sample 0,Chronos,0.8506096005439758
Sample 0,Timer,0.14939045906066895
Sample 0,Chronos,0.7017854452133179
Sample 0,TimesFM,0.29821455478668213
Sample 0,Chronos,0.830108642578125
Sample 0,Timer,0.16989141702651978
Sample 0,TimesFM,0.5201401114463806
Sample 0,Moirai,0.4798598885536194
Sample 0,TimesFM,0.9151943922042847
Sample 0,Moirai,0.08480563014745712
Sample 0,TimesFM,0.773274302482605
Sample 0,Moirai,0.22672569751739502
Sample 0,TimesFM,0.9008883237838745
Sample 0,Chronos,0.09911169856786728
Sample 0,TimesFM,0.7097234725952148
Sample 0,Moirai,0.29027649760246277
Sample 0,TimesFM,0.8444450497627258
Sample 0,Timer,0.15555499494075775
Sample 0,Moirai,0.5548335909843445
Sample 0,TimesFM,0.4451664388179779
Sample 0,Time-MoE,0.5384987592697144
Sample 0,Chronos,0.46150121092796326
Sample 0,TimesFM,0.7029748558998108
Sample 0,Chronos,0.2970251441001892
Sample 0,Chronos,0.9243048429489136
Sample 0,Moirai,0.07569514960050583
Sample 0,Chronos,0.5170519351959229
Sample 0,Timer,0.48294806480407715
Sample 0,Moirai,0.5811071991920471
Sample 0,Chronos,0.41889283061027527
Sample 0,Timer,0.570202112197876
Sample 0,Moirai,0.4297979474067688
Sample 0,Moirai,0.5398040413856506
Sample 0,Chronos,0.4601958990097046
Sample 0,TimesFM,0.9930235147476196
Sample 0,Moirai,0.006976415868848562
Sample 0,Moirai,0.5924991965293884
Sample 0,Chronos,0.40750083327293396
Sample 0,TimesFM,0.8244771361351013
Sample 0,Chronos,0.17552289366722107
Sample 0,Moirai,0.8811846971511841
Sample 0,Time-MoE,0.11881531774997711
Sample 0,Moirai,0.993759274482727
Sample 0,Chronos,0.006240705493837595
Sample 0,Chronos,0.9729295372962952
Sample 0,Moirai,0.027070431038737297
Sample 0,Chronos,0.8456781506538391
Sample 0,TimesFM,0.1543218046426773
Sample 0,Chronos,0.8683589696884155
Sample 0,Timer,0.13164108991622925
Sample 0,TimesFM,0.5706346035003662
Sample 0,Moirai,0.4293654263019562
Sample 0,TimesFM,0.8008577823638916
Sample 0,Moirai,0.1991422325372696
Sample 0,Chronos,0.5763894319534302
Sample 0,Moirai,0.4236105680465698
Sample 0,Moirai,0.7890433669090271
Sample 0,TimesFM,0.2109566628932953
Sample 0,TimesFM,0.5367396473884583
Sample 0,Chronos,0.46326035261154175
Sample 0,TimesFM,0.8441994190216064
Sample 0,Moirai,0.15580061078071594
Sample 0,Chronos,0.9943817257881165
Sample 0,Timer,0.005618349649012089
Sample 0,TimesFM,0.7314978241920471
Sample 0,Timer,0.2685021162033081
Sample 0,TimesFM,0.8604207038879395
Sample 0,Moirai,0.13957929611206055
Sample 0,Chronos,0.8773899674415588
Sample 0,Moirai,0.12261002510786057
Sample 0,Moirai,0.7524848580360413
Sample 0,Chronos,0.24751511216163635
Sample 0,Chronos,0.7198176980018616
Sample 0,Moirai,0.2801823019981384
Sample 0,Chronos,0.5283699631690979
Sample 0,TimesFM,0.4716300368309021
Sample 0,Chronos,0.8727544546127319
Sample 0,Timer,0.12724554538726807
Sample 0,Chronos,0.9160504937171936
Sample 0,TimesFM,0.083949513733387
Sample 0,Moirai,0.6616361737251282
Sample 0,TimesFM,0.3383638262748718
Sample 0,TimesFM,0.7009153962135315
Sample 0,Moirai,0.2990846037864685
Sample 0,TimesFM,0.7486160397529602
Sample 0,Moirai,0.2513839900493622
Sample 0,TimesFM,0.6014049053192139
Sample 0,Moirai,0.39859509468078613
Sample 0,Chronos,0.5245408415794373
Sample 0,Moirai,0.47545918822288513
Sample 0,Moirai,0.9206517934799194
Sample 0,Time-MoE,0.07934826612472534
Sample 0,Chronos,0.8988293409347534
Sample 0,Time-MoE,0.10117064416408539
Sample 0,TimesFM,0.7903959155082703
Sample 0,Timer,0.20960402488708496
Sample 0,TimesFM,0.6895940899848938
Sample 0,Moirai,0.3104059100151062
Sample 0,Timer,0.6769498586654663
Sample 0,Time-MoE,0.32305020093917847
Sample 0,Chronos,0.569139838218689
Sample 0,Moirai,0.43086016178131104
Sample 0,Chronos,0.6921979784965515
Sample 0,Time-MoE,0.3078020215034485
Sample 0,Chronos,0.511485755443573
Sample 0,Moirai,0.4885142743587494
Sample 0,Chronos,0.9284523725509644
Sample 0,TimesFM,0.07154764980077744
Sample 0,TimesFM,0.5531125068664551
Sample 0,Chronos,0.44688746333122253
Sample 0,Moirai,0.6573718786239624
Sample 0,Time-MoE,0.3426281809806824
Sample 0,Chronos,0.7411656379699707
Sample 0,Moirai,0.2588343918323517
Sample 0,Moirai,0.6909040808677673
Sample 0,TimesFM,0.30909591913223267
Sample 0,TimesFM,0.8205065727233887
Sample 0,Moirai,0.17949344217777252
Sample 0,Chronos,0.8974323272705078
Sample 0,TimesFM,0.10256767272949219
Sample 0,Chronos,0.887060284614563
Sample 0,Moirai,0.11293966323137283
Sample 0,Chronos,0.9220564961433411
Sample 0,Moirai,0.07794348150491714
Sample 0,Chronos,0.9527576565742493
Sample 0,Timer,0.04724235087633133
Sample 0,Chronos,0.8178924918174744
Sample 0,Timer,0.18210753798484802
Sample 0,Chronos,0.9209362268447876
Sample 0,Timer,0.07906380295753479
Sample 0,Chronos,0.5108211636543274
Sample 0,TimesFM,0.4891788363456726
Sample 0,TimesFM,0.842499315738678
Sample 0,Timer,0.15750066936016083
Sample 0,Chronos,0.7976769804954529
Sample 0,Moirai,0.20232301950454712
Sample 0,TimesFM,0.8118178248405457
Sample 0,Moirai,0.18818214535713196
Sample 0,Moirai,0.7809733152389526
Sample 0,Chronos,0.21902668476104736
Sample 0,Chronos,0.5675495266914368
Sample 0,TimesFM,0.43245047330856323
Sample 0,Timer,0.860407292842865
Sample 0,Chronos,0.1395927369594574
Sample 0,Moirai,0.5765348672866821
Sample 0,Time-MoE,0.4234650731086731
Sample 0,Chronos,0.6425285935401917
Sample 0,TimesFM,0.35747143626213074
Sample 0,Chronos,0.8743376731872559
Sample 0,Moirai,0.12566235661506653
Sample 0,TimesFM,0.7117174863815308
Sample 0,Timer,0.288282573223114
Sample 0,TimesFM,0.5610405802726746
Sample 0,Chronos,0.4389594495296478
Sample 0,Timer,0.5054292678833008
Sample 0,TimesFM,0.4945707321166992
Sample 0,Moirai,0.629318356513977
Sample 0,TimesFM,0.37068164348602295
Sample 0,Moirai,0.8621318340301514
Sample 0,Time-MoE,0.1378682404756546
Sample 0,Chronos,0.9168062210083008
Sample 0,Moirai,0.08319385349750519
Sample 0,Chronos,0.982532262802124
Sample 0,Moirai,0.017467696219682693
Sample 0,TimesFM,0.7029839158058167
Sample 0,Chronos,0.29701605439186096
Sample 0,Moirai,0.8208704590797424
Sample 0,Time-MoE,0.17912955582141876
Sample 0,TimesFM,0.7199281454086304
Sample 0,Moirai,0.28007182478904724
Sample 0,TimesFM,0.7195706963539124
Sample 0,Moirai,0.28042930364608765
Sample 0,Chronos,0.8248510360717773
Sample 0,Moirai,0.17514899373054504
Sample 0,Moirai,0.6429442167282104
Sample 0,Chronos,0.35705581307411194
Sample 0,TimesFM,0.5375240445137024
Sample 0,Moirai,0.4624759256839752
Sample 0,TimesFM,0.8204709887504578
Sample 0,Moirai,0.17952896654605865
Sample 0,Chronos,0.6317457556724548
Sample 0,Moirai,0.36825427412986755
Sample 0,Chronos,0.8588799238204956
Sample 0,Timer,0.1411200761795044
Sample 0,Moirai,0.5459647178649902
Sample 0,TimesFM,0.4540352523326874
Sample 0,Chronos,0.7366065979003906
Sample 0,TimesFM,0.2633934020996094
Sample 0,Chronos,0.609098494052887
Sample 0,Timer,0.3909015357494354
Sample 0,Moirai,0.6662815809249878
Sample 0,TimesFM,0.33371835947036743
Sample 0,Moirai,0.5462779998779297
Sample 0,TimesFM,0.4537219703197479
Sample 0,TimesFM,0.8424823880195618
Sample 0,Chronos,0.15751758217811584
Sample 0,TimesFM,0.5536094903945923
Sample 0,Moirai,0.4463904798030853
Sample 0,TimesFM,0.800571084022522
Sample 0,Timer,0.19942891597747803
Sample 0,TimesFM,0.831510603427887
Sample 0,Timer,0.16848942637443542
Sample 0,TimesFM,0.7919509410858154
Sample 0,Chronos,0.20804908871650696
Sample 0,TimesFM,0.7675520181655884
Sample 0,Moirai,0.23244795203208923
Sample 0,TimesFM,0.9293395280838013
Sample 0,Chronos,0.07066044956445694
Sample 0,TimesFM,0.9386614561080933
Sample 0,Moirai,0.061338555067777634
Sample 0,TimesFM,0.9035161733627319
Sample 0,Moirai,0.09648383408784866
Sample 0,TimesFM,0.7261468172073364
Sample 0,Moirai,0.2738531827926636
Sample 0,Chronos,0.8705787658691406
Sample 0,Timer,0.1294211745262146
Sample 0,Chronos,0.7096490859985352
Sample 0,Moirai,0.29035088419914246
Sample 0,Moirai,0.9730151891708374
Sample 0,Chronos,0.026984862983226776
Sample 0,Moirai,0.5971709489822388
Sample 0,Chronos,0.40282905101776123
Sample 0,Moirai,0.8679704666137695
Sample 0,Timer,0.13202956318855286
Sample 0,Moirai,0.5948272943496704
Sample 0,Timer,0.4051727056503296
Sample 0,TimesFM,0.8941652774810791
Sample 0,Chronos,0.1058347225189209
Sample 0,TimesFM,0.8384284377098083
Sample 0,Moirai,0.16157154738903046
Sample 0,TimesFM,0.8085105419158936
Sample 0,Chronos,0.19148950278759003
Sample 0,TimesFM,0.6947910189628601
Sample 0,Chronos,0.3052090108394623
Sample 0,Moirai,0.5178439021110535
Sample 0,TimesFM,0.48215606808662415
Sample 0,Moirai,0.780425488948822
Sample 0,TimesFM,0.21957449615001678
Sample 0,TimesFM,0.5223358273506165
Sample 0,Chronos,0.47766420245170593
Sample 0,TimesFM,0.6270887851715088
Sample 0,Moirai,0.3729112148284912
Sample 0,Timer,0.6459837555885315
Sample 0,TimesFM,0.3540163040161133
Sample 0,Moirai,0.6414722800254822
Sample 0,TimesFM,0.3585277199745178
Sample 0,TimesFM,0.6303302049636841
Sample 0,Chronos,0.3696698546409607
Sample 0,TimesFM,0.9073179364204407
Sample 0,Moirai,0.09268203377723694
Sample 0,TimesFM,0.7818278074264526
Sample 0,Time-MoE,0.21817223727703094
Sample 0,TimesFM,0.8134313821792603
Sample 0,Moirai,0.18656864762306213
Sample 0,Moirai,0.6309492588043213
Sample 0,TimesFM,0.3690507709980011
Sample 0,TimesFM,0.8087783455848694
Sample 0,Moirai,0.19122165441513062
Sample 0,TimesFM,0.8558509945869446
Sample 0,Moirai,0.14414900541305542
Sample 0,TimesFM,0.8871222138404846
Sample 0,Moirai,0.11287778615951538
Sample 0,TimesFM,0.6996939182281494
Sample 0,Moirai,0.300306111574173
Sample 0,Chronos,0.9892666339874268
Sample 0,Timer,0.010733425617218018
Sample 0,Chronos,0.8643890619277954
Sample 0,Timer,0.1356109082698822
Sample 0,Chronos,0.8003212213516235
Sample 0,Timer,0.19967877864837646
Sample 0,Chronos,0.7584917545318604
Sample 0,Moirai,0.24150818586349487
Sample 0,Chronos,0.7103737592697144
Sample 0,Timer,0.28962624073028564
Sample 0,Chronos,0.6292654275894165
Sample 0,Moirai,0.3707346022129059
Sample 0,TimesFM,0.8664941787719727
Sample 0,Chronos,0.13350588083267212
Sample 0,Chronos,0.5496199727058411
Sample 0,TimesFM,0.4503800570964813
Sample 0,Timer,0.7541491985321045
Sample 0,Chronos,0.24585086107254028
Sample 0,TimesFM,0.7717589735984802
Sample 0,Moirai,0.228240966796875
Sample 0,TimesFM,0.8643787503242493
Sample 0,Moirai,0.13562124967575073
Sample 0,TimesFM,0.9398719668388367
Sample 0,Chronos,0.06012808158993721
Sample 0,TimesFM,0.7624448537826538
Sample 0,Moirai,0.23755516111850739
Sample 0,TimesFM,0.911669135093689
Sample 0,Moirai,0.08833082765340805
Sample 0,TimesFM,0.731390118598938
Sample 0,Moirai,0.2686098515987396
Sample 0,Moirai,0.6957865357398987
Sample 0,TimesFM,0.3042134642601013
Sample 0,TimesFM,0.8690050840377808
Sample 0,Moirai,0.13099491596221924
Sample 0,TimesFM,0.8139159083366394
Sample 0,Chronos,0.1860840767621994
Sample 0,Moirai,0.6271671056747437
Sample 0,TimesFM,0.37283289432525635
Sample 0,Time-MoE,0.768945574760437
Sample 0,Timer,0.23105444014072418
Sample 0,TimesFM,0.8776949644088745
Sample 0,Moirai,0.12230505794286728
Sample 0,TimesFM,0.8298978209495544
Sample 0,Time-MoE,0.17010216414928436
Sample 0,Moirai,0.8659339547157288
Sample 0,TimesFM,0.13406601548194885
Sample 0,TimesFM,0.5939359664916992
Sample 0,Chronos,0.4060640335083008
Sample 0,TimesFM,0.5309489369392395
Sample 0,Moirai,0.4690510332584381
Sample 0,Moirai,0.7277177572250366
Sample 0,TimesFM,0.272282212972641
Sample 0,Moirai,0.8298908472061157
Sample 0,TimesFM,0.17010915279388428
Sample 0,TimesFM,0.6175337433815002
Sample 0,Moirai,0.38246625661849976
Sample 0,Moirai,0.8623364567756653
Sample 0,Time-MoE,0.1376635879278183
Sample 0,Time-MoE,0.5147074460983276
Sample 0,TimesFM,0.48529258370399475
Sample 0,Moirai,0.6035651564598083
Sample 0,TimesFM,0.39643487334251404
Sample 0,TimesFM,0.9471184015274048
Sample 0,Chronos,0.05288154259324074
Sample 0,Moirai,0.6922315955162048
Sample 0,TimesFM,0.30776843428611755
Sample 0,Moirai,0.6497290134429932
Sample 0,Time-MoE,0.35027095675468445
Sample 0,TimesFM,0.50618976354599
Sample 0,Moirai,0.49381023645401
Sample 0,Moirai,0.6424351334571838
Sample 0,TimesFM,0.35756492614746094
Sample 0,Moirai,0.5191709995269775
Sample 0,TimesFM,0.48082900047302246
Sample 0,Moirai,0.8551815152168274
Sample 0,TimesFM,0.1448185294866562
Sample 0,TimesFM,0.6436241269111633
Sample 0,Moirai,0.35637593269348145
Sample 0,Moirai,0.7394758462905884
Sample 0,TimesFM,0.2605241537094116
Sample 0,Moirai,0.9291607141494751
Sample 0,TimesFM,0.07083931565284729
Sample 0,Moirai,0.7385944724082947
Sample 0,TimesFM,0.2614055573940277
Sample 0,Moirai,0.5983370542526245
Sample 0,TimesFM,0.4016629755496979
Sample 0,Moirai,0.5898683071136475
Sample 0,TimesFM,0.41013169288635254
Sample 0,Moirai,0.8912699818611145
Sample 0,TimesFM,0.10873004049062729
Sample 0,TimesFM,0.631476104259491
Sample 0,Moirai,0.36852389574050903
Sample 0,TimesFM,0.8894574046134949
Sample 0,Moirai,0.11054255068302155
Sample 0,TimesFM,0.6365596055984497
Sample 0,Moirai,0.3634403645992279
Sample 0,Moirai,0.8271582722663879
Sample 0,TimesFM,0.17284177243709564
Sample 0,Chronos,0.8504654169082642
Sample 0,TimesFM,0.14953461289405823
Sample 0,TimesFM,0.5499668717384338
Sample 0,Chronos,0.45003318786621094
Sample 0,Chronos,0.5070096254348755
Sample 0,Moirai,0.4929903745651245
Sample 0,Moirai,0.9013972878456116
Sample 0,Chronos,0.09860272705554962
Sample 0,TimesFM,0.899858832359314
Sample 0,Chronos,0.10014123469591141
Sample 0,Moirai,0.5851052403450012
Sample 0,TimesFM,0.4148947298526764
Sample 0,Moirai,0.770285964012146
Sample 0,TimesFM,0.2297140210866928
Sample 0,Timer,0.706928014755249
Sample 0,TimesFM,0.293071985244751
Sample 0,Chronos,0.6123682260513306
Sample 0,TimesFM,0.3876318335533142
Sample 0,Timer,0.5568800568580627
Sample 0,TimesFM,0.44311994314193726
Sample 0,TimesFM,0.712717592716217
Sample 0,Moirai,0.28728237748146057
Sample 0,TimesFM,0.9719979763031006
Sample 0,Moirai,0.028002003207802773
Sample 0,Timer,0.5187442898750305
Sample 0,TimesFM,0.4812556505203247
Sample 0,TimesFM,0.8645097017288208
Sample 0,Time-MoE,0.1354903131723404
Sample 0,Moirai,0.8613319396972656
Sample 0,TimesFM,0.13866809010505676
Sample 0,TimesFM,0.907058835029602
Sample 0,Moirai,0.09294118732213974
Sample 0,TimesFM,0.8098031282424927
Sample 0,Moirai,0.19019684195518494
Sample 0,TimesFM,0.5313785076141357
Sample 0,Moirai,0.46862149238586426
Sample 0,TimesFM,0.6344019770622253
Sample 0,Moirai,0.36559802293777466
Sample 0,TimesFM,0.6779632568359375
Sample 0,Moirai,0.3220367729663849
Sample 0,TimesFM,0.8092857599258423
Sample 0,Moirai,0.1907142549753189
Sample 0,TimesFM,0.645976185798645
Sample 0,Moirai,0.354023814201355
Sample 0,TimesFM,0.7896382808685303
Sample 0,Timer,0.21036170423030853
Sample 0,TimesFM,0.7871142029762268
Sample 0,Moirai,0.21288587152957916
Sample 0,Timer,0.5837687253952026
Sample 0,TimesFM,0.41623130440711975
Sample 0,TimesFM,0.5200434923171997
Sample 0,Timer,0.4799565374851227
Sample 0,Moirai,0.6807624697685242
Sample 0,TimesFM,0.31923750042915344
Sample 0,TimesFM,0.7753024101257324
Sample 0,Chronos,0.224697545170784
Sample 0,Chronos,0.6341304779052734
Sample 0,TimesFM,0.3658694624900818
Sample 0,TimesFM,0.5758693218231201
Sample 0,Chronos,0.42413070797920227
Sample 0,TimesFM,0.5103165507316589
Sample 0,Timer,0.4896834194660187
Sample 0,TimesFM,0.8690942525863647
Sample 0,Timer,0.13090579211711884
Sample 0,TimesFM,0.7396316528320312
Sample 0,Timer,0.26036834716796875
Sample 0,Chronos,0.8298557996749878
Sample 0,Time-MoE,0.1701442450284958
Sample 0,Time-MoE,0.669285237789154
Sample 0,TimesFM,0.33071473240852356
Sample 0,Chronos,0.8717177510261536
Sample 0,Timer,0.12828224897384644
Sample 0,Chronos,0.7367467880249023
Sample 0,TimesFM,0.2632531523704529
Sample 0,Chronos,0.9075705409049988
Sample 0,TimesFM,0.0924295112490654
Sample 0,Chronos,0.7788441777229309
Sample 0,TimesFM,0.2211558222770691
Sample 0,TimesFM,0.7505893707275391
Sample 0,Moirai,0.24941062927246094
Sample 0,Chronos,0.5752342939376831
Sample 0,TimesFM,0.4247657060623169
Sample 0,Chronos,0.8259562253952026
Sample 0,Timer,0.17404378950595856
Sample 0,Chronos,0.8197770714759827
Sample 0,Timer,0.1802229881286621
Sample 0,TimesFM,0.7364855408668518
Sample 0,Moirai,0.2635144591331482
Sample 0,Chronos,0.832638680934906
Sample 0,Timer,0.16736134886741638
Sample 0,Chronos,0.9153531193733215
Sample 0,TimesFM,0.08464687317609787
Sample 0,Chronos,0.9251121282577515
Sample 0,Timer,0.07488789409399033
Sample 0,Chronos,0.8711538910865784
Sample 0,TimesFM,0.12884610891342163
Sample 0,Chronos,0.7563637495040894
Sample 0,TimesFM,0.24363620579242706
Sample 0,Chronos,0.9346892833709717
Sample 0,Timer,0.06531079113483429
Sample 0,Chronos,0.9097903370857239
Sample 0,Timer,0.09020964801311493
Sample 0,Time-MoE,0.8235843777656555
Sample 0,Chronos,0.17641563713550568
Sample 0,TimesFM,0.5612815022468567
Sample 0,Chronos,0.4387185275554657
Sample 0,Chronos,0.8556638360023499
Sample 0,TimesFM,0.14433622360229492
Sample 0,Chronos,0.6525407433509827
Sample 0,TimesFM,0.3474592864513397
Sample 0,Chronos,0.7467519640922546
Sample 0,TimesFM,0.25324803590774536
Sample 0,Chronos,0.8067504167556763
Sample 0,TimesFM,0.19324958324432373
Sample 0,Chronos,0.907694935798645
Sample 0,TimesFM,0.09230507165193558
Sample 0,Chronos,0.8706290125846863
Sample 0,TimesFM,0.12937094271183014
Sample 0,TimesFM,0.8132856488227844
Sample 0,Moirai,0.18671438097953796
Sample 0,TimesFM,0.9529554843902588
Sample 0,Chronos,0.04704451933503151
Sample 0,Moirai,0.8791496157646179
Sample 0,TimesFM,0.12085038423538208
Sample 0,Moirai,0.6783250570297241
Sample 0,TimesFM,0.3216749429702759
Sample 0,Chronos,0.9105144739151001
Sample 0,Moirai,0.08948550373315811
Sample 0,TimesFM,0.6631057858467102
Sample 0,Moirai,0.3368942439556122
Sample 0,TimesFM,0.6804028749465942
Sample 0,Timer,0.3195970952510834
Sample 0,TimesFM,0.5360967516899109
Sample 0,Moirai,0.4639032185077667
Sample 0,Chronos,0.7939065098762512
Sample 0,Moirai,0.20609354972839355
Sample 0,Moirai,0.9454861879348755
Sample 0,TimesFM,0.0545138344168663
Sample 0,Timer,0.5757802724838257
Sample 0,TimesFM,0.4242197871208191
Sample 0,Chronos,0.7072165012359619
Sample 0,Time-MoE,0.2927835285663605
Sample 0,Moirai,0.5550186038017273
Sample 0,Chronos,0.4449814260005951
Sample 0,Moirai,0.6598547697067261
Sample 0,Chronos,0.34014520049095154
Sample 0,Time-MoE,0.7865175604820251
Sample 0,TimesFM,0.21348239481449127
Sample 0,TimesFM,0.8440367579460144
Sample 0,Chronos,0.1559632569551468
Sample 0,Moirai,0.6464064717292786
Sample 0,TimesFM,0.35359349846839905
Sample 0,Chronos,0.6158597469329834
Sample 0,TimesFM,0.384140282869339
Sample 0,Moirai,0.9213612079620361
Sample 0,Timer,0.07863881438970566
Sample 0,Chronos,0.5004899501800537
Sample 0,TimesFM,0.4995100796222687
Sample 0,TimesFM,0.7824789881706238
Sample 0,Chronos,0.2175210863351822
Sample 0,TimesFM,0.7896614074707031
Sample 0,Chronos,0.21033862233161926
Sample 0,TimesFM,0.5336515307426453
Sample 0,Moirai,0.46634843945503235
Sample 0,TimesFM,0.9713925719261169
Sample 0,Moirai,0.02860739640891552
Sample 0,TimesFM,0.9500247240066528
Sample 0,Moirai,0.049975331872701645
Sample 0,Timer,0.5314134955406189
Sample 0,TimesFM,0.4685865044593811
Sample 0,Moirai,0.8560163974761963
Sample 0,Chronos,0.1439836025238037
Sample 0,Moirai,0.550289511680603
Sample 0,Timer,0.4497104287147522
Sample 0,Chronos,0.5704238414764404
Sample 0,TimesFM,0.42957615852355957
Sample 0,TimesFM,0.5423195958137512
Sample 0,Timer,0.4576803743839264
Sample 0,Time-MoE,0.6778232455253601
Sample 0,Timer,0.3221767544746399
Sample 0,Timer,0.5678635239601135
Sample 0,TimesFM,0.43213653564453125
Sample 0,Chronos,0.9822301864624023
Sample 0,Moirai,0.017769791185855865
Sample 0,TimesFM,0.7984813451766968
Sample 0,Moirai,0.20151862502098083
Sample 0,Moirai,0.6349354982376099
Sample 0,TimesFM,0.36506444215774536
Sample 0,Moirai,0.561879575252533
Sample 0,TimesFM,0.43812045454978943
Sample 0,Moirai,0.5347853899002075
Sample 0,Time-MoE,0.46521466970443726
Sample 0,Chronos,0.5935577154159546
Sample 0,TimesFM,0.4064422845840454
Sample 0,Moirai,0.9926944971084595
Sample 0,Chronos,0.007305523380637169
Sample 0,TimesFM,0.8767808675765991
Sample 0,Moirai,0.1232190728187561
Sample 0,Chronos,0.7106175422668457
Sample 0,TimesFM,0.2893824577331543
Sample 0,Moirai,0.8402355909347534
Sample 0,Chronos,0.15976445376873016
Sample 0,Moirai,0.578552782535553
Sample 0,TimesFM,0.4214472472667694
Sample 0,Chronos,0.5461529493331909
Sample 0,Moirai,0.45384708046913147
Sample 0,Chronos,0.8196248412132263
Sample 0,Moirai,0.1803751438856125
Sample 0,Moirai,0.9173122048377991
Sample 0,TimesFM,0.08268778026103973
Sample 0,Moirai,0.5068864822387695
Sample 0,TimesFM,0.49311351776123047
Sample 0,TimesFM,0.523173451423645
Sample 0,Chronos,0.4768265187740326
Sample 0,TimesFM,0.9480562210083008
Sample 0,Chronos,0.05194376781582832
Sample 0,Moirai,0.8052539825439453
Sample 0,Chronos,0.1947460025548935
Sample 0,TimesFM,0.6062592267990112
Sample 0,Chronos,0.393740713596344
Sample 0,TimesFM,0.8010145425796509
Sample 0,Timer,0.19898547232151031
Sample 0,TimesFM,0.6719570159912109
Sample 0,Moirai,0.3280429542064667
Sample 0,TimesFM,0.7701882123947144
Sample 0,Chronos,0.22981180250644684
Sample 0,TimesFM,0.8835160732269287
Sample 0,Moirai,0.11648387461900711
Sample 0,Timer,0.8529455065727234
Sample 0,TimesFM,0.147054523229599
Sample 0,Moirai,0.9681951403617859
Sample 0,TimesFM,0.0318048931658268
Sample 0,TimesFM,0.6515509486198425
Sample 0,Moirai,0.3484489917755127
Sample 0,TimesFM,0.905982494354248
Sample 0,Moirai,0.09401751309633255
Sample 0,Moirai,0.7058440446853638
Sample 0,TimesFM,0.2941559851169586
Sample 0,Moirai,0.8782743215560913
Sample 0,TimesFM,0.12172563374042511
Sample 0,TimesFM,0.681380033493042
Sample 0,Moirai,0.318619966506958
Sample 0,Time-MoE,0.6357207298278809
Sample 0,Moirai,0.36427929997444153
Sample 0,Moirai,0.948551595211029
Sample 0,TimesFM,0.051448434591293335
Sample 0,Chronos,0.7559070587158203
Sample 0,Moirai,0.24409298598766327
Sample 0,TimesFM,0.9545267224311829
Sample 0,Timer,0.04547327011823654
Sample 0,Moirai,0.605670690536499
Sample 0,Chronos,0.394329309463501
Sample 0,Moirai,0.7671316862106323
Sample 0,TimesFM,0.2328682690858841
Sample 0,Moirai,0.5453071594238281
Sample 0,Chronos,0.4546928405761719
Sample 0,Chronos,0.6579694747924805
Sample 0,Moirai,0.3420305848121643
Sample 0,Moirai,0.7293685674667358
Sample 0,TimesFM,0.2706313729286194
Sample 0,Time-MoE,0.6399604678153992
Sample 0,Chronos,0.3600395917892456
Sample 0,Time-MoE,0.5420458912849426
Sample 0,Moirai,0.4579541087150574
Sample 0,Moirai,0.9859172701835632
Sample 0,TimesFM,0.014082781970500946
Sample 0,Timer,0.7315767407417297
Sample 0,TimesFM,0.2684232294559479
Sample 0,Time-MoE,0.5638239979743958
Sample 0,TimesFM,0.436176061630249
Sample 0,Chronos,0.738196074962616
Sample 0,Timer,0.26180389523506165
Sample 0,TimesFM,0.877821147441864
Sample 0,Moirai,0.12217888981103897
Sample 0,TimesFM,0.730882465839386
Sample 0,Moirai,0.269117534160614
Sample 0,Chronos,0.6869162321090698
Sample 0,Moirai,0.31308379769325256
Sample 0,Timer,0.6632366180419922
Sample 0,Chronos,0.3367633819580078
Sample 0,Chronos,0.5203792452812195
Sample 0,Moirai,0.47962072491645813
Sample 0,Timer,0.643695592880249
Sample 0,Moirai,0.356304407119751
Sample 0,TimesFM,0.6765038967132568
Sample 0,Chronos,0.32349613308906555
Sample 0,TimesFM,0.7380172610282898
Sample 0,Moirai,0.2619827389717102
Sample 0,Chronos,0.65240478515625
Sample 0,TimesFM,0.3475952446460724
Sample 0,Moirai,0.539578914642334
Sample 0,Chronos,0.4604211151599884
Sample 0,Moirai,0.9538460969924927
Sample 0,TimesFM,0.0461539588868618
Sample 0,Moirai,0.9134379029273987
Sample 0,TimesFM,0.08656206727027893
Sample 0,TimesFM,0.5052046775817871
Sample 0,Moirai,0.4947953224182129
Sample 0,Moirai,0.7179639935493469
Sample 0,TimesFM,0.2820359766483307
Sample 0,TimesFM,0.7697268128395081
Sample 0,Moirai,0.23027318716049194
Sample 0,TimesFM,0.5727423429489136
Sample 0,Moirai,0.42725759744644165
Sample 0,TimesFM,0.8368089199066162
Sample 0,Timer,0.16319110989570618
Sample 0,Moirai,0.5229942202568054
Sample 0,TimesFM,0.4770057201385498
Sample 0,TimesFM,0.9436593651771545
Sample 0,Moirai,0.05634068325161934
Sample 0,Moirai,0.739659309387207
Sample 0,TimesFM,0.26034072041511536
Sample 0,TimesFM,0.7861304879188538
Sample 0,Moirai,0.21386957168579102
Sample 0,TimesFM,0.766730010509491
Sample 0,Moirai,0.23327001929283142
Sample 0,TimesFM,0.9229696393013
Sample 0,Time-MoE,0.07703032344579697
Sample 0,TimesFM,0.58933025598526
Sample 0,Timer,0.41066974401474
Sample 0,TimesFM,0.6939815282821655
Sample 0,Time-MoE,0.3060184419155121
Sample 0,Moirai,0.693260908126831
Sample 0,TimesFM,0.3067391514778137
Sample 0,TimesFM,0.9171414971351624
Sample 0,Timer,0.08285852521657944
Sample 0,TimesFM,0.5860479474067688
Sample 0,Chronos,0.4139520227909088
Sample 0,Chronos,0.9480795860290527
Sample 0,Timer,0.051920484751462936
Sample 0,Chronos,0.6178684830665588
Sample 0,Timer,0.38213151693344116
Sample 0,Moirai,0.6694315671920776
Sample 0,Timer,0.33056849241256714
Sample 0,TimesFM,0.5733308792114258
Sample 0,Time-MoE,0.42666909098625183
Sample 0,Timer,0.7181583642959595
Sample 0,Chronos,0.28184160590171814
Sample 0,Chronos,0.5981709957122803
Sample 0,TimesFM,0.4018290340900421
Sample 0,Chronos,0.5632933974266052
Sample 0,TimesFM,0.43670663237571716
Sample 0,Chronos,0.7252193689346313
Sample 0,Timer,0.27478060126304626
Sample 0,Chronos,0.6882501840591431
Sample 0,TimesFM,0.3117498457431793
Sample 0,Moirai,0.8190160989761353
Sample 0,Time-MoE,0.18098384141921997
Sample 0,TimesFM,0.6279531121253967
Sample 0,Chronos,0.3720468580722809
Sample 0,Chronos,0.8114049434661865
Sample 0,Timer,0.18859508633613586
Sample 0,Chronos,0.792102575302124
Sample 0,Moirai,0.20789740979671478
Sample 0,Chronos,0.7778068780899048
Sample 0,Timer,0.22219312191009521
Sample 0,Chronos,0.5672373175621033
Sample 0,TimesFM,0.4327627420425415
Sample 0,Chronos,0.694124698638916
Sample 0,Time-MoE,0.3058752715587616
Sample 0,Chronos,0.7763300538063049
Sample 0,Timer,0.22366991639137268
Sample 0,Moirai,0.8337451219558716
Sample 0,Timer,0.16625486314296722
Sample 0,Timer,0.7612162828445435
Sample 0,TimesFM,0.23878370225429535
Sample 0,Time-MoE,0.7034740447998047
Sample 0,Moirai,0.2965259552001953
Sample 0,Chronos,0.8872265219688416
Sample 0,Timer,0.11277350783348083
Sample 0,Moirai,0.9722842574119568
Sample 0,TimesFM,0.027715694159269333
Sample 0,Time-MoE,0.518306314945221
Sample 0,Chronos,0.48169368505477905
Sample 0,Chronos,0.924012303352356
Sample 0,Timer,0.07598771899938583
Sample 0,Chronos,0.9233012199401855
Sample 0,TimesFM,0.07669873535633087
Sample 0,Chronos,0.8699281811714172
Sample 0,Timer,0.13007183372974396
Sample 0,TimesFM,0.7250482439994812
Sample 0,Moirai,0.2749517261981964
Sample 0,Time-MoE,0.6139554381370544
Sample 0,Chronos,0.38604459166526794
Sample 0,TimesFM,0.5150080919265747
Sample 0,Time-MoE,0.4849919378757477
Sample 0,Moirai,0.5394266247749329
Sample 0,Time-MoE,0.46057337522506714
Sample 0,Time-MoE,0.6597474217414856
Sample 0,TimesFM,0.340252548456192
Sample 0,Moirai,0.8985750675201416
Sample 0,TimesFM,0.10142497718334198
Sample 0,TimesFM,0.9392611384391785
Sample 0,Moirai,0.060738902539014816
Sample 0,Chronos,0.5373961925506592
Sample 0,TimesFM,0.4626038074493408
Sample 0,Timer,0.6621314883232117
Sample 0,Chronos,0.33786851167678833
Sample 0,Timer,0.5329991579055786
Sample 0,TimesFM,0.4670008718967438
Sample 0,Chronos,0.8258674144744873
Sample 0,TimesFM,0.1741325855255127
Sample 0,TimesFM,0.8388819694519043
Sample 0,Timer,0.1611180603504181
Sample 0,TimesFM,0.531421959400177
Sample 0,Chronos,0.4685780107975006
Sample 0,Chronos,0.6508626341819763
Sample 0,Moirai,0.34913739562034607
Sample 0,Moirai,0.5174744725227356
Sample 0,TimesFM,0.4825255572795868
Sample 0,TimesFM,0.9605762958526611
Sample 0,Chronos,0.03942368924617767
Sample 0,Chronos,0.6248264908790588
Sample 0,TimesFM,0.37517350912094116
Sample 0,TimesFM,0.7988129258155823
Sample 0,Moirai,0.20118707418441772
Sample 0,TimesFM,0.8110371828079224
Sample 0,Moirai,0.18896280229091644
Sample 0,Time-MoE,0.683731198310852
Sample 0,Chronos,0.3162687420845032
Sample 0,Moirai,0.6249213218688965
Sample 0,TimesFM,0.37507861852645874
Sample 0,TimesFM,0.8740939497947693
Sample 0,Time-MoE,0.1259060800075531
Sample 0,Moirai,0.5714190006256104
Sample 0,TimesFM,0.42858102917671204
Sample 0,TimesFM,0.8207508325576782
Sample 0,Moirai,0.179249107837677
Sample 0,Timer,0.6092833876609802
Sample 0,TimesFM,0.3907166123390198
Sample 0,Moirai,0.7646543383598328
Sample 0,Chronos,0.23534570634365082
Sample 0,Moirai,0.9255535006523132
Sample 0,TimesFM,0.07444652169942856
Sample 0,Moirai,0.8006334900856018
Sample 0,Timer,0.1993665248155594
Sample 0,TimesFM,0.9845362305641174
Sample 0,Moirai,0.01546381413936615
Sample 0,TimesFM,0.8906726241111755
Sample 0,Chronos,0.10932738333940506
Sample 0,TimesFM,0.9282432794570923
Sample 0,Moirai,0.07175673544406891
Sample 0,TimesFM,0.8469682931900024
Sample 0,Moirai,0.15303164720535278
Sample 0,TimesFM,0.8879936933517456
Sample 0,Moirai,0.11200637370347977
Sample 0,TimesFM,0.8732853531837463
Sample 0,Moirai,0.12671464681625366
Sample 0,TimesFM,0.7975940704345703
Sample 0,Moirai,0.2024058699607849
Sample 0,TimesFM,0.8446986675262451
Sample 0,Moirai,0.15530134737491608
Sample 0,TimesFM,0.8792450428009033
Sample 0,Moirai,0.1207548975944519
Sample 0,Moirai,0.5004014372825623
Sample 0,TimesFM,0.49959856271743774
Sample 0,TimesFM,0.7426294088363647
Sample 0,Moirai,0.25737065076828003
Sample 0,TimesFM,0.8434852957725525
Sample 0,Moirai,0.1565147042274475
Sample 0,TimesFM,0.9266647100448608
Sample 0,Moirai,0.07333531230688095
Sample 0,Chronos,0.7259340882301331
Sample 0,Moirai,0.27406594157218933
Sample 0,Moirai,0.9091436266899109
Sample 0,Chronos,0.0908564105629921
Sample 0,Moirai,0.7679574489593506
Sample 0,Chronos,0.2320425659418106
Sample 0,Moirai,0.9095308184623718
Sample 0,Time-MoE,0.09046915173530579
Sample 0,Chronos,0.5638525485992432
Sample 0,Timer,0.43614742159843445
Sample 0,Chronos,0.7711119651794434
Sample 0,Time-MoE,0.22888797521591187
Sample 0,TimesFM,0.8532814979553223
Sample 0,Moirai,0.14671851694583893
Sample 0,Chronos,0.6123400330543518
Sample 0,TimesFM,0.3876599371433258
Sample 0,TimesFM,0.9697968363761902
Sample 0,Chronos,0.03020310215651989
Sample 0,Chronos,0.7074369788169861
Sample 0,Time-MoE,0.2925630509853363
Sample 0,TimesFM,0.9012905955314636
Sample 0,Moirai,0.09870938211679459
Sample 0,TimesFM,0.6657516956329346
Sample 0,Moirai,0.33424830436706543
Sample 0,Moirai,0.5254325866699219
Sample 0,Time-MoE,0.4745674133300781
Sample 0,TimesFM,0.7121348977088928
Sample 0,Moirai,0.28786513209342957
Sample 0,TimesFM,0.7537468075752258
Sample 0,Timer,0.24625323712825775
Sample 0,Moirai,0.6876599192619324
Sample 0,TimesFM,0.31234002113342285
Sample 0,Moirai,0.6888501048088074
Sample 0,TimesFM,0.3111498951911926
Sample 0,Timer,0.6349820494651794
Sample 0,Time-MoE,0.36501801013946533
Sample 0,TimesFM,0.5321448445320129
Sample 0,Chronos,0.46785518527030945
Sample 0,TimesFM,0.8945041298866272
Sample 0,Moirai,0.10549584031105042
Sample 0,TimesFM,0.507992684841156
Sample 0,Timer,0.4920072853565216
Sample 0,Moirai,0.7117868065834045
Sample 0,TimesFM,0.28821319341659546
Sample 0,TimesFM,0.8036068081855774
Sample 0,Moirai,0.1963931769132614
Sample 0,TimesFM,0.8528783917427063
Sample 0,Timer,0.1471215784549713
Sample 0,Moirai,0.8350422382354736
Sample 0,Chronos,0.16495777666568756
Sample 0,TimesFM,0.5240960717201233
Sample 0,Moirai,0.4759039282798767
Sample 0,Moirai,0.6854547262191772
Sample 0,TimesFM,0.31454524397850037
Sample 0,Moirai,0.8974335789680481
Sample 0,TimesFM,0.10256639868021011
Sample 0,Time-MoE,0.8353955149650574
Sample 0,Chronos,0.16460447013378143
Sample 0,TimesFM,0.830724835395813
Sample 0,Moirai,0.1692751944065094
Sample 0,Moirai,0.760632336139679
Sample 0,TimesFM,0.23936760425567627
Sample 0,Moirai,0.6964016556739807
Sample 0,TimesFM,0.3035983741283417
Sample 0,Moirai,0.5593644380569458
Sample 0,TimesFM,0.4406355619430542
Sample 0,TimesFM,0.5882347822189331
Sample 0,Moirai,0.4117652177810669
Sample 0,Moirai,0.5961684584617615
Sample 0,TimesFM,0.4038315713405609
Sample 0,TimesFM,0.5885469317436218
Sample 0,Moirai,0.4114530086517334
Sample 0,Moirai,0.754050612449646
Sample 0,TimesFM,0.2459494024515152
Sample 0,TimesFM,0.7019142508506775
Sample 0,Time-MoE,0.2980857193470001
Sample 0,Moirai,0.9221991300582886
Sample 0,Chronos,0.07780090719461441
Sample 0,TimesFM,0.588485836982727
Sample 0,Moirai,0.41151419281959534
Sample 0,TimesFM,0.8957745432853699
Sample 0,Time-MoE,0.10422543436288834
Sample 0,TimesFM,0.6177870631217957
Sample 0,Time-MoE,0.38221290707588196
Sample 0,Chronos,0.743845522403717
Sample 0,TimesFM,0.25615447759628296
Sample 0,Moirai,0.5072146654129028
Sample 0,Time-MoE,0.49278536438941956
Sample 0,Timer,0.5578803420066833
Sample 0,Moirai,0.44211965799331665
Sample 0,Moirai,0.9329684972763062
Sample 0,Chronos,0.06703153252601624
Sample 0,Moirai,0.5366671681404114
Sample 0,TimesFM,0.46333280205726624
Sample 0,Chronos,0.8405394554138184
Sample 0,Moirai,0.15946055948734283
Sample 0,TimesFM,0.8191276788711548
Sample 0,Moirai,0.18087230622768402
Sample 0,TimesFM,0.7964664101600647
Sample 0,Chronos,0.2035336196422577
Sample 0,Moirai,0.6095905303955078
Sample 0,TimesFM,0.39040952920913696
Sample 0,Chronos,0.8985376954078674
Sample 0,Timer,0.10146228224039078
Sample 0,Chronos,0.5364601016044617
Sample 0,TimesFM,0.4635399281978607
Sample 0,TimesFM,0.581364631652832
Sample 0,Chronos,0.41863536834716797
Sample 0,Moirai,0.6748229265213013
Sample 0,TimesFM,0.32517704367637634
Sample 0,TimesFM,0.9537492394447327
Sample 0,Moirai,0.04625071957707405
Sample 0,Moirai,0.5444154739379883
Sample 0,TimesFM,0.4555845558643341
Sample 0,TimesFM,0.8660914301872253
Sample 0,Moirai,0.13390854001045227
Sample 0,TimesFM,0.7747191786766052
Sample 0,Moirai,0.22528083622455597
Sample 0,Chronos,0.6675660014152527
Sample 0,TimesFM,0.3324340581893921
Sample 0,Timer,0.7548724412918091
Sample 0,Moirai,0.2451276034116745
Sample 0,Moirai,0.5593345761299133
Sample 0,Timer,0.44066545367240906
Sample 0,Time-MoE,0.5127855539321899
Sample 0,TimesFM,0.48721444606781006
Sample 0,Timer,0.6582672595977783
Sample 0,Moirai,0.3417327105998993
Sample 0,Moirai,0.7049028277397156
Sample 0,Chronos,0.29509714245796204
Sample 0,Moirai,0.685594379901886
Sample 0,TimesFM,0.3144056499004364
Sample 0,TimesFM,0.6965725421905518
Sample 0,Moirai,0.30342745780944824
Sample 0,TimesFM,0.5320018529891968
Sample 0,Chronos,0.4679981470108032
Sample 0,TimesFM,0.6932640075683594
Sample 0,Moirai,0.306736022233963
Sample 0,Chronos,0.7612263560295105
Sample 0,Moirai,0.23877361416816711
Sample 0,TimesFM,0.9312703013420105
Sample 0,Chronos,0.06872974336147308
Sample 0,TimesFM,0.8729585409164429
Sample 0,Chronos,0.12704144418239594
Sample 0,TimesFM,0.6144083738327026
Sample 0,Chronos,0.38559162616729736
Sample 0,Time-MoE,0.5349698662757874
Sample 0,Chronos,0.46503016352653503
Sample 0,Chronos,0.5135918259620667
Sample 0,Moirai,0.48640817403793335
Sample 0,Chronos,0.7746456861495972
Sample 0,TimesFM,0.22535428404808044
Sample 0,Chronos,0.6552971601486206
Sample 0,Time-MoE,0.3447028398513794
Sample 0,TimesFM,0.7486448884010315
Sample 0,Chronos,0.25135505199432373
Sample 0,Chronos,0.537011981010437
Sample 0,Moirai,0.462988018989563
Sample 0,Moirai,0.533166766166687
Sample 0,TimesFM,0.4668332636356354
Sample 0,Chronos,0.5410507917404175
Sample 0,Timer,0.4589492082595825
Sample 0,Chronos,0.7249454855918884
Sample 0,Time-MoE,0.27505457401275635
Sample 0,Chronos,0.9198788404464722
Sample 0,TimesFM,0.08012115955352783
Sample 0,Chronos,0.7008640170097351
Sample 0,TimesFM,0.2991360127925873
Sample 0,Chronos,0.9742703437805176
Sample 0,Time-MoE,0.025729630142450333
Sample 0,Chronos,0.8749784231185913
Sample 0,TimesFM,0.12502159178256989
Sample 0,Chronos,0.7671528458595276
Sample 0,Timer,0.2328471690416336
Sample 0,Chronos,0.7978519797325134
Sample 0,Timer,0.20214802026748657
Sample 0,TimesFM,0.7258286476135254
Sample 0,Time-MoE,0.2741713523864746
Sample 0,Chronos,0.944329559803009
Sample 0,TimesFM,0.05567037686705589
Sample 0,Chronos,0.7012865543365479
Sample 0,TimesFM,0.29871347546577454
Sample 0,Chronos,0.6835033297538757
Sample 0,TimesFM,0.31649667024612427
Sample 0,Chronos,0.6533517241477966
Sample 0,TimesFM,0.34664830565452576
Sample 0,Chronos,0.9376245141029358
Sample 0,TimesFM,0.06237547844648361
Sample 0,Chronos,0.7399691343307495
Sample 0,TimesFM,0.26003092527389526
Sample 0,Chronos,0.9320555329322815
Sample 0,TimesFM,0.06794451177120209
Sample 0,Chronos,0.8786705732345581
Sample 0,TimesFM,0.1213293969631195
Sample 0,TimesFM,0.6917110085487366
Sample 0,Chronos,0.30828893184661865
Sample 0,TimesFM,0.823067307472229
Sample 0,Moirai,0.17693275213241577
Sample 0,Chronos,0.7913783192634583
Sample 0,Moirai,0.20862166583538055
Sample 0,TimesFM,0.5515864491462708
Sample 0,Moirai,0.448413610458374
Sample 0,Moirai,0.7941950559616089
Sample 0,TimesFM,0.2058049887418747
Sample 0,Moirai,0.6779285669326782
Sample 0,TimesFM,0.32207146286964417
Sample 0,Chronos,0.8250768184661865
Sample 0,TimesFM,0.17492318153381348
Sample 0,TimesFM,0.7885313630104065
Sample 0,Chronos,0.21146859228610992
Sample 0,TimesFM,0.5979813933372498
Sample 0,Time-MoE,0.40201860666275024
Sample 0,Chronos,0.7043409943580627
Sample 0,TimesFM,0.29565903544425964
Sample 0,TimesFM,0.6146776676177979
Sample 0,Moirai,0.3853223919868469
Sample 0,TimesFM,0.7385807633399963
Sample 0,Moirai,0.2614192068576813
Sample 0,TimesFM,0.5467133522033691
Sample 0,Moirai,0.45328667759895325
Sample 0,Chronos,0.8649070262908936
Sample 0,Moirai,0.13509298861026764
Sample 0,Moirai,0.8759583234786987
Sample 0,Time-MoE,0.12404165416955948
Sample 0,TimesFM,0.6779634356498718
Sample 0,Moirai,0.32203662395477295
Sample 0,Moirai,0.688416063785553
Sample 0,TimesFM,0.311583936214447
Sample 0,Moirai,0.8750923275947571
Sample 0,Chronos,0.12490770220756531
Sample 0,TimesFM,0.5783399343490601
Sample 0,Moirai,0.42166009545326233
Sample 0,Chronos,0.648934006690979
Sample 0,TimesFM,0.3510660231113434
Sample 0,TimesFM,0.5451570153236389
Sample 0,Chronos,0.45484301447868347
Sample 0,Moirai,0.788421094417572
Sample 0,Chronos,0.21157896518707275
Sample 0,TimesFM,0.7617586255073547
Sample 0,Timer,0.23824135959148407
Sample 0,TimesFM,0.7907279133796692
Sample 0,Timer,0.20927207171916962
Sample 0,Moirai,0.5805932283401489
Sample 0,TimesFM,0.41940680146217346
Sample 0,Time-MoE,0.5861518383026123
Sample 0,Moirai,0.4138481616973877
Sample 0,Moirai,0.6403563022613525
Sample 0,TimesFM,0.35964369773864746
Sample 0,Chronos,0.7915173768997192
Sample 0,Timer,0.20848265290260315
Sample 0,Moirai,0.9121382236480713
Sample 0,TimesFM,0.08786171674728394
Sample 0,Chronos,0.5056140422821045
Sample 0,Timer,0.4943859279155731
Sample 0,TimesFM,0.8644571304321289
Sample 0,Timer,0.1355428397655487
Sample 0,Chronos,0.7916246652603149
Sample 0,Time-MoE,0.20837533473968506
Sample 0,Chronos,0.8009226322174072
Sample 0,TimesFM,0.19907735288143158
Sample 0,Chronos,0.9450885653495789
Sample 0,TimesFM,0.054911453276872635
Sample 0,Timer,0.528739869594574
Sample 0,Chronos,0.4712601602077484
Sample 0,TimesFM,0.6386826038360596
Sample 0,Timer,0.36131736636161804
Sample 0,Moirai,0.8289970755577087
Sample 0,TimesFM,0.17100290954113007
Sample 0,TimesFM,0.8635090589523315
Sample 0,Time-MoE,0.13649094104766846
Sample 0,TimesFM,0.8286001682281494
Sample 0,Moirai,0.17139987647533417
Sample 0,Moirai,0.9548169374465942
Sample 0,TimesFM,0.04518310725688934
Sample 0,Moirai,0.7061974406242371
Sample 0,TimesFM,0.29380252957344055
Sample 0,TimesFM,0.6911444067955017
Sample 0,Chronos,0.3088555335998535
Sample 0,Moirai,0.8077388405799866
Sample 0,Timer,0.19226109981536865
Sample 0,Moirai,0.7457325458526611
Sample 0,Chronos,0.25426748394966125
Sample 0,Moirai,0.8907309174537659
Sample 0,Chronos,0.10926912724971771
Sample 0,Chronos,0.7628727555274963
Sample 0,Moirai,0.23712731897830963
Sample 0,Chronos,0.7068736553192139
Sample 0,TimesFM,0.29312634468078613
Sample 0,TimesFM,0.6398538947105408
Sample 0,Moirai,0.36014610528945923
Sample 0,TimesFM,0.710856556892395
Sample 0,Moirai,0.2891434133052826
Sample 0,Chronos,0.918546736240387
Sample 0,TimesFM,0.08145319670438766
Sample 0,Moirai,0.8465065956115723
Sample 0,TimesFM,0.15349340438842773
Sample 0,TimesFM,0.9409574866294861
Sample 0,Timer,0.059042494744062424
Sample 0,Chronos,0.5139889717102051
Sample 0,TimesFM,0.4860110282897949
Sample 0,TimesFM,0.7906576991081238
Sample 0,Moirai,0.20934228599071503
Sample 0,TimesFM,0.813870906829834
Sample 0,Chronos,0.18612906336784363
Sample 0,Time-MoE,0.5431607365608215
Sample 0,Chronos,0.45683929324150085
Sample 0,Moirai,0.597055196762085
Sample 0,Chronos,0.40294480323791504
Sample 0,TimesFM,0.7940052151679993
Sample 0,Moirai,0.20599475502967834
Sample 0,Timer,0.5475901365280151
Sample 0,Moirai,0.4524098038673401
Sample 0,Time-MoE,0.7384425401687622
Sample 0,TimesFM,0.26155751943588257
Sample 0,TimesFM,0.5344663858413696
Sample 0,Chronos,0.46553361415863037
Sample 0,TimesFM,0.7176820635795593
Sample 0,Moirai,0.2823179066181183
Sample 0,TimesFM,0.5260276794433594
Sample 0,Moirai,0.4739723205566406
Sample 0,Chronos,0.9182713627815247
Sample 0,Moirai,0.08172870427370071
Sample 0,TimesFM,0.7471375465393066
Sample 0,Moirai,0.2528623938560486
Sample 0,TimesFM,0.77977454662323
Sample 0,Chronos,0.22022545337677002
Sample 0,TimesFM,0.683610737323761
Sample 0,Moirai,0.316389262676239
Sample 0,Moirai,0.7838600277900696
Sample 0,TimesFM,0.21613994240760803
Sample 0,TimesFM,0.8534453511238098
Sample 0,Chronos,0.14655472338199615
Sample 0,TimesFM,0.6515009999275208
Sample 0,Moirai,0.34849902987480164
Sample 0,Chronos,0.946665346622467
Sample 0,Moirai,0.05333463475108147
Sample 0,Moirai,0.7649944424629211
Sample 0,Timer,0.23500555753707886
Sample 0,Chronos,0.6751901507377625
Sample 0,TimesFM,0.3248099088668823
Sample 0,Timer,0.6418108940124512
Sample 0,TimesFM,0.3581891655921936
Sample 0,TimesFM,0.9013543128967285
Sample 0,Chronos,0.09864568710327148
Sample 0,Timer,0.5315709710121155
Sample 0,Chronos,0.46842896938323975
Sample 0,Moirai,0.7566127777099609
Sample 0,Chronos,0.24338728189468384
Sample 0,TimesFM,0.5149329304695129
Sample 0,Timer,0.4850670397281647
Sample 0,TimesFM,0.7377902269363403
Sample 0,Moirai,0.2622097134590149
Sample 0,Chronos,0.6629261374473572
Sample 0,Moirai,0.3370738923549652
Sample 0,Chronos,0.790073812007904
Sample 0,TimesFM,0.20992617309093475
Sample 0,TimesFM,0.7461754679679871
Sample 0,Time-MoE,0.25382453203201294
Sample 0,Moirai,0.6607373952865601
Sample 0,TimesFM,0.33926257491111755
Sample 0,Chronos,0.8288184404373169
Sample 0,TimesFM,0.17118161916732788
Sample 0,Chronos,0.5549205541610718
Sample 0,TimesFM,0.4450794458389282
Sample 0,TimesFM,0.8339235782623291
Sample 0,Chronos,0.1660764068365097
Sample 0,Chronos,0.8981198072433472
Sample 0,TimesFM,0.10188015550374985
Sample 0,TimesFM,0.619857668876648
Sample 0,Chronos,0.38014230132102966
Sample 0,Moirai,0.6742100715637207
Sample 0,Chronos,0.3257898986339569
Sample 0,Chronos,0.5713958740234375
Sample 0,TimesFM,0.4286041557788849
Sample 0,TimesFM,0.5721604228019714
Sample 0,Chronos,0.42783957719802856
Sample 0,Moirai,0.9131007194519043
Sample 0,TimesFM,0.0868992954492569
Sample 0,Moirai,0.744052529335022
Sample 0,TimesFM,0.255947470664978
Sample 0,Moirai,0.8973870277404785
Sample 0,TimesFM,0.10261298716068268
Sample 0,TimesFM,0.9178788661956787
Sample 0,Moirai,0.0821210965514183
Sample 0,Moirai,0.6721484065055847
Sample 0,Chronos,0.3278515636920929
Sample 0,TimesFM,0.707147479057312
Sample 0,Moirai,0.2928524613380432
Sample 0,TimesFM,0.6715192198753357
Sample 0,Moirai,0.3284808099269867
Sample 0,TimesFM,0.7347450852394104
Sample 0,Timer,0.2652549147605896
Sample 0,TimesFM,0.8961533308029175
Sample 0,Chronos,0.10384669899940491
Sample 0,TimesFM,0.5124991536140442
Sample 0,Chronos,0.4875008165836334
Sample 0,TimesFM,0.6723905205726624
Sample 0,Time-MoE,0.32760950922966003
Sample 0,TimesFM,0.821233332157135
Sample 0,Moirai,0.1787666231393814
Sample 0,TimesFM,0.7808001637458801
Sample 0,Moirai,0.21919983625411987
Sample 0,TimesFM,0.8765366077423096
Sample 0,Timer,0.12346332520246506
Sample 0,Timer,0.6346741914749146
Sample 0,Chronos,0.3653258681297302
Sample 0,Time-MoE,0.5998420119285583
Sample 0,Timer,0.40015795826911926
Sample 0,Chronos,0.8050413131713867
Sample 0,TimesFM,0.1949586570262909
Sample 0,Chronos,0.7845859527587891
Sample 0,TimesFM,0.21541406214237213
Sample 0,Moirai,0.6125699877738953
Sample 0,TimesFM,0.3874300718307495
Sample 0,Chronos,0.9375694394111633
Sample 0,Moirai,0.062430594116449356
Sample 0,Chronos,0.6279270648956299
Sample 0,Time-MoE,0.37207290530204773
Sample 0,Chronos,0.9158570766448975
Sample 0,Timer,0.08414290100336075
Sample 0,Chronos,0.8833848237991333
Sample 0,Time-MoE,0.11661524325609207
Sample 0,TimesFM,0.6967256665229797
Sample 0,Moirai,0.3032743036746979
Sample 0,Chronos,0.9672834277153015
Sample 0,Timer,0.032716602087020874
Sample 0,TimesFM,0.8742721676826477
Sample 0,Timer,0.1257278174161911
Sample 0,Chronos,0.9559853672981262
Sample 0,Moirai,0.04401464760303497
Sample 0,Chronos,0.987403154373169
Sample 0,Time-MoE,0.012596853077411652
Sample 0,TimesFM,0.572698712348938
Sample 0,Moirai,0.42730122804641724
Sample 0,Time-MoE,0.5986365675926208
Sample 0,Timer,0.40136340260505676
Sample 0,TimesFM,0.5976884961128235
Sample 0,Time-MoE,0.4023114740848541
Sample 0,Moirai,0.7439009547233582
Sample 0,TimesFM,0.25609901547431946
Sample 0,Time-MoE,0.7554195523262024
Sample 0,TimesFM,0.24458047747612
Sample 0,Timer,0.5548483729362488
Sample 0,Moirai,0.4451516270637512
Sample 0,Moirai,0.7600921988487244
Sample 0,Chronos,0.23990778625011444
Sample 0,Moirai,0.9059956073760986
Sample 0,Timer,0.094004325568676
Sample 0,Moirai,0.5300261378288269
Sample 0,Chronos,0.4699738323688507
Sample 0,TimesFM,0.7674956321716309
Sample 0,Moirai,0.23250441253185272
Sample 0,Timer,0.5906795859336853
Sample 0,Chronos,0.4093204140663147
Sample 0,Chronos,0.5250272154808044
Sample 0,Moirai,0.47497278451919556
Sample 0,TimesFM,0.6628447771072388
Sample 0,Chronos,0.337155282497406
Sample 0,Moirai,0.6427743434906006
Sample 0,Chronos,0.3572256863117218
Sample 0,Timer,0.6886168718338013
Sample 0,TimesFM,0.31138309836387634
Sample 0,TimesFM,0.5490308403968811
Sample 0,Timer,0.4509691894054413
Sample 0,Time-MoE,0.9258661866188049
Sample 0,Chronos,0.07413377612829208
Sample 0,Timer,0.6096887588500977
Sample 0,Moirai,0.39031127095222473
Sample 0,Chronos,0.7572529911994934
Sample 0,Time-MoE,0.2427469938993454
Sample 0,Chronos,0.9391286373138428
Sample 0,Time-MoE,0.06087135151028633
Sample 0,Moirai,0.5060672163963318
Sample 0,Time-MoE,0.4939327836036682
Sample 0,Chronos,0.9640212059020996
Sample 0,Moirai,0.03597880154848099
Sample 0,Chronos,0.9318612217903137
Sample 0,Timer,0.06813876330852509
Sample 0,Timer,0.5027374625205994
Sample 0,Time-MoE,0.49726250767707825
Sample 0,Moirai,0.9371436238288879
Sample 0,TimesFM,0.06285633146762848
Sample 0,Moirai,0.5170277953147888
Sample 0,Time-MoE,0.48297223448753357
Sample 0,Moirai,0.8931549787521362
Sample 0,TimesFM,0.10684502124786377
Sample 0,TimesFM,0.6717440485954285
Sample 0,Moirai,0.32825595140457153
Sample 0,TimesFM,0.6797484755516052
Sample 0,Time-MoE,0.3202515244483948
Sample 0,Time-MoE,0.6375244855880737
Sample 0,Moirai,0.36247551441192627
Sample 0,Time-MoE,0.785106360912323
Sample 0,Moirai,0.21489360928535461
Sample 0,Time-MoE,0.7665148377418518
Sample 0,TimesFM,0.233485147356987
Sample 0,Time-MoE,0.6487382054328918
Sample 0,Moirai,0.35126179456710815
Sample 0,TimesFM,0.7854859232902527
Sample 0,Time-MoE,0.21451404690742493
Sample 0,Time-MoE,0.5134164094924927
Sample 0,Moirai,0.48658356070518494
Sample 0,TimesFM,0.7220615148544312
Sample 0,Moirai,0.27793848514556885
Sample 0,Moirai,0.5537437200546265
Sample 0,TimesFM,0.44625625014305115
Sample 0,TimesFM,0.5418071150779724
Sample 0,Time-MoE,0.4581928253173828
Sample 0,Time-MoE,0.647617757320404
Sample 0,TimesFM,0.3523823022842407
Sample 0,Chronos,0.5485062599182129
Sample 0,Moirai,0.4514937102794647
Sample 0,Timer,0.6536542773246765
Sample 0,Chronos,0.34634578227996826
Sample 0,Moirai,0.7740702033042908
Sample 0,Timer,0.22592982649803162
Sample 0,Chronos,0.6934754848480225
Sample 0,TimesFM,0.3065245449542999
Sample 0,Chronos,0.88262939453125
Sample 0,Time-MoE,0.11737053841352463
Sample 0,TimesFM,0.5298715233802795
Sample 0,Timer,0.47012850642204285
Sample 0,TimesFM,0.5285668969154358
Sample 0,Moirai,0.4714331328868866
Sample 0,Moirai,0.8386644124984741
Sample 0,TimesFM,0.16133566200733185
Sample 0,TimesFM,0.8130499720573425
Sample 0,Time-MoE,0.18695002794265747
Sample 0,TimesFM,0.6623511910438538
Sample 0,Chronos,0.33764874935150146
Sample 0,TimesFM,0.9439113140106201
Sample 0,Moirai,0.05608862638473511
Sample 0,Chronos,0.6218445897102356
Sample 0,TimesFM,0.3781554400920868
Sample 0,Time-MoE,0.7420625686645508
Sample 0,Chronos,0.25793737173080444
Sample 0,TimesFM,0.7187552452087402
Sample 0,Chronos,0.28124475479125977
Sample 0,Chronos,0.822269082069397
Sample 0,Time-MoE,0.17773091793060303
Sample 0,Chronos,0.9767246246337891
Sample 0,Moirai,0.02327539213001728
Sample 0,Chronos,0.9018980860710144
Sample 0,Timer,0.09810195863246918
Sample 0,Chronos,0.8706347942352295
Sample 0,Timer,0.12936516106128693
Sample 0,Chronos,0.8231084942817688
Sample 0,Timer,0.1768914759159088
Sample 0,Chronos,0.7212154865264893
Sample 0,Moirai,0.27878451347351074
Sample 0,Chronos,0.8223211169242859
Sample 0,Timer,0.17767885327339172
Sample 0,Chronos,0.82614666223526
Sample 0,Timer,0.1738533079624176
Sample 0,TimesFM,0.5458510518074036
Sample 0,Timer,0.4541490077972412
Sample 0,TimesFM,0.6912132501602173
Sample 0,Time-MoE,0.3087867498397827
Sample 0,Moirai,0.9215803742408752
Sample 0,TimesFM,0.07841966301202774
Sample 0,Time-MoE,0.5289803743362427
Sample 0,Chronos,0.4710196256637573
Sample 0,TimesFM,0.6910672187805176
Sample 0,Time-MoE,0.30893275141716003
Sample 0,Chronos,0.6280901432037354
Sample 0,Moirai,0.37190985679626465
Sample 0,TimesFM,0.7509932518005371
Sample 0,Chronos,0.24900680780410767
Sample 0,TimesFM,0.5870920419692993
Sample 0,Timer,0.41290798783302307
Sample 0,TimesFM,0.8830720782279968
Sample 0,Chronos,0.11692792177200317
Sample 0,Moirai,0.7313082218170166
Sample 0,TimesFM,0.2686917185783386
Sample 0,TimesFM,0.8149545192718506
Sample 0,Time-MoE,0.18504546582698822
Sample 0,TimesFM,0.8186715245246887
Sample 0,Chronos,0.18132846057415009
Sample 0,TimesFM,0.5896116495132446
Sample 0,Time-MoE,0.41038838028907776
Sample 0,Moirai,0.5093684196472168
Sample 0,TimesFM,0.4906315505504608
Sample 0,Chronos,0.7221590280532837
Sample 0,Time-MoE,0.27784091234207153
Sample 0,TimesFM,0.6945109963417053
Sample 0,Timer,0.3054889738559723
Sample 0,Moirai,0.5303841829299927
Sample 0,TimesFM,0.46961578726768494
Sample 0,TimesFM,0.5673813819885254
Sample 0,Moirai,0.432618647813797
Sample 0,Timer,0.6505624055862427
Sample 0,Moirai,0.34943756461143494
Sample 0,Moirai,0.9915143251419067
Sample 0,TimesFM,0.00848568044602871
Sample 0,Moirai,0.5067248344421387
Sample 0,Time-MoE,0.49327510595321655
Sample 0,Moirai,0.7347422242164612
Sample 0,Chronos,0.26525771617889404
Sample 0,Time-MoE,0.6142043471336365
Sample 0,TimesFM,0.3857956528663635
Sample 0,Chronos,0.7461149096488953
Sample 0,Timer,0.25388506054878235
Sample 0,Moirai,0.5271950960159302
Sample 0,TimesFM,0.47280487418174744
Sample 0,Chronos,0.5704875588417053
Sample 0,TimesFM,0.4295124113559723
Sample 0,TimesFM,0.7852068543434143
Sample 0,Timer,0.21479317545890808
Sample 0,Timer,0.7962251901626587
Sample 0,TimesFM,0.2037748098373413
Sample 0,TimesFM,0.6617141962051392
Sample 0,Moirai,0.33828574419021606
Sample 0,Chronos,0.551241397857666
Sample 0,TimesFM,0.448758602142334
Sample 0,Time-MoE,0.7047920227050781
Sample 0,TimesFM,0.2952079474925995
Sample 0,Chronos,0.9261547923088074
Sample 0,TimesFM,0.0738452598452568
Sample 0,Chronos,0.8173686861991882
Sample 0,TimesFM,0.18263137340545654
Sample 0,Chronos,0.8919342756271362
Sample 0,TimesFM,0.10806573927402496
Sample 0,Chronos,0.976070761680603
Sample 0,Timer,0.023929225280880928
Sample 0,Chronos,0.8605803847312927
Sample 0,TimesFM,0.1394195854663849
Sample 0,Chronos,0.7122731804847717
Sample 0,TimesFM,0.2877267599105835
Sample 0,Chronos,0.8837871551513672
Sample 0,Moirai,0.11621281504631042
Sample 0,TimesFM,0.9283369779586792
Sample 0,Moirai,0.0716630145907402
Sample 0,Chronos,0.9117112755775452
Sample 0,Moirai,0.08828871697187424
Sample 0,Chronos,0.9317603707313538
Sample 0,TimesFM,0.06823961436748505
Sample 0,Chronos,0.875214159488678
Sample 0,Timer,0.1247858926653862
Sample 0,Chronos,0.5957732796669006
Sample 0,TimesFM,0.40422675013542175
Sample 0,Chronos,0.7130090594291687
Sample 0,Moirai,0.2869909405708313
Sample 0,TimesFM,0.9248648881912231
Sample 0,Moirai,0.07513507455587387
Sample 0,TimesFM,0.6796760559082031
Sample 0,Moirai,0.32032400369644165
Sample 0,Moirai,0.5704268217086792
Sample 0,TimesFM,0.4295732080936432
Sample 0,Timer,0.5174547433853149
Sample 0,Moirai,0.48254528641700745
Sample 0,TimesFM,0.5462708473205566
Sample 0,Moirai,0.45372918248176575
Sample 0,Timer,0.625235378742218
Sample 0,TimesFM,0.3747645914554596
Sample 0,Chronos,0.9672564268112183
Sample 0,Moirai,0.03274351730942726
Sample 0,TimesFM,0.7431231737136841
Sample 0,Chronos,0.25687676668167114
Sample 0,TimesFM,0.7957576513290405
Sample 0,Moirai,0.20424239337444305
Sample 0,Moirai,0.8123680353164673
Sample 0,TimesFM,0.1876320242881775
Sample 0,Chronos,0.9031064510345459
Sample 0,Timer,0.0968935638666153
Sample 0,TimesFM,0.5339740514755249
Sample 0,Timer,0.4660260081291199
Sample 0,Chronos,0.8681381344795227
Sample 0,Timer,0.1318618804216385
Sample 0,Chronos,0.5716139078140259
Sample 0,Moirai,0.4283860921859741
Sample 0,Chronos,0.7075144052505493
Sample 0,Timer,0.2924855947494507
Sample 0,Chronos,0.5687208771705627
Sample 0,TimesFM,0.43127915263175964
Sample 0,Chronos,0.7729037404060364
Sample 0,Timer,0.22709625959396362
Sample 0,Chronos,0.7479013204574585
Sample 0,Moirai,0.25209861993789673
Sample 0,TimesFM,0.9146386981010437
Sample 0,Moirai,0.0853612944483757
Sample 0,Chronos,0.864250123500824
Sample 0,Timer,0.13574984669685364
Sample 0,Chronos,0.9591820240020752
Sample 0,Timer,0.04081794619560242
Sample 0,Chronos,0.7573928236961365
Sample 0,Timer,0.24260717630386353
Sample 0,Timer,0.647308886051178
Sample 0,TimesFM,0.35269105434417725
Sample 0,TimesFM,0.835834801197052
Sample 0,Moirai,0.164165198802948
Sample 0,TimesFM,0.7474544048309326
Sample 0,Moirai,0.25254565477371216
Sample 0,Moirai,0.5877388119697571
Sample 0,TimesFM,0.4122611880302429
Sample 0,Moirai,0.5072686076164246
Sample 0,Timer,0.49273136258125305
Sample 0,TimesFM,0.5412167906761169
Sample 0,Moirai,0.45878317952156067
Sample 0,Timer,0.5613712072372437
Sample 0,Chronos,0.43862876296043396
Sample 0,Chronos,0.9546545743942261
Sample 0,Timer,0.04534544050693512
Sample 0,TimesFM,0.9092337489128113
Sample 0,Moirai,0.09076628088951111
Sample 0,Timer,0.6880359649658203
Sample 0,Chronos,0.3119640648365021
Sample 0,Chronos,0.9442675113677979
Sample 0,Time-MoE,0.055732548236846924
Sample 0,Chronos,0.6744105815887451
Sample 0,Timer,0.32558944821357727
Sample 0,Chronos,0.8506096005439758
Sample 0,Timer,0.14939045906066895
Sample 0,Chronos,0.7017854452133179
Sample 0,TimesFM,0.29821455478668213
Sample 0,Chronos,0.830108642578125
Sample 0,Timer,0.16989141702651978
Sample 0,TimesFM,0.5201401114463806
Sample 0,Moirai,0.4798598885536194
Sample 0,TimesFM,0.9151943922042847
Sample 0,Moirai,0.08480563014745712
Sample 0,TimesFM,0.773274302482605
Sample 0,Moirai,0.22672569751739502
Sample 0,TimesFM,0.9008883237838745
Sample 0,Chronos,0.09911169856786728
Sample 0,TimesFM,0.7097234725952148
Sample 0,Moirai,0.29027649760246277
Sample 0,TimesFM,0.8444450497627258
Sample 0,Timer,0.15555499494075775
Sample 0,Moirai,0.5548335909843445
Sample 0,TimesFM,0.4451664388179779
Sample 0,Time-MoE,0.5384987592697144
Sample 0,Chronos,0.46150121092796326
Sample 0,TimesFM,0.7029748558998108
Sample 0,Chronos,0.2970251441001892
Sample 0,Chronos,0.9243048429489136
Sample 0,Moirai,0.07569514960050583
Sample 0,Chronos,0.5170519351959229
Sample 0,Timer,0.48294806480407715
Sample 0,Moirai,0.5811071991920471
Sample 0,Chronos,0.41889283061027527
Sample 0,Timer,0.570202112197876
Sample 0,Moirai,0.4297979474067688
Sample 0,Moirai,0.5398040413856506
Sample 0,Chronos,0.4601958990097046
Sample 0,TimesFM,0.9930235147476196
Sample 0,Moirai,0.006976415868848562
Sample 0,Moirai,0.5924991965293884
Sample 0,Chronos,0.40750083327293396
Sample 0,TimesFM,0.8244771361351013
Sample 0,Chronos,0.17552289366722107
Sample 0,Moirai,0.8811846971511841
Sample 0,Time-MoE,0.11881531774997711
Sample 0,Moirai,0.993759274482727
Sample 0,Chronos,0.006240705493837595
Sample 0,Chronos,0.9729295372962952
Sample 0,Moirai,0.027070431038737297
Sample 0,Chronos,0.8456781506538391
Sample 0,TimesFM,0.1543218046426773
Sample 0,Chronos,0.8683589696884155
Sample 0,Timer,0.13164108991622925
Sample 0,TimesFM,0.5706346035003662
Sample 0,Moirai,0.4293654263019562
Sample 0,TimesFM,0.8008577823638916
Sample 0,Moirai,0.1991422325372696
Sample 0,Chronos,0.5763894319534302
Sample 0,Moirai,0.4236105680465698
Sample 0,Moirai,0.7890433669090271
Sample 0,TimesFM,0.2109566628932953
Sample 0,TimesFM,0.5367396473884583
Sample 0,Chronos,0.46326035261154175
Sample 0,TimesFM,0.8441994190216064
Sample 0,Moirai,0.15580061078071594
Sample 0,Chronos,0.9943817257881165
Sample 0,Timer,0.005618349649012089
Sample 0,TimesFM,0.7314978241920471
Sample 0,Timer,0.2685021162033081
Sample 0,TimesFM,0.8604207038879395
Sample 0,Moirai,0.13957929611206055
Sample 0,Chronos,0.8773899674415588
Sample 0,Moirai,0.12261002510786057
Sample 0,Moirai,0.7524848580360413
Sample 0,Chronos,0.24751511216163635
Sample 0,Chronos,0.7198176980018616
Sample 0,Moirai,0.2801823019981384
Sample 0,Chronos,0.5283699631690979
Sample 0,TimesFM,0.4716300368309021
Sample 0,Chronos,0.8727544546127319
Sample 0,Timer,0.12724554538726807
Sample 0,Chronos,0.9160504937171936
Sample 0,TimesFM,0.083949513733387
