Sample,Learner,Weight
Sample 0,Time-MoE,0.5
Sample 0,Moirai,0.5
Sample 1,Time-MoE,0.5
Sample 1,Moirai,0.5
Sample 2,Time-MoE,0.5
Sample 2,Moirai,0.5
Sample 3,Time-MoE,0.5
Sample 3,Moirai,0.5
Sample 4,Time-MoE,0.5
Sample 4,Moirai,0.5
Sample 5,Time-MoE,0.5
Sample 5,Moirai,0.5
Sample 6,Time-MoE,0.5
Sample 6,Moirai,0.5
Sample 7,Time-MoE,0.5
Sample 7,Moirai,0.5
Sample 8,Time-MoE,0.5
Sample 8,Moirai,0.5
Sample 9,Time-MoE,0.5
Sample 9,Moirai,0.5
Sample 10,Time-MoE,0.5
Sample 10,Moirai,0.5
Sample 11,Time-MoE,0.5
Sample 11,Moirai,0.5
Sample 12,Time-MoE,0.5
Sample 12,Moirai,0.5
Sample 13,Time-MoE,0.5
Sample 13,Moirai,0.5
Sample 14,Time-MoE,0.5
Sample 14,Moirai,0.5
Sample 15,Time-MoE,0.5
Sample 15,Moirai,0.5
Sample 16,Time-MoE,0.5
Sample 16,Moirai,0.5
Sample 17,Time-MoE,0.5
Sample 17,Moirai,0.5
Sample 18,Time-MoE,0.5
Sample 18,Moirai,0.5
Sample 19,Time-MoE,0.5
Sample 19,Moirai,0.5
Sample 20,Time-MoE,0.5
Sample 20,Moirai,0.5
Sample 21,Time-MoE,0.5
Sample 21,Moirai,0.5
Sample 22,Time-MoE,0.5
Sample 22,Moirai,0.5
Sample 23,Time-MoE,0.5
Sample 23,Moirai,0.5
Sample 24,Time-MoE,0.5
Sample 24,Moirai,0.5
Sample 25,Time-MoE,0.5
Sample 25,Moirai,0.5
Sample 26,Time-MoE,0.5
Sample 26,Moirai,0.5
Sample 27,Time-MoE,0.5
Sample 27,Moirai,0.5
Sample 28,Time-MoE,0.5
Sample 28,Moirai,0.5
Sample 29,Time-MoE,0.5
Sample 29,Moirai,0.5
Sample 30,Time-MoE,0.5
Sample 30,Moirai,0.5
Sample 31,Time-MoE,0.5
Sample 31,Moirai,0.5
Sample 0,Time-MoE,0.5224260687828064
Sample 0,TimesFM,0.4775739312171936
Sample 1,Moirai,0.5070802569389343
Sample 1,TimesFM,0.4929197430610657
Sample 2,Timer,0.5
Sample 2,TimesFM,0.5
Sample 3,Moirai,0.5022202730178833
Sample 3,TimesFM,0.4977797269821167
Sample 4,Time-MoE,0.5243898630142212
Sample 4,TimesFM,0.4756101667881012
Sample 5,Moirai,0.5076719522476196
Sample 5,TimesFM,0.49232807755470276
Sample 6,Timer,0.5
Sample 6,TimesFM,0.5
Sample 7,Time-MoE,0.5732744336128235
Sample 7,TimesFM,0.4267255663871765
Sample 8,Moirai,0.5033028721809387
Sample 8,TimesFM,0.4966971278190613
Sample 9,Moirai,0.5072569847106934
Sample 9,TimesFM,0.49274301528930664
Sample 10,Moirai,0.5004819631576538
Sample 10,TimesFM,0.4995180368423462
Sample 11,Timer,0.5
Sample 11,TimesFM,0.5
Sample 12,Timer,0.5
Sample 12,TimesFM,0.5
Sample 13,Moirai,0.5076097249984741
Sample 13,TimesFM,0.4923902750015259
Sample 14,Moirai,0.5025821924209595
Sample 14,TimesFM,0.4974178671836853
Sample 15,Time-MoE,0.5343419909477234
Sample 15,TimesFM,0.465658038854599
Sample 16,Timer,0.5
Sample 16,TimesFM,0.5
Sample 17,Moirai,0.5068321228027344
Sample 17,TimesFM,0.4931678771972656
Sample 18,Timer,0.5
Sample 18,TimesFM,0.5
Sample 19,Moirai,0.5041428208351135
Sample 19,TimesFM,0.4958571791648865
Sample 20,Moirai,0.5053827166557312
Sample 20,TimesFM,0.4946172833442688
Sample 21,Moirai,0.5069562792778015
Sample 21,TimesFM,0.4930437207221985
Sample 22,Timer,0.5
Sample 22,TimesFM,0.5
Sample 23,Time-MoE,0.6133367419242859
Sample 23,TimesFM,0.38666319847106934
Sample 24,Moirai,0.5039763450622559
Sample 24,TimesFM,0.49602365493774414
Sample 25,Moirai,0.5055934190750122
Sample 25,TimesFM,0.4944066107273102
Sample 26,Moirai,0.506193995475769
Sample 26,TimesFM,0.49380603432655334
Sample 27,Moirai,0.505708634853363
Sample 27,TimesFM,0.49429139494895935
Sample 28,Time-MoE,0.5884031057357788
Sample 28,TimesFM,0.4115969240665436
Sample 29,Moirai,0.5088644027709961
Sample 29,TimesFM,0.4911356568336487
Sample 30,Moirai,0.5048987865447998
Sample 30,TimesFM,0.4951012134552002
Sample 31,Time-MoE,0.5894729495048523
Sample 31,TimesFM,0.4105270802974701
Sample 0,Time-MoE,0.5055353045463562
Sample 0,TimesFM,0.4944646656513214
Sample 1,Chronos,0.5005901455879211
Sample 1,Timer,0.49940991401672363
Sample 2,Moirai,0.5055420994758606
Sample 2,Chronos,0.49445784091949463
Sample 3,Chronos,0.5002896189689636
Sample 3,Timer,0.49971041083335876
Sample 4,Time-MoE,0.5148706436157227
Sample 4,TimesFM,0.48512932658195496
Sample 5,Moirai,0.5032039284706116
Sample 5,Chronos,0.4967961013317108
Sample 6,Timer,0.5009923577308655
Sample 6,Chronos,0.4990076422691345
Sample 7,Time-MoE,0.5227082967758179
Sample 7,TimesFM,0.4772917330265045
Sample 8,Time-MoE,0.5418372750282288
Sample 8,TimesFM,0.45816272497177124
Sample 9,Chronos,0.5004071593284607
Sample 9,Timer,0.4995928406715393
Sample 10,Chronos,0.5003831386566162
Sample 10,Timer,0.4996168315410614
Sample 11,Timer,0.502432107925415
Sample 11,Chronos,0.49756789207458496
Sample 12,Time-MoE,0.6166456341743469
Sample 12,TimesFM,0.38335439562797546
Sample 13,Moirai,0.5026167035102844
Sample 13,Chronos,0.49738335609436035
Sample 14,Chronos,0.5003238320350647
Sample 14,Timer,0.4996762275695801
Sample 15,Time-MoE,0.5918099880218506
Sample 15,TimesFM,0.408189982175827
Sample 16,Chronos,0.5011183023452759
Sample 16,Timer,0.4988817274570465
Sample 17,Chronos,0.500453770160675
Sample 17,Timer,0.49954620003700256
Sample 18,Time-MoE,0.5364314913749695
Sample 18,TimesFM,0.4635685682296753
Sample 19,Chronos,0.5011611580848694
Sample 19,Moirai,0.498838871717453
Sample 20,Time-MoE,0.5856587290763855
Sample 20,TimesFM,0.4143413007259369
Sample 21,Chronos,0.5004457235336304
Sample 21,Timer,0.49955427646636963
Sample 22,Chronos,0.5003563761711121
Sample 22,Timer,0.49964356422424316
Sample 23,Time-MoE,0.5326250195503235
Sample 23,TimesFM,0.4673749804496765
Sample 24,Time-MoE,0.5600021481513977
Sample 24,TimesFM,0.4399978220462799
Sample 25,Chronos,0.5002597570419312
Sample 25,Timer,0.49974021315574646
Sample 26,Chronos,0.5014662742614746
Sample 26,Timer,0.498533695936203
Sample 27,Timer,0.501168429851532
Sample 27,Chronos,0.4988315999507904
Sample 28,Time-MoE,0.6098712086677551
Sample 28,TimesFM,0.3901287317276001
Sample 29,Chronos,0.5005878806114197
Sample 29,Timer,0.4994121491909027
Sample 30,Chronos,0.500329852104187
Sample 30,Timer,0.4996701776981354
Sample 31,Time-MoE,0.6000099182128906
Sample 31,TimesFM,0.3999900221824646
Sample 0,Time-MoE,0.5107855200767517
Sample 0,TimesFM,0.4892144501209259
Sample 1,Timer,0.5122825503349304
Sample 1,Moirai,0.4877174496650696
Sample 2,Chronos,0.5116295218467712
Sample 2,Timer,0.48837044835090637
Sample 3,Timer,0.5194834470748901
Sample 3,Moirai,0.48051658272743225
Sample 4,Timer,0.5071342587471008
Sample 4,Moirai,0.49286574125289917
Sample 5,Chronos,0.5085172057151794
Sample 5,Timer,0.49148279428482056
Sample 6,Timer,0.5026622414588928
Sample 6,Moirai,0.4973377585411072
Sample 7,Time-MoE,0.5055497288703918
Sample 7,TimesFM,0.49445027112960815
Sample 8,Chronos,0.5296308398246765
Sample 8,Moirai,0.4703691303730011
Sample 9,Timer,0.5129497051239014
Sample 9,Moirai,0.48705029487609863
Sample 10,Time-MoE,0.5177549719810486
Sample 10,TimesFM,0.48224499821662903
Sample 11,Timer,0.5169187784194946
Sample 11,Moirai,0.48308122158050537
Sample 12,Time-MoE,0.5665057897567749
Sample 12,TimesFM,0.4334942102432251
Sample 13,Timer,0.5135387778282166
Sample 13,Moirai,0.48646119236946106
Sample 14,Timer,0.5075036883354187
Sample 14,Moirai,0.4924963116645813
Sample 15,Time-MoE,0.5644073486328125
Sample 15,TimesFM,0.4355926811695099
Sample 16,Chronos,0.5342884659767151
Sample 16,Moirai,0.4657115638256073
Sample 17,Timer,0.5287436842918396
Sample 17,Moirai,0.4712563157081604
Sample 18,Time-MoE,0.511642575263977
Sample 18,TimesFM,0.48835739493370056
Sample 19,Timer,0.5155671238899231
Sample 19,Moirai,0.4844329059123993
Sample 20,Time-MoE,0.5835760235786438
Sample 20,TimesFM,0.4164239466190338
Sample 21,Timer,0.5133571624755859
Sample 21,Moirai,0.48664286732673645
Sample 22,Timer,0.5163417458534241
Sample 22,Moirai,0.48365822434425354
Sample 23,Time-MoE,0.5654211640357971
Sample 23,TimesFM,0.4345787763595581
Sample 24,Time-MoE,0.552003026008606
Sample 24,TimesFM,0.44799700379371643
Sample 25,Timer,0.5101289749145508
Sample 25,Moirai,0.4898710548877716
Sample 26,Time-MoE,0.5279267430305481
Sample 26,TimesFM,0.4720732271671295
Sample 27,Timer,0.5152884721755981
Sample 27,Moirai,0.48471155762672424
Sample 28,Time-MoE,0.5597425103187561
Sample 28,TimesFM,0.4402575194835663
Sample 29,Timer,0.513335645198822
Sample 29,Moirai,0.486664354801178
Sample 30,Timer,0.5147639513015747
Sample 30,Moirai,0.4852360785007477
Sample 31,Time-MoE,0.5728780627250671
Sample 31,TimesFM,0.42712193727493286
Sample 0,Chronos,0.5213004350662231
Sample 0,Moirai,0.47869956493377686
Sample 1,Timer,0.5076091885566711
Sample 1,Moirai,0.49239081144332886
Sample 2,Timer,0.5141812562942505
Sample 2,Moirai,0.4858187437057495
Sample 3,Timer,0.5137794613838196
Sample 3,Moirai,0.4862205684185028
Sample 4,Timer,0.5124770402908325
Sample 4,Moirai,0.4875229597091675
Sample 5,Timer,0.5064680576324463
Sample 5,Moirai,0.4935319125652313
Sample 6,Timer,0.5102069973945618
Sample 6,Moirai,0.48979297280311584
Sample 7,Time-MoE,0.5086496472358704
Sample 7,TimesFM,0.49135035276412964
Sample 8,Moirai,0.5157606601715088
Sample 8,Chronos,0.4842393696308136
Sample 9,Timer,0.5120479464530945
Sample 9,Moirai,0.48795202374458313
Sample 10,Timer,0.5018308758735657
Sample 10,Moirai,0.49816909432411194
Sample 11,Chronos,0.5111293196678162
Sample 11,Timer,0.4888707399368286
Sample 12,Chronos,0.5257986187934875
Sample 12,Timer,0.47420141100883484
Sample 13,Timer,0.509075403213501
Sample 13,Moirai,0.490924596786499
Sample 14,Timer,0.5122905969619751
Sample 14,Moirai,0.4877094328403473
Sample 15,Time-MoE,0.5478286147117615
Sample 15,TimesFM,0.4521713852882385
Sample 16,Moirai,0.5073736906051636
Sample 16,Chronos,0.49262627959251404
Sample 17,Timer,0.5103358626365662
Sample 17,Moirai,0.48966410756111145
Sample 18,Timer,0.5137970447540283
Sample 18,Moirai,0.48620298504829407
Sample 19,Timer,0.5199292302131653
Sample 19,Moirai,0.4800707995891571
Sample 20,Time-MoE,0.5998289585113525
Sample 20,TimesFM,0.40017104148864746
Sample 21,Moirai,0.5011329054832458
Sample 21,Timer,0.49886706471443176
Sample 22,Timer,0.5111821293830872
Sample 22,Moirai,0.48881784081459045
Sample 23,Time-MoE,0.5859447121620178
Sample 23,TimesFM,0.41405534744262695
Sample 24,Chronos,0.5413618683815002
Sample 24,Moirai,0.45863810181617737
Sample 25,Timer,0.5155195593833923
Sample 25,Moirai,0.48448044061660767
Sample 26,Moirai,0.5161569714546204
Sample 26,Timer,0.48384302854537964
Sample 27,Timer,0.5165287852287292
Sample 27,Moirai,0.4834712743759155
Sample 28,Time-MoE,0.5660001039505005
Sample 28,TimesFM,0.4339999258518219
Sample 29,Timer,0.5060230493545532
Sample 29,Moirai,0.4939769208431244
Sample 30,Timer,0.5105447769165039
Sample 30,Moirai,0.4894552528858185
Sample 31,Time-MoE,0.5144503116607666
Sample 31,TimesFM,0.4855497181415558
Sample 0,TimesFM,0.5012187957763672
Sample 0,Time-MoE,0.4987812340259552
Sample 1,Timer,0.5167233943939209
Sample 1,Moirai,0.4832766056060791
Sample 2,Timer,0.5084704756736755
Sample 2,Moirai,0.49152952432632446
Sample 3,Timer,0.5070183277130127
Sample 3,Moirai,0.4929816424846649
Sample 4,Time-MoE,0.5348063707351685
Sample 4,TimesFM,0.46519362926483154
Sample 5,Timer,0.5024768710136414
Sample 5,Moirai,0.49752312898635864
Sample 6,Timer,0.5210602879524231
Sample 6,Moirai,0.4789396822452545
Sample 7,Time-MoE,0.5268483757972717
Sample 7,TimesFM,0.47315162420272827
Sample 8,Chronos,0.5229703187942505
Sample 8,Moirai,0.4770296514034271
Sample 9,Timer,0.5080428123474121
Sample 9,Moirai,0.4919572174549103
Sample 10,Moirai,0.5095899701118469
Sample 10,Timer,0.49041005969047546
Sample 11,Timer,0.5232335329055786
Sample 11,Moirai,0.4767664670944214
Sample 12,Timer,0.5013101100921631
Sample 12,Time-MoE,0.4986898899078369
Sample 13,Timer,0.5064775943756104
Sample 13,TimesFM,0.49352243542671204
Sample 14,Chronos,0.5226284861564636
Sample 14,TimesFM,0.4773715138435364
Sample 15,TimesFM,0.5139658451080322
Sample 15,Chronos,0.48603418469429016
Sample 16,Time-MoE,0.5075122117996216
Sample 16,TimesFM,0.4924877882003784
Sample 17,Timer,0.5109665989875793
Sample 17,Moirai,0.48903337121009827
Sample 18,Time-MoE,0.502381443977356
Sample 18,TimesFM,0.49761849641799927
Sample 19,Timer,0.5123999118804932
Sample 19,Moirai,0.48760008811950684
Sample 20,Moirai,0.5092934966087341
Sample 20,Timer,0.4907064735889435
Sample 21,Timer,0.5100165009498596
Sample 21,Moirai,0.4899834990501404
Sample 22,Timer,0.5297350883483887
Sample 22,Moirai,0.47026491165161133
Sample 23,Time-MoE,0.5559288859367371
Sample 23,TimesFM,0.4440711438655853
Sample 24,Moirai,0.5400921106338501
Sample 24,Chronos,0.4599078893661499
Sample 25,Timer,0.506613552570343
Sample 25,Moirai,0.493386447429657
Sample 26,Chronos,0.5051207542419434
Sample 26,TimesFM,0.49487921595573425
Sample 27,Timer,0.5006229281425476
Sample 27,Moirai,0.4993770718574524
Sample 28,Moirai,0.5584862232208252
Sample 28,Timer,0.4415138065814972
Sample 29,Timer,0.5099427103996277
Sample 29,Moirai,0.4900572896003723
Sample 30,Moirai,0.5241777896881104
Sample 30,Chronos,0.47582221031188965
Sample 31,Time-MoE,0.5927402973175049
Sample 31,TimesFM,0.40725967288017273
Sample 0,Moirai,0.5234781503677368
Sample 0,Timer,0.4765218198299408
Sample 1,Timer,0.531068742275238
Sample 1,Moirai,0.46893128752708435
Sample 2,Moirai,0.5040278434753418
Sample 2,Timer,0.4959721863269806
Sample 3,Timer,0.5418753623962402
Sample 3,Moirai,0.45812466740608215
Sample 4,Time-MoE,0.5300436019897461
Sample 4,TimesFM,0.4699563682079315
Sample 5,Timer,0.5079890489578247
Sample 5,Moirai,0.4920109212398529
Sample 6,Timer,0.5454123020172119
Sample 6,Moirai,0.4545876681804657
Sample 7,Time-MoE,0.5458117127418518
Sample 7,TimesFM,0.4541882872581482
Sample 8,Moirai,0.5423657298088074
Sample 8,Chronos,0.45763424038887024
Sample 9,Timer,0.5286865234375
Sample 9,Moirai,0.4713135063648224
Sample 10,Moirai,0.5035764575004578
Sample 10,Timer,0.49642354249954224
Sample 11,Timer,0.5284485816955566
Sample 11,Moirai,0.47155141830444336
Sample 12,Timer,0.5058431029319763
Sample 12,Chronos,0.4941568672657013
Sample 13,Timer,0.5190748572349548
Sample 13,Moirai,0.48092517256736755
Sample 14,Timer,0.5170186758041382
Sample 14,Moirai,0.4829813241958618
Sample 15,Time-MoE,0.5584205389022827
Sample 15,TimesFM,0.4415794909000397
Sample 0,Moirai,0.6077442765235901
Sample 0,Chronos,0.3922557532787323
Sample 1,Moirai,0.5007286071777344
Sample 1,Timer,0.4992713928222656
Sample 2,Time-MoE,0.522031843662262
Sample 2,TimesFM,0.47796815633773804
Sample 3,Moirai,0.5177211165428162
Sample 3,Timer,0.48227888345718384
Sample 4,Timer,0.5287865400314331
Sample 4,Moirai,0.4712134599685669
Sample 5,Moirai,0.513318657875061
Sample 5,Timer,0.48668137192726135
Sample 6,Moirai,0.5042036771774292
Sample 6,Timer,0.4957963228225708
Sample 7,Time-MoE,0.5559282898902893
Sample 7,TimesFM,0.4440717101097107
Sample 8,Moirai,0.6325603127479553
Sample 8,Timer,0.3674396872520447
Sample 9,Timer,0.5013688802719116
Sample 9,Moirai,0.49863114953041077
Sample 10,Moirai,0.5411176085472107
Sample 10,Timer,0.4588823914527893
Sample 11,Moirai,0.5237956047058105
Sample 11,Timer,0.47620439529418945
Sample 12,Time-MoE,0.5189252495765686
Sample 12,TimesFM,0.4810747802257538
Sample 13,Moirai,0.5241042375564575
Sample 13,Timer,0.47589579224586487
Sample 14,Moirai,0.517566442489624
Sample 14,Timer,0.4824335277080536
Sample 15,Time-MoE,0.5521888136863708
Sample 15,TimesFM,0.4478112459182739
Sample 16,Moirai,0.5925737023353577
Sample 16,Chronos,0.40742629766464233
Sample 17,Moirai,0.5260261297225952
Sample 17,Timer,0.4739739000797272
Sample 18,TimesFM,0.5005932450294495
Sample 18,Chronos,0.4994067847728729
Sample 19,Moirai,0.5177249908447266
Sample 19,Timer,0.48227500915527344
Sample 20,Moirai,0.580685555934906
Sample 20,Chronos,0.4193144738674164
Sample 21,Moirai,0.5263126492500305
Sample 21,Timer,0.47368738055229187
Sample 22,Timer,0.5029772520065308
Sample 22,Chronos,0.49702274799346924
Sample 23,TimesFM,0.5092023611068726
Sample 23,Time-MoE,0.49079763889312744
Sample 24,Time-MoE,0.5253379344940186
Sample 24,TimesFM,0.47466203570365906
Sample 25,Moirai,0.502709150314331
Sample 25,Timer,0.49729084968566895
Sample 26,Moirai,0.5276815295219421
Sample 26,Timer,0.47231847047805786
Sample 27,Moirai,0.5138434767723083
Sample 27,Timer,0.48615649342536926
Sample 28,Time-MoE,0.5860521197319031
Sample 28,TimesFM,0.41394785046577454
Sample 29,Moirai,0.5327591896057129
Sample 29,Timer,0.4672408103942871
Sample 30,Moirai,0.5702338218688965
Sample 30,Timer,0.4297662079334259
Sample 31,Time-MoE,0.5530039072036743
Sample 31,TimesFM,0.4469960927963257
Sample 0,TimesFM,0.505821704864502
Sample 0,Time-MoE,0.49417832493782043
Sample 1,Moirai,0.5636460781097412
Sample 1,Timer,0.4363538920879364
Sample 2,Chronos,0.5419779419898987
Sample 2,TimesFM,0.4580220878124237
Sample 3,Moirai,0.5326696634292603
Sample 3,Timer,0.46733030676841736
Sample 4,Time-MoE,0.513551652431488
Sample 4,TimesFM,0.48644840717315674
Sample 5,Moirai,0.5650725364685059
Sample 5,Timer,0.43492743372917175
Sample 6,Timer,0.5004919767379761
Sample 6,Moirai,0.4995080530643463
Sample 7,Time-MoE,0.5397047400474548
Sample 7,TimesFM,0.4602952301502228
Sample 8,Moirai,0.7040933966636658
Sample 8,Timer,0.295906662940979
Sample 9,Moirai,0.5594185590744019
Sample 9,Timer,0.44058144092559814
Sample 10,Moirai,0.5673713684082031
Sample 10,Timer,0.4326286315917969
Sample 11,Timer,0.5056001543998718
Sample 11,Chronos,0.4943998456001282
Sample 12,Chronos,0.548315703868866
Sample 12,Moirai,0.45168429613113403
Sample 13,Moirai,0.571916937828064
Sample 13,Timer,0.42808306217193604
Sample 14,Timer,0.5235460996627808
Sample 14,Moirai,0.47645390033721924
Sample 15,Time-MoE,0.5247393250465393
Sample 15,TimesFM,0.4752606749534607
Sample 16,Moirai,0.6889887452125549
Sample 16,Chronos,0.31101128458976746
Sample 17,Moirai,0.5555669665336609
Sample 17,Timer,0.4444330632686615
Sample 18,Chronos,0.5171627998352051
Sample 18,TimesFM,0.48283717036247253
Sample 19,Moirai,0.5458370447158813
Sample 19,Timer,0.45416292548179626
Sample 20,Moirai,0.5338078141212463
Sample 20,Timer,0.46619218587875366
Sample 21,Moirai,0.5697164535522461
Sample 21,Timer,0.4302835464477539
Sample 22,Moirai,0.5318970084190369
Sample 22,Timer,0.4681030511856079
Sample 23,Time-MoE,0.5766441226005554
Sample 23,TimesFM,0.4233558773994446
Sample 24,Moirai,0.6584514379501343
Sample 24,Timer,0.3415486216545105
Sample 25,Moirai,0.5184494853019714
Sample 25,Timer,0.4815504848957062
Sample 26,Moirai,0.5635703802108765
Sample 26,Timer,0.43642961978912354
Sample 27,Moirai,0.5288509726524353
Sample 27,Timer,0.4711490273475647
Sample 28,Time-MoE,0.5464086532592773
Sample 28,TimesFM,0.45359134674072266
Sample 29,Moirai,0.5655562281608582
Sample 29,Timer,0.43444374203681946
Sample 30,Moirai,0.5228404998779297
Sample 30,Timer,0.4771595299243927
Sample 31,Time-MoE,0.5590941905975342
Sample 31,TimesFM,0.4409058094024658
Sample 0,TimesFM,0.5058580040931702
Sample 0,Moirai,0.4941420257091522
Sample 1,Moirai,0.6063706278800964
Sample 1,Timer,0.3936293125152588
Sample 2,Moirai,0.612762987613678
Sample 2,Timer,0.38723695278167725
Sample 3,Moirai,0.5740247368812561
Sample 3,Timer,0.4259752333164215
Sample 4,Time-MoE,0.5102951526641846
Sample 4,TimesFM,0.4897048771381378
Sample 5,Moirai,0.5814992189407349
Sample 5,Timer,0.41850078105926514
Sample 6,Chronos,0.5076412558555603
Sample 6,Timer,0.4923587441444397
Sample 7,Time-MoE,0.5008885264396667
Sample 7,TimesFM,0.49911144375801086
Sample 8,Time-MoE,0.5386168956756592
Sample 8,TimesFM,0.4613831341266632
Sample 9,Moirai,0.5724971294403076
Sample 9,Timer,0.42750290036201477
Sample 10,Moirai,0.5882163643836975
Sample 10,Timer,0.4117835760116577
Sample 11,Chronos,0.6252386569976807
Sample 11,Timer,0.3747614026069641
Sample 12,Time-MoE,0.5867615938186646
Sample 12,TimesFM,0.4132383465766907
Sample 13,Moirai,0.5951469540596008
Sample 13,Timer,0.4048530161380768
Sample 14,Moirai,0.5438047051429749
Sample 14,Timer,0.45619529485702515
Sample 15,Time-MoE,0.5744353532791138
Sample 15,TimesFM,0.4255646765232086
Sample 16,Moirai,0.6711379885673523
Sample 16,Timer,0.3288620114326477
Sample 17,Moirai,0.5375470519065857
Sample 17,Timer,0.46245288848876953
Sample 18,TimesFM,0.5222141742706299
Sample 18,Time-MoE,0.4777858853340149
Sample 19,Moirai,0.5851120948791504
Sample 19,Timer,0.4148879051208496
Sample 20,Time-MoE,0.5479665994644165
Sample 20,TimesFM,0.4520334005355835
Sample 21,Moirai,0.5862364768981934
Sample 21,Chronos,0.41376346349716187
Sample 22,Moirai,0.5916942358016968
Sample 22,Chronos,0.40830570459365845
Sample 23,Time-MoE,0.5310182571411133
Sample 23,TimesFM,0.4689817726612091
Sample 24,Time-MoE,0.5394680500030518
Sample 24,TimesFM,0.46053197979927063
Sample 25,Moirai,0.5731444954872131
Sample 25,Timer,0.42685550451278687
Sample 26,Moirai,0.5208873152732849
Sample 26,Timer,0.4791126847267151
Sample 27,Chronos,0.5800800919532776
Sample 27,Moirai,0.4199199080467224
Sample 28,Time-MoE,0.5735647678375244
Sample 28,TimesFM,0.426435261964798
Sample 29,Moirai,0.5754438638687134
Sample 29,Chronos,0.42455610632896423
Sample 30,Moirai,0.5824187994003296
Sample 30,Timer,0.4175812602043152
Sample 31,Time-MoE,0.5609714388847351
Sample 31,TimesFM,0.4390285611152649
Sample 0,TimesFM,0.5340316891670227
Sample 0,Time-MoE,0.4659683108329773
Sample 1,Moirai,0.6085985898971558
Sample 1,Chronos,0.39140138030052185
Sample 2,TimesFM,0.5092387795448303
Sample 2,Moirai,0.4907611906528473
Sample 3,Moirai,0.5792324542999268
Sample 3,Chronos,0.42076748609542847
Sample 4,Moirai,0.5037755370140076
Sample 4,Timer,0.4962244927883148
Sample 5,Chronos,0.574341356754303
Sample 5,TimesFM,0.425658643245697
Sample 6,Moirai,0.6326696276664734
Sample 6,Chronos,0.3673303425312042
Sample 7,TimesFM,0.5169262886047363
Sample 7,Time-MoE,0.48307371139526367
Sample 8,Moirai,0.6078726053237915
Sample 8,TimesFM,0.3921274244785309
Sample 9,Moirai,0.6055530905723572
Sample 9,Chronos,0.39444687962532043
Sample 10,TimesFM,0.508566677570343
Sample 10,Time-MoE,0.491433322429657
Sample 11,Moirai,0.5380364060401917
Sample 11,Chronos,0.46196359395980835
Sample 12,Time-MoE,0.5184423327445984
Sample 12,TimesFM,0.4815576672554016
Sample 13,Moirai,0.5697407722473145
Sample 13,Timer,0.43025925755500793
Sample 14,Moirai,0.607570230960846
Sample 14,Chronos,0.39242976903915405
Sample 15,Time-MoE,0.5348682403564453
Sample 15,TimesFM,0.4651317298412323
Sample 16,Moirai,0.5967986583709717
Sample 16,TimesFM,0.4032013714313507
Sample 17,Chronos,0.5592833161354065
Sample 17,Moirai,0.4407166540622711
Sample 18,TimesFM,0.5224551558494568
Sample 18,Time-MoE,0.4775448739528656
Sample 19,Chronos,0.5657762289047241
Sample 19,Moirai,0.4342237710952759
Sample 20,Time-MoE,0.5289545655250549
Sample 20,TimesFM,0.47104546427726746
Sample 21,Moirai,0.6011335253715515
Sample 21,Chronos,0.3988665044307709
Sample 22,Moirai,0.6479281783103943
Sample 22,Timer,0.3520717918872833
Sample 23,Time-MoE,0.5222619771957397
Sample 23,TimesFM,0.47773805260658264
Sample 24,Time-MoE,0.5218448638916016
Sample 24,TimesFM,0.4781551659107208
Sample 25,Moirai,0.5870482921600342
Sample 25,Chronos,0.41295167803764343
Sample 26,TimesFM,0.5322599411010742
Sample 26,Time-MoE,0.4677400588989258
Sample 27,Moirai,0.5329053401947021
Sample 27,Chronos,0.46709468960762024
Sample 28,Time-MoE,0.503714382648468
Sample 28,TimesFM,0.49628564715385437
Sample 29,Moirai,0.5246988534927368
Sample 29,Chronos,0.4753011167049408
Sample 30,Moirai,0.6181982159614563
Sample 30,Chronos,0.3818017840385437
Sample 31,Time-MoE,0.5239914059638977
Sample 31,TimesFM,0.4760085344314575
Sample 0,Moirai,0.760439395904541
Sample 0,TimesFM,0.23956060409545898
Sample 1,Moirai,0.6044799089431763
Sample 1,Chronos,0.3955201506614685
Sample 2,Chronos,0.5128381848335266
Sample 2,Moirai,0.487161785364151
Sample 3,Moirai,0.5395283699035645
Sample 3,Chronos,0.46047157049179077
Sample 4,Chronos,0.5006132125854492
Sample 4,Moirai,0.4993867874145508
Sample 5,Moirai,0.5995988249778748
Sample 5,Chronos,0.40040123462677
Sample 6,Moirai,0.6334047913551331
Sample 6,Timer,0.36659520864486694
Sample 7,TimesFM,0.5433961749076843
Sample 7,Time-MoE,0.45660385489463806
Sample 8,Moirai,0.7972345352172852
Sample 8,Chronos,0.20276546478271484
Sample 9,Moirai,0.573702871799469
Sample 9,Chronos,0.426297128200531
Sample 10,Moirai,0.5662840008735657
Sample 10,TimesFM,0.4337160289287567
Sample 11,Chronos,0.5032662153244019
Sample 11,Moirai,0.49673381447792053
Sample 12,Chronos,0.586939811706543
Sample 12,TimesFM,0.4130602478981018
Sample 13,Moirai,0.534669816493988
Sample 13,Chronos,0.46533018350601196
Sample 14,Moirai,0.5293493270874023
Sample 14,Chronos,0.47065073251724243
Sample 15,Time-MoE,0.5611939430236816
Sample 15,TimesFM,0.43880608677864075
Sample 16,Moirai,0.7167165875434875
Sample 16,Chronos,0.28328341245651245
Sample 17,Moirai,0.5787348747253418
Sample 17,Chronos,0.4212651550769806
Sample 18,Moirai,0.6188077926635742
Sample 18,Chronos,0.3811921775341034
Sample 19,Chronos,0.566554844379425
Sample 19,Timer,0.43344515562057495
Sample 20,Time-MoE,0.5662144422531128
Sample 20,TimesFM,0.4337855577468872
Sample 21,Moirai,0.6125857830047607
Sample 21,Chronos,0.38741424679756165
Sample 22,Moirai,0.629051923751831
Sample 22,Chronos,0.37094807624816895
Sample 23,Time-MoE,0.5539133548736572
Sample 23,TimesFM,0.4460866153240204
Sample 24,Moirai,0.6269921064376831
Sample 24,TimesFM,0.3730079233646393
Sample 25,Moirai,0.5499900579452515
Sample 25,Chronos,0.45000991225242615
Sample 26,Moirai,0.589174747467041
Sample 26,Timer,0.4108252227306366
Sample 27,Moirai,0.5114244818687439
Sample 27,Chronos,0.4885755181312561
Sample 28,Time-MoE,0.5385830998420715
Sample 28,TimesFM,0.46141695976257324
Sample 29,Moirai,0.5776016712188721
Sample 29,Timer,0.4223983883857727
Sample 30,Moirai,0.6327158212661743
Sample 30,Timer,0.36728423833847046
Sample 31,TimesFM,0.5423678159713745
Sample 31,Time-MoE,0.4576322138309479
Sample 0,TimesFM,0.5473454594612122
Sample 0,Time-MoE,0.45265457034111023
Sample 1,Moirai,0.5724124312400818
Sample 1,Chronos,0.4275875389575958
Sample 2,Moirai,0.5351234674453735
Sample 2,Timer,0.46487656235694885
Sample 3,Moirai,0.5621750950813293
Sample 3,Chronos,0.43782487511634827
Sample 4,TimesFM,0.530646800994873
Sample 4,Time-MoE,0.46935319900512695
Sample 5,Moirai,0.6424956321716309
Sample 5,Chronos,0.35750436782836914
Sample 6,Moirai,0.6192878484725952
Sample 6,Chronos,0.3807121217250824
Sample 7,TimesFM,0.501394510269165
Sample 7,Time-MoE,0.4986054599285126
Sample 8,Moirai,0.6384003758430481
Sample 8,TimesFM,0.3615996539592743
Sample 9,Moirai,0.5985816121101379
Sample 9,Chronos,0.40141841769218445
Sample 10,Moirai,0.6197067499160767
Sample 10,Chronos,0.3802932798862457
Sample 11,Moirai,0.519567608833313
Sample 11,Chronos,0.4804324209690094
Sample 12,Timer,0.5075750946998596
Sample 12,Time-MoE,0.4924249053001404
Sample 13,Chronos,0.5976569056510925
Sample 13,Timer,0.40234309434890747
Sample 14,Chronos,0.5315370559692383
Sample 14,TimesFM,0.4684629440307617
Sample 15,TimesFM,0.5595535039901733
Sample 15,Time-MoE,0.4404464662075043
Sample 16,TimesFM,0.5443820357322693
Sample 16,Time-MoE,0.4556179344654083
Sample 17,Moirai,0.6003006100654602
Sample 17,Chronos,0.3996993899345398
Sample 18,TimesFM,0.5697770118713379
Sample 18,Time-MoE,0.4302229881286621
Sample 19,Moirai,0.5785253047943115
Sample 19,Chronos,0.42147472500801086
Sample 20,Moirai,0.6270119547843933
Sample 20,Timer,0.3729880452156067
Sample 21,Moirai,0.5921247601509094
Sample 21,Chronos,0.40787526965141296
Sample 22,Chronos,0.5028286576271057
Sample 22,Moirai,0.4971713125705719
Sample 23,Time-MoE,0.5013676285743713
Sample 23,TimesFM,0.49863243103027344
Sample 24,Moirai,0.8229749798774719
Sample 24,Timer,0.17702500522136688
Sample 25,Moirai,0.5969284176826477
Sample 25,Chronos,0.4030715823173523
Sample 26,TimesFM,0.518046498298645
Sample 26,Moirai,0.48195353150367737
Sample 27,Moirai,0.6424196362495422
Sample 27,Chronos,0.35758036375045776
Sample 28,Moirai,0.6702149510383606
Sample 28,Time-MoE,0.3297850787639618
Sample 29,Moirai,0.5372978448867798
Sample 29,Chronos,0.4627021253108978
Sample 30,Moirai,0.6860277056694031
Sample 30,Chronos,0.3139723241329193
Sample 31,Time-MoE,0.5841707587242126
Sample 31,TimesFM,0.41582921147346497
Sample 0,Moirai,0.7401342988014221
Sample 0,Chronos,0.2598657011985779
Sample 1,Moirai,0.5269039869308472
Sample 1,Chronos,0.47309598326683044
Sample 2,Moirai,0.6550707221031189
Sample 2,Chronos,0.3449292480945587
Sample 3,Chronos,0.5540870428085327
Sample 3,Moirai,0.4459129571914673
Sample 4,Time-MoE,0.5100094676017761
Sample 4,Chronos,0.4899905323982239
Sample 5,Moirai,0.5920237302780151
Sample 5,Chronos,0.4079762399196625
Sample 6,Chronos,0.5752440690994263
Sample 6,Moirai,0.42475590109825134
Sample 7,Time-MoE,0.504040002822876
Sample 7,TimesFM,0.49595993757247925
Sample 8,Moirai,0.7607683539390564
Sample 8,TimesFM,0.23923157155513763
Sample 9,Moirai,0.5551291108131409
Sample 9,Chronos,0.44487085938453674
Sample 10,Moirai,0.5518303513526917
Sample 10,Chronos,0.4481697082519531
Sample 11,Chronos,0.5180924534797668
Sample 11,Moirai,0.48190754652023315
Sample 12,Chronos,0.5925381183624268
Sample 12,Moirai,0.40746191143989563
Sample 13,Moirai,0.5948377847671509
Sample 13,Chronos,0.4051622450351715
Sample 14,Moirai,0.6207073330879211
Sample 14,Chronos,0.37929266691207886
Sample 15,Time-MoE,0.511200487613678
Sample 15,TimesFM,0.4887995421886444
Sample 0,Moirai,0.800458550453186
Sample 0,TimesFM,0.19954147934913635
Sample 1,Chronos,0.5246509313583374
Sample 1,Moirai,0.4753490388393402
Sample 2,TimesFM,0.5221280455589294
Sample 2,Time-MoE,0.47787195444107056
Sample 3,Chronos,0.5329064726829529
Sample 3,Moirai,0.46709346771240234
Sample 4,Chronos,0.5648816823959351
Sample 4,Moirai,0.4351183772087097
Sample 5,Moirai,0.5437135696411133
Sample 5,Chronos,0.45628637075424194
Sample 6,Moirai,0.5168330073356628
Sample 6,Chronos,0.48316696286201477
Sample 7,Time-MoE,0.5077745914459229
Sample 7,TimesFM,0.49222543835639954
Sample 8,Moirai,0.8523681163787842
Sample 8,Chronos,0.1476319134235382
Sample 9,Chronos,0.5170502662658691
Sample 9,Moirai,0.48294970393180847
Sample 10,Moirai,0.6408436894416809
Sample 10,Timer,0.3591563105583191
Sample 11,Moirai,0.5207332968711853
Sample 11,Chronos,0.4792667031288147
Sample 12,TimesFM,0.5412892699241638
Sample 12,Time-MoE,0.4587107300758362
Sample 13,Moirai,0.5598146915435791
Sample 13,Chronos,0.4401852786540985
Sample 14,Moirai,0.5852353572845459
Sample 14,Chronos,0.4147646427154541
Sample 15,TimesFM,0.5044833421707153
Sample 15,Time-MoE,0.49551665782928467
Sample 16,Moirai,0.7208300828933716
Sample 16,TimesFM,0.2791699469089508
Sample 17,Moirai,0.5670353174209595
Sample 17,Chronos,0.4329646825790405
Sample 18,TimesFM,0.5402408242225647
Sample 18,Chronos,0.4597592055797577
Sample 19,Chronos,0.5040239095687866
Sample 19,Moirai,0.4959760904312134
Sample 20,Moirai,0.6965221762657166
Sample 20,Chronos,0.30347779393196106
Sample 21,Chronos,0.5065043568611145
Sample 21,Moirai,0.4934956133365631
Sample 22,Chronos,0.6354820132255554
Sample 22,Moirai,0.3645179271697998
Sample 23,TimesFM,0.5255864858627319
Sample 23,Time-MoE,0.47441351413726807
Sample 24,Time-MoE,0.5002872943878174
Sample 24,Moirai,0.4997127056121826
Sample 25,Chronos,0.500124454498291
Sample 25,Moirai,0.49987557530403137
Sample 26,Moirai,0.6414912343025208
Sample 26,Chronos,0.35850879549980164
Sample 27,Moirai,0.5606780648231506
Sample 27,Chronos,0.43932193517684937
Sample 28,Time-MoE,0.5853782296180725
Sample 28,TimesFM,0.4146217703819275
Sample 29,Moirai,0.6005857586860657
Sample 29,Chronos,0.3994142711162567
Sample 30,Moirai,0.7226598858833313
Sample 30,Timer,0.2773400843143463
Sample 31,Time-MoE,0.5258775353431702
Sample 31,TimesFM,0.47412243485450745
Sample 0,TimesFM,0.5281619429588318
Sample 0,Moirai,0.4718380272388458
Sample 1,Moirai,0.5569207668304443
Sample 1,Chronos,0.44307926297187805
Sample 2,Chronos,0.5721954703330994
Sample 2,TimesFM,0.42780447006225586
Sample 3,Chronos,0.5884674191474915
Sample 3,Moirai,0.41153255105018616
Sample 4,Time-MoE,0.5041453242301941
Sample 4,TimesFM,0.4958546459674835
Sample 5,Moirai,0.5627821683883667
Sample 5,Chronos,0.4372178018093109
Sample 6,Chronos,0.6281081438064575
Sample 6,Moirai,0.37189188599586487
Sample 7,TimesFM,0.5072883367538452
Sample 7,Time-MoE,0.4927116334438324
Sample 8,Moirai,0.8644747734069824
Sample 8,Chronos,0.13552528619766235
Sample 9,Moirai,0.5267693400382996
Sample 9,Chronos,0.47323063015937805
Sample 10,Moirai,0.5644225478172302
Sample 10,Chronos,0.4355774223804474
Sample 11,Chronos,0.5584735870361328
Sample 11,Timer,0.44152647256851196
Sample 12,Chronos,0.6298094987869263
Sample 12,Moirai,0.3701905310153961
Sample 13,Moirai,0.5497772097587585
Sample 13,Chronos,0.45022279024124146
Sample 14,Chronos,0.5576743483543396
Sample 14,Timer,0.4423255920410156
Sample 15,Time-MoE,0.5016500949859619
Sample 15,TimesFM,0.4983499348163605
Sample 16,Moirai,0.8461142182350159
Sample 16,TimesFM,0.1538858562707901
Sample 17,Moirai,0.5326296091079712
Sample 17,Chronos,0.4673703908920288
Sample 18,Chronos,0.5133840441703796
Sample 18,TimesFM,0.48661598563194275
Sample 19,Chronos,0.5423662662506104
Sample 19,Moirai,0.4576336741447449
Sample 20,Moirai,0.5212751626968384
Sample 20,Chronos,0.47872480750083923
Sample 21,Moirai,0.5615839958190918
Sample 21,Chronos,0.4384160041809082
Sample 22,Chronos,0.5434195399284363
Sample 22,Moirai,0.4565804600715637
Sample 23,Time-MoE,0.5293015837669373
Sample 23,TimesFM,0.47069841623306274
Sample 24,Moirai,0.7713595628738403
Sample 24,Chronos,0.22864046692848206
Sample 25,Chronos,0.5836199522018433
Sample 25,Moirai,0.41638004779815674
Sample 26,Moirai,0.6172366142272949
Sample 26,Chronos,0.3827633857727051
Sample 27,Chronos,0.6310123205184937
Sample 27,Moirai,0.36898764967918396
Sample 28,TimesFM,0.5122780799865723
Sample 28,Time-MoE,0.4877219498157501
Sample 29,Moirai,0.5116974115371704
Sample 29,Chronos,0.4883025288581848
Sample 30,Chronos,0.5537689924240112
Sample 30,Moirai,0.44623100757598877
Sample 31,Time-MoE,0.5166764855384827
Sample 31,TimesFM,0.48332345485687256
Sample 0,Moirai,0.5705638527870178
Sample 0,TimesFM,0.4294361174106598
Sample 1,Moirai,0.5079705119132996
Sample 1,Chronos,0.4920295178890228
Sample 2,Moirai,0.6301994919776917
Sample 2,Chronos,0.36980047821998596
Sample 3,Chronos,0.5640818476676941
Sample 3,Moirai,0.4359181523323059
Sample 4,Time-MoE,0.5068814754486084
Sample 4,TimesFM,0.4931185245513916
Sample 5,Moirai,0.5392526388168335
Sample 5,Chronos,0.46074730157852173
Sample 6,Chronos,0.6129460334777832
Sample 6,Timer,0.3870539367198944
Sample 7,TimesFM,0.5179983377456665
Sample 7,Time-MoE,0.4820016324520111
Sample 8,Time-MoE,0.5256217122077942
Sample 8,Moirai,0.4743782579898834
Sample 9,Chronos,0.53621506690979
Sample 9,Moirai,0.46378493309020996
Sample 10,Moirai,0.5047114491462708
Sample 10,Chronos,0.49528855085372925
Sample 11,Chronos,0.7519134879112244
Sample 11,Timer,0.24808646738529205
Sample 12,Time-MoE,0.550003170967102
Sample 12,TimesFM,0.4499967694282532
Sample 13,Moirai,0.5032713413238525
Sample 13,Chronos,0.49672871828079224
Sample 14,Moirai,0.5021736025810242
Sample 14,Chronos,0.49782636761665344
Sample 15,Time-MoE,0.5551335215568542
Sample 15,TimesFM,0.44486644864082336
Sample 16,Moirai,0.6834348440170288
Sample 16,Chronos,0.3165651261806488
Sample 17,Chronos,0.6328555941581726
Sample 17,Timer,0.3671444058418274
Sample 18,TimesFM,0.5898372530937195
Sample 18,Time-MoE,0.41016268730163574
Sample 19,Moirai,0.619524359703064
Sample 19,Chronos,0.38047558069229126
Sample 20,Time-MoE,0.5004598498344421
Sample 20,TimesFM,0.49954017996788025
Sample 21,Chronos,0.547321617603302
Sample 21,Moirai,0.452678382396698
Sample 22,Chronos,0.5182383060455322
Sample 22,Moirai,0.48176175355911255
Sample 23,Time-MoE,0.5254018306732178
Sample 23,TimesFM,0.4745981693267822
Sample 24,Time-MoE,0.5193836688995361
Sample 24,TimesFM,0.4806163012981415
Sample 25,Chronos,0.5744150876998901
Sample 25,Moirai,0.42558491230010986
Sample 26,Moirai,0.5298939943313599
Sample 26,Timer,0.47010594606399536
Sample 27,Chronos,0.7008954882621765
Sample 27,Timer,0.2991045415401459
Sample 28,Time-MoE,0.5306246280670166
Sample 28,TimesFM,0.4693753123283386
Sample 29,Chronos,0.5700103640556335
Sample 29,Moirai,0.42998966574668884
Sample 30,Chronos,0.5208097100257874
Sample 30,Moirai,0.47919026017189026
Sample 31,Time-MoE,0.5154663920402527
Sample 31,TimesFM,0.4845336079597473
Sample 0,TimesFM,0.5097498893737793
Sample 0,Moirai,0.4902501106262207
Sample 1,Chronos,0.5297116041183472
Sample 1,Moirai,0.4702884256839752
Sample 2,TimesFM,0.508666455745697
Sample 2,Moirai,0.4913334846496582
Sample 3,Chronos,0.5738615989685059
Sample 3,Moirai,0.42613843083381653
Sample 4,Chronos,0.5086166858673096
Sample 4,Timer,0.4913833439350128
Sample 5,Chronos,0.6262378692626953
Sample 5,TimesFM,0.3737620711326599
Sample 6,Moirai,0.6648445129394531
Sample 6,Chronos,0.3351554274559021
Sample 7,TimesFM,0.5269444584846497
Sample 7,Time-MoE,0.47305551171302795
Sample 8,Moirai,0.710673451423645
Sample 8,TimesFM,0.28932657837867737
Sample 9,Chronos,0.5417436361312866
Sample 9,Moirai,0.4582563638687134
Sample 10,TimesFM,0.5036705136299133
Sample 10,Chronos,0.4963294565677643
Sample 11,Chronos,0.6249199509620667
Sample 11,Moirai,0.37508007884025574
Sample 12,TimesFM,0.5259172320365906
Sample 12,Time-MoE,0.47408273816108704
Sample 13,Chronos,0.5850315093994141
Sample 13,Timer,0.41496849060058594
Sample 14,Moirai,0.5106501579284668
Sample 14,Chronos,0.4893498420715332
Sample 15,Time-MoE,0.5110581517219543
Sample 15,TimesFM,0.48894184827804565
Sample 16,Moirai,0.6828190684318542
Sample 16,TimesFM,0.31718090176582336
Sample 17,Chronos,0.7115275859832764
Sample 17,Timer,0.28847241401672363
Sample 18,TimesFM,0.5494083762168884
Sample 18,Time-MoE,0.4505915641784668
Sample 19,Chronos,0.6718676686286926
Sample 19,Timer,0.32813236117362976
Sample 20,TimesFM,0.5301932692527771
Sample 20,Time-MoE,0.4698067307472229
Sample 21,Chronos,0.5332155823707581
Sample 21,Moirai,0.46678441762924194
Sample 22,Moirai,0.6554321646690369
Sample 22,Chronos,0.3445678651332855
Sample 23,TimesFM,0.5166470408439636
Sample 23,Time-MoE,0.4833529591560364
Sample 24,Time-MoE,0.5006159543991089
Sample 24,TimesFM,0.4993840456008911
Sample 25,Chronos,0.5697059631347656
Sample 25,Moirai,0.430294007062912
Sample 26,TimesFM,0.5875072479248047
Sample 26,Time-MoE,0.4124927222728729
Sample 27,Chronos,0.6072635054588318
Sample 27,Timer,0.3927364945411682
Sample 28,TimesFM,0.5506112575531006
Sample 28,Time-MoE,0.4493887424468994
Sample 29,Chronos,0.569217324256897
Sample 29,Timer,0.4307827055454254
Sample 30,Chronos,0.5087437629699707
Sample 30,Moirai,0.4912562370300293
Sample 31,TimesFM,0.5221666693687439
Sample 31,Time-MoE,0.4778333306312561
Sample 0,Moirai,0.840406060218811
Sample 0,TimesFM,0.15959396958351135
Sample 1,Chronos,0.5306421518325806
Sample 1,Moirai,0.46935781836509705
Sample 2,Chronos,0.6166033744812012
Sample 2,Timer,0.38339659571647644
Sample 3,Chronos,0.6186352968215942
Sample 3,Moirai,0.38136470317840576
Sample 4,Chronos,0.628409743309021
Sample 4,Moirai,0.3715902268886566
Sample 5,Chronos,0.5359929203987122
Sample 5,Moirai,0.46400701999664307
Sample 6,Moirai,0.5260000824928284
Sample 6,Chronos,0.473999947309494
Sample 7,TimesFM,0.5749940872192383
Sample 7,Time-MoE,0.42500588297843933
Sample 8,Moirai,0.8809434771537781
Sample 8,Chronos,0.11905654519796371
Sample 9,Chronos,0.5758712291717529
Sample 9,Moirai,0.42412880063056946
Sample 10,Moirai,0.5583106875419617
Sample 10,TimesFM,0.44168928265571594
Sample 11,Chronos,0.5583536624908447
Sample 11,Moirai,0.4416463077068329
Sample 12,Chronos,0.6402469873428345
Sample 12,TimesFM,0.3597530722618103
Sample 13,Chronos,0.5922065377235413
Sample 13,Moirai,0.40779349207878113
Sample 14,Chronos,0.5795290470123291
Sample 14,Moirai,0.4204709231853485
Sample 15,Time-MoE,0.5579627156257629
Sample 15,TimesFM,0.44203731417655945
Sample 16,Moirai,0.7721627950668335
Sample 16,Chronos,0.22783727943897247
Sample 17,Chronos,0.5717844367027283
Sample 17,Moirai,0.42821553349494934
Sample 18,Moirai,0.5690938234329224
Sample 18,Chronos,0.4309062063694
Sample 19,Chronos,0.6142855882644653
Sample 19,Timer,0.3857143521308899
Sample 20,Time-MoE,0.5228466987609863
Sample 20,TimesFM,0.47715330123901367
Sample 21,Chronos,0.50368732213974
Sample 21,Moirai,0.4963126480579376
Sample 22,Moirai,0.5137029886245728
Sample 22,Chronos,0.48629701137542725
Sample 23,Time-MoE,0.5203785300254822
Sample 23,TimesFM,0.4796214699745178
Sample 24,Moirai,0.7251300811767578
Sample 24,TimesFM,0.2748699188232422
Sample 25,Chronos,0.6154779195785522
Sample 25,Moirai,0.38452214002609253
Sample 26,Moirai,0.6206685900688171
Sample 26,Timer,0.3793313503265381
Sample 27,Chronos,0.6543086171150208
Sample 27,Moirai,0.34569138288497925
Sample 28,Time-MoE,0.5107805728912354
Sample 28,TimesFM,0.48921939730644226
Sample 29,Moirai,0.5003923177719116
Sample 29,Timer,0.499607652425766
Sample 30,Moirai,0.5689144134521484
Sample 30,Chronos,0.43108561635017395
Sample 31,TimesFM,0.57948899269104
Sample 31,Time-MoE,0.42051100730895996
Sample 0,TimesFM,0.5091082453727722
Sample 0,Moirai,0.4908917248249054
Sample 1,Chronos,0.5702583193778992
Sample 1,Moirai,0.4297417402267456
Sample 2,Moirai,0.5154309868812561
Sample 2,Timer,0.4845690131187439
Sample 3,Chronos,0.5704653859138489
Sample 3,Moirai,0.4295346438884735
Sample 4,TimesFM,0.5957421064376831
Sample 4,Time-MoE,0.4042578339576721
Sample 5,Moirai,0.5461271405220032
Sample 5,Chronos,0.4538728594779968
Sample 6,Moirai,0.5606722235679626
Sample 6,Chronos,0.43932777643203735
Sample 7,TimesFM,0.5256370902061462
Sample 7,Time-MoE,0.47436290979385376
Sample 8,Moirai,0.7067909836769104
Sample 8,TimesFM,0.2932090163230896
Sample 9,Chronos,0.5276821851730347
Sample 9,Moirai,0.47231778502464294
Sample 10,Moirai,0.61562579870224
Sample 10,Chronos,0.3843741714954376
Sample 11,Chronos,0.6234233975410461
Sample 11,Moirai,0.37657657265663147
Sample 12,Timer,0.5255988240242004
Sample 12,Time-MoE,0.4744011163711548
Sample 13,Chronos,0.6439385414123535
Sample 13,Timer,0.35606148838996887
Sample 14,Chronos,0.5118568539619446
Sample 14,TimesFM,0.4881431460380554
Sample 15,TimesFM,0.5639684200286865
Sample 15,Moirai,0.4360315799713135
Sample 16,TimesFM,0.5764623880386353
Sample 16,Time-MoE,0.42353758215904236
Sample 17,Chronos,0.527147114276886
Sample 17,Moirai,0.4728528559207916
Sample 18,TimesFM,0.6304578185081482
Sample 18,Time-MoE,0.3695422112941742
Sample 19,Chronos,0.5575681328773499
Sample 19,Moirai,0.44243186712265015
Sample 20,Moirai,0.5293126702308655
Sample 20,Timer,0.47068727016448975
Sample 21,Chronos,0.536695659160614
Sample 21,Moirai,0.4633043706417084
Sample 22,Chronos,0.610448956489563
Sample 22,Timer,0.3895510137081146
Sample 23,TimesFM,0.5469781160354614
Sample 23,Time-MoE,0.45302194356918335
Sample 24,Moirai,0.8874331116676331
Sample 24,TimesFM,0.11256683617830276
Sample 25,Chronos,0.5294506549835205
Sample 25,Moirai,0.4705493450164795
Sample 26,TimesFM,0.5321584939956665
Sample 26,Moirai,0.4678415060043335
Sample 27,Moirai,0.5457188487052917
Sample 27,Chronos,0.45428112149238586
Sample 28,Moirai,0.7094020247459412
Sample 28,Time-MoE,0.29059794545173645
Sample 29,Chronos,0.5805622339248657
Sample 29,Moirai,0.4194377362728119
Sample 30,Moirai,0.7234525680541992
Sample 30,TimesFM,0.27654749155044556
Sample 31,Time-MoE,0.5598982572555542
Sample 31,TimesFM,0.4401017427444458
Sample 0,Moirai,0.7166610360145569
Sample 0,Chronos,0.2833389341831207
Sample 1,Chronos,0.5641887187957764
Sample 1,Timer,0.4358113408088684
Sample 2,Moirai,0.6361032724380493
Sample 2,Timer,0.3638966977596283
Sample 3,Chronos,0.5809394121170044
Sample 3,Timer,0.419060617685318
Sample 4,Chronos,0.5800116062164307
Sample 4,Timer,0.41998839378356934
Sample 5,Chronos,0.5213659405708313
Sample 5,Moirai,0.4786340296268463
Sample 6,Chronos,0.6535854935646057
Sample 6,Timer,0.3464144468307495
Sample 7,TimesFM,0.5413517951965332
Sample 7,Time-MoE,0.4586482346057892
Sample 8,Moirai,0.8074045777320862
Sample 8,TimesFM,0.1925954520702362
Sample 9,Chronos,0.5807980298995972
Sample 9,Moirai,0.4192019999027252
Sample 10,Moirai,0.5247098207473755
Sample 10,Timer,0.4752902090549469
Sample 11,Chronos,0.6435604691505432
Sample 11,Timer,0.3564395308494568
Sample 12,Chronos,0.6812790036201477
Sample 12,Timer,0.3187210261821747
Sample 13,Chronos,0.5255646109580994
Sample 13,Moirai,0.47443538904190063
Sample 14,Moirai,0.5160608291625977
Sample 14,Chronos,0.48393917083740234
Sample 15,TimesFM,0.5402190685272217
Sample 15,Time-MoE,0.45978090167045593
Sample 0,Moirai,0.845652163028717
Sample 0,TimesFM,0.15434789657592773
Sample 1,Chronos,0.605100154876709
Sample 1,Timer,0.394899845123291
Sample 2,TimesFM,0.5756708979606628
Sample 2,Time-MoE,0.42432910203933716
Sample 3,Chronos,0.6482887268066406
Sample 3,Timer,0.3517112731933594
Sample 4,Chronos,0.6372929215431213
Sample 4,Timer,0.36270710825920105
Sample 5,Chronos,0.5525099635124207
Sample 5,Timer,0.44749003648757935
Sample 6,Chronos,0.566218912601471
Sample 6,Timer,0.43378105759620667
Sample 7,TimesFM,0.5502040386199951
Sample 7,Time-MoE,0.44979599118232727
Sample 8,Moirai,0.9051514863967896
Sample 8,TimesFM,0.09484854340553284
Sample 9,Chronos,0.5851843357086182
Sample 9,Timer,0.41481563448905945
Sample 10,Moirai,0.6006219387054443
Sample 10,Timer,0.39937809109687805
Sample 11,Chronos,0.5742301344871521
Sample 11,Timer,0.4257698655128479
Sample 12,TimesFM,0.6088047027587891
Sample 12,Time-MoE,0.39119526743888855
Sample 13,Chronos,0.5506604909896851
Sample 13,Timer,0.44933944940567017
Sample 14,Timer,0.5598954558372498
Sample 14,Moirai,0.44010451436042786
Sample 15,TimesFM,0.5712112784385681
Sample 15,Time-MoE,0.4287886619567871
Sample 16,Moirai,0.768962025642395
Sample 16,TimesFM,0.23103804886341095
Sample 17,Chronos,0.5443214774131775
Sample 17,Moirai,0.4556785225868225
Sample 18,TimesFM,0.5902011394500732
Sample 18,Chronos,0.40979883074760437
Sample 19,Chronos,0.6267164945602417
Sample 19,Moirai,0.3732834458351135
Sample 20,Moirai,0.7595720291137695
Sample 20,Chronos,0.24042794108390808
Sample 21,Chronos,0.6099366545677185
Sample 21,Timer,0.3900632858276367
Sample 22,Chronos,0.6764408946037292
Sample 22,Timer,0.32355910539627075
Sample 23,TimesFM,0.5409609079360962
Sample 23,Time-MoE,0.4590390920639038
Sample 24,Moirai,0.5422881841659546
Sample 24,TimesFM,0.4577118754386902
Sample 25,Chronos,0.5727608799934387
Sample 25,Timer,0.4272390902042389
Sample 26,Moirai,0.6096266508102417
Sample 26,Chronos,0.3903732895851135
Sample 27,Moirai,0.5188959836959839
Sample 27,Chronos,0.4811040163040161
Sample 28,Time-MoE,0.5720865726470947
Sample 28,TimesFM,0.42791345715522766
Sample 29,Moirai,0.5111899971961975
Sample 29,Chronos,0.4888100326061249
Sample 30,Moirai,0.6398048400878906
Sample 30,Timer,0.36019518971443176
Sample 31,TimesFM,0.5133629441261292
Sample 31,Time-MoE,0.48663705587387085
Sample 0,TimesFM,0.5371646881103516
Sample 0,Moirai,0.46283528208732605
Sample 1,Chronos,0.5416505932807922
Sample 1,Moirai,0.4583493769168854
Sample 2,Chronos,0.562201738357544
Sample 2,TimesFM,0.43779826164245605
Sample 3,Chronos,0.6602033972740173
Sample 3,Timer,0.33979663252830505
Sample 4,TimesFM,0.5091358423233032
Sample 4,Time-MoE,0.490864098072052
Sample 5,Chronos,0.5279113054275513
Sample 5,Timer,0.4720887243747711
Sample 6,Chronos,0.6271151900291443
Sample 6,Timer,0.3728848397731781
Sample 7,TimesFM,0.5662148594856262
Sample 7,Time-MoE,0.4337851405143738
Sample 8,Moirai,0.905982494354248
Sample 8,Chronos,0.09401751309633255
Sample 9,Chronos,0.5738036036491394
Sample 9,Timer,0.4261963963508606
Sample 10,Moirai,0.5250787138938904
Sample 10,Chronos,0.47492125630378723
Sample 11,Chronos,0.5595272183418274
Sample 11,Timer,0.44047272205352783
Sample 12,Chronos,0.6667899489402771
Sample 12,Timer,0.3332100808620453
Sample 13,Chronos,0.5456797480583191
Sample 13,Moirai,0.4543202221393585
Sample 14,Chronos,0.5004073977470398
Sample 14,Timer,0.499592661857605
Sample 15,TimesFM,0.529960572719574
Sample 15,Time-MoE,0.470039427280426
Sample 16,Moirai,0.8873846530914307
Sample 16,TimesFM,0.11261529475450516
Sample 17,Chronos,0.5600902438163757
Sample 17,Timer,0.4399097263813019
Sample 18,TimesFM,0.5212433338165283
Sample 18,Chronos,0.4787566661834717
Sample 19,Chronos,0.6322789788246155
Sample 19,Timer,0.3677210807800293
Sample 20,Chronos,0.549582839012146
Sample 20,Timer,0.450417160987854
Sample 21,Chronos,0.5351784825325012
Sample 21,Moirai,0.46482154726982117
Sample 22,Chronos,0.5998721718788147
Sample 22,Timer,0.4001278579235077
Sample 23,TimesFM,0.5370185375213623
Sample 23,Time-MoE,0.4629814326763153
Sample 24,Moirai,0.7728304266929626
Sample 24,Chronos,0.22716960310935974
Sample 25,Chronos,0.5805957913398743
Sample 25,Timer,0.41940417885780334
Sample 26,Moirai,0.5120038986206055
Sample 26,Timer,0.48799610137939453
Sample 27,Chronos,0.6640421152114868
Sample 27,Timer,0.3359578549861908
Sample 28,TimesFM,0.5822164416313171
Sample 28,Time-MoE,0.41778358817100525
Sample 29,Chronos,0.5812124609947205
Sample 29,Timer,0.41878756880760193
Sample 30,Chronos,0.5455111265182495
Sample 30,Timer,0.4544889032840729
Sample 31,TimesFM,0.5410447120666504
Sample 31,Time-MoE,0.4589552581310272
Sample 0,Moirai,0.5870453119277954
Sample 0,TimesFM,0.4129546880722046
Sample 1,Chronos,0.5710307359695435
Sample 1,Timer,0.42896923422813416
Sample 2,Moirai,0.634964108467102
Sample 2,Chronos,0.36503589153289795
Sample 3,Chronos,0.5792022347450256
Sample 3,Timer,0.420797735452652
Sample 4,TimesFM,0.5018558502197266
Sample 4,Time-MoE,0.4981441795825958
Sample 5,Timer,0.5358695983886719
Sample 5,Chronos,0.46413037180900574
Sample 6,Chronos,0.5991443395614624
Sample 6,Timer,0.40085569024086
Sample 7,TimesFM,0.5463655591011047
Sample 7,Time-MoE,0.45363450050354004
Sample 8,Moirai,0.5353023409843445
Sample 8,Time-MoE,0.4646976590156555
Sample 9,Chronos,0.5399398803710938
Sample 9,Timer,0.46006011962890625
Sample 10,Chronos,0.5612901449203491
Sample 10,Timer,0.4387098252773285
Sample 11,Chronos,0.798333466053009
Sample 11,Timer,0.20166648924350739
Sample 12,TimesFM,0.5071862936019897
Sample 12,Time-MoE,0.49281367659568787
Sample 13,Chronos,0.5197546482086182
Sample 13,Timer,0.4802453815937042
Sample 14,Timer,0.5724145770072937
Sample 14,Chronos,0.4275854229927063
Sample 15,Time-MoE,0.5136762857437134
Sample 15,TimesFM,0.48632368445396423
Sample 16,Moirai,0.6510000228881836
Sample 16,Chronos,0.3490000069141388
Sample 17,Chronos,0.5803785920143127
Sample 17,Timer,0.41962140798568726
Sample 18,TimesFM,0.6603329181671143
Sample 18,Time-MoE,0.33966702222824097
Sample 19,Moirai,0.5838088989257812
Sample 19,Timer,0.41619107127189636
Sample 20,TimesFM,0.5600971579551697
Sample 20,Time-MoE,0.4399028420448303
Sample 21,Chronos,0.5908649563789368
Sample 21,Timer,0.4091350734233856
Sample 22,Chronos,0.5958825945854187
Sample 22,Moirai,0.4041174054145813
Sample 23,Time-MoE,0.515105128288269
Sample 23,TimesFM,0.48489487171173096
Sample 24,TimesFM,0.5202418565750122
Sample 24,Time-MoE,0.4797581434249878
Sample 25,Chronos,0.5938254594802856
Sample 25,Timer,0.40617454051971436
Sample 26,Timer,0.5218396186828613
Sample 26,Moirai,0.47816044092178345
Sample 27,Chronos,0.7203400135040283
Sample 27,Timer,0.27966001629829407
Sample 28,TimesFM,0.5319174528121948
Sample 28,Time-MoE,0.46808260679244995
Sample 29,Chronos,0.5966783761978149
Sample 29,Timer,0.40332159399986267
Sample 30,Chronos,0.5341585278511047
Sample 30,Timer,0.4658414423465729
Sample 31,TimesFM,0.5539083480834961
Sample 31,Time-MoE,0.4460916519165039
Sample 0,TimesFM,0.5183413028717041
Sample 0,Moirai,0.4816586673259735
Sample 1,Chronos,0.5519350171089172
Sample 1,Timer,0.44806498289108276
Sample 2,TimesFM,0.5391771197319031
Sample 2,Moirai,0.46082285046577454
Sample 3,Chronos,0.5815668702125549
Sample 3,Timer,0.4184330701828003
Sample 4,Timer,0.6069629788398743
Sample 4,Chronos,0.3930370807647705
Sample 5,Chronos,0.6303566694259644
Sample 5,TimesFM,0.36964333057403564
Sample 6,Moirai,0.6931194067001343
Sample 6,Chronos,0.3068805932998657
Sample 7,TimesFM,0.5426763892173767
Sample 7,Time-MoE,0.4573235809803009
Sample 8,Moirai,0.7418431639671326
Sample 8,TimesFM,0.25815680623054504
Sample 9,Chronos,0.5335850119590759
Sample 9,Timer,0.46641501784324646
Sample 10,TimesFM,0.507520318031311
Sample 10,Chronos,0.49247974157333374
Sample 11,Chronos,0.5721754431724548
Sample 11,Timer,0.42782455682754517
Sample 12,TimesFM,0.5859677195549011
Sample 12,Time-MoE,0.41403234004974365
Sample 13,Chronos,0.5030623078346252
Sample 13,Timer,0.49693775177001953
Sample 14,Timer,0.5286017656326294
Sample 14,Chronos,0.4713982343673706
Sample 15,TimesFM,0.5317001938819885
Sample 15,Time-MoE,0.46829986572265625
Sample 16,Moirai,0.69228595495224
Sample 16,TimesFM,0.30771404504776
Sample 17,Chronos,0.686341404914856
Sample 17,Timer,0.31365862488746643
Sample 18,TimesFM,0.5848749279975891
Sample 18,Time-MoE,0.4151251018047333
Sample 19,Chronos,0.6553767919540405
Sample 19,Timer,0.3446231782436371
Sample 20,TimesFM,0.6063895225524902
Sample 20,Time-MoE,0.3936104476451874
Sample 21,Timer,0.5007879734039307
Sample 21,Chronos,0.49921199679374695
Sample 22,Moirai,0.6325523257255554
Sample 22,Timer,0.3674476146697998
Sample 23,TimesFM,0.5780115127563477
Sample 23,Time-MoE,0.42198845744132996
Sample 24,TimesFM,0.538832426071167
Sample 24,Time-MoE,0.4611676037311554
Sample 25,Chronos,0.518653392791748
Sample 25,Timer,0.48134657740592957
Sample 26,TimesFM,0.6517943739891052
Sample 26,Time-MoE,0.3482055962085724
Sample 27,Chronos,0.5342018008232117
Sample 27,Timer,0.4657982289791107
Sample 28,TimesFM,0.6211430430412292
Sample 28,Time-MoE,0.37885695695877075
Sample 29,Chronos,0.502292275428772
Sample 29,Timer,0.4977077841758728
Sample 30,Chronos,0.5536402463912964
Sample 30,Timer,0.4463597536087036
Sample 31,TimesFM,0.5914779901504517
Sample 31,Time-MoE,0.4085220694541931
Sample 0,Moirai,0.8647626042366028
Sample 0,TimesFM,0.1352374255657196
Sample 1,Timer,0.5000554919242859
Sample 1,Chronos,0.4999445080757141
Sample 2,Chronos,0.5649893283843994
Sample 2,Timer,0.4350106716156006
Sample 3,Chronos,0.5883691310882568
Sample 3,Timer,0.4116308391094208
Sample 4,Chronos,0.6312689781188965
Sample 4,Timer,0.36873099207878113
Sample 5,Timer,0.5626949667930603
Sample 5,Chronos,0.4373050034046173
Sample 6,Timer,0.5779085159301758
Sample 6,Chronos,0.42209145426750183
Sample 7,TimesFM,0.6213457584381104
Sample 7,Time-MoE,0.3786541819572449
Sample 8,Moirai,0.9067508578300476
Sample 8,Chronos,0.09324907511472702
Sample 9,Chronos,0.5206649303436279
Sample 9,Timer,0.4793350398540497
Sample 10,Moirai,0.5175709128379822
Sample 10,TimesFM,0.4824290871620178
Sample 11,Chronos,0.6085400581359863
Sample 11,Moirai,0.39145997166633606
Sample 12,Chronos,0.6440905332565308
Sample 12,TimesFM,0.3559094965457916
Sample 13,Chronos,0.6217713356018066
Sample 13,Timer,0.37822869420051575
Sample 14,Chronos,0.5612896084785461
Sample 14,Timer,0.43871039152145386
Sample 15,Time-MoE,0.545772135257721
Sample 15,TimesFM,0.45422786474227905
Sample 16,Moirai,0.7903329133987427
Sample 16,Chronos,0.20966707170009613
Sample 17,Chronos,0.5009026527404785
Sample 17,Timer,0.4990973472595215
Sample 18,Moirai,0.5557917356491089
Sample 18,Chronos,0.4442082643508911
Sample 19,Chronos,0.5744175910949707
Sample 19,Timer,0.4255824387073517
Sample 20,TimesFM,0.5416141748428345
Sample 20,Time-MoE,0.4583858251571655
Sample 21,Chronos,0.5033659338951111
Sample 21,Timer,0.4966340661048889
Sample 22,Timer,0.5199272632598877
Sample 22,Chronos,0.4800727367401123
Sample 23,TimesFM,0.5426849126815796
Sample 23,Time-MoE,0.4573150873184204
Sample 24,Moirai,0.7601531744003296
Sample 24,TimesFM,0.23984678089618683
Sample 25,Chronos,0.5350748300552368
Sample 25,Timer,0.4649251401424408
Sample 26,Moirai,0.6004613041877747
Sample 26,Timer,0.39953863620758057
Sample 27,Chronos,0.5931388735771179
Sample 27,Timer,0.4068610966205597
Sample 28,TimesFM,0.5369691252708435
Sample 28,Time-MoE,0.4630309045314789
Sample 29,Timer,0.6030092835426331
Sample 29,Chronos,0.39699074625968933
Sample 30,Timer,0.5868886113166809
Sample 30,Moirai,0.4131113290786743
Sample 31,TimesFM,0.6337484121322632
Sample 31,Time-MoE,0.3662516474723816
Sample 0,TimesFM,0.5231289863586426
Sample 0,Moirai,0.47687098383903503
Sample 1,Timer,0.5199329257011414
Sample 1,Chronos,0.48006704449653625
Sample 2,Timer,0.5287781357765198
Sample 2,Moirai,0.471221923828125
Sample 3,Chronos,0.5499669313430786
Sample 3,Timer,0.45003312826156616
Sample 4,TimesFM,0.6745754480361938
Sample 4,Time-MoE,0.32542455196380615
Sample 5,Timer,0.5568172931671143
Sample 5,Moirai,0.44318270683288574
Sample 6,Moirai,0.5248143672943115
Sample 6,Timer,0.4751855731010437
Sample 7,TimesFM,0.5638015866279602
Sample 7,Time-MoE,0.436198353767395
Sample 8,Moirai,0.7256530523300171
Sample 8,TimesFM,0.2743469774723053
Sample 9,Timer,0.5106151700019836
Sample 9,Chronos,0.4893847703933716
Sample 10,Moirai,0.6131021976470947
Sample 10,Timer,0.38689783215522766
Sample 11,Chronos,0.5851929187774658
Sample 11,Timer,0.41480711102485657
Sample 12,Timer,0.5356982946395874
Sample 12,Time-MoE,0.464301735162735
Sample 13,Chronos,0.66145259141922
Sample 13,Timer,0.33854734897613525
Sample 14,TimesFM,0.5329598784446716
Sample 14,Chronos,0.46704018115997314
Sample 15,TimesFM,0.5994182825088501
Sample 15,Moirai,0.4005817174911499
Sample 16,TimesFM,0.6083753705024719
Sample 16,Moirai,0.39162468910217285
Sample 17,Timer,0.5238990187644958
Sample 17,Chronos,0.47610098123550415
Sample 18,TimesFM,0.7034863829612732
Sample 18,Time-MoE,0.2965135872364044
Sample 19,Timer,0.501521646976471
Sample 19,Chronos,0.49847832322120667
Sample 20,Timer,0.5992626547813416
Sample 20,Moirai,0.40073731541633606
Sample 21,Timer,0.5579215884208679
Sample 21,Chronos,0.44207844138145447
Sample 22,Chronos,0.5023700594902039
Sample 22,Timer,0.49762994050979614
Sample 23,TimesFM,0.6245516538619995
Sample 23,Time-MoE,0.3754483759403229
Sample 24,Moirai,0.9040608406066895
Sample 24,TimesFM,0.09593909978866577
Sample 25,Timer,0.5296242237091064
Sample 25,Chronos,0.47037574648857117
Sample 26,TimesFM,0.5820986032485962
Sample 26,Moirai,0.41790133714675903
Sample 27,Timer,0.5478479266166687
Sample 27,Moirai,0.4521520733833313
Sample 28,Moirai,0.7321908473968506
Sample 28,Time-MoE,0.2678091824054718
Sample 29,Chronos,0.520841121673584
Sample 29,Timer,0.4791589081287384
Sample 30,Moirai,0.7398162484169006
Sample 30,TimesFM,0.260183721780777
Sample 31,Time-MoE,0.5167667865753174
Sample 31,TimesFM,0.4832332134246826
Sample 0,Moirai,0.7041314840316772
Sample 0,Timer,0.29586848616600037
Sample 1,Timer,0.5712198615074158
Sample 1,Chronos,0.4287801682949066
Sample 2,Moirai,0.5813309550285339
Sample 2,Timer,0.41866907477378845
Sample 3,Timer,0.5110132098197937
Sample 3,Chronos,0.4889868199825287
Sample 4,Chronos,0.6336270570755005
Sample 4,TimesFM,0.3663729727268219
Sample 5,Timer,0.5266090035438538
Sample 5,Chronos,0.47339093685150146
Sample 6,Chronos,0.5677273869514465
Sample 6,Timer,0.43227264285087585
Sample 7,TimesFM,0.6040361523628235
Sample 7,Time-MoE,0.3959638476371765
Sample 8,Moirai,0.826341986656189
Sample 8,TimesFM,0.17365799844264984
Sample 9,Timer,0.5483105778694153
Sample 9,Chronos,0.4516894221305847
Sample 10,Timer,0.5565080046653748
Sample 10,Moirai,0.44349199533462524
Sample 11,Chronos,0.5502272248268127
Sample 11,Timer,0.44977280497550964
Sample 12,Chronos,0.6805830597877502
Sample 12,Timer,0.31941694021224976
Sample 13,Timer,0.5620554089546204
Sample 13,Chronos,0.437944620847702
Sample 14,Timer,0.6141214370727539
Sample 14,Moirai,0.3858785331249237
Sample 15,TimesFM,0.6137120723724365
Sample 15,Time-MoE,0.38628798723220825
Sample 0,Moirai,0.8741498589515686
Sample 0,TimesFM,0.12585008144378662
Sample 1,Timer,0.5279324054718018
Sample 1,Chronos,0.472067654132843
Sample 2,TimesFM,0.6113072037696838
Sample 2,Chronos,0.38869282603263855
Sample 3,Chronos,0.5613367557525635
Sample 3,Timer,0.4386632442474365
Sample 4,Chronos,0.5747619271278381
Sample 4,Timer,0.42523807287216187
Sample 5,Timer,0.5869972109794617
Sample 5,Chronos,0.41300278902053833
Sample 6,Timer,0.55543053150177
Sample 6,Chronos,0.44456946849823
Sample 7,TimesFM,0.6224775910377502
Sample 7,Time-MoE,0.37752240896224976
Sample 8,Moirai,0.925299882888794
Sample 8,TimesFM,0.07470013201236725
Sample 9,Timer,0.5480371117591858
Sample 9,Chronos,0.4519629180431366
Sample 10,Moirai,0.5348519086837769
Sample 10,Timer,0.46514812111854553
Sample 11,Timer,0.5216655135154724
Sample 11,Chronos,0.47833451628685
Sample 12,TimesFM,0.6772640943527222
Sample 12,Time-MoE,0.32273590564727783
Sample 13,Timer,0.5793214440345764
Sample 13,Chronos,0.4206785559654236
Sample 14,Timer,0.6609578132629395
Sample 14,Moirai,0.33904215693473816
Sample 15,TimesFM,0.6499844193458557
Sample 15,Time-MoE,0.3500156104564667
Sample 16,Moirai,0.7965537309646606
Sample 16,TimesFM,0.20344622433185577
Sample 17,Timer,0.5679798126220703
Sample 17,Chronos,0.4320201873779297
Sample 18,TimesFM,0.6176178455352783
Sample 18,Chronos,0.38238218426704407
Sample 19,Chronos,0.5195012092590332
Sample 19,Timer,0.4804987907409668
Sample 20,Moirai,0.7961841225624084
Sample 20,Chronos,0.20381589233875275
Sample 21,Chronos,0.5287958383560181
Sample 21,Timer,0.4712041914463043
Sample 22,Chronos,0.6361257433891296
Sample 22,Timer,0.363874226808548
Sample 23,TimesFM,0.5585760474205017
Sample 23,Time-MoE,0.4414239823818207
Sample 24,Moirai,0.5563204288482666
Sample 24,TimesFM,0.4436796009540558
Sample 25,Timer,0.5589290857315063
Sample 25,Chronos,0.4410708546638489
Sample 26,Moirai,0.5847876667976379
Sample 26,Timer,0.41521239280700684
Sample 27,Timer,0.5100434422492981
Sample 27,Moirai,0.4899565875530243
Sample 28,Time-MoE,0.557205855846405
Sample 28,TimesFM,0.4427941143512726
Sample 29,Timer,0.5676352381706238
Sample 29,Moirai,0.43236473202705383
Sample 30,Moirai,0.5694714188575745
Sample 30,Timer,0.43052855134010315
Sample 31,TimesFM,0.5642018914222717
Sample 31,Time-MoE,0.43579813838005066
Sample 0,TimesFM,0.5610530972480774
Sample 0,Moirai,0.43894684314727783
Sample 1,Timer,0.5515500903129578
Sample 1,Moirai,0.44844987988471985
Sample 2,Chronos,0.5442541241645813
Sample 2,TimesFM,0.4557458758354187
Sample 3,Chronos,0.5705798864364624
Sample 3,Timer,0.4294201135635376
Sample 4,TimesFM,0.5210871696472168
Sample 4,Time-MoE,0.4789128005504608
Sample 5,Timer,0.5726776719093323
Sample 5,Moirai,0.4273223578929901
Sample 6,Chronos,0.505946695804596
Sample 6,Timer,0.49405330419540405
Sample 7,TimesFM,0.6337029337882996
Sample 7,Time-MoE,0.36629703640937805
Sample 8,Moirai,0.9390186667442322
Sample 8,Timer,0.060981325805187225
Sample 9,Timer,0.5550573468208313
Sample 9,Chronos,0.4449426531791687
Sample 10,Moirai,0.5686615705490112
Sample 10,Timer,0.4313383996486664
Sample 11,Chronos,0.5268526077270508
Sample 11,Timer,0.4731473922729492
Sample 12,Chronos,0.6563345193862915
Sample 12,Timer,0.3436655104160309
Sample 13,Timer,0.5330284237861633
Sample 13,Moirai,0.46697160601615906
Sample 14,Timer,0.605503261089325
Sample 14,Chronos,0.39449670910835266
Sample 15,TimesFM,0.5687934756278992
Sample 15,Time-MoE,0.43120649456977844
Sample 16,Moirai,0.9106494784355164
Sample 16,Time-MoE,0.08935055136680603
Sample 17,Timer,0.5789445638656616
Sample 17,Chronos,0.421055406332016
Sample 18,TimesFM,0.5301865339279175
Sample 18,Timer,0.46981343626976013
Sample 19,Chronos,0.5219591856002808
Sample 19,Timer,0.47804075479507446
Sample 20,Timer,0.5626838803291321
Sample 20,Chronos,0.4373161792755127
Sample 21,Timer,0.5437510013580322
Sample 21,Moirai,0.4562489688396454
Sample 22,Timer,0.5113840103149414
Sample 22,Chronos,0.4886159896850586
Sample 23,TimesFM,0.6086282730102539
Sample 23,Time-MoE,0.3913716673851013
Sample 24,Moirai,0.8428400158882141
Sample 24,Chronos,0.15716002881526947
Sample 25,Timer,0.5487040877342224
Sample 25,Chronos,0.4512958824634552
Sample 26,Timer,0.5484480857849121
Sample 26,Moirai,0.4515519440174103
Sample 27,Chronos,0.6312121152877808
Sample 27,Timer,0.36878785490989685
Sample 28,TimesFM,0.648443341255188
Sample 28,Time-MoE,0.3515566885471344
Sample 29,Timer,0.5221424698829651
Sample 29,Chronos,0.4778575599193573
Sample 30,Timer,0.5784120559692383
Sample 30,Chronos,0.4215880036354065
Sample 31,TimesFM,0.6097190976142883
Sample 31,Time-MoE,0.39028093218803406
Sample 0,Moirai,0.5893465280532837
Sample 0,TimesFM,0.4106534421443939
Sample 1,Timer,0.5321518182754517
Sample 1,Moirai,0.46784815192222595
Sample 2,Moirai,0.6480597853660583
Sample 2,Timer,0.35194024443626404
Sample 3,Chronos,0.5067296624183655
Sample 3,Timer,0.49327027797698975
Sample 4,TimesFM,0.5187126398086548
Sample 4,Time-MoE,0.48128741979599
Sample 5,Timer,0.577928364276886
Sample 5,Moirai,0.4220716059207916
Sample 6,Chronos,0.5365585684776306
Sample 6,Timer,0.4634414315223694
Sample 7,TimesFM,0.5810304880142212
Sample 7,Time-MoE,0.4189695417881012
Sample 8,Moirai,0.5645133852958679
Sample 8,Time-MoE,0.4354865849018097
Sample 9,Timer,0.5820607542991638
Sample 9,Chronos,0.4179392457008362
Sample 10,Timer,0.5400590300559998
Sample 10,Moirai,0.45994096994400024
Sample 11,Chronos,0.8238059282302856
Sample 11,Timer,0.17619413137435913
Sample 12,TimesFM,0.5610703825950623
Sample 12,Time-MoE,0.4389296770095825
Sample 13,Timer,0.5759220123291016
Sample 13,Chronos,0.42407798767089844
Sample 14,Timer,0.7020093202590942
Sample 14,Chronos,0.2979906499385834
Sample 15,TimesFM,0.541384220123291
Sample 15,Time-MoE,0.45861580967903137
Sample 16,Moirai,0.7226158380508423
Sample 16,Timer,0.2773841917514801
Sample 17,Timer,0.5305647850036621
Sample 17,Chronos,0.4694351851940155
Sample 18,TimesFM,0.7090930342674255
Sample 18,Chronos,0.29090696573257446
Sample 19,Moirai,0.579842746257782
Sample 19,Timer,0.420157253742218
Sample 20,TimesFM,0.6124343872070312
Sample 20,Time-MoE,0.38756558299064636
Sample 21,Chronos,0.508981466293335
Sample 21,Timer,0.49101853370666504
Sample 22,Moirai,0.5053516626358032
Sample 22,Chronos,0.4946483075618744
Sample 23,Time-MoE,0.5060648918151855
Sample 23,Timer,0.4939350485801697
Sample 24,TimesFM,0.5649788975715637
Sample 24,Time-MoE,0.43502113223075867
Sample 25,Timer,0.520264744758606
Sample 25,Chronos,0.47973528504371643
Sample 26,Timer,0.5467951893806458
Sample 26,TimesFM,0.45320484042167664
Sample 27,Chronos,0.7599533796310425
Sample 27,Timer,0.24004657566547394
Sample 28,TimesFM,0.5906331539154053
Sample 28,Time-MoE,0.4093668758869171
Sample 29,Chronos,0.5167407393455505
Sample 29,Timer,0.48325929045677185
Sample 30,Timer,0.575116753578186
Sample 30,Chronos,0.42488327622413635
Sample 31,TimesFM,0.628078043460846
Sample 31,Time-MoE,0.3719218969345093
Sample 0,TimesFM,0.5396972298622131
Sample 0,Moirai,0.46030279994010925
Sample 1,Timer,0.5270310044288635
Sample 1,Moirai,0.4729689955711365
Sample 2,TimesFM,0.5598031282424927
Sample 2,Moirai,0.4401968717575073
Sample 3,Chronos,0.5240855813026428
Sample 3,Timer,0.4759143888950348
Sample 4,Timer,0.7030877470970154
Sample 4,Moirai,0.2969122529029846
Sample 5,Chronos,0.5921258330345154
Sample 5,TimesFM,0.4078741669654846
Sample 6,Moirai,0.7579793930053711
Sample 6,Chronos,0.2420206218957901
Sample 7,TimesFM,0.5637520551681519
Sample 7,Time-MoE,0.43624794483184814
Sample 8,Moirai,0.7686587572097778
Sample 8,TimesFM,0.23134130239486694
Sample 9,Timer,0.5608565807342529
Sample 9,Chronos,0.43914341926574707
Sample 10,Chronos,0.5315305590629578
Sample 10,TimesFM,0.4684694707393646
Sample 11,Chronos,0.5564267039299011
Sample 11,Timer,0.44357332587242126
Sample 12,TimesFM,0.6417572498321533
Sample 12,Time-MoE,0.35824277997016907
Sample 13,Timer,0.5737584233283997
Sample 13,Chronos,0.42624157667160034
Sample 14,Timer,0.5207329392433167
Sample 14,Moirai,0.47926703095436096
Sample 15,TimesFM,0.5738992094993591
Sample 15,Time-MoE,0.42610079050064087
Sample 16,Moirai,0.7053764462471008
Sample 16,TimesFM,0.29462358355522156
Sample 17,Chronos,0.6312705874443054
Sample 17,Timer,0.3687293827533722
Sample 18,TimesFM,0.6213582754135132
Sample 18,Time-MoE,0.3786417543888092
Sample 19,Chronos,0.6866701245307922
Sample 19,Timer,0.31332987546920776
Sample 20,TimesFM,0.6686660051345825
Sample 20,Time-MoE,0.33133402466773987
Sample 21,Timer,0.5541138648986816
Sample 21,Chronos,0.44588616490364075
Sample 22,Moirai,0.6600242853164673
Sample 22,Timer,0.3399757444858551
Sample 23,TimesFM,0.6457281112670898
Sample 23,Time-MoE,0.35427188873291016
Sample 24,TimesFM,0.5729195475578308
Sample 24,Time-MoE,0.4270803928375244
Sample 25,Timer,0.5523577332496643
Sample 25,Chronos,0.4476422369480133
Sample 26,TimesFM,0.7040170431137085
Sample 26,Time-MoE,0.2959829270839691
Sample 27,Timer,0.5040744543075562
Sample 27,Chronos,0.49592554569244385
Sample 28,TimesFM,0.6844232678413391
Sample 28,Time-MoE,0.3155767321586609
Sample 29,Timer,0.511614978313446
Sample 29,Chronos,0.48838502168655396
Sample 30,Moirai,0.5046396255493164
Sample 30,Timer,0.4953603744506836
Sample 31,TimesFM,0.6632909774780273
Sample 31,Time-MoE,0.33670905232429504
Sample 0,Moirai,0.8950628638267517
Sample 0,TimesFM,0.10493709146976471
Sample 1,Timer,0.5217562913894653
Sample 1,Moirai,0.47824370861053467
Sample 2,Chronos,0.5285652875900269
Sample 2,Timer,0.47143468260765076
Sample 3,Chronos,0.5779588222503662
Sample 3,Timer,0.4220411777496338
Sample 4,Chronos,0.5600627660751343
Sample 4,Timer,0.4399372637271881
Sample 5,Timer,0.6046978235244751
Sample 5,Moirai,0.3953021168708801
Sample 6,Timer,0.5525615215301514
Sample 6,Moirai,0.447438508272171
Sample 7,TimesFM,0.6698939204216003
Sample 7,Time-MoE,0.33010610938072205
Sample 8,Moirai,0.9447341561317444
Sample 8,TimesFM,0.055265843868255615
Sample 9,Timer,0.543126106262207
Sample 9,Chronos,0.4568738341331482
Sample 10,Moirai,0.5082346796989441
Sample 10,TimesFM,0.4917653203010559
Sample 11,Chronos,0.5609228610992432
Sample 11,Moirai,0.43907713890075684
Sample 12,Chronos,0.5964803695678711
Sample 12,TimesFM,0.4035196602344513
Sample 13,Chronos,0.5832685828208923
Sample 13,Moirai,0.41673141717910767
Sample 14,Chronos,0.5368419289588928
Sample 14,Moirai,0.4631580412387848
Sample 15,Time-MoE,0.5279110074043274
Sample 15,TimesFM,0.4720890522003174
Sample 16,Moirai,0.8710648417472839
Sample 16,Chronos,0.12893512845039368
Sample 17,Timer,0.5488038659095764
Sample 17,Chronos,0.4511961340904236
Sample 18,Moirai,0.6296924352645874
Sample 18,Timer,0.3703075349330902
Sample 19,Chronos,0.625647783279419
Sample 19,Timer,0.37435224652290344
Sample 20,TimesFM,0.5885772705078125
Sample 20,Time-MoE,0.4114227294921875
Sample 21,Moirai,0.5321325063705444
Sample 21,Timer,0.4678674638271332
Sample 22,Moirai,0.5200782418251038
Sample 22,Timer,0.47992178797721863
Sample 23,TimesFM,0.6126733422279358
Sample 23,Time-MoE,0.3873266279697418
Sample 24,Moirai,0.7874106168746948
Sample 24,TimesFM,0.21258944272994995
Sample 25,Timer,0.5316595435142517
Sample 25,Chronos,0.4683404564857483
Sample 26,Moirai,0.6269692778587341
Sample 26,Timer,0.37303072214126587
Sample 27,Chronos,0.5881945490837097
Sample 27,Timer,0.41180551052093506
Sample 28,TimesFM,0.5893973708152771
Sample 28,Time-MoE,0.4106026291847229
Sample 29,Timer,0.6221699714660645
Sample 29,Moirai,0.37782999873161316
Sample 30,Timer,0.5420370101928711
Sample 30,Moirai,0.4579630196094513
Sample 31,TimesFM,0.6922472715377808
Sample 31,Time-MoE,0.3077527582645416
Sample 0,TimesFM,0.5551756620407104
Sample 0,Moirai,0.44482433795928955
Sample 1,Timer,0.5332651734352112
Sample 1,Moirai,0.4667348265647888
Sample 2,Timer,0.5168890357017517
Sample 2,Moirai,0.4831109642982483
Sample 3,Chronos,0.5133030414581299
Sample 3,Moirai,0.4866969883441925
Sample 4,TimesFM,0.7300600409507751
Sample 4,Time-MoE,0.26993995904922485
Sample 5,Moirai,0.5469421148300171
Sample 5,Timer,0.4530578851699829
Sample 6,Moirai,0.6169147491455078
Sample 6,Timer,0.3830852508544922
Sample 7,TimesFM,0.6005009412765503
Sample 7,Time-MoE,0.39949899911880493
Sample 8,Moirai,0.7427247762680054
Sample 8,TimesFM,0.25727516412734985
Sample 9,Moirai,0.5395034551620483
Sample 9,Timer,0.46049654483795166
Sample 10,Moirai,0.6771342158317566
Sample 10,Timer,0.3228657841682434
Sample 11,Chronos,0.5568702220916748
Sample 11,Moirai,0.4431297779083252
Sample 12,Timer,0.5289161801338196
Sample 12,Time-MoE,0.4710838198661804
Sample 13,Chronos,0.7003660798072815
Sample 13,Timer,0.2996339201927185
Sample 14,TimesFM,0.5605711936950684
Sample 14,Chronos,0.4394288659095764
Sample 15,TimesFM,0.6355749368667603
Sample 15,Moirai,0.36442509293556213
Sample 16,TimesFM,0.6582441926002502
Sample 16,Moirai,0.34175580739974976
Sample 17,Moirai,0.5208451747894287
Sample 17,Timer,0.4791548252105713
Sample 18,TimesFM,0.7631871104240417
Sample 18,Time-MoE,0.23681288957595825
Sample 19,Moirai,0.5038770437240601
Sample 19,Timer,0.49612295627593994
Sample 20,Timer,0.5213050246238708
Sample 20,Moirai,0.47869497537612915
Sample 21,Timer,0.5390455722808838
Sample 21,Moirai,0.4609544575214386
Sample 22,Timer,0.5254509449005127
Sample 22,Chronos,0.4745490849018097
Sample 23,TimesFM,0.698600172996521
Sample 23,Time-MoE,0.3013998568058014
Sample 24,Moirai,0.9291813373565674
Sample 24,TimesFM,0.070818692445755
Sample 25,Moirai,0.5159443020820618
Sample 25,Timer,0.4840557277202606
Sample 26,TimesFM,0.6123171448707581
Sample 26,Moirai,0.38768282532691956
Sample 27,Moirai,0.5626519322395325
Sample 27,Timer,0.43734806776046753
Sample 28,Moirai,0.743259608745575
Sample 28,Time-MoE,0.25674039125442505
Sample 29,Moirai,0.5128298997879028
Sample 29,Timer,0.4871700704097748
Sample 30,Moirai,0.7879330515861511
Sample 30,TimesFM,0.21206697821617126
Sample 31,TimesFM,0.5081027150154114
Sample 31,Time-MoE,0.49189725518226624
Sample 0,Moirai,0.8300778269767761
Sample 0,Timer,0.16992220282554626
Sample 1,Timer,0.5710338950157166
Sample 1,Chronos,0.42896604537963867
Sample 2,Moirai,0.6560366749763489
Sample 2,Timer,0.34396329522132874
Sample 3,Chronos,0.521709144115448
Sample 3,Timer,0.4782908260822296
Sample 4,Chronos,0.7130635976791382
Sample 4,Timer,0.2869364023208618
Sample 5,Moirai,0.5746426582336426
Sample 5,Timer,0.42535731196403503
Sample 6,Chronos,0.5818999409675598
Sample 6,Timer,0.4181000888347626
Sample 7,TimesFM,0.6673725247383118
Sample 7,Time-MoE,0.33262747526168823
Sample 8,Moirai,0.8470795750617981
Sample 8,TimesFM,0.15292039513587952
Sample 9,Timer,0.5248148441314697
Sample 9,Moirai,0.4751851260662079
Sample 10,Timer,0.5582176446914673
Sample 10,Moirai,0.4417823851108551
Sample 11,Chronos,0.5795233249664307
Sample 11,Timer,0.4204767346382141
Sample 12,Chronos,0.621212363243103
Sample 12,TimesFM,0.3787876069545746
Sample 13,Moirai,0.5340145230293274
Sample 13,Timer,0.46598541736602783
Sample 14,Moirai,0.5036372542381287
Sample 14,Timer,0.4963627755641937
Sample 15,TimesFM,0.6902916431427002
Sample 15,Time-MoE,0.3097083568572998
Sample 0,Moirai,0.8947590589523315
Sample 0,TimesFM,0.10524093359708786
Sample 1,Timer,0.5277539491653442
Sample 1,Chronos,0.4722460210323334
Sample 2,TimesFM,0.5777537822723389
Sample 2,Chronos,0.42224618792533875
Sample 3,Chronos,0.5946217775344849
Sample 3,Moirai,0.40537816286087036
Sample 4,Chronos,0.5210725665092468
Sample 4,Timer,0.4789274334907532
Sample 5,Timer,0.5292118787765503
Sample 5,Moirai,0.4707881808280945
Sample 6,Moirai,0.5143247842788696
Sample 6,Timer,0.48567521572113037
Sample 7,TimesFM,0.6966594457626343
Sample 7,Time-MoE,0.30334052443504333
Sample 8,Moirai,0.944655179977417
Sample 8,TimesFM,0.05534478276968002
Sample 9,Timer,0.5468104481697083
Sample 9,Chronos,0.45318955183029175
Sample 10,Moirai,0.5703917741775513
Sample 10,Timer,0.4296082556247711
Sample 11,Chronos,0.5302480459213257
Sample 11,Moirai,0.46975192427635193
Sample 12,TimesFM,0.7394561171531677
Sample 12,Time-MoE,0.26054391264915466
Sample 13,Moirai,0.5201781988143921
Sample 13,Timer,0.4798218309879303
Sample 14,Timer,0.5664252042770386
Sample 14,Moirai,0.4335748255252838
Sample 15,TimesFM,0.7253718376159668
Sample 15,Time-MoE,0.274628221988678
Sample 16,Moirai,0.8165712356567383
Sample 16,TimesFM,0.18342871963977814
Sample 17,Moirai,0.558760941028595
Sample 17,Timer,0.44123899936676025
Sample 18,TimesFM,0.6176319718360901
Sample 18,Chronos,0.3823679983615875
Sample 19,Chronos,0.5148912072181702
Sample 19,Moirai,0.48510876297950745
Sample 20,Moirai,0.8119771480560303
Sample 20,Chronos,0.18802286684513092
Sample 21,Chronos,0.5659350752830505
Sample 21,Moirai,0.43406495451927185
Sample 22,Chronos,0.6632999777793884
Sample 22,Timer,0.33670005202293396
Sample 23,TimesFM,0.5581846833229065
Sample 23,Timer,0.4418152868747711
Sample 24,Moirai,0.5337744951248169
Sample 24,TimesFM,0.4662255346775055
Sample 25,Timer,0.5522794127464294
Sample 25,Chronos,0.44772061705589294
Sample 26,Moirai,0.6819522976875305
Sample 26,Timer,0.3180476725101471
Sample 27,Moirai,0.5474875569343567
Sample 27,Timer,0.4525124430656433
Sample 28,Time-MoE,0.5647211074829102
Sample 28,TimesFM,0.43527892231941223
Sample 29,Moirai,0.5667071342468262
Sample 29,Timer,0.43329286575317383
Sample 30,Moirai,0.7017634510993958
Sample 30,Timer,0.29823651909828186
Sample 31,TimesFM,0.6208876967430115
Sample 31,Time-MoE,0.3791123032569885
Sample 0,TimesFM,0.6171010136604309
Sample 0,Moirai,0.38289904594421387
Sample 1,Moirai,0.5854104161262512
Sample 1,Timer,0.4145895838737488
Sample 2,Chronos,0.5657492280006409
Sample 2,TimesFM,0.43425074219703674
Sample 3,Chronos,0.6044715642929077
Sample 3,Moirai,0.3955284357070923
Sample 4,TimesFM,0.5249610543251038
Sample 4,Time-MoE,0.47503894567489624
Sample 5,Moirai,0.5606101155281067
Sample 5,Timer,0.4393898844718933
Sample 6,Timer,0.5100836157798767
Sample 6,Chronos,0.4899163246154785
Sample 7,TimesFM,0.701704740524292
Sample 7,Time-MoE,0.298295259475708
Sample 8,Moirai,0.9632344245910645
Sample 8,Chronos,0.036765556782484055
Sample 9,Moirai,0.5736389756202698
Sample 9,Timer,0.4263610243797302
Sample 10,Moirai,0.6742864847183228
Sample 10,Timer,0.32571354508399963
Sample 11,Chronos,0.5074310898780823
Sample 11,TimesFM,0.49256888031959534
Sample 12,Chronos,0.6695109605789185
Sample 12,Moirai,0.33048906922340393
Sample 13,Moirai,0.6098522543907166
Sample 13,Timer,0.39014777541160583
Sample 14,Timer,0.5862764716148376
Sample 14,Chronos,0.41372355818748474
Sample 15,TimesFM,0.6168664693832397
Sample 15,Time-MoE,0.38313356041908264
Sample 16,Moirai,0.9282842874526978
Sample 16,Time-MoE,0.07171569019556046
Sample 17,Moirai,0.5501973628997803
Sample 17,Timer,0.4498026967048645
Sample 18,TimesFM,0.5273386240005493
Sample 18,Chronos,0.4726613759994507
Sample 19,Chronos,0.5125437378883362
Sample 19,Moirai,0.48745623230934143
Sample 20,Timer,0.5030941367149353
Sample 20,Moirai,0.4969058036804199
Sample 21,Moirai,0.596519410610199
Sample 21,Timer,0.4034806191921234
Sample 22,Moirai,0.5173442959785461
Sample 22,Timer,0.48265576362609863
Sample 23,TimesFM,0.6644635200500488
Sample 23,Time-MoE,0.33553647994995117
Sample 24,Moirai,0.9118536114692688
Sample 24,Chronos,0.08814646303653717
Sample 25,Timer,0.5344816446304321
Sample 25,Chronos,0.4655183255672455
Sample 26,Moirai,0.5501159429550171
Sample 26,Timer,0.4498840272426605
Sample 27,Chronos,0.7164349555969238
Sample 27,Timer,0.28356504440307617
Sample 28,TimesFM,0.696090817451477
Sample 28,Time-MoE,0.30390918254852295
Sample 29,Moirai,0.5515723824501038
Sample 29,Chronos,0.44842761754989624
Sample 30,Timer,0.5494849681854248
Sample 30,Chronos,0.4505150318145752
Sample 31,TimesFM,0.6793301105499268
Sample 31,Time-MoE,0.32066991925239563
Sample 0,Moirai,0.5628800988197327
Sample 0,TimesFM,0.43711984157562256
Sample 1,Moirai,0.5998106002807617
Sample 1,Timer,0.40018942952156067
Sample 2,Moirai,0.6923269033432007
Sample 2,Chronos,0.30767306685447693
Sample 3,Chronos,0.547100305557251
Sample 3,Moirai,0.452899694442749
Sample 4,TimesFM,0.545283317565918
Sample 4,Time-MoE,0.45471668243408203
Sample 5,Moirai,0.5046898126602173
Sample 5,Timer,0.4953101575374603
Sample 6,Chronos,0.5507662892341614
Sample 6,Timer,0.449233740568161
Sample 7,TimesFM,0.6215632557868958
Sample 7,Time-MoE,0.3784366846084595
Sample 8,Moirai,0.5625320672988892
Sample 8,TimesFM,0.43746793270111084
Sample 9,Timer,0.5239369869232178
Sample 9,Moirai,0.4760630428791046
Sample 10,Moirai,0.5697800517082214
Sample 10,Timer,0.43021994829177856
Sample 11,Chronos,0.8671694397926331
Sample 11,Timer,0.13283057510852814
Sample 12,TimesFM,0.6002660989761353
Sample 12,Time-MoE,0.39973387122154236
Sample 13,Moirai,0.5324940085411072
Sample 13,Timer,0.46750596165657043
Sample 14,Timer,0.624121367931366
Sample 14,Moirai,0.37587860226631165
Sample 15,TimesFM,0.5998868942260742
Sample 15,Time-MoE,0.4001130759716034
Sample 16,Moirai,0.8295176029205322
Sample 16,Timer,0.17048238217830658
Sample 17,Timer,0.5170207619667053
Sample 17,Chronos,0.4829792082309723
Sample 18,TimesFM,0.7274596691131592
Sample 18,Chronos,0.27254030108451843
Sample 19,Moirai,0.6481684446334839
Sample 19,Timer,0.3518315851688385
Sample 20,TimesFM,0.6477133631706238
Sample 20,Time-MoE,0.352286696434021
Sample 21,Moirai,0.5005446076393127
Sample 21,Chronos,0.49945542216300964
Sample 22,Moirai,0.6213197708129883
Sample 22,Chronos,0.3786802291870117
Sample 23,Timer,0.5136420130729675
Sample 23,Time-MoE,0.48635798692703247
Sample 24,TimesFM,0.6167943477630615
Sample 24,Time-MoE,0.38320568203926086
Sample 25,Timer,0.5045546293258667
Sample 25,Chronos,0.4954453706741333
Sample 26,Timer,0.5313582420349121
Sample 26,TimesFM,0.4686417877674103
Sample 27,Chronos,0.8405261635780334
Sample 27,Timer,0.15947388112545013
Sample 28,TimesFM,0.6330212950706482
Sample 28,Time-MoE,0.3669787347316742
Sample 29,Chronos,0.5541055202484131
Sample 29,Moirai,0.4458944499492645
Sample 30,Moirai,0.5120128393173218
Sample 30,Timer,0.4879871606826782
Sample 31,TimesFM,0.6915386915206909
Sample 31,Time-MoE,0.30846133828163147
Sample 0,TimesFM,0.579892098903656
Sample 0,Moirai,0.4201078414916992
Sample 1,Moirai,0.5823850631713867
Sample 1,Timer,0.41761496663093567
Sample 2,TimesFM,0.5806706547737122
Sample 2,Moirai,0.41932934522628784
Sample 3,Chronos,0.5058276057243347
Sample 3,Moirai,0.4941723644733429
Sample 4,Timer,0.686390221118927
Sample 4,Moirai,0.3136098384857178
Sample 5,Chronos,0.5503489375114441
Sample 5,TimesFM,0.4496510624885559
Sample 6,Moirai,0.79278165102005
Sample 6,Chronos,0.20721839368343353
Sample 7,TimesFM,0.5835210084915161
Sample 7,Time-MoE,0.4164789617061615
Sample 8,Moirai,0.7742723822593689
Sample 8,TimesFM,0.22572755813598633
Sample 9,Moirai,0.5339030027389526
Sample 9,Timer,0.46609699726104736
Sample 10,Chronos,0.5896244049072266
Sample 10,TimesFM,0.41037556529045105
Sample 11,Chronos,0.6450931429862976
Sample 11,Timer,0.35490682721138
Sample 12,TimesFM,0.6886827349662781
Sample 12,Time-MoE,0.3113172948360443
Sample 13,Timer,0.5526305437088013
Sample 13,Chronos,0.4473694860935211
Sample 14,Moirai,0.574174165725708
Sample 14,Timer,0.4258258044719696
Sample 15,TimesFM,0.6148605942726135
Sample 15,Time-MoE,0.38513946533203125
Sample 16,Moirai,0.700330913066864
Sample 16,TimesFM,0.299669086933136
Sample 17,Chronos,0.6422217488288879
Sample 17,Timer,0.35777825117111206
Sample 18,TimesFM,0.6520793437957764
Sample 18,Time-MoE,0.3479207158088684
Sample 19,Chronos,0.7700619101524353
Sample 19,Timer,0.22993804514408112
Sample 20,TimesFM,0.7115674018859863
Sample 20,Time-MoE,0.28843259811401367
Sample 21,Moirai,0.5137943625450134
Sample 21,Chronos,0.4862056374549866
Sample 22,Moirai,0.7245011925697327
Sample 22,Timer,0.27549877762794495
Sample 23,TimesFM,0.7045614719390869
Sample 23,Time-MoE,0.2954385280609131
Sample 24,TimesFM,0.6066150665283203
Sample 24,Time-MoE,0.3933849036693573
Sample 25,Timer,0.5130816102027893
Sample 25,Chronos,0.4869183897972107
Sample 26,TimesFM,0.744413435459137
Sample 26,Time-MoE,0.25558656454086304
Sample 27,Chronos,0.5650551319122314
Sample 27,Timer,0.43494486808776855
Sample 28,TimesFM,0.7351395487785339
Sample 28,Time-MoE,0.26486051082611084
Sample 29,Chronos,0.567383348941803
Sample 29,Timer,0.432616651058197
Sample 30,Moirai,0.6049990057945251
Sample 30,Chronos,0.39500102400779724
Sample 31,TimesFM,0.7255309224128723
Sample 31,Time-MoE,0.2744691073894501
Sample 0,Moirai,0.9097354412078857
Sample 0,TimesFM,0.09026455134153366
Sample 1,Moirai,0.5661698579788208
Sample 1,Timer,0.4338301718235016
Sample 2,Chronos,0.5401175022125244
Sample 2,Timer,0.4598824679851532
Sample 3,Chronos,0.5905037522315979
Sample 3,Moirai,0.4094962775707245
Sample 4,Timer,0.5136806964874268
Sample 4,Chronos,0.48631930351257324
Sample 5,Timer,0.5331578254699707
Sample 5,Moirai,0.4668421745300293
Sample 6,Moirai,0.520817220211029
Sample 6,Timer,0.47918274998664856
Sample 7,TimesFM,0.7101297378540039
Sample 7,Time-MoE,0.2898702025413513
Sample 8,Moirai,0.958094596862793
Sample 8,TimesFM,0.04190539941191673
Sample 9,Moirai,0.5171319246292114
Sample 9,Timer,0.4828680455684662
Sample 10,TimesFM,0.5140882134437561
Sample 10,Moirai,0.4859117865562439
Sample 11,TimesFM,0.5025338530540466
Sample 11,Chronos,0.4974660873413086
Sample 12,Chronos,0.5365328788757324
Sample 12,TimesFM,0.46346715092658997
Sample 13,Chronos,0.545232892036438
Sample 13,Moirai,0.4547670781612396
Sample 14,Chronos,0.5166709423065186
Sample 14,Moirai,0.48332905769348145
Sample 15,Time-MoE,0.5144360661506653
Sample 15,TimesFM,0.4855639338493347
Sample 16,Moirai,0.9165750741958618
Sample 16,Chronos,0.08342491090297699
Sample 17,Moirai,0.5103748440742493
Sample 17,Timer,0.48962509632110596
Sample 18,Moirai,0.6957713961601257
Sample 18,Timer,0.30422866344451904
Sample 19,Chronos,0.7257198095321655
Sample 19,Timer,0.27428025007247925
Sample 20,TimesFM,0.6224034428596497
Sample 20,Time-MoE,0.37759655714035034
Sample 21,Moirai,0.5812318921089172
Sample 21,Chronos,0.41876813769340515
Sample 22,Moirai,0.6083882451057434
Sample 22,Timer,0.391611784696579
Sample 23,TimesFM,0.6717404127120972
Sample 23,Time-MoE,0.3282596468925476
Sample 24,Moirai,0.7949424386024475
Sample 24,TimesFM,0.2050575613975525
Sample 25,Timer,0.5291549563407898
Sample 25,Chronos,0.4708450734615326
Sample 26,Moirai,0.6428341865539551
Sample 26,Timer,0.3571658730506897
Sample 27,Chronos,0.6572976112365723
Sample 27,Timer,0.3427024185657501
Sample 28,TimesFM,0.6383084058761597
Sample 28,Time-MoE,0.3616916537284851
Sample 29,Timer,0.5874727368354797
Sample 29,Moirai,0.41252726316452026
Sample 30,Moirai,0.5198640823364258
Sample 30,Timer,0.4801359474658966
Sample 31,TimesFM,0.7417652010917664
Sample 31,Time-MoE,0.25823482871055603
Sample 0,TimesFM,0.5891042947769165
Sample 0,Moirai,0.41089576482772827
Sample 1,Moirai,0.5312952995300293
Sample 1,Timer,0.4687047004699707
Sample 2,Timer,0.5116124749183655
Sample 2,Moirai,0.4883875548839569
Sample 3,Moirai,0.5012016296386719
Sample 3,Chronos,0.49879834055900574
Sample 4,TimesFM,0.7693808674812317
Sample 4,Time-MoE,0.23061911761760712
Sample 5,Moirai,0.6165912747383118
Sample 5,Timer,0.38340872526168823
Sample 6,Moirai,0.6792702078819275
Sample 6,Timer,0.3207298219203949
Sample 7,TimesFM,0.6286481618881226
Sample 7,Time-MoE,0.3713518977165222
Sample 8,Moirai,0.7439751625061035
Sample 8,TimesFM,0.2560248076915741
Sample 9,Moirai,0.612270712852478
Sample 9,Timer,0.38772934675216675
Sample 10,Moirai,0.7098632454872131
Sample 10,Timer,0.29013678431510925
Sample 11,Chronos,0.5166410803794861
Sample 11,Moirai,0.48335888981819153
Sample 12,Timer,0.5186242461204529
Sample 12,Time-MoE,0.4813757538795471
Sample 13,Chronos,0.7541176080703735
Sample 13,Timer,0.24588245153427124
Sample 14,TimesFM,0.5787585377693176
Sample 14,Chronos,0.4212414622306824
Sample 15,TimesFM,0.6695706844329834
Sample 15,Moirai,0.3304292857646942
Sample 16,TimesFM,0.7009171843528748
Sample 16,Moirai,0.29908275604248047
Sample 17,Moirai,0.591623842716217
Sample 17,Timer,0.40837615728378296
Sample 18,TimesFM,0.8051609992980957
Sample 18,Time-MoE,0.1948390007019043
Sample 19,Moirai,0.5534791946411133
Sample 19,Chronos,0.4465208053588867
Sample 20,Moirai,0.5371295809745789
Sample 20,Timer,0.46287041902542114
Sample 21,Moirai,0.5201709270477295
Sample 21,Timer,0.4798290431499481
Sample 22,Timer,0.5030291080474854
Sample 22,Chronos,0.49697092175483704
Sample 23,TimesFM,0.753535807132721
Sample 23,Time-MoE,0.24646413326263428
Sample 24,Moirai,0.9412592649459839
Sample 24,TimesFM,0.058740757405757904
Sample 25,Moirai,0.5885769724845886
Sample 25,Timer,0.4114230275154114
Sample 26,TimesFM,0.6386349201202393
Sample 26,Moirai,0.36136502027511597
Sample 27,Moirai,0.6417859196662903
Sample 27,Timer,0.3582140803337097
Sample 28,Moirai,0.7448614835739136
Sample 28,Time-MoE,0.2551385462284088
Sample 29,Moirai,0.5481134057044983
Sample 29,Chronos,0.4518866539001465
Sample 30,Moirai,0.8138068318367004
Sample 30,TimesFM,0.18619313836097717
Sample 31,TimesFM,0.5209659934043884
Sample 31,Time-MoE,0.4790339767932892
Sample 0,Moirai,0.8771786093711853
Sample 0,Timer,0.12282142043113708
Sample 1,Timer,0.5466305017471313
Sample 1,Chronos,0.45336952805519104
Sample 2,Moirai,0.6854004859924316
Sample 2,Timer,0.31459951400756836
Sample 3,Chronos,0.5847200751304626
Sample 3,Timer,0.41527992486953735
Sample 4,Chronos,0.7820983529090881
Sample 4,Time-MoE,0.21790166199207306
Sample 5,Moirai,0.6200992465019226
Sample 5,Chronos,0.37990081310272217
Sample 6,Chronos,0.6250669956207275
Sample 6,Timer,0.3749329447746277
Sample 7,TimesFM,0.712119460105896
Sample 7,Time-MoE,0.28788048028945923
Sample 8,Moirai,0.8567642569541931
Sample 8,TimesFM,0.14323578774929047
Sample 9,Moirai,0.5243119597434998
Sample 9,Timer,0.47568804025650024
Sample 10,Timer,0.5975856184959412
Sample 10,Moirai,0.40241435170173645
Sample 11,Chronos,0.6168131232261658
Sample 11,Moirai,0.38318684697151184
Sample 12,Chronos,0.5505989193916321
Sample 12,TimesFM,0.44940105080604553
Sample 13,Moirai,0.5889963507652283
Sample 13,Timer,0.41100364923477173
Sample 14,Moirai,0.5525424480438232
Sample 14,Timer,0.44745755195617676
Sample 15,TimesFM,0.7442061305046082
Sample 15,Time-MoE,0.25579389929771423
Sample 0,Moirai,0.906138002872467
Sample 0,TimesFM,0.09386193752288818
Sample 1,Timer,0.5243445634841919
Sample 1,Chronos,0.4756554663181305
Sample 2,TimesFM,0.5456250309944153
Sample 2,Chronos,0.4543749690055847
Sample 3,Chronos,0.6108081936836243
Sample 3,Moirai,0.38919177651405334
Sample 4,Timer,0.5577998757362366
Sample 4,Chronos,0.4422001242637634
Sample 5,Timer,0.5039180517196655
Sample 5,Moirai,0.49608197808265686
Sample 6,Moirai,0.5500854849815369
Sample 6,Timer,0.44991451501846313
Sample 7,TimesFM,0.7461728453636169
Sample 7,Time-MoE,0.25382718443870544
Sample 8,Moirai,0.9536194801330566
Sample 8,TimesFM,0.046380527317523956
Sample 9,Timer,0.5413379073143005
Sample 9,Chronos,0.45866212248802185
Sample 10,Moirai,0.5475338101387024
Sample 10,Timer,0.4524661600589752
Sample 11,Chronos,0.5580147504806519
Sample 11,Moirai,0.44198521971702576
Sample 12,TimesFM,0.7811044454574585
Sample 12,Time-MoE,0.2188955694437027
Sample 13,Moirai,0.5578492283821106
Sample 13,Timer,0.44215071201324463
Sample 14,Timer,0.5486407279968262
Sample 14,Moirai,0.45135924220085144
Sample 15,TimesFM,0.7745938897132874
Sample 15,Time-MoE,0.22540606558322906
Sample 16,Moirai,0.8285541534423828
Sample 16,TimesFM,0.1714458465576172
Sample 17,Moirai,0.5986236929893494
Sample 17,Timer,0.40137630701065063
Sample 18,TimesFM,0.6247344613075256
Sample 18,Chronos,0.375265508890152
Sample 19,Chronos,0.5156158804893494
Sample 19,Moirai,0.48438411951065063
Sample 20,Moirai,0.8121113777160645
Sample 20,Chronos,0.18788862228393555
Sample 21,Chronos,0.5969900488853455
Sample 21,Moirai,0.40300995111465454
Sample 22,Chronos,0.6998403072357178
Sample 22,Moirai,0.30015966296195984
Sample 23,TimesFM,0.5520766973495483
Sample 23,Timer,0.4479232728481293
Sample 24,Moirai,0.5224263072013855
Sample 24,TimesFM,0.4775736927986145
Sample 25,Timer,0.5394418835639954
Sample 25,Moirai,0.4605581760406494
Sample 26,Moirai,0.709458589553833
Sample 26,Timer,0.290541410446167
Sample 27,Moirai,0.5550013780593872
Sample 27,Timer,0.4449986219406128
Sample 28,Time-MoE,0.5795612931251526
Sample 28,TimesFM,0.4204387068748474
Sample 29,Moirai,0.6026175022125244
Sample 29,Timer,0.3973824679851532
Sample 30,Moirai,0.7424707412719727
Sample 30,Timer,0.25752925872802734
Sample 31,TimesFM,0.6627930402755737
Sample 31,Time-MoE,0.3372069299221039
Sample 0,TimesFM,0.6460868120193481
Sample 0,Moirai,0.3539131283760071
Sample 1,Moirai,0.609124481678009
Sample 1,Timer,0.39087554812431335
Sample 2,Chronos,0.5913428068161011
Sample 2,TimesFM,0.4086572229862213
Sample 3,Chronos,0.6098006367683411
Sample 3,Moirai,0.3901993930339813
Sample 4,TimesFM,0.5274067521095276
Sample 4,Time-MoE,0.4725932776927948
Sample 5,Moirai,0.5805128216743469
Sample 5,Timer,0.4194871783256531
Sample 6,Timer,0.5275793671607971
Sample 6,Chronos,0.4724206030368805
Sample 7,TimesFM,0.7446139454841614
Sample 7,Time-MoE,0.2553860545158386
Sample 8,Moirai,0.9716984033584595
Sample 8,Chronos,0.02830164134502411
Sample 9,Moirai,0.6010124087333679
Sample 9,Timer,0.39898762106895447
Sample 10,Moirai,0.7002836465835571
Sample 10,Timer,0.2997163236141205
Sample 11,Chronos,0.5052216053009033
Sample 11,TimesFM,0.4947783946990967
Sample 12,Chronos,0.6786405444145203
Sample 12,Moirai,0.32135942578315735
Sample 13,Moirai,0.6392664313316345
Sample 13,Timer,0.3607335686683655
Sample 14,Timer,0.5557818412780762
Sample 14,Chronos,0.44421809911727905
Sample 15,TimesFM,0.6489422917366028
Sample 15,Time-MoE,0.351057767868042
Sample 16,Moirai,0.9373282790184021
Sample 16,Time-MoE,0.06267178058624268
Sample 17,Moirai,0.5708919763565063
Sample 17,Timer,0.42910805344581604
Sample 18,TimesFM,0.5134966373443604
Sample 18,Chronos,0.48650336265563965
Sample 19,Chronos,0.5055950284004211
Sample 19,Moirai,0.49440500140190125
Sample 20,Moirai,0.5044605731964111
Sample 20,Timer,0.49553942680358887
Sample 21,Moirai,0.6222343444824219
Sample 21,Timer,0.3777656555175781
Sample 22,Moirai,0.5224570631980896
Sample 22,Timer,0.477542906999588
Sample 23,TimesFM,0.70330411195755
Sample 23,Time-MoE,0.29669591784477234
Sample 24,Moirai,0.9351484775543213
Sample 24,Chronos,0.06485157459974289
Sample 25,Timer,0.524315595626831
Sample 25,Chronos,0.47568437457084656
Sample 26,Moirai,0.556993842124939
Sample 26,Timer,0.4430061876773834
Sample 27,Chronos,0.7825934290885925
Sample 27,Moirai,0.21740654110908508
Sample 28,TimesFM,0.7283536195755005
Sample 28,Time-MoE,0.2716463804244995
Sample 29,Moirai,0.551677405834198
Sample 29,Chronos,0.448322594165802
Sample 30,Timer,0.5215109586715698
Sample 30,Chronos,0.4784890115261078
Sample 31,TimesFM,0.7240890264511108
Sample 31,Time-MoE,0.27591100335121155
Sample 0,Moirai,0.5526466965675354
Sample 0,TimesFM,0.4473532438278198
Sample 1,Moirai,0.6143755316734314
Sample 1,Timer,0.3856244683265686
Sample 2,Moirai,0.680819034576416
Sample 2,Chronos,0.31918102502822876
Sample 3,Chronos,0.5822116732597351
Sample 3,Moirai,0.4177882969379425
Sample 4,TimesFM,0.5602161884307861
Sample 4,Time-MoE,0.43978384137153625
Sample 5,Timer,0.5030990242958069
Sample 5,Moirai,0.4969009459018707
Sample 6,Chronos,0.5670953392982483
Sample 6,Timer,0.4329046308994293
Sample 7,TimesFM,0.6444159746170044
Sample 7,Time-MoE,0.3555839955806732
Sample 8,Moirai,0.5653553605079651
Sample 8,TimesFM,0.4346446990966797
Sample 9,Timer,0.524081826210022
Sample 9,Moirai,0.475918173789978
Sample 10,Moirai,0.5787076950073242
Sample 10,Timer,0.421292245388031
Sample 11,Chronos,0.8996357917785645
Sample 11,Timer,0.10036423802375793
Sample 12,TimesFM,0.6274603009223938
Sample 12,Time-MoE,0.3725396990776062
Sample 13,Moirai,0.5382259488105774
Sample 13,Timer,0.4617740511894226
Sample 14,Timer,0.6439745426177979
Sample 14,Moirai,0.35602542757987976
Sample 15,TimesFM,0.6350165009498596
Sample 15,Time-MoE,0.3649834990501404
Sample 16,Moirai,0.8506327271461487
Sample 16,Timer,0.14936725795269012
Sample 17,Timer,0.5166676640510559
Sample 17,Chronos,0.4833323359489441
Sample 18,TimesFM,0.7525448799133301
Sample 18,Chronos,0.24745509028434753
Sample 19,Moirai,0.6473649740219116
Sample 19,Timer,0.352634996175766
Sample 20,TimesFM,0.6733391284942627
Sample 20,Time-MoE,0.3266609311103821
Sample 21,Chronos,0.5024408102035522
Sample 21,Moirai,0.49755918979644775
Sample 22,Moirai,0.6313439011573792
Sample 22,Timer,0.36865612864494324
Sample 23,Timer,0.5296576023101807
Sample 23,Time-MoE,0.47034239768981934
Sample 24,TimesFM,0.6502888798713684
Sample 24,Time-MoE,0.34971117973327637
Sample 25,Timer,0.5025179982185364
Sample 25,Moirai,0.4974820017814636
Sample 26,Timer,0.5098788738250732
Sample 26,TimesFM,0.49012115597724915
Sample 27,Chronos,0.8924134373664856
Sample 27,Timer,0.10758652538061142
Sample 28,TimesFM,0.6597384214401245
Sample 28,Time-MoE,0.3402616083621979
Sample 29,Chronos,0.5731317400932312
Sample 29,Moirai,0.4268683195114136
Sample 30,Moirai,0.5176028609275818
Sample 30,Timer,0.482397198677063
Sample 31,TimesFM,0.7295358777046204
Sample 31,Time-MoE,0.27046406269073486
Sample 0,TimesFM,0.5932195782661438
Sample 0,Moirai,0.4067803621292114
Sample 1,Moirai,0.581614077091217
Sample 1,Timer,0.41838598251342773
Sample 2,TimesFM,0.5930537581443787
Sample 2,Moirai,0.4069462716579437
Sample 3,Chronos,0.5297182202339172
Sample 3,Moirai,0.4702817499637604
Sample 4,Timer,0.716306209564209
Sample 4,Moirai,0.283693790435791
Sample 5,Chronos,0.516810417175293
Sample 5,TimesFM,0.48318958282470703
Sample 6,Moirai,0.796635627746582
Sample 6,Chronos,0.20336444675922394
Sample 7,TimesFM,0.5881972908973694
Sample 7,Time-MoE,0.4118027091026306
Sample 8,Moirai,0.7847759127616882
Sample 8,TimesFM,0.215224027633667
Sample 9,Moirai,0.5267418026924133
Sample 9,Timer,0.4732581377029419
Sample 10,Chronos,0.6397307515144348
Sample 10,TimesFM,0.3602691888809204
Sample 11,Chronos,0.7125309109687805
Sample 11,Timer,0.2874690294265747
Sample 12,TimesFM,0.7163820862770081
Sample 12,Time-MoE,0.28361794352531433
Sample 13,Timer,0.5541640520095825
Sample 13,Chronos,0.4458359479904175
Sample 14,Moirai,0.5797654390335083
Sample 14,Timer,0.4202345013618469
Sample 15,TimesFM,0.6423397660255432
Sample 15,Time-MoE,0.357660174369812
Sample 16,Moirai,0.7077696919441223
Sample 16,TimesFM,0.2922302782535553
Sample 17,Chronos,0.6309553384780884
Sample 17,Timer,0.3690446615219116
Sample 18,TimesFM,0.6653026342391968
Sample 18,Time-MoE,0.33469733595848083
Sample 19,Chronos,0.8268900513648987
Sample 19,Timer,0.17310994863510132
Sample 20,TimesFM,0.7361790537834167
Sample 20,Time-MoE,0.26382091641426086
Sample 21,Chronos,0.5287986993789673
Sample 21,Moirai,0.4712013006210327
Sample 22,Moirai,0.7209370136260986
Sample 22,Timer,0.27906301617622375
Sample 23,TimesFM,0.7361103892326355
Sample 23,Time-MoE,0.2638895809650421
Sample 24,TimesFM,0.6235235929489136
Sample 24,Time-MoE,0.3764764070510864
Sample 25,Chronos,0.5050231218338013
Sample 25,Timer,0.49497687816619873
Sample 26,TimesFM,0.76545250415802
Sample 26,Time-MoE,0.2345474809408188
Sample 27,Chronos,0.614128053188324
Sample 27,Timer,0.385871946811676
Sample 28,TimesFM,0.7653152942657471
Sample 28,Time-MoE,0.23468470573425293
Sample 29,Chronos,0.6227901577949524
Sample 29,Timer,0.3772098422050476
Sample 30,Moirai,0.6040694713592529
Sample 30,Chronos,0.39593055844306946
Sample 31,TimesFM,0.7594807744026184
Sample 31,Time-MoE,0.24051924049854279
Sample 0,Moirai,0.921337366104126
Sample 0,TimesFM,0.07866266369819641
Sample 1,Moirai,0.5523495078086853
Sample 1,Timer,0.4476504623889923
Sample 2,Chronos,0.5284184217453003
Sample 2,Timer,0.4715815782546997
Sample 3,Chronos,0.6309462189674377
Sample 3,Moirai,0.36905378103256226
Sample 4,Timer,0.5544475317001343
Sample 4,Moirai,0.44555243849754333
Sample 5,Timer,0.5604990124702454
Sample 5,Moirai,0.43950092792510986
Sample 6,Timer,0.5089084506034851
Sample 6,Moirai,0.4910914897918701
Sample 7,TimesFM,0.7262494564056396
Sample 7,Time-MoE,0.27375054359436035
Sample 8,Moirai,0.9652627110481262
Sample 8,TimesFM,0.034737326204776764
Sample 9,Timer,0.5011951923370361
Sample 9,Moirai,0.4988047778606415
Sample 10,TimesFM,0.5540009140968323
Sample 10,Moirai,0.4459990859031677
Sample 11,TimesFM,0.519300103187561
Sample 11,Chronos,0.4806998670101166
Sample 12,TimesFM,0.5224171876907349
Sample 12,Chronos,0.47758281230926514
Sample 13,Chronos,0.5533089637756348
Sample 13,Moirai,0.44669103622436523
Sample 14,Chronos,0.5466975569725037
Sample 14,Moirai,0.45330244302749634
Sample 15,TimesFM,0.5094454288482666
Sample 15,Time-MoE,0.4905545711517334
Sample 16,Moirai,0.9404815435409546
Sample 16,Chronos,0.05951843783259392
Sample 17,Timer,0.5078597664833069
Sample 17,Moirai,0.4921402037143707
Sample 18,Moirai,0.6871374845504761
Sample 18,Timer,0.3128625154495239
Sample 19,Chronos,0.7960625886917114
Sample 19,Timer,0.2039373815059662
Sample 20,TimesFM,0.6468227505683899
Sample 20,Time-MoE,0.3531772792339325
Sample 21,Moirai,0.5442876219749451
Sample 21,Chronos,0.45571231842041016
Sample 22,Moirai,0.5927815437316895
Sample 22,Timer,0.40721842646598816
Sample 23,TimesFM,0.7064001560211182
Sample 23,Time-MoE,0.29359981417655945
Sample 24,Moirai,0.8070330023765564
Sample 24,TimesFM,0.19296696782112122
Sample 25,Timer,0.551992654800415
Sample 25,Chronos,0.4480073153972626
Sample 26,Moirai,0.6409037113189697
Sample 26,Timer,0.35909631848335266
Sample 27,Chronos,0.7006619572639465
Sample 27,Timer,0.2993380129337311
Sample 28,TimesFM,0.6648659706115723
Sample 28,Time-MoE,0.33513402938842773
Sample 29,Timer,0.6163763403892517
Sample 29,Moirai,0.3836236298084259
Sample 30,Timer,0.5129820108413696
Sample 30,Moirai,0.48701798915863037
Sample 31,TimesFM,0.7623545527458191
Sample 31,Time-MoE,0.23764540255069733
Sample 0,TimesFM,0.5922417640686035
Sample 0,Moirai,0.4077582359313965
Sample 1,Timer,0.5008034110069275
Sample 1,Moirai,0.4991966485977173
Sample 2,Timer,0.5340779423713684
Sample 2,Moirai,0.4659220576286316
Sample 3,Chronos,0.5515202879905701
Sample 3,Moirai,0.44847971200942993
Sample 4,TimesFM,0.7917960286140442
Sample 4,Time-MoE,0.20820392668247223
Sample 5,Moirai,0.5905998349189758
Sample 5,Timer,0.40940016508102417
Sample 6,Moirai,0.6721540689468384
Sample 6,Timer,0.3278459310531616
Sample 7,TimesFM,0.6368110179901123
Sample 7,Time-MoE,0.3631889522075653
Sample 8,Moirai,0.7514094114303589
Sample 8,TimesFM,0.24859055876731873
Sample 9,Moirai,0.588566780090332
Sample 9,Timer,0.4114331901073456
Sample 10,Moirai,0.6986815929412842
Sample 10,Timer,0.3013184070587158
Sample 11,Chronos,0.5399647355079651
Sample 11,Moirai,0.4600352942943573
Sample 12,Timer,0.5101080536842346
Sample 12,Time-MoE,0.489891916513443
Sample 13,Chronos,0.7914966940879822
Sample 13,Timer,0.2085033655166626
Sample 14,TimesFM,0.5991964936256409
Sample 14,Chronos,0.40080350637435913
Sample 15,TimesFM,0.6871839165687561
Sample 15,Time-MoE,0.3128161132335663
Sample 16,TimesFM,0.7084038853645325
Sample 16,Moirai,0.29159611463546753
Sample 17,Moirai,0.5658672451972961
Sample 17,Timer,0.43413281440734863
Sample 18,TimesFM,0.8200830221176147
Sample 18,Time-MoE,0.17991697788238525
Sample 19,Moirai,0.5149614214897156
Sample 19,Chronos,0.4850386083126068
Sample 20,Moirai,0.5136232972145081
Sample 20,Timer,0.48637667298316956
Sample 21,Timer,0.5164845585823059
Sample 21,Moirai,0.4835154712200165
Sample 22,Timer,0.5051540732383728
Sample 22,Chronos,0.4948458671569824
Sample 23,TimesFM,0.7782321572303772
Sample 23,Time-MoE,0.2217678427696228
Sample 24,Moirai,0.9484995603561401
Sample 24,TimesFM,0.05150042101740837
Sample 25,Moirai,0.5652110576629639
Sample 25,Timer,0.4347890019416809
Sample 26,TimesFM,0.655158519744873
Sample 26,Moirai,0.34484151005744934
Sample 27,Moirai,0.6220996379852295
Sample 27,Chronos,0.3779003918170929
Sample 28,Moirai,0.7452478408813477
Sample 28,Time-MoE,0.2547522187232971
Sample 29,Moirai,0.5196024775505066
Sample 29,Chronos,0.4803975522518158
Sample 30,Moirai,0.8253414034843445
Sample 30,TimesFM,0.1746586710214615
Sample 31,TimesFM,0.5406308770179749
Sample 31,Time-MoE,0.45936915278434753
Sample 0,Moirai,0.8752902150154114
Sample 0,Timer,0.1247098371386528
Sample 1,Timer,0.5406386852264404
Sample 1,Chronos,0.4593612849712372
Sample 2,Moirai,0.6801549792289734
Sample 2,Timer,0.3198450207710266
Sample 3,Chronos,0.6275826096534729
Sample 3,Timer,0.3724174201488495
Sample 4,Chronos,0.8400537371635437
Sample 4,Time-MoE,0.1599462628364563
Sample 5,Moirai,0.5836004614830017
Sample 5,Chronos,0.4163995087146759
Sample 6,Chronos,0.6417192816734314
Sample 6,Timer,0.3582806885242462
Sample 7,TimesFM,0.7319889664649963
Sample 7,Time-MoE,0.2680110037326813
Sample 8,Moirai,0.8672736287117004
Sample 8,TimesFM,0.13272638618946075
Sample 9,Timer,0.5233576893806458
Sample 9,Moirai,0.47664231061935425
Sample 10,Timer,0.6608664989471436
Sample 10,Moirai,0.33913347125053406
Sample 11,Chronos,0.6672438979148865
Sample 11,Timer,0.33275604248046875
Sample 12,TimesFM,0.5019557476043701
Sample 12,Chronos,0.4980442225933075
Sample 13,Moirai,0.5454726815223694
Sample 13,Timer,0.454527348279953
Sample 14,Moirai,0.5098444223403931
Sample 14,Timer,0.49015557765960693
Sample 15,TimesFM,0.7660830020904541
Sample 15,Time-MoE,0.2339170128107071
Sample 0,Moirai,0.9161538481712341
Sample 0,TimesFM,0.08384614437818527
Sample 1,Timer,0.5317205190658569
Sample 1,Chronos,0.4682794511318207
Sample 2,TimesFM,0.5153218507766724
Sample 2,Chronos,0.48467814922332764
Sample 3,Chronos,0.6906189322471619
Sample 3,Moirai,0.30938103795051575
Sample 4,Timer,0.6397152543067932
Sample 4,Chronos,0.3602847754955292
Sample 5,Timer,0.5741148591041565
Sample 5,Moirai,0.4258851408958435
Sample 6,Chronos,0.5169112086296082
Sample 6,Moirai,0.48308873176574707
Sample 7,TimesFM,0.7636627554893494
Sample 7,Time-MoE,0.23633718490600586
Sample 8,Moirai,0.9581912755966187
Sample 8,TimesFM,0.04180879890918732
Sample 9,Timer,0.5460093021392822
Sample 9,Chronos,0.4539906978607178
Sample 10,Timer,0.5036848187446594
Sample 10,Moirai,0.4963151514530182
Sample 11,Chronos,0.6498545408248901
Sample 11,Moirai,0.35014548897743225
Sample 12,TimesFM,0.7961828708648682
Sample 12,Time-MoE,0.20381709933280945
Sample 13,Chronos,0.5016153454780579
Sample 13,Moirai,0.49838465452194214
Sample 14,Timer,0.6040523648262024
Sample 14,Chronos,0.3959476053714752
Sample 15,TimesFM,0.793032705783844
Sample 15,Time-MoE,0.20696726441383362
Sample 16,Moirai,0.8415196537971497
Sample 16,TimesFM,0.15848031640052795
Sample 17,Moirai,0.5434036254882812
Sample 17,Timer,0.45659637451171875
Sample 18,TimesFM,0.6302586793899536
Sample 18,Chronos,0.369741290807724
Sample 19,Chronos,0.5939715504646301
Sample 19,Moirai,0.40602847933769226
Sample 20,Moirai,0.8043575882911682
Sample 20,Chronos,0.19564245641231537
Sample 21,Chronos,0.6805428862571716
Sample 21,Moirai,0.319457083940506
Sample 22,Chronos,0.720832109451294
Sample 22,Timer,0.27916792035102844
Sample 23,TimesFM,0.5459445118904114
Sample 23,Timer,0.45405545830726624
Sample 24,Moirai,0.5380911231040955
Sample 24,TimesFM,0.46190890669822693
Sample 25,Timer,0.5380603075027466
Sample 25,Chronos,0.46193966269493103
Sample 26,Moirai,0.6826608777046204
Sample 26,Timer,0.31733909249305725
Sample 27,Moirai,0.5197834968566895
Sample 27,Timer,0.48021647334098816
Sample 28,Time-MoE,0.6011661887168884
Sample 28,TimesFM,0.3988337814807892
Sample 29,Moirai,0.5477513670921326
Sample 29,Timer,0.45224863290786743
Sample 30,Moirai,0.7198218703269958
Sample 30,Timer,0.28017809987068176
Sample 31,TimesFM,0.6811791062355042
Sample 31,Time-MoE,0.31882089376449585
Sample 0,TimesFM,0.6439110636711121
Sample 0,Moirai,0.35608890652656555
Sample 1,Moirai,0.5415304899215698
Sample 1,Timer,0.4584695100784302
Sample 2,Chronos,0.6153439879417419
Sample 2,TimesFM,0.38465604186058044
Sample 3,Chronos,0.6634340286254883
Sample 3,Timer,0.33656594157218933
Sample 4,TimesFM,0.5285195112228394
Sample 4,Chronos,0.47148048877716064
Sample 5,Moirai,0.5103613138198853
Sample 5,Timer,0.48963871598243713
Sample 6,Timer,0.5480417609214783
Sample 6,Chronos,0.4519582688808441
Sample 7,TimesFM,0.7575859427452087
Sample 7,Time-MoE,0.24241411685943604
Sample 8,Moirai,0.9734638929367065
Sample 8,Chronos,0.02653605304658413
Sample 9,Moirai,0.5393384695053101
Sample 9,Timer,0.46066153049468994
Sample 10,Moirai,0.6681029796600342
Sample 10,Timer,0.3318970501422882
Sample 11,Chronos,0.5404737591743469
Sample 11,TimesFM,0.45952627062797546
Sample 12,Chronos,0.7093380689620972
Sample 12,Moirai,0.2906619608402252
Sample 13,Moirai,0.5800046920776367
Sample 13,Timer,0.41999533772468567
Sample 14,Timer,0.532869279384613
Sample 14,Chronos,0.46713072061538696
Sample 15,TimesFM,0.6578322649002075
Sample 15,Time-MoE,0.3421677350997925
Sample 16,Moirai,0.9407287240028381
Sample 16,Time-MoE,0.059271279722452164
Sample 17,Timer,0.501072108745575
Sample 17,Moirai,0.49892786145210266
Sample 18,TimesFM,0.5153982043266296
Sample 18,Chronos,0.48460179567337036
Sample 19,Chronos,0.5843099355697632
Sample 19,Moirai,0.41569003462791443
Sample 20,Timer,0.5708362460136414
Sample 20,Moirai,0.42916369438171387
Sample 21,Moirai,0.5573056936264038
Sample 21,Timer,0.4426942765712738
Sample 22,Timer,0.5441318154335022
Sample 22,Moirai,0.4558681547641754
Sample 23,TimesFM,0.7230293154716492
Sample 23,Time-MoE,0.27697065472602844
Sample 24,Moirai,0.9347466230392456
Sample 24,Chronos,0.06525333225727081
Sample 25,Timer,0.518831729888916
Sample 25,Chronos,0.48116829991340637
Sample 26,Moirai,0.5010027885437012
Sample 26,Timer,0.4989972412586212
Sample 27,Chronos,0.8300650119781494
Sample 27,Timer,0.1699349731206894
Sample 28,TimesFM,0.740760862827301
Sample 28,Time-MoE,0.259239137172699
Sample 29,Chronos,0.5239922404289246
Sample 29,Moirai,0.47600775957107544
Sample 30,Timer,0.5023234486579895
Sample 30,Chronos,0.4976765215396881
Sample 31,TimesFM,0.7383646965026855
Sample 31,Time-MoE,0.26163527369499207
Sample 0,Moirai,0.5612404346466064
Sample 0,TimesFM,0.43875953555107117
Sample 1,Moirai,0.5437268018722534
Sample 1,Timer,0.45627325773239136
Sample 2,Moirai,0.6489895582199097
Sample 2,Chronos,0.3510104715824127
Sample 3,Chronos,0.6639745235443115
Sample 3,Timer,0.33602550625801086
Sample 4,TimesFM,0.5597076416015625
Sample 4,Time-MoE,0.4402923583984375
Sample 5,Timer,0.5693879127502441
Sample 5,Moirai,0.43061208724975586
Sample 6,Chronos,0.5774386525154114
Sample 6,Timer,0.4225614070892334
Sample 7,TimesFM,0.6476664543151855
Sample 7,Time-MoE,0.35233351588249207
Sample 8,Moirai,0.5947358012199402
Sample 8,TimesFM,0.4052642285823822
Sample 9,Timer,0.5814718008041382
Sample 9,Chronos,0.4185281991958618
Sample 10,Moirai,0.5113062262535095
Sample 10,Timer,0.4886937737464905
Sample 11,Chronos,0.922785758972168
Sample 11,Timer,0.07721428573131561
Sample 12,TimesFM,0.6374263167381287
Sample 12,Time-MoE,0.3625737428665161
Sample 13,Chronos,0.5236476063728333
Sample 13,Timer,0.47635239362716675
Sample 14,Timer,0.7277984619140625
Sample 14,Moirai,0.2722015082836151
Sample 15,TimesFM,0.6432436108589172
Sample 15,Time-MoE,0.35675638914108276
Sample 16,Moirai,0.8211364150047302
Sample 16,Timer,0.17886357009410858
Sample 17,Timer,0.515801191329956
Sample 17,Chronos,0.48419883847236633
Sample 18,TimesFM,0.7863550782203674
Sample 18,Chronos,0.21364489197731018
Sample 19,Moirai,0.5951011776924133
Sample 19,Timer,0.4048987925052643
Sample 20,TimesFM,0.6857036352157593
Sample 20,Time-MoE,0.3142963647842407
Sample 21,Chronos,0.5582275986671448
Sample 21,Timer,0.4417724311351776
Sample 22,Moirai,0.5554627180099487
Sample 22,Timer,0.4445372521877289
Sample 23,Timer,0.5385419726371765
Sample 23,TimesFM,0.4614579677581787
Sample 24,TimesFM,0.6564199328422546
Sample 24,Time-MoE,0.34358009696006775
Sample 25,Chronos,0.5017302632331848
Sample 25,Timer,0.4982697665691376
Sample 26,TimesFM,0.5155130624771118
Sample 26,Timer,0.4844869375228882
Sample 27,Chronos,0.9245620369911194
Sample 27,Timer,0.07543792575597763
Sample 28,TimesFM,0.6681153774261475
Sample 28,Time-MoE,0.33188462257385254
Sample 29,Chronos,0.5936479568481445
Sample 29,Timer,0.4063519835472107
Sample 30,Timer,0.5097938179969788
Sample 30,Chronos,0.49020618200302124
Sample 31,TimesFM,0.7429161071777344
Sample 31,Time-MoE,0.2570838928222656
Sample 0,TimesFM,0.5862781405448914
Sample 0,Moirai,0.41372188925743103
Sample 1,Timer,0.5008253455162048
Sample 1,Moirai,0.49917468428611755
Sample 2,TimesFM,0.5829252600669861
Sample 2,Timer,0.4170747399330139
Sample 3,Chronos,0.6280118227005005
Sample 3,Moirai,0.3719881772994995
Sample 4,Timer,0.7734403014183044
Sample 4,Moirai,0.22655969858169556
Sample 5,Chronos,0.525954008102417
Sample 5,TimesFM,0.4740459620952606
Sample 6,Moirai,0.7786431908607483
Sample 6,Chronos,0.2213568091392517
Sample 7,TimesFM,0.5786452293395996
Sample 7,Time-MoE,0.42135483026504517
Sample 8,Moirai,0.801372230052948
Sample 8,TimesFM,0.198627769947052
Sample 9,Timer,0.5627508759498596
Sample 9,Moirai,0.437249094247818
Sample 10,Chronos,0.6744107007980347
Sample 10,TimesFM,0.3255893290042877
Sample 11,Chronos,0.7667233347892761
Sample 11,Timer,0.23327665030956268
Sample 12,TimesFM,0.7229181528091431
Sample 12,Time-MoE,0.27708181738853455
Sample 13,Timer,0.5565484762191772
Sample 13,Chronos,0.44345155358314514
Sample 14,Moirai,0.5311917066574097
Sample 14,Timer,0.4688083231449127
Sample 15,TimesFM,0.6515365839004517
Sample 15,Time-MoE,0.34846338629722595
Sample 16,Moirai,0.7211915254592896
Sample 16,TimesFM,0.27880844473838806
Sample 17,Chronos,0.6270251870155334
Sample 17,Timer,0.37297481298446655
Sample 18,TimesFM,0.6620519161224365
Sample 18,Time-MoE,0.3379480540752411
Sample 19,Chronos,0.8673416972160339
Sample 19,Timer,0.13265825808048248
Sample 20,TimesFM,0.7426756620407104
Sample 20,Time-MoE,0.2573242783546448
Sample 21,Chronos,0.5627673864364624
Sample 21,Timer,0.43723264336586
Sample 22,Moirai,0.6557295322418213
Sample 22,Timer,0.3442704975605011
Sample 23,TimesFM,0.7441980242729187
Sample 23,Time-MoE,0.2558020353317261
Sample 24,TimesFM,0.615742027759552
Sample 24,Time-MoE,0.3842580020427704
Sample 25,Chronos,0.522165834903717
Sample 25,Timer,0.47783416509628296
Sample 26,TimesFM,0.7688796520233154
Sample 26,Time-MoE,0.23112034797668457
Sample 27,Chronos,0.6562680602073669
Sample 27,Timer,0.34373193979263306
Sample 28,TimesFM,0.774690568447113
Sample 28,Time-MoE,0.22530943155288696
Sample 29,Chronos,0.6638041138648987
Sample 29,Timer,0.33619585633277893
Sample 30,Moirai,0.5195296406745911
Sample 30,Chronos,0.4804703891277313
Sample 31,TimesFM,0.7682294249534607
Sample 31,Time-MoE,0.2317706197500229
Sample 0,Moirai,0.9277428388595581
Sample 0,TimesFM,0.0722571611404419
Sample 1,Timer,0.5380517244338989
Sample 1,Moirai,0.4619482755661011
Sample 2,Chronos,0.5226997137069702
Sample 2,Timer,0.4773003160953522
Sample 3,Chronos,0.7130069732666016
Sample 3,Timer,0.2869930565357208
Sample 4,Timer,0.6454174518585205
Sample 4,Moirai,0.35458260774612427
Sample 5,Timer,0.5550931096076965
Sample 5,Chronos,0.4449068605899811
Sample 6,Timer,0.6137526631355286
Sample 6,Moirai,0.38624733686447144
Sample 7,TimesFM,0.7234271764755249
Sample 7,Time-MoE,0.2765728831291199
Sample 8,Moirai,0.963848888874054
Sample 8,Time-MoE,0.036151107400655746
Sample 9,Timer,0.5571697354316711
Sample 9,Chronos,0.44283023476600647
Sample 10,TimesFM,0.6121565699577332
Sample 10,Moirai,0.38784343004226685
Sample 11,Chronos,0.5334441661834717
Sample 11,TimesFM,0.46655580401420593
Sample 12,TimesFM,0.5329449772834778
Sample 12,Chronos,0.4670550227165222
Sample 13,Chronos,0.6322314739227295
Sample 13,Moirai,0.3677685558795929
Sample 14,Chronos,0.6212084889411926
Sample 14,Moirai,0.37879154086112976
Sample 15,TimesFM,0.5419527292251587
Sample 15,Time-MoE,0.4580472409725189
Sample 16,Moirai,0.9436108469963074
Sample 16,Chronos,0.05638909339904785
Sample 17,Chronos,0.5017690062522888
Sample 17,Timer,0.4982309937477112
Sample 18,Moirai,0.6103227734565735
Sample 18,Timer,0.3896771967411041
Sample 19,Chronos,0.8448463082313538
Sample 19,Timer,0.15515370666980743
Sample 20,TimesFM,0.655555248260498
Sample 20,Time-MoE,0.34444481134414673
Sample 21,Chronos,0.5555599331855774
Sample 21,Moirai,0.4444400370121002
Sample 22,Timer,0.5024468302726746
Sample 22,Moirai,0.49755313992500305
Sample 23,TimesFM,0.7211288809776306
Sample 23,Time-MoE,0.2788711488246918
Sample 24,Moirai,0.8230395317077637
Sample 24,TimesFM,0.17696048319339752
Sample 25,Timer,0.5623940825462341
Sample 25,Chronos,0.43760594725608826
Sample 26,Moirai,0.618316113948822
Sample 26,Timer,0.3816838562488556
Sample 27,Chronos,0.742823600769043
Sample 27,Timer,0.25717639923095703
Sample 28,TimesFM,0.6712403297424316
Sample 28,Time-MoE,0.32875967025756836
Sample 29,Timer,0.6856820583343506
Sample 29,Moirai,0.314317911863327
Sample 30,Timer,0.6183657646179199
Sample 30,Moirai,0.38163426518440247
Sample 31,TimesFM,0.7620488405227661
Sample 31,Time-MoE,0.2379511594772339
Sample 0,TimesFM,0.581328272819519
Sample 0,Moirai,0.41867169737815857
Sample 1,Timer,0.5538110733032227
Sample 1,Chronos,0.44618895649909973
Sample 2,Timer,0.5653322339057922
Sample 2,Moirai,0.4346677362918854
Sample 3,Chronos,0.6576827764511108
Sample 3,Moirai,0.34231722354888916
Sample 4,TimesFM,0.7996488809585571
Sample 4,Time-MoE,0.2003510594367981
Sample 5,Moirai,0.5093936920166016
Sample 5,Timer,0.49060624837875366
Sample 6,Moirai,0.6117495894432068
Sample 6,Timer,0.3882504105567932
Sample 7,TimesFM,0.62934410572052
Sample 7,Time-MoE,0.3706558644771576
Sample 8,Moirai,0.7633059024810791
Sample 8,TimesFM,0.2366941124200821
Sample 9,Moirai,0.5028240084648132
Sample 9,Timer,0.49717599153518677
Sample 10,Moirai,0.6578178405761719
Sample 10,Timer,0.3421821892261505
Sample 11,Chronos,0.6171252727508545
Sample 11,Timer,0.3828747272491455
Sample 12,Time-MoE,0.5005631446838379
Sample 12,Timer,0.4994368553161621
Sample 13,Chronos,0.823771595954895
Sample 13,Timer,0.1762283742427826
Sample 14,TimesFM,0.6159577369689941
Sample 14,Chronos,0.3840422034263611
Sample 15,TimesFM,0.679918110370636
Sample 15,Time-MoE,0.320081889629364
Sample 16,TimesFM,0.7012997269630432
Sample 16,Moirai,0.298700213432312
Sample 17,Timer,0.5222602486610413
Sample 17,Moirai,0.47773978114128113
Sample 18,TimesFM,0.8177448511123657
Sample 18,Time-MoE,0.18225516378879547
Sample 19,Chronos,0.5628165006637573
Sample 19,Timer,0.4371834695339203
Sample 20,Timer,0.5126816630363464
Sample 20,Chronos,0.4873183071613312
Sample 21,Timer,0.553844153881073
Sample 21,Chronos,0.4461558759212494
Sample 22,Timer,0.5024003982543945
Sample 22,Chronos,0.49759960174560547
Sample 23,TimesFM,0.782133936882019
Sample 23,Time-MoE,0.21786604821681976
Sample 24,Moirai,0.9515359997749329
Sample 24,TimesFM,0.04846399649977684
Sample 25,Chronos,0.5075168609619141
Sample 25,Timer,0.4924831688404083
Sample 26,TimesFM,0.668566107749939
Sample 26,Moirai,0.33143389225006104
Sample 27,Moirai,0.5214970707893372
Sample 27,Chronos,0.47850292921066284
Sample 28,Moirai,0.7500787973403931
Sample 28,Chronos,0.24992124736309052
Sample 29,Chronos,0.5442732572555542
Sample 29,Timer,0.4557267129421234
Sample 30,Moirai,0.827372133731842
Sample 30,TimesFM,0.17262786626815796
Sample 31,TimesFM,0.5599436163902283
Sample 31,Time-MoE,0.44005635380744934
Sample 0,Moirai,0.8482441902160645
Sample 0,Timer,0.15175586938858032
Sample 1,Timer,0.5359280109405518
Sample 1,Chronos,0.46407198905944824
Sample 2,Moirai,0.6504857540130615
Sample 2,Timer,0.3495142459869385
Sample 3,Chronos,0.6682238578796387
Sample 3,Timer,0.3317761719226837
Sample 4,Chronos,0.877781093120575
Sample 4,Time-MoE,0.12221888452768326
Sample 5,Chronos,0.5006865859031677
Sample 5,Moirai,0.49931344389915466
Sample 6,Chronos,0.6636598706245422
Sample 6,Timer,0.33634015917778015
Sample 7,TimesFM,0.7366849780082703
Sample 7,Time-MoE,0.2633150815963745
Sample 8,Moirai,0.8752009868621826
Sample 8,TimesFM,0.12479900568723679
Sample 9,Timer,0.5659428238868713
Sample 9,Chronos,0.43405723571777344
Sample 10,Timer,0.7082617282867432
Sample 10,Chronos,0.2917383015155792
Sample 11,Chronos,0.7005890607833862
Sample 11,Timer,0.29941099882125854
Sample 12,Timer,0.5256867408752441
Sample 12,TimesFM,0.47431331872940063
Sample 13,Timer,0.5420860648155212
Sample 13,Chronos,0.45791393518447876
Sample 14,Timer,0.5724155306816101
Sample 14,Moirai,0.4275844097137451
Sample 15,TimesFM,0.7693364024162292
Sample 15,Time-MoE,0.23066359758377075
Sample 0,Moirai,0.9243976473808289
Sample 0,TimesFM,0.07560239732265472
Sample 1,Timer,0.5380337238311768
Sample 1,Chronos,0.46196624636650085
Sample 2,Chronos,0.518555223941803
Sample 2,TimesFM,0.48144471645355225
Sample 3,Chronos,0.746375322341919
Sample 3,Timer,0.2536246180534363
Sample 4,Timer,0.6969645023345947
Sample 4,Chronos,0.30303552746772766
Sample 5,Timer,0.6029020547866821
Sample 5,Chronos,0.3970979154109955
Sample 6,Chronos,0.5412851572036743
Sample 6,Timer,0.45871487259864807
Sample 7,TimesFM,0.7651944756507874
Sample 7,Time-MoE,0.23480558395385742
Sample 8,Moirai,0.9608434438705444
Sample 8,TimesFM,0.03915654867887497
Sample 9,Timer,0.5511914491653442
Sample 9,Chronos,0.44880858063697815
Sample 10,Timer,0.5586739778518677
Sample 10,Moirai,0.4413260221481323
Sample 11,Chronos,0.6912452578544617
Sample 11,Timer,0.30875474214553833
Sample 12,TimesFM,0.8008589744567871
Sample 12,Time-MoE,0.19914096593856812
Sample 13,Chronos,0.5131270885467529
Sample 13,Timer,0.4868728816509247
Sample 14,Timer,0.5951900482177734
Sample 14,Chronos,0.40480995178222656
Sample 15,TimesFM,0.7968971729278564
Sample 15,Time-MoE,0.20310284197330475
Sample 16,Moirai,0.8542695045471191
Sample 16,TimesFM,0.14573046565055847
Sample 17,Timer,0.5326948165893555
Sample 17,Moirai,0.4673052430152893
Sample 18,TimesFM,0.6300089955329895
Sample 18,Chronos,0.3699910342693329
Sample 19,Chronos,0.6680673956871033
Sample 19,Timer,0.33193257451057434
Sample 20,Moirai,0.8022130131721497
Sample 20,Chronos,0.19778697192668915
Sample 21,Chronos,0.7204993367195129
Sample 21,Timer,0.27950066328048706
Sample 22,Chronos,0.7415192723274231
Sample 22,Timer,0.2584807276725769
Sample 23,TimesFM,0.5374376773834229
Sample 23,Timer,0.46256229281425476
Sample 24,Moirai,0.5603131055831909
Sample 24,TimesFM,0.4396868348121643
Sample 25,Timer,0.5377162098884583
Sample 25,Chronos,0.46228381991386414
Sample 26,Moirai,0.630958080291748
Sample 26,Timer,0.36904191970825195
Sample 27,Timer,0.5175400376319885
Sample 27,Chronos,0.4824599623680115
Sample 28,Time-MoE,0.6288629770278931
Sample 28,TimesFM,0.37113699316978455
Sample 29,Timer,0.5223335027694702
Sample 29,Moirai,0.4776665270328522
Sample 30,Moirai,0.6932201981544495
Sample 30,Timer,0.30677980184555054
Sample 31,TimesFM,0.6851247549057007
Sample 31,Time-MoE,0.3148752450942993
Sample 0,TimesFM,0.6473835110664368
Sample 0,Moirai,0.35261645913124084
Sample 1,Timer,0.5212844610214233
Sample 1,Moirai,0.47871553897857666
Sample 2,Chronos,0.6268091797828674
Sample 2,TimesFM,0.37319082021713257
Sample 3,Chronos,0.6850109100341797
Sample 3,Timer,0.3149891197681427
Sample 4,TimesFM,0.5106574296951294
Sample 4,Chronos,0.4893426299095154
Sample 5,Timer,0.5486853122711182
Sample 5,Moirai,0.45131465792655945
Sample 6,Timer,0.5696282386779785
Sample 6,Chronos,0.4303717613220215
Sample 7,TimesFM,0.7583027482032776
Sample 7,Time-MoE,0.2416972815990448
Sample 8,Moirai,0.9758899807929993
Sample 8,Chronos,0.024110019207000732
Sample 9,Timer,0.5161678194999695
Sample 9,Moirai,0.48383215069770813
Sample 10,Moirai,0.6373239159584045
Sample 10,Timer,0.36267611384391785
Sample 11,Chronos,0.5621423125267029
Sample 11,Timer,0.4378576874732971
Sample 12,Chronos,0.7211728096008301
Sample 12,Timer,0.27882716059684753
Sample 13,Moirai,0.5278272032737732
Sample 13,Timer,0.4721727669239044
Sample 14,Timer,0.5299784541130066
Sample 14,Chronos,0.4700215458869934
Sample 15,TimesFM,0.6568365693092346
Sample 15,Time-MoE,0.34316349029541016
Sample 16,Moirai,0.9437211751937866
Sample 16,Time-MoE,0.05627885088324547
Sample 17,Timer,0.5672950148582458
Sample 17,Moirai,0.4327050447463989
Sample 18,TimesFM,0.5389897227287292
Sample 18,Chronos,0.46101027727127075
Sample 19,Chronos,0.603676438331604
Sample 19,Timer,0.3963235914707184
Sample 20,Timer,0.6440653800964355
Sample 20,Moirai,0.35593461990356445
Sample 21,Timer,0.5002924799919128
Sample 21,Moirai,0.49970752000808716
Sample 22,Timer,0.580437421798706
Sample 22,Chronos,0.41956254839897156
Sample 23,TimesFM,0.7315515279769897
Sample 23,Time-MoE,0.2684484124183655
Sample 24,Moirai,0.932868480682373
Sample 24,Chronos,0.06713149696588516
Sample 25,Timer,0.5203274488449097
Sample 25,Chronos,0.4796725809574127
Sample 26,Timer,0.5426626801490784
Sample 26,Moirai,0.45733731985092163
Sample 27,Chronos,0.8601862788200378
Sample 27,Timer,0.13981375098228455
Sample 28,TimesFM,0.7463854551315308
Sample 28,Time-MoE,0.25361454486846924
Sample 29,Chronos,0.576734721660614
Sample 29,Timer,0.4232653081417084
Sample 30,Chronos,0.5017349720001221
Sample 30,Timer,0.49826502799987793
Sample 31,TimesFM,0.7394005060195923
Sample 31,Time-MoE,0.2605995237827301
Sample 0,Moirai,0.5707793235778809
Sample 0,TimesFM,0.42922070622444153
Sample 1,Moirai,0.5041025280952454
Sample 1,Timer,0.495897501707077
Sample 2,Moirai,0.6552953124046326
Sample 2,Chronos,0.3447047173976898
Sample 3,Chronos,0.6913729906082153
Sample 3,Timer,0.30862703919410706
Sample 4,TimesFM,0.553006649017334
Sample 4,Time-MoE,0.446993350982666
Sample 5,Timer,0.602568507194519
Sample 5,Chronos,0.39743146300315857
Sample 6,Chronos,0.578859806060791
Sample 6,Timer,0.42114025354385376
Sample 7,TimesFM,0.6436236500740051
Sample 7,Time-MoE,0.3563763201236725
Sample 8,Moirai,0.620030403137207
Sample 8,TimesFM,0.37996965646743774
Sample 9,Timer,0.5893844962120056
Sample 9,Chronos,0.4106155037879944
Sample 10,Timer,0.5358833074569702
Sample 10,Moirai,0.4641166627407074
Sample 11,Chronos,0.9380074143409729
Sample 11,Timer,0.061992544680833817
Sample 12,TimesFM,0.6402610540390015
Sample 12,Time-MoE,0.35973891615867615
Sample 13,Chronos,0.5337766408920288
Sample 13,Timer,0.46622341871261597
Sample 14,Timer,0.7418382167816162
Sample 14,Chronos,0.2581617832183838
Sample 15,TimesFM,0.6395493149757385
Sample 15,Time-MoE,0.3604506254196167
Sample 16,Moirai,0.8061118721961975
Sample 16,Timer,0.19388815760612488
Sample 17,Timer,0.5253264307975769
Sample 17,Chronos,0.4746735692024231
Sample 18,TimesFM,0.8167364597320557
Sample 18,Chronos,0.18326349556446075
Sample 19,Moirai,0.5602469444274902
Sample 19,Timer,0.43975308537483215
Sample 20,TimesFM,0.6961570382118225
Sample 20,Time-MoE,0.3038429915904999
Sample 21,Chronos,0.560295581817627
Sample 21,Timer,0.43970435857772827
Sample 22,Timer,0.5015974640846252
Sample 22,Moirai,0.49840253591537476
Sample 23,Timer,0.5503682494163513
Sample 23,TimesFM,0.4496317207813263
Sample 24,TimesFM,0.654480516910553
Sample 24,Time-MoE,0.34551945328712463
Sample 25,Chronos,0.5011224746704102
Sample 25,Timer,0.49887755513191223
Sample 26,TimesFM,0.5485371947288513
Sample 26,Timer,0.4514627754688263
Sample 27,Chronos,0.9433194994926453
Sample 27,Timer,0.05668056756258011
Sample 28,TimesFM,0.6678484678268433
Sample 28,Time-MoE,0.33215150237083435
Sample 29,Chronos,0.6045297384262085
Sample 29,Timer,0.3954702317714691
Sample 30,Timer,0.5088732242584229
Sample 30,Chronos,0.49112674593925476
Sample 31,TimesFM,0.7461317181587219
Sample 31,Time-MoE,0.25386831164360046
Sample 0,TimesFM,0.595104992389679
Sample 0,Moirai,0.40489500761032104
Sample 1,Timer,0.5240337252616882
Sample 1,Moirai,0.47596630454063416
Sample 2,TimesFM,0.5642192363739014
Sample 2,Timer,0.43578076362609863
Sample 3,Chronos,0.6507617831230164
Sample 3,Timer,0.34923818707466125
Sample 4,Timer,0.8056967854499817
Sample 4,Moirai,0.19430319964885712
Sample 5,Chronos,0.5374826192855835
Sample 5,TimesFM,0.4625174403190613
Sample 6,Moirai,0.7898891568183899
Sample 6,Chronos,0.21011079847812653
Sample 7,TimesFM,0.5662994384765625
Sample 7,Time-MoE,0.4337005317211151
Sample 8,Moirai,0.8101324439048767
Sample 8,TimesFM,0.1898675262928009
Sample 9,Timer,0.5779126882553101
Sample 9,Chronos,0.42208731174468994
Sample 10,Chronos,0.6958401799201965
Sample 10,TimesFM,0.30415984988212585
Sample 11,Chronos,0.7963217496871948
Sample 11,Timer,0.20367828011512756
Sample 12,TimesFM,0.730125367641449
Sample 12,Time-MoE,0.2698746621608734
Sample 13,Timer,0.5729994177818298
Sample 13,Chronos,0.4270005524158478
Sample 14,Moirai,0.5356420874595642
Sample 14,Timer,0.4643578827381134
Sample 15,TimesFM,0.6557902693748474
Sample 15,Time-MoE,0.3442097306251526
Sample 16,Moirai,0.7222908735275269
Sample 16,TimesFM,0.27770915627479553
Sample 17,Chronos,0.6204923987388611
Sample 17,Timer,0.3795076012611389
Sample 18,TimesFM,0.6583269834518433
Sample 18,Time-MoE,0.34167301654815674
Sample 19,Chronos,0.8906416296958923
Sample 19,Timer,0.10935840755701065
Sample 20,TimesFM,0.7472477555274963
Sample 20,Time-MoE,0.2527522146701813
Sample 21,Chronos,0.566005289554596
Sample 21,Timer,0.43399468064308167
Sample 22,Moirai,0.6269062757492065
Sample 22,Timer,0.3730936646461487
Sample 23,TimesFM,0.7461329102516174
Sample 23,Time-MoE,0.25386708974838257
Sample 24,TimesFM,0.6066181063652039
Sample 24,Time-MoE,0.39338189363479614
Sample 25,Chronos,0.5220549702644348
Sample 25,Timer,0.4779450595378876
Sample 26,TimesFM,0.7718217968940735
Sample 26,Time-MoE,0.2281782031059265
Sample 27,Chronos,0.6741653084754944
Sample 27,Timer,0.325834721326828
Sample 28,TimesFM,0.7869158387184143
Sample 28,Time-MoE,0.21308410167694092
Sample 29,Chronos,0.6777968406677246
Sample 29,Timer,0.3222031891345978
Sample 30,Moirai,0.5045151114463806
Sample 30,Chronos,0.4954848885536194
Sample 31,TimesFM,0.7737450003623962
Sample 31,Time-MoE,0.22625502943992615
Sample 0,Moirai,0.9329955577850342
Sample 0,TimesFM,0.06700446456670761
Sample 1,Timer,0.5420019030570984
Sample 1,Moirai,0.457998126745224
Sample 2,Timer,0.5006221532821655
Sample 2,Chronos,0.4993778467178345
Sample 3,Chronos,0.7303661704063416
Sample 3,Timer,0.26963385939598083
Sample 4,Timer,0.702702522277832
Sample 4,Moirai,0.29729753732681274
Sample 5,Timer,0.571142852306366
Sample 5,Chronos,0.42885711789131165
Sample 6,Timer,0.6321918964385986
Sample 6,Moirai,0.36780810356140137
Sample 7,TimesFM,0.7188605070114136
Sample 7,Time-MoE,0.2811394929885864
Sample 8,Moirai,0.9649795889854431
Sample 8,Time-MoE,0.0350203737616539
Sample 9,Timer,0.5746845006942749
Sample 9,Chronos,0.4253154993057251
Sample 10,TimesFM,0.6668258309364319
Sample 10,Moirai,0.3331741690635681
Sample 11,Chronos,0.579732358455658
Sample 11,TimesFM,0.42026767134666443
Sample 12,TimesFM,0.5522098541259766
Sample 12,Chronos,0.44779008626937866
Sample 13,Chronos,0.6350457668304443
Sample 13,Moirai,0.36495426297187805
Sample 14,Chronos,0.6026440858840942
Sample 14,Moirai,0.39735591411590576
Sample 15,TimesFM,0.5656673908233643
Sample 15,Timer,0.43433260917663574
Sample 16,Moirai,0.9501116275787354
Sample 16,Chronos,0.049888357520103455
Sample 17,Timer,0.5092440247535706
Sample 17,Chronos,0.49075600504875183
Sample 18,Moirai,0.5995442867279053
Sample 18,Timer,0.40045565366744995
Sample 19,Chronos,0.8647342324256897
Sample 19,Timer,0.1352657675743103
Sample 20,TimesFM,0.6654305458068848
Sample 20,Time-MoE,0.33456942439079285
Sample 21,Chronos,0.5397153496742249
Sample 21,Moirai,0.46028462052345276
Sample 22,Timer,0.5101167559623718
Sample 22,Moirai,0.4898832440376282
Sample 23,TimesFM,0.729164719581604
Sample 23,Time-MoE,0.2708352208137512
Sample 24,Moirai,0.8334437608718872
Sample 24,TimesFM,0.16655626893043518
Sample 25,Timer,0.5828168392181396
Sample 25,Chronos,0.41718316078186035
Sample 26,Moirai,0.6294751167297363
Sample 26,Timer,0.37052491307258606
Sample 27,Chronos,0.7608945369720459
Sample 27,Timer,0.23910552263259888
Sample 28,TimesFM,0.6747079491615295
Sample 28,Time-MoE,0.32529205083847046
Sample 29,Timer,0.7027891278266907
Sample 29,Moirai,0.2972109019756317
Sample 30,Timer,0.6393075585365295
Sample 30,Moirai,0.36069247126579285
Sample 31,TimesFM,0.7605154514312744
Sample 31,Time-MoE,0.2394845336675644
Sample 0,TimesFM,0.6066678762435913
Sample 0,Moirai,0.3933320641517639
Sample 1,Timer,0.5736757516860962
Sample 1,Chronos,0.4263242483139038
Sample 2,Timer,0.5672131180763245
Sample 2,Moirai,0.43278688192367554
Sample 3,Chronos,0.638789713382721
Sample 3,Moirai,0.36121034622192383
Sample 4,TimesFM,0.8148002624511719
Sample 4,Time-MoE,0.18519975244998932
Sample 5,Moirai,0.5390751957893372
Sample 5,Timer,0.46092480421066284
Sample 6,Moirai,0.6292712092399597
Sample 6,Timer,0.3707287907600403
Sample 7,TimesFM,0.618077278137207
Sample 7,Time-MoE,0.38192272186279297
Sample 8,Moirai,0.7713351845741272
Sample 8,TimesFM,0.22866478562355042
Sample 9,Moirai,0.5263247489929199
Sample 9,Timer,0.47367528080940247
Sample 10,Moirai,0.6748496890068054
Sample 10,Timer,0.3251502811908722
Sample 11,Chronos,0.6200219392776489
Sample 11,Timer,0.3799780607223511
Sample 12,Time-MoE,0.511040449142456
Sample 12,Timer,0.48895958065986633
Sample 13,Chronos,0.8326234221458435
Sample 13,Timer,0.16737650334835052
Sample 14,TimesFM,0.6519278883934021
Sample 14,Chronos,0.3480720818042755
Sample 15,TimesFM,0.6708800792694092
Sample 15,Time-MoE,0.3291199505329132
Sample 16,TimesFM,0.7250912189483643
Sample 16,Moirai,0.27490878105163574
Sample 17,Timer,0.5017797946929932
Sample 17,Moirai,0.49822020530700684
Sample 18,TimesFM,0.8177914023399353
Sample 18,Time-MoE,0.1822085678577423
Sample 19,Chronos,0.5622870326042175
Sample 19,Timer,0.43771296739578247
Sample 20,Moirai,0.5036932229995728
Sample 20,Timer,0.49630677700042725
Sample 21,Timer,0.5753942131996155
Sample 21,Chronos,0.4246057868003845
Sample 22,Timer,0.5353630781173706
Sample 22,Chronos,0.4646369218826294
Sample 23,TimesFM,0.7870963215827942
Sample 23,Time-MoE,0.2129037082195282
Sample 24,Moirai,0.9543911814689636
Sample 24,Time-MoE,0.04560886695981026
Sample 25,Moirai,0.5142669081687927
Sample 25,Timer,0.4857330918312073
Sample 26,TimesFM,0.6871976256370544
Sample 26,Moirai,0.31280237436294556
Sample 27,Moirai,0.5628235340118408
Sample 27,Chronos,0.4371764659881592
Sample 28,Moirai,0.785624623298645
Sample 28,Chronos,0.21437537670135498
Sample 29,Chronos,0.5177123546600342
Sample 29,Timer,0.4822876751422882
Sample 30,Moirai,0.8369035124778748
Sample 30,TimesFM,0.16309645771980286
Sample 31,TimesFM,0.5696118474006653
Sample 31,Time-MoE,0.43038812279701233
Sample 0,Moirai,0.8815855979919434
Sample 0,Timer,0.11841441690921783
Sample 1,Timer,0.5552108287811279
Sample 1,Chronos,0.4447891414165497
Sample 2,Moirai,0.6723326444625854
Sample 2,Timer,0.32766735553741455
Sample 3,Chronos,0.6838832497596741
Sample 3,Timer,0.3161167502403259
Sample 4,Chronos,0.8963760733604431
Sample 4,Timer,0.10362399369478226
Sample 5,Moirai,0.552908718585968
Sample 5,Chronos,0.447091281414032
Sample 6,Chronos,0.6572627425193787
Sample 6,Timer,0.3427372872829437
Sample 7,TimesFM,0.738322377204895
Sample 7,Time-MoE,0.2616775631904602
Sample 8,Moirai,0.8786461353302002
Sample 8,TimesFM,0.1213538646697998
Sample 9,Timer,0.585825502872467
Sample 9,Chronos,0.4141744375228882
Sample 10,Timer,0.7447330951690674
Sample 10,Moirai,0.25526687502861023
Sample 11,Chronos,0.7119331955909729
Sample 11,Timer,0.2880667448043823
Sample 12,TimesFM,0.5012714862823486
Sample 12,Timer,0.49872851371765137
Sample 13,Timer,0.508486270904541
Sample 13,Moirai,0.4915136992931366
Sample 14,Timer,0.5320357084274292
Sample 14,Moirai,0.4679643213748932
Sample 15,TimesFM,0.7739264369010925
Sample 15,Time-MoE,0.22607356309890747
Sample 0,Moirai,0.930417001247406
Sample 0,TimesFM,0.06958303600549698
Sample 1,Timer,0.5607543587684631
Sample 1,Chronos,0.4392456114292145
Sample 2,Chronos,0.5540727376937866
Sample 2,TimesFM,0.4459272623062134
Sample 3,Chronos,0.7407867312431335
Sample 3,Moirai,0.25921332836151123
Sample 4,Timer,0.7293052673339844
Sample 4,Chronos,0.27069470286369324
Sample 5,Timer,0.6293484568595886
Sample 5,Chronos,0.370651513338089
Sample 6,Chronos,0.5263417959213257
Sample 6,Timer,0.47365817427635193
Sample 7,TimesFM,0.7687311768531799
Sample 7,Time-MoE,0.23126886785030365
Sample 8,Moirai,0.9650042057037354
Sample 8,TimesFM,0.03499571979045868
Sample 9,Timer,0.5735716223716736
Sample 9,Chronos,0.42642831802368164
Sample 10,Timer,0.5490895509719849
Sample 10,Moirai,0.45091044902801514
Sample 11,Chronos,0.6940803527832031
Sample 11,Moirai,0.3059196472167969
Sample 12,TimesFM,0.8186362385749817
Sample 12,Time-MoE,0.18136382102966309
Sample 13,Chronos,0.5013282895088196
Sample 13,Timer,0.4986717402935028
Sample 14,Timer,0.6223855018615723
Sample 14,Moirai,0.37761449813842773
Sample 15,TimesFM,0.8043473958969116
Sample 15,Time-MoE,0.19565261900424957
Sample 16,Moirai,0.8634963631629944
Sample 16,TimesFM,0.13650362193584442
Sample 17,Moirai,0.5154902935028076
Sample 17,Timer,0.4845097064971924
Sample 18,TimesFM,0.6319556832313538
Sample 18,Chronos,0.36804431676864624
Sample 19,Chronos,0.6444137096405029
Sample 19,Moirai,0.3555862605571747
Sample 20,Moirai,0.8290428519248962
Sample 20,Chronos,0.17095711827278137
Sample 21,Chronos,0.7189791798591614
Sample 21,Moirai,0.2810208797454834
Sample 22,Chronos,0.7380710244178772
Sample 22,Timer,0.2619289755821228
Sample 23,TimesFM,0.5222054719924927
Sample 23,Timer,0.4777945280075073
Sample 24,Moirai,0.5456096529960632
Sample 24,TimesFM,0.45439034700393677
Sample 25,Timer,0.5570020079612732
Sample 25,Chronos,0.4429979920387268
Sample 26,Moirai,0.6546404957771301
Sample 26,Timer,0.3453594446182251
Sample 27,Timer,0.5045959949493408
Sample 27,Moirai,0.4954039454460144
Sample 28,Time-MoE,0.6492466330528259
Sample 28,TimesFM,0.3507533371448517
Sample 29,Moirai,0.5300520658493042
Sample 29,Timer,0.4699479043483734
Sample 30,Moirai,0.7602283954620361
Sample 30,Timer,0.23977155983448029
Sample 31,TimesFM,0.6867051124572754
Sample 31,Time-MoE,0.3132949471473694
Sample 0,TimesFM,0.6908814907073975
Sample 0,Moirai,0.30911850929260254
Sample 1,Moirai,0.5308552980422974
Sample 1,Timer,0.4691447615623474
Sample 2,Chronos,0.6126519441604614
Sample 2,TimesFM,0.3873480558395386
Sample 3,Chronos,0.693311870098114
Sample 3,Timer,0.306688129901886
Sample 4,Chronos,0.5087404251098633
Sample 4,TimesFM,0.49125951528549194
Sample 5,Moirai,0.5099846124649048
Sample 5,Timer,0.49001544713974
Sample 6,Timer,0.605675995349884
Sample 6,Chronos,0.39432400465011597
Sample 7,TimesFM,0.7613542675971985
Sample 7,Time-MoE,0.2386457473039627
Sample 8,Moirai,0.981187105178833
Sample 8,Time-MoE,0.018812965601682663
Sample 9,Moirai,0.5403108596801758
Sample 9,Timer,0.45968911051750183
Sample 10,Moirai,0.6791018843650818
Sample 10,Timer,0.3208980858325958
Sample 11,Chronos,0.584277331829071
Sample 11,Timer,0.41572266817092896
Sample 12,Chronos,0.7155910730361938
Sample 12,Timer,0.28440895676612854
Sample 13,Moirai,0.5899556875228882
Sample 13,Timer,0.41004428267478943
Sample 14,Timer,0.5582889318466187
Sample 14,Chronos,0.44171106815338135
Sample 15,TimesFM,0.6576743721961975
Sample 15,Time-MoE,0.3423255980014801
Sample 16,Moirai,0.9482508301734924
Sample 16,Time-MoE,0.05174921825528145
Sample 17,Timer,0.5201687216758728
Sample 17,Moirai,0.4798312783241272
Sample 18,TimesFM,0.5768122673034668
Sample 18,Timer,0.4231877326965332
Sample 19,Chronos,0.6033813953399658
Sample 19,Timer,0.3966185748577118
Sample 20,Timer,0.6304875612258911
Sample 20,Moirai,0.3695124685764313
Sample 21,Moirai,0.558975875377655
Sample 21,Timer,0.44102412462234497
Sample 22,Timer,0.6005286574363708
Sample 22,Moirai,0.39947131276130676
Sample 23,TimesFM,0.7363433837890625
Sample 23,Time-MoE,0.2636565864086151
Sample 24,Moirai,0.9501953721046448
Sample 24,Chronos,0.049804601818323135
Sample 25,Timer,0.5392924547195435
Sample 25,Chronos,0.46070757508277893
Sample 26,Moirai,0.5071610808372498
Sample 26,Timer,0.49283891916275024
Sample 27,Chronos,0.8757264018058777
Sample 27,Timer,0.12427360564470291
Sample 28,TimesFM,0.7583588361740112
Sample 28,Time-MoE,0.24164120852947235
Sample 29,Chronos,0.5148314237594604
Sample 29,Moirai,0.4851685166358948
Sample 30,Timer,0.5211988687515259
Sample 30,Chronos,0.47880110144615173
Sample 31,TimesFM,0.741457462310791
Sample 31,Time-MoE,0.2585425078868866
Sample 0,Moirai,0.5574959516525269
Sample 0,TimesFM,0.44250407814979553
Sample 1,Moirai,0.5656189322471619
Sample 1,Timer,0.4343810975551605
Sample 2,Moirai,0.7072576880455017
Sample 2,Chronos,0.2927422821521759
Sample 3,Chronos,0.6700286865234375
Sample 3,Moirai,0.3299712836742401
Sample 4,TimesFM,0.5492997169494629
Sample 4,Time-MoE,0.4507002830505371
Sample 5,Timer,0.5627455115318298
Sample 5,Moirai,0.43725448846817017
Sample 6,Chronos,0.5714618563652039
Sample 6,Timer,0.42853814363479614
Sample 7,TimesFM,0.64296954870224
Sample 7,Time-MoE,0.35703039169311523
Sample 8,Moirai,0.6088150143623352
Sample 8,TimesFM,0.3911849558353424
Sample 9,Timer,0.6069359183311462
Sample 9,Moirai,0.39306405186653137
Sample 10,Timer,0.5019742250442505
Sample 10,Moirai,0.4980257749557495
Sample 11,Chronos,0.9467838406562805
Sample 11,Timer,0.053216177970170975
Sample 12,TimesFM,0.6409778594970703
Sample 12,Time-MoE,0.3590221107006073
Sample 13,Chronos,0.5269581079483032
Sample 13,Moirai,0.4730418622493744
Sample 14,Timer,0.7566333413124084
Sample 14,Moirai,0.24336667358875275
Sample 15,TimesFM,0.634316086769104
Sample 15,Time-MoE,0.3656839430332184
Sample 16,Moirai,0.8450391292572021
Sample 16,Timer,0.15496090054512024
Sample 17,Timer,0.5486785769462585
Sample 17,Chronos,0.45132142305374146
Sample 18,TimesFM,0.8381426930427551
Sample 18,Timer,0.16185735166072845
Sample 19,Moirai,0.5864688754081726
Sample 19,Timer,0.4135311543941498
Sample 20,TimesFM,0.7088318467140198
Sample 20,Time-MoE,0.2911681532859802
Sample 21,Chronos,0.5554051995277405
Sample 21,Timer,0.4445948004722595
Sample 22,Moirai,0.5261759161949158
Sample 22,Timer,0.4738241136074066
Sample 23,Timer,0.5614121556282043
Sample 23,Chronos,0.43858787417411804
Sample 24,TimesFM,0.6598051190376282
Sample 24,Time-MoE,0.3401949107646942
Sample 25,Timer,0.5119072794914246
Sample 25,Chronos,0.48809272050857544
Sample 26,TimesFM,0.5935410261154175
Sample 26,Timer,0.4064589738845825
Sample 27,Chronos,0.9552295207977295
Sample 27,Timer,0.04477047175168991
Sample 28,TimesFM,0.6635764241218567
Sample 28,Time-MoE,0.3364235460758209
Sample 29,Chronos,0.608586847782135
Sample 29,Timer,0.3914131820201874
Sample 30,Timer,0.526775062084198
Sample 30,Chronos,0.4732249975204468
Sample 31,TimesFM,0.7471724152565002
Sample 31,Time-MoE,0.25282761454582214
Sample 0,TimesFM,0.6328946948051453
Sample 0,Moirai,0.36710524559020996
Sample 1,Moirai,0.533298134803772
Sample 1,Timer,0.46670183539390564
Sample 2,TimesFM,0.5521786212921143
Sample 2,Timer,0.44782134890556335
Sample 3,Chronos,0.6222854256629944
Sample 3,Moirai,0.3777145743370056
Sample 4,Timer,0.8079732060432434
Sample 4,Moirai,0.19202680885791779
Sample 5,Chronos,0.5331383347511292
Sample 5,TimesFM,0.46686166524887085
Sample 6,Moirai,0.8223153352737427
Sample 6,Chronos,0.1776847243309021
Sample 7,TimesFM,0.55790114402771
Sample 7,Time-MoE,0.44209885597229004
Sample 8,Moirai,0.7999604940414429
Sample 8,TimesFM,0.20003952085971832
Sample 9,Timer,0.5426883101463318
Sample 9,Moirai,0.4573116898536682
Sample 10,Chronos,0.7106382846832275
Sample 10,TimesFM,0.28936171531677246
Sample 11,Chronos,0.8219364881515503
Sample 11,Timer,0.1780634969472885
Sample 12,TimesFM,0.7427915930747986
Sample 12,Time-MoE,0.25720837712287903
Sample 13,Timer,0.5824165344238281
Sample 13,Chronos,0.4175834357738495
Sample 14,Moirai,0.6098829507827759
Sample 14,Timer,0.3901171088218689
Sample 15,TimesFM,0.6612630486488342
Sample 15,Time-MoE,0.3387369215488434
Sample 16,Moirai,0.6980589628219604
Sample 16,TimesFM,0.30194100737571716
Sample 17,Chronos,0.6186615824699402
Sample 17,Timer,0.3813383877277374
Sample 18,TimesFM,0.6599004864692688
Sample 18,Time-MoE,0.3400995135307312
Sample 19,Chronos,0.9098114371299744
Sample 19,Timer,0.09018855541944504
Sample 20,TimesFM,0.750778079032898
Sample 20,Time-MoE,0.24922190606594086
Sample 21,Chronos,0.5712451338768005
Sample 21,Timer,0.4287548363208771
Sample 22,Moirai,0.6437311172485352
Sample 22,Timer,0.3562689423561096
Sample 23,TimesFM,0.7484510540962219
Sample 23,Time-MoE,0.2515489161014557
Sample 24,TimesFM,0.6080191731452942
Sample 24,Time-MoE,0.3919807970523834
Sample 25,Chronos,0.525275468826294
Sample 25,Timer,0.47472456097602844
Sample 26,TimesFM,0.7793216109275818
Sample 26,Time-MoE,0.22067835927009583
Sample 27,Chronos,0.6916757822036743
Sample 27,Timer,0.3083241879940033
Sample 28,TimesFM,0.8057743906974792
Sample 28,Time-MoE,0.19422553479671478
Sample 29,Chronos,0.6922702193260193
Sample 29,Timer,0.3077297508716583
Sample 30,Moirai,0.5630854368209839
Sample 30,Chronos,0.4369145333766937
Sample 31,TimesFM,0.7833486199378967
Sample 31,Time-MoE,0.21665138006210327
Sample 0,Moirai,0.9316387176513672
Sample 0,TimesFM,0.06836128234863281
Sample 1,Moirai,0.5112861394882202
Sample 1,Timer,0.48871392011642456
Sample 2,Timer,0.512820303440094
Sample 2,Chronos,0.4871796667575836
Sample 3,Chronos,0.7175664305686951
Sample 3,Moirai,0.28243353962898254
Sample 4,Timer,0.7400830984115601
Sample 4,Moirai,0.25991693139076233
Sample 5,Timer,0.5700377225875854
Sample 5,Chronos,0.42996230721473694
Sample 6,Timer,0.5966307520866394
Sample 6,Moirai,0.403369277715683
Sample 7,TimesFM,0.7201769948005676
Sample 7,Time-MoE,0.27982303500175476
Sample 8,Moirai,0.9670635461807251
Sample 8,Time-MoE,0.03293647617101669
Sample 9,Timer,0.5642029643058777
Sample 9,Moirai,0.4357970058917999
Sample 10,TimesFM,0.7172713875770569
Sample 10,Moirai,0.2827285826206207
Sample 11,Chronos,0.6202276945114136
Sample 11,TimesFM,0.3797723352909088
Sample 12,TimesFM,0.58470219373703
Sample 12,Chronos,0.4152977764606476
Sample 13,Chronos,0.6131415367126465
Sample 13,Moirai,0.3868584632873535
Sample 14,Chronos,0.5464943051338196
Sample 14,Moirai,0.45350563526153564
Sample 15,TimesFM,0.5541881918907166
Sample 15,Timer,0.44581180810928345
Sample 16,Moirai,0.9522219896316528
Sample 16,Time-MoE,0.04777808487415314
Sample 17,Timer,0.5041954517364502
Sample 17,Chronos,0.4958046078681946
Sample 18,Moirai,0.6275734305381775
Sample 18,Timer,0.3724266290664673
Sample 19,Chronos,0.8855918645858765
Sample 19,Timer,0.11440811306238174
Sample 20,TimesFM,0.6731632351875305
Sample 20,Time-MoE,0.3268367648124695
Sample 21,Moirai,0.5186713337898254
Sample 21,Chronos,0.48132872581481934
Sample 22,Moirai,0.5396112203598022
Sample 22,Timer,0.46038874983787537
Sample 23,TimesFM,0.7352195382118225
Sample 23,Time-MoE,0.2647804021835327
Sample 24,Moirai,0.8269373774528503
Sample 24,TimesFM,0.17306263744831085
Sample 25,Timer,0.585168719291687
Sample 25,Chronos,0.4148313105106354
Sample 26,Moirai,0.6419753432273865
Sample 26,Timer,0.3580246865749359
Sample 27,Chronos,0.7870556712150574
Sample 27,Timer,0.21294435858726501
Sample 28,TimesFM,0.6817108988761902
Sample 28,Time-MoE,0.3182891309261322
Sample 29,Timer,0.6835756301879883
Sample 29,Moirai,0.31642431020736694
Sample 30,Timer,0.610387921333313
Sample 30,Moirai,0.38961201906204224
Sample 31,TimesFM,0.7660865187644958
Sample 31,Time-MoE,0.23391348123550415
Sample 0,TimesFM,0.6614741086959839
Sample 0,Moirai,0.3385259211063385
Sample 1,Timer,0.5356827974319458
Sample 1,Moirai,0.4643172025680542
Sample 2,Timer,0.5573914051055908
Sample 2,Moirai,0.4426085650920868
Sample 3,Chronos,0.6093669533729553
Sample 3,Moirai,0.3906330466270447
Sample 4,TimesFM,0.8319273591041565
Sample 4,Time-MoE,0.16807261109352112
Sample 5,Moirai,0.6015453934669495
Sample 5,Timer,0.3984546661376953
Sample 6,Moirai,0.6645633578300476
Sample 6,Timer,0.3354365825653076
Sample 7,TimesFM,0.610690712928772
Sample 7,Time-MoE,0.38930925726890564
Sample 8,Moirai,0.7598125338554382
Sample 8,TimesFM,0.24018742144107819
Sample 9,Moirai,0.5819495916366577
Sample 9,Timer,0.4180504083633423
Sample 10,Moirai,0.6968353986740112
Sample 10,Timer,0.30316466093063354
Sample 11,Chronos,0.6189372539520264
Sample 11,Moirai,0.38106271624565125
Sample 12,Time-MoE,0.5250301361083984
Sample 12,Timer,0.47496986389160156
Sample 13,Chronos,0.8459250330924988
Sample 13,Timer,0.15407493710517883
Sample 14,TimesFM,0.6959843635559082
Sample 14,Chronos,0.3040156364440918
Sample 15,TimesFM,0.667036771774292
Sample 15,Time-MoE,0.332963228225708
Sample 16,TimesFM,0.7701494693756104
Sample 16,Moirai,0.22985053062438965
Sample 17,Moirai,0.5513336658477783
Sample 17,Timer,0.4486663341522217
Sample 18,TimesFM,0.8244884610176086
Sample 18,Time-MoE,0.17551156878471375
Sample 19,Chronos,0.5304122567176819
Sample 19,Moirai,0.4695877730846405
Sample 20,Moirai,0.5796487331390381
Sample 20,Chronos,0.4203512370586395
Sample 21,Timer,0.5388103127479553
Sample 21,Moirai,0.46118971705436707
Sample 22,Timer,0.5459703803062439
Sample 22,Chronos,0.4540296494960785
Sample 23,TimesFM,0.797558069229126
Sample 23,Time-MoE,0.20244191586971283
Sample 24,Moirai,0.9563621282577515
Sample 24,Time-MoE,0.04363790526986122
Sample 25,Moirai,0.5706233978271484
Sample 25,Chronos,0.42937663197517395
Sample 26,TimesFM,0.7095252871513367
Sample 26,Moirai,0.2904747724533081
Sample 27,Moirai,0.6160958409309387
Sample 27,Chronos,0.3839041590690613
Sample 28,Moirai,0.8221704363822937
Sample 28,Time-MoE,0.17782963812351227
Sample 29,Moirai,0.5419256687164307
Sample 29,Chronos,0.45807433128356934
Sample 30,Moirai,0.8399068117141724
Sample 30,TimesFM,0.16009314358234406
Sample 31,TimesFM,0.5594416856765747
Sample 31,Time-MoE,0.4405583143234253
Sample 0,Moirai,0.910064697265625
Sample 0,Timer,0.0899352952837944
Sample 1,Timer,0.5379641056060791
Sample 1,Chronos,0.4620358943939209
Sample 2,Moirai,0.6973578333854675
Sample 2,Timer,0.30264219641685486
Sample 3,Chronos,0.7293566465377808
Sample 3,Timer,0.27064329385757446
Sample 4,Chronos,0.9099401235580444
Sample 4,Time-MoE,0.09005983173847198
Sample 5,Moirai,0.5879311561584473
Sample 5,Chronos,0.41206884384155273
Sample 6,Chronos,0.6844072341918945
Sample 6,Timer,0.31559276580810547
Sample 7,TimesFM,0.7413217425346375
Sample 7,Time-MoE,0.25867822766304016
Sample 8,Moirai,0.8694503307342529
Sample 8,TimesFM,0.13054968416690826
Sample 9,Timer,0.542193591594696
Sample 9,Moirai,0.45780640840530396
Sample 10,Timer,0.7557481527328491
Sample 10,Moirai,0.24425187706947327
Sample 11,Chronos,0.734391987323761
Sample 11,Moirai,0.2656079828739166
Sample 12,TimesFM,0.5474735498428345
Sample 12,Timer,0.4525264501571655
Sample 13,Moirai,0.5476530194282532
Sample 13,Timer,0.4523470103740692
Sample 14,Moirai,0.5311852693557739
Sample 14,Timer,0.4688147306442261
Sample 15,TimesFM,0.7839893102645874
Sample 15,Time-MoE,0.2160106897354126
Sample 0,Moirai,0.9298539757728577
Sample 0,TimesFM,0.07014603167772293
Sample 1,Timer,0.5365633964538574
Sample 1,Chronos,0.4634366035461426
Sample 2,Chronos,0.5812613368034363
Sample 2,TimesFM,0.4187386929988861
Sample 3,Chronos,0.7396566271781921
Sample 3,Moirai,0.2603433430194855
Sample 4,Timer,0.7384717464447021
Sample 4,Chronos,0.26152828335762024
Sample 5,Timer,0.5976943373680115
Sample 5,Moirai,0.40230560302734375
Sample 6,Chronos,0.5277174115180969
Sample 6,Moirai,0.4722825884819031
Sample 7,TimesFM,0.7780866026878357
Sample 7,Time-MoE,0.2219134122133255
Sample 8,Moirai,0.9656559824943542
Sample 8,TimesFM,0.03434407711029053
Sample 9,Timer,0.5494917035102844
Sample 9,Chronos,0.4505082964897156
Sample 10,Timer,0.5442740321159363
Sample 10,Moirai,0.4557259976863861
Sample 11,Chronos,0.6844893097877502
Sample 11,Moirai,0.31551069021224976
Sample 12,TimesFM,0.842450737953186
Sample 12,Time-MoE,0.15754924714565277
Sample 13,Moirai,0.5023378133773804
Sample 13,Chronos,0.4976622462272644
Sample 14,Timer,0.5669952630996704
Sample 14,Moirai,0.4330047369003296
Sample 15,TimesFM,0.8168620467185974
Sample 15,Time-MoE,0.1831379532814026
Sample 16,Moirai,0.863250195980072
Sample 16,TimesFM,0.13674978911876678
Sample 17,Moirai,0.5708276033401489
Sample 17,Timer,0.4291723966598511
Sample 18,TimesFM,0.6421054601669312
Sample 18,Chronos,0.35789451003074646
Sample 19,Chronos,0.6401039958000183
Sample 19,Moirai,0.3598959445953369
Sample 20,Moirai,0.8482826948165894
Sample 20,Chronos,0.1517173796892166
Sample 21,Chronos,0.7091687917709351
Sample 21,Moirai,0.29083120822906494
Sample 22,Chronos,0.7548696994781494
Sample 22,Timer,0.24513030052185059
Sample 23,TimesFM,0.507397472858429
Sample 23,Timer,0.49260252714157104
Sample 24,Moirai,0.5135144591331482
Sample 24,TimesFM,0.4864855408668518
Sample 25,Timer,0.5290277004241943
Sample 25,Chronos,0.47097232937812805
Sample 26,Moirai,0.675865650177002
Sample 26,Timer,0.32413429021835327
Sample 27,Moirai,0.5003749132156372
Sample 27,Chronos,0.49962514638900757
Sample 28,Time-MoE,0.6760566830635071
Sample 28,TimesFM,0.3239433467388153
Sample 29,Moirai,0.5904361009597778
Sample 29,Timer,0.40956392884254456
Sample 30,Moirai,0.8193565607070923
Sample 30,Timer,0.18064342439174652
Sample 31,TimesFM,0.6897790431976318
Sample 31,Time-MoE,0.31022095680236816
Sample 0,TimesFM,0.7397897839546204
Sample 0,Moirai,0.26021018624305725
Sample 1,Moirai,0.57440584897995
Sample 1,Timer,0.42559412121772766
Sample 2,Chronos,0.599358320236206
Sample 2,TimesFM,0.4006417393684387
Sample 3,Chronos,0.7423187494277954
Sample 3,Timer,0.2576812207698822
Sample 4,Chronos,0.5302053093910217
Sample 4,TimesFM,0.46979472041130066
Sample 5,Moirai,0.5617225766181946
Sample 5,Timer,0.4382774233818054
Sample 6,Timer,0.5958958864212036
Sample 6,Chronos,0.4041041135787964
Sample 7,TimesFM,0.7694982290267944
Sample 7,Time-MoE,0.23050177097320557
Sample 8,Moirai,0.9842473268508911
Sample 8,Time-MoE,0.01575266383588314
Sample 9,Moirai,0.5892158150672913
Sample 9,Timer,0.41078412532806396
Sample 10,Moirai,0.7099752426147461
Sample 10,Timer,0.2900247573852539
Sample 11,Chronos,0.6277931928634644
Sample 11,Timer,0.37220683693885803
Sample 12,Chronos,0.7240374684333801
Sample 12,Timer,0.27596259117126465
Sample 13,Moirai,0.6233978271484375
Sample 13,Chronos,0.3766022026538849
Sample 14,Timer,0.5383476614952087
Sample 14,Chronos,0.46165233850479126
Sample 15,TimesFM,0.6653167605400085
Sample 15,Time-MoE,0.33468326926231384
Sample 16,Moirai,0.9536075592041016
Sample 16,Time-MoE,0.04639245569705963
Sample 17,Moirai,0.5200676321983337
Sample 17,Timer,0.47993236780166626
Sample 18,TimesFM,0.6065356731414795
Sample 18,Timer,0.3934643268585205
Sample 19,Chronos,0.6154438257217407
Sample 19,Moirai,0.3845561742782593
Sample 20,Timer,0.6215422749519348
Sample 20,Moirai,0.3784577548503876
Sample 21,Moirai,0.6097995638847351
Sample 21,Timer,0.3902004063129425
Sample 22,Timer,0.5955933928489685
Sample 22,Moirai,0.4044066369533539
Sample 23,TimesFM,0.7363812923431396
Sample 23,Time-MoE,0.26361867785453796
Sample 24,Moirai,0.9552192091941833
Sample 24,Chronos,0.04478078335523605
Sample 25,Timer,0.5063601136207581
Sample 25,Chronos,0.49363985657691956
Sample 26,Moirai,0.5484805107116699
Sample 26,Timer,0.4515194892883301
Sample 27,Chronos,0.8838102221488953
Sample 27,Moirai,0.11618976294994354
Sample 28,TimesFM,0.7698740363121033
Sample 28,Time-MoE,0.2301260232925415
Sample 29,Chronos,0.5013306736946106
Sample 29,Moirai,0.49866926670074463
Sample 30,Chronos,0.5112779140472412
Sample 30,Timer,0.48872214555740356
Sample 31,TimesFM,0.7470550537109375
Sample 31,Time-MoE,0.2529449760913849
Sample 0,Moirai,0.53876131772995
Sample 0,TimesFM,0.46123868227005005
Sample 1,Moirai,0.5966094136238098
Sample 1,Chronos,0.4033905863761902
Sample 2,Moirai,0.7339897155761719
Sample 2,Chronos,0.26601022481918335
Sample 3,Chronos,0.6729315519332886
Sample 3,Moirai,0.3270684480667114
Sample 4,TimesFM,0.5514869093894958
Sample 4,Time-MoE,0.44851312041282654
Sample 5,Timer,0.5347155332565308
Sample 5,Moirai,0.46528446674346924
Sample 6,Chronos,0.6017656326293945
Sample 6,Timer,0.39823436737060547
Sample 7,TimesFM,0.6479031443595886
Sample 7,Time-MoE,0.35209688544273376
Sample 8,Moirai,0.5985839366912842
Sample 8,TimesFM,0.4014160633087158
Sample 9,Timer,0.5765572190284729
Sample 9,Moirai,0.4234427511692047
Sample 10,Moirai,0.5172054171562195
Sample 10,Timer,0.4827946126461029
Sample 11,Chronos,0.9585109353065491
Sample 11,Timer,0.041489001363515854
Sample 12,TimesFM,0.6356998085975647
Sample 12,Time-MoE,0.3643002212047577
Sample 13,Chronos,0.5208501219749451
Sample 13,Moirai,0.4791499078273773
Sample 14,Timer,0.7453786730766296
Sample 14,Moirai,0.2546212673187256
Sample 15,TimesFM,0.6275862455368042
Sample 15,Time-MoE,0.372413694858551
Sample 16,Moirai,0.8666741847991943
Sample 16,Timer,0.13332578539848328
Sample 17,Timer,0.5210578441619873
Sample 17,Chronos,0.4789421260356903
Sample 18,TimesFM,0.8543684482574463
Sample 18,Time-MoE,0.1456315964460373
Sample 19,Moirai,0.5966099500656128
Sample 19,Timer,0.4033900797367096
Sample 20,TimesFM,0.7168440222740173
Sample 20,Time-MoE,0.28315597772598267
Sample 21,Chronos,0.569855272769928
Sample 21,Moirai,0.4301447570323944
Sample 22,Moirai,0.5382648706436157
Sample 22,Timer,0.46173515915870667
Sample 23,Timer,0.5565750002861023
Sample 23,Chronos,0.4434249699115753
Sample 24,TimesFM,0.6756778955459595
Sample 24,Time-MoE,0.3243221044540405
Sample 25,Chronos,0.5283734202384949
Sample 25,Timer,0.4716265797615051
Sample 26,TimesFM,0.64315265417099
Sample 26,Timer,0.35684728622436523
Sample 27,Chronos,0.9649934768676758
Sample 27,Moirai,0.03500651195645332
Sample 28,TimesFM,0.6527931690216064
Sample 28,Time-MoE,0.34720686078071594
Sample 29,Chronos,0.6556265354156494
Sample 29,Timer,0.3443734347820282
Sample 30,Chronos,0.5078763961791992
Sample 30,Timer,0.4921236038208008
Sample 31,TimesFM,0.7458955645561218
Sample 31,Time-MoE,0.2541044056415558
Sample 0,TimesFM,0.6638563275337219
Sample 0,Moirai,0.33614370226860046
Sample 1,Moirai,0.5471624732017517
Sample 1,Chronos,0.4528374969959259
Sample 2,TimesFM,0.5394799709320068
Sample 2,Timer,0.4605199992656708
Sample 3,Chronos,0.6487001776695251
Sample 3,Moirai,0.35129985213279724
Sample 4,Timer,0.8227927088737488
Sample 4,Moirai,0.17720730602741241
Sample 5,Chronos,0.5382083058357239
Sample 5,TimesFM,0.4617917239665985
Sample 6,Moirai,0.8311824202537537
Sample 6,Chronos,0.16881756484508514
Sample 7,TimesFM,0.5531425476074219
Sample 7,Time-MoE,0.4468574523925781
Sample 8,Moirai,0.7871077656745911
Sample 8,TimesFM,0.21289221942424774
Sample 9,Timer,0.5236585140228271
Sample 9,Moirai,0.47634151577949524
Sample 10,Chronos,0.7210147976875305
Sample 10,Time-MoE,0.2789851427078247
Sample 11,Chronos,0.8530030846595764
Sample 11,Moirai,0.1469968855381012
Sample 12,TimesFM,0.7546660900115967
Sample 12,Time-MoE,0.24533389508724213
Sample 13,Timer,0.5547342300415039
Sample 13,Chronos,0.4452657699584961
Sample 14,Moirai,0.6528652310371399
Sample 14,Timer,0.3471347987651825
Sample 15,TimesFM,0.666660487651825
Sample 15,Time-MoE,0.33333954215049744
Sample 16,Moirai,0.671541154384613
Sample 16,TimesFM,0.3284588158130646
Sample 17,Chronos,0.649190366268158
Sample 17,Timer,0.35080960392951965
Sample 18,TimesFM,0.6641668677330017
Sample 18,Time-MoE,0.3358331620693207
Sample 19,Chronos,0.9194834232330322
Sample 19,Moirai,0.08051659166812897
Sample 20,TimesFM,0.7497621178627014
Sample 20,Time-MoE,0.2502378523349762
Sample 21,Chronos,0.597108006477356
Sample 21,Moirai,0.40289196372032166
Sample 22,Moirai,0.6406293511390686
Sample 22,Timer,0.3593706786632538
Sample 23,TimesFM,0.7504251003265381
Sample 23,Time-MoE,0.24957489967346191
Sample 24,TimesFM,0.617940366268158
Sample 24,Time-MoE,0.38205963373184204
Sample 25,Chronos,0.5651081800460815
Sample 25,Timer,0.43489179015159607
Sample 26,TimesFM,0.7883360385894775
Sample 26,Time-MoE,0.21166402101516724
Sample 27,Chronos,0.7357068657875061
Sample 27,Timer,0.2642930746078491
Sample 28,TimesFM,0.8238580226898193
Sample 28,Time-MoE,0.17614196240901947
Sample 29,Chronos,0.729724645614624
Sample 29,Timer,0.27027541399002075
Sample 30,Moirai,0.5504171252250671
Sample 30,Chronos,0.44958287477493286
Sample 31,TimesFM,0.7933505773544312
Sample 31,Time-MoE,0.20664940774440765
Sample 0,Moirai,0.9283568263053894
Sample 0,TimesFM,0.07164323329925537
Sample 1,Moirai,0.52065110206604
Sample 1,Timer,0.47934889793395996
Sample 2,Timer,0.5015528202056885
Sample 2,Chronos,0.4984471797943115
Sample 3,Chronos,0.748191237449646
Sample 3,Moirai,0.2518087923526764
Sample 4,Timer,0.759272038936615
Sample 4,TimesFM,0.2407279908657074
Sample 5,Timer,0.5438773036003113
Sample 5,Chronos,0.4561226963996887
Sample 6,Timer,0.6024590134620667
Sample 6,Moirai,0.39754101634025574
Sample 7,TimesFM,0.7248690128326416
Sample 7,Time-MoE,0.2751309871673584
Sample 8,Moirai,0.9697479605674744
Sample 8,Time-MoE,0.030252011492848396
Sample 9,Timer,0.5446465611457825
Sample 9,Chronos,0.45535343885421753
Sample 10,TimesFM,0.7607212066650391
Sample 10,Timer,0.23927880823612213
Sample 11,Chronos,0.6794019937515259
Sample 11,TimesFM,0.3205980360507965
Sample 12,TimesFM,0.6051585078239441
Sample 12,Chronos,0.3948414921760559
Sample 13,Chronos,0.6421517133712769
Sample 13,Moirai,0.35784822702407837
Sample 14,Chronos,0.5455694794654846
Sample 14,Moirai,0.4544305205345154
Sample 15,TimesFM,0.5459995865821838
Sample 15,Timer,0.4540003538131714
Sample 16,Moirai,0.9546642303466797
Sample 16,Chronos,0.04533572494983673
Sample 17,Chronos,0.5291897058486938
Sample 17,Timer,0.4708103537559509
Sample 18,Moirai,0.6274792551994324
Sample 18,Timer,0.37252077460289
Sample 19,Chronos,0.9074536561965942
Sample 19,Timer,0.09254626929759979
Sample 20,TimesFM,0.6738599538803101
Sample 20,Time-MoE,0.32614004611968994
Sample 21,Moirai,0.5067500472068787
Sample 21,Chronos,0.49324989318847656
Sample 22,Moirai,0.5450968742370605
Sample 22,Timer,0.45490312576293945
Sample 23,TimesFM,0.7374758720397949
Sample 23,Time-MoE,0.2625241279602051
Sample 24,Moirai,0.8202770948410034
Sample 24,TimesFM,0.1797228753566742
Sample 25,Timer,0.5576124787330627
Sample 25,Chronos,0.44238752126693726
Sample 26,Moirai,0.6419625878334045
Sample 26,Timer,0.35803741216659546
Sample 27,Chronos,0.8180345296859741
Sample 27,Moirai,0.18196545541286469
Sample 28,TimesFM,0.68755704164505
Sample 28,Time-MoE,0.31244295835494995
Sample 29,Timer,0.6897902488708496
Sample 29,Moirai,0.31020981073379517
Sample 30,Timer,0.6206461787223816
Sample 30,Moirai,0.3793538212776184
Sample 31,TimesFM,0.7751284837722778
Sample 31,Time-MoE,0.2248714566230774
Sample 0,TimesFM,0.6988421678543091
Sample 0,Moirai,0.3011578321456909
Sample 1,Timer,0.5360050201416016
Sample 1,Moirai,0.46399497985839844
Sample 2,Timer,0.5635059475898743
Sample 2,Moirai,0.43649399280548096
Sample 3,Chronos,0.6450060606002808
Sample 3,Moirai,0.354993999004364
Sample 4,TimesFM,0.8457641005516052
Sample 4,Time-MoE,0.15423588454723358
Sample 5,Moirai,0.6116969585418701
Sample 5,Timer,0.3883029818534851
Sample 6,Moirai,0.6702330112457275
Sample 6,Timer,0.32976701855659485
Sample 7,TimesFM,0.6050600409507751
Sample 7,Time-MoE,0.39493998885154724
Sample 8,Moirai,0.7468090653419495
Sample 8,TimesFM,0.2531909942626953
Sample 9,Moirai,0.5769814252853394
Sample 9,Chronos,0.42301854491233826
Sample 10,Moirai,0.6936575174331665
Sample 10,Timer,0.3063424825668335
Sample 11,Chronos,0.665594220161438
Sample 11,Moirai,0.3344057500362396
Sample 12,Time-MoE,0.5366334915161133
Sample 12,Timer,0.4633665084838867
Sample 13,Chronos,0.8619251251220703
Sample 13,Timer,0.1380748152732849
Sample 14,TimesFM,0.7297954559326172
Sample 14,Chronos,0.2702045738697052
Sample 15,TimesFM,0.665142297744751
Sample 15,Time-MoE,0.3348577618598938
Sample 16,TimesFM,0.7904331684112549
Sample 16,Time-MoE,0.20956683158874512
Sample 17,Moirai,0.5568113327026367
Sample 17,Timer,0.4431886374950409
Sample 18,TimesFM,0.83198082447052
Sample 18,Time-MoE,0.1680191457271576
Sample 19,Chronos,0.5667580366134644
Sample 19,Moirai,0.43324199318885803
Sample 20,Moirai,0.5763487219810486
Sample 20,Chronos,0.4236513078212738
Sample 21,Timer,0.5340292453765869
Sample 21,Moirai,0.46597081422805786
Sample 22,Timer,0.5268590450286865
Sample 22,Chronos,0.4731409549713135
Sample 23,TimesFM,0.8067740201950073
Sample 23,Time-MoE,0.19322599470615387
Sample 24,Moirai,0.9567549228668213
Sample 24,TimesFM,0.04324506223201752
Sample 25,Moirai,0.5481061339378357
Sample 25,Chronos,0.4518938660621643
Sample 26,TimesFM,0.7274566292762756
Sample 26,Moirai,0.272543340921402
Sample 27,Moirai,0.595794677734375
Sample 27,Chronos,0.4042053520679474
Sample 28,Moirai,0.8392035961151123
Sample 28,Time-MoE,0.1607963591814041
Sample 29,Moirai,0.5316820740699768
Sample 29,Chronos,0.4683178961277008
Sample 30,Moirai,0.8355961441993713
Sample 30,TimesFM,0.16440393030643463
Sample 31,TimesFM,0.5412681698799133
Sample 31,Time-MoE,0.45873183012008667
Sample 0,Moirai,0.9162079691886902
Sample 0,Chronos,0.08379202336072922
Sample 1,Timer,0.5094276666641235
Sample 1,Chronos,0.49057236313819885
Sample 2,Moirai,0.6913390159606934
Sample 2,TimesFM,0.3086610436439514
Sample 3,Chronos,0.7746714949607849
Sample 3,Timer,0.22532843053340912
Sample 4,Chronos,0.9161410331726074
Sample 4,Time-MoE,0.0838589146733284
Sample 5,Moirai,0.5564872622489929
Sample 5,Chronos,0.4435127377510071
Sample 6,Chronos,0.7260922789573669
Sample 6,Timer,0.27390769124031067
Sample 7,TimesFM,0.7435462474822998
Sample 7,Time-MoE,0.2564537525177002
Sample 8,Moirai,0.8603037595748901
Sample 8,TimesFM,0.13969625532627106
Sample 9,Timer,0.5365058183670044
Sample 9,Chronos,0.4634941816329956
Sample 10,Timer,0.7748545408248901
Sample 10,Moirai,0.2251453995704651
Sample 11,Chronos,0.7724782228469849
Sample 11,Moirai,0.22752180695533752
Sample 12,TimesFM,0.5844360589981079
Sample 12,Timer,0.41556400060653687
Sample 13,Moirai,0.5468748211860657
Sample 13,Timer,0.4531252086162567
Sample 14,Moirai,0.5329289436340332
Sample 14,Timer,0.4670710563659668
Sample 15,TimesFM,0.7921026349067688
Sample 15,Time-MoE,0.2078973650932312
Sample 0,Moirai,0.9280471801757812
Sample 0,TimesFM,0.07195288687944412
Sample 1,Timer,0.5093620419502258
Sample 1,Chronos,0.49063798785209656
Sample 2,Chronos,0.6015368103981018
Sample 2,TimesFM,0.3984632194042206
Sample 3,Chronos,0.7804789543151855
Sample 3,Moirai,0.21952100098133087
Sample 4,Timer,0.7317492365837097
Sample 4,Chronos,0.2682507634162903
Sample 5,Timer,0.5899485945701599
Sample 5,Chronos,0.4100514352321625
Sample 6,Chronos,0.5676246285438538
Sample 6,Moirai,0.43237537145614624
Sample 7,TimesFM,0.7850317358970642
Sample 7,Time-MoE,0.2149682492017746
Sample 8,Moirai,0.9646027684211731
Sample 8,TimesFM,0.03539719805121422
Sample 9,Timer,0.5241814851760864
Sample 9,Chronos,0.47581857442855835
Sample 10,Timer,0.5704615712165833
Sample 10,Moirai,0.42953845858573914
Sample 11,Chronos,0.7234369516372681
Sample 11,Moirai,0.27656304836273193
Sample 12,TimesFM,0.8581827878952026
Sample 12,Time-MoE,0.14181719720363617
Sample 13,Chronos,0.5387348532676697
Sample 13,Moirai,0.46126511693000793
Sample 14,Timer,0.5834800601005554
Sample 14,Moirai,0.4165199398994446
Sample 15,TimesFM,0.8264545798301697
Sample 15,Time-MoE,0.1735454797744751
Sample 16,Moirai,0.8607305884361267
Sample 16,TimesFM,0.13926942646503448
Sample 17,Moirai,0.5598055720329285
Sample 17,Timer,0.44019439816474915
Sample 18,TimesFM,0.6535282731056213
Sample 18,Chronos,0.34647175669670105
Sample 19,Chronos,0.6896216869354248
Sample 19,Moirai,0.3103782534599304
Sample 20,Moirai,0.8526971936225891
Sample 20,Chronos,0.14730286598205566
Sample 21,Chronos,0.7419794201850891
Sample 21,Moirai,0.2580205798149109
Sample 22,Chronos,0.767890989780426
Sample 22,TimesFM,0.2321089655160904
Sample 23,Timer,0.5027863383293152
Sample 23,TimesFM,0.4972136616706848
Sample 24,TimesFM,0.50632643699646
Sample 24,Moirai,0.49367353320121765
Sample 25,Timer,0.5017480850219727
Sample 25,Chronos,0.49825191497802734
Sample 26,Moirai,0.6733277440071106
Sample 26,Timer,0.326672226190567
Sample 27,Chronos,0.537457287311554
Sample 27,Moirai,0.46254265308380127
Sample 28,Time-MoE,0.7068784236907959
Sample 28,TimesFM,0.2931215465068817
Sample 29,Moirai,0.5729676485061646
Sample 29,Chronos,0.42703235149383545
Sample 30,Moirai,0.8225268125534058
Sample 30,Timer,0.17747317254543304
Sample 31,TimesFM,0.6927778124809265
Sample 31,Time-MoE,0.3072222173213959
Sample 0,TimesFM,0.7650904059410095
Sample 0,Moirai,0.23490957915782928
Sample 1,Moirai,0.5504521727561951
Sample 1,Timer,0.44954782724380493
Sample 2,Chronos,0.5960696339607239
Sample 2,TimesFM,0.4039303660392761
Sample 3,Chronos,0.776343584060669
Sample 3,Timer,0.22365638613700867
Sample 4,Chronos,0.5422703623771667
Sample 4,TimesFM,0.45772966742515564
Sample 5,Moirai,0.5377450585365295
Sample 5,Timer,0.46225491166114807
Sample 6,Timer,0.5840339660644531
Sample 6,Chronos,0.4159660339355469
Sample 7,TimesFM,0.7750513553619385
Sample 7,Time-MoE,0.22494861483573914
Sample 8,Moirai,0.9851201176643372
Sample 8,Time-MoE,0.01487993448972702
Sample 9,Moirai,0.5641269087791443
Sample 9,Chronos,0.43587303161621094
Sample 10,Moirai,0.7011116743087769
Sample 10,Timer,0.29888826608657837
Sample 11,Chronos,0.6748285889625549
Sample 11,Timer,0.32517144083976746
Sample 12,Chronos,0.734870433807373
Sample 12,Timer,0.26512953639030457
Sample 13,Moirai,0.5828236937522888
Sample 13,Chronos,0.4171762764453888
Sample 14,Timer,0.5344799757003784
Sample 14,Chronos,0.4655199646949768
Sample 15,TimesFM,0.6720474362373352
Sample 15,Time-MoE,0.3279525637626648
Sample 16,Moirai,0.9558376669883728
Sample 16,Time-MoE,0.04416239261627197
Sample 17,Timer,0.5066601634025574
Sample 17,Moirai,0.49333980679512024
Sample 18,TimesFM,0.6301401853561401
Sample 18,Timer,0.3698597848415375
Sample 19,Chronos,0.6695237159729004
Sample 19,Moirai,0.3304762840270996
Sample 20,Timer,0.6505724191665649
Sample 20,Moirai,0.34942764043807983
Sample 21,Moirai,0.5713977217674255
Sample 21,Chronos,0.42860230803489685
Sample 22,Timer,0.6010013818740845
Sample 22,Chronos,0.39899855852127075
Sample 23,TimesFM,0.7372601628303528
Sample 23,Time-MoE,0.262739896774292
Sample 24,Moirai,0.9502567648887634
Sample 24,Chronos,0.04974330961704254
Sample 25,Chronos,0.5112267732620239
Sample 25,Timer,0.4887732267379761
Sample 26,Moirai,0.5243487358093262
Sample 26,Timer,0.47565123438835144
Sample 27,Chronos,0.903982937335968
Sample 27,Moirai,0.09601712971925735
Sample 28,TimesFM,0.7767858505249023
Sample 28,Time-MoE,0.22321413457393646
Sample 29,Chronos,0.5403996706008911
Sample 29,Moirai,0.4596002995967865
Sample 30,Chronos,0.5251621603965759
Sample 30,Timer,0.47483786940574646
Sample 31,TimesFM,0.7507655620574951
Sample 31,Time-MoE,0.2492344081401825
Sample 0,Moirai,0.518467128276825
Sample 0,TimesFM,0.4815329313278198
Sample 1,Moirai,0.5509197115898132
Sample 1,Chronos,0.44908028841018677
Sample 2,Moirai,0.7292425632476807
Sample 2,Chronos,0.27075740694999695
Sample 3,Chronos,0.7118765115737915
Sample 3,Moirai,0.28812354803085327
Sample 4,TimesFM,0.5522597432136536
Sample 4,Time-MoE,0.44774025678634644
Sample 5,Timer,0.5711291432380676
Sample 5,Moirai,0.4288708567619324
Sample 6,Chronos,0.608685314655304
Sample 6,Timer,0.39131468534469604
Sample 7,TimesFM,0.6529038548469543
Sample 7,Time-MoE,0.34709617495536804
Sample 8,Moirai,0.5900542736053467
Sample 8,TimesFM,0.4099457561969757
Sample 9,Timer,0.5748808979988098
Sample 9,Chronos,0.4251191020011902
Sample 10,Timer,0.5178197622299194
Sample 10,Moirai,0.48218023777008057
Sample 11,Chronos,0.96507728099823
Sample 11,Timer,0.03492278605699539
Sample 12,TimesFM,0.632695198059082
Sample 12,Time-MoE,0.36730486154556274
Sample 13,Chronos,0.5628856420516968
Sample 13,Moirai,0.43711432814598083
Sample 14,Timer,0.7594109177589417
Sample 14,Chronos,0.24058909714221954
Sample 15,TimesFM,0.6209544539451599
Sample 15,Time-MoE,0.3790455758571625
Sample 16,Moirai,0.8576852679252625
Sample 16,Timer,0.14231468737125397
Sample 17,Timer,0.520878791809082
Sample 17,Chronos,0.47912120819091797
Sample 18,TimesFM,0.8744906187057495
Sample 18,Time-MoE,0.1255093514919281
Sample 19,Moirai,0.587001383304596
Sample 19,Timer,0.41299861669540405
Sample 20,TimesFM,0.7231515049934387
Sample 20,Time-MoE,0.2768484652042389
Sample 21,Chronos,0.6041627526283264
Sample 21,Timer,0.3958372175693512
Sample 22,Timer,0.5006999969482422
Sample 22,Moirai,0.49929994344711304
Sample 23,Timer,0.5607938766479492
Sample 23,Chronos,0.4392060935497284
Sample 24,TimesFM,0.6906298995018005
Sample 24,Time-MoE,0.30937013030052185
Sample 25,Chronos,0.5424246191978455
Sample 25,Timer,0.45757538080215454
Sample 26,TimesFM,0.6971201300621033
Sample 26,Timer,0.3028798997402191
Sample 27,Chronos,0.9708770513534546
Sample 27,Moirai,0.0291229709982872
Sample 28,TimesFM,0.6439165472984314
Sample 28,Time-MoE,0.3560834527015686
Sample 29,Chronos,0.6739466190338135
Sample 29,Timer,0.32605335116386414
Sample 30,Chronos,0.5111241340637207
Sample 30,Timer,0.4888758957386017
Sample 31,TimesFM,0.745949923992157
Sample 31,Time-MoE,0.2540501058101654
Sample 0,TimesFM,0.6886873841285706
Sample 0,Moirai,0.31131264567375183
Sample 1,Moirai,0.5114355087280273
Sample 1,Chronos,0.48856452107429504
Sample 2,TimesFM,0.5306987166404724
Sample 2,Timer,0.4693012535572052
Sample 3,Chronos,0.6884161233901978
Sample 3,Moirai,0.31158381700515747
Sample 4,Timer,0.8503525257110596
Sample 4,Moirai,0.14964748919010162
Sample 5,Chronos,0.560470700263977
Sample 5,TimesFM,0.43952929973602295
Sample 6,Moirai,0.8208284378051758
Sample 6,Chronos,0.17917156219482422
Sample 7,TimesFM,0.54512619972229
Sample 7,Time-MoE,0.4548737704753876
Sample 8,Moirai,0.768858015537262
Sample 8,TimesFM,0.23114195466041565
Sample 9,Timer,0.5626601576805115
Sample 9,Chronos,0.4373398423194885
Sample 10,Chronos,0.7255212068557739
Sample 10,Time-MoE,0.27447882294654846
Sample 11,Chronos,0.8675612807273865
Sample 11,Timer,0.13243865966796875
Sample 12,TimesFM,0.7633386850357056
Sample 12,Time-MoE,0.23666131496429443
Sample 13,Timer,0.5742654800415039
Sample 13,Chronos,0.42573457956314087
Sample 14,Moirai,0.6254687309265137
Sample 14,Timer,0.3745312988758087
Sample 15,TimesFM,0.6751921772956848
Sample 15,Time-MoE,0.3248077929019928
Sample 16,Moirai,0.6449013948440552
Sample 16,TimesFM,0.3550986349582672
Sample 17,Chronos,0.6513897776603699
Sample 17,Timer,0.34861019253730774
Sample 18,TimesFM,0.6646965742111206
Sample 18,Time-MoE,0.3353033661842346
Sample 19,Chronos,0.928074061870575
Sample 19,Moirai,0.07192597538232803
Sample 20,TimesFM,0.7487188577651978
Sample 20,Time-MoE,0.25128114223480225
Sample 21,Chronos,0.5966235399246216
Sample 21,Timer,0.4033764898777008
Sample 22,Moirai,0.6081732511520386
Sample 22,Timer,0.3918267786502838
Sample 23,TimesFM,0.7523931860923767
Sample 23,Time-MoE,0.2476067692041397
Sample 24,TimesFM,0.6250892877578735
Sample 24,Time-MoE,0.37491074204444885
Sample 25,Chronos,0.5504117608070374
Sample 25,Timer,0.44958823919296265
Sample 26,TimesFM,0.7975749969482422
Sample 26,Time-MoE,0.2024250030517578
Sample 27,Chronos,0.7308047413825989
Sample 27,Timer,0.2691952884197235
Sample 28,TimesFM,0.8371752500534058
Sample 28,Time-MoE,0.16282477974891663
Sample 29,Chronos,0.7163955569267273
Sample 29,Timer,0.2836044132709503
Sample 30,Moirai,0.515579879283905
Sample 30,Chronos,0.48442012071609497
Sample 31,TimesFM,0.80134516954422
Sample 31,Time-MoE,0.19865477085113525
Sample 0,Moirai,0.9226244688034058
Sample 0,TimesFM,0.07737548649311066
Sample 1,Timer,0.5282659530639648
Sample 1,Moirai,0.47173401713371277
Sample 2,Timer,0.5237398147583008
Sample 2,Chronos,0.4762601852416992
Sample 3,Chronos,0.7713035345077515
Sample 3,Moirai,0.22869642078876495
Sample 4,Timer,0.7658029794692993
Sample 4,TimesFM,0.23419705033302307
Sample 5,Timer,0.5810630321502686
Sample 5,Chronos,0.41893693804740906
Sample 6,Timer,0.6573290228843689
Sample 6,Moirai,0.3426710367202759
Sample 7,TimesFM,0.7248167991638184
Sample 7,Time-MoE,0.27518314123153687
Sample 8,Moirai,0.9685793519020081
Sample 8,Time-MoE,0.031420718878507614
Sample 9,Timer,0.5697460174560547
Sample 9,Chronos,0.4302539527416229
Sample 10,TimesFM,0.8144984841346741
Sample 10,Moirai,0.18550150096416473
Sample 11,Chronos,0.7301203012466431
Sample 11,Timer,0.26987966895103455
Sample 12,TimesFM,0.6083460450172424
Sample 12,Chronos,0.3916539251804352
Sample 13,Chronos,0.6654452681541443
Sample 13,Moirai,0.3345547020435333
Sample 14,Chronos,0.5522465705871582
Sample 14,Moirai,0.447753369808197
Sample 15,TimesFM,0.5487338304519653
Sample 15,Timer,0.45126622915267944
Sample 16,Moirai,0.9504560232162476
Sample 16,Chronos,0.04954398423433304
Sample 17,Chronos,0.5003303289413452
Sample 17,Timer,0.4996697008609772
Sample 18,Moirai,0.5886572003364563
Sample 18,Timer,0.4113427698612213
Sample 19,Chronos,0.9032725095748901
Sample 19,Timer,0.09672743082046509
Sample 20,TimesFM,0.6772732138633728
Sample 20,Time-MoE,0.3227267861366272
Sample 21,Chronos,0.5129509568214417
Sample 21,Moirai,0.48704901337623596
Sample 22,Timer,0.5072978138923645
Sample 22,Moirai,0.4927021861076355
Sample 23,TimesFM,0.7438148856163025
Sample 23,Time-MoE,0.2561851143836975
Sample 24,Moirai,0.8046610355377197
Sample 24,TimesFM,0.19533902406692505
Sample 25,Timer,0.5823869705200195
Sample 25,Chronos,0.4176129698753357
Sample 26,Moirai,0.627704381942749
Sample 26,Timer,0.372295618057251
Sample 27,Chronos,0.8256275057792664
Sample 27,Timer,0.17437252402305603
Sample 28,TimesFM,0.6945926547050476
Sample 28,Time-MoE,0.3054073750972748
Sample 29,Timer,0.7227502465248108
Sample 29,Moirai,0.2772497236728668
Sample 30,Timer,0.6730634570121765
Sample 30,Moirai,0.3269365727901459
Sample 31,TimesFM,0.77891606092453
Sample 31,Time-MoE,0.22108399868011475
Sample 0,TimesFM,0.7297286987304688
Sample 0,Moirai,0.2702712416648865
Sample 1,Timer,0.5795472264289856
Sample 1,Chronos,0.42045271396636963
Sample 2,Timer,0.5944904088973999
Sample 2,Moirai,0.4055095911026001
Sample 3,Chronos,0.664299726486206
Sample 3,Moirai,0.33570024371147156
Sample 4,TimesFM,0.8557290434837341
Sample 4,Time-MoE,0.14427097141742706
Sample 5,Moirai,0.5605009198188782
Sample 5,Timer,0.4394990801811218
Sample 6,Moirai,0.6481657028198242
Sample 6,Timer,0.3518342971801758
Sample 7,TimesFM,0.5974445939064026
Sample 7,Time-MoE,0.4025554060935974
Sample 8,Moirai,0.7240371108055115
Sample 8,TimesFM,0.27596285939216614
Sample 9,Moirai,0.5407734513282776
Sample 9,Timer,0.4592265188694
Sample 10,Moirai,0.6596421599388123
Sample 10,Timer,0.34035784006118774
Sample 11,Chronos,0.6778668165206909
Sample 11,Timer,0.32213321328163147
Sample 12,Time-MoE,0.5383400917053223
Sample 12,Timer,0.4616599380970001
Sample 13,Chronos,0.8567562699317932
Sample 13,Timer,0.1432436853647232
Sample 14,TimesFM,0.7569560408592224
Sample 14,Chronos,0.24304400384426117
Sample 15,TimesFM,0.6578858494758606
Sample 15,Time-MoE,0.3421141803264618
Sample 16,TimesFM,0.798816978931427
Sample 16,Time-MoE,0.2011830359697342
Sample 17,Moirai,0.5068686604499817
Sample 17,Timer,0.4931313991546631
Sample 18,TimesFM,0.8352356553077698
Sample 18,Time-MoE,0.16476435959339142
Sample 19,Chronos,0.5826642513275146
Sample 19,Moirai,0.41733571887016296
Sample 20,Moirai,0.5602176785469055
Sample 20,Timer,0.4397823214530945
Sample 21,Timer,0.5886671543121338
Sample 21,Moirai,0.4113328158855438
Sample 22,Timer,0.5728752613067627
Sample 22,Chronos,0.4271247684955597
Sample 23,TimesFM,0.8122314810752869
Sample 23,Time-MoE,0.18776850402355194
Sample 24,Moirai,0.9536914229393005
Sample 24,TimesFM,0.046308502554893494
Sample 25,Moirai,0.5393375158309937
Sample 25,Chronos,0.46066248416900635
Sample 26,TimesFM,0.7458348274230957
Sample 26,Moirai,0.2541651725769043
Sample 27,Moirai,0.5854109525680542
Sample 27,Chronos,0.414588987827301
Sample 28,Moirai,0.8436959385871887
Sample 28,Time-MoE,0.15630410611629486
Sample 29,Moirai,0.5133147835731506
Sample 29,Timer,0.48668521642684937
Sample 30,Moirai,0.8247279524803162
Sample 30,TimesFM,0.17527206242084503
Sample 31,TimesFM,0.5369983911514282
Sample 31,Time-MoE,0.4630016088485718
Sample 0,Moirai,0.9044303894042969
Sample 0,Timer,0.09556959569454193
Sample 1,Timer,0.5743932723999023
Sample 1,Chronos,0.42560669779777527
Sample 2,Moirai,0.6347808837890625
Sample 2,TimesFM,0.3652190864086151
Sample 3,Chronos,0.7479408383369446
Sample 3,Timer,0.2520591914653778
Sample 4,Chronos,0.9184918403625488
Sample 4,Timer,0.08150819689035416
Sample 5,Moirai,0.5483599901199341
Sample 5,Chronos,0.45163998007774353
Sample 6,Chronos,0.6913284063339233
Sample 6,Timer,0.3086715638637543
Sample 7,TimesFM,0.7442142367362976
Sample 7,Time-MoE,0.2557857930660248
Sample 8,Moirai,0.8473710417747498
Sample 8,TimesFM,0.15262900292873383
Sample 9,Timer,0.5934237837791443
Sample 9,Chronos,0.40657615661621094
Sample 10,Timer,0.8055984377861023
Sample 10,Chronos,0.1944016069173813
Sample 11,Chronos,0.7672696113586426
Sample 11,Timer,0.23273034393787384
Sample 12,TimesFM,0.6141163110733032
Sample 12,Timer,0.38588371872901917
Sample 13,Timer,0.5154092311859131
Sample 13,Moirai,0.4845907986164093
Sample 14,Timer,0.5298716425895691
Sample 14,Moirai,0.4701283872127533
Sample 15,TimesFM,0.7966691255569458
Sample 15,Time-MoE,0.203330859541893
Sample 0,Moirai,0.9248658418655396
Sample 0,TimesFM,0.07513417303562164
Sample 1,Timer,0.5789456963539124
Sample 1,Chronos,0.42105427384376526
Sample 2,Chronos,0.6111977100372314
Sample 2,TimesFM,0.38880231976509094
Sample 3,Chronos,0.7836772203445435
Sample 3,Moirai,0.21632272005081177
Sample 4,Timer,0.7530258893966675
Sample 4,Chronos,0.2469741553068161
Sample 5,Timer,0.6557952165603638
Sample 5,Chronos,0.34420475363731384
Sample 6,Chronos,0.5236184597015381
Sample 6,Timer,0.4763815402984619
Sample 7,TimesFM,0.7877736687660217
Sample 7,Time-MoE,0.21222634613513947
Sample 8,Moirai,0.9624073505401611
Sample 8,TimesFM,0.037592701613903046
Sample 9,Timer,0.5965338349342346
Sample 9,Chronos,0.4034661650657654
Sample 10,Timer,0.6218187808990479
Sample 10,Moirai,0.3781811594963074
Sample 11,Chronos,0.7240667939186096
Sample 11,Moirai,0.27593323588371277
Sample 12,TimesFM,0.865472674369812
Sample 12,Time-MoE,0.134527325630188
Sample 13,Timer,0.501259446144104
Sample 13,Chronos,0.498740553855896
Sample 14,Timer,0.6501027941703796
Sample 14,Moirai,0.3498971462249756
Sample 15,TimesFM,0.8322418332099915
Sample 15,Time-MoE,0.16775822639465332
Sample 16,Moirai,0.8542688488960266
Sample 16,TimesFM,0.14573121070861816
Sample 17,Timer,0.5023932456970215
Sample 17,Moirai,0.49760669469833374
Sample 18,TimesFM,0.6545661091804504
Sample 18,Chronos,0.34543392062187195
Sample 19,Chronos,0.689771294593811
Sample 19,Moirai,0.31022873520851135
Sample 20,Moirai,0.8388931751251221
Sample 20,Chronos,0.16110682487487793
Sample 21,Chronos,0.7450058460235596
Sample 21,Moirai,0.2549941837787628
Sample 22,Chronos,0.7488245368003845
Sample 22,TimesFM,0.25117549300193787
Sample 23,Timer,0.5094384551048279
Sample 23,TimesFM,0.49056151509284973
Sample 24,TimesFM,0.5262330174446106
Sample 24,Moirai,0.4737669825553894
Sample 25,Timer,0.5745416283607483
Sample 25,Chronos,0.4254583418369293
Sample 26,Moirai,0.6487274765968323
Sample 26,Timer,0.3512725532054901
Sample 27,Chronos,0.5412107706069946
Sample 27,Timer,0.45878922939300537
Sample 28,Time-MoE,0.7381054759025574
Sample 28,TimesFM,0.2618945240974426
Sample 29,Moirai,0.5116560459136963
Sample 29,Timer,0.4883439838886261
Sample 30,Moirai,0.7857680320739746
Sample 30,Timer,0.2142319232225418
Sample 31,TimesFM,0.6969183087348938
Sample 31,Time-MoE,0.3030816912651062
Sample 0,TimesFM,0.7825480103492737
Sample 0,Moirai,0.21745193004608154
Sample 1,Timer,0.5061132311820984
Sample 1,Moirai,0.4938867390155792
Sample 2,Chronos,0.586517333984375
Sample 2,TimesFM,0.413482666015625
Sample 3,Chronos,0.7355436682701111
Sample 3,Timer,0.26445627212524414
Sample 4,Chronos,0.538705587387085
Sample 4,Time-MoE,0.46129438281059265
Sample 5,Timer,0.5234598517417908
Sample 5,Moirai,0.47654014825820923
Sample 6,Timer,0.6490262150764465
Sample 6,Chronos,0.35097378492355347
Sample 7,TimesFM,0.7770081758499146
Sample 7,Time-MoE,0.22299189865589142
Sample 8,Moirai,0.9849696159362793
Sample 8,Time-MoE,0.015030383132398129
Sample 9,Moirai,0.515990674495697
Sample 9,Timer,0.4840092957019806
Sample 10,Moirai,0.6732330918312073
Sample 10,Timer,0.3267669379711151
Sample 11,Chronos,0.6831647753715515
Sample 11,Timer,0.3168352544307709
Sample 12,Chronos,0.7281147241592407
Sample 12,Timer,0.2718852460384369
Sample 13,Moirai,0.5736628174781799
Sample 13,Timer,0.42633721232414246
Sample 14,Timer,0.621319055557251
Sample 14,Chronos,0.378680944442749
Sample 15,TimesFM,0.6786251664161682
Sample 15,Time-MoE,0.3213748335838318
Sample 16,Moirai,0.9546822905540466
Sample 16,Time-MoE,0.04531773552298546
Sample 17,Timer,0.5647323727607727
Sample 17,Moirai,0.4352675974369049
Sample 18,TimesFM,0.651454746723175
Sample 18,Timer,0.3485453128814697
Sample 19,Chronos,0.6277006268501282
Sample 19,Timer,0.3722993731498718
Sample 20,Timer,0.6924247145652771
Sample 20,Moirai,0.3075753152370453
Sample 21,Moirai,0.5330747961997986
Sample 21,Timer,0.46692517399787903
Sample 22,Timer,0.652918815612793
Sample 22,Chronos,0.3470812141895294
Sample 23,TimesFM,0.7387754917144775
Sample 23,Time-MoE,0.26122453808784485
Sample 24,Moirai,0.9514617323875427
Sample 24,Chronos,0.048538289964199066
Sample 25,Timer,0.5744857788085938
Sample 25,Chronos,0.42551425099372864
Sample 26,Timer,0.5336081981658936
Sample 26,Moirai,0.46639183163642883
Sample 27,Chronos,0.9023820757865906
Sample 27,Moirai,0.09761787950992584
Sample 28,TimesFM,0.7807322144508362
Sample 28,Time-MoE,0.21926778554916382
Sample 29,Chronos,0.5191031694412231
Sample 29,Moirai,0.4808967709541321
Sample 30,Timer,0.568137526512146
Sample 30,Chronos,0.431862473487854
Sample 31,TimesFM,0.7511869072914124
Sample 31,Time-MoE,0.24881307780742645
Sample 0,TimesFM,0.5010843873023987
Sample 0,Moirai,0.4989156126976013
Sample 1,Moirai,0.5270729660987854
Sample 1,Timer,0.4729270339012146
Sample 2,Moirai,0.7395385503768921
Sample 2,Chronos,0.2604614794254303
Sample 3,Chronos,0.6879252195358276
Sample 3,Moirai,0.31207481026649475
Sample 4,TimesFM,0.5515777468681335
Sample 4,Time-MoE,0.44842225313186646
Sample 5,Timer,0.6196945905685425
Sample 5,Moirai,0.3803054094314575
Sample 6,Chronos,0.5410038232803345
Sample 6,Timer,0.4589962363243103
Sample 7,TimesFM,0.6544778943061829
Sample 7,Time-MoE,0.34552210569381714
Sample 8,Moirai,0.5825413465499878
Sample 8,TimesFM,0.4174586534500122
Sample 9,Timer,0.6630077958106995
Sample 9,Chronos,0.33699220418930054
Sample 10,Timer,0.5585100650787354
Sample 10,Moirai,0.4414898753166199
Sample 11,Chronos,0.965315580368042
Sample 11,Timer,0.0346844308078289
Sample 12,TimesFM,0.6281630992889404
Sample 12,Time-MoE,0.3718368709087372
Sample 13,Timer,0.5099021196365356
Sample 13,Chronos,0.49009785056114197
Sample 14,Timer,0.8292641639709473
Sample 14,Moirai,0.17073583602905273
Sample 15,TimesFM,0.6141507625579834
Sample 15,Time-MoE,0.385849267244339
Sample 16,Moirai,0.8438299298286438
Sample 16,Timer,0.1561700850725174
Sample 17,Timer,0.6109946966171265
Sample 17,Chronos,0.38900527358055115
Sample 18,TimesFM,0.892724871635437
Sample 18,Time-MoE,0.10727512091398239
Sample 19,Moirai,0.5754486322402954
Sample 19,Timer,0.4245513677597046
Sample 20,TimesFM,0.7211927771568298
Sample 20,Chronos,0.27880722284317017
Sample 21,Chronos,0.5303590297698975
Sample 21,Timer,0.46964094042778015
Sample 22,Timer,0.5434642434120178
Sample 22,Moirai,0.4565357565879822
Sample 23,Timer,0.576545774936676
Sample 23,Chronos,0.423454225063324
Sample 24,TimesFM,0.694381833076477
Sample 24,Time-MoE,0.30561816692352295
Sample 25,Timer,0.5408385992050171
Sample 25,Chronos,0.4591613709926605
Sample 26,TimesFM,0.7404805421829224
Sample 26,Timer,0.25951945781707764
Sample 27,Chronos,0.9715198874473572
Sample 27,Moirai,0.028480125591158867
Sample 28,TimesFM,0.6357899904251099
Sample 28,Time-MoE,0.3642100393772125
Sample 29,Chronos,0.613370954990387
Sample 29,Timer,0.3866291046142578
Sample 30,Timer,0.5841584205627441
Sample 30,Chronos,0.41584157943725586
Sample 31,TimesFM,0.7456436157226562
Sample 31,Time-MoE,0.25435635447502136
Sample 0,TimesFM,0.7024380564689636
Sample 0,Moirai,0.29756197333335876
Sample 1,Timer,0.5247629284858704
Sample 1,Moirai,0.4752371311187744
Sample 2,TimesFM,0.5311344861984253
Sample 2,Timer,0.4688655138015747
Sample 3,Chronos,0.6684982180595398
Sample 3,Moirai,0.3315017819404602
Sample 4,Timer,0.8678197860717773
Sample 4,Moirai,0.13218016922473907
Sample 5,Chronos,0.5780537724494934
Sample 5,TimesFM,0.4219461679458618
Sample 6,Moirai,0.8200850486755371
Sample 6,Chronos,0.17991499602794647
Sample 7,TimesFM,0.5353684425354004
Sample 7,Time-MoE,0.464631587266922
Sample 8,Moirai,0.7613598704338074
Sample 8,TimesFM,0.2386401742696762
Sample 9,Timer,0.6135181784629822
Sample 9,Moirai,0.38648179173469543
Sample 10,Chronos,0.7326195240020752
Sample 10,Time-MoE,0.2673804759979248
Sample 11,Chronos,0.8430987000465393
Sample 11,Timer,0.15690122544765472
Sample 12,TimesFM,0.7664222717285156
Sample 12,Time-MoE,0.23357772827148438
Sample 13,Timer,0.6464064121246338
Sample 13,Chronos,0.3535935878753662
Sample 14,Moirai,0.5865312218666077
Sample 14,Timer,0.4134688079357147
Sample 15,TimesFM,0.6728413105010986
Sample 15,Time-MoE,0.327158659696579
Sample 16,Moirai,0.6330651640892029
Sample 16,TimesFM,0.3669348359107971
Sample 17,Chronos,0.6120547652244568
Sample 17,Timer,0.3879452645778656
Sample 18,TimesFM,0.6627240180969238
Sample 18,Time-MoE,0.33727601170539856
Sample 19,Chronos,0.928618848323822
Sample 19,Moirai,0.0713810995221138
Sample 20,TimesFM,0.7473817467689514
Sample 20,Time-MoE,0.25261828303337097
Sample 21,Chronos,0.5251141786575317
Sample 21,Timer,0.47488582134246826
Sample 22,Moirai,0.5888589024543762
Sample 22,Timer,0.4111410677433014
Sample 23,TimesFM,0.7523120641708374
Sample 23,Time-MoE,0.24768796563148499
Sample 24,TimesFM,0.6167284250259399
Sample 24,Time-MoE,0.38327160477638245
Sample 25,Timer,0.5257634520530701
Sample 25,Chronos,0.47423654794692993
Sample 26,TimesFM,0.8050282001495361
Sample 26,Time-MoE,0.19497182965278625
Sample 27,Chronos,0.6755422353744507
Sample 27,Timer,0.3244577944278717
Sample 28,TimesFM,0.8459380865097046
Sample 28,Time-MoE,0.154061958193779
Sample 29,Chronos,0.658539891242981
Sample 29,Timer,0.34146013855934143
Sample 30,Moirai,0.5165359377861023
Sample 30,Timer,0.4834640324115753
Sample 31,TimesFM,0.8055445551872253
Sample 31,Time-MoE,0.19445544481277466
Sample 0,Moirai,0.9237383008003235
Sample 0,TimesFM,0.07626163214445114
Sample 1,Timer,0.5623335838317871
Sample 1,Moirai,0.4376664459705353
Sample 2,Timer,0.5625452995300293
Sample 2,Chronos,0.4374547004699707
Sample 3,Chronos,0.761329710483551
Sample 3,Moirai,0.23867027461528778
Sample 4,Timer,0.7634804844856262
Sample 4,TimesFM,0.23651951551437378
Sample 5,Timer,0.6458194255828857
Sample 5,Chronos,0.35418060421943665
Sample 6,Timer,0.6946776509284973
Sample 6,Moirai,0.3053223490715027
Sample 7,TimesFM,0.7207716703414917
Sample 7,Time-MoE,0.2792283296585083
Sample 8,Moirai,0.9685745239257812
Sample 8,Time-MoE,0.031425464898347855
Sample 9,Timer,0.6253922581672668
Sample 9,Chronos,0.3746076822280884
Sample 10,TimesFM,0.8441509008407593
Sample 10,Moirai,0.15584902465343475
Sample 11,Chronos,0.7509597539901733
Sample 11,Timer,0.24904021620750427
Sample 12,TimesFM,0.611343264579773
Sample 12,Chronos,0.38865670561790466
Sample 13,Chronos,0.6493375301361084
Sample 13,Moirai,0.3506624400615692
Sample 14,Chronos,0.5318054556846619
Sample 14,Moirai,0.4681945741176605
Sample 15,TimesFM,0.5540804862976074
Sample 15,Timer,0.4459194839000702
Sample 16,Moirai,0.9527508020401001
Sample 16,Chronos,0.047249190509319305
Sample 17,Timer,0.5613071322441101
Sample 17,Chronos,0.4386928379535675
Sample 18,Moirai,0.5683363676071167
Sample 18,Timer,0.4316636323928833
Sample 19,Chronos,0.8894520401954651
Sample 19,Timer,0.11054796725511551
Sample 20,TimesFM,0.6760862469673157
Sample 20,Time-MoE,0.3239137530326843
Sample 21,Moirai,0.5079439878463745
Sample 21,Chronos,0.4920560121536255
Sample 22,Timer,0.5446577072143555
Sample 22,Moirai,0.4553423225879669
Sample 23,TimesFM,0.7490970492362976
Sample 23,Time-MoE,0.2509029805660248
Sample 24,Moirai,0.8016202449798584
Sample 24,TimesFM,0.198379784822464
Sample 25,Timer,0.636865496635437
Sample 25,Chronos,0.363134503364563
Sample 26,Moirai,0.6226738691329956
Sample 26,Timer,0.3773261308670044
Sample 27,Chronos,0.8040133118629456
Sample 27,Timer,0.19598664343357086
Sample 28,TimesFM,0.699639618396759
Sample 28,Time-MoE,0.30036038160324097
Sample 29,Timer,0.7503745555877686
Sample 29,Moirai,0.24962548911571503
Sample 30,Timer,0.7079900503158569
Sample 30,Moirai,0.29200997948646545
Sample 31,TimesFM,0.7791994214057922
Sample 31,Time-MoE,0.22080053389072418
Sample 0,TimesFM,0.7444274425506592
Sample 0,Moirai,0.2555725872516632
Sample 1,Timer,0.612126350402832
Sample 1,Moirai,0.38787367939949036
Sample 2,Timer,0.6147595643997192
Sample 2,Moirai,0.3852404057979584
Sample 3,Chronos,0.6543201208114624
Sample 3,Moirai,0.34567990899086
Sample 4,TimesFM,0.8623955845832825
Sample 4,Time-MoE,0.13760444521903992
Sample 5,Moirai,0.5353338718414307
Sample 5,Timer,0.46466609835624695
Sample 6,Moirai,0.6475054621696472
Sample 6,Timer,0.3524945378303528
Sample 7,TimesFM,0.5880162715911865
Sample 7,Time-MoE,0.41198378801345825
Sample 8,Moirai,0.717294454574585
Sample 8,TimesFM,0.28270551562309265
Sample 9,Moirai,0.5205894112586975
Sample 9,Timer,0.4794105887413025
Sample 10,Moirai,0.646750807762146
Sample 10,Timer,0.353249192237854
Sample 11,Chronos,0.6590973138809204
Sample 11,Timer,0.34090274572372437
Sample 12,Time-MoE,0.5365523099899292
Sample 12,Timer,0.4634477198123932
Sample 13,Chronos,0.8509020805358887
Sample 13,Timer,0.14909794926643372
Sample 14,TimesFM,0.7829827666282654
Sample 14,Chronos,0.21701718866825104
Sample 15,TimesFM,0.6482667922973633
Sample 15,Time-MoE,0.3517332077026367
Sample 16,TimesFM,0.8005810976028442
Sample 16,Time-MoE,0.19941888749599457
Sample 17,Timer,0.5133233666419983
Sample 17,Moirai,0.4866766333580017
Sample 18,TimesFM,0.8370028138160706
Sample 18,Time-MoE,0.16299714148044586
Sample 19,Chronos,0.5666093826293945
Sample 19,Timer,0.4333905875682831
Sample 20,Moirai,0.5278789401054382
Sample 20,Timer,0.4721210300922394
Sample 21,Timer,0.61396324634552
Sample 21,Moirai,0.38603675365448
Sample 22,Timer,0.6210119128227234
Sample 22,Chronos,0.378988116979599
Sample 23,TimesFM,0.814429521560669
Sample 23,Time-MoE,0.18557040393352509
Sample 24,Moirai,0.9554489850997925
Sample 24,Time-MoE,0.04455103352665901
Sample 25,Moirai,0.517101526260376
Sample 25,Timer,0.48289844393730164
Sample 26,TimesFM,0.7595452070236206
Sample 26,Moirai,0.2404547780752182
Sample 27,Moirai,0.6039603352546692
Sample 27,Chronos,0.3960396349430084
Sample 28,Moirai,0.8449737429618835
Sample 28,Time-MoE,0.15502621233463287
Sample 29,Timer,0.5144680142402649
Sample 29,Moirai,0.4855319559574127
Sample 30,Moirai,0.8215958476066589
Sample 30,TimesFM,0.17840415239334106
Sample 31,TimesFM,0.5378962159156799
Sample 31,Time-MoE,0.4621037542819977
Sample 0,Moirai,0.9096622467041016
Sample 0,Timer,0.09033773839473724
Sample 1,Timer,0.611177384853363
Sample 1,Chronos,0.38882261514663696
Sample 2,Moirai,0.5825991630554199
Sample 2,TimesFM,0.4174007773399353
Sample 3,Chronos,0.7360018491744995
Sample 3,Timer,0.26399821043014526
Sample 4,Chronos,0.9197314977645874
Sample 4,Timer,0.08026851713657379
Sample 5,Moirai,0.5636459589004517
Sample 5,Timer,0.43635404109954834
Sample 6,Chronos,0.673515260219574
Sample 6,Timer,0.3264847695827484
Sample 7,TimesFM,0.7442913055419922
Sample 7,Time-MoE,0.2557086646556854
Sample 8,Moirai,0.8471943140029907
Sample 8,TimesFM,0.15280571579933167
Sample 9,Timer,0.6214011311531067
Sample 9,Moirai,0.3785988390445709
Sample 10,Timer,0.8255071640014648
Sample 10,TimesFM,0.17449288070201874
Sample 11,Chronos,0.7571471333503723
Sample 11,Timer,0.24285288155078888
Sample 12,TimesFM,0.6567837595939636
Sample 12,Timer,0.34321627020835876
Sample 13,Timer,0.5261150598526001
Sample 13,Moirai,0.4738849401473999
Sample 14,Timer,0.5492962002754211
Sample 14,Moirai,0.45070382952690125
Sample 15,TimesFM,0.8005231022834778
Sample 15,Time-MoE,0.19947689771652222
Sample 0,Moirai,0.9276059865951538
Sample 0,TimesFM,0.07239406555891037
Sample 1,Timer,0.5875409841537476
Sample 1,Chronos,0.4124590754508972
Sample 2,Chronos,0.6187139749526978
Sample 2,TimesFM,0.38128599524497986
Sample 3,Chronos,0.7827514410018921
Sample 3,Moirai,0.2172485888004303
Sample 4,Timer,0.7471138834953308
Sample 4,Chronos,0.2528861463069916
Sample 5,Timer,0.664526641368866
Sample 5,Chronos,0.33547332882881165
Sample 6,Chronos,0.5085785984992981
Sample 6,Timer,0.4914214611053467
Sample 7,TimesFM,0.7896517515182495
Sample 7,Time-MoE,0.21034826338291168
Sample 8,Moirai,0.9641246199607849
Sample 8,TimesFM,0.03587540239095688
Sample 9,Timer,0.6081410646438599
Sample 9,Chronos,0.39185893535614014
Sample 10,Timer,0.6418347954750061
Sample 10,Moirai,0.3581652045249939
Sample 11,Chronos,0.7196682095527649
Sample 11,Moirai,0.2803317904472351
Sample 12,TimesFM,0.8705279231071472
Sample 12,Time-MoE,0.12947209179401398
Sample 13,Timer,0.5085080862045288
Sample 13,Chronos,0.4914918839931488
Sample 14,Timer,0.6679316759109497
Sample 14,Moirai,0.3320683240890503
Sample 15,TimesFM,0.8370383381843567
Sample 15,Time-MoE,0.1629616767168045
Sample 16,Moirai,0.8566910028457642
Sample 16,TimesFM,0.14330896735191345
Sample 17,Moirai,0.5051529407501221
Sample 17,Timer,0.49484702944755554
Sample 18,TimesFM,0.6606835126876831
Sample 18,Chronos,0.3393164873123169
Sample 19,Chronos,0.6855660676956177
Sample 19,Moirai,0.31443387269973755
Sample 20,Moirai,0.8349952101707458
Sample 20,Chronos,0.16500480473041534
Sample 21,Chronos,0.743767499923706
Sample 21,Moirai,0.25623250007629395
Sample 22,Chronos,0.7351909875869751
Sample 22,TimesFM,0.2648090124130249
Sample 23,Timer,0.5199088454246521
Sample 23,TimesFM,0.4800911247730255
Sample 24,TimesFM,0.5361752510070801
Sample 24,Moirai,0.4638247489929199
Sample 25,Timer,0.5860945582389832
Sample 25,Chronos,0.41390544176101685
Sample 26,Moirai,0.6711439490318298
Sample 26,Timer,0.32885611057281494
Sample 27,Chronos,0.5541611909866333
Sample 27,Timer,0.4458388090133667
Sample 28,Time-MoE,0.7706985473632812
Sample 28,TimesFM,0.22930149734020233
Sample 29,Moirai,0.5126116871833801
Sample 29,Timer,0.48738837242126465
Sample 30,Moirai,0.7847235798835754
Sample 30,Timer,0.21527639031410217
Sample 31,TimesFM,0.7024142146110535
Sample 31,Time-MoE,0.29758575558662415
Sample 0,TimesFM,0.793319046497345
Sample 0,Moirai,0.20668092370033264
Sample 1,Moirai,0.5202890634536743
Sample 1,Timer,0.4797109365463257
Sample 2,Chronos,0.5776743292808533
Sample 2,TimesFM,0.42232564091682434
Sample 3,Chronos,0.7552394866943359
Sample 3,Timer,0.24476052820682526
Sample 4,Chronos,0.5356865525245667
Sample 4,Time-MoE,0.46431341767311096
Sample 5,Timer,0.5006374716758728
Sample 5,Moirai,0.4993625283241272
Sample 6,Timer,0.6512574553489685
Sample 6,Chronos,0.3487425446510315
Sample 7,TimesFM,0.7788127660751343
Sample 7,Time-MoE,0.22118720412254333
Sample 8,Moirai,0.9860355854034424
Sample 8,Time-MoE,0.013964474201202393
Sample 9,Moirai,0.5425893068313599
Sample 9,Timer,0.45741069316864014
Sample 10,Moirai,0.6932482719421387
Sample 10,Timer,0.3067517578601837
Sample 11,Chronos,0.6944320797920227
Sample 11,TimesFM,0.3055679500102997
Sample 12,Chronos,0.7330603003501892
Sample 12,Timer,0.2669396996498108
Sample 13,Moirai,0.602246105670929
Sample 13,Timer,0.39775392413139343
Sample 14,Timer,0.6376672983169556
Sample 14,Chronos,0.36233264207839966
Sample 15,TimesFM,0.6882384419441223
Sample 15,Time-MoE,0.3117615878582001
Sample 16,Moirai,0.9558987617492676
Sample 16,Time-MoE,0.04410120099782944
Sample 17,Timer,0.5412337779998779
Sample 17,Moirai,0.45876622200012207
Sample 18,TimesFM,0.6775073409080505
Sample 18,Timer,0.3224926292896271
Sample 19,Chronos,0.6478355526924133
Sample 19,Timer,0.35216444730758667
Sample 20,Timer,0.673753559589386
Sample 20,Moirai,0.32624638080596924
Sample 21,Moirai,0.5595253109931946
Sample 21,Timer,0.44047465920448303
Sample 22,Timer,0.6546979546546936
Sample 22,Chronos,0.345302015542984
Sample 23,TimesFM,0.7375555634498596
Sample 23,Time-MoE,0.26244446635246277
Sample 24,Moirai,0.9549058079719543
Sample 24,Chronos,0.04509417712688446
Sample 25,Timer,0.5705754160881042
Sample 25,Chronos,0.42942461371421814
Sample 26,Timer,0.5262357592582703
Sample 26,Moirai,0.4737642705440521
Sample 27,Chronos,0.9045675992965698
Sample 27,Moirai,0.09543240815401077
Sample 28,TimesFM,0.780716598033905
Sample 28,Time-MoE,0.2192833572626114
Sample 29,Chronos,0.5071267485618591
Sample 29,Moirai,0.49287325143814087
Sample 30,Timer,0.571038544178009
Sample 30,Chronos,0.4289614260196686
Sample 31,TimesFM,0.7511103749275208
Sample 31,Time-MoE,0.24888963997364044
Sample 0,TimesFM,0.516901969909668
Sample 0,Moirai,0.48309797048568726
Sample 1,Moirai,0.5675869584083557
Sample 1,Timer,0.4324130117893219
Sample 2,Moirai,0.7451664209365845
Sample 2,Chronos,0.2548335790634155
Sample 3,Chronos,0.6890047192573547
Sample 3,Moirai,0.31099528074264526
Sample 4,TimesFM,0.5535749197006226
Sample 4,Time-MoE,0.44642508029937744
Sample 5,Timer,0.6054211854934692
Sample 5,Moirai,0.39457887411117554
Sample 6,Chronos,0.544017493724823
Sample 6,Timer,0.455982506275177
Sample 7,TimesFM,0.6584587097167969
Sample 7,Time-MoE,0.3415412902832031
Sample 8,Moirai,0.5748786330223083
Sample 8,TimesFM,0.42512133717536926
Sample 9,Timer,0.6397883296012878
Sample 9,Moirai,0.36021170020103455
Sample 10,Timer,0.5287799835205078
Sample 10,Moirai,0.4712200164794922
Sample 11,Chronos,0.9693915843963623
Sample 11,Timer,0.03060835413634777
Sample 12,TimesFM,0.6202677488327026
Sample 12,Time-MoE,0.3797321915626526
Sample 13,Chronos,0.5153398513793945
Sample 13,Timer,0.48466017842292786
Sample 14,Timer,0.8237303495407104
Sample 14,Moirai,0.17626960575580597
Sample 15,TimesFM,0.6105831861495972
Sample 15,Time-MoE,0.38941678404808044
Sample 16,Moirai,0.8724040389060974
Sample 16,Timer,0.127595916390419
Sample 17,Timer,0.5955556631088257
Sample 17,Chronos,0.4044443368911743
Sample 18,TimesFM,0.906976044178009
Sample 18,Time-MoE,0.09302397072315216
Sample 19,Moirai,0.6151638031005859
Sample 19,Timer,0.38483619689941406
Sample 20,TimesFM,0.7250291705131531
Sample 20,Chronos,0.27497079968452454
Sample 21,Chronos,0.5581362247467041
Sample 21,Timer,0.4418638050556183
Sample 22,Timer,0.5115655660629272
Sample 22,Moirai,0.48843443393707275
Sample 23,Timer,0.5900834202766418
Sample 23,Chronos,0.40991663932800293
Sample 24,TimesFM,0.6980882883071899
Sample 24,Time-MoE,0.30191168189048767
Sample 25,Timer,0.5135853290557861
Sample 25,Chronos,0.48641470074653625
Sample 26,TimesFM,0.7787072062492371
Sample 26,Timer,0.22129279375076294
Sample 27,Chronos,0.9736664891242981
Sample 27,Moirai,0.026333462446928024
Sample 28,TimesFM,0.6256244778633118
Sample 28,Time-MoE,0.37437549233436584
Sample 29,Chronos,0.6475573778152466
Sample 29,Timer,0.3524426221847534
Sample 30,Timer,0.5681746006011963
Sample 30,Chronos,0.4318254590034485
Sample 31,TimesFM,0.7458963990211487
Sample 31,Time-MoE,0.2541036307811737
Sample 0,TimesFM,0.7197026014328003
Sample 0,Moirai,0.2802974283695221
Sample 1,Moirai,0.5289432406425476
Sample 1,Timer,0.4710567891597748
Sample 2,TimesFM,0.5397635698318481
Sample 2,Timer,0.46023640036582947
Sample 3,Chronos,0.6674168705940247
Sample 3,Moirai,0.33258306980133057
Sample 4,Timer,0.8612889647483826
Sample 4,Moirai,0.13871103525161743
Sample 5,Chronos,0.5915982127189636
Sample 5,TimesFM,0.408401757478714
Sample 6,Moirai,0.8200961947441101
Sample 6,Chronos,0.1799037903547287
Sample 7,TimesFM,0.5288473963737488
Sample 7,Time-MoE,0.47115257382392883
Sample 8,Moirai,0.7537463307380676
Sample 8,TimesFM,0.24625366926193237
Sample 9,Timer,0.5650271773338318
Sample 9,Moirai,0.434972882270813
Sample 10,Chronos,0.7380821704864502
Sample 10,Time-MoE,0.2619178593158722
Sample 11,Chronos,0.8684660196304321
Sample 11,Timer,0.13153398036956787
Sample 12,TimesFM,0.7682822346687317
Sample 12,Time-MoE,0.2317177951335907
Sample 13,Timer,0.6143764853477478
Sample 13,Chronos,0.3856235146522522
Sample 14,Moirai,0.6197395324707031
Sample 14,Timer,0.3802604675292969
Sample 15,TimesFM,0.6711836457252502
Sample 15,Time-MoE,0.32881638407707214
Sample 16,Moirai,0.6237068772315979
Sample 16,TimesFM,0.3762931525707245
Sample 17,Chronos,0.6493322849273682
Sample 17,Timer,0.3506677448749542
Sample 18,TimesFM,0.6631534099578857
Sample 18,Time-MoE,0.33684664964675903
Sample 19,Chronos,0.9330029487609863
Sample 19,Moirai,0.06699707359075546
Sample 20,TimesFM,0.7436749339103699
Sample 20,Time-MoE,0.25632503628730774
Sample 21,Chronos,0.5656294822692871
Sample 21,Timer,0.4343705177307129
Sample 22,Moirai,0.6329495310783386
Sample 22,Timer,0.36705049872398376
Sample 23,TimesFM,0.7544692754745483
Sample 23,Time-MoE,0.24553073942661285
Sample 24,TimesFM,0.6099398136138916
Sample 24,Time-MoE,0.3900602161884308
Sample 25,Chronos,0.5148103833198547
Sample 25,Timer,0.48518961668014526
Sample 26,TimesFM,0.8143855929374695
Sample 26,Time-MoE,0.18561437726020813
Sample 27,Chronos,0.7111958861351013
Sample 27,Timer,0.2888040840625763
Sample 28,TimesFM,0.8537660837173462
Sample 28,Time-MoE,0.14623385667800903
Sample 29,Chronos,0.6890571713447571
Sample 29,Timer,0.3109428584575653
Sample 30,Moirai,0.5573523640632629
Sample 30,Chronos,0.44264766573905945
Sample 31,TimesFM,0.8114095330238342
Sample 31,Time-MoE,0.18859051167964935
Sample 0,Moirai,0.9263672828674316
Sample 0,TimesFM,0.0736326351761818
Sample 1,Moirai,0.5020096898078918
Sample 1,Timer,0.49799031019210815
Sample 2,Timer,0.5361195206642151
Sample 2,Chronos,0.4638804793357849
Sample 3,Chronos,0.7627739310264587
Sample 3,Moirai,0.23722608387470245
Sample 4,Timer,0.743364691734314
Sample 4,TimesFM,0.25663530826568604
Sample 5,Timer,0.6010298132896423
Sample 5,Chronos,0.39897018671035767
Sample 6,Timer,0.6446838974952698
Sample 6,Moirai,0.3553161025047302
Sample 7,TimesFM,0.7204535603523254
Sample 7,Time-MoE,0.27954649925231934
Sample 8,Moirai,0.9710507392883301
Sample 8,Time-MoE,0.028949273750185966
Sample 9,Timer,0.574680745601654
Sample 9,Chronos,0.42531925439834595
Sample 10,TimesFM,0.8700363039970398
Sample 10,Moirai,0.12996366620063782
Sample 11,Chronos,0.7651190161705017
Sample 11,Moirai,0.2348809689283371
Sample 12,TimesFM,0.6183282136917114
Sample 12,Chronos,0.3816717267036438
Sample 13,Chronos,0.6397311687469482
Sample 13,Moirai,0.36026883125305176
Sample 14,Chronos,0.5254620313644409
Sample 14,Moirai,0.4745379388332367
Sample 15,TimesFM,0.5439392924308777
Sample 15,Timer,0.4560606777667999
Sample 16,Moirai,0.9568384885787964
Sample 16,Chronos,0.04316144064068794
Sample 17,Timer,0.5086823105812073
Sample 17,Chronos,0.4913177192211151
Sample 18,Moirai,0.6216017007827759
Sample 18,Timer,0.3783983588218689
Sample 19,Chronos,0.9056394100189209
Sample 19,Timer,0.0943606048822403
Sample 20,TimesFM,0.6720331311225891
Sample 20,Time-MoE,0.3279668390750885
Sample 21,Moirai,0.5144678950309753
Sample 21,Chronos,0.48553213477134705
Sample 22,Moirai,0.5175446271896362
Sample 22,Timer,0.4824553430080414
Sample 23,TimesFM,0.7565804123878479
Sample 23,Time-MoE,0.24341963231563568
Sample 24,Moirai,0.7944734692573547
Sample 24,TimesFM,0.20552648603916168
Sample 25,Timer,0.588681697845459
Sample 25,Chronos,0.41131827235221863
Sample 26,Moirai,0.637799859046936
Sample 26,Timer,0.3622000813484192
Sample 27,Chronos,0.8336739540100098
Sample 27,Moirai,0.166326105594635
Sample 28,TimesFM,0.7086983919143677
Sample 28,Time-MoE,0.2913016378879547
Sample 29,Timer,0.7307224869728088
Sample 29,Moirai,0.26927754282951355
Sample 30,Timer,0.6623615622520447
Sample 30,Moirai,0.3376384675502777
Sample 31,TimesFM,0.7836101651191711
Sample 31,Time-MoE,0.21638980507850647
Sample 0,TimesFM,0.7703070044517517
Sample 0,Moirai,0.2296929657459259
Sample 1,Timer,0.5426684021949768
Sample 1,Moirai,0.4573315978050232
Sample 2,Timer,0.6066989898681641
Sample 2,Chronos,0.39330101013183594
Sample 3,Chronos,0.65409916639328
Sample 3,Moirai,0.34590083360671997
Sample 4,TimesFM,0.867886483669281
Sample 4,Time-MoE,0.1321135014295578
Sample 5,Moirai,0.6039654612541199
Sample 5,Timer,0.39603450894355774
Sample 6,Moirai,0.708433985710144
Sample 6,Timer,0.2915659546852112
Sample 7,TimesFM,0.5830409526824951
Sample 7,Time-MoE,0.41695907711982727
Sample 8,Moirai,0.7050073742866516
Sample 8,TimesFM,0.294992595911026
Sample 9,Moirai,0.5973043441772461
Sample 9,Timer,0.4026956856250763
Sample 10,Moirai,0.6776617169380188
Sample 10,Timer,0.3223382234573364
Sample 11,Chronos,0.6782264709472656
Sample 11,Moirai,0.3217735290527344
Sample 12,Time-MoE,0.5390300750732422
Sample 12,Timer,0.4609698951244354
Sample 13,Chronos,0.8594406843185425
Sample 13,Timer,0.14055927097797394
Sample 14,TimesFM,0.8050994277000427
Sample 14,Chronos,0.19490061700344086
Sample 15,TimesFM,0.641944169998169
Sample 15,Time-MoE,0.35805585980415344
Sample 16,TimesFM,0.8103307485580444
Sample 16,Time-MoE,0.18966926634311676
Sample 17,Moirai,0.5638361573219299
Sample 17,Timer,0.43616387248039246
Sample 18,TimesFM,0.8423835635185242
Sample 18,Time-MoE,0.15761640667915344
Sample 19,Chronos,0.5638095140457153
Sample 19,Moirai,0.43619051575660706
Sample 20,Moirai,0.582556426525116
Sample 20,Timer,0.41744357347488403
Sample 21,Timer,0.5437971949577332
Sample 21,Moirai,0.45620277523994446
Sample 22,Timer,0.5814850330352783
Sample 22,Chronos,0.41851499676704407
Sample 23,TimesFM,0.8199242949485779
Sample 23,Time-MoE,0.18007567524909973
Sample 24,Moirai,0.9584161043167114
Sample 24,Time-MoE,0.04158388078212738
Sample 25,Moirai,0.5708431005477905
Sample 25,Chronos,0.42915692925453186
Sample 26,TimesFM,0.7721408009529114
Sample 26,Time-MoE,0.22785921394824982
Sample 27,Moirai,0.6092212200164795
Sample 27,Chronos,0.3907788097858429
Sample 28,Moirai,0.8454127311706543
Sample 28,Chronos,0.1545872837305069
Sample 29,Moirai,0.5366865992546082
Sample 29,Timer,0.46331343054771423
Sample 30,Moirai,0.819359540939331
Sample 30,TimesFM,0.18064045906066895
Sample 31,TimesFM,0.5292409658432007
Sample 31,Time-MoE,0.4707590341567993
Sample 0,Moirai,0.9259708523750305
Sample 0,Chronos,0.0740290954709053
Sample 1,Timer,0.5497774481773376
Sample 1,Chronos,0.45022252202033997
Sample 2,Moirai,0.5293759107589722
Sample 2,TimesFM,0.4706241190433502
Sample 3,Chronos,0.7883025407791138
Sample 3,Timer,0.21169741451740265
Sample 4,Chronos,0.9188477993011475
Sample 4,Timer,0.08115226030349731
Sample 5,Moirai,0.5759860873222351
Sample 5,Chronos,0.4240139126777649
Sample 6,Chronos,0.7204857468605042
Sample 6,Timer,0.2795143127441406
Sample 7,TimesFM,0.7467527389526367
Sample 7,Time-MoE,0.2532472312450409
Sample 8,Moirai,0.8408434987068176
Sample 8,TimesFM,0.1591564416885376
Sample 9,Timer,0.5477074384689331
Sample 9,Moirai,0.4522925317287445
Sample 10,Timer,0.824081301689148
Sample 10,Time-MoE,0.17591866850852966
Sample 11,Chronos,0.7767403721809387
Sample 11,Moirai,0.22325967252254486
Sample 12,TimesFM,0.694392204284668
Sample 12,Chronos,0.30560773611068726
Sample 13,Moirai,0.552911639213562
Sample 13,Timer,0.447088360786438
Sample 14,Moirai,0.5218538641929626
Sample 14,Timer,0.47814616560935974
Sample 15,TimesFM,0.8087542057037354
Sample 15,Time-MoE,0.19124577939510345
Sample 0,Moirai,0.9263337850570679
Sample 0,TimesFM,0.07366620749235153
Sample 1,Timer,0.529814600944519
Sample 1,Chronos,0.47018536925315857
Sample 2,Chronos,0.6225693821907043
Sample 2,TimesFM,0.37743058800697327
Sample 3,Chronos,0.7914836406707764
Sample 3,Moirai,0.20851635932922363
Sample 4,Timer,0.7232567667961121
Sample 4,Chronos,0.27674320340156555
Sample 5,Timer,0.612220287322998
Sample 5,Chronos,0.38777971267700195
Sample 6,Chronos,0.5498347282409668
Sample 6,Timer,0.4501652717590332
Sample 7,TimesFM,0.7975960373878479
Sample 7,Time-MoE,0.2024039477109909
Sample 8,Moirai,0.9647998809814453
Sample 8,TimesFM,0.035200055688619614
Sample 9,Timer,0.5531758069992065
Sample 9,Chronos,0.44682416319847107
Sample 10,Timer,0.6411448121070862
Sample 10,Moirai,0.3588552176952362
Sample 11,Chronos,0.7267504334449768
Sample 11,Moirai,0.2732495069503784
Sample 12,TimesFM,0.8780220150947571
Sample 12,Time-MoE,0.12197801470756531
Sample 13,Chronos,0.5264383554458618
Sample 13,Moirai,0.47356167435646057
Sample 14,Timer,0.6414914727210999
Sample 14,Moirai,0.35850855708122253
Sample 15,TimesFM,0.8461213111877441
Sample 15,Time-MoE,0.15387874841690063
Sample 16,Moirai,0.8527186512947083
Sample 16,TimesFM,0.14728128910064697
Sample 17,Moirai,0.5669003129005432
Sample 17,Timer,0.4330996572971344
Sample 18,TimesFM,0.6734158396720886
Sample 18,Chronos,0.32658419013023376
Sample 19,Chronos,0.6952641606330872
Sample 19,Moirai,0.30473586916923523
Sample 20,Moirai,0.8317512273788452
Sample 20,Chronos,0.1682487577199936
Sample 21,Chronos,0.7517765760421753
Sample 21,Moirai,0.2482234239578247
Sample 22,Chronos,0.7371624112129211
Sample 22,TimesFM,0.26283758878707886
Sample 23,Timer,0.5323199033737183
Sample 23,TimesFM,0.46768006682395935
Sample 24,TimesFM,0.5674895644187927
Sample 24,Moirai,0.4325104355812073
Sample 25,Timer,0.529379665851593
Sample 25,Chronos,0.47062036395072937
Sample 26,Moirai,0.7217044234275818
Sample 26,Timer,0.2782956063747406
Sample 27,Chronos,0.5613968372344971
Sample 27,Moirai,0.4386032223701477
Sample 28,Time-MoE,0.8015755414962769
Sample 28,TimesFM,0.19842448830604553
Sample 29,Moirai,0.5657890439033508
Sample 29,Timer,0.43421095609664917
Sample 30,Moirai,0.815615177154541
Sample 30,Timer,0.18438483774662018
Sample 31,TimesFM,0.7134447693824768
Sample 31,Time-MoE,0.2865552008152008
Sample 0,TimesFM,0.8086773753166199
Sample 0,Time-MoE,0.19132255017757416
Sample 1,Moirai,0.5651354789733887
Sample 1,Timer,0.43486446142196655
Sample 2,Chronos,0.5748603343963623
Sample 2,TimesFM,0.4251396954059601
Sample 3,Chronos,0.8010159134864807
Sample 3,Timer,0.1989840418100357
Sample 4,Chronos,0.5338837504386902
Sample 4,Time-MoE,0.4661162495613098
Sample 5,Moirai,0.5407805442810059
Sample 5,Timer,0.45921948552131653
Sample 6,Timer,0.6247616410255432
Sample 6,Chronos,0.3752383589744568
Sample 7,TimesFM,0.7883523106575012
Sample 7,Time-MoE,0.21164767444133759
Sample 8,Moirai,0.9856401681900024
Sample 8,Chronos,0.01435980387032032
Sample 9,Moirai,0.5872132182121277
Sample 9,Timer,0.4127867817878723
Sample 10,Moirai,0.7171347141265869
Sample 10,Timer,0.2828652858734131
Sample 11,Chronos,0.7010670304298401
Sample 11,TimesFM,0.2989329397678375
Sample 12,Chronos,0.7400925755500793
Sample 12,Timer,0.25990742444992065
Sample 13,Moirai,0.6040892601013184
Sample 13,Chronos,0.3959107995033264
Sample 14,Timer,0.6168932318687439
Sample 14,Chronos,0.3831067979335785
Sample 15,TimesFM,0.705519437789917
Sample 15,Time-MoE,0.2944805324077606
Sample 16,Moirai,0.9561058878898621
Sample 16,Time-MoE,0.04389413073658943
Sample 17,Moirai,0.5015330910682678
Sample 17,Timer,0.49846696853637695
Sample 18,TimesFM,0.6976216435432434
Sample 18,Timer,0.3023783564567566
Sample 19,Chronos,0.6728789210319519
Sample 19,Moirai,0.3271211087703705
Sample 20,Timer,0.6417253613471985
Sample 20,Moirai,0.3582746088504791
Sample 21,Moirai,0.589920163154602
Sample 21,Chronos,0.41007983684539795
Sample 22,Timer,0.6311424970626831
Sample 22,Chronos,0.3688575029373169
Sample 23,TimesFM,0.7388713955879211
Sample 23,Time-MoE,0.26112863421440125
Sample 24,Moirai,0.9535197615623474
Sample 24,Chronos,0.04648029804229736
Sample 25,Timer,0.5220980644226074
Sample 25,Chronos,0.47790196537971497
Sample 26,Timer,0.5070343613624573
Sample 26,Moirai,0.4929656386375427
Sample 27,Chronos,0.9129160046577454
Sample 27,Moirai,0.08708405494689941
Sample 28,TimesFM,0.7793632745742798
Sample 28,Time-MoE,0.2206367552280426
Sample 29,Chronos,0.5192647576332092
Sample 29,Moirai,0.48073527216911316
Sample 30,Timer,0.5286821722984314
Sample 30,Chronos,0.4713178277015686
Sample 31,TimesFM,0.7592476010322571
Sample 31,Time-MoE,0.24075236916542053
Sample 0,TimesFM,0.5510367751121521
Sample 0,Moirai,0.4489632248878479
Sample 1,Moirai,0.5698796510696411
Sample 1,Chronos,0.4301203191280365
Sample 2,Moirai,0.7329416275024414
Sample 2,Chronos,0.267058402299881
Sample 3,Chronos,0.7183226943016052
Sample 3,Moirai,0.28167733550071716
Sample 4,TimesFM,0.5629104375839233
Sample 4,Time-MoE,0.43708959221839905
Sample 5,Timer,0.6086469292640686
Sample 5,Moirai,0.391353040933609
Sample 6,Chronos,0.5558716654777527
Sample 6,Timer,0.4441283047199249
Sample 7,TimesFM,0.6716137528419495
Sample 7,Time-MoE,0.3283862769603729
Sample 8,Moirai,0.5523474812507629
Sample 8,TimesFM,0.44765254855155945
Sample 9,Timer,0.6059308052062988
Sample 9,Chronos,0.39406919479370117
Sample 10,Timer,0.51554274559021
Sample 10,Moirai,0.48445725440979004
Sample 11,Chronos,0.9728268384933472
Sample 11,Timer,0.027173107489943504
Sample 12,TimesFM,0.6149617433547974
Sample 12,Time-MoE,0.38503822684288025
Sample 13,Chronos,0.5504325032234192
Sample 13,Moirai,0.4495674669742584
Sample 14,Timer,0.8176943063735962
Sample 14,Chronos,0.18230566382408142
Sample 15,TimesFM,0.6190361976623535
Sample 15,Time-MoE,0.38096383213996887
Sample 16,Moirai,0.8881536722183228
Sample 16,Timer,0.11184626072645187
Sample 17,Timer,0.5619734525680542
Sample 17,Chronos,0.4380265176296234
Sample 18,TimesFM,0.9177199006080627
Sample 18,Time-MoE,0.08228012174367905
Sample 19,Moirai,0.6410192251205444
Sample 19,Timer,0.35898080468177795
Sample 20,TimesFM,0.7235390543937683
Sample 20,Time-MoE,0.27646100521087646
Sample 21,Chronos,0.5867045521736145
Sample 21,Moirai,0.4132954776287079
Sample 22,Timer,0.5024594068527222
Sample 22,Moirai,0.4975406229496002
Sample 23,Timer,0.5980066657066345
Sample 23,Chronos,0.40199336409568787
Sample 24,TimesFM,0.7145347595214844
Sample 24,Time-MoE,0.2854653000831604
Sample 25,Chronos,0.5350918173789978
Sample 25,Timer,0.4649081826210022
Sample 26,TimesFM,0.809893012046814
Sample 26,Timer,0.19010692834854126
Sample 27,Chronos,0.9766778349876404
Sample 27,Moirai,0.02332213893532753
Sample 28,TimesFM,0.619572639465332
Sample 28,Time-MoE,0.38042742013931274
Sample 29,Chronos,0.6965537667274475
Sample 29,Timer,0.3034462332725525
Sample 30,Timer,0.53058922290802
Sample 30,Chronos,0.46941080689430237
Sample 31,TimesFM,0.7537407279014587
Sample 31,Time-MoE,0.24625927209854126
Sample 0,TimesFM,0.7413771152496338
Sample 0,Moirai,0.2586229145526886
Sample 1,Moirai,0.5197556018829346
Sample 1,Chronos,0.4802444279193878
Sample 2,TimesFM,0.5416936874389648
Sample 2,Timer,0.45830634236335754
Sample 3,Chronos,0.6970921158790588
Sample 3,Moirai,0.3029078543186188
Sample 4,Timer,0.8637134432792664
Sample 4,Moirai,0.13628657162189484
Sample 5,Chronos,0.6179052591323853
Sample 5,TimesFM,0.38209474086761475
Sample 6,Moirai,0.7941048741340637
Sample 6,Chronos,0.20589515566825867
Sample 7,TimesFM,0.5332556366920471
Sample 7,Time-MoE,0.4667443335056305
Sample 8,Moirai,0.7326512336730957
Sample 8,TimesFM,0.2673487961292267
Sample 9,Timer,0.5657089948654175
Sample 9,Moirai,0.43429097533226013
Sample 10,Chronos,0.7393074631690979
Sample 10,Time-MoE,0.2606925964355469
Sample 11,Chronos,0.8850750923156738
Sample 11,Timer,0.11492493003606796
Sample 12,TimesFM,0.771916925907135
Sample 12,Time-MoE,0.22808310389518738
Sample 13,Timer,0.5964826941490173
Sample 13,Chronos,0.40351730585098267
Sample 14,Moirai,0.6052146553993225
Sample 14,Timer,0.3947853744029999
Sample 15,TimesFM,0.6785792708396912
Sample 15,Time-MoE,0.32142066955566406
Sample 16,Moirai,0.5992494821548462
Sample 16,TimesFM,0.4007505476474762
Sample 17,Chronos,0.6702136397361755
Sample 17,Timer,0.32978636026382446
Sample 18,TimesFM,0.672086775302887
Sample 18,Time-MoE,0.32791322469711304
Sample 19,Chronos,0.9395014047622681
Sample 19,Moirai,0.06049863621592522
Sample 20,TimesFM,0.7421627044677734
Sample 20,Time-MoE,0.25783729553222656
Sample 21,Chronos,0.5897915363311768
Sample 21,Timer,0.41020846366882324
Sample 22,Moirai,0.635474681854248
Sample 22,Timer,0.3645252585411072
Sample 23,TimesFM,0.7685443758964539
Sample 23,Time-MoE,0.23145557940006256
Sample 24,TimesFM,0.6167006492614746
Sample 24,Time-MoE,0.3832993805408478
Sample 25,Chronos,0.5411324501037598
Sample 25,Timer,0.45886754989624023
Sample 26,TimesFM,0.8295079469680786
Sample 26,Time-MoE,0.17049206793308258
Sample 27,Chronos,0.7342235445976257
Sample 27,Timer,0.26577648520469666
Sample 28,TimesFM,0.8630273938179016
Sample 28,Time-MoE,0.13697263598442078
Sample 29,Chronos,0.7057116627693176
Sample 29,Timer,0.29428830742836
Sample 30,Moirai,0.5295891165733337
Sample 30,Chronos,0.47041091322898865
Sample 31,TimesFM,0.8245143890380859
Sample 31,Time-MoE,0.1754855364561081
Sample 0,Moirai,0.9225042462348938
Sample 0,TimesFM,0.07749571651220322
Sample 1,Timer,0.5187079310417175
Sample 1,Moirai,0.4812920391559601
Sample 2,Timer,0.5398285388946533
Sample 2,Chronos,0.46017152070999146
Sample 3,Chronos,0.7875738143920898
Sample 3,Moirai,0.21242614090442657
Sample 4,Timer,0.7523690462112427
Sample 4,Chronos,0.24763089418411255
Sample 5,Timer,0.5992609262466431
Sample 5,Chronos,0.40073907375335693
Sample 6,Timer,0.6685059666633606
Sample 6,Moirai,0.331494003534317
Sample 7,TimesFM,0.735612690448761
Sample 7,Time-MoE,0.264387309551239
Sample 8,Moirai,0.9710766673088074
Sample 8,Time-MoE,0.028923291712999344
Sample 9,Timer,0.567015528678894
Sample 9,Chronos,0.43298450112342834
Sample 10,TimesFM,0.8903971910476685
Sample 10,Moirai,0.10960282385349274
Sample 11,Chronos,0.780023992061615
Sample 11,Moirai,0.21997599303722382
Sample 12,TimesFM,0.6093292832374573
Sample 12,Chronos,0.3906707763671875
Sample 13,Chronos,0.6545578837394714
Sample 13,Moirai,0.34544217586517334
Sample 14,Chronos,0.55907142162323
Sample 14,Moirai,0.4409286379814148
Sample 15,TimesFM,0.5464901328086853
Sample 15,Timer,0.4535098373889923
Sample 16,Moirai,0.9532924890518188
Sample 16,Chronos,0.046707503497600555
Sample 17,Timer,0.5023598670959473
Sample 17,Chronos,0.49764010310173035
Sample 18,Moirai,0.6028603911399841
Sample 18,Timer,0.3971395790576935
Sample 19,Chronos,0.9091013073921204
Sample 19,Timer,0.09089870750904083
Sample 20,TimesFM,0.6703181266784668
Sample 20,Time-MoE,0.3296819031238556
Sample 21,Chronos,0.5217577219009399
Sample 21,Moirai,0.47824227809906006
Sample 22,Timer,0.511339545249939
Sample 22,Moirai,0.48866042494773865
Sample 23,TimesFM,0.7749733924865723
Sample 23,Time-MoE,0.22502663731575012
Sample 24,Moirai,0.7748860716819763
Sample 24,TimesFM,0.2251138985157013
Sample 25,Timer,0.5828278660774231
Sample 25,Chronos,0.4171721041202545
Sample 26,Moirai,0.6257810592651367
Sample 26,Timer,0.3742189407348633
Sample 27,Chronos,0.8509715795516968
Sample 27,Timer,0.14902843534946442
Sample 28,TimesFM,0.7244342565536499
Sample 28,Time-MoE,0.2755657732486725
Sample 29,Timer,0.7516257166862488
Sample 29,Moirai,0.2483743280172348
Sample 30,Timer,0.6874570250511169
Sample 30,Moirai,0.31254294514656067
Sample 31,TimesFM,0.8018151521682739
Sample 31,Time-MoE,0.19818486273288727
Sample 0,TimesFM,0.7910841703414917
Sample 0,Moirai,0.20891587436199188
Sample 1,Timer,0.5771290063858032
Sample 1,Chronos,0.4228709936141968
Sample 2,Timer,0.6280296444892883
Sample 2,Chronos,0.3719703257083893
Sample 3,Chronos,0.6954755187034607
Sample 3,Moirai,0.3045244514942169
Sample 4,TimesFM,0.8744881749153137
Sample 4,Time-MoE,0.12551182508468628
Sample 5,Moirai,0.5552095770835876
Sample 5,Timer,0.44479039311408997
Sample 6,Moirai,0.6893628239631653
Sample 6,Timer,0.31063714623451233
Sample 7,TimesFM,0.5944920778274536
Sample 7,Time-MoE,0.4055078625679016
Sample 8,Moirai,0.6816437244415283
Sample 8,TimesFM,0.3183562755584717
Sample 9,Moirai,0.5570728778839111
Sample 9,Timer,0.44292715191841125
Sample 10,Moirai,0.6389874219894409
Sample 10,Timer,0.36101260781288147
Sample 11,Chronos,0.7030726671218872
Sample 11,Moirai,0.2969273328781128
Sample 12,Time-MoE,0.5427337288856506
Sample 12,Timer,0.45726627111434937
Sample 13,Chronos,0.8546039462089539
Sample 13,Timer,0.14539597928524017
Sample 14,TimesFM,0.8215926289558411
Sample 14,Chronos,0.17840732634067535
Sample 15,TimesFM,0.6519876718521118
Sample 15,Time-MoE,0.3480122983455658
Sample 16,TimesFM,0.8303959369659424
Sample 16,Time-MoE,0.1696041375398636
Sample 17,Moirai,0.5264065861701965
Sample 17,Timer,0.47359341382980347
Sample 18,TimesFM,0.8578500151634216
Sample 18,Time-MoE,0.14215004444122314
Sample 19,Chronos,0.5958210825920105
Sample 19,Moirai,0.4041789174079895
Sample 20,Moirai,0.5372729897499084
Sample 20,Timer,0.46272698044776917
Sample 21,Timer,0.5858155488967896
Sample 21,Moirai,0.41418445110321045
Sample 22,Timer,0.6112396717071533
Sample 22,Chronos,0.38876035809516907
Sample 23,TimesFM,0.8353543281555176
Sample 23,Time-MoE,0.164645716547966
Sample 24,Moirai,0.9559741020202637
Sample 24,TimesFM,0.04402587562799454
Sample 25,Moirai,0.5386863350868225
Sample 25,Chronos,0.4613136351108551
Sample 26,TimesFM,0.7885973453521729
Sample 26,Moirai,0.21140265464782715
Sample 27,Moirai,0.5686606764793396
Sample 27,Chronos,0.4313393235206604
Sample 28,Moirai,0.8092557191848755
Sample 28,Chronos,0.19074426591396332
Sample 29,Timer,0.5251455903053284
Sample 29,Moirai,0.4748544692993164
Sample 30,Moirai,0.8069522976875305
Sample 30,TimesFM,0.19304771721363068
Sample 31,TimesFM,0.5265265703201294
Sample 31,Time-MoE,0.47347337007522583
Sample 0,Moirai,0.914484977722168
Sample 0,Chronos,0.08551503717899323
Sample 1,Timer,0.5852887034416199
Sample 1,Chronos,0.41471126675605774
Sample 2,TimesFM,0.5419412851333618
Sample 2,Moirai,0.4580587148666382
Sample 3,Chronos,0.7776033878326416
Sample 3,Timer,0.22239656746387482
Sample 4,Chronos,0.9178961515426636
Sample 4,Timer,0.08210380375385284
Sample 5,Moirai,0.5487623810768127
Sample 5,Chronos,0.45123761892318726
Sample 6,Chronos,0.6942049264907837
Sample 6,Timer,0.3057950437068939
Sample 7,TimesFM,0.7628246545791626
Sample 7,Time-MoE,0.2371753454208374
Sample 8,Moirai,0.8282906413078308
Sample 8,TimesFM,0.17170938849449158
Sample 9,Timer,0.5895273089408875
Sample 9,Chronos,0.41047266125679016
Sample 10,Timer,0.8396549224853516
Sample 10,Chronos,0.16034510731697083
Sample 11,Chronos,0.795311450958252
Sample 11,Moirai,0.20468851923942566
Sample 12,TimesFM,0.7022840976715088
Sample 12,Timer,0.2977158725261688
Sample 13,Timer,0.5056595206260681
Sample 13,Moirai,0.49434053897857666
Sample 14,Timer,0.5421825051307678
Sample 14,Moirai,0.4578174352645874
Sample 15,TimesFM,0.8253033757209778
Sample 15,Time-MoE,0.1746966689825058
Sample 0,Moirai,0.9214535355567932
Sample 0,TimesFM,0.0785464346408844
Sample 1,Timer,0.5824283361434937
Sample 1,Chronos,0.41757166385650635
Sample 2,Chronos,0.6166898012161255
Sample 2,TimesFM,0.3833101689815521
Sample 3,Chronos,0.8119120001792908
Sample 3,Moirai,0.18808799982070923
Sample 4,Timer,0.7537880539894104
Sample 4,Chronos,0.246211975812912
Sample 5,Timer,0.6583758592605591
Sample 5,Chronos,0.34162411093711853
Sample 6,Chronos,0.5090415477752686
Sample 6,Timer,0.49095842242240906
Sample 7,TimesFM,0.8131892085075378
Sample 7,Time-MoE,0.18681073188781738
Sample 8,Moirai,0.9615156650543213
Sample 8,TimesFM,0.03848433494567871
Sample 9,Timer,0.6066359281539917
Sample 9,Chronos,0.3933640420436859
Sample 10,Timer,0.6927814483642578
Sample 10,Moirai,0.3072185814380646
Sample 11,Chronos,0.7514456510543823
Sample 11,Moirai,0.24855436384677887
Sample 12,TimesFM,0.8870545625686646
Sample 12,Time-MoE,0.11294547468423843
Sample 13,Chronos,0.5101773738861084
Sample 13,Timer,0.4898225963115692
Sample 14,Timer,0.7185177206993103
Sample 14,Moirai,0.2814822494983673
Sample 15,TimesFM,0.8607529997825623
Sample 15,Time-MoE,0.13924698531627655
Sample 16,Moirai,0.8447354435920715
Sample 16,TimesFM,0.15526457130908966
Sample 17,Timer,0.5028996467590332
Sample 17,Moirai,0.4971003532409668
Sample 18,TimesFM,0.6729013323783875
Sample 18,Chronos,0.32709866762161255
Sample 19,Chronos,0.7196280360221863
Sample 19,Moirai,0.2803719639778137
Sample 20,Moirai,0.7509046196937561
Sample 20,Chronos,0.24909533560276031
Sample 21,Chronos,0.7770627737045288
Sample 21,Moirai,0.22293724119663239
Sample 22,Chronos,0.7318819165229797
Sample 22,TimesFM,0.2681180536746979
Sample 23,Timer,0.5363839864730835
Sample 23,TimesFM,0.4636160433292389
Sample 24,TimesFM,0.5800607800483704
Sample 24,Moirai,0.41993919014930725
Sample 25,Timer,0.580392062664032
Sample 25,Chronos,0.419607937335968
Sample 26,Moirai,0.7093056440353394
Sample 26,Timer,0.29069435596466064
Sample 27,Chronos,0.5840460658073425
Sample 27,Moirai,0.4159539043903351
Sample 28,Time-MoE,0.8276110887527466
Sample 28,TimesFM,0.17238889634609222
Sample 29,Timer,0.5120485424995422
Sample 29,Moirai,0.487951397895813
Sample 30,Moirai,0.7600479125976562
Sample 30,Timer,0.23995202779769897
Sample 31,TimesFM,0.7299953699111938
Sample 31,Time-MoE,0.27000465989112854
Sample 0,TimesFM,0.8166106343269348
Sample 0,Moirai,0.18338939547538757
Sample 1,Timer,0.5112712383270264
Sample 1,Moirai,0.48872873187065125
Sample 2,Chronos,0.574158251285553
Sample 2,TimesFM,0.4258418083190918
Sample 3,Chronos,0.7687743306159973
Sample 3,Timer,0.23122568428516388
Sample 4,Chronos,0.5294241905212402
Sample 4,Time-MoE,0.470575749874115
Sample 5,Timer,0.5435642600059509
Sample 5,Moirai,0.4564357399940491
Sample 6,Timer,0.6914209723472595
Sample 6,Chronos,0.3085789978504181
Sample 7,TimesFM,0.8043403625488281
Sample 7,Time-MoE,0.1956596076488495
Sample 8,Moirai,0.9815375804901123
Sample 8,Chronos,0.018462354317307472
Sample 9,Moirai,0.5136096477508545
Sample 9,Timer,0.4863903522491455
Sample 10,Moirai,0.6656873226165771
Sample 10,Timer,0.3343127369880676
Sample 11,Chronos,0.6872215867042542
Sample 11,TimesFM,0.31277841329574585
Sample 12,Chronos,0.7264266014099121
Sample 12,Timer,0.2735733985900879
Sample 13,Moirai,0.5732452869415283
Sample 13,Timer,0.4267547130584717
Sample 14,Timer,0.682655930519104
Sample 14,Chronos,0.317344069480896
Sample 15,TimesFM,0.7252296209335327
Sample 15,Time-MoE,0.2747703492641449
Sample 16,Moirai,0.9547014236450195
Sample 16,Time-MoE,0.04529862850904465
Sample 17,Timer,0.5754284858703613
Sample 17,Moirai,0.4245714843273163
Sample 18,TimesFM,0.7089877724647522
Sample 18,Timer,0.2910121977329254
Sample 19,Chronos,0.656913697719574
Sample 19,Timer,0.3430863320827484
Sample 20,Timer,0.6915756464004517
Sample 20,Moirai,0.30842435359954834
Sample 21,Moirai,0.5251699090003967
Sample 21,Timer,0.4748300611972809
Sample 22,Timer,0.6828742623329163
Sample 22,Chronos,0.31712567806243896
Sample 23,TimesFM,0.7477866411209106
Sample 23,Time-MoE,0.25221338868141174
Sample 24,Moirai,0.9462032914161682
Sample 24,Chronos,0.05379671975970268
Sample 25,Timer,0.5954033732414246
Sample 25,Chronos,0.4045966565608978
Sample 26,Timer,0.5852780938148499
Sample 26,Moirai,0.41472193598747253
Sample 27,Chronos,0.9208737015724182
Sample 27,Moirai,0.0791262686252594
Sample 28,TimesFM,0.7850731015205383
Sample 28,Time-MoE,0.21492691338062286
Sample 29,Chronos,0.5322270393371582
Sample 29,Moirai,0.4677729904651642
Sample 30,Timer,0.6015443801879883
Sample 30,Chronos,0.3984556198120117
Sample 31,TimesFM,0.7746967077255249
Sample 31,Time-MoE,0.22530332207679749
Sample 0,TimesFM,0.5650437474250793
Sample 0,Moirai,0.43495628237724304
Sample 1,Moirai,0.5120440125465393
Sample 1,Timer,0.4879559874534607
Sample 2,Moirai,0.7121090888977051
Sample 2,Chronos,0.28789088129997253
Sample 3,Chronos,0.7291285395622253
Sample 3,Timer,0.27087149024009705
Sample 4,TimesFM,0.5705539584159851
Sample 4,Time-MoE,0.4294460713863373
Sample 5,Timer,0.6874329447746277
Sample 5,Moirai,0.3125670850276947
Sample 6,Timer,0.5085480809211731
Sample 6,Chronos,0.4914519190788269
Sample 7,TimesFM,0.6829769015312195
Sample 7,Time-MoE,0.31702303886413574
Sample 8,Moirai,0.5584503412246704
Sample 8,TimesFM,0.4415496289730072
Sample 9,Timer,0.6813893914222717
Sample 9,Chronos,0.31861063838005066
Sample 10,Timer,0.5840814113616943
Sample 10,Moirai,0.4159185588359833
Sample 11,Chronos,0.9719536304473877
Sample 11,Timer,0.028046412393450737
Sample 12,TimesFM,0.6135783791542053
Sample 12,Time-MoE,0.3864216208457947
Sample 13,Timer,0.5091460943222046
Sample 13,Chronos,0.4908539056777954
Sample 14,Timer,0.8681221604347229
Sample 14,Chronos,0.1318778395652771
Sample 15,TimesFM,0.628689706325531
Sample 15,Time-MoE,0.3713103234767914
Sample 16,Moirai,0.8604118824005127
Sample 16,Timer,0.1395881474018097
Sample 17,Timer,0.6448317170143127
Sample 17,Chronos,0.35516825318336487
Sample 18,TimesFM,0.9266970157623291
Sample 18,Time-MoE,0.07330299913883209
Sample 19,Moirai,0.6089305877685547
Sample 19,Timer,0.3910694420337677
Sample 20,TimesFM,0.7253997325897217
Sample 20,Time-MoE,0.2746002674102783
Sample 21,Chronos,0.5353633165359497
Sample 21,Timer,0.4646367132663727
Sample 22,Timer,0.5788692235946655
Sample 22,Moirai,0.4211307466030121
Sample 23,Timer,0.5985737442970276
Sample 23,Chronos,0.40142622590065
Sample 24,TimesFM,0.724470853805542
Sample 24,Time-MoE,0.2755291759967804
Sample 25,Timer,0.5412250757217407
Sample 25,Chronos,0.4587748944759369
Sample 26,TimesFM,0.8257067203521729
Sample 26,Timer,0.17429324984550476
Sample 27,Chronos,0.9784414172172546
Sample 27,Moirai,0.021558566018939018
Sample 28,TimesFM,0.6192975044250488
Sample 28,Time-MoE,0.3807024359703064
Sample 29,Chronos,0.6447563171386719
Sample 29,Timer,0.3552436828613281
Sample 30,Timer,0.6099518537521362
Sample 30,Chronos,0.39004817605018616
Sample 31,TimesFM,0.7641139030456543
Sample 31,Time-MoE,0.23588614165782928
Sample 0,TimesFM,0.7392987012863159
Sample 0,Moirai,0.26070132851600647
Sample 1,Timer,0.5431466102600098
Sample 1,Moirai,0.456853449344635
Sample 2,TimesFM,0.5295775532722473
Sample 2,Timer,0.4704224765300751
Sample 3,Chronos,0.7013704776763916
Sample 3,Timer,0.2986295521259308
Sample 4,Timer,0.886970043182373
Sample 4,Moirai,0.11302997171878815
Sample 5,Chronos,0.6322458982467651
Sample 5,TimesFM,0.36775413155555725
Sample 6,Moirai,0.7619890570640564
Sample 6,Chronos,0.2380109578371048
Sample 7,TimesFM,0.5334298610687256
Sample 7,Time-MoE,0.466570109128952
Sample 8,Moirai,0.7345517873764038
Sample 8,TimesFM,0.2654481828212738
Sample 9,Timer,0.6404407024383545
Sample 9,Moirai,0.3595593273639679
Sample 10,Chronos,0.7458381056785583
Sample 10,Time-MoE,0.25416192412376404
Sample 11,Chronos,0.8657107353210449
Sample 11,Timer,0.13428927958011627
Sample 12,TimesFM,0.7743688225746155
Sample 12,Time-MoE,0.22563116252422333
Sample 13,Timer,0.6719629764556885
Sample 13,Chronos,0.3280370235443115
Sample 14,Moirai,0.5274202227592468
Sample 14,Timer,0.4725797474384308
Sample 15,TimesFM,0.678143322467804
Sample 15,Time-MoE,0.32185664772987366
Sample 16,Moirai,0.5995278358459473
Sample 16,TimesFM,0.4004721939563751
Sample 17,Chronos,0.6109694242477417
Sample 17,Timer,0.3890305161476135
Sample 18,TimesFM,0.6769450306892395
Sample 18,Time-MoE,0.3230549991130829
Sample 19,Chronos,0.9431699514389038
Sample 19,Moirai,0.056830134242773056
Sample 20,TimesFM,0.744035005569458
Sample 20,Time-MoE,0.2559649646282196
Sample 21,Chronos,0.5189403891563416
Sample 21,Timer,0.48105961084365845
Sample 22,Moirai,0.5888727903366089
Sample 22,Timer,0.4111272096633911
Sample 23,TimesFM,0.7782348990440369
Sample 23,Time-MoE,0.22176510095596313
Sample 24,TimesFM,0.6083358526229858
Sample 24,Time-MoE,0.39166417717933655
Sample 25,Timer,0.5343711972236633
Sample 25,Chronos,0.46562886238098145
Sample 26,TimesFM,0.8387747406959534
Sample 26,Time-MoE,0.16122522950172424
Sample 27,Chronos,0.683669924736023
Sample 27,Timer,0.31633007526397705
Sample 28,TimesFM,0.8700271844863892
Sample 28,Time-MoE,0.12997283041477203
Sample 29,Chronos,0.6535601615905762
Sample 29,Timer,0.34643980860710144
Sample 30,Timer,0.5004450678825378
Sample 30,Moirai,0.49955493211746216
Sample 31,TimesFM,0.832994282245636
Sample 31,Time-MoE,0.167005717754364
Sample 0,Moirai,0.9258646965026855
Sample 0,TimesFM,0.07413535565137863
Sample 1,Timer,0.5856944918632507
Sample 1,Moirai,0.4143054783344269
Sample 2,Timer,0.5942206978797913
Sample 2,Chronos,0.40577933192253113
Sample 3,Chronos,0.7889500260353088
Sample 3,Moirai,0.21105001866817474
Sample 4,Timer,0.7611784338951111
Sample 4,TimesFM,0.2388215959072113
Sample 5,Timer,0.6699720621109009
Sample 5,Chronos,0.3300279676914215
Sample 6,Timer,0.7296360731124878
Sample 6,Moirai,0.2703639268875122
Sample 7,TimesFM,0.7385784983634949
Sample 7,Time-MoE,0.26142147183418274
Sample 8,Moirai,0.9704080820083618
Sample 8,Time-MoE,0.02959197573363781
Sample 9,Timer,0.640690267086029
Sample 9,Chronos,0.35930970311164856
Sample 10,TimesFM,0.9026105403900146
Sample 10,Moirai,0.09738940745592117
Sample 11,Chronos,0.7753224968910217
Sample 11,TimesFM,0.22467747330665588
Sample 12,TimesFM,0.6303320527076721
Sample 12,Chronos,0.36966797709465027
Sample 13,Chronos,0.637033998966217
Sample 13,Moirai,0.3629659414291382
Sample 14,Chronos,0.5657239556312561
Sample 14,Moirai,0.4342760443687439
Sample 15,TimesFM,0.5637875199317932
Sample 15,Timer,0.4362124502658844
Sample 16,Moirai,0.953485906124115
Sample 16,Chronos,0.0465141162276268
Sample 17,Timer,0.5772780179977417
Sample 17,Chronos,0.4227219521999359
Sample 18,Moirai,0.553449809551239
Sample 18,Timer,0.4465502202510834
Sample 19,Chronos,0.8989017009735107
Sample 19,Timer,0.10109828412532806
Sample 20,TimesFM,0.6661143898963928
Sample 20,Time-MoE,0.33388563990592957
Sample 21,Chronos,0.528783917427063
Sample 21,Moirai,0.4712160527706146
Sample 22,Timer,0.5854318737983704
Sample 22,Moirai,0.41456809639930725
Sample 23,TimesFM,0.7857543230056763
Sample 23,Time-MoE,0.21424566209316254
Sample 24,Moirai,0.781440258026123
Sample 24,TimesFM,0.21855974197387695
Sample 25,Timer,0.6568145155906677
Sample 25,Chronos,0.3431854248046875
Sample 26,Moirai,0.5986544489860535
Sample 26,Timer,0.4013455808162689
Sample 27,Chronos,0.8234239220619202
Sample 27,Timer,0.17657610774040222
Sample 28,TimesFM,0.7323276400566101
Sample 28,Time-MoE,0.2676723897457123
Sample 29,Timer,0.7905142307281494
Sample 29,Moirai,0.20948578417301178
Sample 30,Timer,0.7463386058807373
Sample 30,Moirai,0.2536613941192627
Sample 31,TimesFM,0.8080506324768066
Sample 31,Time-MoE,0.19194930791854858
Sample 0,TimesFM,0.7856302857398987
Sample 0,Moirai,0.21436968445777893
Sample 1,Timer,0.6363095045089722
Sample 1,Moirai,0.3636905550956726
Sample 2,Timer,0.6608078479766846
Sample 2,Moirai,0.3391921818256378
Sample 3,Chronos,0.7034941911697388
Sample 3,Moirai,0.296505868434906
Sample 4,TimesFM,0.8778895735740662
Sample 4,Time-MoE,0.12211038172245026
Sample 5,Timer,0.5075050592422485
Sample 5,Moirai,0.4924949109554291
Sample 6,Moirai,0.6649579405784607
Sample 6,Timer,0.3350420594215393
Sample 7,TimesFM,0.5899249911308289
Sample 7,Time-MoE,0.41007500886917114
Sample 8,Moirai,0.6907565593719482
Sample 8,TimesFM,0.30924344062805176
Sample 9,Moirai,0.5023815035820007
Sample 9,Timer,0.4976184368133545
Sample 10,Moirai,0.5943138003349304
Sample 10,Timer,0.4056861996650696
Sample 11,Chronos,0.68147873878479
Sample 11,Timer,0.31852126121520996
Sample 12,Time-MoE,0.5437473654747009
Sample 12,Timer,0.4562526345252991
Sample 13,Chronos,0.8461622595787048
Sample 13,Timer,0.15383775532245636
Sample 14,TimesFM,0.8359939455986023
Sample 14,Chronos,0.1640060544013977
Sample 15,TimesFM,0.6476657390594482
Sample 15,Time-MoE,0.35233426094055176
Sample 16,TimesFM,0.8300982117652893
Sample 16,Time-MoE,0.1699017733335495
Sample 17,Timer,0.5257264375686646
Sample 17,Moirai,0.4742735028266907
Sample 18,TimesFM,0.8611769080162048
Sample 18,Time-MoE,0.13882306218147278
Sample 19,Chronos,0.5768036842346191
Sample 19,Timer,0.42319628596305847
Sample 20,Timer,0.525913417339325
Sample 20,Moirai,0.47408661246299744
Sample 21,Timer,0.6410493850708008
Sample 21,Moirai,0.3589506149291992
Sample 22,Timer,0.6782306432723999
Sample 22,Chronos,0.3217693567276001
Sample 23,TimesFM,0.8386467099189758
Sample 23,Time-MoE,0.16135333478450775
Sample 24,Moirai,0.9582114815711975
Sample 24,Time-MoE,0.04178854078054428
Sample 25,Timer,0.5085525512695312
Sample 25,Moirai,0.49144747853279114
Sample 26,TimesFM,0.7944756746292114
Sample 26,Moirai,0.20552432537078857
Sample 27,Moirai,0.5628357529640198
Sample 27,Chronos,0.43716421723365784
Sample 28,Moirai,0.7662575244903564
Sample 28,Chronos,0.23374247550964355
Sample 29,Timer,0.5894367694854736
Sample 29,Chronos,0.410563200712204
Sample 30,Moirai,0.808420717716217
Sample 30,TimesFM,0.19157934188842773
Sample 31,TimesFM,0.534580409526825
Sample 31,Time-MoE,0.46541962027549744
Sample 0,Moirai,0.9171501994132996
Sample 0,Chronos,0.08284977078437805
Sample 1,Timer,0.6459394097328186
Sample 1,Chronos,0.354060560464859
Sample 2,TimesFM,0.5879811644554138
Sample 2,Moirai,0.4120188355445862
Sample 3,Chronos,0.7510730624198914
Sample 3,Timer,0.24892692267894745
Sample 4,Chronos,0.9202645421028137
Sample 4,Timer,0.07973546534776688
Sample 5,Moirai,0.5622780323028564
Sample 5,Timer,0.43772199749946594
Sample 6,Chronos,0.6466668248176575
Sample 6,Timer,0.35333317518234253
Sample 7,TimesFM,0.7650901675224304
Sample 7,Time-MoE,0.23490983247756958
Sample 8,Moirai,0.8392075896263123
Sample 8,TimesFM,0.16079246997833252
Sample 9,Timer,0.6392931938171387
Sample 9,Moirai,0.36070677638053894
Sample 10,Timer,0.8610318303108215
Sample 10,Chronos,0.13896812498569489
Sample 11,Chronos,0.774572491645813
Sample 11,Timer,0.225427508354187
Sample 12,TimesFM,0.7168114185333252
Sample 12,Timer,0.2831885814666748
Sample 13,Timer,0.5488957762718201
Sample 13,Moirai,0.4511042535305023
Sample 14,Timer,0.5920565724372864
Sample 14,Moirai,0.4079434275627136
Sample 15,TimesFM,0.8277245759963989
Sample 15,Time-MoE,0.17227540910243988
Sample 0,Moirai,0.9292191863059998
Sample 0,TimesFM,0.07078078389167786
Sample 1,Timer,0.6291060447692871
Sample 1,Chronos,0.3708939850330353
Sample 2,Chronos,0.6130759716033936
Sample 2,TimesFM,0.3869240880012512
Sample 3,Chronos,0.8075165748596191
Sample 3,Moirai,0.19248341023921967
Sample 4,Timer,0.7758277654647827
Sample 4,Chronos,0.22417230904102325
Sample 5,Timer,0.7026708126068115
Sample 5,Chronos,0.2973291873931885
Sample 6,Timer,0.5358832478523254
Sample 6,Chronos,0.46411678194999695
Sample 7,TimesFM,0.811082661151886
Sample 7,Time-MoE,0.18891727924346924
Sample 8,Moirai,0.9651530981063843
Sample 8,TimesFM,0.03484690561890602
Sample 9,Timer,0.6538728475570679
Sample 9,Chronos,0.3461271822452545
Sample 10,Timer,0.7273479104042053
Sample 10,Moirai,0.27265211939811707
Sample 11,Chronos,0.7467080354690552
Sample 11,Moirai,0.25329193472862244
Sample 12,TimesFM,0.8861078023910522
Sample 12,Time-MoE,0.11389223486185074
Sample 13,Timer,0.5351824164390564
Sample 13,Chronos,0.46481752395629883
Sample 14,Timer,0.7550327777862549
Sample 14,Moirai,0.2449672669172287
Sample 15,TimesFM,0.8612988591194153
Sample 15,Time-MoE,0.13870121538639069
Sample 16,Moirai,0.8551632165908813
Sample 16,TimesFM,0.14483676850795746
Sample 17,Timer,0.527722954750061
Sample 17,Moirai,0.4722770154476166
Sample 18,TimesFM,0.6643712520599365
Sample 18,Chronos,0.3356287479400635
Sample 19,Chronos,0.7087171077728271
Sample 19,Moirai,0.29128289222717285
Sample 20,Moirai,0.701671302318573
Sample 20,Chronos,0.2983287572860718
Sample 21,Chronos,0.7665467858314514
Sample 21,Timer,0.23345327377319336
Sample 22,Chronos,0.7130955457687378
Sample 22,TimesFM,0.2869044542312622
Sample 23,Timer,0.5437401533126831
Sample 23,TimesFM,0.4562597870826721
Sample 24,TimesFM,0.5649195909500122
Sample 24,Moirai,0.4350804090499878
Sample 25,Timer,0.6276101469993591
Sample 25,Chronos,0.37238991260528564
Sample 26,Moirai,0.7149462103843689
Sample 26,Timer,0.2850538492202759
Sample 27,Chronos,0.5788548588752747
Sample 27,Timer,0.42114517092704773
Sample 28,Time-MoE,0.8471487760543823
Sample 28,TimesFM,0.1528511792421341
Sample 29,Timer,0.5463395118713379
Sample 29,Moirai,0.4536604881286621
Sample 30,Moirai,0.7280809879302979
Sample 30,Timer,0.2719189524650574
Sample 31,TimesFM,0.7326129674911499
Sample 31,Time-MoE,0.2673870623111725
Sample 0,TimesFM,0.8043444752693176
Sample 0,Moirai,0.19565550982952118
Sample 1,Timer,0.5147603154182434
Sample 1,Moirai,0.485239714384079
Sample 2,Chronos,0.566929817199707
Sample 2,TimesFM,0.43307021260261536
Sample 3,Chronos,0.7592111229896545
Sample 3,Timer,0.24078889191150665
Sample 4,Chronos,0.5279128551483154
Sample 4,Time-MoE,0.47208717465400696
Sample 5,Timer,0.5539542436599731
Sample 5,Moirai,0.4460456967353821
Sample 6,Timer,0.7259389162063599
Sample 6,Chronos,0.2740611135959625
Sample 7,TimesFM,0.8007909059524536
Sample 7,Time-MoE,0.19920910894870758
Sample 8,Moirai,0.9802694916725159
Sample 8,Chronos,0.01973048597574234
Sample 9,Moirai,0.5119021534919739
Sample 9,Timer,0.48809781670570374
Sample 10,Moirai,0.6655721664428711
Sample 10,Timer,0.3344278633594513
Sample 11,Chronos,0.6840593218803406
Sample 11,TimesFM,0.3159406781196594
Sample 12,Chronos,0.7195131778717041
Sample 12,Timer,0.2804867923259735
Sample 13,Moirai,0.5707464814186096
Sample 13,Timer,0.429253488779068
Sample 14,Timer,0.7232971787452698
Sample 14,Chronos,0.2767028212547302
Sample 15,TimesFM,0.7264448404312134
Sample 15,Time-MoE,0.273555189371109
Sample 16,Moirai,0.9535861611366272
Sample 16,Time-MoE,0.046413861215114594
Sample 17,Timer,0.5794550776481628
Sample 17,Moirai,0.42054495215415955
Sample 18,TimesFM,0.729459285736084
Sample 18,Timer,0.2705407738685608
Sample 19,Chronos,0.6377273201942444
Sample 19,Timer,0.362272709608078
Sample 20,Timer,0.6916021108627319
Sample 20,Moirai,0.30839788913726807
Sample 21,Moirai,0.5202555060386658
Sample 21,Timer,0.47974446415901184
Sample 22,Timer,0.7127476930618286
Sample 22,Chronos,0.2872522473335266
Sample 23,TimesFM,0.7477425932884216
Sample 23,Time-MoE,0.25225740671157837
Sample 24,Moirai,0.9479291439056396
Sample 24,Chronos,0.052070800215005875
Sample 25,Timer,0.6318914294242859
Sample 25,Chronos,0.3681086003780365
Sample 26,Timer,0.6037504076957703
Sample 26,Moirai,0.39624956250190735
Sample 27,Chronos,0.9204456210136414
Sample 27,Moirai,0.07955440878868103
Sample 28,TimesFM,0.7806374430656433
Sample 28,Time-MoE,0.2193625271320343
Sample 29,Chronos,0.5075556635856628
Sample 29,Moirai,0.49244436621665955
Sample 30,Timer,0.6435069441795349
Sample 30,Chronos,0.3564930558204651
Sample 31,TimesFM,0.7700458765029907
Sample 31,Time-MoE,0.22995412349700928
Sample 0,TimesFM,0.559330403804779
Sample 0,Moirai,0.44066962599754333
Sample 1,Moirai,0.5254441499710083
Sample 1,Timer,0.4745558500289917
Sample 2,Moirai,0.7130422592163086
Sample 2,Chronos,0.2869577407836914
Sample 3,Chronos,0.7206745743751526
Sample 3,Moirai,0.2793254554271698
Sample 4,TimesFM,0.5658258199691772
Sample 4,Time-MoE,0.43417420983314514
Sample 5,Timer,0.6958727240562439
Sample 5,Moirai,0.3041272759437561
Sample 6,Timer,0.5274989604949951
Sample 6,Chronos,0.4725010395050049
Sample 7,TimesFM,0.6779897809028625
Sample 7,Time-MoE,0.32201024889945984
Sample 8,Moirai,0.5653143525123596
Sample 8,TimesFM,0.4346856474876404
Sample 9,Timer,0.6911239624023438
Sample 9,Moirai,0.30887603759765625
Sample 10,Timer,0.572319507598877
Sample 10,Moirai,0.42768052220344543
Sample 11,Chronos,0.9745425581932068
Sample 11,Timer,0.025457410141825676
Sample 12,TimesFM,0.6047049760818481
Sample 12,Time-MoE,0.39529505372047424
Sample 13,Timer,0.5291094779968262
Sample 13,Chronos,0.47089052200317383
Sample 14,Timer,0.8714017271995544
Sample 14,Moirai,0.12859824299812317
Sample 15,TimesFM,0.6232751607894897
Sample 15,Time-MoE,0.37672483921051025
Sample 16,Moirai,0.8702327609062195
Sample 16,Timer,0.1297672539949417
Sample 17,Timer,0.6730253100395203
Sample 17,Chronos,0.32697463035583496
Sample 18,TimesFM,0.9352067112922668
Sample 18,Time-MoE,0.06479329615831375
Sample 19,Moirai,0.6244967579841614
Sample 19,Timer,0.37550321221351624
Sample 20,TimesFM,0.7219904661178589
Sample 20,Time-MoE,0.2780095040798187
Sample 21,Chronos,0.5213855504989624
Sample 21,Timer,0.4786144495010376
Sample 22,Timer,0.5690999031066895
Sample 22,Moirai,0.43090003728866577
Sample 23,Timer,0.6020325422286987
Sample 23,Chronos,0.3979674279689789
Sample 24,TimesFM,0.7104525566101074
Sample 24,Time-MoE,0.2895474433898926
Sample 25,Timer,0.5614686608314514
Sample 25,Chronos,0.43853136897087097
Sample 26,TimesFM,0.8397125005722046
Sample 26,Timer,0.16028746962547302
Sample 27,Chronos,0.9794796109199524
Sample 27,Moirai,0.020520420745015144
Sample 28,TimesFM,0.6115593314170837
Sample 28,Time-MoE,0.38844069838523865
Sample 29,Chronos,0.6413636207580566
Sample 29,Timer,0.35863640904426575
Sample 30,Timer,0.6379987597465515
Sample 30,Chronos,0.3620012104511261
Sample 31,TimesFM,0.7618491053581238
Sample 31,Time-MoE,0.23815090954303741
Sample 0,TimesFM,0.7316251397132874
Sample 0,Moirai,0.2683749198913574
Sample 1,Timer,0.5199605226516724
Sample 1,Moirai,0.48003950715065
Sample 2,TimesFM,0.5109146237373352
Sample 2,Timer,0.4890853464603424
Sample 3,Chronos,0.68790203332901
Sample 3,Moirai,0.3120979964733124
Sample 4,Timer,0.8848166465759277
Sample 4,Moirai,0.11518336832523346
Sample 5,Chronos,0.6638067364692688
Sample 5,TimesFM,0.3361932933330536
Sample 6,Moirai,0.7537314891815186
Sample 6,Chronos,0.24626845121383667
Sample 7,TimesFM,0.5242803692817688
Sample 7,Time-MoE,0.4757196307182312
Sample 8,Moirai,0.7492929697036743
Sample 8,TimesFM,0.25070706009864807
Sample 9,Timer,0.6211670637130737
Sample 9,Moirai,0.3788329064846039
Sample 10,Chronos,0.7522855401039124
Sample 10,Time-MoE,0.24771443009376526
Sample 11,Chronos,0.8738188147544861
Sample 11,Timer,0.1261812299489975
Sample 12,TimesFM,0.7666534781455994
Sample 12,Time-MoE,0.23334650695323944
Sample 13,Timer,0.6834380030632019
Sample 13,Chronos,0.3165620267391205
Sample 14,Moirai,0.5353205800056458
Sample 14,Timer,0.46467941999435425
Sample 15,TimesFM,0.665162205696106
Sample 15,Time-MoE,0.33483776450157166
Sample 16,Moirai,0.6214666366577148
Sample 16,TimesFM,0.37853339314460754
Sample 17,Chronos,0.6113961338996887
Sample 17,Timer,0.38860389590263367
Sample 18,TimesFM,0.6724413633346558
Sample 18,Time-MoE,0.32755857706069946
Sample 19,Chronos,0.9450296759605408
Sample 19,Moirai,0.05497027188539505
Sample 20,TimesFM,0.738739550113678
Sample 20,Time-MoE,0.26126039028167725
Sample 21,Chronos,0.5126445293426514
Sample 21,Timer,0.48735547065734863
Sample 22,Moirai,0.6016970872879028
Sample 22,Timer,0.39830291271209717
Sample 23,TimesFM,0.7765691876411438
Sample 23,Time-MoE,0.22343085706233978
Sample 24,TimesFM,0.5805018544197083
Sample 24,Time-MoE,0.41949817538261414
Sample 25,Timer,0.5389807820320129
Sample 25,Chronos,0.46101921796798706
Sample 26,TimesFM,0.8382781744003296
Sample 26,Time-MoE,0.16172179579734802
Sample 27,Chronos,0.6874232888221741
Sample 27,Timer,0.31257668137550354
Sample 28,TimesFM,0.869421124458313
Sample 28,Time-MoE,0.13057881593704224
Sample 29,Chronos,0.653476357460022
Sample 29,Timer,0.3465236723423004
Sample 30,Moirai,0.5225419402122498
Sample 30,Timer,0.47745802998542786
Sample 31,TimesFM,0.8301099538803101
Sample 31,Time-MoE,0.16989007592201233
Sample 0,Moirai,0.9352192282676697
Sample 0,TimesFM,0.06478075683116913
Sample 1,Timer,0.557745635509491
Sample 1,Moirai,0.44225433468818665
Sample 2,Timer,0.5969393253326416
Sample 2,Chronos,0.4030607044696808
Sample 3,Chronos,0.7846408486366272
Sample 3,Moirai,0.215359166264534
Sample 4,Timer,0.7598856687545776
Sample 4,Moirai,0.24011436104774475
Sample 5,Timer,0.6696783900260925
Sample 5,Chronos,0.3303215801715851
Sample 6,Timer,0.7125066518783569
Sample 6,Moirai,0.28749334812164307
Sample 7,TimesFM,0.7308624386787415
Sample 7,Time-MoE,0.26913759112358093
Sample 8,Moirai,0.9710133075714111
Sample 8,Time-MoE,0.02898670919239521
Sample 9,Timer,0.6338633894920349
Sample 9,Moirai,0.3661366105079651
Sample 10,TimesFM,0.910049319267273
Sample 10,Moirai,0.08995071798563004
Sample 11,Chronos,0.7789134383201599
Sample 11,Moirai,0.22108657658100128
Sample 12,TimesFM,0.6240532994270325
Sample 12,Chronos,0.3759467303752899
Sample 13,Chronos,0.6163842082023621
Sample 13,Moirai,0.38361576199531555
Sample 14,Chronos,0.5439838767051697
Sample 14,Moirai,0.4560161530971527
Sample 15,TimesFM,0.5816280245780945
Sample 15,Timer,0.41837194561958313
Sample 16,Moirai,0.9539414048194885
Sample 16,Chronos,0.04605861008167267
Sample 17,Timer,0.5721191763877869
Sample 17,Chronos,0.4278808832168579
Sample 18,Moirai,0.5754090547561646
Sample 18,Timer,0.42459094524383545
Sample 19,Chronos,0.9078736305236816
Sample 19,Timer,0.09212638437747955
Sample 20,TimesFM,0.660718560218811
Sample 20,Time-MoE,0.33928143978118896
Sample 21,Chronos,0.5144873857498169
Sample 21,Moirai,0.4855125844478607
Sample 22,Timer,0.5612973570823669
Sample 22,Moirai,0.43870267271995544
Sample 23,TimesFM,0.7910054326057434
Sample 23,Time-MoE,0.2089945375919342
Sample 24,Moirai,0.7922350764274597
Sample 24,TimesFM,0.2077648788690567
Sample 25,Timer,0.652083694934845
Sample 25,Chronos,0.3479163646697998
Sample 26,Moirai,0.5819147825241089
Sample 26,Timer,0.4180852472782135
Sample 27,Chronos,0.837813675403595
Sample 27,Timer,0.16218632459640503
Sample 28,TimesFM,0.7313700318336487
Sample 28,Time-MoE,0.2686300277709961
Sample 29,Timer,0.7850130796432495
Sample 29,Moirai,0.2149869054555893
Sample 30,Timer,0.7347767949104309
Sample 30,Moirai,0.2652232348918915
Sample 31,TimesFM,0.8029729127883911
Sample 31,Time-MoE,0.19702710211277008
Sample 0,TimesFM,0.780312180519104
Sample 0,Time-MoE,0.219687819480896
Sample 1,Timer,0.6091649532318115
Sample 1,Moirai,0.3908350467681885
Sample 2,Timer,0.6702374815940857
Sample 2,Chronos,0.3297624886035919
Sample 3,Chronos,0.7029759287834167
Sample 3,Moirai,0.29702410101890564
Sample 4,TimesFM,0.8782695531845093
Sample 4,Time-MoE,0.12173048406839371
Sample 5,Moirai,0.5172619223594666
Sample 5,Timer,0.4827381372451782
Sample 6,Moirai,0.6926993727684021
Sample 6,Timer,0.3073006272315979
Sample 7,TimesFM,0.5794809460639954
Sample 7,Time-MoE,0.42051905393600464
Sample 8,Moirai,0.7001484036445618
Sample 8,TimesFM,0.2998516261577606
Sample 9,Moirai,0.5335854887962341
Sample 9,Timer,0.46641451120376587
Sample 10,Moirai,0.5850891470909119
Sample 10,Timer,0.4149108827114105
Sample 11,Chronos,0.6904408931732178
Sample 11,Moirai,0.3095591068267822
Sample 12,Time-MoE,0.5500340461730957
Sample 12,Timer,0.4499659240245819
Sample 13,Chronos,0.8547706604003906
Sample 13,Timer,0.14522935450077057
Sample 14,TimesFM,0.8526288866996765
Sample 14,Chronos,0.14737112820148468
Sample 15,TimesFM,0.6371642351150513
Sample 15,Time-MoE,0.36283576488494873
Sample 16,TimesFM,0.8217261433601379
Sample 16,Time-MoE,0.17827384173870087
Sample 17,Moirai,0.5055571794509888
Sample 17,Timer,0.49444279074668884
Sample 18,TimesFM,0.8579131364822388
Sample 18,Time-MoE,0.14208680391311646
Sample 19,Chronos,0.5848544836044312
Sample 19,Moirai,0.4151454567909241
Sample 20,Timer,0.5093790292739868
Sample 20,Moirai,0.4906209111213684
Sample 21,Timer,0.6141546368598938
Sample 21,Moirai,0.3858453631401062
Sample 22,Timer,0.6830125451087952
Sample 22,Chronos,0.31698745489120483
Sample 23,TimesFM,0.8367174863815308
Sample 23,Time-MoE,0.1632825881242752
Sample 24,Moirai,0.9584337472915649
Sample 24,Time-MoE,0.04156624898314476
Sample 25,Moirai,0.5216236710548401
Sample 25,Timer,0.4783762991428375
Sample 26,TimesFM,0.7962056994438171
Sample 26,Time-MoE,0.20379430055618286
Sample 27,Moirai,0.5693824887275696
Sample 27,Chronos,0.4306175112724304
Sample 28,Moirai,0.74640291929245
Sample 28,Chronos,0.25359711050987244
Sample 29,Timer,0.5785716772079468
Sample 29,Moirai,0.42142829298973083
Sample 30,Moirai,0.8177570104598999
Sample 30,TimesFM,0.1822429746389389
Sample 31,TimesFM,0.5497398376464844
Sample 31,Time-MoE,0.45026010274887085
Sample 0,Moirai,0.9159724712371826
Sample 0,Chronos,0.0840274840593338
Sample 1,Timer,0.6251375079154968
Sample 1,Chronos,0.37486252188682556
Sample 2,TimesFM,0.6226561665534973
Sample 2,Moirai,0.37734389305114746
Sample 3,Chronos,0.7855550050735474
Sample 3,Timer,0.21444498002529144
Sample 4,Chronos,0.9223623275756836
Sample 4,Time-MoE,0.0776376724243164
Sample 5,Moirai,0.5664200782775879
Sample 5,Chronos,0.4335799515247345
Sample 6,Chronos,0.67466801404953
Sample 6,Timer,0.32533198595046997
Sample 7,TimesFM,0.7625092267990112
Sample 7,Time-MoE,0.23749080300331116
Sample 8,Moirai,0.8493630290031433
Sample 8,TimesFM,0.1506369709968567
Sample 9,Timer,0.6140212416648865
Sample 9,Moirai,0.3859787881374359
Sample 10,Timer,0.8673463463783264
Sample 10,TimesFM,0.13265360891819
Sample 11,Chronos,0.7960814237594604
Sample 11,Moirai,0.20391850173473358
Sample 12,TimesFM,0.7315117716789246
Sample 12,Timer,0.26848822832107544
Sample 13,Timer,0.5212817788124084
Sample 13,Moirai,0.47871822118759155
Sample 14,Timer,0.5703830718994141
Sample 14,Moirai,0.4296169579029083
Sample 15,TimesFM,0.8246534466743469
Sample 15,Time-MoE,0.17534658312797546
Sample 0,Moirai,0.933260977268219
Sample 0,Time-MoE,0.0667390376329422
Sample 1,Timer,0.6016067862510681
Sample 1,Chronos,0.3983932137489319
Sample 2,Chronos,0.6097337007522583
Sample 2,TimesFM,0.3902663290500641
Sample 3,Chronos,0.8197649717330933
Sample 3,Moirai,0.18023505806922913
Sample 4,Timer,0.7738059759140015
Sample 4,Chronos,0.22619403898715973
Sample 5,Timer,0.6812209486961365
Sample 5,Chronos,0.31877902150154114
Sample 6,Timer,0.5190141201019287
Sample 6,Chronos,0.48098593950271606
Sample 7,TimesFM,0.8026713728904724
Sample 7,Time-MoE,0.19732865691184998
Sample 8,Moirai,0.9668766260147095
Sample 8,Time-MoE,0.03312339633703232
Sample 9,Timer,0.6283583641052246
Sample 9,Chronos,0.3716416656970978
Sample 10,Timer,0.7405904531478882
Sample 10,Moirai,0.2594095468521118
Sample 11,Chronos,0.7591938972473145
Sample 11,Moirai,0.24080614745616913
Sample 12,TimesFM,0.8828957676887512
Sample 12,Time-MoE,0.11710425466299057
Sample 13,Chronos,0.5003708004951477
Sample 13,Timer,0.4996292293071747
Sample 14,Timer,0.7457523941993713
Sample 14,Moirai,0.25424763560295105
Sample 15,TimesFM,0.8568823337554932
Sample 15,Time-MoE,0.14311769604682922
Sample 16,Moirai,0.8556455969810486
Sample 16,Time-MoE,0.1443544179201126
Sample 17,Timer,0.5038574934005737
Sample 17,Moirai,0.49614250659942627
Sample 18,TimesFM,0.6616898775100708
Sample 18,Chronos,0.3383100628852844
Sample 19,Chronos,0.7236718535423279
Sample 19,Moirai,0.2763281464576721
Sample 20,Moirai,0.6740545034408569
Sample 20,Chronos,0.32594552636146545
Sample 21,Chronos,0.782860279083252
Sample 21,Moirai,0.21713967621326447
Sample 22,Chronos,0.7064758539199829
Sample 22,TimesFM,0.2935241460800171
Sample 23,Timer,0.5561258792877197
Sample 23,TimesFM,0.44387415051460266
Sample 24,TimesFM,0.5548834204673767
Sample 24,Moirai,0.4451165497303009
Sample 25,Timer,0.598912239074707
Sample 25,Chronos,0.40108776092529297
Sample 26,Moirai,0.7284153699874878
Sample 26,Timer,0.27158457040786743
Sample 27,Chronos,0.6022276878356934
Sample 27,Timer,0.39777234196662903
Sample 28,Time-MoE,0.8632402420043945
Sample 28,TimesFM,0.1367597132921219
Sample 29,Timer,0.5261551141738892
Sample 29,Moirai,0.4738449156284332
Sample 30,Moirai,0.7430433034896851
Sample 30,Timer,0.25695672631263733
Sample 31,TimesFM,0.7302250862121582
Sample 31,Time-MoE,0.2697749137878418
Sample 0,TimesFM,0.799635648727417
Sample 0,Time-MoE,0.20036441087722778
Sample 1,Moirai,0.5062304735183716
Sample 1,Timer,0.4937695264816284
Sample 2,Chronos,0.5626967549324036
Sample 2,TimesFM,0.4373032748699188
Sample 3,Chronos,0.7989230155944824
Sample 3,Timer,0.20107698440551758
Sample 4,Chronos,0.532075822353363
Sample 4,Time-MoE,0.46792420744895935
Sample 5,Timer,0.5310491919517517
Sample 5,Moirai,0.4689508080482483
Sample 6,Timer,0.7107201218605042
Sample 6,Chronos,0.28927984833717346
Sample 7,TimesFM,0.7925819158554077
Sample 7,Time-MoE,0.2074180543422699
Sample 8,Moirai,0.9785228371620178
Sample 8,Chronos,0.02147722989320755
Sample 9,Moirai,0.5365654826164246
Sample 9,Timer,0.4634345471858978
Sample 10,Moirai,0.6765058636665344
Sample 10,Timer,0.3234941363334656
Sample 11,Chronos,0.6928905248641968
Sample 11,TimesFM,0.30710944533348083
Sample 12,Chronos,0.7249367237091064
Sample 12,Timer,0.27506333589553833
Sample 13,Moirai,0.5955459475517273
Sample 13,Chronos,0.4044540822505951
Sample 14,Timer,0.7053037881851196
Sample 14,Chronos,0.294696182012558
Sample 15,TimesFM,0.7255998849868774
Sample 15,Time-MoE,0.27440014481544495
Sample 16,Moirai,0.9517108798027039
Sample 16,Time-MoE,0.04828916862607002
Sample 17,Timer,0.5596258044242859
Sample 17,Moirai,0.4403742253780365
Sample 18,TimesFM,0.757164478302002
Sample 18,Timer,0.24283550679683685
Sample 19,Chronos,0.6845505833625793
Sample 19,Timer,0.31544941663742065
Sample 20,Timer,0.6821423768997192
Sample 20,Moirai,0.31785768270492554
Sample 21,Moirai,0.5450899600982666
Sample 21,Timer,0.4549100399017334
Sample 22,Timer,0.7006155252456665
Sample 22,Chronos,0.2993844747543335
Sample 23,TimesFM,0.7421321868896484
Sample 23,Time-MoE,0.25786784291267395
Sample 24,Moirai,0.9430783987045288
Sample 24,Chronos,0.056921571493148804
Sample 25,Timer,0.5958273410797119
Sample 25,Chronos,0.4041726589202881
Sample 26,Timer,0.591028094291687
Sample 26,Moirai,0.4089718759059906
Sample 27,Chronos,0.9287500381469727
Sample 27,Moirai,0.07124993205070496
Sample 28,TimesFM,0.7725375890731812
Sample 28,Time-MoE,0.22746238112449646
Sample 29,Chronos,0.5243701338768005
Sample 29,Moirai,0.4756298363208771
Sample 30,Timer,0.6109042167663574
Sample 30,Chronos,0.38909581303596497
Sample 31,TimesFM,0.7597955465316772
Sample 31,Time-MoE,0.24020440876483917
Sample 0,TimesFM,0.5502210855484009
Sample 0,Moirai,0.44977888464927673
Sample 1,Moirai,0.5480345487594604
Sample 1,Timer,0.45196548104286194
Sample 2,Moirai,0.7093876600265503
Sample 2,Chronos,0.2906123101711273
Sample 3,Chronos,0.7489280104637146
Sample 3,Moirai,0.2510720193386078
Sample 4,TimesFM,0.5604784488677979
Sample 4,Time-MoE,0.43952152132987976
Sample 5,Timer,0.6878309845924377
Sample 5,Moirai,0.31216901540756226
Sample 6,Chronos,0.5044395923614502
Sample 6,Timer,0.4955604672431946
Sample 7,TimesFM,0.6722255349159241
Sample 7,Time-MoE,0.3277745246887207
Sample 8,Moirai,0.5722820162773132
Sample 8,Time-MoE,0.42771804332733154
Sample 9,Timer,0.6659863591194153
Sample 9,Chronos,0.3340136706829071
Sample 10,Timer,0.5606635808944702
Sample 10,Moirai,0.4393363893032074
Sample 11,Chronos,0.9792342185974121
Sample 11,Timer,0.020765772089362144
Sample 12,TimesFM,0.5908311605453491
Sample 12,Time-MoE,0.40916886925697327
Sample 13,Chronos,0.527933657169342
Sample 13,Timer,0.47206634283065796
Sample 14,Timer,0.8675646781921387
Sample 14,Moirai,0.13243532180786133
Sample 15,TimesFM,0.6145220994949341
Sample 15,Time-MoE,0.38547787070274353
Sample 16,Moirai,0.8788020014762878
Sample 16,Timer,0.12119802832603455
Sample 17,Timer,0.6366205215454102
Sample 17,Chronos,0.36337947845458984
Sample 18,TimesFM,0.9413841962814331
Sample 18,Time-MoE,0.05861580744385719
Sample 19,Moirai,0.6381648182868958
Sample 19,Timer,0.36183521151542664
Sample 20,TimesFM,0.7166249752044678
Sample 20,Time-MoE,0.2833750247955322
Sample 21,Chronos,0.5724195241928101
Sample 21,Moirai,0.42758050560951233
Sample 22,Timer,0.5610508322715759
Sample 22,Moirai,0.4389491677284241
Sample 23,Timer,0.5993649363517761
Sample 23,Chronos,0.4006350636482239
Sample 24,TimesFM,0.693926990032196
Sample 24,Time-MoE,0.30607298016548157
Sample 25,Timer,0.5084114074707031
Sample 25,Chronos,0.4915885925292969
Sample 26,TimesFM,0.8548964262008667
Sample 26,Timer,0.1451035588979721
Sample 27,Chronos,0.9821641445159912
Sample 27,Moirai,0.017835810780525208
Sample 28,TimesFM,0.5997330546379089
Sample 28,Time-MoE,0.4002668857574463
Sample 29,Chronos,0.6983611583709717
Sample 29,Timer,0.3016388714313507
Sample 30,Timer,0.5938718914985657
Sample 30,Chronos,0.4061281085014343
Sample 31,TimesFM,0.7564123272895813
Sample 31,Time-MoE,0.2435876429080963
Sample 0,TimesFM,0.7309246063232422
Sample 0,Moirai,0.2690753936767578
Sample 1,Moirai,0.5018949508666992
Sample 1,Timer,0.4981050491333008
Sample 2,Timer,0.5006073117256165
Sample 2,TimesFM,0.49939268827438354
Sample 3,Chronos,0.7284189462661743
Sample 3,Moirai,0.2715810239315033
Sample 4,Timer,0.8869664669036865
Sample 4,Moirai,0.1130334809422493
Sample 5,Chronos,0.6911436915397644
Sample 5,TimesFM,0.3088563084602356
Sample 6,Moirai,0.733042299747467
Sample 6,Chronos,0.26695770025253296
Sample 7,TimesFM,0.5170391201972961
Sample 7,Time-MoE,0.48296087980270386
Sample 8,Moirai,0.7556903958320618
Sample 8,TimesFM,0.24430961906909943
Sample 9,Timer,0.6001030802726746
Sample 9,Chronos,0.39989688992500305
Sample 10,Chronos,0.7618910074234009
Sample 10,Time-MoE,0.23810899257659912
Sample 11,Chronos,0.9056264758110046
Sample 11,Timer,0.09437351673841476
Sample 12,TimesFM,0.7609620094299316
Sample 12,Time-MoE,0.23903802037239075
Sample 13,Timer,0.6376041173934937
Sample 13,Chronos,0.36239588260650635
Sample 14,Moirai,0.5590536594390869
Sample 14,Timer,0.4409463405609131
Sample 15,TimesFM,0.6529685258865356
Sample 15,Time-MoE,0.34703144431114197
Sample 16,Moirai,0.6258816123008728
Sample 16,TimesFM,0.3741183876991272
Sample 17,Chronos,0.6560996770858765
Sample 17,Timer,0.3439003825187683
Sample 18,TimesFM,0.6713027358055115
Sample 18,Time-MoE,0.3286972641944885
Sample 19,Chronos,0.9517699480056763
Sample 19,Moirai,0.04823002964258194
Sample 20,TimesFM,0.7344217896461487
Sample 20,Time-MoE,0.26557818055152893
Sample 21,Chronos,0.573625922203064
Sample 21,Timer,0.42637404799461365
Sample 22,Moirai,0.600980281829834
Sample 22,Timer,0.3990197479724884
Sample 23,TimesFM,0.7756521105766296
Sample 23,Time-MoE,0.22434787452220917
Sample 24,TimesFM,0.5576993227005005
Sample 24,Time-MoE,0.4423006772994995
Sample 25,Chronos,0.5239124894142151
Sample 25,Timer,0.4760874807834625
Sample 26,TimesFM,0.8379834294319153
Sample 26,Time-MoE,0.16201654076576233
Sample 27,Chronos,0.7433981895446777
Sample 27,Timer,0.2566017806529999
Sample 28,TimesFM,0.8701095581054688
Sample 28,Time-MoE,0.12989038228988647
Sample 29,Chronos,0.7061893343925476
Sample 29,Timer,0.29381063580513
Sample 30,Moirai,0.5222137570381165
Sample 30,Chronos,0.47778627276420593
Sample 31,TimesFM,0.8289944529533386
Sample 31,Time-MoE,0.17100560665130615
Sample 0,Moirai,0.9373916387557983
Sample 0,TimesFM,0.06260833144187927
Sample 1,Timer,0.5417170524597168
Sample 1,Moirai,0.4582828879356384
Sample 2,Timer,0.5664284229278564
Sample 2,Chronos,0.43357160687446594
Sample 3,Chronos,0.819761335849762
Sample 3,Moirai,0.18023866415023804
Sample 4,Timer,0.7570092082023621
Sample 4,TimesFM,0.2429908663034439
Sample 5,Timer,0.6127151846885681
Sample 5,Chronos,0.3872848153114319
Sample 6,Timer,0.7046719789505005
Sample 6,Moirai,0.2953280508518219
Sample 7,TimesFM,0.7285534739494324
Sample 7,Time-MoE,0.27144646644592285
Sample 8,Moirai,0.9708779454231262
Sample 8,Time-MoE,0.0291220061480999
Sample 9,Timer,0.576685905456543
Sample 9,Chronos,0.42331409454345703
Sample 10,TimesFM,0.9198004603385925
Sample 10,Moirai,0.08019948750734329
Sample 11,Chronos,0.8028398752212524
Sample 11,Moirai,0.19716016948223114
Sample 12,TimesFM,0.6288124918937683
Sample 12,Chronos,0.3711875081062317
Sample 13,Chronos,0.6475969552993774
Sample 13,Moirai,0.35240301489830017
Sample 14,Chronos,0.5710315108299255
Sample 14,Moirai,0.42896854877471924
Sample 15,TimesFM,0.589472234249115
Sample 15,Timer,0.410527765750885
Sample 16,Moirai,0.9488183259963989
Sample 16,Chronos,0.051181696355342865
Sample 17,Timer,0.506566047668457
Sample 17,Chronos,0.49343398213386536
Sample 18,Moirai,0.580866277217865
Sample 18,Timer,0.4191336929798126
Sample 19,Chronos,0.9295079708099365
Sample 19,Timer,0.07049203664064407
Sample 20,TimesFM,0.6551262140274048
Sample 20,Time-MoE,0.3448737561702728
Sample 21,Chronos,0.5594184994697571
Sample 21,Moirai,0.4405815005302429
Sample 22,Timer,0.549318790435791
Sample 22,Moirai,0.450681209564209
Sample 23,TimesFM,0.7949508428573608
Sample 23,Time-MoE,0.20504915714263916
Sample 24,Moirai,0.800633430480957
Sample 24,TimesFM,0.19936655461788177
Sample 25,Timer,0.5967686772346497
Sample 25,Chronos,0.40323135256767273
Sample 26,Moirai,0.5560768842697144
Sample 26,Timer,0.44392314553260803
Sample 27,Chronos,0.8765027523040771
Sample 27,Moirai,0.12349724769592285
Sample 28,TimesFM,0.7347894906997681
Sample 28,Time-MoE,0.26521050930023193
Sample 29,Timer,0.7794803977012634
Sample 29,Moirai,0.22051964700222015
Sample 30,Timer,0.7319745421409607
Sample 30,Moirai,0.2680255174636841
Sample 31,TimesFM,0.8042852878570557
Sample 31,Time-MoE,0.19571468234062195
Sample 0,TimesFM,0.7788194417953491
Sample 0,Time-MoE,0.2211805284023285
Sample 1,Timer,0.5617389678955078
Sample 1,Chronos,0.4382610321044922
Sample 2,Timer,0.6638867855072021
Sample 2,Chronos,0.3361131548881531
Sample 3,Chronos,0.7521254420280457
Sample 3,Moirai,0.24787451326847076
Sample 4,TimesFM,0.8823497891426086
Sample 4,Time-MoE,0.11765023320913315
Sample 5,Moirai,0.536162257194519
Sample 5,Timer,0.46383771300315857
Sample 6,Moirai,0.7071964144706726
Sample 6,Timer,0.29280364513397217
Sample 7,TimesFM,0.5778061747550964
Sample 7,Time-MoE,0.42219382524490356
Sample 8,Moirai,0.7081974148750305
Sample 8,TimesFM,0.2918025851249695
Sample 9,Moirai,0.538077712059021
Sample 9,Chronos,0.4619223177433014
Sample 10,Moirai,0.5755651593208313
Sample 10,Timer,0.4244348704814911
Sample 11,Chronos,0.7385274767875671
Sample 11,Moirai,0.26147252321243286
Sample 12,Time-MoE,0.5587379336357117
Sample 12,Timer,0.44126206636428833
Sample 13,Chronos,0.8725219964981079
Sample 13,Timer,0.1274779736995697
Sample 14,TimesFM,0.8619529604911804
Sample 14,Chronos,0.13804705440998077
Sample 15,TimesFM,0.6341320276260376
Sample 15,Time-MoE,0.3658680021762848
Sample 16,TimesFM,0.8243135809898376
Sample 16,Time-MoE,0.17568647861480713
Sample 17,Moirai,0.524207592010498
Sample 17,Timer,0.47579243779182434
Sample 18,TimesFM,0.8625505566596985
Sample 18,Time-MoE,0.1374494731426239
Sample 19,Chronos,0.6412658095359802
Sample 19,Moirai,0.35873425006866455
Sample 20,Moirai,0.5122790932655334
Sample 20,Timer,0.48772093653678894
Sample 21,Timer,0.5897501111030579
Sample 21,Chronos,0.4102499186992645
Sample 22,Timer,0.633764922618866
Sample 22,Chronos,0.3662351071834564
Sample 23,TimesFM,0.8404313921928406
Sample 23,Time-MoE,0.159568652510643
Sample 24,Moirai,0.9590139389038086
Sample 24,Time-MoE,0.040986012667417526
Sample 25,Moirai,0.5040379762649536
Sample 25,Chronos,0.4959620535373688
Sample 26,TimesFM,0.8018304109573364
Sample 26,Time-MoE,0.19816954433918
Sample 27,Moirai,0.5121549367904663
Sample 27,Chronos,0.4878450334072113
Sample 28,Moirai,0.736137866973877
Sample 28,Chronos,0.26386213302612305
Sample 29,Timer,0.5444273352622986
Sample 29,Chronos,0.45557263493537903
Sample 30,Moirai,0.8258296847343445
Sample 30,TimesFM,0.17417025566101074
Sample 31,TimesFM,0.5483490824699402
Sample 31,Time-MoE,0.4516509175300598
Sample 0,Moirai,0.9006500840187073
Sample 0,Chronos,0.09934993833303452
Sample 1,Timer,0.5593432784080505
Sample 1,Chronos,0.4406566619873047
Sample 2,TimesFM,0.6536338925361633
Sample 2,Moirai,0.3463660776615143
Sample 3,Chronos,0.8387851119041443
Sample 3,Timer,0.16121485829353333
Sample 4,Chronos,0.9257141947746277
Sample 4,Time-MoE,0.07428586483001709
Sample 5,Moirai,0.5206927061080933
Sample 5,Chronos,0.47930729389190674
Sample 6,Chronos,0.7331957221031189
Sample 6,Timer,0.2668043076992035
Sample 7,TimesFM,0.7662668824195862
Sample 7,Time-MoE,0.23373308777809143
Sample 8,Moirai,0.8526081442832947
Sample 8,TimesFM,0.14739184081554413
Sample 9,Timer,0.5589889287948608
Sample 9,Chronos,0.4410110414028168
Sample 10,Timer,0.8719647526741028
Sample 10,TimesFM,0.1280352622270584
Sample 11,Chronos,0.8323202729225159
Sample 11,Moirai,0.16767971217632294
Sample 12,TimesFM,0.7474842667579651
Sample 12,Timer,0.2525157034397125
Sample 13,Chronos,0.5014740228652954
Sample 13,Timer,0.4985259771347046
Sample 14,Timer,0.5500876903533936
Sample 14,Moirai,0.4499123692512512
Sample 15,TimesFM,0.8301779627799988
Sample 15,Time-MoE,0.16982203722000122
Sample 0,Moirai,0.936482846736908
Sample 0,Time-MoE,0.06351715326309204
Sample 1,Timer,0.5360801815986633
Sample 1,Chronos,0.46391981840133667
Sample 2,Chronos,0.6138303875923157
Sample 2,TimesFM,0.3861696124076843
Sample 3,Chronos,0.8510362505912781
Sample 3,Moirai,0.14896376430988312
Sample 4,Timer,0.762908935546875
Sample 4,Chronos,0.2370910346508026
Sample 5,Timer,0.6226564645767212
Sample 5,Chronos,0.3773435354232788
Sample 6,Chronos,0.5530964136123657
Sample 6,Timer,0.4469035565853119
Sample 7,TimesFM,0.8078761696815491
Sample 7,Time-MoE,0.19212380051612854
Sample 8,Moirai,0.9684090614318848
Sample 8,Time-MoE,0.031590934842824936
Sample 9,Timer,0.5647724270820618
Sample 9,Chronos,0.43522751331329346
Sample 10,Timer,0.7456048130989075
Sample 10,Moirai,0.25439518690109253
Sample 11,Chronos,0.7955074906349182
Sample 11,Moirai,0.20449255406856537
Sample 12,TimesFM,0.8900670409202576
Sample 12,Time-MoE,0.10993295907974243
Sample 13,Chronos,0.5735535025596619
Sample 13,Timer,0.4264465272426605
Sample 14,Timer,0.7196633219718933
Sample 14,Chronos,0.2803366780281067
Sample 15,TimesFM,0.8633235692977905
Sample 15,Time-MoE,0.13667646050453186
Sample 16,Moirai,0.8613800406455994
Sample 16,Time-MoE,0.1386200189590454
Sample 17,Moirai,0.519074559211731
Sample 17,Timer,0.4809255003929138
Sample 18,TimesFM,0.6643350720405579
Sample 18,Chronos,0.33566489815711975
Sample 19,Chronos,0.7679587602615356
Sample 19,Moirai,0.23204119503498077
Sample 20,Moirai,0.6527013778686523
Sample 20,Chronos,0.34729868173599243
Sample 21,Chronos,0.8118855953216553
Sample 21,Moirai,0.18811441957950592
Sample 22,Chronos,0.7214263677597046
Sample 22,TimesFM,0.2785736322402954
Sample 23,Timer,0.5666607022285461
Sample 23,TimesFM,0.43333935737609863
Sample 24,TimesFM,0.544104278087616
Sample 24,Moirai,0.4558957517147064
Sample 25,Timer,0.5310595631599426
Sample 25,Chronos,0.4689404368400574
Sample 26,Moirai,0.7435184121131897
Sample 26,Timer,0.2564815580844879
Sample 27,Chronos,0.6261628866195679
Sample 27,Moirai,0.37383708357810974
Sample 28,Time-MoE,0.8737672567367554
Sample 28,TimesFM,0.12623272836208344
Sample 29,Timer,0.5068652629852295
Sample 29,Moirai,0.4931347072124481
Sample 30,Moirai,0.761040985584259
Sample 30,Timer,0.238958939909935
Sample 31,TimesFM,0.7397030591964722
Sample 31,Time-MoE,0.26029688119888306
Sample 0,TimesFM,0.8045369982719421
Sample 0,Moirai,0.19546298682689667
Sample 1,Moirai,0.5271721482276917
Sample 1,Timer,0.47282788157463074
Sample 2,Chronos,0.5684325695037842
Sample 2,TimesFM,0.4315674602985382
Sample 3,Chronos,0.8424400091171265
Sample 3,Timer,0.1575600504875183
Sample 4,Chronos,0.5422729849815369
Sample 4,Time-MoE,0.4577270746231079
Sample 5,Timer,0.5095956325531006
Sample 5,Moirai,0.4904043674468994
Sample 6,Timer,0.6791661977767944
Sample 6,Chronos,0.32083380222320557
Sample 7,TimesFM,0.7994362115859985
Sample 7,Time-MoE,0.20056377351284027
Sample 8,Moirai,0.9773581027984619
Sample 8,Chronos,0.02264188416302204
Sample 9,Moirai,0.5546896457672119
Sample 9,Chronos,0.4453103542327881
Sample 10,Moirai,0.6958868503570557
Sample 10,Timer,0.30411311984062195
Sample 11,Chronos,0.705043613910675
Sample 11,TimesFM,0.29495638608932495
Sample 12,Chronos,0.738178551197052
Sample 12,Timer,0.2618214190006256
Sample 13,Moirai,0.5613948702812195
Sample 13,Chronos,0.4386051595211029
Sample 14,Timer,0.6670525074005127
Sample 14,Chronos,0.3329474925994873
Sample 15,TimesFM,0.7356954216957092
Sample 15,Time-MoE,0.26430457830429077
Sample 16,Moirai,0.9545465707778931
Sample 16,Time-MoE,0.045453403145074844
Sample 17,Timer,0.5401629209518433
Sample 17,Moirai,0.45983704924583435
Sample 18,TimesFM,0.7753673195838928
Sample 18,Timer,0.22463271021842957
Sample 19,Chronos,0.7293249368667603
Sample 19,Moirai,0.27067509293556213
Sample 20,Timer,0.6724204421043396
Sample 20,Moirai,0.327579528093338
Sample 21,Moirai,0.5442622900009155
Sample 21,Chronos,0.4557377099990845
Sample 22,Timer,0.6725558042526245
Sample 22,Chronos,0.3274441361427307
Sample 23,TimesFM,0.7474067211151123
Sample 23,Time-MoE,0.2525932788848877
Sample 24,Moirai,0.9375599026679993
Sample 24,Chronos,0.06244014948606491
Sample 25,Timer,0.5396770238876343
Sample 25,Chronos,0.4603229761123657
Sample 26,Timer,0.579354465007782
Sample 26,Moirai,0.4206455647945404
Sample 27,Chronos,0.9397050738334656
Sample 27,Moirai,0.06029488518834114
Sample 28,TimesFM,0.7794222235679626
Sample 28,Time-MoE,0.22057777643203735
Sample 29,Chronos,0.556355357170105
Sample 29,Moirai,0.4436446726322174
Sample 30,Timer,0.5545346140861511
Sample 30,Chronos,0.4454653561115265
Sample 31,TimesFM,0.7654463648796082
Sample 31,Time-MoE,0.23455360531806946
Sample 0,TimesFM,0.5383797287940979
Sample 0,Moirai,0.4616202712059021
Sample 1,Moirai,0.539084792137146
Sample 1,Chronos,0.4609151780605316
Sample 2,Moirai,0.712522566318512
Sample 2,Chronos,0.28747740387916565
Sample 3,Chronos,0.7756213545799255
Sample 3,Moirai,0.22437863051891327
Sample 4,TimesFM,0.5609287619590759
Sample 4,Time-MoE,0.43907126784324646
Sample 5,Timer,0.6868399381637573
Sample 5,Moirai,0.3131600618362427
Sample 6,Chronos,0.5449107885360718
Sample 6,Timer,0.455089271068573
Sample 7,TimesFM,0.6752050518989563
Sample 7,Time-MoE,0.3247949182987213
Sample 8,Moirai,0.5811521410942078
Sample 8,Time-MoE,0.41884785890579224
Sample 9,Timer,0.6309657692909241
Sample 9,Chronos,0.3690342605113983
Sample 10,Timer,0.5553646683692932
Sample 10,Moirai,0.4446353614330292
Sample 11,Chronos,0.982399046421051
Sample 11,Timer,0.01760094240307808
Sample 12,TimesFM,0.591251790523529
Sample 12,Time-MoE,0.40874817967414856
Sample 13,Chronos,0.5723604559898376
Sample 13,Timer,0.42763954401016235
Sample 14,Timer,0.8589680194854736
Sample 14,Chronos,0.14103201031684875
Sample 15,TimesFM,0.6180872917175293
Sample 15,Time-MoE,0.3819127380847931
Sample 16,Moirai,0.8864084482192993
Sample 16,Timer,0.11359148472547531
Sample 17,Timer,0.6089737415313721
Sample 17,Chronos,0.39102625846862793
Sample 18,TimesFM,0.9461861252784729
Sample 18,Time-MoE,0.05381389707326889
Sample 19,Moirai,0.6545864343643188
Sample 19,Timer,0.34541353583335876
Sample 20,TimesFM,0.721554160118103
Sample 20,Time-MoE,0.27844589948654175
Sample 21,Chronos,0.5891143679618835
Sample 21,Moirai,0.41088566184043884
Sample 22,Timer,0.5565835237503052
Sample 22,Moirai,0.44341644644737244
Sample 23,Timer,0.5879995822906494
Sample 23,Chronos,0.412000447511673
Sample 24,TimesFM,0.6960763931274414
Sample 24,Time-MoE,0.303923636674881
Sample 25,Chronos,0.5354775190353394
Sample 25,Timer,0.46452248096466064
Sample 26,TimesFM,0.8672503232955933
Sample 26,Timer,0.13274967670440674
Sample 27,Chronos,0.9841633439064026
Sample 27,Moirai,0.015836603939533234
Sample 28,TimesFM,0.6023309230804443
Sample 28,Time-MoE,0.39766907691955566
Sample 29,Chronos,0.7401226758956909
Sample 29,Timer,0.2598772943019867
Sample 30,Timer,0.5575242638587952
Sample 30,Chronos,0.44247573614120483
Sample 31,TimesFM,0.762441873550415
Sample 31,Time-MoE,0.23755814135074615
Sample 0,TimesFM,0.7288711071014404
Sample 0,Moirai,0.27112892270088196
Sample 1,Chronos,0.5032642483711243
Sample 1,Moirai,0.4967357814311981
Sample 2,Timer,0.5100475549697876
Sample 2,TimesFM,0.4899524450302124
Sample 3,Chronos,0.7434309124946594
Sample 3,Moirai,0.2565690577030182
Sample 4,Timer,0.8928742408752441
Sample 4,Moirai,0.10712577402591705
Sample 5,Chronos,0.7142189741134644
Sample 5,TimesFM,0.28578102588653564
Sample 6,Moirai,0.7284581065177917
Sample 6,Chronos,0.27154189348220825
Sample 7,TimesFM,0.5136956572532654
Sample 7,Time-MoE,0.48630431294441223
Sample 8,Moirai,0.7637007236480713
Sample 8,TimesFM,0.23629921674728394
Sample 9,Timer,0.5892466902732849
Sample 9,Chronos,0.4107533097267151
Sample 10,Chronos,0.7734552621841431
Sample 10,Time-MoE,0.22654473781585693
Sample 11,Chronos,0.9175534844398499
Sample 11,Timer,0.08244653791189194
Sample 12,TimesFM,0.7610810399055481
Sample 12,Time-MoE,0.2389189898967743
Sample 13,Timer,0.6278340816497803
Sample 13,Chronos,0.3721659183502197
Sample 14,Moirai,0.5661170482635498
Sample 14,Timer,0.4338829219341278
Sample 15,TimesFM,0.6519951224327087
Sample 15,Time-MoE,0.34800493717193604
Sample 16,Moirai,0.636101245880127
Sample 16,TimesFM,0.36389875411987305
Sample 17,Chronos,0.6664323806762695
Sample 17,Timer,0.33356767892837524
Sample 18,TimesFM,0.6740009188652039
Sample 18,Time-MoE,0.32599905133247375
Sample 19,Chronos,0.9545421600341797
Sample 19,Moirai,0.0454578623175621
Sample 20,TimesFM,0.7385794520378113
Sample 20,Time-MoE,0.26142051815986633
Sample 21,Chronos,0.5880262851715088
Sample 21,Timer,0.41197365522384644
Sample 22,Moirai,0.60136479139328
Sample 22,Timer,0.39863526821136475
Sample 23,TimesFM,0.7805232405662537
Sample 23,Time-MoE,0.21947671473026276
Sample 24,TimesFM,0.5510345101356506
Sample 24,Time-MoE,0.4489654302597046
Sample 25,Chronos,0.5397335290908813
Sample 25,Timer,0.46026647090911865
Sample 26,TimesFM,0.841486394405365
Sample 26,Time-MoE,0.1585136502981186
Sample 27,Chronos,0.7607221603393555
Sample 27,Timer,0.2392778843641281
Sample 28,TimesFM,0.874405026435852
Sample 28,Time-MoE,0.12559501826763153
Sample 29,Chronos,0.7228232026100159
Sample 29,Timer,0.27717679738998413
Sample 30,Moirai,0.5174912214279175
Sample 30,Chronos,0.48250874876976013
Sample 31,TimesFM,0.8339452147483826
Sample 31,Time-MoE,0.16605475544929504
Sample 0,Moirai,0.9416403770446777
Sample 0,TimesFM,0.058359622955322266
Sample 1,Timer,0.5422434210777283
Sample 1,Moirai,0.45775651931762695
Sample 2,Timer,0.5879946351051331
Sample 2,Chronos,0.41200530529022217
Sample 3,Chronos,0.8203042149543762
Sample 3,Moirai,0.17969581484794617
Sample 4,Timer,0.7628213763237
Sample 4,TimesFM,0.23717865347862244
Sample 5,Timer,0.6231075525283813
Sample 5,Chronos,0.37689247727394104
Sample 6,Timer,0.7085567712783813
Sample 6,Moirai,0.29144325852394104
Sample 7,TimesFM,0.7286882996559143
Sample 7,Time-MoE,0.2713117301464081
Sample 8,Moirai,0.9720265865325928
Sample 8,Time-MoE,0.027973419055342674
Sample 9,Timer,0.5874117016792297
Sample 9,Chronos,0.4125882685184479
Sample 10,TimesFM,0.9268982410430908
Sample 10,Moirai,0.07310175895690918
Sample 11,Chronos,0.8079610466957092
Sample 11,Moirai,0.19203898310661316
Sample 12,TimesFM,0.6302467584609985
Sample 12,Chronos,0.3697532117366791
Sample 13,Chronos,0.6318976879119873
Sample 13,Moirai,0.3681023120880127
Sample 14,Chronos,0.5460340976715088
Sample 14,Moirai,0.4539658725261688
Sample 15,TimesFM,0.600658655166626
Sample 15,Timer,0.39934131503105164
Sample 16,Moirai,0.9489843845367432
Sample 16,Chronos,0.05101563408970833
Sample 17,Timer,0.517756998538971
Sample 17,Chronos,0.48224300146102905
Sample 18,Moirai,0.5787927508354187
Sample 18,Timer,0.4212072491645813
Sample 19,Chronos,0.9328477382659912
Sample 19,Timer,0.0671522244811058
Sample 20,TimesFM,0.6564590930938721
Sample 20,Time-MoE,0.34354090690612793
Sample 21,Chronos,0.5483706593513489
Sample 21,Moirai,0.45162931084632874
Sample 22,Timer,0.5527207851409912
Sample 22,Moirai,0.4472792148590088
Sample 23,TimesFM,0.8017736673355103
Sample 23,Time-MoE,0.19822636246681213
Sample 24,Moirai,0.8091212511062622
Sample 24,TimesFM,0.1908787488937378
Sample 25,Timer,0.6072394251823425
Sample 25,Chronos,0.3927605450153351
Sample 26,Moirai,0.541415274143219
Sample 26,Timer,0.458584725856781
Sample 27,Chronos,0.876879096031189
Sample 27,Moirai,0.12312090396881104
Sample 28,TimesFM,0.7411333322525024
Sample 28,Time-MoE,0.25886663794517517
Sample 29,Timer,0.7819744944572449
Sample 29,Moirai,0.2180255502462387
Sample 30,Timer,0.736708402633667
Sample 30,Moirai,0.2632915675640106
Sample 31,TimesFM,0.8073534369468689
Sample 31,Time-MoE,0.1926465928554535
Sample 0,TimesFM,0.7751099467277527
Sample 0,Time-MoE,0.2248900830745697
Sample 1,Timer,0.5926011204719543
Sample 1,Chronos,0.40739890933036804
Sample 2,Timer,0.6791214346885681
Sample 2,Chronos,0.3208785355091095
Sample 3,Chronos,0.7373959422111511
Sample 3,Moirai,0.2626040577888489
Sample 4,TimesFM,0.885301411151886
Sample 4,Time-MoE,0.114698626101017
Sample 5,Moirai,0.5338685512542725
Sample 5,Timer,0.4661315083503723
Sample 6,Moirai,0.713671088218689
Sample 6,Timer,0.28632888197898865
Sample 7,TimesFM,0.5785397291183472
Sample 7,Time-MoE,0.42146027088165283
Sample 8,Moirai,0.7162124514579773
Sample 8,TimesFM,0.2837875783443451
Sample 9,Moirai,0.5516183376312256
Sample 9,Timer,0.4483816921710968
Sample 10,Moirai,0.5627261996269226
Sample 10,Timer,0.4372738301753998
Sample 11,Chronos,0.7250151038169861
Sample 11,Moirai,0.2749849259853363
Sample 12,Time-MoE,0.5630770921707153
Sample 12,Timer,0.4369228482246399
Sample 13,Chronos,0.8710100650787354
Sample 13,Timer,0.12898996472358704
Sample 14,TimesFM,0.874152421951294
Sample 14,Chronos,0.12584751844406128
Sample 15,TimesFM,0.6307587623596191
Sample 15,Time-MoE,0.36924120783805847
Sample 16,TimesFM,0.8250126242637634
Sample 16,Time-MoE,0.17498739063739777
Sample 17,Moirai,0.5227633118629456
Sample 17,Timer,0.47723671793937683
Sample 18,TimesFM,0.8668776750564575
Sample 18,Time-MoE,0.1331223100423813
Sample 19,Chronos,0.6224355697631836
Sample 19,Moirai,0.3775644600391388
Sample 20,Moirai,0.5070812702178955
Sample 20,Timer,0.4929187297821045
Sample 21,Timer,0.5981751084327698
Sample 21,Moirai,0.4018249213695526
Sample 22,Timer,0.6722365021705627
Sample 22,Chronos,0.32776349782943726
Sample 23,TimesFM,0.8439235091209412
Sample 23,Time-MoE,0.15607649087905884
Sample 24,Moirai,0.9604550004005432
Sample 24,Time-MoE,0.03954501822590828
Sample 25,Moirai,0.53240567445755
Sample 25,Chronos,0.4675943851470947
Sample 26,TimesFM,0.8061921000480652
Sample 26,Moirai,0.19380787014961243
Sample 27,Moirai,0.5350202918052673
Sample 27,Chronos,0.46497973799705505
Sample 28,Moirai,0.7306841015815735
Sample 28,Chronos,0.2693158686161041
Sample 29,Timer,0.5860195755958557
Sample 29,Moirai,0.4139804244041443
Sample 30,Moirai,0.8367975354194641
Sample 30,TimesFM,0.1632024645805359
Sample 31,TimesFM,0.5521488785743713
Sample 31,Time-MoE,0.4478510916233063
Sample 0,Moirai,0.9107789993286133
Sample 0,Chronos,0.08922098577022552
Sample 1,Timer,0.6016965508460999
Sample 1,Chronos,0.39830338954925537
Sample 2,TimesFM,0.6713201403617859
Sample 2,Moirai,0.3286798298358917
Sample 3,Chronos,0.8305820822715759
Sample 3,Timer,0.16941799223423004
Sample 4,Chronos,0.9291152358055115
Sample 4,Time-MoE,0.07088474929332733
Sample 5,Moirai,0.5558731555938721
Sample 5,Chronos,0.44412684440612793
Sample 6,Chronos,0.7026211023330688
Sample 6,Timer,0.29737892746925354
Sample 7,TimesFM,0.7685460448265076
Sample 7,Time-MoE,0.23145397007465363
Sample 8,Moirai,0.8561874628067017
Sample 8,TimesFM,0.14381250739097595
Sample 9,Timer,0.5999728441238403
Sample 9,Chronos,0.40002718567848206
Sample 10,Timer,0.8762965202331543
Sample 10,Moirai,0.12370342016220093
Sample 11,Chronos,0.8189412951469421
Sample 11,Moirai,0.18105867505073547
Sample 12,TimesFM,0.7525873184204102
Sample 12,Timer,0.24741269648075104
Sample 13,Timer,0.5078274011611938
Sample 13,Moirai,0.49217259883880615
Sample 14,Timer,0.5561200380325317
Sample 14,Moirai,0.4438799321651459
Sample 15,TimesFM,0.8330158591270447
Sample 15,Time-MoE,0.16698415577411652
Sample 0,Moirai,0.9361522197723389
Sample 0,Time-MoE,0.06384782493114471
Sample 1,Timer,0.59070885181427
Sample 1,Chronos,0.40929114818573
Sample 2,Chronos,0.6220023036003113
Sample 2,TimesFM,0.3779976963996887
Sample 3,Chronos,0.8356226682662964
Sample 3,Moirai,0.1643773317337036
Sample 4,Timer,0.7823078632354736
Sample 4,Chronos,0.21769213676452637
Sample 5,Timer,0.6719133257865906
Sample 5,Chronos,0.3280867040157318
Sample 6,Timer,0.5001704692840576
Sample 6,Chronos,0.49982956051826477
Sample 7,TimesFM,0.808298647403717
Sample 7,Time-MoE,0.19170138239860535
Sample 8,Moirai,0.9686256647109985
Sample 8,Time-MoE,0.03137436509132385
Sample 9,Timer,0.6186861991882324
Sample 9,Chronos,0.38131383061408997
Sample 10,Timer,0.7578895092010498
Sample 10,Moirai,0.2421104907989502
Sample 11,Chronos,0.7757595777511597
Sample 11,Moirai,0.22424039244651794
Sample 12,TimesFM,0.8920824527740479
Sample 12,Time-MoE,0.10791760683059692
Sample 13,Chronos,0.5216560363769531
Sample 13,Timer,0.4783439338207245
Sample 14,Timer,0.7481733560562134
Sample 14,Moirai,0.25182661414146423
Sample 15,TimesFM,0.8654208183288574
Sample 15,Time-MoE,0.13457919657230377
Sample 16,Moirai,0.8603305816650391
Sample 16,Time-MoE,0.13966937363147736
Sample 17,Moirai,0.5058003067970276
Sample 17,Timer,0.4941997230052948
Sample 18,TimesFM,0.6611014604568481
Sample 18,Chronos,0.33889853954315186
Sample 19,Chronos,0.7434945106506348
Sample 19,Moirai,0.25650545954704285
Sample 20,Moirai,0.6487549543380737
Sample 20,Chronos,0.35124507546424866
Sample 21,Chronos,0.7930263876914978
Sample 21,Moirai,0.20697353780269623
Sample 22,Chronos,0.7012079358100891
Sample 22,TimesFM,0.29879212379455566
Sample 23,Timer,0.5737120509147644
Sample 23,TimesFM,0.4262878894805908
Sample 24,TimesFM,0.5454714298248291
Sample 24,Moirai,0.4545285105705261
Sample 25,Timer,0.5850311517715454
Sample 25,Chronos,0.41496890783309937
Sample 26,Moirai,0.7452019453048706
Sample 26,Timer,0.254798024892807
Sample 27,Chronos,0.6193380355834961
Sample 27,Moirai,0.3806619644165039
Sample 28,Time-MoE,0.8769306540489197
Sample 28,Chronos,0.12306934595108032
Sample 29,Timer,0.5225626826286316
Sample 29,Moirai,0.477437287569046
Sample 30,Moirai,0.7524521350860596
Sample 30,Timer,0.24754789471626282
Sample 31,TimesFM,0.7475473284721375
Sample 31,Time-MoE,0.25245267152786255
Sample 0,TimesFM,0.8089026212692261
Sample 0,Time-MoE,0.19109739363193512
Sample 1,Moirai,0.5102025866508484
Sample 1,Timer,0.4897973835468292
Sample 2,Chronos,0.5621482729911804
Sample 2,TimesFM,0.4378517270088196
Sample 3,Chronos,0.8146428465843201
Sample 3,Timer,0.18535710871219635
Sample 4,Chronos,0.5462260246276855
Sample 4,TimesFM,0.45377394556999207
Sample 5,Timer,0.528052806854248
Sample 5,Moirai,0.47194719314575195
Sample 6,Timer,0.7343789339065552
Sample 6,Chronos,0.2656210660934448
Sample 7,TimesFM,0.8026167750358582
Sample 7,Time-MoE,0.19738319516181946
Sample 8,Moirai,0.9785209894180298
Sample 8,Chronos,0.021479059010744095
Sample 9,Moirai,0.5445836186408997
Sample 9,Timer,0.45541635155677795
Sample 10,Moirai,0.6858705282211304
Sample 10,Timer,0.3141295313835144
Sample 11,Chronos,0.6967202425003052
Sample 11,TimesFM,0.3032797873020172
Sample 12,Chronos,0.7170865535736084
Sample 12,Timer,0.2829134464263916
Sample 13,Moirai,0.6070012450218201
Sample 13,Timer,0.39299875497817993
Sample 14,Timer,0.7223497033119202
Sample 14,Chronos,0.2776503562927246
Sample 15,TimesFM,0.7422943711280823
Sample 15,Time-MoE,0.25770559906959534
Sample 16,Moirai,0.9537082314491272
Sample 16,Time-MoE,0.046291712671518326
Sample 17,Timer,0.5582028031349182
Sample 17,Moirai,0.4417971968650818
Sample 18,TimesFM,0.7821094989776611
Sample 18,Timer,0.2178904265165329
Sample 19,Chronos,0.694351077079773
Sample 19,Timer,0.3056489825248718
Sample 20,Timer,0.6848032474517822
Sample 20,Moirai,0.31519681215286255
Sample 21,Moirai,0.552137553691864
Sample 21,Timer,0.4478624165058136
Sample 22,Timer,0.7148435711860657
Sample 22,Moirai,0.2851564288139343
Sample 23,TimesFM,0.755585253238678
Sample 23,Time-MoE,0.24441471695899963
Sample 24,Moirai,0.94468754529953
Sample 24,Chronos,0.05531245470046997
Sample 25,Timer,0.6067069172859192
Sample 25,Chronos,0.3932931125164032
Sample 26,Timer,0.5974317789077759
Sample 26,Moirai,0.4025682508945465
Sample 27,Chronos,0.9333551526069641
Sample 27,Moirai,0.06664485484361649
Sample 28,TimesFM,0.7841861844062805
Sample 28,Time-MoE,0.21581381559371948
Sample 29,Chronos,0.5090360045433044
Sample 29,Moirai,0.49096402525901794
Sample 30,Timer,0.6269614696502686
Sample 30,Chronos,0.37303850054740906
Sample 31,TimesFM,0.7682430744171143
Sample 31,Time-MoE,0.23175692558288574
Sample 0,TimesFM,0.5387775301933289
Sample 0,Moirai,0.46122241020202637
Sample 1,Moirai,0.5452499389648438
Sample 1,Timer,0.45475003123283386
Sample 2,Moirai,0.72659832239151
Sample 2,Chronos,0.27340167760849
Sample 3,Chronos,0.7456405758857727
Sample 3,Moirai,0.2543594241142273
Sample 4,TimesFM,0.5596993565559387
Sample 4,Time-MoE,0.4403006136417389
Sample 5,Timer,0.7070395946502686
Sample 5,Moirai,0.29296043515205383
Sample 6,Timer,0.5014430284500122
Sample 6,Chronos,0.4985569715499878
Sample 7,TimesFM,0.6780015230178833
Sample 7,Time-MoE,0.3219984471797943
Sample 8,Moirai,0.5745366215705872
Sample 8,Time-MoE,0.42546337842941284
Sample 9,Timer,0.683174192905426
Sample 9,Moirai,0.3168257772922516
Sample 10,Timer,0.5690561532974243
Sample 10,Moirai,0.4309438169002533
Sample 11,Chronos,0.9818335175514221
Sample 11,Timer,0.018166497349739075
Sample 12,TimesFM,0.606285035610199
Sample 12,Time-MoE,0.39371493458747864
Sample 13,Chronos,0.5036212205886841
Sample 13,Timer,0.4963787794113159
Sample 14,Timer,0.8797681927680969
Sample 14,Moirai,0.12023185193538666
Sample 15,TimesFM,0.6307438611984253
Sample 15,Time-MoE,0.3692561686038971
Sample 16,Moirai,0.8830997943878174
Sample 16,Timer,0.11690020561218262
Sample 17,Timer,0.6793161630630493
Sample 17,Chronos,0.32068386673927307
Sample 18,TimesFM,0.950614333152771
Sample 18,Time-MoE,0.04938559606671333
Sample 19,Moirai,0.6553698778152466
Sample 19,Timer,0.3446301221847534
Sample 20,TimesFM,0.7317844033241272
Sample 20,Chronos,0.2682155668735504
Sample 21,Chronos,0.5359061360359192
Sample 21,Moirai,0.4640938937664032
Sample 22,Timer,0.5765085220336914
Sample 22,Moirai,0.4234914779663086
Sample 23,Timer,0.5821861028671265
Sample 23,Chronos,0.41781383752822876
Sample 24,TimesFM,0.6995766162872314
Sample 24,Time-MoE,0.30042341351509094
Sample 25,Timer,0.5348737239837646
Sample 25,Chronos,0.4651262164115906
Sample 26,TimesFM,0.874378502368927
Sample 26,Timer,0.1256214678287506
Sample 27,Chronos,0.9838072657585144
Sample 27,Moirai,0.016192758455872536
Sample 28,TimesFM,0.6193601489067078
Sample 28,Time-MoE,0.3806398808956146
Sample 29,Chronos,0.6990324258804321
Sample 29,Timer,0.3009675443172455
Sample 30,Timer,0.6333926320075989
Sample 30,Chronos,0.36660733819007874
Sample 31,TimesFM,0.7742630839347839
Sample 31,Time-MoE,0.22573687136173248
Sample 0,TimesFM,0.732180118560791
Sample 0,Moirai,0.267819881439209
Sample 1,Timer,0.5098314881324768
Sample 1,Moirai,0.4901684820652008
Sample 2,Timer,0.5261076092720032
Sample 2,TimesFM,0.4738924205303192
Sample 3,Chronos,0.7122247815132141
Sample 3,Moirai,0.2877751886844635
Sample 4,Timer,0.8986144661903381
Sample 4,Moirai,0.10138551890850067
Sample 5,Chronos,0.7355216145515442
Sample 5,TimesFM,0.2644783854484558
Sample 6,Moirai,0.7393856048583984
Sample 6,Chronos,0.26061439514160156
Sample 7,TimesFM,0.5120218992233276
Sample 7,Time-MoE,0.48797810077667236
Sample 8,Moirai,0.7652074694633484
Sample 8,TimesFM,0.2347925752401352
Sample 9,Timer,0.6204975247383118
Sample 9,Moirai,0.37950241565704346
Sample 10,Chronos,0.7914572358131409
Sample 10,Time-MoE,0.20854273438453674
Sample 11,Chronos,0.9049878120422363
Sample 11,Timer,0.09501223266124725
Sample 12,TimesFM,0.7693896293640137
Sample 12,Time-MoE,0.23061037063598633
Sample 13,Timer,0.682620644569397
Sample 13,Chronos,0.31737932562828064
Sample 14,Moirai,0.5447170734405518
Sample 14,Timer,0.45528295636177063
Sample 15,TimesFM,0.6614848375320435
Sample 15,Time-MoE,0.33851516246795654
Sample 16,Moirai,0.6419164538383484
Sample 16,TimesFM,0.35808348655700684
Sample 17,Chronos,0.6253297328948975
Sample 17,Timer,0.3746702969074249
Sample 18,TimesFM,0.6791746616363525
Sample 18,Time-MoE,0.32082533836364746
Sample 19,Chronos,0.9536601305007935
Sample 19,Moirai,0.046339936554431915
Sample 20,TimesFM,0.7557380199432373
Sample 20,Time-MoE,0.24426200985908508
Sample 21,Chronos,0.5285599827766418
Sample 21,Timer,0.47144004702568054
Sample 22,Moirai,0.5886426568031311
Sample 22,Timer,0.4113572835922241
Sample 23,TimesFM,0.7902464270591736
Sample 23,Time-MoE,0.2097536325454712
Sample 24,TimesFM,0.5557419657707214
Sample 24,Time-MoE,0.4442580044269562
Sample 25,Timer,0.5239099860191345
Sample 25,Chronos,0.47609004378318787
Sample 26,TimesFM,0.8481758236885071
Sample 26,Time-MoE,0.1518242061138153
Sample 27,Chronos,0.722061812877655
Sample 27,Timer,0.2779381573200226
Sample 28,TimesFM,0.8823888897895813
Sample 28,Time-MoE,0.11761116981506348
Sample 29,Chronos,0.6859164834022522
Sample 29,Timer,0.3140835464000702
Sample 30,Moirai,0.5365024209022522
Sample 30,Timer,0.4634975492954254
Sample 31,TimesFM,0.8436949849128723
Sample 31,Time-MoE,0.15630501508712769
Sample 0,Moirai,0.9419392943382263
Sample 0,Time-MoE,0.058060672134160995
Sample 1,Timer,0.5612285733222961
Sample 1,Moirai,0.43877145648002625
Sample 2,Timer,0.6271712779998779
Sample 2,Chronos,0.3728286921977997
Sample 3,Chronos,0.8025979995727539
Sample 3,Moirai,0.19740204513072968
Sample 4,Timer,0.7762253284454346
Sample 4,TimesFM,0.22377465665340424
Sample 5,Timer,0.677058219909668
Sample 5,Chronos,0.32294175028800964
Sample 6,Timer,0.7271488904953003
Sample 6,Moirai,0.27285104990005493
Sample 7,TimesFM,0.7353057861328125
Sample 7,Time-MoE,0.2646942138671875
Sample 8,Moirai,0.9715011119842529
Sample 8,Time-MoE,0.028498852625489235
Sample 9,Timer,0.6368196606636047
Sample 9,Moirai,0.36318036913871765
Sample 10,TimesFM,0.9312569499015808
Sample 10,Moirai,0.06874305754899979
Sample 11,Chronos,0.8053426742553711
Sample 11,Moirai,0.1946573257446289
Sample 12,TimesFM,0.6201767325401306
Sample 12,Chronos,0.3798232674598694
Sample 13,Chronos,0.5955374836921692
Sample 13,Moirai,0.4044625163078308
Sample 14,Chronos,0.5095841288566589
Sample 14,Moirai,0.49041587114334106
Sample 15,TimesFM,0.6149856448173523
Sample 15,Timer,0.3850143849849701
Sample 16,Moirai,0.9528867602348328
Sample 16,Chronos,0.04711328446865082
Sample 17,Timer,0.5783047080039978
Sample 17,Chronos,0.4216952621936798
Sample 18,Moirai,0.5602419972419739
Sample 18,Timer,0.43975797295570374
Sample 19,Chronos,0.9272962212562561
Sample 19,Timer,0.07270383834838867
Sample 20,TimesFM,0.6843163371086121
Sample 20,Time-MoE,0.3156837224960327
Sample 21,Chronos,0.5142517685890198
Sample 21,Moirai,0.4857482314109802
Sample 22,Timer,0.5759454965591431
Sample 22,Moirai,0.42405447363853455
Sample 23,TimesFM,0.817777693271637
Sample 23,Time-MoE,0.18222235143184662
Sample 24,Moirai,0.8119103908538818
Sample 24,TimesFM,0.18808960914611816
Sample 25,Timer,0.6612340211868286
Sample 25,Chronos,0.3387659192085266
Sample 26,Moirai,0.5276853442192078
Sample 26,Timer,0.47231465578079224
Sample 27,Chronos,0.8622919321060181
Sample 27,Timer,0.13770808279514313
Sample 28,TimesFM,0.758302628993988
Sample 28,Time-MoE,0.24169743061065674
Sample 29,Timer,0.7941835522651672
Sample 29,Moirai,0.20581649243831635
Sample 30,Timer,0.7528547048568726
Sample 30,Moirai,0.24714528024196625
Sample 31,TimesFM,0.8143019676208496
Sample 31,Time-MoE,0.185698002576828
Sample 0,TimesFM,0.7809628248214722
Sample 0,Time-MoE,0.21903717517852783
Sample 1,Timer,0.6135300993919373
Sample 1,Moirai,0.38646993041038513
Sample 2,Timer,0.7052778005599976
Sample 2,Chronos,0.29472222924232483
Sample 3,Chronos,0.7171645760536194
Sample 3,Moirai,0.2828353941440582
Sample 4,TimesFM,0.8971592783927917
Sample 4,Time-MoE,0.10284073650836945
Sample 5,Moirai,0.5130478739738464
Sample 5,Timer,0.4869520664215088
Sample 6,Moirai,0.7115775346755981
Sample 6,Timer,0.28842243552207947
Sample 7,TimesFM,0.5977339744567871
Sample 7,Time-MoE,0.4022659957408905
Sample 8,Moirai,0.7165512442588806
Sample 8,TimesFM,0.2834487557411194
Sample 9,Moirai,0.5352584719657898
Sample 9,Timer,0.4647414982318878
Sample 10,Moirai,0.5282504558563232
Sample 10,Timer,0.47174954414367676
Sample 11,Chronos,0.7022733092308044
Sample 11,Moirai,0.29772672057151794
Sample 12,Time-MoE,0.5648037791252136
Sample 12,Timer,0.43519625067710876
Sample 13,Chronos,0.8714373111724854
Sample 13,Timer,0.12856268882751465
Sample 14,TimesFM,0.8801004886627197
Sample 14,Time-MoE,0.11989952623844147
Sample 15,TimesFM,0.6373808979988098
Sample 15,Time-MoE,0.3626191318035126
Sample 16,TimesFM,0.8336975574493408
Sample 16,Time-MoE,0.1663024127483368
Sample 17,Moirai,0.5075234770774841
Sample 17,Timer,0.49247655272483826
Sample 18,TimesFM,0.8793335556983948
Sample 18,Time-MoE,0.12066650390625
Sample 19,Chronos,0.5947442054748535
Sample 19,Moirai,0.4052557647228241
Sample 20,Timer,0.5159249305725098
Sample 20,Moirai,0.48407506942749023
Sample 21,Timer,0.6175108551979065
Sample 21,Moirai,0.3824891448020935
Sample 22,Timer,0.719825029373169
Sample 22,Chronos,0.28017497062683105
Sample 23,TimesFM,0.8591659665107727
Sample 23,Time-MoE,0.14083406329154968
Sample 24,Moirai,0.9601228833198547
Sample 24,Time-MoE,0.03987709432840347
Sample 25,Moirai,0.5236520171165466
Sample 25,Timer,0.476347953081131
Sample 26,TimesFM,0.8116558194160461
Sample 26,Moirai,0.18834419548511505
Sample 27,Moirai,0.5651368498802185
Sample 27,Chronos,0.4348631203174591
Sample 28,Moirai,0.719056248664856
Sample 28,Chronos,0.28094375133514404
Sample 29,Timer,0.6142388582229614
Sample 29,Moirai,0.3857611417770386
Sample 30,Moirai,0.8432601094245911
Sample 30,TimesFM,0.15673986077308655
Sample 31,TimesFM,0.5762434601783752
Sample 31,Time-MoE,0.42375656962394714
Sample 0,Moirai,0.9211006164550781
Sample 0,Chronos,0.07889937609434128
Sample 1,Timer,0.6454660892486572
Sample 1,Chronos,0.35453394055366516
Sample 2,TimesFM,0.6874908804893494
Sample 2,Moirai,0.31250905990600586
Sample 3,Chronos,0.8203510642051697
Sample 3,Timer,0.17964895069599152
Sample 4,Chronos,0.938867449760437
Sample 4,Time-MoE,0.06113259494304657
Sample 5,Moirai,0.5846309065818787
Sample 5,Chronos,0.4153691232204437
Sample 6,Chronos,0.6741083264350891
Sample 6,Timer,0.3258916437625885
Sample 7,TimesFM,0.787510097026825
Sample 7,Time-MoE,0.21248985826969147
Sample 8,Moirai,0.857997477054596
Sample 8,TimesFM,0.14200247824192047
Sample 9,Timer,0.6174097657203674
Sample 9,Moirai,0.3825902044773102
Sample 10,Timer,0.8816142678260803
Sample 10,Time-MoE,0.11838579922914505
Sample 11,Chronos,0.8063274025917053
Sample 11,Moirai,0.1936725527048111
Sample 12,TimesFM,0.7611127495765686
Sample 12,Timer,0.2388872653245926
Sample 13,Timer,0.5238518118858337
Sample 13,Moirai,0.4761481285095215
Sample 14,Timer,0.5745646953582764
Sample 14,Moirai,0.42543527483940125
Sample 15,TimesFM,0.8514040112495422
Sample 15,Time-MoE,0.14859594404697418
Sample 0,Moirai,0.9385571479797363
Sample 0,Time-MoE,0.061442844569683075
Sample 1,Timer,0.6241490244865417
Sample 1,Chronos,0.3758509159088135
Sample 2,Chronos,0.6380599737167358
Sample 2,TimesFM,0.3619399666786194
Sample 3,Chronos,0.8305356502532959
Sample 3,Moirai,0.16946430504322052
Sample 4,Timer,0.7860202789306641
Sample 4,Chronos,0.21397975087165833
Sample 5,Timer,0.7006262540817261
Sample 5,Chronos,0.29937371611595154
Sample 6,Timer,0.5386829376220703
Sample 6,Chronos,0.4613170325756073
Sample 7,TimesFM,0.8315578699111938
Sample 7,Time-MoE,0.16844211518764496
Sample 8,Moirai,0.968956470489502
Sample 8,Time-MoE,0.031043535098433495
Sample 9,Timer,0.6522487998008728
Sample 9,Chronos,0.347751259803772
Sample 10,Timer,0.7762813568115234
Sample 10,Moirai,0.22371870279312134
Sample 11,Chronos,0.768522322177887
Sample 11,Moirai,0.23147766292095184
Sample 12,TimesFM,0.9086809158325195
Sample 12,Time-MoE,0.09131912142038345
Sample 13,Timer,0.5123387575149536
Sample 13,Chronos,0.4876612424850464
Sample 14,Timer,0.7682323455810547
Sample 14,Moirai,0.23176762461662292
Sample 15,TimesFM,0.8847245573997498
Sample 15,Time-MoE,0.11527539044618607
Sample 16,Moirai,0.8642996549606323
Sample 16,Time-MoE,0.13570035994052887
Sample 17,Timer,0.505997359752655
Sample 17,Moirai,0.49400267004966736
Sample 18,TimesFM,0.6619649529457092
Sample 18,Chronos,0.33803507685661316
Sample 19,Chronos,0.730278491973877
Sample 19,Moirai,0.26972147822380066
Sample 20,Moirai,0.6446415185928345
Sample 20,Chronos,0.35535842180252075
Sample 21,Chronos,0.7890949249267578
Sample 21,Moirai,0.2109050750732422
Sample 22,Chronos,0.701249897480011
Sample 22,TimesFM,0.2987501323223114
Sample 23,Timer,0.5765860080718994
Sample 23,TimesFM,0.423414021730423
Sample 24,TimesFM,0.5546539425849915
Sample 24,Moirai,0.44534605741500854
Sample 25,Timer,0.6188904047012329
Sample 25,Chronos,0.3811095356941223
Sample 26,Moirai,0.7516283988952637
Sample 26,Timer,0.24837161600589752
Sample 27,Chronos,0.6198766231536865
Sample 27,Moirai,0.3801233768463135
Sample 28,Time-MoE,0.8361759185791016
Sample 28,Chronos,0.16382408142089844
Sample 29,Timer,0.5421563386917114
Sample 29,Moirai,0.4578436613082886
Sample 30,Moirai,0.7347522377967834
Sample 30,Timer,0.26524779200553894
Sample 31,TimesFM,0.7700755000114441
Sample 31,Time-MoE,0.2299245297908783
Sample 0,TimesFM,0.8159260749816895
Sample 0,Moirai,0.18407385051250458
Sample 1,Moirai,0.5039651393890381
Sample 1,Timer,0.4960348606109619
Sample 2,Chronos,0.5673186779022217
Sample 2,TimesFM,0.4326813220977783
Sample 3,Chronos,0.8090792894363403
Sample 3,Timer,0.1909206509590149
Sample 4,Chronos,0.5484333038330078
Sample 4,TimesFM,0.4515666961669922
Sample 5,Timer,0.5405440926551819
Sample 5,Moirai,0.4594559073448181
Sample 6,Timer,0.7552609443664551
Sample 6,Chronos,0.24473901093006134
Sample 7,TimesFM,0.8299729228019714
Sample 7,Time-MoE,0.1700270026922226
Sample 8,Moirai,0.9792838096618652
Sample 8,Chronos,0.020716145634651184
Sample 9,Moirai,0.5398096442222595
Sample 9,Timer,0.46019038558006287
Sample 10,Moirai,0.6834179162979126
Sample 10,Timer,0.316582053899765
Sample 11,Chronos,0.6969837546348572
Sample 11,TimesFM,0.3030162751674652
Sample 12,Chronos,0.7083007097244263
Sample 12,Timer,0.29169923067092896
Sample 13,Moirai,0.600429117679596
Sample 13,Timer,0.39957094192504883
Sample 14,Timer,0.74554044008255
Sample 14,Chronos,0.25445953011512756
Sample 15,TimesFM,0.7634541392326355
Sample 15,Time-MoE,0.2365458458662033
Sample 16,Moirai,0.9548373222351074
Sample 16,Time-MoE,0.045162662863731384
Sample 17,Timer,0.5652127861976624
Sample 17,Moirai,0.43478724360466003
Sample 18,TimesFM,0.7903937697410583
Sample 18,Timer,0.20960623025894165
Sample 19,Chronos,0.6804680824279785
Sample 19,Timer,0.3195318579673767
Sample 20,Timer,0.689140260219574
Sample 20,Moirai,0.3108597993850708
Sample 21,Moirai,0.5428393483161926
Sample 21,Timer,0.45716068148612976
Sample 22,Timer,0.7252985835075378
Sample 22,Moirai,0.27470147609710693
Sample 23,TimesFM,0.7900499105453491
Sample 23,Time-MoE,0.2099500149488449
Sample 24,Moirai,0.9484838247299194
Sample 24,Chronos,0.05151618644595146
Sample 25,Timer,0.6323725581169128
Sample 25,Chronos,0.36762744188308716
Sample 26,Timer,0.6134330034255981
Sample 26,Moirai,0.38656696677207947
Sample 27,Chronos,0.9346091747283936
Sample 27,Moirai,0.06539084762334824
Sample 28,TimesFM,0.8144522309303284
Sample 28,Time-MoE,0.18554776906967163
Sample 29,Moirai,0.510202944278717
Sample 29,Chronos,0.48979702591896057
Sample 30,Timer,0.6566775441169739
Sample 30,Chronos,0.34332242608070374
Sample 31,TimesFM,0.7973801493644714
Sample 31,Time-MoE,0.20261989533901215
Sample 0,TimesFM,0.5511278510093689
Sample 0,Moirai,0.4488721787929535
Sample 1,Moirai,0.5427252054214478
Sample 1,Timer,0.45727482438087463
Sample 2,Moirai,0.730073869228363
Sample 2,Chronos,0.26992613077163696
Sample 3,Chronos,0.746514618396759
Sample 3,Moirai,0.25348538160324097
Sample 4,TimesFM,0.571963906288147
Sample 4,Time-MoE,0.428036093711853
Sample 5,Timer,0.7221511006355286
Sample 5,Moirai,0.2778489589691162
Sample 6,Timer,0.507740318775177
Sample 6,Chronos,0.4922597110271454
Sample 7,TimesFM,0.6992857456207275
Sample 7,Time-MoE,0.30071428418159485
Sample 8,Moirai,0.5784017443656921
Sample 8,TimesFM,0.42159825563430786
Sample 9,Timer,0.6876094937324524
Sample 9,Moirai,0.31239053606987
Sample 10,Timer,0.5693000555038452
Sample 10,Moirai,0.4306999742984772
Sample 11,Chronos,0.9835507273674011
Sample 11,Timer,0.016449280083179474
Sample 12,TimesFM,0.6542746424674988
Sample 12,Time-MoE,0.345725417137146
Sample 13,Timer,0.5139940977096558
Sample 13,Chronos,0.4860059320926666
Sample 14,Timer,0.8869832754135132
Sample 14,Moirai,0.11301669478416443
Sample 15,TimesFM,0.6731115579605103
Sample 15,Time-MoE,0.32688844203948975
Sample 16,Moirai,0.8855447769165039
Sample 16,Timer,0.11445525288581848
Sample 17,Timer,0.6965680122375488
Sample 17,Chronos,0.3034319579601288
Sample 18,TimesFM,0.9549519419670105
Sample 18,Time-MoE,0.0450480617582798
Sample 19,Moirai,0.6641049385070801
Sample 19,Timer,0.3358951210975647
Sample 20,TimesFM,0.7222856283187866
Sample 20,Chronos,0.2777143716812134
Sample 21,Chronos,0.5146641135215759
Sample 21,Moirai,0.4853358864784241
Sample 22,Timer,0.5841718316078186
Sample 22,Moirai,0.4158281683921814
Sample 23,Timer,0.5781301856040955
Sample 23,Chronos,0.42186984419822693
Sample 24,TimesFM,0.7360357046127319
Sample 24,Time-MoE,0.2639642655849457
Sample 25,Timer,0.55006343126297
Sample 25,Chronos,0.44993653893470764
Sample 26,TimesFM,0.8823025822639465
Sample 26,Timer,0.11769739538431168
Sample 27,Chronos,0.985236644744873
Sample 27,Moirai,0.014763370156288147
Sample 28,TimesFM,0.6666157841682434
Sample 28,Time-MoE,0.333384245634079
Sample 29,Chronos,0.6963354349136353
Sample 29,Timer,0.3036646246910095
Sample 30,Timer,0.6444917321205139
Sample 30,Moirai,0.35550829768180847
Sample 31,TimesFM,0.8058468699455261
Sample 31,Time-MoE,0.19415311515331268
Sample 0,TimesFM,0.7451186776161194
Sample 0,Moirai,0.2548813223838806
Sample 1,Timer,0.5072043538093567
Sample 1,Moirai,0.4927956461906433
Sample 2,Timer,0.5311985015869141
Sample 2,TimesFM,0.46880146861076355
Sample 3,Chronos,0.7138243913650513
Sample 3,Moirai,0.28617557883262634
Sample 4,Timer,0.895036518573761
Sample 4,Moirai,0.10496347397565842
Sample 5,Chronos,0.7596303224563599
Sample 5,TimesFM,0.2403697520494461
Sample 6,Moirai,0.7354251742362976
Sample 6,Chronos,0.2645748555660248
Sample 7,TimesFM,0.5270373821258545
Sample 7,Time-MoE,0.4729626774787903
Sample 8,Moirai,0.7544327974319458
Sample 8,TimesFM,0.24556715786457062
Sample 9,Timer,0.6196492314338684
Sample 9,Moirai,0.3803507685661316
Sample 10,Chronos,0.8197624683380127
Sample 10,Time-MoE,0.1802375614643097
Sample 11,Chronos,0.9104759097099304
Sample 11,Timer,0.08952409029006958
Sample 12,TimesFM,0.7966346740722656
Sample 12,Time-MoE,0.20336534082889557
Sample 13,Timer,0.68340003490448
Sample 13,Chronos,0.3166000247001648
Sample 14,Moirai,0.5367625951766968
Sample 14,Timer,0.4632374048233032
Sample 15,TimesFM,0.6935352683067322
Sample 15,Time-MoE,0.30646470189094543
Sample 16,Moirai,0.634002149105072
Sample 16,TimesFM,0.36599788069725037
Sample 17,Chronos,0.6334459185600281
Sample 17,Timer,0.36655402183532715
Sample 18,TimesFM,0.7018378973007202
Sample 18,Time-MoE,0.2981620728969574
Sample 19,Chronos,0.9574082493782043
Sample 19,Moirai,0.04259175807237625
Sample 20,TimesFM,0.7875980138778687
Sample 20,Time-MoE,0.21240195631980896
Sample 21,Chronos,0.5257687568664551
Sample 21,Timer,0.4742312431335449
Sample 22,Moirai,0.5893908739089966
Sample 22,Timer,0.4106091260910034
Sample 23,TimesFM,0.8152093887329102
Sample 23,Time-MoE,0.18479058146476746
Sample 24,TimesFM,0.6006613969802856
Sample 24,Time-MoE,0.39933857321739197
Sample 25,Timer,0.5286211371421814
Sample 25,Chronos,0.4713788628578186
Sample 26,TimesFM,0.8678256869316101
Sample 26,Time-MoE,0.1321743130683899
Sample 27,Chronos,0.7289634346961975
Sample 27,Timer,0.2710365056991577
Sample 28,TimesFM,0.9019284844398499
Sample 28,Time-MoE,0.09807145595550537
Sample 29,Chronos,0.6933984756469727
Sample 29,Timer,0.30660152435302734
Sample 30,Moirai,0.5367068648338318
Sample 30,Timer,0.4632931053638458
Sample 31,TimesFM,0.8679286241531372
Sample 31,Time-MoE,0.1320713609457016
Sample 0,Moirai,0.9442130923271179
Sample 0,TimesFM,0.05578695237636566
Sample 1,Timer,0.5580012202262878
Sample 1,Moirai,0.4419987201690674
Sample 2,Timer,0.6139375567436218
Sample 2,Chronos,0.38606247305870056
Sample 3,Chronos,0.8108118176460266
Sample 3,Moirai,0.18918821215629578
Sample 4,Timer,0.7673991322517395
Sample 4,Moirai,0.2326008677482605
Sample 5,Timer,0.6752578020095825
Sample 5,Chronos,0.32474222779273987
Sample 6,Timer,0.7298434972763062
Sample 6,Moirai,0.27015653252601624
Sample 7,TimesFM,0.7632450461387634
Sample 7,Time-MoE,0.23675498366355896
Sample 8,Moirai,0.9717311263084412
Sample 8,Time-MoE,0.02826886996626854
Sample 9,Timer,0.631679356098175
Sample 9,Moirai,0.3683207035064697
Sample 10,TimesFM,0.9363741278648376
Sample 10,Moirai,0.06362584233283997
Sample 11,Chronos,0.8098077178001404
Sample 11,Moirai,0.1901922971010208
Sample 12,TimesFM,0.6046968102455139
Sample 12,Chronos,0.39530324935913086
Sample 13,Chronos,0.5873667001724243
Sample 13,Moirai,0.4126332998275757
Sample 14,Chronos,0.514769434928894
Sample 14,Moirai,0.48523056507110596
Sample 15,TimesFM,0.6169211864471436
Sample 15,Timer,0.38307881355285645
Sample 16,Moirai,0.954557478427887
Sample 16,Chronos,0.045442502945661545
Sample 17,Timer,0.5753191113471985
Sample 17,Chronos,0.4246809482574463
Sample 18,Moirai,0.5589430928230286
Sample 18,Timer,0.4410569369792938
Sample 19,Chronos,0.9338163733482361
Sample 19,Timer,0.06618358194828033
Sample 20,TimesFM,0.7285952568054199
Sample 20,Time-MoE,0.2714047431945801
Sample 21,Chronos,0.5221052765846252
Sample 21,Moirai,0.47789469361305237
Sample 22,Timer,0.5791102051734924
Sample 22,Moirai,0.42088982462882996
Sample 23,TimesFM,0.8415384292602539
Sample 23,Time-MoE,0.1584615558385849
Sample 24,Moirai,0.8018662929534912
Sample 24,TimesFM,0.1981336921453476
Sample 25,Timer,0.6578826904296875
Sample 25,Chronos,0.3421172797679901
Sample 26,Moirai,0.5124369859695435
Sample 26,Timer,0.48756304383277893
Sample 27,Chronos,0.8728494048118591
Sample 27,Timer,0.12715059518814087
Sample 28,TimesFM,0.7883257865905762
Sample 28,Time-MoE,0.21167421340942383
Sample 29,Timer,0.7974878549575806
Sample 29,Moirai,0.20251217484474182
Sample 30,Timer,0.754635751247406
Sample 30,Moirai,0.2453642040491104
Sample 31,TimesFM,0.8382737636566162
Sample 31,Time-MoE,0.1617262065410614
Sample 0,TimesFM,0.796329915523529
Sample 0,Moirai,0.20367002487182617
Sample 1,Timer,0.6140756011009216
Sample 1,Moirai,0.38592439889907837
Sample 2,Timer,0.7193976640701294
Sample 2,Chronos,0.28060227632522583
Sample 3,Chronos,0.7338606119155884
Sample 3,Moirai,0.2661393880844116
Sample 4,TimesFM,0.9134402871131897
Sample 4,Time-MoE,0.08655977249145508
Sample 5,Moirai,0.5084869265556335
Sample 5,Timer,0.49151307344436646
Sample 6,Moirai,0.716410219669342
Sample 6,Timer,0.2835897207260132
Sample 7,TimesFM,0.6352042555809021
Sample 7,Time-MoE,0.3647957146167755
Sample 8,Moirai,0.7038622498512268
Sample 8,TimesFM,0.2961377203464508
Sample 9,Moirai,0.5352070927619934
Sample 9,Timer,0.4647929072380066
Sample 10,Moirai,0.5056029558181763
Sample 10,Timer,0.4943970739841461
Sample 11,Chronos,0.7170880436897278
Sample 11,Moirai,0.2829119861125946
Sample 12,Time-MoE,0.563948392868042
Sample 12,Timer,0.4360515773296356
Sample 13,Chronos,0.882573127746582
Sample 13,Timer,0.1174268126487732
Sample 14,TimesFM,0.8873265981674194
Sample 14,Chronos,0.11267342418432236
Sample 15,TimesFM,0.6605004668235779
Sample 15,Time-MoE,0.3394995927810669
Sample 16,TimesFM,0.8542741537094116
Sample 16,Time-MoE,0.14572590589523315
Sample 17,Moirai,0.5084730982780457
Sample 17,Timer,0.49152690172195435
Sample 18,TimesFM,0.8991924524307251
Sample 18,Time-MoE,0.1008075401186943
Sample 19,Chronos,0.6117095947265625
Sample 19,Moirai,0.3882904052734375
Sample 20,Timer,0.5227497816085815
Sample 20,Moirai,0.47725021839141846
Sample 21,Timer,0.6203393936157227
Sample 21,Moirai,0.37966057658195496
Sample 22,Timer,0.7158682346343994
Sample 22,Chronos,0.2841317355632782
Sample 23,TimesFM,0.8816829323768616
Sample 23,Time-MoE,0.11831708252429962
Sample 24,Moirai,0.9598798751831055
Sample 24,Time-MoE,0.04012008383870125
Sample 25,Moirai,0.5233488082885742
Sample 25,Timer,0.4766511917114258
Sample 26,TimesFM,0.8170672655105591
Sample 26,Moirai,0.1829327940940857
Sample 27,Moirai,0.5496605634689331
Sample 27,Chronos,0.4503394365310669
Sample 28,Moirai,0.702968180179596
Sample 28,Chronos,0.29703181982040405
Sample 29,Timer,0.6291278004646301
Sample 29,Moirai,0.3708721697330475
Sample 30,Moirai,0.8456587195396423
Sample 30,TimesFM,0.15434126555919647
Sample 31,TimesFM,0.6006696820259094
Sample 31,Time-MoE,0.3993302881717682
Sample 0,Moirai,0.9181051254272461
Sample 0,Chronos,0.08189492672681808
Sample 1,Timer,0.6321796774864197
Sample 1,Chronos,0.36782029271125793
Sample 2,TimesFM,0.7059860825538635
Sample 2,Moirai,0.2940139174461365
Sample 3,Chronos,0.8418192267417908
Sample 3,Timer,0.15818075835704803
Sample 4,Chronos,0.9483758211135864
Sample 4,Timer,0.051624223589897156
Sample 5,Moirai,0.5695217847824097
Sample 5,Chronos,0.4304782748222351
Sample 6,Chronos,0.6959809064865112
Sample 6,Timer,0.3040190637111664
Sample 7,TimesFM,0.8146410584449768
Sample 7,Time-MoE,0.18535898625850677
Sample 8,Moirai,0.8459417819976807
Sample 8,TimesFM,0.1540582776069641
Sample 9,Timer,0.6186815500259399
Sample 9,Moirai,0.38131844997406006
Sample 10,Timer,0.889538586139679
Sample 10,Time-MoE,0.11046141386032104
Sample 11,Chronos,0.8225638270378113
Sample 11,Moirai,0.1774362176656723
Sample 12,TimesFM,0.7639057636260986
Sample 12,Chronos,0.23609429597854614
Sample 13,Timer,0.5268510580062866
Sample 13,Moirai,0.47314897179603577
Sample 14,Timer,0.5763227343559265
Sample 14,Moirai,0.4236772656440735
Sample 15,TimesFM,0.8754693269729614
Sample 15,Time-MoE,0.12453068792819977
Sample 0,Moirai,0.9367172122001648
Sample 0,Time-MoE,0.06328284740447998
Sample 1,Timer,0.6063088774681091
Sample 1,Chronos,0.3936910927295685
Sample 2,Chronos,0.6567111015319824
Sample 2,TimesFM,0.34328892827033997
Sample 3,Chronos,0.8521115779876709
Sample 3,Moirai,0.14788848161697388
Sample 4,Timer,0.777705192565918
Sample 4,Chronos,0.2222948521375656
Sample 5,Timer,0.6820347905158997
Sample 5,Chronos,0.31796517968177795
Sample 6,Timer,0.5231319665908813
Sample 6,Chronos,0.47686803340911865
Sample 7,TimesFM,0.8593258857727051
Sample 7,Time-MoE,0.14067409932613373
Sample 8,Moirai,0.9668320417404175
Sample 8,Time-MoE,0.03316798433661461
Sample 9,Timer,0.6353434324264526
Sample 9,Chronos,0.364656537771225
Sample 10,Timer,0.7785924673080444
Sample 10,TimesFM,0.22140753269195557
Sample 11,Chronos,0.7899721264839172
Sample 11,Moirai,0.21002793312072754
Sample 12,TimesFM,0.9276469349861145
Sample 12,Time-MoE,0.0723530650138855
Sample 13,Chronos,0.5133200287818909
Sample 13,Timer,0.48667994141578674
Sample 14,Timer,0.7724223732948303
Sample 14,Moirai,0.22757761180400848
Sample 15,TimesFM,0.9062320590019226
Sample 15,Time-MoE,0.093767911195755
Sample 16,Moirai,0.8657999038696289
Sample 16,Time-MoE,0.1342000961303711
Sample 17,Timer,0.5087792277336121
Sample 17,Moirai,0.49122077226638794
Sample 18,TimesFM,0.668907105922699
Sample 18,Chronos,0.331092894077301
Sample 19,Chronos,0.7559945583343506
Sample 19,Moirai,0.24400538206100464
Sample 20,Moirai,0.6358537673950195
Sample 20,Chronos,0.36414623260498047
Sample 21,Chronos,0.81199711561203
Sample 21,Moirai,0.18800291419029236
Sample 22,Chronos,0.7229933738708496
Sample 22,TimesFM,0.277006596326828
Sample 23,Timer,0.5829027891159058
Sample 23,TimesFM,0.41709715127944946
Sample 24,TimesFM,0.5791810154914856
Sample 24,Moirai,0.4208189845085144
Sample 25,Timer,0.5995275974273682
Sample 25,Chronos,0.40047237277030945
Sample 26,Moirai,0.7543541193008423
Sample 26,Timer,0.2456458956003189
Sample 27,Chronos,0.6399158835411072
Sample 27,Moirai,0.3600841164588928
Sample 28,Time-MoE,0.7739052772521973
Sample 28,Chronos,0.22609472274780273
Sample 29,Timer,0.5478861331939697
Sample 29,Moirai,0.45211389660835266
Sample 30,Moirai,0.7363174557685852
Sample 30,Timer,0.2636825144290924
Sample 31,TimesFM,0.7941527962684631
Sample 31,Time-MoE,0.20584721863269806
Sample 0,TimesFM,0.8404015302658081
Sample 0,Moirai,0.15959851443767548
Sample 1,Moirai,0.500093400478363
Sample 1,Timer,0.49990659952163696
Sample 2,Chronos,0.5841929912567139
Sample 2,TimesFM,0.41580697894096375
Sample 3,Chronos,0.831261396408081
Sample 3,Timer,0.16873857378959656
Sample 4,Chronos,0.5537213087081909
Sample 4,TimesFM,0.4462786316871643
Sample 5,Timer,0.5408775210380554
Sample 5,Moirai,0.4591224491596222
Sample 6,Timer,0.7480352520942688
Sample 6,Chronos,0.2519647479057312
Sample 7,TimesFM,0.8589470386505127
Sample 7,Time-MoE,0.1410529762506485
Sample 8,Moirai,0.9784175753593445
Sample 8,Chronos,0.02158237062394619
Sample 9,Moirai,0.5388862490653992
Sample 9,Timer,0.4611137807369232
Sample 10,Moirai,0.6784053444862366
Sample 10,Timer,0.32159462571144104
Sample 11,Chronos,0.7057967185974121
Sample 11,TimesFM,0.2942032814025879
Sample 12,Chronos,0.7117441296577454
Sample 12,Timer,0.288255900144577
Sample 13,Moirai,0.6003052592277527
Sample 13,Chronos,0.3996947705745697
Sample 14,Timer,0.7306718230247498
Sample 14,Chronos,0.26932820677757263
Sample 15,TimesFM,0.7864701747894287
Sample 15,Time-MoE,0.2135298252105713
Sample 16,Moirai,0.953402042388916
Sample 16,Time-MoE,0.04659799486398697
Sample 17,Timer,0.5704311728477478
Sample 17,Moirai,0.4295688271522522
Sample 18,TimesFM,0.8008150458335876
Sample 18,Timer,0.19918498396873474
Sample 19,Chronos,0.7082033157348633
Sample 19,Timer,0.2917966842651367
Sample 20,Timer,0.6998876333236694
Sample 20,Moirai,0.3001123368740082
Sample 21,Moirai,0.5408121347427368
Sample 21,Timer,0.4591878652572632
Sample 22,Timer,0.7413936257362366
Sample 22,Moirai,0.2586063742637634
Sample 23,TimesFM,0.8259676098823547
Sample 23,Time-MoE,0.17403234541416168
Sample 24,Moirai,0.9441328644752502
Sample 24,Chronos,0.055867165327072144
Sample 25,Timer,0.6110643744468689
Sample 25,Chronos,0.3889356255531311
Sample 26,Timer,0.6083983182907104
Sample 26,Moirai,0.39160165190696716
Sample 27,Chronos,0.9436658620834351
Sample 27,Moirai,0.056334204971790314
Sample 28,TimesFM,0.8434867262840271
Sample 28,Time-MoE,0.1565132588148117
Sample 29,Chronos,0.5084831714630127
Sample 29,Moirai,0.49151676893234253
Sample 30,Timer,0.6336615681648254
Sample 30,Chronos,0.36633849143981934
Sample 31,TimesFM,0.8291944861412048
Sample 31,Time-MoE,0.17080554366111755
Sample 0,TimesFM,0.5740236043930054
Sample 0,Moirai,0.42597636580467224
Sample 1,Moirai,0.5374356508255005
Sample 1,Timer,0.4625643789768219
Sample 2,Moirai,0.7302477359771729
Sample 2,Chronos,0.2697522044181824
Sample 3,Chronos,0.7757793664932251
Sample 3,Moirai,0.2242206335067749
Sample 4,TimesFM,0.5861559510231018
Sample 4,Time-MoE,0.4138440787792206
Sample 5,Timer,0.727817952632904
Sample 5,Moirai,0.27218201756477356
Sample 6,Chronos,0.5227325558662415
Sample 6,Timer,0.47726741433143616
Sample 7,TimesFM,0.7241125106811523
Sample 7,Time-MoE,0.27588748931884766
Sample 8,Moirai,0.5608189702033997
Sample 8,TimesFM,0.43918099999427795
Sample 9,Timer,0.6929124593734741
Sample 9,Moirai,0.30708757042884827
Sample 10,Timer,0.5837980508804321
Sample 10,Moirai,0.4162019193172455
Sample 11,Chronos,0.9860807657241821
Sample 11,Timer,0.013919182121753693
Sample 12,TimesFM,0.7044740319252014
Sample 12,Time-MoE,0.2955259680747986
Sample 13,Chronos,0.5175852179527283
Sample 13,Timer,0.48241475224494934
Sample 14,Timer,0.8929190039634705
Sample 14,Moirai,0.10708101838827133
Sample 15,TimesFM,0.7216992974281311
Sample 15,Time-MoE,0.2783007323741913
Sample 16,Moirai,0.8816660642623901
Sample 16,Timer,0.11833397299051285
Sample 17,Timer,0.6780322790145874
Sample 17,Chronos,0.3219677209854126
Sample 18,TimesFM,0.9584142565727234
Sample 18,Time-MoE,0.04158570244908333
Sample 19,Moirai,0.6643665432929993
Sample 19,Timer,0.3356334865093231
Sample 20,TimesFM,0.724444568157196
Sample 20,Chronos,0.27555540204048157
Sample 21,Chronos,0.5287259817123413
Sample 21,Moirai,0.4712740480899811
Sample 22,Timer,0.6108714938163757
Sample 22,Moirai,0.3891284763813019
Sample 23,Timer,0.5711215138435364
Sample 23,Chronos,0.42887845635414124
Sample 24,TimesFM,0.7713733315467834
Sample 24,Time-MoE,0.22862669825553894
Sample 25,Timer,0.5248539447784424
Sample 25,Chronos,0.4751461148262024
Sample 26,TimesFM,0.8898271918296814
Sample 26,Timer,0.110172800719738
Sample 27,Chronos,0.9875428676605225
Sample 27,Moirai,0.012457089498639107
Sample 28,TimesFM,0.7161921262741089
Sample 28,Time-MoE,0.2838079035282135
Sample 29,Chronos,0.7249608635902405
Sample 29,Timer,0.27503907680511475
Sample 30,Timer,0.6282491087913513
Sample 30,Chronos,0.37175092101097107
Sample 31,TimesFM,0.8377794027328491
Sample 31,Time-MoE,0.16222061216831207
Sample 0,TimesFM,0.7685350775718689
Sample 0,Moirai,0.2314649522304535
Sample 1,Timer,0.5169790387153625
Sample 1,Moirai,0.48302096128463745
Sample 2,Timer,0.5406885743141174
Sample 2,TimesFM,0.45931145548820496
Sample 3,Chronos,0.74403977394104
Sample 3,Moirai,0.2559601962566376
Sample 4,Timer,0.9010553359985352
Sample 4,Moirai,0.09894469380378723
Sample 5,Chronos,0.7818683981895447
Sample 5,TimesFM,0.2181316465139389
Sample 6,Moirai,0.7217156887054443
Sample 6,Chronos,0.27828437089920044
Sample 7,TimesFM,0.547846257686615
Sample 7,Time-MoE,0.45215368270874023
Sample 8,Moirai,0.7289280295372009
Sample 8,TimesFM,0.2710719406604767
Sample 9,Timer,0.6321244835853577
Sample 9,Moirai,0.36787551641464233
Sample 10,Chronos,0.8492985367774963
Sample 10,Time-MoE,0.15070146322250366
Sample 11,Chronos,0.9258555769920349
Sample 11,Timer,0.0741443783044815
Sample 12,TimesFM,0.8229812383651733
Sample 12,Time-MoE,0.17701880633831024
Sample 13,Timer,0.6589133143424988
Sample 13,Chronos,0.34108665585517883
Sample 14,Moirai,0.5409007668495178
Sample 14,Timer,0.4590992033481598
Sample 15,TimesFM,0.7263035774230957
Sample 15,Time-MoE,0.2736963927745819
Sample 16,Moirai,0.6017959117889404
Sample 16,TimesFM,0.3982040286064148
Sample 17,Chronos,0.647986650466919
Sample 17,Timer,0.35201334953308105
Sample 18,TimesFM,0.727622389793396
Sample 18,Time-MoE,0.272377610206604
Sample 19,Chronos,0.9627593755722046
Sample 19,Moirai,0.0372406542301178
Sample 20,TimesFM,0.8184950947761536
Sample 20,Time-MoE,0.18150492012500763
Sample 21,Chronos,0.5568483471870422
Sample 21,Timer,0.44315165281295776
Sample 22,Moirai,0.5645739436149597
Sample 22,Timer,0.43542608618736267
Sample 23,TimesFM,0.8422849178314209
Sample 23,Time-MoE,0.1577150970697403
Sample 24,TimesFM,0.6442356705665588
Sample 24,Time-MoE,0.3557642996311188
Sample 25,Timer,0.5036193132400513
Sample 25,Chronos,0.49638065695762634
Sample 26,TimesFM,0.8870241641998291
Sample 26,Time-MoE,0.11297586560249329
Sample 27,Chronos,0.7609715461730957
Sample 27,Timer,0.23902839422225952
Sample 28,TimesFM,0.9185807704925537
Sample 28,Time-MoE,0.0814191997051239
Sample 29,Chronos,0.7299675345420837
Sample 29,Timer,0.27003246545791626
Sample 30,Moirai,0.5274474620819092
Sample 30,Timer,0.47255247831344604
Sample 31,TimesFM,0.8905074000358582
Sample 31,Time-MoE,0.10949265211820602
Sample 0,Moirai,0.9370929598808289
Sample 0,TimesFM,0.06290706992149353
Sample 1,Timer,0.5723838210105896
Sample 1,Moirai,0.4276162087917328
Sample 2,Timer,0.5916171073913574
Sample 2,Chronos,0.4083828926086426
Sample 3,Chronos,0.8332856297492981
Sample 3,Moirai,0.1667144000530243
Sample 4,Timer,0.7870814204216003
Sample 4,TimesFM,0.21291863918304443
Sample 5,Timer,0.6556940078735352
Sample 5,Chronos,0.34430596232414246
Sample 6,Timer,0.7456820607185364
Sample 6,Moirai,0.25431790947914124
Sample 7,TimesFM,0.7934480309486389
Sample 7,Time-MoE,0.2065519392490387
Sample 8,Moirai,0.9688633680343628
Sample 8,Time-MoE,0.031136654317378998
Sample 9,Timer,0.6344610452651978
Sample 9,Chronos,0.36553892493247986
Sample 10,TimesFM,0.9432648420333862
Sample 10,Moirai,0.05673512443900108
Sample 11,Chronos,0.8304102420806885
Sample 11,Moirai,0.16958974301815033
Sample 12,TimesFM,0.5880056023597717
Sample 12,Chronos,0.4119943678379059
Sample 13,Chronos,0.6010844111442566
Sample 13,Moirai,0.39891552925109863
Sample 14,Chronos,0.5357025265693665
Sample 14,Moirai,0.46429747343063354
Sample 15,TimesFM,0.6225692629814148
Sample 15,Timer,0.3774307668209076
Sample 16,Moirai,0.9513468146324158
Sample 16,Chronos,0.04865315929055214
Sample 17,Timer,0.558358907699585
Sample 17,Chronos,0.44164103269577026
Sample 18,Moirai,0.5342812538146973
Sample 18,Timer,0.4657187759876251
Sample 19,Chronos,0.9452295899391174
Sample 19,Timer,0.054770469665527344
Sample 20,TimesFM,0.7713768482208252
Sample 20,Time-MoE,0.2286231517791748
Sample 21,Chronos,0.5475931763648987
Sample 21,Moirai,0.4524068832397461
Sample 22,Timer,0.6004536747932434
Sample 22,Moirai,0.3995463252067566
Sample 23,TimesFM,0.8666179776191711
Sample 23,Time-MoE,0.13338203728199005
Sample 24,Moirai,0.7839789986610413
Sample 24,TimesFM,0.21602104604244232
Sample 25,Timer,0.6498105525970459
Sample 25,Chronos,0.3501894474029541
Sample 26,Moirai,0.5077986121177673
Sample 26,Timer,0.4922013282775879
Sample 27,Chronos,0.8887096047401428
Sample 27,Timer,0.1112903580069542
Sample 28,TimesFM,0.8174008131027222
Sample 28,Time-MoE,0.18259915709495544
Sample 29,Timer,0.8046566843986511
Sample 29,Moirai,0.1953432857990265
Sample 30,Timer,0.7688202857971191
Sample 30,Moirai,0.23117974400520325
Sample 31,TimesFM,0.8626095652580261
Sample 31,Time-MoE,0.1373904049396515
Sample 0,TimesFM,0.8200838565826416
Sample 0,Moirai,0.1799161732196808
Sample 1,Timer,0.6297182440757751
Sample 1,Chronos,0.37028178572654724
Sample 2,Timer,0.7191305756568909
Sample 2,Chronos,0.28086942434310913
Sample 3,Chronos,0.7606623768806458
Sample 3,Moirai,0.23933762311935425
Sample 4,TimesFM,0.9271826148033142
Sample 4,Time-MoE,0.072817362844944
Sample 5,Timer,0.5004652142524719
Sample 5,Moirai,0.4995347857475281
Sample 6,Moirai,0.700936496257782
Sample 6,Timer,0.299063503742218
Sample 7,TimesFM,0.6779285669326782
Sample 7,Time-MoE,0.3220714330673218
Sample 8,Moirai,0.6794541478157043
Sample 8,TimesFM,0.32054588198661804
Sample 9,Moirai,0.5189371109008789
Sample 9,Timer,0.4810628890991211
Sample 10,Timer,0.5183069705963135
Sample 10,Moirai,0.4816930294036865
Sample 11,Chronos,0.749609649181366
Sample 11,Moirai,0.25039035081863403
Sample 12,Time-MoE,0.565549373626709
Sample 12,Timer,0.434450626373291
Sample 13,Chronos,0.8931300640106201
Sample 13,Timer,0.10686997324228287
Sample 14,TimesFM,0.8912915587425232
Sample 14,Chronos,0.108708456158638
Sample 15,TimesFM,0.6882336139678955
Sample 15,Time-MoE,0.3117664158344269
Sample 16,TimesFM,0.8743509650230408
Sample 16,Time-MoE,0.12564906477928162
Sample 17,Timer,0.5073837637901306
Sample 17,Moirai,0.492616206407547
Sample 18,TimesFM,0.9175716638565063
Sample 18,Time-MoE,0.08242837339639664
Sample 19,Chronos,0.644312858581543
Sample 19,Moirai,0.35568711161613464
Sample 20,Timer,0.5089285969734192
Sample 20,Moirai,0.4910714030265808
Sample 21,Timer,0.6296103596687317
Sample 21,Moirai,0.3703896403312683
Sample 22,Timer,0.7105404138565063
Sample 22,Chronos,0.28945961594581604
Sample 23,TimesFM,0.9040496349334717
Sample 23,Time-MoE,0.09595032036304474
Sample 24,Moirai,0.9561802744865417
Sample 24,Time-MoE,0.04381975159049034
Sample 25,Moirai,0.5134127140045166
Sample 25,Timer,0.4865873456001282
Sample 26,TimesFM,0.824181318283081
Sample 26,Moirai,0.17581868171691895
Sample 27,Moirai,0.5247026681900024
Sample 27,Chronos,0.47529733180999756
Sample 28,Moirai,0.7028089165687561
Sample 28,Chronos,0.2971910834312439
Sample 29,Timer,0.6539598107337952
Sample 29,Chronos,0.3460402190685272
Sample 30,Moirai,0.8454288244247437
Sample 30,TimesFM,0.15457117557525635
Sample 31,TimesFM,0.6345372796058655
Sample 31,Time-MoE,0.36546269059181213
Sample 0,Moirai,0.9143413305282593
Sample 0,Chronos,0.08565863966941833
Sample 1,Timer,0.6326230764389038
Sample 1,Chronos,0.3673769235610962
Sample 2,TimesFM,0.7273702025413513
Sample 2,Moirai,0.27262982726097107
Sample 3,Chronos,0.8562203049659729
Sample 3,Timer,0.14377962052822113
Sample 4,Chronos,0.9565682411193848
Sample 4,Timer,0.043431758880615234
Sample 5,Moirai,0.5545121431350708
Sample 5,Chronos,0.4454878568649292
Sample 6,Chronos,0.7032657265663147
Sample 6,Timer,0.2967342734336853
Sample 7,TimesFM,0.8434820771217346
Sample 7,Time-MoE,0.1565178781747818
Sample 8,Moirai,0.8280015587806702
Sample 8,TimesFM,0.17199844121932983
Sample 9,Timer,0.634972333908081
Sample 9,Chronos,0.36502769589424133
Sample 10,Timer,0.8968490958213806
Sample 10,Moirai,0.10315091907978058
Sample 11,Chronos,0.8391408920288086
Sample 11,Moirai,0.16085906326770782
Sample 12,TimesFM,0.7509772181510925
Sample 12,Chronos,0.24902278184890747
Sample 13,Timer,0.5479307770729065
Sample 13,Moirai,0.4520692229270935
Sample 14,Timer,0.588282585144043
Sample 14,Moirai,0.41171741485595703
Sample 15,TimesFM,0.8979341983795166
Sample 15,Time-MoE,0.10206583142280579
Sample 0,Moirai,0.9319746494293213
Sample 0,Time-MoE,0.06802529841661453
Sample 1,Timer,0.6205176115036011
Sample 1,Chronos,0.3794823884963989
Sample 2,Chronos,0.6851857900619507
Sample 2,TimesFM,0.31481415033340454
Sample 3,Chronos,0.8673619627952576
Sample 3,Moirai,0.13263800740242004
Sample 4,Timer,0.7820895314216614
Sample 4,Chronos,0.21791042387485504
Sample 5,Timer,0.6892834305763245
Sample 5,Chronos,0.31071653962135315
Sample 6,Timer,0.5354233980178833
Sample 6,Chronos,0.4645766019821167
Sample 7,TimesFM,0.8846400380134583
Sample 7,Time-MoE,0.11535990983247757
Sample 8,Moirai,0.9627108573913574
Sample 8,Time-MoE,0.037289097905159
Sample 9,Timer,0.6478110551834106
Sample 9,Chronos,0.35218891501426697
Sample 10,Timer,0.7701669335365295
Sample 10,TimesFM,0.22983306646347046
Sample 11,Chronos,0.8028215169906616
Sample 11,Moirai,0.19717851281166077
Sample 12,TimesFM,0.9416961669921875
Sample 12,Time-MoE,0.05830379202961922
Sample 13,Chronos,0.5088295936584473
Sample 13,Timer,0.49117040634155273
Sample 14,Timer,0.7830196022987366
Sample 14,Moirai,0.21698035299777985
Sample 15,TimesFM,0.9243906140327454
Sample 15,Time-MoE,0.07560945302248001
Sample 16,Moirai,0.8651162981987
Sample 16,TimesFM,0.13488370180130005
Sample 17,Timer,0.5334455370903015
Sample 17,Moirai,0.4665544629096985
Sample 18,TimesFM,0.6751518845558167
Sample 18,Chronos,0.3248481750488281
Sample 19,Chronos,0.7742059230804443
Sample 19,Moirai,0.22579409182071686
Sample 20,Moirai,0.6338658332824707
Sample 20,Chronos,0.3661341965198517
Sample 21,Chronos,0.8266753554344177
Sample 21,Moirai,0.1733246147632599
Sample 22,Chronos,0.7383350729942322
Sample 22,TimesFM,0.2616649270057678
Sample 23,Timer,0.5883966684341431
Sample 23,TimesFM,0.41160330176353455
Sample 24,TimesFM,0.6029965877532959
Sample 24,Moirai,0.3970034122467041
Sample 25,Timer,0.6092613935470581
Sample 25,Chronos,0.3907385766506195
Sample 26,Moirai,0.7435745596885681
Sample 26,Timer,0.25642549991607666
Sample 27,Chronos,0.6462349891662598
Sample 27,Timer,0.35376498103141785
Sample 28,Time-MoE,0.6577584743499756
Sample 28,Chronos,0.342241495847702
Sample 29,Timer,0.5692622661590576
Sample 29,Moirai,0.43073776364326477
Sample 30,Moirai,0.7341141104698181
Sample 30,Timer,0.2658859193325043
Sample 31,TimesFM,0.8175981640815735
Sample 31,Time-MoE,0.18240177631378174
Sample 0,TimesFM,0.8571048974990845
Sample 0,Moirai,0.14289508759975433
Sample 1,Timer,0.5292665362358093
Sample 1,Moirai,0.47073349356651306
Sample 2,Chronos,0.5980833768844604
Sample 2,TimesFM,0.40191662311553955
Sample 3,Chronos,0.8282541632652283
Sample 3,Timer,0.17174586653709412
Sample 4,Chronos,0.5638031959533691
Sample 4,TimesFM,0.43619683384895325
Sample 5,Timer,0.5639244914054871
Sample 5,Moirai,0.43607547879219055
Sample 6,Timer,0.7719554305076599
Sample 6,Chronos,0.22804459929466248
Sample 7,TimesFM,0.8841233253479004
Sample 7,Time-MoE,0.1158766970038414
Sample 8,Moirai,0.9788615107536316
Sample 8,Chronos,0.021138561889529228
Sample 9,Moirai,0.5118705630302429
Sample 9,Timer,0.4881294369697571
Sample 10,Moirai,0.6554373502731323
Sample 10,Timer,0.3445626199245453
Sample 11,Chronos,0.7154347896575928
Sample 11,TimesFM,0.2845652103424072
Sample 12,Chronos,0.6961503028869629
Sample 12,Timer,0.30384963750839233
Sample 13,Moirai,0.577140212059021
Sample 13,Timer,0.422859787940979
Sample 14,Timer,0.7435477375984192
Sample 14,Chronos,0.2564522624015808
Sample 15,TimesFM,0.8071428537368774
Sample 15,Time-MoE,0.19285713136196136
Sample 16,Moirai,0.9506440758705139
Sample 16,Time-MoE,0.049355946481227875
Sample 17,Timer,0.6005581617355347
Sample 17,Moirai,0.39944183826446533
Sample 18,TimesFM,0.8087965250015259
Sample 18,Timer,0.19120347499847412
Sample 19,Chronos,0.6977924704551697
Sample 19,Timer,0.30220749974250793
Sample 20,Timer,0.7253012657165527
Sample 20,Moirai,0.27469873428344727
Sample 21,Moirai,0.5138769745826721
Sample 21,Timer,0.4861230254173279
Sample 22,Timer,0.7710996270179749
Sample 22,Chronos,0.22890035808086395
Sample 23,TimesFM,0.8597131371498108
Sample 23,Time-MoE,0.1402868926525116
Sample 24,Moirai,0.9432023763656616
Sample 24,Chronos,0.05679766833782196
Sample 25,Timer,0.6316626071929932
Sample 25,Chronos,0.3683374524116516
Sample 26,Timer,0.6155620813369751
Sample 26,Moirai,0.3844379484653473
Sample 27,Chronos,0.9484596848487854
Sample 27,Moirai,0.05154027044773102
Sample 28,TimesFM,0.865863561630249
Sample 28,Chronos,0.13413648307323456
Sample 29,Chronos,0.5076680183410645
Sample 29,Moirai,0.49233201146125793
Sample 30,Timer,0.6508049368858337
Sample 30,Chronos,0.34919506311416626
Sample 31,TimesFM,0.8583702445030212
Sample 31,Time-MoE,0.14162977039813995
Sample 0,TimesFM,0.5936079025268555
Sample 0,Moirai,0.4063921272754669
Sample 1,Moirai,0.5076407194137573
Sample 1,Timer,0.4923592209815979
Sample 2,Moirai,0.7418928146362305
Sample 2,Chronos,0.25810718536376953
Sample 3,Chronos,0.7854991555213928
Sample 3,Moirai,0.2145007997751236
Sample 4,TimesFM,0.599342942237854
Sample 4,Time-MoE,0.400657057762146
Sample 5,Timer,0.7469730973243713
Sample 5,Moirai,0.25302690267562866
Sample 6,Chronos,0.5231927633285522
Sample 6,Timer,0.47680723667144775
Sample 7,TimesFM,0.746922492980957
Sample 7,Time-MoE,0.25307753682136536
Sample 8,Moirai,0.5451726317405701
Sample 8,TimesFM,0.45482736825942993
Sample 9,Timer,0.7184030413627625
Sample 9,Moirai,0.28159692883491516
Sample 10,Timer,0.6197534799575806
Sample 10,Moirai,0.38024652004241943
Sample 11,Chronos,0.9870598316192627
Sample 11,Timer,0.012940211221575737
Sample 12,TimesFM,0.7537509202957153
Sample 12,Time-MoE,0.24624906480312347
Sample 13,Timer,0.5062856674194336
Sample 13,Chronos,0.493714302778244
Sample 14,Timer,0.9072389602661133
Sample 14,Moirai,0.09276104718446732
Sample 15,TimesFM,0.7703062891960144
Sample 15,Time-MoE,0.2296937108039856
Sample 16,Moirai,0.8699539303779602
Sample 16,Timer,0.1300460696220398
Sample 17,Timer,0.7058213949203491
Sample 17,Chronos,0.29417863488197327
Sample 18,TimesFM,0.9606762528419495
Sample 18,Timer,0.039323728531599045
Sample 19,Moirai,0.6545674800872803
Sample 19,Timer,0.34543249011039734
Sample 20,TimesFM,0.7034014463424683
Sample 20,Chronos,0.29659855365753174
Sample 21,Chronos,0.5138879418373108
Sample 21,Moirai,0.4861120879650116
Sample 22,Timer,0.6544823050498962
Sample 22,Moirai,0.34551766514778137
Sample 23,Timer,0.5544750094413757
Sample 23,Chronos,0.44552499055862427
Sample 24,TimesFM,0.8022401928901672
Sample 24,Time-MoE,0.19775982201099396
Sample 25,Timer,0.553732693195343
Sample 25,Chronos,0.446267306804657
Sample 26,TimesFM,0.894975483417511
Sample 26,Timer,0.10502447932958603
Sample 27,Chronos,0.9888436794281006
Sample 27,Moirai,0.011156290769577026
Sample 28,TimesFM,0.7649857401847839
Sample 28,Time-MoE,0.23501427471637726
Sample 29,Chronos,0.7131553888320923
Sample 29,Timer,0.2868446409702301
Sample 30,Timer,0.6562000513076782
Sample 30,Chronos,0.3437999486923218
Sample 31,TimesFM,0.867074191570282
Sample 31,Time-MoE,0.1329258531332016
Sample 0,TimesFM,0.7824334502220154
Sample 0,Moirai,0.21756653487682343
Sample 1,Timer,0.5459995865821838
Sample 1,Moirai,0.45400041341781616
Sample 2,Timer,0.5471123456954956
Sample 2,TimesFM,0.4528876841068268
Sample 3,Chronos,0.7490543723106384
Sample 3,Moirai,0.25094565749168396
Sample 4,Timer,0.9092417359352112
Sample 4,Moirai,0.09075824916362762
Sample 5,Chronos,0.8104737997055054
Sample 5,TimesFM,0.1895262449979782
Sample 6,Moirai,0.7268959879875183
Sample 6,Chronos,0.2731040120124817
Sample 7,TimesFM,0.56776362657547
Sample 7,Time-MoE,0.43223631381988525
Sample 8,Moirai,0.710159420967102
Sample 8,TimesFM,0.2898406386375427
Sample 9,Timer,0.6618744134902954
Sample 9,Moirai,0.338125616312027
Sample 10,Chronos,0.8769180774688721
Sample 10,Time-MoE,0.12308192253112793
Sample 11,Chronos,0.9253720641136169
Sample 11,Timer,0.07462794333696365
Sample 12,TimesFM,0.8441877365112305
Sample 12,Time-MoE,0.1558123081922531
Sample 13,Timer,0.6787156462669373
Sample 13,Chronos,0.32128432393074036
Sample 14,Moirai,0.5215994119644165
Sample 14,Timer,0.4784005880355835
Sample 15,TimesFM,0.7575057148933411
Sample 15,Time-MoE,0.24249421060085297
Sample 16,Moirai,0.5855005383491516
Sample 16,TimesFM,0.4144994616508484
Sample 17,Chronos,0.6249287128448486
Sample 17,Timer,0.375071257352829
Sample 18,TimesFM,0.7489599585533142
Sample 18,Time-MoE,0.2510400712490082
Sample 19,Chronos,0.9650129079818726
Sample 19,Moirai,0.03498712182044983
Sample 20,TimesFM,0.8023703694343567
Sample 20,Chronos,0.1976296752691269
Sample 21,Chronos,0.5303402543067932
Sample 21,Timer,0.4696597456932068
Sample 22,Moirai,0.5385617017745972
Sample 22,Timer,0.4614383280277252
Sample 23,TimesFM,0.8660943508148193
Sample 23,Time-MoE,0.13390560448169708
Sample 24,TimesFM,0.6830470561981201
Sample 24,Time-MoE,0.3169529438018799
Sample 25,Timer,0.5371921062469482
Sample 25,Chronos,0.46280795335769653
Sample 26,TimesFM,0.9023465514183044
Sample 26,Time-MoE,0.09765344858169556
Sample 27,Chronos,0.7517193555831909
Sample 27,Timer,0.2482805699110031
Sample 28,TimesFM,0.9305346608161926
Sample 28,Time-MoE,0.06946536153554916
Sample 29,Chronos,0.7281889319419861
Sample 29,Timer,0.2718111276626587
Sample 30,Timer,0.5004842877388
Sample 30,Moirai,0.49951571226119995
Sample 31,TimesFM,0.9082506895065308
Sample 31,Time-MoE,0.09174929559230804
Sample 0,Moirai,0.9344187378883362
Sample 0,TimesFM,0.06558122485876083
Sample 1,Timer,0.6005702614784241
Sample 1,Moirai,0.39942970871925354
Sample 2,Timer,0.6066830158233643
Sample 2,Chronos,0.39331698417663574
Sample 3,Chronos,0.8348671197891235
Sample 3,Moirai,0.16513286530971527
Sample 4,Timer,0.8100820779800415
Sample 4,Chronos,0.18991795182228088
Sample 5,Timer,0.687309741973877
Sample 5,Chronos,0.31269025802612305
Sample 6,Timer,0.7710480690002441
Sample 6,Moirai,0.22895194590091705
Sample 7,TimesFM,0.8168268799781799
Sample 7,Time-MoE,0.1831730753183365
Sample 8,Moirai,0.9654644727706909
Sample 8,Time-MoE,0.034535568207502365
Sample 9,Timer,0.6735805869102478
Sample 9,Moirai,0.3264194428920746
Sample 10,TimesFM,0.9459978938102722
Sample 10,Time-MoE,0.05400210618972778
Sample 11,Chronos,0.8367040157318115
Sample 11,Moirai,0.16329596936702728
Sample 12,TimesFM,0.5456133484840393
Sample 12,Chronos,0.4543865919113159
Sample 13,Chronos,0.5783851742744446
Sample 13,Moirai,0.4216148853302002
Sample 14,Chronos,0.503472626209259
Sample 14,Timer,0.4965273439884186
Sample 15,TimesFM,0.6385388970375061
Sample 15,Timer,0.36146116256713867
Sample 16,Moirai,0.9526707530021667
Sample 16,Chronos,0.04732922464609146
Sample 17,Timer,0.5998691916465759
Sample 17,Chronos,0.4001307785511017
Sample 18,Moirai,0.5089112520217896
Sample 18,Timer,0.49108877778053284
Sample 19,Chronos,0.9464742541313171
Sample 19,Timer,0.05352569371461868
Sample 20,TimesFM,0.8113890290260315
Sample 20,Time-MoE,0.1886109709739685
Sample 21,Chronos,0.5326601266860962
Sample 21,Moirai,0.4673398733139038
Sample 22,Timer,0.6335069537162781
Sample 22,Moirai,0.36649298667907715
Sample 23,TimesFM,0.8889137506484985
Sample 23,Time-MoE,0.11108627170324326
Sample 24,Moirai,0.7711886763572693
Sample 24,TimesFM,0.22881130874156952
Sample 25,Timer,0.687235951423645
Sample 25,Chronos,0.31276407837867737
Sample 26,Moirai,0.5066969990730286
Sample 26,Timer,0.49330300092697144
Sample 27,Chronos,0.881657063961029
Sample 27,Timer,0.11834297329187393
Sample 28,TimesFM,0.8420212268829346
Sample 28,Time-MoE,0.15797880291938782
Sample 29,Timer,0.8127698302268982
Sample 29,TimesFM,0.1872301995754242
Sample 30,Timer,0.7890060544013977
Sample 30,Moirai,0.21099402010440826
Sample 31,TimesFM,0.8800097703933716
Sample 31,Time-MoE,0.11999019235372543
Sample 0,TimesFM,0.8274365663528442
Sample 0,Moirai,0.17256346344947815
Sample 1,Timer,0.6563897132873535
Sample 1,Moirai,0.3436102867126465
Sample 2,Timer,0.7269218564033508
Sample 2,Chronos,0.2730780839920044
Sample 3,Chronos,0.7539477348327637
Sample 3,Moirai,0.24605223536491394
Sample 4,TimesFM,0.93675297498703
Sample 4,Time-MoE,0.06324706226587296
Sample 5,Timer,0.5212541818618774
Sample 5,Moirai,0.47874584794044495
Sample 6,Moirai,0.6871396899223328
Sample 6,Timer,0.3128603398799896
Sample 7,TimesFM,0.7153201103210449
Sample 7,Time-MoE,0.28467994928359985
Sample 8,Moirai,0.6659607291221619
Sample 8,TimesFM,0.33403927087783813
Sample 9,Timer,0.5055426955223083
Sample 9,Moirai,0.49445730447769165
Sample 10,Timer,0.5407620668411255
Sample 10,Moirai,0.4592379927635193
Sample 11,Chronos,0.7402680516242981
Sample 11,Timer,0.2597319185733795
Sample 12,Time-MoE,0.5588040947914124
Sample 12,Timer,0.4411959648132324
Sample 13,Chronos,0.9006692171096802
Sample 13,Timer,0.09933077543973923
Sample 14,TimesFM,0.8945226669311523
Sample 14,Time-MoE,0.10547737777233124
Sample 15,TimesFM,0.7085872292518616
Sample 15,Time-MoE,0.29141274094581604
Sample 16,TimesFM,0.8856818675994873
Sample 16,Time-MoE,0.11431821435689926
Sample 17,Timer,0.5316770076751709
Sample 17,Moirai,0.4683230519294739
Sample 18,TimesFM,0.929385244846344
Sample 18,Time-MoE,0.07061472535133362
Sample 19,Chronos,0.6214640736579895
Sample 19,Timer,0.3785359263420105
Sample 20,Timer,0.5253726840019226
Sample 20,Moirai,0.4746273458003998
Sample 21,Timer,0.6492823362350464
Sample 21,Moirai,0.350717693567276
Sample 22,Timer,0.7444015741348267
Sample 22,Chronos,0.25559836626052856
Sample 23,TimesFM,0.919940710067749
Sample 23,Time-MoE,0.08005932718515396
Sample 24,Moirai,0.9522800445556641
Sample 24,Time-MoE,0.04771996662020683
Sample 25,Timer,0.5091010332107544
Sample 25,Moirai,0.4908989667892456
Sample 26,TimesFM,0.8265511989593506
Sample 26,Moirai,0.17344877123832703
Sample 27,Moirai,0.5416015386581421
Sample 27,Chronos,0.4583985209465027
Sample 28,Moirai,0.6952889561653137
Sample 28,Chronos,0.3047110140323639
Sample 29,Timer,0.684493362903595
Sample 29,Moirai,0.31550663709640503
Sample 30,Moirai,0.8418627977371216
Sample 30,Time-MoE,0.1581372320652008
Sample 31,TimesFM,0.676529586315155
Sample 31,Time-MoE,0.3234703838825226
Sample 0,Moirai,0.9237390160560608
Sample 0,Chronos,0.07626093178987503
Sample 1,Timer,0.6686163544654846
Sample 1,Chronos,0.3313836455345154
Sample 2,TimesFM,0.7401169538497925
Sample 2,Moirai,0.25988298654556274
Sample 3,Chronos,0.8551769852638245
Sample 3,Timer,0.14482305943965912
Sample 4,Chronos,0.9641812443733215
Sample 4,Timer,0.03581879287958145
Sample 5,Moirai,0.5806868672370911
Sample 5,Chronos,0.4193131625652313
Sample 6,Chronos,0.6856170892715454
Sample 6,Timer,0.314382940530777
Sample 7,TimesFM,0.8653908371925354
Sample 7,Time-MoE,0.1346091330051422
Sample 8,Moirai,0.8209726810455322
Sample 8,TimesFM,0.17902728915214539
Sample 9,Timer,0.6567337512969971
Sample 9,Moirai,0.34326624870300293
Sample 10,Timer,0.897487461566925
Sample 10,Time-MoE,0.10251250863075256
Sample 11,Chronos,0.8361853957176208
Sample 11,Moirai,0.16381454467773438
Sample 12,TimesFM,0.7320981621742249
Sample 12,Chronos,0.26790177822113037
Sample 13,Timer,0.5657557845115662
Sample 13,Moirai,0.43424421548843384
Sample 14,Timer,0.6046159267425537
Sample 14,Moirai,0.3953840434551239
Sample 15,TimesFM,0.9141857028007507
Sample 15,Time-MoE,0.08581435680389404
Sample 0,Moirai,0.9286994934082031
Sample 0,Time-MoE,0.07130046933889389
Sample 1,Timer,0.6601170897483826
Sample 1,Chronos,0.33988288044929504
Sample 2,Chronos,0.730983316898346
Sample 2,TimesFM,0.26901674270629883
Sample 3,Chronos,0.8649578094482422
Sample 3,Moirai,0.1350422352552414
Sample 4,Timer,0.7956135272979736
Sample 4,Chronos,0.20438644289970398
Sample 5,Timer,0.7170538306236267
Sample 5,Chronos,0.2829461097717285
Sample 6,Timer,0.5697021484375
Sample 6,Chronos,0.4302978217601776
Sample 7,TimesFM,0.9021768569946289
Sample 7,Time-MoE,0.0978231430053711
Sample 8,Moirai,0.9589559435844421
Sample 8,Time-MoE,0.04104403406381607
Sample 9,Timer,0.684391438961029
Sample 9,Chronos,0.31560856103897095
Sample 10,Timer,0.7448568344116211
Sample 10,TimesFM,0.2551431953907013
Sample 11,Chronos,0.7952766418457031
Sample 11,Moirai,0.20472343266010284
Sample 12,TimesFM,0.9510853290557861
Sample 12,Time-MoE,0.04891468212008476
Sample 13,Timer,0.5224648714065552
Sample 13,Chronos,0.47753509879112244
Sample 14,Timer,0.7895702719688416
Sample 14,Moirai,0.21042972803115845
Sample 15,TimesFM,0.9365559220314026
Sample 15,Time-MoE,0.0634440928697586
Sample 16,Moirai,0.8627550601959229
Sample 16,TimesFM,0.13724489510059357
Sample 17,Timer,0.5429321527481079
Sample 17,Moirai,0.4570678770542145
Sample 18,TimesFM,0.6756033301353455
Sample 18,Chronos,0.32439664006233215
Sample 19,Chronos,0.7641515135765076
Sample 19,Moirai,0.23584845662117004
Sample 20,Moirai,0.6361213326454163
Sample 20,Chronos,0.36387869715690613
Sample 21,Chronos,0.8204549551010132
Sample 21,Timer,0.17954500019550323
Sample 22,Chronos,0.7347760796546936
Sample 22,Timer,0.2652239501476288
Sample 23,Timer,0.5965439081192017
Sample 23,TimesFM,0.40345609188079834
Sample 24,TimesFM,0.6101217865943909
Sample 24,Moirai,0.3898782730102539
Sample 25,Timer,0.6436896324157715
Sample 25,Chronos,0.3563103973865509
Sample 26,Moirai,0.7461649775505066
Sample 26,Timer,0.2538350522518158
Sample 27,Chronos,0.634186327457428
Sample 27,Timer,0.3658137321472168
Sample 28,Chronos,0.5284236669540405
Sample 28,Time-MoE,0.4715763330459595
Sample 29,Timer,0.578130841255188
Sample 29,Moirai,0.4218691289424896
Sample 30,Moirai,0.7357532382011414
Sample 30,Timer,0.26424676179885864
Sample 31,TimesFM,0.8356853723526001
Sample 31,Time-MoE,0.1643146574497223
Sample 0,TimesFM,0.8588663935661316
Sample 0,Moirai,0.14113359153270721
Sample 1,Timer,0.5265461206436157
Sample 1,Moirai,0.47345393896102905
Sample 2,Chronos,0.6130865812301636
Sample 2,TimesFM,0.3869134187698364
Sample 3,Chronos,0.8194242119789124
Sample 3,Timer,0.18057577311992645
Sample 4,Chronos,0.5804287195205688
Sample 4,TimesFM,0.4195712208747864
Sample 5,Timer,0.557229220867157
Sample 5,Moirai,0.442770779132843
Sample 6,Timer,0.7972216606140137
Sample 6,Chronos,0.20277830958366394
Sample 7,TimesFM,0.9009434580802917
Sample 7,Time-MoE,0.09905648976564407
Sample 8,Moirai,0.9785802364349365
Sample 8,Time-MoE,0.021419715136289597
Sample 9,Moirai,0.5153016448020935
Sample 9,Timer,0.4846983551979065
Sample 10,Moirai,0.6551228165626526
Sample 10,Timer,0.34487712383270264
Sample 11,Chronos,0.7175941467285156
Sample 11,TimesFM,0.2824058532714844
Sample 12,Chronos,0.678483247756958
Sample 12,Timer,0.3215167224407196
Sample 13,Moirai,0.5829829573631287
Sample 13,Timer,0.41701701283454895
Sample 14,Timer,0.7534770965576172
Sample 14,Chronos,0.2465229630470276
Sample 15,TimesFM,0.8224967122077942
Sample 15,Time-MoE,0.1775033175945282
Sample 16,Moirai,0.9484912157058716
Sample 16,Time-MoE,0.051508817821741104
Sample 17,Timer,0.5992326140403748
Sample 17,Moirai,0.40076744556427
Sample 18,TimesFM,0.8269527554512024
Sample 18,Timer,0.1730472594499588
Sample 19,Chronos,0.6785376071929932
Sample 19,Timer,0.32146236300468445
Sample 20,Timer,0.7260252237319946
Sample 20,Moirai,0.273974746465683
Sample 21,Moirai,0.5183333158493042
Sample 21,Timer,0.4816667139530182
Sample 22,Timer,0.7818524241447449
Sample 22,Moirai,0.21814756095409393
Sample 23,TimesFM,0.8839492201805115
Sample 23,Time-MoE,0.11605077981948853
Sample 24,Moirai,0.9506759643554688
Sample 24,Chronos,0.04932399466633797
Sample 25,Timer,0.6588981747627258
Sample 25,Chronos,0.34110182523727417
Sample 26,Timer,0.5993883609771729
Sample 26,Moirai,0.40061160922050476
Sample 27,Chronos,0.9487910270690918
Sample 27,Moirai,0.051208946853876114
Sample 28,TimesFM,0.8410477638244629
Sample 28,Chronos,0.1589522361755371
Sample 29,Moirai,0.5274451971054077
Sample 29,Chronos,0.4725547730922699
Sample 30,Timer,0.6698747277259827
Sample 30,Chronos,0.33012527227401733
Sample 31,TimesFM,0.8777909874916077
Sample 31,Time-MoE,0.12220901995897293
Sample 0,TimesFM,0.6039782762527466
Sample 0,Moirai,0.3960217237472534
Sample 1,Moirai,0.5180893540382385
Sample 1,Timer,0.4819106459617615
Sample 2,Moirai,0.7525715231895447
Sample 2,Chronos,0.24742847681045532
Sample 3,Chronos,0.7819233536720276
Sample 3,Moirai,0.218076691031456
Sample 4,TimesFM,0.6108419299125671
Sample 4,Time-MoE,0.38915807008743286
Sample 5,Timer,0.7411953806877136
Sample 5,Moirai,0.25880464911460876
Sample 6,Chronos,0.530032217502594
Sample 6,Timer,0.4699678122997284
Sample 7,TimesFM,0.7650004625320435
Sample 7,Time-MoE,0.23499949276447296
Sample 8,Moirai,0.5381667613983154
Sample 8,TimesFM,0.46183323860168457
Sample 9,Timer,0.7114781141281128
Sample 9,Moirai,0.2885218560695648
Sample 10,Timer,0.6170184016227722
Sample 10,Moirai,0.3829815685749054
Sample 11,Chronos,0.9881054162979126
Sample 11,Timer,0.011894570663571358
Sample 12,TimesFM,0.7910417914390564
Sample 12,Time-MoE,0.20895825326442719
Sample 13,Timer,0.517073392868042
Sample 13,Chronos,0.482926607131958
Sample 14,Timer,0.9072487354278564
Sample 14,Moirai,0.09275127947330475
Sample 15,TimesFM,0.806425929069519
Sample 15,Time-MoE,0.19357407093048096
Sample 16,Moirai,0.8761147856712341
Sample 16,Timer,0.12388523668050766
Sample 17,Timer,0.725582480430603
Sample 17,Chronos,0.2744174897670746
Sample 18,TimesFM,0.962114691734314
Sample 18,Timer,0.03788522630929947
Sample 19,Moirai,0.6662335991859436
Sample 19,Timer,0.3337664008140564
Sample 20,TimesFM,0.6632190942764282
Sample 20,Chronos,0.3367809057235718
Sample 21,Moirai,0.5196223258972168
Sample 21,Timer,0.480377733707428
Sample 22,Timer,0.657972514629364
Sample 22,Moirai,0.342027485370636
Sample 23,Timer,0.5348244905471802
Sample 23,Chronos,0.46517547965049744
Sample 24,TimesFM,0.8240419626235962
Sample 24,Time-MoE,0.175958052277565
Sample 25,Timer,0.5754055976867676
Sample 25,Chronos,0.42459437251091003
Sample 26,TimesFM,0.9037178158760071
Sample 26,Timer,0.09628212451934814
Sample 27,Chronos,0.989935576915741
Sample 27,Moirai,0.010064423084259033
Sample 28,TimesFM,0.7963210344314575
Sample 28,Chronos,0.20367898046970367
Sample 29,Chronos,0.7072041034698486
Sample 29,Timer,0.29279589653015137
Sample 30,Timer,0.6714614629745483
Sample 30,Moirai,0.32853856682777405
Sample 31,TimesFM,0.8871077299118042
Sample 31,Time-MoE,0.1128922626376152
Sample 0,TimesFM,0.7879694700241089
Sample 0,Moirai,0.2120305746793747
Sample 1,Timer,0.5226412415504456
Sample 1,Moirai,0.47735875844955444
Sample 2,Timer,0.5496260523796082
Sample 2,TimesFM,0.45037391781806946
Sample 3,Chronos,0.7394474744796753
Sample 3,Moirai,0.2605524957180023
Sample 4,Timer,0.9062678217887878
Sample 4,Moirai,0.09373220801353455
Sample 5,Chronos,0.8308281898498535
Sample 5,TimesFM,0.1691717952489853
Sample 6,Moirai,0.7358509302139282
Sample 6,Chronos,0.26414909958839417
Sample 7,TimesFM,0.5845019817352295
Sample 7,Time-MoE,0.41549795866012573
Sample 8,Moirai,0.701228141784668
Sample 8,TimesFM,0.29877185821533203
Sample 9,Timer,0.6425700187683105
Sample 9,Moirai,0.3574299216270447
Sample 10,Chronos,0.903253972530365
Sample 10,Time-MoE,0.0967460572719574
Sample 11,Chronos,0.9338973760604858
Sample 11,Timer,0.06610259413719177
Sample 12,TimesFM,0.8594479560852051
Sample 12,Time-MoE,0.1405520886182785
Sample 13,Timer,0.6719372868537903
Sample 13,Chronos,0.3280627131462097
Sample 14,Moirai,0.5453774333000183
Sample 14,Timer,0.4546225666999817
Sample 15,TimesFM,0.7790637612342834
Sample 15,Time-MoE,0.22093620896339417
Sample 16,Moirai,0.5827577710151672
Sample 16,TimesFM,0.41724222898483276
Sample 17,Chronos,0.6177533864974976
Sample 17,Timer,0.38224658370018005
Sample 18,TimesFM,0.765531599521637
Sample 18,Time-MoE,0.23446844518184662
Sample 19,Chronos,0.9674862623214722
Sample 19,Moirai,0.03251369297504425
Sample 20,TimesFM,0.7697928547859192
Sample 20,Chronos,0.2302071899175644
Sample 21,Chronos,0.5431739091873169
Sample 21,Timer,0.4568261206150055
Sample 22,Moirai,0.5549184083938599
Sample 22,Timer,0.44508159160614014
Sample 23,TimesFM,0.8829242587089539
Sample 23,Time-MoE,0.11707571893930435
Sample 24,TimesFM,0.7127918601036072
Sample 24,Time-MoE,0.2872081398963928
Sample 25,Timer,0.5372329950332642
Sample 25,Chronos,0.46276700496673584
Sample 26,TimesFM,0.9151846170425415
Sample 26,Time-MoE,0.08481535315513611
Sample 27,Chronos,0.7680048942565918
Sample 27,Timer,0.23199507594108582
Sample 28,TimesFM,0.9395220279693604
Sample 28,Time-MoE,0.06047794222831726
Sample 29,Chronos,0.7536467909812927
Sample 29,Timer,0.24635323882102966
Sample 30,Moirai,0.5235423445701599
Sample 30,Timer,0.4764576554298401
Sample 31,TimesFM,0.9201942086219788
Sample 31,Time-MoE,0.07980576157569885
Sample 0,Moirai,0.9337651133537292
Sample 0,Time-MoE,0.06623489409685135
Sample 1,Timer,0.5675856471061707
Sample 1,Moirai,0.43241432309150696
Sample 2,Timer,0.597854733467102
Sample 2,Chronos,0.40214526653289795
Sample 3,Chronos,0.8313546776771545
Sample 3,Moirai,0.16864530742168427
Sample 4,Timer,0.8218782544136047
Sample 4,TimesFM,0.17812174558639526
Sample 5,Timer,0.6713249683380127
Sample 5,Chronos,0.3286750018596649
Sample 6,Timer,0.7505372762680054
Sample 6,Moirai,0.24946267902851105
Sample 7,TimesFM,0.8368030786514282
Sample 7,Time-MoE,0.1631968766450882
Sample 8,Moirai,0.9642478227615356
Sample 8,Time-MoE,0.03575221449136734
Sample 9,Timer,0.644585371017456
Sample 9,Moirai,0.3554146885871887
Sample 10,TimesFM,0.9487419128417969
Sample 10,Time-MoE,0.05125804990530014
Sample 11,Chronos,0.8275484442710876
Sample 11,Moirai,0.17245152592658997
Sample 12,TimesFM,0.5246820449829102
Sample 12,Chronos,0.47531792521476746
Sample 13,Chronos,0.5391678214073181
Sample 13,Moirai,0.4608322083950043
Sample 14,Chronos,0.5105748772621155
Sample 14,Moirai,0.4894251525402069
Sample 15,TimesFM,0.6441256999969482
Sample 15,Timer,0.35587430000305176
Sample 16,Moirai,0.9503042101860046
Sample 16,Time-MoE,0.04969583824276924
Sample 17,Timer,0.590142548084259
Sample 17,Chronos,0.40985745191574097
Sample 18,Moirai,0.5368880033493042
Sample 18,Timer,0.4631119966506958
Sample 19,Chronos,0.9564048647880554
Sample 19,Timer,0.04359510913491249
Sample 20,TimesFM,0.8244001865386963
Sample 20,Chronos,0.17559979856014252
Sample 21,Chronos,0.5126107931137085
Sample 21,Moirai,0.4873892366886139
Sample 22,Timer,0.6047797203063965
Sample 22,Moirai,0.3952202796936035
Sample 23,TimesFM,0.9041582942008972
Sample 23,Time-MoE,0.09584172070026398
Sample 24,Moirai,0.7616267204284668
Sample 24,TimesFM,0.2383732795715332
Sample 25,Timer,0.6897850036621094
Sample 25,Chronos,0.31021496653556824
Sample 26,Moirai,0.5190413594245911
Sample 26,Timer,0.48095864057540894
Sample 27,Chronos,0.8937689661979675
Sample 27,Timer,0.10623104870319366
Sample 28,TimesFM,0.8605197668075562
Sample 28,Time-MoE,0.13948030769824982
Sample 29,Timer,0.7900393605232239
Sample 29,TimesFM,0.20996065437793732
Sample 30,Timer,0.7671137452125549
Sample 30,Moirai,0.23288622498512268
Sample 31,TimesFM,0.89499831199646
Sample 31,Time-MoE,0.10500168800354004
Sample 0,TimesFM,0.836863100528717
Sample 0,Moirai,0.16313688457012177
Sample 1,Timer,0.6165615320205688
Sample 1,Moirai,0.3834385275840759
Sample 2,Timer,0.7126263380050659
Sample 2,Chronos,0.2873736619949341
Sample 3,Chronos,0.7490407824516296
Sample 3,Moirai,0.25095924735069275
Sample 4,TimesFM,0.9442804455757141
Sample 4,Chronos,0.055719491094350815
Sample 5,Moirai,0.528895914554596
Sample 5,Timer,0.47110408544540405
Sample 6,Moirai,0.7240534424781799
Sample 6,Timer,0.2759465277194977
Sample 7,TimesFM,0.7498433589935303
Sample 7,Time-MoE,0.2501566410064697
Sample 8,Moirai,0.6472314596176147
Sample 8,TimesFM,0.35276857018470764
Sample 9,Moirai,0.5400598049163818
Sample 9,Timer,0.45994019508361816
Sample 10,Timer,0.5313701629638672
Sample 10,Moirai,0.4686298668384552
Sample 11,Chronos,0.7423056960105896
Sample 11,Moirai,0.2576943337917328
Sample 12,Time-MoE,0.5403896570205688
Sample 12,Chronos,0.45961037278175354
Sample 13,Chronos,0.9149524569511414
Sample 13,Timer,0.08504756540060043
Sample 14,TimesFM,0.9012499451637268
Sample 14,Time-MoE,0.09875011444091797
Sample 15,TimesFM,0.7327941060066223
Sample 15,Time-MoE,0.2672059237957001
Sample 16,TimesFM,0.89434814453125
Sample 16,Moirai,0.10565183311700821
Sample 17,Moirai,0.5138013958930969
Sample 17,Timer,0.4861986041069031
Sample 18,TimesFM,0.9407134652137756
Sample 18,Time-MoE,0.05928659066557884
Sample 19,Chronos,0.6254310011863708
Sample 19,Moirai,0.37456896901130676
Sample 20,Moirai,0.5218737125396729
Sample 20,Timer,0.47812628746032715
Sample 21,Timer,0.6047106385231018
Sample 21,Moirai,0.3952893912792206
Sample 22,Timer,0.7257913947105408
Sample 22,Chronos,0.27420854568481445
Sample 23,TimesFM,0.9323383569717407
Sample 23,Time-MoE,0.06766165792942047
Sample 24,Moirai,0.9534924030303955
Sample 24,Time-MoE,0.046507611870765686
Sample 25,Moirai,0.5389357805252075
Sample 25,Timer,0.4610641896724701
Sample 26,TimesFM,0.8292104601860046
Sample 26,Moirai,0.17078951001167297
Sample 27,Moirai,0.5538515448570251
Sample 27,Chronos,0.44614848494529724
Sample 28,Moirai,0.6674133539199829
Sample 28,Chronos,0.3325866758823395
Sample 29,Timer,0.660503625869751
Sample 29,Moirai,0.339496374130249
Sample 30,Moirai,0.8455537557601929
Sample 30,TimesFM,0.15444625914096832
Sample 31,TimesFM,0.696556031703949
Sample 31,Time-MoE,0.3034439980983734
Sample 0,Moirai,0.9330840706825256
Sample 0,Chronos,0.06691592186689377
Sample 1,Timer,0.6373512744903564
Sample 1,Chronos,0.36264869570732117
Sample 2,TimesFM,0.7535452842712402
Sample 2,Moirai,0.24645467102527618
Sample 3,Chronos,0.881663978099823
Sample 3,Timer,0.1183360368013382
Sample 4,Chronos,0.9716250896453857
Sample 4,Timer,0.028374837711453438
Sample 5,Moirai,0.6064000129699707
Sample 5,Chronos,0.3935999870300293
Sample 6,Chronos,0.7193893194198608
Sample 6,Timer,0.28061071038246155
Sample 7,TimesFM,0.8826977014541626
Sample 7,Time-MoE,0.1173022910952568
Sample 8,Moirai,0.8097178936004639
Sample 8,TimesFM,0.19028209149837494
Sample 9,Timer,0.6085381507873535
Sample 9,Moirai,0.3914618194103241
Sample 10,Timer,0.8907179832458496
Sample 10,Moirai,0.10928207635879517
Sample 11,Chronos,0.8359631299972534
Sample 11,Moirai,0.1640368551015854
Sample 12,TimesFM,0.7176448106765747
Sample 12,Chronos,0.2823552191257477
Sample 13,Timer,0.5117879509925842
Sample 13,Moirai,0.4882120192050934
Sample 14,Timer,0.5500531196594238
Sample 14,Moirai,0.4499468505382538
Sample 15,TimesFM,0.9275770783424377
Sample 15,Time-MoE,0.07242295145988464
Sample 0,Moirai,0.9297677278518677
Sample 0,TimesFM,0.07023224234580994
Sample 1,Timer,0.625315248966217
Sample 1,Chronos,0.37468475103378296
Sample 2,Chronos,0.7781726717948914
Sample 2,TimesFM,0.22182732820510864
Sample 3,Chronos,0.8689009547233582
Sample 3,Moirai,0.13109901547431946
Sample 4,Timer,0.7934944033622742
Sample 4,Chronos,0.20650558173656464
Sample 5,Timer,0.6768016219139099
Sample 5,Chronos,0.3231984078884125
Sample 6,Timer,0.5183432698249817
Sample 6,Chronos,0.4816567599773407
Sample 7,TimesFM,0.9183311462402344
Sample 7,Time-MoE,0.08166883140802383
Sample 8,Moirai,0.9613932371139526
Sample 8,Time-MoE,0.03860676288604736
Sample 9,Timer,0.6495434045791626
Sample 9,Chronos,0.3504565954208374
Sample 10,Timer,0.6951266527175903
Sample 10,TimesFM,0.30487334728240967
Sample 11,Chronos,0.79424649477005
Sample 11,Moirai,0.20575350522994995
Sample 12,TimesFM,0.9605743288993835
Sample 12,Time-MoE,0.039425745606422424
Sample 13,Chronos,0.5315252542495728
Sample 13,Timer,0.46847471594810486
Sample 14,Timer,0.7477846741676331
Sample 14,Moirai,0.25221532583236694
Sample 15,TimesFM,0.9474236369132996
Sample 15,Time-MoE,0.05257636308670044
Sample 16,Moirai,0.8549056053161621
Sample 16,TimesFM,0.1450943946838379
Sample 17,Moirai,0.522776186466217
Sample 17,Timer,0.47722381353378296
Sample 18,TimesFM,0.6751651167869568
Sample 18,Chronos,0.3248348534107208
Sample 19,Chronos,0.7633063197135925
Sample 19,Moirai,0.23669372498989105
Sample 20,Moirai,0.6310232281684875
Sample 20,Chronos,0.3689768314361572
Sample 21,Chronos,0.8294745683670044
Sample 21,Moirai,0.1705254316329956
Sample 22,Chronos,0.7529518008232117
Sample 22,TimesFM,0.24704822897911072
Sample 23,Timer,0.6101568341255188
Sample 23,TimesFM,0.389843225479126
Sample 24,TimesFM,0.631496250629425
Sample 24,Moirai,0.36850371956825256
Sample 25,Timer,0.6023450493812561
Sample 25,Chronos,0.3976549804210663
Sample 26,Moirai,0.7814076542854309
Sample 26,Timer,0.21859240531921387
Sample 27,Chronos,0.6407153606414795
Sample 27,Moirai,0.3592846989631653
Sample 28,Chronos,0.6816457509994507
Sample 28,Time-MoE,0.3183542788028717
Sample 29,Timer,0.5134797096252441
Sample 29,Moirai,0.48652026057243347
Sample 30,Moirai,0.7876813411712646
Sample 30,Timer,0.21231865882873535
Sample 31,TimesFM,0.8503754138946533
Sample 31,Time-MoE,0.14962458610534668
Sample 0,TimesFM,0.8691695928573608
Sample 0,Moirai,0.13083034753799438
Sample 1,Moirai,0.5430895090103149
Sample 1,Timer,0.45691049098968506
Sample 2,Chronos,0.639851987361908
Sample 2,TimesFM,0.36014804244041443
Sample 3,Chronos,0.8513786792755127
Sample 3,Timer,0.1486213207244873
Sample 4,Chronos,0.5971648097038269
Sample 4,TimesFM,0.4028351902961731
Sample 5,Moirai,0.5168348550796509
Sample 5,Timer,0.4831651747226715
Sample 6,Timer,0.7778814435005188
Sample 6,Chronos,0.2221185266971588
Sample 7,TimesFM,0.9178193211555481
Sample 7,Time-MoE,0.0821806937456131
Sample 8,Moirai,0.9791864156723022
Sample 8,Time-MoE,0.02081356570124626
Sample 9,Moirai,0.5839075446128845
Sample 9,Timer,0.4160924553871155
Sample 10,Moirai,0.6956233382225037
Sample 10,Timer,0.30437666177749634
Sample 11,Chronos,0.7242799997329712
Sample 11,TimesFM,0.2757200300693512
Sample 12,Chronos,0.6881670355796814
Sample 12,Timer,0.3118329644203186
Sample 13,Moirai,0.6470609307289124
Sample 13,Chronos,0.35293906927108765
Sample 14,Timer,0.7148903608322144
Sample 14,Chronos,0.28510966897010803
Sample 15,TimesFM,0.8419166207313538
Sample 15,Time-MoE,0.15808333456516266
Sample 16,Moirai,0.9528186917304993
Sample 16,Time-MoE,0.04718134179711342
Sample 17,Timer,0.5322701334953308
Sample 17,Moirai,0.4677298367023468
Sample 18,TimesFM,0.8434708118438721
Sample 18,Timer,0.15652918815612793
Sample 19,Chronos,0.7126646041870117
Sample 19,Moirai,0.28733545541763306
Sample 20,Timer,0.6821258664131165
Sample 20,Moirai,0.31787413358688354
Sample 21,Moirai,0.5895716547966003
Sample 21,Timer,0.41042840480804443
Sample 22,Timer,0.7617539167404175
Sample 22,Moirai,0.23824603855609894
Sample 23,TimesFM,0.8977606296539307
Sample 23,Time-MoE,0.10223939269781113
Sample 24,Moirai,0.9559943675994873
Sample 24,Chronos,0.04400563985109329
Sample 25,Timer,0.6128138899803162
Sample 25,Chronos,0.38718608021736145
Sample 26,Timer,0.5309756994247437
Sample 26,Moirai,0.46902433037757874
Sample 27,Chronos,0.9521150588989258
Sample 27,Moirai,0.04788491874933243
Sample 28,TimesFM,0.8178839683532715
Sample 28,Chronos,0.18211601674556732
Sample 29,Moirai,0.5495545864105225
Sample 29,Chronos,0.4504454433917999
Sample 30,Timer,0.6134938597679138
Sample 30,Chronos,0.38650619983673096
Sample 31,TimesFM,0.8956405520439148
Sample 31,Time-MoE,0.10435942560434341
Sample 0,TimesFM,0.6284088492393494
Sample 0,Moirai,0.3715912103652954
Sample 1,Moirai,0.5864474773406982
Sample 1,Timer,0.41355249285697937
Sample 2,Moirai,0.759541928768158
Sample 2,Chronos,0.24045811593532562
Sample 3,Chronos,0.7900145053863525
Sample 3,Moirai,0.20998550951480865
Sample 4,TimesFM,0.6309688687324524
Sample 4,Time-MoE,0.3690311312675476
Sample 5,Timer,0.7009194493293762
Sample 5,Moirai,0.2990805208683014
Sample 6,Chronos,0.5799099802970886
Sample 6,Timer,0.4200899600982666
Sample 7,TimesFM,0.7897300124168396
Sample 7,Time-MoE,0.21026994287967682
Sample 8,Moirai,0.5128950476646423
Sample 8,TimesFM,0.48710495233535767
Sample 9,Timer,0.6542328596115112
Sample 9,Moirai,0.34576717019081116
Sample 10,Timer,0.5675128102302551
Sample 10,Moirai,0.4324871301651001
Sample 11,Chronos,0.9900762438774109
Sample 11,Timer,0.009923732839524746
Sample 12,TimesFM,0.8111203908920288
Sample 12,Time-MoE,0.1888795793056488
Sample 13,Chronos,0.5108656287193298
Sample 13,Moirai,0.48913440108299255
Sample 14,Timer,0.8868733644485474
Sample 14,Moirai,0.11312661319971085
Sample 15,TimesFM,0.8335882425308228
Sample 15,Time-MoE,0.16641171276569366
Sample 16,Moirai,0.9033647179603577
Sample 16,Timer,0.09663520753383636
Sample 17,Timer,0.6851085424423218
Sample 17,Chronos,0.3148914873600006
Sample 18,TimesFM,0.9608162641525269
Sample 18,Timer,0.03918370231986046
Sample 19,Moirai,0.7025193572044373
Sample 19,Timer,0.29748061299324036
Sample 20,TimesFM,0.6240440011024475
Sample 20,Chronos,0.3759559988975525
Sample 21,Moirai,0.5601442456245422
Sample 21,Chronos,0.43985581398010254
Sample 22,Timer,0.6177804470062256
Sample 22,Moirai,0.3822195529937744
Sample 23,Timer,0.5275184512138367
Sample 23,Chronos,0.4724815785884857
Sample 24,TimesFM,0.8564127087593079
Sample 24,Time-MoE,0.14358724653720856
Sample 25,Timer,0.5244330763816833
Sample 25,Chronos,0.47556692361831665
Sample 26,TimesFM,0.9154108166694641
Sample 26,Timer,0.0845891684293747
Sample 27,Chronos,0.9913591146469116
Sample 27,Moirai,0.008640950545668602
Sample 28,TimesFM,0.773457944393158
Sample 28,Chronos,0.22654208540916443
Sample 29,Chronos,0.7315012812614441
Sample 29,Moirai,0.2684986889362335
Sample 30,Timer,0.6115720868110657
Sample 30,Moirai,0.3884279429912567
Sample 31,TimesFM,0.9002388119697571
Sample 31,Time-MoE,0.09976118803024292
Sample 0,TimesFM,0.7997157573699951
Sample 0,Moirai,0.2002842277288437
Sample 1,Moirai,0.5337632894515991
Sample 1,Timer,0.4662366807460785
Sample 2,Timer,0.5489439368247986
Sample 2,TimesFM,0.4510560631752014
Sample 3,Chronos,0.741787850856781
Sample 3,Moirai,0.2582121193408966
Sample 4,Timer,0.8995313048362732
Sample 4,Moirai,0.100468710064888
Sample 5,Chronos,0.8538014888763428
Sample 5,TimesFM,0.14619851112365723
Sample 6,Moirai,0.7367942929267883
Sample 6,Chronos,0.2632056474685669
Sample 7,TimesFM,0.6089088916778564
Sample 7,Time-MoE,0.3910910487174988
Sample 8,Moirai,0.6777015328407288
Sample 8,TimesFM,0.32229843735694885
Sample 9,Timer,0.5911876559257507
Sample 9,Moirai,0.40881234407424927
Sample 10,Chronos,0.9198543429374695
Sample 10,Time-MoE,0.0801457092165947
Sample 11,Chronos,0.9432704448699951
Sample 11,Moirai,0.05672954022884369
Sample 12,TimesFM,0.8725396990776062
Sample 12,Time-MoE,0.127460315823555
Sample 13,Timer,0.6233886480331421
Sample 13,Chronos,0.3766114115715027
Sample 14,Moirai,0.596199631690979
Sample 14,Timer,0.403800368309021
Sample 15,TimesFM,0.8034346103668213
Sample 15,Time-MoE,0.19656531512737274
Sample 16,Moirai,0.5691443085670471
Sample 16,TimesFM,0.4308556318283081
Sample 17,Chronos,0.6485447287559509
Sample 17,Timer,0.35145530104637146
Sample 18,TimesFM,0.7851060628890991
Sample 18,Time-MoE,0.2148938924074173
Sample 19,Chronos,0.9710347652435303
Sample 19,Moirai,0.02896527759730816
Sample 20,TimesFM,0.7390991449356079
Sample 20,Chronos,0.2609008848667145
Sample 21,Chronos,0.601405918598175
Sample 21,Timer,0.39859405159950256
Sample 22,Moirai,0.5917919874191284
Sample 22,Timer,0.40820804238319397
Sample 23,TimesFM,0.8969133496284485
Sample 23,Time-MoE,0.10308666527271271
Sample 24,TimesFM,0.7591917514801025
Sample 24,Time-MoE,0.24080824851989746
Sample 25,Chronos,0.5113320350646973
Sample 25,Timer,0.48866790533065796
Sample 26,TimesFM,0.926724910736084
Sample 26,Time-MoE,0.0732751116156578
Sample 27,Chronos,0.8100882768630981
Sample 27,Timer,0.18991173803806305
Sample 28,TimesFM,0.947376549243927
Sample 28,Time-MoE,0.05262352153658867
Sample 29,Chronos,0.8011136651039124
Sample 29,Timer,0.19888629019260406
Sample 30,Moirai,0.579811692237854
Sample 30,Timer,0.4201883375644684
Sample 31,TimesFM,0.9316054582595825
Sample 31,Time-MoE,0.06839454174041748
Sample 0,Moirai,0.9311074614524841
Sample 0,TimesFM,0.06889257580041885
Sample 1,Timer,0.5241731405258179
Sample 1,Moirai,0.4758268892765045
Sample 2,Timer,0.5652920007705688
Sample 2,Chronos,0.4347079396247864
Sample 3,Chronos,0.8364606499671936
Sample 3,Moirai,0.1635393351316452
Sample 4,Timer,0.8176089525222778
Sample 4,Moirai,0.18239106237888336
Sample 5,Timer,0.6322495341300964
Sample 5,Chronos,0.3677504360675812
Sample 6,Timer,0.7205792665481567
Sample 6,Moirai,0.27942076325416565
Sample 7,TimesFM,0.859750509262085
Sample 7,Time-MoE,0.14024950563907623
Sample 8,Moirai,0.9697097539901733
Sample 8,Time-MoE,0.030290275812149048
Sample 9,Timer,0.6056426167488098
Sample 9,Moirai,0.3943574130535126
Sample 10,TimesFM,0.953069269657135
Sample 10,Moirai,0.04693068563938141
Sample 11,Chronos,0.8220816850662231
Sample 11,Moirai,0.17791827023029327
Sample 12,Chronos,0.5207177996635437
Sample 12,TimesFM,0.4792822003364563
Sample 13,Chronos,0.5163609981536865
Sample 13,Moirai,0.4836390018463135
Sample 14,Chronos,0.5158108472824097
Sample 14,Moirai,0.48418915271759033
Sample 15,TimesFM,0.643603503704071
Sample 15,Timer,0.35639646649360657
Sample 16,Moirai,0.95673668384552
Sample 16,Time-MoE,0.04326331987977028
Sample 17,Timer,0.5541923642158508
Sample 17,Chronos,0.44580763578414917
Sample 18,Moirai,0.5689032673835754
Sample 18,Timer,0.43109673261642456
Sample 19,Chronos,0.9653118252754211
Sample 19,Timer,0.03468817099928856
Sample 20,TimesFM,0.7971168160438538
Sample 20,Chronos,0.20288319885730743
Sample 21,Chronos,0.511096715927124
Sample 21,Moirai,0.48890331387519836
Sample 22,Timer,0.5659142732620239
Sample 22,Moirai,0.43408575654029846
Sample 23,TimesFM,0.9131507277488708
Sample 23,Time-MoE,0.08684922009706497
Sample 24,Moirai,0.7453106045722961
Sample 24,TimesFM,0.25468942523002625
Sample 25,Timer,0.6671273708343506
Sample 25,Chronos,0.3328726291656494
Sample 26,Moirai,0.5382840037345886
Sample 26,Timer,0.461715966463089
Sample 27,Chronos,0.9071837067604065
Sample 27,Moirai,0.0928163155913353
Sample 28,TimesFM,0.8757789731025696
Sample 28,Time-MoE,0.12422099709510803
Sample 29,Timer,0.7599860429763794
Sample 29,TimesFM,0.240013986825943
Sample 30,Timer,0.7350032329559326
Sample 30,Moirai,0.264996737241745
Sample 31,TimesFM,0.9124740958213806
Sample 31,Time-MoE,0.08752589672803879
Sample 0,TimesFM,0.8398109078407288
Sample 0,Moirai,0.1601891666650772
Sample 1,Timer,0.5947355628013611
Sample 1,Moirai,0.4052644670009613
Sample 2,Timer,0.709295392036438
Sample 2,Chronos,0.2907046377658844
Sample 3,Chronos,0.7567530274391174
Sample 3,Moirai,0.24324697256088257
Sample 4,TimesFM,0.9375849366188049
Sample 4,Chronos,0.06241503357887268
Sample 5,Moirai,0.5576773285865784
Sample 5,Timer,0.442322701215744
Sample 6,Moirai,0.746290922164917
Sample 6,Timer,0.25370901823043823
Sample 7,TimesFM,0.7794469594955444
Sample 7,Time-MoE,0.22055299580097198
Sample 8,Moirai,0.630269467830658
Sample 8,TimesFM,0.36973056197166443
Sample 9,Moirai,0.5658052563667297
Sample 9,Timer,0.43419480323791504
Sample 10,Timer,0.5257921814918518
Sample 10,Moirai,0.4742078185081482
Sample 11,Chronos,0.7496604919433594
Sample 11,Moirai,0.250339537858963
Sample 12,Time-MoE,0.5232239961624146
Sample 12,Chronos,0.47677600383758545
Sample 13,Chronos,0.9231321215629578
Sample 13,Timer,0.07686781883239746
Sample 14,TimesFM,0.9039579629898071
Sample 14,Chronos,0.09604205191135406
Sample 15,TimesFM,0.7558811902999878
Sample 15,Time-MoE,0.2441188246011734
Sample 16,TimesFM,0.894496500492096
Sample 16,Moirai,0.10550346225500107
Sample 17,Moirai,0.5399180054664612
Sample 17,Timer,0.4600819945335388
Sample 18,TimesFM,0.9495750665664673
Sample 18,Time-MoE,0.05042493715882301
Sample 19,Chronos,0.632943868637085
Sample 19,Moirai,0.36705607175827026
Sample 20,Moirai,0.524055004119873
Sample 20,Chronos,0.47594496607780457
Sample 21,Timer,0.5784934759140015
Sample 21,Moirai,0.42150649428367615
Sample 22,Timer,0.7099789381027222
Sample 22,Chronos,0.29002103209495544
Sample 23,TimesFM,0.9412530064582825
Sample 23,Time-MoE,0.058746952563524246
Sample 24,Moirai,0.9606295228004456
Sample 24,Time-MoE,0.03937043249607086
Sample 25,Moirai,0.5662843585014343
Sample 25,Timer,0.4337156414985657
Sample 26,TimesFM,0.8301489949226379
Sample 26,Moirai,0.16985106468200684
Sample 27,Moirai,0.5486742258071899
Sample 27,Chronos,0.45132577419281006
Sample 28,Moirai,0.645515501499176
Sample 28,Chronos,0.35448455810546875
Sample 29,Timer,0.6505447626113892
Sample 29,Moirai,0.34945523738861084
Sample 30,Moirai,0.8461319208145142
Sample 30,TimesFM,0.15386800467967987
Sample 31,TimesFM,0.6852078437805176
Sample 31,Time-MoE,0.31479209661483765
Sample 0,Moirai,0.9367023706436157
Sample 0,Chronos,0.06329768151044846
Sample 1,Timer,0.6272616386413574
Sample 1,Chronos,0.37273842096328735
Sample 2,TimesFM,0.7680545449256897
Sample 2,Moirai,0.2319454550743103
Sample 3,Chronos,0.8938011527061462
Sample 3,Timer,0.10619886219501495
Sample 4,Chronos,0.9756562113761902
Sample 4,Timer,0.024343805387616158
Sample 5,Moirai,0.6095758676528931
Sample 5,Chronos,0.39042413234710693
Sample 6,Chronos,0.7257964611053467
Sample 6,Timer,0.2742035388946533
Sample 7,TimesFM,0.8928214311599731
Sample 7,Time-MoE,0.10717855393886566
Sample 8,Moirai,0.8034956455230713
Sample 8,TimesFM,0.19650432467460632
Sample 9,Timer,0.6013851165771484
Sample 9,Moirai,0.3986148536205292
Sample 10,Timer,0.8878688812255859
Sample 10,TimesFM,0.11213111877441406
Sample 11,Chronos,0.8442155122756958
Sample 11,Moirai,0.1557845175266266
Sample 12,TimesFM,0.6893013715744019
Sample 12,Chronos,0.31069865822792053
Sample 13,Timer,0.5022442936897278
Sample 13,Moirai,0.4977557063102722
Sample 14,Timer,0.5352547764778137
Sample 14,Moirai,0.4647451937198639
Sample 15,TimesFM,0.9361975193023682
Sample 15,Time-MoE,0.06380243599414825
Sample 0,Moirai,0.9289035201072693
Sample 0,TimesFM,0.07109655439853668
Sample 1,Timer,0.6287127137184143
Sample 1,Chronos,0.3712872564792633
Sample 2,Chronos,0.814568817615509
Sample 2,TimesFM,0.18543119728565216
Sample 3,Chronos,0.8797224760055542
Sample 3,Moirai,0.12027748674154282
Sample 4,Timer,0.8004236817359924
Sample 4,Chronos,0.19957634806632996
Sample 5,Timer,0.6716067790985107
Sample 5,Chronos,0.32839322090148926
Sample 6,Timer,0.515103816986084
Sample 6,Chronos,0.48489615321159363
Sample 7,TimesFM,0.9275643229484558
Sample 7,Time-MoE,0.07243569940328598
Sample 8,Moirai,0.9659572839736938
Sample 8,Time-MoE,0.034042682498693466
Sample 9,Timer,0.6508665680885315
Sample 9,Chronos,0.34913337230682373
Sample 10,Timer,0.6466529369354248
Sample 10,TimesFM,0.35334712266921997
Sample 11,Chronos,0.8039474487304688
Sample 11,Moirai,0.19605256617069244
Sample 12,TimesFM,0.9658799171447754
Sample 12,Time-MoE,0.034120116382837296
Sample 13,Chronos,0.5417625308036804
Sample 13,Timer,0.4582374393939972
Sample 14,Timer,0.7448538541793823
Sample 14,Moirai,0.25514620542526245
Sample 15,TimesFM,0.9533118009567261
Sample 15,Time-MoE,0.04668819531798363
Sample 16,Moirai,0.8562496900558472
Sample 16,TimesFM,0.1437503546476364
Sample 17,Moirai,0.5224466919898987
Sample 17,Timer,0.4775533378124237
Sample 18,TimesFM,0.6671173572540283
Sample 18,Chronos,0.3328826427459717
Sample 19,Chronos,0.7754089832305908
Sample 19,Moirai,0.22459100186824799
Sample 20,Moirai,0.6296970844268799
Sample 20,Chronos,0.3703029453754425
Sample 21,Chronos,0.8421165347099304
Sample 21,Moirai,0.1578834503889084
Sample 22,Chronos,0.7653489112854004
Sample 22,TimesFM,0.2346511334180832
Sample 23,Timer,0.6241656541824341
Sample 23,TimesFM,0.3758343458175659
Sample 24,TimesFM,0.6229331493377686
Sample 24,Moirai,0.37706682085990906
Sample 25,Timer,0.6003820896148682
Sample 25,Chronos,0.3996179699897766
Sample 26,Moirai,0.7901349067687988
Sample 26,Timer,0.20986510813236237
Sample 27,Chronos,0.6447156667709351
Sample 27,Moirai,0.35528430342674255
Sample 28,Chronos,0.7855329513549805
Sample 28,Time-MoE,0.21446704864501953
Sample 29,Timer,0.5119607448577881
Sample 29,Moirai,0.4880392253398895
Sample 30,Moirai,0.8011955618858337
Sample 30,Timer,0.19880445301532745
Sample 31,TimesFM,0.8593289852142334
Sample 31,Time-MoE,0.14067097008228302
Sample 0,TimesFM,0.8662570714950562
Sample 0,Moirai,0.13374291360378265
Sample 1,Moirai,0.5331511497497559
Sample 1,Timer,0.46684879064559937
Sample 2,Chronos,0.6629395484924316
Sample 2,TimesFM,0.33706048130989075
Sample 3,Chronos,0.8536422848701477
Sample 3,Timer,0.14635774493217468
Sample 4,Chronos,0.6073317527770996
Sample 4,TimesFM,0.392668217420578
Sample 5,Moirai,0.5130701661109924
Sample 5,Timer,0.48692986369132996
Sample 6,Timer,0.7889739871025085
Sample 6,TimesFM,0.21102602779865265
Sample 7,TimesFM,0.9266250729560852
Sample 7,Time-MoE,0.0733749195933342
Sample 8,Moirai,0.9800066351890564
Sample 8,Time-MoE,0.01999332383275032
Sample 9,Moirai,0.5744346380233765
Sample 9,Timer,0.42556536197662354
Sample 10,Moirai,0.6889935731887817
Sample 10,Timer,0.31100642681121826
Sample 11,Chronos,0.7285482287406921
Sample 11,TimesFM,0.2714517116546631
Sample 12,Chronos,0.6752524375915527
Sample 12,Timer,0.32474762201309204
Sample 13,Moirai,0.6395038962364197
Sample 13,Chronos,0.3604961037635803
Sample 14,Timer,0.718674898147583
Sample 14,Chronos,0.2813251316547394
Sample 15,TimesFM,0.8541613221168518
Sample 15,Time-MoE,0.14583873748779297
Sample 16,Moirai,0.9593215584754944
Sample 16,Time-MoE,0.0406784750521183
Sample 17,Timer,0.5449368357658386
Sample 17,Moirai,0.4550631642341614
Sample 18,TimesFM,0.8519885540008545
Sample 18,Timer,0.1480114758014679
Sample 19,Chronos,0.7270345091819763
Sample 19,Timer,0.2729654908180237
Sample 20,Timer,0.6944022178649902
Sample 20,Moirai,0.30559778213500977
Sample 21,Moirai,0.5822401642799377
Sample 21,Timer,0.41775983572006226
Sample 22,Timer,0.7847577929496765
Sample 22,Moirai,0.2152421772480011
Sample 23,TimesFM,0.9021669626235962
Sample 23,Time-MoE,0.09783309698104858
Sample 24,Moirai,0.9566142559051514
Sample 24,Chronos,0.04338575899600983
Sample 25,Timer,0.6172916293144226
Sample 25,Chronos,0.382708340883255
Sample 26,Timer,0.5201770663261414
Sample 26,Moirai,0.47982293367385864
Sample 27,Chronos,0.9572144150733948
Sample 27,Moirai,0.042785581201314926
Sample 28,TimesFM,0.7837925553321838
Sample 28,Chronos,0.21620742976665497
Sample 29,Moirai,0.5445606708526611
Sample 29,Chronos,0.45543932914733887
Sample 30,Timer,0.6122552752494812
Sample 30,Chronos,0.3877447247505188
Sample 31,TimesFM,0.9041971564292908
Sample 31,Time-MoE,0.09580282121896744
Sample 0,TimesFM,0.6199861168861389
Sample 0,Moirai,0.3800138831138611
Sample 1,Moirai,0.5690839290618896
Sample 1,Timer,0.43091610074043274
Sample 2,Moirai,0.762414276599884
Sample 2,Chronos,0.23758569359779358
Sample 3,Chronos,0.8105207085609436
Sample 3,Moirai,0.1894792765378952
Sample 4,TimesFM,0.6418187022209167
Sample 4,Time-MoE,0.35818132758140564
Sample 5,Timer,0.7108312845230103
Sample 5,Moirai,0.28916868567466736
Sample 6,Chronos,0.5872802138328552
Sample 6,Timer,0.41271981596946716
Sample 7,TimesFM,0.8036087155342102
Sample 7,Time-MoE,0.1963912397623062
Sample 8,Moirai,0.536765456199646
Sample 8,TimesFM,0.4632345139980316
Sample 9,Timer,0.6721688508987427
Sample 9,Moirai,0.3278311491012573
Sample 10,Timer,0.5855967998504639
Sample 10,Chronos,0.41440320014953613
Sample 11,Chronos,0.9904018044471741
Sample 11,Timer,0.009598186239600182
Sample 12,TimesFM,0.8032283186912537
Sample 12,Chronos,0.19677172601222992
Sample 13,Chronos,0.525795578956604
Sample 13,Moirai,0.4742044508457184
Sample 14,Timer,0.8980939388275146
Sample 14,Moirai,0.10190601646900177
Sample 15,TimesFM,0.8465508818626404
Sample 15,Time-MoE,0.15344910323619843
Sample 16,Moirai,0.8999983072280884
Sample 16,Timer,0.10000170022249222
Sample 17,Timer,0.6904276013374329
Sample 17,Chronos,0.30957239866256714
Sample 18,TimesFM,0.9596119523048401
Sample 18,Timer,0.04038803651928902
Sample 19,Moirai,0.7006213665008545
Sample 19,Timer,0.2993786931037903
Sample 20,TimesFM,0.5755748748779297
Sample 20,Chronos,0.42442506551742554
Sample 21,Moirai,0.5571876764297485
Sample 21,Chronos,0.44281232357025146
Sample 22,Timer,0.6537967324256897
Sample 22,Moirai,0.3462032377719879
Sample 23,Timer,0.5191189646720886
Sample 23,Chronos,0.4808810353279114
Sample 24,TimesFM,0.862621009349823
Sample 24,Moirai,0.13737896084785461
Sample 25,Timer,0.5284621715545654
Sample 25,Chronos,0.47153782844543457
Sample 26,TimesFM,0.9213058948516846
Sample 26,Timer,0.07869414240121841
Sample 27,Chronos,0.9925806522369385
Sample 27,Moirai,0.007419314701110125
Sample 28,TimesFM,0.7407756447792053
Sample 28,Chronos,0.2592243552207947
Sample 29,Chronos,0.7455866932868958
Sample 29,Moirai,0.2544132471084595
Sample 30,Timer,0.6154441833496094
Sample 30,Chronos,0.38455575704574585
Sample 31,TimesFM,0.9047996997833252
Sample 31,Time-MoE,0.09520024061203003
Sample 0,TimesFM,0.7899781465530396
Sample 0,Moirai,0.21002183854579926
Sample 1,Moirai,0.512082040309906
Sample 1,Timer,0.487917959690094
Sample 2,Timer,0.5620219707489014
Sample 2,TimesFM,0.437978059053421
Sample 3,Chronos,0.7579790353775024
Sample 3,Moirai,0.24202094972133636
Sample 4,Timer,0.909322202205658
Sample 4,Moirai,0.09067787230014801
Sample 5,Chronos,0.8774420022964478
Sample 5,TimesFM,0.12255794554948807
Sample 6,Moirai,0.73347407579422
Sample 6,Chronos,0.26652589440345764
Sample 7,TimesFM,0.621835470199585
Sample 7,Time-MoE,0.3781645596027374
Sample 8,Moirai,0.6857720017433167
Sample 8,TimesFM,0.31422799825668335
Sample 9,Timer,0.6154820919036865
Sample 9,Moirai,0.3845179080963135
Sample 10,Chronos,0.9293413758277893
Sample 10,Time-MoE,0.0706586241722107
Sample 11,Chronos,0.9496394991874695
Sample 11,Moirai,0.0503605455160141
Sample 12,TimesFM,0.8738292455673218
Sample 12,Time-MoE,0.12617073953151703
Sample 13,Timer,0.6230872273445129
Sample 13,Chronos,0.37691277265548706
Sample 14,Moirai,0.5916836857795715
Sample 14,Timer,0.40831631422042847
Sample 15,TimesFM,0.8116580843925476
Sample 15,Time-MoE,0.1883419156074524
Sample 16,Moirai,0.5831660628318787
Sample 16,TimesFM,0.4168339967727661
Sample 17,Chronos,0.6320033073425293
Sample 17,Timer,0.3679966628551483
Sample 18,TimesFM,0.7929643392562866
Sample 18,Time-MoE,0.20703566074371338
Sample 19,Chronos,0.9738597869873047
Sample 19,Moirai,0.026140227913856506
Sample 20,TimesFM,0.6963126063346863
Sample 20,Chronos,0.3036873936653137
Sample 21,Chronos,0.6061493158340454
Sample 21,Timer,0.3938506543636322
Sample 22,Moirai,0.5749920606613159
Sample 22,Timer,0.4250079393386841
Sample 23,TimesFM,0.9020388126373291
Sample 23,Time-MoE,0.09796126186847687
Sample 24,TimesFM,0.7736581563949585
Sample 24,Moirai,0.2263418734073639
Sample 25,Chronos,0.5062639713287354
Sample 25,Timer,0.49373599886894226
Sample 26,TimesFM,0.9290755391120911
Sample 26,Time-MoE,0.07092444598674774
Sample 27,Chronos,0.8154855370521545
Sample 27,Timer,0.18451441824436188
Sample 28,TimesFM,0.9482437372207642
Sample 28,Time-MoE,0.05175630375742912
Sample 29,Chronos,0.8124845623970032
Sample 29,Timer,0.1875154972076416
Sample 30,Moirai,0.5616889595985413
Sample 30,Timer,0.43831107020378113
Sample 31,TimesFM,0.9347822666168213
Sample 31,Time-MoE,0.06521768867969513
Sample 0,Moirai,0.9317528009414673
Sample 0,TimesFM,0.06824718415737152
Sample 1,Timer,0.5489204525947571
Sample 1,Moirai,0.4510795772075653
Sample 2,Timer,0.5748770236968994
Sample 2,Chronos,0.425123006105423
Sample 3,Chronos,0.8465162515640259
Sample 3,Moirai,0.15348371863365173
Sample 4,Timer,0.8349975943565369
Sample 4,Chronos,0.16500236093997955
Sample 5,Timer,0.6381081342697144
Sample 5,Chronos,0.36189180612564087
Sample 6,Timer,0.7431895136833191
Sample 6,Moirai,0.2568104863166809
Sample 7,TimesFM,0.8688746094703674
Sample 7,Time-MoE,0.13112543523311615
Sample 8,Moirai,0.9728026986122131
Sample 8,Time-MoE,0.027197280898690224
Sample 9,Timer,0.6330918073654175
Sample 9,Moirai,0.36690816283226013
Sample 10,TimesFM,0.9559012651443481
Sample 10,Moirai,0.04409871995449066
Sample 11,Chronos,0.8281086087226868
Sample 11,TimesFM,0.17189137637615204
Sample 12,Chronos,0.5685486793518066
Sample 12,TimesFM,0.43145129084587097
Sample 13,Chronos,0.5121443271636963
Sample 13,Moirai,0.48785561323165894
Sample 14,Chronos,0.520376980304718
Sample 14,Moirai,0.4796229898929596
Sample 15,TimesFM,0.659343957901001
Sample 15,Timer,0.34065598249435425
Sample 16,Moirai,0.9599935412406921
Sample 16,Time-MoE,0.04000641778111458
Sample 17,Timer,0.5698522329330444
Sample 17,Chronos,0.4301477074623108
Sample 18,Moirai,0.5457584261894226
Sample 18,Timer,0.45424163341522217
Sample 19,Chronos,0.9676016569137573
Sample 19,Timer,0.032398395240306854
Sample 20,TimesFM,0.7540236115455627
Sample 20,Chronos,0.24597634375095367
Sample 21,Chronos,0.5176228880882263
Sample 21,Moirai,0.4823770821094513
Sample 22,Timer,0.595500648021698
Sample 22,Moirai,0.4044993817806244
Sample 23,TimesFM,0.9162272214889526
Sample 23,Time-MoE,0.08377283066511154
Sample 24,Moirai,0.7542064189910889
Sample 24,TimesFM,0.2457936406135559
Sample 25,Timer,0.6886138319969177
Sample 25,Chronos,0.3113861382007599
Sample 26,Moirai,0.5578316450119019
Sample 26,Timer,0.44216829538345337
Sample 27,Chronos,0.9109308123588562
Sample 27,Timer,0.08906912803649902
Sample 28,TimesFM,0.881949782371521
Sample 28,Time-MoE,0.11805019527673721
Sample 29,Timer,0.7415789365768433
Sample 29,TimesFM,0.25842106342315674
Sample 30,Timer,0.7501705288887024
Sample 30,Moirai,0.2498294562101364
Sample 31,TimesFM,0.9193648099899292
Sample 31,Time-MoE,0.08063516020774841
Sample 0,TimesFM,0.8291434645652771
Sample 0,Moirai,0.1708565056324005
Sample 1,Timer,0.6199615597724915
Sample 1,Moirai,0.3800384998321533
Sample 2,Timer,0.7152997255325317
Sample 2,Chronos,0.28470030426979065
Sample 3,Chronos,0.7632255554199219
Sample 3,Moirai,0.2367744892835617
Sample 4,TimesFM,0.9254224300384521
Sample 4,Chronos,0.07457759231328964
Sample 5,Moirai,0.5461371541023254
Sample 5,Timer,0.45386284589767456
Sample 6,Moirai,0.7363661527633667
Sample 6,Timer,0.2636339068412781
Sample 7,TimesFM,0.7933377027511597
Sample 7,Time-MoE,0.20666223764419556
Sample 8,Moirai,0.6378557682037354
Sample 8,TimesFM,0.3621442914009094
Sample 9,Moirai,0.5437350869178772
Sample 9,Timer,0.4562649428844452
Sample 10,Timer,0.5461520552635193
Sample 10,Moirai,0.4538479149341583
Sample 11,Chronos,0.756198525428772
Sample 11,Timer,0.24380142986774445
Sample 12,Time-MoE,0.5165181756019592
Sample 12,Chronos,0.48348182439804077
Sample 13,Chronos,0.9231938123703003
Sample 13,Timer,0.07680618017911911
Sample 14,TimesFM,0.903398334980011
Sample 14,Time-MoE,0.09660173207521439
Sample 15,TimesFM,0.754228949546814
Sample 15,Timer,0.245771124958992
Sample 16,TimesFM,0.8857304453849792
Sample 16,Moirai,0.11426950246095657
Sample 17,Moirai,0.5183894634246826
Sample 17,Timer,0.48161059617996216
Sample 18,TimesFM,0.9519758224487305
Sample 18,Time-MoE,0.04802418127655983
Sample 19,Chronos,0.6400752067565918
Sample 19,Moirai,0.3599247932434082
Sample 20,Moirai,0.5230655074119568
Sample 20,Chronos,0.47693443298339844
Sample 21,Timer,0.593950092792511
Sample 21,Moirai,0.406049907207489
Sample 22,Timer,0.7327912449836731
Sample 22,Chronos,0.2672087252140045
Sample 23,TimesFM,0.9436721801757812
Sample 23,Time-MoE,0.05632784217596054
Sample 24,Moirai,0.965330958366394
Sample 24,Time-MoE,0.034669067710638046
Sample 25,Moirai,0.549244225025177
Sample 25,Timer,0.4507557451725006
Sample 26,TimesFM,0.8229669332504272
Sample 26,Moirai,0.17703306674957275
Sample 27,Moirai,0.547432541847229
Sample 27,Chronos,0.4525674283504486
Sample 28,Moirai,0.6404038667678833
Sample 28,Chronos,0.3595961332321167
Sample 29,Timer,0.6815210580825806
Sample 29,Moirai,0.3184790015220642
Sample 30,Moirai,0.852120041847229
Sample 30,TimesFM,0.14787998795509338
Sample 31,TimesFM,0.6714335083961487
Sample 31,Time-MoE,0.32856646180152893
Sample 0,Moirai,0.9405320286750793
Sample 0,Chronos,0.05946798250079155
Sample 1,Timer,0.6520805358886719
Sample 1,Chronos,0.3479194939136505
Sample 2,TimesFM,0.7789105772972107
Sample 2,Moirai,0.22108949720859528
Sample 3,Chronos,0.8920530080795288
Sample 3,Timer,0.1079469695687294
Sample 4,Chronos,0.9781205058097839
Sample 4,Timer,0.0218795295804739
Sample 5,Moirai,0.6199213266372681
Sample 5,Chronos,0.38007867336273193
Sample 6,Chronos,0.7019271850585938
Sample 6,Timer,0.29807281494140625
Sample 7,TimesFM,0.8955298662185669
Sample 7,Time-MoE,0.1044701337814331
Sample 8,Moirai,0.8093655109405518
Sample 8,TimesFM,0.19063453376293182
Sample 9,Timer,0.6229908466339111
Sample 9,Moirai,0.3770090937614441
Sample 10,Timer,0.8863449692726135
Sample 10,TimesFM,0.11365500092506409
Sample 11,Chronos,0.8466039896011353
Sample 11,Moirai,0.15339596569538116
Sample 12,TimesFM,0.6575336456298828
Sample 12,Timer,0.3424662947654724
Sample 13,Timer,0.520850419998169
Sample 13,Moirai,0.47914958000183105
Sample 14,Timer,0.5430381894111633
Sample 14,Moirai,0.45696181058883667
Sample 15,TimesFM,0.9388096928596497
Sample 15,Time-MoE,0.06119035184383392
Sample 0,Moirai,0.9324584603309631
Sample 0,TimesFM,0.06754156947135925
Sample 1,Timer,0.6684322953224182
Sample 1,Chronos,0.3315677046775818
Sample 2,Chronos,0.84544837474823
Sample 2,TimesFM,0.15455162525177002
Sample 3,Chronos,0.8798998594284058
Sample 3,Moirai,0.12010018527507782
Sample 4,Timer,0.8250722885131836
Sample 4,Chronos,0.1749277561903
Sample 5,Timer,0.6985437273979187
Sample 5,Chronos,0.3014563024044037
Sample 6,Timer,0.5488232374191284
Sample 6,Chronos,0.4511767625808716
Sample 7,TimesFM,0.9307736754417419
Sample 7,Time-MoE,0.06922629475593567
Sample 8,Moirai,0.9672958254814148
Sample 8,TimesFM,0.0327041856944561
Sample 9,Timer,0.686943769454956
Sample 9,Chronos,0.31305623054504395
Sample 10,Timer,0.5911785364151001
Sample 10,TimesFM,0.4088214337825775
Sample 11,Chronos,0.7987247705459595
Sample 11,Moirai,0.20127519965171814
Sample 12,TimesFM,0.9684056639671326
Sample 12,Time-MoE,0.03159435838460922
Sample 13,Chronos,0.5159260034561157
Sample 13,Timer,0.4840739965438843
Sample 14,Timer,0.7476599812507629
Sample 14,Moirai,0.25234001874923706
Sample 15,TimesFM,0.9551663398742676
Sample 15,Time-MoE,0.044833604246377945
Sample 16,Moirai,0.8663483262062073
Sample 16,TimesFM,0.13365168869495392
Sample 17,Moirai,0.5067406892776489
Sample 17,Timer,0.4932593107223511
Sample 18,TimesFM,0.6502222418785095
Sample 18,Chronos,0.3497777283191681
Sample 19,Chronos,0.7710023522377014
Sample 19,Moirai,0.2289976328611374
Sample 20,Moirai,0.6256893277168274
Sample 20,Chronos,0.3743106722831726
Sample 21,Chronos,0.8419156670570374
Sample 21,Moirai,0.15808427333831787
Sample 22,Chronos,0.7475831508636475
Sample 22,Timer,0.25241684913635254
Sample 23,Timer,0.6366288065910339
Sample 23,TimesFM,0.36337125301361084
Sample 24,TimesFM,0.5977229475975037
Sample 24,Moirai,0.40227702260017395
Sample 25,Timer,0.6347593665122986
Sample 25,Chronos,0.3652406334877014
Sample 26,Moirai,0.7915289402008057
Sample 26,Timer,0.20847108960151672
Sample 27,Chronos,0.6370458006858826
Sample 27,Timer,0.36295416951179504
Sample 28,Chronos,0.8526743650436401
Sample 28,Time-MoE,0.1473255753517151
Sample 29,Timer,0.5209846496582031
Sample 29,Moirai,0.47901538014411926
Sample 30,Moirai,0.8113399147987366
Sample 30,Timer,0.18866011500358582
Sample 31,TimesFM,0.8630425333976746
Sample 31,Time-MoE,0.13695739209651947
Sample 0,TimesFM,0.8575091361999512
Sample 0,Moirai,0.14249084889888763
Sample 1,Moirai,0.5236266851425171
Sample 1,Timer,0.4763733744621277
Sample 2,Chronos,0.6831214427947998
Sample 2,TimesFM,0.3168785572052002
Sample 3,Chronos,0.8360433578491211
Sample 3,Timer,0.1639566868543625
Sample 4,Chronos,0.6164625287055969
Sample 4,TimesFM,0.3835374712944031
Sample 5,Moirai,0.5112717151641846
Sample 5,Timer,0.48872828483581543
Sample 6,Timer,0.7994669079780579
Sample 6,TimesFM,0.20053313672542572
Sample 7,TimesFM,0.930184006690979
Sample 7,Time-MoE,0.06981600075960159
Sample 8,Moirai,0.98148512840271
Sample 8,Time-MoE,0.018514933064579964
Sample 9,Moirai,0.5649670362472534
Sample 9,Timer,0.4350329637527466
Sample 10,Moirai,0.6861186027526855
Sample 10,Timer,0.31388139724731445
Sample 11,Chronos,0.7296620011329651
Sample 11,TimesFM,0.2703379988670349
Sample 12,Chronos,0.6491135358810425
Sample 12,Timer,0.3508864641189575
Sample 13,Moirai,0.6399826407432556
Sample 13,Timer,0.3600173890590668
Sample 14,Timer,0.7425829768180847
Sample 14,Chronos,0.25741705298423767
Sample 15,TimesFM,0.8595802783966064
Sample 15,Time-MoE,0.14041972160339355
Sample 16,Moirai,0.9655319452285767
Sample 16,Time-MoE,0.03446809947490692
Sample 17,Timer,0.5576497912406921
Sample 17,Moirai,0.4423501491546631
Sample 18,TimesFM,0.8581132292747498
Sample 18,Time-MoE,0.14188669621944427
Sample 19,Chronos,0.697737455368042
Sample 19,Timer,0.302262544631958
Sample 20,Timer,0.7057867050170898
Sample 20,Moirai,0.29421329498291016
Sample 21,Moirai,0.5757881999015808
Sample 21,Timer,0.4242117702960968
Sample 22,Timer,0.8082460761070251
Sample 22,Moirai,0.19175399839878082
Sample 23,TimesFM,0.9025895595550537
Sample 23,Time-MoE,0.09741037338972092
Sample 24,Moirai,0.9612134695053101
Sample 24,Chronos,0.03878655657172203
Sample 25,Timer,0.6561840772628784
Sample 25,Chronos,0.3438159227371216
Sample 26,Timer,0.5044355988502502
Sample 26,Moirai,0.49556440114974976
Sample 27,Chronos,0.9570335745811462
Sample 27,Moirai,0.04296638444066048
Sample 28,TimesFM,0.7357752919197083
Sample 28,Chronos,0.26422467827796936
Sample 29,Moirai,0.5731439590454102
Sample 29,Chronos,0.42685604095458984
Sample 30,Timer,0.6451624631881714
Sample 30,Chronos,0.3548375368118286
Sample 31,TimesFM,0.9068398475646973
Sample 31,Time-MoE,0.09316011518239975
Sample 0,TimesFM,0.6006240248680115
Sample 0,Moirai,0.39937594532966614
Sample 1,Moirai,0.5642520189285278
Sample 1,Timer,0.43574801087379456
Sample 2,Moirai,0.7752932906150818
Sample 2,Chronos,0.2247067540884018
Sample 3,Chronos,0.8026267886161804
Sample 3,Moirai,0.19737321138381958
Sample 4,TimesFM,0.6455828547477722
Sample 4,Time-MoE,0.3544171452522278
Sample 5,Timer,0.7103990316390991
Sample 5,Moirai,0.28960099816322327
Sample 6,Chronos,0.5568342208862305
Sample 6,Timer,0.4431658387184143
Sample 7,TimesFM,0.8096833825111389
Sample 7,Time-MoE,0.1903166025876999
Sample 8,Moirai,0.5645513534545898
Sample 8,TimesFM,0.43544864654541016
Sample 9,Timer,0.6796935796737671
Sample 9,Moirai,0.3203063905239105
Sample 10,Timer,0.6074769496917725
Sample 10,Moirai,0.3925230801105499
Sample 11,Chronos,0.9897336363792419
Sample 11,Timer,0.010266334749758244
Sample 12,TimesFM,0.7550914287567139
Sample 12,Chronos,0.24490858614444733
Sample 13,Moirai,0.5055701732635498
Sample 13,Chronos,0.4944298267364502
Sample 14,Timer,0.9042604565620422
Sample 14,Moirai,0.09573960304260254
Sample 15,TimesFM,0.8517469763755798
Sample 15,Time-MoE,0.14825305342674255
Sample 16,Moirai,0.9017903208732605
Sample 16,Timer,0.09820966422557831
Sample 17,Timer,0.7260718941688538
Sample 17,Chronos,0.27392804622650146
Sample 18,TimesFM,0.9596043825149536
Sample 18,Timer,0.040395669639110565
Sample 19,Moirai,0.7056113481521606
Sample 19,Timer,0.29438865184783936
Sample 20,TimesFM,0.5210345983505249
Sample 20,Chronos,0.4789653718471527
Sample 21,Moirai,0.5843523144721985
Sample 21,Timer,0.4156477153301239
Sample 22,Timer,0.6776135563850403
Sample 22,Moirai,0.3223864734172821
Sample 23,Timer,0.508024275302887
Sample 23,Chronos,0.49197572469711304
Sample 24,TimesFM,0.8488983511924744
Sample 24,Moirai,0.15110164880752563
Sample 25,Timer,0.5698279142379761
Sample 25,Chronos,0.4301720857620239
Sample 26,TimesFM,0.9280530214309692
Sample 26,Timer,0.07194700092077255
Sample 27,Chronos,0.9929539561271667
Sample 27,Moirai,0.007046102080494165
Sample 28,TimesFM,0.686801016330719
Sample 28,Chronos,0.313198983669281
Sample 29,Chronos,0.7245874404907227
Sample 29,Moirai,0.27541258931159973
Sample 30,Timer,0.6374471187591553
Sample 30,Moirai,0.36255285143852234
Sample 31,TimesFM,0.9057185053825378
Sample 31,Time-MoE,0.09428150206804276
Sample 0,TimesFM,0.7764236927032471
Sample 0,Moirai,0.22357632219791412
Sample 1,Moirai,0.511696457862854
Sample 1,Timer,0.4883035719394684
Sample 2,Timer,0.5799427628517151
Sample 2,TimesFM,0.4200572073459625
Sample 3,Chronos,0.7451133131980896
Sample 3,Moirai,0.2548866868019104
Sample 4,Timer,0.9140902161598206
Sample 4,Moirai,0.08590975403785706
Sample 5,Chronos,0.8883492946624756
Sample 5,TimesFM,0.11165069043636322
Sample 6,Moirai,0.737488329410553
Sample 6,Chronos,0.2625117301940918
Sample 7,TimesFM,0.626848578453064
Sample 7,Time-MoE,0.3731514513492584
Sample 8,Moirai,0.7003604173660278
Sample 8,TimesFM,0.29963961243629456
Sample 9,Timer,0.6188053488731384
Sample 9,Moirai,0.38119468092918396
Sample 10,Chronos,0.9374474883079529
Sample 10,Time-MoE,0.0625525414943695
Sample 11,Chronos,0.9495692849159241
Sample 11,Moirai,0.0504307746887207
Sample 12,TimesFM,0.8773953914642334
Sample 12,Time-MoE,0.12260463833808899
Sample 13,Timer,0.6428515315055847
Sample 13,Chronos,0.35714849829673767
Sample 14,Moirai,0.5988838076591492
Sample 14,Timer,0.40111619234085083
Sample 15,TimesFM,0.8172246217727661
Sample 15,Time-MoE,0.1827753335237503
Sample 16,Moirai,0.6054937243461609
Sample 16,TimesFM,0.3945063352584839
Sample 17,Chronos,0.596671998500824
Sample 17,Timer,0.403328001499176
Sample 18,TimesFM,0.79622882604599
Sample 18,Time-MoE,0.20377124845981598
Sample 19,Chronos,0.9745011329650879
Sample 19,Moirai,0.025498848408460617
Sample 20,TimesFM,0.6481413841247559
Sample 20,Chronos,0.35185861587524414
Sample 21,Chronos,0.5949879884719849
Sample 21,Timer,0.40501201152801514
Sample 22,Moirai,0.5760163068771362
Sample 22,Timer,0.42398369312286377
Sample 23,TimesFM,0.9033474326133728
Sample 23,Time-MoE,0.09665253013372421
Sample 24,TimesFM,0.7551393508911133
Sample 24,Moirai,0.2448606938123703
Sample 25,Timer,0.5187276005744934
Sample 25,Chronos,0.4812723398208618
Sample 26,TimesFM,0.929646372795105
Sample 26,Time-MoE,0.0703536719083786
Sample 27,Chronos,0.8092249631881714
Sample 27,Timer,0.190775066614151
Sample 28,TimesFM,0.9503847360610962
Sample 28,Time-MoE,0.04961525648832321
Sample 29,Chronos,0.812881350517273
Sample 29,Timer,0.18711866438388824
Sample 30,Moirai,0.5645629167556763
Sample 30,Timer,0.4354371130466461
Sample 31,TimesFM,0.9365828037261963
Sample 31,Time-MoE,0.06341712921857834
Sample 0,Moirai,0.9356012344360352
Sample 0,TimesFM,0.06439876556396484
Sample 1,Timer,0.5431102514266968
Sample 1,Moirai,0.456889808177948
Sample 2,Timer,0.5850372314453125
Sample 2,Chronos,0.4149627983570099
Sample 3,Chronos,0.8395320177078247
Sample 3,Moirai,0.1604679524898529
Sample 4,Timer,0.8564288020133972
Sample 4,Moirai,0.1435711532831192
Sample 5,Timer,0.6393182277679443
Sample 5,Moirai,0.36068180203437805
Sample 6,Timer,0.7426589131355286
Sample 6,Moirai,0.25734105706214905
Sample 7,TimesFM,0.8731445670127869
Sample 7,Time-MoE,0.12685547769069672
Sample 8,Moirai,0.9763903617858887
Sample 8,Time-MoE,0.023609625175595284
Sample 9,Timer,0.6311671733856201
Sample 9,Moirai,0.3688328266143799
Sample 10,TimesFM,0.9578765630722046
Sample 10,Moirai,0.04212344437837601
Sample 11,Chronos,0.8262914419174194
Sample 11,Moirai,0.17370860278606415
Sample 12,Chronos,0.5711290240287781
Sample 12,TimesFM,0.4288710057735443
Sample 13,Moirai,0.5262143611907959
Sample 13,Chronos,0.4737856984138489
Sample 14,Chronos,0.509155809879303
Sample 14,Moirai,0.4908442199230194
Sample 15,TimesFM,0.6553395390510559
Sample 15,Time-MoE,0.3446604907512665
Sample 16,Moirai,0.9647538661956787
Sample 16,Time-MoE,0.03524612635374069
Sample 17,Timer,0.5893356800079346
Sample 17,Chronos,0.41066429018974304
Sample 18,Moirai,0.5506200194358826
Sample 18,Timer,0.44937998056411743
Sample 19,Chronos,0.9694339632987976
Sample 19,Timer,0.030566014349460602
Sample 20,TimesFM,0.709121584892273
Sample 20,Chronos,0.29087844491004944
Sample 21,Moirai,0.5057007670402527
Sample 21,Chronos,0.4942992627620697
Sample 22,Timer,0.5944709181785583
Sample 22,Moirai,0.4055290222167969
Sample 23,TimesFM,0.9173393845558167
Sample 23,Time-MoE,0.08266066014766693
Sample 24,Moirai,0.7681937217712402
Sample 24,TimesFM,0.23180630803108215
Sample 25,Timer,0.7152929902076721
Sample 25,Chronos,0.2847070097923279
Sample 26,Moirai,0.5724567174911499
Sample 26,Timer,0.4275433123111725
Sample 27,Chronos,0.9091649651527405
Sample 27,Timer,0.09083501249551773
Sample 28,TimesFM,0.8870748281478882
Sample 28,Time-MoE,0.11292516440153122
Sample 29,Timer,0.7127342224121094
Sample 29,TimesFM,0.2872657775878906
Sample 30,Timer,0.7439449429512024
Sample 30,Moirai,0.2560550570487976
Sample 31,TimesFM,0.9138107299804688
Sample 31,Moirai,0.08618923276662827
Sample 0,TimesFM,0.8257509469985962
Sample 0,Moirai,0.17424911260604858
Sample 1,Timer,0.6121935248374939
Sample 1,Moirai,0.3878064751625061
Sample 2,Timer,0.7206589579582214
Sample 2,Chronos,0.2793410122394562
Sample 3,Chronos,0.75514817237854
Sample 3,Moirai,0.24485181272029877
Sample 4,TimesFM,0.9183242321014404
Sample 4,Chronos,0.08167573064565659
Sample 5,Moirai,0.5665123462677002
Sample 5,Timer,0.43348759412765503
Sample 6,Moirai,0.7456321716308594
Sample 6,Timer,0.25436779856681824
Sample 7,TimesFM,0.8015052676200867
Sample 7,Time-MoE,0.19849471747875214
Sample 8,Moirai,0.6444060206413269
Sample 8,TimesFM,0.3555940091609955
Sample 9,Moirai,0.556348979473114
Sample 9,Timer,0.443651020526886
Sample 10,Timer,0.5461519360542297
Sample 10,Moirai,0.4538480341434479
Sample 11,Chronos,0.7469784021377563
Sample 11,Timer,0.25302162766456604
Sample 12,Time-MoE,0.5137096047401428
Sample 12,Chronos,0.4862903356552124
Sample 13,Chronos,0.9249197840690613
Sample 13,Timer,0.07508018612861633
Sample 14,TimesFM,0.9040313363075256
Sample 14,Chronos,0.09596872329711914
Sample 15,TimesFM,0.7476394176483154
Sample 15,Timer,0.25236058235168457
Sample 16,TimesFM,0.8813891410827637
Sample 16,Moirai,0.11861088871955872
Sample 17,Moirai,0.5312509536743164
Sample 17,Timer,0.4687490165233612
Sample 18,TimesFM,0.9540900588035583
Sample 18,Time-MoE,0.04590997099876404
Sample 19,Chronos,0.6266685724258423
Sample 19,Moirai,0.3733314573764801
Sample 20,Moirai,0.5383809804916382
Sample 20,Chronos,0.46161898970603943
Sample 21,Timer,0.5763759016990662
Sample 21,Moirai,0.4236241281032562
Sample 22,Timer,0.7423686385154724
Sample 22,Chronos,0.2576313614845276
Sample 23,TimesFM,0.9465648531913757
Sample 23,Time-MoE,0.053435131907463074
Sample 24,Moirai,0.9680023789405823
Sample 24,TimesFM,0.0319976732134819
Sample 25,Moirai,0.5654505491256714
Sample 25,Timer,0.4345495104789734
Sample 26,TimesFM,0.817081868648529
Sample 26,Moirai,0.18291807174682617
Sample 27,Moirai,0.5632985830307007
Sample 27,Chronos,0.43670138716697693
Sample 28,Moirai,0.6274867653846741
Sample 28,Chronos,0.3725132942199707
Sample 29,Timer,0.6830540895462036
Sample 29,Moirai,0.3169458508491516
Sample 30,Moirai,0.8597326874732971
Sample 30,TimesFM,0.1402672529220581
Sample 31,TimesFM,0.6581811308860779
Sample 31,Chronos,0.3418188989162445
Sample 0,Moirai,0.9459700584411621
Sample 0,Chronos,0.0540299154818058
Sample 1,Timer,0.6532441973686218
Sample 1,Chronos,0.3467557430267334
Sample 2,TimesFM,0.7837182879447937
Sample 2,Moirai,0.2162817269563675
Sample 3,Chronos,0.8980748057365417
Sample 3,Timer,0.10192517191171646
Sample 4,Chronos,0.9800335764884949
Sample 4,Timer,0.01996646262705326
Sample 5,Moirai,0.6411505937576294
Sample 5,Chronos,0.358849436044693
Sample 6,Chronos,0.6972200870513916
Sample 6,Timer,0.3027799725532532
Sample 7,TimesFM,0.8968237638473511
Sample 7,Time-MoE,0.10317621380090714
Sample 8,Moirai,0.8085094094276428
Sample 8,TimesFM,0.1914905607700348
Sample 9,Timer,0.6093408465385437
Sample 9,Moirai,0.3906591832637787
Sample 10,Timer,0.8799298405647278
Sample 10,Time-MoE,0.12007012218236923
Sample 11,Chronos,0.8445038795471191
Sample 11,Moirai,0.15549616515636444
Sample 12,TimesFM,0.6638429760932922
Sample 12,Timer,0.3361569941043854
Sample 13,Timer,0.5020791292190552
Sample 13,Moirai,0.49792084097862244
Sample 14,Timer,0.5169689655303955
Sample 14,Moirai,0.4830310642719269
Sample 15,TimesFM,0.9421694874763489
Sample 15,Time-MoE,0.057830560952425
Sample 0,Moirai,0.9330745339393616
Sample 0,TimesFM,0.06692545115947723
Sample 1,Timer,0.6654741168022156
Sample 1,Chronos,0.3345258831977844
Sample 2,Chronos,0.8629021048545837
Sample 2,TimesFM,0.13709786534309387
Sample 3,Chronos,0.8825279474258423
Sample 3,Moirai,0.11747212707996368
Sample 4,Timer,0.8357934951782227
Sample 4,Chronos,0.16420648992061615
Sample 5,Timer,0.6879876852035522
Sample 5,Chronos,0.31201234459877014
Sample 6,Timer,0.5410510301589966
Sample 6,Chronos,0.45894894003868103
Sample 7,TimesFM,0.9352152943611145
Sample 7,Time-MoE,0.06478472799062729
Sample 8,Moirai,0.9676065444946289
Sample 8,TimesFM,0.03239342197775841
Sample 9,Timer,0.6826182007789612
Sample 9,Chronos,0.31738176941871643
Sample 10,Timer,0.5573574900627136
Sample 10,TimesFM,0.442642480134964
Sample 11,Chronos,0.7956863641738892
Sample 11,Moirai,0.20431359112262726
Sample 12,TimesFM,0.9705369472503662
Sample 12,Moirai,0.029463063925504684
Sample 13,Chronos,0.5174713134765625
Sample 13,Moirai,0.4825287461280823
Sample 14,Timer,0.7247759699821472
Sample 14,Moirai,0.2752240002155304
Sample 15,TimesFM,0.9585813879966736
Sample 15,Time-MoE,0.041418589651584625
Sample 16,Moirai,0.8734596967697144
Sample 16,TimesFM,0.12654036283493042
Sample 17,Moirai,0.5317069292068481
Sample 17,Timer,0.46829307079315186
Sample 18,TimesFM,0.6436536908149719
Sample 18,Chronos,0.3563463091850281
Sample 19,Chronos,0.7718163728713989
Sample 19,Moirai,0.22818364202976227
Sample 20,Moirai,0.6221218109130859
Sample 20,Chronos,0.37787821888923645
Sample 21,Chronos,0.8437625765800476
Sample 21,Moirai,0.1562374383211136
Sample 22,Chronos,0.7594717144966125
Sample 22,Timer,0.24052831530570984
Sample 23,Timer,0.6485248804092407
Sample 23,TimesFM,0.3514750897884369
Sample 24,TimesFM,0.5921888947486877
Sample 24,Moirai,0.40781113505363464
Sample 25,Timer,0.6271982789039612
Sample 25,Chronos,0.37280166149139404
Sample 26,Moirai,0.8074707984924316
Sample 26,Timer,0.19252920150756836
Sample 27,Chronos,0.6441982984542847
Sample 27,Timer,0.35580170154571533
Sample 28,Chronos,0.8881044387817383
Sample 28,Time-MoE,0.1118956133723259
Sample 29,Moirai,0.5094189047813416
Sample 29,Timer,0.49058106541633606
Sample 30,Moirai,0.8383610248565674
Sample 30,Timer,0.16163896024227142
Sample 31,TimesFM,0.8676469922065735
Sample 31,Time-MoE,0.1323530226945877
Sample 0,TimesFM,0.8693182468414307
Sample 0,Moirai,0.13068179786205292
Sample 1,Moirai,0.5485242605209351
Sample 1,Timer,0.45147573947906494
Sample 2,Chronos,0.6994316577911377
Sample 2,TimesFM,0.3005683124065399
Sample 3,Chronos,0.8485969305038452
Sample 3,Timer,0.15140306949615479
Sample 4,Chronos,0.6259207725524902
Sample 4,TimesFM,0.374079167842865
Sample 5,Moirai,0.5441895127296448
Sample 5,Timer,0.4558105170726776
Sample 6,Timer,0.7821043729782104
Sample 6,TimesFM,0.21789562702178955
Sample 7,TimesFM,0.9353854656219482
Sample 7,Time-MoE,0.06461449712514877
Sample 8,Moirai,0.9821802377700806
Sample 8,Time-MoE,0.01781977340579033
Sample 9,Moirai,0.5902175903320312
Sample 9,Timer,0.40978243947029114
Sample 10,Moirai,0.6985635161399841
Sample 10,Timer,0.3014364540576935
Sample 11,Chronos,0.7327979803085327
Sample 11,TimesFM,0.2672020196914673
Sample 12,Chronos,0.6419405341148376
Sample 12,Timer,0.35805943608283997
Sample 13,Moirai,0.666539192199707
Sample 13,Timer,0.3334607779979706
Sample 14,Timer,0.7233614921569824
Sample 14,Chronos,0.2766384780406952
Sample 15,TimesFM,0.8656582236289978
Sample 15,Time-MoE,0.13434183597564697
Sample 16,Moirai,0.9687643647193909
Sample 16,Time-MoE,0.031235618516802788
Sample 17,Timer,0.5352135896682739
Sample 17,Moirai,0.4647863805294037
Sample 18,TimesFM,0.8573288917541504
Sample 18,Time-MoE,0.142671138048172
Sample 19,Chronos,0.7170803546905518
Sample 19,Timer,0.28291967511177063
Sample 20,Timer,0.6937806606292725
Sample 20,Moirai,0.3062193691730499
Sample 21,Moirai,0.6034339666366577
Sample 21,Timer,0.3965660631656647
Sample 22,Timer,0.815397322177887
Sample 22,Moirai,0.18460264801979065
Sample 23,TimesFM,0.9065390229225159
Sample 23,Time-MoE,0.09346098452806473
Sample 24,Moirai,0.962287425994873
Sample 24,Chronos,0.03771258890628815
Sample 25,Timer,0.641348659992218
Sample 25,Chronos,0.3586513102054596
Sample 26,Moirai,0.5348809361457825
Sample 26,Timer,0.46511906385421753
Sample 27,Chronos,0.959193766117096
Sample 27,Moirai,0.040806181728839874
Sample 28,TimesFM,0.7190930843353271
Sample 28,Chronos,0.28090688586235046
Sample 29,Moirai,0.5837495923042297
Sample 29,Chronos,0.41625043749809265
Sample 30,Timer,0.6243948936462402
Sample 30,Chronos,0.37560513615608215
Sample 31,TimesFM,0.9120947122573853
Sample 31,Time-MoE,0.08790527284145355
Sample 0,TimesFM,0.6002731323242188
Sample 0,Moirai,0.399726927280426
Sample 1,Moirai,0.5865515470504761
Sample 1,Timer,0.41344842314720154
Sample 2,Moirai,0.7812376022338867
Sample 2,Chronos,0.21876242756843567
Sample 3,Chronos,0.8131940960884094
Sample 3,Moirai,0.18680591881275177
Sample 4,TimesFM,0.651549220085144
Sample 4,Time-MoE,0.34845080971717834
Sample 5,Timer,0.6932230591773987
Sample 5,Moirai,0.30677691102027893
Sample 6,Chronos,0.5676746964454651
Sample 6,Timer,0.4323253035545349
Sample 7,TimesFM,0.817009449005127
Sample 7,Time-MoE,0.18299052119255066
Sample 8,Moirai,0.5757234692573547
Sample 8,TimesFM,0.42427653074264526
Sample 9,Timer,0.6619797945022583
Sample 9,Moirai,0.3380202054977417
Sample 10,Timer,0.5952094793319702
Sample 10,Chronos,0.4047905206680298
Sample 11,Chronos,0.9904126524925232
Sample 11,Timer,0.00958740059286356
Sample 12,TimesFM,0.7359517216682434
Sample 12,Chronos,0.2640482783317566
Sample 13,Moirai,0.5058416724205017
Sample 13,Chronos,0.4941582977771759
Sample 14,Timer,0.8997092247009277
Sample 14,Moirai,0.10029078274965286
Sample 15,TimesFM,0.8585236668586731
Sample 15,Time-MoE,0.14147637784481049
Sample 16,Moirai,0.9099628329277039
Sample 16,Timer,0.09003714472055435
Sample 17,Timer,0.7088978886604309
Sample 17,Chronos,0.2911020815372467
Sample 18,TimesFM,0.9597967267036438
Sample 18,Timer,0.0402032844722271
Sample 19,Moirai,0.7179157137870789
Sample 19,Timer,0.28208428621292114
Sample 20,TimesFM,0.504088819026947
Sample 20,Chronos,0.495911180973053
Sample 21,Moirai,0.6069554686546326
Sample 21,Chronos,0.3930445611476898
Sample 22,Timer,0.679130494594574
Sample 22,Moirai,0.320869505405426
Sample 23,Timer,0.5007045269012451
Sample 23,Chronos,0.4992954730987549
Sample 24,TimesFM,0.8474375605583191
Sample 24,Moirai,0.15256249904632568
Sample 25,Timer,0.5455716252326965
Sample 25,Chronos,0.4544283449649811
Sample 26,TimesFM,0.9373209476470947
Sample 26,Timer,0.06267909705638885
Sample 27,Chronos,0.9936730861663818
Sample 27,Moirai,0.006326933857053518
Sample 28,TimesFM,0.6641915440559387
Sample 28,Chronos,0.33580848574638367
Sample 29,Chronos,0.7288141250610352
Sample 29,Moirai,0.2711859345436096
Sample 30,Timer,0.6175614595413208
Sample 30,Moirai,0.3824384808540344
Sample 31,TimesFM,0.9090325832366943
Sample 31,Time-MoE,0.09096745401620865
Sample 0,TimesFM,0.7804499268531799
Sample 0,Moirai,0.21955011785030365
Sample 1,Moirai,0.5247159600257874
Sample 1,Timer,0.47528406977653503
Sample 2,Timer,0.5881950855255127
Sample 2,TimesFM,0.4118049442768097
Sample 3,Chronos,0.7630786895751953
Sample 3,Moirai,0.23692132532596588
Sample 4,Timer,0.916000485420227
Sample 4,Moirai,0.08399955183267593
Sample 5,Chronos,0.8923603892326355
Sample 5,TimesFM,0.10763964802026749
Sample 6,Moirai,0.7257377505302429
Sample 6,Chronos,0.27426230907440186
Sample 7,TimesFM,0.6310057640075684
Sample 7,Time-MoE,0.36899426579475403
Sample 8,Moirai,0.6905444860458374
Sample 8,TimesFM,0.3094555139541626
Sample 9,Timer,0.6083356738090515
Sample 9,Moirai,0.3916642963886261
Sample 10,Chronos,0.9435808062553406
Sample 10,Time-MoE,0.05641915276646614
Sample 11,Chronos,0.9550895690917969
Sample 11,Moirai,0.044910404831171036
Sample 12,TimesFM,0.8809084892272949
Sample 12,Chronos,0.1190914735198021
Sample 13,Timer,0.615881085395813
Sample 13,Chronos,0.384118914604187
Sample 14,Moirai,0.6183353662490845
Sample 14,Timer,0.38166460394859314
Sample 15,TimesFM,0.8243142366409302
Sample 15,Time-MoE,0.1756857931613922
Sample 16,Moirai,0.5947993993759155
Sample 16,TimesFM,0.4052006006240845
Sample 17,Chronos,0.6161730885505676
Sample 17,Timer,0.3838269114494324
Sample 18,TimesFM,0.8011910915374756
Sample 18,Time-MoE,0.19880886375904083
Sample 19,Chronos,0.9767296314239502
Sample 19,Moirai,0.023270362988114357
Sample 20,TimesFM,0.6291505694389343
Sample 20,Chronos,0.37084946036338806
Sample 21,Chronos,0.6310351490974426
Sample 21,Timer,0.36896488070487976
Sample 22,Moirai,0.5802741050720215
Sample 22,Timer,0.4197259545326233
Sample 23,TimesFM,0.9062933921813965
Sample 23,Time-MoE,0.09370658546686172
Sample 24,TimesFM,0.7539264559745789
Sample 24,Moirai,0.24607351422309875
Sample 25,Chronos,0.5100559592247009
Sample 25,Timer,0.4899440407752991
Sample 26,TimesFM,0.9325631856918335
Sample 26,Time-MoE,0.0674368366599083
Sample 27,Chronos,0.8315104842185974
Sample 27,Timer,0.1684894859790802
Sample 28,TimesFM,0.9551506638526917
Sample 28,Time-MoE,0.04484931379556656
Sample 29,Chronos,0.8352161049842834
Sample 29,Timer,0.16478390991687775
Sample 30,Moirai,0.5798044800758362
Sample 30,Timer,0.42019546031951904
Sample 31,TimesFM,0.9403823018074036
Sample 31,Time-MoE,0.05961766093969345
Sample 0,Moirai,0.9312899112701416
Sample 0,TimesFM,0.06871005147695541
Sample 1,Timer,0.5391300916671753
Sample 1,Moirai,0.46086984872817993
Sample 2,Timer,0.5660339593887329
Sample 2,Chronos,0.4339660406112671
Sample 3,Chronos,0.8555973172187805
Sample 3,Moirai,0.1444026380777359
Sample 4,Timer,0.8440800905227661
Sample 4,TimesFM,0.15591993927955627
Sample 5,Timer,0.6234259009361267
Sample 5,Chronos,0.37657415866851807
Sample 6,Timer,0.7427663207054138
Sample 6,Moirai,0.2572336792945862
Sample 7,TimesFM,0.8785973787307739
Sample 7,Time-MoE,0.12140258401632309
Sample 8,Moirai,0.9770918488502502
Sample 8,Time-MoE,0.022908169776201248
Sample 9,Timer,0.6296617388725281
Sample 9,Moirai,0.37033823132514954
Sample 10,TimesFM,0.9618085026741028
Sample 10,Moirai,0.038191549479961395
Sample 11,Chronos,0.8318850994110107
Sample 11,TimesFM,0.16811488568782806
Sample 12,Chronos,0.5605084300041199
Sample 12,TimesFM,0.4394915997982025
Sample 13,Moirai,0.5195275545120239
Sample 13,Chronos,0.4804724454879761
Sample 14,Chronos,0.5306383967399597
Sample 14,Moirai,0.4693615436553955
Sample 15,TimesFM,0.6437885761260986
Sample 15,Time-MoE,0.356211394071579
Sample 16,Moirai,0.9655984044075012
Sample 16,Time-MoE,0.03440158814191818
Sample 17,Timer,0.5629759430885315
Sample 17,Chronos,0.4370240569114685
Sample 18,Moirai,0.5500653386116028
Sample 18,Timer,0.4499346613883972
Sample 19,Chronos,0.9733808636665344
Sample 19,Timer,0.026619141921401024
Sample 20,TimesFM,0.6905195713043213
Sample 20,Chronos,0.3094804286956787
Sample 21,Chronos,0.5137628316879272
Sample 21,Moirai,0.48623716831207275
Sample 22,Timer,0.5944311618804932
Sample 22,Moirai,0.4055688679218292
Sample 23,TimesFM,0.9196460247039795
Sample 23,Time-MoE,0.08035403490066528
Sample 24,Moirai,0.7665823698043823
Sample 24,TimesFM,0.23341761529445648
Sample 25,Timer,0.6987711787223816
Sample 25,Chronos,0.301228791475296
Sample 26,Moirai,0.5730690956115723
Sample 26,Timer,0.4269309639930725
Sample 27,Chronos,0.921489953994751
Sample 27,Timer,0.07850999385118484
Sample 28,TimesFM,0.8939699530601501
Sample 28,Time-MoE,0.10603011399507523
Sample 29,Timer,0.6743797063827515
Sample 29,TimesFM,0.3256203234195709
Sample 30,Timer,0.7418281435966492
Sample 30,Moirai,0.25817185640335083
Sample 31,TimesFM,0.9124427437782288
Sample 31,Moirai,0.08755721151828766
Sample 0,TimesFM,0.8332504630088806
Sample 0,Moirai,0.16674956679344177
Sample 1,Timer,0.6142930388450623
Sample 1,Moirai,0.38570690155029297
Sample 2,Timer,0.7235374450683594
Sample 2,Chronos,0.27646252512931824
Sample 3,Chronos,0.7788617610931396
Sample 3,Moirai,0.22113829851150513
Sample 4,TimesFM,0.917125940322876
Sample 4,Chronos,0.08287406712770462
Sample 5,Moirai,0.5702385902404785
Sample 5,Timer,0.42976143956184387
Sample 6,Moirai,0.754336416721344
Sample 6,Timer,0.245663583278656
Sample 7,TimesFM,0.808350682258606
Sample 7,Time-MoE,0.19164933264255524
Sample 8,Moirai,0.6300974488258362
Sample 8,TimesFM,0.3699026107788086
Sample 9,Moirai,0.5565967559814453
Sample 9,Timer,0.4434031844139099
Sample 10,Timer,0.5645045042037964
Sample 10,Moirai,0.4354954659938812
Sample 11,Chronos,0.7697117924690247
Sample 11,Timer,0.23028816282749176
Sample 12,Time-MoE,0.5175212025642395
Sample 12,Chronos,0.4824788272380829
Sample 13,Chronos,0.9312598705291748
Sample 13,Timer,0.06874015927314758
Sample 14,TimesFM,0.9056479930877686
Sample 14,Chronos,0.09435196965932846
Sample 15,TimesFM,0.7434899210929871
Sample 15,Timer,0.25651001930236816
Sample 16,TimesFM,0.8844764232635498
Sample 16,Moirai,0.11552360653877258
Sample 17,Moirai,0.5318291187286377
Sample 17,Timer,0.46817082166671753
Sample 18,TimesFM,0.9568998217582703
Sample 18,Time-MoE,0.04310018569231033
Sample 19,Chronos,0.6553407311439514
Sample 19,Moirai,0.34465929865837097
Sample 20,Moirai,0.5245876312255859
Sample 20,Chronos,0.47541239857673645
Sample 21,Timer,0.573982298374176
Sample 21,Moirai,0.4260176420211792
Sample 22,Timer,0.723151683807373
Sample 22,Chronos,0.27684831619262695
Sample 23,TimesFM,0.9498501420021057
Sample 23,Time-MoE,0.050149884074926376
Sample 24,Moirai,0.9667169451713562
Sample 24,TimesFM,0.033283013850450516
Sample 25,Moirai,0.5682997703552246
Sample 25,Timer,0.4317002296447754
Sample 26,TimesFM,0.8152893781661987
Sample 26,Moirai,0.18471062183380127
Sample 27,Moirai,0.53722083568573
Sample 27,Chronos,0.46277910470962524
Sample 28,Moirai,0.6234482526779175
Sample 28,Chronos,0.3765517473220825
Sample 29,Timer,0.6914013028144836
Sample 29,Moirai,0.30859869718551636
Sample 30,Moirai,0.8583025336265564
Sample 30,TimesFM,0.141697496175766
Sample 31,TimesFM,0.6459714770317078
Sample 31,Chronos,0.3540285527706146
Sample 0,Moirai,0.9406130313873291
Sample 0,Chronos,0.05938694626092911
Sample 1,Timer,0.6364439129829407
Sample 1,Chronos,0.3635561168193817
Sample 2,TimesFM,0.80329829454422
Sample 2,Moirai,0.19670167565345764
Sample 3,Chronos,0.9100870490074158
Sample 3,Timer,0.0899130180478096
Sample 4,Chronos,0.9817985892295837
Sample 4,Timer,0.01820138283073902
Sample 5,Moirai,0.6177573800086975
Sample 5,Chronos,0.3822425603866577
Sample 6,Chronos,0.723297655582428
Sample 6,Timer,0.2767024040222168
Sample 7,TimesFM,0.898582398891449
Sample 7,Time-MoE,0.10141760110855103
Sample 8,Moirai,0.798036515712738
Sample 8,TimesFM,0.20196346938610077
Sample 9,Timer,0.6180711984634399
Sample 9,Moirai,0.38192886114120483
Sample 10,Timer,0.8822299838066101
Sample 10,Moirai,0.11777003854513168
Sample 11,Chronos,0.8641390204429626
Sample 11,Moirai,0.13586096465587616
Sample 12,TimesFM,0.6963793635368347
Sample 12,Timer,0.30362066626548767
Sample 13,Timer,0.5099727511405945
Sample 13,Moirai,0.49002721905708313
Sample 14,Timer,0.5196500420570374
Sample 14,Moirai,0.48034989833831787
Sample 15,TimesFM,0.9450477957725525
Sample 15,Time-MoE,0.0549522340297699
Sample 0,Moirai,0.9324117302894592
Sample 0,TimesFM,0.06758833676576614
Sample 1,Timer,0.648149311542511
Sample 1,Chronos,0.351850688457489
Sample 2,Chronos,0.8762181997299194
Sample 2,TimesFM,0.12378183752298355
Sample 3,Chronos,0.901389479637146
Sample 3,Moirai,0.09861055761575699
Sample 4,Timer,0.8322721123695374
Sample 4,Chronos,0.16772785782814026
Sample 5,Timer,0.6695100665092468
Sample 5,Chronos,0.3304899334907532
Sample 6,Timer,0.5161683559417725
Sample 6,Chronos,0.48383161425590515
Sample 7,TimesFM,0.9381870627403259
Sample 7,Time-MoE,0.06181296333670616
Sample 8,Moirai,0.9664134383201599
Sample 8,TimesFM,0.033586494624614716
Sample 9,Timer,0.6666203737258911
Sample 9,Chronos,0.3333795964717865
Sample 10,Timer,0.543862521648407
Sample 10,TimesFM,0.456137478351593
Sample 11,Chronos,0.8185017704963684
Sample 11,Moirai,0.18149824440479279
Sample 12,TimesFM,0.9716506600379944
Sample 12,Moirai,0.02834930457174778
Sample 13,Chronos,0.5537822246551514
Sample 13,Moirai,0.44621777534484863
Sample 14,Timer,0.7356814742088318
Sample 14,Moirai,0.2643185555934906
Sample 15,TimesFM,0.9609389901161194
Sample 15,Time-MoE,0.039061013609170914
Sample 16,Moirai,0.8778600692749023
Sample 16,TimesFM,0.12213996797800064
Sample 17,Moirai,0.5166366696357727
Sample 17,Timer,0.4833633005619049
Sample 18,TimesFM,0.6418712735176086
Sample 18,Chronos,0.35812872648239136
Sample 19,Chronos,0.8031241297721863
Sample 19,Moirai,0.19687585532665253
Sample 20,Moirai,0.6091116070747375
Sample 20,Chronos,0.39088836312294006
Sample 21,Chronos,0.8640307188034058
Sample 21,Moirai,0.135969340801239
Sample 22,Chronos,0.7738087177276611
Sample 22,TimesFM,0.22619131207466125
Sample 23,Timer,0.6563162803649902
Sample 23,TimesFM,0.34368371963500977
Sample 24,TimesFM,0.5816541314125061
Sample 24,Moirai,0.4183458983898163
Sample 25,Timer,0.6086053848266602
Sample 25,Chronos,0.39139461517333984
Sample 26,Moirai,0.8081185221672058
Sample 26,Timer,0.191881462931633
Sample 27,Chronos,0.6535459756851196
Sample 27,Timer,0.34645405411720276
Sample 28,Chronos,0.9058942794799805
Sample 28,Time-MoE,0.09410576522350311
Sample 29,Timer,0.506943941116333
Sample 29,Moirai,0.4930560290813446
Sample 30,Moirai,0.835002064704895
Sample 30,Timer,0.16499793529510498
Sample 31,TimesFM,0.8702338337898254
Sample 31,Time-MoE,0.12976618111133575
Sample 0,TimesFM,0.8709118366241455
Sample 0,Moirai,0.1290881633758545
Sample 1,Moirai,0.5270866751670837
Sample 1,Timer,0.4729132652282715
Sample 2,Chronos,0.7136955261230469
Sample 2,TimesFM,0.28630444407463074
Sample 3,Chronos,0.863396167755127
Sample 3,Timer,0.13660381734371185
Sample 4,Chronos,0.6342430114746094
Sample 4,TimesFM,0.36575695872306824
Sample 5,Moirai,0.5232053399085999
Sample 5,Timer,0.47679460048675537
Sample 6,Timer,0.7687661647796631
Sample 6,TimesFM,0.23123383522033691
Sample 7,TimesFM,0.9385958313941956
Sample 7,Time-MoE,0.061404161155223846
Sample 8,Moirai,0.9813634157180786
Sample 8,Time-MoE,0.018636634573340416
Sample 9,Moirai,0.5706791281700134
Sample 9,Timer,0.4293208718299866
Sample 10,Moirai,0.6894025802612305
Sample 10,Timer,0.31059741973876953
Sample 11,Chronos,0.7475540041923523
Sample 11,TimesFM,0.2524459958076477
Sample 12,Chronos,0.650229275226593
Sample 12,Timer,0.349770724773407
Sample 13,Moirai,0.6356775164604187
Sample 13,Chronos,0.3643225133419037
Sample 14,Timer,0.7053737640380859
Sample 14,Chronos,0.2946262061595917
Sample 15,TimesFM,0.8689003586769104
Sample 15,Time-MoE,0.131099671125412
Sample 16,Moirai,0.9704143404960632
Sample 16,Time-MoE,0.029585616663098335
Sample 17,Timer,0.5581211447715759
Sample 17,Moirai,0.44187888503074646
Sample 18,TimesFM,0.8608323335647583
Sample 18,Time-MoE,0.1391676962375641
Sample 19,Chronos,0.7382022738456726
Sample 19,Timer,0.2617977559566498
Sample 20,Timer,0.7106940150260925
Sample 20,Moirai,0.28930598497390747
Sample 21,Moirai,0.5825418829917908
Sample 21,Timer,0.4174581468105316
Sample 22,Timer,0.8211665749549866
Sample 22,Chronos,0.17883342504501343
Sample 23,TimesFM,0.9105249643325806
Sample 23,Time-MoE,0.08947508037090302
Sample 24,Moirai,0.9577192068099976
Sample 24,Chronos,0.04228081926703453
Sample 25,Timer,0.6274013519287109
Sample 25,Chronos,0.3725986182689667
Sample 26,Moirai,0.5207618474960327
Sample 26,Timer,0.4792381823062897
Sample 27,Chronos,0.9655793905258179
Sample 27,Moirai,0.03442065045237541
Sample 28,TimesFM,0.7085465788841248
Sample 28,Chronos,0.29145342111587524
Sample 29,Moirai,0.5544562339782715
Sample 29,Chronos,0.4455437958240509
Sample 30,Timer,0.6075566411018372
Sample 30,Chronos,0.39244335889816284
Sample 31,TimesFM,0.9154400825500488
Sample 31,Time-MoE,0.08455990999937057
Sample 0,TimesFM,0.5941107273101807
Sample 0,Moirai,0.40588924288749695
Sample 1,Moirai,0.5613534450531006
Sample 1,Timer,0.4386465549468994
Sample 2,Moirai,0.7766993641853333
Sample 2,Chronos,0.22330060601234436
Sample 3,Chronos,0.8406190276145935
Sample 3,Moirai,0.15938091278076172
Sample 4,TimesFM,0.6541026830673218
Sample 4,Time-MoE,0.3458973467350006
Sample 5,Timer,0.7147411704063416
Sample 5,Moirai,0.2852588891983032
Sample 6,Chronos,0.582721471786499
Sample 6,Timer,0.4172784984111786
Sample 7,TimesFM,0.8209546208381653
Sample 7,Time-MoE,0.17904536426067352
Sample 8,Moirai,0.5930384397506714
Sample 8,TimesFM,0.4069615602493286
Sample 9,Timer,0.6857627034187317
Sample 9,Moirai,0.3142372667789459
Sample 10,Timer,0.5732457637786865
Sample 10,Chronos,0.4267542362213135
Sample 11,Chronos,0.9915013313293457
Sample 11,Timer,0.008498689159750938
Sample 12,TimesFM,0.7289716601371765
Sample 12,Chronos,0.2710283398628235
Sample 13,Chronos,0.5296120047569275
Sample 13,Moirai,0.4703879654407501
Sample 14,Timer,0.9100685715675354
Sample 14,Chronos,0.08993148058652878
Sample 15,TimesFM,0.8640774488449097
Sample 15,Time-MoE,0.13592258095741272
Sample 16,Moirai,0.9039788246154785
Sample 16,Timer,0.0960211455821991
Sample 17,Timer,0.6995291113853455
Sample 17,Chronos,0.30047088861465454
Sample 18,TimesFM,0.9630106687545776
Sample 18,Timer,0.036989323794841766
Sample 19,Moirai,0.7093926072120667
Sample 19,Timer,0.29060739278793335
Sample 20,Chronos,0.5051329731941223
Sample 20,TimesFM,0.4948670268058777
Sample 21,Moirai,0.5845947861671448
Sample 21,Chronos,0.4154052436351776
Sample 22,Timer,0.6998218894004822
Sample 22,Chronos,0.3001781105995178
Sample 23,Chronos,0.5054391026496887
Sample 23,Timer,0.4945608675479889
Sample 24,TimesFM,0.8384853005409241
Sample 24,Moirai,0.16151471436023712
Sample 25,Timer,0.5284061431884766
Sample 25,Chronos,0.47159382700920105
Sample 26,TimesFM,0.9462757706642151
Sample 26,Timer,0.053724244236946106
Sample 27,Chronos,0.9945770502090454
Sample 27,Moirai,0.005422929767519236
Sample 28,TimesFM,0.6540122032165527
Sample 28,Chronos,0.3459877371788025
Sample 29,Chronos,0.7574030160903931
Sample 29,Moirai,0.24259702861309052
Sample 30,Timer,0.6064902544021606
Sample 30,Chronos,0.39350977540016174
Sample 31,TimesFM,0.9119678735733032
Sample 31,Time-MoE,0.0880320817232132
Sample 0,TimesFM,0.7800868153572083
Sample 0,Moirai,0.21991318464279175
Sample 1,Timer,0.5010387301445007
Sample 1,Moirai,0.49896129965782166
Sample 2,Timer,0.5999985337257385
Sample 2,TimesFM,0.40000149607658386
Sample 3,Chronos,0.7875031232833862
Sample 3,Moirai,0.21249684691429138
Sample 4,Timer,0.9232534766197205
Sample 4,Moirai,0.07674655318260193
Sample 5,Chronos,0.9012062549591064
Sample 5,TimesFM,0.09879375249147415
Sample 6,Moirai,0.70563805103302
Sample 6,Chronos,0.2943619191646576
Sample 7,TimesFM,0.6307503581047058
Sample 7,Time-MoE,0.3692495822906494
Sample 8,Moirai,0.6840670108795166
Sample 8,TimesFM,0.315932959318161
Sample 9,Timer,0.6343019008636475
Sample 9,Moirai,0.36569806933403015
Sample 10,Chronos,0.9481835961341858
Sample 10,Time-MoE,0.05181635916233063
Sample 11,Chronos,0.9610387086868286
Sample 11,Moirai,0.038961261510849
Sample 12,TimesFM,0.8757615089416504
Sample 12,Chronos,0.12423846125602722
Sample 13,Timer,0.6154884696006775
Sample 13,Chronos,0.3845115005970001
Sample 14,Moirai,0.5978274345397949
Sample 14,Timer,0.4021725654602051
Sample 15,TimesFM,0.8325456976890564
Sample 15,Time-MoE,0.1674543023109436
Sample 16,Moirai,0.591599702835083
Sample 16,TimesFM,0.4084002673625946
Sample 17,Chronos,0.6274011135101318
Sample 17,Timer,0.37259891629219055
Sample 18,TimesFM,0.8003047108650208
Sample 18,Timer,0.19969530403614044
Sample 19,Chronos,0.9789435267448425
Sample 19,Moirai,0.02105655148625374
Sample 20,TimesFM,0.6098228096961975
Sample 20,Chronos,0.3901772201061249
Sample 21,Chronos,0.6320859789848328
Sample 21,Timer,0.36791399121284485
Sample 22,Moirai,0.5615885853767395
Sample 22,Timer,0.4384113848209381
Sample 23,TimesFM,0.9085623621940613
Sample 23,Time-MoE,0.0914376825094223
Sample 24,TimesFM,0.7485377192497253
Sample 24,Moirai,0.25146231055259705
Sample 25,Chronos,0.506528377532959
Sample 25,Timer,0.4934716820716858
Sample 26,TimesFM,0.9347832202911377
Sample 26,Time-MoE,0.06521685421466827
Sample 27,Chronos,0.8339366316795349
Sample 27,Timer,0.16606338322162628
Sample 28,TimesFM,0.9595827460289001
Sample 28,Time-MoE,0.04041723534464836
Sample 29,Chronos,0.8355364799499512
Sample 29,Timer,0.1644635796546936
Sample 30,Moirai,0.5563762784004211
Sample 30,Timer,0.44362372159957886
Sample 31,TimesFM,0.9434760808944702
Sample 31,Time-MoE,0.0565238818526268
Sample 0,Moirai,0.9294493794441223
Sample 0,TimesFM,0.07055064290761948
Sample 1,Timer,0.5633394122123718
Sample 1,Moirai,0.4366605877876282
Sample 2,Timer,0.566857099533081
Sample 2,Chronos,0.43314284086227417
Sample 3,Chronos,0.8663263916969299
Sample 3,Moirai,0.13367362320423126
Sample 4,Timer,0.8364272117614746
Sample 4,TimesFM,0.16357280313968658
Sample 5,Timer,0.6388265490531921
Sample 5,Chronos,0.3611734211444855
Sample 6,Timer,0.7631145119667053
Sample 6,Moirai,0.23688548803329468
Sample 7,TimesFM,0.8794000148773193
Sample 7,Moirai,0.12060000002384186
Sample 8,Moirai,0.97690749168396
Sample 8,Time-MoE,0.02309250272810459
Sample 9,Timer,0.6520617604255676
Sample 9,Moirai,0.34793826937675476
Sample 10,TimesFM,0.9654210209846497
Sample 10,Moirai,0.034578971564769745
Sample 11,Chronos,0.84956955909729
Sample 11,TimesFM,0.15043047070503235
Sample 12,Chronos,0.5646827220916748
Sample 12,TimesFM,0.4353173077106476
Sample 13,Moirai,0.5186413526535034
Sample 13,Chronos,0.48135867714881897
Sample 14,Chronos,0.5332253575325012
Sample 14,Timer,0.4667746424674988
Sample 15,TimesFM,0.6439016461372375
Sample 15,Time-MoE,0.35609838366508484
Sample 16,Moirai,0.9642425179481506
Sample 16,Chronos,0.035757508128881454
Sample 17,Timer,0.5747182965278625
Sample 17,Chronos,0.4252816438674927
Sample 18,Moirai,0.5276155471801758
Sample 18,Timer,0.47238442301750183
Sample 19,Chronos,0.9728288650512695
Sample 19,Timer,0.027171079069375992
Sample 20,TimesFM,0.6706468462944031
Sample 20,Chronos,0.3293532133102417
Sample 21,Chronos,0.526846170425415
Sample 21,Moirai,0.47315385937690735
Sample 22,Timer,0.622971773147583
Sample 22,Moirai,0.3770282566547394
Sample 23,TimesFM,0.9232093691825867
Sample 23,Time-MoE,0.07679062336683273
Sample 24,Moirai,0.7644897103309631
Sample 24,TimesFM,0.23551025986671448
Sample 25,Timer,0.706653892993927
Sample 25,Chronos,0.293346107006073
Sample 26,Moirai,0.5645374655723572
Sample 26,Timer,0.4354625344276428
Sample 27,Chronos,0.9225327968597412
Sample 27,Timer,0.07746726274490356
Sample 28,TimesFM,0.90057772397995
Sample 28,Time-MoE,0.09942223131656647
Sample 29,Timer,0.6498592495918274
Sample 29,TimesFM,0.350140780210495
Sample 30,Timer,0.7585422396659851
Sample 30,Moirai,0.2414577752351761
Sample 31,TimesFM,0.9095391035079956
Sample 31,Moirai,0.09046091139316559
Sample 0,TimesFM,0.8375675678253174
Sample 0,Moirai,0.16243238747119904
Sample 1,Timer,0.6388409733772278
Sample 1,Moirai,0.3611590564250946
Sample 2,Timer,0.7410776615142822
Sample 2,Chronos,0.2589223384857178
Sample 3,Chronos,0.7872762084007263
Sample 3,Moirai,0.21272383630275726
Sample 4,TimesFM,0.9122718572616577
Sample 4,Chronos,0.08772814273834229
Sample 5,Moirai,0.5431868433952332
Sample 5,Timer,0.4568132162094116
Sample 6,Moirai,0.7444183826446533
Sample 6,Timer,0.2555815875530243
Sample 7,TimesFM,0.8120364546775818
Sample 7,Time-MoE,0.1879635751247406
Sample 8,Moirai,0.617752194404602
Sample 8,TimesFM,0.38224783539772034
Sample 9,Moirai,0.5306784510612488
Sample 9,Timer,0.4693215489387512
Sample 10,Timer,0.6000834703445435
Sample 10,Moirai,0.39991655945777893
Sample 11,Chronos,0.76551753282547
Sample 11,Timer,0.23448243737220764
Sample 12,Time-MoE,0.5273892879486084
Sample 12,Chronos,0.4726106524467468
Sample 13,Chronos,0.9318675398826599
Sample 13,Timer,0.06813248246908188
Sample 14,TimesFM,0.9076774716377258
Sample 14,Chronos,0.09232250601053238
Sample 15,TimesFM,0.7444710731506348
Sample 15,Timer,0.25552886724472046
Sample 16,TimesFM,0.8848201036453247
Sample 16,Moirai,0.1151798740029335
Sample 17,Moirai,0.5075209736824036
Sample 17,Timer,0.4924790561199188
Sample 18,TimesFM,0.9579938650131226
Sample 18,Time-MoE,0.04200613498687744
Sample 19,Chronos,0.6637347340583801
Sample 19,Moirai,0.3362652659416199
Sample 20,Moirai,0.5309352278709412
Sample 20,Chronos,0.4690648019313812
Sample 21,Timer,0.5989559292793274
Sample 21,Moirai,0.401044100522995
Sample 22,Timer,0.7377334833145142
Sample 22,Chronos,0.26226651668548584
Sample 23,TimesFM,0.9526423811912537
Sample 23,Time-MoE,0.04735758900642395
Sample 24,Moirai,0.9664032459259033
Sample 24,TimesFM,0.03359672427177429
Sample 25,Moirai,0.542363166809082
Sample 25,Timer,0.45763683319091797
Sample 26,TimesFM,0.8156376481056213
Sample 26,Moirai,0.18436232209205627
Sample 27,Moirai,0.5317035913467407
Sample 27,Chronos,0.46829643845558167
Sample 28,Moirai,0.6203247308731079
Sample 28,Chronos,0.3796752393245697
Sample 29,Timer,0.7140779495239258
Sample 29,Chronos,0.2859220504760742
Sample 30,Moirai,0.8531012535095215
Sample 30,TimesFM,0.1468987762928009
Sample 31,TimesFM,0.6394928097724915
Sample 31,Chronos,0.3605072498321533
Sample 0,Moirai,0.9420028328895569
Sample 0,Chronos,0.05799712985754013
Sample 1,Timer,0.6722989082336426
Sample 1,Chronos,0.3277010917663574
Sample 2,TimesFM,0.8209772706031799
Sample 2,Moirai,0.1790226697921753
Sample 3,Chronos,0.903342068195343
Sample 3,Timer,0.09665797650814056
Sample 4,Chronos,0.982347846031189
Sample 4,Timer,0.017652209848165512
Sample 5,Moirai,0.6284812092781067
Sample 5,Chronos,0.3715187609195709
Sample 6,Chronos,0.7087920904159546
Sample 6,Timer,0.2912079691886902
Sample 7,TimesFM,0.9004107117652893
Sample 7,Time-MoE,0.09958934038877487
Sample 8,Moirai,0.790260910987854
Sample 8,TimesFM,0.2097390592098236
Sample 9,Timer,0.6398651003837585
Sample 9,Moirai,0.36013486981391907
Sample 10,Timer,0.8872485160827637
Sample 10,Time-MoE,0.11275150626897812
Sample 11,Chronos,0.8640157580375671
Sample 11,Moirai,0.13598421216011047
Sample 12,TimesFM,0.7137926816940308
Sample 12,Chronos,0.28620731830596924
Sample 13,Timer,0.5347275137901306
Sample 13,Moirai,0.46527254581451416
Sample 14,Timer,0.5417656898498535
Sample 14,Moirai,0.4582342803478241
Sample 15,TimesFM,0.9476500749588013
Sample 15,Time-MoE,0.052349966019392014
Sample 0,Moirai,0.9324995875358582
Sample 0,TimesFM,0.06750038266181946
Sample 1,Timer,0.6902471780776978
Sample 1,Chronos,0.30975279211997986
Sample 2,Chronos,0.885718584060669
Sample 2,Timer,0.11428137123584747
Sample 3,Chronos,0.8962733149528503
Sample 3,Moirai,0.10372672230005264
Sample 4,Timer,0.8378376364707947
Sample 4,Chronos,0.1621623933315277
Sample 5,Timer,0.7079519629478455
Sample 5,Chronos,0.29204800724983215
Sample 6,Timer,0.5596768856048584
Sample 6,Chronos,0.4403231143951416
Sample 7,TimesFM,0.9404776096343994
Sample 7,Time-MoE,0.05952233076095581
Sample 8,Moirai,0.9662983417510986
Sample 8,TimesFM,0.03370169922709465
Sample 9,Timer,0.708905041217804
Sample 9,Chronos,0.29109495878219604
Sample 10,Timer,0.5261842608451843
Sample 10,TimesFM,0.47381576895713806
Sample 11,Chronos,0.8030914068222046
Sample 11,Moirai,0.19690854847431183
Sample 12,TimesFM,0.9726525545120239
Sample 12,Moirai,0.02734738029539585
Sample 13,Chronos,0.507656455039978
Sample 13,Timer,0.4923435151576996
Sample 14,Timer,0.751631498336792
Sample 14,Moirai,0.2483685314655304
Sample 15,TimesFM,0.9627459049224854
Sample 15,Time-MoE,0.03725408390164375
Sample 16,Moirai,0.8792190551757812
Sample 16,TimesFM,0.12078092247247696
Sample 17,Timer,0.5022334456443787
Sample 17,Moirai,0.49776655435562134
Sample 18,TimesFM,0.6326250433921814
Sample 18,Chronos,0.367374986410141
Sample 19,Chronos,0.7909142374992371
Sample 19,Moirai,0.20908576250076294
Sample 20,Moirai,0.6066390872001648
Sample 20,Chronos,0.3933609426021576
Sample 21,Chronos,0.8564714789390564
Sample 21,Moirai,0.14352847635746002
Sample 22,Chronos,0.764401376247406
Sample 22,TimesFM,0.2355986386537552
Sample 23,Timer,0.657943844795227
Sample 23,TimesFM,0.3420560956001282
Sample 24,TimesFM,0.5825332403182983
Sample 24,Moirai,0.41746675968170166
Sample 25,Timer,0.6542744040489197
Sample 25,Chronos,0.3457256257534027
Sample 26,Moirai,0.810568630695343
Sample 26,Timer,0.18943139910697937
Sample 27,Chronos,0.6426171064376831
Sample 27,Timer,0.3573828935623169
Sample 28,Chronos,0.9292324781417847
Sample 28,Time-MoE,0.07076752185821533
Sample 29,Timer,0.5304054021835327
Sample 29,Moirai,0.4695945382118225
Sample 30,Moirai,0.8251630067825317
Sample 30,Timer,0.17483694851398468
Sample 31,TimesFM,0.8733806610107422
Sample 31,Time-MoE,0.1266193836927414
Sample 0,TimesFM,0.8744720220565796
Sample 0,Moirai,0.12552796304225922
Sample 1,Moirai,0.5183262228965759
Sample 1,Timer,0.4816737473011017
Sample 2,Chronos,0.7193250060081482
Sample 2,TimesFM,0.2806749641895294
Sample 3,Chronos,0.8412331342697144
Sample 3,Timer,0.15876680612564087
Sample 4,Chronos,0.6393570899963379
Sample 4,TimesFM,0.3606429100036621
Sample 5,Moirai,0.5131624341011047
Sample 5,Timer,0.48683759570121765
Sample 6,Timer,0.7736916542053223
Sample 6,TimesFM,0.22630828619003296
Sample 7,TimesFM,0.9409055709838867
Sample 7,Time-MoE,0.05909440666437149
Sample 8,Moirai,0.9798654913902283
Sample 8,Time-MoE,0.02013450674712658
Sample 9,Moirai,0.561387300491333
Sample 9,Timer,0.438612699508667
Sample 10,Moirai,0.6893548965454102
Sample 10,Timer,0.31064510345458984
Sample 11,Chronos,0.7521021962165833
Sample 11,TimesFM,0.24789775907993317
Sample 12,Chronos,0.6338532567024231
Sample 12,Timer,0.3661467432975769
Sample 13,Moirai,0.6373060941696167
Sample 13,Timer,0.3626938462257385
Sample 14,Timer,0.7426392436027527
Sample 14,Chronos,0.2573607861995697
Sample 15,TimesFM,0.8686259984970093
Sample 15,Moirai,0.1313740462064743
Sample 16,Moirai,0.969695508480072
Sample 16,Time-MoE,0.03030450828373432
Sample 17,Timer,0.568274736404419
Sample 17,Moirai,0.43172523379325867
Sample 18,TimesFM,0.8666391968727112
Sample 18,Time-MoE,0.1333608627319336
Sample 19,Chronos,0.6981715559959412
Sample 19,Timer,0.30182841420173645
Sample 20,Timer,0.7140722274780273
Sample 20,Moirai,0.28592777252197266
Sample 21,Moirai,0.5715273022651672
Sample 21,Timer,0.42847269773483276
Sample 22,Timer,0.8430882692337036
Sample 22,Chronos,0.1569117158651352
Sample 23,TimesFM,0.9032467603683472
Sample 23,Chronos,0.09675323963165283
Sample 24,Moirai,0.9620844721794128
Sample 24,Chronos,0.037915561348199844
Sample 25,Timer,0.6822955012321472
Sample 25,Chronos,0.3177044987678528
Sample 26,Moirai,0.5185869336128235
Sample 26,Timer,0.4814130663871765
Sample 27,Chronos,0.9616366028785706
Sample 27,Moirai,0.038363344967365265
Sample 28,TimesFM,0.6619331240653992
Sample 28,Chronos,0.3380669057369232
Sample 29,Moirai,0.6049335598945618
Sample 29,Chronos,0.39506638050079346
Sample 30,Timer,0.6665968298912048
Sample 30,Chronos,0.3334031105041504
Sample 31,TimesFM,0.9185664653778076
Sample 31,Time-MoE,0.0814334824681282
Sample 0,TimesFM,0.5948444604873657
Sample 0,Moirai,0.4051555395126343
Sample 1,Moirai,0.5571893453598022
Sample 1,Timer,0.44281062483787537
Sample 2,Moirai,0.7982045412063599
Sample 2,Chronos,0.20179547369480133
Sample 3,Chronos,0.8116961717605591
Sample 3,Moirai,0.1883038431406021
Sample 4,TimesFM,0.6509096026420593
Sample 4,Time-MoE,0.34909042716026306
Sample 5,Timer,0.7199211716651917
Sample 5,Moirai,0.2800787687301636
Sample 6,Chronos,0.5344951152801514
Sample 6,Timer,0.46550488471984863
Sample 7,TimesFM,0.8203963041305542
Sample 7,Time-MoE,0.1796036660671234
Sample 8,Moirai,0.5888674855232239
Sample 8,TimesFM,0.4111325442790985
Sample 9,Timer,0.6892943382263184
Sample 9,Moirai,0.31070566177368164
Sample 10,Timer,0.6160600185394287
Sample 10,Chronos,0.3839399516582489
Sample 11,Chronos,0.9909809231758118
Sample 11,Timer,0.009019056335091591
Sample 12,TimesFM,0.6712363958358765
Sample 12,Chronos,0.32876357436180115
Sample 13,Moirai,0.5377803444862366
Sample 13,Chronos,0.46221962571144104
Sample 14,Timer,0.9144840836524963
Sample 14,Moirai,0.08551591634750366
Sample 15,TimesFM,0.8709665536880493
Sample 15,Time-MoE,0.12903344631195068
Sample 16,Moirai,0.9050499200820923
Sample 16,Timer,0.0949501320719719
Sample 17,Timer,0.7551613450050354
Sample 17,Chronos,0.2448386251926422
Sample 18,TimesFM,0.9664413928985596
Sample 18,Timer,0.03355861455202103
Sample 19,Moirai,0.7133582830429077
Sample 19,Timer,0.28664177656173706
Sample 20,Chronos,0.5599148273468018
Sample 20,TimesFM,0.44008517265319824
Sample 21,Moirai,0.5969488024711609
Sample 21,Timer,0.4030511975288391
Sample 22,Timer,0.720452070236206
Sample 22,Moirai,0.27954795956611633
Sample 23,Chronos,0.5081561803817749
Sample 23,Timer,0.4918437898159027
Sample 24,TimesFM,0.8402063250541687
Sample 24,Moirai,0.1597937047481537
Sample 25,Timer,0.5917009711265564
Sample 25,Chronos,0.4082990288734436
Sample 26,TimesFM,0.9534237384796143
Sample 26,Timer,0.04657629877328873
Sample 27,Chronos,0.994192898273468
Sample 27,Time-MoE,0.005807108245790005
Sample 28,TimesFM,0.5918678641319275
Sample 28,Chronos,0.4081321656703949
Sample 29,Chronos,0.7159512042999268
Sample 29,Moirai,0.28404873609542847
Sample 30,Timer,0.6524959206581116
Sample 30,Moirai,0.3475041091442108
Sample 31,TimesFM,0.9159772992134094
Sample 31,Time-MoE,0.08402273803949356
Sample 0,TimesFM,0.7813962697982788
Sample 0,Moirai,0.2186037302017212
Sample 1,Timer,0.5023799538612366
Sample 1,Moirai,0.4976200759410858
Sample 2,Timer,0.6139649152755737
Sample 2,TimesFM,0.38603508472442627
Sample 3,Chronos,0.7548043131828308
Sample 3,Moirai,0.2451956868171692
Sample 4,Timer,0.9243035912513733
Sample 4,Moirai,0.07569635659456253
Sample 5,Chronos,0.9139159917831421
Sample 5,TimesFM,0.08608406037092209
Sample 6,Moirai,0.7120029330253601
Sample 6,Chronos,0.2879970669746399
Sample 7,TimesFM,0.6280238032341003
Sample 7,Time-MoE,0.37197619676589966
Sample 8,Moirai,0.6790382862091064
Sample 8,TimesFM,0.32096168398857117
Sample 9,Timer,0.63577800989151
Sample 9,Moirai,0.3642220199108124
Sample 10,Chronos,0.9521445035934448
Sample 10,Time-MoE,0.04785551130771637
Sample 11,Chronos,0.9547537565231323
Sample 11,Moirai,0.045246198773384094
Sample 12,TimesFM,0.8473448157310486
Sample 12,Chronos,0.1526551991701126
Sample 13,Timer,0.6670174598693848
Sample 13,Chronos,0.33298248052597046
Sample 14,Moirai,0.5990530252456665
Sample 14,Timer,0.4009469747543335
Sample 15,TimesFM,0.8372281193733215
Sample 15,Time-MoE,0.16277183592319489
Sample 16,Moirai,0.5961898565292358
Sample 16,TimesFM,0.40381017327308655
Sample 17,Chronos,0.590981125831604
Sample 17,Timer,0.409018874168396
Sample 18,TimesFM,0.7964914441108704
Sample 18,Timer,0.20350861549377441
Sample 19,Chronos,0.9772734045982361
Sample 19,Moirai,0.022726619616150856
Sample 20,TimesFM,0.5516293048858643
Sample 20,Chronos,0.44837072491645813
Sample 21,Chronos,0.5771316885948181
Sample 21,Timer,0.4228682816028595
Sample 22,Moirai,0.5569249391555786
Sample 22,Timer,0.4430750608444214
Sample 23,TimesFM,0.911119818687439
Sample 23,Time-MoE,0.08888015151023865
Sample 24,TimesFM,0.7515040040016174
Sample 24,Moirai,0.2484959363937378
Sample 25,Timer,0.5560331344604492
Sample 25,Chronos,0.44396692514419556
Sample 26,TimesFM,0.9248180389404297
Sample 26,Chronos,0.07518193125724792
Sample 27,Chronos,0.8018448948860168
Sample 27,Timer,0.19815510511398315
Sample 28,TimesFM,0.9612483978271484
Sample 28,Time-MoE,0.03875158354640007
Sample 29,Chronos,0.8045134544372559
Sample 29,Timer,0.19548657536506653
Sample 30,Moirai,0.5552036166191101
Sample 30,Timer,0.4447963833808899
Sample 31,TimesFM,0.94446861743927
Sample 31,Time-MoE,0.05553136765956879
Sample 0,Moirai,0.9318649172782898
Sample 0,TimesFM,0.06813502311706543
Sample 1,Timer,0.5600205063819885
Sample 1,Moirai,0.4399794936180115
Sample 2,Timer,0.603743314743042
Sample 2,Chronos,0.396256685256958
Sample 3,Chronos,0.8464875817298889
Sample 3,Moirai,0.1535123884677887
Sample 4,Timer,0.8468127846717834
Sample 4,TimesFM,0.15318724513053894
Sample 5,Timer,0.6441065073013306
Sample 5,Moirai,0.35589349269866943
Sample 6,Timer,0.7626785039901733
Sample 6,Moirai,0.23732143640518188
Sample 7,TimesFM,0.8798927664756775
Sample 7,Moirai,0.12010728567838669
Sample 8,Moirai,0.9753325581550598
Sample 8,Time-MoE,0.024667471647262573
Sample 9,Timer,0.6500905752182007
Sample 9,Moirai,0.3499094545841217
Sample 10,TimesFM,0.9671607613563538
Sample 10,Moirai,0.032839205116033554
Sample 11,Chronos,0.8597287535667419
Sample 11,Moirai,0.14027124643325806
Sample 12,Chronos,0.5934572219848633
Sample 12,TimesFM,0.4065428078174591
Sample 13,Moirai,0.5687195658683777
Sample 13,Chronos,0.4312804639339447
Sample 14,Timer,0.5139005184173584
Sample 14,Chronos,0.486099511384964
Sample 15,TimesFM,0.6662449836730957
Sample 15,Time-MoE,0.3337550163269043
Sample 16,Moirai,0.963962733745575
Sample 16,Time-MoE,0.03603731840848923
Sample 17,Timer,0.6250083446502686
Sample 17,Chronos,0.37499162554740906
Sample 18,Moirai,0.5230135917663574
Sample 18,Timer,0.4769863486289978
Sample 19,Chronos,0.9691401720046997
Sample 19,Timer,0.030859777703881264
Sample 20,TimesFM,0.612490713596344
Sample 20,Chronos,0.387509286403656
Sample 21,Moirai,0.525923490524292
Sample 21,Chronos,0.4740765392780304
Sample 22,Timer,0.6250599026679993
Sample 22,Moirai,0.37494009733200073
Sample 23,TimesFM,0.928976833820343
Sample 23,Time-MoE,0.07102318108081818
Sample 24,Moirai,0.7637178301811218
Sample 24,TimesFM,0.23628221452236176
Sample 25,Timer,0.746111273765564
Sample 25,Chronos,0.25388872623443604
Sample 26,Moirai,0.5611521601676941
Sample 26,Timer,0.4388478398323059
Sample 27,Chronos,0.9110487699508667
Sample 27,Timer,0.08895127475261688
Sample 28,TimesFM,0.9042176604270935
Sample 28,Time-MoE,0.09578236192464828
Sample 29,Timer,0.6249090433120728
Sample 29,TimesFM,0.37509092688560486
Sample 30,Timer,0.7522765398025513
Sample 30,Moirai,0.24772343039512634
Sample 31,TimesFM,0.9091073274612427
Sample 31,Moirai,0.09089267998933792
Sample 0,TimesFM,0.8371399641036987
Sample 0,Moirai,0.1628599911928177
Sample 1,Timer,0.6322100758552551
Sample 1,Moirai,0.3677899241447449
Sample 2,Timer,0.7594735622406006
Sample 2,Chronos,0.2405264675617218
Sample 3,Chronos,0.7612649202346802
Sample 3,Moirai,0.2387351244688034
Sample 4,TimesFM,0.8977240920066833
Sample 4,Chronos,0.10227590054273605
Sample 5,Moirai,0.551516592502594
Sample 5,Timer,0.4484833776950836
Sample 6,Moirai,0.7508659362792969
Sample 6,Timer,0.2491341233253479
Sample 7,TimesFM,0.8158536553382874
Sample 7,Time-MoE,0.18414635956287384
Sample 8,Moirai,0.6109321713447571
Sample 8,TimesFM,0.3890678882598877
Sample 9,Moirai,0.5378880500793457
Sample 9,Timer,0.4621120095252991
Sample 10,Timer,0.6180179715156555
Sample 10,Moirai,0.3819820284843445
Sample 11,Chronos,0.7448830008506775
Sample 11,Timer,0.2551169693470001
Sample 12,Time-MoE,0.5394049882888794
Sample 12,Chronos,0.4605950713157654
Sample 13,Chronos,0.9297323822975159
Sample 13,Timer,0.07026764005422592
Sample 14,TimesFM,0.9077831506729126
Sample 14,Chronos,0.09221689403057098
Sample 15,TimesFM,0.7406328916549683
Sample 15,Timer,0.2593671679496765
Sample 16,TimesFM,0.8828302621841431
Sample 16,Moirai,0.11716970801353455
Sample 17,Moirai,0.5162878036499023
Sample 17,Timer,0.48371219635009766
Sample 18,TimesFM,0.9563961625099182
Sample 18,Chronos,0.0436038076877594
Sample 19,Chronos,0.62735515832901
Sample 19,Moirai,0.3726448714733124
Sample 20,Moirai,0.5772548317909241
Sample 20,Chronos,0.42274513840675354
Sample 21,Timer,0.5907716751098633
Sample 21,Moirai,0.4092283248901367
Sample 22,Timer,0.7665604948997498
Sample 22,Chronos,0.23343946039676666
Sample 23,TimesFM,0.954010546207428
Sample 23,Time-MoE,0.04598941281437874
Sample 24,Moirai,0.9677602648735046
Sample 24,Time-MoE,0.03223967179656029
Sample 25,Moirai,0.5508901476860046
Sample 25,Timer,0.44910985231399536
Sample 26,TimesFM,0.8222118616104126
Sample 26,Moirai,0.1777881383895874
Sample 27,Moirai,0.575114369392395
Sample 27,Chronos,0.42488566040992737
Sample 28,Moirai,0.621598482131958
Sample 28,Chronos,0.3784014880657196
Sample 29,Timer,0.7274573445320129
Sample 29,Moirai,0.27254265546798706
Sample 30,Moirai,0.8454688191413879
Sample 30,Time-MoE,0.15453124046325684
Sample 31,TimesFM,0.6270670294761658
Sample 31,Chronos,0.37293297052383423
Sample 0,Moirai,0.9477655291557312
Sample 0,Timer,0.052234504371881485
Sample 1,Timer,0.6949686408042908
Sample 1,Chronos,0.30503135919570923
Sample 2,TimesFM,0.82846999168396
Sample 2,Moirai,0.17153006792068481
Sample 3,Chronos,0.9003751277923584
Sample 3,Timer,0.09962485730648041
Sample 4,Chronos,0.9829938411712646
Sample 4,Timer,0.017006151378154755
Sample 5,Moirai,0.6577871441841125
Sample 5,Timer,0.3422129154205322
Sample 6,Chronos,0.6920190453529358
Sample 6,Timer,0.3079809844493866
Sample 7,TimesFM,0.9043799638748169
Sample 7,Time-MoE,0.09562008082866669
Sample 8,Moirai,0.7906680107116699
Sample 8,TimesFM,0.20933201909065247
Sample 9,Timer,0.6283888220787048
Sample 9,Moirai,0.37161117792129517
Sample 10,Timer,0.8923556208610535
Sample 10,Time-MoE,0.10764433443546295
Sample 11,Chronos,0.8519220352172852
Sample 11,Moirai,0.14807792007923126
Sample 12,TimesFM,0.6999303698539734
Sample 12,Chronos,0.3000696003437042
Sample 13,Timer,0.5214499235153198
Sample 13,Moirai,0.4785500764846802
Sample 14,Timer,0.5202170610427856
Sample 14,Moirai,0.47978293895721436
Sample 15,TimesFM,0.9493756294250488
Sample 15,Time-MoE,0.05062438175082207
Sample 0,Moirai,0.9338586926460266
Sample 0,TimesFM,0.06614129990339279
Sample 1,Timer,0.6979940533638
Sample 1,Chronos,0.30200591683387756
Sample 2,Chronos,0.8838721513748169
Sample 2,Timer,0.1161278560757637
Sample 3,Chronos,0.8899188041687012
Sample 3,Moirai,0.11008121073246002
Sample 4,Timer,0.8429684042930603
Sample 4,Chronos,0.15703164041042328
Sample 5,Timer,0.6997383236885071
Sample 5,Moirai,0.3002616763114929
Sample 6,Timer,0.5621175765991211
Sample 6,Chronos,0.4378824234008789
Sample 7,TimesFM,0.9425316452980042
Sample 7,Time-MoE,0.05746832117438316
Sample 8,Moirai,0.9673247337341309
Sample 8,TimesFM,0.03267525136470795
Sample 9,Timer,0.7162570357322693
Sample 9,Chronos,0.2837430238723755
Sample 10,TimesFM,0.5202965140342712
Sample 10,Timer,0.47970348596572876
Sample 11,Chronos,0.7867035865783691
Sample 11,Moirai,0.21329641342163086
Sample 12,TimesFM,0.972065806388855
Sample 12,Moirai,0.02793416753411293
Sample 13,Moirai,0.5076466202735901
Sample 13,Chronos,0.4923533797264099
Sample 14,Timer,0.7289046049118042
Sample 14,Moirai,0.2710954248905182
Sample 15,TimesFM,0.9638757705688477
Sample 15,Time-MoE,0.036124277859926224
Sample 16,Moirai,0.8790032267570496
Sample 16,TimesFM,0.12099675089120865
Sample 17,Moirai,0.5248440504074097
Sample 17,Timer,0.47515594959259033
Sample 18,TimesFM,0.6209110021591187
Sample 18,Chronos,0.37908902764320374
Sample 19,Chronos,0.7769821882247925
Sample 19,Moirai,0.2230178266763687
Sample 20,Moirai,0.6073819398880005
Sample 20,Chronos,0.39261800050735474
Sample 21,Chronos,0.8481833338737488
Sample 21,Moirai,0.15181662142276764
Sample 22,Chronos,0.7673816680908203
Sample 22,TimesFM,0.23261836171150208
Sample 23,Timer,0.6654753088951111
Sample 23,TimesFM,0.3345247209072113
Sample 24,TimesFM,0.5854458808898926
Sample 24,Moirai,0.41455408930778503
Sample 25,Timer,0.661184549331665
Sample 25,Chronos,0.3388154208660126
Sample 26,Moirai,0.8238767981529236
Sample 26,Timer,0.17612318694591522
Sample 27,Chronos,0.643790602684021
Sample 27,Timer,0.3562094569206238
Sample 28,Chronos,0.9344260692596436
Sample 28,Timer,0.06557399779558182
Sample 29,Timer,0.5053607821464539
Sample 29,Moirai,0.49463924765586853
Sample 30,Moirai,0.8446542620658875
Sample 30,Timer,0.15534572303295135
Sample 31,TimesFM,0.8774574995040894
Sample 31,Time-MoE,0.12254242599010468
Sample 0,TimesFM,0.8747360110282898
Sample 0,Moirai,0.1252639889717102
Sample 1,Moirai,0.55836421251297
Sample 1,Timer,0.44163575768470764
Sample 2,Chronos,0.7307795882225037
Sample 2,TimesFM,0.26922041177749634
Sample 3,Chronos,0.8477097153663635
Sample 3,Timer,0.15229029953479767
Sample 4,Chronos,0.6427608728408813
Sample 4,TimesFM,0.35723915696144104
Sample 5,Moirai,0.556033730506897
Sample 5,Timer,0.4439662992954254
Sample 6,Timer,0.7729869484901428
Sample 6,TimesFM,0.22701309621334076
Sample 7,TimesFM,0.9436905980110168
Sample 7,Time-MoE,0.05630941316485405
Sample 8,Moirai,0.9795860648155212
Sample 8,Time-MoE,0.02041391283273697
Sample 9,Moirai,0.5994741916656494
Sample 9,Timer,0.4005258083343506
Sample 10,Moirai,0.7262719869613647
Sample 10,Timer,0.27372798323631287
Sample 11,Chronos,0.7594574093818665
Sample 11,TimesFM,0.24054262042045593
Sample 12,Chronos,0.6273757815361023
Sample 12,Timer,0.3726242482662201
Sample 13,Moirai,0.6736103296279907
Sample 13,Timer,0.32638972997665405
Sample 14,Timer,0.7392355799674988
Sample 14,Chronos,0.2607644200325012
Sample 15,TimesFM,0.8695418834686279
Sample 15,Moirai,0.13045816123485565
Sample 16,Moirai,0.9704959392547607
Sample 16,Time-MoE,0.029503991827368736
Sample 17,Timer,0.5307806730270386
Sample 17,Moirai,0.4692193269729614
Sample 18,TimesFM,0.8731813430786133
Sample 18,Time-MoE,0.12681858241558075
Sample 19,Chronos,0.7073535919189453
Sample 19,Timer,0.2926463782787323
Sample 20,Timer,0.6869292259216309
Sample 20,Moirai,0.31307074427604675
Sample 21,Moirai,0.6106206178665161
Sample 21,Timer,0.3893794119358063
Sample 22,Timer,0.8437705039978027
Sample 22,Moirai,0.15622951090335846
Sample 23,TimesFM,0.8939601182937622
Sample 23,Chronos,0.10603992640972137
Sample 24,Moirai,0.9656091928482056
Sample 24,Chronos,0.0343908853828907
Sample 25,Timer,0.6785649061203003
Sample 25,Chronos,0.3214350640773773
Sample 26,Moirai,0.5602890849113464
Sample 26,Timer,0.43971091508865356
Sample 27,Chronos,0.9601640701293945
Sample 27,Moirai,0.03983588516712189
Sample 28,TimesFM,0.6202041506767273
Sample 28,Chronos,0.3797958493232727
Sample 29,Moirai,0.6352278590202332
Sample 29,Chronos,0.36477217078208923
Sample 30,Timer,0.6622686982154846
Sample 30,Chronos,0.3377312421798706
Sample 31,TimesFM,0.9226202368736267
Sample 31,Time-MoE,0.07737971842288971
Sample 0,TimesFM,0.598646879196167
Sample 0,Moirai,0.401353120803833
Sample 1,Moirai,0.600774884223938
Sample 1,Timer,0.3992251455783844
Sample 2,Moirai,0.8053246140480042
Sample 2,Chronos,0.19467543065547943
Sample 3,Chronos,0.8042750358581543
Sample 3,Moirai,0.1957249641418457
Sample 4,TimesFM,0.6544827818870544
Sample 4,Time-MoE,0.34551724791526794
Sample 5,Timer,0.6934642195701599
Sample 5,Moirai,0.3065358102321625
Sample 6,Chronos,0.5379533171653748
Sample 6,Timer,0.46204668283462524
Sample 7,TimesFM,0.8242179155349731
Sample 7,Time-MoE,0.17578211426734924
Sample 8,Moirai,0.58467036485672
Sample 8,TimesFM,0.4153296649456024
Sample 9,Timer,0.6519312262535095
Sample 9,Moirai,0.34806880354881287
Sample 10,Timer,0.6039031744003296
Sample 10,Chronos,0.39609676599502563
Sample 11,Chronos,0.9910812973976135
Sample 11,Timer,0.008918723091483116
Sample 12,TimesFM,0.6382642984390259
Sample 12,Chronos,0.36173567175865173
Sample 13,Moirai,0.5638167858123779
Sample 13,Chronos,0.43618321418762207
Sample 14,Timer,0.904280424118042
Sample 14,Moirai,0.09571962803602219
Sample 15,TimesFM,0.8798478245735168
Sample 15,Time-MoE,0.12015220522880554
Sample 16,Moirai,0.9203174710273743
Sample 16,Timer,0.07968255877494812
Sample 17,Timer,0.7473667860031128
Sample 17,Chronos,0.25263315439224243
Sample 18,TimesFM,0.966699481010437
Sample 18,Timer,0.0333004854619503
Sample 19,Moirai,0.7352172136306763
Sample 19,Timer,0.2647828161716461
Sample 20,Chronos,0.5986492037773132
Sample 20,TimesFM,0.40135082602500916
Sample 21,Moirai,0.6406612992286682
Sample 21,Timer,0.3593387007713318
Sample 22,Timer,0.7068861722946167
Sample 22,Moirai,0.2931138575077057
Sample 23,Chronos,0.5097302794456482
Sample 23,Timer,0.49026966094970703
Sample 24,TimesFM,0.8419277667999268
Sample 24,Moirai,0.15807221829891205
Sample 25,Timer,0.5757973194122314
Sample 25,Chronos,0.42420268058776855
Sample 26,TimesFM,0.9587728977203369
Sample 26,Timer,0.04122714698314667
Sample 27,Chronos,0.9941186904907227
Sample 27,Time-MoE,0.005881310906261206
Sample 28,TimesFM,0.558896541595459
Sample 28,Chronos,0.44110342860221863
Sample 29,Chronos,0.7018074989318848
Sample 29,Moirai,0.2981925308704376
Sample 30,Timer,0.6159370541572571
Sample 30,Moirai,0.38406291604042053
Sample 31,TimesFM,0.9201038479804993
Sample 31,Time-MoE,0.07989609986543655
Sample 0,TimesFM,0.7827110886573792
Sample 0,Moirai,0.21728894114494324
Sample 1,Moirai,0.5495725870132446
Sample 1,Timer,0.45042741298675537
Sample 2,Timer,0.6231793761253357
Sample 2,TimesFM,0.3768206238746643
Sample 3,Chronos,0.7458578944206238
Sample 3,Moirai,0.2541421055793762
Sample 4,Timer,0.9194173216819763
Sample 4,Moirai,0.08058267831802368
Sample 5,Chronos,0.9264281988143921
Sample 5,TimesFM,0.0735718235373497
Sample 6,Moirai,0.7080656290054321
Sample 6,Chronos,0.29193437099456787
Sample 7,TimesFM,0.6311770677566528
Sample 7,Time-MoE,0.36882296204566956
Sample 8,Moirai,0.6778929829597473
Sample 8,TimesFM,0.3221069872379303
Sample 9,Timer,0.587717592716217
Sample 9,Moirai,0.41228240728378296
Sample 10,Chronos,0.9539973139762878
Sample 10,Time-MoE,0.04600268974900246
Sample 11,Chronos,0.9544074535369873
Sample 11,Moirai,0.045592520385980606
Sample 12,TimesFM,0.8288183212280273
Sample 12,Chronos,0.17118169367313385
Sample 13,Timer,0.6404072642326355
Sample 13,Chronos,0.3595926761627197
Sample 14,Moirai,0.6437888145446777
Sample 14,Timer,0.35621124505996704
Sample 15,TimesFM,0.8437185883522034
Sample 15,Time-MoE,0.15628139674663544
Sample 16,Moirai,0.6056829690933228
Sample 16,TimesFM,0.39431703090667725
Sample 17,Chronos,0.6078377962112427
Sample 17,Timer,0.39216214418411255
Sample 18,TimesFM,0.7853982448577881
Sample 18,Timer,0.21460175514221191
Sample 19,Chronos,0.9778438210487366
Sample 19,Moirai,0.022156205028295517
Sample 20,TimesFM,0.5172436237335205
Sample 20,Chronos,0.4827563762664795
Sample 21,Chronos,0.6045697331428528
Sample 21,Moirai,0.3954302668571472
Sample 22,Moirai,0.5840407609939575
Sample 22,Timer,0.41595926880836487
Sample 23,TimesFM,0.9159255027770996
Sample 23,Time-MoE,0.0840744599699974
Sample 24,TimesFM,0.7526631355285645
Sample 24,Moirai,0.24733689427375793
Sample 25,Timer,0.5253044366836548
Sample 25,Chronos,0.4746955633163452
Sample 26,TimesFM,0.9186581969261169
Sample 26,Chronos,0.08134183287620544
Sample 27,Chronos,0.8224385976791382
Sample 27,Timer,0.17756138741970062
Sample 28,TimesFM,0.961438775062561
Sample 28,Time-MoE,0.03856118768453598
Sample 29,Chronos,0.8252947926521301
Sample 29,Timer,0.17470525205135345
Sample 30,Moirai,0.6060975193977356
Sample 30,Timer,0.39390242099761963
Sample 31,TimesFM,0.945880115032196
Sample 31,Time-MoE,0.05411980673670769
Sample 0,Moirai,0.9359034299850464
Sample 0,TimesFM,0.06409663707017899
Sample 1,Timer,0.5024040937423706
Sample 1,Moirai,0.4975959360599518
Sample 2,Timer,0.5907830595970154
Sample 2,Chronos,0.40921688079833984
Sample 3,Chronos,0.8412899374961853
Sample 3,Moirai,0.1587100774049759
Sample 4,Timer,0.8570631742477417
Sample 4,TimesFM,0.1429368406534195
Sample 5,Timer,0.5855962038040161
Sample 5,Moirai,0.4144037663936615
Sample 6,Timer,0.7221502065658569
Sample 6,Moirai,0.27784982323646545
Sample 7,TimesFM,0.88130784034729
Sample 7,Moirai,0.11869215220212936
Sample 8,Moirai,0.9769918322563171
Sample 8,Time-MoE,0.023008165881037712
Sample 9,Timer,0.5997926592826843
Sample 9,Moirai,0.40020737051963806
Sample 10,TimesFM,0.9686435461044312
Sample 10,Moirai,0.03135644271969795
Sample 11,Chronos,0.8626775741577148
Sample 11,Moirai,0.13732242584228516
Sample 12,Chronos,0.6328835487365723
Sample 12,TimesFM,0.36711642146110535
Sample 13,Moirai,0.5932989120483398
Sample 13,Chronos,0.40670105814933777
Sample 14,Chronos,0.5060432553291321
Sample 14,Moirai,0.49395671486854553
Sample 15,TimesFM,0.6805921792984009
Sample 15,Timer,0.3194078505039215
Sample 16,Moirai,0.9659436345100403
Sample 16,Time-MoE,0.03405633568763733
Sample 17,Timer,0.5917127132415771
Sample 17,Chronos,0.40828725695610046
Sample 18,Moirai,0.5591086745262146
Sample 18,Timer,0.440891295671463
Sample 19,Chronos,0.9729586243629456
Sample 19,Timer,0.027041427791118622
Sample 20,TimesFM,0.5772196650505066
Sample 20,Chronos,0.4227803349494934
Sample 21,Moirai,0.5450889468193054
Sample 21,Chronos,0.45491111278533936
Sample 22,Timer,0.5759938955307007
Sample 22,Moirai,0.4240061342716217
Sample 23,TimesFM,0.9351998567581177
Sample 23,Time-MoE,0.0648001879453659
Sample 24,Moirai,0.7626817226409912
Sample 24,TimesFM,0.2373182475566864
Sample 25,Timer,0.7240198254585266
Sample 25,Chronos,0.275980144739151
Sample 26,Moirai,0.5781847834587097
Sample 26,Timer,0.4218151569366455
Sample 27,Chronos,0.9224336743354797
Sample 27,Timer,0.07756631076335907
Sample 28,TimesFM,0.9088100790977478
Sample 28,Time-MoE,0.09118986129760742
Sample 29,Timer,0.5735664963722229
Sample 29,TimesFM,0.4264335036277771
Sample 30,Timer,0.7053910493850708
Sample 30,Moirai,0.2946089506149292
Sample 31,TimesFM,0.9094786047935486
Sample 31,Moirai,0.09052138775587082
Sample 0,TimesFM,0.835703432559967
Sample 0,Moirai,0.16429655253887177
Sample 1,Timer,0.5779117345809937
Sample 1,Moirai,0.42208826541900635
Sample 2,Timer,0.7667799592018127
Sample 2,Chronos,0.23322004079818726
Sample 3,Chronos,0.7506159543991089
Sample 3,Moirai,0.24938401579856873
Sample 4,TimesFM,0.884939432144165
Sample 4,Chronos,0.11506062000989914
Sample 5,Moirai,0.6108612418174744
Sample 5,Timer,0.38913872838020325
Sample 6,Moirai,0.7822151184082031
Sample 6,Timer,0.21778489649295807
Sample 7,TimesFM,0.8233980536460876
Sample 7,Time-MoE,0.17660191655158997
Sample 8,Moirai,0.6054137349128723
Sample 8,TimesFM,0.3945862650871277
Sample 9,Moirai,0.5972493290901184
Sample 9,Timer,0.4027506411075592
Sample 10,Timer,0.5990325212478638
Sample 10,Moirai,0.4009675085544586
Sample 11,Chronos,0.7650200128555298
Sample 11,Timer,0.23497995734214783
Sample 12,Time-MoE,0.5515804886817932
Sample 12,Chronos,0.4484195411205292
Sample 13,Chronos,0.9304436445236206
Sample 13,Timer,0.0695563405752182
Sample 14,TimesFM,0.905998170375824
Sample 14,Chronos,0.09400185942649841
Sample 15,TimesFM,0.736706018447876
Sample 15,Timer,0.26329392194747925
Sample 16,TimesFM,0.8808000683784485
Sample 16,Moirai,0.1191999539732933
Sample 17,Moirai,0.5774807333946228
Sample 17,Timer,0.4225192666053772
Sample 18,TimesFM,0.9537967443466187
Sample 18,Chronos,0.04620322585105896
Sample 19,Chronos,0.6116673350334167
Sample 19,Moirai,0.38833266496658325
Sample 20,Moirai,0.5997310876846313
Sample 20,Chronos,0.40026894211769104
Sample 21,Timer,0.5287668704986572
Sample 21,Moirai,0.4712331295013428
Sample 22,Timer,0.7512415647506714
Sample 22,Chronos,0.2487584501504898
Sample 23,TimesFM,0.9559361338615417
Sample 23,Time-MoE,0.04406384006142616
Sample 24,Moirai,0.9702562093734741
Sample 24,Time-MoE,0.029743818566203117
Sample 25,Moirai,0.6115439534187317
Sample 25,Timer,0.3884561061859131
Sample 26,TimesFM,0.8267719149589539
Sample 26,Moirai,0.17322814464569092
Sample 27,Moirai,0.5938493013381958
Sample 27,Chronos,0.4061506688594818
Sample 28,Moirai,0.6203616857528687
Sample 28,Chronos,0.3796382546424866
Sample 29,Timer,0.7003570199012756
Sample 29,Moirai,0.29964298009872437
Sample 30,Moirai,0.849047064781189
Sample 30,Time-MoE,0.15095290541648865
Sample 31,TimesFM,0.6114366054534912
Sample 31,Timer,0.3885633945465088
Sample 0,Moirai,0.9542528986930847
Sample 0,Chronos,0.04574710130691528
Sample 1,Timer,0.6595776677131653
Sample 1,Moirai,0.34042227268218994
Sample 2,TimesFM,0.8350694179534912
Sample 2,Moirai,0.1649305522441864
Sample 3,Chronos,0.9140928387641907
Sample 3,Timer,0.08590713143348694
Sample 4,Chronos,0.982923686504364
Sample 4,Timer,0.0170762799680233
Sample 5,Moirai,0.6862574815750122
Sample 5,Chronos,0.3137425184249878
Sample 6,Chronos,0.7089418172836304
Sample 6,Timer,0.291058212518692
Sample 7,TimesFM,0.9041523337364197
Sample 7,Timer,0.09584767371416092
Sample 8,Moirai,0.7964882850646973
Sample 8,TimesFM,0.2035117894411087
Sample 9,Timer,0.571686863899231
Sample 9,Moirai,0.4283131957054138
Sample 10,Timer,0.8888000845909119
Sample 10,Moirai,0.11119988560676575
Sample 11,Chronos,0.8465589880943298
Sample 11,Moirai,0.15344102680683136
Sample 12,TimesFM,0.6716347932815552
Sample 12,Chronos,0.32836517691612244
Sample 13,Moirai,0.5406074523925781
Sample 13,Timer,0.45939257740974426
Sample 14,Moirai,0.5479950308799744
Sample 14,Timer,0.45200493931770325
Sample 15,TimesFM,0.9517993927001953
Sample 15,Time-MoE,0.04820059984922409
Sample 0,Moirai,0.9369822144508362
Sample 0,TimesFM,0.06301778554916382
Sample 1,Timer,0.6718001365661621
Sample 1,Chronos,0.3281998336315155
Sample 2,Chronos,0.8689907193183899
Sample 2,Timer,0.1310092806816101
Sample 3,Chronos,0.8902612924575806
Sample 3,Moirai,0.10973875224590302
Sample 4,Timer,0.840070903301239
Sample 4,Chronos,0.1599290519952774
Sample 5,Timer,0.6601053476333618
Sample 5,Moirai,0.33989471197128296
Sample 6,Timer,0.537506103515625
Sample 6,Chronos,0.4624939262866974
Sample 7,TimesFM,0.9454151391983032
Sample 7,Time-MoE,0.054584842175245285
Sample 8,Moirai,0.9691920280456543
Sample 8,TimesFM,0.030808018520474434
Sample 9,Timer,0.6901757121086121
Sample 9,Chronos,0.30982428789138794
Sample 10,TimesFM,0.5843210220336914
Sample 10,Timer,0.4156789779663086
Sample 11,Chronos,0.7818153500556946
Sample 11,Moirai,0.21818462014198303
Sample 12,TimesFM,0.9702277183532715
Sample 12,Moirai,0.029772350564599037
Sample 13,Moirai,0.5186983942985535
Sample 13,Chronos,0.4813016355037689
Sample 14,Timer,0.6930165886878967
Sample 14,Moirai,0.30698347091674805
Sample 15,TimesFM,0.9652136564254761
Sample 15,Time-MoE,0.0347863994538784
Sample 16,Moirai,0.8814135193824768
Sample 16,TimesFM,0.1185864582657814
Sample 17,Moirai,0.575536847114563
Sample 17,Timer,0.4244631826877594
Sample 18,TimesFM,0.6109470725059509
Sample 18,Chronos,0.3890529274940491
Sample 19,Chronos,0.7755791544914246
Sample 19,Moirai,0.22442087531089783
Sample 20,Moirai,0.6097667217254639
Sample 20,Chronos,0.39023324847221375
Sample 21,Chronos,0.8478110432624817
Sample 21,Moirai,0.1521889865398407
Sample 22,Chronos,0.7800356149673462
Sample 22,TimesFM,0.2199644148349762
Sample 23,Timer,0.6781243681907654
Sample 23,TimesFM,0.32187560200691223
Sample 24,TimesFM,0.580031156539917
Sample 24,Moirai,0.4199688732624054
Sample 25,Timer,0.6312199831008911
Sample 25,Chronos,0.3687799870967865
Sample 26,Moirai,0.8490725159645081
Sample 26,Timer,0.15092748403549194
Sample 27,Chronos,0.6608672738075256
Sample 27,Moirai,0.339132696390152
Sample 28,Chronos,0.9296326637268066
Sample 28,Timer,0.07036740332841873
Sample 29,Moirai,0.5431474447250366
Sample 29,Timer,0.456852525472641
Sample 30,Moirai,0.8731425404548645
Sample 30,Timer,0.1268574744462967
Sample 31,TimesFM,0.883059024810791
Sample 31,Time-MoE,0.11694097518920898
Sample 0,TimesFM,0.8671405911445618
Sample 0,Moirai,0.13285942375659943
Sample 1,Moirai,0.5980347394943237
Sample 1,Timer,0.40196532011032104
Sample 2,Chronos,0.7427486777305603
Sample 2,TimesFM,0.2572513818740845
Sample 3,Chronos,0.8642513751983643
Sample 3,Timer,0.13574858009815216
Sample 4,Chronos,0.641623854637146
Sample 4,TimesFM,0.3583761751651764
Sample 5,Moirai,0.5992702841758728
Sample 5,Timer,0.4007296860218048
Sample 6,Timer,0.7743831872940063
Sample 6,TimesFM,0.22561679780483246
Sample 7,TimesFM,0.9469147324562073
Sample 7,Time-MoE,0.05308529734611511
Sample 8,Moirai,0.9803613424301147
Sample 8,Time-MoE,0.01963859423995018
Sample 9,Moirai,0.6359319090843201
Sample 9,Timer,0.36406806111335754
Sample 10,Moirai,0.7477471828460693
Sample 10,TimesFM,0.2522527575492859
Sample 11,Chronos,0.7674928903579712
Sample 11,TimesFM,0.2325071394443512
Sample 12,Chronos,0.620478630065918
Sample 12,Timer,0.37952134013175964
Sample 13,Moirai,0.7058563232421875
Sample 13,Chronos,0.2941436469554901
Sample 14,Timer,0.729800820350647
Sample 14,Chronos,0.27019914984703064
Sample 15,TimesFM,0.8686750531196594
Sample 15,Moirai,0.13132496178150177
Sample 16,Moirai,0.9736950993537903
Sample 16,Time-MoE,0.02630492113530636
Sample 17,Moirai,0.5066490173339844
Sample 17,Timer,0.4933509826660156
Sample 18,TimesFM,0.8784193396568298
Sample 18,Time-MoE,0.12158063799142838
Sample 19,Chronos,0.7273613810539246
Sample 19,Moirai,0.27263855934143066
Sample 20,Timer,0.6582197546958923
Sample 20,Moirai,0.34178027510643005
Sample 21,Moirai,0.6492268443107605
Sample 21,Timer,0.3507731556892395
Sample 22,Timer,0.8408244848251343
Sample 22,Chronos,0.1591755598783493
Sample 23,TimesFM,0.8885082602500916
Sample 23,Chronos,0.11149174720048904
Sample 24,Moirai,0.9667513966560364
Sample 24,Chronos,0.0332486554980278
Sample 25,Timer,0.6525315642356873
Sample 25,Chronos,0.34746846556663513
Sample 26,Moirai,0.5999271869659424
Sample 26,Timer,0.40007284283638
Sample 27,Chronos,0.9618597626686096
Sample 27,Moirai,0.038140274584293365
Sample 28,TimesFM,0.5795556902885437
Sample 28,Chronos,0.4204443097114563
Sample 29,Moirai,0.6399872899055481
Sample 29,Chronos,0.36001265048980713
Sample 30,Timer,0.6368502378463745
Sample 30,Chronos,0.3631497919559479
Sample 31,TimesFM,0.9272879958152771
Sample 31,Time-MoE,0.07271196693181992
Sample 0,TimesFM,0.5956743359565735
Sample 0,Moirai,0.4043256640434265
Sample 1,Moirai,0.6244555711746216
Sample 1,Timer,0.37554436922073364
Sample 2,Moirai,0.8021190166473389
Sample 2,Chronos,0.19788099825382233
Sample 3,Chronos,0.817547082901001
Sample 3,Moirai,0.18245293200016022
Sample 4,TimesFM,0.6629058122634888
Sample 4,Time-MoE,0.33709415793418884
Sample 5,Timer,0.681398332118988
Sample 5,Moirai,0.3186016082763672
Sample 6,Chronos,0.5432875752449036
Sample 6,Timer,0.4567124545574188
Sample 7,TimesFM,0.8305533528327942
Sample 7,Time-MoE,0.1694466769695282
Sample 8,Moirai,0.5960565805435181
Sample 8,TimesFM,0.40394338965415955
Sample 9,Timer,0.6323601007461548
Sample 9,Moirai,0.36763995885849
Sample 10,Timer,0.5766004323959351
Sample 10,Chronos,0.42339953780174255
Sample 11,Chronos,0.9910684823989868
Sample 11,Timer,0.008931456133723259
Sample 12,TimesFM,0.6140345931053162
Sample 12,Chronos,0.38596534729003906
Sample 13,Moirai,0.5536173582077026
Sample 13,Chronos,0.44638264179229736
Sample 14,Timer,0.9008212685585022
Sample 14,Moirai,0.0991787537932396
Sample 15,TimesFM,0.8884312510490417
Sample 15,Time-MoE,0.11156875640153885
Sample 16,Moirai,0.9296467304229736
Sample 16,Timer,0.07035323232412338
Sample 17,Timer,0.7286741733551025
Sample 17,Chronos,0.27132582664489746
Sample 18,TimesFM,0.9654935598373413
Sample 18,Timer,0.03450644388794899
Sample 19,Moirai,0.7531653046607971
Sample 19,Timer,0.24683469533920288
Sample 20,Chronos,0.6328166723251343
Sample 20,TimesFM,0.3671833276748657
Sample 21,Moirai,0.6684191226959229
Sample 21,Timer,0.33158084750175476
Sample 22,Timer,0.7094120979309082
Sample 22,Moirai,0.2905879020690918
Sample 23,Chronos,0.5041389465332031
Sample 23,Timer,0.49586108326911926
Sample 24,TimesFM,0.8329212665557861
Sample 24,Moirai,0.16707874834537506
Sample 25,Timer,0.5446166396141052
Sample 25,Chronos,0.4553833603858948
Sample 26,TimesFM,0.9626654386520386
Sample 26,Timer,0.03733450546860695
Sample 27,Chronos,0.9939320087432861
Sample 27,Time-MoE,0.006067963782697916
Sample 28,TimesFM,0.5374006032943726
Sample 28,Chronos,0.46259942650794983
Sample 29,Chronos,0.712742269039154
Sample 29,Moirai,0.28725770115852356
Sample 30,Timer,0.5986436009407043
Sample 30,Moirai,0.40135639905929565
Sample 31,TimesFM,0.9234969019889832
Sample 31,Time-MoE,0.07650306075811386
Sample 0,TimesFM,0.7735303640365601
Sample 0,Moirai,0.22646963596343994
Sample 1,Moirai,0.5573480129241943
Sample 1,Timer,0.4426519572734833
Sample 2,Timer,0.6307209134101868
Sample 2,TimesFM,0.3692791163921356
Sample 3,Chronos,0.767289400100708
Sample 3,Moirai,0.2327105700969696
Sample 4,Timer,0.92196124792099
Sample 4,Moirai,0.07803875207901001
Sample 5,Chronos,0.9389007687568665
Sample 5,TimesFM,0.061099179089069366
Sample 6,Moirai,0.6842277646064758
Sample 6,Chronos,0.3157722055912018
Sample 7,TimesFM,0.6341313719749451
Sample 7,Moirai,0.36586859822273254
Sample 8,Moirai,0.6851361989974976
Sample 8,TimesFM,0.31486383080482483
Sample 9,Timer,0.5824872851371765
Sample 9,Moirai,0.4175127148628235
Sample 10,Chronos,0.9540045857429504
Sample 10,Time-MoE,0.04599544033408165
Sample 11,Chronos,0.959708571434021
Sample 11,Moirai,0.040291473269462585
Sample 12,TimesFM,0.8097798228263855
Sample 12,Chronos,0.1902201622724533
Sample 13,Timer,0.61370849609375
Sample 13,Chronos,0.3862914741039276
Sample 14,Moirai,0.6502839922904968
Sample 14,Timer,0.34971603751182556
Sample 15,TimesFM,0.8519377708435059
Sample 15,Time-MoE,0.14806224405765533
Sample 16,Moirai,0.6224953532218933
Sample 16,TimesFM,0.3775046169757843
Sample 17,Chronos,0.6208070516586304
Sample 17,Timer,0.37919291853904724
Sample 18,TimesFM,0.7748187780380249
Sample 18,Timer,0.2251812070608139
Sample 19,Chronos,0.9797770380973816
Sample 19,Moirai,0.020223015919327736
Sample 20,Chronos,0.5115125775337219
Sample 20,TimesFM,0.48848745226860046
Sample 21,Chronos,0.6280320286750793
Sample 21,Moirai,0.37196797132492065
Sample 22,Moirai,0.5853134393692017
Sample 22,Timer,0.4146865904331207
Sample 23,TimesFM,0.920516312122345
Sample 23,Time-MoE,0.07948368042707443
Sample 24,TimesFM,0.733063280582428
Sample 24,Moirai,0.26693668961524963
Sample 25,Chronos,0.5065403580665588
Sample 25,Timer,0.4934596121311188
Sample 26,TimesFM,0.9131543040275574
Sample 26,Chronos,0.08684574067592621
Sample 27,Chronos,0.8407121896743774
Sample 27,Timer,0.15928775072097778
Sample 28,TimesFM,0.9612606167793274
Sample 28,Time-MoE,0.03873937577009201
Sample 29,Chronos,0.8429690003395081
Sample 29,Timer,0.15703095495700836
Sample 30,Moirai,0.6154710054397583
Sample 30,Timer,0.3845289945602417
Sample 31,TimesFM,0.9474565386772156
Sample 31,Time-MoE,0.05254341661930084
Sample 0,Moirai,0.9380496144294739
Sample 0,TimesFM,0.061950404196977615
Sample 1,Timer,0.5091460347175598
Sample 1,Moirai,0.4908539652824402
Sample 2,Timer,0.587693989276886
Sample 2,Chronos,0.41230595111846924
Sample 3,Chronos,0.8599886298179626
Sample 3,Moirai,0.14001137018203735
Sample 4,Timer,0.8610149621963501
Sample 4,Chronos,0.1389850229024887
Sample 5,Timer,0.5862202644348145
Sample 5,Moirai,0.41377973556518555
Sample 6,Timer,0.7302771210670471
Sample 6,Moirai,0.2697228491306305
Sample 7,TimesFM,0.8758787512779236
Sample 7,Moirai,0.12412123382091522
Sample 8,Moirai,0.9778391122817993
Sample 8,Time-MoE,0.022160878404974937
Sample 9,Timer,0.6086106300354004
Sample 9,Moirai,0.3913893401622772
Sample 10,TimesFM,0.9708021283149719
Sample 10,Moirai,0.029197873547673225
Sample 11,Chronos,0.8718147277832031
Sample 11,Moirai,0.12818525731563568
Sample 12,Chronos,0.6759746074676514
Sample 12,TimesFM,0.324025422334671
Sample 13,Moirai,0.5805002450942993
Sample 13,Chronos,0.4194997251033783
Sample 14,Chronos,0.5203319787979126
Sample 14,Timer,0.479667991399765
Sample 15,TimesFM,0.6907495260238647
Sample 15,Timer,0.30925044417381287
Sample 16,Moirai,0.966397225856781
Sample 16,Time-MoE,0.0336027592420578
Sample 17,Timer,0.5671126246452332
Sample 17,Chronos,0.43288737535476685
Sample 18,Moirai,0.5457161068916321
Sample 18,Timer,0.4542839229106903
Sample 19,Chronos,0.9754911065101624
Sample 19,Timer,0.024508919566869736
Sample 20,TimesFM,0.5494349002838135
Sample 20,Chronos,0.4505650997161865
Sample 21,Moirai,0.5126861929893494
Sample 21,Chronos,0.48731380701065063
Sample 22,Timer,0.5898211598396301
Sample 22,Moirai,0.4101788401603699
Sample 23,TimesFM,0.9405825734138489
Sample 23,Time-MoE,0.059417467564344406
Sample 24,Moirai,0.7668850421905518
Sample 24,TimesFM,0.23311498761177063
Sample 25,Timer,0.7081371545791626
Sample 25,Chronos,0.291862815618515
Sample 26,Moirai,0.5842911005020142
Sample 26,Timer,0.4157089293003082
Sample 27,Chronos,0.9299670457839966
Sample 27,Timer,0.07003291696310043
Sample 28,TimesFM,0.9138004779815674
Sample 28,Time-MoE,0.08619952946901321
Sample 29,Timer,0.5336743593215942
Sample 29,TimesFM,0.46632564067840576
Sample 30,Timer,0.7072674632072449
Sample 30,Moirai,0.2927325367927551
Sample 31,TimesFM,0.9038399457931519
Sample 31,Moirai,0.09616009891033173
Sample 0,TimesFM,0.8232024908065796
Sample 0,Moirai,0.17679749429225922
Sample 1,Timer,0.5978072881698608
Sample 1,Moirai,0.40219274163246155
Sample 2,Timer,0.7728382349014282
Sample 2,Chronos,0.22716176509857178
Sample 3,Chronos,0.7811298370361328
Sample 3,Moirai,0.2188701182603836
Sample 4,TimesFM,0.872967541217804
Sample 4,Chronos,0.12703241407871246
Sample 5,Moirai,0.5959077477455139
Sample 5,Timer,0.40409228205680847
Sample 6,Moirai,0.7729468941688538
Sample 6,Timer,0.22705307602882385
Sample 7,TimesFM,0.8301234245300293
Sample 7,Time-MoE,0.16987663507461548
Sample 8,Moirai,0.6040555238723755
Sample 8,TimesFM,0.3959444761276245
Sample 9,Moirai,0.5798336267471313
Sample 9,Timer,0.42016637325286865
Sample 10,Timer,0.6141350269317627
Sample 10,Moirai,0.3858649432659149
Sample 11,Chronos,0.7729779481887817
Sample 11,Timer,0.22702206671237946
Sample 12,Time-MoE,0.5636789202690125
Sample 12,Chronos,0.43632107973098755
Sample 13,Chronos,0.9286453723907471
Sample 13,Timer,0.07135459035634995
Sample 14,TimesFM,0.9043468236923218
Sample 14,Time-MoE,0.09565314650535583
Sample 15,TimesFM,0.7355933785438538
Sample 15,Timer,0.26440659165382385
Sample 16,TimesFM,0.8693323135375977
Sample 16,Moirai,0.13066771626472473
Sample 17,Moirai,0.5621253252029419
Sample 17,Timer,0.4378746747970581
Sample 18,TimesFM,0.9522401094436646
Sample 18,Chronos,0.04775992035865784
Sample 19,Chronos,0.6498091816902161
Sample 19,Moirai,0.35019075870513916
Sample 20,Moirai,0.5686113834381104
Sample 20,Chronos,0.43138864636421204
Sample 21,Timer,0.5414273738861084
Sample 21,Moirai,0.4585726857185364
Sample 22,Timer,0.749643087387085
Sample 22,Chronos,0.25035691261291504
Sample 23,TimesFM,0.9577110409736633
Sample 23,Time-MoE,0.04228895530104637
Sample 24,Moirai,0.9701094031333923
Sample 24,TimesFM,0.029890520498156548
Sample 25,Moirai,0.5965187549591064
Sample 25,Timer,0.40348127484321594
Sample 26,TimesFM,0.8284681439399719
Sample 26,Moirai,0.1715318262577057
Sample 27,Moirai,0.5529102087020874
Sample 27,Chronos,0.4470897316932678
Sample 28,Moirai,0.6024473905563354
Sample 28,Chronos,0.39755260944366455
Sample 29,Timer,0.7276455760002136
Sample 29,Chronos,0.27235445380210876
Sample 30,Moirai,0.8505871891975403
Sample 30,Time-MoE,0.14941279590129852
Sample 31,TimesFM,0.5878028273582458
Sample 31,Timer,0.41219714283943176
Sample 0,Moirai,0.9486463069915771
Sample 0,Chronos,0.051353685557842255
Sample 1,Timer,0.6563294529914856
Sample 1,Chronos,0.343670517206192
Sample 2,TimesFM,0.857681393623352
Sample 2,Moirai,0.14231859147548676
Sample 3,Chronos,0.9194566011428833
Sample 3,Timer,0.08054344356060028
Sample 4,Chronos,0.982909083366394
Sample 4,Timer,0.01709093153476715
Sample 5,Moirai,0.6599476337432861
Sample 5,Chronos,0.34005239605903625
Sample 6,Chronos,0.7043971419334412
Sample 6,Timer,0.29560279846191406
Sample 7,TimesFM,0.8983019590377808
Sample 7,Timer,0.10169798880815506
Sample 8,Moirai,0.797614336013794
Sample 8,TimesFM,0.20238564908504486
Sample 9,Timer,0.5970471501350403
Sample 9,Moirai,0.40295282006263733
Sample 10,Timer,0.8920678496360779
Sample 10,Time-MoE,0.10793212801218033
Sample 11,Chronos,0.8659389615058899
Sample 11,Moirai,0.1340610235929489
Sample 12,TimesFM,0.6499452590942383
Sample 12,Chronos,0.35005471110343933
Sample 13,Moirai,0.5158159732818604
Sample 13,Timer,0.48418405652046204
Sample 14,Moirai,0.5314549803733826
Sample 14,Timer,0.46854496002197266
Sample 15,TimesFM,0.9542886018753052
Sample 15,Time-MoE,0.045711372047662735
Sample 0,Moirai,0.9378234148025513
Sample 0,TimesFM,0.06217661127448082
Sample 1,Timer,0.6784853339195251
Sample 1,Chronos,0.32151466608047485
Sample 2,Chronos,0.8585103750228882
Sample 2,Timer,0.14148958027362823
Sample 3,Chronos,0.9033571481704712
Sample 3,Moirai,0.0966428741812706
Sample 4,Timer,0.8511462211608887
Sample 4,Chronos,0.14885376393795013
Sample 5,Timer,0.682645857334137
Sample 5,Chronos,0.31735414266586304
Sample 6,Timer,0.5378297567367554
Sample 6,Chronos,0.46217024326324463
Sample 7,TimesFM,0.9485133290290833
Sample 7,Time-MoE,0.051486700773239136
Sample 8,Moirai,0.9679883122444153
Sample 8,TimesFM,0.03201166167855263
Sample 9,Timer,0.6949412226676941
Sample 9,Chronos,0.30505871772766113
Sample 10,TimesFM,0.6377196907997131
Sample 10,Timer,0.36228030920028687
Sample 11,Chronos,0.8025141954421997
Sample 11,Moirai,0.1974858194589615
Sample 12,TimesFM,0.9656571745872498
Sample 12,Moirai,0.03434286639094353
Sample 13,Chronos,0.512695848941803
Sample 13,Moirai,0.4873041808605194
Sample 14,Timer,0.714583158493042
Sample 14,Moirai,0.2854168713092804
Sample 15,TimesFM,0.9668046236038208
Sample 15,Time-MoE,0.03319539874792099
Sample 16,Moirai,0.883359432220459
Sample 16,TimesFM,0.11664056032896042
Sample 17,Moirai,0.5477191805839539
Sample 17,Timer,0.45228081941604614
Sample 18,TimesFM,0.6050933003425598
Sample 18,Chronos,0.3949067294597626
Sample 19,Chronos,0.7995525598526001
Sample 19,Moirai,0.20044748485088348
Sample 20,Moirai,0.5806518197059631
Sample 20,Chronos,0.4193481504917145
Sample 21,Chronos,0.8637909889221191
Sample 21,Moirai,0.13620901107788086
Sample 22,Chronos,0.779417097568512
Sample 22,Timer,0.22058291733264923
Sample 23,Timer,0.6880539059638977
Sample 23,TimesFM,0.3119461238384247
Sample 24,TimesFM,0.5540000796318054
Sample 24,Moirai,0.44599997997283936
Sample 25,Timer,0.6340125799179077
Sample 25,Chronos,0.3659874498844147
Sample 26,Moirai,0.8465238809585571
Sample 26,Timer,0.15347613394260406
Sample 27,Chronos,0.6669908761978149
Sample 27,Timer,0.33300909399986267
Sample 28,Chronos,0.9304987192153931
Sample 28,Timer,0.06950131803750992
Sample 29,Moirai,0.5146376490592957
Sample 29,Timer,0.48536238074302673
Sample 30,Moirai,0.8667005896568298
Sample 30,Timer,0.13329938054084778
Sample 31,TimesFM,0.8888013958930969
Sample 31,Time-MoE,0.11119858920574188
Sample 0,TimesFM,0.8530368804931641
Sample 0,Moirai,0.14696314930915833
Sample 1,Moirai,0.5730220079421997
Sample 1,Timer,0.4269780218601227
Sample 2,Chronos,0.7502477169036865
Sample 2,TimesFM,0.24975226819515228
Sample 3,Chronos,0.8601334691047668
Sample 3,Timer,0.13986654579639435
Sample 4,Chronos,0.6398606896400452
Sample 4,Time-MoE,0.36013928055763245
Sample 5,Moirai,0.5770080089569092
Sample 5,Timer,0.4229920506477356
Sample 6,Timer,0.782778799533844
Sample 6,TimesFM,0.2172212302684784
Sample 7,TimesFM,0.9501388669013977
Sample 7,Time-MoE,0.04986107721924782
Sample 8,Moirai,0.9794229865074158
Sample 8,Time-MoE,0.020577017217874527
Sample 9,Moirai,0.6109209656715393
Sample 9,Timer,0.3890790641307831
Sample 10,Moirai,0.7078128457069397
Sample 10,TimesFM,0.2921871542930603
Sample 11,Chronos,0.7663055062294006
Sample 11,TimesFM,0.2336944341659546
Sample 12,Chronos,0.5988191366195679
Sample 12,Timer,0.40118083357810974
Sample 13,Moirai,0.687497079372406
Sample 13,Timer,0.312502920627594
Sample 14,Timer,0.7435393929481506
Sample 14,Chronos,0.2564605474472046
Sample 15,TimesFM,0.8627039790153503
Sample 15,Moirai,0.13729606568813324
Sample 16,Moirai,0.9763568639755249
Sample 16,Time-MoE,0.02364320307970047
Sample 17,Timer,0.5215115547180176
Sample 17,Moirai,0.4784885048866272
Sample 18,TimesFM,0.8833529949188232
Sample 18,Time-MoE,0.11664699018001556
Sample 19,Chronos,0.7286872863769531
Sample 19,Timer,0.2713126838207245
Sample 20,Timer,0.6746384501457214
Sample 20,Moirai,0.3253615200519562
Sample 21,Moirai,0.6256358027458191
Sample 21,Timer,0.3743641972541809
Sample 22,Timer,0.8543043732643127
Sample 22,Chronos,0.14569558203220367
Sample 23,TimesFM,0.8763996362686157
Sample 23,Chronos,0.12360038608312607
Sample 24,Moirai,0.9651883244514465
Sample 24,Chronos,0.03481169790029526
Sample 25,Timer,0.6653900146484375
Sample 25,Chronos,0.3346099257469177
Sample 26,Moirai,0.5860245227813721
Sample 26,Timer,0.41397544741630554
Sample 27,Chronos,0.9654594659805298
Sample 27,Moirai,0.03454049304127693
Sample 28,TimesFM,0.5348322987556458
Sample 28,Chronos,0.46516770124435425
Sample 29,Moirai,0.6264268159866333
Sample 29,Chronos,0.3735732138156891
Sample 30,Timer,0.649211049079895
Sample 30,Chronos,0.3507888913154602
Sample 31,TimesFM,0.9317557215690613
Sample 31,Time-MoE,0.06824423372745514
Sample 0,TimesFM,0.5829747319221497
Sample 0,Moirai,0.41702523827552795
Sample 1,Moirai,0.6008892059326172
Sample 1,Timer,0.3991108238697052
Sample 2,Moirai,0.7989014983177185
Sample 2,Chronos,0.2010985016822815
Sample 3,Chronos,0.8323007822036743
Sample 3,Moirai,0.16769927740097046
Sample 4,TimesFM,0.671795666217804
Sample 4,Time-MoE,0.32820436358451843
Sample 5,Timer,0.7021671533584595
Sample 5,Moirai,0.29783281683921814
Sample 6,Chronos,0.5260378122329712
Sample 6,Timer,0.4739621579647064
Sample 7,TimesFM,0.8306295871734619
Sample 7,Moirai,0.1693703830242157
Sample 8,Moirai,0.6279502511024475
Sample 8,TimesFM,0.3720497786998749
Sample 9,Timer,0.6565880179405212
Sample 9,Moirai,0.34341201186180115
Sample 10,Timer,0.5897079706192017
Sample 10,Chronos,0.41029196977615356
Sample 11,Chronos,0.9905273914337158
Sample 11,Timer,0.009472603909671307
Sample 12,TimesFM,0.5679267644882202
Sample 12,Chronos,0.432073175907135
Sample 13,Moirai,0.5386160612106323
Sample 13,Chronos,0.46138396859169006
Sample 14,Timer,0.9131537079811096
Sample 14,Moirai,0.08684629201889038
Sample 15,TimesFM,0.8923470377922058
Sample 15,Timer,0.10765304416418076
Sample 16,Moirai,0.925719678401947
Sample 16,Timer,0.07428029179573059
Sample 17,Timer,0.7452662587165833
Sample 17,Chronos,0.25473377108573914
Sample 18,TimesFM,0.9651306867599487
Sample 18,Timer,0.034869324415922165
Sample 19,Moirai,0.7496076822280884
Sample 19,Timer,0.25039228796958923
Sample 20,Chronos,0.6729608178138733
Sample 20,TimesFM,0.3270391821861267
Sample 21,Moirai,0.6555906534194946
Sample 21,Timer,0.34440937638282776
Sample 22,Timer,0.7419324517250061
Sample 22,Chronos,0.2580675780773163
Sample 23,Chronos,0.5104381442070007
Sample 23,Timer,0.48956188559532166
Sample 24,TimesFM,0.8086057901382446
Sample 24,Moirai,0.19139423966407776
Sample 25,Timer,0.560464084148407
Sample 25,Chronos,0.4395359754562378
Sample 26,TimesFM,0.9664976596832275
Sample 26,Timer,0.03350238874554634
Sample 27,Chronos,0.9932998418807983
Sample 27,Time-MoE,0.006700130179524422
Sample 28,Chronos,0.5057266354560852
Sample 28,TimesFM,0.4942733943462372
Sample 29,Chronos,0.7219322919845581
Sample 29,Moirai,0.2780676782131195
Sample 30,Timer,0.6268216967582703
Sample 30,Moirai,0.3731783330440521
Sample 31,TimesFM,0.9264999032020569
Sample 31,Time-MoE,0.0735001489520073
Sample 0,TimesFM,0.7561541795730591
Sample 0,Moirai,0.24384580552577972
Sample 1,Moirai,0.537754476070404
Sample 1,Timer,0.46224555373191833
Sample 2,Timer,0.6399855613708496
Sample 2,TimesFM,0.360014408826828
Sample 3,Chronos,0.7782501578330994
Sample 3,Moirai,0.22174987196922302
Sample 4,Timer,0.9140944480895996
Sample 4,Time-MoE,0.08590556681156158
Sample 5,Chronos,0.9408771991729736
Sample 5,Timer,0.059122852981090546
Sample 6,Moirai,0.664796769618988
Sample 6,Chronos,0.33520326018333435
Sample 7,TimesFM,0.6326100826263428
Sample 7,Moirai,0.367389976978302
Sample 8,Moirai,0.6989039182662964
Sample 8,TimesFM,0.3010960519313812
Sample 9,Timer,0.6029865145683289
Sample 9,Moirai,0.39701348543167114
Sample 10,Chronos,0.9551703929901123
Sample 10,Time-MoE,0.04482962563633919
Sample 11,Chronos,0.9631951451301575
Sample 11,Moirai,0.036804839968681335
Sample 12,TimesFM,0.7830247282981873
Sample 12,Chronos,0.21697530150413513
Sample 13,Timer,0.6257715821266174
Sample 13,Chronos,0.37422844767570496
Sample 14,Moirai,0.63653564453125
Sample 14,Timer,0.3634643852710724
Sample 15,TimesFM,0.8540981411933899
Sample 15,Chronos,0.1459018588066101
Sample 16,Moirai,0.643221378326416
Sample 16,TimesFM,0.356778621673584
Sample 17,Chronos,0.5974833369255066
Sample 17,Timer,0.4025166630744934
Sample 18,TimesFM,0.7629261612892151
Sample 18,Timer,0.2370738685131073
Sample 19,Chronos,0.9807294011116028
Sample 19,Moirai,0.019270556047558784
Sample 20,Chronos,0.557629406452179
Sample 20,TimesFM,0.44237059354782104
Sample 21,Chronos,0.6361944675445557
Sample 21,Timer,0.3638055622577667
Sample 22,Moirai,0.5697914958000183
Sample 22,Timer,0.4302085340023041
Sample 23,TimesFM,0.918412983417511
Sample 23,Timer,0.08158699423074722
Sample 24,TimesFM,0.6964747905731201
Sample 24,Moirai,0.3035251796245575
Sample 25,Timer,0.502692461013794
Sample 25,Chronos,0.49730750918388367
Sample 26,TimesFM,0.9045185446739197
Sample 26,Chronos,0.09548144787549973
Sample 27,Chronos,0.8394824266433716
Sample 27,Timer,0.16051752865314484
Sample 28,TimesFM,0.9602953195571899
Sample 28,Chronos,0.039704639464616776
Sample 29,Chronos,0.8428992033004761
Sample 29,Timer,0.15710075199604034
Sample 30,Moirai,0.5975288152694702
Sample 30,Timer,0.4024711847305298
Sample 31,TimesFM,0.9492554068565369
Sample 31,Time-MoE,0.05074460804462433
Sample 0,Moirai,0.9413041472434998
Sample 0,TimesFM,0.05869581922888756
Sample 1,Timer,0.5200986862182617
Sample 1,Moirai,0.47990137338638306
Sample 2,Timer,0.6074235439300537
Sample 2,Chronos,0.3925764858722687
Sample 3,Chronos,0.8642438054084778
Sample 3,Moirai,0.13575619459152222
Sample 4,Timer,0.8747138381004333
Sample 4,Moirai,0.12528616189956665
Sample 5,Timer,0.593665361404419
Sample 5,Moirai,0.40633466839790344
Sample 6,Timer,0.7411604523658752
Sample 6,Moirai,0.25883951783180237
Sample 7,TimesFM,0.8673879504203796
Sample 7,Moirai,0.1326119750738144
Sample 8,Moirai,0.9785048961639404
Sample 8,Time-MoE,0.0214951504021883
Sample 9,Timer,0.6199846267700195
Sample 9,Moirai,0.38001540303230286
Sample 10,TimesFM,0.9727924466133118
Sample 10,Moirai,0.027207624167203903
Sample 11,Chronos,0.8656627535820007
Sample 11,Time-MoE,0.13433723151683807
Sample 12,Chronos,0.6841830015182495
Sample 12,TimesFM,0.3158169686794281
Sample 13,Moirai,0.5987343192100525
Sample 13,Chronos,0.4012656509876251
Sample 14,Chronos,0.5021412968635559
Sample 14,Timer,0.4978587031364441
Sample 15,TimesFM,0.6967452764511108
Sample 15,Timer,0.30325478315353394
Sample 16,Moirai,0.9664915204048157
Sample 16,Time-MoE,0.03350851684808731
Sample 17,Timer,0.5757895112037659
Sample 17,Chronos,0.42421048879623413
Sample 18,Moirai,0.5256804823875427
Sample 18,Timer,0.47431957721710205
Sample 19,Chronos,0.976597249507904
Sample 19,Timer,0.023402808234095573
Sample 20,Chronos,0.5056966543197632
Sample 20,TimesFM,0.4943033456802368
Sample 21,Moirai,0.5085676908493042
Sample 21,Chronos,0.4914323687553406
Sample 22,Timer,0.6067741513252258
Sample 22,Moirai,0.39322587847709656
Sample 23,TimesFM,0.9452617168426514
Sample 23,Time-MoE,0.054738327860832214
Sample 24,Moirai,0.7809053659439087
Sample 24,TimesFM,0.2190946638584137
Sample 25,Timer,0.7218270301818848
Sample 25,Chronos,0.2781729996204376
Sample 26,Moirai,0.592803418636322
Sample 26,Timer,0.4071965515613556
Sample 27,Chronos,0.9297782182693481
Sample 27,Timer,0.07022177428007126
Sample 28,TimesFM,0.9187513589859009
Sample 28,Time-MoE,0.08124856650829315
Sample 29,TimesFM,0.5165700316429138
Sample 29,Timer,0.4834299683570862
Sample 30,Timer,0.712842583656311
Sample 30,Moirai,0.28715744614601135
Sample 31,TimesFM,0.8951027989387512
Sample 31,Moirai,0.10489723831415176
Sample 0,TimesFM,0.8051156401634216
Sample 0,Moirai,0.19488433003425598
Sample 1,Timer,0.6074056029319763
Sample 1,Moirai,0.39259442687034607
Sample 2,Timer,0.7671983242034912
Sample 2,Time-MoE,0.23280169069766998
Sample 3,Chronos,0.7899219989776611
Sample 3,Moirai,0.21007807552814484
Sample 4,TimesFM,0.8584351539611816
Sample 4,Chronos,0.14156484603881836
Sample 5,Moirai,0.5888643860816956
Sample 5,Timer,0.41113561391830444
Sample 6,Moirai,0.749721348285675
Sample 6,TimesFM,0.25027865171432495
Sample 7,TimesFM,0.8362963199615479
Sample 7,Time-MoE,0.16370369493961334
Sample 8,Moirai,0.6122110486030579
Sample 8,TimesFM,0.38778895139694214
Sample 9,Moirai,0.5721597075462341
Sample 9,Timer,0.42784029245376587
Sample 10,Timer,0.6281481981277466
Sample 10,Moirai,0.3718518316745758
Sample 11,Chronos,0.7680541276931763
Sample 11,Timer,0.23194585740566254
Sample 12,Time-MoE,0.5752965807914734
Sample 12,Chronos,0.424703449010849
Sample 13,Chronos,0.9284173250198364
Sample 13,Timer,0.07158263772726059
Sample 14,TimesFM,0.9058810472488403
Sample 14,Timer,0.09411890804767609
Sample 15,TimesFM,0.7311703562736511
Sample 15,Timer,0.2688295841217041
Sample 16,TimesFM,0.8529070019721985
Sample 16,Moirai,0.1470930576324463
Sample 17,Moirai,0.556236207485199
Sample 17,Timer,0.4437638521194458
Sample 18,TimesFM,0.9495638012886047
Sample 18,Chronos,0.050436217337846756
Sample 19,Chronos,0.6599063277244568
Sample 19,Moirai,0.3400937020778656
Sample 20,Moirai,0.5529070496559143
Sample 20,Chronos,0.4470929503440857
Sample 21,Timer,0.5459936261177063
Sample 21,Moirai,0.4540063440799713
Sample 22,Timer,0.7588425874710083
Sample 22,Chronos,0.2411573827266693
Sample 23,TimesFM,0.9599347710609436
Sample 23,Time-MoE,0.04006517305970192
Sample 24,Moirai,0.9710392355918884
Sample 24,TimesFM,0.028960812836885452
Sample 25,Moirai,0.5910178422927856
Sample 25,Timer,0.40898221731185913
Sample 26,TimesFM,0.8293787837028503
Sample 26,Moirai,0.17062127590179443
Sample 27,Moirai,0.5371854305267334
Sample 27,Chronos,0.462814599275589
Sample 28,Moirai,0.5739405155181885
Sample 28,Chronos,0.42605942487716675
Sample 29,Timer,0.7373353242874146
Sample 29,Chronos,0.26266470551490784
Sample 30,Moirai,0.8497574329376221
Sample 30,TimesFM,0.15024259686470032
Sample 31,TimesFM,0.5571427941322327
Sample 31,Timer,0.44285717606544495
Sample 0,Moirai,0.9403375387191772
Sample 0,Time-MoE,0.05966249480843544
Sample 1,Timer,0.65179044008255
Sample 1,Chronos,0.34820953011512756
Sample 2,TimesFM,0.8761180639266968
Sample 2,Moirai,0.12388192862272263
Sample 3,Chronos,0.9245227575302124
Sample 3,Timer,0.07547730952501297
Sample 4,Chronos,0.983925461769104
Sample 4,Timer,0.016074545681476593
Sample 5,Moirai,0.6593738794326782
Sample 5,Chronos,0.3406261205673218
Sample 6,Chronos,0.7011265754699707
Sample 6,Timer,0.2988733947277069
Sample 7,TimesFM,0.8848042488098145
Sample 7,Timer,0.11519578844308853
Sample 8,Moirai,0.8076660633087158
Sample 8,TimesFM,0.19233396649360657
Sample 9,Timer,0.6020135283470154
Sample 9,Moirai,0.39798644185066223
Sample 10,Timer,0.8940285444259644
Sample 10,TimesFM,0.10597150772809982
Sample 11,Chronos,0.8731120228767395
Sample 11,Moirai,0.12688802182674408
Sample 12,TimesFM,0.6371376514434814
Sample 12,Timer,0.3628622889518738
Sample 13,Moirai,0.5119309425354004
Sample 13,Timer,0.488069087266922
Sample 14,Moirai,0.5346059799194336
Sample 14,Timer,0.4653940498828888
Sample 15,TimesFM,0.9574123620986938
Sample 15,Time-MoE,0.042587630450725555
Sample 0,Moirai,0.942415714263916
Sample 0,TimesFM,0.05758429691195488
Sample 1,Timer,0.6757054328918457
Sample 1,Chronos,0.3242945373058319
Sample 2,Chronos,0.8553498983383179
Sample 2,Timer,0.14465007185935974
Sample 3,Chronos,0.9084700345993042
Sample 3,Moirai,0.09152998775243759
Sample 4,Timer,0.8638452887535095
Sample 4,Chronos,0.13615474104881287
Sample 5,Timer,0.6758474707603455
Sample 5,Chronos,0.32415255904197693
Sample 6,Timer,0.5205327272415161
Sample 6,Chronos,0.4794672727584839
Sample 7,TimesFM,0.9523459672927856
Sample 7,Time-MoE,0.04765400290489197
Sample 8,Moirai,0.9689999222755432
Sample 8,TimesFM,0.03100014291703701
Sample 9,Timer,0.6903702020645142
Sample 9,Chronos,0.30962979793548584
Sample 10,TimesFM,0.6734160780906677
Sample 10,Timer,0.32658395171165466
Sample 11,Chronos,0.8089478015899658
Sample 11,Moirai,0.19105224311351776
Sample 12,TimesFM,0.9617608785629272
Sample 12,Moirai,0.038239091634750366
Sample 13,Chronos,0.5214064717292786
Sample 13,Moirai,0.4785935580730438
Sample 14,Timer,0.7117621302604675
Sample 14,Moirai,0.2882378399372101
Sample 15,TimesFM,0.9692806005477905
Sample 15,Time-MoE,0.030719440430402756
Sample 16,Moirai,0.8936406970024109
Sample 16,TimesFM,0.1063593402504921
Sample 17,Moirai,0.5520448088645935
Sample 17,Timer,0.4479551911354065
Sample 18,TimesFM,0.6019087433815002
Sample 18,Chronos,0.39809128642082214
Sample 19,Chronos,0.809489905834198
Sample 19,Moirai,0.19051004946231842
Sample 20,Moirai,0.5598447322845459
Sample 20,Chronos,0.4401553273200989
Sample 21,Chronos,0.8689960837364197
Sample 21,Moirai,0.13100388646125793
Sample 22,Chronos,0.7783029675483704
Sample 22,TimesFM,0.22169700264930725
Sample 23,Timer,0.6964473724365234
Sample 23,TimesFM,0.3035525977611542
Sample 24,TimesFM,0.5153778791427612
Sample 24,Moirai,0.48462215065956116
Sample 25,Timer,0.6266708970069885
Sample 25,Chronos,0.3733290433883667
Sample 26,Moirai,0.8514329791069031
Sample 26,Timer,0.14856702089309692
Sample 27,Chronos,0.6697710752487183
Sample 27,Timer,0.33022892475128174
Sample 28,Chronos,0.9300058484077454
Sample 28,Timer,0.06999417394399643
Sample 29,Moirai,0.5170713067054749
Sample 29,Timer,0.48292872309684753
Sample 30,Moirai,0.8439289331436157
Sample 30,Time-MoE,0.15607111155986786
Sample 31,TimesFM,0.8950884938240051
Sample 31,Time-MoE,0.10491157323122025
Sample 0,TimesFM,0.8431898951530457
Sample 0,Moirai,0.15681004524230957
Sample 1,Moirai,0.5848485827445984
Sample 1,Timer,0.4151514172554016
Sample 2,Chronos,0.7557128667831421
Sample 2,TimesFM,0.24428708851337433
Sample 3,Chronos,0.8674386739730835
Sample 3,Timer,0.1325613409280777
Sample 4,Chronos,0.645963728427887
Sample 4,Time-MoE,0.35403621196746826
Sample 5,Moirai,0.5931063890457153
Sample 5,Timer,0.40689361095428467
Sample 6,Timer,0.76031893491745
Sample 6,TimesFM,0.23968103528022766
Sample 7,TimesFM,0.9544128179550171
Sample 7,Time-MoE,0.04558723419904709
Sample 8,Moirai,0.9794170260429382
Sample 8,Time-MoE,0.02058297023177147
Sample 9,Moirai,0.6226833462715149
Sample 9,Timer,0.3773167133331299
Sample 10,Moirai,0.6603372693061829
Sample 10,TimesFM,0.3396627604961395
Sample 11,Chronos,0.7616157531738281
Sample 11,TimesFM,0.23838429152965546
Sample 12,Chronos,0.5926130414009094
Sample 12,Timer,0.40738698840141296
Sample 13,Moirai,0.6904265284538269
Sample 13,Chronos,0.3095735013484955
Sample 14,Timer,0.7308707237243652
Sample 14,Chronos,0.26912927627563477
Sample 15,TimesFM,0.8559350967407227
Sample 15,Moirai,0.14406491816043854
Sample 16,Moirai,0.9790783524513245
Sample 16,TimesFM,0.02092166431248188
Sample 17,Timer,0.5112589597702026
Sample 17,Moirai,0.48874107003211975
Sample 18,TimesFM,0.8868504166603088
Sample 18,Time-MoE,0.11314958333969116
Sample 19,Chronos,0.7400039434432983
Sample 19,Timer,0.25999608635902405
Sample 20,Timer,0.6679704189300537
Sample 20,Moirai,0.3320295214653015
Sample 21,Moirai,0.6393022537231445
Sample 21,Timer,0.36069780588150024
Sample 22,Timer,0.8360300660133362
Sample 22,Time-MoE,0.16396993398666382
Sample 23,TimesFM,0.8628541827201843
Sample 23,Chronos,0.13714583218097687
Sample 24,Moirai,0.9663487672805786
Sample 24,Chronos,0.033651258796453476
Sample 25,Timer,0.6558237075805664
Sample 25,Chronos,0.344176322221756
Sample 26,Moirai,0.5992876887321472
Sample 26,Timer,0.4007123112678528
Sample 27,Chronos,0.9668527841567993
Sample 27,Moirai,0.03314724937081337
Sample 28,TimesFM,0.5013164281845093
Sample 28,Chronos,0.4986835718154907
Sample 29,Moirai,0.6304640769958496
Sample 29,Chronos,0.36953598260879517
Sample 30,Timer,0.6352847218513489
Sample 30,Chronos,0.36471524834632874
Sample 31,TimesFM,0.9376145005226135
Sample 31,Time-MoE,0.06238551810383797
Sample 0,TimesFM,0.5592189431190491
Sample 0,Moirai,0.4407810568809509
Sample 1,Moirai,0.6160935759544373
Sample 1,Timer,0.38390642404556274
Sample 2,Moirai,0.8006632924079895
Sample 2,Chronos,0.1993366777896881
Sample 3,Chronos,0.8406002521514893
Sample 3,Moirai,0.15939977765083313
Sample 4,TimesFM,0.6814993619918823
Sample 4,Time-MoE,0.3185006082057953
Sample 5,Timer,0.6936293244361877
Sample 5,Moirai,0.30637067556381226
Sample 6,Chronos,0.5370259881019592
Sample 6,Timer,0.46297401189804077
Sample 7,TimesFM,0.820931077003479
Sample 7,Moirai,0.1790688931941986
Sample 8,Moirai,0.6647164821624756
Sample 8,TimesFM,0.3352835178375244
Sample 9,Timer,0.6447826623916626
Sample 9,Moirai,0.355217307806015
Sample 10,Timer,0.5748379826545715
Sample 10,Chronos,0.42516204714775085
Sample 11,Chronos,0.9908649325370789
Sample 11,Timer,0.009135076776146889
Sample 12,TimesFM,0.5333580374717712
Sample 12,Chronos,0.46664199233055115
Sample 13,Moirai,0.5377189517021179
Sample 13,Chronos,0.4622810184955597
Sample 14,Timer,0.8959675431251526
Sample 14,Time-MoE,0.10403251647949219
Sample 15,TimesFM,0.8740849494934082
Sample 15,Timer,0.125915065407753
Sample 16,Moirai,0.9259203672409058
Sample 16,Time-MoE,0.07407964766025543
Sample 17,Timer,0.7375966310501099
Sample 17,Chronos,0.2624034285545349
Sample 18,TimesFM,0.9656971096992493
Sample 18,Timer,0.03430292755365372
Sample 19,Moirai,0.7598243951797485
Sample 19,Timer,0.24017561972141266
Sample 20,Chronos,0.6934251189231873
Sample 20,TimesFM,0.30657485127449036
Sample 21,Moirai,0.6763278245925903
Sample 21,Timer,0.32367223501205444
Sample 22,Timer,0.7391683459281921
Sample 22,Chronos,0.26083165407180786
Sample 23,Chronos,0.5143802165985107
Sample 23,Time-MoE,0.48561981320381165
Sample 24,TimesFM,0.7839623689651489
Sample 24,Moirai,0.21603763103485107
Sample 25,Timer,0.5468100905418396
Sample 25,Chronos,0.453189879655838
Sample 26,TimesFM,0.9706949591636658
Sample 26,Timer,0.029305055737495422
Sample 27,Chronos,0.9925905466079712
Sample 27,Time-MoE,0.00740945665165782
Sample 28,Chronos,0.5390487313270569
Sample 28,TimesFM,0.4609512984752655
Sample 29,Chronos,0.7224101424217224
Sample 29,Moirai,0.2775898575782776
Sample 30,Timer,0.6145101189613342
Sample 30,Moirai,0.38548988103866577
Sample 31,TimesFM,0.9201127290725708
Sample 31,Chronos,0.07988724857568741
Sample 0,TimesFM,0.7405891418457031
Sample 0,Moirai,0.2594108283519745
Sample 1,Moirai,0.5617340207099915
Sample 1,Timer,0.43826600909233093
Sample 2,Timer,0.6545958518981934
Sample 2,TimesFM,0.34540417790412903
Sample 3,Chronos,0.7817660570144653
Sample 3,Moirai,0.21823392808437347
Sample 4,Timer,0.9026200771331787
Sample 4,Time-MoE,0.09737991541624069
Sample 5,Chronos,0.938691258430481
Sample 5,Timer,0.06130872666835785
Sample 6,Moirai,0.6546145677566528
Sample 6,Chronos,0.34538549184799194
Sample 7,TimesFM,0.6301664113998413
Sample 7,Moirai,0.3698335886001587
Sample 8,Moirai,0.7155210375785828
Sample 8,TimesFM,0.28447896242141724
Sample 9,Timer,0.5815272927284241
Sample 9,Moirai,0.41847267746925354
Sample 10,Chronos,0.9560950994491577
Sample 10,Time-MoE,0.043904971331357956
Sample 11,Chronos,0.9584555625915527
Sample 11,Time-MoE,0.04154449701309204
Sample 12,TimesFM,0.7715387940406799
Sample 12,Chronos,0.2284611612558365
Sample 13,Timer,0.6056068539619446
Sample 13,Chronos,0.3943932056427002
Sample 14,Moirai,0.6620445847511292
Sample 14,Timer,0.33795538544654846
Sample 15,TimesFM,0.8429201245307922
Sample 15,Chronos,0.15707987546920776
Sample 16,Moirai,0.6625773310661316
Sample 16,TimesFM,0.3374226689338684
Sample 17,Chronos,0.6043043732643127
Sample 17,Timer,0.39569565653800964
Sample 18,TimesFM,0.7480383515357971
Sample 18,Timer,0.25196167826652527
Sample 19,Chronos,0.9785125255584717
Sample 19,Time-MoE,0.021487489342689514
Sample 20,Chronos,0.5844607353210449
Sample 20,TimesFM,0.41553932428359985
Sample 21,Chronos,0.6390594840049744
Sample 21,Moirai,0.360940545797348
Sample 22,Moirai,0.5798549056053162
Sample 22,Timer,0.42014509439468384
Sample 23,TimesFM,0.9050337672233582
Sample 23,Timer,0.09496619552373886
Sample 24,TimesFM,0.670509934425354
Sample 24,Moirai,0.329490065574646
Sample 25,Chronos,0.520080029964447
Sample 25,Timer,0.479919970035553
Sample 26,TimesFM,0.8966264724731445
Sample 26,Chronos,0.10337349772453308
Sample 27,Chronos,0.8554456830024719
Sample 27,Timer,0.14455436170101166
Sample 28,TimesFM,0.9587538242340088
Sample 28,Chronos,0.041246213018894196
Sample 29,Chronos,0.8599543571472168
Sample 29,Timer,0.1400456428527832
Sample 30,Moirai,0.6219274997711182
Sample 30,Timer,0.37807244062423706
Sample 31,TimesFM,0.9544143080711365
Sample 31,Time-MoE,0.04558566212654114
Sample 0,Moirai,0.9439339637756348
Sample 0,TimesFM,0.05606609210371971
Sample 1,Moirai,0.5122081637382507
Sample 1,Timer,0.48779183626174927
Sample 2,Timer,0.5974569320678711
Sample 2,Chronos,0.4025431275367737
Sample 3,Chronos,0.861930251121521
Sample 3,Moirai,0.13806968927383423
Sample 4,Timer,0.8691924810409546
Sample 4,TimesFM,0.1308075487613678
Sample 5,Timer,0.5545468926429749
Sample 5,Moirai,0.44545310735702515
Sample 6,Timer,0.7195578813552856
Sample 6,Moirai,0.28044211864471436
Sample 7,TimesFM,0.8614780306816101
Sample 7,Moirai,0.1385219842195511
Sample 8,Moirai,0.9809337258338928
Sample 8,Time-MoE,0.019066249951720238
Sample 9,Timer,0.5923131704330444
Sample 9,Moirai,0.4076867997646332
Sample 10,TimesFM,0.9745174050331116
Sample 10,Moirai,0.02548251859843731
Sample 11,Chronos,0.8620102405548096
Sample 11,Time-MoE,0.13798977434635162
Sample 12,Chronos,0.6648372411727905
Sample 12,TimesFM,0.33516278862953186
Sample 13,Moirai,0.626207172870636
Sample 13,Chronos,0.373792827129364
Sample 14,Chronos,0.5189260244369507
Sample 14,Timer,0.4810740053653717
Sample 15,TimesFM,0.6976184248924255
Sample 15,Timer,0.30238160490989685
Sample 16,Moirai,0.9700036644935608
Sample 16,Time-MoE,0.02999633550643921
Sample 17,Timer,0.5557551980018616
Sample 17,Chronos,0.4442448318004608
Sample 18,Moirai,0.5381291508674622
Sample 18,Timer,0.46187081933021545
Sample 19,Chronos,0.9729788303375244
Sample 19,Time-MoE,0.027021197602152824
Sample 20,Chronos,0.5410559773445129
Sample 20,TimesFM,0.4589439928531647
Sample 21,Moirai,0.5251401662826538
Sample 21,Chronos,0.4748598039150238
Sample 22,Timer,0.5808209180831909
Sample 22,Moirai,0.4191790819168091
Sample 23,TimesFM,0.951166570186615
Sample 23,Time-MoE,0.04883340746164322
Sample 24,Moirai,0.7964442372322083
Sample 24,TimesFM,0.20355579257011414
Sample 25,Timer,0.7128848433494568
Sample 25,Chronos,0.2871151566505432
Sample 26,Moirai,0.6121441721916199
Sample 26,Timer,0.3878558874130249
Sample 27,Chronos,0.9365741610527039
Sample 27,Moirai,0.06342581659555435
Sample 28,TimesFM,0.9264152646064758
Sample 28,Chronos,0.07358469814062119
Sample 29,TimesFM,0.5756732225418091
Sample 29,Timer,0.4243268072605133
Sample 30,Timer,0.688427209854126
Sample 30,Moirai,0.3115728199481964
Sample 31,TimesFM,0.8894510865211487
Sample 31,Moirai,0.11054888367652893
Sample 0,TimesFM,0.8045421838760376
Sample 0,Moirai,0.1954578459262848
Sample 1,Timer,0.5687888264656067
Sample 1,Moirai,0.4312111735343933
Sample 2,Timer,0.7498509883880615
Sample 2,Time-MoE,0.2501490116119385
Sample 3,Chronos,0.7783909440040588
Sample 3,Moirai,0.22160904109477997
Sample 4,TimesFM,0.8548175692558289
Sample 4,Chronos,0.14518244564533234
Sample 5,Moirai,0.6316989064216614
Sample 5,Timer,0.36830106377601624
Sample 6,Moirai,0.7473461031913757
Sample 6,TimesFM,0.2526538670063019
Sample 7,TimesFM,0.8456853032112122
Sample 7,Time-MoE,0.15431469678878784
Sample 8,Moirai,0.6211680173873901
Sample 8,TimesFM,0.3788319528102875
Sample 9,Moirai,0.6142076253890991
Sample 9,Timer,0.38579243421554565
Sample 10,Timer,0.6179472804069519
Sample 10,Moirai,0.3820527195930481
Sample 11,Chronos,0.7766576409339905
Sample 11,Timer,0.22334231436252594
Sample 12,Time-MoE,0.5922243595123291
Sample 12,Chronos,0.4077757000923157
Sample 13,Chronos,0.9328242540359497
Sample 13,Timer,0.06717567145824432
Sample 14,TimesFM,0.9073806405067444
Sample 14,Time-MoE,0.09261929988861084
Sample 15,TimesFM,0.7252935767173767
Sample 15,Timer,0.2747064232826233
Sample 16,TimesFM,0.8491940498352051
Sample 16,Moirai,0.15080593526363373
Sample 17,Moirai,0.5997461676597595
Sample 17,Timer,0.4002537727355957
Sample 18,TimesFM,0.947597861289978
Sample 18,Chronos,0.05240217223763466
Sample 19,Chronos,0.6426902413368225
Sample 19,Moirai,0.3573097288608551
Sample 20,Moirai,0.5702307224273682
Sample 20,Chronos,0.42976924777030945
Sample 21,Moirai,0.502736508846283
Sample 21,Timer,0.49726346135139465
Sample 22,Timer,0.7488893866539001
Sample 22,Chronos,0.25111067295074463
Sample 23,TimesFM,0.9650379419326782
Sample 23,Timer,0.034962017089128494
Sample 24,Moirai,0.9734973311424255
Sample 24,TimesFM,0.02650267630815506
Sample 25,Moirai,0.6348888874053955
Sample 25,Timer,0.3651111125946045
Sample 26,TimesFM,0.8245939016342163
Sample 26,Moirai,0.1754060834646225
Sample 27,Moirai,0.5557116270065308
Sample 27,Chronos,0.4442884027957916
Sample 28,Moirai,0.5616754293441772
Sample 28,Chronos,0.43832454085350037
Sample 29,Timer,0.7255054116249084
Sample 29,Moirai,0.27449455857276917
Sample 30,Moirai,0.8588603734970093
Sample 30,TimesFM,0.14113958179950714
Sample 31,TimesFM,0.521038293838501
Sample 31,Timer,0.47896167635917664
Sample 0,Moirai,0.9379850029945374
Sample 0,Time-MoE,0.06201506033539772
Sample 1,Timer,0.6317093968391418
Sample 1,Chronos,0.36829057335853577
Sample 2,TimesFM,0.8820657730102539
Sample 2,Moirai,0.11793425679206848
Sample 3,Chronos,0.9216617941856384
Sample 3,Time-MoE,0.07833820581436157
Sample 4,Chronos,0.9851598739624023
Sample 4,Timer,0.014840083196759224
Sample 5,Moirai,0.6916087865829468
Sample 5,Chronos,0.3083912432193756
Sample 6,Chronos,0.7132716178894043
Sample 6,Timer,0.2867283523082733
Sample 7,TimesFM,0.8690857887268066
Sample 7,Timer,0.13091424107551575
Sample 8,Moirai,0.8100577592849731
Sample 8,TimesFM,0.18994224071502686
Sample 9,Timer,0.5540524125099182
Sample 9,Moirai,0.4459476172924042
Sample 10,Timer,0.8884970545768738
Sample 10,Time-MoE,0.11150290071964264
Sample 11,Chronos,0.8649085760116577
Sample 11,Moirai,0.1350914090871811
Sample 12,TimesFM,0.6657781004905701
Sample 12,Timer,0.3342219293117523
Sample 13,Moirai,0.5628863573074341
Sample 13,Timer,0.4371136426925659
Sample 14,Moirai,0.5889323949813843
Sample 14,Timer,0.4110676646232605
Sample 15,TimesFM,0.9543535113334656
Sample 15,Timer,0.045646533370018005
Sample 0,Moirai,0.945343554019928
Sample 0,TimesFM,0.054656483232975006
Sample 1,Timer,0.6595994830131531
Sample 1,Chronos,0.34040048718452454
Sample 2,Chronos,0.8550808429718018
Sample 2,Timer,0.14491915702819824
Sample 3,Chronos,0.901560366153717
Sample 3,Moirai,0.09843963384628296
Sample 4,Timer,0.866358757019043
Sample 4,Chronos,0.13364124298095703
Sample 5,Timer,0.6395244002342224
Sample 5,Moirai,0.3604755699634552
Sample 6,Chronos,0.5064074397087097
Sample 6,Timer,0.4935925602912903
Sample 7,TimesFM,0.9523195028305054
Sample 7,Timer,0.04768048971891403
Sample 8,Moirai,0.9709775447845459
Sample 8,TimesFM,0.029022464528679848
Sample 9,Timer,0.6727094650268555
Sample 9,Chronos,0.3272905945777893
Sample 10,TimesFM,0.6930775046348572
Sample 10,Timer,0.3069225251674652
Sample 11,Chronos,0.7921268939971924
Sample 11,Moirai,0.20787306129932404
Sample 12,TimesFM,0.9631425142288208
Sample 12,Timer,0.03685753419995308
Sample 13,Moirai,0.5099421739578247
Sample 13,Chronos,0.4900578260421753
Sample 14,Timer,0.6165037155151367
Sample 14,Time-MoE,0.3834962546825409
Sample 15,TimesFM,0.9715637564659119
Sample 15,Timer,0.028436191380023956
Sample 16,Moirai,0.9033904075622559
Sample 16,TimesFM,0.09660954773426056
Sample 17,Moirai,0.6090024709701538
Sample 17,Timer,0.3909975290298462
Sample 18,TimesFM,0.604010820388794
Sample 18,Chronos,0.39598917961120605
Sample 19,Chronos,0.7956414222717285
Sample 19,Moirai,0.20435862243175507
Sample 20,Moirai,0.5570237040519714
Sample 20,Chronos,0.4429762363433838
Sample 21,Chronos,0.858976423740387
Sample 21,Moirai,0.14102356135845184
Sample 22,Chronos,0.7688486576080322
Sample 22,TimesFM,0.23115132749080658
Sample 23,Timer,0.6987197995185852
Sample 23,TimesFM,0.3012802302837372
Sample 24,TimesFM,0.5068333745002747
Sample 24,Moirai,0.49316662549972534
Sample 25,Timer,0.605448305606842
Sample 25,Chronos,0.39455169439315796
Sample 26,Moirai,0.8729325532913208
Sample 26,Timer,0.12706738710403442
Sample 27,Chronos,0.6606926918029785
Sample 27,Moirai,0.3393072783946991
Sample 28,Chronos,0.9297252893447876
Sample 28,Timer,0.07027477025985718
Sample 29,Moirai,0.5711483955383301
Sample 29,Timer,0.4288516342639923
Sample 30,Moirai,0.8209403157234192
Sample 30,Time-MoE,0.1790597140789032
Sample 31,TimesFM,0.9078498482704163
Sample 31,Time-MoE,0.09215012937784195
Sample 0,TimesFM,0.852643609046936
Sample 0,Moirai,0.1473563313484192
Sample 1,Moirai,0.6435364484786987
Sample 1,Timer,0.35646358132362366
Sample 2,Chronos,0.754895806312561
Sample 2,TimesFM,0.24510423839092255
Sample 3,Chronos,0.8780912756919861
Sample 3,Timer,0.12190873920917511
Sample 4,Chronos,0.6509509086608887
Sample 4,Time-MoE,0.34904903173446655
Sample 5,Moirai,0.6536880135536194
Sample 5,Timer,0.3463119864463806
Sample 6,Timer,0.7251982092857361
Sample 6,TimesFM,0.27480173110961914
Sample 7,TimesFM,0.9597443342208862
Sample 7,Timer,0.04025566205382347
Sample 8,Moirai,0.9818246960639954
Sample 8,Time-MoE,0.018175337463617325
Sample 9,Moirai,0.6771684288978577
Sample 9,Timer,0.32283157110214233
Sample 10,Moirai,0.6252689361572266
Sample 10,TimesFM,0.37473106384277344
Sample 11,Chronos,0.7579150795936584
Sample 11,TimesFM,0.24208490550518036
Sample 12,Chronos,0.5899368524551392
Sample 12,Timer,0.41006311774253845
Sample 13,Moirai,0.7242308259010315
Sample 13,Chronos,0.2757691442966461
Sample 14,Timer,0.7119831442832947
Sample 14,Chronos,0.2880168855190277
Sample 15,TimesFM,0.8565443158149719
Sample 15,Moirai,0.1434556394815445
Sample 16,Moirai,0.9809538125991821
Sample 16,TimesFM,0.019046122208237648
Sample 17,Moirai,0.5488211512565613
Sample 17,Timer,0.4511788487434387
Sample 18,TimesFM,0.884312629699707
Sample 18,Time-MoE,0.11568742990493774
Sample 19,Chronos,0.7311964631080627
Sample 19,Moirai,0.26880356669425964
Sample 20,Timer,0.6221610903739929
Sample 20,Moirai,0.37783893942832947
Sample 21,Moirai,0.6875749826431274
Sample 21,Chronos,0.31242501735687256
Sample 22,Timer,0.7990089654922485
Sample 22,Time-MoE,0.20099100470542908
Sample 23,TimesFM,0.8530069589614868
Sample 23,Chronos,0.14699304103851318
Sample 24,Moirai,0.9682813882827759
Sample 24,Time-MoE,0.031718600541353226
Sample 25,Timer,0.6379696726799011
Sample 25,Chronos,0.36203038692474365
Sample 26,Moirai,0.6443855166435242
Sample 26,Timer,0.35561448335647583
Sample 27,Chronos,0.9643260836601257
Sample 27,Moirai,0.03567395731806755
Sample 28,Chronos,0.5090858936309814
Sample 28,TimesFM,0.49091416597366333
Sample 29,Moirai,0.6695405840873718
Sample 29,Chronos,0.3304593861103058
Sample 30,Timer,0.6121426224708557
Sample 30,Chronos,0.3878573179244995
Sample 31,TimesFM,0.9406022429466248
Sample 31,Timer,0.059397682547569275
Sample 0,TimesFM,0.5541636347770691
Sample 0,Moirai,0.4458363950252533
Sample 1,Moirai,0.6723151803016663
Sample 1,Timer,0.32768484950065613
Sample 2,Moirai,0.8154799342155457
Sample 2,Chronos,0.18452005088329315
Sample 3,Chronos,0.8282467126846313
Sample 3,Moirai,0.17175325751304626
Sample 4,TimesFM,0.6813913583755493
Sample 4,Timer,0.3186086416244507
Sample 5,Timer,0.6598182916641235
Sample 5,Moirai,0.3401816785335541
Sample 6,Chronos,0.5566052198410034
Sample 6,Timer,0.44339483976364136
Sample 7,TimesFM,0.8178939819335938
Sample 7,Moirai,0.18210597336292267
Sample 8,Moirai,0.6681333184242249
Sample 8,TimesFM,0.33186668157577515
Sample 9,Timer,0.5889915823936462
Sample 9,Moirai,0.41100838780403137
Sample 10,Timer,0.5563650727272034
Sample 10,Chronos,0.44363489747047424
Sample 11,Chronos,0.9912269711494446
Sample 11,Timer,0.008773036301136017
Sample 12,TimesFM,0.5143625736236572
Sample 12,Chronos,0.4856374263763428
Sample 13,Moirai,0.5771124958992004
Sample 13,Chronos,0.42288756370544434
Sample 14,Timer,0.8473936319351196
Sample 14,Time-MoE,0.15260635316371918
Sample 15,TimesFM,0.858108401298523
Sample 15,Timer,0.14189156889915466
Sample 16,Moirai,0.9265698790550232
Sample 16,Time-MoE,0.07343008369207382
Sample 17,Timer,0.7254310846328735
Sample 17,Chronos,0.2745688855648041
Sample 18,TimesFM,0.9665406346321106
Sample 18,Timer,0.033459413796663284
Sample 19,Moirai,0.77303546667099
Sample 19,Time-MoE,0.22696453332901
Sample 20,Chronos,0.6958931684494019
Sample 20,TimesFM,0.30410683155059814
Sample 21,Moirai,0.730309247970581
Sample 21,Timer,0.26969075202941895
Sample 22,Timer,0.720737636089325
Sample 22,Moirai,0.27926236391067505
Sample 23,Chronos,0.507524847984314
Sample 23,Time-MoE,0.49247515201568604
Sample 24,TimesFM,0.7869115471839905
Sample 24,Moirai,0.21308845281600952
Sample 25,Timer,0.5283206701278687
Sample 25,Chronos,0.47167932987213135
Sample 26,TimesFM,0.975177526473999
Sample 26,Timer,0.024822426959872246
Sample 27,Chronos,0.9912848472595215
Sample 27,Time-MoE,0.008715206757187843
Sample 28,Chronos,0.5606024265289307
Sample 28,TimesFM,0.4393976032733917
Sample 29,Chronos,0.6925930976867676
Sample 29,Moirai,0.3074069321155548
Sample 30,Timer,0.5600435137748718
Sample 30,Moirai,0.43995651602745056
Sample 31,TimesFM,0.9148722290992737
Sample 31,Chronos,0.08512776345014572
Sample 0,TimesFM,0.7445453405380249
Sample 0,Moirai,0.2554545998573303
Sample 1,Moirai,0.6189521551132202
Sample 1,Timer,0.381047785282135
Sample 2,Timer,0.6676541566848755
Sample 2,TimesFM,0.3323458433151245
Sample 3,Chronos,0.7586029171943665
Sample 3,Moirai,0.24139711260795593
Sample 4,Timer,0.8862489461898804
Sample 4,Time-MoE,0.11375105381011963
Sample 5,Chronos,0.9370957016944885
Sample 5,Timer,0.0629042536020279
Sample 6,Moirai,0.6537935733795166
Sample 6,Chronos,0.3462064564228058
Sample 7,TimesFM,0.6321285963058472
Sample 7,Moirai,0.36787137389183044
Sample 8,Moirai,0.7110850811004639
Sample 8,TimesFM,0.28891491889953613
Sample 9,Timer,0.5239436626434326
Sample 9,Moirai,0.47605639696121216
Sample 10,Chronos,0.9556005001068115
Sample 10,Time-MoE,0.04439953714609146
Sample 11,Chronos,0.9444390535354614
Sample 11,Time-MoE,0.055560871958732605
Sample 12,TimesFM,0.7763562202453613
Sample 12,Chronos,0.22364383935928345
Sample 13,Timer,0.5854299068450928
Sample 13,Chronos,0.4145700931549072
Sample 14,Moirai,0.6913036108016968
Sample 14,Time-MoE,0.3086963891983032
Sample 15,TimesFM,0.8388276100158691
Sample 15,Chronos,0.16117244958877563
Sample 16,Moirai,0.6620515584945679
Sample 16,TimesFM,0.33794838190078735
Sample 17,Chronos,0.6112980842590332
Sample 17,Timer,0.3887018859386444
Sample 18,TimesFM,0.7409948706626892
Sample 18,Timer,0.2590051293373108
Sample 19,Chronos,0.9739433526992798
Sample 19,Time-MoE,0.026056673377752304
Sample 20,Chronos,0.5935273170471191
Sample 20,TimesFM,0.40647268295288086
Sample 21,Chronos,0.6077423691749573
Sample 21,Moirai,0.3922576904296875
Sample 22,Moirai,0.6178682446479797
Sample 22,Timer,0.38213178515434265
Sample 23,TimesFM,0.8952039480209351
Sample 23,Timer,0.10479602217674255
Sample 24,TimesFM,0.6835217475891113
Sample 24,Moirai,0.31647825241088867
Sample 25,Chronos,0.504539966583252
Sample 25,Moirai,0.49546003341674805
Sample 26,TimesFM,0.8919320106506348
Sample 26,Chronos,0.10806796699762344
Sample 27,Chronos,0.8669973611831665
Sample 27,Timer,0.13300259411334991
Sample 28,TimesFM,0.9606296420097351
Sample 28,Chronos,0.03937030956149101
Sample 29,Chronos,0.8732813596725464
Sample 29,Timer,0.12671862542629242
Sample 30,Moirai,0.6765782833099365
Sample 30,Timer,0.3234217166900635
Sample 31,TimesFM,0.960581362247467
Sample 31,Timer,0.03941860795021057
Sample 0,Moirai,0.9434224963188171
Sample 0,TimesFM,0.056577470153570175
Sample 1,Moirai,0.5693219304084778
Sample 1,Timer,0.4306780993938446
Sample 2,Timer,0.5883365869522095
Sample 2,Chronos,0.4116634428501129
Sample 3,Chronos,0.8445630073547363
Sample 3,Moirai,0.1554369330406189
Sample 4,Timer,0.8494566082954407
Sample 4,TimesFM,0.1505434662103653
Sample 5,Moirai,0.5038003921508789
Sample 5,Timer,0.4961996078491211
Sample 6,Timer,0.671808660030365
Sample 6,Moirai,0.3281913101673126
Sample 7,TimesFM,0.8687418103218079
Sample 7,Moirai,0.13125824928283691
Sample 8,Moirai,0.9848686456680298
Sample 8,Time-MoE,0.015131383202970028
Sample 9,Timer,0.5383046865463257
Sample 9,Moirai,0.4616953134536743
Sample 10,TimesFM,0.9753467440605164
Sample 10,Moirai,0.024653267115354538
Sample 11,Chronos,0.857783854007721
Sample 11,Moirai,0.14221616089344025
Sample 12,Chronos,0.6318457722663879
Sample 12,TimesFM,0.3681541979312897
Sample 13,Moirai,0.6728506088256836
Sample 13,Chronos,0.3271493911743164
Sample 14,Chronos,0.5102715492248535
Sample 14,Time-MoE,0.48972848057746887
Sample 15,TimesFM,0.6902236342430115
Sample 15,Timer,0.3097764253616333
Sample 16,Moirai,0.9756084084510803
Sample 16,Chronos,0.024391623213887215
Sample 17,Timer,0.5375108122825623
Sample 17,Moirai,0.46248915791511536
Sample 18,Moirai,0.5745041370391846
Sample 18,Timer,0.4254958927631378
Sample 19,Chronos,0.9636269807815552
Sample 19,Time-MoE,0.03637301176786423
Sample 20,Chronos,0.554082453250885
Sample 20,TimesFM,0.4459175169467926
Sample 21,Moirai,0.5666664838790894
Sample 21,Chronos,0.43333348631858826
Sample 22,Timer,0.5280428528785706
Sample 22,Moirai,0.47195714712142944
Sample 23,TimesFM,0.9621796011924744
Sample 23,Time-MoE,0.03782040998339653
Sample 24,Moirai,0.7922008037567139
Sample 24,TimesFM,0.20779915153980255
Sample 25,Timer,0.6919190287590027
Sample 25,Moirai,0.3080809712409973
Sample 26,Moirai,0.6223688721656799
Sample 26,Timer,0.37763112783432007
Sample 27,Chronos,0.9187283515930176
Sample 27,Time-MoE,0.08127165585756302
Sample 28,TimesFM,0.928844690322876
Sample 28,Chronos,0.07115527987480164
Sample 29,TimesFM,0.6176350116729736
Sample 29,Timer,0.38236498832702637
Sample 30,Timer,0.6383118629455566
Sample 30,Moirai,0.3616880774497986
Sample 31,TimesFM,0.8949116468429565
Sample 31,Moirai,0.10508841276168823
Sample 0,TimesFM,0.8289086818695068
Sample 0,Moirai,0.17109130322933197
Sample 1,Timer,0.5207359194755554
Sample 1,Moirai,0.4792640507221222
Sample 2,Timer,0.7317781448364258
Sample 2,Time-MoE,0.26822182536125183
Sample 3,Chronos,0.7553027868270874
Sample 3,Moirai,0.2446972131729126
Sample 4,TimesFM,0.8630427122116089
Sample 4,Chronos,0.1369572877883911
Sample 5,Moirai,0.6563270688056946
Sample 5,Time-MoE,0.3436729907989502
Sample 6,Moirai,0.7635207176208496
Sample 6,Time-MoE,0.23647932708263397
Sample 7,TimesFM,0.8547075986862183
Sample 7,Chronos,0.14529240131378174
Sample 8,Moirai,0.6089239120483398
Sample 8,TimesFM,0.3910760283470154
Sample 9,Moirai,0.659801185131073
Sample 9,Timer,0.3401988446712494
Sample 10,Timer,0.6121380925178528
Sample 10,Moirai,0.3878619074821472
Sample 11,Chronos,0.7574341893196106
Sample 11,Time-MoE,0.2425657957792282
Sample 12,Time-MoE,0.6139019727706909
Sample 12,Chronos,0.3860979974269867
Sample 13,Chronos,0.9368714094161987
Sample 13,Timer,0.06312854588031769
Sample 14,TimesFM,0.9086483716964722
Sample 14,Time-MoE,0.09135163575410843
Sample 15,TimesFM,0.733988881111145
Sample 15,Timer,0.2660110592842102
Sample 16,TimesFM,0.866868257522583
Sample 16,Moirai,0.1331317275762558
Sample 17,Moirai,0.6480445265769958
Sample 17,Timer,0.35195547342300415
Sample 18,TimesFM,0.950188398361206
Sample 18,Chronos,0.04981165751814842
Sample 19,Chronos,0.6078152656555176
Sample 19,Moirai,0.3921847641468048
Sample 20,Moirai,0.6018171906471252
Sample 20,Chronos,0.39818283915519714
Sample 21,Moirai,0.5528383851051331
Sample 21,Timer,0.44716164469718933
Sample 22,Timer,0.7429553866386414
Sample 22,Chronos,0.25704464316368103
Sample 23,TimesFM,0.9655665755271912
Sample 23,Timer,0.034433428198099136
Sample 24,Moirai,0.9744101166725159
Sample 24,TimesFM,0.025589868426322937
Sample 25,Moirai,0.6794725656509399
Sample 25,Timer,0.32052746415138245
Sample 26,TimesFM,0.8264307975769043
Sample 26,Moirai,0.1735692322254181
Sample 27,Moirai,0.5907959938049316
Sample 27,Chronos,0.40920406579971313
Sample 28,Moirai,0.5456133484840393
Sample 28,Chronos,0.4543865919113159
Sample 29,Timer,0.7031803131103516
Sample 29,Moirai,0.29681968688964844
Sample 30,Moirai,0.8630357980728149
Sample 30,Time-MoE,0.13696420192718506
Sample 31,TimesFM,0.5007057189941406
Sample 31,Timer,0.49929434061050415
Sample 0,Moirai,0.9357314705848694
Sample 0,Time-MoE,0.0642685666680336
Sample 1,Timer,0.605546236038208
Sample 1,Moirai,0.3944537341594696
Sample 2,TimesFM,0.8832412958145142
Sample 2,Moirai,0.11675871163606644
Sample 3,Chronos,0.8932209610939026
Sample 3,Time-MoE,0.10677899420261383
Sample 4,Chronos,0.9836351871490479
Sample 4,Time-MoE,0.016364794224500656
Sample 5,Moirai,0.7253922820091248
Sample 5,Chronos,0.27460774779319763
Sample 6,Chronos,0.7184853553771973
Sample 6,Timer,0.28151464462280273
Sample 7,TimesFM,0.873875617980957
Sample 7,Timer,0.12612445652484894
Sample 8,Moirai,0.7947861552238464
Sample 8,TimesFM,0.20521382987499237
Sample 9,Timer,0.5136749148368835
Sample 9,Moirai,0.48632514476776123
Sample 10,Timer,0.892254650592804
Sample 10,Time-MoE,0.10774529725313187
Sample 11,Chronos,0.8459857106208801
Sample 11,Time-MoE,0.15401434898376465
Sample 12,TimesFM,0.7146559953689575
Sample 12,Timer,0.2853439748287201
Sample 13,Moirai,0.6020861268043518
Sample 13,Timer,0.39791393280029297
Sample 14,Moirai,0.6297351717948914
Sample 14,Timer,0.37026485800743103
Sample 15,TimesFM,0.9568166732788086
Sample 15,Timer,0.043183334171772
Sample 0,Moirai,0.9411322474479675
Sample 0,TimesFM,0.058867793530225754
Sample 1,Timer,0.6567126512527466
Sample 1,Chronos,0.34328731894493103
Sample 2,Chronos,0.8618147969245911
Sample 2,Timer,0.13818518817424774
Sample 3,Chronos,0.8975393176078796
Sample 3,Moirai,0.10246071219444275
Sample 4,Timer,0.8494605422019958
Sample 4,TimesFM,0.15053950250148773
Sample 5,Timer,0.6154252290725708
Sample 5,Moirai,0.3845747411251068
Sample 6,Chronos,0.5163222551345825
Sample 6,Timer,0.4836777150630951
Sample 7,TimesFM,0.9569272398948669
Sample 7,Timer,0.04307280853390694
Sample 8,Moirai,0.9694790840148926
Sample 8,TimesFM,0.030520841479301453
Sample 9,Timer,0.6611127257347107
Sample 9,Moirai,0.3388872742652893
Sample 10,TimesFM,0.6936988234519958
Sample 10,Timer,0.30630117654800415
Sample 11,Chronos,0.7810729146003723
Sample 11,Moirai,0.21892708539962769
Sample 12,TimesFM,0.9683563709259033
Sample 12,Timer,0.0316435880959034
Sample 13,Moirai,0.5302870273590088
Sample 13,Chronos,0.4697129726409912
Sample 14,Timer,0.5220091938972473
Sample 14,Time-MoE,0.4779908359050751
Sample 15,TimesFM,0.9749074578285217
Sample 15,Timer,0.02509249933063984
Sample 16,Moirai,0.8982356190681458
Sample 16,TimesFM,0.10176437348127365
Sample 17,Moirai,0.6333091855049133
Sample 17,Timer,0.3666907846927643
Sample 18,TimesFM,0.616126298904419
Sample 18,Chronos,0.38387367129325867
Sample 19,Chronos,0.7861142158508301
Sample 19,Moirai,0.2138858139514923
Sample 20,Moirai,0.5465224981307983
Sample 20,Chronos,0.45347753167152405
Sample 21,Chronos,0.8558440208435059
Sample 21,Moirai,0.14415603876113892
Sample 22,Chronos,0.7716593742370605
Sample 22,TimesFM,0.22834062576293945
Sample 23,Timer,0.691436231136322
Sample 23,TimesFM,0.30856379866600037
Sample 24,TimesFM,0.5364111661911011
Sample 24,Moirai,0.46358880400657654
Sample 25,Timer,0.6002811193466187
Sample 25,Chronos,0.39971888065338135
Sample 26,Moirai,0.8828667402267456
Sample 26,Timer,0.1171332523226738
Sample 27,Chronos,0.6559657454490662
Sample 27,Moirai,0.3440342843532562
Sample 28,Chronos,0.9347545504570007
Sample 28,Timer,0.06524547189474106
Sample 29,Moirai,0.5894556641578674
Sample 29,Timer,0.41054433584213257
Sample 30,Moirai,0.7889837026596069
Sample 30,Time-MoE,0.21101632714271545
Sample 31,TimesFM,0.9278152585029602
Sample 31,Time-MoE,0.07218475639820099
Sample 0,TimesFM,0.8779491782188416
Sample 0,Moirai,0.12205075472593307
Sample 1,Moirai,0.6592270135879517
Sample 1,Timer,0.3407730162143707
Sample 2,Chronos,0.7483727931976318
Sample 2,TimesFM,0.2516271770000458
Sample 3,Chronos,0.8627055287361145
Sample 3,Time-MoE,0.1372944563627243
Sample 4,Chronos,0.6505330801010132
Sample 4,Time-MoE,0.34946689009666443
Sample 5,Moirai,0.6673659086227417
Sample 5,Timer,0.3326340913772583
Sample 6,Timer,0.7099584341049194
Sample 6,TimesFM,0.29004162549972534
Sample 7,TimesFM,0.9660065770149231
Sample 7,Timer,0.03399345278739929
Sample 8,Moirai,0.9839966893196106
Sample 8,Time-MoE,0.016003334894776344
Sample 9,Moirai,0.691411018371582
Sample 9,Timer,0.30858898162841797
Sample 10,Moirai,0.5996289253234863
Sample 10,TimesFM,0.4003710448741913
Sample 11,Chronos,0.7475870251655579
Sample 11,TimesFM,0.2524130046367645
Sample 12,Chronos,0.5926423668861389
Sample 12,Timer,0.4073576331138611
Sample 13,Moirai,0.7313777208328247
Sample 13,Chronos,0.2686222791671753
Sample 14,Timer,0.7050123810768127
Sample 14,Chronos,0.29498767852783203
Sample 15,TimesFM,0.8658897280693054
Sample 15,Moirai,0.13411027193069458
Sample 16,Moirai,0.9804009795188904
Sample 16,TimesFM,0.019598979502916336
Sample 17,Moirai,0.5649235248565674
Sample 17,Timer,0.4350765347480774
Sample 18,TimesFM,0.8778920769691467
Sample 18,Time-MoE,0.12210790067911148
Sample 19,Chronos,0.7303346991539001
Sample 19,Moirai,0.26966536045074463
Sample 20,Timer,0.6058993935585022
Sample 20,Moirai,0.3941005766391754
Sample 21,Moirai,0.6938010454177856
Sample 21,Chronos,0.30619898438453674
Sample 22,Timer,0.7631372213363647
Sample 22,Time-MoE,0.23686276376247406
Sample 23,TimesFM,0.8664960265159607
Sample 23,Chronos,0.13350394368171692
Sample 24,Moirai,0.9689397215843201
Sample 24,Time-MoE,0.031060287728905678
Sample 25,Timer,0.6307653784751892
Sample 25,Chronos,0.3692346215248108
Sample 26,Moirai,0.6509117484092712
Sample 26,Timer,0.34908828139305115
Sample 27,Chronos,0.95948725938797
Sample 27,Time-MoE,0.040512777864933014
Sample 28,TimesFM,0.5102603435516357
Sample 28,Chronos,0.4897395968437195
Sample 29,Moirai,0.680353581905365
Sample 29,Chronos,0.319646418094635
Sample 30,Timer,0.6026366353034973
Sample 30,Chronos,0.3973633348941803
Sample 31,TimesFM,0.9476293325424194
Sample 31,Timer,0.05237070471048355
Sample 0,TimesFM,0.592436671257019
Sample 0,Moirai,0.40756338834762573
Sample 1,Moirai,0.6765995621681213
Sample 1,Timer,0.32340043783187866
Sample 2,Moirai,0.8142397403717041
Sample 2,Chronos,0.1857602596282959
Sample 3,Chronos,0.819564163684845
Sample 3,Time-MoE,0.18043585121631622
Sample 4,TimesFM,0.6904698610305786
Sample 4,Timer,0.30953019857406616
Sample 5,Timer,0.6317751407623291
Sample 5,Time-MoE,0.3682248294353485
Sample 6,Chronos,0.5721491575241089
Sample 6,Timer,0.4278508424758911
Sample 7,TimesFM,0.8367113471031189
Sample 7,Moirai,0.16328862309455872
Sample 8,Moirai,0.6509327292442322
Sample 8,TimesFM,0.3490673005580902
Sample 9,Timer,0.5848087668418884
Sample 9,Moirai,0.4151912033557892
Sample 10,Timer,0.5379005074501038
Sample 10,Chronos,0.46209949254989624
Sample 11,Chronos,0.9916085600852966
Sample 11,Time-MoE,0.008391449227929115
Sample 12,TimesFM,0.5352940559387207
Sample 12,Chronos,0.4647059142589569
Sample 13,Moirai,0.5716691017150879
Sample 13,Chronos,0.4283309280872345
Sample 14,Timer,0.8036946654319763
Sample 14,Time-MoE,0.1963053047657013
Sample 15,TimesFM,0.8709845542907715
Sample 15,Timer,0.1290155053138733
Sample 16,Moirai,0.9224188327789307
Sample 16,Time-MoE,0.07758113741874695
Sample 17,Timer,0.7061379551887512
Sample 17,Time-MoE,0.29386210441589355
Sample 18,TimesFM,0.9689898490905762
Sample 18,Timer,0.03101017139852047
Sample 19,Moirai,0.7745487689971924
Sample 19,Time-MoE,0.22545117139816284
Sample 20,Chronos,0.6844976544380188
Sample 20,TimesFM,0.3155023157596588
Sample 21,Moirai,0.705812394618988
Sample 21,Time-MoE,0.2941875755786896
Sample 22,Timer,0.6937914490699768
Sample 22,Time-MoE,0.3062085807323456
Sample 23,Time-MoE,0.5056190490722656
Sample 23,Chronos,0.4943809509277344
Sample 24,TimesFM,0.8107481598854065
Sample 24,Moirai,0.18925181031227112
Sample 25,Timer,0.5131649374961853
Sample 25,Chronos,0.4868350625038147
Sample 26,TimesFM,0.9790042638778687
Sample 26,Timer,0.020995767787098885
Sample 27,Chronos,0.9903417825698853
Sample 27,Time-MoE,0.009658168070018291
Sample 28,Chronos,0.538868248462677
Sample 28,TimesFM,0.461131751537323
Sample 29,Chronos,0.6989673972129822
Sample 29,Moirai,0.3010326623916626
Sample 30,Timer,0.5567833185195923
Sample 30,Moirai,0.4432166516780853
Sample 31,TimesFM,0.9271334409713745
Sample 31,Chronos,0.07286657392978668
Sample 0,TimesFM,0.7868492603302002
Sample 0,Moirai,0.21315068006515503
Sample 1,Moirai,0.6201433539390564
Sample 1,Timer,0.3798566460609436
Sample 2,Timer,0.6592851877212524
Sample 2,TimesFM,0.34071484208106995
Sample 3,Chronos,0.7562392950057983
Sample 3,Time-MoE,0.24376066029071808
Sample 4,Timer,0.8762949705123901
Sample 4,Time-MoE,0.12370504438877106
Sample 5,Chronos,0.9321908950805664
Sample 5,TimesFM,0.0678090825676918
Sample 6,Moirai,0.6328399777412415
Sample 6,Chronos,0.36715999245643616
Sample 7,TimesFM,0.7260435223579407
Sample 7,Moirai,0.2739565074443817
Sample 8,Moirai,0.6764842867851257
Sample 8,TimesFM,0.32351574301719666
Sample 9,Timer,0.5238866806030273
Sample 9,Moirai,0.47611328959465027
Sample 10,Chronos,0.9535477161407471
Sample 10,Time-MoE,0.046452321112155914
Sample 11,Chronos,0.9375686049461365
Sample 11,Time-MoE,0.06243140995502472
Sample 12,TimesFM,0.8056781888008118
Sample 12,Chronos,0.19432176649570465
Sample 13,Timer,0.563285231590271
Sample 13,Chronos,0.4367147386074066
Sample 14,Moirai,0.6289974451065063
Sample 14,Time-MoE,0.37100258469581604
Sample 15,TimesFM,0.861230731010437
Sample 15,Chronos,0.13876928389072418
Sample 16,Moirai,0.6117481589317322
Sample 16,TimesFM,0.38825178146362305
Sample 17,Chronos,0.6367001533508301
Sample 17,Timer,0.3632998466491699
Sample 18,TimesFM,0.76109778881073
Sample 18,Timer,0.2389022260904312
Sample 19,Chronos,0.9721052050590515
Sample 19,Time-MoE,0.02789474092423916
Sample 20,Chronos,0.5606606006622314
Sample 20,TimesFM,0.43933939933776855
Sample 21,Chronos,0.629206657409668
Sample 21,Moirai,0.37079331278800964
Sample 22,Moirai,0.5805376172065735
Sample 22,TimesFM,0.4194624125957489
Sample 23,TimesFM,0.9109495282173157
Sample 23,Timer,0.08905050158500671
Sample 24,TimesFM,0.7113832235336304
Sample 24,Moirai,0.288616806268692
Sample 25,Chronos,0.5242637395858765
Sample 25,Moirai,0.4757362902164459
Sample 26,TimesFM,0.9033110737800598
Sample 26,Chronos,0.09668897092342377
Sample 27,Chronos,0.8784136772155762
Sample 27,Timer,0.1215863898396492
Sample 28,TimesFM,0.968716025352478
Sample 28,Chronos,0.03128392621874809
Sample 29,Chronos,0.8578545451164246
Sample 29,Time-MoE,0.14214546978473663
Sample 30,Moirai,0.6677213907241821
Sample 30,Time-MoE,0.3322785794734955
Sample 31,TimesFM,0.9664947390556335
Sample 31,Timer,0.03350527212023735
Sample 0,Moirai,0.935880720615387
Sample 0,TimesFM,0.06411929428577423
Sample 1,Moirai,0.5631576180458069
Sample 1,Timer,0.43684232234954834
Sample 2,Timer,0.5630466341972351
Sample 2,Chronos,0.4369533956050873
Sample 3,Chronos,0.8664536476135254
Sample 3,Moirai,0.1335463672876358
Sample 4,Timer,0.8257982134819031
Sample 4,TimesFM,0.17420175671577454
Sample 5,Timer,0.5039125084877014
Sample 5,Moirai,0.49608755111694336
Sample 6,Timer,0.6768713593482971
Sample 6,Moirai,0.32312867045402527
Sample 7,TimesFM,0.8958627581596375
Sample 7,Moirai,0.10413724929094315
Sample 8,Moirai,0.9838905930519104
Sample 8,TimesFM,0.016109341755509377
Sample 9,Timer,0.5448411107063293
Sample 9,Moirai,0.45515891909599304
Sample 10,TimesFM,0.9764717221260071
Sample 10,Moirai,0.0235282052308321
Sample 11,Chronos,0.8695507049560547
Sample 11,Moirai,0.1304492950439453
Sample 12,Chronos,0.6048099398612976
Sample 12,TimesFM,0.3951900601387024
Sample 13,Moirai,0.6553370356559753
Sample 13,Chronos,0.34466293454170227
Sample 14,Time-MoE,0.5100358724594116
Sample 14,Chronos,0.48996415734291077
Sample 15,TimesFM,0.6763431429862976
Sample 15,Timer,0.3236568868160248
Sample 16,Moirai,0.9749879240989685
Sample 16,Chronos,0.025012033060193062
Sample 17,Timer,0.5137605667114258
Sample 17,Chronos,0.48623937368392944
Sample 18,Moirai,0.5590687394142151
Sample 18,Timer,0.4409312605857849
Sample 19,Chronos,0.9606154561042786
Sample 19,Time-MoE,0.03938460722565651
Sample 20,Chronos,0.5209494233131409
Sample 20,TimesFM,0.47905057668685913
Sample 21,Moirai,0.5298928022384644
Sample 21,Chronos,0.47010722756385803
Sample 22,Timer,0.5395777821540833
Sample 22,Moirai,0.46042221784591675
Sample 23,TimesFM,0.9674450755119324
Sample 23,Timer,0.032554883509874344
Sample 24,Moirai,0.7732582092285156
Sample 24,TimesFM,0.22674183547496796
Sample 25,Timer,0.6781069040298462
Sample 25,Chronos,0.3218930959701538
Sample 26,Moirai,0.5943598747253418
Sample 26,Timer,0.4056401252746582
Sample 27,Chronos,0.9170088171958923
Sample 27,Time-MoE,0.08299113810062408
Sample 28,TimesFM,0.9400739669799805
Sample 28,Chronos,0.05992604419589043
Sample 29,TimesFM,0.6254309415817261
Sample 29,Timer,0.3745690584182739
Sample 30,Timer,0.6445730924606323
Sample 30,Moirai,0.3554268777370453
Sample 31,TimesFM,0.9138110280036926
Sample 31,Moirai,0.08618900924921036
Sample 0,TimesFM,0.8557900190353394
Sample 0,Moirai,0.14421001076698303
Sample 1,Timer,0.5324338674545288
Sample 1,Moirai,0.4675661325454712
Sample 2,Timer,0.7256056666374207
Sample 2,Time-MoE,0.2743943929672241
Sample 3,Chronos,0.7936422228813171
Sample 3,Moirai,0.20635777711868286
Sample 4,TimesFM,0.8848996758460999
Sample 4,Chronos,0.11510033905506134
Sample 5,Moirai,0.6170840263366699
Sample 5,Time-MoE,0.3829159736633301
Sample 6,Moirai,0.7524856925010681
Sample 6,Time-MoE,0.2475142776966095
Sample 7,TimesFM,0.8763902187347412
Sample 7,Timer,0.12360979616641998
Sample 8,Moirai,0.5877415537834167
Sample 8,TimesFM,0.41225847601890564
Sample 9,Moirai,0.6472966074943542
Sample 9,Timer,0.35270339250564575
Sample 10,Timer,0.636404812335968
Sample 10,Moirai,0.363595187664032
Sample 11,Chronos,0.7674773931503296
Sample 11,Time-MoE,0.23252257704734802
Sample 12,Time-MoE,0.6265432834625244
Sample 12,Chronos,0.373456746339798
Sample 13,Chronos,0.9446054100990295
Sample 13,Timer,0.05539463087916374
Sample 14,TimesFM,0.9093865752220154
Sample 14,Time-MoE,0.09061340987682343
Sample 15,TimesFM,0.7577161192893982
Sample 15,Timer,0.2422838807106018
Sample 16,TimesFM,0.8895549178123474
Sample 16,Moirai,0.1104450523853302
Sample 17,Moirai,0.6384099125862122
Sample 17,Timer,0.36159005761146545
Sample 18,TimesFM,0.960344135761261
Sample 18,Chronos,0.03965584188699722
Sample 19,Chronos,0.6550236344337463
Sample 19,Moirai,0.34497636556625366
Sample 20,Moirai,0.5654889345169067
Sample 20,Chronos,0.43451106548309326
Sample 21,Moirai,0.5370945334434509
Sample 21,Timer,0.46290549635887146
Sample 22,Timer,0.724973738193512
Sample 22,Chronos,0.27502623200416565
Sample 23,TimesFM,0.9719874262809753
Sample 23,Timer,0.028012637048959732
Sample 24,Moirai,0.9724154472351074
Sample 24,TimesFM,0.027584591880440712
Sample 25,Moirai,0.6429515480995178
Sample 25,Chronos,0.35704851150512695
Sample 26,TimesFM,0.8417652249336243
Sample 26,Moirai,0.15823478996753693
Sample 27,Moirai,0.5444653630256653
Sample 27,Chronos,0.4555346369743347
Sample 28,Moirai,0.5365987420082092
Sample 28,Chronos,0.46340125799179077
Sample 29,Timer,0.6833361387252808
Sample 29,Time-MoE,0.31666386127471924
Sample 30,Moirai,0.8679285049438477
Sample 30,TimesFM,0.13207152485847473
Sample 31,Timer,0.5022032260894775
Sample 31,TimesFM,0.49779677391052246
Sample 0,Moirai,0.9390618801116943
Sample 0,Time-MoE,0.060938116163015366
Sample 1,Timer,0.5928900241851807
Sample 1,Chronos,0.40710994601249695
Sample 2,TimesFM,0.8903051018714905
Sample 2,Moirai,0.10969484597444534
Sample 3,Chronos,0.9018059372901917
Sample 3,Time-MoE,0.09819407016038895
Sample 4,Chronos,0.9813218712806702
Sample 4,Time-MoE,0.018678179010748863
Sample 5,Moirai,0.6890852451324463
Sample 5,Chronos,0.3109147548675537
Sample 6,Chronos,0.7536061406135559
Sample 6,Timer,0.2463938295841217
Sample 7,TimesFM,0.8889321088790894
Sample 7,Timer,0.11106791347265244
Sample 8,Moirai,0.7743793725967407
Sample 8,TimesFM,0.22562062740325928
Sample 9,Timer,0.524075448513031
Sample 9,Moirai,0.475924551486969
Sample 10,Timer,0.9066824316978455
Sample 10,Moirai,0.09331756830215454
Sample 11,Chronos,0.8621766567230225
Sample 11,Time-MoE,0.13782331347465515
Sample 12,TimesFM,0.7578484416007996
Sample 12,Chronos,0.24215157330036163
Sample 13,Moirai,0.5582369565963745
Sample 13,Chronos,0.4417630732059479
Sample 14,Moirai,0.607315719127655
Sample 14,Time-MoE,0.39268431067466736
Sample 15,TimesFM,0.9636755585670471
Sample 15,Timer,0.03632447123527527
Sample 0,Moirai,0.9388382434844971
Sample 0,TimesFM,0.061161771416664124
Sample 1,Timer,0.6190620064735413
Sample 1,Chronos,0.38093796372413635
Sample 2,Chronos,0.8687424063682556
Sample 2,Timer,0.13125760853290558
Sample 3,Chronos,0.914474606513977
Sample 3,Time-MoE,0.08552544564008713
Sample 4,Timer,0.8349607586860657
Sample 4,TimesFM,0.16503921151161194
Sample 5,Timer,0.6136434674263
Sample 5,Chronos,0.38635653257369995
Sample 6,Chronos,0.554957389831543
Sample 6,Timer,0.44504258036613464
Sample 7,TimesFM,0.9627909660339355
Sample 7,Timer,0.037209026515483856
Sample 8,Moirai,0.9687387347221375
Sample 8,TimesFM,0.031261250376701355
Sample 9,Timer,0.6322517991065979
Sample 9,Chronos,0.3677482008934021
Sample 10,TimesFM,0.6869868636131287
Sample 10,Timer,0.31301313638687134
Sample 11,Chronos,0.814666211605072
Sample 11,Moirai,0.18533384799957275
Sample 12,TimesFM,0.9731903672218323
Sample 12,Timer,0.02680964767932892
Sample 13,Chronos,0.515595018863678
Sample 13,Moirai,0.4844050407409668
Sample 14,Time-MoE,0.5001689195632935
Sample 14,Timer,0.49983105063438416
Sample 15,TimesFM,0.9788616895675659
Sample 15,Timer,0.02113831602036953
Sample 16,Moirai,0.8955522775650024
Sample 16,TimesFM,0.10444774478673935
Sample 17,Moirai,0.6249441504478455
Sample 17,Timer,0.37505587935447693
Sample 18,TimesFM,0.6318418383598328
Sample 18,Chronos,0.3681581914424896
Sample 19,Chronos,0.8214758038520813
Sample 19,Moirai,0.1785241961479187
Sample 20,Moirai,0.5334852337837219
Sample 20,Chronos,0.46651479601860046
Sample 21,Chronos,0.8798569440841675
Sample 21,Moirai,0.12014307081699371
Sample 22,Chronos,0.7934424877166748
Sample 22,TimesFM,0.20655754208564758
Sample 23,Timer,0.6796502470970154
Sample 23,TimesFM,0.3203497529029846
Sample 24,TimesFM,0.5519505739212036
Sample 24,Moirai,0.4480494558811188
Sample 25,Timer,0.5581378936767578
Sample 25,Chronos,0.4418620765209198
Sample 26,Moirai,0.8848012089729309
Sample 26,Timer,0.11519884318113327
Sample 27,Chronos,0.678003191947937
Sample 27,Moirai,0.3219968378543854
Sample 28,Chronos,0.9352190494537354
Sample 28,Timer,0.06478097289800644
Sample 29,Moirai,0.5593050122261047
Sample 29,Chronos,0.4406949281692505
Sample 30,Moirai,0.7855279445648193
Sample 30,Time-MoE,0.21447208523750305
Sample 31,TimesFM,0.9362885355949402
Sample 31,Time-MoE,0.06371141970157623
Sample 0,TimesFM,0.890316367149353
Sample 0,Moirai,0.10968360304832458
Sample 1,Moirai,0.6592686772346497
Sample 1,Timer,0.34073132276535034
Sample 2,Chronos,0.7440573573112488
Sample 2,TimesFM,0.255942702293396
Sample 3,Chronos,0.8884531259536743
Sample 3,Time-MoE,0.11154687404632568
Sample 4,Chronos,0.6457492113113403
Sample 4,Time-MoE,0.35425081849098206
Sample 5,Moirai,0.6636027693748474
Sample 5,Timer,0.3363972306251526
Sample 6,Timer,0.7067950963973999
Sample 6,TimesFM,0.2932049334049225
Sample 7,TimesFM,0.9706146717071533
Sample 7,Timer,0.02938535436987877
Sample 8,Moirai,0.9864217042922974
Sample 8,Chronos,0.013578323647379875
Sample 9,Moirai,0.6899933815002441
Sample 9,Timer,0.31000658869743347
Sample 10,Moirai,0.5758922100067139
Sample 10,TimesFM,0.42410776019096375
Sample 11,Chronos,0.7525454163551331
Sample 11,TimesFM,0.24745455384254456
Sample 12,Chronos,0.5989161133766174
Sample 12,Timer,0.40108394622802734
Sample 13,Moirai,0.7006489038467407
Sample 13,Chronos,0.29935112595558167
Sample 14,Timer,0.6818100214004517
Sample 14,Chronos,0.31818997859954834
Sample 15,TimesFM,0.8701651692390442
Sample 15,Moirai,0.12983478605747223
Sample 16,Moirai,0.9811220169067383
Sample 16,TimesFM,0.018877945840358734
Sample 17,Moirai,0.5640889406204224
Sample 17,Timer,0.4359111189842224
Sample 18,TimesFM,0.8743313550949097
Sample 18,Time-MoE,0.12566861510276794
Sample 19,Chronos,0.7679625153541565
Sample 19,Moirai,0.2320374697446823
Sample 20,Timer,0.602330207824707
Sample 20,Moirai,0.3976697623729706
Sample 21,Moirai,0.6592848300933838
Sample 21,Chronos,0.3407151699066162
Sample 22,Timer,0.76226407289505
Sample 22,Time-MoE,0.23773595690727234
Sample 23,TimesFM,0.8906208276748657
Sample 23,Chronos,0.10937915742397308
Sample 24,Moirai,0.971718430519104
Sample 24,Chronos,0.02828156389296055
Sample 25,Timer,0.5938935875892639
Sample 25,Chronos,0.4061064124107361
Sample 26,Moirai,0.6452153921127319
Sample 26,Timer,0.35478460788726807
Sample 27,Chronos,0.9671425819396973
Sample 27,Time-MoE,0.03285742551088333
Sample 28,TimesFM,0.5431181192398071
Sample 28,Chronos,0.45688188076019287
Sample 29,Moirai,0.6519984006881714
Sample 29,Chronos,0.3480015993118286
Sample 30,Timer,0.5663479566574097
Sample 30,Chronos,0.43365201354026794
Sample 31,TimesFM,0.9533461332321167
Sample 31,Timer,0.046653859317302704
Sample 0,TimesFM,0.6033148765563965
Sample 0,Moirai,0.3966851830482483
Sample 1,Moirai,0.6716407537460327
Sample 1,Chronos,0.3283591866493225
Sample 2,Moirai,0.8040891885757446
Sample 2,Chronos,0.19591084122657776
Sample 3,Chronos,0.851791262626648
Sample 3,Time-MoE,0.14820879697799683
Sample 4,TimesFM,0.6933013200759888
Sample 4,Timer,0.306698739528656
Sample 5,Timer,0.6416006088256836
Sample 5,Time-MoE,0.358399361371994
Sample 6,Chronos,0.5984029173851013
Sample 6,Timer,0.4015970528125763
Sample 7,TimesFM,0.8443489074707031
Sample 7,Moirai,0.15565113723278046
Sample 8,Moirai,0.6482193470001221
Sample 8,TimesFM,0.35178065299987793
Sample 9,Timer,0.5811592936515808
Sample 9,Moirai,0.4188406467437744
Sample 10,Timer,0.5004960298538208
Sample 10,Chronos,0.4995039701461792
Sample 11,Chronos,0.9922145009040833
Sample 11,Time-MoE,0.007785541005432606
Sample 12,TimesFM,0.5759302377700806
Sample 12,Chronos,0.4240698218345642
Sample 13,Moirai,0.541336715221405
Sample 13,Chronos,0.45866331458091736
Sample 14,Timer,0.7998232841491699
Sample 14,Time-MoE,0.20017671585083008
Sample 15,TimesFM,0.8787835240364075
Sample 15,Timer,0.12121652066707611
Sample 16,Moirai,0.9388185739517212
Sample 16,Time-MoE,0.06118142232298851
Sample 17,Timer,0.6908150911331177
Sample 17,Chronos,0.3091849386692047
Sample 18,TimesFM,0.9715110063552856
Sample 18,Time-MoE,0.028488967567682266
Sample 19,Moirai,0.8031620383262634
Sample 19,Timer,0.19683794677257538
Sample 20,Chronos,0.664542019367218
Sample 20,TimesFM,0.33545804023742676
Sample 21,Moirai,0.7266117930412292
Sample 21,Chronos,0.27338823676109314
Sample 22,Timer,0.7025877237319946
Sample 22,Chronos,0.29741227626800537
Sample 23,Time-MoE,0.5248651504516602
Sample 23,Chronos,0.47513484954833984
Sample 24,TimesFM,0.8199282288551331
Sample 24,Moirai,0.18007178604602814
Sample 25,Chronos,0.5266129374504089
Sample 25,Timer,0.47338706254959106
Sample 26,TimesFM,0.9816354513168335
Sample 26,Timer,0.01836457848548889
Sample 27,Chronos,0.9920761585235596
Sample 27,Time-MoE,0.00792388804256916
Sample 28,TimesFM,0.5017699003219604
Sample 28,Chronos,0.4982301592826843
Sample 29,Chronos,0.7234612107276917
Sample 29,Moirai,0.27653881907463074
Sample 30,Timer,0.5520570278167725
Sample 30,Chronos,0.44794294238090515
Sample 31,TimesFM,0.9404586553573608
Sample 31,Chronos,0.05954138562083244
Sample 0,TimesFM,0.7966060042381287
Sample 0,Moirai,0.20339399576187134
Sample 1,Moirai,0.6178039312362671
Sample 1,Timer,0.3821960687637329
Sample 2,Timer,0.6712031960487366
Sample 2,TimesFM,0.3287968337535858
Sample 3,Chronos,0.8011226654052734
Sample 3,Moirai,0.19887733459472656
Sample 4,Timer,0.885289192199707
Sample 4,Time-MoE,0.11471079289913177
Sample 5,Chronos,0.9328346848487854
Sample 5,TimesFM,0.06716538965702057
Sample 6,Moirai,0.6172859072685242
Sample 6,Chronos,0.38271409273147583
Sample 7,TimesFM,0.7597057223320007
Sample 7,Timer,0.24029432237148285
Sample 8,Moirai,0.6749148964881897
Sample 8,TimesFM,0.3250851333141327
Sample 9,Timer,0.5275473594665527
Sample 9,Moirai,0.4724525809288025
Sample 10,Chronos,0.9502800703048706
Sample 10,Time-MoE,0.04971988871693611
Sample 11,Chronos,0.9506856799125671
Sample 11,Time-MoE,0.049314361065626144
Sample 12,TimesFM,0.8263446688652039
Sample 12,Chronos,0.17365539073944092
Sample 13,Timer,0.5409097075462341
Sample 13,Chronos,0.45909032225608826
Sample 14,Moirai,0.6356704235076904
Sample 14,Time-MoE,0.3643295466899872
Sample 15,TimesFM,0.8770424723625183
Sample 15,Chronos,0.12295753508806229
Sample 16,Moirai,0.6088212132453918
Sample 16,TimesFM,0.39117881655693054
Sample 17,Chronos,0.6584269404411316
Sample 17,Timer,0.3415730595588684
Sample 18,TimesFM,0.7668022513389587
Sample 18,Timer,0.23319773375988007
Sample 19,Chronos,0.9766280651092529
Sample 19,Time-MoE,0.02337191440165043
Sample 20,Chronos,0.5315478444099426
Sample 20,TimesFM,0.4684521555900574
Sample 21,Chronos,0.6543703675270081
Sample 21,Moirai,0.34562966227531433
Sample 22,Moirai,0.5809001326560974
Sample 22,TimesFM,0.419099897146225
Sample 23,TimesFM,0.9190891981124878
Sample 23,Timer,0.08091083914041519
Sample 24,TimesFM,0.719325602054596
Sample 24,Moirai,0.28067436814308167
Sample 25,Chronos,0.5524885654449463
Sample 25,Moirai,0.4475114345550537
Sample 26,TimesFM,0.9107930660247803
Sample 26,Chronos,0.08920691907405853
Sample 27,Chronos,0.891071081161499
Sample 27,Timer,0.10892893373966217
Sample 28,TimesFM,0.973950207233429
Sample 28,Chronos,0.02604982629418373
Sample 29,Chronos,0.8777958750724792
Sample 29,Time-MoE,0.12220408767461777
Sample 30,Moirai,0.649715006351471
Sample 30,Chronos,0.35028496384620667
Sample 31,TimesFM,0.9694302678108215
Sample 31,Timer,0.030569693073630333
Sample 0,Moirai,0.9396365284919739
Sample 0,TimesFM,0.060363490134477615
Sample 1,Moirai,0.5544108152389526
Sample 1,Timer,0.44558918476104736
Sample 2,Timer,0.5591709613800049
Sample 2,Chronos,0.44082900881767273
Sample 3,Chronos,0.8789191246032715
Sample 3,Moirai,0.12108089029788971
Sample 4,Timer,0.830289900302887
Sample 4,TimesFM,0.16971014440059662
Sample 5,Timer,0.5137202143669128
Sample 5,Moirai,0.48627978563308716
Sample 6,Timer,0.6830914616584778
Sample 6,Moirai,0.31690847873687744
Sample 7,TimesFM,0.9053126573562622
Sample 7,Moirai,0.09468739479780197
Sample 8,Moirai,0.9857665300369263
Sample 8,TimesFM,0.014233460649847984
Sample 9,Timer,0.5552651286125183
Sample 9,Moirai,0.4447349011898041
Sample 10,TimesFM,0.9759799242019653
Sample 10,Moirai,0.02402009628713131
Sample 11,Chronos,0.8752646446228027
Sample 11,Moirai,0.12473538517951965
Sample 12,Chronos,0.6053958535194397
Sample 12,TimesFM,0.3946041464805603
Sample 13,Moirai,0.6587466597557068
Sample 13,Chronos,0.3412533104419708
Sample 14,Chronos,0.5118066072463989
Sample 14,Time-MoE,0.4881933927536011
Sample 15,TimesFM,0.6783287525177002
Sample 15,Timer,0.3216713070869446
Sample 16,Moirai,0.9759120345115662
Sample 16,Chronos,0.02408791333436966
Sample 17,Timer,0.5104020833969116
Sample 17,Chronos,0.4895979166030884
Sample 18,Moirai,0.5454294681549072
Sample 18,Timer,0.4545705020427704
Sample 19,Chronos,0.9657115340232849
Sample 19,Time-MoE,0.0342884287238121
Sample 20,Chronos,0.5003144145011902
Sample 20,TimesFM,0.4996855854988098
Sample 21,Moirai,0.5150921940803528
Sample 21,Chronos,0.48490777611732483
Sample 22,Timer,0.5525643229484558
Sample 22,Moirai,0.4474356472492218
Sample 23,TimesFM,0.9714183211326599
Sample 23,Timer,0.02858167327940464
Sample 24,Moirai,0.7786905169487
Sample 24,TimesFM,0.22130949795246124
Sample 25,Timer,0.6732295751571655
Sample 25,Chronos,0.3267704248428345
Sample 26,Moirai,0.5710021257400513
Sample 26,Timer,0.42899784445762634
Sample 27,Chronos,0.9323835372924805
Sample 27,Time-MoE,0.06761641800403595
Sample 28,TimesFM,0.9466371536254883
Sample 28,Chronos,0.05336287245154381
Sample 29,TimesFM,0.6213604211807251
Sample 29,Timer,0.3786395788192749
Sample 30,Timer,0.6486489176750183
Sample 30,Moirai,0.3513510823249817
Sample 31,TimesFM,0.9198652505874634
Sample 31,Moirai,0.0801347941160202
Sample 0,TimesFM,0.8625503778457642
Sample 0,Moirai,0.13744956254959106
Sample 1,Timer,0.5428129434585571
Sample 1,Moirai,0.45718708634376526
Sample 2,Timer,0.7302406430244446
Sample 2,Time-MoE,0.2697593867778778
Sample 3,Chronos,0.8023234009742737
Sample 3,Moirai,0.19767659902572632
Sample 4,TimesFM,0.894639253616333
Sample 4,Chronos,0.1053607389330864
Sample 5,Moirai,0.6499924063682556
Sample 5,Timer,0.3500076234340668
Sample 6,Moirai,0.7838406562805176
Sample 6,TimesFM,0.21615929901599884
Sample 7,TimesFM,0.8863997459411621
Sample 7,Timer,0.11360029131174088
Sample 8,Moirai,0.5902315378189087
Sample 8,TimesFM,0.4097684919834137
Sample 9,Moirai,0.6363422870635986
Sample 9,Timer,0.3636576533317566
Sample 10,Timer,0.6562870144844055
Sample 10,Moirai,0.34371304512023926
Sample 11,Chronos,0.7987059354782104
Sample 11,Time-MoE,0.20129406452178955
Sample 12,Time-MoE,0.6292253136634827
Sample 12,Chronos,0.3707747161388397
Sample 13,Chronos,0.9485042691230774
Sample 13,Timer,0.051495712250471115
Sample 14,TimesFM,0.908677875995636
Sample 14,Time-MoE,0.09132207185029984
Sample 15,TimesFM,0.7681209444999695
Sample 15,Timer,0.2318790853023529
Sample 16,TimesFM,0.8952560424804688
Sample 16,Moirai,0.10474396497011185
Sample 17,Moirai,0.6305574178695679
Sample 17,Timer,0.36944255232810974
Sample 18,TimesFM,0.9641183614730835
Sample 18,Chronos,0.03588157892227173
Sample 19,Chronos,0.662882387638092
Sample 19,Moirai,0.33711764216423035
Sample 20,Moirai,0.5630058646202087
Sample 20,Chronos,0.43699413537979126
Sample 21,Moirai,0.5244269967079163
Sample 21,Timer,0.47557303309440613
Sample 22,Timer,0.7425726652145386
Sample 22,Chronos,0.2574273347854614
Sample 23,TimesFM,0.9755674600601196
Sample 23,Timer,0.024432558566331863
Sample 24,Moirai,0.9755138158798218
Sample 24,TimesFM,0.024486197158694267
Sample 25,Moirai,0.6414927244186401
Sample 25,Chronos,0.35850727558135986
Sample 26,TimesFM,0.8457102179527283
Sample 26,Moirai,0.15428978204727173
Sample 27,Moirai,0.5407435894012451
Sample 27,Chronos,0.4592563807964325
Sample 28,Moirai,0.529815673828125
Sample 28,Chronos,0.4701842665672302
Sample 29,Timer,0.7218453884124756
Sample 29,Time-MoE,0.2781546115875244
Sample 30,Moirai,0.8796692490577698
Sample 30,TimesFM,0.12033073604106903
Sample 31,TimesFM,0.5223195552825928
Sample 31,Timer,0.47768041491508484
Sample 0,Moirai,0.9558882713317871
Sample 0,Time-MoE,0.0441117100417614
Sample 1,Timer,0.6118248701095581
Sample 1,Chronos,0.3881751298904419
Sample 2,TimesFM,0.8830799460411072
Sample 2,Moirai,0.11691999435424805
Sample 3,Chronos,0.9160868525505066
Sample 3,Time-MoE,0.08391312509775162
Sample 4,Chronos,0.9797570109367371
Sample 4,Time-MoE,0.02024303376674652
Sample 5,Moirai,0.7018396258354187
Sample 5,Chronos,0.2981604337692261
Sample 6,Chronos,0.7422820329666138
Sample 6,Timer,0.2577179968357086
Sample 7,TimesFM,0.9005142450332642
Sample 7,Timer,0.09948580712080002
Sample 8,Moirai,0.7823038101196289
Sample 8,TimesFM,0.21769621968269348
Sample 9,Timer,0.5336461663246155
Sample 9,Moirai,0.4663538932800293
Sample 10,Timer,0.9168327450752258
Sample 10,Moirai,0.08316723257303238
Sample 11,Chronos,0.8841981291770935
Sample 11,Moirai,0.1158018484711647
Sample 12,TimesFM,0.7582732439041138
Sample 12,Chronos,0.24172674119472504
Sample 13,Moirai,0.5674160718917847
Sample 13,Chronos,0.43258392810821533
Sample 14,Moirai,0.6137852668762207
Sample 14,Timer,0.3862147927284241
Sample 15,TimesFM,0.9681780338287354
Sample 15,Timer,0.03182200342416763
Sample 0,Moirai,0.9425811171531677
Sample 0,TimesFM,0.05741894990205765
Sample 1,Timer,0.6481438279151917
Sample 1,Chronos,0.35185617208480835
Sample 2,Chronos,0.8786553740501404
Sample 2,Timer,0.1213446706533432
Sample 3,Chronos,0.9171019792556763
Sample 3,Moirai,0.08289799094200134
Sample 4,Timer,0.8442303538322449
Sample 4,TimesFM,0.15576967597007751
Sample 5,Timer,0.6326810717582703
Sample 5,Moirai,0.3673189878463745
Sample 6,Chronos,0.5288485884666443
Sample 6,Timer,0.4711514413356781
Sample 7,TimesFM,0.966891348361969
Sample 7,Timer,0.03310864418745041
Sample 8,Moirai,0.9719262719154358
Sample 8,TimesFM,0.02807372808456421
Sample 9,Timer,0.6590831875801086
Sample 9,Chronos,0.3409167528152466
Sample 10,TimesFM,0.6778353452682495
Sample 10,Timer,0.3221646845340729
Sample 11,Chronos,0.8104491233825684
Sample 11,Moirai,0.18955083191394806
Sample 12,TimesFM,0.9747982621192932
Sample 12,Timer,0.025201739743351936
Sample 13,Moirai,0.5030393004417419
Sample 13,Chronos,0.49696069955825806
Sample 14,Timer,0.5306770205497742
Sample 14,Time-MoE,0.46932294964790344
Sample 15,TimesFM,0.9814173579216003
Sample 15,Timer,0.018582681193947792
Sample 16,Moirai,0.9006373882293701
Sample 16,TimesFM,0.09936262667179108
Sample 17,Moirai,0.6126520037651062
Sample 17,Timer,0.3873479664325714
Sample 18,TimesFM,0.6359655261039734
Sample 18,Chronos,0.36403441429138184
Sample 19,Chronos,0.8167945742607117
Sample 19,Moirai,0.18320535123348236
Sample 20,Moirai,0.5277597308158875
Sample 20,Chronos,0.47224029898643494
Sample 21,Chronos,0.878852367401123
Sample 21,Moirai,0.12114760279655457
Sample 22,Chronos,0.8002408742904663
Sample 22,TimesFM,0.19975914061069489
Sample 23,Timer,0.6680909395217896
Sample 23,TimesFM,0.33190903067588806
Sample 24,TimesFM,0.5537274479866028
Sample 24,Moirai,0.44627249240875244
Sample 25,Timer,0.5841144323348999
Sample 25,Chronos,0.4158855676651001
Sample 26,Moirai,0.8863458037376404
Sample 26,Timer,0.11365415900945663
Sample 27,Chronos,0.6727105975151062
Sample 27,Moirai,0.3272894024848938
Sample 28,Chronos,0.9458770155906677
Sample 28,Timer,0.05412298068404198
Sample 29,Moirai,0.5565478205680847
Sample 29,Timer,0.44345223903656006
Sample 30,Moirai,0.8121970891952515
Sample 30,Time-MoE,0.18780286610126495
Sample 31,TimesFM,0.9388255476951599
Sample 31,Time-MoE,0.0611744225025177
Sample 0,TimesFM,0.8949880003929138
Sample 0,Moirai,0.10501197725534439
Sample 1,Moirai,0.6491965055465698
Sample 1,Timer,0.35080352425575256
Sample 2,Chronos,0.7353168725967407
Sample 2,TimesFM,0.26468315720558167
Sample 3,Chronos,0.8880950808525085
Sample 3,Time-MoE,0.11190489679574966
Sample 4,Chronos,0.648021936416626
Sample 4,Time-MoE,0.351978063583374
Sample 5,Moirai,0.6506526470184326
Sample 5,Timer,0.34934741258621216
Sample 6,Timer,0.7283084392547607
Sample 6,Time-MoE,0.27169156074523926
Sample 7,TimesFM,0.9743024706840515
Sample 7,Timer,0.02569749392569065
Sample 8,Moirai,0.9879817366600037
Sample 8,Chronos,0.01201824564486742
Sample 9,Moirai,0.6778843998908997
Sample 9,Timer,0.32211562991142273
Sample 10,Moirai,0.568498969078064
Sample 10,TimesFM,0.43150100111961365
Sample 11,Chronos,0.7507932186126709
Sample 11,TimesFM,0.2492068111896515
Sample 12,Chronos,0.5707208514213562
Sample 12,Timer,0.4292791783809662
Sample 13,Moirai,0.7279881238937378
Sample 13,Chronos,0.2720118463039398
Sample 14,Timer,0.7165196537971497
Sample 14,Chronos,0.28348034620285034
Sample 15,TimesFM,0.8733686208724976
Sample 15,Moirai,0.12663136422634125
Sample 16,Moirai,0.9826393127441406
Sample 16,TimesFM,0.017360715195536613
Sample 17,Moirai,0.5516695380210876
Sample 17,Timer,0.44833046197891235
Sample 18,TimesFM,0.8726497888565063
Sample 18,Time-MoE,0.12735018134117126
Sample 19,Chronos,0.751591145992279
Sample 19,Moirai,0.24840880930423737
Sample 20,Timer,0.6064667105674744
Sample 20,Moirai,0.39353328943252563
Sample 21,Moirai,0.6884587407112122
Sample 21,Chronos,0.31154125928878784
Sample 22,Timer,0.7719520926475525
Sample 22,Time-MoE,0.22804789245128632
Sample 23,TimesFM,0.8917067050933838
Sample 23,Chronos,0.10829327255487442
Sample 24,Moirai,0.9757861495018005
Sample 24,Chronos,0.024213816970586777
Sample 25,Timer,0.6371248364448547
Sample 25,Chronos,0.36287516355514526
Sample 26,Moirai,0.6357737183570862
Sample 26,Timer,0.3642263412475586
Sample 27,Chronos,0.9670423865318298
Sample 27,Time-MoE,0.032957661896944046
Sample 28,TimesFM,0.5348823666572571
Sample 28,Chronos,0.4651176631450653
Sample 29,Moirai,0.6828961968421936
Sample 29,Chronos,0.31710386276245117
Sample 30,Timer,0.6131457090377808
Sample 30,Chronos,0.38685429096221924
Sample 31,TimesFM,0.9587520956993103
Sample 31,Timer,0.04124787077307701
Sample 0,TimesFM,0.6033527851104736
Sample 0,Moirai,0.39664721488952637
Sample 1,Moirai,0.6651787161827087
Sample 1,Timer,0.33482128381729126
Sample 2,Moirai,0.8143277168273926
Sample 2,Chronos,0.18567228317260742
Sample 3,Chronos,0.8402078151702881
Sample 3,Time-MoE,0.15979215502738953
Sample 4,TimesFM,0.7006656527519226
Sample 4,Timer,0.2993343472480774
Sample 5,Timer,0.6572333574295044
Sample 5,Time-MoE,0.3427666425704956
Sample 6,Chronos,0.5619802474975586
Sample 6,Timer,0.4380197525024414
Sample 7,TimesFM,0.8443159461021423
Sample 7,Moirai,0.15568403899669647
Sample 8,Moirai,0.6487805247306824
Sample 8,TimesFM,0.35121944546699524
Sample 9,Timer,0.5966557264328003
Sample 9,Moirai,0.4033443033695221
Sample 10,Timer,0.5456849932670593
Sample 10,Chronos,0.45431503653526306
Sample 11,Chronos,0.991496741771698
Sample 11,Time-MoE,0.008503242395818233
Sample 12,TimesFM,0.5584980249404907
Sample 12,Chronos,0.4415019750595093
Sample 13,Moirai,0.5817133188247681
Sample 13,Chronos,0.41828668117523193
Sample 14,Timer,0.8053054213523865
Sample 14,Time-MoE,0.1946946233510971
Sample 15,TimesFM,0.8919175863265991
Sample 15,Timer,0.10808239877223969
Sample 16,Moirai,0.9478388428688049
Sample 16,Time-MoE,0.05216112360358238
Sample 17,Timer,0.7317146062850952
Sample 17,Time-MoE,0.2682854235172272
Sample 18,TimesFM,0.9698717594146729
Sample 18,Time-MoE,0.03012826293706894
Sample 19,Moirai,0.8051663041114807
Sample 19,Timer,0.19483372569084167
Sample 20,Chronos,0.6782167553901672
Sample 20,TimesFM,0.32178324460983276
Sample 21,Moirai,0.7409517168998718
Sample 21,Timer,0.2590482532978058
Sample 22,Timer,0.7221152186393738
Sample 22,Time-MoE,0.2778848111629486
Sample 23,Time-MoE,0.5290502309799194
Sample 23,Chronos,0.47094976902008057
Sample 24,TimesFM,0.8232756853103638
Sample 24,Moirai,0.17672429978847504
Sample 25,Timer,0.5303921699523926
Sample 25,Chronos,0.4696078598499298
Sample 26,TimesFM,0.9827702045440674
Sample 26,Timer,0.017229830846190453
Sample 27,Chronos,0.9917312264442444
Sample 27,Time-MoE,0.008268745616078377
Sample 28,Chronos,0.513218104839325
Sample 28,TimesFM,0.4867819547653198
Sample 29,Chronos,0.6932584643363953
Sample 29,Moirai,0.30674147605895996
Sample 30,Timer,0.575846791267395
Sample 30,Moirai,0.4241531491279602
Sample 31,TimesFM,0.93829345703125
Sample 31,Chronos,0.06170649826526642
Sample 0,TimesFM,0.794880211353302
Sample 0,Moirai,0.20511971414089203
Sample 1,Moirai,0.6022821664810181
Sample 1,Timer,0.39771780371665955
Sample 2,Timer,0.6890003681182861
Sample 2,TimesFM,0.31099963188171387
Sample 3,Chronos,0.7766286730766296
Sample 3,Moirai,0.22337132692337036
Sample 4,Timer,0.8923102617263794
Sample 4,Time-MoE,0.10768973082304001
Sample 5,Chronos,0.9352003931999207
Sample 5,TimesFM,0.06479959189891815
Sample 6,Moirai,0.6265408992767334
Sample 6,Chronos,0.3734590709209442
Sample 7,TimesFM,0.7715215682983398
Sample 7,Time-MoE,0.22847844660282135
Sample 8,Moirai,0.6827384233474731
Sample 8,TimesFM,0.3172615170478821
Sample 9,Timer,0.5448041558265686
Sample 9,Moirai,0.4551958441734314
Sample 10,Chronos,0.9478644728660583
Sample 10,Time-MoE,0.05213557556271553
Sample 11,Chronos,0.9445741176605225
Sample 11,Time-MoE,0.05542583391070366
Sample 12,TimesFM,0.8155737519264221
Sample 12,Chronos,0.18442626297473907
Sample 13,Timer,0.5944573283195496
Sample 13,Chronos,0.40554267168045044
Sample 14,Moirai,0.620086133480072
Sample 14,Time-MoE,0.3799138367176056
Sample 15,TimesFM,0.8682448267936707
Sample 15,Chronos,0.13175515830516815
Sample 16,Moirai,0.6235533952713013
Sample 16,TimesFM,0.3764466345310211
Sample 17,Chronos,0.6123663187026978
Sample 17,Timer,0.38763365149497986
Sample 18,TimesFM,0.7682422995567322
Sample 18,Timer,0.23175770044326782
Sample 19,Chronos,0.9746965765953064
Sample 19,Time-MoE,0.025303388014435768
Sample 20,Chronos,0.5514626502990723
Sample 20,TimesFM,0.4485374093055725
Sample 21,Chronos,0.6180270314216614
Sample 21,Moirai,0.3819730281829834
Sample 22,Moirai,0.577616810798645
Sample 22,Timer,0.4223831295967102
Sample 23,TimesFM,0.9255245327949524
Sample 23,Timer,0.07447545230388641
Sample 24,TimesFM,0.7216130495071411
Sample 24,Moirai,0.2783869504928589
Sample 25,Chronos,0.5117467045783997
Sample 25,Moirai,0.48825329542160034
Sample 26,TimesFM,0.905767023563385
Sample 26,Chronos,0.09423299133777618
Sample 27,Chronos,0.870493471622467
Sample 27,Timer,0.12950649857521057
Sample 28,TimesFM,0.9730085134506226
Sample 28,Chronos,0.02699148654937744
Sample 29,Chronos,0.8596784472465515
Sample 29,Time-MoE,0.14032158255577087
Sample 30,Moirai,0.6609725952148438
Sample 30,Timer,0.33902737498283386
Sample 31,TimesFM,0.9716623425483704
Sample 31,Timer,0.028337599709630013
Sample 0,Moirai,0.9453607797622681
Sample 0,TimesFM,0.054639190435409546
Sample 1,Moirai,0.5370864868164062
Sample 1,Timer,0.462913453578949
Sample 2,Timer,0.6032519340515137
Sample 2,Chronos,0.3967480957508087
Sample 3,Chronos,0.8639097809791565
Sample 3,Moirai,0.1360902637243271
Sample 4,Timer,0.8487752676010132
Sample 4,TimesFM,0.1512247622013092
Sample 5,Timer,0.5316473841667175
Sample 5,Moirai,0.46835264563560486
Sample 6,Timer,0.6961241960525513
Sample 6,Moirai,0.30387577414512634
Sample 7,TimesFM,0.9067546129226685
Sample 7,Moirai,0.09324545413255692
Sample 8,Moirai,0.9875812530517578
Sample 8,TimesFM,0.012418767437338829
Sample 9,Timer,0.5739224553108215
Sample 9,Moirai,0.42607757449150085
Sample 10,TimesFM,0.9751471877098083
Sample 10,Moirai,0.024852778762578964
Sample 11,Chronos,0.867274820804596
Sample 11,Timer,0.13272520899772644
Sample 12,Chronos,0.6188945174217224
Sample 12,TimesFM,0.3811055123806
Sample 13,Moirai,0.7045950293540955
Sample 13,Chronos,0.29540497064590454
Sample 14,Time-MoE,0.5292837619781494
Sample 14,Timer,0.470716267824173
Sample 15,TimesFM,0.6911616325378418
Sample 15,Timer,0.3088383972644806
Sample 16,Moirai,0.9792166352272034
Sample 16,Chronos,0.02078341320157051
Sample 17,Timer,0.5759534239768982
Sample 17,Chronos,0.4240465760231018
Sample 18,Moirai,0.5250436663627625
Sample 18,Timer,0.47495636343955994
Sample 19,Chronos,0.9604309797286987
Sample 19,Time-MoE,0.03956896811723709
Sample 20,Chronos,0.5353106260299683
Sample 20,TimesFM,0.46468937397003174
Sample 21,Moirai,0.5573506951332092
Sample 21,Chronos,0.44264930486679077
Sample 22,Timer,0.5749080777168274
Sample 22,Moirai,0.4250919222831726
Sample 23,TimesFM,0.9742348194122314
Sample 23,Time-MoE,0.025765148922801018
Sample 24,Moirai,0.7872671484947205
Sample 24,TimesFM,0.21273285150527954
Sample 25,Timer,0.7179900407791138
Sample 25,Moirai,0.28200995922088623
Sample 26,Moirai,0.5552971363067627
Sample 26,Timer,0.4447028636932373
Sample 27,Chronos,0.9191575050354004
Sample 27,Time-MoE,0.08084249496459961
Sample 28,TimesFM,0.9443017244338989
Sample 28,Chronos,0.055698275566101074
Sample 29,TimesFM,0.6141767501831055
Sample 29,Timer,0.38582324981689453
Sample 30,Timer,0.6583956480026245
Sample 30,Moirai,0.3416043221950531
Sample 31,TimesFM,0.9200882315635681
Sample 31,Moirai,0.07991181313991547
Sample 0,TimesFM,0.8583056926727295
Sample 0,Moirai,0.14169424772262573
Sample 1,Timer,0.5628610253334045
Sample 1,Moirai,0.43713894486427307
Sample 2,Timer,0.7276609539985657
Sample 2,Time-MoE,0.2723390460014343
Sample 3,Chronos,0.7801727652549744
Sample 3,Moirai,0.21982723474502563
Sample 4,TimesFM,0.8879767656326294
Sample 4,Chronos,0.11202330887317657
Sample 5,Moirai,0.6292603611946106
Sample 5,Timer,0.3707396686077118
Sample 6,Moirai,0.7826489210128784
Sample 6,Time-MoE,0.21735110878944397
Sample 7,TimesFM,0.8833354115486145
Sample 7,Chronos,0.1166645884513855
Sample 8,Moirai,0.5960167646408081
Sample 8,TimesFM,0.4039832353591919
Sample 9,Moirai,0.6161880493164062
Sample 9,Timer,0.38381195068359375
Sample 10,Timer,0.680456817150116
Sample 10,Moirai,0.3195432424545288
Sample 11,Chronos,0.7605201005935669
Sample 11,Time-MoE,0.2394798994064331
Sample 12,Time-MoE,0.6388598680496216
Sample 12,Chronos,0.36114010214805603
Sample 13,Chronos,0.947468638420105
Sample 13,Time-MoE,0.05253131687641144
Sample 14,TimesFM,0.9076767563819885
Sample 14,Time-MoE,0.09232322871685028
Sample 15,TimesFM,0.7711467146873474
Sample 15,Timer,0.2288532555103302
Sample 16,TimesFM,0.8911712169647217
Sample 16,Moirai,0.10882879793643951
Sample 17,Moirai,0.6139214634895325
Sample 17,Timer,0.38607850670814514
Sample 18,TimesFM,0.9625047445297241
Sample 18,Chronos,0.03749523684382439
Sample 19,Chronos,0.6286444664001465
Sample 19,Moirai,0.3713555335998535
Sample 20,Moirai,0.5934872031211853
Sample 20,Chronos,0.4065128266811371
Sample 21,Moirai,0.5037816166877747
Sample 21,Timer,0.49621835350990295
Sample 22,Timer,0.7429061532020569
Sample 22,Time-MoE,0.2570939064025879
Sample 23,TimesFM,0.9768192172050476
Sample 23,Timer,0.023180751129984856
Sample 24,Moirai,0.9784841537475586
Sample 24,TimesFM,0.021515915170311928
Sample 25,Moirai,0.6355811953544617
Sample 25,Timer,0.36441874504089355
Sample 26,TimesFM,0.8445775508880615
Sample 26,Moirai,0.1554224193096161
Sample 27,Moirai,0.5798988342285156
Sample 27,Chronos,0.42010119557380676
Sample 28,Moirai,0.5184449553489685
Sample 28,Chronos,0.4815550744533539
Sample 29,Timer,0.7196516990661621
Sample 29,Time-MoE,0.2803482711315155
Sample 30,Moirai,0.8852024674415588
Sample 30,Time-MoE,0.11479748040437698
Sample 31,TimesFM,0.5457130074501038
Sample 31,Timer,0.45428699254989624
Sample 0,Moirai,0.957161009311676
Sample 0,Time-MoE,0.042838968336582184
Sample 1,Timer,0.6526784896850586
Sample 1,Time-MoE,0.34732145071029663
Sample 2,TimesFM,0.8823018074035645
Sample 2,Moirai,0.11769821494817734
Sample 3,Chronos,0.8999398946762085
Sample 3,Time-MoE,0.1000601202249527
Sample 4,Chronos,0.9791228771209717
Sample 4,Time-MoE,0.020877160131931305
Sample 5,Moirai,0.7365966439247131
Sample 5,Chronos,0.26340335607528687
Sample 6,Chronos,0.6907621026039124
Sample 6,Timer,0.30923786759376526
Sample 7,TimesFM,0.9061086773872375
Sample 7,Timer,0.09389137476682663
Sample 8,Moirai,0.793457567691803
Sample 8,TimesFM,0.20654238760471344
Sample 9,Timer,0.5587564706802368
Sample 9,Moirai,0.4412435293197632
Sample 10,Timer,0.9234944581985474
Sample 10,Time-MoE,0.07650560140609741
Sample 11,Chronos,0.8611937761306763
Sample 11,Time-MoE,0.13880623877048492
Sample 12,TimesFM,0.7474982738494873
Sample 12,Timer,0.2525016963481903
Sample 13,Moirai,0.5518813729286194
Sample 13,Timer,0.448118656873703
Sample 14,Moirai,0.5908809304237366
Sample 14,Timer,0.40911903977394104
Sample 15,TimesFM,0.9700921773910522
Sample 15,Timer,0.029907839372754097
Sample 0,Moirai,0.9463557600975037
Sample 0,TimesFM,0.05364421010017395
Sample 1,Timer,0.6927528381347656
Sample 1,Chronos,0.3072471022605896
Sample 2,Chronos,0.8896076679229736
Sample 2,Timer,0.11039236932992935
Sample 3,Chronos,0.9090925455093384
Sample 3,Time-MoE,0.09090743213891983
Sample 4,Timer,0.8539689779281616
Sample 4,TimesFM,0.14603106677532196
Sample 5,Timer,0.657204270362854
Sample 5,Moirai,0.3427957594394684
Sample 6,Timer,0.5203791856765747
Sample 6,Chronos,0.4796207845211029
Sample 7,TimesFM,0.9682683348655701
Sample 7,Timer,0.031731728464365005
Sample 8,Moirai,0.9739722609519958
Sample 8,TimesFM,0.02602774277329445
Sample 9,Timer,0.68785160779953
Sample 9,Time-MoE,0.31214845180511475
Sample 10,TimesFM,0.6840052008628845
Sample 10,Timer,0.31599485874176025
Sample 11,Chronos,0.8019623756408691
Sample 11,Moirai,0.19803759455680847
Sample 12,TimesFM,0.9742147922515869
Sample 12,Moirai,0.025785204023122787
Sample 13,Moirai,0.5255961418151855
Sample 13,Chronos,0.47440385818481445
Sample 14,Timer,0.5245500206947327
Sample 14,Time-MoE,0.47544994950294495
Sample 15,TimesFM,0.9822465777397156
Sample 15,Timer,0.01775342971086502
Sample 16,Moirai,0.9067925214767456
Sample 16,TimesFM,0.09320744127035141
Sample 17,Moirai,0.5873377323150635
Sample 17,Timer,0.41266220808029175
Sample 18,TimesFM,0.6348735094070435
Sample 18,Chronos,0.36512643098831177
Sample 19,Chronos,0.8065389394760132
Sample 19,Moirai,0.19346104562282562
Sample 20,Moirai,0.5227078795433044
Sample 20,Chronos,0.47729212045669556
Sample 21,Chronos,0.875346839427948
Sample 21,Moirai,0.12465319782495499
Sample 22,Chronos,0.79792720079422
Sample 22,TimesFM,0.20207281410694122
Sample 23,Timer,0.6616948246955872
Sample 23,TimesFM,0.33830520510673523
Sample 24,TimesFM,0.5375936627388
Sample 24,Moirai,0.46240630745887756
Sample 25,Timer,0.6288829445838928
Sample 25,Chronos,0.37111708521842957
Sample 26,Moirai,0.8863750100135803
Sample 26,Timer,0.1136249378323555
Sample 27,Chronos,0.664231538772583
Sample 27,Moirai,0.3357684910297394
Sample 28,Chronos,0.9568784832954407
Sample 28,Timer,0.04312150925397873
Sample 29,Moirai,0.523263692855835
Sample 29,Timer,0.47673627734184265
Sample 30,Moirai,0.8012794256210327
Sample 30,Time-MoE,0.1987205296754837
Sample 31,TimesFM,0.9437595009803772
Sample 31,Time-MoE,0.05624054744839668
Sample 0,TimesFM,0.8912912607192993
Sample 0,Moirai,0.1087086871266365
Sample 1,Moirai,0.6275748610496521
Sample 1,Timer,0.3724251389503479
Sample 2,Chronos,0.7320782542228699
Sample 2,TimesFM,0.2679217457771301
Sample 3,Chronos,0.8802366852760315
Sample 3,Time-MoE,0.1197633370757103
Sample 4,Chronos,0.6571752429008484
Sample 4,Time-MoE,0.3428247272968292
Sample 5,Moirai,0.624476969242096
Sample 5,Timer,0.37552306056022644
Sample 6,Timer,0.718755841255188
Sample 6,Time-MoE,0.281244158744812
Sample 7,TimesFM,0.9757738709449768
Sample 7,Timer,0.024226145818829536
Sample 8,Moirai,0.9888426065444946
Sample 8,Chronos,0.0111573850736022
Sample 9,Moirai,0.6545882821083069
Sample 9,Timer,0.3454116880893707
Sample 10,Moirai,0.5265347957611084
Sample 10,TimesFM,0.4734652042388916
Sample 11,Chronos,0.750698447227478
Sample 11,TimesFM,0.24930152297019958
Sample 12,Chronos,0.5522465705871582
Sample 12,Timer,0.4477533996105194
Sample 13,Moirai,0.7267587184906006
Sample 13,Timer,0.2732412815093994
Sample 14,Timer,0.7351197600364685
Sample 14,Chronos,0.2648802399635315
Sample 15,TimesFM,0.8719316720962524
Sample 15,Moirai,0.12806834280490875
Sample 16,Moirai,0.9835259914398193
Sample 16,TimesFM,0.01647399738430977
Sample 17,Moirai,0.5275505185127258
Sample 17,Timer,0.47244948148727417
Sample 18,TimesFM,0.8754516839981079
Sample 18,Time-MoE,0.12454824149608612
Sample 19,Chronos,0.7512218952178955
Sample 19,Moirai,0.2487781047821045
Sample 20,Timer,0.6195551156997681
Sample 20,Moirai,0.3804449141025543
Sample 21,Moirai,0.671090841293335
Sample 21,Timer,0.32890912890434265
Sample 22,Timer,0.7665299773216248
Sample 22,Time-MoE,0.23347008228302002
Sample 23,TimesFM,0.8852628469467163
Sample 23,Chronos,0.1147371381521225
Sample 24,Moirai,0.9779160618782043
Sample 24,Chronos,0.02208392508327961
Sample 25,Timer,0.6669184565544128
Sample 25,Chronos,0.33308151364326477
Sample 26,Moirai,0.6116315126419067
Sample 26,Timer,0.38836854696273804
Sample 27,Chronos,0.9651634097099304
Sample 27,Time-MoE,0.034836605191230774
Sample 28,TimesFM,0.5082834362983704
Sample 28,Chronos,0.49171653389930725
Sample 29,Moirai,0.6930989623069763
Sample 29,Chronos,0.3069010078907013
Sample 30,Timer,0.6455587148666382
Sample 30,Chronos,0.3544413447380066
Sample 31,TimesFM,0.960570216178894
Sample 31,Timer,0.039429813623428345
Sample 0,TimesFM,0.5989874005317688
Sample 0,Moirai,0.4010126292705536
Sample 1,Moirai,0.644503653049469
Sample 1,Timer,0.3554963171482086
Sample 2,Moirai,0.8129920363426208
Sample 2,Chronos,0.18700796365737915
Sample 3,Chronos,0.8403072953224182
Sample 3,Time-MoE,0.1596927046775818
Sample 4,TimesFM,0.7080241441726685
Sample 4,Timer,0.29197585582733154
Sample 5,Timer,0.6594443321228027
Sample 5,Time-MoE,0.34055569767951965
Sample 6,Chronos,0.5580799579620361
Sample 6,Timer,0.4419200122356415
Sample 7,TimesFM,0.8387221693992615
Sample 7,Moirai,0.16127780079841614
Sample 8,Moirai,0.6601520776748657
Sample 8,TimesFM,0.3398479223251343
Sample 9,Timer,0.6176254749298096
Sample 9,Moirai,0.3823745548725128
Sample 10,Timer,0.5596832036972046
Sample 10,Chronos,0.4403168261051178
Sample 11,Chronos,0.9915873408317566
Sample 11,Time-MoE,0.008412587456405163
Sample 12,TimesFM,0.5431951284408569
Sample 12,Chronos,0.4568048417568207
Sample 13,Moirai,0.5763892531394958
Sample 13,Chronos,0.42361077666282654
Sample 14,Timer,0.8026092648506165
Sample 14,Time-MoE,0.19739075005054474
Sample 15,TimesFM,0.8967471718788147
Sample 15,Timer,0.1032528430223465
Sample 16,Moirai,0.947263240814209
Sample 16,Timer,0.05273675173521042
Sample 17,Timer,0.7303656935691833
Sample 17,Time-MoE,0.26963430643081665
Sample 18,TimesFM,0.9688122272491455
Sample 18,Time-MoE,0.031187811866402626
Sample 19,Moirai,0.8085845112800598
Sample 19,Timer,0.19141553342342377
Sample 20,Chronos,0.694989025592804
Sample 20,TimesFM,0.30501100420951843
Sample 21,Moirai,0.7306098341941833
Sample 21,Timer,0.2693901062011719
Sample 22,Timer,0.7234800457954407
Sample 22,Time-MoE,0.27651989459991455
Sample 23,Time-MoE,0.5224164724349976
Sample 23,Chronos,0.4775835871696472
Sample 24,TimesFM,0.8150957226753235
Sample 24,Moirai,0.1849043220281601
Sample 25,Timer,0.5457792282104492
Sample 25,Chronos,0.45422080159187317
Sample 26,TimesFM,0.9843222498893738
Sample 26,Time-MoE,0.015677673742175102
Sample 27,Chronos,0.9920532703399658
Sample 27,Time-MoE,0.007946676574647427
Sample 28,Chronos,0.5274018049240112
Sample 28,TimesFM,0.47259819507598877
Sample 29,Chronos,0.6974481344223022
Sample 29,Moirai,0.30255186557769775
Sample 30,Timer,0.6027534008026123
Sample 30,Moirai,0.3972465693950653
Sample 31,TimesFM,0.937288761138916
Sample 31,Chronos,0.06271123141050339
Sample 0,TimesFM,0.7898423075675964
Sample 0,Moirai,0.21015766263008118
Sample 1,Moirai,0.5891830921173096
Sample 1,Timer,0.41081690788269043
Sample 2,Timer,0.6985580921173096
Sample 2,TimesFM,0.30144190788269043
Sample 3,Chronos,0.7852888703346252
Sample 3,Time-MoE,0.21471115946769714
Sample 4,Timer,0.8921595811843872
Sample 4,Time-MoE,0.10784044116735458
Sample 5,Chronos,0.9386151432991028
Sample 5,TimesFM,0.061384908854961395
Sample 6,Moirai,0.6071982383728027
Sample 6,Chronos,0.39280179142951965
Sample 7,TimesFM,0.7738741040229797
Sample 7,Time-MoE,0.22612589597702026
Sample 8,Moirai,0.6857187747955322
Sample 8,TimesFM,0.3142812252044678
Sample 9,Timer,0.5584362149238586
Sample 9,Moirai,0.44156375527381897
Sample 10,Chronos,0.948830783367157
Sample 10,Time-MoE,0.05116923153400421
Sample 11,Chronos,0.9479155540466309
Sample 11,Time-MoE,0.05208446830511093
Sample 12,TimesFM,0.813947319984436
Sample 12,Chronos,0.18605268001556396
Sample 13,Timer,0.5899436473846436
Sample 13,Chronos,0.41005635261535645
Sample 14,Moirai,0.589135468006134
Sample 14,Time-MoE,0.41086453199386597
Sample 15,TimesFM,0.8699681758880615
Sample 15,Chronos,0.13003185391426086
Sample 16,Moirai,0.6323084235191345
Sample 16,TimesFM,0.36769160628318787
Sample 17,Chronos,0.6213474273681641
Sample 17,Timer,0.37865251302719116
Sample 18,TimesFM,0.7638627886772156
Sample 18,Timer,0.23613721132278442
Sample 19,Chronos,0.9760395288467407
Sample 19,Time-MoE,0.023960445076227188
Sample 20,Chronos,0.5642607808113098
Sample 20,TimesFM,0.4357391893863678
Sample 21,Chronos,0.6353057622909546
Sample 21,Time-MoE,0.364694207906723
Sample 22,Moirai,0.5676445960998535
Sample 22,Timer,0.4323554039001465
Sample 23,TimesFM,0.9260001182556152
Sample 23,Timer,0.07399989664554596
Sample 24,TimesFM,0.7129806280136108
Sample 24,Moirai,0.28701940178871155
Sample 25,Chronos,0.5223131775856018
Sample 25,Timer,0.4776867628097534
Sample 26,TimesFM,0.9048680067062378
Sample 26,Chronos,0.09513194113969803
Sample 27,Chronos,0.8759868741035461
Sample 27,Timer,0.12401307374238968
Sample 28,TimesFM,0.9739108681678772
Sample 28,Chronos,0.02608906850218773
Sample 29,Chronos,0.8612863421440125
Sample 29,Time-MoE,0.13871361315250397
Sample 30,Moirai,0.648185670375824
Sample 30,Timer,0.351814329624176
Sample 31,TimesFM,0.9719899892807007
Sample 31,Timer,0.02801005356013775
Sample 0,Moirai,0.9458949565887451
Sample 0,TimesFM,0.054104991257190704
Sample 1,Moirai,0.5340072512626648
Sample 1,Timer,0.4659927785396576
Sample 2,Timer,0.5858988165855408
Sample 2,Chronos,0.41410118341445923
Sample 3,Chronos,0.8823999166488647
Sample 3,Moirai,0.11760009080171585
Sample 4,Timer,0.8474755883216858
Sample 4,TimesFM,0.1525244265794754
Sample 5,Timer,0.5380730032920837
Sample 5,Moirai,0.4619269371032715
Sample 6,Timer,0.6976584196090698
Sample 6,Moirai,0.3023415803909302
Sample 7,TimesFM,0.9056548476219177
Sample 7,Moirai,0.09434511512517929
Sample 8,Moirai,0.9878809452056885
Sample 8,TimesFM,0.012119004502892494
Sample 9,Timer,0.5765321254730225
Sample 9,Moirai,0.42346787452697754
Sample 10,TimesFM,0.9756609797477722
Sample 10,Moirai,0.024339066818356514
Sample 11,Chronos,0.872856080532074
Sample 11,Moirai,0.12714384496212006
Sample 12,Chronos,0.6269522309303284
Sample 12,TimesFM,0.37304776906967163
Sample 13,Moirai,0.6983867287635803
Sample 13,Chronos,0.30161330103874207
Sample 14,Time-MoE,0.5310952067375183
Sample 14,Timer,0.46890485286712646
Sample 15,TimesFM,0.6860963702201843
Sample 15,Time-MoE,0.3139036297798157
Sample 16,Moirai,0.9797790050506592
Sample 16,Chronos,0.020221030339598656
Sample 17,Timer,0.552184522151947
Sample 17,Chronos,0.44781553745269775
Sample 18,Moirai,0.5159265995025635
Sample 18,Timer,0.4840734302997589
Sample 19,Chronos,0.9643517136573792
Sample 19,Time-MoE,0.03564831614494324
Sample 20,Chronos,0.5364757180213928
Sample 20,TimesFM,0.4635242819786072
Sample 21,Moirai,0.5264509916305542
Sample 21,Chronos,0.4735489785671234
Sample 22,Timer,0.5824471712112427
Sample 22,Moirai,0.4175528287887573
Sample 23,TimesFM,0.9745889902114868
Sample 23,Timer,0.02541101910173893
Sample 24,Moirai,0.7858728766441345
Sample 24,TimesFM,0.21412715315818787
Sample 25,Timer,0.7051030397415161
Sample 25,Chronos,0.2948969900608063
Sample 26,Moirai,0.5386945605278015
Sample 26,Timer,0.4613054096698761
Sample 27,Chronos,0.9272768497467041
Sample 27,Time-MoE,0.07272318750619888
Sample 28,TimesFM,0.9493970274925232
Sample 28,Chronos,0.050603050738573074
Sample 29,TimesFM,0.6343266367912292
Sample 29,Timer,0.36567339301109314
Sample 30,Timer,0.65793776512146
Sample 30,Moirai,0.34206217527389526
Sample 31,TimesFM,0.9189173579216003
Sample 31,Moirai,0.08108262717723846
Sample 0,TimesFM,0.8643409013748169
Sample 0,Moirai,0.1356590837240219
Sample 1,Timer,0.5593061447143555
Sample 1,Moirai,0.4406938850879669
Sample 2,Timer,0.7250175476074219
Sample 2,Time-MoE,0.27498242259025574
Sample 3,Chronos,0.8146553635597229
Sample 3,Moirai,0.18534468114376068
Sample 4,TimesFM,0.8938927054405212
Sample 4,Chronos,0.10610727965831757
Sample 5,Moirai,0.6260956525802612
Sample 5,Timer,0.37390434741973877
Sample 6,Moirai,0.7829614877700806
Sample 6,Time-MoE,0.21703848242759705
Sample 7,TimesFM,0.8913492560386658
Sample 7,Chronos,0.10865078866481781
Sample 8,Moirai,0.5777012705802917
Sample 8,TimesFM,0.42229869961738586
Sample 9,Moirai,0.6179348230361938
Sample 9,Timer,0.38206517696380615
Sample 10,Timer,0.6962242126464844
Sample 10,Moirai,0.30377575755119324
Sample 11,Chronos,0.785368800163269
Sample 11,Time-MoE,0.21463124454021454
Sample 12,Time-MoE,0.6399397253990173
Sample 12,Chronos,0.36006030440330505
Sample 13,Chronos,0.9511198401451111
Sample 13,Time-MoE,0.04888017475605011
Sample 14,TimesFM,0.9131328463554382
Sample 14,Time-MoE,0.08686713129281998
Sample 15,TimesFM,0.7712225914001465
Sample 15,Timer,0.2287774682044983
Sample 16,TimesFM,0.8934491276741028
Sample 16,Moirai,0.10655087977647781
Sample 17,Moirai,0.6190140843391418
Sample 17,Timer,0.3809858560562134
Sample 18,TimesFM,0.9661605954170227
Sample 18,Chronos,0.03383946046233177
Sample 19,Chronos,0.6703768372535706
Sample 19,Moirai,0.32962310314178467
Sample 20,Moirai,0.5585572123527527
Sample 20,Chronos,0.4414427876472473
Sample 21,Moirai,0.5061843395233154
Sample 21,Timer,0.49381569027900696
Sample 22,Timer,0.7283831834793091
Sample 22,Time-MoE,0.27161678671836853
Sample 23,TimesFM,0.9766853451728821
Sample 23,Timer,0.023314649239182472
Sample 24,Moirai,0.9786078333854675
Sample 24,TimesFM,0.021392082795500755
Sample 25,Moirai,0.6360985636711121
Sample 25,Timer,0.36390143632888794
Sample 26,TimesFM,0.8462988138198853
Sample 26,Moirai,0.15370117127895355
Sample 27,Moirai,0.5355627536773682
Sample 27,Chronos,0.46443724632263184
Sample 28,Chronos,0.5065792798995972
Sample 28,Moirai,0.49342072010040283
Sample 29,Timer,0.7068001627922058
Sample 29,Time-MoE,0.2931998372077942
Sample 30,Moirai,0.8835158348083496
Sample 30,TimesFM,0.11648423224687576
Sample 31,TimesFM,0.5291685461997986
Sample 31,Timer,0.4708314538002014
Sample 0,Moirai,0.9592231512069702
Sample 0,Time-MoE,0.0407768078148365
Sample 1,Timer,0.6183053851127625
Sample 1,Chronos,0.38169461488723755
Sample 2,TimesFM,0.8878433704376221
Sample 2,Moirai,0.11215663701295853
Sample 3,Chronos,0.9179132580757141
Sample 3,Time-MoE,0.0820867195725441
Sample 4,Chronos,0.9804909825325012
Sample 4,Time-MoE,0.019509071484208107
Sample 5,Moirai,0.7043483257293701
Sample 5,Chronos,0.2956516444683075
Sample 6,Chronos,0.7442940473556519
Sample 6,Timer,0.25570598244667053
Sample 7,TimesFM,0.9034276008605957
Sample 7,Timer,0.09657241404056549
Sample 8,Moirai,0.7802522778511047
Sample 8,TimesFM,0.21974773705005646
Sample 9,Timer,0.5459511280059814
Sample 9,Moirai,0.45404890179634094
Sample 10,Timer,0.9282261729240417
Sample 10,Time-MoE,0.07177387177944183
Sample 11,Chronos,0.8874074220657349
Sample 11,Time-MoE,0.11259258538484573
Sample 12,TimesFM,0.7501347661018372
Sample 12,Chronos,0.24986518919467926
Sample 13,Moirai,0.5572082996368408
Sample 13,Chronos,0.4427916705608368
Sample 14,Moirai,0.6006171107292175
Sample 14,Timer,0.3993828296661377
Sample 15,TimesFM,0.9696579575538635
Sample 15,Timer,0.030342044308781624
Sample 0,Moirai,0.9423614740371704
Sample 0,TimesFM,0.057638511061668396
Sample 1,Timer,0.6345974802970886
Sample 1,Chronos,0.36540254950523376
Sample 2,Chronos,0.8962122201919556
Sample 2,Timer,0.10378783196210861
Sample 3,Chronos,0.9281860589981079
Sample 3,Time-MoE,0.07181394845247269
Sample 4,Timer,0.8482542037963867
Sample 4,TimesFM,0.15174582600593567
Sample 5,Timer,0.6326636672019958
Sample 5,Chronos,0.3673362731933594
Sample 6,Chronos,0.5431255102157593
Sample 6,Timer,0.4568745493888855
Sample 7,TimesFM,0.9672209620475769
Sample 7,Timer,0.03277898207306862
Sample 8,Moirai,0.9723780155181885
Sample 8,TimesFM,0.027622031047940254
Sample 9,Timer,0.6441043615341187
Sample 9,Chronos,0.35589566826820374
Sample 10,TimesFM,0.6940449476242065
Sample 10,Timer,0.30595505237579346
Sample 11,Chronos,0.8366578817367554
Sample 11,Moirai,0.1633421629667282
Sample 12,TimesFM,0.9748004078865051
Sample 12,Timer,0.025199590250849724
Sample 13,Chronos,0.5259408950805664
Sample 13,Moirai,0.4740590751171112
Sample 14,Timer,0.5039871335029602
Sample 14,Time-MoE,0.4960128664970398
Sample 15,TimesFM,0.9818690419197083
Sample 15,Timer,0.01813093014061451
Sample 16,Moirai,0.9030165076255798
Sample 16,TimesFM,0.09698349237442017
Sample 17,Moirai,0.6017885208129883
Sample 17,Timer,0.39821144938468933
Sample 18,TimesFM,0.6414672136306763
Sample 18,Chronos,0.35853278636932373
Sample 19,Chronos,0.8432134389877319
Sample 19,Moirai,0.1567865014076233
Sample 20,Chronos,0.5168753266334534
Sample 20,Moirai,0.48312467336654663
Sample 21,Chronos,0.8979425430297852
Sample 21,Moirai,0.10205741226673126
Sample 22,Chronos,0.8205777406692505
Sample 22,Time-MoE,0.17942221462726593
Sample 23,Timer,0.6581692695617676
Sample 23,TimesFM,0.34183070063591003
Sample 24,TimesFM,0.5524201989173889
Sample 24,Moirai,0.4475798010826111
Sample 25,Timer,0.5641833543777466
Sample 25,Chronos,0.4358166456222534
Sample 26,Moirai,0.8941953182220459
Sample 26,Timer,0.1058046966791153
Sample 27,Chronos,0.6860166788101196
Sample 27,Moirai,0.313983291387558
Sample 28,Chronos,0.9539902806282043
Sample 28,Timer,0.046009767800569534
Sample 29,Moirai,0.5287382006645203
Sample 29,Timer,0.4712618291378021
Sample 30,Moirai,0.7997515201568604
Sample 30,Time-MoE,0.20024846494197845
Sample 31,TimesFM,0.9467732310295105
Sample 31,Time-MoE,0.05322668328881264
Sample 0,TimesFM,0.899311900138855
Sample 0,Moirai,0.10068804770708084
Sample 1,Moirai,0.6495091319084167
Sample 1,Timer,0.35049089789390564
Sample 2,Chronos,0.7390268445014954
Sample 2,TimesFM,0.26097312569618225
Sample 3,Chronos,0.903050422668457
Sample 3,Time-MoE,0.09694956988096237
Sample 4,Chronos,0.6698082089424133
Sample 4,Time-MoE,0.33019185066223145
Sample 5,Moirai,0.6441135406494141
Sample 5,Timer,0.35588645935058594
Sample 6,Timer,0.6900759339332581
Sample 6,Time-MoE,0.30992406606674194
Sample 7,TimesFM,0.974922239780426
Sample 7,Timer,0.025077801197767258
Sample 8,Moirai,0.9880043268203735
Sample 8,Chronos,0.011995760723948479
Sample 9,Moirai,0.6738094091415405
Sample 9,Timer,0.3261905610561371
Sample 10,TimesFM,0.5161142349243164
Sample 10,Moirai,0.4838857352733612
Sample 11,Chronos,0.7654213905334473
Sample 11,TimesFM,0.23457860946655273
Sample 12,Chronos,0.5751524567604065
Sample 12,Timer,0.4248475730419159
Sample 13,Moirai,0.6993857622146606
Sample 13,Chronos,0.30061420798301697
Sample 14,Timer,0.6843380928039551
Sample 14,Chronos,0.3156619071960449
Sample 15,TimesFM,0.8756425976753235
Sample 15,Moirai,0.12435736507177353
Sample 16,Moirai,0.9824255108833313
Sample 16,TimesFM,0.01757456175982952
Sample 17,Moirai,0.5510854125022888
Sample 17,Timer,0.4489145576953888
Sample 18,TimesFM,0.8805570006370544
Sample 18,Time-MoE,0.11944296211004257
Sample 19,Chronos,0.7923170328140259
Sample 19,Moirai,0.2076829969882965
Sample 20,Timer,0.5962716937065125
Sample 20,Moirai,0.4037282466888428
Sample 21,Moirai,0.6571401357650757
Sample 21,Chronos,0.3428598940372467
Sample 22,Timer,0.7455158829689026
Sample 22,Time-MoE,0.2544841468334198
Sample 23,TimesFM,0.896678626537323
Sample 23,Chronos,0.10332141071557999
Sample 24,Moirai,0.9756200909614563
Sample 24,Chronos,0.02437984012067318
Sample 25,Timer,0.6024231314659119
Sample 25,Chronos,0.39757686853408813
Sample 26,Moirai,0.6232577562332153
Sample 26,Timer,0.37674224376678467
Sample 27,Chronos,0.9723877310752869
Sample 27,Time-MoE,0.027612244710326195
Sample 28,TimesFM,0.5146546959877014
Sample 28,Chronos,0.4853452742099762
Sample 29,Moirai,0.6591066122055054
Sample 29,Chronos,0.34089338779449463
Sample 30,Timer,0.5773293375968933
Sample 30,Chronos,0.4226706326007843
Sample 31,TimesFM,0.957954466342926
Sample 31,Timer,0.042045529931783676
Sample 0,TimesFM,0.6187381744384766
Sample 0,Moirai,0.3812618851661682
Sample 1,Moirai,0.6654038429260254
Sample 1,Timer,0.33459609746932983
Sample 2,Moirai,0.8003972172737122
Sample 2,Chronos,0.19960273802280426
Sample 3,Chronos,0.8665063381195068
Sample 3,Time-MoE,0.13349370658397675
Sample 4,TimesFM,0.7111406922340393
Sample 4,Timer,0.2888592779636383
Sample 5,Timer,0.6335059404373169
Sample 5,Time-MoE,0.3664940595626831
Sample 6,Chronos,0.6084556579589844
Sample 6,Timer,0.391544371843338
Sample 7,TimesFM,0.8398697376251221
Sample 7,Moirai,0.16013027727603912
Sample 8,Moirai,0.6470831036567688
Sample 8,TimesFM,0.3529169261455536
Sample 9,Timer,0.5939850807189941
Sample 9,Moirai,0.40601488947868347
Sample 10,Timer,0.5006940960884094
Sample 10,Chronos,0.4993059039115906
Sample 11,Chronos,0.9930241107940674
Sample 11,Time-MoE,0.006975837983191013
Sample 12,TimesFM,0.5639374852180481
Sample 12,Chronos,0.4360625445842743
Sample 13,Moirai,0.5341345071792603
Sample 13,Chronos,0.46586552262306213
Sample 14,Timer,0.7736768126487732
Sample 14,Time-MoE,0.226323202252388
Sample 15,TimesFM,0.8893350958824158
Sample 15,Timer,0.11066491901874542
Sample 16,Moirai,0.9507618546485901
Sample 16,Time-MoE,0.0492381751537323
Sample 17,Timer,0.6995746493339539
Sample 17,Time-MoE,0.30042532086372375
Sample 18,TimesFM,0.9681215882301331
Sample 18,Time-MoE,0.03187843784689903
Sample 19,Moirai,0.8190536499023438
Sample 19,TimesFM,0.18094640970230103
Sample 20,Chronos,0.6950476765632629
Sample 20,TimesFM,0.3049522936344147
Sample 21,Moirai,0.7491738796234131
Sample 21,Chronos,0.2508260905742645
Sample 22,Timer,0.6988463997840881
Sample 22,Time-MoE,0.30115360021591187
Sample 23,Time-MoE,0.5136613845825195
Sample 23,Chronos,0.48633864521980286
Sample 24,TimesFM,0.8224477171897888
Sample 24,Moirai,0.17755228281021118
Sample 25,Chronos,0.5260368585586548
Sample 25,Timer,0.4739631712436676
Sample 26,TimesFM,0.9851123690605164
Sample 26,Time-MoE,0.014887681230902672
Sample 27,Chronos,0.9937142729759216
Sample 27,Time-MoE,0.006285716313868761
Sample 28,Chronos,0.5098097920417786
Sample 28,TimesFM,0.4901902377605438
Sample 29,Chronos,0.7319040894508362
Sample 29,Moirai,0.2680959403514862
Sample 30,Timer,0.5654083490371704
Sample 30,Chronos,0.4345916509628296
Sample 31,TimesFM,0.9440118074417114
Sample 31,Chronos,0.055988214910030365
Sample 0,TimesFM,0.797579288482666
Sample 0,Moirai,0.20242072641849518
Sample 1,Moirai,0.6033926606178284
Sample 1,Timer,0.39660733938217163
Sample 2,Timer,0.7078927755355835
Sample 2,TimesFM,0.2921071946620941
Sample 3,Chronos,0.8188111186027527
Sample 3,Time-MoE,0.18118883669376373
Sample 4,Timer,0.8880800604820251
Sample 4,Time-MoE,0.11191993951797485
Sample 5,Chronos,0.943156361579895
Sample 5,TimesFM,0.05684360861778259
Sample 6,Moirai,0.5766827464103699
Sample 6,Chronos,0.4233172833919525
Sample 7,TimesFM,0.7715718746185303
Sample 7,Timer,0.2284281849861145
Sample 8,Moirai,0.6626346111297607
Sample 8,TimesFM,0.33736544847488403
Sample 9,Timer,0.5441513061523438
Sample 9,Moirai,0.45584866404533386
Sample 10,Chronos,0.9519191980361938
Sample 10,Time-MoE,0.04808082431554794
Sample 11,Chronos,0.9579044580459595
Sample 11,Time-MoE,0.042095545679330826
Sample 12,TimesFM,0.8221452832221985
Sample 12,Chronos,0.1778547614812851
Sample 13,Timer,0.5381893515586853
Sample 13,Chronos,0.4618106186389923
Sample 14,Moirai,0.567790150642395
Sample 14,Time-MoE,0.43220987915992737
Sample 15,TimesFM,0.8771258592605591
Sample 15,Moirai,0.1228741705417633
Sample 16,Moirai,0.6174430847167969
Sample 16,TimesFM,0.38255685567855835
Sample 17,Chronos,0.6708916425704956
Sample 17,Timer,0.3291083574295044
Sample 18,TimesFM,0.7548813223838806
Sample 18,Timer,0.24511870741844177
Sample 19,Chronos,0.9799924492835999
Sample 19,Time-MoE,0.0200075451284647
Sample 20,Chronos,0.5675089359283447
Sample 20,TimesFM,0.4324910640716553
Sample 21,Chronos,0.6645697951316833
Sample 21,Time-MoE,0.33543020486831665
Sample 22,Moirai,0.5668464303016663
Sample 22,Timer,0.43315359950065613
Sample 23,TimesFM,0.9209775328636169
Sample 23,Timer,0.07902243733406067
Sample 24,TimesFM,0.7222725749015808
Sample 24,Moirai,0.2777273952960968
Sample 25,Chronos,0.5719994902610779
Sample 25,Moirai,0.4280005693435669
Sample 26,TimesFM,0.9085341095924377
Sample 26,Chronos,0.09146594256162643
Sample 27,Chronos,0.9012646079063416
Sample 27,Timer,0.09873532503843307
Sample 28,TimesFM,0.9765484929084778
Sample 28,Chronos,0.02345157414674759
Sample 29,Chronos,0.8780670166015625
Sample 29,Time-MoE,0.12193303555250168
Sample 30,Moirai,0.6466222405433655
Sample 30,Chronos,0.3533778190612793
Sample 31,TimesFM,0.9703822135925293
Sample 31,Timer,0.02961781993508339
Sample 0,Moirai,0.9423478245735168
Sample 0,TimesFM,0.05765221640467644
Sample 1,Moirai,0.538434624671936
Sample 1,Timer,0.4615653455257416
Sample 2,Timer,0.5608111619949341
Sample 2,Chronos,0.43918877840042114
Sample 3,Chronos,0.9027393460273743
Sample 3,Moirai,0.09726069122552872
Sample 4,Timer,0.8501503467559814
Sample 4,TimesFM,0.14984960854053497
Sample 5,Timer,0.5328624248504639
Sample 5,Moirai,0.46713754534721375
Sample 6,Timer,0.6957817673683167
Sample 6,Moirai,0.30421820282936096
Sample 7,TimesFM,0.9046955108642578
Sample 7,Moirai,0.09530454128980637
Sample 8,Moirai,0.9874463081359863
Sample 8,TimesFM,0.012553724460303783
Sample 9,Timer,0.5726273655891418
Sample 9,Moirai,0.42737269401550293
Sample 10,TimesFM,0.97648686170578
Sample 10,Moirai,0.023513128980994225
Sample 11,Chronos,0.8848438262939453
Sample 11,TimesFM,0.11515620350837708
Sample 12,Chronos,0.645714521408081
Sample 12,TimesFM,0.35428541898727417
Sample 13,Moirai,0.682632327079773
Sample 13,Chronos,0.31736764311790466
Sample 14,Time-MoE,0.519237220287323
Sample 14,Chronos,0.480762779712677
Sample 15,TimesFM,0.6699398756027222
Sample 15,Time-MoE,0.3300601541996002
Sample 16,Moirai,0.9790169596672058
Sample 16,Chronos,0.020983049646019936
Sample 17,Timer,0.5109677314758301
Sample 17,Chronos,0.4890322685241699
Sample 18,Moirai,0.511344313621521
Sample 18,Timer,0.488655686378479
Sample 19,Chronos,0.9696016907691956
Sample 19,Time-MoE,0.03039827197790146
Sample 20,Chronos,0.5385918021202087
Sample 20,TimesFM,0.46140822768211365
Sample 21,Chronos,0.5109393000602722
Sample 21,Moirai,0.4890606999397278
Sample 22,Timer,0.5834716558456421
Sample 22,Moirai,0.4165283143520355
Sample 23,TimesFM,0.9732634425163269
Sample 23,Timer,0.02673661708831787
Sample 24,Moirai,0.7707419991493225
Sample 24,TimesFM,0.22925804555416107
Sample 25,Timer,0.669165313243866
Sample 25,Chronos,0.3308347165584564
Sample 26,Moirai,0.5203487277030945
Sample 26,Timer,0.4796512722969055
Sample 27,Chronos,0.9383131861686707
Sample 27,Time-MoE,0.06168685108423233
Sample 28,TimesFM,0.954104483127594
Sample 28,Chronos,0.04589544236660004
Sample 29,TimesFM,0.6616180539131165
Sample 29,Timer,0.33838197588920593
Sample 30,Timer,0.6542973518371582
Sample 30,Moirai,0.3457026183605194
Sample 31,TimesFM,0.9190524220466614
Sample 31,Moirai,0.08094760030508041
Sample 0,TimesFM,0.8705195188522339
Sample 0,Moirai,0.12948045134544373
Sample 1,Timer,0.5567336082458496
Sample 1,Moirai,0.4432664215564728
Sample 2,Timer,0.7236907482147217
Sample 2,Time-MoE,0.27630922198295593
Sample 3,Chronos,0.8397974967956543
Sample 3,Moirai,0.16020244359970093
Sample 4,TimesFM,0.8942914009094238
Sample 4,Chronos,0.10570856928825378
Sample 5,Moirai,0.6175410151481628
Sample 5,Time-MoE,0.38245898485183716
Sample 6,Moirai,0.7816932797431946
Sample 6,Time-MoE,0.21830667555332184
Sample 7,TimesFM,0.8893685936927795
Sample 7,Timer,0.11063138395547867
Sample 8,Moirai,0.5462921857833862
Sample 8,TimesFM,0.45370784401893616
Sample 9,Moirai,0.6185597777366638
Sample 9,Timer,0.3814401924610138
Sample 10,Timer,0.7145119905471802
Sample 10,Moirai,0.2854880392551422
Sample 11,Chronos,0.8064908981323242
Sample 11,Time-MoE,0.19350911676883698
Sample 12,Time-MoE,0.6391726732254028
Sample 12,Chronos,0.36082735657691956
Sample 13,Chronos,0.955470621585846
Sample 13,Time-MoE,0.04452937841415405
Sample 14,TimesFM,0.9195336699485779
Sample 14,Time-MoE,0.08046626299619675
Sample 15,TimesFM,0.7677304744720459
Sample 15,Timer,0.23226948082447052
Sample 16,TimesFM,0.895467221736908
Sample 16,Moirai,0.10453279316425323
Sample 17,Moirai,0.6225979328155518
Sample 17,Timer,0.377402126789093
Sample 18,TimesFM,0.9677119255065918
Sample 18,Chronos,0.0322880856692791
Sample 19,Chronos,0.7024996876716614
Sample 19,Moirai,0.297500342130661
Sample 20,Moirai,0.5376279354095459
Sample 20,Chronos,0.4623720347881317
Sample 21,Moirai,0.5088213682174683
Sample 21,Timer,0.49117860198020935
Sample 22,Timer,0.714956521987915
Sample 22,Time-MoE,0.2850434482097626
Sample 23,TimesFM,0.9754472374916077
Sample 23,Timer,0.024552814662456512
Sample 24,Moirai,0.9782103896141052
Sample 24,TimesFM,0.02178959734737873
Sample 25,Moirai,0.6176429390907288
Sample 25,Chronos,0.38235709071159363
Sample 26,TimesFM,0.8477954864501953
Sample 26,Moirai,0.15220455825328827
Sample 27,Moirai,0.5007824301719666
Sample 27,Chronos,0.49921756982803345
Sample 28,Chronos,0.5196183323860168
Sample 28,Moirai,0.48038166761398315
Sample 29,Timer,0.692441463470459
Sample 29,Time-MoE,0.307558536529541
Sample 30,Moirai,0.8795133829116821
Sample 30,TimesFM,0.12048663198947906
Sample 31,TimesFM,0.5103186964988708
Sample 31,Timer,0.48968130350112915
Sample 0,Moirai,0.9607097506523132
Sample 0,Time-MoE,0.03929027169942856
Sample 1,Timer,0.595418393611908
Sample 1,Chronos,0.40458157658576965
Sample 2,TimesFM,0.8920762538909912
Sample 2,Moirai,0.10792376101016998
Sample 3,Chronos,0.9274406433105469
Sample 3,Time-MoE,0.07255931198596954
Sample 4,Chronos,0.9818258285522461
Sample 4,Time-MoE,0.01817411743104458
Sample 5,Moirai,0.6904922127723694
Sample 5,Chronos,0.3095077872276306
Sample 6,Chronos,0.7730874419212341
Sample 6,Timer,0.22691257297992706
Sample 7,TimesFM,0.898016095161438
Sample 7,Timer,0.10198389738798141
Sample 8,Moirai,0.7684938907623291
Sample 8,TimesFM,0.2315060943365097
Sample 9,Timer,0.5423073172569275
Sample 9,Moirai,0.4576926529407501
Sample 10,Timer,0.93123459815979
Sample 10,TimesFM,0.06876537203788757
Sample 11,Chronos,0.9007534384727478
Sample 11,Time-MoE,0.09924653172492981
Sample 12,TimesFM,0.7357388734817505
Sample 12,Chronos,0.26426106691360474
Sample 13,Moirai,0.5334853529930115
Sample 13,Chronos,0.4665146470069885
Sample 14,Moirai,0.6044192910194397
Sample 14,Timer,0.3955807685852051
Sample 15,TimesFM,0.9678797721862793
Sample 15,Timer,0.032120224088430405
Sample 0,Moirai,0.9415069222450256
Sample 0,TimesFM,0.05849313363432884
Sample 1,Timer,0.6164214015007019
Sample 1,Chronos,0.3835785984992981
Sample 2,Chronos,0.9059804677963257
Sample 2,Timer,0.09401959180831909
Sample 3,Chronos,0.9349442720413208
Sample 3,Time-MoE,0.06505566835403442
Sample 4,Timer,0.848762035369873
Sample 4,Moirai,0.15123796463012695
Sample 5,Timer,0.6190697550773621
Sample 5,Chronos,0.38093021512031555
Sample 6,Chronos,0.5604428052902222
Sample 6,Timer,0.43955719470977783
Sample 7,TimesFM,0.9644082188606262
Sample 7,Timer,0.03559176251292229
Sample 8,Moirai,0.9722031354904175
Sample 8,TimesFM,0.027796832844614983
Sample 9,Timer,0.625963032245636
Sample 9,Chronos,0.3740370273590088
Sample 10,TimesFM,0.7062934637069702
Sample 10,Timer,0.2937065660953522
Sample 11,Chronos,0.8501275181770325
Sample 11,Moirai,0.14987240731716156
Sample 12,TimesFM,0.9726348519325256
Sample 12,Timer,0.027365166693925858
Sample 13,Chronos,0.5409818887710571
Sample 13,Moirai,0.4590180814266205
Sample 14,Time-MoE,0.510892927646637
Sample 14,Timer,0.4891071021556854
Sample 15,TimesFM,0.9804953336715698
Sample 15,Timer,0.01950472965836525
Sample 16,Moirai,0.9043126702308655
Sample 16,TimesFM,0.09568727016448975
Sample 17,Moirai,0.6037011742591858
Sample 17,Timer,0.3962988555431366
Sample 18,TimesFM,0.6422401666641235
Sample 18,Chronos,0.35775983333587646
Sample 19,Chronos,0.8558233976364136
Sample 19,Time-MoE,0.14417661726474762
Sample 20,Chronos,0.5307776927947998
Sample 20,Moirai,0.4692223370075226
Sample 21,Chronos,0.9057762622833252
Sample 21,Moirai,0.09422372281551361
Sample 22,Chronos,0.8235750198364258
Sample 22,Time-MoE,0.17642498016357422
Sample 23,Timer,0.6542742848396301
Sample 23,TimesFM,0.3457256853580475
Sample 24,TimesFM,0.5479822158813477
Sample 24,Moirai,0.45201775431632996
Sample 25,Timer,0.542605996131897
Sample 25,Chronos,0.457394003868103
Sample 26,Moirai,0.8976645469665527
Sample 26,Timer,0.10233547538518906
Sample 27,Chronos,0.7000850439071655
Sample 27,Moirai,0.29991498589515686
Sample 28,Chronos,0.9561452865600586
Sample 28,Timer,0.04385467246174812
Sample 29,Moirai,0.5223239064216614
Sample 29,Timer,0.4776760935783386
Sample 30,Moirai,0.7982121706008911
Sample 30,Time-MoE,0.2017877846956253
Sample 31,TimesFM,0.9478738903999329
Sample 31,Time-MoE,0.05212611332535744
Sample 0,TimesFM,0.8981958031654358
Sample 0,Moirai,0.10180424898862839
Sample 1,Moirai,0.6524909734725952
Sample 1,Timer,0.3475090563297272
Sample 2,Chronos,0.7389441132545471
Sample 2,TimesFM,0.2610558867454529
Sample 3,Chronos,0.9101510047912598
Sample 3,Time-MoE,0.08984902501106262
Sample 4,Chronos,0.6840412020683289
Sample 4,Time-MoE,0.31595879793167114
Sample 5,Moirai,0.6449955105781555
Sample 5,Timer,0.3550044298171997
Sample 6,Timer,0.6718379855155945
Sample 6,Time-MoE,0.3281620144844055
Sample 7,TimesFM,0.9729288220405579
Sample 7,Timer,0.02707120031118393
Sample 8,Moirai,0.9877892732620239
Sample 8,Chronos,0.012210726737976074
Sample 9,Moirai,0.6747297048568726
Sample 9,Timer,0.3252703547477722
Sample 10,TimesFM,0.5661768913269043
Sample 10,Moirai,0.4338231682777405
Sample 11,Chronos,0.7763476371765137
Sample 11,TimesFM,0.22365236282348633
Sample 12,Chronos,0.5767331719398499
Sample 12,Timer,0.42326682806015015
Sample 13,Moirai,0.6917295455932617
Sample 13,Chronos,0.30827051401138306
Sample 14,Timer,0.6738434433937073
Sample 14,Chronos,0.3261565864086151
Sample 15,TimesFM,0.8731113076210022
Sample 15,Moirai,0.1268886774778366
Sample 16,Moirai,0.982300877571106
Sample 16,TimesFM,0.017699120566248894
Sample 17,Moirai,0.5539482831954956
Sample 17,Timer,0.4460517466068268
Sample 18,TimesFM,0.8868825435638428
Sample 18,Time-MoE,0.11311747878789902
Sample 19,Chronos,0.8065966963768005
Sample 19,Moirai,0.19340333342552185
Sample 20,Timer,0.5905749201774597
Sample 20,Moirai,0.4094250500202179
Sample 21,Moirai,0.6490498781204224
Sample 21,Chronos,0.35095012187957764
Sample 22,Timer,0.7324925065040588
Sample 22,Time-MoE,0.26750752329826355
Sample 23,TimesFM,0.8907038569450378
Sample 23,Chronos,0.10929618775844574
Sample 24,Moirai,0.9754305481910706
Sample 24,Chronos,0.024569489061832428
Sample 25,Timer,0.5901641249656677
Sample 25,Chronos,0.40983590483665466
Sample 26,Moirai,0.6249898672103882
Sample 26,Timer,0.3750101625919342
Sample 27,Chronos,0.9747733473777771
Sample 27,Time-MoE,0.02522662654519081
Sample 28,Chronos,0.515013575553894
Sample 28,TimesFM,0.48498639464378357
Sample 29,Moirai,0.6546486616134644
Sample 29,Chronos,0.34535127878189087
Sample 30,Timer,0.5642601847648621
Sample 30,Chronos,0.43573978543281555
Sample 31,TimesFM,0.9534649848937988
Sample 31,Timer,0.04653498902916908
Sample 0,TimesFM,0.6166106462478638
Sample 0,Moirai,0.38338932394981384
Sample 1,Moirai,0.6629674434661865
Sample 1,Chronos,0.3370325267314911
Sample 2,Moirai,0.7954285144805908
Sample 2,Chronos,0.20457148551940918
Sample 3,Chronos,0.8721995949745178
Sample 3,Time-MoE,0.12780040502548218
Sample 4,TimesFM,0.7090993523597717
Sample 4,Timer,0.2909006178379059
Sample 5,Timer,0.6201832294464111
Sample 5,Time-MoE,0.37981683015823364
Sample 6,Chronos,0.6163531541824341
Sample 6,Timer,0.3836469054222107
Sample 7,TimesFM,0.8321454524993896
Sample 7,Moirai,0.16785454750061035
Sample 8,Moirai,0.6534382104873657
Sample 8,TimesFM,0.3465617597103119
Sample 9,Timer,0.5904481410980225
Sample 9,Moirai,0.40955179929733276
Sample 10,Chronos,0.5112179517745972
Sample 10,Timer,0.48878204822540283
Sample 11,Chronos,0.9935693740844727
Sample 11,Time-MoE,0.006430643144994974
Sample 12,TimesFM,0.5400634407997131
Sample 12,Chronos,0.45993658900260925
Sample 13,Moirai,0.5293999314308167
Sample 13,Chronos,0.47060006856918335
Sample 14,Timer,0.7586567401885986
Sample 14,Time-MoE,0.24134323000907898
Sample 15,TimesFM,0.8792648911476135
Sample 15,Timer,0.12073517590761185
Sample 16,Moirai,0.9516593813896179
Sample 16,Time-MoE,0.04834062233567238
Sample 17,Timer,0.6826502680778503
Sample 17,Time-MoE,0.31734970211982727
Sample 18,TimesFM,0.9677515625953674
Sample 18,Time-MoE,0.03224847465753555
Sample 19,Moirai,0.8191447257995605
Sample 19,TimesFM,0.18085525929927826
Sample 20,Chronos,0.7189558148384094
Sample 20,TimesFM,0.28104421496391296
Sample 21,Moirai,0.7502831220626831
Sample 21,Time-MoE,0.2497168481349945
Sample 22,Timer,0.6892622113227844
Sample 22,Time-MoE,0.3107377886772156
Sample 23,Time-MoE,0.5014317035675049
Sample 23,Chronos,0.4985683262348175
Sample 24,TimesFM,0.8135582208633423
Sample 24,Moirai,0.1864417940378189
Sample 25,Chronos,0.5363924503326416
Sample 25,Timer,0.4636075496673584
Sample 26,TimesFM,0.9858720898628235
Sample 26,Time-MoE,0.01412791945040226
Sample 27,Chronos,0.994388997554779
Sample 27,Time-MoE,0.00561100197955966
Sample 28,Chronos,0.5361912846565247
Sample 28,TimesFM,0.46380865573883057
Sample 29,Chronos,0.7373415231704712
Sample 29,Moirai,0.2626584470272064
Sample 30,Timer,0.5602812170982361
Sample 30,Chronos,0.43971875309944153
Sample 31,TimesFM,0.9393190741539001
Sample 31,Chronos,0.06068095564842224
Sample 0,TimesFM,0.7889319658279419
Sample 0,Moirai,0.2110680192708969
Sample 1,Moirai,0.6100504994392395
Sample 1,Timer,0.3899495005607605
Sample 2,Timer,0.721680760383606
Sample 2,TimesFM,0.27831926941871643
Sample 3,Chronos,0.8292120695114136
Sample 3,Time-MoE,0.17078793048858643
Sample 4,Timer,0.8860971331596375
Sample 4,Time-MoE,0.11390289664268494
Sample 5,Chronos,0.949715256690979
Sample 5,TimesFM,0.05028477683663368
Sample 6,Moirai,0.5460618734359741
Sample 6,Chronos,0.4539380967617035
Sample 7,TimesFM,0.7646825313568115
Sample 7,Timer,0.23531745374202728
Sample 8,Moirai,0.6603875160217285
Sample 8,TimesFM,0.3396124541759491
Sample 9,Timer,0.5372393727302551
Sample 9,Moirai,0.4627605974674225
Sample 10,Chronos,0.9539527297019958
Sample 10,Time-MoE,0.046047285199165344
Sample 11,Chronos,0.9609577655792236
Sample 11,Time-MoE,0.03904222697019577
Sample 12,TimesFM,0.8076376914978027
Sample 12,Chronos,0.19236233830451965
Sample 13,Timer,0.5315759778022766
Sample 13,Chronos,0.468423992395401
Sample 14,Moirai,0.546684741973877
Sample 14,Time-MoE,0.45331528782844543
Sample 15,TimesFM,0.870246410369873
Sample 15,Moirai,0.12975363433361053
Sample 16,Moirai,0.6277680993080139
Sample 16,TimesFM,0.37223193049430847
Sample 17,Chronos,0.6757232546806335
Sample 17,Timer,0.32427674531936646
Sample 18,TimesFM,0.7380748987197876
Sample 18,Timer,0.2619251310825348
Sample 19,Chronos,0.9812029004096985
Sample 19,Time-MoE,0.018797090277075768
Sample 20,Chronos,0.5997374653816223
Sample 20,TimesFM,0.4002625644207001
Sample 21,Chronos,0.6611237525939941
Sample 21,Time-MoE,0.33887624740600586
Sample 22,Moirai,0.56263667345047
Sample 22,Timer,0.43736329674720764
Sample 23,TimesFM,0.9123433232307434
Sample 23,Timer,0.08765669167041779
Sample 24,TimesFM,0.7134982943534851
Sample 24,Moirai,0.2865016758441925
Sample 25,Chronos,0.5720146298408508
Sample 25,Moirai,0.42798542976379395
Sample 26,TimesFM,0.9011440873146057
Sample 26,Chronos,0.09885594248771667
Sample 27,Chronos,0.9076706767082214
Sample 27,Timer,0.09232927113771439
Sample 28,TimesFM,0.9755558967590332
Sample 28,Chronos,0.024444112554192543
Sample 29,Chronos,0.8798436522483826
Sample 29,Time-MoE,0.12015633285045624
Sample 30,Moirai,0.6464452147483826
Sample 30,Chronos,0.35355478525161743
Sample 31,TimesFM,0.966421902179718
Sample 31,Timer,0.03357813134789467
Sample 0,Moirai,0.9436407089233398
Sample 0,TimesFM,0.056359369307756424
Sample 1,Moirai,0.5512845516204834
Sample 1,Timer,0.448715478181839
Sample 2,Timer,0.5625038743019104
Sample 2,Chronos,0.4374960958957672
Sample 3,Chronos,0.905870795249939
Sample 3,Moirai,0.09412917494773865
Sample 4,Timer,0.8583009839057922
Sample 4,Moirai,0.14169906079769135
Sample 5,Timer,0.5163525938987732
Sample 5,Moirai,0.4836474061012268
Sample 6,Timer,0.6848946809768677
Sample 6,Moirai,0.3151053190231323
Sample 7,TimesFM,0.8990656733512878
Sample 7,Moirai,0.10093439370393753
Sample 8,Moirai,0.9879855513572693
Sample 8,TimesFM,0.012014486826956272
Sample 9,Timer,0.5607925057411194
Sample 9,Moirai,0.439207524061203
Sample 10,TimesFM,0.9765403866767883
Sample 10,Moirai,0.02345961518585682
Sample 11,Chronos,0.8887632489204407
Sample 11,Timer,0.11123678088188171
Sample 12,Chronos,0.6721651554107666
Sample 12,TimesFM,0.3278348743915558
Sample 13,Moirai,0.7011473178863525
Sample 13,Chronos,0.29885271191596985
Sample 14,Time-MoE,0.5284436345100403
Sample 14,Chronos,0.4715563952922821
Sample 15,TimesFM,0.6637349724769592
Sample 15,Time-MoE,0.33626502752304077
Sample 16,Moirai,0.9787327647209167
Sample 16,Chronos,0.021267257630825043
Sample 17,Timer,0.5058730244636536
Sample 17,Chronos,0.49412694573402405
Sample 18,Moirai,0.5112417340278625
Sample 18,Timer,0.48875826597213745
Sample 19,Chronos,0.9710303544998169
Sample 19,Time-MoE,0.02896961383521557
Sample 20,Chronos,0.5705660581588745
Sample 20,TimesFM,0.42943400144577026
Sample 21,Chronos,0.5056906938552856
Sample 21,Moirai,0.4943092465400696
Sample 22,Timer,0.5764068365097046
Sample 22,Moirai,0.4235931932926178
Sample 23,TimesFM,0.9705914258956909
Sample 23,Timer,0.029408596456050873
Sample 24,Moirai,0.768592119216919
Sample 24,TimesFM,0.23140791058540344
Sample 25,Timer,0.6667600274085999
Sample 25,Chronos,0.33323994278907776
Sample 26,Moirai,0.5055174827575684
Sample 26,Timer,0.49448251724243164
Sample 27,Chronos,0.9397842288017273
Sample 27,Time-MoE,0.06021573022007942
Sample 28,TimesFM,0.9516919851303101
Sample 28,Chronos,0.04830799251794815
Sample 29,TimesFM,0.6951329708099365
Sample 29,Time-MoE,0.30486705899238586
Sample 30,Timer,0.6425062417984009
Sample 30,Moirai,0.35749372839927673
Sample 31,TimesFM,0.9139982461929321
Sample 31,Moirai,0.08600182831287384
Sample 0,TimesFM,0.8723089694976807
Sample 0,Moirai,0.12769106030464172
Sample 1,Timer,0.5496425032615662
Sample 1,Moirai,0.45035749673843384
Sample 2,Timer,0.7228688597679138
Sample 2,Time-MoE,0.2771311104297638
Sample 3,Chronos,0.8469639420509338
Sample 3,Moirai,0.1530359983444214
Sample 4,TimesFM,0.8891986012458801
Sample 4,Chronos,0.11080139130353928
Sample 5,Moirai,0.6187966465950012
Sample 5,Time-MoE,0.381203293800354
Sample 6,Moirai,0.7847245931625366
Sample 6,Time-MoE,0.21527539193630219
Sample 7,TimesFM,0.8817805647850037
Sample 7,Timer,0.11821938306093216
Sample 8,Moirai,0.5300689339637756
Sample 8,TimesFM,0.46993106603622437
Sample 9,Moirai,0.6237210035324097
Sample 9,Timer,0.37627899646759033
Sample 10,Timer,0.7342032194137573
Sample 10,Moirai,0.2657967507839203
Sample 11,Chronos,0.8089914321899414
Sample 11,Time-MoE,0.1910085380077362
Sample 12,Time-MoE,0.6398437023162842
Sample 12,Chronos,0.3601563572883606
Sample 13,Chronos,0.9556965231895447
Sample 13,Time-MoE,0.044303540140390396
Sample 14,TimesFM,0.9227296113967896
Sample 14,Time-MoE,0.07727032154798508
Sample 15,TimesFM,0.7571653127670288
Sample 15,Timer,0.2428346574306488
Sample 16,TimesFM,0.8925858736038208
Sample 16,Moirai,0.10741408914327621
Sample 17,Moirai,0.6303883194923401
Sample 17,Timer,0.3696116805076599
Sample 18,TimesFM,0.9660316109657288
Sample 18,Chronos,0.03396840766072273
Sample 19,Chronos,0.7018803358078003
Sample 19,Moirai,0.2981196343898773
Sample 20,Moirai,0.5465316772460938
Sample 20,Chronos,0.45346829295158386
Sample 21,Moirai,0.5197494029998779
Sample 21,Timer,0.48025062680244446
Sample 22,Timer,0.7012934684753418
Sample 22,Time-MoE,0.2987065315246582
Sample 23,TimesFM,0.9719816446304321
Sample 23,Timer,0.028018373996019363
Sample 24,Moirai,0.9788192510604858
Sample 24,TimesFM,0.02118079923093319
Sample 25,Moirai,0.625493586063385
Sample 25,Chronos,0.3745064437389374
Sample 26,TimesFM,0.8468124270439148
Sample 26,Moirai,0.1531875729560852
Sample 27,Moirai,0.5010612607002258
Sample 27,Chronos,0.49893873929977417
Sample 28,Chronos,0.5591785311698914
Sample 28,Moirai,0.44082149863243103
Sample 29,Timer,0.6802724003791809
Sample 29,Time-MoE,0.3197275400161743
Sample 30,Moirai,0.8774374127388
Sample 30,TimesFM,0.12256256490945816
Sample 31,TimesFM,0.5034687519073486
Sample 31,Timer,0.49653127789497375
Sample 0,Moirai,0.9616275429725647
Sample 0,Chronos,0.0383724570274353
Sample 1,Timer,0.6001026630401611
Sample 1,Chronos,0.39989736676216125
Sample 2,TimesFM,0.8973861932754517
Sample 2,Moirai,0.10261385142803192
Sample 3,Chronos,0.9298805594444275
Sample 3,Time-MoE,0.07011944055557251
Sample 4,Chronos,0.9820267558097839
Sample 4,Time-MoE,0.017973201349377632
Sample 5,Moirai,0.7009352445602417
Sample 5,Chronos,0.2990647852420807
Sample 6,Chronos,0.7732546925544739
Sample 6,Timer,0.22674532234668732
Sample 7,TimesFM,0.8889922499656677
Sample 7,Timer,0.11100778728723526
Sample 8,Moirai,0.7574047446250916
Sample 8,TimesFM,0.24259530007839203
Sample 9,Timer,0.5387197732925415
Sample 9,Moirai,0.4612801969051361
Sample 10,Timer,0.9335395693778992
Sample 10,TimesFM,0.06646042317152023
Sample 11,Chronos,0.904273509979248
Sample 11,Time-MoE,0.09572645276784897
Sample 12,TimesFM,0.7263134121894836
Sample 12,Chronos,0.27368661761283875
Sample 13,Moirai,0.539524495601654
Sample 13,Chronos,0.46047553420066833
Sample 14,Moirai,0.6133061051368713
Sample 14,Timer,0.3866938650608063
Sample 15,TimesFM,0.964015543460846
Sample 15,Timer,0.035984430462121964
Sample 0,Moirai,0.9365153908729553
Sample 0,TimesFM,0.06348467618227005
Sample 1,Timer,0.6298887729644775
Sample 1,Chronos,0.37011122703552246
Sample 2,Chronos,0.9115917086601257
Sample 2,Timer,0.08840835094451904
Sample 3,Chronos,0.9367685914039612
Sample 3,Time-MoE,0.0632314532995224
Sample 4,Timer,0.8625086545944214
Sample 4,Moirai,0.137491375207901
Sample 5,Timer,0.6287169456481934
Sample 5,Chronos,0.37128305435180664
Sample 6,Chronos,0.5564696788787842
Sample 6,Timer,0.4435303211212158
Sample 7,TimesFM,0.9600076079368591
Sample 7,Timer,0.039992377161979675
Sample 8,Moirai,0.969835638999939
Sample 8,TimesFM,0.03016434796154499
Sample 9,Timer,0.6377834677696228
Sample 9,Chronos,0.3622165024280548
Sample 10,TimesFM,0.7209130525588989
Sample 10,Timer,0.2790868878364563
Sample 11,Chronos,0.8506606817245483
Sample 11,Moirai,0.14933937788009644
Sample 12,TimesFM,0.9683150053024292
Sample 12,Timer,0.03168494254350662
Sample 13,Chronos,0.5362355709075928
Sample 13,Moirai,0.46376439929008484
Sample 14,Time-MoE,0.5287659168243408
Sample 14,Timer,0.47123411297798157
Sample 15,TimesFM,0.9782343506813049
Sample 15,Timer,0.021765677258372307
Sample 16,Moirai,0.9016473889350891
Sample 16,TimesFM,0.09835261851549149
Sample 17,Moirai,0.5994443297386169
Sample 17,Timer,0.40055572986602783
Sample 18,TimesFM,0.6401509046554565
Sample 18,Chronos,0.3598490357398987
Sample 19,Chronos,0.8579716682434082
Sample 19,Time-MoE,0.1420283317565918
Sample 20,Chronos,0.6250264644622803
Sample 20,Moirai,0.37497350573539734
Sample 21,Chronos,0.906596302986145
Sample 21,Moirai,0.09340371936559677
Sample 22,Chronos,0.8108829259872437
Sample 22,Time-MoE,0.18911711871623993
Sample 23,Timer,0.6501415967941284
Sample 23,TimesFM,0.34985843300819397
Sample 24,TimesFM,0.5561125874519348
Sample 24,Moirai,0.4438874423503876
Sample 25,Timer,0.5496317148208618
Sample 25,Chronos,0.4503682851791382
Sample 26,Moirai,0.8941924571990967
Sample 26,Timer,0.10580752789974213
Sample 27,Chronos,0.7047441005706787
Sample 27,Timer,0.2952558696269989
Sample 28,Chronos,0.9586551189422607
Sample 28,Timer,0.04134488105773926
Sample 29,Moirai,0.5180795192718506
Sample 29,Timer,0.4819205105304718
Sample 30,Moirai,0.8008193373680115
Sample 30,Time-MoE,0.1991807222366333
Sample 31,TimesFM,0.9470639824867249
Sample 31,Chronos,0.052935972809791565
Sample 0,TimesFM,0.905691921710968
Sample 0,Moirai,0.09430813044309616
Sample 1,Moirai,0.6412299871444702
Sample 1,Timer,0.3587700128555298
Sample 2,Chronos,0.7362810373306274
Sample 2,TimesFM,0.26371896266937256
Sample 3,Chronos,0.9085564613342285
Sample 3,Time-MoE,0.09144356846809387
Sample 4,Chronos,0.6948673129081726
Sample 4,Time-MoE,0.305132657289505
Sample 5,Moirai,0.6386552453041077
Sample 5,Timer,0.3613447844982147
Sample 6,Timer,0.6579346656799316
Sample 6,Time-MoE,0.3420652747154236
Sample 7,TimesFM,0.9706915020942688
Sample 7,Timer,0.029308564960956573
Sample 8,Moirai,0.9860470294952393
Sample 8,Chronos,0.013952954672276974
Sample 9,Moirai,0.6649667024612427
Sample 9,Timer,0.3350332975387573
Sample 10,TimesFM,0.6202079653739929
Sample 10,Moirai,0.37979206442832947
Sample 11,Chronos,0.7770976424217224
Sample 11,TimesFM,0.2229023575782776
Sample 12,Chronos,0.5601926445960999
Sample 12,Timer,0.43980732560157776
Sample 13,Moirai,0.7002574801445007
Sample 13,Chronos,0.2997424900531769
Sample 14,Timer,0.6844783425331116
Sample 14,Chronos,0.31552162766456604
Sample 15,TimesFM,0.8738563060760498
Sample 15,Moirai,0.1261436492204666
Sample 16,Moirai,0.9810482263565063
Sample 16,TimesFM,0.018951717764139175
Sample 17,Moirai,0.5420076251029968
Sample 17,Timer,0.4579923748970032
Sample 18,TimesFM,0.8898656964302063
Sample 18,Time-MoE,0.11013432592153549
Sample 19,Chronos,0.8075617551803589
Sample 19,Moirai,0.1924382597208023
Sample 20,Timer,0.6064093112945557
Sample 20,Moirai,0.3935907185077667
Sample 21,Moirai,0.6579113006591797
Sample 21,Chronos,0.3420886993408203
Sample 22,Timer,0.719388484954834
Sample 22,Time-MoE,0.2806115448474884
Sample 23,TimesFM,0.8809368014335632
Sample 23,Chronos,0.11906322091817856
Sample 24,Moirai,0.9736344814300537
Sample 24,Chronos,0.02636551298201084
Sample 25,Timer,0.6134176850318909
Sample 25,Chronos,0.38658228516578674
Sample 26,Moirai,0.6301038861274719
Sample 26,Timer,0.36989614367485046
Sample 27,Chronos,0.9753936529159546
Sample 27,Time-MoE,0.02460634708404541
Sample 28,Chronos,0.5397529602050781
Sample 28,TimesFM,0.46024709939956665
Sample 29,Moirai,0.6718952655792236
Sample 29,Chronos,0.328104704618454
Sample 30,Timer,0.5790112018585205
Sample 30,Chronos,0.4209887683391571
Sample 31,TimesFM,0.9484015703201294
Sample 31,Timer,0.05159842595458031
Sample 0,TimesFM,0.6307814121246338
Sample 0,Moirai,0.3692185580730438
Sample 1,Moirai,0.651463508605957
Sample 1,Timer,0.34853652119636536
Sample 2,Moirai,0.7950969934463501
Sample 2,Chronos,0.2049029916524887
Sample 3,Chronos,0.8679962158203125
Sample 3,Time-MoE,0.1320037692785263
Sample 4,TimesFM,0.7061647772789001
Sample 4,Timer,0.29383519291877747
Sample 5,Timer,0.6112349033355713
Sample 5,Time-MoE,0.3887650966644287
Sample 6,Chronos,0.5926426649093628
Sample 6,Timer,0.4073573052883148
Sample 7,TimesFM,0.8300923705101013
Sample 7,Moirai,0.16990762948989868
Sample 8,Moirai,0.6489350199699402
Sample 8,TimesFM,0.3510649502277374
Sample 9,Timer,0.6018326282501221
Sample 9,Moirai,0.3981674015522003
Sample 10,Timer,0.5112013220787048
Sample 10,Chronos,0.48879867792129517
Sample 11,Chronos,0.9934864044189453
Sample 11,Time-MoE,0.006513587664812803
Sample 12,TimesFM,0.5082133412361145
Sample 12,Chronos,0.4917866587638855
Sample 13,Moirai,0.5491641759872437
Sample 13,Chronos,0.45083585381507874
Sample 14,Timer,0.7503693699836731
Sample 14,Time-MoE,0.2496306300163269
Sample 15,TimesFM,0.871704638004303
Sample 15,Timer,0.12829536199569702
Sample 16,Moirai,0.9465624690055847
Sample 16,Timer,0.0534374825656414
Sample 17,Timer,0.6775113344192505
Sample 17,Time-MoE,0.3224886655807495
Sample 18,TimesFM,0.966389536857605
Sample 18,Time-MoE,0.033610422164201736
Sample 19,Moirai,0.8090922832489014
Sample 19,Timer,0.19090776145458221
Sample 20,Chronos,0.7393010258674622
Sample 20,TimesFM,0.26069894433021545
Sample 21,Moirai,0.75591641664505
Sample 21,Timer,0.24408356845378876
Sample 22,Timer,0.6890400648117065
Sample 22,Time-MoE,0.31095990538597107
Sample 23,Chronos,0.5126411318778992
Sample 23,Time-MoE,0.48735886812210083
Sample 24,TimesFM,0.8144398331642151
Sample 24,Moirai,0.1855602264404297
Sample 25,Chronos,0.5076926350593567
Sample 25,Timer,0.4923073649406433
Sample 26,TimesFM,0.9859271049499512
Sample 26,Time-MoE,0.014072940684854984
Sample 27,Chronos,0.9947357773780823
Sample 27,Time-MoE,0.005264199338853359
Sample 28,Chronos,0.5696975588798523
Sample 28,TimesFM,0.4303024411201477
Sample 29,Chronos,0.7259376049041748
Sample 29,Moirai,0.2740624248981476
Sample 30,Timer,0.583745539188385
Sample 30,Time-MoE,0.416254460811615
Sample 31,TimesFM,0.9316256642341614
Sample 31,Chronos,0.06837437301874161
Sample 0,TimesFM,0.793301522731781
Sample 0,Moirai,0.20669850707054138
Sample 1,Moirai,0.596406877040863
Sample 1,Timer,0.40359318256378174
Sample 2,Timer,0.7378978729248047
Sample 2,TimesFM,0.2621021568775177
Sample 3,Chronos,0.8187390565872192
Sample 3,Time-MoE,0.18126089870929718
Sample 4,Timer,0.8859659433364868
Sample 4,Time-MoE,0.11403411626815796
Sample 5,Chronos,0.9525746703147888
Sample 5,TimesFM,0.04742525890469551
Sample 6,Moirai,0.5213088393211365
Sample 6,Chronos,0.4786911904811859
Sample 7,TimesFM,0.7590130567550659
Sample 7,Timer,0.24098694324493408
Sample 8,Moirai,0.6387088894844055
Sample 8,TimesFM,0.3612910807132721
Sample 9,Timer,0.5527988076210022
Sample 9,Moirai,0.4472012221813202
Sample 10,Chronos,0.955072283744812
Sample 10,Time-MoE,0.04492767155170441
Sample 11,Chronos,0.9590345621109009
Sample 11,Time-MoE,0.040965478867292404
Sample 12,TimesFM,0.7930688261985779
Sample 12,Chronos,0.20693117380142212
Sample 13,Timer,0.5477775931358337
Sample 13,Chronos,0.45222240686416626
Sample 14,Moirai,0.509973406791687
Sample 14,Time-MoE,0.4900265634059906
Sample 15,TimesFM,0.8616490960121155
Sample 15,Chronos,0.13835088908672333
Sample 16,Moirai,0.6108528971672058
Sample 16,TimesFM,0.3891470730304718
Sample 17,Chronos,0.6476156711578369
Sample 17,Timer,0.3523843288421631
Sample 18,TimesFM,0.7212544679641724
Sample 18,Timer,0.27874553203582764
Sample 19,Chronos,0.9810807108879089
Sample 19,Time-MoE,0.01891930215060711
Sample 20,Chronos,0.6292511820793152
Sample 20,TimesFM,0.3707488179206848
Sample 21,Chronos,0.6301404237747192
Sample 21,Time-MoE,0.36985963582992554
Sample 22,Moirai,0.5262514352798462
Sample 22,Timer,0.4737485647201538
Sample 23,TimesFM,0.9035314321517944
Sample 23,Timer,0.09646853804588318
Sample 24,TimesFM,0.7153404951095581
Sample 24,Moirai,0.2846595048904419
Sample 25,Chronos,0.5587509870529175
Sample 25,Moirai,0.4412490129470825
Sample 26,TimesFM,0.892779529094696
Sample 26,Chronos,0.10722044110298157
Sample 27,Chronos,0.9016811847686768
Sample 27,Time-MoE,0.09831881523132324
Sample 28,TimesFM,0.9745249152183533
Sample 28,Chronos,0.025475047528743744
Sample 29,Chronos,0.8723383545875549
Sample 29,Time-MoE,0.12766169011592865
Sample 30,Moirai,0.6512260437011719
Sample 30,Timer,0.34877392649650574
Sample 31,TimesFM,0.9620450735092163
Sample 31,Timer,0.037954963743686676
Sample 0,Moirai,0.9381921887397766
Sample 0,TimesFM,0.06180784851312637
Sample 1,Moirai,0.5392822623252869
Sample 1,Timer,0.46071773767471313
Sample 2,Timer,0.5675179958343506
Sample 2,Chronos,0.4324820041656494
Sample 3,Chronos,0.9004836082458496
Sample 3,Time-MoE,0.0995163843035698
Sample 4,Timer,0.8821457624435425
Sample 4,TimesFM,0.11785425990819931
Sample 5,Timer,0.5052937269210815
Sample 5,Time-MoE,0.49470627307891846
Sample 6,Timer,0.6970372796058655
Sample 6,Moirai,0.3029627501964569
Sample 7,TimesFM,0.8958978652954102
Sample 7,Moirai,0.10410208255052567
Sample 8,Moirai,0.9872221350669861
Sample 8,TimesFM,0.012777900323271751
Sample 9,Timer,0.5760769844055176
Sample 9,Moirai,0.4239230453968048
Sample 10,TimesFM,0.9777071475982666
Sample 10,Moirai,0.02229284681379795
Sample 11,Chronos,0.880984365940094
Sample 11,Timer,0.1190156638622284
Sample 12,Chronos,0.6823018789291382
Sample 12,TimesFM,0.31769809126853943
Sample 13,Moirai,0.7138040065765381
Sample 13,Chronos,0.2861960232257843
Sample 14,Time-MoE,0.5761979818344116
Sample 14,Chronos,0.42380204796791077
Sample 15,TimesFM,0.668998122215271
Sample 15,Time-MoE,0.3310019075870514
Sample 16,Moirai,0.9765817523002625
Sample 16,Chronos,0.023418255150318146
Sample 17,Timer,0.5167009234428406
Sample 17,Chronos,0.4832990765571594
Sample 18,Timer,0.515144944190979
Sample 18,Moirai,0.4848550856113434
Sample 19,Chronos,0.9695441126823425
Sample 19,Time-MoE,0.03045593574643135
Sample 20,Chronos,0.6054930090904236
Sample 20,TimesFM,0.39450696110725403
Sample 21,Moirai,0.5009169578552246
Sample 21,Chronos,0.4990830719470978
Sample 22,Timer,0.5937037467956543
Sample 22,Moirai,0.4062962532043457
Sample 23,TimesFM,0.9674972891807556
Sample 23,Timer,0.032502640038728714
Sample 24,Moirai,0.7579793930053711
Sample 24,TimesFM,0.2420206218957901
Sample 25,Timer,0.6463142037391663
Sample 25,Time-MoE,0.35368573665618896
Sample 26,Timer,0.5176020860671997
Sample 26,Moirai,0.4823979437351227
Sample 27,Chronos,0.9312715530395508
Sample 27,Time-MoE,0.0687284916639328
Sample 28,TimesFM,0.9484472274780273
Sample 28,Chronos,0.05155275762081146
Sample 29,TimesFM,0.6823235750198364
Sample 29,Time-MoE,0.31767645478248596
Sample 30,Timer,0.6563825011253357
Sample 30,Moirai,0.3436174690723419
Sample 31,TimesFM,0.912362277507782
Sample 31,Moirai,0.08763770014047623
Sample 0,TimesFM,0.8791677355766296
Sample 0,Moirai,0.12083225697278976
Sample 1,Timer,0.5612455010414124
Sample 1,Moirai,0.43875449895858765
Sample 2,Timer,0.7097464799880981
Sample 2,Time-MoE,0.29025352001190186
Sample 3,Chronos,0.8542651534080505
Sample 3,Moirai,0.14573483169078827
Sample 4,TimesFM,0.8863190412521362
Sample 4,Chronos,0.11368096619844437
Sample 5,Moirai,0.5717613697052002
Sample 5,Time-MoE,0.4282386302947998
Sample 6,Moirai,0.7522271871566772
Sample 6,Time-MoE,0.24777282774448395
Sample 7,TimesFM,0.8739270567893982
Sample 7,Timer,0.12607300281524658
Sample 8,Moirai,0.5089787244796753
Sample 8,TimesFM,0.4910212755203247
Sample 9,Moirai,0.6129107475280762
Sample 9,Timer,0.38708919286727905
Sample 10,Timer,0.7548484802246094
Sample 10,Moirai,0.24515147507190704
Sample 11,Chronos,0.7822737693786621
Sample 11,Time-MoE,0.2177262008190155
Sample 12,Time-MoE,0.6397411227226257
Sample 12,Chronos,0.3602588474750519
Sample 13,Chronos,0.9548685550689697
Sample 13,Time-MoE,0.04513140767812729
Sample 14,TimesFM,0.9249695539474487
Sample 14,Time-MoE,0.07503043115139008
Sample 15,TimesFM,0.7482858896255493
Sample 15,Timer,0.25171416997909546
Sample 16,TimesFM,0.8949307203292847
Sample 16,Moirai,0.10506933182477951
Sample 17,Moirai,0.6210357546806335
Sample 17,Timer,0.37896424531936646
Sample 18,TimesFM,0.9645596146583557
Sample 18,Chronos,0.03544045239686966
Sample 19,Chronos,0.7070069909095764
Sample 19,Moirai,0.29299303889274597
Sample 20,Moirai,0.5574533939361572
Sample 20,Chronos,0.44254663586616516
Sample 21,Moirai,0.5200574398040771
Sample 21,Timer,0.47994256019592285
Sample 22,Timer,0.6571818590164185
Sample 22,Time-MoE,0.34281814098358154
Sample 23,TimesFM,0.9672462940216064
Sample 23,Timer,0.03275363892316818
Sample 24,Moirai,0.9777694940567017
Sample 24,TimesFM,0.022230517119169235
Sample 25,Moirai,0.6268243193626404
Sample 25,Chronos,0.37317565083503723
Sample 26,TimesFM,0.8466098308563232
Sample 26,Moirai,0.15339018404483795
Sample 27,Chronos,0.5003945231437683
Sample 27,Moirai,0.4996054470539093
Sample 28,Chronos,0.5757985711097717
Sample 28,Moirai,0.42420145869255066
Sample 29,Timer,0.635934591293335
Sample 29,Time-MoE,0.36406537890434265
Sample 30,Moirai,0.8732683658599854
Sample 30,Time-MoE,0.12673164904117584
Sample 31,Timer,0.502955973148346
Sample 31,TimesFM,0.49704402685165405
Sample 0,Moirai,0.9542605876922607
Sample 0,Time-MoE,0.04573938995599747
Sample 1,Timer,0.5641483068466187
Sample 1,Time-MoE,0.43585166335105896
Sample 2,TimesFM,0.9054672122001648
Sample 2,Moirai,0.09453276544809341
Sample 3,Chronos,0.9223565459251404
Sample 3,Time-MoE,0.07764346897602081
Sample 4,Chronos,0.9828306436538696
Sample 4,Time-MoE,0.017169401049613953
Sample 5,Moirai,0.6993202567100525
Sample 5,Chronos,0.3006797134876251
Sample 6,Chronos,0.77153480052948
Sample 6,Timer,0.22846513986587524
Sample 7,TimesFM,0.8775864243507385
Sample 7,Timer,0.12241356819868088
Sample 8,Moirai,0.7412798404693604
Sample 8,TimesFM,0.25872015953063965
Sample 9,Timer,0.5512223839759827
Sample 9,Moirai,0.4487776458263397
Sample 10,Timer,0.9325587153434753
Sample 10,Time-MoE,0.06744126230478287
Sample 11,Chronos,0.892233669757843
Sample 11,Time-MoE,0.10776627063751221
Sample 12,TimesFM,0.7042104005813599
Sample 12,Timer,0.2957896292209625
Sample 13,Moirai,0.5321761965751648
Sample 13,Chronos,0.46782386302948
Sample 14,Moirai,0.5686639547348022
Sample 14,Time-MoE,0.43133607506752014
Sample 15,TimesFM,0.9583690166473389
Sample 15,Timer,0.04163096845149994
Sample 0,Moirai,0.9338974952697754
Sample 0,TimesFM,0.06610254943370819
Sample 1,Timer,0.6379224061965942
Sample 1,Time-MoE,0.36207765340805054
Sample 2,Chronos,0.9136789441108704
Sample 2,Timer,0.08632107079029083
Sample 3,Chronos,0.9322772026062012
Sample 3,Time-MoE,0.06772277504205704
Sample 4,Timer,0.8806422352790833
Sample 4,Chronos,0.11935772001743317
Sample 5,Timer,0.6058112978935242
Sample 5,Time-MoE,0.39418870210647583
Sample 6,Chronos,0.5267937183380127
Sample 6,Time-MoE,0.4732062816619873
Sample 7,TimesFM,0.9533416032791138
Sample 7,Timer,0.04665837436914444
Sample 8,Moirai,0.968393862247467
Sample 8,TimesFM,0.03160621598362923
Sample 9,Timer,0.6149902939796448
Sample 9,Time-MoE,0.3850097060203552
Sample 10,TimesFM,0.7228349447250366
Sample 10,Moirai,0.27716508507728577
Sample 11,Chronos,0.8514074087142944
Sample 11,Moirai,0.14859260618686676
Sample 12,TimesFM,0.9618842601776123
Sample 12,Timer,0.03811569884419441
Sample 13,Chronos,0.534037709236145
Sample 13,Moirai,0.4659622311592102
Sample 14,Time-MoE,0.5809676647186279
Sample 14,Timer,0.41903233528137207
Sample 15,TimesFM,0.9746236205101013
Sample 15,Timer,0.025376372039318085
Sample 16,Moirai,0.903699517250061
Sample 16,TimesFM,0.09630052000284195
Sample 17,Moirai,0.5965562462806702
Sample 17,Timer,0.40344375371932983
Sample 18,TimesFM,0.6457743644714355
Sample 18,Chronos,0.35422566533088684
Sample 19,Chronos,0.844687283039093
Sample 19,Time-MoE,0.15531276166439056
Sample 20,Chronos,0.6672473549842834
Sample 20,Moirai,0.33275261521339417
Sample 21,Chronos,0.9029889106750488
Sample 21,Time-MoE,0.09701105952262878
Sample 22,Chronos,0.7866370677947998
Sample 22,Time-MoE,0.21336297690868378
Sample 23,Timer,0.6450250148773193
Sample 23,TimesFM,0.35497504472732544
Sample 24,TimesFM,0.5513238310813904
Sample 24,Moirai,0.4486762285232544
Sample 25,Timer,0.5506095290184021
Sample 25,Chronos,0.4493904113769531
Sample 26,Moirai,0.8884117007255554
Sample 26,Timer,0.11158832907676697
Sample 27,Chronos,0.7040796875953674
Sample 27,Timer,0.29592034220695496
Sample 28,Chronos,0.9596962332725525
Sample 28,Timer,0.040303707122802734
Sample 29,Moirai,0.5216096639633179
Sample 29,Timer,0.47839033603668213
Sample 30,Moirai,0.7909115552902222
Sample 30,Time-MoE,0.20908847451210022
Sample 31,TimesFM,0.943610429763794
Sample 31,Chronos,0.056389566510915756
Sample 0,TimesFM,0.9097927212715149
Sample 0,Moirai,0.09020732343196869
Sample 1,Moirai,0.6337350010871887
Sample 1,Timer,0.3662649691104889
Sample 2,Chronos,0.727682888507843
Sample 2,TimesFM,0.27231714129447937
Sample 3,Chronos,0.91311115026474
Sample 3,Time-MoE,0.08688882738351822
Sample 4,Chronos,0.7012316584587097
Sample 4,Time-MoE,0.2987683415412903
Sample 5,Moirai,0.6379286050796509
Sample 5,Timer,0.3620714247226715
Sample 6,Timer,0.6469352841377258
Sample 6,Time-MoE,0.3530646860599518
Sample 7,TimesFM,0.9678419828414917
Sample 7,Timer,0.03215795010328293
Sample 8,Moirai,0.9852299094200134
Sample 8,Chronos,0.014770079404115677
Sample 9,Moirai,0.658022403717041
Sample 9,Timer,0.34197762608528137
Sample 10,TimesFM,0.6676426529884338
Sample 10,Moirai,0.33235734701156616
Sample 11,Chronos,0.777060329914093
Sample 11,TimesFM,0.22293967008590698
Sample 12,Chronos,0.5395838022232056
Sample 12,Timer,0.46041619777679443
Sample 13,Moirai,0.6964268088340759
Sample 13,Chronos,0.3035731911659241
Sample 14,Timer,0.6760483384132385
Sample 14,Chronos,0.3239516615867615
Sample 15,TimesFM,0.8733332753181458
Sample 15,Moirai,0.12666673958301544
Sample 16,Moirai,0.9813762903213501
Sample 16,TimesFM,0.018623745068907738
Sample 17,Moirai,0.5332508087158203
Sample 17,Timer,0.4667492210865021
Sample 18,TimesFM,0.8957815170288086
Sample 18,Time-MoE,0.10421844571828842
Sample 19,Chronos,0.8126899600028992
Sample 19,Timer,0.18731002509593964
Sample 20,Timer,0.62224942445755
Sample 20,Moirai,0.37775054574012756
Sample 21,Moirai,0.6532682776451111
Sample 21,Chronos,0.3467317223548889
Sample 22,Timer,0.707672119140625
Sample 22,Time-MoE,0.2923279106616974
Sample 23,TimesFM,0.8763788342475891
Sample 23,Chronos,0.1236211434006691
Sample 24,Moirai,0.9722131490707397
Sample 24,Chronos,0.02778683602809906
Sample 25,Timer,0.6177200675010681
Sample 25,Chronos,0.3822799324989319
Sample 26,Moirai,0.6412001848220825
Sample 26,Timer,0.35879984498023987
Sample 27,Chronos,0.9777911305427551
Sample 27,Time-MoE,0.02220885455608368
Sample 28,Chronos,0.550983726978302
Sample 28,TimesFM,0.4490163028240204
Sample 29,Moirai,0.6734089255332947
Sample 29,Chronos,0.3265910744667053
Sample 30,Timer,0.5739362835884094
Sample 30,Chronos,0.4260637164115906
Sample 31,TimesFM,0.9419164657592773
Sample 31,Timer,0.05808359012007713
Sample 0,TimesFM,0.6301665306091309
Sample 0,Moirai,0.36983343958854675
Sample 1,Moirai,0.6427578330039978
Sample 1,Timer,0.3572421967983246
Sample 2,Moirai,0.7924726009368896
Sample 2,Chronos,0.20752732455730438
Sample 3,Chronos,0.8914307951927185
Sample 3,Time-MoE,0.1085692048072815
Sample 4,TimesFM,0.7044779658317566
Sample 4,Timer,0.295522004365921
Sample 5,Timer,0.635634183883667
Sample 5,Time-MoE,0.3643657863140106
Sample 6,Chronos,0.5873445272445679
Sample 6,Timer,0.41265547275543213
Sample 7,TimesFM,0.8263181447982788
Sample 7,Moirai,0.17368184030056
Sample 8,Moirai,0.6580739617347717
Sample 8,TimesFM,0.34192609786987305
Sample 9,Timer,0.6083467602729797
Sample 9,Moirai,0.3916531801223755
Sample 10,Timer,0.5091449618339539
Sample 10,Chronos,0.49085500836372375
Sample 11,Chronos,0.9939250349998474
Sample 11,Time-MoE,0.006074944976717234
Sample 12,TimesFM,0.5028348565101624
Sample 12,Chronos,0.49716511368751526
Sample 13,Moirai,0.5440662503242493
Sample 13,Chronos,0.45593371987342834
Sample 14,Timer,0.7600693106651306
Sample 14,Time-MoE,0.23993068933486938
Sample 15,TimesFM,0.8652670383453369
Sample 15,Timer,0.1347329318523407
Sample 16,Moirai,0.9438971281051636
Sample 16,Timer,0.05610286816954613
Sample 17,Timer,0.7079522013664246
Sample 17,Time-MoE,0.29204776883125305
Sample 18,TimesFM,0.965579628944397
Sample 18,Time-MoE,0.03442039340734482
Sample 19,Moirai,0.8053798675537109
Sample 19,Timer,0.19462013244628906
Sample 20,Chronos,0.7437884211540222
Sample 20,TimesFM,0.25621160864830017
Sample 21,Moirai,0.7563566565513611
Sample 21,Timer,0.2436433583498001
Sample 22,Timer,0.7123604416847229
Sample 22,Time-MoE,0.2876395285129547
Sample 23,Chronos,0.5127560496330261
Sample 23,Time-MoE,0.4872439205646515
Sample 24,TimesFM,0.8102067112922668
Sample 24,Moirai,0.18979333341121674
Sample 25,Chronos,0.5066412687301636
Sample 25,Timer,0.4933587908744812
Sample 26,TimesFM,0.9868292212486267
Sample 26,Time-MoE,0.013170822523534298
Sample 27,Chronos,0.9956716299057007
Sample 27,Time-MoE,0.004328350070863962
Sample 28,Chronos,0.5771114230155945
Sample 28,TimesFM,0.42288854718208313
Sample 29,Chronos,0.7323510050773621
Sample 29,Moirai,0.26764896512031555
Sample 30,Timer,0.5820756554603577
Sample 30,Chronos,0.41792431473731995
Sample 31,TimesFM,0.9304865598678589
Sample 31,Chronos,0.06951344013214111
Sample 0,TimesFM,0.7918987274169922
Sample 0,Moirai,0.2081012725830078
Sample 1,Moirai,0.5773257613182068
Sample 1,Timer,0.4226742386817932
Sample 2,Timer,0.7481330633163452
Sample 2,TimesFM,0.2518669068813324
Sample 3,Chronos,0.8512011766433716
Sample 3,Moirai,0.1487988382577896
Sample 4,Timer,0.9038031101226807
Sample 4,Time-MoE,0.09619688242673874
Sample 5,Chronos,0.9536072015762329
Sample 5,TimesFM,0.046392813324928284
Sample 6,Moirai,0.5122889280319214
Sample 6,Chronos,0.487711101770401
Sample 7,TimesFM,0.7498083710670471
Sample 7,Time-MoE,0.2501916289329529
Sample 8,Moirai,0.6360455751419067
Sample 8,TimesFM,0.36395442485809326
Sample 9,Timer,0.5732424259185791
Sample 9,Moirai,0.4267576336860657
Sample 10,Chronos,0.9543998837471008
Sample 10,Time-MoE,0.04560016840696335
Sample 11,Chronos,0.9708365201950073
Sample 11,Time-MoE,0.029163477942347527
Sample 12,TimesFM,0.7941548228263855
Sample 12,Chronos,0.20584514737129211
Sample 13,Timer,0.5560108423233032
Sample 13,Chronos,0.44398918747901917
Sample 14,Moirai,0.5652516484260559
Sample 14,Time-MoE,0.4347483813762665
Sample 15,TimesFM,0.8595487475395203
Sample 15,Chronos,0.14045128226280212
Sample 16,Moirai,0.6121910810470581
Sample 16,TimesFM,0.3878089487552643
Sample 17,Chronos,0.6258739233016968
Sample 17,Timer,0.374126136302948
Sample 18,TimesFM,0.7131800055503845
Sample 18,Timer,0.28682002425193787
Sample 19,Chronos,0.9853970408439636
Sample 19,Time-MoE,0.01460299827158451
Sample 20,Chronos,0.6366275548934937
Sample 20,TimesFM,0.36337241530418396
Sample 21,Chronos,0.674104630947113
Sample 21,Moirai,0.3258953392505646
Sample 22,Moirai,0.504157543182373
Sample 22,Timer,0.49584242701530457
Sample 23,TimesFM,0.9021106362342834
Sample 23,Timer,0.09788934141397476
Sample 24,TimesFM,0.7127662897109985
Sample 24,Moirai,0.28723374009132385
Sample 25,Chronos,0.564513087272644
Sample 25,Timer,0.43548688292503357
Sample 26,TimesFM,0.8931757807731628
Sample 26,Chronos,0.10682421177625656
Sample 27,Chronos,0.9090222120285034
Sample 27,Timer,0.0909777581691742
Sample 28,TimesFM,0.976026713848114
Sample 28,Chronos,0.02397332340478897
Sample 29,Chronos,0.903907060623169
Sample 29,Time-MoE,0.09609295427799225
Sample 30,Moirai,0.6355896592140198
Sample 30,Timer,0.3644103705883026
Sample 31,TimesFM,0.9609585404396057
Sample 31,Timer,0.039041437208652496
Sample 0,Moirai,0.9395411610603333
Sample 0,TimesFM,0.06045879051089287
Sample 1,Moirai,0.5113192796707153
Sample 1,Timer,0.48868072032928467
Sample 2,Timer,0.5862403512001038
Sample 2,Chronos,0.413759708404541
Sample 3,Chronos,0.9124698042869568
Sample 3,Moirai,0.08753018826246262
Sample 4,Timer,0.8958917260169983
Sample 4,TimesFM,0.10410822927951813
Sample 5,Timer,0.5286182165145874
Sample 5,Moirai,0.4713817834854126
Sample 6,Timer,0.7173459529876709
Sample 6,Moirai,0.2826540172100067
Sample 7,TimesFM,0.8942633867263794
Sample 7,Moirai,0.10573658347129822
Sample 8,Moirai,0.987986147403717
Sample 8,TimesFM,0.012013811618089676
Sample 9,Timer,0.605987012386322
Sample 9,Moirai,0.3940129578113556
Sample 10,TimesFM,0.9782045483589172
Sample 10,Moirai,0.021795399487018585
Sample 11,Chronos,0.8721323013305664
Sample 11,Timer,0.1278676986694336
Sample 12,Chronos,0.6813305020332336
Sample 12,TimesFM,0.31866946816444397
Sample 13,Moirai,0.7249911427497864
Sample 13,Chronos,0.2750088572502136
Sample 14,Time-MoE,0.5068114399909973
Sample 14,Timer,0.4931885898113251
Sample 15,TimesFM,0.6574357748031616
Sample 15,Time-MoE,0.34256425499916077
Sample 16,Moirai,0.9764594435691833
Sample 16,Chronos,0.02354053407907486
Sample 17,Timer,0.5447216629981995
Sample 17,Chronos,0.45527830719947815
Sample 18,Timer,0.5380480885505676
Sample 18,Moirai,0.4619518518447876
Sample 19,Chronos,0.9783082604408264
Sample 19,Time-MoE,0.021691741421818733
Sample 20,Chronos,0.6146662831306458
Sample 20,TimesFM,0.38533371686935425
Sample 21,Moirai,0.503166139125824
Sample 21,Chronos,0.49683383107185364
Sample 22,Timer,0.6205573678016663
Sample 22,Moirai,0.37944263219833374
Sample 23,TimesFM,0.9660204648971558
Sample 23,Time-MoE,0.033979468047618866
Sample 24,Moirai,0.7596044540405273
Sample 24,TimesFM,0.24039551615715027
Sample 25,Timer,0.7110622525215149
Sample 25,Chronos,0.2889377772808075
Sample 26,Timer,0.537758469581604
Sample 26,Moirai,0.4622415602207184
Sample 27,Chronos,0.9519326090812683
Sample 27,Time-MoE,0.048067450523376465
Sample 28,TimesFM,0.9500553607940674
Sample 28,Chronos,0.049944642931222916
Sample 29,TimesFM,0.7226080298423767
Sample 29,Timer,0.2773919403553009
Sample 30,Timer,0.6751868724822998
Sample 30,Moirai,0.3248131275177002
Sample 31,TimesFM,0.911834180355072
Sample 31,Moirai,0.08816582709550858
Sample 0,TimesFM,0.8824943900108337
Sample 0,Moirai,0.11750562489032745
Sample 1,Timer,0.5852234959602356
Sample 1,Moirai,0.4147765338420868
Sample 2,Timer,0.7260587215423584
Sample 2,Time-MoE,0.2739412486553192
Sample 3,Chronos,0.8564501404762268
Sample 3,Moirai,0.1435498595237732
Sample 4,TimesFM,0.8887593746185303
Sample 4,Chronos,0.11124060302972794
Sample 5,Moirai,0.61355060338974
Sample 5,Timer,0.38644939661026
Sample 6,Moirai,0.7807464003562927
Sample 6,TimesFM,0.21925364434719086
Sample 7,TimesFM,0.8774591684341431
Sample 7,Timer,0.12254080921411514
Sample 8,Moirai,0.5041240453720093
Sample 8,TimesFM,0.4958759546279907
Sample 9,Moirai,0.5901480913162231
Sample 9,Timer,0.40985190868377686
Sample 10,Timer,0.7760509848594666
Sample 10,Moirai,0.22394900023937225
Sample 11,Chronos,0.8269845843315125
Sample 11,Timer,0.17301543056964874
Sample 12,Time-MoE,0.6335277557373047
Sample 12,Chronos,0.3664722442626953
Sample 13,Chronos,0.9593531489372253
Sample 13,Time-MoE,0.04064686968922615
Sample 14,TimesFM,0.9291884899139404
Sample 14,Time-MoE,0.07081149518489838
Sample 15,TimesFM,0.751922607421875
Sample 15,Timer,0.24807743728160858
Sample 16,TimesFM,0.896863579750061
Sample 16,Moirai,0.10313645005226135
Sample 17,Moirai,0.6002057194709778
Sample 17,Timer,0.3997943103313446
Sample 18,TimesFM,0.9656887650489807
Sample 18,Chronos,0.0343112014234066
Sample 19,Chronos,0.7062483429908752
Sample 19,Moirai,0.29375165700912476
Sample 20,Moirai,0.564935564994812
Sample 20,Chronos,0.4350644648075104
Sample 21,Moirai,0.5014972686767578
Sample 21,Timer,0.4985027313232422
Sample 22,Timer,0.7411513328552246
Sample 22,Time-MoE,0.2588486969470978
Sample 23,TimesFM,0.9684667587280273
Sample 23,Timer,0.031533218920230865
Sample 24,Moirai,0.9793409705162048
Sample 24,TimesFM,0.02065899968147278
Sample 25,Moirai,0.6217054128646851
Sample 25,Timer,0.37829461693763733
Sample 26,TimesFM,0.848129153251648
Sample 26,Moirai,0.15187081694602966
Sample 27,Moirai,0.5055964589118958
Sample 27,Chronos,0.49440351128578186
Sample 28,Chronos,0.5858315825462341
Sample 28,Moirai,0.41416844725608826
Sample 29,Timer,0.7284884452819824
Sample 29,Time-MoE,0.2715115249156952
Sample 30,Moirai,0.8775584697723389
Sample 30,TimesFM,0.12244151532649994
Sample 31,TimesFM,0.5110623240470886
Sample 31,Time-MoE,0.4889376759529114
Sample 0,Moirai,0.9621976017951965
Sample 0,Chronos,0.037802450358867645
Sample 1,Timer,0.6337602734565735
Sample 1,Chronos,0.3662397265434265
Sample 2,TimesFM,0.9069024324417114
Sample 2,Moirai,0.09309759736061096
Sample 3,Chronos,0.9473729729652405
Sample 3,Time-MoE,0.05262698978185654
Sample 4,Chronos,0.9839040040969849
Sample 4,Time-MoE,0.016095954924821854
Sample 5,Moirai,0.7134847044944763
Sample 5,Chronos,0.28651532530784607
Sample 6,Chronos,0.7528579235076904
Sample 6,Timer,0.24714204668998718
Sample 7,TimesFM,0.883236289024353
Sample 7,Timer,0.11676368862390518
Sample 8,Moirai,0.744739294052124
Sample 8,TimesFM,0.255260705947876
Sample 9,Timer,0.5724834203720093
Sample 9,Moirai,0.4275165796279907
Sample 10,Timer,0.9376021027565002
Sample 10,TimesFM,0.06239786371588707
Sample 11,Chronos,0.919884979724884
Sample 11,Moirai,0.08011497557163239
Sample 12,TimesFM,0.6929782629013062
Sample 12,Timer,0.30702170729637146
Sample 13,Moirai,0.5295860171318054
Sample 13,Timer,0.4704139232635498
Sample 14,Moirai,0.6054787635803223
Sample 14,Timer,0.39452123641967773
Sample 15,TimesFM,0.9609121084213257
Sample 15,Timer,0.039087943732738495
Sample 0,Moirai,0.9361705780029297
Sample 0,TimesFM,0.0638294443488121
Sample 1,Timer,0.670328676700592
Sample 1,Chronos,0.3296712636947632
Sample 2,Chronos,0.9220654964447021
Sample 2,Timer,0.07793452590703964
Sample 3,Chronos,0.9464641213417053
Sample 3,Moirai,0.05353584140539169
Sample 4,Timer,0.8919220566749573
Sample 4,TimesFM,0.10807794332504272
Sample 5,Timer,0.6619442701339722
Sample 5,Chronos,0.3380557596683502
Sample 6,Chronos,0.5375787615776062
Sample 6,Timer,0.4624212086200714
Sample 7,TimesFM,0.9554749727249146
Sample 7,Timer,0.044525038450956345
Sample 8,Moirai,0.9703536033630371
Sample 8,TimesFM,0.029646405950188637
Sample 9,Timer,0.6730965971946716
Sample 9,Chronos,0.32690340280532837
Sample 10,TimesFM,0.7239344120025635
Sample 10,Moirai,0.2760655879974365
Sample 11,Chronos,0.8499913811683655
Sample 11,Moirai,0.1500086635351181
Sample 12,TimesFM,0.9631124138832092
Sample 12,Timer,0.03688763082027435
Sample 13,Chronos,0.5215573310852051
Sample 13,Moirai,0.47844263911247253
Sample 14,Timer,0.5259353518486023
Sample 14,Time-MoE,0.4740646183490753
Sample 15,TimesFM,0.9760333895683289
Sample 15,Timer,0.023966539651155472
Sample 16,Moirai,0.9091010093688965
Sample 16,TimesFM,0.09089898318052292
Sample 17,Moirai,0.5794823169708252
Sample 17,Timer,0.4205177128314972
Sample 18,TimesFM,0.6504877209663391
Sample 18,Chronos,0.3495122194290161
Sample 19,Chronos,0.8636913299560547
Sample 19,Moirai,0.1363086849451065
Sample 20,Chronos,0.6804834604263306
Sample 20,Moirai,0.31951650977134705
Sample 21,Chronos,0.9081010818481445
Sample 21,Moirai,0.09189889580011368
Sample 22,Chronos,0.7887642979621887
Sample 22,TimesFM,0.2112356424331665
Sample 23,Timer,0.6350851058959961
Sample 23,TimesFM,0.3649148643016815
Sample 24,TimesFM,0.5489287376403809
Sample 24,Moirai,0.45107123255729675
Sample 25,Timer,0.5792438387870789
Sample 25,Chronos,0.42075619101524353
Sample 26,Moirai,0.8858872652053833
Sample 26,Timer,0.11411280184984207
Sample 27,Chronos,0.6902674436569214
Sample 27,Timer,0.3097325563430786
Sample 28,Chronos,0.964749276638031
Sample 28,Timer,0.03525074943900108
Sample 29,Moirai,0.5062825679779053
Sample 29,Timer,0.49371740221977234
Sample 30,Moirai,0.8566239476203918
Sample 30,Time-MoE,0.14337612688541412
Sample 31,TimesFM,0.9384205341339111
Sample 31,Time-MoE,0.061579447239637375
Sample 0,TimesFM,0.9137057065963745
Sample 0,Moirai,0.08629423379898071
Sample 1,Moirai,0.6317415833473206
Sample 1,Timer,0.36825838685035706
Sample 2,Chronos,0.7222333550453186
Sample 2,TimesFM,0.2777666449546814
Sample 3,Chronos,0.9175638556480408
Sample 3,Timer,0.08243619650602341
Sample 4,Chronos,0.6999189257621765
Sample 4,Time-MoE,0.3000810742378235
Sample 5,Moirai,0.6375189423561096
Sample 5,Timer,0.36248111724853516
Sample 6,Timer,0.6780474781990051
Sample 6,Time-MoE,0.3219524919986725
Sample 7,TimesFM,0.9689478874206543
Sample 7,Timer,0.03105212189257145
Sample 8,Moirai,0.9858928322792053
Sample 8,Chronos,0.014107213355600834
Sample 9,Moirai,0.654313325881958
Sample 9,Timer,0.3456866443157196
Sample 10,TimesFM,0.6959438323974609
Sample 10,Moirai,0.30405616760253906
Sample 11,Chronos,0.778745710849762
Sample 11,TimesFM,0.22125427424907684
Sample 12,Chronos,0.5290017127990723
Sample 12,Timer,0.47099828720092773
Sample 13,Moirai,0.7118449807167053
Sample 13,Chronos,0.28815507888793945
Sample 14,Timer,0.6871934533119202
Sample 14,Chronos,0.31280654668807983
Sample 15,TimesFM,0.8762487769126892
Sample 15,Moirai,0.12375123053789139
Sample 16,Moirai,0.9824403524398804
Sample 16,TimesFM,0.017559682950377464
Sample 17,Moirai,0.5300026535987854
Sample 17,Timer,0.4699973464012146
Sample 18,TimesFM,0.9038144946098328
Sample 18,Time-MoE,0.09618549793958664
Sample 19,Chronos,0.8024656176567078
Sample 19,Timer,0.19753438234329224
Sample 20,Timer,0.6237329244613647
Sample 20,Moirai,0.37626710534095764
Sample 21,Moirai,0.6698032021522522
Sample 21,Chronos,0.3301967978477478
Sample 22,Timer,0.7301275730133057
Sample 22,Time-MoE,0.2698724567890167
Sample 23,TimesFM,0.8721771836280823
Sample 23,Chronos,0.12782280147075653
Sample 24,Moirai,0.9743199348449707
Sample 24,Chronos,0.0256800577044487
Sample 25,Timer,0.639438807964325
Sample 25,Chronos,0.36056119203567505
Sample 26,Moirai,0.647348165512085
Sample 26,Timer,0.35265180468559265
Sample 27,Chronos,0.9820323586463928
Sample 27,Moirai,0.017967665567994118
Sample 28,Chronos,0.5612765550613403
Sample 28,TimesFM,0.4387234151363373
Sample 29,Moirai,0.6928662657737732
Sample 29,Chronos,0.3071337342262268
Sample 30,Timer,0.5905776023864746
Sample 30,Chronos,0.409422367811203
Sample 31,TimesFM,0.942648708820343
Sample 31,Timer,0.05735137313604355
Sample 0,TimesFM,0.6290257573127747
Sample 0,Moirai,0.3709743022918701
Sample 1,Moirai,0.650246798992157
Sample 1,Timer,0.3497532308101654
Sample 2,Moirai,0.7996888160705566
Sample 2,Chronos,0.20031119883060455
Sample 3,Chronos,0.8971574902534485
Sample 3,Moirai,0.10284252464771271
Sample 4,TimesFM,0.7093604803085327
Sample 4,Timer,0.2906395494937897
Sample 5,Timer,0.6645494699478149
Sample 5,Time-MoE,0.33545055985450745
Sample 6,Chronos,0.586025059223175
Sample 6,Timer,0.41397491097450256
Sample 7,TimesFM,0.8235002160072327
Sample 7,Moirai,0.17649975419044495
Sample 8,Moirai,0.6607098579406738
Sample 8,TimesFM,0.33929017186164856
Sample 9,Timer,0.6003836989402771
Sample 9,Moirai,0.3996163010597229
Sample 10,Timer,0.5186524391174316
Sample 10,Chronos,0.48134759068489075
Sample 11,Chronos,0.9944050312042236
Sample 11,Time-MoE,0.0055949450470507145
Sample 12,Chronos,0.5131534337997437
Sample 12,TimesFM,0.4868466258049011
Sample 13,Moirai,0.567034900188446
Sample 13,Chronos,0.4329650402069092
Sample 14,Timer,0.775481641292572
Sample 14,Time-MoE,0.22451843321323395
Sample 15,TimesFM,0.8639070987701416
Sample 15,Timer,0.1360929310321808
Sample 16,Moirai,0.9468055367469788
Sample 16,Timer,0.05319441482424736
Sample 17,Timer,0.7372016906738281
Sample 17,Time-MoE,0.2627983093261719
Sample 18,TimesFM,0.9655995965003967
Sample 18,Time-MoE,0.034400369971990585
Sample 19,Moirai,0.8090378046035767
Sample 19,TimesFM,0.19096222519874573
Sample 20,Chronos,0.7533642649650574
Sample 20,TimesFM,0.24663572013378143
Sample 21,Moirai,0.7658683657646179
Sample 21,Timer,0.23413163423538208
Sample 22,Timer,0.7265010476112366
Sample 22,Time-MoE,0.2734989821910858
Sample 23,Chronos,0.5121804475784302
Sample 23,Time-MoE,0.48781952261924744
Sample 24,TimesFM,0.8119491338729858
Sample 24,Moirai,0.18805083632469177
Sample 25,Timer,0.5061384439468384
Sample 25,Chronos,0.493861585855484
Sample 26,TimesFM,0.9882610440254211
Sample 26,Time-MoE,0.011738934554159641
Sample 27,Chronos,0.9962829947471619
Sample 27,Time-MoE,0.0037170457653701305
Sample 28,Chronos,0.5929368734359741
Sample 28,TimesFM,0.40706315636634827
Sample 29,Chronos,0.7166270017623901
Sample 29,Moirai,0.2833729684352875
Sample 30,Timer,0.5825275182723999
Sample 30,Moirai,0.4174724519252777
Sample 31,TimesFM,0.9274000525474548
Sample 31,Chronos,0.07259996980428696
Sample 0,TimesFM,0.7917104959487915
Sample 0,Moirai,0.20828954875469208
Sample 1,Moirai,0.5999575853347778
Sample 1,Timer,0.40004247426986694
Sample 2,Timer,0.7530644536018372
Sample 2,TimesFM,0.24693556129932404
Sample 3,Chronos,0.8475270867347717
Sample 3,Moirai,0.1524728387594223
Sample 4,Timer,0.9025024771690369
Sample 4,Time-MoE,0.09749748557806015
Sample 5,Chronos,0.9538843631744385
Sample 5,TimesFM,0.046115580946207047
Sample 6,Moirai,0.5129455924034119
Sample 6,Chronos,0.48705434799194336
Sample 7,TimesFM,0.7398534417152405
Sample 7,Time-MoE,0.2601465582847595
Sample 8,Moirai,0.6319749355316162
Sample 8,TimesFM,0.3680250346660614
Sample 9,Timer,0.5504500269889832
Sample 9,Moirai,0.44954997301101685
Sample 10,Chronos,0.9553657174110413
Sample 10,Time-MoE,0.04463423043489456
Sample 11,Chronos,0.97385174036026
Sample 11,Time-MoE,0.026148227974772453
Sample 12,TimesFM,0.7896904349327087
Sample 12,Chronos,0.21030959486961365
Sample 13,Timer,0.5489161610603333
Sample 13,Chronos,0.45108380913734436
Sample 14,Moirai,0.5824362635612488
Sample 14,Time-MoE,0.41756370663642883
Sample 15,TimesFM,0.8518181443214417
Sample 15,Chronos,0.14818184077739716
Sample 16,Moirai,0.6142846941947937
Sample 16,TimesFM,0.3857152760028839
Sample 17,Chronos,0.6253073215484619
Sample 17,Timer,0.3746926486492157
Sample 18,TimesFM,0.7061870098114014
Sample 18,Timer,0.29381299018859863
Sample 19,Chronos,0.9869972467422485
Sample 19,Time-MoE,0.013002761639654636
Sample 20,Chronos,0.6530628204345703
Sample 20,TimesFM,0.3469372093677521
Sample 21,Chronos,0.6588023900985718
Sample 21,Moirai,0.3411976099014282
Sample 22,Moirai,0.5246692895889282
Sample 22,Timer,0.47533074021339417
Sample 23,TimesFM,0.8959247469902039
Sample 23,Timer,0.10407523810863495
Sample 24,TimesFM,0.7147080302238464
Sample 24,Moirai,0.28529196977615356
Sample 25,Chronos,0.5488027334213257
Sample 25,Moirai,0.4511972963809967
Sample 26,TimesFM,0.8889966607093811
Sample 26,Chronos,0.11100335419178009
Sample 27,Chronos,0.9127048254013062
Sample 27,Timer,0.08729514479637146
Sample 28,TimesFM,0.9762889742851257
Sample 28,Chronos,0.023711049929261208
Sample 29,Chronos,0.9109504222869873
Sample 29,Time-MoE,0.0890495553612709
Sample 30,Moirai,0.6594899296760559
Sample 30,Timer,0.3405100405216217
Sample 31,TimesFM,0.9584494233131409
Sample 31,Timer,0.041550587862730026
Sample 0,Moirai,0.9390438199043274
Sample 0,TimesFM,0.06095622479915619
Sample 1,Moirai,0.5474504828453064
Sample 1,Timer,0.452549546957016
Sample 2,Timer,0.5655161738395691
Sample 2,Chronos,0.4344838559627533
Sample 3,Chronos,0.9113065600395203
Sample 3,Moirai,0.08869341015815735
Sample 4,Timer,0.8896653056144714
Sample 4,TimesFM,0.11033468693494797
Sample 5,Moirai,0.5093128085136414
Sample 5,Timer,0.49068716168403625
Sample 6,Timer,0.6852245330810547
Sample 6,Moirai,0.31477540731430054
Sample 7,TimesFM,0.891261637210846
Sample 7,Moirai,0.10873840004205704
Sample 8,Moirai,0.988261878490448
Sample 8,TimesFM,0.011738104745745659
Sample 9,Timer,0.5733160972595215
Sample 9,Moirai,0.4266839027404785
Sample 10,TimesFM,0.9790868759155273
Sample 10,Moirai,0.02091308683156967
Sample 11,Chronos,0.8730750679969788
Sample 11,Timer,0.12692499160766602
Sample 12,Chronos,0.6731917858123779
Sample 12,TimesFM,0.3268081545829773
Sample 13,Moirai,0.7441803812980652
Sample 13,Chronos,0.2558196485042572
Sample 14,Time-MoE,0.5406569242477417
Sample 14,Chronos,0.4593430757522583
Sample 15,TimesFM,0.6651102900505066
Sample 15,Time-MoE,0.33488965034484863
Sample 16,Moirai,0.9766521453857422
Sample 16,Chronos,0.023347865790128708
Sample 17,Timer,0.5218722820281982
Sample 17,Chronos,0.47812771797180176
Sample 18,Timer,0.5034386515617371
Sample 18,Moirai,0.49656134843826294
Sample 19,Chronos,0.9795414805412292
Sample 19,Time-MoE,0.020458519458770752
Sample 20,Chronos,0.6308677792549133
Sample 20,TimesFM,0.36913222074508667
Sample 21,Moirai,0.5154690146446228
Sample 21,Chronos,0.4845309257507324
Sample 22,Timer,0.5834687948226929
Sample 22,Moirai,0.41653117537498474
Sample 23,TimesFM,0.9658371806144714
Sample 23,Time-MoE,0.03416285291314125
Sample 24,Moirai,0.7559131383895874
Sample 24,TimesFM,0.2440868616104126
Sample 25,Timer,0.6949058771133423
Sample 25,Chronos,0.30509406328201294
Sample 26,Timer,0.5430707931518555
Sample 26,Moirai,0.4569292366504669
Sample 27,Chronos,0.9518779516220093
Sample 27,Time-MoE,0.04812202230095863
Sample 28,TimesFM,0.9517078399658203
Sample 28,Chronos,0.04829210788011551
Sample 29,TimesFM,0.7565397620201111
Sample 29,Timer,0.2434602975845337
Sample 30,Timer,0.6388338804244995
Sample 30,Moirai,0.36116617918014526
Sample 31,TimesFM,0.9106173515319824
Sample 31,Moirai,0.08938265591859818
Sample 0,TimesFM,0.8882200717926025
Sample 0,Moirai,0.11177992075681686
Sample 1,Timer,0.5443917512893677
Sample 1,Moirai,0.4556082487106323
Sample 2,Timer,0.709460973739624
Sample 2,Time-MoE,0.290539026260376
Sample 3,Chronos,0.8558055758476257
Sample 3,Moirai,0.14419443905353546
Sample 4,TimesFM,0.8878452777862549
Sample 4,Chronos,0.1121547743678093
Sample 5,Moirai,0.651807963848114
Sample 5,Chronos,0.3481920063495636
Sample 6,Moirai,0.7844161987304688
Sample 6,TimesFM,0.21558384597301483
Sample 7,TimesFM,0.8691447377204895
Sample 7,Timer,0.13085521757602692
Sample 8,TimesFM,0.5118265151977539
Sample 8,Moirai,0.48817354440689087
Sample 9,Moirai,0.629921019077301
Sample 9,Timer,0.370078980922699
Sample 10,Timer,0.768875002861023
Sample 10,Moirai,0.23112492263317108
Sample 11,Chronos,0.8106642961502075
Sample 11,Time-MoE,0.18933574855327606
Sample 12,Time-MoE,0.6363155841827393
Sample 12,Chronos,0.36368441581726074
Sample 13,Chronos,0.9592605829238892
Sample 13,Time-MoE,0.040739383548498154
Sample 14,TimesFM,0.9318735003471375
Sample 14,Time-MoE,0.06812649220228195
Sample 15,TimesFM,0.7492731809616089
Sample 15,Timer,0.2507268190383911
Sample 16,TimesFM,0.9003464579582214
Sample 16,Moirai,0.09965353459119797
Sample 17,Moirai,0.6402680277824402
Sample 17,Timer,0.3597319722175598
Sample 18,TimesFM,0.9655774831771851
Sample 18,Chronos,0.03442249447107315
Sample 19,Chronos,0.7031875848770142
Sample 19,Moirai,0.29681241512298584
Sample 20,Moirai,0.5704443454742432
Sample 20,Chronos,0.4295556843280792
Sample 21,Moirai,0.5446622967720032
Sample 21,Timer,0.4553377032279968
Sample 22,Timer,0.6806491017341614
Sample 22,Time-MoE,0.3193508982658386
Sample 23,TimesFM,0.9640131592750549
Sample 23,Timer,0.035986918956041336
Sample 24,Moirai,0.9793317317962646
Sample 24,TimesFM,0.020668242126703262
Sample 25,Moirai,0.6422526240348816
Sample 25,Chronos,0.357747346162796
Sample 26,TimesFM,0.8452317118644714
Sample 26,Moirai,0.15476828813552856
Sample 27,Moirai,0.5107852220535278
Sample 27,Chronos,0.48921477794647217
Sample 28,Chronos,0.6006323099136353
Sample 28,Moirai,0.39936769008636475
Sample 29,Timer,0.6680245399475098
Sample 29,Time-MoE,0.33197546005249023
Sample 30,Moirai,0.8772125244140625
Sample 30,TimesFM,0.12278743833303452
Sample 31,Timer,0.5264056324958801
Sample 31,TimesFM,0.4735943675041199
Sample 0,Moirai,0.9624277949333191
Sample 0,Chronos,0.037572283297777176
Sample 1,Timer,0.5960654020309448
Sample 1,Chronos,0.4039345979690552
Sample 2,TimesFM,0.9139814972877502
Sample 2,Moirai,0.08601848781108856
Sample 3,Chronos,0.9390044808387756
Sample 3,Time-MoE,0.0609954409301281
Sample 4,Chronos,0.9851195216178894
Sample 4,Time-MoE,0.014880435541272163
Sample 5,Moirai,0.7209239602088928
Sample 5,Chronos,0.2790760099887848
Sample 6,Chronos,0.7786530256271362
Sample 6,Timer,0.22134695947170258
Sample 7,TimesFM,0.8688718676567078
Sample 7,Timer,0.13112813234329224
Sample 8,Moirai,0.7224597334861755
Sample 8,TimesFM,0.27754026651382446
Sample 9,Timer,0.524986207485199
Sample 9,Moirai,0.475013792514801
Sample 10,Timer,0.937918484210968
Sample 10,TimesFM,0.06208144500851631
Sample 11,Chronos,0.9167315363883972
Sample 11,Time-MoE,0.08326840400695801
Sample 12,TimesFM,0.7191708087921143
Sample 12,Timer,0.28082922101020813
Sample 13,Moirai,0.5472039580345154
Sample 13,Chronos,0.45279601216316223
Sample 14,Moirai,0.651545524597168
Sample 14,Time-MoE,0.34845444560050964
Sample 15,TimesFM,0.9552210569381714
Sample 15,Timer,0.044778916984796524
Sample 0,Moirai,0.9296898245811462
Sample 0,TimesFM,0.07031019032001495
Sample 1,Timer,0.6282891035079956
Sample 1,Chronos,0.371710866689682
Sample 2,Chronos,0.9207467436790466
Sample 2,Timer,0.07925321906805038
Sample 3,Chronos,0.9447135925292969
Sample 3,Time-MoE,0.05528644099831581
Sample 4,Timer,0.8757415413856506
Sample 4,TimesFM,0.12425848096609116
Sample 5,Timer,0.6154913902282715
Sample 5,Time-MoE,0.3845086097717285
Sample 6,Chronos,0.5722143054008484
Sample 6,Time-MoE,0.4277856647968292
Sample 7,TimesFM,0.9484825134277344
Sample 7,Timer,0.05151748284697533
Sample 8,Moirai,0.9675459861755371
Sample 8,TimesFM,0.0324539951980114
Sample 9,Timer,0.6220317482948303
Sample 9,Time-MoE,0.3779682517051697
Sample 10,TimesFM,0.7411338090896606
Sample 10,Moirai,0.25886619091033936
Sample 11,Chronos,0.8499720692634583
Sample 11,Moirai,0.15002790093421936
Sample 12,TimesFM,0.961611270904541
Sample 12,Timer,0.03838878124952316
Sample 13,Chronos,0.5195744037628174
Sample 13,Moirai,0.48042553663253784
Sample 14,Time-MoE,0.5763593912124634
Sample 14,Timer,0.42364057898521423
Sample 15,TimesFM,0.97252357006073
Sample 15,Timer,0.027476463466882706
Sample 16,Moirai,0.9064429998397827
Sample 16,TimesFM,0.09355698525905609
Sample 17,Moirai,0.6274701952934265
Sample 17,Timer,0.3725297451019287
Sample 18,TimesFM,0.6536690592765808
Sample 18,Chronos,0.3463309109210968
Sample 19,Chronos,0.8627274632453918
Sample 19,Time-MoE,0.13727247714996338
Sample 20,Chronos,0.6926792860031128
Sample 20,Moirai,0.3073206841945648
Sample 21,Chronos,0.9095736742019653
Sample 21,Moirai,0.09042627364397049
Sample 22,Chronos,0.78510981798172
Sample 22,TimesFM,0.2148902267217636
Sample 23,Timer,0.6199043989181519
Sample 23,TimesFM,0.3800956606864929
Sample 24,TimesFM,0.5646653175354004
Sample 24,Moirai,0.435334712266922
Sample 25,Timer,0.5306052565574646
Sample 25,Chronos,0.4693947732448578
Sample 26,Moirai,0.8978995084762573
Sample 26,Timer,0.10210053622722626
Sample 27,Chronos,0.701269805431366
Sample 27,Timer,0.29873019456863403
Sample 28,Chronos,0.9619979858398438
Sample 28,Timer,0.03800206631422043
Sample 29,Moirai,0.5508598685264587
Sample 29,Timer,0.44914010167121887
Sample 30,Moirai,0.8323494791984558
Sample 30,Time-MoE,0.16765053570270538
Sample 31,TimesFM,0.9450052976608276
Sample 31,Time-MoE,0.05499470606446266
Sample 0,TimesFM,0.9237836003303528
Sample 0,Moirai,0.07621639966964722
Sample 1,Moirai,0.6729973554611206
Sample 1,Timer,0.3270026445388794
Sample 2,Chronos,0.7162284851074219
Sample 2,TimesFM,0.28377148509025574
Sample 3,Chronos,0.9179397225379944
Sample 3,Time-MoE,0.08206020295619965
Sample 4,Chronos,0.7017099261283875
Sample 4,Time-MoE,0.29829010367393494
Sample 5,Moirai,0.6787587404251099
Sample 5,Timer,0.32124122977256775
Sample 6,Timer,0.5768313407897949
Sample 6,Time-MoE,0.4231685996055603
Sample 7,TimesFM,0.9657952785491943
Sample 7,Timer,0.03420478105545044
Sample 8,Moirai,0.984771192073822
Sample 8,Chronos,0.015228822827339172
Sample 9,Moirai,0.6926271915435791
Sample 9,Timer,0.3073728084564209
Sample 10,TimesFM,0.7428857684135437
Sample 10,Moirai,0.2571142911911011
Sample 11,Chronos,0.7774945497512817
Sample 11,TimesFM,0.22250549495220184
Sample 12,Chronos,0.540153443813324
Sample 12,Timer,0.4598465859889984
Sample 13,Moirai,0.7082932591438293
Sample 13,Chronos,0.29170674085617065
Sample 14,Timer,0.6589415669441223
Sample 14,Chronos,0.34105849266052246
Sample 15,TimesFM,0.8834994435310364
Sample 15,Moirai,0.11650057137012482
Sample 16,Moirai,0.9808977246284485
Sample 16,TimesFM,0.01910221390426159
Sample 17,Moirai,0.5750401616096497
Sample 17,Timer,0.42495983839035034
Sample 18,TimesFM,0.9075546264648438
Sample 18,Time-MoE,0.09244539588689804
Sample 19,Chronos,0.8154234290122986
Sample 19,Moirai,0.1845765858888626
Sample 20,Timer,0.5859050750732422
Sample 20,Moirai,0.4140949547290802
Sample 21,Moirai,0.665934681892395
Sample 21,Chronos,0.334065318107605
Sample 22,Timer,0.6475115418434143
Sample 22,Time-MoE,0.3524884879589081
Sample 23,TimesFM,0.8699648976325989
Sample 23,Chronos,0.13003508746623993
Sample 24,Moirai,0.9730981588363647
Sample 24,Chronos,0.02690192498266697
Sample 25,Timer,0.5968550443649292
Sample 25,Chronos,0.4031449854373932
Sample 26,Moirai,0.6797203421592712
Sample 26,Timer,0.32027962803840637
Sample 27,Chronos,0.9809793829917908
Sample 27,Time-MoE,0.0190205629914999
Sample 28,Chronos,0.565646231174469
Sample 28,TimesFM,0.4343537390232086
Sample 29,Moirai,0.6959659457206726
Sample 29,Chronos,0.3040340542793274
Sample 30,Timer,0.5417888164520264
Sample 30,Chronos,0.45821118354797363
Sample 31,TimesFM,0.9341021180152893
Sample 31,Timer,0.06589789688587189
Sample 0,TimesFM,0.6539841890335083
Sample 0,Moirai,0.3460158705711365
Sample 1,Moirai,0.6774755120277405
Sample 1,Chronos,0.3225244879722595
Sample 2,Moirai,0.7945151925086975
Sample 2,Chronos,0.2054848074913025
Sample 3,Chronos,0.8962081074714661
Sample 3,Time-MoE,0.10379195213317871
Sample 4,TimesFM,0.7131805419921875
Sample 4,Timer,0.2868193984031677
Sample 5,Timer,0.5975019931793213
Sample 5,Time-MoE,0.4024979770183563
Sample 6,Chronos,0.6203442811965942
Sample 6,Timer,0.37965574860572815
Sample 7,TimesFM,0.828327476978302
Sample 7,Moirai,0.17167258262634277
Sample 8,Moirai,0.6426342129707336
Sample 8,TimesFM,0.35736581683158875
Sample 9,Timer,0.5578905940055847
Sample 9,Moirai,0.4421094059944153
Sample 10,Chronos,0.5300633907318115
Sample 10,Timer,0.46993663907051086
Sample 11,Chronos,0.9942662119865417
Sample 11,Time-MoE,0.005733855534344912
Sample 12,Chronos,0.5123581886291504
Sample 12,TimesFM,0.4876417815685272
Sample 13,Moirai,0.5642149448394775
Sample 13,Chronos,0.4357850253582001
Sample 14,Timer,0.686684250831604
Sample 14,Time-MoE,0.3133157789707184
Sample 15,TimesFM,0.8485928773880005
Sample 15,Timer,0.1514071226119995
Sample 16,Moirai,0.9529929757118225
Sample 16,Time-MoE,0.047007035464048386
Sample 17,Timer,0.6583307981491089
Sample 17,Time-MoE,0.3416692316532135
Sample 18,TimesFM,0.9672584533691406
Sample 18,Time-MoE,0.03274155780673027
Sample 19,Moirai,0.7943709492683411
Sample 19,TimesFM,0.20562908053398132
Sample 20,Chronos,0.7533696293830872
Sample 20,TimesFM,0.24663035571575165
Sample 21,Moirai,0.7953310012817383
Sample 21,Timer,0.20466899871826172
Sample 22,Timer,0.6354019045829773
Sample 22,Time-MoE,0.3645981252193451
Sample 23,Chronos,0.5139101147651672
Sample 23,Time-MoE,0.48608994483947754
Sample 24,TimesFM,0.8261353969573975
Sample 24,Moirai,0.17386455833911896
Sample 25,Chronos,0.5436503887176514
Sample 25,Timer,0.45634958148002625
Sample 26,TimesFM,0.9889435768127441
Sample 26,Time-MoE,0.011056413874030113
Sample 27,Chronos,0.9962314963340759
Sample 27,Time-MoE,0.0037685346323996782
Sample 28,Chronos,0.5933836102485657
Sample 28,TimesFM,0.40661635994911194
Sample 29,Chronos,0.7197113633155823
Sample 29,Moirai,0.2802886366844177
Sample 30,Timer,0.5382451415061951
Sample 30,Moirai,0.46175485849380493
Sample 31,TimesFM,0.9287941455841064
Sample 31,Chronos,0.07120577991008759
Sample 0,TimesFM,0.812132716178894
Sample 0,Moirai,0.18786734342575073
Sample 1,Moirai,0.6107029914855957
Sample 1,Chronos,0.3892969489097595
Sample 2,Timer,0.7524775862693787
Sample 2,TimesFM,0.24752244353294373
Sample 3,Chronos,0.8517569303512573
Sample 3,Time-MoE,0.14824306964874268
Sample 4,Timer,0.8872740864753723
Sample 4,Time-MoE,0.11272589862346649
Sample 5,Chronos,0.9516575336456299
Sample 5,Time-MoE,0.04834241792559624
Sample 6,Chronos,0.5086444616317749
Sample 6,Moirai,0.4913555681705475
Sample 7,TimesFM,0.7389390468597412
Sample 7,Time-MoE,0.2610609531402588
Sample 8,Moirai,0.5874420404434204
Sample 8,TimesFM,0.412557989358902
Sample 9,Timer,0.5186845064163208
Sample 9,Moirai,0.4813155233860016
Sample 10,Chronos,0.9559338092803955
Sample 10,Time-MoE,0.0440661683678627
Sample 11,Chronos,0.9727105498313904
Sample 11,Time-MoE,0.02728947252035141
Sample 12,TimesFM,0.7989041209220886
Sample 12,Chronos,0.20109595358371735
Sample 13,Timer,0.507570743560791
Sample 13,Chronos,0.49242931604385376
Sample 14,Moirai,0.5458728671073914
Sample 14,Time-MoE,0.45412713289260864
Sample 15,TimesFM,0.853377103805542
Sample 15,Chronos,0.1466229408979416
Sample 16,Moirai,0.5741322040557861
Sample 16,TimesFM,0.42586782574653625
Sample 17,Chronos,0.6555764675140381
Sample 17,Timer,0.3444235920906067
Sample 18,TimesFM,0.7011822462081909
Sample 18,Timer,0.29881778359413147
Sample 19,Chronos,0.9871672987937927
Sample 19,Time-MoE,0.01283269189298153
Sample 20,Chronos,0.6533573865890503
Sample 20,TimesFM,0.3466425836086273
Sample 21,Chronos,0.6644285321235657
Sample 21,Moirai,0.3355714976787567
Sample 22,Moirai,0.5376079678535461
Sample 22,Timer,0.46239203214645386
Sample 23,TimesFM,0.8881774544715881
Sample 23,Timer,0.11182256042957306
Sample 24,TimesFM,0.7362721562385559
Sample 24,Moirai,0.2637278139591217
Sample 25,Chronos,0.5560952425003052
Sample 25,Moirai,0.44390469789505005
Sample 26,TimesFM,0.8901705145835876
Sample 26,Chronos,0.10982950776815414
Sample 27,Chronos,0.9242061376571655
Sample 27,Timer,0.07579385489225388
Sample 28,TimesFM,0.9784799218177795
Sample 28,Chronos,0.021520081907510757
Sample 29,Chronos,0.9051066637039185
Sample 29,Time-MoE,0.09489332884550095
Sample 30,Moirai,0.6583827137947083
Sample 30,Chronos,0.3416173458099365
Sample 31,TimesFM,0.9562380909919739
Sample 31,Timer,0.043761976063251495
Sample 0,Moirai,0.9275341033935547
Sample 0,TimesFM,0.0724659115076065
Sample 1,Moirai,0.5698598027229309
Sample 1,Timer,0.4301401972770691
Sample 2,Timer,0.5408048629760742
Sample 2,Chronos,0.45919516682624817
Sample 3,Chronos,0.9168612957000732
Sample 3,Moirai,0.08313871920108795
Sample 4,Timer,0.8733216524124146
Sample 4,TimesFM,0.12667833268642426
Sample 5,Moirai,0.5347476005554199
Sample 5,Timer,0.4652523696422577
Sample 6,Timer,0.6636896133422852
Sample 6,Moirai,0.33631035685539246
Sample 7,TimesFM,0.8941782712936401
Sample 7,Moirai,0.10582171380519867
Sample 8,Moirai,0.9865372180938721
Sample 8,TimesFM,0.013462720438838005
Sample 9,Timer,0.5516571402549744
Sample 9,Moirai,0.44834285974502563
Sample 10,TimesFM,0.9809044003486633
Sample 10,Moirai,0.01909567043185234
Sample 11,Chronos,0.8784184455871582
Sample 11,Timer,0.12158151715993881
Sample 12,Chronos,0.650223970413208
Sample 12,TimesFM,0.349776029586792
Sample 13,Moirai,0.744822084903717
Sample 13,Chronos,0.25517791509628296
Sample 14,Time-MoE,0.570504367351532
Sample 14,Chronos,0.4294956922531128
Sample 15,TimesFM,0.6651071906089783
Sample 15,Timer,0.33489280939102173
Sample 16,Moirai,0.9741508960723877
Sample 16,Chronos,0.02584915980696678
Sample 17,Chronos,0.5153196454048157
Sample 17,Timer,0.4846803545951843
Sample 18,Moirai,0.5086420774459839
Sample 18,Timer,0.4913578927516937
Sample 19,Chronos,0.9801529049873352
Sample 19,Time-MoE,0.019847139716148376
Sample 20,Chronos,0.6210271716117859
Sample 20,TimesFM,0.3789728581905365
Sample 21,Moirai,0.50091153383255
Sample 21,Chronos,0.49908843636512756
Sample 22,Timer,0.5614355206489563
Sample 22,Moirai,0.4385644793510437
Sample 23,TimesFM,0.9636994004249573
Sample 23,Timer,0.03630064055323601
Sample 24,Moirai,0.7218705415725708
Sample 24,TimesFM,0.2781294286251068
Sample 25,Timer,0.6512280702590942
Sample 25,Time-MoE,0.34877192974090576
Sample 26,Timer,0.5606515407562256
Sample 26,Moirai,0.4393484592437744
Sample 27,Chronos,0.9505134224891663
Sample 27,Time-MoE,0.04948652908205986
Sample 28,TimesFM,0.957346498966217
Sample 28,Chronos,0.042653489857912064
Sample 29,TimesFM,0.7573659420013428
Sample 29,Time-MoE,0.24263408780097961
Sample 30,Timer,0.6145859360694885
Sample 30,Moirai,0.3854140639305115
Sample 31,TimesFM,0.915861189365387
Sample 31,Moirai,0.08413886278867722
Sample 0,TimesFM,0.9063080549240112
Sample 0,Moirai,0.09369193017482758
Sample 1,Timer,0.5303323864936829
Sample 1,Moirai,0.46966761350631714
Sample 2,Timer,0.7047592401504517
Sample 2,Time-MoE,0.29524075984954834
Sample 3,Chronos,0.8669134378433228
Sample 3,Moirai,0.13308660686016083
Sample 4,TimesFM,0.8983728885650635
Sample 4,Chronos,0.10162714123725891
Sample 5,Moirai,0.6317540407180786
Sample 5,Chronos,0.3682459890842438
Sample 6,Moirai,0.7723153233528137
Sample 6,Time-MoE,0.2276846468448639
Sample 7,TimesFM,0.8685042262077332
Sample 7,Timer,0.13149574398994446
Sample 8,TimesFM,0.5578079223632812
Sample 8,Moirai,0.44219210743904114
Sample 9,Moirai,0.6410419344902039
Sample 9,Timer,0.35895803570747375
Sample 10,Timer,0.7807419300079346
Sample 10,Moirai,0.219258114695549
Sample 11,Chronos,0.8010036945343018
Sample 11,Time-MoE,0.19899633526802063
Sample 12,Time-MoE,0.6383286714553833
Sample 12,Chronos,0.3616713583469391
Sample 13,Chronos,0.9589602947235107
Sample 13,Time-MoE,0.04103967174887657
Sample 14,TimesFM,0.9342493414878845
Sample 14,Time-MoE,0.0657506138086319
Sample 15,TimesFM,0.7531493902206421
Sample 15,Timer,0.2468506544828415
Sample 16,TimesFM,0.9147311449050903
Sample 16,Moirai,0.08526880294084549
Sample 17,Moirai,0.652761697769165
Sample 17,Timer,0.34723830223083496
Sample 18,TimesFM,0.9686325788497925
Sample 18,Chronos,0.03136739879846573
Sample 19,Chronos,0.7210369110107422
Sample 19,Moirai,0.2789630889892578
Sample 20,Moirai,0.5569351315498352
Sample 20,Chronos,0.44306492805480957
Sample 21,Moirai,0.5589564442634583
Sample 21,Timer,0.44104352593421936
Sample 22,Timer,0.6374743580818176
Sample 22,Time-MoE,0.36252561211586
Sample 23,TimesFM,0.964408814907074
Sample 23,Timer,0.0355912446975708
Sample 24,Moirai,0.976413905620575
Sample 24,TimesFM,0.023586101830005646
Sample 25,Moirai,0.6243030428886414
Sample 25,Chronos,0.37569692730903625
Sample 26,TimesFM,0.847170352935791
Sample 26,Moirai,0.1528295874595642
Sample 27,Chronos,0.5110036730766296
Sample 27,Moirai,0.488996297121048
Sample 28,Chronos,0.6182914972305298
Sample 28,Moirai,0.3817085325717926
Sample 29,Timer,0.6273784637451172
Sample 29,Time-MoE,0.3726215064525604
Sample 30,Moirai,0.870510995388031
Sample 30,TimesFM,0.1294890195131302
Sample 31,Timer,0.5576708912849426
Sample 31,TimesFM,0.44232913851737976
Sample 0,Moirai,0.9576777815818787
Sample 0,Chronos,0.04232218116521835
Sample 1,Timer,0.5741949677467346
Sample 1,Chronos,0.42580509185791016
Sample 2,TimesFM,0.9206691384315491
Sample 2,Moirai,0.07933080941438675
Sample 3,Chronos,0.9424397349357605
Sample 3,Time-MoE,0.05756029114127159
Sample 4,Chronos,0.9857777953147888
Sample 4,Time-MoE,0.014222285710275173
Sample 5,Moirai,0.7056939601898193
Sample 5,Chronos,0.2943060100078583
Sample 6,Chronos,0.7941293120384216
Sample 6,Timer,0.20587065815925598
Sample 7,TimesFM,0.869266152381897
Sample 7,Timer,0.13073386251926422
Sample 8,Moirai,0.6771345138549805
Sample 8,TimesFM,0.32286545634269714
Sample 9,Timer,0.5204354524612427
Sample 9,Moirai,0.4795645475387573
Sample 10,Timer,0.9405994415283203
Sample 10,Moirai,0.05940054729580879
Sample 11,Chronos,0.9221890568733215
Sample 11,Time-MoE,0.07781091332435608
Sample 12,TimesFM,0.7623476386070251
Sample 12,Timer,0.23765239119529724
Sample 13,Moirai,0.5218547582626343
Sample 13,Chronos,0.4781452417373657
Sample 14,Moirai,0.6538642048835754
Sample 14,Time-MoE,0.34613582491874695
Sample 15,TimesFM,0.9572259187698364
Sample 15,Timer,0.04277414456009865
Sample 0,Moirai,0.9180160164833069
Sample 0,TimesFM,0.08198399096727371
Sample 1,Timer,0.611490786075592
Sample 1,Chronos,0.38850918412208557
Sample 2,Chronos,0.9222384691238403
Sample 2,Timer,0.07776151597499847
Sample 3,Chronos,0.950593888759613
Sample 3,Time-MoE,0.04940614476799965
Sample 4,Timer,0.8622468113899231
Sample 4,TimesFM,0.13775314390659332
Sample 5,Timer,0.5977931022644043
Sample 5,Chronos,0.4022069275379181
Sample 6,Chronos,0.6070549488067627
Sample 6,Time-MoE,0.3929450213909149
Sample 7,TimesFM,0.9513512253761292
Sample 7,Timer,0.048648711293935776
Sample 8,Moirai,0.9625988602638245
Sample 8,TimesFM,0.03740118443965912
Sample 9,Timer,0.6134374141693115
Sample 9,Chronos,0.3865625858306885
Sample 10,TimesFM,0.7516425251960754
Sample 10,Moirai,0.24835748970508575
Sample 11,Chronos,0.8629395961761475
Sample 11,Moirai,0.13706037402153015
Sample 12,TimesFM,0.9666036367416382
Sample 12,Timer,0.03339635953307152
Sample 13,Chronos,0.5467357635498047
Sample 13,Moirai,0.4532642960548401
Sample 14,Time-MoE,0.5660032033920288
Sample 14,Timer,0.4339967966079712
Sample 15,TimesFM,0.9745995998382568
Sample 15,Timer,0.025400405749678612
Sample 16,Moirai,0.8996362686157227
Sample 16,TimesFM,0.10036368668079376
Sample 17,Moirai,0.6182860136032104
Sample 17,Timer,0.3817139267921448
Sample 18,TimesFM,0.6643639206886292
Sample 18,Chronos,0.33563607931137085
Sample 19,Chronos,0.873016357421875
Sample 19,Time-MoE,0.12698371708393097
Sample 20,Chronos,0.7161921262741089
Sample 20,Moirai,0.2838079035282135
Sample 21,Chronos,0.9184373617172241
Sample 21,Moirai,0.08156266808509827
Sample 22,Chronos,0.7911610007286072
Sample 22,TimesFM,0.20883901417255402
Sample 23,Timer,0.60508131980896
Sample 23,TimesFM,0.39491868019104004
Sample 24,TimesFM,0.5944035053253174
Sample 24,Moirai,0.4055964946746826
Sample 25,Timer,0.5102859735488892
Sample 25,Chronos,0.4897140860557556
Sample 26,Moirai,0.8951971530914307
Sample 26,Timer,0.10480284690856934
Sample 27,Chronos,0.7039032578468323
Sample 27,Timer,0.29609671235084534
Sample 28,Chronos,0.9619278311729431
Sample 28,Timer,0.03807215020060539
Sample 29,Moirai,0.5232173204421997
Sample 29,Chronos,0.4767826795578003
Sample 30,Moirai,0.8363364934921265
Sample 30,Time-MoE,0.16366347670555115
Sample 31,TimesFM,0.9463739991188049
Sample 31,Time-MoE,0.05362603813409805
Sample 0,TimesFM,0.9352364540100098
Sample 0,Moirai,0.06476353108882904
Sample 1,Moirai,0.6611762642860413
Sample 1,Timer,0.33882367610931396
Sample 2,Chronos,0.7042884826660156
Sample 2,TimesFM,0.29571157693862915
Sample 3,Chronos,0.9257824420928955
Sample 3,Time-MoE,0.07421755790710449
Sample 4,Chronos,0.7003576755523682
Sample 4,Time-MoE,0.2996423542499542
Sample 5,Moirai,0.6513735055923462
Sample 5,Chronos,0.3486264646053314
Sample 6,Timer,0.5491741895675659
Sample 6,Time-MoE,0.4508258104324341
Sample 7,TimesFM,0.9682145714759827
Sample 7,Timer,0.03178548067808151
Sample 8,Moirai,0.9821031093597412
Sample 8,Chronos,0.017896907404065132
Sample 9,Moirai,0.6803828477859497
Sample 9,Timer,0.3196171522140503
Sample 10,TimesFM,0.7830519676208496
Sample 10,Moirai,0.21694804728031158
Sample 11,Chronos,0.7748312950134277
Sample 11,TimesFM,0.22516871988773346
Sample 12,Chronos,0.541563093662262
Sample 12,Timer,0.45843690633773804
Sample 13,Moirai,0.6773306727409363
Sample 13,Chronos,0.3226693570613861
Sample 14,Timer,0.6428858041763306
Sample 14,Chronos,0.35711419582366943
Sample 15,TimesFM,0.8912996053695679
Sample 15,Moirai,0.10870042443275452
Sample 16,Moirai,0.978927731513977
Sample 16,TimesFM,0.021072303876280785
Sample 17,Moirai,0.562472939491272
Sample 17,Timer,0.437527060508728
Sample 18,TimesFM,0.9098559617996216
Sample 18,Time-MoE,0.0901440978050232
Sample 19,Chronos,0.8353327512741089
Sample 19,Moirai,0.1646672636270523
Sample 20,Timer,0.5893728733062744
Sample 20,Moirai,0.4106270968914032
Sample 21,Moirai,0.6326435208320618
Sample 21,Chronos,0.36735647916793823
Sample 22,Timer,0.6244224309921265
Sample 22,Time-MoE,0.37557753920555115
Sample 23,TimesFM,0.8825063705444336
Sample 23,Chronos,0.11749356985092163
Sample 24,Moirai,0.9688208699226379
Sample 24,Chronos,0.031179120764136314
Sample 25,Timer,0.5800955891609192
Sample 25,Chronos,0.4199044406414032
Sample 26,Moirai,0.6688498258590698
Sample 26,Timer,0.3311501741409302
Sample 27,Chronos,0.9832863807678223
Sample 27,Time-MoE,0.016713587567210197
Sample 28,Chronos,0.5336015224456787
Sample 28,TimesFM,0.4663984179496765
Sample 29,Moirai,0.6729491949081421
Sample 29,Chronos,0.3270508050918579
Sample 30,Timer,0.5195168852806091
Sample 30,Chronos,0.48048311471939087
Sample 31,TimesFM,0.9370434880256653
Sample 31,Timer,0.06295657902956009
Sample 0,TimesFM,0.6732926964759827
Sample 0,Moirai,0.3267073333263397
Sample 1,Moirai,0.6415470838546753
Sample 1,Chronos,0.3584529161453247
Sample 2,Moirai,0.7755308151245117
Sample 2,Chronos,0.2244691550731659
Sample 3,Chronos,0.9107919335365295
Sample 3,Time-MoE,0.08920803666114807
Sample 4,TimesFM,0.7229315042495728
Sample 4,Timer,0.27706846594810486
Sample 5,Timer,0.6061745285987854
Sample 5,Time-MoE,0.393825501203537
Sample 6,Chronos,0.6261124014854431
Sample 6,Timer,0.3738875389099121
Sample 7,TimesFM,0.8326430320739746
Sample 7,Moirai,0.1673569679260254
Sample 8,Moirai,0.6312360167503357
Sample 8,TimesFM,0.3687640130519867
Sample 9,Timer,0.5751055479049683
Sample 9,Moirai,0.42489442229270935
Sample 10,Chronos,0.5481680631637573
Sample 10,Time-MoE,0.45183199644088745
Sample 11,Chronos,0.9942711591720581
Sample 11,Time-MoE,0.005728828255087137
Sample 12,TimesFM,0.5201632380485535
Sample 12,Chronos,0.47983673214912415
Sample 13,Moirai,0.5278117060661316
Sample 13,Chronos,0.4721882939338684
Sample 14,Timer,0.6827863454818726
Sample 14,Time-MoE,0.31721365451812744
Sample 15,TimesFM,0.854190468788147
Sample 15,Timer,0.14580956101417542
Sample 16,Moirai,0.9493385553359985
Sample 16,Timer,0.05066146329045296
Sample 17,Timer,0.6659225821495056
Sample 17,Time-MoE,0.33407747745513916
Sample 18,TimesFM,0.9676345586776733
Sample 18,Time-MoE,0.032365474849939346
Sample 19,Moirai,0.7744929790496826
Sample 19,TimesFM,0.2255069613456726
Sample 20,Chronos,0.7296097874641418
Sample 20,TimesFM,0.27039027214050293
Sample 21,Moirai,0.7859681248664856
Sample 21,Chronos,0.21403184533119202
Sample 22,Timer,0.6212013959884644
Sample 22,Time-MoE,0.37879857420921326
Sample 23,Chronos,0.5096163749694824
Sample 23,Time-MoE,0.4903836250305176
Sample 24,TimesFM,0.836170494556427
Sample 24,Moirai,0.1638294905424118
Sample 25,Chronos,0.5616578459739685
Sample 25,Timer,0.4383421242237091
Sample 26,TimesFM,0.9901250600814819
Sample 26,Time-MoE,0.009874931536614895
Sample 27,Chronos,0.9965479969978333
Sample 27,Time-MoE,0.003452012315392494
Sample 28,Chronos,0.5640497207641602
Sample 28,TimesFM,0.43595027923583984
Sample 29,Chronos,0.7428774833679199
Sample 29,Moirai,0.2571224868297577
Sample 30,Timer,0.5258954167366028
Sample 30,Chronos,0.474104642868042
Sample 31,TimesFM,0.9366788268089294
Sample 31,Chronos,0.06332115828990936
Sample 0,TimesFM,0.8241567015647888
Sample 0,Moirai,0.17584332823753357
Sample 1,Moirai,0.5729480981826782
Sample 1,Chronos,0.4270518720149994
Sample 2,Timer,0.7585362792015076
Sample 2,TimesFM,0.24146369099617004
Sample 3,Chronos,0.8659195899963379
Sample 3,Time-MoE,0.13408048450946808
Sample 4,Timer,0.8908435702323914
Sample 4,Time-MoE,0.10915641486644745
Sample 5,Chronos,0.9461384415626526
Sample 5,Time-MoE,0.053861625492572784
Sample 6,Chronos,0.5449487566947937
Sample 6,Moirai,0.4550512433052063
Sample 7,TimesFM,0.7284799814224243
Sample 7,Time-MoE,0.2715199887752533
Sample 8,Moirai,0.5546600818634033
Sample 8,TimesFM,0.4453398883342743
Sample 9,Timer,0.5491793751716614
Sample 9,Moirai,0.4508206248283386
Sample 10,Chronos,0.9534988403320312
Sample 10,Time-MoE,0.04650120437145233
Sample 11,Chronos,0.9768809080123901
Sample 11,Time-MoE,0.023119095712900162
Sample 12,TimesFM,0.8195520043373108
Sample 12,Chronos,0.1804480403661728
Sample 13,Chronos,0.5008766651153564
Sample 13,Timer,0.49912339448928833
Sample 14,Moirai,0.5410453081130981
Sample 14,Time-MoE,0.4589546322822571
Sample 15,TimesFM,0.8609560132026672
Sample 15,Chronos,0.139043927192688
Sample 16,Moirai,0.5451093912124634
Sample 16,TimesFM,0.454890638589859
Sample 17,Chronos,0.6569985747337341
Sample 17,Timer,0.3430013656616211
Sample 18,TimesFM,0.7035399675369263
Sample 18,Timer,0.29646003246307373
Sample 19,Chronos,0.9885634183883667
Sample 19,Time-MoE,0.011436604894697666
Sample 20,Chronos,0.6292203068733215
Sample 20,TimesFM,0.37077969312667847
Sample 21,Chronos,0.6952906847000122
Sample 21,Moirai,0.3047092854976654
Sample 22,Moirai,0.5117465257644653
Sample 22,Timer,0.48825350403785706
Sample 23,TimesFM,0.891988217830658
Sample 23,Timer,0.10801174491643906
Sample 24,TimesFM,0.7450058460235596
Sample 24,Moirai,0.25499415397644043
Sample 25,Chronos,0.5924544930458069
Sample 25,Moirai,0.4075454771518707
Sample 26,TimesFM,0.8960919380187988
Sample 26,Chronos,0.10390803962945938
Sample 27,Chronos,0.9264510869979858
Sample 27,Timer,0.07354891300201416
Sample 28,TimesFM,0.9808641076087952
Sample 28,Time-MoE,0.019135892391204834
Sample 29,Chronos,0.9160321950912476
Sample 29,Time-MoE,0.08396777510643005
Sample 30,Moirai,0.6261564493179321
Sample 30,Chronos,0.3738435208797455
Sample 31,TimesFM,0.9599170684814453
Sample 31,Timer,0.0400829054415226
Sample 0,Moirai,0.9194784760475159
Sample 0,TimesFM,0.0805215910077095
Sample 1,Moirai,0.5276253819465637
Sample 1,Timer,0.4723746180534363
Sample 2,Timer,0.5469189882278442
Sample 2,Chronos,0.45308107137680054
Sample 3,Chronos,0.9276004433631897
Sample 3,Moirai,0.07239961624145508
Sample 4,Timer,0.8651773929595947
Sample 4,TimesFM,0.13482263684272766
Sample 5,Timer,0.5066843628883362
Sample 5,Moirai,0.4933156371116638
Sample 6,Timer,0.6977967023849487
Sample 6,Moirai,0.3022032678127289
Sample 7,TimesFM,0.8933272957801819
Sample 7,Moirai,0.10667263716459274
Sample 8,Moirai,0.9852449297904968
Sample 8,TimesFM,0.014755035750567913
Sample 9,Timer,0.5922224521636963
Sample 9,Moirai,0.4077775776386261
Sample 10,TimesFM,0.982119083404541
Sample 10,Moirai,0.017880873754620552
Sample 11,Chronos,0.8772770166397095
Sample 11,Timer,0.12272300571203232
Sample 12,Chronos,0.6205713748931885
Sample 12,TimesFM,0.3794286251068115
Sample 13,Moirai,0.7304014563560486
Sample 13,Chronos,0.2695986032485962
Sample 14,Time-MoE,0.5692720413208008
Sample 14,Chronos,0.4307279586791992
Sample 15,TimesFM,0.6580489873886108
Sample 15,Timer,0.3419509828090668
Sample 16,Moirai,0.9708337187767029
Sample 16,Chronos,0.02916629984974861
Sample 17,Chronos,0.5113588571548462
Sample 17,Timer,0.4886411726474762
Sample 18,Timer,0.5233163237571716
Sample 18,Moirai,0.47668367624282837
Sample 19,Chronos,0.9827563762664795
Sample 19,Time-MoE,0.017243601381778717
Sample 20,Chronos,0.5975165963172913
Sample 20,TimesFM,0.40248340368270874
Sample 21,Chronos,0.5425184965133667
Sample 21,Moirai,0.4574815034866333
Sample 22,Timer,0.6025617718696594
Sample 22,Moirai,0.39743825793266296
Sample 23,TimesFM,0.9661104083061218
Sample 23,Timer,0.03388955816626549
Sample 24,Moirai,0.7058828473091125
Sample 24,TimesFM,0.29411718249320984
Sample 25,Timer,0.6657552719116211
Sample 25,Chronos,0.3342446982860565
Sample 26,Timer,0.6046639084815979
Sample 26,Moirai,0.3953360319137573
Sample 27,Chronos,0.9562228918075562
Sample 27,Time-MoE,0.04377712309360504
Sample 28,TimesFM,0.9624093174934387
Sample 28,Chronos,0.037590619176626205
Sample 29,TimesFM,0.7763892412185669
Sample 29,Time-MoE,0.2236107438802719
Sample 30,Timer,0.6467702388763428
Sample 30,Moirai,0.3532297611236572
Sample 31,TimesFM,0.9168705344200134
Sample 31,Moirai,0.08312946557998657
Sample 0,TimesFM,0.9105679392814636
Sample 0,Moirai,0.08943203836679459
Sample 1,Timer,0.5760409832000732
Sample 1,Moirai,0.42395904660224915
Sample 2,Timer,0.7135136127471924
Sample 2,Time-MoE,0.28648635745048523
Sample 3,Chronos,0.8846338987350464
Sample 3,Moirai,0.115366131067276
Sample 4,TimesFM,0.9104318618774414
Sample 4,Chronos,0.0895681381225586
Sample 5,Moirai,0.5881175398826599
Sample 5,Chronos,0.4118824601173401
Sample 6,Moirai,0.7607712149620056
Sample 6,Time-MoE,0.23922878503799438
Sample 7,TimesFM,0.8724872469902039
Sample 7,Timer,0.12751278281211853
Sample 8,TimesFM,0.574846625328064
Sample 8,Moirai,0.4251534044742584
Sample 9,Moirai,0.5943604111671448
Sample 9,Timer,0.4056395888328552
Sample 10,Timer,0.8019818067550659
Sample 10,Time-MoE,0.1980181634426117
Sample 11,Chronos,0.803110659122467
Sample 11,Time-MoE,0.19688940048217773
Sample 12,Time-MoE,0.633889377117157
Sample 12,Chronos,0.3661106526851654
Sample 13,Chronos,0.9578936696052551
Sample 13,Time-MoE,0.04210631921887398
Sample 14,TimesFM,0.9353235363960266
Sample 14,Time-MoE,0.06467652320861816
Sample 15,TimesFM,0.7577513456344604
Sample 15,Timer,0.24224866926670074
Sample 16,TimesFM,0.9181766510009766
Sample 16,Moirai,0.08182337135076523
Sample 17,Moirai,0.6088270545005798
Sample 17,Timer,0.39117294549942017
Sample 18,TimesFM,0.9712013602256775
Sample 18,Chronos,0.028798626735806465
Sample 19,Chronos,0.7529391646385193
Sample 19,Moirai,0.2470608800649643
Sample 20,Moirai,0.5162197947502136
Sample 20,Chronos,0.48378023505210876
Sample 21,Moirai,0.5105665326118469
Sample 21,Timer,0.4894334375858307
Sample 22,Timer,0.6468600630760193
Sample 22,Time-MoE,0.3531399369239807
Sample 23,TimesFM,0.9676297903060913
Sample 23,Timer,0.03237023577094078
Sample 24,Moirai,0.9749113321304321
Sample 24,TimesFM,0.025088626891374588
Sample 25,Moirai,0.5836216807365417
Sample 25,Chronos,0.41637831926345825
Sample 26,TimesFM,0.848438560962677
Sample 26,Moirai,0.1515614241361618
Sample 27,Chronos,0.5567457675933838
Sample 27,Moirai,0.4432542324066162
Sample 28,Chronos,0.6441023349761963
Sample 28,Moirai,0.3558976650238037
Sample 29,Timer,0.6402958631515503
Sample 29,Time-MoE,0.3597041964530945
Sample 30,Moirai,0.8661864995956421
Sample 30,TimesFM,0.1338135004043579
Sample 31,Timer,0.5414137840270996
Sample 31,Time-MoE,0.4585862159729004
Sample 0,Moirai,0.9498987197875977
Sample 0,Chronos,0.05010129138827324
Sample 1,Timer,0.5886593461036682
Sample 1,Chronos,0.4113406538963318
Sample 2,TimesFM,0.9277247786521912
Sample 2,Moirai,0.07227522134780884
Sample 3,Chronos,0.9468364119529724
Sample 3,Time-MoE,0.05316361412405968
Sample 4,Chronos,0.9860266447067261
Sample 4,Time-MoE,0.01397339254617691
Sample 5,Moirai,0.6732820272445679
Sample 5,Chronos,0.32671797275543213
Sample 6,Chronos,0.7847879528999329
Sample 6,Timer,0.21521203219890594
Sample 7,TimesFM,0.8760060667991638
Sample 7,Timer,0.12399394065141678
Sample 8,Moirai,0.65952467918396
Sample 8,TimesFM,0.34047526121139526
Sample 9,Timer,0.5693555474281311
Sample 9,Moirai,0.4306444823741913
Sample 10,Timer,0.9441202878952026
Sample 10,Time-MoE,0.05587974190711975
Sample 11,Chronos,0.9284279346466064
Sample 11,Time-MoE,0.07157211005687714
Sample 12,TimesFM,0.7913618087768555
Sample 12,Timer,0.20863816142082214
Sample 13,Chronos,0.5205921530723572
Sample 13,Moirai,0.4794078469276428
Sample 14,Moirai,0.6234971880912781
Sample 14,Chronos,0.3765028119087219
Sample 15,TimesFM,0.9612980484962463
Sample 15,Timer,0.03870188072323799
Sample 0,Moirai,0.9178872108459473
Sample 0,TimesFM,0.08211275190114975
Sample 1,Timer,0.6266160011291504
Sample 1,Chronos,0.3733839988708496
Sample 2,Chronos,0.9160454869270325
Sample 2,Time-MoE,0.08395454287528992
Sample 3,Chronos,0.9524111747741699
Sample 3,Time-MoE,0.04758886992931366
Sample 4,Timer,0.8546621203422546
Sample 4,TimesFM,0.14533782005310059
Sample 5,Timer,0.6090943217277527
Sample 5,Chronos,0.39090561866760254
Sample 6,Chronos,0.6191360950469971
Sample 6,Timer,0.3808639347553253
Sample 7,TimesFM,0.9551696181297302
Sample 7,Timer,0.044830434024333954
Sample 8,Moirai,0.9615422487258911
Sample 8,TimesFM,0.038457710295915604
Sample 9,Timer,0.6277594566345215
Sample 9,Chronos,0.37224048376083374
Sample 10,TimesFM,0.7699516415596008
Sample 10,Moirai,0.23004835844039917
Sample 11,Chronos,0.8834867477416992
Sample 11,Moirai,0.11651325970888138
Sample 12,TimesFM,0.9705480337142944
Sample 12,Timer,0.0294518880546093
Sample 13,Chronos,0.5949658751487732
Sample 13,Moirai,0.4050341248512268
Sample 14,Time-MoE,0.5356535911560059
Sample 14,Timer,0.4643464684486389
Sample 15,TimesFM,0.9770942330360413
Sample 15,Timer,0.022905778139829636
Sample 16,Moirai,0.9052397608757019
Sample 16,TimesFM,0.09476018697023392
Sample 17,Moirai,0.5569584965705872
Sample 17,Timer,0.44304150342941284
Sample 18,TimesFM,0.6730822920799255
Sample 18,Chronos,0.3269176781177521
Sample 19,Chronos,0.8739807605743408
Sample 19,Time-MoE,0.12601926922798157
Sample 20,Chronos,0.7339959740638733
Sample 20,Moirai,0.2660040855407715
Sample 21,Chronos,0.9302226901054382
Sample 21,Moirai,0.06977725028991699
Sample 22,Chronos,0.7872560620307922
Sample 22,TimesFM,0.21274390816688538
Sample 23,Timer,0.5917127132415771
Sample 23,TimesFM,0.40828728675842285
Sample 24,TimesFM,0.5737992525100708
Sample 24,Moirai,0.4262007176876068
Sample 25,Timer,0.52291339635849
Sample 25,Chronos,0.4770865738391876
Sample 26,Moirai,0.8822988271713257
Sample 26,Timer,0.11770119518041611
Sample 27,Chronos,0.6953771114349365
Sample 27,Timer,0.3046228885650635
Sample 28,Chronos,0.9643820524215698
Sample 28,Timer,0.03561792150139809
Sample 29,Chronos,0.5038453936576843
Sample 29,Timer,0.4961545765399933
Sample 30,Moirai,0.8228496313095093
Sample 30,Time-MoE,0.1771504133939743
Sample 31,TimesFM,0.9475917220115662
Sample 31,Time-MoE,0.05240822583436966
Sample 0,TimesFM,0.933179497718811
Sample 0,Moirai,0.06682055443525314
Sample 1,Moirai,0.5982628464698792
Sample 1,Timer,0.40173718333244324
Sample 2,Chronos,0.6824130415916443
Sample 2,TimesFM,0.3175869286060333
Sample 3,Chronos,0.9217715859413147
Sample 3,Time-MoE,0.07822838425636292
Sample 4,Chronos,0.7007085680961609
Sample 4,Time-MoE,0.2992914021015167
Sample 5,Moirai,0.6004766821861267
Sample 5,Timer,0.3995232582092285
Sample 6,Timer,0.5261225700378418
Sample 6,Time-MoE,0.4738774001598358
Sample 7,TimesFM,0.9711160063743591
Sample 7,Timer,0.028883986175060272
Sample 8,Moirai,0.9793365597724915
Sample 8,Chronos,0.02066347748041153
Sample 9,Moirai,0.6177727580070496
Sample 9,Timer,0.3822272717952728
Sample 10,TimesFM,0.8036426305770874
Sample 10,Time-MoE,0.1963573545217514
Sample 11,Chronos,0.7630318999290466
Sample 11,TimesFM,0.23696808516979218
Sample 12,Chronos,0.5251462459564209
Sample 12,Timer,0.4748538136482239
Sample 13,Moirai,0.6337249279022217
Sample 13,Chronos,0.3662750720977783
Sample 14,Timer,0.654288113117218
Sample 14,Time-MoE,0.34571194648742676
Sample 15,TimesFM,0.8891652226448059
Sample 15,Moirai,0.11083471775054932
Sample 16,Moirai,0.9801059365272522
Sample 16,TimesFM,0.01989409141242504
Sample 17,Timer,0.5046471357345581
Sample 17,Moirai,0.4953528344631195
Sample 18,TimesFM,0.9128973484039307
Sample 18,Time-MoE,0.08710265904664993
Sample 19,Chronos,0.8334778547286987
Sample 19,Timer,0.1665220856666565
Sample 20,Timer,0.6328192949295044
Sample 20,Moirai,0.3671807646751404
Sample 21,Moirai,0.5861595869064331
Sample 21,Chronos,0.4138404428958893
Sample 22,Timer,0.6063897013664246
Sample 22,Time-MoE,0.39361029863357544
Sample 23,TimesFM,0.8878637552261353
Sample 23,Chronos,0.11213625222444534
Sample 24,Moirai,0.9637188911437988
Sample 24,Chronos,0.03628110885620117
Sample 25,Timer,0.6069632172584534
Sample 25,Chronos,0.39303678274154663
Sample 26,Moirai,0.6164852380752563
Sample 26,Timer,0.38351476192474365
Sample 27,Chronos,0.9831772446632385
Sample 27,Time-MoE,0.01682269014418125
Sample 28,Chronos,0.5121091604232788
Sample 28,TimesFM,0.4878908097743988
Sample 29,Moirai,0.6355969309806824
Sample 29,Chronos,0.36440303921699524
Sample 30,Timer,0.54615318775177
Sample 30,Chronos,0.45384681224823
Sample 31,TimesFM,0.9418972730636597
Sample 31,Timer,0.05810270458459854
Sample 0,TimesFM,0.6494577527046204
Sample 0,Moirai,0.35054224729537964
Sample 1,Moirai,0.5996474027633667
Sample 1,Chronos,0.4003525972366333
Sample 2,Moirai,0.7530215978622437
Sample 2,Chronos,0.24697834253311157
Sample 3,Chronos,0.9062566757202148
Sample 3,Time-MoE,0.09374332427978516
Sample 4,TimesFM,0.7299432158470154
Sample 4,Timer,0.2700568437576294
Sample 5,Timer,0.6079407334327698
Sample 5,Time-MoE,0.3920592665672302
Sample 6,Chronos,0.590263307094574
Sample 6,Timer,0.409736692905426
Sample 7,TimesFM,0.8239439725875854
Sample 7,Moirai,0.17605599761009216
Sample 8,Moirai,0.671124279499054
Sample 8,TimesFM,0.32887569069862366
Sample 9,Timer,0.6376232504844666
Sample 9,Time-MoE,0.36237674951553345
Sample 10,Chronos,0.5172598361968994
Sample 10,Time-MoE,0.4827401340007782
Sample 11,Chronos,0.9934481978416443
Sample 11,Time-MoE,0.006551804021000862
Sample 12,TimesFM,0.5326261520385742
Sample 12,Chronos,0.4673738479614258
Sample 13,Chronos,0.5178284049034119
Sample 13,Moirai,0.4821716248989105
Sample 14,Timer,0.6724939942359924
Sample 14,Time-MoE,0.32750600576400757
Sample 15,TimesFM,0.8643798232078552
Sample 15,Timer,0.13562020659446716
Sample 16,Moirai,0.9364082217216492
Sample 16,Time-MoE,0.06359180808067322
Sample 17,Timer,0.6639295816421509
Sample 17,Time-MoE,0.3360704183578491
Sample 18,TimesFM,0.9689874649047852
Sample 18,Time-MoE,0.031012460589408875
Sample 19,Moirai,0.7484692335128784
Sample 19,TimesFM,0.25153082609176636
Sample 20,Chronos,0.7115612030029297
Sample 20,TimesFM,0.28843873739242554
Sample 21,Moirai,0.7476266622543335
Sample 21,Timer,0.2523733377456665
Sample 22,Timer,0.5967825055122375
Sample 22,Time-MoE,0.4032174348831177
Sample 23,Chronos,0.5153916478157043
Sample 23,Time-MoE,0.48460838198661804
Sample 24,TimesFM,0.8131684064865112
Sample 24,Moirai,0.1868315488100052
Sample 25,Chronos,0.5345879793167114
Sample 25,Timer,0.46541205048561096
Sample 26,TimesFM,0.9904685616493225
Sample 26,Time-MoE,0.00953142624348402
Sample 27,Chronos,0.9964224100112915
Sample 27,Time-MoE,0.003577588591724634
Sample 28,Chronos,0.5514611601829529
Sample 28,TimesFM,0.44853878021240234
Sample 29,Chronos,0.7670494914054871
Sample 29,Moirai,0.23295047879219055
Sample 30,Timer,0.5576274991035461
Sample 30,Chronos,0.44237250089645386
Sample 31,TimesFM,0.9384454488754272
Sample 31,Chronos,0.061554618179798126
Sample 0,TimesFM,0.8068053722381592
Sample 0,Moirai,0.19319462776184082
Sample 1,Moirai,0.5243196487426758
Sample 1,Timer,0.4756803810596466
Sample 2,Timer,0.7647088766098022
Sample 2,TimesFM,0.23529109358787537
Sample 3,Chronos,0.8542291522026062
Sample 3,Time-MoE,0.1457708179950714
Sample 4,Timer,0.8948280811309814
Sample 4,Time-MoE,0.10517194122076035
Sample 5,Chronos,0.9341256618499756
Sample 5,Time-MoE,0.0658743754029274
Sample 6,Chronos,0.5650405883789062
Sample 6,Moirai,0.43495941162109375
Sample 7,TimesFM,0.7223008275032043
Sample 7,Time-MoE,0.27769917249679565
Sample 8,Moirai,0.579365611076355
Sample 8,TimesFM,0.420634388923645
Sample 9,Timer,0.6232792735099792
Sample 9,Moirai,0.37672072649002075
Sample 10,Chronos,0.9497184157371521
Sample 10,Time-MoE,0.050281669944524765
Sample 11,Chronos,0.9761863946914673
Sample 11,Time-MoE,0.023813551291823387
Sample 12,TimesFM,0.8282805681228638
Sample 12,Chronos,0.17171937227249146
Sample 13,Timer,0.5305553078651428
Sample 13,Chronos,0.4694446921348572
Sample 14,Time-MoE,0.5141494274139404
Sample 14,Moirai,0.48585057258605957
Sample 15,TimesFM,0.8448445796966553
Sample 15,Moirai,0.15515545010566711
Sample 16,Moirai,0.5714960098266602
Sample 16,TimesFM,0.42850396037101746
Sample 17,Chronos,0.6233317852020264
Sample 17,Timer,0.37666821479797363
Sample 18,TimesFM,0.7077840566635132
Sample 18,Timer,0.2922159433364868
Sample 19,Chronos,0.988511323928833
Sample 19,Time-MoE,0.011488709598779678
Sample 20,Chronos,0.6107363700866699
Sample 20,TimesFM,0.38926368951797485
Sample 21,Chronos,0.6870212554931641
Sample 21,Time-MoE,0.31297874450683594
Sample 22,Timer,0.5271271467208862
Sample 22,Moirai,0.472872793674469
Sample 23,TimesFM,0.9009212255477905
Sample 23,Timer,0.09907884150743484
Sample 24,TimesFM,0.7103597521781921
Sample 24,Moirai,0.28964024782180786
Sample 25,Chronos,0.5762068033218384
Sample 25,Timer,0.4237931966781616
Sample 26,TimesFM,0.8978167176246643
Sample 26,Chronos,0.10218322277069092
Sample 27,Chronos,0.9158915877342224
Sample 27,Timer,0.08410845696926117
Sample 28,TimesFM,0.980807363986969
Sample 28,Time-MoE,0.019192634150385857
Sample 29,Chronos,0.9140932559967041
Sample 29,Time-MoE,0.08590681850910187
Sample 30,Moirai,0.5938460230827332
Sample 30,Chronos,0.40615400671958923
Sample 31,TimesFM,0.964231550693512
Sample 31,Timer,0.03576841205358505
Sample 0,Moirai,0.9251455068588257
Sample 0,TimesFM,0.07485444098711014
Sample 1,Timer,0.5562422275543213
Sample 1,Moirai,0.4437577724456787
Sample 2,Timer,0.57860267162323
Sample 2,Chronos,0.42139732837677
Sample 3,Chronos,0.9318742156028748
Sample 3,Time-MoE,0.06812573224306107
Sample 4,Timer,0.863426685333252
Sample 4,TimesFM,0.13657337427139282
Sample 5,Timer,0.5783025026321411
Sample 5,Chronos,0.4216974973678589
Sample 6,Timer,0.7365223169326782
Sample 6,Time-MoE,0.26347771286964417
Sample 7,TimesFM,0.8836546540260315
Sample 7,Moirai,0.1163453683257103
Sample 8,Moirai,0.9860751032829285
Sample 8,TimesFM,0.01392484363168478
Sample 9,Timer,0.664814829826355
Sample 9,Time-MoE,0.3351852297782898
Sample 10,TimesFM,0.9824607968330383
Sample 10,Moirai,0.01753915287554264
Sample 11,Chronos,0.8699153661727905
Sample 11,TimesFM,0.1300845891237259
Sample 12,Chronos,0.5954668521881104
Sample 12,TimesFM,0.40453314781188965
Sample 13,Moirai,0.7093387842178345
Sample 13,Time-MoE,0.2906612157821655
Sample 14,Time-MoE,0.5920582413673401
Sample 14,Timer,0.4079417586326599
Sample 15,TimesFM,0.6646320223808289
Sample 15,Timer,0.33536800742149353
Sample 16,Moirai,0.9695556163787842
Sample 16,Chronos,0.03044438548386097
Sample 17,Timer,0.5386085510253906
Sample 17,Chronos,0.4613914489746094
Sample 18,Timer,0.5756067633628845
Sample 18,Moirai,0.4243932366371155
Sample 19,Chronos,0.9829453825950623
Sample 19,Time-MoE,0.01705467700958252
Sample 20,Chronos,0.584991455078125
Sample 20,TimesFM,0.415008544921875
Sample 21,Chronos,0.5834148526191711
Sample 21,Moirai,0.41658520698547363
Sample 22,Timer,0.6439372301101685
Sample 22,Time-MoE,0.35606276988983154
Sample 23,TimesFM,0.9678401947021484
Sample 23,Time-MoE,0.03215980902314186
Sample 24,Moirai,0.7332566380500793
Sample 24,TimesFM,0.2667433023452759
Sample 25,Timer,0.6888695359230042
Sample 25,Time-MoE,0.31113049387931824
Sample 26,Timer,0.6292990446090698
Sample 26,Moirai,0.3707008957862854
Sample 27,Chronos,0.9532567858695984
Sample 27,Time-MoE,0.046743184328079224
Sample 28,TimesFM,0.9639940857887268
Sample 28,Chronos,0.03600596636533737
Sample 29,TimesFM,0.7758669257164001
Sample 29,Time-MoE,0.22413302958011627
Sample 30,Timer,0.7078961730003357
Sample 30,Moirai,0.2921038269996643
Sample 31,TimesFM,0.9087280035018921
Sample 31,Moirai,0.09127204120159149
Sample 0,TimesFM,0.9012730717658997
Sample 0,Moirai,0.09872696548700333
Sample 1,Timer,0.6637483835220337
Sample 1,Moirai,0.3362516164779663
Sample 2,Timer,0.7227755784988403
Sample 2,Time-MoE,0.2772243916988373
Sample 3,Chronos,0.896223783493042
Sample 3,Moirai,0.10377620160579681
Sample 4,TimesFM,0.9214912056922913
Sample 4,Chronos,0.07850880920886993
Sample 5,Moirai,0.5210567712783813
Sample 5,Timer,0.47894322872161865
Sample 6,Moirai,0.7497695684432983
Sample 6,Time-MoE,0.2502304017543793
Sample 7,TimesFM,0.8852742314338684
Sample 7,Timer,0.114725761115551
Sample 8,TimesFM,0.5544390678405762
Sample 8,Moirai,0.44556093215942383
Sample 9,Moirai,0.500676155090332
Sample 9,Timer,0.49932384490966797
Sample 10,Timer,0.8270847797393799
Sample 10,Time-MoE,0.17291519045829773
Sample 11,Chronos,0.7964200377464294
Sample 11,Time-MoE,0.20357994735240936
Sample 12,Time-MoE,0.6273424625396729
Sample 12,Chronos,0.3726574778556824
Sample 13,Chronos,0.9549965858459473
Sample 13,Time-MoE,0.045003440231084824
Sample 14,TimesFM,0.9342596530914307
Sample 14,Time-MoE,0.06574036926031113
Sample 15,TimesFM,0.7693491578102112
Sample 15,Timer,0.23065079748630524
Sample 16,TimesFM,0.9100204706192017
Sample 16,Moirai,0.08997950702905655
Sample 17,Moirai,0.517901599407196
Sample 17,Timer,0.4820983409881592
Sample 18,TimesFM,0.9724224209785461
Sample 18,Chronos,0.02757756970822811
Sample 19,Chronos,0.7759681344032288
Sample 19,Moirai,0.22403183579444885
Sample 20,Chronos,0.5291752219200134
Sample 20,Moirai,0.4708247780799866
Sample 21,Timer,0.5818465352058411
Sample 21,Moirai,0.4181534945964813
Sample 22,Timer,0.686343789100647
Sample 22,Time-MoE,0.313656210899353
Sample 23,TimesFM,0.9729055762290955
Sample 23,Time-MoE,0.02709437906742096
Sample 24,Moirai,0.9771475195884705
Sample 24,TimesFM,0.022852538153529167
Sample 25,Moirai,0.5287202000617981
Sample 25,Timer,0.4712797999382019
Sample 26,TimesFM,0.8430230617523193
Sample 26,Moirai,0.15697692334651947
Sample 27,Chronos,0.5944928526878357
Sample 27,Moirai,0.4055071473121643
Sample 28,Chronos,0.6710768938064575
Sample 28,Moirai,0.3289231061935425
Sample 29,Timer,0.6886077523231506
Sample 29,Time-MoE,0.31139224767684937
Sample 30,Moirai,0.8724223375320435
Sample 30,TimesFM,0.12757760286331177
Sample 31,Time-MoE,0.5065211653709412
Sample 31,Timer,0.49347883462905884
Sample 0,Moirai,0.9448590278625488
Sample 0,Chronos,0.05514093488454819
Sample 1,Timer,0.6640704274177551
Sample 1,Chronos,0.3359295725822449
Sample 2,TimesFM,0.9299502372741699
Sample 2,Moirai,0.07004973292350769
Sample 3,Chronos,0.9544630646705627
Sample 3,Time-MoE,0.045536868274211884
Sample 4,Chronos,0.9847354888916016
Sample 4,Time-MoE,0.015264547429978848
Sample 5,Moirai,0.6526095271110535
Sample 5,Chronos,0.34739047288894653
Sample 6,Chronos,0.7359674572944641
Sample 6,Timer,0.2640325427055359
Sample 7,TimesFM,0.8994244337081909
Sample 7,Timer,0.10057554394006729
Sample 8,Moirai,0.6737438440322876
Sample 8,TimesFM,0.3262562155723572
Sample 9,Timer,0.6650621294975281
Sample 9,Moirai,0.3349379003047943
Sample 10,Timer,0.9518678784370422
Sample 10,Time-MoE,0.048132166266441345
Sample 11,Chronos,0.936150848865509
Sample 11,Timer,0.06384910643100739
Sample 12,TimesFM,0.8054907917976379
Sample 12,Timer,0.19450923800468445
Sample 13,Timer,0.5242869257926941
Sample 13,Chronos,0.4757130742073059
Sample 14,Moirai,0.5240302681922913
Sample 14,Timer,0.47596973180770874
Sample 15,TimesFM,0.9708480834960938
Sample 15,Timer,0.02915186807513237
Sample 0,Moirai,0.9246744513511658
Sample 0,TimesFM,0.07532555609941483
Sample 1,Timer,0.7088242769241333
Sample 1,Chronos,0.2911757528781891
Sample 2,Chronos,0.886738657951355
Sample 2,Time-MoE,0.11326131224632263
Sample 3,Chronos,0.9532561302185059
Sample 3,Timer,0.046743884682655334
Sample 4,Timer,0.8664963841438293
Sample 4,TimesFM,0.13350363075733185
Sample 5,Timer,0.6843978762626648
Sample 5,Chronos,0.3156021535396576
Sample 6,Chronos,0.536973774433136
Sample 6,Timer,0.463026225566864
Sample 7,TimesFM,0.9668330550193787
Sample 7,Time-MoE,0.03316692262887955
Sample 8,Moirai,0.9652552008628845
Sample 8,TimesFM,0.03474486991763115
Sample 9,Timer,0.7090088725090027
Sample 9,Chronos,0.2909911572933197
Sample 10,TimesFM,0.7686232328414917
Sample 10,Timer,0.2313767820596695
Sample 11,Chronos,0.8910773992538452
Sample 11,Moirai,0.10892259329557419
Sample 12,TimesFM,0.9773052930831909
Sample 12,Timer,0.022694667801260948
Sample 13,Chronos,0.5851382613182068
Sample 13,Timer,0.41486167907714844
Sample 14,Timer,0.5977720618247986
Sample 14,Time-MoE,0.4022279679775238
Sample 15,TimesFM,0.9793838858604431
Sample 15,Time-MoE,0.020616136491298676
Sample 16,Moirai,0.9147737622261047
Sample 16,TimesFM,0.08522622287273407
Sample 17,Timer,0.5491596460342407
Sample 17,Moirai,0.45084038376808167
Sample 18,TimesFM,0.6805955767631531
Sample 18,Chronos,0.3194044530391693
Sample 19,Chronos,0.8941870331764221
Sample 19,Time-MoE,0.10581297427415848
Sample 20,Chronos,0.7414811253547668
Sample 20,Moirai,0.25851884484291077
Sample 21,Chronos,0.9155861735343933
Sample 21,Timer,0.08441385626792908
Sample 22,Chronos,0.7811754941940308
Sample 22,TimesFM,0.21882450580596924
Sample 23,Timer,0.5698955059051514
Sample 23,TimesFM,0.43010446429252625
Sample 24,TimesFM,0.5540325045585632
Sample 24,Moirai,0.44596749544143677
Sample 25,Timer,0.6102727651596069
Sample 25,Chronos,0.38972723484039307
Sample 26,Moirai,0.8597390651702881
Sample 26,Timer,0.14026090502738953
Sample 27,Chronos,0.6672022938728333
Sample 27,Timer,0.3327977657318115
Sample 28,Chronos,0.9731010794639587
Sample 28,Time-MoE,0.026898976415395737
Sample 29,Timer,0.5754231214523315
Sample 29,Chronos,0.42457687854766846
Sample 30,Moirai,0.8452038764953613
Sample 30,Time-MoE,0.15479616820812225
Sample 31,TimesFM,0.9430299401283264
Sample 31,Time-MoE,0.05697004497051239
Sample 0,TimesFM,0.9318225979804993
Sample 0,Moirai,0.0681774690747261
Sample 1,Timer,0.5016591548919678
Sample 1,Moirai,0.4983408749103546
Sample 2,Chronos,0.6433837413787842
Sample 2,Time-MoE,0.35661622881889343
Sample 3,Chronos,0.9048768877983093
Sample 3,Timer,0.0951230525970459
Sample 4,Chronos,0.6838458180427551
Sample 4,Time-MoE,0.3161541521549225
Sample 5,Moirai,0.5012477040290833
Sample 5,Timer,0.49875232577323914
Sample 6,Timer,0.6333321332931519
Sample 6,Time-MoE,0.3666679263114929
Sample 7,TimesFM,0.9702229499816895
Sample 7,Time-MoE,0.029777061194181442
Sample 8,Moirai,0.9781557321548462
Sample 8,Chronos,0.021844293922185898
Sample 9,Moirai,0.5164675116539001
Sample 9,Timer,0.48353251814842224
Sample 10,TimesFM,0.8224411010742188
Sample 10,Moirai,0.17755889892578125
Sample 11,Chronos,0.7602070569992065
Sample 11,TimesFM,0.23979292809963226
Sample 12,Timer,0.5136941075325012
Sample 12,Chronos,0.4863058924674988
Sample 13,Moirai,0.5981763601303101
Sample 13,Timer,0.40182363986968994
Sample 14,Timer,0.7302809953689575
Sample 14,Chronos,0.2697189450263977
Sample 15,TimesFM,0.8904149532318115
Sample 15,Moirai,0.10958509147167206
Sample 16,Moirai,0.9819644689559937
Sample 16,TimesFM,0.01803557015955448
Sample 17,Timer,0.6043424606323242
Sample 17,Moirai,0.3956575393676758
Sample 18,TimesFM,0.9135532975196838
Sample 18,Time-MoE,0.08644676953554153
Sample 19,Chronos,0.7741448879241943
Sample 19,Timer,0.2258550375699997
Sample 20,Timer,0.6933236718177795
Sample 20,Moirai,0.30667635798454285
Sample 21,Moirai,0.545084536075592
Sample 21,Timer,0.45491549372673035
Sample 22,Timer,0.6957622170448303
Sample 22,Time-MoE,0.3042377829551697
Sample 23,TimesFM,0.9001695513725281
Sample 23,Chronos,0.09983047842979431
Sample 24,Moirai,0.9629419445991516
Sample 24,Chronos,0.0370580218732357
Sample 25,Timer,0.7013958096504211
Sample 25,Chronos,0.29860422015190125
Sample 26,Moirai,0.5406551361083984
Sample 26,Timer,0.4593448340892792
Sample 27,Chronos,0.9864481687545776
Sample 27,Timer,0.013551818206906319
Sample 28,TimesFM,0.5237963795661926
Sample 28,Chronos,0.4762036204338074
Sample 29,Moirai,0.6354610323905945
Sample 29,Chronos,0.3645389676094055
Sample 30,Timer,0.6404035687446594
Sample 30,Chronos,0.3595964014530182
Sample 31,TimesFM,0.9493527412414551
Sample 31,Time-MoE,0.050647296011447906
Sample 0,TimesFM,0.6377261877059937
Sample 0,Moirai,0.3622738718986511
Sample 1,Moirai,0.5082129240036011
Sample 1,Timer,0.4917871057987213
Sample 2,Moirai,0.7422950863838196
Sample 2,Chronos,0.25770485401153564
Sample 3,Chronos,0.9212220311164856
Sample 3,Timer,0.07877803593873978
Sample 4,TimesFM,0.7509578466415405
Sample 4,Timer,0.2490421086549759
Sample 5,Timer,0.7370774745941162
Sample 5,Time-MoE,0.2629225552082062
Sample 6,Chronos,0.5066567063331604
Sample 6,Timer,0.4933432936668396
Sample 7,TimesFM,0.8229976892471313
Sample 7,Moirai,0.17700226604938507
Sample 8,Moirai,0.6721386313438416
Sample 8,TimesFM,0.32786133885383606
Sample 9,Timer,0.7251603603363037
Sample 9,Moirai,0.2748396396636963
Sample 10,Timer,0.5494828820228577
Sample 10,Chronos,0.45051711797714233
Sample 11,Chronos,0.9932004809379578
Sample 11,Time-MoE,0.006799482740461826
Sample 12,TimesFM,0.5624300837516785
Sample 12,Chronos,0.43756985664367676
Sample 13,Chronos,0.5110501646995544
Sample 13,Moirai,0.48894986510276794
Sample 14,Timer,0.8086624145507812
Sample 14,Time-MoE,0.19133757054805756
Sample 15,TimesFM,0.9031195640563965
Sample 15,Timer,0.0968804657459259
Sample 16,Moirai,0.9177441000938416
Sample 16,Timer,0.08225585520267487
Sample 17,Timer,0.7979584336280823
Sample 17,Chronos,0.2020416408777237
Sample 18,TimesFM,0.9658315181732178
Sample 18,Time-MoE,0.034168489277362823
Sample 19,Moirai,0.761681854724884
Sample 19,TimesFM,0.2383180856704712
Sample 20,Chronos,0.6817978024482727
Sample 20,TimesFM,0.31820225715637207
Sample 21,Moirai,0.6958507895469666
Sample 21,Timer,0.30414918065071106
Sample 22,Timer,0.7326744794845581
Sample 22,Time-MoE,0.2673255205154419
Sample 23,Time-MoE,0.5117566585540771
Sample 23,Chronos,0.48824334144592285
Sample 24,TimesFM,0.8148797750473022
Sample 24,Moirai,0.18512021005153656
Sample 25,Timer,0.572238564491272
Sample 25,Chronos,0.427761435508728
Sample 26,TimesFM,0.9906912446022034
Sample 26,Time-MoE,0.009308737702667713
Sample 27,Chronos,0.9970640540122986
Sample 27,Time-MoE,0.0029358966276049614
Sample 28,Chronos,0.5247804522514343
Sample 28,TimesFM,0.47521957755088806
Sample 29,Chronos,0.7545234560966492
Sample 29,Moirai,0.24547654390335083
Sample 30,Timer,0.6606117486953735
Sample 30,Chronos,0.33938825130462646
Sample 31,TimesFM,0.9363012909889221
Sample 31,Time-MoE,0.0636986494064331
Sample 0,TimesFM,0.8055020570755005
Sample 0,Moirai,0.1944979578256607
Sample 1,Timer,0.5505452752113342
Sample 1,Moirai,0.44945472478866577
Sample 2,Timer,0.7722418308258057
Sample 2,TimesFM,0.2277582287788391
Sample 3,Chronos,0.8707482814788818
Sample 3,Timer,0.12925167381763458
Sample 4,Timer,0.9302273392677307
Sample 4,Time-MoE,0.0697726234793663
Sample 5,Chronos,0.9252936840057373
Sample 5,Time-MoE,0.07470635324716568
Sample 6,Chronos,0.5618682503700256
Sample 6,Moirai,0.438131719827652
Sample 7,TimesFM,0.7067093253135681
Sample 7,Time-MoE,0.2932906746864319
Sample 8,Moirai,0.582162618637085
Sample 8,TimesFM,0.4178374409675598
Sample 9,Timer,0.6918271780014038
Sample 9,Moirai,0.3081728518009186
Sample 10,Chronos,0.9392482042312622
Sample 10,Time-MoE,0.06075175106525421
Sample 11,Chronos,0.983173668384552
Sample 11,Time-MoE,0.01682627759873867
Sample 12,TimesFM,0.8403136134147644
Sample 12,Chronos,0.1596864014863968
Sample 13,Timer,0.6134006977081299
Sample 13,Chronos,0.38659924268722534
Sample 14,Moirai,0.5270692706108093
Sample 14,Timer,0.4729306995868683
Sample 15,TimesFM,0.8504586815834045
Sample 15,Moirai,0.14954134821891785
Sample 16,Moirai,0.5876212120056152
Sample 16,TimesFM,0.41237872838974
Sample 17,Chronos,0.5366888642311096
Sample 17,Timer,0.4633111357688904
Sample 18,TimesFM,0.7304806709289551
Sample 18,Timer,0.26951929926872253
Sample 19,Chronos,0.9910571575164795
Sample 19,Time-MoE,0.00894287321716547
Sample 20,Chronos,0.5850400328636169
Sample 20,TimesFM,0.41495993733406067
Sample 21,Chronos,0.6292962431907654
Sample 21,Timer,0.37070372700691223
Sample 22,Timer,0.5520526170730591
Sample 22,Moirai,0.4479473829269409
Sample 23,TimesFM,0.9244558811187744
Sample 23,Timer,0.07554411888122559
Sample 24,TimesFM,0.7190234661102295
Sample 24,Moirai,0.2809765040874481
Sample 25,Timer,0.5238524079322815
Sample 25,Chronos,0.4761476218700409
Sample 26,TimesFM,0.8999590277671814
Sample 26,Chronos,0.10004094243049622
Sample 27,Chronos,0.8833484649658203
Sample 27,Timer,0.11665156483650208
Sample 28,TimesFM,0.9745756387710571
Sample 28,Time-MoE,0.0254244152456522
Sample 29,Chronos,0.8943667411804199
Sample 29,Timer,0.10563326627016068
Sample 30,Moirai,0.5318435430526733
Sample 30,Timer,0.4681563973426819
Sample 31,TimesFM,0.953175961971283
Sample 31,Time-MoE,0.04682405665516853
Sample 0,Moirai,0.9325019717216492
Sample 0,TimesFM,0.06749804317951202
Sample 1,Timer,0.6088823080062866
Sample 1,Moirai,0.3911176919937134
Sample 2,Timer,0.6305739283561707
Sample 2,Chronos,0.3694261312484741
Sample 3,Chronos,0.9280515909194946
Sample 3,Moirai,0.07194842398166656
Sample 4,Timer,0.880476176738739
Sample 4,TimesFM,0.11952382326126099
Sample 5,Timer,0.6395424008369446
Sample 5,Moirai,0.36045753955841064
Sample 6,Timer,0.7935964465141296
Sample 6,Moirai,0.20640361309051514
Sample 7,TimesFM,0.8823712468147278
Sample 7,Moirai,0.11762874573469162
Sample 8,Moirai,0.9882616400718689
Sample 8,TimesFM,0.011738371104001999
Sample 9,Timer,0.7137693762779236
Sample 9,Moirai,0.2862306237220764
Sample 10,TimesFM,0.9823058247566223
Sample 10,Moirai,0.017694197595119476
Sample 11,Chronos,0.8635101914405823
Sample 11,Timer,0.13648977875709534
Sample 12,Chronos,0.5880584716796875
Sample 12,TimesFM,0.4119414985179901
Sample 13,Moirai,0.7649562358856201
Sample 13,Chronos,0.2350437343120575
Sample 14,Timer,0.5452823638916016
Sample 14,Time-MoE,0.45471763610839844
Sample 15,TimesFM,0.6802587509155273
Sample 15,Timer,0.31974127888679504
Sample 16,Moirai,0.9711752533912659
Sample 16,Chronos,0.028824683278799057
Sample 17,Timer,0.62969970703125
Sample 17,Chronos,0.37030029296875
Sample 18,Timer,0.5904046297073364
Sample 18,Moirai,0.4095953404903412
Sample 19,Chronos,0.9870114326477051
Sample 19,Time-MoE,0.012988634407520294
Sample 20,Chronos,0.5662575960159302
Sample 20,TimesFM,0.4337424337863922
Sample 21,Chronos,0.5494562983512878
Sample 21,Moirai,0.45054370164871216
Sample 22,Timer,0.7166290879249573
Sample 22,Moirai,0.28337085247039795
Sample 23,TimesFM,0.9593387842178345
Sample 23,Time-MoE,0.04066117852926254
Sample 24,Moirai,0.7373794317245483
Sample 24,TimesFM,0.26262059807777405
Sample 25,Timer,0.7755396962165833
Sample 25,Chronos,0.22446030378341675
Sample 26,Timer,0.6374190449714661
Sample 26,Moirai,0.3625809848308563
Sample 27,Chronos,0.9506828784942627
Sample 27,Timer,0.0493171401321888
Sample 28,TimesFM,0.9571217894554138
Sample 28,Time-MoE,0.042878229171037674
Sample 29,TimesFM,0.737157940864563
Sample 29,Timer,0.2628420889377594
Sample 30,Timer,0.7403971552848816
Sample 30,Moirai,0.259602814912796
Sample 31,TimesFM,0.9079580307006836
Sample 31,Moirai,0.09204194694757462
Sample 0,TimesFM,0.9024115204811096
Sample 0,Moirai,0.09758852422237396
Sample 1,Timer,0.6862910985946655
Sample 1,Moirai,0.3137089014053345
Sample 2,Timer,0.7270576357841492
Sample 2,Chronos,0.27294233441352844
Sample 3,Chronos,0.8800898194313049
Sample 3,Moirai,0.11991021037101746
Sample 4,TimesFM,0.9282246232032776
Sample 4,Chronos,0.07177536934614182
Sample 5,Moirai,0.5016993284225464
Sample 5,Timer,0.4983007311820984
Sample 6,Moirai,0.7603484392166138
Sample 6,Timer,0.23965159058570862
Sample 7,TimesFM,0.87447190284729
Sample 7,Time-MoE,0.12552803754806519
Sample 8,TimesFM,0.5479327440261841
Sample 8,Moirai,0.4520672559738159
Sample 9,Timer,0.5227715969085693
Sample 9,Moirai,0.47722843289375305
Sample 10,Timer,0.8518167734146118
Sample 10,Moirai,0.1481831967830658
Sample 11,Chronos,0.7917638421058655
Sample 11,Timer,0.20823615789413452
Sample 12,Time-MoE,0.6168956160545349
Sample 12,Chronos,0.3831043541431427
Sample 13,Chronos,0.9555450677871704
Sample 13,Time-MoE,0.044454921036958694
Sample 14,TimesFM,0.9349002838134766
Sample 14,Time-MoE,0.06509973108768463
Sample 15,TimesFM,0.7850738167762756
Sample 15,Timer,0.21492619812488556
Sample 16,TimesFM,0.9104569554328918
Sample 16,Moirai,0.08954307436943054
Sample 17,Timer,0.5050914883613586
Sample 17,Moirai,0.49490851163864136
Sample 18,TimesFM,0.9717180728912354
Sample 18,Chronos,0.02828197181224823
Sample 19,Chronos,0.7314947843551636
Sample 19,Timer,0.2685052156448364
Sample 20,Chronos,0.5048846006393433
Sample 20,Moirai,0.49511539936065674
Sample 21,Timer,0.5987978577613831
Sample 21,Moirai,0.40120211243629456
Sample 22,Timer,0.7760576605796814
Sample 22,Time-MoE,0.223942369222641
Sample 23,TimesFM,0.96481853723526
Sample 23,Time-MoE,0.035181496292352676
Sample 24,Moirai,0.9808436036109924
Sample 24,TimesFM,0.019156426191329956
Sample 25,Moirai,0.5023900270462036
Sample 25,Timer,0.4976099729537964
Sample 26,TimesFM,0.8356667160987854
Sample 26,Moirai,0.1643332839012146
Sample 27,Chronos,0.5594006776809692
Sample 27,Moirai,0.44059935212135315
Sample 28,Chronos,0.6891507506370544
Sample 28,Moirai,0.31084927916526794
Sample 29,Timer,0.787598729133606
Sample 29,Time-MoE,0.21240124106407166
Sample 30,Moirai,0.884946346282959
Sample 30,TimesFM,0.11505372822284698
Sample 31,Time-MoE,0.5651491284370422
Sample 31,TimesFM,0.4348508417606354
Sample 0,Moirai,0.9537721276283264
Sample 0,Chronos,0.04622785747051239
Sample 1,Timer,0.7094258666038513
Sample 1,Chronos,0.29057416319847107
Sample 2,TimesFM,0.9228331446647644
Sample 2,Moirai,0.07716678828001022
Sample 3,Chronos,0.9628077745437622
Sample 3,Time-MoE,0.03719226270914078
Sample 4,Chronos,0.9832619428634644
Sample 4,Time-MoE,0.01673807017505169
Sample 5,Moirai,0.6765298843383789
Sample 5,Timer,0.3234700858592987
Sample 6,Chronos,0.7011283040046692
Sample 6,Timer,0.2988717257976532
Sample 7,TimesFM,0.9014241695404053
Sample 7,Time-MoE,0.09857583045959473
Sample 8,Moirai,0.6863001585006714
Sample 8,TimesFM,0.3136998414993286
Sample 9,Timer,0.6622104644775391
Sample 9,Moirai,0.33778950572013855
Sample 10,Timer,0.9509762525558472
Sample 10,Moirai,0.04902379587292671
Sample 11,Chronos,0.9233584403991699
Sample 11,Timer,0.07664159685373306
Sample 12,TimesFM,0.8130081295967102
Sample 12,Timer,0.1869918555021286
Sample 13,Timer,0.563105583190918
Sample 13,Moirai,0.43689441680908203
Sample 14,Moirai,0.5279464721679688
Sample 14,Timer,0.47205355763435364
Sample 15,TimesFM,0.9651021361351013
Sample 15,Time-MoE,0.03489784151315689
Sample 0,Moirai,0.9307743906974792
Sample 0,TimesFM,0.06922563165426254
Sample 1,Timer,0.7346588373184204
Sample 1,Chronos,0.2653411030769348
Sample 2,Chronos,0.866053581237793
Sample 2,Time-MoE,0.13394644856452942
Sample 3,Chronos,0.9486874938011169
Sample 3,Timer,0.05131248012185097
Sample 4,Timer,0.8670044541358948
Sample 4,TimesFM,0.13299554586410522
Sample 5,Timer,0.7020482420921326
Sample 5,Chronos,0.2979517877101898
Sample 6,Chronos,0.5034377574920654
Sample 6,Timer,0.4965622127056122
Sample 7,TimesFM,0.9599157571792603
Sample 7,Time-MoE,0.04008423164486885
Sample 8,Moirai,0.9702741503715515
Sample 8,TimesFM,0.029725834727287292
Sample 9,Timer,0.7338746190071106
Sample 9,Chronos,0.2661254405975342
Sample 10,TimesFM,0.757840096950531
Sample 10,Moirai,0.242159903049469
Sample 11,Chronos,0.871051549911499
Sample 11,Moirai,0.12894843518733978
Sample 12,TimesFM,0.9786836504936218
Sample 12,Timer,0.02131636068224907
Sample 13,Chronos,0.5554822683334351
Sample 13,Moirai,0.44451773166656494
Sample 14,Timer,0.6507038474082947
Sample 14,Time-MoE,0.3492961525917053
Sample 15,TimesFM,0.9751042127609253
Sample 15,Time-MoE,0.024895798414945602
Sample 16,Moirai,0.9219476580619812
Sample 16,TimesFM,0.07805231213569641
Sample 17,Timer,0.5178459882736206
Sample 17,Moirai,0.4821540117263794
Sample 18,TimesFM,0.6797219514846802
Sample 18,Chronos,0.3202781081199646
Sample 19,Chronos,0.8746975064277649
Sample 19,Moirai,0.1253025382757187
Sample 20,Chronos,0.7332078814506531
Sample 20,Moirai,0.26679208874702454
Sample 21,Chronos,0.9109273552894592
Sample 21,Timer,0.08907260745763779
Sample 22,Chronos,0.7751100063323975
Sample 22,TimesFM,0.22489000856876373
Sample 23,Timer,0.5605583190917969
Sample 23,TimesFM,0.4394417405128479
Sample 24,TimesFM,0.5606252551078796
Sample 24,Moirai,0.43937474489212036
Sample 25,Timer,0.6383878588676453
Sample 25,Chronos,0.36161214113235474
Sample 26,Moirai,0.8720935583114624
Sample 26,Timer,0.1279064118862152
Sample 27,Chronos,0.660629153251648
Sample 27,Timer,0.33937081694602966
Sample 28,Chronos,0.969990074634552
Sample 28,Time-MoE,0.030009957030415535
Sample 29,Timer,0.58720463514328
Sample 29,Moirai,0.4127953350543976
Sample 30,Moirai,0.8673748970031738
Sample 30,Timer,0.13262507319450378
Sample 31,TimesFM,0.9367061257362366
Sample 31,Time-MoE,0.06329390406608582
Sample 0,TimesFM,0.9351256489753723
Sample 0,Moirai,0.06487437337636948
Sample 1,Moirai,0.5504142045974731
Sample 1,Timer,0.44958579540252686
Sample 2,Chronos,0.6496348977088928
Sample 2,Time-MoE,0.3503651022911072
Sample 3,Chronos,0.9020131826400757
Sample 3,Timer,0.09798678755760193
Sample 4,Chronos,0.6776374578475952
Sample 4,Time-MoE,0.3223625123500824
Sample 5,Moirai,0.5589178800582886
Sample 5,Timer,0.4410821795463562
Sample 6,Timer,0.6419609785079956
Sample 6,Time-MoE,0.358038991689682
Sample 7,TimesFM,0.965825617313385
Sample 7,Time-MoE,0.0341743603348732
Sample 8,Moirai,0.9796760082244873
Sample 8,Chronos,0.020323973149061203
Sample 9,Moirai,0.5656591653823853
Sample 9,Timer,0.43434077501296997
Sample 10,TimesFM,0.8125367760658264
Sample 10,Moirai,0.18746317923069
Sample 11,Chronos,0.7584908604621887
Sample 11,TimesFM,0.24150912463665009
Sample 12,Timer,0.5176301002502441
Sample 12,Chronos,0.48236989974975586
Sample 13,Moirai,0.6503679156303406
Sample 13,Timer,0.3496320843696594
Sample 14,Timer,0.7308512330055237
Sample 14,Chronos,0.2691487669944763
Sample 15,TimesFM,0.8956119418144226
Sample 15,Moirai,0.1043880358338356
Sample 16,Moirai,0.9836288094520569
Sample 16,TimesFM,0.016371143981814384
Sample 17,Timer,0.5538844466209412
Sample 17,Moirai,0.44611555337905884
Sample 18,TimesFM,0.9192028045654297
Sample 18,Time-MoE,0.08079717308282852
Sample 19,Chronos,0.7688665986061096
Sample 19,Timer,0.2311333864927292
Sample 20,Timer,0.6456935405731201
Sample 20,Moirai,0.3543064296245575
Sample 21,Moirai,0.5996233820915222
Sample 21,Timer,0.400376558303833
Sample 22,Timer,0.7033763527870178
Sample 22,Time-MoE,0.2966236174106598
Sample 23,TimesFM,0.8990014791488647
Sample 23,Chronos,0.10099855810403824
Sample 24,Moirai,0.9688789248466492
Sample 24,Chronos,0.031121037900447845
Sample 25,Timer,0.7123774290084839
Sample 25,Chronos,0.2876225709915161
Sample 26,Moirai,0.5903652310371399
Sample 26,Timer,0.4096347689628601
Sample 27,Chronos,0.9841240048408508
Sample 27,Moirai,0.015876036137342453
Sample 28,TimesFM,0.5207536816596985
Sample 28,Chronos,0.47924625873565674
Sample 29,Moirai,0.6914265155792236
Sample 29,Chronos,0.30857351422309875
Sample 30,Timer,0.647899329662323
Sample 30,Chronos,0.3521007001399994
Sample 31,TimesFM,0.9410110116004944
Sample 31,Time-MoE,0.05898896977305412
Sample 0,TimesFM,0.6335606575012207
Sample 0,Moirai,0.3664393126964569
Sample 1,Moirai,0.5725870132446289
Sample 1,Timer,0.42741304636001587
Sample 2,Moirai,0.7588709592819214
Sample 2,Chronos,0.2411290556192398
Sample 3,Chronos,0.9139389395713806
Sample 3,Moirai,0.08606098592281342
Sample 4,TimesFM,0.750437319278717
Sample 4,Timer,0.24956268072128296
Sample 5,Timer,0.7383294701576233
Sample 5,Time-MoE,0.2616705000400543
Sample 6,Chronos,0.5114995241165161
Sample 6,Timer,0.4885004460811615
Sample 7,TimesFM,0.8252236247062683
Sample 7,Moirai,0.1747763305902481
Sample 8,Moirai,0.66390460729599
Sample 8,TimesFM,0.33609539270401
Sample 9,Timer,0.674716591835022
Sample 9,Moirai,0.325283408164978
Sample 10,Timer,0.5441659092903137
Sample 10,Chronos,0.45583412051200867
Sample 11,Chronos,0.9931064248085022
Sample 11,Time-MoE,0.006893577054142952
Sample 12,TimesFM,0.553329586982727
Sample 12,Chronos,0.44667044281959534
Sample 13,Moirai,0.547186553478241
Sample 13,Chronos,0.4528135061264038
Sample 14,Timer,0.8064915537834167
Sample 14,Time-MoE,0.19350844621658325
Sample 15,TimesFM,0.8957166075706482
Sample 15,Time-MoE,0.1042834147810936
Sample 16,Moirai,0.9354608654975891
Sample 16,Timer,0.06453913450241089
Sample 17,Timer,0.7947177886962891
Sample 17,Chronos,0.20528222620487213
Sample 18,TimesFM,0.9650976061820984
Sample 18,Time-MoE,0.03490236774086952
Sample 19,Moirai,0.7779231071472168
Sample 19,TimesFM,0.22207684814929962
Sample 20,Chronos,0.6823556423187256
Sample 20,TimesFM,0.3176443576812744
Sample 21,Moirai,0.7553349733352661
Sample 21,Timer,0.24466507136821747
Sample 22,Timer,0.7253293395042419
Sample 22,Time-MoE,0.27467066049575806
Sample 23,Time-MoE,0.5146309733390808
Sample 23,Chronos,0.4853690564632416
Sample 24,TimesFM,0.824868381023407
Sample 24,Moirai,0.17513158917427063
Sample 25,Timer,0.5673920512199402
Sample 25,Chronos,0.43260788917541504
Sample 26,TimesFM,0.9906653165817261
Sample 26,Time-MoE,0.009334736503660679
Sample 27,Chronos,0.997364342212677
Sample 27,Time-MoE,0.0026356845628470182
Sample 28,Chronos,0.5341821908950806
Sample 28,TimesFM,0.46581777930259705
Sample 29,Chronos,0.7096284031867981
Sample 29,Moirai,0.2903715670108795
Sample 30,Timer,0.6499946117401123
Sample 30,Moirai,0.35000544786453247
Sample 31,TimesFM,0.9288234114646912
Sample 31,Time-MoE,0.07117665559053421
Sample 0,TimesFM,0.807150661945343
Sample 0,Moirai,0.1928493082523346
Sample 1,Moirai,0.5205134153366089
Sample 1,Timer,0.4794866144657135
Sample 2,Timer,0.7768130302429199
Sample 2,TimesFM,0.22318701446056366
Sample 3,Chronos,0.8640735745429993
Sample 3,Moirai,0.13592635095119476
Sample 4,Timer,0.9287646412849426
Sample 4,Time-MoE,0.07123531401157379
Sample 5,Chronos,0.9169755578041077
Sample 5,Time-MoE,0.08302438259124756
Sample 6,Chronos,0.5492141246795654
Sample 6,Moirai,0.4507858455181122
Sample 7,TimesFM,0.6985868811607361
Sample 7,Time-MoE,0.3014131486415863
Sample 8,Moirai,0.5830989480018616
Sample 8,TimesFM,0.4169010818004608
Sample 9,Timer,0.6276454925537109
Sample 9,Moirai,0.37235450744628906
Sample 10,Chronos,0.9394804835319519
Sample 10,Time-MoE,0.06051956117153168
Sample 11,Chronos,0.9844229817390442
Sample 11,Time-MoE,0.015577028505504131
Sample 12,TimesFM,0.8374965190887451
Sample 12,Chronos,0.16250352561473846
Sample 13,Timer,0.586153507232666
Sample 13,Chronos,0.413846492767334
Sample 14,Moirai,0.5891696214675903
Sample 14,Timer,0.4108303189277649
Sample 15,TimesFM,0.8524827361106873
Sample 15,Chronos,0.14751727879047394
Sample 16,Moirai,0.5989747047424316
Sample 16,TimesFM,0.40102529525756836
Sample 17,Chronos,0.551171600818634
Sample 17,Timer,0.44882842898368835
Sample 18,TimesFM,0.7197965979576111
Sample 18,Time-MoE,0.2802034318447113
Sample 19,Chronos,0.9918939471244812
Sample 19,Time-MoE,0.008106070570647717
Sample 20,Chronos,0.5875952243804932
Sample 20,TimesFM,0.41240474581718445
Sample 21,Chronos,0.6585286259651184
Sample 21,Timer,0.3414713144302368
Sample 22,Moirai,0.506478488445282
Sample 22,Timer,0.493521511554718
Sample 23,TimesFM,0.9185134768486023
Sample 23,Timer,0.0814865380525589
Sample 24,TimesFM,0.7310191988945007
Sample 24,Moirai,0.26898086071014404
Sample 25,Timer,0.5026050806045532
Sample 25,Chronos,0.49739497900009155
Sample 26,TimesFM,0.8939869999885559
Sample 26,Chronos,0.1060129776597023
Sample 27,Chronos,0.8917872309684753
Sample 27,Timer,0.10821279138326645
Sample 28,TimesFM,0.972676157951355
Sample 28,Time-MoE,0.027323905378580093
Sample 29,Chronos,0.9047031998634338
Sample 29,Timer,0.09529683738946915
Sample 30,Moirai,0.6057065725326538
Sample 30,Timer,0.3942934572696686
Sample 31,TimesFM,0.9472734928131104
Sample 31,Time-MoE,0.05272646248340607
Sample 0,Moirai,0.936547577381134
Sample 0,TimesFM,0.06345246732234955
Sample 1,Timer,0.5335103273391724
Sample 1,Moirai,0.46648967266082764
Sample 2,Timer,0.5905069708824158
Sample 2,Chronos,0.40949302911758423
Sample 3,Chronos,0.9192367196083069
Sample 3,Moirai,0.08076329529285431
Sample 4,Timer,0.8710850477218628
Sample 4,TimesFM,0.1289149820804596
Sample 5,Timer,0.5640345215797424
Sample 5,Moirai,0.4359654486179352
Sample 6,Timer,0.7414702773094177
Sample 6,Moirai,0.2585296630859375
Sample 7,TimesFM,0.8826852440834045
Sample 7,Moirai,0.11731481552124023
Sample 8,Moirai,0.9895508885383606
Sample 8,TimesFM,0.010449068620800972
Sample 9,Timer,0.6486020684242249
Sample 9,Moirai,0.35139796137809753
Sample 10,TimesFM,0.9826080203056335
Sample 10,Moirai,0.017392020672559738
Sample 11,Chronos,0.8711069226264954
Sample 11,Timer,0.12889310717582703
Sample 12,Chronos,0.5868111252784729
Sample 12,TimesFM,0.4131888449192047
Sample 13,Moirai,0.7974057197570801
Sample 13,Chronos,0.20259428024291992
Sample 14,Timer,0.5258195996284485
Sample 14,Time-MoE,0.4741804599761963
Sample 15,TimesFM,0.6755211353302002
Sample 15,Timer,0.3244788646697998
Sample 16,Moirai,0.9729529023170471
Sample 16,Chronos,0.02704710140824318
Sample 17,Timer,0.5945731401443481
Sample 17,Chronos,0.40542685985565186
Sample 18,Timer,0.5211424231529236
Sample 18,Moirai,0.47885754704475403
Sample 19,Chronos,0.9883121848106384
Sample 19,Time-MoE,0.011687864549458027
Sample 20,Chronos,0.5749303698539734
Sample 20,TimesFM,0.4250696301460266
Sample 21,Chronos,0.5126678943634033
Sample 21,Moirai,0.48733213543891907
Sample 22,Timer,0.6470632553100586
Sample 22,Moirai,0.3529367744922638
Sample 23,TimesFM,0.9580323696136475
Sample 23,Time-MoE,0.04196765273809433
Sample 24,Moirai,0.7382156252861023
Sample 24,TimesFM,0.26178431510925293
Sample 25,Timer,0.7525562644004822
Sample 25,Chronos,0.24744366109371185
Sample 26,Timer,0.6257656812667847
Sample 26,Moirai,0.37423431873321533
Sample 27,Chronos,0.9571993350982666
Sample 27,Timer,0.042800650000572205
Sample 28,TimesFM,0.9553689956665039
Sample 28,Time-MoE,0.04463103041052818
Sample 29,TimesFM,0.7695311903953552
Sample 29,Timer,0.2304687798023224
Sample 30,Timer,0.6782969236373901
Sample 30,Moirai,0.32170310616493225
Sample 31,TimesFM,0.9091041088104248
Sample 31,Moirai,0.09089589864015579
Sample 0,TimesFM,0.906965970993042
Sample 0,Moirai,0.09303407371044159
Sample 1,Timer,0.6138166189193726
Sample 1,Moirai,0.38618338108062744
Sample 2,Timer,0.7220446467399597
Sample 2,Time-MoE,0.2779553234577179
Sample 3,Chronos,0.8689256906509399
Sample 3,Moirai,0.13107430934906006
Sample 4,TimesFM,0.928190290927887
Sample 4,Chronos,0.07180970162153244
Sample 5,Moirai,0.5816348195075989
Sample 5,Timer,0.4183651804924011
Sample 6,Moirai,0.8045074343681335
Sample 6,Timer,0.19549252092838287
Sample 7,TimesFM,0.8725027441978455
Sample 7,Time-MoE,0.12749725580215454
Sample 8,TimesFM,0.555172324180603
Sample 8,Moirai,0.4448276460170746
Sample 9,Moirai,0.5590900778770447
Sample 9,Timer,0.44090989232063293
Sample 10,Timer,0.8320679068565369
Sample 10,Moirai,0.16793207824230194
Sample 11,Chronos,0.8174514770507812
Sample 11,Timer,0.18254853785037994
Sample 12,Time-MoE,0.6117817163467407
Sample 12,Chronos,0.38821831345558167
Sample 13,Chronos,0.958021879196167
Sample 13,Time-MoE,0.04197812080383301
Sample 14,TimesFM,0.9390389919281006
Sample 14,Time-MoE,0.060961026698350906
Sample 15,TimesFM,0.7842715978622437
Sample 15,Time-MoE,0.21572847664356232
Sample 16,TimesFM,0.9142770171165466
Sample 16,Moirai,0.08572297543287277
Sample 17,Moirai,0.5760195255279541
Sample 17,Timer,0.4239804446697235
Sample 18,TimesFM,0.9710057377815247
Sample 18,Chronos,0.02899426780641079
Sample 19,Chronos,0.7248077988624573
Sample 19,Moirai,0.2751922309398651
Sample 20,Moirai,0.5199409127235413
Sample 20,Chronos,0.48005911707878113
Sample 21,Timer,0.514633297920227
Sample 21,Moirai,0.48536670207977295
Sample 22,Timer,0.7479231953620911
Sample 22,Time-MoE,0.25207674503326416
Sample 23,TimesFM,0.962090015411377
Sample 23,Time-MoE,0.037909988313913345
Sample 24,Moirai,0.9824813008308411
Sample 24,TimesFM,0.01751871407032013
Sample 25,Moirai,0.5826711058616638
Sample 25,Timer,0.4173288941383362
Sample 26,TimesFM,0.8330392837524414
Sample 26,Moirai,0.1669607311487198
Sample 27,Chronos,0.5336364507675171
Sample 27,Moirai,0.4663635194301605
Sample 28,Chronos,0.7043086290359497
Sample 28,Moirai,0.2956913709640503
Sample 29,Timer,0.7603787779808044
Sample 29,Time-MoE,0.23962122201919556
Sample 30,Moirai,0.8885069489479065
Sample 30,Time-MoE,0.11149308830499649
Sample 31,Time-MoE,0.5605968236923218
Sample 31,TimesFM,0.4394031763076782
Sample 0,Moirai,0.9570134878158569
Sample 0,Chronos,0.04298647865653038
Sample 1,Timer,0.6623059511184692
Sample 1,Chronos,0.33769407868385315
Sample 2,TimesFM,0.9210962653160095
Sample 2,Moirai,0.07890375703573227
Sample 3,Chronos,0.9646105170249939
Sample 3,Time-MoE,0.03538944572210312
Sample 4,Chronos,0.9845929741859436
Sample 4,Time-MoE,0.015407088212668896
Sample 5,Moirai,0.7221431136131287
Sample 5,Chronos,0.2778569161891937
Sample 6,Chronos,0.7452833652496338
Sample 6,Timer,0.2547166347503662
Sample 7,TimesFM,0.8978303074836731
Sample 7,Time-MoE,0.1021697148680687
Sample 8,Moirai,0.6779146790504456
Sample 8,TimesFM,0.32208532094955444
Sample 9,Timer,0.5862193703651428
Sample 9,Moirai,0.41378065943717957
Sample 10,Timer,0.946843147277832
Sample 10,Moirai,0.05315686762332916
Sample 11,Chronos,0.927641749382019
Sample 11,Moirai,0.07235823571681976
Sample 12,TimesFM,0.8319552540779114
Sample 12,Chronos,0.16804474592208862
Sample 13,Moirai,0.5209968090057373
Sample 13,Timer,0.4790031611919403
Sample 14,Moirai,0.6071797013282776
Sample 14,Timer,0.39282023906707764
Sample 15,TimesFM,0.9634135961532593
Sample 15,Time-MoE,0.03658641502261162
Sample 0,Moirai,0.9297352433204651
Sample 0,TimesFM,0.07026475667953491
Sample 1,Timer,0.6891217827796936
Sample 1,Chronos,0.3108782470226288
Sample 2,Chronos,0.8669838309288025
Sample 2,Time-MoE,0.13301612436771393
Sample 3,Chronos,0.953495442867279
Sample 3,Moirai,0.04650450125336647
Sample 4,Timer,0.8539612889289856
Sample 4,TimesFM,0.1460387110710144
Sample 5,Timer,0.6474950313568115
Sample 5,Chronos,0.3525049090385437
Sample 6,Chronos,0.5561729669570923
Sample 6,Timer,0.4438270628452301
Sample 7,TimesFM,0.9577344059944153
Sample 7,Time-MoE,0.042265575379133224
Sample 8,Moirai,0.9708394408226013
Sample 8,TimesFM,0.029160527512431145
Sample 9,Timer,0.6877409815788269
Sample 9,Chronos,0.3122590184211731
Sample 10,TimesFM,0.7605963945388794
Sample 10,Moirai,0.23940357565879822
Sample 11,Chronos,0.8668507933616638
Sample 11,Moirai,0.13314923644065857
Sample 12,TimesFM,0.9771715998649597
Sample 12,Timer,0.02282837964594364
Sample 13,Chronos,0.5424728393554688
Sample 13,Moirai,0.45752719044685364
Sample 14,Timer,0.6114817261695862
Sample 14,Time-MoE,0.38851824402809143
Sample 15,TimesFM,0.9739007949829102
Sample 15,Time-MoE,0.026099175214767456
Sample 16,Moirai,0.9223942756652832
Sample 16,TimesFM,0.07760569453239441
Sample 17,Moirai,0.5600077509880066
Sample 17,Timer,0.4399922788143158
Sample 18,TimesFM,0.6758148074150085
Sample 18,Chronos,0.32418516278266907
Sample 19,Chronos,0.8695744276046753
Sample 19,Moirai,0.1304256021976471
Sample 20,Chronos,0.7392140626907349
Sample 20,Moirai,0.26078593730926514
Sample 21,Chronos,0.919488251209259
Sample 21,Moirai,0.08051176369190216
Sample 22,Chronos,0.7869395017623901
Sample 22,TimesFM,0.21306054294109344
Sample 23,Timer,0.5639756917953491
Sample 23,TimesFM,0.4360242784023285
Sample 24,TimesFM,0.5742390155792236
Sample 24,Moirai,0.425760954618454
Sample 25,Timer,0.5855794548988342
Sample 25,Chronos,0.41442054510116577
Sample 26,Moirai,0.8937665820121765
Sample 26,Timer,0.10623342543840408
Sample 27,Chronos,0.6816583871841431
Sample 27,Timer,0.31834161281585693
Sample 28,Chronos,0.9705750346183777
Sample 28,Time-MoE,0.029424939304590225
Sample 29,Timer,0.5120495557785034
Sample 29,Moirai,0.48795047402381897
Sample 30,Moirai,0.8919016718864441
Sample 30,Chronos,0.10809830576181412
Sample 31,TimesFM,0.9357021450996399
Sample 31,Time-MoE,0.06429784744977951
Sample 0,TimesFM,0.9387470483779907
Sample 0,Moirai,0.0612529031932354
Sample 1,Moirai,0.6194303035736084
Sample 1,Timer,0.3805696666240692
Sample 2,Chronos,0.6930658221244812
Sample 2,TimesFM,0.3069341778755188
Sample 3,Chronos,0.919208824634552
Sample 3,Timer,0.08079115301370621
Sample 4,Chronos,0.6792625784873962
Sample 4,Time-MoE,0.32073745131492615
Sample 5,Moirai,0.6299606561660767
Sample 5,Timer,0.3700393736362457
Sample 6,Timer,0.5923606157302856
Sample 6,Time-MoE,0.40763935446739197
Sample 7,TimesFM,0.9645674824714661
Sample 7,Time-MoE,0.03543256223201752
Sample 8,Moirai,0.9786918759346008
Sample 8,Chronos,0.021308064460754395
Sample 9,Moirai,0.632133424282074
Sample 9,Timer,0.36786654591560364
Sample 10,TimesFM,0.818304181098938
Sample 10,Moirai,0.181695818901062
Sample 11,Chronos,0.759810745716095
Sample 11,TimesFM,0.24018922448158264
Sample 12,Chronos,0.5018066167831421
Sample 12,Timer,0.4981934130191803
Sample 13,Moirai,0.6885533332824707
Sample 13,Chronos,0.3114466369152069
Sample 14,Timer,0.6878578066825867
Sample 14,Chronos,0.3121422231197357
Sample 15,TimesFM,0.9012786746025085
Sample 15,Moirai,0.09872137010097504
Sample 16,Moirai,0.983363151550293
Sample 16,TimesFM,0.01663682423532009
Sample 17,Moirai,0.5171300768852234
Sample 17,Timer,0.4828699231147766
Sample 18,TimesFM,0.9275210499763489
Sample 18,Time-MoE,0.07247892767190933
Sample 19,Chronos,0.8062265515327454
Sample 19,Timer,0.19377350807189941
Sample 20,Timer,0.5865669846534729
Sample 20,Moirai,0.4134329855442047
Sample 21,Moirai,0.6436944603919983
Sample 21,Chronos,0.3563055098056793
Sample 22,Timer,0.6648028492927551
Sample 22,Time-MoE,0.3351971507072449
Sample 23,TimesFM,0.8994798064231873
Sample 23,Chronos,0.10052024573087692
Sample 24,Moirai,0.9695713520050049
Sample 24,Chronos,0.03042871132493019
Sample 25,Timer,0.6675878167152405
Sample 25,Chronos,0.3324122428894043
Sample 26,Moirai,0.645287275314331
Sample 26,Timer,0.35471269488334656
Sample 27,Chronos,0.9839807152748108
Sample 27,Moirai,0.016019228845834732
Sample 28,TimesFM,0.511081874370575
Sample 28,Chronos,0.48891809582710266
Sample 29,Moirai,0.7053965926170349
Sample 29,Chronos,0.2946034073829651
Sample 30,Timer,0.594628095626831
Sample 30,Chronos,0.40537190437316895
Sample 31,TimesFM,0.938025176525116
Sample 31,Time-MoE,0.06197487190365791
Sample 0,TimesFM,0.6460533738136292
Sample 0,Moirai,0.35394665598869324
Sample 1,Moirai,0.6311550736427307
Sample 1,Timer,0.3688448667526245
Sample 2,Moirai,0.7481073141098022
Sample 2,Chronos,0.25189265608787537
Sample 3,Chronos,0.9142852425575256
Sample 3,Moirai,0.08571477234363556
Sample 4,TimesFM,0.7501718997955322
Sample 4,Timer,0.24982810020446777
Sample 5,Timer,0.7082055807113647
Sample 5,Time-MoE,0.29179441928863525
Sample 6,Chronos,0.5481332540512085
Sample 6,Timer,0.4518667459487915
Sample 7,TimesFM,0.830467939376831
Sample 7,Moirai,0.16953210532665253
Sample 8,Moirai,0.6526740789413452
Sample 8,TimesFM,0.3473259210586548
Sample 9,Timer,0.6200658679008484
Sample 9,Moirai,0.3799341022968292
Sample 10,Timer,0.507422924041748
Sample 10,Chronos,0.49257710576057434
Sample 11,Chronos,0.9931300282478333
Sample 11,Time-MoE,0.0068700117990374565
Sample 12,TimesFM,0.5502574443817139
Sample 12,Chronos,0.44974255561828613
Sample 13,Moirai,0.553741991519928
Sample 13,Chronos,0.446258008480072
Sample 14,Timer,0.7654345035552979
Sample 14,Time-MoE,0.23456549644470215
Sample 15,TimesFM,0.88455730676651
Sample 15,Timer,0.11544271558523178
Sample 16,Moirai,0.9478861689567566
Sample 16,Timer,0.05211383104324341
Sample 17,Timer,0.7586438655853271
Sample 17,Chronos,0.24135617911815643
Sample 18,TimesFM,0.9652183055877686
Sample 18,Time-MoE,0.034781694412231445
Sample 19,Moirai,0.7717745900154114
Sample 19,TimesFM,0.22822539508342743
Sample 20,Chronos,0.6848829388618469
Sample 20,TimesFM,0.3151170611381531
Sample 21,Moirai,0.8026793599128723
Sample 21,Timer,0.19732066988945007
Sample 22,Timer,0.6782109141349792
Sample 22,Time-MoE,0.32178908586502075
Sample 23,Time-MoE,0.5063632130622864
Sample 23,Chronos,0.493636816740036
Sample 24,TimesFM,0.8331441879272461
Sample 24,Moirai,0.1668558269739151
Sample 25,Timer,0.516862154006958
Sample 25,Chronos,0.483137845993042
Sample 26,TimesFM,0.9906938672065735
Sample 26,Time-MoE,0.009306210093200207
Sample 27,Chronos,0.9976451992988586
Sample 27,Time-MoE,0.002354756696149707
Sample 28,Chronos,0.537290096282959
Sample 28,TimesFM,0.46270987391471863
Sample 29,Chronos,0.7023038268089294
Sample 29,Moirai,0.29769617319107056
Sample 30,Timer,0.5934253334999084
Sample 30,Moirai,0.40657466650009155
Sample 31,TimesFM,0.9269231557846069
Sample 31,Time-MoE,0.07307688146829605
Sample 0,TimesFM,0.8152786493301392
Sample 0,Moirai,0.18472133576869965
Sample 1,Moirai,0.5772762894630432
Sample 1,Timer,0.4227237403392792
Sample 2,Timer,0.7795199751853943
Sample 2,TimesFM,0.22048000991344452
Sample 3,Chronos,0.864192008972168
Sample 3,Moirai,0.1358080357313156
Sample 4,Timer,0.9191793203353882
Sample 4,Time-MoE,0.08082069456577301
Sample 5,Chronos,0.9036771059036255
Sample 5,Time-MoE,0.09632284194231033
Sample 6,Chronos,0.5556396842002869
Sample 6,Moirai,0.44436028599739075
Sample 7,TimesFM,0.6947702169418335
Sample 7,Time-MoE,0.3052298128604889
Sample 8,Moirai,0.5637080669403076
Sample 8,TimesFM,0.4362919330596924
Sample 9,Timer,0.5719085931777954
Sample 9,Moirai,0.4280914068222046
Sample 10,Chronos,0.9425694346427917
Sample 10,Time-MoE,0.057430535554885864
Sample 11,Chronos,0.9847383499145508
Sample 11,Time-MoE,0.015261593274772167
Sample 12,TimesFM,0.8384647965431213
Sample 12,Chronos,0.16153518855571747
Sample 13,Timer,0.5301417708396912
Sample 13,Chronos,0.46985819935798645
Sample 14,Moirai,0.6350809335708618
Sample 14,Time-MoE,0.3649190664291382
Sample 15,TimesFM,0.8563044667243958
Sample 15,Chronos,0.14369547367095947
Sample 16,Moirai,0.5873070955276489
Sample 16,TimesFM,0.4126928746700287
Sample 17,Chronos,0.5853103399276733
Sample 17,Timer,0.4146896302700043
Sample 18,TimesFM,0.7124841809272766
Sample 18,Time-MoE,0.287515789270401
Sample 19,Chronos,0.9924752116203308
Sample 19,Moirai,0.00752472598105669
Sample 20,Chronos,0.5880316495895386
Sample 20,TimesFM,0.4119683504104614
Sample 21,Chronos,0.679320216178894
Sample 21,Moirai,0.32067978382110596
Sample 22,Moirai,0.5420602560043335
Sample 22,Timer,0.4579397737979889
Sample 23,TimesFM,0.9082172513008118
Sample 23,Timer,0.09178276360034943
Sample 24,TimesFM,0.7382645606994629
Sample 24,Moirai,0.2617354691028595
Sample 25,Chronos,0.5520870685577393
Sample 25,Timer,0.44791293144226074
Sample 26,TimesFM,0.8913489580154419
Sample 26,Chronos,0.1086510643362999
Sample 27,Chronos,0.9102820754051208
Sample 27,Timer,0.08971789479255676
Sample 28,TimesFM,0.973042368888855
Sample 28,Time-MoE,0.02695758081972599
Sample 29,Chronos,0.9225599765777588
Sample 29,Timer,0.07744001597166061
Sample 30,Moirai,0.659355878829956
Sample 30,Timer,0.34064409136772156
Sample 31,TimesFM,0.9457288980484009
Sample 31,Time-MoE,0.05427108332514763
Sample 0,Moirai,0.9345102906227112
Sample 0,TimesFM,0.06548970192670822
Sample 1,Moirai,0.5181676149368286
Sample 1,Timer,0.481832355260849
Sample 2,Timer,0.541067361831665
Sample 2,Chronos,0.45893266797065735
Sample 3,Chronos,0.920375406742096
Sample 3,Moirai,0.07962462306022644
Sample 4,Timer,0.8657317161560059
Sample 4,TimesFM,0.13426832854747772
Sample 5,Timer,0.511272132396698
Sample 5,Moirai,0.4887278378009796
Sample 6,Timer,0.701812744140625
Sample 6,Moirai,0.2981872260570526
Sample 7,TimesFM,0.8818329572677612
Sample 7,Moirai,0.11816706508398056
Sample 8,Moirai,0.989282488822937
Sample 8,TimesFM,0.010717498138546944
Sample 9,Timer,0.6009754538536072
Sample 9,Moirai,0.39902451634407043
Sample 10,TimesFM,0.9836735725402832
Sample 10,Moirai,0.01632644608616829
Sample 11,Chronos,0.8755911588668823
Sample 11,TimesFM,0.12440887838602066
Sample 12,Chronos,0.5929902791976929
Sample 12,TimesFM,0.4070097506046295
Sample 13,Moirai,0.8018595576286316
Sample 13,Chronos,0.19814042747020721
Sample 14,Time-MoE,0.505078911781311
Sample 14,Timer,0.49492108821868896
Sample 15,TimesFM,0.66668301820755
Sample 15,Timer,0.33331695199012756
Sample 16,Moirai,0.9724829792976379
Sample 16,Chronos,0.027517074719071388
Sample 17,Timer,0.5428028106689453
Sample 17,Chronos,0.4571971595287323
Sample 18,Moirai,0.5173454284667969
Sample 18,Timer,0.48265454173088074
Sample 19,Chronos,0.9889633655548096
Sample 19,Time-MoE,0.011036640033125877
Sample 20,Chronos,0.5839459896087646
Sample 20,TimesFM,0.41605404019355774
Sample 21,Chronos,0.5217362642288208
Sample 21,Moirai,0.4782637655735016
Sample 22,Timer,0.5989412069320679
Sample 22,Moirai,0.40105879306793213
Sample 23,TimesFM,0.9598267078399658
Sample 23,Time-MoE,0.040173277258872986
Sample 24,Moirai,0.7264700531959534
Sample 24,TimesFM,0.273529976606369
Sample 25,Timer,0.715867817401886
Sample 25,Chronos,0.2841322124004364
Sample 26,Timer,0.621384859085083
Sample 26,Moirai,0.378615140914917
Sample 27,Chronos,0.964386522769928
Sample 27,Timer,0.03561348468065262
Sample 28,TimesFM,0.9565106630325317
Sample 28,Time-MoE,0.043489307165145874
Sample 29,TimesFM,0.8061789274215698
Sample 29,Timer,0.1938210427761078
Sample 30,Timer,0.6309014558792114
Sample 30,Moirai,0.36909860372543335
Sample 31,TimesFM,0.9094409942626953
Sample 31,Moirai,0.09055906534194946
Sample 0,TimesFM,0.9072526097297668
Sample 0,Moirai,0.09274747222661972
Sample 1,Timer,0.5717857480049133
Sample 1,Moirai,0.4282142221927643
Sample 2,Timer,0.7065229415893555
Sample 2,Time-MoE,0.29347699880599976
Sample 3,Chronos,0.8734142780303955
Sample 3,Moirai,0.1265857070684433
Sample 4,TimesFM,0.9279070496559143
Sample 4,Chronos,0.07209301739931107
Sample 5,Moirai,0.5977001190185547
Sample 5,Chronos,0.4022998511791229
Sample 6,Moirai,0.8002210855484009
Sample 6,Time-MoE,0.19977891445159912
Sample 7,TimesFM,0.8761168718338013
Sample 7,Time-MoE,0.12388309091329575
Sample 8,TimesFM,0.5704160332679749
Sample 8,Moirai,0.42958399653434753
Sample 9,Moirai,0.6017442345619202
Sample 9,Timer,0.39825573563575745
Sample 10,Timer,0.8224542140960693
Sample 10,Moirai,0.17754578590393066
Sample 11,Chronos,0.8040217161178589
Sample 11,Time-MoE,0.1959783136844635
Sample 12,Time-MoE,0.5992879867553711
Sample 12,Chronos,0.4007119834423065
Sample 13,Chronos,0.9576559066772461
Sample 13,Time-MoE,0.04234407842159271
Sample 14,TimesFM,0.9431068301200867
Sample 14,Time-MoE,0.05689314752817154
Sample 15,TimesFM,0.7811840176582336
Sample 15,Timer,0.21881596744060516
Sample 16,TimesFM,0.914168655872345
Sample 16,Moirai,0.08583131432533264
Sample 17,Moirai,0.6195152401924133
Sample 17,Timer,0.3804847300052643
Sample 18,TimesFM,0.9705370664596558
Sample 18,Chronos,0.02946293354034424
Sample 19,Chronos,0.7320892810821533
Sample 19,Moirai,0.2679106593132019
Sample 20,Moirai,0.5049562454223633
Sample 20,Chronos,0.4950437843799591
Sample 21,Moirai,0.5326515436172485
Sample 21,Timer,0.46734848618507385
Sample 22,Timer,0.6930025815963745
Sample 22,Time-MoE,0.3069973886013031
Sample 23,TimesFM,0.9623106122016907
Sample 23,Time-MoE,0.03768935799598694
Sample 24,Moirai,0.9820739030838013
Sample 24,TimesFM,0.01792612299323082
Sample 25,Moirai,0.6120240092277527
Sample 25,Chronos,0.3879759609699249
Sample 26,TimesFM,0.8324188590049744
Sample 26,Moirai,0.16758114099502563
Sample 27,Chronos,0.5480064153671265
Sample 27,Moirai,0.45199355483055115
Sample 28,Chronos,0.7247000932693481
Sample 28,Moirai,0.27529990673065186
Sample 29,Timer,0.7035349011421204
Sample 29,Time-MoE,0.29646506905555725
Sample 30,Moirai,0.8862716555595398
Sample 30,Time-MoE,0.11372840404510498
Sample 31,Timer,0.5040988326072693
Sample 31,Time-MoE,0.4959011375904083
Sample 0,Moirai,0.9538806676864624
Sample 0,Chronos,0.0461193211376667
Sample 1,Timer,0.6183409094810486
Sample 1,Chronos,0.38165906071662903
Sample 2,TimesFM,0.928443968296051
Sample 2,Moirai,0.07155611366033554
Sample 3,Chronos,0.959433913230896
Sample 3,Time-MoE,0.040566056966781616
Sample 4,Chronos,0.9854577779769897
Sample 4,Time-MoE,0.014542152173817158
Sample 5,Moirai,0.7092757821083069
Sample 5,Chronos,0.2907242178916931
Sample 6,Chronos,0.768202543258667
Sample 6,Timer,0.2317974716424942
Sample 7,TimesFM,0.8880868554115295
Sample 7,Timer,0.11191314458847046
Sample 8,Moirai,0.6656721830368042
Sample 8,TimesFM,0.3343277871608734
Sample 9,Timer,0.5504110455513
Sample 9,Moirai,0.4495888948440552
Sample 10,Timer,0.9464187622070312
Sample 10,Moirai,0.05358128622174263
Sample 11,Chronos,0.9303416609764099
Sample 11,Moirai,0.06965838372707367
Sample 12,TimesFM,0.8268442749977112
Sample 12,Chronos,0.17315572500228882
Sample 13,Moirai,0.5026858448982239
Sample 13,Chronos,0.49731412529945374
Sample 14,Moirai,0.642959475517273
Sample 14,Timer,0.35704052448272705
Sample 15,TimesFM,0.9647509455680847
Sample 15,Timer,0.035249076783657074
