,Modelo,Etanolhidratado,Gasolinac,Gasolinadeaviacao,Glp,Oleocombustivel,Oleodiesel,Querosenedeaviacao,Queroseneiluminante
0,Moirai,40.7994,6.8663,14.079,6.6622,4.967276050309448e+19,19.2691,30.567,2.1707046034341888e+18
1,Chronos,16.0106,5.1786,18.0182,3.0222,5.277319431486177e+19,12.8963,32.6395,0.0
2,TimesFM,7.1602,8.179,23.2777,3.5057,3.723197541337006e+19,15.5264,33.4715,2167526758809600.0
3,Timer,11.077,11.8575,18.7586,2.1901,5.382971503799173e+19,17.0049,31.283,7.620588927451136e+17
4,Time-MoE,12.6276,10.9997,20.6236,6.4109,5.9911213494462054e+19,29.7871,35.4905,5.647589936463872e+17
5,My-MoE,12.4571,5.4794,20.3285,4.266,3.804869608645591e+19,14.8803,33.4555,1.2403737775570944e+18
6,Mean Foundation Models,15.2711,7.6583,18.6808,3.0866,5.068377175275602e+19,18.8967,31.8981,4.38503276019712e+17
