,Modelo,Etanolhidratado,Gasolinac,Gasolinadeaviacao,Glp,Oleocombustivel,Oleodiesel,Querosenedeaviacao,Queroseneiluminante
0,Moirai,60.1033,6.0008,113.3478,4.4777,2.716593615315927e+19,12.9728,35.6649,1.17564797616128e+18
1,Chronos,60.4216,7.0361,99.662,5.7027,0.0,8.7848,29.2673,9.89806687420416e+16
2,TimesFM,34.3432,10.7327,103.7895,4.73,3.024596232044544e+17,8.7731,33.0789,8.82360966971392e+16
3,Timer,27.471,8.8231,226.8007,5.6738,1.4534191878242304e+18,10.051,30.1926,4.3109686261579776e+18
4,Time-MoE,38.1842,11.5077,105.4862,3.2067,4.255164975074509e+18,10.4405,28.3794,2.848205629607117e+18
5,My-MoE,38.1093,8.1722,103.8729,5.903,8.82942196842496e+17,8.9576,32.4637,1.5872641126629376e+18
6,Mean Foundation Models,43.2687,8.1519,120.7646,4.2498,4.0212451647553536e+18,9.9966,31.3166,1.6994286868365312e+18
