,Modelo,Etanolhidratado,Gasolinac,Gasolinadeaviacao,Glp,Oleocombustivel,Oleodiesel,Querosenedeaviacao,Queroseneiluminante
0,Moirai,43.2347,5.5525,44.8171,5.582,1.2314342111523635e+19,10.0942,8.5258,3.553358514225152e+18
1,Chronos,44.1,4.8382,40.7137,5.6755,6.48947882262528e+16,7.1641,7.7506,2885439560089600.0
2,TimesFM,46.7234,4.9592,41.2563,4.849,9316123803648000.0,7.6395,5.2525,4.07376272293888e+16
3,Timer,45.6759,4.4756,37.1453,5.1455,1.383446815440896e+17,8.5558,7.6986,1.666297121210368e+17
4,Time-MoE,46.4426,9.8097,34.5771,5.6843,1.326013573234688e+17,7.3558,10.4632,2.720182371876864e+17
5,My-MoE,42.7517,4.9453,38.461,5.1867,2.16295089897472e+16,7.7559,5.2928,1.70238612078592e+17
6,Mean Foundation Models,45.2353,3.9632,39.0344,5.3513,2.519640201966387e+18,6.8795,6.0357,8.037968480567296e+17
