,Modelo,Etanolhidratado,Gasolinac,Gasolinadeaviacao,Glp,Oleocombustivel,Oleodiesel,Querosenedeaviacao,Queroseneiluminante
0,Moirai,44.7499,5.5208,45.5364,5.63,4.626956242072371e+18,10.4789,6.4718,2.615979754389504e+18
1,Chronos,44.1,4.8382,40.7137,5.6755,6.48947882262528e+16,7.1641,7.7506,2885439560089600.0
2,TimesFM,46.7234,4.9592,41.2563,4.849,9316123803648000.0,7.6395,5.2525,4.07376272293888e+16
3,Timer,42.4153,4.0173,35.5135,4.7107,2.003438095302656e+17,7.8827,9.0686,1.13811465961472e+17
4,Time-MoE,46.4426,9.8097,34.5771,5.6843,1.326013573234688e+17,7.3558,10.4632,2.720182371876864e+17
5,My-MoE,41.918,4.8871,38.6629,5.309,2.16295089897472e+16,7.7559,5.2213,1.954127441559552e+17
6,Mean Foundation Models,44.8863,3.9114,38.1122,5.3099,9.94562491285504e+17,6.7306,5.8551,6.064382152802304e+17
