,Modelo,Etanolhidratado,Gasolinac,Gasolinadeaviacao,Glp,Oleocombustivel,Oleodiesel,Querosenedeaviacao,Queroseneiluminante
0,Moirai,16.9506,6.772,33.1382,4.2363,2.549488463736996e+19,15.0702,87.4666,8.084526892423578e+18
1,Chronos,14.4188,6.0488,22.9302,3.8081,4.020089389056e+17,9.4066,84.7894,0.0
2,TimesFM,12.2169,7.1479,26.4177,3.0344,1.3324871465854566e+19,7.0752,90.4802,3.92909346045952e+16
3,Timer,10.5308,6.9455,31.512,3.2217,4.541090568695972e+19,6.9853,80.6669,3.65066985668608e+17
4,Time-MoE,12.3549,8.2728,37.0347,3.2242,4.582130870994862e+19,15.7613,67.1369,1.9590335827017728e+18
5,My-MoE,11.8124,7.6102,28.0372,3.3489,1.4687257425975706e+19,7.9468,85.9537,9.851037921837056e+17
6,Mean Foundation Models,11.6003,6.8065,29.8287,2.8496,2.592404464153395e+19,7.9927,81.2013,1.8645707162386432e+18
