,Modelo,Etanolhidratado,Gasolinac,Gasolinadeaviacao,Glp,Oleocombustivel,Oleodiesel,Querosenedeaviacao,Queroseneiluminante
0,Moirai,45.2637,10.5491,45.0442,6.9106,5233.0837,5.3734,13.6186,1.917193272950784e+17
1,Chronos,35.2468,7.7613,24.8736,3.2363,2877.9999,6.1441,16.2311,0.0
2,TimesFM,26.5151,12.697,49.2636,2.9039,3529.81,8.7606,7.2015,0.0
3,Timer,25.5087,11.6497,67.5532,2.7942,5840.1241,5.9073,9.4021,1.3221639135166464e+18
4,Time-MoE,27.96,8.5937,52.9278,2.7825,4398.2174,6.8233,9.1839,3.034681298439373e+18
5,My-MoE,34.7689,8.5169,52.9671,4.1649,2792.285,4.1248,12.2592,6.416709594382336e+17
6,Mean Foundation Models,30.4142,10.0937,46.0097,3.3655,4375.8469,4.165,10.5294,3.16822557556736e+17
