,Modelo,Etanolhidratado,Gasolinac,Gasolinadeaviacao,Glp,Oleocombustivel,Oleodiesel,Querosenedeaviacao,Queroseneiluminante
0,Moirai,31.7123,10.5618,4.383325242261504e+17,5.8773,175.3022,13.809,12.1855,1.6853128473214976e+18
1,Chronos,33.0476,8.9164,3.370016829341696e+17,3.3259,58.0624,5.3238,19.6262,0.0
2,TimesFM,25.7126,12.3776,3.557980167471104e+17,4.6778,66.5361,5.3587,14.3182,1.78888676212736e+17
3,Timer,22.702,11.1143,4.65089123581952e+17,3.6058,98.5661,5.8475,12.1115,4.05547287314432e+16
4,Time-MoE,21.1929,12.6134,5.07847938932736e+17,6.1603,51.3461,6.5914,22.0942,9.784377881919488e+17
5,My-MoE,23.5814,8.6825,3.711167692275712e+17,4.74,64.4571,6.1629,14.9041,3.393486678130688e+17
6,Mean Foundation Models,23.2831,10.9137,4.208138894966784e+17,4.4265,83.475,6.525,12.8413,5.239949758562304e+17
