,Modelo,Etanolhidratado,Gasolinac,Gasolinadeaviacao,Glp,Oleocombustivel,Oleodiesel,Querosenedeaviacao,Queroseneiluminante
0,Moirai,19.6494,2.5432,3.020004321447117e+18,3.6547,416.2668,4.5615,5.1519,1.1161627864858624e+18
1,Chronos,10.0773,1.922,2.731771857941299e+18,2.0795,100.6558,2.7649,7.1842,0.0
2,TimesFM,12.0739,3.4198,2.756334775907123e+18,2.3936,100.0,2.6772,3.5927,0.0
3,Timer,12.6434,4.7152,3.301527616539853e+18,2.4008,218.9702,4.3332,6.5456,3.733083836645376e+17
4,Time-MoE,15.1879,12.3644,2.9629418154491904e+18,2.7601,462.4371,4.3069,3.0059,4.560843488362496e+17
5,My-MoE,11.9914,2.5259,3.035704574397645e+18,2.5234,98.9191,3.3638,7.4456,1.59840362037248e+17
6,Mean Foundation Models,11.9099,3.8231,2.9545159486078976e+18,2.1096,168.0545,3.3419,4.5828,2.98896706240512e+17
