,Modelo,Etanolhidratado,Gasolinac,Gasolinadeaviacao,Glp,Oleocombustivel,Oleodiesel,Querosenedeaviacao,Queroseneiluminante
0,Moirai,20.9759,13.8781,27.4301,4.6456,33.4123,11.1908,21.5973,7.576419483779072e+17
1,Chronos,21.2668,13.0247,26.368,3.9345,8.7329,7.3036,19.8822,0.0
2,TimesFM,13.3761,16.1839,29.1328,3.5772,30.6369,6.6908,17.5742,0.0
3,Timer,14.7581,14.787,26.8565,2.5165,34.8654,9.0869,18.5198,9.408959085543424e+17
4,Time-MoE,13.7721,15.8219,27.8399,3.5283,50.3827,20.7303,17.1783,5.74215384203264e+17
5,My-MoE,15.4769,14.2996,28.1612,4.1129,30.4998,7.6255,17.569,3.808210062409728e+17
6,Mean Foundation Models,16.7948,14.7391,26.5966,3.1998,30.0723,9.6553,17.734,1.99908447485952e+17
