,Modelo,Etanolhidratado,Gasolinac,Gasolinadeaviacao,Glp,Oleocombustivel,Oleodiesel,Querosenedeaviacao,Queroseneiluminante
0,Moirai,9.7433,6.0162,2.5095543302651904e+18,5.4973,1.7445969895777894e+19,16.3674,18.0241,4.878433878697574e+18
1,Chronos,23.7906,5.3266,2.2536582460342272e+18,4.5171,8.89832465235968e+16,5.9232,9.6336,869534007296000.0
2,TimesFM,15.2567,4.1729,1.8923353175752704e+18,4.7556,1.35702536781824e+16,6.3291,17.8158,2.5128855404544e+16
3,Timer,9.3771,6.2379,1.991344406921216e+18,3.9646,4.0304711303168e+17,4.289,20.8398,5.35922261098496e+17
4,Time-MoE,8.412,19.5022,2.02395501985792e+18,4.6068,0.0,3.4847,21.1694,2.66378837753856e+17
5,My-MoE,14.4175,5.0076,2.0682346294411264e+18,4.4595,8.9461585084416e+16,5.3907,15.887,4.358548649672704e+17
6,Mean Foundation Models,12.8382,7.5108,2.1341694641307648e+18,4.5508,3.4993228864290816e+18,6.9832,15.9329,1.1338683596668928e+18
