,Modelo,Etanolhidratado,Gasolinac,Gasolinadeaviacao,Glp,Oleocombustivel,Oleodiesel,Querosenedeaviacao,Queroseneiluminante
0,Moirai,41.6237,8.9527,25.8861,6.5456,191.4842,12.3212,26.8737,2.0450252704186368e+18
1,Chronos,40.4036,8.7665,19.5287,2.3578,243.1123,9.4229,26.7159,6.27958578413568e+16
2,TimesFM,25.5564,16.2724,19.5862,3.0275,268.0161,9.6462,25.6073,4.6952582479872e+16
3,Timer,29.9889,10.6102,21.7958,2.7024,173.9152,7.0874,28.0466,7.125860234559488e+17
4,Time-MoE,34.6981,14.871,20.3048,1.9248,167.0457,23.3471,26.6714,2.0318777312804864e+18
5,My-MoE,31.7696,9.7289,20.4754,2.0068,229.3613,9.0036,27.61,1.044827567292416e+18
6,Mean Foundation Models,34.2299,11.6566,19.2748,2.651,207.3741,12.365,26.783,9.659175290273792e+17
