,Modelo,Etanolhidratado,Gasolinac,Gasolinadeaviacao,Glp,Oleocombustivel,Oleodiesel,Querosenedeaviacao,Queroseneiluminante
0,Moirai,18.8531,4.1535,1.6645638603145216e+18,3.9351,1.023764952324558e+21,7.9668,25.5977,5.994968265753887e+19
1,Chronos,21.6841,2.8645,1.7980175136325632e+18,3.5286,1.5663730266629734e+19,4.3147,25.7238,1.0862478023983104e+18
2,TimesFM,24.0997,4.7366,1.6908170626596864e+18,3.3608,3.0168262603964416e+18,4.95,30.2302,8907403978342400.0
3,Timer,16.3226,3.4365,2.1893851341914112e+18,3.2097,3.4022738054086656e+19,4.8603,39.3915,7.170252479660032e+17
4,Time-MoE,16.1123,47.1704,1.8183158511960064e+18,5.4494,4.164288964649288e+19,23.2005,27.3742,4.927641319007846e+18
5,My-MoE,22.4173,2.9661,1.8087969151778816e+18,3.7781,1.7025753731511091e+19,4.7961,29.1223,4.827592632827904e+18
6,Mean Foundation Models,19.2609,11.5571,1.8322199488233472e+18,3.3094,2.2134698762683023e+20,7.6923,29.6033,1.3311762366673715e+19
