,Modelo,Etanolhidratado,Gasolinac,Gasolinadeaviacao,Glp,Oleocombustivel,Oleodiesel,Querosenedeaviacao,Queroseneiluminante
0,Moirai,32.8988,14.2908,1.1773178594459648e+18,6.6788,20.0668,12.5891,121.5966,1.9773960711307264e+18
1,Chronos,29.2106,11.8541,1.1053644870844416e+18,5.3281,19.8713,8.9496,101.101,6.219112644608e+16
2,TimesFM,34.9838,11.2924,1.1965726273306624e+18,4.9949,18.898,7.5882,128.8156,0.0
3,Timer,31.143,13.2856,1.1221541584896e+18,5.29,18.5229,8.5723,140.2039,9.236683652333568e+18
4,Time-MoE,30.3495,20.1799,1.2672265573367808e+18,12.9065,17.8841,30.2432,124.602,4.4624929248772096e+18
5,My-MoE,30.8934,12.4402,1.2471181647020032e+18,4.9696,20.1139,8.1027,125.4426,1.051087280799744e+17
6,Mean Foundation Models,31.3853,13.6156,1.1737271594123264e+18,6.9181,18.7777,12.7963,122.3148,2.568211987116851e+18
