,Modelo,Etanolhidratado,Gasolinac,Gasolinadeaviacao,Glp,Oleocombustivel,Oleodiesel,Querosenedeaviacao,Queroseneiluminante
0,Moirai,51.6914,14.5331,2.5151141654298624e+18,7.9786,7.025773215796429e+18,8.9755,200.9027,6.642863137462682e+18
1,Chronos,46.143,12.7557,2.2241168167272448e+18,7.1718,5.33010441043968e+16,5.1571,213.8896,1591773075865600.0
2,TimesFM,44.2517,12.918,2.0601620236599296e+18,7.1012,1.81590328082432e+16,7.122,217.7135,5.07860823834624e+16
3,Timer,46.8807,12.6336,2.354277948116173e+18,7.7098,1.038651068776448e+17,6.3012,227.5576,1.27372355436544e+18
4,Time-MoE,51.6806,15.3017,2.0103489929609216e+18,7.4531,2.1141573861376e+16,6.4653,226.4687,3.245931466063872e+17
5,My-MoE,46.3737,12.7841,1.9944704988676096e+18,6.8652,3.656148892778496e+17,6.644,217.5353,2.368989338533888e+17
6,Mean Foundation Models,47.0674,12.2754,2.232804247076864e+18,7.4587,1.3998921915301888e+18,6.4867,216.8899,1.6554002254659584e+18
