,Modelo,Etanolhidratado,Gasolinac,Gasolinadeaviacao,Glp,Oleocombustivel,Oleodiesel,Querosenedeaviacao,Queroseneiluminante
0,Moirai,65.4321,5.5256,4.0033579144577024e+18,3.6269,3.2811290988642304e+18,8.0322,10.9251,7.201947727691776e+17
1,Chronos,37.8389,4.1973,2.9613870372880384e+18,3.1163,6527348270694400.0,4.6994,11.6713,0.0
2,TimesFM,52.7482,5.5742,3.555688533983232e+18,3.0853,1451242605772800.0,3.6483,11.3323,944491305369600.0
3,Timer,39.4745,3.6031,3.630766495052595e+18,3.3919,2.28021692792832e+17,3.764,11.807,6257113038848000.0
4,Time-MoE,38.4864,20.843,3.6091958808018944e+18,4.5391,1.800162125021184e+17,9.0961,17.2378,9494787732275200.0
5,My-MoE,35.998,3.438,3.169628956131328e+18,2.8373,1.664073401892864e+17,3.4008,12.0101,5.45398301130752e+16
6,Mean Foundation Models,46.6153,4.8038,3.552078828719309e+18,3.2959,7.378798911684608e+17,3.7039,11.2296,1.46111968837632e+17
