,Modelo,Etanolhidratado,Gasolinac,Gasolinadeaviacao,Glp,Oleocombustivel,Oleodiesel,Querosenedeaviacao,Queroseneiluminante
0,Moirai,7.1527,4.8034,57.9305,3.121,33.22,6.7028,7.0908,2.729079987188531e+18
1,Chronos,10.7692,3.5195,36.8598,3.1374,44.2126,3.8985,3.6047,0.0
2,TimesFM,6.2185,6.9724,38.1819,2.4904,35.6988,3.99,4.0465,8.4503078895616e+17
3,Timer,17.2473,3.9207,39.2304,3.8583,34.9996,4.2437,4.0675,4.4549501033119744e+18
4,Time-MoE,5.1675,18.2755,38.5606,19.6956,33.8089,43.689,3.9881,2.2317893463048192e+18
5,My-MoE,10.1539,4.1422,40.3884,2.5071,36.7445,4.0171,4.0574,2.437054423315251e+18
6,Mean Foundation Models,7.4071,6.9909,40.8663,5.1719,36.2543,10.3971,3.5318,1.805167238316032e+18
