,Modelo,Etanolhidratado,Gasolinac,Gasolinadeaviacao,Glp,Oleocombustivel,Oleodiesel,Querosenedeaviacao,Queroseneiluminante
0,Moirai,9.7932,5.4373,2.395114067669811e+18,5.259,8.977784741717606e+18,15.9966,24.6925,5.115319793431347e+18
1,Chronos,23.7906,5.3266,2.2536582460342272e+18,4.5171,8.89832465235968e+16,5.9232,9.6336,869534007296000.0
2,TimesFM,15.2567,4.1729,1.8923353175752704e+18,4.7556,1.35702536781824e+16,6.3291,17.8158,2.5128855404544e+16
3,Timer,8.1486,5.5886,1.98978855501824e+18,4.2981,1.28350265802752e+17,4.0915,22.9289,8.890513583243264e+17
4,Time-MoE,8.412,19.5022,2.02395501985792e+18,4.6068,0.0,3.4847,21.1694,2.66378837753856e+17
5,My-MoE,13.0382,5.0426,2.0621420035833856e+18,4.4794,1.467745883389952e+17,5.5649,15.1703,4.955126854844416e+17
6,Mean Foundation Models,12.0881,7.2823,2.1109701982814208e+18,4.5457,1.750746244579328e+18,6.6766,17.6597,1.251871297634304e+18
