,Modelo,Etanolhidratado,Gasolinac,Gasolinadeaviacao,Glp,Oleocombustivel,Oleodiesel,Querosenedeaviacao,Queroseneiluminante
0,Moirai,51.1208,14.1956,2.2073174816456704e+18,7.7743,8.464354902225715e+18,11.4903,209.0371,7.128374401040384e+18
1,Chronos,46.143,12.7557,2.2241168167272448e+18,7.1718,5.33010441043968e+16,5.1571,213.8896,1591773075865600.0
2,TimesFM,44.2517,12.918,2.0601620236599296e+18,7.1012,1.81590328082432e+16,7.122,217.7135,5.07860823834624e+16
3,Timer,45.8459,12.6619,2.1622772333543424e+18,7.3837,1.55329102872576e+17,7.0033,221.0604,1.0877159295942656e+18
4,Time-MoE,51.6806,15.3017,2.0103489929609216e+18,7.4531,2.1141573861376e+16,6.4653,226.4687,3.245931466063872e+17
5,My-MoE,46.3737,12.8916,2.0103210756734976e+18,6.777,6.21412242948096e+17,6.6631,217.5353,2.368989338533888e+17
6,Mean Foundation Models,46.7704,12.204,2.1328444667199488e+18,7.3526,1.6978019679731712e+18,7.1954,217.2174,1.7153005237305344e+18
