,Modelo,Etanolhidratado,Gasolinac,Gasolinadeaviacao,Glp,Oleocombustivel,Oleodiesel,Querosenedeaviacao,Queroseneiluminante
0,Moirai,47.8663,7.4189,4.254359668706509e+18,5.6436,7.652148239767962e+18,18.7438,30.7838,6.411131612980838e+18
1,Chronos,33.2049,4.4351,4.0701553933287424e+18,4.0242,5.89128785723392e+16,7.2237,23.206,0.0
2,TimesFM,23.3176,3.9236,3.890587535147008e+18,4.9419,1179415950131200.0,2.4832,31.838,2.01285169053696e+16
3,Timer,27.5384,4.634,4.1237136355098624e+18,3.4936,3.005970301059072e+17,3.1796,30.0693,7.268357585764352e+17
4,Time-MoE,36.1571,13.3242,4.295570738905088e+18,3.0123,4121504304332800.0,3.0257,30.9877,1.945364231880704e+17
5,My-MoE,36.0755,4.9873,3.930340893445325e+18,5.0892,1614245527552000.0,2.5179,31.619,2.360917215936512e+17
6,Mean Foundation Models,32.8179,5.9276,4.126877308420096e+18,4.0513,1.5537440404013056e+18,6.2443,28.8119,1.4614520651579392e+18
