,Modelo,Etanolhidratado,Gasolinac,Gasolinadeaviacao,Glp,Oleocombustivel,Oleodiesel,Querosenedeaviacao,Queroseneiluminante
0,Moirai,39.7034,7.295,22.7749,5.7642,1.8372392623538176e+20,6.6066,5.5416,1.7983883840585728e+18
1,Chronos,42.3587,5.5193,38.1831,4.0134,1.4921157565344645e+20,7.2077,3.7733,4.9147025555456e+16
2,TimesFM,39.9701,3.3866,32.3517,3.7439,8.830544157480059e+19,5.8762,9.0046,8.3333
3,Timer,37.036,3.1791,33.2027,3.982,2.5242148145830298e+20,7.214,5.2047,1.670544709648384e+17
4,Time-MoE,39.3853,8.4501,33.6796,3.8908,2.169878913151402e+20,30.7612,5.4446,1.4250168912183296e+18
5,My-MoE,37.8889,3.3715,24.7633,3.5527,1.1729348152556257e+20,5.8362,8.6081,3.63772287909888e+16
6,Mean Foundation Models,39.5434,3.3813,31.3302,3.7206,1.7813006462180393e+20,11.0866,3.9999,5.285039935848448e+17
