,Modelo,Etanolhidratado,Gasolinac,Gasolinadeaviacao,Glp,Oleocombustivel,Oleodiesel,Querosenedeaviacao,Queroseneiluminante
0,Moirai,38.3078,9.1877,1.043332381802496e+18,13.9313,756.6406,15.9624,19.6107,2.437649705782477e+18
1,Chronos,32.5473,7.7251,9.917211556708352e+17,10.0111,49.5103,14.2396,28.1188,4359606553804800.0
2,TimesFM,33.7988,11.1252,7.94963818315776e+17,10.147,117.1561,15.6127,25.4281,1.81272668274688e+16
3,Timer,35.9447,9.9256,1.1729331273334784e+18,10.1372,200.6672,16.0772,28.2326,5.74910632034304e+17
4,Time-MoE,34.4529,10.2605,1.148671286575104e+18,12.7762,1330.2995,19.644,22.4147,2.170198253633536e+17
5,My-MoE,33.8746,7.235,9.36245425340416e+17,10.2828,154.4526,14.8997,22.9659,3.20507270397952e+16
6,Mean Foundation Models,34.4105,9.33,1.0303243217272832e+18,11.3983,437.8151,16.3072,24.625,6.274417327865856e+17
