,Modelo,Etanolhidratado,Gasolinac,Gasolinadeaviacao,Glp,Oleocombustivel,Oleodiesel,Querosenedeaviacao,Queroseneiluminante
0,Moirai,38.7702,4.0755,3.256243682541568e+17,4.8367,180.943,5.4992,17.5345,2.961973729820672e+18
1,Chronos,30.7477,5.6371,9.41432739201024e+16,3.8655,43.3588,3.7071,14.9095,0.0
2,TimesFM,31.429,6.9733,1.276061492969472e+17,3.0999,82.7358,3.7268,18.2586,1.099096089690112e+17
3,Timer,29.1056,8.2659,3.821916645228544e+17,2.9164,348.5362,3.7747,20.1151,1.54442728996864e+17
4,Time-MoE,33.5862,12.1281,4.093359383642112e+17,4.2749,316.8003,5.3722,19.5874,1.512797003317248e+17
5,My-MoE,37.3686,5.5379,1.659879097892864e+17,3.8582,56.1754,3.3857,18.4,2.238878404575232e+17
6,Mean Foundation Models,32.314,6.6733,2.677802855825408e+17,2.9702,100.9371,3.9363,17.8985,6.527579343290368e+17
