,Modelo,Etanolhidratado,Gasolinac,Gasolinadeaviacao,Glp,Oleocombustivel,Oleodiesel,Querosenedeaviacao,Queroseneiluminante
0,Moirai,30.0195,10.7214,4.88657756618752e+17,5.6321,153.9424,13.3939,11.996,1.676426130489344e+18
1,Chronos,33.0476,8.9164,3.370016829341696e+17,3.3259,58.0624,5.3238,19.6262,0.0
2,TimesFM,25.7126,12.3776,3.557980167471104e+17,4.6778,66.5361,5.3587,14.3182,1.78888676212736e+17
3,Timer,21.7966,12.0074,4.428048736714752e+17,3.361,84.8929,6.1112,16.5842,1.115090212356096e+17
4,Time-MoE,21.1929,12.6134,5.07847938932736e+17,6.1603,51.3461,6.5914,22.0942,9.784377881919488e+17
5,My-MoE,24.079,8.5251,3.958117305942016e+17,4.6704,64.4571,6.3303,14.3829,3.393486678130688e+17
6,Mean Foundation Models,23.8915,11.1485,4.264220430434304e+17,4.2363,74.9298,6.6137,13.8878,5.393161979428864e+17
