,Modelo,Etanolhidratado,Gasolinac,Gasolinadeaviacao,Glp,Oleocombustivel,Oleodiesel,Querosenedeaviacao,Queroseneiluminante
0,Moirai,52.1588,14.9117,5.649113039241216e+17,9.9732,52.6247,19.6271,403.1128,2.1633383050248192e+18
1,Chronos,46.203,13.1009,6.003007070142464e+17,5.5434,71.603,8.0595,344.3961,0.0
2,TimesFM,44.6886,12.6872,4.5237816786944e+17,6.0215,61.4945,8.4531,303.7634,8.00525331202048e+16
3,Timer,45.6265,12.4656,6.048821486288896e+17,5.8072,29.6497,7.7206,324.8916,1.983457370570752e+17
4,Time-MoE,38.4918,15.4607,5.3378121990144e+17,8.6304,39.2715,8.4476,358.7048,2.4285168873242624e+18
5,My-MoE,37.142,11.9719,5.287422568955904e+17,5.3047,53.2977,8.1453,334.1846,1.3322761992667136e+18
6,Mean Foundation Models,44.7077,12.663,5.512506772553728e+17,7.1137,35.2044,9.3824,346.8565,9.06237562585088e+17
