,Modelo,Etanolhidratado,Gasolinac,Gasolinadeaviacao,Glp,Oleocombustivel,Oleodiesel,Querosenedeaviacao,Queroseneiluminante
0,Moirai,51.672,29.8932,1.7085770745511936e+18,6.563,104.0457,10.7202,304.4338,1.1111436877037568e+18
1,Chronos,48.5846,28.8134,1.403811671310336e+18,5.0091,100.0,14.285,312.0474,0.0
2,TimesFM,51.1295,28.4732,1.7619012410146816e+18,4.1688,99.0202,14.6086,318.5812,0.0
3,Timer,52.3043,27.6008,2.593089940933837e+18,3.1557,86.1529,11.7079,342.7983,4.376750989508608e+17
4,Time-MoE,45.4837,19.6468,1.6356922311573504e+18,3.7019,194.0668,11.7604,334.3199,6.93526891331584e+17
5,My-MoE,49.1225,28.1204,1.731743161778176e+18,3.8998,91.5794,12.2755,343.1597,1.77662043619328e+16
6,Mean Foundation Models,49.0359,26.4193,1.8206145176928256e+18,4.0223,61.6253,12.3878,322.4361,3.64388917706752e+17
