,Modelo,Etanolhidratado,Gasolinac,Gasolinadeaviacao,Glp,Oleocombustivel,Oleodiesel,Querosenedeaviacao,Queroseneiluminante
0,Moirai,45.7214,6.9391,4.475859722095821e+18,4.8646,1.3504672540760474e+19,19.6132,33.6348,4.766343822206566e+18
1,Chronos,33.2049,4.4351,4.0701553933287424e+18,4.0242,5.89128785723392e+16,7.2237,23.206,0.0
2,TimesFM,23.3176,3.9236,3.890587535147008e+18,4.9419,1179415950131200.0,2.4832,31.838,2.01285169053696e+16
3,Timer,32.5522,4.474,4.1902005882454016e+18,3.9912,1.441688048369664e+17,2.5774,30.3499,6.816290803023872e+17
4,Time-MoE,36.1571,13.3242,4.295570738905088e+18,3.0123,4121504304332800.0,3.0257,30.9877,1.945364231880704e+17
5,My-MoE,36.0669,4.9873,3.930340893445325e+18,5.0892,1614245527552000.0,2.5179,31.6408,2.31249629151232e+17
6,Mean Foundation Models,33.4112,5.8225,4.184474967343104e+18,4.0337,2.6929631776997376e+18,6.0464,29.3814,1.12345338609664e+18
