,Modelo,Etanolhidratado,Gasolinac,Gasolinadeaviacao,Glp,Oleocombustivel,Oleodiesel,Querosenedeaviacao,Queroseneiluminante
0,Moirai,49.4936,17.4846,1738.9536,6.5405,1.558935689494528e+18,12.3114,137.8811,1.93825968488448e+18
1,Chronos,42.5925,14.0323,1470.4629,4.0364,1.1651433451487232e+18,8.0266,128.3654,0.0
2,TimesFM,39.5796,14.7799,1640.6794,3.4322,1.308624995483648e+18,7.6545,130.3201,0.0
3,Timer,37.5787,16.1234,1640.0583,2.9947,3.2703197399220224e+18,8.6949,137.4594,1.4803240440823808e+18
4,Time-MoE,36.1985,23.4451,1705.3089,9.9953,2.5882067778666496e+18,23.0229,126.3567,1.6578688652935168e+18
5,My-MoE,48.8001,15.5516,1665.9254,2.8461,2.364192880118989e+18,8.002,128.6665,0.0
6,Mean Foundation Models,39.5939,15.8255,1638.4897,5.1274,1.9782462599069696e+18,10.2314,131.8878,2.719928431935488e+17
