,Modelo,Etanolhidratado,Gasolinac,Gasolinadeaviacao,Glp,Oleocombustivel,Oleodiesel,Querosenedeaviacao,Queroseneiluminante
0,Moirai,30.559,11.4597,46.5731,3.789,3.460609769209856e+18,12.161,17.5775,1.4603252804878336e+18
1,Chronos,34.2448,9.1492,46.6994,3.6456,3.843614336824115e+18,6.9484,13.2839,0.0
2,TimesFM,19.6318,10.193,57.3087,4.2155,1.9327741526540288e+18,7.778,14.5013,0.0
3,Timer,21.0812,9.8086,59.0611,5.0885,1.9663708900818944e+19,8.9889,10.3752,6.30896336044032e+17
4,Time-MoE,19.7686,15.1295,68.5363,8.654,7.126903804238234e+18,32.5268,12.3137,1.9725902174748672e+18
5,My-MoE,25.3814,9.1153,53.2895,3.426,4.892680285218406e+18,7.5429,9.1105,6086255129395200.0
6,Mean Foundation Models,23.0411,10.9294,54.8252,4.7173,7.205522321598054e+18,12.4933,11.5192,3.224176382967808e+17
