,Modelo,Etanolhidratado,Gasolinac,Gasolinadeaviacao,Glp,Oleocombustivel,Oleodiesel,Querosenedeaviacao,Queroseneiluminante
0,Moirai,22.7365,4.4919,80.9853,3.4442,16.1406,9.1235,12.8079,1.501709545242624e+18
1,Chronos,28.2602,3.5676,70.7348,2.7118,9.0386,5.4433,10.169,0.0
2,TimesFM,21.8005,2.5068,69.541,2.6986,7.2932,4.4474,15.1675,1.33986605072384e+18
3,Timer,19.1292,3.4403,72.5309,3.7019,7.49,4.7571,12.2142,6.205364024796774e+18
4,Time-MoE,17.9988,18.1416,78.9538,8.266,12.5393,29.3673,9.5591,4.517312598953165e+18
5,My-MoE,28.3646,3.5014,73.4896,2.6525,6.9032,5.2735,11.0428,1.8970640765681664e+18
6,Mean Foundation Models,21.502,3.854,74.2651,3.2577,8.8231,8.2941,11.5135,2.1813063007076352e+18
