,Modelo,Etanolhidratado,Gasolinac,Gasolinadeaviacao,Glp,Oleocombustivel,Oleodiesel,Querosenedeaviacao,Queroseneiluminante
0,Moirai,14.7172,4.8156,358.3758,5.6615,4.529013807854387e+19,6.1534,9.9763,1.2796697218383872e+18
1,Chronos,14.7175,3.9402,333.3958,2.8472,0.0,4.379,14.7814,1.024813556563968e+17
2,TimesFM,16.1597,4.2104,356.1711,2.3751,0.0,4.0523,7.4995,1.51629525417984e+16
3,Timer,16.0131,4.502,356.6821,2.4656,7.285938712267981e+18,6.9455,14.1097,4.575221213508403e+18
4,Time-MoE,15.9676,8.1232,352.7179,3.1908,1.2766828083072205e+19,5.2889,8.4043,3.0637962374938624e+18
5,My-MoE,19.1669,3.5083,355.9545,2.6729,0.0,7.0077,13.6868,1.6490942471077888e+18
6,Mean Foundation Models,15.2943,4.7655,351.2437,3.0132,1.0056078372057907e+19,4.8146,9.5864,1.7615022385528832e+18
