,Modelo,Etanolhidratado,Gasolinac,Gasolinadeaviacao,Glp,Oleocombustivel,Oleodiesel,Querosenedeaviacao,Queroseneiluminante
0,Moirai,38.4491,8.8852,55.0866,3.9779,2021.0842,9.0718,44.9265,3.6219819984420864e+18
1,Chronos,29.1398,7.4577,50.1117,2.9009,2778.887,4.5761,38.5474,0.0
2,TimesFM,22.3633,12.402,57.3549,2.1916,1851.8133,5.0334,39.9497,0.0
3,Timer,20.2555,8.6989,54.3637,2.7093,3955.7545,4.5914,37.4,3.894353362472141e+18
4,Time-MoE,23.0227,16.34,57.7593,4.308,3625.9602,8.9778,34.8575,2.0663751233503232e+18
5,My-MoE,22.6283,9.1698,53.6593,2.4095,1926.5879,4.7447,35.5474,2.1890819095003136e+18
6,Mean Foundation Models,26.1459,10.1249,52.3126,2.256,2846.6471,6.3018,39.0913,9.8378641833984e+17
