,Modelo,Etanolhidratado,Gasolinac,Gasolinadeaviacao,Glp,Oleocombustivel,Oleodiesel,Querosenedeaviacao,Queroseneiluminante
0,Moirai,25.5276,10.651,25.7168,3.954,8.149934090380902e+18,10.6803,71.2857,3.0850464471842816e+18
1,Chronos,20.0024,10.5224,21.5435,3.9497,7.429888836160717e+18,7.0666,77.5859,0.0
2,TimesFM,26.1242,9.7408,25.7747,3.1791,6.679911095861248e+18,7.1155,69.1923,4219867863449600.0
3,Timer,25.7693,10.5596,22.3651,3.0462,6.520781269054259e+18,8.3709,69.2901,6.93116185083904e+16
4,Time-MoE,27.7642,20.721,24.0033,3.1719,9.212819096050074e+18,38.7168,65.0832,9.88456121532416e+16
5,My-MoE,26.5222,10.7741,23.2818,3.5978,6.76886888799273e+18,7.3162,74.6024,6.58828051873792e+16
6,Mean Foundation Models,24.6672,10.2249,22.9537,3.428,7.59866730699817e+18,13.6639,70.4875,6.449426507759616e+17
