,Modelo,Etanolhidratado,Gasolinac,Gasolinadeaviacao,Glp,Oleocombustivel,Oleodiesel,Querosenedeaviacao,Queroseneiluminante
0,Moirai,48.534,14.4597,46.1942,6.5986,21.2638,9.2981,84.3663,2.680338550829875e+18
1,Chronos,47.8599,11.2708,32.888,7.6224,21.2071,5.9722,80.3549,0.0
2,TimesFM,40.7193,11.7164,33.1907,6.6095,20.5627,5.1749,86.2345,2.4118846264705024e+18
3,Timer,35.7328,12.528,34.2601,5.7523,19.8293,5.488,90.5683,2.313754502181683e+18
4,Time-MoE,45.0605,21.5083,35.5546,19.1887,20.7775,45.2601,87.1367,2.1960483464544256e+18
5,My-MoE,43.2828,11.8309,33.5263,5.4624,20.1785,5.6353,93.8688,2.3492594935791616e+18
6,Mean Foundation Models,42.017,13.4985,36.0038,9.1543,20.7281,12.2219,85.1768,1.6265917323280384e+18
